player_id,player,team_id,team,league,accurate_long_balls,accurate_pass,big_chance_created,clean_sheet,effective_clearance,expected_assists,expected_assists_per_90,expected_goals_per_90,fouls,goal_assist,goals_per_90,interception,ontarget_scoring_att,outfielder_block,poss_won_att_3rd,rating,saves,total_att_assist,total_scoring_att,total_tackle,won_contest,minutes_played,matches_played,position,clean_defend_rate,interception_share,progressive_pass_share,carry_to_foul_ratio,chance_quality,shot_accuracy,xg_per_shot,dribbling_isolation,goal_output,chance_creation,transition_pressing,composite_score,has_primary_season,is_manual_add
1737700,Lennart Karl,9823,Bayern München,GER-Bundesliga,2.1,49.0,4.0,0.0,0.2,3.0,0.3,0.47,0.4,2.0,0.4,1.1,1.4,0.2,1.1,7.03,0.0,15.0,3.1,2.0,1.5,905,20,Midfielder,0.8857142857142858,0.3548387096774194,0.0428571428571428,3.75,0.2,0.4516129032258064,0.1516129032258064,92.54779411764709,87.63235294117648,80.17647058823529,88.03676470588235,87.20080379208672,True,False
1156141,Jamal Musiala,9823,Bayern München,GER-Bundesliga,0.6,38.5,9.0,0.0,0.2,5.9,0.3,0.47,1.0,2.0,0.6,0.4,1.6,0.0,0.7,7.77,0.0,41.0,3.4,1.8,3.6,1804,25,Midfielder,0.6875,0.1818181818181818,0.0155844155844155,3.6,0.1439024390243902,0.4705882352941177,0.138235294117647,91.81034482758622,88.83289124668435,89.4031830238727,61.50862068965515,83.49036849305442,False,False
1297165,Bradley Barcola,9847,Paris Saint-Germain,FRA-Ligue 1,0.9,32.5,6.0,0.0,0.3,3.1,0.25,0.6,1.1,1.0,0.58,0.6,1.8,0.1,1.2,7.42,0.0,26.0,3.7,1.7,2.2,1084,19,Attacker,0.676470588235294,0.2608695652173913,0.0276923076923076,2.0,0.1192307692307692,0.4864864864864864,0.1621621621621621,83.68080693815989,93.62264003744734,83.48840172673845,68.23763457637695,82.57418734468395,True,False
1029063,Michael Olise,9823,Bayern München,GER-Bundesliga,0.9,50.3,21.0,0.0,0.3,12.4,0.69,0.44,1.3,16.0,0.56,0.6,2.0,0.0,0.9,8.18,0.0,55.0,3.7,1.1,2.3,1613,21,Attacker,0.5666666666666668,0.3529411764705882,0.0178926441351888,1.769230769230769,0.2254545454545454,0.5405405405405405,0.1189189189189189,87.34788968637854,84.71231861444845,98.20335985853228,58.86857674104124,82.4841799699146,True,False
1735453,Yan Diomande,178475,RB Leipzig,GER-Bundesliga,1.1,34.6,5.0,0.0,0.5,4.5,0.28,0.28,0.6,4.0,0.5,0.7,1.2,0.1,0.6,7.59,0.0,33.0,2.1,1.2,4.6,1449,21,Attacker,0.76,0.3684210526315789,0.0317919075144508,7.666666666666666,0.1363636363636363,0.5714285714285714,0.1333333333333333,94.38970588235291,84.30882352941177,86.44852941176472,58.90441176470589,81.68919460287434,True,False
1467236,Lamine Yamal,8634,Barcelona,ESP-La Liga,1.2,44.4,21.0,0.0,0.2,8.3,0.44,0.48,1.0,8.0,0.53,0.4,1.5,0.0,0.8,8.41,0.0,58.0,4.6,1.7,5.5,1688,20,Attacker,0.6774193548387097,0.1904761904761904,0.027027027027027,5.5,0.143103448275862,0.3260869565217391,0.1043478260869565,92.45019373797264,69.22664742289489,96.57013574660634,62.53610807718312,80.40398112915095,True,False
696263,Romain Del Castillo,8521,Brest,FRA-Ligue 1,0.9,25.8,7.0,0.0,0.7,4.0,0.22,0.39,1.2,2.0,0.38,0.9,0.5,0.1,0.9,7.35,0.0,43.0,1.2,2.4,1.1,1641,20,Attacker,0.7333333333333333,0.2727272727272727,0.0348837209302325,0.9166666666666669,0.0930232558139534,0.4166666666666667,0.325,73.55543636552764,88.50048759556874,79.21450304259635,79.97822723253758,79.80247833264342,True,False
961995,Bukayo Saka,9825,Arsenal,ENG-Premier League,0.5,24.6,9.0,0.0,0.5,5.2,0.29,0.34,1.2,3.0,0.27,0.5,1.2,0.0,1.0,7.52,0.0,44.0,2.8,1.6,2.4,1642,23,Attacker,0.6363636363636365,0.238095238095238,0.0203252032520325,2.0,0.1181818181818181,0.4285714285714286,0.1214285714285714,86.83334633588181,73.9182919852291,90.27724033910648,62.92836896031622,78.96921228370935,True,False
254308,Florian Thauvin,8588,Lens,FRA-Ligue 1,1.5,31.6,10.0,0.0,0.3,5.6,0.29,0.42,0.8,3.0,0.31,0.4,0.9,0.1,0.9,7.34,0.0,44.0,2.3,0.9,2.0,1749,22,Midfielder,0.6190476190476191,0.3076923076923077,0.0474683544303797,2.5,0.1272727272727272,0.391304347826087,0.1826086956521739,90.99431788630572,84.09557523274562,87.83296926197534,48.09584178498986,77.84549162872453,True,False
860914,Luis Diaz,9823,Bayern München,GER-Bundesliga,1.6,40.4,11.0,0.0,0.1,5.5,0.28,0.59,1.1,10.0,0.67,0.5,1.5,0.1,1.0,8.06,0.0,46.0,3.2,0.7,2.5,1750,21,Attacker,0.5217391304347826,0.4166666666666667,0.0396039603960396,2.2727272727272725,0.1195652173913043,0.46875,0.1843749999999999,84.38741743381702,91.69090341706976,82.15714880116502,51.67860300618921,77.58689368622399,True,False
385437,Serge Gnabry,9823,Bayern München,GER-Bundesliga,1.0,42.9,7.0,0.0,0.3,3.5,0.32,0.43,0.6,5.0,0.54,0.4,1.3,0.1,0.7,7.35,0.0,18.0,3.2,1.3,1.3,1002,17,Midfielder,0.7391304347826086,0.2352941176470588,0.0233100233100233,2.166666666666667,0.1944444444444444,0.40625,0.134375,80.98208248816768,84.26757294429707,87.16303895563529,55.73375331564986,77.31051257873,True,False
999690,Ilan Kebbal,6379,Paris FC,FRA-Ligue 1,3.3,51.0,6.0,0.0,0.3,4.6,0.23,0.28,0.5,4.0,0.4,0.3,0.8,0.0,0.9,7.62,0.0,45.0,2.1,1.3,1.3,1812,21,Midfielder,0.7619047619047619,0.1874999999999999,0.0647058823529411,2.6,0.1022222222222222,0.3809523809523809,0.1333333333333333,86.30147058823528,76.45220588235294,80.80147058823529,60.45220588235294,76.69908992290138,True,False
1613676,Said El Mala,8722,1. FC Köln,GER-Bundesliga,0.2,14.0,4.0,0.0,0.2,1.4,0.12,0.52,0.7,2.0,0.61,0.3,1.6,0.0,1.0,6.8,0.0,10.0,3.8,1.4,2.6,1041,22,Attacker,0.7083333333333334,0.1764705882352941,0.0142857142857142,3.714285714285715,0.1399999999999999,0.4210526315789474,0.1368421052631579,95.05514705882354,87.37867647058823,60.34558823529412,60.540441176470594,75.91272030908017,True,False
696679,Raphinha,8634,Barcelona,ESP-La Liga,1.6,34.6,9.0,0.0,0.6,4.5,0.43,0.62,0.7,3.0,0.77,0.2,1.1,0.0,0.5,7.81,0.0,31.0,4.2,0.9,1.3,936,15,Attacker,0.6111111111111112,0.1818181818181818,0.0462427745664739,1.8571428571428568,0.1451612903225806,0.2619047619047619,0.1476190476190476,88.59378088105268,83.34881936859624,91.26936079471577,42.50899126228741,75.89676168643332,True,False
784246,Daniel Raba,7854,Leganés,ESP-La Liga,1.0,19.0,12.0,0.0,0.8,4.6,0.22,0.36,1.9,6.0,0.38,0.7,0.8,0.1,0.8,7.3,0.0,47.0,2.1,1.8,2.2,1890,29,Attacker,0.5681818181818181,0.2799999999999999,0.0526315789473684,1.1578947368421053,0.0978723404255319,0.3809523809523809,0.1714285714285714,74.38660477453581,82.05570291777188,78.40185676392572,67.0026525198939,75.64419399766328,False,False
516846,Julian Brandt,9789,Borussia Dortmund,GER-Bundesliga,1.0,32.3,4.0,0.0,0.7,2.9,0.24,0.38,0.3,2.0,0.5,0.3,1.2,0.0,0.8,7.42,0.0,20.0,2.1,0.9,1.1,1080,17,Midfielder,0.7999999999999999,0.25,0.0309597523219814,3.666666666666667,0.145,0.5714285714285714,0.1809523809523809,79.77752639517345,80.09172647838976,81.4342331096895,59.217662661881725,75.62285839724822,True,False
1104053,Rayan Cherki,8456,Manchester City,ENG-Premier League,1.3,52.3,14.0,0.0,0.4,5.5,0.46,0.17,0.7,7.0,0.25,0.6,0.6,0.1,1.3,7.27,0.0,34.0,2.3,1.8,2.3,1076,21,Attacker,0.7741935483870969,0.25,0.0248565965583174,3.2857142857142856,0.1617647058823529,0.2608695652173913,0.0739130434782608,88.39568055338846,55.54483928850053,96.11871326780047,64.10551568107348,75.36527851988777,True,False
965764,Iliman Ndiaye,8668,Everton,ENG-Premier League,0.2,25.0,5.0,0.0,0.5,3.7,0.19,0.24,1.1,2.0,0.26,0.5,0.7,0.1,0.8,7.27,0.0,20.0,1.4,2.5,1.9,1708,20,Attacker,0.7317073170731708,0.1666666666666666,0.008,1.727272727272727,0.185,0.5,0.1714285714285714,84.14191631559784,79.86901882769023,63.94848390284496,71.80189317106154,75.1247516237052,True,False
614449,Nadiem Amiri,9905,1. FSV Mainz 05,GER-Bundesliga,2.9,40.0,11.0,0.0,0.5,5.0,0.29,0.4,1.0,2.0,0.52,0.9,0.8,0.2,0.7,7.59,0.0,43.0,2.1,1.5,1.0,1561,19,Midfielder,0.7058823529411765,0.375,0.0725,1.0,0.1162790697674418,0.3809523809523809,0.1904761904761904,67.06154106204816,78.05872601029803,90.45675352369064,66.1194999219847,74.85547745245555,True,False
1404415,Fermin Lopez,8634,Barcelona,ESP-La Liga,2.0,39.4,10.0,0.0,0.3,3.0,0.25,0.34,1.3,5.0,0.34,0.4,1.3,0.0,0.7,7.31,0.0,22.0,3.5,2.0,1.8,1070,18,Midfielder,0.6486486486486486,0.1666666666666666,0.0507614213197969,1.3846153846153846,0.1363636363636363,0.3714285714285714,0.0971428571428571,76.664852811151,74.21248764757893,86.12356321839081,60.02686326519997,74.55002040180868,True,False
1305618,Maghnes Akliouche,9829,Monaco,FRA-Ligue 1,1.7,34.9,7.0,0.0,0.6,3.5,0.19,0.26,0.9,2.0,0.22,0.7,0.6,0.1,1.2,7.15,0.0,26.0,1.8,1.7,0.8,1657,21,Attacker,0.7272727272727273,0.2916666666666667,0.0487106017191977,0.888888888888889,0.1346153846153846,0.3333333333333333,0.1444444444444444,70.14273547615333,68.33219561033962,86.63556457065584,74.4654652311853,74.34746881395063,True,False
1087966,Evann Guessand,9831,Nice,FRA-Ligue 1,0.1,14.5,12.0,0.0,0.5,5.3,0.19,0.32,1.6,8.0,0.42,0.5,0.9,0.1,0.8,7.31,0.0,32.0,2.2,1.5,1.7,2572,33,Attacker,0.5555555555555556,0.25,0.0068965517241379,1.0625,0.165625,0.409090909090909,0.1454545454545454,71.19363395225464,80.75928381962865,85.83554376657825,59.32029177718832,74.23144411663284,False,False
1152455,Florian Wirtz,8650,Liverpool,ENG-Premier League,1.4,45.5,4.0,0.0,0.5,4.1,0.2,0.28,0.9,2.0,0.19,0.4,0.7,0.0,0.6,7.19,0.0,44.0,2.0,1.4,1.6,1861,25,Midfielder,0.6666666666666666,0.2222222222222222,0.0307692307692307,1.777777777777778,0.0931818181818181,0.35,0.14,87.2931879648411,73.4235970250169,80.56549383679202,53.21858584282519,74.21692473244582,True,False
950473,Mason Greenwood,8592,Marseille,FRA-Ligue 1,3.3,40.0,9.0,0.0,0.1,4.1,0.22,0.57,0.7,4.0,0.76,0.2,1.6,0.0,0.5,7.71,0.0,40.0,3.9,0.4,1.9,1651,21,Attacker,0.4615384615384615,0.3333333333333333,0.0824999999999999,2.7142857142857144,0.1025,0.4102564102564103,0.1461538461538461,91.03394315285796,89.01909424247151,85.63053258438656,36.27041400114423,74.16507888915933,True,False
701154,Kylian Mbappé,8633,Real Madrid,ESP-La Liga,1.0,30.3,8.0,0.0,0.0,5.4,0.25,0.95,0.4,4.0,1.07,0.1,2.3,0.0,0.9,8.38,0.0,53.0,5.1,0.1,2.9,1936,22,Attacker,0.3333333333333333,0.5,0.033003300330033,7.249999999999999,0.1018867924528302,0.4509803921568627,0.1862745098039215,97.06433660997556,94.77379466375407,84.81749622926094,30.771044624746448,74.1378154099443,True,False
688295,Christian Pulisic,8564,Milan,ITA-Serie A,0.4,31.7,5.0,0.0,0.8,2.1,0.21,0.59,0.8,2.0,0.8,0.3,1.8,0.1,0.7,7.26,0.0,23.0,3.1,1.0,1.3,900,18,Attacker,0.6190476190476191,0.2307692307692307,0.0126182965299684,1.625,0.0913043478260869,0.5806451612903226,0.1903225806451612,84.40710979351952,93.9751716336402,71.7265043948614,46.33487413533052,73.83605843106012,True,False
575735,Nicolas Pépé,10205,Villarreal,ESP-La Liga,0.4,27.3,8.0,0.0,1.2,3.9,0.24,0.35,1.0,4.0,0.19,0.7,0.8,0.0,0.8,7.18,0.0,34.0,2.4,1.6,2.3,1433,23,Attacker,0.6969696969696969,0.3043478260869565,0.0146520146520146,2.3,0.1147058823529411,0.3333333333333333,0.1458333333333333,83.55292037239299,69.36996151245644,83.86898632131899,56.45105190617361,73.8101537365999,True,False
493165,James Maddison,8586,Tottenham Hotspur,ENG-Premier League,2.0,49.3,6.0,0.0,0.8,5.9,0.29,0.29,1.6,7.0,0.45,0.6,0.8,0.2,0.7,7.29,0.0,41.0,1.9,1.5,1.6,1816,31,Midfielder,0.5675675675675675,0.2857142857142857,0.0405679513184584,1.0,0.1439024390243902,0.4210526315789474,0.1526315789473684,68.89257294429709,81.35278514588859,85.815649867374,58.36870026525199,73.39601087088467,False,False
173461,Andrej Kramaric,8226,TSG 1899 Hoffenheim,GER-Bundesliga,1.0,34.3,5.0,0.0,0.5,3.1,0.21,0.48,0.2,4.0,0.6,0.4,1.4,0.1,1.1,7.24,0.0,24.0,2.8,0.3,0.8,1347,22,Midfielder,0.7777777777777778,0.5714285714285715,0.0291545189504373,4.0,0.1291666666666666,0.5,0.1714285714285714,75.98155588495344,88.92061944141051,78.44336089873616,49.62467493628751,73.15460299223376,True,False
1096353,Cole Palmer,8455,Chelsea,ENG-Premier League,1.9,32.4,2.0,0.0,0.6,1.0,0.09,0.69,0.8,1.0,0.72,0.8,1.4,0.0,0.8,7.22,0.0,11.0,3.1,1.2,1.3,1000,15,Midfielder,0.7142857142857143,0.4,0.0586419753086419,1.625,0.0909090909090909,0.4516129032258064,0.2225806451612903,86.10257710511262,91.40120663650076,54.74834867634056,60.441566547043216,72.71143669891848,True,False
966146,Zuriko Davitashvili,9853,St Etienne,FRA-Ligue 1,0.4,23.3,9.0,0.0,0.5,5.6,0.18,0.27,0.7,8.0,0.29,0.5,0.9,0.0,0.8,7.15,0.0,53.0,2.3,0.8,1.6,2761,33,Attacker,0.65,0.3846153846153846,0.0171673819742489,2.285714285714286,0.1056603773584905,0.391304347826087,0.1173913043478261,84.53912466843501,71.08421750663129,77.63262599469496,54.91710875331565,72.69645327187692,False,False
523825,Jarrod Bowen,8654,West Ham United,ENG-Premier League,0.4,15.7,5.0,0.0,0.9,2.5,0.1,0.22,0.5,3.0,0.31,0.7,0.9,0.1,0.6,7.07,0.0,18.0,2.4,1.2,1.5,2329,26,Attacker,0.7916666666666666,0.3684210526315789,0.0254777070063694,3.0,0.1388888888888889,0.375,0.0916666666666666,85.36411686690592,67.27926223539814,72.20317782285328,62.00800306860145,72.35716419720089,True,False
1083323,Pedri,8634,Barcelona,ESP-La Liga,3.5,82.1,5.0,0.0,0.9,3.3,0.24,0.11,0.6,5.0,0.15,1.0,0.7,0.1,0.8,7.9,0.0,38.0,1.3,2.1,1.8,1218,16,Midfielder,0.8378378378378378,0.3225806451612903,0.0426309378806333,3.0,0.0868421052631578,0.5384615384615384,0.0846153846153846,82.17316794091641,50.65109611483851,79.00946585530765,83.11814765694076,72.26452855916531,True,False
1202110,Nico Williams,8315,Athletic Club,ESP-La Liga,0.3,23.8,5.0,0.0,0.5,4.3,0.3,0.31,1.2,2.0,0.27,0.4,0.9,0.0,1.2,6.99,0.0,27.0,2.5,0.8,3.2,1316,19,Attacker,0.5,0.3333333333333333,0.0126050420168067,2.666666666666667,0.1592592592592592,0.36,0.124,87.68765928121911,66.49287460342227,82.59783117491028,49.40761039163675,71.87473413687808,True,False
953812,Sofiane Diop,9831,Nice,FRA-Ligue 1,2.2,29.9,4.0,0.0,0.3,2.9,0.18,0.35,1.1,2.0,0.45,0.8,0.8,0.1,0.7,7.09,0.0,21.0,2.7,0.6,1.3,1414,21,Attacker,0.5599999999999999,0.5714285714285715,0.0735785953177257,1.1818181818181817,0.1380952380952381,0.2962962962962963,0.1296296296296296,69.57538227492587,80.4894549331669,74.52345659749311,61.94672205752327,71.72133101231475,True,False
846033,Vinicius Junior,8633,Real Madrid,ESP-La Liga,1.4,31.2,6.0,0.0,0.1,3.1,0.16,0.43,1.1,5.0,0.41,0.1,1.4,0.0,0.7,7.65,0.0,42.0,3.2,1.2,2.7,1768,23,Attacker,0.5416666666666666,0.0769230769230769,0.0448717948717948,2.4545454545454546,0.0738095238095238,0.4374999999999999,0.134375,88.80892754979975,82.62600769750871,73.25621521818277,41.6537096270869,71.44272911568729,True,False
629805,Ritsu Doan,9810,Eintracht Frankfurt,GER-Bundesliga,0.9,25.2,10.0,0.0,0.6,4.1,0.2,0.12,0.8,5.0,0.2,0.7,0.5,0.0,0.7,7.11,0.0,29.0,1.5,1.7,1.4,1817,22,Midfielder,0.7499999999999999,0.2916666666666667,0.0357142857142857,1.7499999999999998,0.1413793103448275,0.3333333333333333,0.08,80.46910594476516,53.878309148593125,85.90444427107714,66.72845477713632,71.27026343640719,True,False
959594,Karim Adeyemi,9789,Borussia Dortmund,GER-Bundesliga,0.3,16.9,4.0,0.0,0.1,2.3,0.22,0.33,1.6,2.0,0.49,0.4,1.1,0.0,0.8,6.98,0.0,11.0,2.2,0.4,2.2,918,20,Midfielder,0.3333333333333333,0.5,0.0177514792899408,1.375,0.209090909090909,0.5,0.15,78.2946637540958,83.30141207676705,78.15684974254954,45.05912908930151,71.16739348288533,True,False
708435,Gaëtan Perrin,8583,Auxerre,FRA-Ligue 1,1.7,22.3,19.0,0.0,0.1,4.7,0.16,0.2,0.8,11.0,0.33,0.4,0.9,0.0,0.7,7.29,0.0,73.0,2.0,1.6,2.0,2704,34,Midfielder,0.7142857142857143,0.2,0.0762331838565022,2.5,0.0643835616438356,0.45,0.1,85.50397877984085,69.2738726790451,66.33289124668435,60.87864721485411,71.13175018415896,False,False
863098,Matheus Cunha,10260,Manchester United,ENG-Premier League,0.9,26.1,3.0,0.0,0.7,2.2,0.12,0.29,0.7,2.0,0.33,0.7,1.3,0.1,0.9,7.17,0.0,23.0,3.4,1.4,1.7,1634,23,Attacker,0.7499999999999999,0.3333333333333333,0.0344827586206896,2.428571428571429,0.0956521739130434,0.3823529411764706,0.0852941176470588,84.70983512768504,67.9433804025589,63.74574816664066,66.13248296666147,71.05795588111692,True,False
974753,Julián Álvarez,9906,Atlético de Madrid,ESP-La Liga,1.0,25.7,9.0,0.0,0.2,4.3,0.23,0.37,0.7,3.0,0.38,0.1,1.2,0.0,0.8,7.12,0.0,43.0,2.5,0.8,1.2,1677,24,Attacker,0.5625,0.1111111111111111,0.0389105058365758,1.7142857142857144,0.0999999999999999,0.48,0.148,80.38812607271025,88.62213293805587,81.78258438653977,37.456740521142144,71.00915181760226,True,False
1084981,Noni Madueke,8455,Chelsea,ENG-Premier League,0.6,22.0,6.0,0.0,0.4,3.2,0.14,0.42,1.0,3.0,0.31,0.4,1.4,0.0,0.8,7.18,0.0,32.0,3.5,1.1,2.0,2046,32,Attacker,0.6,0.2666666666666666,0.0272727272727272,2.0,0.1,0.3999999999999999,0.12,85.91180371352785,77.32427055702917,65.026525198939,53.50132625994696,70.99705846894653,False,False
923312,Bryan Mbeumo,10260,Manchester United,ENG-Premier League,0.6,23.6,3.0,0.0,0.3,3.8,0.19,0.36,0.7,2.0,0.45,0.2,1.4,0.0,0.8,7.3,0.0,32.0,2.6,0.8,0.6,1810,21,Attacker,0.5882352941176471,0.2,0.0254237288135593,0.8571428571428572,0.11875,0.5384615384615384,0.1384615384615384,68.6975347168045,86.38715738284704,80.13604566495032,49.18169761273209,70.7151263474278,True,False
1047667,Maximilian Beier,9789,Borussia Dortmund,GER-Bundesliga,0.4,18.9,4.0,0.0,1.0,2.6,0.21,0.37,1.0,3.0,0.55,0.5,1.2,0.2,1.1,7.04,0.0,15.0,2.3,1.0,0.9,1136,20,Midfielder,0.6,0.3333333333333333,0.0211640211640211,0.9,0.1733333333333333,0.5217391304347826,0.1608695652173913,69.5406264627867,86.4351757944557,71.45090237686587,54.61405835543766,70.43800207951428,True,False
1021586,Gabriel Martinelli,9825,Arsenal,ENG-Premier League,0.4,18.2,7.0,0.0,0.6,4.7,0.18,0.29,0.6,4.0,0.31,0.2,1.0,0.0,0.7,7.01,0.0,40.0,2.2,0.9,1.3,2300,33,Attacker,0.6470588235294118,0.1818181818181818,0.0219780219780219,2.166666666666667,0.1175,0.4545454545454545,0.1318181818181818,81.17705570291776,77.89787798408489,76.45225464190982,45.12931034482758,70.38023444493724,False,False
1077894,Jude Bellingham,8633,Real Madrid,ESP-La Liga,3.0,51.4,3.0,0.0,0.8,1.7,0.12,0.37,1.9,3.0,0.28,0.8,1.3,0.1,1.1,7.75,0.0,30.0,2.5,2.9,1.6,1291,18,Midfielder,0.6607142857142858,0.2162162162162162,0.0583657587548638,0.8421052631578948,0.0566666666666666,0.52,0.148,71.50986243303687,82.81309486659386,55.14675976491393,75.48626280751027,70.27293968675107,True,False
1347574,Nico Paz,10171,Como,ITA-Serie A,0.8,36.4,11.0,0.0,0.4,3.3,0.14,0.28,1.8,6.0,0.38,0.8,1.6,0.1,0.9,7.7,0.0,40.0,4.0,2.7,2.1,2113,25,Midfielder,0.6603773584905661,0.2285714285714286,0.0219780219780219,1.1666666666666667,0.0824999999999999,0.4,0.07,75.54007385447547,63.684525667030734,66.88456337442139,75.00290606958963,70.11465370600985,True,False
1412132,Kenan Yildiz,9885,Juventus,ITA-Serie A,1.1,32.5,10.0,0.0,0.3,5.1,0.23,0.31,0.8,4.0,0.37,0.3,1.4,0.0,0.7,7.56,0.0,50.0,3.3,0.6,2.4,1967,24,Midfielder,0.5294117647058824,0.3333333333333333,0.0338461538461538,3.0,0.102,0.4242424242424242,0.0939393939393939,88.44006475269153,66.74515655068393,79.04931866645863,44.99554012586467,70.01773879526468,True,False
1070052,Amad,10260,Manchester United,ENG-Premier League,1.1,31.9,5.0,0.0,1.3,3.2,0.18,0.22,0.8,2.0,0.11,0.7,0.7,0.1,0.4,7.48,0.0,32.0,1.9,1.6,1.7,1653,20,Midfielder,0.7419354838709677,0.3043478260869565,0.0344827586206896,2.125,0.1,0.3684210526315789,0.1157894736842105,84.24811463046757,61.62068315389817,72.31921256566288,59.6947261663286,70.00036417960489,True,False
749488,Romano Schmid,8697,SV Werder Bremen,GER-Bundesliga,2.1,32.6,11.0,0.0,0.3,6.4,0.3,0.21,0.7,5.0,0.09,0.4,0.6,0.1,1.2,7.16,0.0,60.0,1.7,1.4,1.1,1931,22,Midfielder,0.72,0.2222222222222222,0.0644171779141104,1.5714285714285716,0.1066666666666666,0.3529411764705882,0.1235294117647058,76.01172829874655,55.10623082124096,86.91912414833307,62.79109455453269,69.81083056929646,True,False
604126,Giovani Lo Celso,8603,Real Betis,ESP-La Liga,2.5,49.0,6.0,0.0,0.3,2.0,0.17,0.2,0.6,2.0,0.16,0.4,0.8,0.0,0.9,7.11,0.0,25.0,2.2,1.1,1.1,1098,17,Midfielder,0.7142857142857143,0.2666666666666666,0.0510204081632653,1.8333333333333333,0.08,0.3636363636363636,0.0909090909090909,78.59518515629063,66.21800722941697,70.97226556405055,60.52526395173454,69.66623089000838,True,False
969870,Adam Hlozek,8226,TSG 1899 Hoffenheim,GER-Bundesliga,0.7,16.4,7.0,0.0,0.9,3.2,0.15,0.27,0.7,3.0,0.38,0.2,1.2,0.0,0.7,7.01,0.0,22.0,2.8,1.1,1.6,1874,27,Attacker,0.65,0.1538461538461538,0.0426829268292682,2.285714285714286,0.1454545454545454,0.4285714285714286,0.0964285714285714,84.53912466843501,72.17506631299736,72.75198938992042,47.09880636604775,69.62694183954255,False,False
1209399,Abdessamad Ezzalzouli,8603,Real Betis,ESP-La Liga,0.6,26.1,7.0,0.0,0.6,1.5,0.11,0.41,1.4,4.0,0.39,0.8,1.0,0.0,1.3,7.67,0.0,16.0,3.3,2.4,1.7,1143,15,Attacker,0.6956521739130436,0.25,0.0229885057471264,1.2142857142857144,0.09375,0.303030303030303,0.1242424242424242,80.70950356269829,72.04938367920113,52.58489363915328,75.67569693659956,69.58113460279657,True,False
194165,Harry Kane,9823,Bayern München,GER-Bundesliga,3.3,23.7,14.0,0.0,1.4,3.3,0.17,1.03,0.9,5.0,1.32,0.3,2.5,0.2,0.4,8.28,0.0,31.0,4.3,0.7,1.2,1768,22,Attacker,0.5263157894736842,0.3,0.1392405063291139,1.3333333333333333,0.1064516129032258,0.5813953488372093,0.2395348837209302,80.65718780881053,97.6155536485151,81.98347376085712,28.47365683674,68.97519017222112,True,False
1400227,Yankuba Minteh,10204,Brighton and Hove Albion,ENG-Premier League,0.5,15.1,6.0,0.0,0.6,2.8,0.16,0.16,1.0,4.0,0.05,0.5,0.4,0.0,0.7,7.06,0.0,30.0,1.8,1.9,2.7,1640,24,Attacker,0.7058823529411765,0.2083333333333333,0.0331125827814569,2.7,0.0933333333333333,0.2222222222222222,0.0888888888888888,84.60978051698133,48.98446195454309,76.1027981484371,67.95607739116866,68.79178408350496,True,False
955411,Yann Gboho,9941,Toulouse,FRA-Ligue 1,0.6,20.3,1.0,0.0,0.0,3.6,0.18,0.2,0.6,2.0,0.3,0.4,0.6,0.0,1.1,7.32,0.0,39.0,1.7,0.4,2.8,1804,21,Attacker,0.5714285714285715,0.5,0.0295566502463054,4.666666666666667,0.0923076923076923,0.3529411764705882,0.1176470588235294,90.43140505539084,66.89392520934103,65.9817314193582,48.96153846153845,68.55977627227416,True,False
574629,Alex Berenguer,8315,Athletic Club,ESP-La Liga,0.9,25.1,6.0,0.0,0.7,4.0,0.25,0.2,1.0,2.0,0.12,0.5,1.0,0.0,0.9,6.74,0.0,34.0,1.9,1.1,1.2,1457,20,Attacker,0.6153846153846154,0.3125,0.0358565737051792,1.2,0.1176470588235294,0.5263157894736842,0.1052631578947368,72.3630571592032,64.83059629687419,80.19326988089666,55.63617569043532,68.53398899480932,True,False
288406,Alejandro Grimaldo,8178,Bayer 04 Leverkusen,GER-Bundesliga,2.1,60.0,8.0,0.0,1.9,3.7,0.23,0.25,0.5,5.0,0.31,0.7,0.8,0.2,0.4,7.65,0.0,33.0,1.9,1.6,1.0,1444,17,Midfielder,0.8214285714285714,0.3043478260869565,0.035,2.0,0.1121212121212121,0.4210526315789474,0.131578947368421,72.82021376189734,61.034573776460185,84.93000728142717,54.35597727154522,68.29427765350493,True,False
1095432,Charles De Ketelaere,8524,Atalanta,ITA-Serie A,1.6,31.4,12.0,0.0,0.3,6.5,0.38,0.16,0.9,3.0,0.17,0.1,0.8,0.1,0.8,7.12,0.0,45.0,2.0,0.9,2.4,1547,21,Midfielder,0.5263157894736842,0.1,0.0509554140127388,2.6666666666666665,0.1444444444444444,0.4,0.08,85.14912622874083,62.62309512664482,91.09974254953973,37.92685416341603,68.21915609195972,True,False
184138,Antoine Griezmann,9906,Atlético de Madrid,ESP-La Liga,2.2,38.1,13.0,0.0,0.8,6.5,0.24,0.27,0.4,7.0,0.29,0.2,0.7,0.0,0.7,7.18,0.0,48.0,1.8,1.1,0.5,2482,38,Attacker,0.7647058823529411,0.1538461538461538,0.0577427821522309,1.25,0.1354166666666666,0.3888888888888888,0.15,59.78116710875332,74.73806366047745,89.47612732095492,52.738726790450926,68.18792898791635,False,False
848289,Takefusa Kubo,8560,Real Sociedad,ESP-La Liga,0.4,22.7,5.0,0.0,0.7,2.3,0.18,0.17,0.5,3.0,0.15,0.5,0.9,0.0,0.5,7.16,0.0,26.0,1.9,1.9,2.1,1183,18,Attacker,0.8275862068965517,0.2083333333333333,0.0176211453744493,4.2,0.0884615384615384,0.4736842105263158,0.0894736842105263,88.72009413845113,55.01866515837104,66.58947053622511,61.53252587507152,68.10930514382176,True,False
1079539,Dilane Bakwa,9848,Strasbourg,FRA-Ligue 1,1.8,26.8,12.0,0.0,0.9,6.0,0.21,0.16,1.0,8.0,0.22,0.5,0.8,0.0,0.7,7.38,0.0,47.0,1.9,0.9,1.8,2509,30,Midfielder,0.5833333333333334,0.3571428571428571,0.0671641791044776,1.8,0.1276595744680851,0.4210526315789474,0.0842105263157894,78.65053050397879,58.07692307692309,85.86206896551725,50.10941644562334,68.09976340250894,False,False
1253890,Arda Güler,8633,Real Madrid,ESP-La Liga,2.9,52.4,11.0,0.0,0.5,5.5,0.33,0.25,1.2,7.0,0.18,0.5,0.9,0.1,0.4,7.49,0.0,55.0,2.3,1.7,1.1,1532,24,Midfielder,0.6470588235294118,0.2272727272727272,0.0553435114503816,0.9166666666666669,0.1,0.391304347826087,0.108695652173913,69.37307562282207,63.71818276382171,85.15557549279659,53.86128231133301,67.95661529470688,True,False
952322,Brenden Aaronson,8463,Leeds United,ENG-Premier League,0.3,21.0,7.0,0.0,0.4,2.8,0.15,0.18,0.8,3.0,0.22,0.5,0.8,0.2,0.4,6.79,0.0,23.0,1.8,2.1,1.1,1662,25,Midfielder,0.7647058823529411,0.1923076923076923,0.0142857142857142,1.375,0.1217391304347826,0.4444444444444445,0.0999999999999999,74.27941176470588,63.992647058823536,75.81617647058823,55.71691176470588,67.90956248511588,True,False
1173787,Xavi Simons,8586,Tottenham Hotspur,ENG-Premier League,1.8,34.6,6.0,0.0,0.5,3.3,0.21,0.13,1.0,4.0,0.07,0.8,0.5,0.1,1.2,7.01,0.0,26.0,2.0,1.9,1.4,1378,20,Midfielder,0.7297297297297297,0.2962962962962963,0.0520231213872832,1.4,0.1269230769230769,0.25,0.065,75.04950070213762,46.445317782285336,83.1158787122276,72.76843761377229,67.8655600053729,True,False
942358,Felix Correia,8639,Lille,FRA-Ligue 1,1.9,31.1,8.0,0.0,0.4,3.8,0.27,0.19,0.5,5.0,0.21,0.9,0.4,0.1,0.6,6.91,0.0,27.0,1.6,0.9,0.7,1257,22,Attacker,0.782608695652174,0.5,0.0610932475884244,1.4,0.1407407407407407,0.25,0.11875,68.41176470588235,56.40808823529412,88.83823529411765,60.19117647058824,67.83145461278359,True,False
1280082,Matias Soulé,8686,Roma,ITA-Serie A,1.6,33.2,4.0,0.0,0.5,3.0,0.16,0.18,0.3,4.0,0.32,0.5,0.7,0.1,1.7,7.11,0.0,34.0,2.2,0.8,1.4,1691,25,Midfielder,0.8125,0.3846153846153846,0.0481927710843373,4.666666666666667,0.088235294117647,0.3181818181818181,0.0818181818181818,86.29690669371196,53.99065116762886,65.21987309512664,65.69096192853799,67.76014421046894,True,False
690516,Ademola Lookman,8524,Atalanta,ITA-Serie A,0.3,25.3,12.0,0.0,0.2,7.9,0.31,0.41,1.2,5.0,0.6,0.1,1.4,0.0,0.4,7.39,0.0,61.0,3.3,1.3,1.5,2263,31,Midfielder,0.5384615384615385,0.0714285714285714,0.0118577075098814,1.25,0.1295081967213114,0.4242424242424242,0.1242424242424242,75.97811671087533,83.76657824933687,91.39257294429709,29.303713527851457,67.38861167061081,False,False
693171,Ludovic Blas,9851,Rennes,FRA-Ligue 1,1.7,25.7,8.0,0.0,0.4,5.4,0.21,0.2,1.2,8.0,0.23,0.5,1.0,0.1,0.5,7.28,0.0,47.0,2.2,1.5,1.7,2302,29,Midfielder,0.625,0.25,0.0661478599221789,1.4166666666666667,0.1148936170212766,0.4545454545454545,0.0909090909090909,75.11273209549073,63.76657824933688,80.25198938992042,49.001989389920425,67.30061612462346,False,False
923196,Lassine Sinayoko,8583,Auxerre,FRA-Ligue 1,0.5,19.0,5.0,0.0,0.5,2.3,0.12,0.35,0.8,3.0,0.3,0.9,1.0,0.0,0.9,7.07,0.0,26.0,2.7,1.2,1.2,1805,21,Attacker,0.7241379310344827,0.4285714285714285,0.0263157894736842,1.4999999999999998,0.0884615384615384,0.3703703703703703,0.1296296296296296,73.94191761585272,69.72541218078744,61.559460654288245,61.436150985593166,67.06925569214717,True,False
942368,Jérémy Doku,8456,Manchester City,ENG-Premier League,0.8,29.8,10.0,0.0,0.0,4.4,0.33,0.13,1.3,4.0,0.08,0.8,0.6,0.0,0.8,7.26,0.0,39.0,1.5,1.1,4.7,1187,20,Attacker,0.59375,0.4210526315789473,0.0268456375838926,3.615384615384616,0.1128205128205128,0.3999999999999999,0.0866666666666666,84.00956337442138,43.24398632131898,84.84826025901077,61.48102928173922,67.01762144052316,True,False
298823,Mitchell Weiser,8697,SV Werder Bremen,GER-Bundesliga,1.1,28.3,10.0,0.0,1.7,5.4,0.17,0.17,0.9,8.0,0.16,0.7,0.5,0.1,0.4,7.24,0.0,42.0,1.3,1.9,1.1,2870,32,Midfielder,0.7428571428571429,0.2692307692307693,0.03886925795053,1.2222222222222223,0.1285714285714286,0.3846153846153846,0.1307692307692307,68.00397877984085,61.34615384615384,81.32625994694959,57.304376657824925,66.97340668680131,False,False
815006,Phil Foden,8456,Manchester City,ENG-Premier League,1.9,44.9,7.0,0.0,0.6,3.6,0.19,0.28,0.8,3.0,0.37,0.4,0.8,0.1,0.5,7.48,0.0,42.0,2.5,1.4,1.0,1717,23,Midfielder,0.6923076923076923,0.2222222222222222,0.042316258351893,1.25,0.0857142857142857,0.32,0.112,72.72567873303167,66.19959562074166,76.43018931710616,50.76043454517085,66.93318158980985,True,False
1251666,Ernest Poku,8178,Bayer 04 Leverkusen,GER-Bundesliga,0.4,28.1,3.0,0.0,0.7,3.3,0.26,0.22,0.2,4.0,0.4,0.5,0.6,0.0,0.2,6.93,0.0,21.0,1.8,0.9,1.3,1123,19,Attacker,0.875,0.3571428571428571,0.0142348754448398,6.5,0.1571428571428571,0.3333333333333333,0.1222222222222222,87.22794117647058,68.65441176470588,79.36029411764706,34.93014705882353,66.8197273475833,True,False
422685,Bruno Fernandes,10260,Manchester United,ENG-Premier League,4.2,49.1,18.0,0.0,1.6,6.7,0.3,0.37,0.7,12.0,0.27,0.5,0.7,0.2,0.5,7.98,0.0,78.0,2.6,1.7,0.5,1987,23,Midfielder,0.7586206896551724,0.2272727272727272,0.0855397148676171,0.7142857142857143,0.0858974358974359,0.2692307692307692,0.1423076923076923,57.35715400218444,67.84484058875539,80.10989753991782,64.94016877307952,66.66221062398046,True,False
1156569,Sebastian Nanasi,9848,Strasbourg,FRA-Ligue 1,0.6,26.2,12.0,0.0,0.7,4.7,0.2,0.27,0.4,4.0,0.25,0.3,0.5,0.1,0.4,7.02,0.0,37.0,1.2,0.8,0.8,2122,31,Attacker,0.7333333333333334,0.2727272727272727,0.0229007633587786,2.0,0.127027027027027,0.4166666666666667,0.225,71.85676392572944,79.36007957559681,83.38196286472149,36.14721485411141,66.63828580762952,False,False
1226147,Giuliano Simeone,9906,Atlético de Madrid,ESP-La Liga,0.5,31.6,6.0,0.0,0.5,3.4,0.19,0.21,1.0,5.0,0.11,0.8,0.5,0.1,0.6,7.2,0.0,21.0,1.7,1.8,1.4,1597,21,Midfielder,0.7222222222222222,0.3076923076923077,0.0158227848101265,1.4,0.1619047619047619,0.2941176470588235,0.1235294117647058,74.82393899204244,51.236360326624016,83.3737712591668,58.77211083372341,66.63437941635149,True,False
674014,David Brooks,8678,Bournemouth,ENG-Premier League,0.8,25.1,6.0,0.0,1.1,2.7,0.25,0.42,1.0,2.0,0.09,0.3,1.1,0.0,0.6,6.78,0.0,20.0,3.7,1.4,1.4,955,21,Attacker,0.6296296296296295,0.1764705882352941,0.0318725099601593,1.4,0.135,0.2972972972972973,0.1135135135135135,76.0604748530712,62.19518775680033,73.95220263171582,52.24275758048577,66.62387712334721,True,False
292462,Mohamed Salah,8650,Liverpool,ENG-Premier League,0.6,22.7,9.0,0.0,0.4,3.6,0.21,0.36,0.5,6.0,0.23,0.2,0.8,0.1,0.8,7.09,0.0,41.0,2.9,0.3,0.7,1537,18,Attacker,0.5,0.4,0.026431718061674,1.4,0.0878048780487805,0.2758620689655172,0.1241379310344827,76.7264393821189,75.76924377177927,79.13659177198731,36.82647448899984,66.55537212428042,True,False
813055,Mousa Tamari,9851,Rennes,FRA-Ligue 1,0.5,21.0,4.0,0.0,0.3,2.9,0.19,0.19,0.9,3.0,0.2,0.5,1.0,0.1,1.0,6.93,0.0,21.0,2.3,1.2,1.3,1365,21,Midfielder,0.6538461538461539,0.2941176470588235,0.0238095238095238,1.4444444444444444,0.1380952380952381,0.4347826086956522,0.0826086956521739,80.47262313413428,57.609435949446095,67.45637644978416,58.602824153534094,66.47484211134906,True,False
906937,Anthony Gordon,10261,Newcastle United,ENG-Premier League,1.0,22.9,5.0,0.0,0.6,3.1,0.21,0.38,0.8,2.0,0.21,0.1,0.8,0.0,0.5,6.94,0.0,21.0,2.3,1.0,1.8,1315,20,Attacker,0.5789473684210527,0.0909090909090909,0.0436681222707423,2.25,0.1476190476190476,0.3478260869565218,0.1652173913043478,86.6459341030842,72.33521870286575,78.18645654548293,32.45516071149945,66.32870858812106,True,False
823293,Aron Dønnum,9941,Toulouse,FRA-Ligue 1,3.2,28.2,6.0,0.0,0.6,4.9,0.26,0.23,1.2,3.0,0.16,1.1,0.6,0.1,0.5,7.41,0.0,43.0,1.5,1.7,1.1,1681,19,Midfielder,0.7,0.3928571428571429,0.1134751773049645,0.9166666666666669,0.113953488372093,0.3999999999999999,0.1533333333333333,67.13007749518904,54.990787694388096,83.26081812035159,61.72858480262132,66.27581275363303,True,False
1444231,Matias Fernandez-Pardo,8639,Lille,FRA-Ligue 1,0.7,22.1,3.0,0.0,0.2,2.7,0.19,0.26,0.6,3.0,0.2,0.2,1.2,0.1,0.8,7.08,0.0,23.0,2.5,0.9,1.2,1320,17,Attacker,0.6470588235294118,0.1818181818181818,0.0316742081447963,2.0,0.117391304347826,0.48,0.104,78.73539813803505,72.22714802101211,68.31388152077807,44.11771207156602,66.23323413642221,True,False
400625,Vincenzo Grifo,8358,Sport-Club Freiburg,GER-Bundesliga,3.6,36.1,8.0,0.0,1.3,3.0,0.26,0.4,0.6,1.0,0.51,0.5,0.5,0.1,0.3,6.87,0.0,28.0,1.6,0.4,0.7,1057,22,Attacker,0.6,0.5555555555555556,0.0997229916897507,1.1666666666666667,0.1071428571428571,0.3125,0.25,70.50598767358402,80.60497607531076,84.77748738752796,34.58927549799761,66.20894868541674,True,False
1074968,Jamie Leweling,10269,VfB Stuttgart,GER-Bundesliga,0.5,20.5,5.0,0.0,0.9,3.4,0.2,0.15,0.7,6.0,0.29,0.7,0.8,0.1,0.7,7.17,0.0,29.0,2.0,0.8,1.2,1575,21,Attacker,0.6818181818181818,0.4666666666666666,0.024390243902439,1.7142857142857144,0.1172413793103448,0.4,0.075,78.7066299994799,52.15512690487336,78.3314739688979,55.55181515577053,66.15327850884033,True,False
1180718,Mohamed-Ali Cho,9831,Nice,FRA-Ligue 1,0.5,19.1,6.0,0.0,0.5,2.2,0.2,0.19,0.6,2.0,0.36,0.3,0.6,0.2,0.6,6.83,0.0,16.0,1.5,0.7,1.2,988,14,Attacker,0.625,0.3,0.0261780104712041,2.0,0.1375,0.3999999999999999,0.1266666666666666,78.57980964268997,68.42019035731003,76.6629479377958,40.54710823321371,66.08877733387129,True,False
940608,Juan Cruz,7854,Leganés,ESP-La Liga,0.7,16.5,10.0,0.0,1.0,3.7,0.15,0.1,0.6,4.0,0.2,0.5,0.6,0.1,0.5,6.88,0.0,25.0,1.3,1.3,1.6,2265,34,Midfielder,0.75,0.2777777777777778,0.0424242424242424,2.666666666666667,0.148,0.4615384615384615,0.0769230769230769,80.67970822281166,53.007294429708224,77.12201591511936,52.4104774535809,65.88573901809671,False,False
325916,Paulo Dybala,8686,Roma,ITA-Serie A,2.0,36.1,4.0,0.0,0.1,3.1,0.27,0.36,0.9,2.0,0.17,0.2,1.2,0.0,0.9,6.93,0.0,40.0,3.1,0.6,0.9,1056,17,Attacker,0.4705882352941176,0.25,0.0554016620498614,1.0,0.0775,0.3870967741935484,0.1161290322580645,70.30698366879908,71.77887215894316,75.06241223279763,45.4381923857076,65.83222532684523,True,False
605654,Fabián Ruiz,9847,Paris Saint-Germain,FRA-Ligue 1,3.4,67.6,9.0,0.0,1.2,5.1,0.24,0.19,0.3,5.0,0.19,0.7,0.6,0.1,0.4,7.38,0.0,36.0,2.0,1.7,0.7,1923,30,Midfielder,0.888888888888889,0.2916666666666667,0.0502958579881656,2.333333333333333,0.1416666666666666,0.3,0.095,68.13660477453581,52.87798408488064,86.5450928381963,57.987400530503976,65.73704975916382,False,False
806552,Cody Gakpo,8650,Liverpool,ENG-Premier League,0.7,22.7,8.0,0.0,0.8,4.1,0.21,0.27,1.3,3.0,0.26,0.4,0.6,0.1,0.6,7.28,0.0,38.0,2.8,0.8,1.3,1747,24,Attacker,0.4800000000000001,0.3333333333333333,0.0308370044052863,1.0,0.1078947368421052,0.2142857142857143,0.0964285714285714,73.99784157694909,64.61088573360378,79.3446455505279,44.27962630675612,65.68441476880827,True,False
1327150,Arijon Ibrahimovic,94937,1. FC Heidenheim 1846,GER-Bundesliga,1.8,25.3,6.0,0.0,1.0,4.0,0.22,0.23,0.5,2.0,0.0,0.8,0.8,0.2,0.5,6.88,0.0,41.0,2.0,1.3,0.8,1602,22,Midfielder,0.8076923076923077,0.3809523809523809,0.0711462450592885,1.6,0.0975609756097561,0.4,0.115,72.86397058823529,52.80882352941176,78.125,59.40808823529412,65.67454855874618,True,False
179515,Téji Savanier,10249,Montpellier,FRA-Ligue 1,7.2,38.1,16.0,0.0,0.8,7.7,0.3,0.16,0.8,5.0,0.08,0.6,0.7,0.0,0.7,7.04,0.0,70.0,1.8,1.2,1.1,2339,31,Midfielder,0.6923076923076923,0.3333333333333333,0.1889763779527559,1.375,0.11,0.3888888888888888,0.0888888888888888,69.973474801061,49.379973474801055,87.42042440318305,59.293766578249326,65.59530879567582,False,False
843040,Pedro Neto,8455,Chelsea,ENG-Premier League,1.2,26.9,9.0,0.0,0.5,5.0,0.23,0.19,0.3,3.0,0.23,0.3,0.5,0.0,0.5,7.12,0.0,39.0,1.7,0.7,1.5,1991,26,Attacker,0.7692307692307692,0.3,0.0446096654275092,5.0,0.1282051282051282,0.2941176470588235,0.1117647058823529,83.40345607739117,52.43823789462735,84.83774119727467,43.56501924377178,65.5001195768136,True,False
1073498,Patrick Wimmer,8721,VfL Wolfsburg,GER-Bundesliga,0.8,18.4,2.0,0.0,1.2,0.9,0.07,0.15,1.5,3.0,0.23,1.4,0.5,0.0,0.8,6.79,0.0,7.0,1.2,2.3,1.9,1166,17,Attacker,0.7115384615384616,0.3783783783783784,0.0434782608695652,1.2666666666666666,0.1285714285714286,0.4166666666666667,0.125,71.69715114162376,59.231776928277945,52.46079731627399,85.05470172153741,65.41655164942928,True,False
818975,Eberechi Eze,9825,Arsenal,ENG-Premier League,0.5,26.9,3.0,0.0,0.6,1.7,0.13,0.21,0.9,2.0,0.31,0.5,0.9,0.1,0.5,6.9,0.0,9.0,2.6,1.0,1.6,1157,22,Midfielder,0.625,0.3333333333333333,0.0185873605947955,1.777777777777778,0.1888888888888888,0.3461538461538461,0.0807692307692307,86.60648437093671,61.50595516721277,64.21485411140584,47.32127346960005,65.37543241591692,True,False
921341,Alexis Saelemaekers,8564,Milan,ITA-Serie A,0.9,36.9,4.0,0.0,0.9,3.3,0.16,0.1,0.7,3.0,0.1,0.9,0.3,0.1,0.7,7.51,0.0,30.0,1.4,2.4,1.8,1874,23,Midfielder,0.825,0.2727272727272727,0.024390243902439,2.571428571428572,0.11,0.2142857142857143,0.0714285714285714,80.25306860144588,44.495078535392935,66.90296198054818,75.35027565402818,65.34235669986678,True,False
888912,Mikkel Damsgaard,9937,Brentford,ENG-Premier League,1.4,28.0,9.0,0.0,0.7,3.7,0.25,0.08,0.8,3.0,0.07,1.1,0.4,0.2,1.1,6.89,0.0,29.0,1.0,2.5,0.8,1303,22,Midfielder,0.8181818181818181,0.3055555555555556,0.0499999999999999,1.0,0.1275862068965517,0.4,0.08,66.93262079367555,37.13704035991054,86.13834711603475,89.9420086336922,65.27318754014053,True,False
614834,Dani Olmo,8634,Barcelona,ESP-La Liga,1.7,47.3,7.0,0.0,1.0,4.1,0.31,0.41,1.0,6.0,0.45,0.6,1.2,0.0,0.6,7.6,0.0,36.0,3.7,1.9,0.4,1209,19,Midfielder,0.7142857142857143,0.24,0.0359408033826638,0.4,0.1138888888888888,0.3243243243243243,0.1108108108108108,52.852824153534094,78.20435455349248,84.41063348416289,51.81482420554429,65.27070284129837,True,False
678234,Mikel Oyarzabal,8560,Real Sociedad,ESP-La Liga,0.5,16.9,9.0,0.0,0.9,2.7,0.13,0.53,0.7,3.0,0.5,0.1,1.3,0.1,0.8,7.38,0.0,30.0,3.0,0.9,1.1,1804,21,Attacker,0.5882352941176471,0.1,0.029585798816568,1.5714285714285716,0.09,0.4333333333333333,0.1766666666666666,71.54114006345243,89.4222642637957,61.61746502314454,41.11585920840485,65.23129546065513,True,False
690107,Alexander Isak,10261,Newcastle United,ENG-Premier League,0.5,16.5,11.0,0.0,0.6,3.6,0.12,0.66,0.9,6.0,0.75,0.1,1.5,0.1,0.6,7.4,0.0,42.0,3.2,0.4,1.4,2769,34,Attacker,0.3571428571428571,0.2,0.0303030303030303,1.5555555555555554,0.0857142857142857,0.46875,0.20625,80.99801061007958,95.56366047745357,64.38992042440319,29.69164456233422,65.21489847952289,False,False
1331097,Pablo Pagis,8689,Lorient,FRA-Ligue 1,2.3,24.8,2.0,0.0,1.3,1.6,0.12,0.42,1.2,0.0,0.56,1.0,1.0,0.2,0.8,7.08,0.0,18.0,2.9,1.3,1.0,1130,19,Midfielder,0.6571428571428571,0.4347826086956522,0.0927419354838709,0.8333333333333334,0.0888888888888888,0.3448275862068966,0.1448275862068965,66.92647058823529,81.77941176470588,48.88970588235294,67.71691176470588,65.20548917348647,True,False
696365,Marcus Rashford,8634,Barcelona,ESP-La Liga,0.9,33.5,5.0,0.0,0.9,3.5,0.25,0.41,0.4,6.0,0.29,0.1,1.5,0.1,0.6,7.27,0.0,33.0,4.5,0.5,1.4,1250,21,Attacker,0.6,0.1666666666666666,0.026865671641791,3.5,0.106060606060606,0.3333333333333333,0.0911111111111111,78.55721121339782,71.45581734019868,79.26964685078275,33.93487673584023,65.0086580467457,True,False
1026135,Tajon Buchanan,10205,Villarreal,ESP-La Liga,0.6,19.5,4.0,0.0,1.0,1.8,0.12,0.11,0.9,1.0,0.34,1.2,0.5,0.1,0.6,6.96,0.0,14.0,1.4,1.6,1.3,1343,22,Midfielder,0.7567567567567568,0.4285714285714286,0.0307692307692307,1.4444444444444444,0.1285714285714286,0.3571428571428571,0.0785714285714285,74.86397058823529,53.32352941176471,61.94117647058823,70.66544117647058,64.84072412842423,True,False
1203665,Alejandro Garnacho,10260,Manchester United,ENG-Premier League,0.7,25.6,4.0,0.0,0.4,2.8,0.11,0.3,0.5,2.0,0.25,0.5,1.2,0.0,0.9,6.72,0.0,37.0,3.4,1.2,1.1,2195,36,Attacker,0.7727272727272726,0.2941176470588235,0.0273437499999999,2.2,0.0756756756756756,0.3529411764705882,0.088235294117647,79.36339522546419,62.8183023872679,50.948275862068975,67.03249336870026,64.78091356923615,False,False
895362,Rodrygo,8633,Real Madrid,ESP-La Liga,0.6,41.8,5.0,0.0,0.3,4.2,0.19,0.19,0.4,5.0,0.28,0.5,0.9,0.0,0.4,7.36,0.0,49.0,2.5,1.0,2.3,1937,30,Attacker,0.7894736842105263,0.3333333333333333,0.0143540669856459,5.749999999999999,0.0857142857142857,0.36,0.076,90.69960212201596,56.31299734748011,66.12068965517241,45.2685676392573,64.74071177796255,False,False
521148,Jacob Murphy,10261,Newcastle United,ENG-Premier League,1.2,20.3,9.0,0.0,0.8,2.4,0.2,0.24,0.2,1.0,0.16,0.2,0.8,0.1,0.3,6.68,0.0,18.0,2.8,0.7,1.2,1091,21,Attacker,0.8181818181818182,0.2222222222222222,0.0591133004926108,5.999999999999999,0.1333333333333333,0.2857142857142857,0.0857142857142857,84.7181437561762,58.49516305195818,83.33822229156915,35.52200031206116,64.63733753695115,True,False
1185336,Chico Conceicao,9885,Juventus,ITA-Serie A,0.5,33.1,1.0,0.0,0.2,2.1,0.17,0.32,1.6,1.0,0.16,0.4,1.0,0.0,1.0,6.96,0.0,14.0,2.8,1.5,2.2,1122,18,Midfielder,0.5428571428571428,0.2105263157894737,0.0151057401812688,1.375,0.15,0.3571428571428571,0.1142857142857143,76.88722889686379,58.70299578717428,69.3101237842617,51.41841550943985,64.61661976776588,True,False
1067260,Jakub Kaminski,8722,1. FC Köln,GER-Bundesliga,0.7,23.7,7.0,0.0,1.1,3.2,0.15,0.17,0.4,1.0,0.23,0.6,0.6,0.3,0.5,7.07,0.0,29.0,1.8,1.7,0.6,1961,22,Midfielder,0.8518518518518519,0.2608695652173913,0.0295358649789029,1.4999999999999998,0.1103448275862069,0.3333333333333333,0.0944444444444444,65.68014705882352,55.98897058823529,75.71323529411765,61.1360294117647,64.46266448265123,True,False
312765,Jack Grealish,8668,Everton,ENG-Premier League,1.0,26.6,5.0,0.0,0.6,3.6,0.2,0.12,0.7,6.0,0.11,0.7,0.4,0.3,0.9,7.21,0.0,38.0,1.4,1.2,1.3,1631,20,Attacker,0.7307692307692308,0.3684210526315789,0.037593984962406,1.8571428571428568,0.0947368421052631,0.2857142857142857,0.0857142857142857,78.94485294117648,42.57720588235294,74.21323529411765,66.47058823529412,64.36320784058526,True,False
1250253,Dango Ouattara,9937,Brentford,ENG-Premier League,0.6,11.3,5.0,0.0,2.3,1.4,0.09,0.31,1.4,1.0,0.33,1.1,0.7,0.0,0.3,6.9,0.0,12.0,2.0,0.9,1.0,1371,20,Attacker,0.5882352941176471,0.55,0.0530973451327433,0.7142857142857143,0.1166666666666666,0.35,0.155,70.41727778644615,75.36655484474956,59.18046237062464,51.24569615644666,64.3538454725199,True,False
1073742,Julio Enciso,9848,Strasbourg,FRA-Ligue 1,0.5,27.6,2.0,0.0,0.6,2.4,0.21,0.32,0.7,2.0,0.09,0.2,1.0,0.0,0.9,6.92,0.0,12.0,2.8,1.0,2.6,1057,15,Midfielder,0.631578947368421,0.1666666666666666,0.0181159420289855,3.714285714285715,0.1999999999999999,0.3571428571428571,0.1142857142857143,91.33921048525512,57.76469938107869,59.36158787122276,47.85572372184947,64.2652143513702,True,False
1197030,Hugo Ekitike,8650,Liverpool,ENG-Premier League,0.1,15.2,2.0,0.0,1.4,2.0,0.12,0.51,1.7,2.0,0.59,0.1,1.0,0.1,0.7,7.03,0.0,16.0,3.4,0.5,1.8,1520,23,Attacker,0.2608695652173913,0.1666666666666666,0.006578947368421,1.0588235294117647,0.125,0.2941176470588235,0.15,77.1766136162688,84.44636448743954,65.77987985645187,33.50444037031258,64.18517025707322,True,False
1310270,Kamory Doumbia,8521,Brest,FRA-Ligue 1,1.6,27.4,7.0,0.0,0.3,1.9,0.14,0.26,1.7,2.0,0.37,0.7,0.7,0.0,1.4,7.12,0.0,15.0,2.2,3.0,0.7,1206,16,Midfielder,0.6851851851851851,0.1891891891891891,0.0583941605839416,0.4117647058823529,0.1266666666666666,0.3181818181818181,0.1181818181818181,51.990937223695845,68.42060643886201,62.10875331564987,84.13566859104384,64.10018113275339,True,False
1002618,Ander Barrenetxea,8560,Real Sociedad,ESP-La Liga,1.7,28.2,8.0,0.0,0.7,3.0,0.25,0.16,1.8,3.0,0.25,0.8,0.6,0.2,0.7,7.02,0.0,29.0,1.7,0.9,2.9,1099,19,Attacker,0.4857142857142857,0.4705882352941176,0.0602836879432624,1.611111111111111,0.1034482758620689,0.3529411764705882,0.0941176470588235,70.88167030738025,50.86026161127581,75.95692255682114,58.99910932542778,63.983171254164965,True,False
848844,Rafael Leao,8564,Milan,ITA-Serie A,0.7,22.8,6.0,0.0,0.5,1.9,0.14,0.43,1.1,2.0,0.61,0.2,1.4,0.0,0.5,7.15,0.0,10.0,2.7,0.3,1.0,1172,18,Attacker,0.3125,0.4,0.0307017543859649,0.9090909090909092,0.19,0.5185185185185185,0.1592592592592592,76.66154366255786,85.98037915431424,74.3313049357674,27.86814115566651,63.94221060721788,True,False
844437,Amine Gouiri,8592,Marseille,FRA-Ligue 1,0.0,23.0,7.0,0.0,0.0,3.3,0.14,0.51,1.3,5.0,0.56,0.1,1.8,0.0,1.0,7.01,0.0,34.0,3.5,0.0,1.1,2088,33,Attacker,0.0714285714285714,1.0,0.0,0.8461538461538461,0.0970588235294117,0.5142857142857143,0.1457142857142857,65.9449602122016,90.98474801061008,65.58355437665783,37.97413793103448,63.91355205531371,False,False
887704,Keito Nakamura,9837,Reims,FRA-Ligue 1,0.9,18.6,5.0,0.0,0.6,3.4,0.11,0.31,1.0,2.0,0.37,0.4,1.1,0.0,0.8,6.92,0.0,25.0,2.8,0.8,1.0,2661,32,Attacker,0.5454545454545455,0.3333333333333333,0.0483870967741935,1.0,0.136,0.3928571428571429,0.1107142857142857,66.06100795755968,74.07824933687003,65.66976127320956,48.88262599469497,63.91142507051863,False,False
1314412,Romulo Cruz,178475,RB Leipzig,GER-Bundesliga,0.5,17.8,4.0,0.0,1.5,1.7,0.11,0.53,0.5,3.0,0.4,0.3,1.0,0.2,0.6,7.2,0.0,17.0,2.3,1.1,0.5,1350,18,Attacker,0.736842105263158,0.2142857142857142,0.0280898876404494,1.0,0.0999999999999999,0.4347826086956522,0.2304347826086956,63.88235294117648,91.11029411764706,55.18382352941177,48.30514705882353,63.644043233883,True,False
884919,Robin Hack,9788,Borussia Mönchengladbach,GER-Bundesliga,1.4,26.5,10.0,0.0,0.8,3.8,0.16,0.22,0.8,7.0,0.16,0.4,1.0,0.1,0.7,6.91,0.0,33.0,2.4,0.9,1.0,2188,33,Attacker,0.6190476190476191,0.3076923076923077,0.0528301886792452,1.25,0.1151515151515151,0.4166666666666667,0.0916666666666666,69.03514588859416,60.08289124668435,75.03315649867375,48.849469496021214,63.53222340725623,False,False
1342754,Diego Moreira,9848,Strasbourg,FRA-Ligue 1,1.5,34.3,10.0,0.0,1.2,3.3,0.18,0.08,0.8,3.0,0.11,0.9,0.4,0.2,0.5,7.09,0.0,28.0,1.1,2.1,1.3,1660,21,Midfielder,0.7894736842105263,0.3,0.0437317784256559,1.625,0.1178571428571428,0.3636363636363636,0.0727272727272727,76.08521870286576,38.14910022364384,84.3578951474489,63.6947651739741,63.40351638461666,True,False
933576,Antoine Semenyo,8456,Manchester City,ENG-Premier League,0.0,19.2,5.0,0.0,0.9,2.2,0.09,0.33,1.9,4.0,0.52,0.4,1.3,0.0,0.7,7.38,0.0,29.0,2.4,1.3,1.4,2247,25,Attacker,0.4722222222222222,0.2352941176470588,0.0,0.7368421052631579,0.0758620689655172,0.5416666666666667,0.1375,66.66296744161856,77.61154886357727,57.89483538773599,50.88696234461954,63.33273473481937,True,False
1169596,Raul Moro,10281,Real Valladolid,ESP-La Liga,1.5,17.1,8.0,0.0,0.7,5.5,0.21,0.16,0.2,5.0,0.15,0.4,0.6,0.0,0.3,6.94,0.0,44.0,1.8,0.8,2.2,2346,33,Attacker,0.8571428571428572,0.3333333333333333,0.087719298245614,11.0,0.125,0.3333333333333333,0.0888888888888888,90.07294429708224,48.932360742705576,82.42705570291777,37.05901856763926,63.324763933773085,False,False
1248482,Antonio Nusa,178475,RB Leipzig,GER-Bundesliga,0.8,21.6,6.0,0.0,0.4,4.2,0.27,0.25,0.6,2.0,0.13,0.3,0.8,0.0,0.3,7.33,0.0,24.0,3.2,1.2,3.3,1377,19,Attacker,0.7142857142857143,0.1999999999999999,0.037037037037037,5.5,0.175,0.25,0.078125,89.98291465127164,43.94969964112966,81.45087637176886,42.97667992926614,63.29326617546284,True,False
1367047,Afonso Moreira,9748,Lyon,FRA-Ligue 1,0.6,22.5,7.0,0.0,0.8,3.8,0.34,0.12,1.3,6.0,0.18,0.8,0.7,0.0,0.6,7.11,0.0,21.0,2.1,1.9,1.2,1002,19,Attacker,0.675,0.2962962962962963,0.0266666666666666,0.923076923076923,0.1809523809523809,0.3333333333333333,0.0571428571428571,64.70220588235294,42.45588235294117,89.34558823529412,65.28308823529412,63.23952660081747,True,False
670009,Dimitrios Giannoulis,8406,FC Augsburg,GER-Bundesliga,1.4,22.6,4.0,0.0,3.1,2.5,0.2,0.07,0.9,3.0,0.16,1.1,0.3,0.5,0.6,7.13,0.0,20.0,0.5,1.3,1.0,1149,17,Midfielder,0.7272727272727273,0.4583333333333333,0.0619469026548672,1.1111111111111112,0.125,0.6,0.14,65.16827248140636,50.22195350288657,76.24045612940137,63.59344281479171,63.19214567047295,True,False
1044470,Hákon Arnar Haraldsson,8639,Lille,FRA-Ligue 1,1.1,38.6,3.0,0.0,0.4,3.5,0.21,0.28,1.2,1.0,0.29,0.4,0.4,0.0,0.9,7.12,0.0,33.0,1.9,0.9,0.8,1526,20,Midfielder,0.52,0.3076923076923077,0.0284974093264248,0.6666666666666667,0.106060606060606,0.2105263157894737,0.1473684210526316,63.09739558953555,65.04297342279087,70.35065272793467,53.28718728870857,63.1604359551511,True,False
1219540,Fisnik Asllani,8226,TSG 1899 Hoffenheim,GER-Bundesliga,0.3,16.9,6.0,0.0,0.9,2.7,0.17,0.36,0.9,4.0,0.44,0.3,1.1,0.0,1.1,7.17,0.0,24.0,2.9,0.6,0.6,1433,21,Attacker,0.5,0.3333333333333333,0.0177514792899408,0.6666666666666666,0.1125,0.3793103448275862,0.1241379310344827,56.79044117647059,78.08455882352942,74.69117647058823,45.6875,63.05226132665053,True,False
479020,Ayoze Pérez,10205,Villarreal,ESP-La Liga,0.5,14.0,5.0,0.0,0.5,1.9,0.09,0.58,1.0,2.0,0.86,0.4,1.4,0.0,0.5,7.36,0.0,32.0,3.4,1.2,1.5,1977,30,Attacker,0.6153846153846154,0.25,0.0357142857142857,1.5,0.059375,0.4117647058823529,0.1705882352941176,80.76259946949602,90.87533156498677,44.17771883289125,42.40053050397878,62.88537695686789,False,False
445856,Wesley Said,8588,Lens,FRA-Ligue 1,1.3,25.4,8.0,0.0,0.9,3.2,0.19,0.44,1.7,2.0,0.58,0.5,1.2,0.0,0.5,7.32,0.0,20.0,2.4,0.9,1.2,1546,22,Midfielder,0.4516129032258065,0.3571428571428571,0.0511811023622047,0.7058823529411765,0.16,0.5,0.1833333333333333,58.33340484735008,89.01738440734384,70.44319186560567,39.47158293025433,62.85800170791084,True,False
1117069,Georges Mikautadze,10205,Villarreal,ESP-La Liga,0.7,11.4,6.0,0.0,0.3,1.9,0.14,0.44,0.7,4.0,0.61,0.2,1.5,0.1,0.2,7.05,0.0,14.0,2.7,0.1,1.2,1181,19,Attacker,0.3,0.6666666666666666,0.0614035087719298,1.7142857142857144,0.1357142857142857,0.5555555555555555,0.1629629629629629,83.60654938367921,92.97935195298278,73.78355957767722,20.506221719457013,62.82547042307164,True,False
875672,Hamed Traorè,8583,Auxerre,FRA-Ligue 1,1.0,19.4,4.0,0.0,0.5,2.8,0.12,0.33,1.3,2.0,0.43,0.3,1.2,0.0,0.4,7.12,0.0,27.0,2.9,1.8,1.5,2106,26,Midfielder,0.6176470588235293,0.1428571428571428,0.0515463917525773,1.1538461538461535,0.1037037037037037,0.4137931034482758,0.1137931034482758,72.96419098143237,77.8050397877984,58.46816976127322,41.9761273209549,62.80803584745459,False,False
886016,Kiernan Dewsbury-Hall,8668,Everton,ENG-Premier League,1.0,29.6,6.0,0.0,1.3,3.3,0.19,0.13,1.2,2.0,0.29,0.5,0.4,0.0,0.7,7.16,0.0,23.0,1.3,1.7,0.9,1565,19,Midfielder,0.6470588235294118,0.2272727272727272,0.0337837837837837,0.75,0.1434782608695652,0.3076923076923077,0.1,57.78676470588235,55.53308823529412,81.6470588235294,59.47426470588235,62.73897555934488,True,False
1032811,Federico Vinas,8670,Real Oviedo,ESP-La Liga,0.6,13.8,4.0,0.0,0.6,1.6,0.11,0.29,2.0,1.0,0.21,0.5,0.7,0.1,0.4,6.83,0.0,17.0,1.7,2.3,1.8,1277,19,Attacker,0.5833333333333334,0.1785714285714285,0.0434782608695652,0.9,0.0941176470588235,0.4117647058823529,0.1705882352941176,70.13235294117648,76.66176470588236,53.94852941176471,49.87132352941176,62.73144730631096,True,False
940976,Kang-In Lee,9847,Paris Saint-Germain,FRA-Ligue 1,3.6,56.0,8.0,0.0,0.5,3.3,0.31,0.16,1.3,2.0,0.19,0.2,1.0,0.1,0.7,7.19,0.0,32.0,2.8,1.1,1.3,949,17,Midfielder,0.5,0.1538461538461538,0.0642857142857143,1.0,0.103125,0.3571428571428571,0.0571428571428571,70.81733369740469,52.013308108389246,84.8079393561138,45.32714412024757,62.72653380245537,True,False
862608,Kaoru Mitoma,10204,Brighton and Hove Albion,ENG-Premier League,0.5,23.2,3.0,0.0,0.7,2.0,0.15,0.17,1.1,1.0,0.15,0.5,0.5,0.0,0.4,6.81,0.0,22.0,1.1,0.8,1.5,1188,16,Attacker,0.5416666666666666,0.3846153846153846,0.021551724137931,1.3636363636363635,0.0909090909090909,0.4545454545454545,0.1545454545454545,76.1261117178967,73.00644276278149,63.47468403807147,38.20581083892443,62.71572000579505,True,False
1071186,Angelo Stiller,10269,VfB Stuttgart,GER-Bundesliga,2.4,67.5,6.0,0.0,1.4,4.9,0.26,0.11,0.6,5.0,0.05,1.0,0.2,0.2,0.7,7.32,0.0,36.0,0.4,1.4,0.5,1703,22,Midfielder,0.7999999999999999,0.4166666666666667,0.0355555555555555,0.8333333333333334,0.1361111111111111,0.5,0.2749999999999999,52.76135122484007,49.32169605242628,89.9316195974411,69.34735658189005,62.60922952377974,True,False
789630,Marcus Tavernier,8678,Bournemouth,ENG-Premier League,1.1,30.2,3.0,0.0,1.5,2.5,0.13,0.26,1.0,3.0,0.25,0.6,0.7,0.1,0.8,7.11,0.0,28.0,2.2,1.4,0.9,1765,22,Midfielder,0.6666666666666666,0.3,0.0364238410596026,0.9,0.0892857142857142,0.3181818181818181,0.1181818181818181,64.56033832631196,61.04627607010974,62.01950382274927,61.96725958287824,62.5128160614111,True,False
1021382,Joao Pedro,8455,Chelsea,ENG-Premier League,0.5,19.1,5.0,0.0,1.1,1.7,0.08,0.42,1.2,4.0,0.47,0.2,0.9,0.2,0.5,7.21,0.0,24.0,2.1,0.9,1.2,1900,26,Attacker,0.4782608695652174,0.1818181818181818,0.0261780104712041,1.0,0.0708333333333333,0.4285714285714285,0.1999999999999999,72.74595620741665,88.34257164404222,54.98559317626255,37.56503224632028,62.38844313531914,True,False
1126058,Malik Tillman,8178,Bayer 04 Leverkusen,GER-Bundesliga,0.7,36.6,6.0,0.0,0.8,2.1,0.15,0.19,0.9,0.0,0.29,0.9,0.4,0.3,0.8,7.28,0.0,22.0,1.7,2.0,0.6,1248,17,Midfielder,0.7631578947368421,0.3103448275862069,0.0191256830601092,0.6666666666666666,0.0954545454545454,0.2352941176470588,0.1117647058823529,53.39338235294117,56.93014705882353,67.27205882352942,79.08088235294116,62.18058269274058,True,False
1395447,Nathaniel Brown,9810,Eintracht Frankfurt,GER-Bundesliga,1.1,30.0,6.0,0.0,1.4,2.1,0.12,0.12,0.9,4.0,0.17,1.0,0.4,0.1,0.4,7.13,0.0,20.0,0.7,2.9,0.6,1622,21,Midfielder,0.8125,0.2564102564102564,0.0366666666666666,0.6666666666666666,0.105,0.5714285714285715,0.1714285714285714,49.52531596192853,65.01551204035991,70.36239402922973,69.55120403599106,61.943894377735006,True,False
1342757,Joao Neves,9847,Paris Saint-Germain,FRA-Ligue 1,2.3,64.0,2.0,0.0,0.2,1.4,0.13,0.22,1.1,1.0,0.46,0.5,0.6,0.5,0.7,7.49,0.0,9.0,1.9,2.0,0.6,977,13,Midfielder,0.6944444444444444,0.2,0.0359375,0.5454545454545454,0.1555555555555555,0.3157894736842105,0.1157894736842105,52.97435247308473,64.68243225672231,63.95423102928174,70.75457039579757,61.849259264031936,True,False
650616,Mathias Jensen,9937,Brentford,ENG-Premier League,2.8,33.7,6.0,0.0,1.3,3.3,0.25,0.14,0.9,1.0,0.15,0.4,0.3,0.1,0.5,6.66,0.0,17.0,1.3,1.7,1.0,1206,24,Midfielder,0.7000000000000001,0.1904761904761904,0.0830860534124628,1.1111111111111112,0.1941176470588235,0.2307692307692307,0.1076923076923077,68.49264705882354,46.90441176470589,83.61764705882352,51.275735294117645,61.80924998448324,True,False
1134206,Mohamed Amoura,8721,VfL Wolfsburg,GER-Bundesliga,0.8,16.0,5.0,0.0,0.8,1.5,0.1,0.5,1.0,2.0,0.56,0.3,1.0,0.1,0.6,7.03,0.0,21.0,3.2,1.9,0.6,1292,19,Attacker,0.6875,0.1363636363636363,0.05,0.6,0.0714285714285714,0.3125,0.15625,61.36329770635045,79.3867738076663,54.28993082644198,53.499577417173775,61.75321004176436,True,False
1624586,Bazoumana Touré,8226,TSG 1899 Hoffenheim,GER-Bundesliga,0.7,19.4,6.0,0.0,0.7,2.4,0.16,0.16,1.7,5.0,0.13,0.3,0.5,0.1,0.9,7.19,0.0,25.0,1.5,1.3,2.1,1352,18,Attacker,0.4848484848484849,0.1874999999999999,0.0360824742268041,1.2352941176470589,0.096,0.3333333333333333,0.1066666666666666,72.34191176470587,52.38970588235294,69.94852941176471,51.16544117647059,61.74737168165159,True,False
1215652,Omari Hutchinson,10203,Nottingham Forest,ENG-Premier League,0.5,25.0,6.0,0.0,0.4,3.0,0.26,0.14,1.4,3.0,0.09,0.5,0.6,0.0,0.7,6.77,0.0,25.0,1.7,1.4,2.4,1033,20,Attacker,0.5757575757575758,0.2631578947368421,0.02,1.7142857142857144,0.12,0.3529411764705882,0.0823529411764706,77.19184610183595,45.298109429448175,71.88248296666147,53.752893067041136,61.73445004994896,True,False
1175708,Ansgar Knauff,9810,Eintracht Frankfurt,GER-Bundesliga,0.1,15.9,4.0,0.0,0.6,1.4,0.13,0.3,1.8,1.0,0.36,0.6,1.2,0.0,0.6,6.72,0.0,16.0,2.3,0.9,0.8,1004,20,Attacker,0.4545454545454546,0.3999999999999999,0.0062893081761006,0.4444444444444445,0.0875,0.5217391304347826,0.1304347826086956,54.89843059239612,79.20989363915328,63.62960940344308,51.63150127424975,61.66810472369772,True,False
318615,Leandro Trossard,9825,Arsenal,ENG-Premier League,1.5,25.8,4.0,0.0,0.7,2.5,0.15,0.26,0.7,5.0,0.3,0.4,0.6,0.1,0.4,7.16,0.0,28.0,2.2,1.2,0.8,1523,23,Attacker,0.6956521739130436,0.25,0.0581395348837209,1.142857142857143,0.0892857142857142,0.2727272727272727,0.1181818181818181,70.52950278254538,63.61500754147813,67.05467571644043,43.51425729442971,61.62184881148003,True,False
793066,David Neres,9875,Napoli,ITA-Serie A,0.4,26.3,9.0,0.0,0.2,3.2,0.31,0.15,1.8,3.0,0.29,0.1,0.4,0.3,0.8,6.88,0.0,21.0,1.7,1.0,1.8,925,16,Attacker,0.3793103448275862,0.0909090909090909,0.0152091254752851,1.0,0.1523809523809524,0.2352941176470588,0.088235294117647,73.73433843033234,49.53244785978052,83.83045977011496,41.97573074322567,61.58479487754466,True,False
467486,Moses Simon,6379,Paris FC,FRA-Ligue 1,0.3,16.6,4.0,0.0,0.5,2.5,0.17,0.15,0.6,2.0,0.21,0.6,0.5,0.1,0.6,6.53,0.0,15.0,1.7,0.6,1.0,1309,19,Attacker,0.6666666666666667,0.5,0.0180722891566265,1.6666666666666667,0.1666666666666666,0.2941176470588235,0.088235294117647,74.72426470588236,51.20955882352941,72.875,46.54779411764706,61.461154877696266,True,False
970692,Bryan Gil,7732,Girona,ESP-La Liga,0.4,22.6,6.0,0.0,0.6,2.3,0.17,0.13,1.0,3.0,0.0,0.6,0.4,0.0,0.4,6.58,0.0,17.0,1.5,1.9,1.7,1209,21,Attacker,0.7142857142857143,0.24,0.0176991150442477,1.7,0.1352941176470588,0.2666666666666666,0.0866666666666666,78.8340744785978,39.979475477193525,73.01347064024549,58.21440552348261,61.42289849159143,True,False
1102708,Germán Valera,10268,Elche,ESP-La Liga,0.8,33.8,6.0,0.0,1.1,3.2,0.16,0.11,1.3,3.0,0.2,0.5,0.3,0.3,0.5,7.15,0.0,27.0,0.9,1.9,1.1,1802,23,Midfielder,0.6486486486486486,0.2083333333333333,0.0236686390532544,0.8461538461538461,0.1185185185185185,0.3333333333333333,0.1222222222222222,60.88970588235294,55.0625,76.63970588235294,53.75367647058824,61.34402049351649,True,False
534670,Martin Ødegaard,9825,Arsenal,ENG-Premier League,2.6,45.0,4.0,0.0,0.5,2.9,0.25,0.09,0.6,4.0,0.08,0.6,0.6,0.0,1.1,6.98,0.0,29.0,1.7,1.4,0.8,1065,19,Midfielder,0.7692307692307692,0.3,0.0577777777777777,1.3333333333333337,0.0999999999999999,0.3529411764705882,0.0529411764705882,68.49538409528267,41.0435000260051,77.7792167264784,63.37836115878712,61.251056072144486,True,False
947901,Jonathan Burkardt,9905,1. FSV Mainz 05,GER-Bundesliga,0.8,15.5,4.0,0.0,0.6,2.7,0.11,0.63,1.0,2.0,0.76,0.0,1.3,0.0,1.0,7.21,0.0,20.0,3.1,0.6,0.7,2120,29,Attacker,0.3749999999999999,0.0,0.0516129032258064,0.7,0.135,0.4193548387096774,0.2032258064516129,57.354111405835546,92.91445623342176,60.73607427055703,40.25198938992042,61.15181314527044,False,False
638070,Luis Rioja,10267,Valencia CF,ESP-La Liga,1.1,23.0,4.0,0.0,1.2,2.7,0.15,0.09,0.4,4.0,0.11,0.7,0.2,0.0,0.6,6.87,0.0,25.0,1.6,1.2,1.2,1635,23,Midfielder,0.8260869565217391,0.3684210526315789,0.0478260869565217,3.0,0.108,0.125,0.0562499999999999,77.90972980704217,37.1801568107349,72.43754875955688,61.76103266240184,60.70006553119347,True,False
935379,Dejan Kulusevski,8586,Tottenham Hotspur,ENG-Premier League,0.5,24.1,9.0,0.0,0.3,3.9,0.15,0.16,1.8,4.0,0.26,0.5,0.7,0.2,1.0,6.92,0.0,65.0,1.8,1.7,1.4,2391,32,Midfielder,0.55,0.2272727272727272,0.0207468879668049,0.7777777777777777,0.06,0.3888888888888888,0.0888888888888888,59.0948275862069,58.44827586206896,61.57824933687002,64.94363395225463,60.67669522900236,False,False
1171140,Jaidon Anthony,8191,Burnley,ENG-Premier League,0.8,21.4,2.0,0.0,1.0,1.7,0.09,0.17,0.9,1.0,0.32,0.5,0.7,0.3,0.9,6.86,0.0,24.0,1.6,1.6,1.1,1679,25,Attacker,0.7000000000000001,0.238095238095238,0.0373831775700934,1.2222222222222223,0.0708333333333333,0.4374999999999999,0.10625,71.93014705882352,67.47058823529412,41.86029411764706,65.46691176470588,60.67458972826192,True,False
883080,Morgan Rogers,10252,Aston Villa,ENG-Premier League,1.0,21.1,10.0,0.0,0.9,2.9,0.11,0.19,1.3,5.0,0.31,0.4,0.9,0.0,0.6,7.07,0.0,33.0,2.2,1.1,1.1,2320,26,Attacker,0.5357142857142857,0.2666666666666666,0.0473933649289099,0.8461538461538461,0.0878787878787878,0.409090909090909,0.0863636363636363,67.2185598377282,63.53277942476725,68.7682295729963,41.99813413429032,60.6721220555326,True,False
1047676,Yéremi Pino,9826,Crystal Palace,ENG-Premier League,1.5,25.3,9.0,0.0,0.9,4.7,0.26,0.2,1.3,1.0,0.11,0.4,0.5,0.1,0.8,6.78,0.0,37.0,1.9,1.6,0.9,1638,24,Midfielder,0.6060606060606061,0.2,0.0592885375494071,0.6923076923076923,0.127027027027027,0.2631578947368421,0.1052631578947368,55.29136760805117,52.99130129505383,83.85404639309304,54.76390622562022,60.59380647100499,True,False
1175939,Paul Nebel,9905,1. FSV Mainz 05,GER-Bundesliga,0.6,27.9,2.0,0.0,0.9,1.9,0.15,0.19,1.3,0.0,0.08,0.6,0.1,0.1,0.8,6.6,0.0,21.0,1.1,1.7,0.9,1141,18,Midfielder,0.638888888888889,0.2608695652173913,0.021505376344086,0.6923076923076923,0.0904761904761904,0.0909090909090909,0.1727272727272727,57.165886513756696,58.66126410776513,65.71982108493263,62.01093514328807,60.55453680432235,True,False
868344,Tijjani Reijnders,8456,Manchester City,ENG-Premier League,0.7,39.0,4.0,0.0,1.0,2.0,0.12,0.24,1.1,2.0,0.31,0.5,0.9,0.1,0.8,7.0,0.0,16.0,2.5,0.6,1.1,1464,24,Midfielder,0.5,0.4545454545454545,0.0179487179487179,1.0,0.125,0.36,0.096,69.0828327352161,62.959906641701785,60.95338586362927,46.54630207520674,60.45100919602587,True,False
460632,Joshua Kimmich,9823,Bayern München,GER-Bundesliga,6.9,96.7,12.0,0.0,0.7,6.3,0.41,0.13,0.3,5.0,0.07,0.8,0.3,0.1,0.3,7.61,0.0,34.0,1.0,1.0,0.7,1377,18,Midfielder,0.8571428571428571,0.4444444444444445,0.0713547052740434,2.333333333333333,0.1852941176470588,0.3,0.13,61.339568055338844,41.46993810786915,95.13889322307172,53.39433478961877,60.37318956402861,True,False
850354,Bruno Guimaraes,10261,Newcastle United,ENG-Premier League,2.9,45.4,5.0,0.0,1.3,3.6,0.16,0.22,1.5,4.0,0.4,0.5,0.8,0.0,0.7,7.63,0.0,38.0,1.4,2.2,0.6,2018,23,Midfielder,0.6428571428571429,0.1851851851851851,0.0638766519823788,0.3999999999999999,0.0947368421052631,0.5714285714285715,0.1571428571428571,42.32122145940605,71.68001378270141,72.75111821917096,65.45631143704166,60.32081519436276,True,False
853108,Jean-Philippe Krasso,6379,Paris FC,FRA-Ligue 1,0.5,14.1,4.0,0.0,0.6,2.2,0.21,0.28,1.5,2.0,0.19,0.1,0.8,0.1,0.5,6.53,0.0,19.0,2.0,1.2,1.3,962,21,Attacker,0.4642857142857143,0.0769230769230769,0.0354609929078014,0.8666666666666667,0.1157894736842105,0.4,0.14,67.90441176470588,72.02941176470587,71.7720588235294,32.55147058823529,60.31840351434138,True,False
586388,Aleksandr Golovin,9829,Monaco,FRA-Ligue 1,1.1,30.7,2.0,0.0,0.6,1.3,0.11,0.17,1.7,4.0,0.16,1.4,0.8,0.3,1.0,7.08,0.0,18.0,1.7,1.5,1.0,1133,16,Midfielder,0.6304347826086957,0.4827586206896551,0.0358306188925081,0.5882352941176471,0.0722222222222222,0.4705882352941177,0.1,56.98842773183544,60.49203593904405,51.70341186872628,78.9774600821761,60.26164548448874,True,False
1296763,Lewis Miley,10261,Newcastle United,ENG-Premier League,1.2,48.0,2.0,0.0,1.8,2.0,0.16,0.11,0.3,3.0,0.08,1.4,0.3,0.2,0.2,7.18,0.0,14.0,1.0,1.9,0.9,1133,19,Midfielder,0.9166666666666669,0.4242424242424242,0.0249999999999999,3.0,0.1428571428571428,0.3,0.11,74.81617647058823,43.83455882352941,63.80882352941177,59.94485294117647,60.17600844347699,True,False
892679,Chris Führich,10269,VfB Stuttgart,GER-Bundesliga,0.7,34.3,9.0,0.0,0.7,6.0,0.27,0.13,0.4,3.0,0.09,0.3,0.5,0.1,0.4,6.82,0.0,33.0,1.6,0.7,1.8,1986,33,Attacker,0.7142857142857143,0.3,0.0204081632653061,4.5,0.1818181818181818,0.3125,0.08125,85.95159151193633,41.34946949602122,89.3501326259947,34.22745358090185,60.12324059908507,False,False
620027,Xaver Schlager,178475,RB Leipzig,GER-Bundesliga,1.5,45.0,2.0,0.0,1.3,2.2,0.16,0.11,1.2,1.0,0.15,0.5,0.4,0.1,0.7,7.14,0.0,15.0,1.2,1.7,1.3,1237,18,Midfielder,0.6470588235294118,0.2272727272727272,0.0333333333333333,1.0833333333333337,0.1466666666666666,0.3333333333333333,0.0916666666666666,68.6654411764706,47.665441176470594,65.10294117647058,59.47426470588235,60.094999694445214,True,False
564847,Viktor Tsigankov,7732,Girona,ESP-La Liga,1.2,27.4,2.0,0.0,1.0,1.9,0.12,0.2,0.6,2.0,0.26,0.8,0.8,0.1,0.1,7.1,0.0,23.0,1.5,1.5,0.8,1401,18,Attacker,0.793103448275862,0.3478260869565218,0.0437956204379562,1.3333333333333337,0.0826086956521739,0.5333333333333333,0.1333333333333333,65.72978753835751,63.677764341810985,60.34567275185936,47.44304233629792,59.80281948709334,True,False
683450,Pablo Fornals,8603,Real Betis,ESP-La Liga,3.2,45.4,6.0,0.0,0.8,4.1,0.19,0.15,0.9,4.0,0.28,1.2,0.7,0.1,0.9,7.46,0.0,51.0,1.6,1.3,0.8,1948,24,Midfielder,0.7352941176470589,0.48,0.0704845814977973,0.888888888888889,0.080392156862745,0.4374999999999999,0.0937499999999999,53.36195194258075,53.1315987933635,64.87491548343475,74.27534196702554,59.79926783151636,True,False
1037539,Pavel Sulc,9748,Lyon,FRA-Ligue 1,0.4,16.3,4.0,0.0,0.7,1.5,0.11,0.55,1.8,3.0,0.73,0.5,1.1,0.0,0.4,7.28,0.0,14.0,2.6,1.4,1.0,1230,20,Attacker,0.5135135135135135,0.2631578947368421,0.0245398773006134,0.5555555555555556,0.1071428571428571,0.4230769230769231,0.2115384615384615,58.15808823529412,92.88235294117648,55.61029411764706,39.05882352941176,59.70338683743151,True,False
771401,Anthony Caci,9905,1. FSV Mainz 05,GER-Bundesliga,1.5,31.5,6.0,0.0,1.4,7.9,0.26,0.1,1.2,7.0,0.03,0.9,0.4,0.3,0.5,7.25,0.0,50.0,1.1,2.0,1.0,2703,33,Midfielder,0.7073170731707318,0.3103448275862069,0.0476190476190476,0.8333333333333334,0.158,0.3636363636363636,0.0909090909090909,56.22347480106101,40.212201591511935,87.77851458885942,64.69827586206897,59.44158290154757,False,False
1520063,Johan Manzambi,8358,Sport-Club Freiburg,GER-Bundesliga,1.3,34.1,3.0,0.0,1.4,2.8,0.18,0.13,1.1,2.0,0.2,1.3,0.4,0.1,0.5,6.89,0.0,13.0,2.0,1.2,1.3,1384,18,Midfielder,0.6944444444444444,0.52,0.0381231671554252,1.1818181818181817,0.2153846153846153,0.2,0.065,71.42279411764706,39.60294117647059,71.00735294117646,59.77941176470589,59.39078549275048,True,False
1083796,Kevin Schade,9937,Brentford,ENG-Premier League,0.2,11.7,7.0,0.0,1.1,1.7,0.08,0.42,1.6,3.0,0.29,0.8,1.0,0.1,0.4,6.98,0.0,23.0,2.0,1.4,0.7,1865,23,Attacker,0.5789473684210527,0.3636363636363636,0.017094017094017,0.4374999999999999,0.0739130434782608,0.5,0.21,57.668545534924846,86.94003224632029,49.12071566026942,48.79405263431632,59.37125075265102,True,False
1103837,Issa Soumaré,9746,Le Havre,FRA-Ligue 1,0.8,14.8,6.0,0.0,1.4,2.2,0.1,0.5,1.8,2.0,0.29,0.3,0.9,0.2,0.6,7.11,0.0,18.0,2.4,1.0,1.0,1869,22,Attacker,0.4193548387096774,0.2307692307692307,0.054054054054054,0.5555555555555556,0.1222222222222222,0.375,0.2083333333333333,58.72604930566391,76.65701877568004,56.33551776148124,46.53142715972331,59.29691020324139,True,False
1184694,Alberto Moleiro,10205,Villarreal,ESP-La Liga,0.5,18.4,6.0,0.0,0.6,2.4,0.13,0.26,1.3,4.0,0.51,0.3,1.0,0.2,0.4,7.09,0.0,23.0,2.0,0.8,1.1,1598,23,Midfielder,0.4583333333333333,0.2727272727272727,0.0271739130434782,0.8461538461538461,0.1043478260869565,0.5,0.13,70.99815363811307,72.69566885109481,65.48537213293805,30.618193165860507,59.1538801749174,True,False
690230,Lautaro Martinez,8636,Internazionale,ITA-Serie A,0.8,19.3,11.0,0.0,0.8,2.0,0.09,0.54,1.9,4.0,0.66,0.2,1.5,0.0,1.1,7.47,0.0,32.0,3.9,0.9,0.9,1905,25,Attacker,0.3666666666666667,0.1818181818181818,0.0414507772020725,0.4736842105263158,0.0625,0.3846153846153846,0.1384615384615384,50.60450798356478,83.07391948821969,61.49721745462111,46.38908826129921,59.1044215327422,True,False
794253,Justin Kluivert,8678,Bournemouth,ENG-Premier League,1.2,26.5,3.0,0.0,0.2,1.5,0.15,0.22,1.5,0.0,0.2,0.4,0.4,0.1,1.0,6.59,0.0,21.0,1.6,1.0,1.1,920,18,Midfielder,0.4827586206896551,0.2857142857142857,0.0452830188679245,0.7333333333333334,0.0714285714285714,0.25,0.1374999999999999,62.20081786030062,69.59394991418317,55.31665106360847,48.388373121131735,59.080460827862105,True,False
760359,Harvey Barnes,10261,Newcastle United,ENG-Premier League,0.4,20.4,3.0,0.0,0.8,2.0,0.13,0.37,0.8,0.0,0.33,0.1,1.0,0.0,0.5,6.68,0.0,15.0,2.8,0.7,0.7,1382,25,Attacker,0.4999999999999999,0.125,0.0196078431372549,0.8749999999999999,0.1333333333333333,0.3571428571428571,0.1321428571428571,68.63866567847298,75.7196585530764,69.75052010193998,28.02900218442815,59.04473822360673,True,False
609504,Oliver Burke,8149,1. FC Union Berlin,GER-Bundesliga,0.2,12.0,2.0,0.0,0.0,1.3,0.12,0.26,0.6,1.0,0.36,0.4,0.9,0.2,0.8,6.56,0.0,14.0,2.1,0.5,0.7,1000,20,Attacker,0.6,0.4444444444444445,0.0166666666666666,1.1666666666666667,0.0928571428571428,0.4285714285714285,0.1238095238095238,67.75,75.90073529411765,47.39705882352942,45.76838235294117,58.93662283484117,True,False
797901,Jorge de Frutos,8370,Rayo Vallecano,ESP-La Liga,0.2,11.7,1.0,0.0,0.5,2.0,0.12,0.32,1.4,1.0,0.41,0.2,0.9,0.0,0.7,6.95,0.0,19.0,1.9,1.2,0.9,1521,21,Attacker,0.5,0.1428571428571428,0.017094017094017,0.6428571428571429,0.1052631578947368,0.4736842105263158,0.1684210526315789,58.29712123576221,79.09046523118532,51.13111769906902,49.06349144432309,58.823136395723374,True,False
942372,Álex Baena,10205,Villarreal,ESP-La Liga,2.4,26.7,21.0,0.0,0.5,12.6,0.44,0.25,1.5,9.0,0.24,0.8,0.6,0.1,0.6,7.5,0.0,95.0,2.4,1.0,0.7,2602,32,Midfielder,0.5454545454545455,0.4444444444444445,0.0898876404494382,0.4666666666666666,0.1326315789473684,0.25,0.1041666666666666,43.9157824933687,57.97082228116711,94.45623342175064,51.044429708222815,58.74702519038384,False,False
864157,Jan-Niklas Beste,8358,Sport-Club Freiburg,GER-Bundesliga,0.9,18.2,2.0,0.0,1.3,3.0,0.24,0.13,0.9,2.0,0.08,1.0,0.6,0.0,0.3,6.99,0.0,26.0,1.2,2.0,0.6,1128,17,Attacker,0.7692307692307693,0.3333333333333333,0.0494505494505494,0.6666666666666666,0.1153846153846153,0.5,0.1083333333333333,51.52941176470588,56.0110294117647,71.36764705882354,59.4375,58.73167617394759,True,False
1053714,Nicola Zalewski,8524,Atalanta,ITA-Serie A,1.9,23.1,6.0,0.0,1.4,2.6,0.2,0.16,0.9,2.0,0.16,0.7,0.5,0.0,0.3,7.09,0.0,21.0,2.0,1.3,1.6,1148,21,Midfielder,0.6896551724137931,0.35,0.0822510822510822,1.777777777777778,0.1238095238095238,0.25,0.08,74.93455817340198,39.430195818380405,74.62934935247308,49.31533130493576,58.63888228154197,True,False
439366,Abdoulaye Touré,9746,Le Havre,FRA-Ligue 1,3.0,33.3,2.0,0.0,1.5,1.1,0.04,0.36,1.2,1.0,0.39,1.3,0.6,0.7,0.6,7.14,0.0,7.0,1.8,2.4,0.7,2329,28,Midfielder,0.7551020408163265,0.3513513513513513,0.0900900900900901,0.5833333333333334,0.1571428571428571,0.3333333333333333,0.1999999999999999,51.72413793103448,80.11273209549071,38.826259946949605,79.5291777188329,58.53559698582204,False,False
1209980,Carlos Álvarez,8581,Levante,ESP-La Liga,1.0,24.8,6.0,0.0,0.3,3.8,0.21,0.1,0.9,1.0,0.16,0.6,0.5,0.1,0.5,6.78,0.0,35.0,1.3,1.1,0.9,1654,24,Midfielder,0.6538461538461539,0.3529411764705882,0.0403225806451612,1.0,0.1085714285714285,0.3846153846153846,0.0769230769230769,63.422794117647065,46.36029411764706,80.27941176470588,46.7610294117647,58.52454083341444,True,False
621562,Marcus Thuram,8636,Internazionale,ITA-Serie A,0.3,17.4,3.0,0.0,0.2,1.6,0.12,0.43,2.2,3.0,0.53,0.0,1.5,0.1,0.8,7.17,0.0,21.0,3.5,1.1,1.1,1193,19,Attacker,0.3333333333333333,0.0,0.0172413793103448,0.5,0.0761904761904762,0.4285714285714285,0.1228571428571428,57.90277344359495,84.87775003900764,56.42753679721225,38.773209549071616,58.42347676380072,True,False
881771,Ferran Torres,8634,Barcelona,ESP-La Liga,0.3,14.5,3.0,0.0,0.3,1.3,0.09,0.75,0.6,1.0,0.79,0.2,1.7,0.1,0.6,7.22,0.0,17.0,3.5,0.3,0.3,1370,22,Attacker,0.4545454545454545,0.4,0.0206896551724137,0.5,0.0764705882352941,0.4857142857142857,0.2142857142857142,58.118186664586254,95.31384251313256,52.37771103136214,36.50336115878712,58.3896418089697,True,False
915797,Noah Okafor,8463,Leeds United,ENG-Premier League,1.3,13.3,2.0,0.0,0.8,1.0,0.07,0.3,1.1,0.0,0.28,0.7,0.6,0.0,0.5,6.78,0.0,14.0,1.8,1.4,2.3,1277,23,Attacker,0.6562499999999999,0.3333333333333333,0.0977443609022556,2.0909090909090904,0.0714285714285714,0.3333333333333333,0.1666666666666666,85.7610294117647,73.68014705882352,31.69117647058824,52.37132352941176,58.328111705438296,True,False
1202525,Bryan Zaragoza,9910,Celta de Vigo,ESP-La Liga,1.0,20.5,4.0,0.0,0.4,2.9,0.23,0.16,0.6,1.0,0.08,0.2,1.0,0.0,0.6,6.85,0.0,18.0,2.1,0.8,2.1,1135,19,Attacker,0.625,0.2,0.048780487804878,3.5000000000000004,0.1611111111111111,0.4761904761904761,0.0761904761904761,87.3908501066209,45.30342097051022,79.21328080303739,29.7488492744578,58.32652104390368,True,False
1392779,Etta Eyong,8581,Levante,ESP-La Liga,0.4,10.0,3.0,0.0,0.9,1.6,0.09,0.43,1.4,3.0,0.35,0.2,1.0,0.0,1.0,6.79,0.0,12.0,2.4,1.6,0.6,1532,22,Attacker,0.5625,0.1111111111111111,0.04,0.4285714285714286,0.1333333333333333,0.4166666666666667,0.1791666666666666,47.11764705882352,85.66544117647058,53.66911764705882,55.09926470588235,58.319899491391325,True,False
494417,Harry Wilson,9879,Fulham,ENG-Premier League,1.3,21.5,5.0,0.0,1.5,3.7,0.17,0.2,0.5,4.0,0.37,0.5,0.9,0.0,0.3,7.16,0.0,27.0,2.5,0.9,0.5,1938,25,Attacker,0.7368421052631579,0.3571428571428571,0.0604651162790697,1.0,0.137037037037037,0.36,0.08,58.57116944921205,65.89622666042544,63.51002496489312,44.66050995995215,58.30631730382858,True,False
891743,Mohammed Kudus,8586,Tottenham Hotspur,ENG-Premier League,1.1,22.1,3.0,0.0,0.3,2.4,0.14,0.11,1.3,5.0,0.12,0.2,0.5,0.0,0.7,6.99,0.0,23.0,1.5,1.7,3.0,1545,19,Attacker,0.5937499999999999,0.1052631578947368,0.0497737556561086,2.3076923076923075,0.1043478260869565,0.3333333333333333,0.0733333333333333,81.09346231861446,45.686723097727146,58.87745098039216,47.16851952982785,58.191687866206806,True,False
671686,Aleix Febas,10268,Elche,ESP-La Liga,1.6,54.0,1.0,0.0,0.6,2.1,0.09,0.07,0.9,1.0,0.09,0.6,0.3,0.1,0.5,7.3,0.0,18.0,0.7,1.9,1.7,2060,23,Midfielder,0.7352941176470589,0.24,0.0296296296296296,1.8888888888888888,0.1166666666666666,0.4285714285714286,0.1,78.06985294117646,47.29044117647059,48.97058823529412,59.900735294117645,58.131109316932,True,False
1265963,Igor Paixao,8592,Marseille,FRA-Ligue 1,0.8,26.1,1.0,0.0,0.8,1.0,0.08,0.28,1.0,2.0,0.31,0.8,1.0,0.1,0.6,6.95,0.0,11.0,2.5,1.1,1.3,1165,19,Attacker,0.6551724137931034,0.4210526315789473,0.0306513409961685,1.3,0.0909090909090909,0.4,0.112,77.44485294117646,71.82720588235294,34.536764705882355,55.02205882352941,58.00264404271005,True,False
352879,Adrien Rabiot,8564,Milan,ITA-Serie A,1.5,40.5,5.0,0.0,1.3,1.8,0.11,0.12,1.2,4.0,0.24,0.5,0.4,0.2,0.3,7.51,0.0,14.0,1.4,1.8,0.9,1470,17,Midfielder,0.6571428571428571,0.2173913043478261,0.037037037037037,0.75,0.1285714285714286,0.2857142857142857,0.0857142857142857,53.91019139751391,59.67602200031206,65.96536121079731,52.91679019087741,57.94272465483536,True,False
956925,Georginio Rutter,10204,Brighton and Hove Albion,ENG-Premier League,0.8,14.6,6.0,0.0,1.4,2.1,0.12,0.13,1.6,2.0,0.12,0.4,0.7,0.1,0.9,6.59,0.0,19.0,2.0,1.4,1.5,1515,23,Midfielder,0.5294117647058824,0.2222222222222222,0.0547945205479452,0.9375,0.1105263157894737,0.35,0.065,65.81295183856035,47.34700551308057,59.69585738804806,59.32893197066625,57.936985512544126,True,False
625175,Grischa Prömel,8226,TSG 1899 Hoffenheim,GER-Bundesliga,1.3,40.5,1.0,0.0,2.5,1.7,0.13,0.26,0.9,2.0,0.47,0.9,0.6,0.4,0.6,7.1,0.0,12.0,1.9,2.0,0.4,1160,22,Midfielder,0.7631578947368421,0.3103448275862069,0.0320987654320987,0.4444444444444445,0.1416666666666666,0.3157894736842105,0.1368421052631579,43.01102941176471,72.83088235294117,55.13235294117647,72.15808823529412,57.897722391021546,True,False
689065,Alexis Claude,8406,FC Augsburg,GER-Bundesliga,0.2,28.4,2.0,0.0,0.5,1.9,0.13,0.25,1.1,2.0,0.2,0.3,1.3,0.1,0.4,7.02,0.0,18.0,3.1,1.5,1.5,1352,19,Midfielder,0.6206896551724137,0.1666666666666666,0.0070422535211267,1.3636363636363635,0.1055555555555555,0.4193548387096774,0.0806451612903225,78.28058199407083,61.556346543922615,49.69562334217508,40.78756436261508,57.75631984271655,True,False
1250492,Matthis Abline,9830,Nantes,FRA-Ligue 1,0.3,10.3,6.0,0.0,0.5,2.1,0.1,0.23,1.3,2.0,0.2,0.2,0.8,0.0,0.6,6.88,0.0,18.0,3.0,0.9,2.1,1784,22,Attacker,0.4583333333333333,0.1818181818181818,0.029126213592233,1.6153846153846154,0.1166666666666666,0.2666666666666666,0.0766666666666666,75.33242965621262,56.81339392520934,63.98697144640349,34.49280308940552,57.64688735611176,True,False
1044029,Nicolo Cambiaghi,9857,Bologna,ITA-Serie A,0.4,19.0,5.0,0.0,0.2,2.0,0.16,0.15,1.9,4.0,0.24,0.3,0.5,0.0,1.0,6.8,0.0,16.0,1.5,1.7,1.0,1136,20,Attacker,0.5128205128205129,0.15,0.0210526315789473,0.5263157894736842,0.125,0.3333333333333333,0.0999999999999999,50.77941176470589,55.63235294117647,69.65441176470588,57.5,57.63799739020334,True,False
704151,Arnaut Danjuma,10267,Valencia CF,ESP-La Liga,1.2,15.8,4.0,0.0,0.4,2.4,0.15,0.25,1.0,2.0,0.19,0.0,0.8,0.1,0.6,6.69,0.0,12.0,2.0,0.8,1.4,1429,22,Attacker,0.4444444444444445,0.0,0.0759493670886075,1.4,0.1999999999999999,0.4,0.125,77.71136292713372,70.27985385135487,64.64409424247152,24.84970354189421,57.61685201469954,True,False
900433,Khvicha Kvaratskhelia,9847,Paris Saint-Germain,FRA-Ligue 1,1.1,43.8,7.0,0.0,0.4,4.0,0.38,0.33,1.3,3.0,0.39,0.6,1.6,0.2,0.7,7.13,0.0,25.0,3.7,1.6,2.4,927,18,Attacker,0.6285714285714287,0.2727272727272727,0.0251141552511415,1.846153846153846,0.16,0.4324324324324324,0.0891891891891892,61.63591563946533,50.70746866385812,79.17678264939929,40.96142793987621,57.58940857821953,True,False
846005,Dominik Szoboszlai,8650,Liverpool,ENG-Premier League,3.5,54.0,5.0,0.0,1.7,3.8,0.16,0.15,1.0,2.0,0.17,0.6,0.7,0.3,0.4,7.4,0.0,44.0,2.0,1.5,0.9,2153,24,Midfielder,0.6774193548387097,0.2857142857142857,0.0648148148148148,0.9,0.0863636363636363,0.35,0.075,57.58945753367661,53.901791751183225,72.77310552868363,46.46766916315598,57.53426927249444,True,False
1137705,Enzo Fernández,8455,Chelsea,ENG-Premier League,2.6,49.2,9.0,0.0,1.0,5.1,0.22,0.41,1.1,2.0,0.34,0.5,0.9,0.0,0.3,7.33,0.0,45.0,2.2,1.8,0.3,2148,25,Midfielder,0.676470588235294,0.2173913043478261,0.0528455284552845,0.2727272727272727,0.1133333333333333,0.409090909090909,0.1863636363636363,37.713235294117645,76.93568939512143,80.91677068705467,49.16348754355854,57.51991979544896,True,False
613260,Jean-Luc Dompe,9790,Hamburger SV,GER-Bundesliga,0.5,18.1,6.0,0.0,0.0,3.6,0.32,0.11,0.2,0.0,0.18,0.0,0.8,0.0,0.4,6.95,0.0,29.0,1.9,0.4,1.6,997,15,Attacker,0.6666666666666666,0.0,0.0276243093922651,8.0,0.1241379310344827,0.4210526315789474,0.0578947368421052,86.70220588235294,47.38235294117648,85.4485294117647,23.85661764705882,57.38007639999941,True,False
541555,Mattia Zaccagni,8543,Lazio,ITA-Serie A,0.9,25.3,3.0,0.0,0.3,1.4,0.08,0.15,1.2,0.0,0.17,0.9,0.6,0.0,0.4,7.04,0.0,23.0,1.5,1.6,1.2,1621,19,Attacker,0.6756756756756757,0.36,0.0355731225296442,1.0,0.0608695652173913,0.3999999999999999,0.0999999999999999,69.37851718936912,60.81128101107817,47.206454465075154,51.14270947105632,57.36151780376693,True,False
1215057,Vitinha,10233,Genoa,ITA-Serie A,0.5,10.1,4.0,0.0,1.4,1.7,0.1,0.21,1.6,1.0,0.18,0.6,0.8,0.2,0.6,6.78,0.0,13.0,2.6,1.3,1.8,1531,24,Attacker,0.5428571428571428,0.3157894736842105,0.0495049504950495,1.125,0.1307692307692307,0.3076923076923077,0.0807692307692307,69.39405523482603,45.2987010454049,59.95202059603682,54.7749323867478,57.356870010065165,True,False
1242587,Amine Sbai,8121,Angers,FRA-Ligue 1,0.7,22.2,3.0,0.0,0.2,1.3,0.12,0.12,1.0,1.0,0.09,0.4,0.7,0.0,0.8,6.64,0.0,16.0,1.6,1.3,2.0,1007,15,Attacker,0.6296296296296297,0.2352941176470588,0.0315315315315315,2.0,0.08125,0.4374999999999999,0.075,80.97058823529413,47.338235294117645,47.18382352941177,55.084558823529406,57.27372924806472,True,False
1113694,Jonathan Rowe,9857,Bologna,ITA-Serie A,0.5,18.8,4.0,0.0,0.2,1.2,0.12,0.24,1.3,1.0,0.0,0.5,0.9,0.0,0.7,6.77,0.0,12.0,2.9,1.3,2.7,945,16,Attacker,0.5806451612903226,0.2777777777777778,0.026595744680851,2.076923076923077,0.0999999999999999,0.3103448275862069,0.0827586206896551,83.17279411764706,41.81985294117647,52.6985294117647,52.73529411764706,57.04399213026486,True,False
408943,Takumi Minamino,9829,Monaco,FRA-Ligue 1,0.7,21.4,3.0,0.0,0.5,2.0,0.19,0.3,0.9,2.0,0.28,0.4,0.7,0.2,1.3,6.65,0.0,9.0,2.0,0.3,0.4,949,15,Midfielder,0.4374999999999999,0.5714285714285715,0.0327102803738317,0.4444444444444445,0.2222222222222222,0.35,0.15,43.21464607062984,74.11810864929527,72.17012534456752,46.465731783429554,57.04088977094468,True,False
1061249,Vitinha,9847,Paris Saint-Germain,FRA-Ligue 1,7.5,111.0,8.0,0.0,1.1,3.3,0.18,0.04,0.6,7.0,0.05,1.1,0.5,0.2,0.8,7.78,0.0,29.0,1.5,0.9,0.5,1649,21,Midfielder,0.7692307692307692,0.55,0.0675675675675675,0.8333333333333334,0.1137931034482758,0.3333333333333333,0.0266666666666666,58.30340796796171,36.0500728142716,76.87815311801114,67.31804883757216,57.01797092655632,True,False
900433,Khvicha Kvaratskhelia,9847,Paris Saint-Germain,FRA-Ligue 1,1.1,43.8,7.0,0.0,0.4,4.0,0.38,0.33,1.3,3.0,0.39,0.6,1.6,0.2,0.7,7.13,0.0,25.0,3.7,1.6,2.4,927,18,Attacker,0.6285714285714287,0.2727272727272727,0.0251141552511415,1.846153846153846,0.16,0.4324324324324324,0.0891891891891892,61.63591563946533,50.70746866385812,75.21126540801997,40.96142793987621,56.85437371270471,True,False
1305543,Kévin Danois,8583,Auxerre,FRA-Ligue 1,2.8,40.1,6.0,0.0,0.4,3.0,0.15,0.08,1.0,1.0,0.1,1.2,0.3,0.1,0.5,7.15,0.0,34.0,1.0,2.0,1.3,1762,21,Midfielder,0.7619047619047619,0.3749999999999999,0.0698254364089775,1.3,0.088235294117647,0.3,0.08,66.93644354293441,34.03760987153482,60.730769230769226,77.09871534820824,56.7479500819733,True,False
1398377,Lucas Stassin,9853,St Etienne,FRA-Ligue 1,0.4,17.3,7.0,0.0,0.4,3.1,0.15,0.38,1.5,4.0,0.58,0.1,1.1,0.0,0.4,6.92,0.0,18.0,2.1,0.8,1.0,1867,28,Attacker,0.375,0.1111111111111111,0.0231213872832369,0.6666666666666666,0.1722222222222222,0.5238095238095238,0.1809523809523809,57.68567639257295,91.8998673740053,72.09549071618036,22.417108753315645,56.72076286435211,False,False
846761,Zakaria Aboukhlal,9941,Toulouse,FRA-Ligue 1,0.1,10.0,2.0,0.0,0.4,2.0,0.09,0.48,1.7,2.0,0.33,0.3,1.4,0.0,0.8,6.81,0.0,12.0,3.0,1.0,0.8,1907,26,Midfielder,0.4333333333333333,0.2307692307692307,0.01,0.4705882352941177,0.1666666666666666,0.4666666666666666,0.16,48.89920424403184,86.72413793103448,51.11405835543767,46.94628647214855,56.59536633716057,False,False
848266,Weston McKennie,9885,Juventus,ITA-Serie A,0.9,30.3,4.0,0.0,1.7,3.9,0.2,0.27,1.6,4.0,0.2,0.9,0.7,0.3,0.4,7.24,0.0,28.0,1.7,1.3,0.6,1765,24,Midfielder,0.5789473684210527,0.409090909090909,0.0297029702970297,0.3749999999999999,0.1392857142857143,0.4117647058823529,0.1588235294117647,44.080277734435946,65.56132001872368,76.06181411556666,46.75905627502991,56.45469120430388,True,False
1199383,Ange-Yoan Bonny,10167,Parma,ITA-Serie A,0.4,15.1,7.0,0.0,0.5,2.2,0.08,0.33,0.7,4.0,0.21,0.1,0.8,0.1,0.4,6.63,0.0,30.0,2.3,1.2,1.2,2545,37,Attacker,0.65,0.0769230769230769,0.0264900662251655,1.7142857142857144,0.0733333333333333,0.3478260869565218,0.1434782608695652,78.50795755968169,70.81233421750663,48.1498673740053,31.604774535809018,56.44177256807246,False,False
846383,Callum Hudson-Odoi,10203,Nottingham Forest,ENG-Premier League,1.1,28.9,4.0,0.0,0.7,2.0,0.12,0.14,0.6,1.0,0.18,0.4,0.6,0.1,0.4,6.78,0.0,32.0,1.6,0.7,1.5,1472,24,Attacker,0.6470588235294118,0.3636363636363636,0.0380622837370242,2.5,0.0625,0.3749999999999999,0.0875,82.91222629635408,53.11683439954231,50.5605268632652,39.19424507203412,56.42752184927407,True,False
1574189,Senny Mayulu,9847,Paris Saint-Germain,FRA-Ligue 1,0.8,31.8,5.0,0.0,0.2,1.7,0.13,0.22,1.5,4.0,0.24,0.5,0.6,0.0,1.3,7.21,0.0,23.0,1.8,2.7,0.6,1145,17,Midfielder,0.6808510638297872,0.15625,0.0251572327044025,0.3999999999999999,0.0739130434782608,0.3333333333333333,0.1222222222222222,41.59191176470589,64.00367647058823,56.05147058823529,76.51838235294117,56.3837301813068,True,False
593129,Pere Milla,8558,Espanyol,ESP-La Liga,0.8,17.4,4.0,0.0,0.7,2.0,0.12,0.34,1.0,0.0,0.36,0.7,1.0,0.2,0.8,6.91,0.0,28.0,2.8,1.5,0.4,1520,22,Attacker,0.6875,0.3181818181818181,0.0459770114942528,0.4,0.0714285714285714,0.3571428571428571,0.1214285714285714,41.875,74.12132352941177,53.90441176470589,66.125,56.3704435669082,True,False
474658,Álvaro Garcia,8370,Rayo Vallecano,ESP-La Liga,0.9,15.2,10.0,0.0,1.3,3.9,0.22,0.3,0.8,4.0,0.17,0.6,0.7,0.1,0.5,6.83,0.0,29.0,1.8,1.1,0.1,1608,23,Attacker,0.68,0.3529411764705882,0.0592105263157894,0.125,0.1344827586206896,0.3888888888888888,0.1666666666666666,34.78848754355854,68.96066729078899,84.7289878816248,54.23132834035471,56.35585995907064,True,False
1181101,Tyrhys Dolan,8558,Espanyol,ESP-La Liga,0.2,18.6,4.0,0.0,0.5,2.6,0.15,0.1,1.4,3.0,0.06,0.5,0.4,0.0,0.7,6.82,0.0,20.0,1.4,2.4,1.3,1517,23,Attacker,0.6744186046511628,0.1724137931034483,0.010752688172043,0.9285714285714288,0.13,0.2857142857142857,0.0714285714285714,64.35294117647058,32.893382352941174,71.05882352941177,66.83088235294117,56.20145973399285,True,False
31097,Luka Modric,8564,Milan,ITA-Serie A,5.2,62.7,4.0,0.0,1.2,3.4,0.15,0.06,0.7,3.0,0.09,1.4,0.3,0.4,0.4,7.73,0.0,38.0,0.5,1.8,0.5,2006,24,Midfielder,0.8205128205128205,0.4374999999999999,0.0829346092503987,0.7142857142857143,0.0894736842105263,0.6,0.12,46.56529879856453,46.29942918812088,72.08031674208145,69.49809512664483,56.19030368023599,True,False
1076647,Lucas Da Cunha,10171,Como,ITA-Serie A,2.0,58.4,5.0,0.0,0.7,3.0,0.16,0.21,1.2,1.0,0.11,0.7,0.5,0.0,0.3,7.12,0.0,29.0,1.1,1.6,0.7,1695,23,Midfielder,0.6571428571428571,0.3043478260869565,0.0342465753424657,0.5833333333333334,0.1034482758620689,0.4545454545454545,0.1909090909090909,47.95768320590836,59.21772767462423,70.43542934415144,50.21632339938628,56.16776811128696,True,False
1024292,Marco Grüll,8697,SV Werder Bremen,GER-Bundesliga,0.4,21.9,0.0,0.0,0.9,2.5,0.16,0.14,1.3,1.0,0.13,0.6,0.7,0.3,0.6,6.87,0.0,28.0,2.1,2.0,1.1,1410,22,Attacker,0.6666666666666666,0.2307692307692307,0.0182648401826484,0.8461538461538461,0.0892857142857142,0.3333333333333333,0.0666666666666666,59.49370026525199,56.44050033806625,54.1317548239455,53.3287824413585,56.104070070600464,True,False
1690093,Jan Virgili,8661,Mallorca,ESP-La Liga,0.1,16.1,7.0,0.0,0.5,1.9,0.14,0.12,0.8,4.0,0.0,0.3,0.7,0.1,0.7,6.77,0.0,25.0,1.7,0.8,2.6,1284,19,Attacker,0.5789473684210527,0.2727272727272727,0.0062111801242236,3.25,0.076,0.4117647058823529,0.0705882352941176,86.28676470588236,37.86764705882352,61.95588235294118,42.45955882352941,56.10041422042607,True,False
771294,Ismaila Sarr,9826,Crystal Palace,ENG-Premier League,0.3,14.2,3.0,0.0,1.4,0.6,0.04,0.41,0.6,1.0,0.33,0.5,0.7,0.1,0.5,6.94,0.0,14.0,1.8,0.7,0.5,1370,16,Midfielder,0.6666666666666667,0.4166666666666667,0.0211267605633802,0.8333333333333334,0.0428571428571428,0.3888888888888888,0.2277777777777777,60.69561684090081,84.6092409112186,46.35127685026265,37.77660971550424,56.07401712607476,True,False
536455,Goncalo Guedes,8560,Real Sociedad,ESP-La Liga,1.0,19.1,4.0,0.0,0.3,1.9,0.13,0.19,1.0,3.0,0.41,0.2,1.0,0.0,0.6,6.82,0.0,18.0,2.2,1.3,1.0,1323,24,Attacker,0.6,0.1333333333333333,0.0523560209424083,1.0,0.1055555555555555,0.4545454545454545,0.0863636363636363,62.08166250585115,65.54859052374265,50.64941228480782,44.33376241743381,55.91397416600494,True,False
933768,Curtis Jones,8650,Liverpool,ENG-Premier League,2.7,74.9,3.0,0.0,0.8,2.3,0.18,0.09,0.7,1.0,0.0,0.6,0.3,0.2,0.5,6.89,0.0,17.0,1.2,1.8,1.2,1111,23,Midfielder,0.7741935483870969,0.25,0.0360480640854472,1.7142857142857144,0.1352941176470588,0.25,0.075,66.89376917875904,38.99951890570552,57.711291413116975,63.97781765225985,55.83436677661254,True,False
1033099,Hicham Boudaoui,9831,Nice,FRA-Ligue 1,1.3,29.6,2.0,0.0,1.8,1.5,0.14,0.14,1.1,2.0,0.09,1.2,0.7,0.5,0.5,6.8,0.0,12.0,1.4,1.2,0.7,949,15,Midfielder,0.6857142857142857,0.5,0.0439189189189189,0.6363636363636362,0.125,0.5,0.1,50.34055624902481,53.126521298174445,58.76085712799709,64.76525198938991,55.77552801210555,True,False
1095445,Arnaud Kalimuendo-Muinga,9851,Rennes,FRA-Ligue 1,0.7,16.5,5.0,0.0,0.6,2.1,0.07,0.52,1.0,3.0,0.59,0.1,1.3,0.1,0.6,6.85,0.0,19.0,2.6,0.7,0.7,2589,33,Attacker,0.4444444444444445,0.125,0.0424242424242424,0.7,0.1105263157894737,0.5,0.2,57.0159151193634,94.78116710875332,49.20424403183025,32.5,55.76435149006005,False,False
654096,Declan Rice,9825,Arsenal,ENG-Premier League,2.5,55.8,13.0,0.0,2.3,5.6,0.22,0.11,0.7,4.0,0.16,1.1,0.5,0.4,0.4,7.66,0.0,51.0,1.4,1.9,0.4,2239,26,Midfielder,0.8108108108108107,0.3666666666666667,0.0448028673835125,0.5714285714285715,0.1098039215686274,0.3571428571428571,0.0785714285714285,42.751430280334944,44.59723305767931,82.78500286056067,66.89955531284131,55.74228103891894,True,False
1372921,Andrey Santos,9848,Strasbourg,FRA-Ligue 1,1.6,44.1,9.0,0.0,2.0,2.0,0.06,0.16,0.9,3.0,0.32,1.0,0.5,0.4,0.5,7.75,0.0,27.0,1.4,3.5,0.6,2857,32,Midfielder,0.8333333333333333,0.2222222222222222,0.0362811791383219,0.6666666666666666,0.074074074074074,0.3571428571428571,0.1142857142857143,48.42506631299735,63.136604774535805,44.794429708222815,76.62135278514589,55.62465612623005,False,False
604785,Alex Iwobi,9879,Fulham,ENG-Premier League,2.6,43.8,2.0,0.0,0.6,3.1,0.17,0.05,0.2,2.0,0.11,0.5,0.4,0.1,0.3,6.86,0.0,28.0,1.1,1.1,0.6,1697,20,Attacker,0.888888888888889,0.3125,0.0593607305936073,3.0,0.1107142857142857,0.3636363636363636,0.0454545454545454,68.55002730535183,39.26326259946949,73.06112498049617,44.26910724502002,55.51887117593005,True,False
706297,Jean-Philippe Mateta,9826,Crystal Palace,ENG-Premier League,0.5,8.0,2.0,0.0,1.9,1.2,0.06,0.56,0.8,0.0,0.38,0.2,1.2,0.2,0.5,6.72,0.0,6.0,2.5,0.4,0.7,1914,23,Attacker,0.4285714285714286,0.3333333333333333,0.0625,0.8749999999999999,0.1999999999999999,0.48,0.224,63.84807172205752,91.84367686066469,47.00644926405576,29.37204192021636,55.45399524005187,True,False
1164506,Tiago Tomás,8721,VfL Wolfsburg,GER-Bundesliga,0.7,15.4,4.0,0.0,0.7,1.5,0.07,0.26,1.4,1.0,0.29,0.4,1.0,0.2,0.5,6.75,0.0,20.0,2.0,1.6,1.4,1892,32,Attacker,0.5882352941176471,0.2,0.0454545454545454,1.0,0.075,0.5,0.13,67.40053050397879,77.43368700265252,36.30636604774536,46.27984084880637,55.45051013986904,False,False
362212,Piotr Zielinski,8636,Internazionale,ITA-Serie A,2.4,60.5,4.0,0.0,1.3,1.9,0.14,0.15,1.0,1.0,0.38,0.2,0.6,0.2,0.5,7.32,0.0,20.0,1.4,1.1,1.0,1188,22,Midfielder,0.5652173913043479,0.1538461538461538,0.0396694214876033,1.0,0.095,0.4285714285714286,0.1071428571428571,62.06566286992251,67.85342227076507,50.11888230093098,40.70993914807303,55.29537320085811,True,False
751649,Jack Harrison,8668,Everton,ENG-Premier League,0.6,16.2,6.0,0.0,1.3,3.1,0.14,0.15,0.6,0.0,0.04,0.4,0.3,0.1,0.4,6.44,0.0,33.0,1.3,1.4,1.0,2083,34,Attacker,0.75,0.2222222222222222,0.037037037037037,1.6666666666666667,0.0939393939393939,0.2307692307692307,0.1153846153846153,71.06432360742707,41.83023872679045,62.86472148541114,45.72281167108753,55.2708837242134,False,False
343748,Leon Goretzka,9823,Bayern München,GER-Bundesliga,2.5,71.2,2.0,0.0,2.0,2.7,0.2,0.09,0.7,0.0,0.15,1.3,0.3,0.4,0.4,7.13,0.0,11.0,1.0,1.4,0.5,1202,19,Midfielder,0.7941176470588235,0.4814814814814814,0.0351123595505617,0.7142857142857143,0.2454545454545454,0.3,0.09,48.33339834607583,48.15062802309253,65.45606438862016,64.83159749310865,55.24201423430978,True,False
540307,Lorenzo Pellegrini,8686,Roma,ITA-Serie A,1.8,34.7,3.0,0.0,0.9,2.2,0.2,0.39,1.2,0.0,0.28,0.9,0.9,0.3,0.5,6.85,0.0,17.0,2.3,0.6,0.5,976,17,Midfielder,0.5555555555555555,0.6,0.0518731988472622,0.4166666666666667,0.1294117647058823,0.391304347826087,0.1695652173913043,43.59610833723411,73.30676912674885,66.17940916419619,44.03435923440994,55.21529468304506,True,False
239219,Mateo Kovacic,8456,Manchester City,ENG-Premier League,1.8,71.2,6.0,0.0,0.9,3.2,0.13,0.08,1.0,2.0,0.25,1.0,0.5,0.0,0.6,7.33,0.0,33.0,1.8,2.8,0.9,2202,31,Midfielder,0.7916666666666666,0.2631578947368421,0.0252808988764044,0.9,0.0969696969696969,0.2777777777777778,0.0444444444444444,55.62665782493369,35.6631299734748,62.74535809018568,79.40649867374006,55.08157680514312,False,False
1079892,Rayan Philippe,9790,Hamburger SV,GER-Bundesliga,0.5,11.1,2.0,0.0,0.7,1.3,0.12,0.4,1.5,0.0,0.45,0.2,1.3,0.0,0.4,6.7,0.0,14.0,2.8,1.4,1.0,1008,19,Attacker,0.5161290322580645,0.125,0.045045045045045,0.6666666666666666,0.0928571428571428,0.4642857142857143,0.1428571428571428,60.89338235294117,86.16544117647058,47.39705882352942,32.48161764705882,55.0135520044689,True,False
1137364,Justin Njinmah,8697,SV Werder Bremen,GER-Bundesliga,0.1,14.3,1.0,0.0,0.6,0.6,0.04,0.33,0.5,0.0,0.3,0.4,1.1,0.0,0.7,6.63,0.0,8.0,2.7,1.0,0.8,1212,21,Attacker,0.7368421052631579,0.2857142857142857,0.0069930069930069,1.6,0.075,0.4074074074074074,0.1222222222222222,74.56688510948146,72.62818562438237,30.96550423883081,50.42761481250324,54.99121606403572,True,False
836436,Gabriel Strefezza,10171,Como,ITA-Serie A,1.2,28.6,5.0,0.0,0.9,4.1,0.14,0.12,1.6,4.0,0.21,0.4,0.8,0.1,0.7,7.05,0.0,57.0,2.0,1.9,1.2,2632,37,Attacker,0.5897435897435898,0.1739130434782609,0.0419580419580419,0.7499999999999999,0.0719298245614035,0.4,0.06,55.35145888594164,49.06167108753315,57.86472148541114,58.875994694960205,54.98135314100884,False,False
477615,Sandro Ramirez,8306,Las Palmas,ESP-La Liga,0.7,17.7,6.0,0.0,0.9,3.2,0.14,0.18,1.1,3.0,0.4,0.7,0.9,0.0,0.4,6.93,0.0,28.0,2.3,1.2,0.7,2045,31,Attacker,0.6333333333333333,0.3684210526315789,0.03954802259887,0.6363636363636362,0.1142857142857143,0.391304347826087,0.0782608695652174,49.20755968169761,61.432360742705576,67.22811671087533,43.9290450928382,54.97268360895251,False,False
317062,Adrien Thomasson,8588,Lens,FRA-Ligue 1,1.4,38.3,7.0,0.0,1.1,3.9,0.19,0.23,2.2,5.0,0.1,0.7,0.4,0.1,0.5,7.53,0.0,47.0,1.4,2.9,0.5,1832,21,Midfielder,0.6206896551724137,0.1944444444444444,0.0365535248041775,0.2272727272727272,0.0829787234042553,0.2857142857142857,0.1642857142857143,35.53820148749155,58.39561554064596,72.50442086648984,69.3712097571124,54.97062431379466,True,False
789502,Morgan Gibbs-White,10203,Nottingham Forest,ENG-Premier League,1.1,30.1,3.0,0.0,1.0,2.0,0.08,0.27,0.8,2.0,0.24,0.4,0.7,0.1,0.5,6.94,0.0,36.0,2.2,0.6,0.7,2215,26,Midfielder,0.5555555555555556,0.4,0.0365448504983388,0.8749999999999999,0.0555555555555555,0.3181818181818181,0.1227272727272727,61.862127476985485,64.40357310032766,52.584269516825294,39.91923466999532,54.96741945685525,True,False
442728,Tim Kleindienst,9788,Borussia Mönchengladbach,GER-Bundesliga,0.4,14.8,11.0,0.0,2.1,4.0,0.13,0.44,2.5,7.0,0.53,0.4,1.3,0.3,0.7,7.26,0.0,29.0,2.5,1.0,0.5,2741,31,Attacker,0.358974358974359,0.2857142857142857,0.027027027027027,0.2,0.1379310344827586,0.52,0.176,30.8554376657825,92.33090185676392,76.3395225464191,45.278514588859416,54.95435016918917,False,False
183353,Kike Garcia,8558,Espanyol,ESP-La Liga,0.2,12.6,3.0,0.0,1.1,2.1,0.2,0.46,2.0,1.0,0.39,0.3,1.5,0.1,0.9,6.59,0.0,15.0,3.3,0.7,0.8,935,23,Attacker,0.3333333333333333,0.3,0.0158730158730158,0.4,0.14,0.4545454545454546,0.1393939393939394,43.569622145940606,85.96671347584127,58.68914807302232,40.90961928537993,54.93413089069723,True,False
150565,Pierre-Emerick Aubameyang,8592,Marseille,FRA-Ligue 1,0.4,17.6,8.0,0.0,0.5,3.1,0.23,0.56,1.1,5.0,0.46,0.3,1.4,0.0,0.4,7.04,0.0,18.0,2.4,0.5,0.4,1186,19,Attacker,0.4210526315789473,0.3749999999999999,0.0227272727272727,0.3636363636363636,0.1722222222222222,0.5833333333333334,0.2333333333333333,41.65441176470589,95.98161764705884,84.78676470588235,23.81985294117647,54.81698550669628,True,False
561164,Lucas Boye,9866,Alavés,ESP-La Liga,0.3,14.8,3.0,0.0,0.7,0.9,0.06,0.34,2.4,1.0,0.33,0.3,0.8,0.2,1.3,6.66,0.0,18.0,2.7,1.6,1.9,1353,18,Attacker,0.4418604651162791,0.1578947368421052,0.0202702702702702,0.7916666666666666,0.05,0.2962962962962963,0.1259259259259259,68.66176470588235,70.71691176470588,31.625000000000004,56.55514705882352,54.81474155053829,True,False
966019,Felix Nmecha,9789,Borussia Dortmund,GER-Bundesliga,1.7,38.0,2.0,0.0,1.0,3.5,0.19,0.09,1.0,3.0,0.11,1.1,0.3,0.2,0.4,7.39,0.0,17.0,1.3,1.5,1.5,1674,22,Midfielder,0.7222222222222222,0.4230769230769231,0.0447368421052631,1.5,0.2058823529411764,0.2307692307692307,0.0692307692307692,67.75958937951839,37.15802647318875,56.68247776564206,61.936300514900914,54.7716278223562,True,False
747718,Christoph Baumgartner,178475,RB Leipzig,GER-Bundesliga,1.3,25.3,4.0,0.0,1.6,2.7,0.14,0.43,1.9,6.0,0.42,0.6,1.1,0.2,0.4,7.31,0.0,27.0,2.6,1.8,0.5,1713,21,Midfielder,0.5581395348837209,0.25,0.0513833992094861,0.2631578947368421,0.1,0.4230769230769231,0.1653846153846153,38.43403157018776,77.66303895563532,57.90847506111199,55.40596556925158,54.62170037103304,True,False
1345875,Fares Chaibi,9810,Eintracht Frankfurt,GER-Bundesliga,1.1,30.3,6.0,0.0,1.3,1.8,0.14,0.12,0.8,7.0,0.08,0.7,0.4,0.2,0.8,7.14,0.0,24.0,1.3,1.5,0.4,1168,16,Midfielder,0.7333333333333334,0.3181818181818181,0.0363036303630363,0.5,0.075,0.3076923076923077,0.0923076923076923,48.65294897799969,44.77123966297395,63.75128725230146,68.55625552608312,54.602708766397086,True,False
661761,Riccardo Orsolini,9857,Bologna,ITA-Serie A,1.9,16.7,1.0,0.0,0.4,0.8,0.05,0.37,0.9,1.0,0.45,0.3,1.4,0.0,0.3,7.02,0.0,17.0,3.2,0.7,1.6,1390,23,Attacker,0.5263157894736842,0.3,0.1137724550898203,1.777777777777778,0.0470588235294117,0.4374999999999999,0.1156249999999999,82.70106490872212,80.97159593280283,36.63752795547927,29.427257242419515,54.58433242698828,True,False
967622,Antony,8603,Real Betis,ESP-La Liga,0.7,36.2,7.0,0.0,0.8,3.6,0.2,0.28,0.6,5.0,0.34,1.0,1.4,0.1,0.6,7.67,0.0,41.0,3.0,1.3,1.0,1595,19,Attacker,0.793103448275862,0.4347826086956522,0.0193370165745856,1.6666666666666667,0.0878048780487805,0.4666666666666666,0.0933333333333333,57.89571956103397,50.17070395797575,63.710225204140016,45.57172205752328,54.53783058733704,True,False
640122,Brais Méndez,8560,Real Sociedad,ESP-La Liga,2.5,36.7,3.0,0.0,0.4,1.6,0.11,0.22,2.4,2.0,0.36,0.4,0.9,0.1,0.8,6.93,0.0,18.0,1.9,1.6,1.1,1241,21,Midfielder,0.4545454545454545,0.2,0.0681198910081743,0.4583333333333333,0.0888888888888888,0.4736842105263158,0.1157894736842105,47.376683830030686,70.24516955323244,50.45133146096635,54.09438549955792,54.5345972663817,True,False
881735,Anton Stach,8463,Leeds United,ENG-Premier League,1.8,30.1,7.0,0.0,2.0,3.3,0.18,0.12,1.4,3.0,0.16,0.7,0.5,0.4,0.8,7.3,0.0,44.0,2.0,2.4,0.8,1699,21,Midfielder,0.6888888888888888,0.2258064516129032,0.0598006644518272,0.5714285714285715,0.075,0.25,0.06,49.48161764705882,37.4375,69.16911764705883,74.75735294117646,54.4965135147806,True,False
843099,Scott McTominay,9875,Napoli,ITA-Serie A,0.9,35.1,1.0,0.0,1.9,1.2,0.05,0.28,0.7,3.0,0.28,0.8,1.2,0.4,0.9,7.33,0.0,16.0,3.0,1.1,0.9,1938,23,Midfielder,0.7307692307692308,0.4210526315789473,0.0256410256410256,1.2857142857142858,0.075,0.3999999999999999,0.0933333333333333,69.59568575440785,68.6565701877568,29.99663233993863,59.34103084204503,54.43576917284351,True,False
743533,Federico Valverde,8633,Real Madrid,ESP-La Liga,2.3,54.8,6.0,0.0,1.9,3.4,0.16,0.08,0.5,6.0,0.05,0.9,0.5,0.3,0.4,7.57,0.0,33.0,1.5,1.6,0.7,1906,23,Midfielder,0.8333333333333334,0.36,0.041970802919708,1.4,0.103030303030303,0.3333333333333333,0.0533333333333333,60.40034196702553,32.917947417693874,68.2841967025537,64.9236490352109,54.29135007475575,True,False
557805,Mathias Honsak,94937,1. FC Heidenheim 1846,GER-Bundesliga,0.7,14.8,2.0,0.0,2.2,1.6,0.15,0.14,1.0,0.0,0.0,1.5,0.4,0.1,0.3,6.48,0.0,8.0,2.2,1.6,1.3,937,19,Attacker,0.7560975609756099,0.4838709677419354,0.0472972972972972,1.3,0.2,0.1818181818181818,0.0636363636363636,66.23274561814115,40.86894081239923,58.68977219535029,52.06555234826026,54.27762987159715,True,False
1292354,Theo Le Bris,8689,Lorient,FRA-Ligue 1,0.5,26.4,2.0,0.0,1.8,1.6,0.1,0.08,0.5,2.0,0.13,0.6,0.3,0.1,0.3,6.98,0.0,12.0,0.8,1.9,0.7,1436,21,Midfielder,0.8333333333333334,0.24,0.0189393939393939,1.4,0.1333333333333333,0.3749999999999999,0.0999999999999999,63.92279411764706,47.06617647058824,52.31617647058824,53.06985294117647,54.26284131504704,True,False
1310103,Anton Kade,8406,FC Augsburg,GER-Bundesliga,0.8,20.0,2.0,0.0,1.2,1.2,0.11,0.25,1.0,0.0,0.18,0.5,0.8,0.1,0.5,6.68,0.0,16.0,1.9,1.3,0.8,1007,17,Midfielder,0.6428571428571429,0.2777777777777778,0.04,0.8,0.075,0.4210526315789474,0.131578947368421,61.45955882352941,70.20955882352942,40.88970588235294,46.43014705882353,54.25495418262595,True,False
770321,Mahdi Camara,9851,Rennes,FRA-Ligue 1,0.5,33.6,3.0,0.0,1.5,1.9,0.11,0.08,1.4,1.0,0.06,1.1,0.3,0.2,0.5,7.09,0.0,17.0,0.7,1.9,0.8,1598,20,Midfielder,0.6818181818181818,0.3666666666666667,0.0148809523809523,0.5714285714285715,0.1117647058823529,0.4285714285714286,0.1142857142857143,49.44843839392521,49.02233837832216,54.44018827690227,70.37722343579343,54.238867194860944,True,False
1209441,Ivan Romero,8581,Levante,ESP-La Liga,0.4,15.4,2.0,0.0,0.5,1.1,0.07,0.33,1.4,1.0,0.23,0.4,0.6,0.1,0.6,6.77,0.0,13.0,2.2,1.2,1.4,1547,20,Attacker,0.5333333333333333,0.25,0.0259740259740259,1.0,0.0846153846153846,0.2727272727272727,0.15,73.1029411764706,68.79411764705883,34.713235294117645,44.24999999999999,54.05983419351044,True,False
841672,Nicolás González,9906,Atlético de Madrid,ESP-La Liga,1.4,25.0,3.0,0.0,1.5,1.8,0.14,0.21,1.7,0.0,0.08,0.8,1.2,0.2,0.6,6.88,0.0,10.0,2.7,1.3,1.4,1132,18,Midfielder,0.5526315789473685,0.3809523809523809,0.0559999999999999,0.8235294117647058,0.18,0.4444444444444444,0.0777777777777777,60.579159515265,55.90079705622302,50.908189005045,46.97856529879856,54.02917486097669,True,False
1338192,Pablo Barrios,9906,Atlético de Madrid,ESP-La Liga,2.4,50.2,3.0,0.0,0.7,2.0,0.12,0.1,0.7,1.0,0.06,1.3,0.3,0.1,0.6,7.24,0.0,20.0,1.2,1.7,1.8,1580,21,Midfielder,0.8108108108108107,0.4333333333333333,0.047808764940239,2.571428571428572,0.1,0.25,0.0833333333333333,74.02406771727259,29.33513418630052,53.65769490820201,72.76576559005565,54.007282744351926,True,False
1340895,Bilal El Khannouss,10269,VfB Stuttgart,GER-Bundesliga,2.8,41.9,4.0,0.0,0.5,3.6,0.29,0.13,1.1,3.0,0.24,0.5,0.7,0.2,0.5,7.27,0.0,32.0,2.0,1.6,0.8,1105,16,Midfielder,0.65625,0.238095238095238,0.0668257756563245,0.7272727272727273,0.1125,0.35,0.065,58.469450512300405,39.87986945441306,72.80442866801893,48.16142013834712,53.99411686001528,True,False
557677,Nikola Vlasic,9804,Torino,ITA-Serie A,1.2,26.6,2.0,0.0,0.8,1.9,0.09,0.21,1.5,3.0,0.28,0.6,0.5,0.1,0.5,7.1,0.0,30.0,1.4,1.9,0.9,1898,24,Midfielder,0.625,0.24,0.0451127819548872,0.6,0.0633333333333333,0.3571428571428571,0.15,55.80451968585843,66.22722603630312,41.18643054038592,55.77068705466272,53.97960363218744,True,False
637746,Odsonne Edouard,8588,Lens,FRA-Ligue 1,0.3,11.6,3.0,0.0,1.5,1.3,0.1,0.51,1.2,3.0,0.63,0.1,1.3,0.2,0.4,7.09,0.0,11.0,2.3,0.7,0.9,1136,18,Attacker,0.3999999999999999,0.125,0.0258620689655172,0.75,0.1181818181818181,0.5652173913043479,0.2217391304347826,64.68014705882352,96.375,51.4264705882353,21.11029411764705,53.94086842000923,True,False
464981,Matus Bero,9911,VfL Bochum 1848,GER-Bundesliga,1.9,28.0,5.0,0.0,1.2,3.8,0.14,0.14,1.8,2.0,0.18,0.6,0.5,0.3,0.8,7.1,0.0,53.0,1.1,2.3,0.7,2479,29,Midfielder,0.6170212765957447,0.2068965517241379,0.0678571428571428,0.3888888888888888,0.0716981132075471,0.4545454545454545,0.1272727272727273,36.61472148541114,63.99535809018568,57.37400530503979,71.56498673740053,53.85831353247002,False,False
501543,Franck Honorat,9788,Borussia Mönchengladbach,GER-Bundesliga,0.4,20.0,5.0,0.0,1.1,4.4,0.33,0.04,0.7,5.0,0.0,0.4,0.2,0.2,0.5,6.92,0.0,30.0,0.9,0.9,1.0,1200,16,Attacker,0.65,0.3076923076923077,0.02,1.4285714285714286,0.1466666666666666,0.2222222222222222,0.0444444444444444,67.65538695584335,31.40380064492641,85.85864929526186,41.79056145004421,53.82672067879973,True,False
715301,Jonathan Clauss,9831,Nice,FRA-Ligue 1,2.2,39.6,6.0,0.0,2.6,4.0,0.22,0.04,0.8,4.0,0.06,1.5,0.1,0.2,0.4,7.41,0.0,40.0,0.7,2.2,1.2,1605,19,Midfielder,0.8222222222222223,0.4054054054054054,0.0555555555555555,1.4999999999999998,0.1,0.1428571428571428,0.0571428571428571,57.82514172777866,25.08794273677641,82.54348052218235,72.9351757944557,53.73526257143551,True,False
1049999,Enzo Le Fee,8472,Sunderland,ENG-Premier League,1.0,27.6,4.0,0.0,1.2,2.7,0.12,0.17,1.0,4.0,0.13,0.9,0.2,0.5,0.6,6.98,0.0,31.0,1.0,2.6,0.4,2030,25,Midfielder,0.7777777777777778,0.2571428571428572,0.036231884057971,0.4,0.0870967741935483,0.2,0.17,38.06985294117647,54.65808823529412,59.8014705882353,76.9485294117647,53.70392157285616,True,False
1624039,Jesus Rodriguez,10171,Como,ITA-Serie A,0.4,19.1,7.0,0.0,0.6,2.9,0.2,0.19,1.2,6.0,0.0,0.2,0.6,0.0,0.4,6.91,0.0,30.0,2.5,1.2,2.2,1324,22,Attacker,0.5384615384615385,0.1428571428571428,0.0209424083769633,1.8333333333333333,0.0966666666666666,0.24,0.076,80.12008503666719,39.84865683674,58.28999583918448,38.25057861340823,53.59841539303908,True,False
1197347,Nicolas Jackson,8455,Chelsea,ENG-Premier League,0.2,12.0,6.0,0.0,0.6,1.9,0.08,0.5,1.4,5.0,0.4,0.1,1.4,0.1,0.8,7.05,0.0,28.0,3.1,0.9,0.7,2238,30,Attacker,0.4166666666666667,0.1,0.0166666666666666,0.5,0.0678571428571428,0.4516129032258064,0.1612903225806451,48.97877984084881,87.75862068965517,44.40981432360744,41.70092838196287,53.54559142465865,False,False
282472,Sergi Darder,8661,Mallorca,ESP-La Liga,2.9,30.2,9.0,0.0,0.4,3.1,0.17,0.1,0.8,3.0,0.05,0.9,0.4,0.3,0.4,7.01,0.0,36.0,1.5,0.9,1.6,1666,24,Midfielder,0.6923076923076923,0.5,0.0960264900662251,2.0,0.0861111111111111,0.2666666666666666,0.0666666666666666,76.34027019295782,28.753400166432623,72.98953294845789,46.25055260831123,53.49792546561457,True,False
364520,Domenico Berardi,7943,Sassuolo,ITA-Serie A,1.9,23.7,3.0,0.0,1.2,1.9,0.14,0.31,1.8,3.0,0.39,1.0,0.9,0.0,0.5,7.26,0.0,19.0,2.0,1.3,0.5,1156,15,Attacker,0.5609756097560976,0.4347826086956522,0.080168776371308,0.2777777777777778,0.0999999999999999,0.45,0.155,34.10294117647059,83.46691176470587,58.95588235294118,53.375,53.49528437843849,True,False
1354561,Diego Gomez,10204,Brighton and Hove Albion,ENG-Premier League,0.8,24.7,3.0,0.0,1.2,1.2,0.07,0.27,1.7,0.0,0.18,0.6,0.6,0.1,0.6,6.81,0.0,17.0,1.7,3.4,0.8,1527,23,Midfielder,0.7017543859649122,0.15,0.0323886639676113,0.4705882352941177,0.0705882352941176,0.3529411764705882,0.1588235294117647,49.22794117647059,70.18014705882354,36.45588235294117,69.62867647058823,53.48310368136457,True,False
889785,Jonas Wind,8721,VfL Wolfsburg,GER-Bundesliga,0.9,19.6,9.0,0.0,0.6,4.9,0.22,0.26,0.7,3.0,0.41,0.3,0.6,0.1,0.5,6.87,0.0,34.0,1.8,0.5,0.3,1971,31,Attacker,0.5333333333333333,0.3749999999999999,0.0459183673469387,0.4285714285714286,0.1441176470588235,0.3333333333333333,0.1444444444444444,40.22214854111405,72.47015915119363,85.24535809018566,31.130636604774537,53.41763652551352,False,False
837089,Edu Exposito,8558,Espanyol,ESP-La Liga,2.5,29.5,8.0,0.0,1.0,5.3,0.3,0.09,0.9,5.0,0.0,0.8,0.5,0.1,0.4,7.09,0.0,55.0,1.5,1.9,1.0,1582,23,Midfielder,0.75,0.2962962962962963,0.0847457627118644,1.1111111111111112,0.0963636363636363,0.3333333333333333,0.06,65.1143509127789,26.948301867165963,77.57000572112135,58.47800618921308,53.40203816872579,True,False
1161211,Fabian Rieder,8406,FC Augsburg,GER-Bundesliga,1.1,19.2,3.0,0.0,0.3,2.2,0.15,0.19,1.8,2.0,0.2,0.5,0.5,0.1,0.6,6.71,0.0,18.0,1.8,1.1,0.9,1330,20,Midfielder,0.4705882352941176,0.3125,0.0572916666666666,0.5,0.1222222222222222,0.2777777777777778,0.1055555555555555,49.73529411764706,55.231617647058826,65.33088235294117,44.2389705882353,53.39332679748323,True,False
1159233,Alieu Fadera,7943,Sassuolo,ITA-Serie A,0.9,18.7,1.0,0.0,0.5,1.2,0.12,0.21,3.1,1.0,0.2,0.7,0.4,0.0,0.5,6.49,0.0,7.0,1.3,3.0,0.9,904,23,Attacker,0.5441176470588235,0.1891891891891891,0.0481283422459893,0.2903225806451613,0.1714285714285714,0.3076923076923077,0.1615384615384615,41.99264705882353,65.64338235294117,51.977941176470594,61.09191176470589,53.38278466836488,True,False
1640832,Arsene Kouassi,8689,Lorient,FRA-Ligue 1,0.5,25.1,6.0,0.0,1.9,2.2,0.11,0.02,0.6,4.0,0.1,0.9,0.1,0.1,0.5,7.23,0.0,23.0,0.3,0.9,1.5,1790,21,Midfielder,0.75,0.5,0.0199203187250996,2.5,0.0956521739130434,0.3333333333333333,0.0666666666666666,77.30514705882352,28.937500000000007,62.23529411764706,54.22794117647059,53.35579375435184,True,False
1185568,Benedict Hollerbach,8149,1. FC Union Berlin,GER-Bundesliga,0.7,15.0,3.0,0.0,0.4,2.2,0.08,0.22,1.4,0.0,0.29,0.1,0.8,0.0,0.6,6.57,0.0,26.0,2.6,1.6,1.5,2464,33,Attacker,0.5483870967741936,0.0588235294117647,0.0466666666666666,1.0714285714285714,0.0846153846153846,0.3076923076923077,0.0846153846153846,68.81631299734748,57.0523872679045,42.8050397877984,43.57758620689655,53.22335359938294,False,False
939569,Jonathan David,9885,Juventus,ITA-Serie A,0.2,21.9,4.0,0.0,0.2,1.3,0.09,0.52,1.3,4.0,0.35,0.3,1.0,0.0,0.9,6.79,0.0,27.0,2.2,0.7,0.3,1296,24,Attacker,0.4347826086956522,0.3,0.0091324200913242,0.2307692307692307,0.0481481481481481,0.4545454545454545,0.2363636363636363,40.98660087377126,92.0202579705622,49.8027253341655,42.64497841576949,53.0945921967274,True,False
574645,Mikel Merino,9825,Arsenal,ENG-Premier League,0.6,24.2,4.0,0.0,1.7,1.5,0.13,0.27,1.9,3.0,0.36,0.9,0.7,0.2,0.7,6.97,0.0,12.0,1.9,2.3,0.5,999,21,Midfielder,0.6274509803921569,0.28125,0.024793388429752,0.2631578947368421,0.125,0.3684210526315789,0.1421052631578947,31.579868154158216,77.57096140843605,50.9918864097363,75.38619519425806,53.03731401865541,True,False
1106563,Nick Woltemade,10261,Newcastle United,ENG-Premier League,0.3,11.5,2.0,0.0,1.1,0.8,0.05,0.4,1.0,2.0,0.44,0.2,0.8,0.1,0.4,6.67,0.0,11.0,1.9,1.0,0.6,1426,23,Attacker,0.5454545454545454,0.1666666666666666,0.0260869565217391,0.6,0.0727272727272727,0.4210526315789474,0.2105263157894737,62.95843085244709,90.71236412336818,40.64166276590212,29.132177406771728,52.99687308403212,True,False
1134467,Yuito Suzuki,8358,Sport-Club Freiburg,GER-Bundesliga,1.1,16.8,1.0,0.0,0.8,1.3,0.11,0.24,1.0,2.0,0.25,0.4,0.9,0.0,0.5,6.78,0.0,16.0,2.4,1.1,1.0,1066,17,Midfielder,0.6,0.2666666666666666,0.0654761904761904,1.0,0.08125,0.375,0.1,68.91176470588236,64.74264705882354,39.36029411764706,40.29779411764706,52.97933015003685,True,False
93447,Robert Lewandowski,8634,Barcelona,ESP-La Liga,0.3,13.7,3.0,0.0,0.8,0.8,0.08,0.96,1.0,1.0,0.96,0.2,2.1,0.0,0.8,6.97,0.0,9.0,4.3,0.3,0.8,935,19,Attacker,0.3333333333333333,0.4,0.0218978102189781,0.8,0.0888888888888888,0.4883720930232558,0.2232558139534883,63.05271233161701,96.01676028501583,35.59828626410776,31.854195922400788,52.96494141304607,True,False
1341387,Wilson Odobert,8586,Tottenham Hotspur,ENG-Premier League,0.6,25.3,2.0,0.0,1.2,1.2,0.11,0.17,0.2,2.0,0.0,0.1,0.7,0.0,0.6,6.56,0.0,20.0,2.0,0.9,2.2,980,24,Attacker,0.8333333333333334,0.1,0.0237154150197628,11.0,0.06,0.35,0.085,91.47426470588236,40.99632352941176,40.36764705882353,45.0514705882353,52.94513493989475,True,False
1320176,Wesley,8686,Roma,ITA-Serie A,0.9,31.0,7.0,0.0,2.1,3.2,0.15,0.06,1.2,0.0,0.14,0.8,0.4,0.2,0.4,7.18,0.0,26.0,1.0,2.2,0.7,1873,23,Midfielder,0.7142857142857143,0.2666666666666666,0.0290322580645161,0.5833333333333334,0.123076923076923,0.4,0.06,45.87867647058824,38.45588235294117,77.43382352941177,60.24264705882352,52.836914061458,True,False
578756,Deiver Machado,8588,Lens,FRA-Ligue 1,0.6,31.4,5.0,0.0,1.5,2.9,0.14,0.12,1.4,4.0,0.05,0.8,0.2,0.2,0.4,6.86,0.0,20.0,1.1,1.8,1.1,1805,27,Midfielder,0.65,0.3076923076923077,0.019108280254777,0.7857142857142858,0.145,0.1818181818181818,0.109090909090909,56.45557029177719,38.05371352785146,67.20822281167109,53.27254641909814,52.81625392260949,False,False
1327406,Álvaro Rodriguez,10268,Elche,ESP-La Liga,0.5,15.1,6.0,0.0,1.0,2.1,0.14,0.4,1.5,4.0,0.33,0.1,1.1,0.1,0.3,6.98,0.0,26.0,3.2,0.7,1.8,1346,21,Attacker,0.3478260869565217,0.125,0.0331125827814569,1.2,0.0807692307692307,0.34375,0.125,77.62132352941177,74.90073529411765,62.26470588235294,15.492647058823527,52.74744695736536,True,False
818893,Nicolo Zaniolo,8600,Udinese,ITA-Serie A,1.0,17.5,2.0,0.0,0.0,1.7,0.11,0.26,3.1,2.0,0.33,0.3,0.9,0.0,1.3,6.91,0.0,29.0,3.1,1.1,1.4,1347,21,Attacker,0.3111111111111111,0.2142857142857142,0.0571428571428571,0.4516129032258064,0.0586206896551724,0.2903225806451613,0.0838709677419354,57.0,59.75367647058823,44.43382352941177,49.588235294117645,52.70572196016988,True,False
864006,Matteo Tramoni,6479,Pisa,ITA-Serie A,0.8,14.3,4.0,0.0,0.6,2.1,0.16,0.2,1.1,2.0,0.15,0.7,0.5,0.0,1.2,6.64,0.0,25.0,1.8,1.7,0.4,1227,22,Midfielder,0.6857142857142857,0.2916666666666667,0.0559440559440559,0.3636363636363636,0.084,0.2777777777777778,0.1111111111111111,36.68014705882353,53.70220588235294,61.544117647058826,72.60661764705883,52.64040601450483,True,False
675023,Danel Sinani,8152,FC St. Pauli,GER-Bundesliga,1.1,33.8,3.0,0.0,0.5,3.3,0.24,0.31,1.7,2.0,0.3,0.5,0.9,0.0,0.7,6.92,0.0,27.0,2.6,1.2,0.6,1216,19,Midfielder,0.5,0.2941176470588235,0.0325443786982248,0.3529411764705882,0.1222222222222222,0.3461538461538461,0.1192307692307692,39.09666094554533,60.17634706402455,73.05559889738389,46.1368128153118,52.62853124262141,True,False
724368,Keinan Davis,8600,Udinese,ITA-Serie A,0.3,13.3,4.0,0.0,0.8,1.4,0.08,0.43,1.9,3.0,0.42,0.0,0.9,0.0,0.8,6.94,0.0,21.0,2.2,0.6,1.6,1503,22,Attacker,0.24,0.0,0.0225563909774436,0.8421052631578948,0.0666666666666666,0.409090909090909,0.1954545454545454,66.5565415821501,77.90969730067093,36.262690487335526,36.024854371456804,52.60663899961848,True,False
1054786,Aimar Oroz,8371,Osasuna,ESP-La Liga,1.4,28.2,3.0,0.0,0.7,2.0,0.14,0.07,1.2,2.0,0.0,0.5,0.2,0.1,0.9,6.96,0.0,23.0,1.3,2.1,1.3,1328,18,Midfielder,0.6842105263157895,0.1923076923076923,0.0496453900709219,1.0833333333333337,0.0869565217391304,0.1538461538461538,0.0538461538461538,69.99194492120456,27.64423076923077,57.56042284287721,68.05773131533779,52.54386719875656,True,False
528811,Jens Stage,8697,SV Werder Bremen,GER-Bundesliga,2.3,31.4,4.0,0.0,1.6,2.2,0.12,0.19,1.1,1.0,0.32,0.9,0.6,0.4,0.4,7.12,0.0,15.0,1.8,1.7,0.4,1708,20,Midfielder,0.7027027027027027,0.3461538461538461,0.0732484076433121,0.3636363636363636,0.1466666666666666,0.3333333333333333,0.1055555555555555,33.12503250637125,66.36254355853747,69.00390076454985,55.48122431996672,52.48984224391143,True,False
1050158,Fabio Silva,8306,Las Palmas,ESP-La Liga,0.4,14.4,4.0,0.0,1.2,1.8,0.09,0.42,1.9,3.0,0.48,0.2,1.2,0.0,0.5,7.09,0.0,16.0,2.3,0.6,1.0,1877,24,Attacker,0.2962962962962963,0.25,0.0277777777777777,0.5263157894736842,0.1125,0.5217391304347826,0.1826086956521739,52.94098143236075,91.80039787798408,50.026525198939,27.131962864721487,52.401662376980674,False,False
1286183,Tom Bischof,8226,TSG 1899 Hoffenheim,GER-Bundesliga,2.3,40.2,8.0,0.0,1.8,4.8,0.17,0.08,1.6,2.0,0.18,1.1,0.6,0.4,0.3,7.23,0.0,50.0,1.8,3.3,1.0,2567,31,Midfielder,0.7333333333333334,0.25,0.0572139303482586,0.625,0.096,0.3333333333333333,0.0444444444444444,47.92771883289125,35.72612732095491,72.18169761273211,64.78779840848806,52.39959501736152,False,False
1408580,Joaquin Panichelli,9848,Strasbourg,FRA-Ligue 1,0.1,14.2,5.0,0.0,1.2,1.3,0.06,0.58,1.7,1.0,0.58,0.6,1.2,0.4,0.8,7.27,0.0,22.0,2.4,1.2,0.5,1854,22,Attacker,0.5142857142857142,0.3333333333333333,0.0070422535211267,0.2941176470588235,0.059090909090909,0.5,0.2416666666666666,37.85294117647059,96.11029411764704,40.26470588235294,55.27573529411764,52.34321618494982,True,False
1022649,Dan Ndoye,10203,Nottingham Forest,ENG-Premier League,0.5,17.4,2.0,0.0,0.8,1.5,0.13,0.08,1.2,1.0,0.08,0.8,0.3,0.2,0.2,6.59,0.0,13.0,1.2,1.8,1.0,1088,19,Attacker,0.6842105263157895,0.3076923076923077,0.028735632183908,0.8333333333333334,0.1153846153846153,0.25,0.0666666666666666,64.71365787694388,44.23227752639517,56.83718208768919,42.28535392937015,52.31542268170508,True,False
1089691,Elliot Anderson,10203,Nottingham Forest,ENG-Premier League,3.6,57.2,2.0,0.0,1.1,3.0,0.12,0.08,1.5,2.0,0.04,1.2,0.3,0.4,0.6,7.48,0.0,38.0,1.0,2.8,1.4,2340,26,Midfielder,0.7272727272727273,0.3,0.0629370629370629,0.9333333333333332,0.0789473684210526,0.3,0.08,60.22523664638268,28.739981536381134,56.65573152337858,80.72287018255577,52.27155954497152,True,False
1453218,Mert Kömür,8406,FC Augsburg,GER-Bundesliga,0.3,22.7,4.0,0.0,1.4,1.9,0.15,0.23,1.6,3.0,0.16,0.3,1.0,0.0,0.6,6.68,0.0,20.0,2.7,0.6,1.0,1120,19,Attacker,0.36,0.3333333333333333,0.013215859030837,0.625,0.095,0.3703703703703703,0.0851851851851851,56.79044117647059,56.84558823529412,62.36764705882353,33.31617647058823,52.26700738028585,True,False
665188,Albert Gudmundsson,8535,Fiorentina,ITA-Serie A,1.3,28.4,5.0,0.0,0.6,1.8,0.1,0.24,1.6,3.0,0.24,0.1,0.6,0.1,0.6,6.79,0.0,22.0,1.6,0.2,0.9,1528,22,Attacker,0.1578947368421052,0.3333333333333333,0.0457746478873239,0.5625,0.0818181818181818,0.3749999999999999,0.15,59.6723162739897,76.99633328132315,44.93623550215843,31.774386279710825,52.229273586692806,True,False
638010,Isi Palazon,8370,Rayo Vallecano,ESP-La Liga,2.1,29.0,6.0,0.0,0.8,2.8,0.15,0.23,1.5,3.0,0.11,0.1,0.7,0.3,0.3,6.76,0.0,26.0,2.0,0.9,1.1,1653,22,Midfielder,0.4,0.1,0.0724137931034482,0.7333333333333334,0.1076923076923076,0.35,0.115,58.3090770791075,54.49873875279555,73.45973110729703,27.259959952150624,52.1716821126399,True,False
1353457,Arthur,8178,Bayer 04 Leverkusen,GER-Bundesliga,1.1,30.2,2.0,0.0,2.3,1.4,0.13,0.09,1.6,3.0,0.1,1.4,0.2,0.1,0.6,6.92,0.0,11.0,1.0,1.6,1.2,942,14,Midfielder,0.6521739130434783,0.4666666666666666,0.0364238410596026,0.7499999999999999,0.1272727272727272,0.2,0.09,57.522058823529406,35.72794117647059,55.14705882352942,67.45220588235294,52.165352255569424,True,False
1025462,Fabio Vieira,9790,Hamburger SV,GER-Bundesliga,2.7,30.5,4.0,0.0,0.9,2.3,0.18,0.23,0.9,4.0,0.16,0.5,0.5,0.2,0.2,7.12,0.0,23.0,2.5,0.7,1.2,1153,16,Midfielder,0.5714285714285714,0.4166666666666667,0.0885245901639344,1.3333333333333333,0.0999999999999999,0.2,0.092,76.11764705882354,49.30147058823529,67.63970588235294,22.93014705882353,52.15457017414565,True,False
763974,Gauthier Hein,8550,Metz,FRA-Ligue 1,4.8,48.6,5.0,0.0,0.2,2.2,0.12,0.33,0.6,4.0,0.34,0.3,0.5,0.1,0.5,6.91,0.0,31.0,1.5,0.7,0.3,1598,20,Midfielder,0.625,0.3,0.0987654320987654,0.5,0.0709677419354838,0.3333333333333333,0.22,45.26470588235294,78.67279411764706,56.48529411764706,34.71323529411765,52.09150698168269,True,False
737066,Erling Haaland,8456,Manchester City,ENG-Premier League,0.2,7.4,7.0,0.0,1.3,1.8,0.07,0.85,0.7,6.0,0.92,0.1,2.0,0.0,0.5,7.71,0.0,19.0,3.9,0.5,0.4,2148,26,Attacker,0.4615384615384615,0.1666666666666666,0.027027027027027,0.5714285714285715,0.0947368421052631,0.5128205128205129,0.2179487179487179,50.49774405783533,97.5972200551308,49.90469131949863,26.047160243407703,52.0029971660043,True,False
1428426,Arthur Atta,8600,Udinese,ITA-Serie A,1.2,25.7,4.0,0.0,1.2,1.6,0.09,0.13,0.7,3.0,0.11,0.6,0.7,0.1,0.7,7.06,0.0,26.0,2.1,1.0,2.5,1607,20,Midfielder,0.6956521739130436,0.3749999999999999,0.046692607003891,3.571428571428572,0.0615384615384615,0.3333333333333333,0.0619047619047619,83.55881702813753,34.990820200759345,43.07105892754979,52.877307952358656,51.97403926295827,True,False
798659,Joe Aribo,8466,Southampton,ENG-Premier League,0.7,41.2,3.0,0.0,1.2,1.3,0.06,0.12,0.9,0.0,0.13,0.9,0.3,0.5,0.5,6.62,0.0,16.0,0.8,2.1,0.9,2018,32,Midfielder,0.7692307692307693,0.3,0.0169902912621359,1.0,0.08125,0.3749999999999999,0.15,59.6949602122016,57.36737400530504,31.84350132625995,68.8395225464191,51.97210607706824,False,False
1185211,Mamadou Sangare,8588,Lens,FRA-Ligue 1,3.0,46.1,2.0,0.0,1.4,1.2,0.07,0.13,1.5,2.0,0.06,1.5,0.4,0.2,1.0,7.59,0.0,18.0,1.5,3.8,1.3,1579,20,Midfielder,0.7794117647058824,0.2830188679245283,0.0650759219088937,0.8666666666666667,0.0666666666666666,0.2666666666666666,0.0866666666666666,63.81249999999999,38.838235294117645,33.55882352941177,94.76102941176472,51.9474502444556,True,False
527103,Breel Embolo,9851,Rennes,FRA-Ligue 1,0.2,12.3,2.0,0.0,0.7,1.1,0.08,0.34,2.3,2.0,0.41,0.3,0.8,0.2,0.6,6.88,0.0,13.0,1.6,1.0,0.7,1316,19,Attacker,0.3611111111111111,0.2307692307692307,0.016260162601626,0.3043478260869565,0.0846153846153846,0.5,0.2125,43.979585998855775,87.0459835127685,49.481250325063705,37.14367816091954,51.93972824515479,True,False
1016093,Gustav Isaksen,8543,Lazio,ITA-Serie A,0.8,22.2,0.0,0.0,0.4,0.7,0.06,0.2,1.2,1.0,0.25,0.5,1.1,0.2,0.9,6.79,0.0,13.0,2.5,1.1,1.4,1066,19,Attacker,0.5714285714285715,0.3125,0.036036036036036,1.1666666666666667,0.0538461538461538,0.44,0.08,76.58753315649867,61.991470328184334,29.881221719457017,46.29537239298903,51.91436097652464,True,False
541820,Nicolo Barella,8636,Internazionale,ITA-Serie A,2.9,51.1,12.0,0.0,0.4,4.7,0.25,0.12,1.3,5.0,0.05,0.2,0.2,0.1,0.9,7.34,0.0,50.0,1.2,1.9,0.7,1681,23,Midfielder,0.6176470588235293,0.0952380952380952,0.0567514677103718,0.5384615384615384,0.094,0.1666666666666666,0.1,49.585277214334006,32.65004290841005,78.1550423883081,59.04767384407344,51.827059872395054,True,False
1284434,Diego Lopez,10267,Valencia CF,ESP-La Liga,0.6,17.4,3.0,0.0,0.6,1.2,0.08,0.16,1.0,0.0,0.21,0.6,0.3,0.1,0.6,6.53,0.0,10.0,1.5,0.8,0.4,1291,22,Attacker,0.5833333333333334,0.4285714285714286,0.0344827586206896,0.4,0.12,0.1999999999999999,0.1066666666666666,46.63218390804598,56.64697430696416,57.9237530555989,47.16909814323608,51.80188863168912,True,False
971787,Haissem Hassan,8670,Real Oviedo,ESP-La Liga,2.3,18.5,1.0,0.0,0.4,2.7,0.19,0.09,0.4,2.0,0.0,0.2,0.4,0.0,0.8,6.61,0.0,15.0,1.9,1.4,3.2,1307,22,Attacker,0.7999999999999999,0.125,0.1243243243243243,8.0,0.18,0.2105263157894737,0.0473684210526315,89.11397058823529,19.00735294117647,66.24264705882352,59.03308823529412,51.78663216016359,True,False
1553105,Victor Munoz,8371,Osasuna,ESP-La Liga,0.1,14.8,0.0,0.0,0.8,1.3,0.07,0.15,1.0,1.0,0.2,0.3,0.9,0.0,0.8,6.74,0.0,14.0,2.3,0.8,2.6,1829,24,Attacker,0.5238095238095238,0.2727272727272727,0.0067567567567567,2.6,0.0928571428571428,0.391304347826087,0.0652173913043478,84.56617647058825,51.209558823529406,32.93382352941177,44.22058823529412,51.76452208014518,True,False
1214915,Brooke Norton-Cuffy,10233,Genoa,ITA-Serie A,1.2,23.8,2.0,0.0,1.7,1.7,0.08,0.06,1.0,1.0,0.05,0.5,0.2,0.3,0.4,6.77,0.0,18.0,0.5,1.8,1.3,1992,23,Midfielder,0.6969696969696969,0.2173913043478261,0.0504201680672268,1.3,0.0944444444444444,0.4,0.12,69.48161764705883,43.38235294117647,44.80882352941177,49.70955882352941,51.76284275286524,True,False
1192406,Lorenz Assignon,9851,Rennes,FRA-Ligue 1,0.8,31.4,6.0,0.0,2.2,3.7,0.14,0.08,2.0,4.0,0.11,1.0,0.2,0.1,0.5,6.89,0.0,29.0,0.8,1.9,1.1,2362,32,Midfielder,0.5918367346938775,0.3448275862068966,0.0254777070063694,0.55,0.1275862068965517,0.25,0.0999999999999999,46.39920424403184,38.080238726790455,70.90185676392572,60.2420424403183,51.73356594931932,False,False
889534,Emile Smith Rowe,9879,Fulham,ENG-Premier League,0.4,41.8,1.0,0.0,0.8,0.9,0.06,0.25,0.3,0.0,0.21,1.3,0.5,0.1,0.4,6.69,0.0,13.0,1.8,1.3,0.6,1269,26,Midfielder,0.896551724137931,0.5,0.0095693779904306,2.0,0.0692307692307692,0.2777777777777778,0.1388888888888889,65.6076611015759,63.574023508607695,30.13655276434181,54.81516877307953,51.69634459707812,True,False
659490,Gabriel Suazo,8302,Sevilla,ESP-La Liga,2.0,36.1,4.0,0.0,2.0,2.6,0.18,0.03,1.1,1.0,0.0,1.1,0.1,0.2,0.3,7.13,0.0,29.0,0.3,3.9,0.7,1339,17,Midfielder,0.819672131147541,0.22,0.0554016620498614,0.6363636363636362,0.0896551724137931,0.3333333333333333,0.1,47.14883367139959,32.698626930878454,72.11296614136371,69.0115527643418,51.637043063297725,True,False
157723,Christian Eriksen,8721,VfL Wolfsburg,GER-Bundesliga,1.9,33.9,5.0,0.0,1.4,2.8,0.18,0.16,0.6,4.0,0.06,0.6,0.5,0.3,0.6,6.86,0.0,29.0,1.4,1.4,0.4,1395,19,Midfielder,0.7692307692307692,0.3,0.0560471976401179,0.6666666666666667,0.096551724137931,0.3571428571428571,0.1142857142857143,39.12524704842149,45.96462006553284,68.21120039527749,63.75436885629584,51.60704114118181,True,False
1580704,Christantus Uche,8305,Getafe,ESP-La Liga,0.3,13.7,7.0,0.0,0.7,3.1,0.11,0.13,2.0,6.0,0.14,0.4,0.5,0.1,0.9,6.66,0.0,29.0,1.8,1.3,1.2,2501,33,Attacker,0.4594594594594595,0.2352941176470588,0.0218978102189781,0.6,0.1068965517241379,0.2777777777777778,0.0722222222222222,51.36273209549071,39.68501326259947,63.938992042440326,55.01657824933688,51.569299135845554,False,False
982677,Folarin Balogun,9829,Monaco,FRA-Ligue 1,0.2,12.5,6.0,0.0,0.3,1.0,0.07,0.44,1.7,3.0,0.29,0.2,1.2,0.1,0.9,6.81,0.0,13.0,3.0,0.4,0.8,1249,18,Attacker,0.2608695652173913,0.3333333333333333,0.016,0.4705882352941177,0.0769230769230769,0.3999999999999999,0.1466666666666666,51.81985294117647,80.60661764705883,41.40441176470589,38.04411764705881,51.43522989492436,True,False
448540,Serhou Guirassy,9789,Borussia Dortmund,GER-Bundesliga,0.3,16.9,1.0,0.0,1.5,2.7,0.15,0.6,1.7,1.0,0.6,0.0,1.4,0.1,0.5,7.33,0.0,15.0,3.1,0.1,0.6,1642,21,Attacker,0.0555555555555555,0.0,0.0177514792899408,0.3529411764705882,0.18,0.4516129032258064,0.1935483870967742,46.5670346387892,93.95716310396836,63.99313465439226,21.338566859104382,51.40702182129159,True,False
1050166,Anthony Elanga,10261,Newcastle United,ENG-Premier League,0.4,24.5,2.0,0.0,0.4,1.4,0.13,0.12,0.5,1.0,0.0,0.2,0.3,0.0,0.2,6.34,0.0,13.0,1.1,1.0,0.8,922,22,Attacker,0.7058823529411765,0.1666666666666666,0.0163265306122449,1.6,0.1076923076923076,0.2727272727272727,0.109090909090909,70.77091459926146,46.45867139959432,60.50408280022885,29.28338404327248,51.34445661272952,True,False
762721,Lovro Majer,8721,VfL Wolfsburg,GER-Bundesliga,1.1,28.9,2.0,0.0,1.4,1.7,0.13,0.17,1.9,3.0,0.16,0.6,0.4,0.1,1.0,6.84,0.0,19.0,1.6,1.7,0.8,1129,20,Midfielder,0.5476190476190477,0.2608695652173913,0.0380622837370242,0.4210526315789474,0.0894736842105263,0.25,0.10625,44.03308823529412,50.10661764705882,51.77941176470589,65.02941176470588,51.19985826456037,True,False
473852,Corentin Tolisso,9748,Lyon,FRA-Ligue 1,3.6,42.9,6.0,0.0,1.4,2.3,0.14,0.4,1.8,1.0,0.24,0.8,1.0,0.2,0.7,7.15,0.0,22.0,2.1,1.1,0.2,1510,19,Midfielder,0.5135135135135135,0.4210526315789473,0.0839160839160839,0.1111111111111111,0.1045454545454545,0.4761904761904761,0.1904761904761904,23.184655692515733,78.29030790034847,73.52690227284548,62.2117660061372,51.09439590158162,True,False
488139,Bernardo Silva,8456,Manchester City,ENG-Premier League,2.0,54.6,7.0,0.0,1.0,2.7,0.13,0.05,1.4,4.0,0.05,0.8,0.1,0.2,0.7,7.05,0.0,27.0,0.5,1.4,0.6,1909,26,Midfielder,0.6111111111111112,0.3636363636363636,0.0366300366300366,0.4285714285714286,0.1,0.2,0.1,44.28094606542882,36.631683309928746,69.28622510011962,65.19674806262027,51.0312490397952,True,False
215242,Leonardo Spinazzola,9875,Napoli,ITA-Serie A,2.4,33.8,1.0,0.0,1.5,2.2,0.15,0.06,0.5,2.0,0.2,0.3,0.5,0.1,0.5,7.03,0.0,22.0,1.2,1.0,0.7,1346,21,Midfielder,0.7222222222222222,0.2307692307692307,0.0710059171597633,1.4,0.1,0.4166666666666667,0.05,68.57586987049461,35.40032896447703,62.95326884069277,39.753868258178606,51.01920327280588,True,False
1254297,Andy Diouf,8588,Lens,FRA-Ligue 1,0.4,34.1,3.0,0.0,0.6,3.3,0.13,0.12,1.7,2.0,0.04,0.6,0.2,0.0,0.8,6.85,0.0,33.0,1.6,1.5,1.7,2233,34,Midfielder,0.5526315789473685,0.2857142857142857,0.0117302052785923,1.0,0.0999999999999999,0.125,0.075,64.31034482758622,29.40649867374005,57.68567639257295,61.35941644562335,50.98451852238532,False,False
654908,Richarlison,8586,Tottenham Hotspur,ENG-Premier League,0.5,9.2,3.0,0.0,2.8,1.2,0.08,0.33,1.0,3.0,0.49,0.3,0.9,0.1,0.6,6.88,0.0,14.0,2.5,1.1,0.5,1278,21,Attacker,0.5833333333333333,0.2142857142857142,0.0543478260869565,0.5,0.0857142857142857,0.36,0.132,48.51838235294117,78.04779411764706,40.94117647058823,42.16176470588236,50.91970602298932,True,False
972120,Boulaye Dia,8543,Lazio,ITA-Serie A,0.8,20.3,7.0,0.0,0.7,1.5,0.06,0.29,0.9,3.0,0.37,0.2,0.8,0.0,0.5,6.76,0.0,26.0,1.6,0.9,0.7,2194,35,Attacker,0.55,0.1818181818181818,0.0394088669950738,0.7777777777777777,0.0576923076923076,0.5,0.1812499999999999,56.79708222811672,85.02984084880637,38.01724137931035,32.65915119363395,50.87293312581127,False,False
1356312,Mateus Fernandes,8654,West Ham United,ENG-Premier League,2.8,39.1,2.0,0.0,1.3,1.9,0.09,0.05,1.3,3.0,0.14,1.2,0.2,0.5,0.6,7.27,0.0,26.0,0.8,3.1,0.9,1950,24,Midfielder,0.7678571428571429,0.2790697674418604,0.0716112531969309,0.6923076923076923,0.073076923076923,0.25,0.0625,55.92938315909919,32.69827586206896,50.226010298018416,77.62169085140688,50.83373403499774,True,False
974755,Lucas Beltran,10267,Valencia CF,ESP-La Liga,0.6,20.6,4.0,0.0,0.9,1.4,0.11,0.22,1.7,2.0,0.08,0.3,0.7,0.1,0.5,6.57,0.0,11.0,2.2,1.4,1.2,1099,21,Attacker,0.5,0.1764705882352941,0.029126213592233,0.7058823529411765,0.1272727272727272,0.3181818181818181,0.0999999999999999,55.302809850730746,56.79390960628283,52.50479794039632,37.39227388568159,50.81661399977689,True,False
1609213,Mateus Mane,8602,Wolverhampton Wanderers,ENG-Premier League,0.3,15.5,2.0,0.0,1.4,1.3,0.12,0.11,1.5,1.0,0.18,0.2,1.1,0.1,0.4,6.67,0.0,10.0,2.5,1.6,1.5,987,16,Midfielder,0.5454545454545455,0.1111111111111111,0.0193548387096774,1.0,0.13,0.44,0.044,67.21323529411765,45.919117647058826,53.32352941176472,35.18014705882353,50.66686994348384,True,False
1169595,Ilyas Chaira,8670,Real Oviedo,ESP-La Liga,0.4,21.1,2.0,0.0,0.6,0.8,0.05,0.25,2.0,1.0,0.19,0.3,1.1,0.3,0.7,6.58,0.0,9.0,2.5,1.9,1.3,1406,21,Attacker,0.5238095238095238,0.1363636363636363,0.0189573459715639,0.65,0.0888888888888888,0.44,0.1,60.625,66.57720588235294,29.448529411764707,54.044117647058826,50.63403130931644,True,False
747767,Ikoma Lois Openda,178475,RB Leipzig,GER-Bundesliga,0.4,13.6,7.0,0.0,0.4,2.3,0.08,0.33,1.1,5.0,0.33,0.2,1.2,0.0,0.5,7.05,0.0,29.0,2.9,0.3,0.8,2463,33,Attacker,0.3125,0.4,0.0294117647058823,0.7272727272727273,0.0793103448275862,0.4137931034482758,0.1137931034482758,57.473474801061,75.74933687002653,49.75464190981433,25.74602122015916,50.58658605851082,False,False
941213,Crysencio Summerville,8654,West Ham United,ENG-Premier League,0.4,19.1,1.0,0.0,1.2,1.3,0.07,0.18,1.8,1.0,0.23,0.6,0.7,0.2,0.5,6.95,0.0,16.0,1.9,1.4,1.6,1594,21,Attacker,0.5263157894736842,0.3,0.0209424083769633,0.888888888888889,0.08125,0.3684210526315789,0.0947368421052631,66.87132352941175,59.3125,32.76470588235294,46.7389705882353,50.541244338634456,True,False
604105,Inaki Williams,8315,Athletic Club,ESP-La Liga,0.5,15.4,4.0,0.0,0.4,1.4,0.11,0.27,1.2,2.0,0.08,0.1,0.9,0.0,0.7,6.6,0.0,12.0,2.7,0.4,0.4,1090,16,Attacker,0.2941176470588235,0.2,0.0324675324675324,0.3333333333333333,0.1166666666666666,0.3333333333333333,0.1,49.35039917823894,58.15166172569823,63.7445259270817,32.8145641545743,50.5186556798968,True,False
1431818,Lilian Rao-Lisoa,8121,Angers,FRA-Ligue 1,1.3,23.5,4.0,0.0,2.2,1.4,0.12,0.06,1.3,1.0,0.17,0.7,0.4,0.2,0.5,6.69,0.0,14.0,1.0,2.5,1.0,1031,20,Attacker,0.7111111111111111,0.2187499999999999,0.0553191489361702,0.7692307692307692,0.0999999999999999,0.4,0.06,59.639647370884695,31.671022520414,54.00027305351849,64.68641103656317,50.476314954397466,True,False
439369,Ryan Christie,8678,Bournemouth,ENG-Premier League,2.3,34.6,5.0,0.0,2.1,3.0,0.13,0.09,1.8,3.0,0.08,1.3,0.5,0.5,0.7,7.25,0.0,41.0,1.4,2.3,1.0,2131,29,Midfielder,0.6666666666666666,0.3611111111111111,0.0664739884393063,0.5555555555555556,0.073170731707317,0.3571428571428571,0.0642857142857143,45.8289124668435,36.415782493368695,54.92042440318303,78.5079575596817,50.41740446081907,False,False
1233931,Quentin Merlin,9851,Rennes,FRA-Ligue 1,1.5,34.5,5.0,0.0,2.0,2.9,0.18,0.07,0.5,3.0,0.06,1.4,0.3,0.4,0.6,6.99,0.0,24.0,1.1,1.4,0.5,1452,21,Midfielder,0.8484848484848485,0.5,0.0434782608695652,1.0,0.1208333333333333,0.2727272727272727,0.0636363636363636,46.37742497529516,32.91123160139387,70.09780516981328,64.34203853955376,50.39101328581192,True,False
593118,Denzel Dumfries,8636,Internazionale,ITA-Serie A,0.8,22.1,6.0,0.0,1.0,2.8,0.13,0.24,2.5,2.0,0.32,0.3,0.9,0.4,0.6,7.01,0.0,21.0,1.7,1.2,0.6,1951,29,Midfielder,0.375,0.1999999999999999,0.0361990950226244,0.24,0.1333333333333333,0.5294117647058824,0.1411764705882353,31.17705570291777,79.51259946949602,66.65119363395226,40.89522546419098,50.29745628932846,False,False
923298,Pablo Martinez,8581,Levante,ESP-La Liga,1.9,24.3,6.0,0.0,1.4,2.2,0.17,0.13,1.5,2.0,0.08,1.2,0.3,0.7,0.5,6.76,0.0,19.0,1.8,0.9,0.9,1175,17,Midfielder,0.5833333333333334,0.5714285714285714,0.0781893004115226,0.6,0.1157894736842105,0.1666666666666666,0.0722222222222222,52.12867647058823,32.897058823529406,72.27941176470588,51.41911764705883,50.27948882764888,True,False
699461,Jean-Victor Makengo,8689,Lorient,FRA-Ligue 1,0.9,22.6,0.0,0.0,1.1,0.8,0.07,0.17,0.5,1.0,0.26,0.5,0.9,0.0,0.6,6.86,0.0,14.0,2.2,1.4,1.1,1027,19,Midfielder,0.7916666666666666,0.2631578947368421,0.0398230088495575,2.2,0.0571428571428571,0.409090909090909,0.0772727272727272,79.3970588235294,58.03308823529412,22.25735294117647,58.544117647058826,50.26032309531194,True,False
282281,Denis Suárez,9866,Alavés,ESP-La Liga,1.7,49.0,1.0,0.0,0.6,1.0,0.09,0.07,1.4,0.0,0.09,0.4,0.3,0.3,0.6,6.64,0.0,13.0,0.5,1.7,1.3,980,19,Midfielder,0.6,0.1904761904761904,0.0346938775510204,0.9285714285714288,0.0769230769230769,0.6,0.14,62.6985294117647,57.26102941176471,32.654411764705884,51.713235294117645,50.10116241636537,True,False
73167,Henrikh Mkhitaryan,8636,Internazionale,ITA-Serie A,2.0,46.6,1.0,0.0,1.3,1.8,0.16,0.24,1.6,0.0,0.09,1.2,0.6,0.4,0.7,7.03,0.0,11.0,2.8,2.0,0.9,1011,18,Midfielder,0.6666666666666666,0.3749999999999999,0.0429184549356223,0.5625,0.1636363636363636,0.2142857142857143,0.0857142857142857,43.36595022624434,36.95683804025589,64.64332709211006,66.0722226556405,50.08446860756337,True,False
639671,Patrick Cutrone,10171,Como,ITA-Serie A,0.2,14.5,5.0,0.0,0.2,2.1,0.09,0.31,1.0,4.0,0.31,0.2,1.1,0.0,0.9,6.64,0.0,19.0,3.1,0.7,0.4,2053,33,Attacker,0.4736842105263157,0.2222222222222222,0.0137931034482758,0.4,0.1105263157894737,0.3548387096774194,0.0999999999999999,39.82758620689656,67.62599469496021,53.362068965517246,44.60875331564986,50.03521780243561,False,False
655575,Jacob Bruun Larsen,8191,Burnley,ENG-Premier League,0.3,20.6,2.0,0.0,1.2,1.1,0.11,0.12,0.1,1.0,0.0,0.6,0.4,0.1,0.4,6.34,0.0,10.0,1.5,1.2,0.9,913,21,Attacker,0.9473684210526316,0.3333333333333333,0.0145631067961165,9.0,0.11,0.2666666666666666,0.08,76.90073529411765,31.426470588235293,47.21323529411765,50.40808823529412,50.017160828347706,True,False
1124825,Tim Lemperle,8226,TSG 1899 Hoffenheim,GER-Bundesliga,0.3,16.6,2.0,0.0,1.3,1.6,0.11,0.36,2.6,2.0,0.42,0.3,1.0,0.1,1.2,7.13,0.0,19.0,2.4,1.1,0.6,1291,18,Attacker,0.35,0.2142857142857142,0.0180722891566265,0.2307692307692307,0.0842105263157894,0.4166666666666667,0.15,35.018382352941174,83.30514705882354,46.08823529411765,49.64705882352941,49.94971422335162,True,False
1436305,Lamine Camara,9829,Monaco,FRA-Ligue 1,2.9,46.6,6.0,0.0,0.9,2.6,0.24,0.04,1.4,3.0,0.0,2.3,0.0,0.1,1.2,7.51,0.0,21.0,0.9,2.3,1.2,938,13,Midfielder,0.7666666666666666,0.5,0.0622317596566523,0.8571428571428572,0.1238095238095238,0.0,0.0444444444444444,46.81478519789879,21.224313465439227,79.58452956779529,89.07002522494408,49.88578397688333,True,False
434325,Thomas Partey,9825,Arsenal,ENG-Premier League,1.9,52.4,3.0,0.0,1.4,2.6,0.08,0.07,1.4,2.0,0.13,1.1,0.3,0.3,0.4,7.38,0.0,20.0,0.8,2.9,0.8,2799,35,Midfielder,0.7407407407407407,0.275,0.0362595419847328,0.5714285714285715,0.13,0.3749999999999999,0.0875,43.57758620689655,42.97082228116711,52.63925729442971,68.62732095490716,49.85390877214076,False,False
823658,Valentin Castellanos,8543,Lazio,ITA-Serie A,0.3,13.5,7.0,0.0,0.9,2.6,0.1,0.52,1.4,3.0,0.38,0.2,1.5,0.1,0.5,7.16,0.0,27.0,4.1,0.5,0.6,2394,29,Attacker,0.3333333333333333,0.2857142857142857,0.0222222222222222,0.4285714285714286,0.0962962962962963,0.3658536585365854,0.1268292682926829,44.58554376657825,79.67506631299734,58.295755968169765,26.89323607427056,49.82263311530903,False,False
356406,John McGinn,10252,Aston Villa,ENG-Premier League,1.6,25.4,3.0,0.0,0.7,1.8,0.1,0.14,1.3,2.0,0.17,0.6,0.4,0.3,1.0,6.88,0.0,24.0,1.0,1.5,0.6,1607,22,Midfielder,0.6176470588235293,0.2857142857142857,0.0629921259842519,0.4615384615384615,0.075,0.4,0.14,42.66260337026058,54.49576767046341,50.699771155146415,54.95830082696208,49.81533542409055,True,False
1158512,Juanlu Sánchez,8302,Sevilla,ESP-La Liga,1.5,29.3,3.0,0.0,1.5,2.1,0.14,0.04,1.1,2.0,0.0,0.5,0.1,0.0,0.4,6.78,0.0,17.0,0.7,2.8,1.1,1336,20,Midfielder,0.7499999999999999,0.1515151515151515,0.0511945392491467,1.0,0.1235294117647058,0.1428571428571428,0.0571428571428571,56.8908371040724,32.48096426899672,56.06165808498466,60.04324647630936,49.80572238042943,True,False
661519,Deniz Undav,10269,VfB Stuttgart,GER-Bundesliga,0.6,17.0,4.0,0.0,0.3,1.7,0.11,0.62,1.4,3.0,0.8,0.3,1.9,0.0,0.7,7.34,0.0,19.0,5.1,0.8,0.2,1357,18,Attacker,0.44,0.2727272727272727,0.0352941176470588,0.1428571428571428,0.0894736842105263,0.3725490196078431,0.1215686274509804,31.673850574712645,85.03430722421594,62.78843553336454,37.54524886877828,49.77252994245418,True,False
1209228,Daniel Svensson,9789,Borussia Dortmund,GER-Bundesliga,0.4,28.1,3.0,0.0,2.9,3.9,0.21,0.05,1.2,1.0,0.05,0.6,0.1,0.3,0.4,7.07,0.0,22.0,0.3,1.4,0.6,1695,22,Midfielder,0.625,0.3,0.0142348754448398,0.5,0.1772727272727272,0.3333333333333333,0.1666666666666666,40.51102941176471,43.922794117647065,78.98529411764707,44.26838235294117,49.722134500402674,True,False
659272,Julian Ryerson,9789,Borussia Dortmund,GER-Bundesliga,1.3,31.5,14.0,0.0,1.6,5.0,0.34,0.04,0.9,11.0,0.0,0.7,0.0,0.1,0.7,7.28,0.0,32.0,0.5,1.8,0.9,1334,20,Midfielder,0.7352941176470589,0.2799999999999999,0.0412698412698412,1.0,0.15625,0.0,0.08,60.55860248608728,18.08650595516721,89.98649035210902,62.17796588131273,49.689319918419365,True,False
833638,Nikola Krstovic,8524,Atalanta,ITA-Serie A,0.6,18.0,3.0,0.0,0.6,1.3,0.12,0.72,1.9,4.0,0.65,0.2,1.8,0.3,1.4,7.05,0.0,13.0,5.2,0.6,0.7,976,21,Attacker,0.2962962962962963,0.25,0.0333333333333333,0.3684210526315789,0.1,0.3461538461538461,0.1384615384615384,42.05736724397982,77.43571540021844,46.26730639205284,40.0223708846934,49.67833938398116,True,False
304733,Hakan Calhanoglu,8636,Internazionale,ITA-Serie A,3.9,70.0,6.0,0.0,0.9,3.0,0.21,0.33,1.4,2.0,0.48,0.7,1.0,0.2,0.6,7.8,0.0,35.0,3.0,1.7,0.2,1307,17,Midfielder,0.631578947368421,0.2916666666666667,0.0557142857142857,0.1428571428571428,0.0857142857142857,0.3333333333333333,0.11,23.98538513548656,66.79456623498206,76.41658865137568,59.44811333021272,49.63566207598026,True,False
1073905,Rassoul Ndiaye,9746,Le Havre,FRA-Ligue 1,1.0,25.8,4.0,0.0,0.8,1.7,0.1,0.11,0.7,3.0,0.17,0.5,0.3,0.1,0.4,7.03,0.0,20.0,1.2,2.4,0.7,1629,22,Midfielder,0.8055555555555556,0.1724137931034483,0.0387596899224806,1.0,0.0849999999999999,0.25,0.0916666666666666,50.591017839496544,43.93430462370625,43.28362459041972,66.1931333541374,49.56401248185561,True,False
704523,Christopher Nkunku,8564,Milan,ITA-Serie A,0.7,18.0,2.0,0.0,0.6,0.7,0.07,0.66,0.6,2.0,0.48,0.1,1.0,0.0,0.5,6.91,0.0,9.0,1.9,0.4,0.4,946,19,Attacker,0.4545454545454545,0.2,0.0388888888888888,0.6666666666666667,0.0777777777777777,0.5263157894736842,0.3473684210526316,55.53754485879232,93.82455011182192,29.313829510584075,36.19659853331253,49.540092981554814,True,False
540088,Ollie Watkins,10252,Aston Villa,ENG-Premier League,0.1,11.0,1.0,0.0,0.5,1.1,0.05,0.43,1.0,1.0,0.38,0.2,1.0,0.0,0.6,6.86,0.0,13.0,2.4,0.7,0.9,1911,25,Attacker,0.4736842105263157,0.2222222222222222,0.009090909090909,0.9,0.0846153846153846,0.4166666666666667,0.1791666666666666,57.92727024496802,88.62252301451083,34.23493004628907,29.956382951058405,49.50695126404273,True,False
1114635,Luis Henrique,8636,Internazionale,ITA-Serie A,1.1,38.2,4.0,0.0,0.8,1.3,0.1,0.04,0.4,2.0,0.08,0.5,0.3,0.0,0.2,7.11,0.0,19.0,0.8,1.1,0.5,1174,20,Midfielder,0.8,0.3125,0.0287958115183246,1.25,0.0684210526315789,0.3749999999999999,0.0499999999999999,64.9180839444531,42.2277591407916,54.4921984709003,35.29764133770219,49.40170483141835,True,False
813055,Mousa Tamari,9851,Rennes,FRA-Ligue 1,0.5,21.0,4.0,0.0,0.3,2.9,0.19,0.19,0.9,3.0,0.2,0.5,1.0,0.1,1.0,6.93,0.0,21.0,2.3,1.2,1.3,1365,21,Midfielder,0.6538461538461539,0.2941176470588235,0.0238095238095238,1.4444444444444444,0.1380952380952381,0.4347826086956522,0.0826086956521739,57.6432685806418,41.83246866385812,55.89802101211837,41.17466323399386,49.360332051626415,True,False
1322858,Pablo Durán,9910,Celta de Vigo,ESP-La Liga,0.9,15.3,2.0,0.0,1.0,1.0,0.1,0.27,1.2,2.0,0.2,0.3,0.9,0.2,0.7,6.59,0.0,6.0,2.2,1.0,0.5,919,19,Attacker,0.52,0.2307692307692307,0.0588235294117647,0.4166666666666667,0.1666666666666666,0.409090909090909,0.1227272727272727,42.2645693555937,69.73941592552141,43.73074322567223,46.47095880792634,49.2374499261429,True,False
459658,Ruslan Malinovsky,10233,Genoa,ITA-Serie A,3.1,37.5,7.0,0.0,0.8,2.3,0.12,0.18,1.6,3.0,0.27,0.5,0.6,0.2,0.7,6.91,0.0,24.0,2.0,1.3,0.5,1663,23,Midfielder,0.5294117647058824,0.2777777777777778,0.0826666666666666,0.3125,0.0958333333333333,0.3,0.09,33.69485294117647,55.77941176470589,65.70588235294117,51.53308823529412,49.17063862038749,True,False
523749,Jae-Sung Lee,9905,1. FSV Mainz 05,GER-Bundesliga,0.9,20.6,7.0,0.0,1.5,2.6,0.14,0.1,0.8,2.0,0.11,1.0,0.3,0.0,0.3,6.81,0.0,19.0,1.1,1.6,0.2,1649,20,Midfielder,0.7647058823529411,0.3846153846153846,0.0436893203883495,0.25,0.1368421052631579,0.2727272727272727,0.0909090909090909,31.4564609663494,48.45915899516305,76.41285691995631,55.90737634576377,49.08427244548424,True,False
1168311,Yasin Ayari,10204,Brighton and Hove Albion,ENG-Premier League,2.0,39.2,1.0,0.0,1.1,1.1,0.06,0.13,1.0,2.0,0.16,1.2,0.5,0.2,0.7,7.13,0.0,12.0,2.1,2.3,0.7,1701,21,Midfielder,0.7777777777777778,0.3428571428571428,0.0510204081632653,0.7,0.0916666666666666,0.238095238095238,0.0619047619047619,49.954270036927234,40.44429058095386,40.19637748998804,77.50039007645499,48.99971988961374,True,False
1174726,Rocco Reitz,9788,Borussia Mönchengladbach,GER-Bundesliga,1.9,31.3,3.0,0.0,1.6,2.8,0.13,0.08,1.3,2.0,0.0,1.7,0.5,0.1,0.3,7.06,0.0,21.0,1.5,2.3,0.8,1883,22,Midfielder,0.7547169811320755,0.425,0.060702875399361,0.6153846153846154,0.1333333333333333,0.3333333333333333,0.0533333333333333,50.240787694388096,27.811684090081656,65.04409164196183,66.78963176782649,48.93476724043638,True,False
935769,Armand Laurienté,7943,Sassuolo,ITA-Serie A,0.6,20.5,8.0,0.0,0.6,2.7,0.15,0.13,1.4,3.0,0.22,0.2,1.0,0.0,0.5,6.79,0.0,33.0,2.6,0.8,0.9,1603,25,Attacker,0.4166666666666667,0.2,0.0292682926829268,0.6428571428571429,0.0818181818181818,0.3846153846153846,0.05,53.650735294117645,47.775735294117645,67.81617647058823,29.073529411764707,48.88858020073317,True,False
384413,Rubén Garcia,8371,Osasuna,ESP-La Liga,1.6,26.9,7.0,0.0,1.1,3.6,0.24,0.09,1.5,5.0,0.13,0.7,0.3,0.0,0.7,6.93,0.0,26.0,1.3,2.4,0.5,1357,22,Attacker,0.6739130434782609,0.2258064516129032,0.0594795539033457,0.3333333333333333,0.1384615384615384,0.2307692307692307,0.0692307692307692,30.33324231549384,41.35869480418162,81.90339106464867,64.40719431008478,48.8460785556914,True,False
1030212,Sebastiano Esposito,8529,Cagliari,ITA-Serie A,2.1,24.7,10.0,0.0,0.8,3.1,0.16,0.11,1.8,4.0,0.16,0.4,0.4,0.2,0.3,7.05,0.0,45.0,1.6,1.9,0.7,1720,24,Attacker,0.5609756097560976,0.1739130434782609,0.0850202429149797,0.3888888888888888,0.0688888888888888,0.25,0.0687499999999999,43.62643678160919,46.30444167056743,57.90574452592708,49.553284443750975,48.75571025583954,True,False
266523,Pierre-Emile Højbjerg,8592,Marseille,FRA-Ligue 1,2.8,72.6,3.0,0.0,1.5,1.8,0.1,0.1,1.0,3.0,0.11,0.9,0.5,0.2,0.8,7.37,0.0,20.0,1.5,1.0,0.7,1661,20,Midfielder,0.6551724137931034,0.4736842105263158,0.0385674931129476,0.7,0.09,0.3333333333333333,0.0666666666666666,43.01165678472981,38.857713111769904,55.94277578405367,64.91514536849222,48.62396504779951,True,False
1288119,Ismael Kone,7943,Sassuolo,ITA-Serie A,1.9,29.5,1.0,0.0,1.1,1.3,0.07,0.14,0.9,0.0,0.2,0.5,0.4,0.2,0.3,6.91,0.0,18.0,0.8,0.9,1.0,1772,22,Midfielder,0.6086956521739131,0.3571428571428571,0.0644067796610169,1.1111111111111112,0.0722222222222222,0.5,0.175,68.49264705882354,72.15808823529412,31.786764705882355,30.14705882352941,48.60433564897125,True,False
666857,Yoane Wissa,9937,Brentford,ENG-Premier League,0.5,13.7,3.0,0.0,0.6,1.8,0.06,0.57,1.0,4.0,0.58,0.2,1.3,0.2,0.6,7.27,0.0,28.0,2.8,0.7,0.5,2927,35,Attacker,0.4736842105263157,0.2222222222222222,0.0364963503649635,0.5,0.0642857142857143,0.4642857142857143,0.2035714285714285,47.6657824933687,94.0948275862069,33.54111405835544,34.721485411140584,48.56993093427871,False,False
1343053,Abdoul Ouattara,9848,Strasbourg,FRA-Ligue 1,0.2,33.3,4.0,0.0,1.4,0.8,0.07,0.14,0.6,0.0,0.16,0.7,0.3,0.0,0.2,6.72,0.0,4.0,1.2,1.4,0.4,1124,18,Midfielder,0.7777777777777777,0.3333333333333333,0.006006006006006,0.6666666666666667,0.2,0.25,0.1166666666666666,47.555147058823536,50.20588235294117,52.5,43.25367647058823,48.483318843664506,True,False
889536,Timothy Weah,8592,Marseille,FRA-Ligue 1,0.9,32.1,3.0,0.0,1.1,1.7,0.11,0.09,1.3,2.0,0.13,0.6,0.5,0.2,0.2,6.95,0.0,18.0,1.1,1.8,0.6,1417,19,Midfielder,0.6486486486486486,0.25,0.02803738317757,0.4615384615384615,0.0944444444444444,0.4545454545454545,0.0818181818181818,43.57739116866907,56.90322203151817,45.73347376085712,49.91550293857597,48.44714849760166,True,False
731600,Idrissa Toure,6479,Pisa,ITA-Serie A,0.9,15.9,5.0,0.0,3.3,2.8,0.13,0.09,0.9,0.0,0.05,1.0,0.3,0.2,0.2,6.84,0.0,18.0,1.3,1.7,0.7,1923,23,Midfielder,0.75,0.3703703703703703,0.0566037735849056,0.7777777777777777,0.1555555555555555,0.2307692307692307,0.0692307692307692,54.261029411764696,27.433823529411764,71.98529411764706,50.59926470588235,48.423678869147295,True,False
980793,Khéphren Thuram-Ulien,9885,Juventus,ITA-Serie A,1.8,50.7,2.0,0.0,1.1,2.2,0.11,0.1,1.6,2.0,0.05,0.6,0.6,0.3,0.5,7.21,0.0,15.0,1.7,2.4,0.8,1706,23,Midfielder,0.6521739130434783,0.1999999999999999,0.0355029585798816,0.5,0.1466666666666666,0.3529411764705882,0.0588235294117647,52.10612680085296,37.33971108337234,53.70216362407032,52.519984917043736,48.38071031919197,True,False
859282,Daniel Munoz,9826,Crystal Palace,ENG-Premier League,0.9,23.9,5.0,0.0,3.5,3.3,0.19,0.11,1.2,2.0,0.17,1.1,0.5,0.1,0.3,7.26,0.0,18.0,1.0,2.3,0.1,1587,18,Midfielder,0.7391304347826088,0.3235294117647059,0.0376569037656903,0.0833333333333333,0.1833333333333333,0.5,0.11,22.846524418786085,60.930338846413896,71.82326936079471,68.05050839964633,48.36007971862561,True,False
957203,Éderson,8524,Atalanta,ITA-Serie A,3.2,49.2,2.0,0.0,1.7,1.2,0.07,0.17,1.4,0.0,0.06,1.1,0.3,0.4,0.4,7.04,0.0,18.0,1.4,2.4,0.5,1587,21,Midfielder,0.7142857142857142,0.3142857142857143,0.065040650406504,0.3571428571428571,0.0666666666666666,0.2142857142857143,0.1214285714285714,40.87755500078015,46.39575856867947,47.35486555364852,65.24825115722682,48.06400659348797,True,False
934156,Jurgen Ekkelenkamp,8600,Udinese,ITA-Serie A,0.3,20.5,3.0,0.0,1.4,1.5,0.09,0.19,0.9,1.0,0.18,0.6,0.7,0.2,0.3,6.88,0.0,21.0,1.4,1.9,0.6,1463,21,Midfielder,0.7352941176470589,0.24,0.0146341463414634,0.6666666666666666,0.0714285714285714,0.5,0.1357142857142857,46.44771025120923,63.10408540073854,38.36877828054299,47.65283195506319,48.05249008130627,True,False
942379,Miguel Gutiérrez,7732,Girona,ESP-La Liga,1.2,36.9,6.0,0.0,1.1,4.6,0.17,0.06,1.1,5.0,0.04,0.6,0.3,0.3,0.4,6.93,0.0,41.0,1.0,1.4,1.1,2464,29,Midfielder,0.6451612903225806,0.3,0.032520325203252,1.0,0.1121951219512195,0.3,0.06,58.66379310344828,26.034482758620687,73.0238726790451,45.31167108753315,48.02932815367245,False,False
1185902,Jens Castrop,9788,Borussia Mönchengladbach,GER-Bundesliga,1.1,18.9,0.0,0.0,1.4,0.8,0.08,0.18,2.4,0.0,0.1,1.0,0.6,0.0,0.1,6.76,0.0,10.0,1.5,4.1,1.6,928,17,Midfielder,0.6799999999999999,0.196078431372549,0.0582010582010582,0.6666666666666667,0.08,0.3999999999999999,0.12,61.85294117647059,58.48529411764706,26.198529411764703,54.45220588235294,47.966949536637074,True,False
1302005,Igor Thiago,9937,Brentford,ENG-Premier League,0.3,12.0,4.0,0.0,1.7,1.2,0.05,0.6,1.9,1.0,0.69,0.2,1.4,0.1,0.4,7.18,0.0,14.0,2.5,0.9,0.8,2204,26,Attacker,0.3666666666666667,0.1818181818181818,0.0249999999999999,0.4210526315789474,0.0857142857142857,0.5599999999999999,0.24,50.13235294117647,97.88235294117646,37.98529411764706,24.5,47.912476245140255,True,False
540097,Patrik Schick,8178,Bayer 04 Leverkusen,GER-Bundesliga,0.3,15.5,3.0,0.0,1.1,2.1,0.16,0.64,0.8,2.0,0.53,0.1,1.0,0.1,0.5,7.1,0.0,5.0,2.6,0.3,0.4,1194,17,Attacker,0.3333333333333333,0.25,0.0193548387096774,0.5,0.42,0.3846153846153846,0.2461538461538461,46.98266760285016,92.60848026213138,50.12275706038383,20.445623342175065,47.90411265274357,True,False
845943,Cristian Casseres Jr.,9941,Toulouse,FRA-Ligue 1,2.8,39.2,3.0,0.0,1.0,2.5,0.13,0.08,1.3,0.0,0.05,1.3,0.2,0.4,0.6,7.29,0.0,25.0,0.9,3.1,0.8,1717,21,Midfielder,0.7719298245614036,0.2954545454545454,0.0714285714285714,0.6153846153846154,0.1,0.2222222222222222,0.0888888888888888,43.18176912674884,27.839340510740104,63.755096999011805,77.15652467883706,47.90249390970321,True,False
951712,Nicolo Fagioli,8535,Fiorentina,ITA-Serie A,3.8,53.4,10.0,0.0,0.8,2.9,0.16,0.07,0.8,3.0,0.06,0.5,0.2,0.4,0.9,7.16,0.0,48.0,1.0,1.7,0.8,1632,22,Midfielder,0.7333333333333334,0.2272727272727272,0.0711610486891385,1.0,0.0604166666666666,0.2,0.07,55.16624408384043,24.92116554844749,63.76578509387841,61.338241795391895,47.900197596145695,True,False
671865,Santi Comesana,10205,Villarreal,ESP-La Liga,1.6,37.2,1.0,0.0,2.1,2.4,0.14,0.18,1.6,2.0,0.12,0.7,0.2,0.6,0.7,6.86,0.0,12.0,1.2,2.0,0.4,1477,22,Midfielder,0.6279069767441859,0.2592592592592592,0.043010752688172,0.25,0.1999999999999999,0.1666666666666666,0.15,31.82682555780933,51.62333567379206,56.39630467571644,65.47175196338482,47.87105155420572,True,False
1329255,Louis Mouton,8121,Angers,FRA-Ligue 1,1.3,24.9,4.0,0.0,0.7,2.1,0.13,0.14,1.0,1.0,0.12,0.5,0.5,0.2,0.4,6.63,0.0,18.0,1.7,1.8,0.5,1484,21,Midfielder,0.6969696969696969,0.2173913043478261,0.0522088353413654,0.5,0.1166666666666666,0.2941176470588235,0.0823529411764706,44.27014094762573,39.478149217246575,55.44931606594893,56.9250728142716,47.85829637645753,True,False
846966,Javier Puado,8558,Espanyol,ESP-La Liga,0.6,15.3,5.0,0.0,0.5,2.1,0.06,0.35,0.7,4.0,0.36,0.2,0.7,0.1,0.3,6.91,0.0,22.0,2.1,0.7,0.6,2987,35,Attacker,0.5625,0.2222222222222222,0.0392156862745098,0.8571428571428572,0.0954545454545454,0.3333333333333333,0.1666666666666666,58.35212201591512,76.81034482758622,44.62201591511936,21.322944297082223,47.789078483027176,False,False
725398,Mathias Pereira Lage,8152,FC St. Pauli,GER-Bundesliga,0.6,15.2,3.0,0.0,0.9,1.1,0.07,0.19,1.6,2.0,0.0,0.7,0.8,0.1,0.6,6.64,0.0,22.0,1.8,1.8,0.5,1412,20,Attacker,0.6097560975609757,0.2799999999999999,0.0394736842105263,0.3125,0.05,0.4444444444444445,0.1055555555555555,34.22454101003797,52.81889400322464,50.5631923857076,64.75841915015343,47.776736913159006,True,False
415539,Matteo Politano,9875,Napoli,ITA-Serie A,0.6,29.2,6.0,0.0,0.6,3.0,0.19,0.09,0.9,3.0,0.0,0.2,0.4,0.1,0.5,6.92,0.0,24.0,2.2,0.7,1.6,1400,22,Attacker,0.5,0.2222222222222222,0.0205479452054794,1.777777777777778,0.125,0.1818181818181818,0.0409090909090909,76.35082826233942,21.78502236438342,76.56529879856451,34.958814427627814,47.76425001482843,True,False
388523,André Silva,10268,Elche,ESP-La Liga,0.2,20.4,1.0,0.0,0.9,0.8,0.07,0.47,1.2,0.0,0.44,0.2,1.1,0.1,0.5,6.8,0.0,18.0,2.6,0.4,1.1,1026,18,Attacker,0.3333333333333333,0.3333333333333333,0.0098039215686274,0.9166666666666669,0.0444444444444444,0.4230769230769231,0.1807692307692307,71.00367647058823,88.54411764705884,26.448529411764707,25.430147058823533,47.73581439783282,True,False
952095,Oscar Mingueza,9910,Celta de Vigo,ESP-La Liga,2.1,48.5,4.0,0.0,1.6,3.2,0.23,0.04,0.6,2.0,0.07,0.3,0.3,0.4,0.2,6.92,0.0,19.0,0.9,2.3,0.6,1259,21,Midfielder,0.8125,0.1153846153846153,0.0432989690721649,1.0,0.1684210526315789,0.3333333333333333,0.0444444444444444,54.71343033234515,24.65691475529204,83.07376345763768,43.50510350028605,47.5320865616825,True,False
940087,Goncalo Ramos,9847,Paris Saint-Germain,FRA-Ligue 1,0.2,18.4,1.0,0.0,0.3,0.5,0.05,0.62,1.8,0.0,0.4,0.3,2.0,0.0,0.7,6.7,0.0,10.0,4.1,0.9,0.9,911,21,Attacker,0.3999999999999999,0.25,0.0108695652173913,0.5,0.05,0.4878048780487805,0.1512195121951219,48.04715374213345,93.09634888438131,27.542063244395905,39.75923180943465,47.49196911210344,True,False
817724,Danny Namaso,8583,Auxerre,FRA-Ligue 1,0.9,20.3,2.0,0.0,0.8,1.2,0.07,0.25,2.2,1.0,0.12,0.3,0.7,0.0,0.9,6.73,0.0,20.0,2.6,1.0,1.3,1535,18,Attacker,0.3714285714285714,0.2307692307692307,0.0443349753694581,0.5909090909090908,0.06,0.2692307692307692,0.0961538461538461,59.29044117647059,51.981617647058826,33.77205882352941,46.34191176470588,47.44517202716312,True,False
867414,Sandro Tonali,10261,Newcastle United,ENG-Premier League,2.7,46.7,3.0,0.0,1.3,1.6,0.08,0.08,0.9,1.0,0.0,1.2,0.3,0.3,0.4,7.0,0.0,18.0,1.3,1.3,0.9,1776,26,Midfielder,0.7352941176470589,0.48,0.0578158458244111,1.0,0.0888888888888888,0.2307692307692307,0.0615384615384615,56.41236282311333,32.522208352837154,48.12944037031258,57.546477609611486,47.43116001377807,True,False
696365,Marcus Rashford,8634,Barcelona,ESP-La Liga,0.9,33.5,5.0,0.0,0.9,3.5,0.25,0.41,0.4,6.0,0.29,0.1,1.5,0.1,0.6,7.27,0.0,33.0,4.5,0.5,1.4,1250,21,Attacker,0.6,0.1666666666666666,0.026865671641791,3.5,0.106060606060606,0.3333333333333333,0.0911111111111111,65.61954543090447,46.30550787954439,53.63967337598169,25.33739662973943,47.27614515162045,True,False
1184777,Jofre Carreras,8558,Espanyol,ESP-La Liga,0.5,13.7,2.0,0.0,0.9,1.9,0.08,0.1,1.2,3.0,0.12,0.6,0.5,0.0,0.7,6.63,0.0,24.0,1.7,0.9,1.6,2175,37,Midfielder,0.5555555555555555,0.3999999999999999,0.0364963503649635,1.3333333333333337,0.0791666666666666,0.2941176470588235,0.0588235294117647,70.09615384615384,34.87732095490716,37.30106100795757,51.41246684350133,47.25938013031314,False,False
1146500,Matteo Cancellieri,8543,Lazio,ITA-Serie A,0.4,17.4,2.0,0.0,1.0,1.3,0.1,0.21,1.9,0.0,0.24,1.1,0.6,0.1,0.1,6.86,0.0,11.0,2.1,2.1,0.6,1136,18,Attacker,0.627450980392157,0.34375,0.0229885057471264,0.3157894736842105,0.1181818181818181,0.2857142857142857,0.0999999999999999,47.34668044936808,56.33720809278619,37.34563374421387,50.43109299422687,47.19384103758651,True,False
556524,Lucas Höler,8358,Sport-Club Freiburg,GER-Bundesliga,0.2,17.9,1.0,0.0,1.5,1.5,0.1,0.18,1.2,1.0,0.07,0.5,0.7,0.1,0.3,6.74,0.0,17.0,1.4,0.9,0.4,1355,21,Attacker,0.5384615384615385,0.3571428571428571,0.0111731843575419,0.3333333333333333,0.088235294117647,0.5,0.1285714285714286,41.57723513808707,70.80657408852134,42.51267748478702,38.753868258178606,47.09423031613499,True,False
1565010,Arthur Avom,8689,Lorient,FRA-Ligue 1,3.2,42.4,3.0,0.0,0.8,2.3,0.14,0.05,0.8,1.0,0.0,1.4,0.1,0.1,0.7,7.02,0.0,22.0,0.9,2.5,1.1,1423,20,Midfielder,0.8297872340425532,0.358974358974359,0.0754716981132075,1.375,0.1045454545454545,0.1111111111111111,0.0555555555555555,68.24632352941177,13.753676470588234,62.90441176470589,86.70220588235294,47.000749663389584,True,False
591734,Dominic Solanke,8586,Tottenham Hotspur,ENG-Premier League,0.4,10.3,6.0,0.0,0.9,1.2,0.05,0.45,1.5,3.0,0.37,0.0,1.1,0.4,0.6,6.65,0.0,14.0,2.4,0.7,0.7,2206,27,Attacker,0.3181818181818181,0.0,0.0388349514563106,0.4666666666666666,0.0857142857142857,0.4583333333333333,0.1875,47.039124668435015,88.6206896551724,35.97480106100796,29.665119363395224,46.99702542702859,False,False
772193,Ragnar Ache,8722,1. FC Köln,GER-Bundesliga,0.2,10.7,4.0,0.0,2.3,0.9,0.07,0.58,1.1,3.0,0.33,0.2,1.2,0.2,0.4,6.85,0.0,20.0,2.9,0.7,0.6,1103,21,Attacker,0.4499999999999999,0.2222222222222222,0.0186915887850467,0.5454545454545454,0.045,0.4137931034482758,0.1999999999999999,54.15441176470589,87.70220588235294,36.8235294117647,23.48529411764705,46.93894624673817,True,False
844437,Amine Gouiri,8592,Marseille,FRA-Ligue 1,0.0,23.0,7.0,0.0,0.0,3.3,0.14,0.51,1.3,5.0,0.56,0.1,1.8,0.0,1.0,7.01,0.0,34.0,3.5,0.0,1.1,2088,33,Attacker,0.0714285714285714,1.0,0.0,0.8461538461538461,0.0970588235294117,0.5142857142857143,0.1457142857142857,49.741379310344826,62.31984969053934,44.42086648983201,32.18169761273209,46.89110778255941,False,False
1110045,Gaetano Oristanio,7881,Venezia,ITA-Serie A,0.8,11.3,2.0,0.0,0.2,2.2,0.08,0.17,1.9,3.0,0.12,0.2,0.5,0.0,0.6,6.48,0.0,33.0,1.7,0.7,2.1,2333,37,Attacker,0.3214285714285714,0.2222222222222222,0.0707964601769911,1.105263157894737,0.0666666666666666,0.2941176470588235,0.1,69.0318302387268,48.62068965517241,37.314323607427056,33.37864721485411,46.89027014060781,False,False
1526560,Patrick Dorgu,10260,Manchester United,ENG-Premier League,0.4,24.0,5.0,0.0,2.1,1.4,0.1,0.12,1.3,3.0,0.2,0.9,0.5,0.2,0.2,7.23,0.0,24.0,1.4,3.2,0.7,1333,22,Midfielder,0.7592592592592593,0.2195121951219512,0.0166666666666666,0.5384615384615384,0.0583333333333333,0.3571428571428571,0.0857142857142857,45.44182009673896,49.78711577469184,38.47139439330109,58.341212877724026,46.8808556844786,True,False
599353,Che Adams,9804,Torino,ITA-Serie A,1.8,19.3,5.0,0.0,0.6,1.3,0.08,0.26,0.7,1.0,0.25,0.1,0.8,0.0,0.4,6.69,0.0,22.0,2.7,0.7,0.7,1450,24,Attacker,0.5333333333333333,0.125,0.0932642487046632,1.0,0.059090909090909,0.2962962962962963,0.0962962962962963,56.908943152857965,65.37965491236282,49.048967597649145,21.795066833099288,46.85370305585933,True,False
1561552,Ayyoub Bouaddi,8639,Lille,FRA-Ligue 1,1.3,33.7,2.0,0.0,1.1,1.1,0.07,0.09,1.7,1.0,0.0,1.1,0.2,0.4,0.6,7.05,0.0,17.0,0.8,2.4,1.4,1508,20,Midfielder,0.673076923076923,0.3142857142857143,0.0385756676557863,0.8235294117647058,0.0647058823529411,0.25,0.1124999999999999,57.46983408748115,31.12133978259739,38.56195714360015,73.23960446247465,46.83661707889639,True,False
402419,Przemyslaw Frankowski,9851,Rennes,FRA-Ligue 1,1.8,36.3,2.0,0.0,2.7,2.4,0.19,0.04,0.9,2.0,0.08,0.6,0.2,0.1,0.6,7.23,0.0,23.0,0.7,3.2,0.3,1111,16,Midfielder,0.8085106382978724,0.1578947368421052,0.0495867768595041,0.3333333333333333,0.1043478260869565,0.2857142857142857,0.0571428571428571,28.78842253081604,40.37963540854008,68.83883341134862,70.94073438393924,46.65986417873897,True,False
1078846,Andrea Cambiaso,9885,Juventus,ITA-Serie A,1.5,43.2,7.0,0.0,0.5,3.5,0.18,0.08,1.0,3.0,0.1,0.6,0.5,0.3,0.4,6.99,0.0,39.0,0.9,2.1,0.3,1778,23,Midfielder,0.7297297297297297,0.2222222222222222,0.0347222222222222,0.3,0.0897435897435897,0.5555555555555556,0.0888888888888888,37.26473188744994,40.74336870026525,63.12000052010195,52.59015317002133,46.57214804804903,True,False
1199382,Josué Casimir,8583,Auxerre,FRA-Ligue 1,0.8,22.5,0.0,0.0,0.8,1.0,0.08,0.18,2.0,0.0,0.0,0.7,0.6,0.0,0.4,6.37,0.0,6.0,1.3,1.8,0.6,1121,20,Attacker,0.5555555555555556,0.2799999999999999,0.0355555555555555,0.3,0.1666666666666666,0.4615384615384615,0.1384615384615384,41.61717246580329,57.012931034482754,44.828795443907005,44.59526317158163,46.50740705926877,True,False
978680,Han-Noah Massengo,8406,FC Augsburg,GER-Bundesliga,1.0,36.6,3.0,0.0,1.8,1.2,0.06,0.05,0.8,1.0,0.1,1.4,0.2,0.3,0.7,7.05,0.0,13.0,0.7,1.7,1.0,1798,22,Midfielder,0.7948717948717949,0.4516129032258065,0.0273224043715847,1.25,0.0923076923076923,0.2857142857142857,0.0714285714285714,58.01891220679253,30.92564492640557,38.75343267280386,69.03987231497372,46.40321872219908,True,False
1093285,Fabiano Parisi,8535,Fiorentina,ITA-Serie A,1.6,31.8,3.0,0.0,1.3,1.4,0.12,0.05,0.7,1.0,0.0,1.5,0.3,0.4,0.2,6.93,0.0,16.0,1.2,1.0,1.7,1034,16,Midfielder,0.78125,0.6,0.050314465408805,2.428571428571429,0.0875,0.25,0.0416666666666666,67.0763899724346,24.53452826754044,49.51135122484007,54.35642585946846,46.3598162078834,True,False
605224,Federico Dimarco,8636,Internazionale,ITA-Serie A,1.4,38.6,26.0,0.0,0.9,7.3,0.36,0.15,1.3,12.0,0.25,0.9,0.7,0.2,0.8,7.82,0.0,66.0,2.1,1.8,0.1,1807,23,Midfielder,0.675,0.3333333333333333,0.0362694300518134,0.0769230769230769,0.1106060606060606,0.3333333333333333,0.0714285714285714,21.271720757268422,49.23986451344464,86.82672803869558,62.50705388256099,46.266768164830495,True,False
1385856,Davide Bartesaghi,8564,Milan,ITA-Serie A,1.7,32.1,2.0,0.0,2.0,2.7,0.15,0.05,0.7,0.0,0.12,0.5,0.3,0.3,0.1,7.06,0.0,29.0,0.8,2.2,0.5,1565,20,Midfielder,0.7941176470588235,0.1851851851851851,0.0529595015576324,0.7142857142857143,0.093103448275862,0.3749999999999999,0.0625,46.58823529411765,35.45955882352941,60.62500000000001,45.5110294117647,46.25966460912427,True,False
1015185,Eduardo Camavinga,8633,Real Madrid,ESP-La Liga,2.9,59.3,1.0,0.0,1.3,1.3,0.12,0.1,2.0,0.0,0.09,0.8,0.2,0.5,0.5,7.29,0.0,10.0,0.9,4.0,1.1,988,18,Midfielder,0.7058823529411765,0.1666666666666666,0.0489038785834738,0.55,0.13,0.2222222222222222,0.1111111111111111,50.21049825765851,35.02084958651896,39.409528267540445,70.57644848390284,46.23302370739784,True,False
921921,Kristian Thorstvedt,7943,Sassuolo,ITA-Serie A,0.5,29.7,3.0,0.0,1.6,1.2,0.08,0.21,1.4,2.0,0.13,1.2,0.5,0.3,0.4,6.95,0.0,23.0,1.6,1.6,0.5,1378,20,Midfielder,0.6666666666666667,0.4285714285714286,0.0168350168350168,0.3571428571428571,0.0521739130434782,0.3125,0.1312499999999999,37.63235294117647,58.80882352941177,39.18382352941177,57.27941176470589,46.22803651391762,True,False
901495,Albert Sambi Lokonga,9790,Hamburger SV,GER-Bundesliga,1.3,33.4,0.0,0.0,1.0,1.1,0.09,0.1,1.0,0.0,0.34,0.9,0.7,0.8,0.5,6.93,0.0,17.0,1.2,1.8,0.5,1056,16,Midfielder,0.7297297297297297,0.3333333333333333,0.0389221556886227,0.5,0.0647058823529411,0.5833333333333334,0.0833333333333333,42.0110294117647,61.62867647058823,29.551470588235297,64.18014705882354,46.08712567943576,True,False
1113903,Liam Delap,9902,Ipswich Town,ENG-Premier League,0.2,7.4,3.0,0.0,1.0,1.4,0.05,0.32,2.5,2.0,0.41,0.1,1.1,0.0,0.6,6.73,0.0,21.0,2.3,0.4,1.4,2612,37,Attacker,0.1666666666666666,0.2,0.027027027027027,0.5599999999999999,0.0666666666666666,0.4782608695652174,0.1391304347826087,57.5232095490716,83.20954907161803,28.547745358090182,28.736737400530505,46.08681233371687,False,False
1515977,Ilyas Ansah,8149,1. FC Union Berlin,GER-Bundesliga,0.2,10.7,1.0,0.0,0.8,0.9,0.06,0.17,1.0,1.0,0.31,0.2,0.5,0.1,0.6,6.52,0.0,13.0,1.5,0.6,1.4,1442,22,Attacker,0.4444444444444445,0.25,0.0186915887850467,1.4,0.0692307692307692,0.3333333333333333,0.1133333333333333,76.97426470588236,61.889705882352935,24.823529411764707,31.97058823529412,46.07594775986063,True,False
1284429,Javier Guerra,10267,Valencia CF,ESP-La Liga,2.3,35.0,4.0,0.0,1.7,1.2,0.1,0.09,1.4,3.0,0.0,1.1,0.3,0.3,0.2,6.64,0.0,12.0,1.1,1.2,1.1,1077,23,Midfielder,0.6216216216216216,0.4782608695652174,0.0657142857142857,0.7857142857142858,0.0999999999999999,0.2727272727272727,0.0818181818181818,56.89791699173037,28.13534352733136,55.368726270348986,48.99294611743901,45.99226628917972,True,False
638622,Frenkie de Jong,8634,Barcelona,ESP-La Liga,2.3,76.5,8.0,0.0,0.8,2.9,0.18,0.04,0.6,4.0,0.0,1.0,0.1,0.3,0.3,7.44,0.0,27.0,0.4,2.3,0.3,1406,18,Midfielder,0.8461538461538461,0.303030303030303,0.0300653594771241,0.5,0.1074074074074074,0.25,0.0999999999999999,33.04070447807771,34.981393353097204,68.7607140999636,63.95796276070109,45.93969256472833,True,False
915111,Shuto Machino,8150,Holstein Kiel,GER-Bundesliga,0.9,18.4,5.0,0.0,1.2,2.6,0.12,0.29,0.9,2.0,0.5,0.3,1.1,0.1,0.2,6.8,0.0,28.0,2.3,0.4,0.5,1962,32,Attacker,0.4374999999999999,0.4285714285714286,0.0489130434782608,0.5555555555555556,0.0928571428571428,0.4782608695652174,0.1260869565217391,47.148541114058354,81.98607427055703,56.942970822281175,16.21684350132626,45.84888685981546,False,False
1344677,Mateo Joseph,8661,Mallorca,ESP-La Liga,0.1,12.4,3.0,0.0,1.1,0.5,0.03,0.25,0.9,2.0,0.14,0.5,0.7,0.2,0.4,6.49,0.0,10.0,1.7,1.5,0.8,1333,23,Attacker,0.6896551724137931,0.25,0.0080645161290322,0.888888888888889,0.05,0.4117647058823529,0.1470588235294117,64.34926470588235,69.09191176470588,20.28676470588235,45.69485294117647,45.83492593230748,True,False
673689,Pepelu,10267,Valencia CF,ESP-La Liga,3.6,50.8,1.0,0.0,2.6,2.0,0.11,0.18,1.4,0.0,0.11,0.9,0.2,0.3,0.2,7.14,0.0,20.0,1.2,2.5,0.4,1709,22,Midfielder,0.7083333333333334,0.2647058823529412,0.0708661417322834,0.2857142857142857,0.1,0.1666666666666666,0.15,29.20210511260207,54.50843865397618,51.41283091485931,62.72319524626827,45.81352384936499,True,False
1012842,Gianluca Gaetano,8529,Cagliari,ITA-Serie A,2.8,37.0,2.0,0.0,1.2,1.0,0.09,0.1,1.5,3.0,0.17,0.7,0.7,0.0,0.1,6.77,0.0,19.0,1.7,1.0,0.8,1086,23,Midfielder,0.53125,0.4117647058823529,0.0756756756756756,0.5333333333333333,0.0526315789473684,0.4117647058823529,0.0588235294117647,53.805637905029386,52.42823893483123,44.89440630363551,31.18256878348156,45.81103342273607,True,False
956683,Ryan Gravenberch,8650,Liverpool,ENG-Premier League,0.8,55.0,4.0,0.0,1.8,1.7,0.07,0.06,1.0,2.0,0.17,1.4,0.3,0.3,0.3,7.42,0.0,21.0,1.1,1.8,0.9,2120,24,Midfielder,0.7619047619047619,0.4374999999999999,0.0145454545454545,0.9,0.0809523809523809,0.2727272727272727,0.0545454545454545,56.75606568887503,25.514751391272693,50.34321527019296,61.16618557237218,45.78139658971088,True,False
751550,Diogo Dalot,10260,Manchester United,ENG-Premier League,1.4,31.8,4.0,0.0,3.1,1.9,0.09,0.07,0.8,3.0,0.05,0.8,0.2,0.3,0.3,7.12,0.0,22.0,0.8,1.8,0.7,1847,24,Midfielder,0.7647058823529411,0.3076923076923077,0.0440251572327044,0.8749999999999999,0.0863636363636363,0.25,0.0875,53.49951240443127,29.097252561502057,50.61412336818017,56.20064882717012,45.75980223011456,True,False
747926,Moise Kean,8535,Fiorentina,ITA-Serie A,0.1,6.5,0.0,0.0,0.7,0.2,0.01,0.7,1.4,1.0,0.37,0.3,1.3,0.1,0.6,6.81,0.0,2.0,4.6,0.3,1.1,1722,22,Attacker,0.3,0.5,0.0153846153846153,0.7857142857142858,0.1,0.2826086956521739,0.1521739130434782,69.42114604462473,84.10556118999322,21.697378686222503,28.995910698496903,45.73228273980883,True,False
1193815,Julian Niehues,94937,1. FC Heidenheim 1846,GER-Bundesliga,2.1,34.0,1.0,0.0,2.5,0.8,0.07,0.11,0.7,0.0,0.27,1.4,0.5,0.4,0.2,6.72,0.0,3.0,1.5,1.1,0.4,994,17,Midfielder,0.78125,0.5599999999999999,0.0617647058823529,0.5714285714285715,0.2666666666666666,0.3333333333333333,0.0733333333333333,43.352941176470594,47.93014705882353,43.89705882352941,48.69117647058823,45.64115956395039,True,False
950474,James Garner,8668,Everton,ENG-Premier League,1.7,41.2,9.0,0.0,2.4,4.0,0.16,0.07,0.9,3.0,0.08,1.5,0.4,0.3,0.4,7.45,0.0,34.0,1.5,3.1,0.6,2334,26,Midfielder,0.8363636363636363,0.3260869565217391,0.04126213592233,0.6666666666666666,0.1176470588235294,0.2666666666666666,0.0466666666666666,41.5538500546107,23.43698314869714,67.14454933166901,74.5813569459614,45.63915073793913,True,False
465960,Youri Tielemans,10252,Aston Villa,ENG-Premier League,2.8,47.5,4.0,0.0,0.9,2.6,0.18,0.07,1.5,4.0,0.0,0.7,0.3,0.7,0.3,7.26,0.0,26.0,1.2,2.6,0.6,1299,17,Midfielder,0.6875,0.2121212121212121,0.0589473684210526,0.3999999999999999,0.1,0.25,0.0583333333333333,41.27474384979456,27.35751157226816,71.80888854215426,56.61808914547251,45.56276343610728,True,False
1233655,Alex Scott,8678,Bournemouth,ENG-Premier League,1.3,34.4,2.0,0.0,2.7,1.3,0.06,0.12,1.3,1.0,0.1,1.3,0.3,0.3,0.4,7.01,0.0,14.0,1.4,1.7,0.8,1870,26,Midfielder,0.6976744186046512,0.4333333333333333,0.0377906976744186,0.6153846153846154,0.0928571428571428,0.2142857142857143,0.0857142857142857,51.42279411764706,38.28676470588235,37.25,60.74632352941177,45.561124835618514,True,False
1323510,Alberto Reina,8670,Real Oviedo,ESP-La Liga,2.1,30.3,2.0,0.0,0.7,1.1,0.08,0.11,1.5,0.0,0.15,0.7,0.4,0.1,0.3,6.5,0.0,12.0,0.9,1.7,0.7,1239,22,Midfielder,0.6153846153846154,0.2916666666666667,0.0693069306930693,0.4666666666666666,0.0916666666666666,0.4444444444444445,0.1222222222222222,42.86764705882352,59.069852941176464,38.86029411764706,43.99999999999999,45.55619281768137,True,False
1292833,Tyler Dibling,8466,Southampton,ENG-Premier League,0.7,23.7,3.0,0.0,0.8,1.5,0.07,0.12,1.4,0.0,0.1,0.4,0.4,0.2,0.2,6.47,0.0,20.0,1.3,1.6,2.2,1874,33,Attacker,0.5882352941176471,0.2,0.0295358649789029,1.5714285714285716,0.075,0.3076923076923077,0.0923076923076923,74.54575596816977,43.129973474801055,34.07824933687003,33.02718832891247,45.4271315257498,False,False
213516,Daniel Rodriguez,8661,Mallorca,ESP-La Liga,0.9,19.0,7.0,0.0,1.0,3.4,0.14,0.11,2.1,7.0,0.17,0.5,0.4,0.1,0.4,6.71,0.0,33.0,1.3,2.0,0.7,2175,37,Midfielder,0.5434782608695653,0.2,0.0473684210526315,0.3333333333333333,0.103030303030303,0.3076923076923077,0.0846153846153846,32.60610079575597,44.63196286472149,67.4602122015915,46.38262599469496,45.38727919543494,False,False
1272440,Valentin Barco,9848,Strasbourg,FRA-Ligue 1,2.7,53.8,11.0,0.0,0.6,5.4,0.31,0.08,1.0,4.0,0.06,0.6,0.3,0.0,0.6,7.33,0.0,27.0,1.0,2.2,1.1,1605,19,Midfielder,0.736842105263158,0.2142857142857142,0.0501858736059479,1.1,0.2,0.3,0.08,49.73885681593592,24.033449056014984,76.16215478233734,45.80211421438602,45.37583979390446,True,False
750734,Dodo,8535,Fiorentina,ITA-Serie A,1.5,32.0,6.0,0.0,1.5,3.2,0.13,0.05,0.4,2.0,0.0,0.8,0.0,0.0,0.2,7.06,0.0,38.0,0.7,0.8,1.3,2161,25,Midfielder,0.8,0.5,0.046875,3.25,0.0842105263157894,0.0,0.0714285714285714,77.20730613200188,15.95662349820565,67.10221303375461,46.29431918656056,45.37561460546717,True,False
1387194,Kassoum Ouattara,9829,Monaco,FRA-Ligue 1,0.9,25.7,5.0,0.0,1.7,2.2,0.2,0.09,2.1,3.0,0.0,1.4,0.0,0.0,0.5,7.03,0.0,17.0,1.1,2.5,0.8,963,14,Midfielder,0.65,0.358974358974359,0.0350194552529182,0.3809523809523809,0.1294117647058823,0.0,0.0818181818181818,38.794117647058826,23.264705882352946,74.36764705882352,71.30882352941177,45.37104891680683,True,False
1076756,Brennan Johnson,9826,Crystal Palace,ENG-Premier League,0.5,13.7,0.0,0.0,1.6,0.7,0.06,0.15,0.7,0.0,0.0,0.3,0.4,0.0,0.7,6.59,0.0,10.0,1.3,1.4,0.4,1057,23,Attacker,0.7083333333333334,0.1764705882352941,0.0364963503649635,0.5714285714285715,0.0699999999999999,0.3076923076923077,0.1153846153846153,49.6172634836428,56.72856529879856,28.99065116762885,52.21134342331097,45.31664594786125,True,False
951714,Adrián Bernabé,10167,Parma,ITA-Serie A,2.7,38.1,6.0,0.0,0.8,2.8,0.13,0.09,0.5,1.0,0.14,0.5,0.5,0.2,0.5,7.03,0.0,46.0,1.9,1.2,0.5,1979,25,Midfielder,0.7727272727272726,0.2941176470588235,0.0708661417322834,1.0,0.0608695652173913,0.2631578947368421,0.0473684210526315,58.17032038279503,28.57925053310449,50.620052530295936,48.11203645914599,45.28501766332237,True,False
1016132,Kouadio Koné,8686,Roma,ITA-Serie A,1.4,45.8,2.0,0.0,0.9,1.7,0.08,0.09,1.9,1.0,0.09,0.7,0.2,0.1,0.4,7.2,0.0,20.0,0.8,1.9,1.1,1942,22,Midfielder,0.5777777777777777,0.2692307692307693,0.0305676855895196,0.5789473684210527,0.0849999999999999,0.25,0.1124999999999999,54.2406966765486,40.51191033442555,38.30823841472929,48.87180787434337,45.2718231892543,True,False
1173678,Johnny Cardoso,8603,Real Betis,ESP-La Liga,1.5,39.9,2.0,0.0,2.6,0.8,0.03,0.09,1.6,1.0,0.13,2.0,0.3,0.5,0.5,7.07,0.0,9.0,0.8,2.3,1.1,2143,28,Midfielder,0.7288135593220338,0.4651162790697674,0.037593984962406,0.6875,0.0888888888888888,0.3749999999999999,0.1124999999999999,51.51193633952254,49.99336870026525,23.39522546419097,74.84416445623341,45.228674545544926,False,False
1664716,Dayann Methalie,9941,Toulouse,FRA-Ligue 1,0.5,16.5,1.0,0.0,1.6,1.1,0.08,0.04,2.6,0.0,0.0,0.8,0.4,0.2,0.4,6.55,0.0,6.0,0.7,2.7,1.5,1214,18,Midfielder,0.5737704918032788,0.2285714285714286,0.0303030303030303,0.5769230769230769,0.1833333333333333,0.5714285714285715,0.0571428571428571,52.41176470588235,30.639705882352946,45.80147058823529,57.86397058823529,45.19613370034379,True,False
873270,Anastasios Douvikas,10171,Como,ITA-Serie A,0.5,11.6,2.0,0.0,0.5,1.3,0.09,0.5,1.2,0.0,0.54,0.2,1.3,0.2,0.3,6.73,0.0,17.0,2.7,0.7,0.6,1338,25,Attacker,0.4285714285714286,0.2222222222222222,0.043103448275862,0.5,0.0764705882352941,0.4814814814814814,0.1851851851851851,51.78308823529412,92.61029411764706,39.007352941176464,18.05514705882353,45.188510463656655,True,False
1367615,Warren Zaire-Emery,9847,Paris Saint-Germain,FRA-Ligue 1,1.3,67.8,6.0,0.0,0.7,2.2,0.11,0.03,1.3,3.0,0.05,0.5,0.2,0.3,0.5,7.4,0.0,31.0,0.7,1.7,1.1,1776,22,Midfielder,0.6285714285714287,0.2272727272727272,0.0191740412979351,0.8461538461538461,0.0709677419354838,0.2857142857142857,0.0428571428571428,55.02213683882041,26.66303895563531,48.97399490300099,58.75144978415769,45.17870187292575,True,False
1382000,Petar Sucic,8636,Internazionale,ITA-Serie A,2.4,44.3,5.0,0.0,0.9,1.5,0.12,0.1,1.7,2.0,0.08,0.3,0.3,0.1,0.6,7.0,0.0,20.0,1.3,1.9,0.9,1151,23,Midfielder,0.5641025641025641,0.1363636363636363,0.0541760722347629,0.5294117647058824,0.075,0.2307692307692307,0.0769230769230769,47.66176470588236,32.650735294117645,52.963235294117645,51.09926470588236,45.14408279685799,True,False
469615,Giovanni Simeone,9804,Torino,ITA-Serie A,0.4,13.1,2.0,0.0,0.8,0.6,0.04,0.38,1.3,0.0,0.37,0.0,1.3,0.0,0.7,6.63,0.0,9.0,3.2,0.7,1.1,1203,19,Attacker,0.35,0.0,0.0305343511450381,0.8461538461538461,0.0666666666666666,0.40625,0.11875,67.48529411764706,77.68382352941177,20.669117647058822,32.794117647058826,45.01270021682771,True,False
1106742,Sergio Carreira,9910,Celta de Vigo,ESP-La Liga,2.0,43.4,0.0,0.0,2.4,1.1,0.06,0.07,0.7,1.0,0.11,0.9,0.2,0.1,0.2,7.05,0.0,13.0,0.6,1.4,0.9,1645,21,Midfielder,0.7666666666666666,0.391304347826087,0.0460829493087557,1.2857142857142858,0.0846153846153846,0.3333333333333333,0.1166666666666666,60.25013002548499,35.49038461538462,38.41407915951526,47.45192307692307,44.96643353335482,True,False
1473806,Marco Palestra,8529,Cagliari,ITA-Serie A,0.8,21.7,6.0,0.0,1.3,2.4,0.11,0.05,1.3,4.0,0.04,0.6,0.1,0.1,0.1,7.11,0.0,21.0,0.7,1.9,1.8,2061,24,Midfielder,0.6578947368421053,0.24,0.0368663594470046,1.3846153846153846,0.1142857142857142,0.1428571428571428,0.0714285714285714,70.61764705882354,19.819852941176467,65.94852941176471,39.22058823529412,44.92138929811934,True,False
1339269,Hugo Larsson,9810,Eintracht Frankfurt,GER-Bundesliga,2.4,39.3,1.0,0.0,1.2,0.9,0.09,0.07,0.4,2.0,0.09,1.1,0.3,0.1,0.1,6.79,0.0,9.0,0.7,1.0,0.3,968,15,Midfielder,0.8400000000000001,0.5238095238095238,0.0610687022900763,0.7499999999999999,0.1,0.4285714285714286,0.1,41.58759166796692,52.3326637020856,37.363330212721685,52.15301399074218,44.869333497002366,True,False
852071,Juan Hernández,8603,Real Betis,ESP-La Liga,1.3,17.0,6.0,0.0,1.1,1.7,0.09,0.42,0.9,3.0,0.44,0.4,0.8,0.1,0.8,7.33,0.0,27.0,3.1,1.1,0.9,1651,19,Attacker,0.625,0.2666666666666666,0.0764705882352941,1.0,0.0629629629629629,0.2580645161290322,0.1354838709677419,53.199641129661416,51.20746866385812,37.95508919748271,36.04966323399386,44.80264811695366,True,False
1119643,Jan Thielmann,8722,1. FC Köln,GER-Bundesliga,1.4,16.5,1.0,0.0,2.6,0.8,0.06,0.13,0.6,1.0,0.21,0.8,0.7,0.2,0.2,6.74,0.0,7.0,1.5,1.1,0.4,1280,19,Attacker,0.76,0.4210526315789473,0.0848484848484848,0.6666666666666667,0.1142857142857143,0.4666666666666666,0.0866666666666666,47.20220588235294,59.3014705882353,34.11029411764706,40.73529411764706,44.73738464706281,True,False
1130991,Isaac Romero,8302,Sevilla,ESP-La Liga,0.9,14.0,2.0,0.0,1.0,0.4,0.04,0.4,1.7,0.0,0.27,0.1,1.0,0.0,0.7,6.39,0.0,7.0,2.4,1.0,0.6,989,18,Attacker,0.3928571428571429,0.0909090909090909,0.0642857142857143,0.3529411764705882,0.0571428571428571,0.4166666666666667,0.1666666666666666,44.99539059655692,76.45093488323711,29.707754719925106,37.75150829562594,44.70956319902108,True,False
244811,Davide Zappacosta,8524,Atalanta,ITA-Serie A,1.0,33.7,0.0,0.0,1.5,2.5,0.14,0.06,0.4,2.0,0.05,0.8,0.3,0.1,0.3,7.01,0.0,25.0,1.2,0.7,0.8,1657,22,Midfielder,0.7894736842105263,0.5333333333333333,0.029673590504451,2.0,0.1,0.25,0.05,59.907194310084776,26.82020075934884,57.34096582930255,39.91389712383627,44.68896308419558,True,False
609505,Borja Iglesias,9910,Celta de Vigo,ESP-La Liga,0.8,16.7,3.0,0.0,1.0,1.3,0.09,0.54,1.8,2.0,0.68,0.0,1.2,0.3,0.5,6.96,0.0,16.0,2.4,0.3,0.6,1323,22,Attacker,0.1428571428571428,0.0,0.0479041916167664,0.3333333333333333,0.08125,0.5,0.225,39.205726322359176,95.4519165756488,40.79700421282572,23.50514250793156,44.65197372330864,True,False
954621,Youssouf Fofana,8564,Milan,ITA-Serie A,0.9,27.1,2.0,0.0,0.7,2.0,0.12,0.16,1.0,2.0,0.06,0.5,0.6,0.1,0.7,6.81,0.0,21.0,1.8,1.9,0.4,1475,21,Midfielder,0.7058823529411765,0.2083333333333333,0.033210332103321,0.4,0.0952380952380952,0.3333333333333333,0.0888888888888888,37.25221043324492,35.10759608883341,54.58481562386228,60.67491028241535,44.52107867468613,True,False
1226189,Martim Neto,10268,Elche,ESP-La Liga,0.7,35.5,3.0,0.0,0.9,1.5,0.13,0.07,1.2,4.0,0.17,0.2,0.3,0.1,0.3,6.78,0.0,20.0,1.0,1.1,1.5,1076,20,Midfielder,0.52,0.1538461538461538,0.0197183098591549,1.25,0.075,0.3,0.07,69.91544117647058,37.59191176470589,50.19117647058823,23.830882352941178,44.43553386635684,True,False
939061,Giorgi Tsitaishvili,8550,Metz,FRA-Ligue 1,0.7,19.5,4.0,0.0,1.5,3.2,0.18,0.06,0.7,1.0,0.12,0.4,0.2,0.1,0.2,6.67,0.0,25.0,1.1,0.7,1.2,1546,22,Attacker,0.6111111111111112,0.3636363636363636,0.0358974358974358,1.7142857142857144,0.128,0.1818181818181818,0.0545454545454545,73.27205882352942,25.36029411764705,75.77205882352942,21.698529411764703,44.43072726569978,True,False
642551,Aleix Garcia,8178,Bayer 04 Leverkusen,GER-Bundesliga,5.5,101.1,9.0,0.0,1.1,4.0,0.21,0.07,0.3,5.0,0.05,0.8,0.2,0.2,0.2,7.45,0.0,31.0,0.9,0.7,0.2,1753,21,Midfielder,0.8333333333333333,0.5333333333333333,0.0544015825914935,0.6666666666666667,0.1290322580645161,0.2222222222222222,0.0777777777777777,36.49438289904821,30.27069355593696,84.58097987205493,42.7920632443959,44.36231727959335,True,False
602523,Maximilian Eggestein,8358,Sport-Club Freiburg,GER-Bundesliga,1.2,33.9,2.0,0.0,2.1,1.2,0.05,0.13,0.7,0.0,0.09,1.0,0.4,0.5,0.4,6.93,0.0,14.0,1.5,2.1,0.5,1980,22,Midfielder,0.8157894736842106,0.3225806451612903,0.0353982300884955,0.7142857142857143,0.0857142857142857,0.2666666666666666,0.0866666666666666,44.99719795079835,37.85037317314194,37.38035054870755,64.6891870806678,44.23849702862103,True,False
759817,Miro Muheim,9790,Hamburger SV,GER-Bundesliga,3.0,32.6,5.0,0.0,2.2,3.5,0.17,0.05,1.3,4.0,0.0,1.1,0.3,0.1,0.3,7.34,0.0,37.0,1.0,2.2,0.8,1823,21,Midfielder,0.717391304347826,0.3333333333333333,0.0920245398773006,0.6153846153846154,0.0945945945945946,0.3,0.05,47.46323529411765,19.613970588235293,71.69852941176471,59.713235294117645,44.17130841423941,True,False
610184,Emiliano Buendia,10252,Aston Villa,ENG-Premier League,1.1,28.3,1.0,0.0,1.2,1.5,0.12,0.2,2.0,2.0,0.39,0.4,0.7,0.2,0.8,6.82,0.0,22.0,2.7,2.6,0.5,1150,24,Attacker,0.6,0.1333333333333333,0.03886925795053,0.25,0.0681818181818181,0.2592592592592592,0.074074074074074,29.834558823529413,54.17647058823529,41.58088235294118,66.11764705882352,44.1220280552048,True,False
1107280,Pape Sarr,8586,Tottenham Hotspur,ENG-Premier League,1.2,35.5,2.0,0.0,3.4,0.9,0.09,0.11,2.2,3.0,0.19,0.8,0.5,0.6,0.4,6.78,0.0,6.0,0.8,1.9,0.6,930,17,Midfielder,0.5510204081632653,0.2962962962962963,0.0338028169014084,0.2727272727272727,0.15,0.625,0.1374999999999999,30.79320096738961,63.784560773911686,37.49451292453321,58.37797108233213,44.10187680005258,True,False
947884,Wouter Burger,8226,TSG 1899 Hoffenheim,GER-Bundesliga,2.2,37.0,9.0,0.0,2.7,3.5,0.2,0.15,2.3,5.0,0.23,0.7,0.6,0.3,0.8,7.46,0.0,33.0,1.4,2.5,0.2,1551,19,Midfielder,0.5818181818181819,0.2187499999999999,0.0594594594594594,0.0869565217391304,0.106060606060606,0.4285714285714286,0.1071428571428571,14.308823529411764,62.88970588235294,80.88970588235296,71.59926470588236,44.08401035419953,True,False
847357,Mehdi Leris,6479,Pisa,ITA-Serie A,1.5,19.6,5.0,0.0,2.3,1.6,0.13,0.12,1.3,3.0,0.08,0.9,0.5,0.6,0.5,6.79,0.0,20.0,1.7,3.0,0.4,1069,23,Midfielder,0.75,0.2307692307692307,0.0765306122448979,0.3076923076923077,0.08,0.2941176470588235,0.0705882352941176,30.084558823529413,36.9485294117647,55.897058823529406,72.40808823529412,44.07649370759577,True,False
777028,André Almeida,10267,Valencia CF,ESP-La Liga,1.7,34.5,4.0,0.0,0.5,4.9,0.22,0.05,1.3,4.0,0.0,0.4,0.2,0.1,0.4,6.81,0.0,43.0,0.8,2.2,1.0,1988,34,Midfielder,0.6666666666666666,0.1538461538461538,0.0492753623188405,0.7692307692307692,0.113953488372093,0.25,0.0625,51.4290450928382,19.69164456233422,73.91909814323608,49.71816976127322,43.99721904647375,False,False
543306,Federico Bonazzoli,7801,Cremonese,ITA-Serie A,1.1,23.0,3.0,0.0,0.4,0.9,0.06,0.32,0.8,1.0,0.32,0.3,1.0,0.0,0.4,6.72,0.0,9.0,2.7,1.0,0.3,1411,22,Attacker,0.6190476190476191,0.2307692307692307,0.0478260869565217,0.3749999999999999,0.1,0.3703703703703703,0.1185185185185185,39.650735294117645,72.76838235294119,38.19117647058823,32.45955882352941,43.925866321946174,True,False
1238154,Pablo Ibánez,9866,Alavés,ESP-La Liga,0.9,36.1,1.0,0.0,1.4,1.0,0.06,0.22,1.6,1.0,0.06,0.8,0.6,0.4,0.5,6.7,0.0,12.0,2.0,1.9,1.7,1449,24,Midfielder,0.6279069767441859,0.2962962962962963,0.0249307479224376,1.0625,0.0833333333333333,0.3,0.11,62.08976309356634,44.41436521558226,23.75490196078432,55.13362068965517,43.85392596551067,True,False
1120224,Tyrick Mitchell,9826,Crystal Palace,ENG-Premier League,1.0,21.6,1.0,0.0,2.8,1.4,0.05,0.04,0.7,0.0,0.04,1.0,0.2,0.3,0.2,7.07,0.0,19.0,0.4,2.8,0.4,2309,26,Midfielder,0.8444444444444444,0.2631578947368421,0.0462962962962962,0.5714285714285715,0.0736842105263157,0.5,0.0999999999999999,40.54923414989338,39.0223058719509,41.12295209861133,60.65908618089145,43.68408793807053,True,False
113836,Danny Welbeck,10204,Brighton and Hove Albion,ENG-Premier League,0.2,15.3,1.0,0.0,1.1,0.7,0.05,0.52,1.3,0.0,0.5,0.3,0.9,0.0,0.5,6.66,0.0,13.0,2.1,1.0,0.4,1453,25,Attacker,0.5,0.2307692307692307,0.0130718954248366,0.3076923076923077,0.0538461538461538,0.4285714285714285,0.2476190476190476,46.2960875331565,89.63376371768868,21.884654392260884,38.64526447183648,43.67524755034541,True,False
975242,Simon Sohm,10167,Parma,ITA-Serie A,1.2,31.3,2.0,0.0,1.1,2.1,0.06,0.09,0.6,0.0,0.12,0.8,0.4,0.1,0.2,6.66,0.0,20.0,1.0,0.8,0.5,2999,37,Midfielder,0.7272727272727273,0.5,0.0383386581469648,0.8333333333333334,0.105,0.4,0.09,48.610742705570296,46.992705570291776,39.6684350132626,38.189655172413794,43.65436784644994,False,False
940829,Carlos Augusto,8636,Internazionale,ITA-Serie A,0.6,44.9,0.0,0.0,2.5,1.3,0.11,0.1,1.6,1.0,0.09,0.5,0.4,0.3,0.4,6.93,0.0,10.0,1.2,2.1,0.5,986,22,Midfielder,0.6190476190476191,0.1923076923076923,0.0133630289532293,0.3125,0.13,0.3333333333333333,0.0833333333333333,36.55320642845998,45.79428668018932,47.77076506995371,47.86938940032246,43.63978428008516,True,False
562719,Valentin Rongier,9851,Rennes,FRA-Ligue 1,1.6,56.2,5.0,0.0,1.6,2.3,0.12,0.04,1.7,2.0,0.05,1.0,0.3,0.4,0.7,7.46,0.0,27.0,0.9,2.2,0.8,1755,20,Midfielder,0.6530612244897959,0.3125,0.0284697508896797,0.4705882352941177,0.0851851851851851,0.3333333333333333,0.0444444444444444,35.348734852030994,30.476205336245908,54.97036719196964,70.08672049721746,43.61759267299656,True,False
1287373,Jobe Bellingham,9789,Borussia Dortmund,GER-Bundesliga,2.4,46.7,1.0,0.0,1.5,0.7,0.07,0.07,0.9,1.0,0.0,2.6,0.3,0.4,0.7,6.74,0.0,4.0,1.1,2.1,0.6,921,20,Midfielder,0.8392857142857142,0.5531914893617021,0.0513918629550321,0.6666666666666666,0.175,0.2727272727272727,0.0636363636363636,48.275735294117645,22.893382352941178,42.66911764705882,86.01470588235294,43.6002637949702,True,False
208494,Casemiro,10260,Manchester United,ENG-Premier League,2.6,44.4,3.0,0.0,2.3,2.4,0.13,0.21,1.7,2.0,0.26,1.0,0.6,0.7,0.3,7.23,0.0,23.0,1.9,3.0,0.3,1735,24,Midfielder,0.7017543859649122,0.25,0.0585585585585585,0.1764705882352941,0.1043478260869565,0.3157894736842105,0.1105263157894736,22.14872314973735,51.823594424507206,57.67900608519269,67.46499063816508,43.48171110887005,True,False
1252373,Roberto Fernández,8558,Espanyol,ESP-La Liga,0.0,8.9,6.0,0.0,1.0,2.3,0.12,0.29,1.4,2.0,0.26,0.2,0.8,0.1,0.8,6.64,0.0,16.0,2.2,0.4,0.3,1732,24,Attacker,0.3,0.3333333333333333,0.0,0.2142857142857143,0.14375,0.3636363636363636,0.1318181818181818,31.57271025120924,72.74756852343059,50.28038695584335,30.778560097779167,43.47579099977565,True,False
598355,Denis Zakaria,9829,Monaco,FRA-Ligue 1,1.3,42.5,1.0,0.0,2.5,0.6,0.06,0.06,1.1,1.0,0.09,1.6,0.1,0.5,0.1,6.96,0.0,4.0,0.8,1.5,0.4,954,12,Midfielder,0.7380952380952381,0.5161290322580645,0.0305882352941176,0.3636363636363636,0.15,0.125,0.075,38.67042440318303,41.50572112133978,43.17978623810267,55.36745202059603,43.47220830270468,True,False
1481909,Ebenezer Akinsanmiro,6479,Pisa,ITA-Serie A,1.7,25.4,2.0,0.0,1.1,1.1,0.11,0.06,2.2,1.0,0.0,1.5,0.3,0.3,0.7,6.98,0.0,12.0,1.1,2.1,1.5,933,14,Midfielder,0.6206896551724137,0.4166666666666666,0.0669291338582677,0.6818181818181818,0.0916666666666666,0.2727272727272727,0.0545454545454545,56.106617647058826,20.003676470588232,43.53676470588236,76.51102941176471,43.295277658505086,True,False
1113724,Tyler Morton,9748,Lyon,FRA-Ligue 1,3.9,46.6,2.0,0.0,1.6,2.9,0.15,0.07,1.3,2.0,0.11,0.8,0.3,0.5,0.5,7.22,0.0,24.0,1.2,1.8,0.5,1677,19,Midfielder,0.6666666666666666,0.3076923076923077,0.0836909871244635,0.3846153846153846,0.1208333333333333,0.25,0.0583333333333333,33.72794117647059,29.150735294117645,66.01470588235294,59.46691176470589,43.08484929870451,True,False
664500,Viktor Gyökeres,9825,Arsenal,ENG-Premier League,0.1,6.9,2.0,0.0,0.9,1.3,0.07,0.44,1.1,0.0,0.44,0.1,0.8,0.1,0.6,6.72,0.0,14.0,2.0,0.3,0.3,1646,25,Attacker,0.2666666666666666,0.25,0.0144927536231884,0.2727272727272727,0.0928571428571428,0.4,0.22,34.55514705882353,88.25367647058823,39.213235294117645,26.74264705882353,42.83374753639836,True,False
1199272,Rasmus Højlund,9875,Napoli,ITA-Serie A,0.3,12.9,3.0,0.0,0.6,1.9,0.1,0.4,1.4,2.0,0.41,0.0,0.9,0.1,0.4,6.74,0.0,18.0,1.9,0.2,0.4,1740,21,Attacker,0.125,0.0,0.0232558139534883,0.2857142857142857,0.1055555555555555,0.4736842105263158,0.2105263157894737,37.28612758100588,83.88356217818693,45.68441514536849,20.94070837884225,42.8078771573169,True,False
1033111,Kaishu Sano,9905,1. FSV Mainz 05,GER-Bundesliga,1.5,29.7,2.0,0.0,1.6,1.8,0.08,0.04,0.3,1.0,0.05,2.3,0.1,0.3,0.3,7.29,0.0,15.0,0.6,1.5,0.9,1979,22,Midfielder,0.926829268292683,0.6052631578947368,0.0505050505050505,3.0,0.12,0.1666666666666666,0.0666666666666666,68.40248738752796,16.769653352057002,45.12267904509284,63.56379050293858,42.74578199226033,True,False
556029,Marius Wolf,8406,FC Augsburg,GER-Bundesliga,1.5,24.7,2.0,0.0,1.9,4.5,0.19,0.03,0.8,3.0,0.04,1.0,0.1,0.2,0.4,6.9,0.0,45.0,0.5,1.1,0.8,2164,32,Midfielder,0.7241379310344827,0.4761904761904761,0.0607287449392712,1.0,0.1,0.2,0.06,53.5842175066313,18.53448275862069,64.32360742705569,51.4688328912467,42.66852674453222,False,False
711231,Gorka Guruzeta,8315,Athletic Club,ESP-La Liga,0.7,14.5,5.0,0.0,0.7,1.3,0.08,0.4,1.9,1.0,0.26,0.3,1.1,0.0,0.7,6.57,0.0,16.0,3.2,0.6,0.5,1385,21,Attacker,0.3214285714285714,0.3333333333333333,0.0482758620689655,0.2631578947368421,0.08125,0.34375,0.125,33.26451084412545,71.13223591823997,35.48170541426119,40.932120195558326,42.611314041589935,True,False
290201,Philipp Hofmann,9911,VfL Bochum 1848,GER-Bundesliga,0.6,17.2,7.0,0.0,1.3,2.6,0.1,0.22,1.4,2.0,0.12,0.2,0.7,0.0,0.6,6.64,0.0,27.0,2.1,0.7,0.4,2284,31,Attacker,0.391304347826087,0.2222222222222222,0.0348837209302325,0.2857142857142857,0.0962962962962963,0.3333333333333333,0.1047619047619047,30.68633952254642,54.648541114058354,58.295755968169765,34.02519893899204,42.486165661937314,False,False
1286471,Roger Brugué,8581,Levante,ESP-La Liga,0.3,16.8,2.0,0.0,1.6,0.7,0.07,0.22,1.1,1.0,0.0,0.4,0.5,0.1,0.2,6.26,0.0,6.0,1.8,1.0,0.9,900,15,Attacker,0.5599999999999999,0.2857142857142857,0.0178571428571428,0.8181818181818181,0.1166666666666666,0.2777777777777778,0.1222222222222222,62.209558823529406,46.57720588235294,39.25735294117647,23.47058823529412,42.44099356896495,True,False
684983,Atakan Karazor,10269,VfB Stuttgart,GER-Bundesliga,0.8,42.3,3.0,0.0,2.7,1.4,0.1,0.04,0.9,0.0,0.0,0.8,0.1,0.3,0.4,7.04,0.0,9.0,0.3,1.7,0.3,1344,20,Midfielder,0.7352941176470589,0.32,0.0189125295508274,0.3333333333333333,0.1555555555555555,0.3333333333333333,0.1333333333333333,27.18364799500702,41.58913246996411,55.99297862381027,59.770400998595726,42.40020079793064,True,False
1057433,Tanner Tessmann,9748,Lyon,FRA-Ligue 1,2.2,43.7,3.0,0.0,2.5,1.1,0.07,0.11,0.8,0.0,0.06,0.8,0.4,0.6,0.2,6.96,0.0,10.0,1.3,1.4,0.4,1495,20,Midfielder,0.7333333333333334,0.3636363636363636,0.0503432494279176,0.5,0.11,0.3076923076923077,0.0846153846153846,42.89222837676184,38.73092526135122,39.757606490872206,50.49711343423311,42.387364973140805,True,False
950545,Oihan Sancet,8315,Athletic Club,ESP-La Liga,0.9,24.9,0.0,0.0,0.5,0.7,0.05,0.33,1.3,0.0,0.16,0.2,0.6,0.2,0.6,6.48,0.0,16.0,2.3,0.8,0.5,1152,17,Midfielder,0.4347826086956522,0.2,0.036144578313253,0.3846153846153846,0.04375,0.2608695652173913,0.1434782608695652,54.02726634420346,72.87401830758829,22.293038435533365,33.24082020075935,42.34515627111168,True,False
667790,Suat Serdar,9876,Verona,ITA-Serie A,2.0,23.1,2.0,0.0,1.3,0.8,0.07,0.17,1.5,0.0,0.16,0.7,0.6,0.4,0.5,6.61,0.0,13.0,1.5,2.5,0.7,1108,20,Midfielder,0.6808510638297872,0.2187499999999999,0.0865800865800865,0.4666666666666666,0.0615384615384615,0.3999999999999999,0.1133333333333333,46.59503562698288,52.13142325895876,23.88525250949186,57.457475165132365,42.28424268608202,True,False
674499,Niklas Dorsch,94937,1. FC Heidenheim 1846,GER-Bundesliga,2.9,33.7,5.0,0.0,1.5,1.8,0.11,0.03,1.0,0.0,0.0,0.9,0.2,0.2,0.2,6.76,0.0,15.0,0.8,2.8,0.6,1440,20,Midfielder,0.7872340425531915,0.2432432432432432,0.086053412462908,0.6,0.12,0.25,0.0375,41.366788890622566,23.250351068809483,59.53293545534925,59.924188640973625,42.24863466322846,True,False
689680,Jens Odgaard,9857,Bologna,ITA-Serie A,0.3,14.6,1.0,0.0,0.9,1.0,0.08,0.18,2.0,1.0,0.34,0.3,0.8,0.0,0.9,6.73,0.0,10.0,2.2,1.2,0.5,1045,19,Midfielder,0.4285714285714285,0.1999999999999999,0.0205479452054794,0.25,0.1,0.3636363636363636,0.0818181818181818,31.633113590263694,60.14612914131169,38.10214802101212,47.70041478129713,42.24606850323739,True,False
604982,Ruben Loftus-Cheek,8564,Milan,ITA-Serie A,0.3,26.6,3.0,0.0,1.3,0.9,0.08,0.28,1.8,1.0,0.27,0.4,0.5,0.1,0.4,6.7,0.0,9.0,2.6,1.0,0.8,1014,22,Midfielder,0.4374999999999999,0.2857142857142857,0.0112781954887218,0.4444444444444445,0.1,0.1923076923076923,0.1076923076923077,46.21889790398918,47.86686040463931,39.003926769646846,34.836291413116975,42.2316526941366,True,False
517052,Vedat Muriqi,8661,Mallorca,ESP-La Liga,0.6,13.2,1.0,0.0,2.1,0.7,0.03,0.56,1.0,1.0,0.76,0.0,1.6,0.2,0.7,7.27,0.0,11.0,3.3,0.2,0.6,1887,23,Attacker,0.1666666666666666,0.0,0.0454545454545454,0.6,0.0636363636363636,0.4848484848484849,0.1696969696969697,49.6224645030426,88.62384277318354,23.81519477817652,26.727310552868364,42.18865982409073,True,False
626890,Marius Bülter,8722,1. FC Köln,GER-Bundesliga,1.0,16.5,6.0,0.0,0.9,3.6,0.29,0.29,1.0,3.0,0.24,0.3,1.0,0.2,0.3,6.7,0.0,20.0,2.7,0.3,0.2,1117,20,Attacker,0.3749999999999999,0.5,0.0606060606060606,0.2,0.18,0.3703703703703703,0.1074074074074074,28.702205882352946,67.15073529411765,86.38970588235294,17.106617647058822,42.15854407233783,True,False
942193,Mikael Egill Ellertsson,10233,Genoa,ITA-Serie A,0.4,15.1,5.0,0.0,1.2,1.5,0.08,0.09,0.9,1.0,0.05,0.6,0.3,0.2,0.3,6.54,0.0,12.0,0.8,1.3,0.4,1745,24,Midfielder,0.6785714285714286,0.3157894736842105,0.0264900662251655,0.4444444444444445,0.125,0.3749999999999999,0.1124999999999999,39.95106490872211,36.535711499453896,50.41536641181671,43.64841108857336,42.14754859868084,True,False
506776,Stefano Moreo,6479,Pisa,ITA-Serie A,0.5,12.5,3.0,0.0,2.4,1.0,0.07,0.25,1.1,1.0,0.34,0.9,0.8,0.3,0.5,6.88,0.0,14.0,2.4,0.8,0.3,1319,24,Midfielder,0.6071428571428571,0.5294117647058824,0.04,0.2727272727272727,0.0714285714285714,0.3333333333333333,0.1041666666666666,31.5,66.15441176470588,34.63235294117647,47.30882352941176,42.12033323939095,True,False
708890,Carlos Soler,8560,Real Sociedad,ESP-La Liga,1.9,36.4,5.0,0.0,1.0,2.0,0.14,0.12,1.6,2.0,0.14,0.6,0.8,0.4,0.3,6.81,0.0,28.0,1.5,1.7,0.5,1294,20,Midfielder,0.5897435897435898,0.2608695652173913,0.0521978021978022,0.3125,0.0714285714285714,0.5333333333333333,0.08,30.457540177874865,49.92819992718572,55.448041816195975,39.08057679305144,42.07834704734268,True,False
737339,Dany Mota,6504,Monza,ITA-Serie A,0.7,17.0,3.0,0.0,1.0,1.7,0.07,0.22,1.3,2.0,0.21,0.4,0.5,0.0,0.5,6.52,0.0,22.0,1.8,0.6,0.6,2111,31,Attacker,0.4347826086956522,0.4,0.0411764705882352,0.4615384615384615,0.0772727272727272,0.2777777777777778,0.1222222222222222,42.12864721485411,59.01193633952254,36.02122015915119,32.960875331564985,41.96116841690069,False,False
850295,Alessio Zerbin,7801,Cremonese,ITA-Serie A,0.8,18.8,4.0,0.0,1.7,1.7,0.14,0.12,1.5,2.0,0.0,0.2,0.6,0.2,0.1,6.52,0.0,11.0,1.4,2.5,0.5,1084,20,Midfielder,0.6428571428571429,0.074074074074074,0.0425531914893617,0.3333333333333333,0.1545454545454545,0.4285714285714286,0.0857142857142857,32.768382352941174,42.48897058823529,65.54411764705883,34.15808823529412,41.93123893446582,True,False
275034,Silvan Widmer,9905,1. FSV Mainz 05,GER-Bundesliga,1.2,20.1,2.0,0.0,3.3,0.9,0.07,0.17,0.9,0.0,0.15,0.8,0.2,0.5,0.2,6.78,0.0,3.0,1.3,2.2,0.2,1170,17,Midfielder,0.7692307692307693,0.2666666666666666,0.0597014925373134,0.2222222222222222,0.3,0.1538461538461538,0.1307692307692307,27.57720588235294,50.53308823529412,47.3014705882353,53.397058823529406,41.90647839229814,True,False
1092731,Joel Chima Fujita,8152,FC St. Pauli,GER-Bundesliga,1.4,32.9,5.0,0.0,0.7,3.3,0.17,0.03,1.4,3.0,0.0,1.2,0.2,0.1,0.7,7.01,0.0,24.0,1.1,2.2,1.3,1770,21,Midfielder,0.7083333333333333,0.3529411764705882,0.0425531914893617,0.9285714285714288,0.1374999999999999,0.1818181818181818,0.0272727272727272,60.04044117647059,8.742647058823529,78.21323529411765,78.74264705882354,41.831743296583866,True,False
621515,Daichi Kamada,9826,Crystal Palace,ENG-Premier League,1.5,29.6,2.0,0.0,1.1,2.0,0.14,0.1,1.4,0.0,0.0,0.6,0.3,0.1,0.6,6.98,0.0,11.0,1.1,3.1,0.6,1258,16,Midfielder,0.7254901960784315,0.1621621621621621,0.0506756756756756,0.4285714285714286,0.1818181818181818,0.2727272727272727,0.0909090909090909,33.446247464503045,26.91556145004421,55.25471992510533,71.68268580641805,41.82926946083587,True,False
797594,Azor Matusiwa,9851,Rennes,FRA-Ligue 1,2.3,41.9,2.0,0.0,2.1,1.6,0.07,0.05,1.3,3.0,0.04,1.5,0.1,0.4,0.6,7.13,0.0,17.0,0.5,2.8,0.7,2078,29,Midfielder,0.7678571428571429,0.3488372093023256,0.0548926014319809,0.5384615384615384,0.0941176470588235,0.2,0.1,39.77785145888594,29.50928381962865,36.26657824933687,82.82824933687003,41.77287878313621,False,False
1276315,Dermane Karim,8689,Lorient,FRA-Ligue 1,1.3,30.6,1.0,0.0,0.3,0.7,0.07,0.09,1.6,2.0,0.1,0.8,0.2,0.2,0.7,6.66,0.0,10.0,1.2,1.7,1.4,914,20,Midfielder,0.6097560975609757,0.32,0.0424836601307189,0.8749999999999999,0.0699999999999999,0.1666666666666666,0.075,62.53676470588235,31.246323529411764,24.352941176470587,64.20220588235294,41.75304937909456,True,False
292313,Raul Jiménez,9879,Fulham,ENG-Premier League,0.6,13.6,2.0,0.0,1.3,0.7,0.04,0.44,1.8,3.0,0.31,0.4,0.8,0.1,0.3,6.82,0.0,20.0,3.0,1.3,0.4,1718,25,Attacker,0.4857142857142857,0.2352941176470588,0.0441176470588235,0.2222222222222222,0.0349999999999999,0.2666666666666666,0.1466666666666666,37.782850938784,75.2865501638321,32.353942372705056,31.908312529255728,41.74748679950159,True,False
1255855,Yassine Kechta,9746,Le Havre,FRA-Ligue 1,0.7,21.8,3.0,0.0,1.3,1.5,0.13,0.12,2.4,1.0,0.09,1.2,0.5,0.3,0.7,6.47,0.0,9.0,1.4,2.0,0.4,1015,20,Midfielder,0.5714285714285715,0.3749999999999999,0.0321100917431192,0.1666666666666666,0.1666666666666666,0.3571428571428571,0.0857142857142857,23.85805117803089,44.91070499817965,50.50345867790086,69.39287200291257,41.732193334588025,True,False
1002673,Jan Schöppner,94937,1. FC Heidenheim 1846,GER-Bundesliga,1.0,19.2,3.0,0.0,3.5,0.6,0.04,0.08,1.0,1.0,0.06,1.5,0.3,0.4,0.3,6.45,0.0,6.0,1.1,1.0,0.6,1426,20,Midfielder,0.7142857142857143,0.6,0.0520833333333333,0.6,0.0999999999999999,0.2727272727272727,0.0727272727272727,43.83647995007021,35.06750273053519,37.28885161491653,54.704523586622976,41.61753103055758,True,False
1174672,Joao Gomes,8602,Wolverhampton Wanderers,ENG-Premier League,1.3,41.0,1.0,0.0,1.6,1.3,0.06,0.04,2.3,0.0,0.0,1.3,0.2,0.2,0.4,6.9,0.0,13.0,0.5,3.3,1.2,2026,25,Midfielder,0.6666666666666666,0.2826086956521739,0.0317073170731707,0.5217391304347826,0.1,0.4,0.08,44.8923258958756,30.86403235034067,33.60612680085297,69.96442502730535,41.552280861736975,True,False
640123,Antonio Martinez,9866,Alavés,ESP-La Liga,0.5,12.3,3.0,0.0,1.6,0.8,0.05,0.32,1.3,2.0,0.29,0.2,1.0,0.1,0.4,6.74,0.0,12.0,2.9,0.9,0.6,1540,23,Attacker,0.4583333333333333,0.1818181818181818,0.040650406504065,0.4615384615384615,0.0666666666666666,0.3448275862068966,0.1103448275862069,48.28729130909659,67.38653976179332,27.30388256098195,30.495611639881417,41.514203876570974,True,False
730901,Yangel Herrera,7732,Girona,ESP-La Liga,1.4,34.1,5.0,0.0,1.9,1.3,0.05,0.14,2.9,3.0,0.16,1.2,0.6,0.3,0.3,6.99,0.0,17.0,1.6,2.6,0.8,2263,29,Midfielder,0.5671641791044777,0.3157894736842105,0.0410557184750733,0.2758620689655172,0.0764705882352941,0.3749999999999999,0.0875,34.22745358090186,51.30636604774535,33.0106100795756,56.641246684350136,41.50927416163759,False,False
660327,Ibrahima Sissoko,9911,VfL Bochum 1848,GER-Bundesliga,1.5,27.8,2.0,0.0,1.8,2.7,0.1,0.05,2.6,1.0,0.04,1.3,0.2,0.4,0.4,6.94,0.0,27.0,0.7,2.2,1.1,2535,31,Midfielder,0.5737704918032788,0.3714285714285714,0.0539568345323741,0.4230769230769231,0.1,0.2857142857142857,0.0714285714285714,40.63992042440318,26.120689655172413,50.23209549071618,59.95689655172415,41.471062993578784,False,False
715069,Pedro Diaz,8370,Rayo Vallecano,ESP-La Liga,1.3,32.5,2.0,0.0,0.8,0.8,0.06,0.06,0.7,0.0,0.0,0.2,0.3,0.0,0.6,6.47,0.0,17.0,2.0,2.0,0.5,1146,20,Midfielder,0.7586206896551724,0.0909090909090909,0.04,0.7142857142857143,0.0470588235294117,0.15,0.03,59.232186508555685,23.658865137566963,35.38535652987986,59.62680735424143,41.45338612307272,True,False
1224237,Mateo Pellegrino,10167,Parma,ITA-Serie A,0.4,9.1,4.0,0.0,1.1,0.8,0.03,0.29,2.4,1.0,0.31,0.1,0.8,0.2,1.0,6.65,0.0,16.0,2.4,0.5,0.7,2051,25,Attacker,0.1999999999999999,0.1666666666666666,0.0439560439560439,0.2916666666666667,0.05,0.3333333333333333,0.1208333333333333,39.106617647058826,70.1029411764706,27.86029411764706,37.82352941176471,41.29599845034861,True,False
638090,Luis Milla,8305,Getafe,ESP-La Liga,2.5,32.8,11.0,0.0,1.4,4.1,0.18,0.03,0.8,8.0,0.0,1.0,0.0,0.3,0.7,7.41,0.0,52.0,0.8,1.7,0.7,2025,23,Midfielder,0.7714285714285715,0.3703703703703703,0.0762195121951219,0.8749999999999999,0.0788461538461538,0.0,0.0375,49.54796640141468,13.420398398086029,68.04856451864566,68.34357934155095,41.26609641675144,True,False
921594,Domagoj Bradaric,9876,Verona,ITA-Serie A,0.7,18.8,4.0,0.0,1.9,1.9,0.11,0.03,0.4,0.0,0.0,0.4,0.3,0.1,0.3,6.57,0.0,17.0,0.5,1.4,0.2,1539,20,Midfielder,0.8181818181818182,0.2222222222222222,0.0372340425531914,0.5,0.1117647058823529,0.6,0.06,36.945207260623086,34.321253965777295,54.41241483330733,43.31481770427004,41.24867638702921,True,False
637756,Carles Alena,9866,Alavés,ESP-La Liga,1.1,33.9,6.0,0.0,1.3,2.3,0.14,0.11,1.5,4.0,0.0,0.5,0.2,0.1,0.3,6.67,0.0,24.0,1.3,1.7,0.7,1466,24,Midfielder,0.5945945945945946,0.2272727272727272,0.0324483775811209,0.4666666666666666,0.0958333333333333,0.1538461538461538,0.0846153846153846,46.59346231861444,26.9513639673376,54.59422946897592,40.81925157330837,41.17203896313115,True,False
1137668,Moisés Caicedo,8455,Chelsea,ENG-Premier League,1.9,56.9,3.0,0.0,1.0,1.8,0.09,0.05,1.8,1.0,0.15,2.3,0.4,0.6,0.3,7.37,0.0,12.0,0.9,3.2,0.5,1776,21,Midfielder,0.7534246575342466,0.4181818181818181,0.0333919156414762,0.2777777777777778,0.15,0.4444444444444445,0.0555555555555555,27.945935403339053,30.765674572216152,54.60402038799604,74.07403000988194,41.12932247376629,True,False
1324358,Frank Magri,9941,Toulouse,FRA-Ligue 1,0.1,10.7,1.0,0.0,0.9,0.9,0.07,0.31,2.0,1.0,0.36,0.2,0.9,0.1,0.4,6.72,0.0,14.0,2.3,0.6,0.7,1264,17,Attacker,0.2857142857142857,0.25,0.0093457943925233,0.35,0.0642857142857143,0.391304347826087,0.1347826086956521,36.06269828886462,77.72967051542103,36.58837832215114,25.92388958235814,41.05253642345426,True,False
831489,Alexis Mac Allister,8650,Liverpool,ENG-Premier League,1.7,43.3,2.0,0.0,1.3,1.1,0.06,0.11,0.8,2.0,0.0,0.6,0.4,0.3,0.3,6.83,0.0,20.0,1.7,1.6,0.4,1735,25,Midfielder,0.7333333333333334,0.2727272727272727,0.0392609699769053,0.5,0.055,0.2352941176470588,0.0647058823529411,36.54717974723045,32.480645706558484,46.81944661153586,54.485456649503305,40.890743987626514,True,False
148830,Benjamin André,8639,Lille,FRA-Ligue 1,2.4,45.1,1.0,0.0,1.6,1.6,0.1,0.13,1.6,1.0,0.12,1.0,0.2,0.2,1.1,7.35,0.0,18.0,1.1,2.3,0.4,1520,17,Midfielder,0.6734693877551019,0.303030303030303,0.0532150776053215,0.25,0.0888888888888888,0.1818181818181818,0.1181818181818181,22.786465647266866,38.96592682165704,48.000806158006974,85.38893223071723,40.88526268855229,True,False
535936,Joelinton,10261,Newcastle United,ENG-Premier League,0.6,31.9,3.0,0.0,2.2,1.0,0.06,0.12,1.7,0.0,0.13,1.2,0.6,0.2,0.5,6.99,0.0,12.0,1.4,2.0,0.4,1366,19,Midfielder,0.6530612244897959,0.3749999999999999,0.018808777429467,0.2352941176470588,0.0833333333333333,0.4285714285714286,0.0857142857142857,25.993778280542987,50.120202059603685,39.07224215946326,66.15891064648672,40.88356690218458,True,False
921825,Jon Moncayola,8371,Osasuna,ESP-La Liga,3.2,35.0,7.0,0.0,1.6,2.3,0.11,0.08,1.2,4.0,0.0,0.7,0.1,0.1,0.4,7.08,0.0,26.0,0.8,1.6,0.5,1847,22,Midfielder,0.6571428571428571,0.3043478260869565,0.0914285714285714,0.4166666666666667,0.0884615384615384,0.125,0.0999999999999999,29.933361938940035,29.65926821657045,66.7212123576221,52.334119987517546,40.804656324527365,True,False
1282008,Santiago Castro,9857,Bologna,ITA-Serie A,1.1,11.0,4.0,0.0,1.5,0.6,0.04,0.29,1.5,2.0,0.45,0.1,1.0,0.1,0.4,6.87,0.0,20.0,2.4,0.4,0.7,1412,22,Attacker,0.25,0.2,0.1,0.4666666666666666,0.03,0.4166666666666667,0.1208333333333333,45.46573828470381,74.68589743589743,31.50361470848286,22.291140063452435,40.72222304027172,True,False
1098096,Evanilson,8678,Bournemouth,ENG-Premier League,0.1,11.5,2.0,0.0,0.9,0.9,0.05,0.36,0.8,0.0,0.25,0.1,0.9,0.1,0.4,6.75,0.0,23.0,2.5,0.3,0.4,1826,24,Attacker,0.3333333333333333,0.25,0.008695652173913,0.5,0.0391304347826087,0.36,0.144,41.63425781453165,78.93195116242784,30.387514952930776,24.667927913871114,40.66762294611396,True,False
557346,Sandi Lovric,8600,Udinese,ITA-Serie A,1.8,28.0,5.0,0.0,0.9,2.4,0.09,0.1,2.1,3.0,0.08,0.9,0.5,0.2,0.5,6.74,0.0,32.0,1.9,1.8,0.8,2326,36,Midfielder,0.5625,0.3333333333333333,0.0642857142857143,0.3809523809523809,0.075,0.2631578947368421,0.0526315789473684,36.35610079575597,29.90053050397877,48.15649867374006,57.14522546419098,40.65861951846936,False,False
933817,Riccardo Sottil,9888,Lecce,ITA-Serie A,0.7,17.7,6.0,0.0,0.3,2.6,0.24,0.06,0.9,2.0,0.09,0.2,0.3,0.0,0.3,6.54,0.0,23.0,1.7,0.4,1.2,995,19,Attacker,0.4000000000000001,0.3333333333333333,0.03954802259887,1.3333333333333333,0.1130434782608695,0.1764705882352941,0.0352941176470588,68.74557263223592,23.37427185728403,53.10045768970718,26.352271545222862,40.62525690534052,True,False
956913,Marvin Pieringer,94937,1. FC Heidenheim 1846,GER-Bundesliga,0.2,13.8,1.0,0.0,2.1,0.4,0.04,0.28,2.2,0.0,0.19,0.8,0.4,0.1,0.2,6.61,0.0,10.0,1.8,1.3,0.9,935,16,Attacker,0.4883720930232557,0.3809523809523809,0.0144927536231884,0.409090909090909,0.04,0.2222222222222222,0.1555555555555555,43.97781115098559,67.19085790815,27.10704998179644,31.798779060695896,40.60226699692107,True,False
967871,Iván Martin,7732,Girona,ESP-La Liga,2.4,43.8,1.0,0.0,1.0,0.9,0.04,0.04,1.2,1.0,0.0,0.6,0.1,0.1,0.3,7.0,0.0,14.0,0.4,2.4,1.0,1801,22,Midfielder,0.7142857142857143,0.1999999999999999,0.0547945205479452,0.8333333333333334,0.0642857142857143,0.25,0.0999999999999999,58.54601601913976,29.930553388464137,29.045404899360275,51.56551334061476,40.50597764529265,True,False
1622889,Louis Leroux,9830,Nantes,FRA-Ligue 1,1.4,23.9,0.0,0.0,2.6,0.7,0.06,0.11,0.8,1.0,0.09,0.3,0.3,0.2,0.1,6.65,0.0,12.0,0.7,2.1,0.7,1019,14,Midfielder,0.7499999999999999,0.125,0.0585774058577405,0.8749999999999999,0.0583333333333333,0.4285714285714286,0.1571428571428571,57.96691176470589,59.43382352941177,18.683823529411764,38.28676470588235,40.45187343088044,True,False
749736,Kai Havertz,9825,Arsenal,ENG-Premier League,0.0,19.2,3.0,0.0,1.5,1.7,0.08,0.46,1.8,3.0,0.43,0.3,1.0,0.2,0.3,7.08,0.0,17.0,2.5,0.8,0.4,1874,23,Attacker,0.3793103448275862,0.2727272727272727,0.0,0.2222222222222222,0.0999999999999999,0.4,0.184,30.38793103448276,87.1319628647215,42.67241379310345,22.088859416445622,40.38556607984172,False,False
466113,Jari Vandeputte,7801,Cremonese,ITA-Serie A,2.2,31.7,7.0,0.0,2.0,3.3,0.22,0.08,1.3,4.0,0.0,0.9,0.3,0.1,0.3,6.92,0.0,37.0,0.8,1.7,0.3,1347,21,Midfielder,0.6666666666666666,0.3461538461538461,0.0694006309148265,0.2307692307692307,0.0891891891891891,0.3749999999999999,0.0999999999999999,22.00367647058824,37.39705882352941,76.11029411764706,49.74632352941177,40.33397131883071,True,False
1031325,Martin Zubimendi,9825,Arsenal,ENG-Premier League,1.7,53.7,1.0,0.0,2.3,1.8,0.07,0.1,1.0,1.0,0.2,1.3,0.4,0.2,0.2,7.28,0.0,15.0,0.9,1.8,0.2,2270,27,Midfielder,0.7560975609756099,0.4193548387096774,0.031657355679702,0.2,0.12,0.4444444444444445,0.1111111111111111,27.48916237582566,52.36349274457793,36.56098195246268,57.50275654028189,40.19738482004511,True,False
423812,Phillipp Mwene,9905,1. FSV Mainz 05,GER-Bundesliga,1.2,18.9,1.0,0.0,2.0,1.4,0.11,0.04,1.2,0.0,0.0,0.4,0.0,0.3,0.6,6.43,0.0,10.0,0.3,0.9,0.5,1113,17,Midfielder,0.52,0.3076923076923077,0.0634920634920634,0.4166666666666667,0.1399999999999999,0.0,0.1333333333333333,40.86784209705103,25.988349716544445,55.11984448951995,44.98632782025277,40.09149878115439,True,False
1473580,Aleksandar Pavlovic,9823,Bayern München,GER-Bundesliga,4.7,96.7,2.0,0.0,1.1,1.9,0.15,0.12,1.2,1.0,0.16,0.8,0.3,0.5,0.2,7.23,0.0,16.0,0.6,1.9,0.2,1108,18,Midfielder,0.6923076923076923,0.2962962962962963,0.0486039296794208,0.1666666666666666,0.11875,0.5,0.2,21.48318770479014,54.24141831799032,56.632261923336976,45.42783585582775,40.0813889403203,True,False
446266,Mario Pasalic,8524,Atalanta,ITA-Serie A,3.6,53.6,4.0,0.0,1.2,1.2,0.09,0.11,1.3,3.0,0.14,0.5,0.4,0.2,0.1,6.86,0.0,26.0,0.9,1.6,0.4,1242,20,Midfielder,0.6176470588235293,0.238095238095238,0.0671641791044776,0.3076923076923077,0.0461538461538461,0.4444444444444445,0.1222222222222222,30.184246112238,58.98098377281948,44.406147604930574,33.16541192073647,40.05068576813469,True,False
956659,Himad Abdelli,8592,Marseille,FRA-Ligue 1,0.0,50.4,0.0,0.0,0.0,0.7,0.07,0.19,1.6,0.0,0.0,0.0,0.5,0.0,0.6,7.05,0.0,9.0,1.3,0.0,0.0,993,15,Midfielder,0.0,0.0,0.0,0.0,0.0777777777777777,0.3846153846153846,0.1461538461538461,32.806079991678374,58.03169371196754,35.521012118375204,39.44414755292038,40.04243334142559,True,False
167008,Pascal Gross,9789,Borussia Dortmund,GER-Bundesliga,3.3,57.6,10.0,0.0,1.0,6.4,0.24,0.09,0.7,10.0,0.0,0.3,0.3,0.5,0.4,7.06,0.0,58.0,1.0,1.7,0.1,2338,30,Midfielder,0.7407407407407407,0.15,0.0572916666666666,0.1428571428571428,0.1103448275862069,0.3,0.09,23.75331564986737,31.8368700265252,83.57427055702918,46.462201591511935,40.03021924579196,False,False
1039403,Santiago Pierotti,9888,Lecce,ITA-Serie A,0.3,17.0,1.0,0.0,0.8,0.8,0.05,0.1,2.4,0.0,0.0,0.6,0.2,0.2,0.8,6.37,0.0,12.0,1.3,3.0,1.2,1552,24,Attacker,0.6,0.1666666666666666,0.0176470588235294,0.5,0.0666666666666666,0.1538461538461538,0.0769230769230769,47.58672049721746,31.32668252977584,26.47151141623758,70.2751534300723,40.02021148664471,True,False
207236,Granit Xhaka,8472,Sunderland,ENG-Premier League,4.6,43.6,7.0,0.0,3.0,2.2,0.1,0.03,0.7,5.0,0.05,0.9,0.2,0.7,0.3,7.39,0.0,25.0,0.5,1.6,0.3,1963,22,Midfielder,0.78125,0.36,0.1055045871559633,0.4285714285714286,0.088,0.4,0.06,31.59926470588235,27.702205882352946,59.74999999999999,53.61029411764706,39.85343840346892,True,False
1251334,Jack Hinshelwood,10204,Brighton and Hove Albion,ENG-Premier League,1.7,39.1,3.0,0.0,1.8,1.5,0.07,0.13,0.9,2.0,0.24,0.8,0.5,0.1,0.4,6.89,0.0,17.0,0.9,1.3,0.1,1846,26,Midfielder,0.7000000000000001,0.3809523809523809,0.0434782608695652,0.1111111111111111,0.088235294117647,0.5555555555555556,0.1444444444444444,22.93766578249337,70.2420424403183,36.76392572944297,49.645225464190986,39.842356436328686,False,False
1293912,Pablo Marin,8560,Real Sociedad,ESP-La Liga,0.6,20.5,0.0,0.0,0.8,0.6,0.06,0.11,1.5,0.0,0.0,0.5,0.4,0.1,0.3,6.28,0.0,6.0,1.1,1.1,1.0,956,21,Midfielder,0.5161290322580645,0.3125,0.0292682926829268,0.6666666666666666,0.0999999999999999,0.3636363636363636,0.0999999999999999,57.56897851978988,38.40415821501014,25.510337026057105,41.727674624226346,39.80292656485693,True,False
471153,Ludovic Ajorque,8521,Brest,FRA-Ligue 1,1.3,16.8,2.0,0.0,1.3,1.6,0.08,0.3,2.0,7.0,0.15,0.4,0.5,0.1,0.7,7.07,0.0,29.0,1.7,0.6,0.4,1834,21,Attacker,0.3333333333333333,0.4,0.0773809523809523,0.2,0.0551724137931034,0.2941176470588235,0.1764705882352941,25.635818120351587,74.99714594060436,37.1475139127269,37.77704530087897,39.75057127577902,True,False
1231648,Vladyslav Vanat,7732,Girona,ESP-La Liga,0.1,9.7,3.0,0.0,0.9,1.3,0.07,0.41,1.5,1.0,0.4,0.1,0.9,0.1,0.3,6.69,0.0,11.0,1.3,0.2,0.5,1572,21,Attacker,0.1666666666666666,0.3333333333333333,0.0103092783505154,0.3333333333333333,0.1181818181818181,0.6923076923076923,0.3153846153846154,39.231617647058826,93.2058823529412,46.352941176470594,11.507352941176473,39.73434936738157,True,False
1296650,Adam Wharton,9826,Crystal Palace,ENG-Premier League,2.5,34.0,9.0,0.0,1.5,5.0,0.24,0.05,1.0,3.0,0.0,1.0,0.1,0.1,0.6,7.06,0.0,27.0,1.0,2.6,0.5,1905,23,Midfielder,0.782608695652174,0.2777777777777778,0.0735294117647058,0.5,0.1851851851851851,0.1,0.05,32.37874473396786,14.240891714776096,79.65844905601499,80.95129245332085,39.66569036784792,True,False
640492,Rafa Mir,10268,Elche,ESP-La Liga,0.7,18.3,1.0,0.0,1.0,0.9,0.06,0.38,2.1,0.0,0.41,0.3,1.6,0.1,0.7,6.81,0.0,6.0,3.4,0.6,0.3,1319,19,Attacker,0.3,0.3333333333333333,0.0382513661202185,0.1428571428571428,0.15,0.4705882352941177,0.1117647058823529,22.897058823529413,80.25735294117646,39.88970588235294,36.58088235294117,39.52948549827142,True,False
844544,Pape Gueye,10205,Villarreal,ESP-La Liga,3.4,36.4,2.0,0.0,2.1,2.1,0.16,0.08,1.9,1.0,0.15,1.1,0.4,0.3,0.7,6.94,0.0,13.0,1.8,1.3,0.4,1217,18,Midfielder,0.5581395348837209,0.4583333333333333,0.0934065934065934,0.2105263157894737,0.1615384615384615,0.2222222222222222,0.0444444444444444,23.255214021948305,32.681522078327355,59.26081812035159,66.644861392833,39.4890708693945,True,False
721089,Gianluca Scamacca,8524,Atalanta,ITA-Serie A,0.8,15.6,1.0,0.0,1.0,0.5,0.05,0.51,1.8,1.0,0.58,0.3,1.5,0.1,0.4,6.86,0.0,10.0,3.9,0.5,1.1,926,16,Attacker,0.3076923076923077,0.3749999999999999,0.0512820512820512,0.6111111111111112,0.05,0.3846153846153846,0.1307692307692307,61.04411764705882,84.00000000000001,17.09558823529412,22.738970588235293,39.47645445197069,True,False
956659,Himad Abdelli,8121,Angers,FRA-Ligue 1,1.9,0.0,0.0,0.0,1.0,0.0,0.0,0.0,0.0,0.0,0.18,1.3,0.0,0.3,0.0,0.0,0.0,0.0,0.0,1.9,1.4,993,15,Midfielder,1.0,0.40625,0.0,0.0,0.0,0.0,0.0,56.94823685442348,32.70081135902637,21.70728662817912,60.49316716076351,39.425423457206655,True,False
1185609,Robin Fellhauer,8406,FC Augsburg,GER-Bundesliga,0.9,23.0,3.0,0.0,2.3,1.5,0.08,0.06,0.9,1.0,0.05,0.7,0.2,0.2,0.5,7.05,0.0,17.0,1.0,2.3,0.5,1815,22,Midfielder,0.7692307692307693,0.2333333333333333,0.0391304347826087,0.5555555555555556,0.088235294117647,0.2,0.06,42.16544117647059,20.886029411764707,44.22058823529412,66.60294117647058,39.22435188659495,True,False
1050163,Lorenzo Colombo,10233,Genoa,ITA-Serie A,0.2,13.5,0.0,0.0,1.0,0.6,0.04,0.38,1.8,1.0,0.35,0.1,1.2,0.1,0.5,6.5,0.0,11.0,2.7,0.8,0.8,1529,25,Attacker,0.3333333333333333,0.1111111111111111,0.0148148148148148,0.4444444444444445,0.0545454545454545,0.4444444444444444,0.1407407407407407,50.03618609247413,77.11242003432672,18.40225984292921,29.98617829094503,39.18937672153936,True,False
812839,Martijn Kaars,8152,FC St. Pauli,GER-Bundesliga,0.3,18.0,1.0,0.0,0.4,0.7,0.06,0.28,0.5,0.0,0.29,0.0,0.8,0.0,0.3,6.33,0.0,6.0,1.8,0.3,0.4,942,19,Attacker,0.3749999999999999,0.0,0.0166666666666666,0.8,0.1166666666666666,0.4444444444444445,0.1555555555555555,53.74264705882353,79.8345588235294,34.0,11.904411764705884,39.14305930453785,True,False
635772,Borja Mayoral,8305,Getafe,ESP-La Liga,0.9,17.8,1.0,0.0,0.4,0.2,0.02,0.25,0.5,1.0,0.34,0.4,0.6,0.2,1.0,6.58,0.0,4.0,1.2,0.4,0.5,1044,14,Attacker,0.6153846153846154,0.5,0.0505617977528089,1.0,0.05,0.5,0.2083333333333333,57.58882040880013,83.85333125292557,10.089145472512612,45.87187288708586,39.10699316613059,True,False
836797,Alex Kral,8558,Espanyol,ESP-La Liga,1.2,19.7,3.0,0.0,1.5,1.6,0.05,0.05,1.0,1.0,0.0,0.9,0.1,0.5,0.2,6.73,0.0,12.0,0.7,1.8,1.0,2710,37,Midfielder,0.7297297297297297,0.3333333333333333,0.0609137055837563,1.0,0.1333333333333333,0.1428571428571428,0.0714285714285714,57.15848806366048,18.438328912466844,42.46021220159152,50.885278514588855,39.07226434086898,False,False
941656,Samuele Ricci,8564,Milan,ITA-Serie A,2.4,40.2,4.0,0.0,1.9,1.4,0.13,0.12,0.6,3.0,0.09,0.6,0.6,0.4,0.4,6.81,0.0,14.0,1.3,0.9,0.3,981,21,Midfielder,0.7142857142857143,0.3999999999999999,0.0597014925373134,0.5,0.0999999999999999,0.4615384615384615,0.0923076923076923,32.51334711603474,42.23354527487388,44.26699433088885,39.89413975139127,39.06022303319152,True,False
916710,Alessandro Zanoli,8600,Udinese,ITA-Serie A,0.6,19.5,3.0,0.0,2.5,1.1,0.07,0.01,1.1,2.0,0.07,0.5,0.1,0.3,0.3,6.94,0.0,15.0,0.2,1.7,1.0,1290,19,Midfielder,0.6666666666666666,0.2272727272727272,0.0307692307692307,0.9090909090909092,0.0733333333333333,0.5,0.0499999999999999,57.98963046757164,26.940760389036253,30.58083684402143,45.95144198262859,38.943029623205774,True,False
1109046,Ilaix Moriba,9910,Celta de Vigo,ESP-La Liga,1.2,31.3,3.0,0.0,1.1,1.3,0.07,0.06,1.2,1.0,0.0,0.8,0.2,0.2,0.5,6.69,0.0,13.0,0.9,3.1,0.5,1581,24,Midfielder,0.7647058823529411,0.2051282051282051,0.0383386581469648,0.4166666666666667,0.1,0.2222222222222222,0.0666666666666666,34.920339886617775,22.81966765486036,47.53998283663598,69.51771597233058,38.92106554869168,True,False
577911,Rolando Mandragora,8535,Fiorentina,ITA-Serie A,1.5,31.1,2.0,0.0,1.3,2.1,0.1,0.2,1.3,1.0,0.3,0.5,0.6,0.3,0.4,6.99,0.0,25.0,2.5,1.7,0.1,1793,25,Midfielder,0.6285714285714287,0.2272727272727272,0.0482315112540192,0.0769230769230769,0.084,0.24,0.08,22.51333411348624,51.41392312893327,52.76739740989234,42.28630961668487,38.84485517785453,True,False
575364,Alberto Grassi,7801,Cremonese,ITA-Serie A,1.5,34.9,0.0,0.0,3.1,0.4,0.04,0.04,0.7,0.0,0.0,1.9,0.3,0.5,0.3,6.55,0.0,2.0,0.4,1.1,0.3,1046,19,Midfielder,0.8108108108108107,0.6333333333333333,0.0429799426934097,0.4285714285714286,0.2,0.7499999999999999,0.0999999999999999,32.32720588235294,39.66176470588235,35.05147058823529,55.26838235294117,38.6487427442952,True,False
1183148,Emanuel Emegha,9848,Strasbourg,FRA-Ligue 1,0.1,10.6,4.0,0.0,1.2,0.7,0.03,0.65,1.4,3.0,0.55,0.0,1.4,0.2,0.8,7.24,0.0,18.0,2.4,0.2,0.3,2302,27,Attacker,0.125,0.0,0.0094339622641509,0.2142857142857143,0.0388888888888888,0.5833333333333334,0.2708333333333333,31.130636604774537,97.5596816976127,21.976127320954912,33.92572944297083,38.62492273946423,False,False
780432,Ethan Ampadu,8463,Leeds United,ENG-Premier League,2.1,42.9,1.0,0.0,2.3,1.4,0.06,0.07,1.3,1.0,0.04,1.5,0.2,0.5,0.4,7.13,0.0,10.0,0.7,2.2,0.4,2043,23,Midfielder,0.74,0.4054054054054054,0.0489510489510489,0.3076923076923077,0.1399999999999999,0.2857142857142857,0.1,27.33823529411765,34.0514705882353,41.44852941176471,69.09926470588236,38.577766321207086,True,False
1075815,Patrick Osterhage,8358,Sport-Club Freiburg,GER-Bundesliga,0.9,30.5,0.0,0.0,1.3,0.8,0.07,0.08,1.2,0.0,0.09,1.4,0.2,0.8,0.2,6.52,0.0,5.0,0.6,1.0,0.4,1017,17,Midfielder,0.6666666666666667,0.5833333333333334,0.0295081967213114,0.3333333333333333,0.16,0.3333333333333333,0.1333333333333333,30.552569303583507,39.91976127320955,42.86494252873564,45.04790138867218,38.42127559261358,True,False
1368557,Gift Orban,9876,Verona,ITA-Serie A,0.5,11.1,1.0,0.0,0.5,0.8,0.05,0.51,1.0,1.0,0.4,0.2,1.3,0.0,0.3,6.66,0.0,14.0,3.6,0.2,0.8,1584,22,Attacker,0.2857142857142857,0.5,0.045045045045045,0.8,0.0571428571428571,0.3611111111111111,0.1416666666666666,64.96691176470588,82.12500000000001,21.69117647058824,13.617647058823527,38.31048977486324,True,False
282462,Inigo Ruiz de Galarreta,8315,Athletic Club,ESP-La Liga,2.8,42.0,2.0,0.0,0.8,1.4,0.09,0.04,2.7,1.0,0.06,0.7,0.1,0.2,1.0,6.94,0.0,15.0,0.9,2.6,1.6,1426,22,Midfielder,0.5499999999999999,0.2121212121212121,0.0666666666666666,0.5925925925925926,0.0933333333333333,0.1111111111111111,0.0444444444444444,47.68368050137827,13.52558901544703,48.972057523274565,74.4289930826442,38.29441981036621,True,False
1127054,Tomas Suslov,9876,Verona,ITA-Serie A,1.6,15.5,4.0,0.0,0.6,1.7,0.07,0.07,2.3,1.0,0.0,0.8,0.3,0.1,0.5,6.62,0.0,27.0,1.4,2.3,1.5,2097,31,Midfielder,0.5740740740740741,0.2580645161290323,0.1032258064516129,0.6521739130434783,0.0629629629629629,0.2142857142857143,0.05,52.84151193633952,18.74005305039788,36.783819628647215,60.480769230769226,38.26687008320297,False,False
846000,Maxence Caqueret,10171,Como,ITA-Serie A,0.4,51.8,2.0,0.0,0.3,1.4,0.14,0.1,1.3,4.0,0.1,0.7,0.3,0.3,0.4,6.91,0.0,18.0,1.2,2.5,1.2,939,20,Midfielder,0.7111111111111111,0.2187499999999999,0.0077220077220077,0.923076923076923,0.0777777777777777,0.25,0.0833333333333333,48.18493524730848,26.44031180111301,38.75497997607531,41.05946715556249,38.03685211135164,True,False
1287783,Seydouba Cisse,7854,Leganés,ESP-La Liga,1.8,35.4,1.0,0.0,1.5,0.9,0.03,0.11,1.4,1.0,0.11,0.4,0.2,0.0,0.5,6.84,0.0,17.0,0.9,2.2,1.1,2451,34,Midfielder,0.65,0.1538461538461538,0.0508474576271186,0.7857142857142858,0.0529411764705882,0.2222222222222222,0.1222222222222222,56.08753315649867,44.28050397877985,15.271883289124672,54.472811671087534,37.968387055849966,False,False
902651,Raoul Bellanova,8524,Atalanta,ITA-Serie A,1.1,29.9,1.0,0.0,1.6,1.4,0.13,0.03,0.1,1.0,0.0,0.6,0.2,0.2,0.4,6.87,0.0,17.0,0.9,1.2,0.4,1001,15,Midfielder,0.9473684210526316,0.3333333333333333,0.0367892976588628,4.0,0.0823529411764705,0.2222222222222222,0.0333333333333333,56.67534586779009,13.218845893795184,57.26165028345556,46.48227102512092,37.95247225250833,True,False
741049,Eljif Elmas,9875,Napoli,ITA-Serie A,0.6,32.2,1.0,0.0,1.0,1.4,0.1,0.15,0.8,2.0,0.0,0.4,0.4,0.1,0.5,6.84,0.0,18.0,1.2,1.4,0.9,1227,22,Midfielder,0.6923076923076923,0.2222222222222222,0.0186335403726708,1.125,0.0777777777777777,0.3333333333333333,0.125,51.00846465907318,32.68050787954439,34.4790919020128,32.731035783013475,37.86568164930594,True,False
1323305,Archie Gray,8586,Tottenham Hotspur,ENG-Premier League,1.5,28.6,1.0,0.0,2.8,0.5,0.04,0.12,1.0,0.0,0.19,1.1,0.4,0.3,0.2,6.56,0.0,4.0,0.7,0.9,0.5,933,16,Midfielder,0.6666666666666666,0.55,0.0524475524475524,0.5,0.125,0.5714285714285715,0.1714285714285714,38.9839678577001,55.30693165860509,24.28359858532272,38.158065480834246,37.63624044961312,True,False
625340,Mauro Arambarri,8305,Getafe,ESP-La Liga,1.1,17.2,1.0,0.0,0.9,0.5,0.02,0.19,1.4,1.0,0.21,0.7,0.5,0.2,0.7,7.02,0.0,13.0,1.7,2.0,0.7,2130,24,Midfielder,0.6585365853658538,0.2592592592592592,0.063953488372093,0.5,0.0384615384615384,0.2941176470588235,0.1117647058823529,44.121508815727886,62.07549929786239,13.097987205492275,59.20622041920216,37.61835235788673,True,False
840241,Ermedin Demirovic,10269,VfB Stuttgart,GER-Bundesliga,0.1,12.5,5.0,0.0,0.3,1.7,0.08,0.69,1.2,1.0,0.73,0.1,1.5,0.1,0.2,6.82,0.0,18.0,3.2,0.6,0.2,1854,34,Attacker,0.3684210526315789,0.1428571428571428,0.008,0.1666666666666666,0.0944444444444444,0.46875,0.2156249999999999,30.20557029177719,95.8653846153846,45.87533156498674,12.64257294429708,37.60135230904746,False,False
215151,Marcel Sabitzer,9789,Borussia Dortmund,GER-Bundesliga,1.5,33.3,2.0,0.0,2.2,1.0,0.1,0.08,1.0,1.0,0.1,1.2,0.3,0.1,0.6,6.93,0.0,8.0,1.2,1.2,0.1,939,15,Midfielder,0.7058823529411765,0.5,0.045045045045045,0.1,0.125,0.25,0.0666666666666666,23.65397617933115,33.93689213085765,47.51191033442554,63.831603994382895,37.58781132885042,True,False
643448,Kristijan Jakic,8406,FC Augsburg,GER-Bundesliga,3.1,34.9,2.0,0.0,2.8,1.3,0.1,0.05,1.0,1.0,0.08,0.9,0.3,0.4,0.5,6.86,0.0,12.0,0.8,2.1,0.3,1172,17,Midfielder,0.75,0.3,0.0888252148997134,0.3,0.1083333333333333,0.3749999999999999,0.0625,29.54916913715088,26.67420814479638,43.60913038955636,68.02328756436262,37.50700153503731,True,False
688273,Vitaly Janelt,9937,Brentford,ENG-Premier League,2.9,45.3,6.0,0.0,2.2,1.9,0.14,0.06,1.2,4.0,0.07,2.2,0.2,0.6,0.4,7.07,0.0,19.0,0.7,1.8,0.3,1210,21,Midfielder,0.7692307692307692,0.55,0.0640176600441501,0.25,0.0999999999999999,0.2857142857142857,0.0857142857142857,20.38100717740677,29.40592656160608,64.58818328392364,64.12164534248713,37.48138310321011,True,False
184533,Koke,9906,Atlético de Madrid,ESP-La Liga,4.4,72.8,2.0,0.0,1.3,2.2,0.14,0.02,0.9,2.0,0.13,0.8,0.2,0.1,0.5,7.08,0.0,18.0,0.5,2.1,0.1,1427,22,Midfielder,0.7631578947368421,0.2758620689655172,0.0604395604395604,0.1111111111111111,0.1222222222222222,0.4,0.04,19.97942996827378,33.343247776564205,58.36745202059603,63.61525458989962,37.42672624326718,True,False
1000428,Isak Bergmann Johannesson,8722,1. FC Köln,GER-Bundesliga,2.6,35.9,1.0,0.0,0.9,2.6,0.2,0.05,0.6,1.0,0.08,0.2,0.1,0.4,0.1,6.66,0.0,20.0,0.4,1.4,0.2,1186,20,Midfielder,0.7272727272727273,0.125,0.0724233983286908,0.3333333333333333,0.13,0.25,0.125,28.53676470588235,37.34926470588236,66.36764705882354,27.49632352941176,37.41415709437847,True,False
1368654,Chemsdine Talbi,8472,Sunderland,ENG-Premier League,0.9,19.6,0.0,0.0,1.0,0.6,0.05,0.11,0.2,1.0,0.25,0.2,0.5,0.0,0.2,6.59,0.0,10.0,1.4,0.6,1.1,1084,20,Attacker,0.8,0.25,0.0459183673469387,5.5,0.06,0.3571428571428571,0.0785714285714285,79.82720588235293,50.40073529411765,15.720588235294116,24.378676470588232,37.39157161631751,True,False
994403,Cyril Ngonge,9804,Torino,ITA-Serie A,1.5,16.1,0.0,0.0,0.8,0.6,0.06,0.17,1.8,1.0,0.09,0.2,1.1,0.0,0.4,6.53,0.0,12.0,2.2,1.0,1.7,992,20,Attacker,0.3999999999999999,0.1666666666666666,0.093167701863354,0.9444444444444444,0.0499999999999999,0.5,0.0772727272727272,68.15441176470588,53.45588235294117,17.00735294117647,26.01838235294117,37.39058905906103,True,False
440330,Alexander Sørloth,9906,Atlético de Madrid,ESP-La Liga,0.1,13.5,1.0,0.0,1.0,0.7,0.05,0.41,1.6,0.0,0.52,0.0,1.7,0.1,0.2,6.7,0.0,8.0,2.9,0.6,0.6,1223,23,Attacker,0.2727272727272727,0.0,0.0074074074074074,0.3749999999999999,0.0875,0.5862068965517241,0.1413793103448276,46.45285926041504,92.44259374837468,22.048278462578665,16.828002288448534,37.378506926998654,True,False
612150,Dominic Calvert-Lewin,8463,Leeds United,ENG-Premier League,0.2,8.8,2.0,0.0,0.8,0.9,0.05,0.5,1.5,1.0,0.54,0.1,1.1,0.1,0.6,6.84,0.0,13.0,2.5,0.5,0.3,1669,23,Attacker,0.2857142857142857,0.1666666666666666,0.0227272727272727,0.1999999999999999,0.0692307692307692,0.44,0.2,28.433823529411764,91.92647058823528,26.529411764705884,27.981617647058822,37.35228669777917,True,False
1191093,Lorenzo Bernasconi,8524,Atalanta,ITA-Serie A,1.6,33.1,3.0,0.0,2.5,2.4,0.22,0.03,0.6,2.0,0.0,0.8,0.1,0.3,0.0,7.13,0.0,16.0,0.6,2.1,0.5,1005,15,Midfielder,0.8285714285714285,0.2758620689655172,0.0483383685800604,0.8333333333333334,0.15,0.1666666666666666,0.05,47.54779411764706,11.091911764705882,73.38970588235294,50.52941176470588,37.2827852129609,True,False
1020963,Nicolo Rovella,8543,Lazio,ITA-Serie A,3.5,60.9,6.0,0.0,1.4,2.1,0.07,0.05,1.4,3.0,0.0,1.6,0.3,0.1,0.3,7.15,0.0,31.0,0.9,2.8,0.6,2728,33,Midfielder,0.7586206896551724,0.3636363636363636,0.057471264367816,0.4285714285714286,0.0677419354838709,0.3333333333333333,0.0555555555555555,33.39522546419098,22.54310344827586,43.282493368700266,67.89124668435014,37.22198797571708,False,False
1210943,Jackson Tchatchoua,8602,Wolverhampton Wanderers,ENG-Premier League,0.8,20.0,2.0,0.0,3.0,1.1,0.07,0.02,0.4,0.0,0.0,0.7,0.0,0.5,0.2,6.38,0.0,14.0,0.1,1.5,0.2,1338,24,Midfielder,0.8461538461538461,0.3181818181818181,0.04,0.5,0.0785714285714285,0.0,0.1999999999999999,37.78556197014615,29.18907655900556,39.68996723357778,45.46777968481823,37.21463716777863,True,False
369742,Jackson Irvine,8152,FC St. Pauli,GER-Bundesliga,1.0,23.4,8.0,0.0,2.2,2.5,0.09,0.11,1.3,6.0,0.0,1.2,0.4,0.2,0.3,7.09,0.0,33.0,1.4,1.9,0.3,2610,29,Midfielder,0.7045454545454546,0.3870967741935484,0.0427350427350427,0.2307692307692307,0.0757575757575757,0.2857142857142857,0.0785714285714285,24.346816976127325,30.93501326259947,52.83819628647215,57.07559681697612,37.20251686158828,False,False
488415,Hassane Kamara,8600,Udinese,ITA-Serie A,1.3,27.3,3.0,0.0,3.1,0.9,0.07,0.03,0.8,1.0,0.0,1.2,0.3,0.3,0.2,6.92,0.0,13.0,1.0,2.0,1.0,1057,15,Midfielder,0.8,0.3749999999999999,0.0476190476190476,1.25,0.0692307692307692,0.3,0.03,58.53335153690124,14.752028397565924,39.222928694024034,55.98586622978104,37.19072439257261,True,False
616531,Javier Munoz,8306,Las Palmas,ESP-La Liga,2.0,29.8,4.0,0.0,1.1,2.3,0.08,0.04,1.0,3.0,0.03,1.1,0.2,0.1,0.4,6.81,0.0,29.0,0.9,1.6,0.7,2590,35,Midfielder,0.7297297297297297,0.4074074074074074,0.0671140939597315,0.7,0.0793103448275862,0.2222222222222222,0.0444444444444444,45.15915119363396,16.879973474801062,44.8740053050398,58.87599469496021,37.175175829854425,False,False
266520,Christian Nørgaard,9937,Brentford,ENG-Premier League,2.1,36.7,3.0,0.0,2.0,1.4,0.04,0.14,1.4,4.0,0.16,1.6,0.5,0.6,0.4,7.24,0.0,18.0,1.2,2.5,0.2,2829,34,Midfielder,0.7454545454545454,0.3902439024390244,0.0572207084468664,0.1428571428571428,0.0777777777777777,0.4166666666666667,0.1166666666666666,20.278514588859416,59.36339522546419,28.56100795755968,70.55702917771883,37.08019118555827,False,False
909907,Cameron Puertas,8697,SV Werder Bremen,GER-Bundesliga,1.1,30.8,1.0,0.0,1.2,1.1,0.1,0.1,1.7,0.0,0.0,0.8,0.4,0.3,0.5,6.61,0.0,9.0,2.0,3.4,0.6,939,17,Midfielder,0.711864406779661,0.1904761904761904,0.0357142857142857,0.3529411764705882,0.1222222222222222,0.2,0.05,34.544117647058826,20.46691176470588,44.22058823529412,69.50367647058823,37.07515667007294,True,False
860260,Derrick Köhn,8149,1. FC Union Berlin,GER-Bundesliga,1.2,20.1,3.0,0.0,1.9,2.3,0.17,0.05,1.6,1.0,0.0,0.4,0.1,0.3,0.3,6.57,0.0,16.0,1.1,1.7,0.6,1258,20,Midfielder,0.5675675675675675,0.1904761904761904,0.0597014925373134,0.3749999999999999,0.14375,0.0909090909090909,0.0454545454545454,41.97227856659905,18.40762989545951,63.96315077755239,36.7406706714516,36.953034759419225,True,False
839038,Elvis Rexhbecaj,8406,FC Augsburg,GER-Bundesliga,1.0,26.1,1.0,0.0,1.4,1.1,0.1,0.04,1.2,0.0,0.09,0.4,0.3,0.1,0.9,6.43,0.0,10.0,0.9,1.2,0.4,950,19,Midfielder,0.5714285714285715,0.25,0.0383141762452107,0.3333333333333333,0.11,0.3333333333333333,0.0444444444444444,33.339392520934105,24.117276486191297,44.07593488323712,58.86990950226244,36.9401306462147,True,False
816325,Boubacar Kamara,10252,Aston Villa,ENG-Premier League,2.0,45.8,0.0,0.0,1.3,0.9,0.05,0.03,1.1,3.0,0.06,1.1,0.3,0.5,0.3,7.25,0.0,15.0,0.4,2.3,0.9,1418,18,Midfielder,0.7555555555555555,0.3235294117647059,0.0436681222707423,0.8181818181818181,0.06,0.7499999999999999,0.075,44.075590315701874,36.8039670775472,20.256813335413742,59.84945649347272,36.87974617623371,True,False
1082102,Igor Jesus,10203,Nottingham Forest,ENG-Premier League,0.4,11.4,3.0,0.0,1.2,0.9,0.05,0.27,1.8,1.0,0.13,0.1,0.6,0.1,0.5,6.33,0.0,6.0,2.9,1.1,0.4,1438,25,Attacker,0.4000000000000001,0.0833333333333333,0.0350877192982456,0.2222222222222222,0.15,0.2068965517241379,0.093103448275862,27.558823529411764,49.952205882352935,44.53676470588235,30.613970588235297,36.819718890057366,True,False
620026,Hee-Chan Hwang,8602,Wolverhampton Wanderers,ENG-Premier League,0.9,18.3,1.0,0.0,1.1,0.9,0.07,0.16,1.7,1.0,0.16,0.6,0.5,0.0,0.2,6.37,0.0,10.0,1.2,0.6,0.6,1155,20,Attacker,0.4137931034482758,0.5,0.0491803278688524,0.3529411764705882,0.09,0.4166666666666667,0.1333333333333333,37.09191176470589,63.98161764705881,31.433823529411764,21.551470588235293,36.58830191820693,True,False
845994,Hans Nicolussi Caviglia,7881,Venezia,ITA-Serie A,2.6,34.6,4.0,0.0,1.7,2.3,0.07,0.08,1.6,2.0,0.13,0.9,0.6,0.4,0.4,6.87,0.0,29.0,1.7,1.5,0.5,2870,35,Midfielder,0.6,0.375,0.0751445086705202,0.3125,0.0793103448275862,0.3529411764705882,0.0470588235294117,27.46352785145889,34.5026525198939,42.74535809018568,49.40318302387268,36.52273099108921,False,False
1024672,Nicolas Seiwald,178475,RB Leipzig,GER-Bundesliga,2.2,45.2,2.0,0.0,2.4,1.3,0.06,0.05,0.6,2.0,0.0,2.1,0.1,0.3,0.4,7.2,0.0,10.0,0.5,1.9,0.3,1855,22,Midfielder,0.8695652173913044,0.525,0.0486725663716814,0.5,0.13,0.2,0.1,29.42271285171893,19.45534924845269,50.36477349560514,73.46054376657825,36.44241259893883,True,False
1398392,Thierno Barry,8668,Everton,ENG-Premier League,0.1,9.5,2.0,0.0,1.1,0.4,0.02,0.31,1.9,0.0,0.3,0.2,0.5,0.1,0.5,6.46,0.0,9.0,1.9,0.1,0.5,1502,26,Attacker,0.1363636363636363,0.6666666666666666,0.0105263157894736,0.2631578947368421,0.0444444444444444,0.2631578947368421,0.1631578947368421,36.42524184740209,75.16610105580693,25.67076246944401,22.79106204816144,36.41990795225303,True,False
1113809,Mika Biereth,9829,Monaco,FRA-Ligue 1,0.1,9.6,4.0,0.0,0.5,1.1,0.11,0.31,1.3,2.0,0.19,0.0,0.7,0.2,0.9,6.37,0.0,15.0,1.8,1.0,0.3,950,20,Attacker,0.4347826086956522,0.0,0.0104166666666666,0.2307692307692307,0.0733333333333333,0.3888888888888888,0.1722222222222222,25.248660737504547,51.63884121287773,47.947469704062,28.88054558693504,36.41062451946407,True,False
524434,Joao Palhinha,8586,Tottenham Hotspur,ENG-Premier League,1.5,34.4,1.0,0.0,2.2,0.6,0.03,0.06,1.0,2.0,0.18,1.1,0.3,0.5,0.1,6.97,0.0,5.0,1.1,4.9,0.4,1517,23,Midfielder,0.8571428571428571,0.1833333333333333,0.0436046511627907,0.4,0.12,0.2727272727272727,0.0545454545454545,32.93014705882353,32.55882352941177,29.911764705882355,61.98529411764706,36.380069067385385,True,False
1157236,Yehor Yarmoliuk,9937,Brentford,ENG-Premier League,2.2,35.8,1.0,0.0,1.1,1.1,0.05,0.06,1.5,2.0,0.05,0.9,0.2,0.4,0.4,6.81,0.0,11.0,0.7,2.4,0.5,1880,26,Midfielder,0.6875,0.2727272727272727,0.0614525139664804,0.3333333333333333,0.1,0.2857142857142857,0.0857142857142857,34.805195818380405,25.942502730535185,32.20609039371717,68.4366645862589,36.31102103946935,True,False
817500,Mostafa Mohamed,9830,Nantes,FRA-Ligue 1,0.1,8.6,2.0,0.0,0.8,0.7,0.07,0.25,1.4,0.0,0.28,0.7,0.5,0.3,0.2,6.37,0.0,8.0,2.6,0.7,0.3,965,18,Attacker,0.5,0.5,0.0116279069767441,0.2142857142857143,0.0875,0.1923076923076923,0.0961538461538461,33.01518697664742,63.19622796068029,24.520934103084205,34.19342591147865,36.30443592288233,True,False
1280225,Esteban Lepaul,9851,Rennes,FRA-Ligue 1,0.4,11.9,2.0,0.0,0.7,0.5,0.03,0.48,1.0,3.0,0.59,0.1,1.2,0.0,0.5,7.05,0.0,12.0,2.8,0.3,0.2,1679,22,Attacker,0.2857142857142857,0.25,0.0336134453781512,0.2,0.0416666666666666,0.4285714285714286,0.1714285714285714,32.6881143704166,86.14142872002913,27.74836167888905,20.110950746346287,36.27570282180328,True,False
623716,Josh Cullen,8191,Burnley,ENG-Premier League,2.5,43.1,4.0,0.0,2.1,1.4,0.08,0.05,0.9,2.0,0.12,1.3,0.4,0.7,0.2,6.89,0.0,13.0,0.7,1.8,0.1,1519,18,Midfielder,0.775,0.4193548387096774,0.0580046403712296,0.1111111111111111,0.1076923076923076,0.5714285714285715,0.0714285714285714,17.577205882352942,44.07720588235294,50.18382352941176,56.1875,36.27499360861181,True,False
1112702,Arkadiusz Pyrka,8152,FC St. Pauli,GER-Bundesliga,1.1,25.2,5.0,0.0,2.7,1.2,0.07,0.03,0.7,1.0,0.0,0.9,0.2,0.5,0.5,6.87,0.0,16.0,0.7,1.2,0.6,1502,19,Midfielder,0.7500000000000001,0.4285714285714285,0.0436507936507936,0.8571428571428572,0.075,0.2857142857142857,0.0428571428571428,50.8125,14.452205882352942,41.61764705882352,57.948529411764696,36.24119991495412,True,False
1541825,Adrián Liso,8305,Getafe,ESP-La Liga,0.1,10.2,0.0,0.0,0.3,0.3,0.02,0.12,2.1,0.0,0.2,0.2,0.5,0.1,0.7,6.36,0.0,3.0,1.5,1.1,0.9,1357,20,Attacker,0.3823529411764705,0.1538461538461538,0.0098039215686274,0.4285714285714285,0.0999999999999999,0.3333333333333333,0.08,44.05514705882352,48.22794117647059,19.602941176470583,40.45220588235294,36.181988243447634,True,False
678192,Jon Guridi,9866,Alavés,ESP-La Liga,0.8,23.1,2.0,0.0,0.6,1.1,0.05,0.18,1.5,1.0,0.13,0.6,0.5,0.0,0.5,6.55,0.0,17.0,1.0,1.7,0.3,2097,33,Midfielder,0.6052631578947368,0.2608695652173913,0.0346320346320346,0.1999999999999999,0.0647058823529411,0.5,0.18,23.74005305039788,69.45291777188329,23.037135278514587,52.96419098143236,36.18017941245604,False,False
655696,Artem Dovbyk,8686,Roma,ITA-Serie A,0.0,11.9,5.0,0.0,0.4,1.5,0.06,0.45,1.1,2.0,0.44,0.1,1.0,0.1,0.3,6.79,0.0,25.0,2.3,0.1,0.3,2430,32,Attacker,0.1538461538461538,0.5,0.0,0.2727272727272727,0.06,0.4347826086956522,0.1956521739130435,34.363395225464195,89.67838196286472,35.1525198938992,12.917771883289122,36.11830815209297,False,False
1073977,Benjamin Sesko,10260,Manchester United,ENG-Premier League,0.3,11.8,0.0,0.0,1.0,0.2,0.02,0.48,1.1,1.0,0.49,0.2,1.9,0.2,0.2,6.72,0.0,8.0,3.6,0.4,0.5,1101,21,Attacker,0.3529411764705882,0.3333333333333333,0.0254237288135593,0.4545454545454545,0.025,0.5277777777777778,0.1333333333333333,58.29303843553337,88.01288552556302,17.603019191761586,14.1986984448952,36.11337441046316,True,False
362120,Danilo Cataldi,8543,Lazio,ITA-Serie A,2.1,41.4,2.0,0.0,2.1,1.2,0.06,0.15,1.0,3.0,0.16,1.0,0.3,0.4,0.3,7.05,0.0,18.0,1.2,1.4,0.3,1683,22,Midfielder,0.7058823529411765,0.4166666666666667,0.0507246376811594,0.3,0.0666666666666666,0.25,0.125,28.652077807250222,48.97041920216362,25.49564414625267,53.63219040932023,36.068816810801934,True,False
1553099,Mikel Jauregizar,8315,Athletic Club,ESP-La Liga,1.8,35.5,1.0,0.0,0.9,1.9,0.08,0.06,1.2,0.0,0.09,1.7,0.3,0.1,0.7,6.99,0.0,21.0,1.3,2.4,0.3,2025,24,Midfielder,0.7735849056603773,0.4146341463414634,0.0507042253521126,0.25,0.0904761904761904,0.2307692307692307,0.0461538461538461,26.97251911374629,25.38828860456649,36.354033390544544,85.22282467363603,36.03164955256186,True,False
1185748,Amadou Onana,10252,Aston Villa,ENG-Premier League,2.0,36.6,0.0,0.0,3.5,0.3,0.02,0.04,1.2,0.0,0.16,1.4,0.2,0.9,0.2,7.07,0.0,3.0,0.6,2.6,0.5,1146,17,Midfielder,0.7692307692307692,0.35,0.0546448087431694,0.4166666666666667,0.0999999999999999,0.3333333333333333,0.0666666666666666,35.980574192541745,41.39763743693764,20.05580693815988,61.80324543610548,35.877866328470006,True,False
664587,Lassana Coulibaly,9888,Lecce,ITA-Serie A,1.7,22.4,1.0,0.0,1.2,0.8,0.04,0.09,1.0,1.0,0.1,0.2,0.3,0.2,0.6,6.94,0.0,15.0,0.8,1.6,0.7,1736,21,Midfielder,0.6428571428571429,0.1111111111111111,0.0758928571428571,0.7,0.0533333333333333,0.3749999999999999,0.1124999999999999,45.88330862849119,43.47803219431009,17.966518437613775,45.828379362355015,35.80195726658719,True,False
1289942,Samuele Angori,6479,Pisa,ITA-Serie A,1.9,16.5,3.0,0.0,2.7,2.7,0.16,0.03,0.5,1.0,0.0,0.8,0.1,0.3,0.1,6.66,0.0,21.0,0.4,1.7,0.2,1524,22,Midfielder,0.8333333333333334,0.32,0.1151515151515151,0.4,0.1285714285714286,0.25,0.075,29.58455882352941,18.33823529411765,69.89705882352942,47.48529411764706,35.775479739327416,True,False
321140,Valentino Lazaro,9804,Torino,ITA-Serie A,1.5,26.4,3.0,0.0,2.0,2.6,0.13,0.02,1.5,2.0,0.0,0.9,0.1,0.4,0.5,6.73,0.0,22.0,0.3,1.9,0.5,1778,24,Midfielder,0.6511627906976744,0.3214285714285714,0.0568181818181818,0.3333333333333333,0.1181818181818181,0.3333333333333333,0.0666666666666666,28.39555702917772,19.520934103084205,65.30165912518854,50.54548941592552,35.732861966648464,True,False
951918,Philipp Sander,9788,Borussia Mönchengladbach,GER-Bundesliga,2.3,41.9,0.0,0.0,3.8,1.4,0.09,0.05,1.0,0.0,0.07,1.7,0.3,0.3,0.2,6.82,0.0,5.0,1.0,2.9,0.1,1378,18,Midfielder,0.8214285714285714,0.3695652173913044,0.0548926014319809,0.1,0.2799999999999999,0.3,0.05,26.55843995423104,29.48054818744474,37.70211161387632,64.76921776668227,35.563934860109946,True,False
1469758,Simon Ebonog,9746,Le Havre,FRA-Ligue 1,0.4,19.2,1.0,0.0,1.4,0.3,0.02,0.09,1.1,0.0,0.0,1.0,0.2,0.3,0.5,6.67,0.0,4.0,1.1,2.4,1.0,1032,19,Midfielder,0.7555555555555555,0.2941176470588235,0.0208333333333333,0.9090909090909092,0.075,0.1818181818181818,0.0818181818181818,61.257352941176464,25.36764705882353,14.76470588235294,71.63970588235294,35.52666766319746,True,False
75307,Daniel Parejo,10205,Villarreal,ESP-La Liga,3.5,46.9,3.0,0.0,1.0,0.9,0.08,0.01,1.0,0.0,0.0,0.9,0.0,0.5,0.1,6.79,0.0,18.0,0.2,2.5,0.5,1016,20,Midfielder,0.7727272727272726,0.2647058823529412,0.0746268656716418,0.5,0.05,0.0,0.0499999999999999,35.33588183283923,22.758679201123424,36.42355801737141,59.53356607895147,35.40377035961288,True,False
518346,Robin Gosens,8535,Fiorentina,ITA-Serie A,0.7,26.2,0.0,0.0,2.8,1.0,0.08,0.2,1.2,0.0,0.16,0.9,0.5,0.5,0.2,6.67,0.0,9.0,1.0,1.6,0.0,1135,16,Midfielder,0.6756756756756757,0.36,0.0267175572519083,0.0,0.1111111111111111,0.5,0.2,18.24362875123524,63.79340250689134,35.29422166744683,45.89220237166484,35.38351647522256,True,False
1320949,Emersonn,9941,Toulouse,FRA-Ligue 1,0.3,10.4,0.0,0.0,1.0,0.4,0.04,0.44,2.7,2.0,0.27,0.4,1.0,0.0,0.9,6.64,0.0,11.0,3.2,1.4,0.6,1008,16,Attacker,0.3999999999999999,0.2222222222222222,0.0288461538461538,0.2222222222222222,0.0363636363636363,0.3125,0.1374999999999999,35.65808823529412,73.78676470588236,11.742647058823527,53.54044117647059,35.141470021317,True,False
1080983,Ilia Gruev,8463,Leeds United,ENG-Premier League,1.5,37.6,2.0,0.0,1.0,0.8,0.07,0.03,0.7,3.0,0.0,1.1,0.1,0.4,0.4,6.82,0.0,10.0,0.4,1.8,0.5,1022,17,Midfielder,0.8055555555555556,0.3793103448275862,0.0398936170212765,0.7142857142857143,0.08,0.25,0.075,45.14338235294118,18.33823529411765,30.558823529411764,64.77573529411765,35.138582805182885,True,False
1347791,Yassin Belkhdim,8121,Angers,FRA-Ligue 1,1.0,26.9,4.0,0.0,1.1,1.2,0.06,0.08,1.1,2.0,0.1,1.4,0.5,0.3,0.4,7.07,0.0,14.0,1.3,2.7,0.3,1784,22,Midfielder,0.7884615384615385,0.3414634146341463,0.037174721189591,0.2727272727272727,0.0857142857142857,0.3846153846153846,0.0615384615384615,20.367978623810263,39.189349612524055,35.124616424819266,69.22962500650127,35.11055435720963,True,False
924431,Gianluca Busio,7881,Venezia,ITA-Serie A,1.2,24.5,1.0,0.0,1.7,1.8,0.06,0.09,0.9,0.0,0.07,0.7,0.2,0.3,0.3,6.76,0.0,28.0,1.3,1.6,0.5,2524,33,Midfielder,0.71875,0.3043478260869565,0.0489795918367346,0.5555555555555556,0.0642857142857143,0.1538461538461538,0.0692307692307692,40.842175066313,28.01392572944297,28.342175066313,48.32228116710876,35.0843901343257,False,False
169719,Chris Wood,10203,Nottingham Forest,ENG-Premier League,0.4,9.5,3.0,0.0,0.8,1.5,0.05,0.4,0.8,3.0,0.6,0.2,1.1,0.2,0.3,7.06,0.0,22.0,2.1,0.2,0.1,2976,36,Attacker,0.3333333333333333,0.5,0.0421052631578947,0.125,0.0681818181818181,0.5238095238095238,0.1904761904761904,30.407824933687,92.90450928381962,29.754641909814325,15.789124668435012,35.07236870420907,False,False
1280132,Nico González,8456,Manchester City,ENG-Premier League,1.9,67.7,1.0,0.0,2.6,1.0,0.07,0.04,1.8,0.0,0.07,1.4,0.1,0.4,0.7,7.17,0.0,8.0,0.8,2.4,0.7,1375,21,Midfielder,0.6785714285714286,0.3684210526315789,0.0280649926144756,0.3888888888888888,0.125,0.125,0.0499999999999999,34.3860294117647,16.647058823529413,39.04411764705882,80.07720588235296,35.062241199181145,True,False
184321,Callum Wilson,8654,West Ham United,ENG-Premier League,0.1,6.8,0.0,0.0,0.2,0.2,0.02,0.48,1.0,1.0,0.49,0.3,1.1,0.2,0.7,6.48,0.0,5.0,2.6,0.3,1.1,923,22,Attacker,0.3749999999999999,0.5,0.0147058823529411,1.1,0.04,0.4230769230769231,0.1846153846153846,75.2610294117647,89.54779411764707,5.397058823529412,35.55882352941177,35.01172704055086,True,False
298915,Maximilian Arnold,8721,VfL Wolfsburg,GER-Bundesliga,3.8,41.7,11.0,0.0,3.5,3.9,0.2,0.02,0.9,4.0,0.05,1.2,0.3,0.6,0.2,6.94,0.0,28.0,0.6,1.1,0.2,1800,20,Midfielder,0.71875,0.5217391304347826,0.0911270983213429,0.2222222222222222,0.1392857142857143,0.5,0.0333333333333333,17.19811983148697,29.240670671451607,81.16091954022988,44.48991652363864,35.005008018129615,True,False
750030,Andrea Pinamonti,7943,Sassuolo,ITA-Serie A,0.3,11.4,4.0,0.0,0.6,0.9,0.04,0.28,0.4,3.0,0.24,0.0,1.0,0.0,0.4,6.59,0.0,16.0,2.5,0.4,0.1,1895,24,Attacker,0.5,0.0,0.0263157894736842,0.25,0.05625,0.4,0.112,33.0625,69.32720588235294,30.11029411764705,19.16911764705882,34.851847501975264,True,False
295067,Will Hughes,9826,Crystal Palace,ENG-Premier League,1.2,32.5,1.0,0.0,1.7,1.6,0.13,0.08,1.2,0.0,0.0,0.9,0.0,0.4,0.0,6.61,0.0,18.0,1.2,1.6,0.8,1159,23,Midfielder,0.6756756756756757,0.36,0.0369230769230769,0.6666666666666667,0.0888888888888888,0.0,0.0666666666666666,37.57723513808707,17.32139699381079,49.030269932906855,48.38172231757424,34.807714775079624,True,False
614207,Maxime Lopez,6379,Paris FC,FRA-Ligue 1,3.5,73.8,12.0,0.0,0.5,3.9,0.21,0.02,1.4,3.0,0.0,0.4,0.3,0.2,0.4,7.04,0.0,38.0,0.4,1.0,0.4,1686,20,Midfielder,0.5,0.2857142857142857,0.0474254742547425,0.2857142857142857,0.1026315789473684,0.7499999999999999,0.0499999999999999,22.275735294117645,27.084558823529413,82.33823529411765,31.650735294117645,34.79422803660911,True,False
181276,Romelu Lukaku,9875,Napoli,ITA-Serie A,0.2,11.0,8.0,0.0,0.5,2.6,0.08,0.41,1.5,10.0,0.44,0.0,0.8,0.1,0.3,6.96,0.0,35.0,2.0,0.1,0.2,2870,36,Attacker,0.0625,0.0,0.0181818181818181,0.1333333333333333,0.0742857142857142,0.4,0.205,24.983421750663137,87.4237400530504,50.875331564986745,11.07758620689655,34.6911552227055,False,False
1336582,Maximo Perrone,10171,Como,ITA-Serie A,2.0,66.6,3.0,0.0,0.8,2.0,0.1,0.06,1.5,3.0,0.1,0.8,0.2,0.1,0.2,7.18,0.0,23.0,0.5,1.8,0.4,1845,23,Midfielder,0.6341463414634148,0.3076923076923077,0.03003003003003,0.2666666666666666,0.0869565217391304,0.4,0.12,20.19007125396578,38.845763769698856,45.383354137410926,48.32680605398658,34.66881822410932,True,False
936164,Michel Ndary Adopo,8529,Cagliari,ITA-Serie A,0.6,25.6,1.0,0.0,1.4,0.4,0.02,0.07,1.1,1.0,0.05,0.9,0.4,0.2,0.4,6.73,0.0,18.0,0.9,1.7,0.5,2000,25,Midfielder,0.7027027027027027,0.3461538461538461,0.0234374999999999,0.4545454545454545,0.0222222222222222,0.4444444444444445,0.0777777777777777,39.55745826181931,32.02406121599834,20.957403651115623,58.34373537213293,34.599580326792896,True,False
624166,Manuel Locatelli,9885,Juventus,ITA-Serie A,5.6,76.2,3.0,0.0,2.2,2.6,0.12,0.06,1.4,1.0,0.05,1.4,0.4,0.6,0.6,7.51,0.0,29.0,1.2,3.0,0.2,1924,24,Midfielder,0.7586206896551724,0.3181818181818181,0.0734908136482939,0.1428571428571428,0.0896551724137931,0.3333333333333333,0.05,16.407200811359026,29.369324387579965,55.99667134758413,71.12297810370832,34.58807377930701,True,False
46469,Olivier Giroud,8639,Lille,FRA-Ligue 1,0.5,13.1,1.0,0.0,0.8,1.5,0.1,0.42,1.5,1.0,0.26,0.3,0.7,0.2,0.4,6.72,0.0,18.0,2.4,0.5,0.1,1364,20,Attacker,0.3478260869565218,0.3749999999999999,0.0381679389312977,0.0666666666666666,0.0833333333333333,0.2916666666666667,0.175,20.81985294117647,74.86764705882352,40.169117647058826,23.136029411764707,34.51021634828859,True,False
1180481,Johann Lepenant,9830,Nantes,FRA-Ligue 1,2.1,31.1,2.0,0.0,1.0,1.1,0.08,0.03,1.0,1.0,0.0,0.9,0.1,0.2,0.7,6.97,0.0,15.0,0.7,3.8,0.5,1202,16,Midfielder,0.8245614035087719,0.1914893617021276,0.067524115755627,0.5,0.0733333333333333,0.1428571428571428,0.0428571428571428,36.286199095022624,15.170951006397257,39.41095854787539,74.53597805169814,34.3995756806906,True,False
882400,Jessy Deminguet,8550,Metz,FRA-Ligue 1,2.8,36.8,0.0,0.0,0.8,0.5,0.03,0.02,1.2,0.0,0.07,0.8,0.2,0.1,0.2,6.43,0.0,3.0,0.5,1.8,0.6,1297,21,Midfielder,0.6842105263157895,0.3076923076923077,0.0760869565217391,0.5,0.1666666666666666,0.4,0.04,38.51470588235294,25.294117647058822,32.419117647058826,45.70588235294117,34.36667978684122,True,False
251269,Ante Budimir,8371,Osasuna,ESP-La Liga,0.2,7.8,1.0,0.0,1.4,0.8,0.04,0.46,1.8,0.0,0.55,0.2,1.2,0.2,0.4,6.88,0.0,8.0,3.0,0.7,0.2,1785,23,Attacker,0.3333333333333332,0.2222222222222222,0.0256410256410256,0.1111111111111111,0.1,0.3999999999999999,0.1533333333333333,24.96151895771571,86.95993914807303,27.13868518229573,23.33734461954543,34.35726607971607,True,False
1422593,Joshua King,9879,Fulham,ENG-Premier League,0.2,18.4,0.0,0.0,1.1,0.4,0.04,0.13,0.8,1.0,0.0,0.2,0.7,0.2,0.3,6.45,0.0,8.0,1.8,2.0,1.1,919,21,Midfielder,0.7333333333333334,0.0909090909090909,0.0108695652173913,1.375,0.05,0.3888888888888888,0.0722222222222222,72.71323529411765,37.757352941176464,10.801470588235292,41.63602941176471,34.27670041083956,True,False
1310480,Sergi Altimira,8603,Real Betis,ESP-La Liga,2.1,51.1,2.0,0.0,1.9,1.2,0.05,0.08,1.6,1.0,0.0,1.1,0.2,0.0,0.5,6.9,0.0,22.0,1.0,2.8,0.7,1972,32,Midfielder,0.7090909090909091,0.2820512820512821,0.0410958904109589,0.4374999999999999,0.0545454545454545,0.2,0.08,36.51525198938992,25.069628647214856,23.925729442970823,71.92307692307692,34.24673824439955,False,False
795371,Ibrahim Sangaré,10203,Nottingham Forest,ENG-Premier League,1.6,36.3,1.0,0.0,2.3,1.3,0.09,0.07,1.7,2.0,0.14,1.0,0.3,0.8,0.2,6.91,0.0,6.0,0.9,2.6,0.3,1320,18,Midfielder,0.679245283018868,0.2777777777777778,0.0440771349862259,0.1764705882352941,0.2166666666666666,0.3333333333333333,0.0777777777777777,16.63235294117647,38.69117647058823,48.25,54.93749999999999,34.043734855080515,True,False
1079548,Joris Chotard,8521,Brest,FRA-Ligue 1,2.5,30.1,0.0,0.0,2.8,0.7,0.04,0.06,1.0,0.0,0.1,1.5,0.4,0.4,0.2,6.89,0.0,4.0,1.1,2.3,0.2,1799,21,Midfielder,0.7916666666666666,0.3947368421052631,0.0830564784053156,0.2,0.175,0.3636363636363636,0.0545454545454545,25.734624486399337,29.650920580433763,34.4765694076039,59.857745618141166,33.96017961085467,True,False
530197,Manolis Saliakas,8152,FC St. Pauli,GER-Bundesliga,2.7,29.1,4.0,0.0,2.0,2.9,0.11,0.06,0.7,1.0,0.08,0.8,0.2,0.3,0.2,6.91,0.0,26.0,1.1,1.8,0.1,2323,30,Midfielder,0.787878787878788,0.3076923076923077,0.0927835051546391,0.1428571428571428,0.1115384615384615,0.1818181818181818,0.0545454545454545,22.11206896551724,23.352122015915125,58.56100795755968,51.81697612732095,33.90524998074442,False,False
641595,Nikola Moro,9857,Bologna,ITA-Serie A,8.3,56.5,0.0,0.0,1.9,1.2,0.1,0.04,0.9,0.0,0.17,0.7,0.2,0.1,0.4,6.91,0.0,13.0,0.9,1.8,0.5,1087,18,Midfielder,0.7352941176470589,0.2799999999999999,0.1469026548672566,0.5555555555555556,0.0923076923076923,0.2222222222222222,0.0444444444444444,35.61725698236854,20.31685260311021,32.95846986009258,61.73788162479846,33.889436946073594,True,False
881500,Lyle Foster,8191,Burnley,ENG-Premier League,0.4,11.8,1.0,0.0,1.1,0.4,0.03,0.2,1.6,1.0,0.26,0.3,0.4,0.3,0.5,6.29,0.0,8.0,1.3,1.0,0.7,1028,19,Attacker,0.4482758620689654,0.2307692307692307,0.0338983050847457,0.4374999999999999,0.05,0.3076923076923077,0.1538461538461538,44.5110294117647,66.61029411764704,12.375,33.86029411764706,33.84543314602592,True,False
874621,Martin Payero,7801,Cremonese,ITA-Serie A,0.9,21.2,1.0,0.0,1.2,0.5,0.04,0.12,2.4,0.0,0.08,0.6,0.4,0.2,0.3,6.54,0.0,8.0,1.5,1.3,1.5,1146,17,Midfielder,0.4418604651162791,0.3157894736842105,0.0424528301886792,0.625,0.0625,0.2666666666666666,0.08,58.10294117647058,37.63970588235294,15.904411764705884,33.8125,33.83497419887245,True,False
562724,Lewis Cook,8678,Bournemouth,ENG-Premier League,1.9,34.1,6.0,0.0,2.0,3.8,0.11,0.03,1.5,3.0,0.03,1.2,0.1,0.3,0.3,7.09,0.0,48.0,0.4,2.4,0.4,2978,36,Midfielder,0.7058823529411764,0.3333333333333333,0.0557184750733137,0.2666666666666666,0.0791666666666666,0.25,0.075,20.9184350132626,21.97944297082228,57.42705570291778,61.11405835543767,33.7808279777545,False,False
1130583,Samu,8661,Mallorca,ESP-La Liga,2.8,33.0,0.0,0.0,3.4,0.8,0.04,0.1,2.5,0.0,0.22,1.0,0.5,0.6,0.4,6.91,0.0,10.0,1.1,2.1,0.5,1607,21,Midfielder,0.5535714285714286,0.3225806451612903,0.0848484848484848,0.2,0.08,0.4545454545454545,0.0909090909090909,21.87862771103136,45.48658136994851,27.57345139647371,56.99257554480678,33.7103519937073,True,False
784241,Manu Morlanes,8661,Mallorca,ESP-La Liga,2.2,42.8,1.0,0.0,1.2,0.9,0.08,0.06,1.2,0.0,0.09,1.0,0.1,0.2,0.3,6.75,0.0,11.0,0.4,3.2,0.4,953,18,Midfielder,0.7777777777777778,0.238095238095238,0.0514018691588785,0.3333333333333333,0.0818181818181818,0.25,0.15,26.060104280438967,33.261403235034074,25.7868752275446,70.31877047901389,33.69317363117202,True,False
820024,Sean Longstaff,8463,Leeds United,ENG-Premier League,1.2,33.7,6.0,0.0,1.0,1.3,0.13,0.08,1.0,2.0,0.1,1.0,0.2,0.5,0.5,0.0,0.0,21.0,1.2,3.5,0.0,939,16,Midfielder,0.8181818181818182,0.2222222222222222,0.0356083086053412,0.0,0.0619047619047619,0.1666666666666666,0.0666666666666666,14.985294117647058,28.65808823529412,53.66176470588235,77.05882352941177,33.635051561763554,True,False
651435,Toma Basic,8543,Lazio,ITA-Serie A,1.0,36.7,4.0,0.0,1.1,1.5,0.12,0.09,1.1,2.0,0.08,0.7,0.7,0.5,0.5,6.83,0.0,14.0,2.0,1.2,0.1,1180,16,Midfielder,0.6333333333333333,0.3684210526315789,0.0272479564032697,0.0909090909090909,0.1071428571428571,0.35,0.045,17.191176470588232,32.6360294117647,57.19852941176471,49.20220588235294,33.632499085938086,True,False
823825,Randal Kolo Muani,8586,Tottenham Hotspur,ENG-Premier League,0.2,11.5,0.0,0.0,0.9,1.2,0.11,0.12,1.8,0.0,0.0,0.2,0.2,0.0,0.7,6.27,0.0,13.0,1.0,1.7,1.3,1028,18,Attacker,0.5135135135135135,0.1052631578947368,0.017391304347826,0.7222222222222222,0.0923076923076923,0.2,0.12,45.216797992406505,25.562860820720857,30.547004212825712,33.84378088105269,33.545188481518,True,False
1188890,Nicolai Remberg,9790,Hamburger SV,GER-Bundesliga,2.1,40.1,2.0,0.0,3.5,1.0,0.05,0.04,1.5,1.0,0.0,1.4,0.3,0.5,0.3,7.07,0.0,6.0,0.7,2.1,0.4,1800,20,Midfielder,0.7,0.3999999999999999,0.0523690773067331,0.2666666666666666,0.1666666666666666,0.4285714285714286,0.0571428571428571,22.099264705882355,26.977941176470587,42.78676470588235,60.65441176470589,33.53245799851581,True,False
1269497,Yannik Engelhardt,9788,Borussia Mönchengladbach,GER-Bundesliga,1.0,40.2,1.0,0.0,1.8,1.1,0.06,0.07,1.6,1.0,0.12,1.0,0.3,0.4,0.3,6.91,0.0,9.0,0.9,2.0,0.2,1561,20,Midfielder,0.6521739130434783,0.3333333333333333,0.0248756218905472,0.125,0.1222222222222222,0.3333333333333333,0.0777777777777777,20.570772871482813,35.29459224007905,39.49080719821085,53.3223526811255,33.52803400081183,True,False
571615,Unai Lopez,8370,Rayo Vallecano,ESP-La Liga,4.1,53.7,1.0,0.0,1.2,1.0,0.09,0.04,2.0,3.0,0.0,1.1,0.3,0.3,0.3,7.0,0.0,22.0,1.2,1.7,0.6,1045,17,Midfielder,0.5833333333333334,0.3928571428571429,0.0763500931098696,0.3,0.0454545454545454,0.25,0.0333333333333333,36.56566937119676,23.16129661413637,30.11756904353253,53.04902610911739,33.477516844886345,True,False
1206287,Freddie Potts,8654,West Ham United,ENG-Premier League,2.0,33.8,2.0,0.0,2.4,1.1,0.09,0.02,1.1,1.0,0.0,1.2,0.1,0.2,0.0,6.69,0.0,7.0,0.2,2.2,0.2,1099,19,Midfielder,0.7555555555555556,0.3529411764705882,0.0591715976331361,0.1818181818181818,0.1571428571428571,0.5,0.0999999999999999,16.45955882352941,35.38235294117647,49.71323529411765,54.27205882352941,33.35457420636651,True,False
914458,Aurélien Tchouaméni,8633,Real Madrid,ESP-La Liga,1.9,59.6,4.0,0.0,2.0,2.4,0.12,0.08,1.0,0.0,0.0,1.2,0.2,0.5,0.3,7.42,0.0,18.0,1.2,2.5,0.0,1735,21,Midfielder,0.7872340425531915,0.3243243243243243,0.0318791946308724,0.0,0.1333333333333333,0.1666666666666666,0.0666666666666666,19.30606698912987,22.541998231653405,56.63598065220784,62.40293597545119,33.21011322709504,True,False
620618,Rodrigo Bentancur,8586,Tottenham Hotspur,ENG-Premier League,1.0,39.8,1.0,0.0,2.5,0.7,0.04,0.03,1.0,1.0,0.06,1.4,0.1,0.4,0.3,7.02,0.0,9.0,0.6,2.4,0.8,1415,20,Midfielder,0.7916666666666666,0.3684210526315789,0.0251256281407035,0.8,0.0777777777777777,0.1666666666666666,0.05,42.718806886149686,20.09331929058096,22.523495605138606,68.52196780568993,33.1339772179524,True,False
822440,Michael Folorunsho,8529,Cagliari,ITA-Serie A,0.8,15.2,1.0,0.0,1.3,0.4,0.03,0.17,1.6,0.0,0.07,0.4,0.4,0.1,0.3,6.56,0.0,10.0,1.3,1.4,0.9,1313,16,Midfielder,0.5294117647058824,0.2222222222222222,0.0526315789473684,0.5625,0.04,0.3076923076923077,0.1307692307692307,51.74264705882352,51.8014705882353,12.683823529411764,32.03308823529412,33.088145347690045,True,False
1235086,Kristoffer Lund Hansen,8722,1. FC Köln,GER-Bundesliga,1.5,25.0,3.0,0.0,4.7,1.5,0.1,0.03,0.5,1.0,0.0,1.4,0.1,0.3,0.3,6.67,0.0,13.0,0.9,1.4,0.5,1347,21,Midfielder,0.8484848484848485,0.5,0.06,1.0,0.1153846153846153,0.1111111111111111,0.0333333333333333,50.94485294117648,7.794117647058824,52.27941176470589,58.25735294117647,32.940080464118004,True,False
1203512,Tim Iroegbunam,8668,Everton,ENG-Premier League,0.7,24.8,3.0,0.0,0.5,0.6,0.06,0.04,1.6,2.0,0.0,1.5,0.0,0.7,0.4,6.77,0.0,5.0,0.7,4.1,0.7,939,19,Midfielder,0.7777777777777778,0.2678571428571428,0.0282258064516129,0.4374999999999999,0.12,0.0,0.0571428571428571,37.14338235294117,11.845588235294118,40.77941176470589,75.30882352941177,32.91038815637838,True,False
929838,Hugo Duro,10267,Valencia CF,ESP-La Liga,0.3,13.3,1.0,0.0,1.1,0.7,0.04,0.33,0.9,0.0,0.44,0.2,0.6,0.4,0.3,6.66,0.0,12.0,1.6,0.7,0.2,1425,23,Attacker,0.5,0.2222222222222222,0.0225563909774436,0.2222222222222222,0.0583333333333333,0.3749999999999999,0.20625,29.948100327664225,83.30206220419204,16.795040828002286,27.52309252613512,32.908602055248814,True,False
1156568,Amin Sarr,9876,Verona,ITA-Serie A,0.6,15.0,2.0,0.0,0.7,1.0,0.05,0.16,2.2,1.0,0.19,0.1,0.3,0.1,0.4,6.43,0.0,22.0,1.1,1.0,0.7,1918,32,Attacker,0.3333333333333333,0.0909090909090909,0.04,0.3181818181818181,0.0454545454545454,0.2727272727272727,0.1454545454545454,33.99867374005305,56.9794429708223,22.81167108753316,23.9025198938992,32.62842837793529,False,False
790732,Tommaso Pobega,9857,Bologna,ITA-Serie A,1.3,23.8,2.0,0.0,1.6,0.6,0.05,0.13,2.1,1.0,0.17,1.3,0.7,0.6,0.5,6.63,0.0,6.0,1.7,2.2,0.3,1068,17,Midfielder,0.625,0.3714285714285714,0.0546218487394958,0.1428571428571428,0.0999999999999999,0.4117647058823529,0.0764705882352941,16.68919358194206,50.94559083580382,27.27174026109118,63.91509335829824,32.62542328759826,True,False
1246009,Cher Ndour,8535,Fiorentina,ITA-Serie A,1.2,30.7,1.0,0.0,1.6,0.4,0.04,0.08,1.2,0.0,0.1,0.7,0.2,0.7,0.4,6.35,0.0,3.0,0.9,1.4,0.3,920,20,Midfielder,0.6363636363636362,0.3333333333333333,0.0390879478827361,0.25,0.1333333333333333,0.2222222222222222,0.0888888888888888,23.69117647058824,35.1764705882353,33.35294117647059,46.636029411764696,32.61871902947836,True,False
1121170,Ransford Königsdörffer,9790,Hamburger SV,GER-Bundesliga,0.3,11.6,0.0,0.0,1.0,0.8,0.05,0.39,1.0,0.0,0.26,0.1,1.0,0.0,0.3,6.56,0.0,10.0,3.0,0.1,0.5,1391,21,Attacker,0.1666666666666666,0.5,0.0258620689655172,0.5,0.08,0.3333333333333333,0.13,49.24632352941176,71.65441176470588,20.727941176470587,11.268382352941178,32.43651855631302,True,False
971790,Lucien Agoume,8302,Sevilla,ESP-La Liga,2.4,37.5,5.0,0.0,1.5,1.2,0.06,0.04,2.0,2.0,0.05,1.5,0.1,0.2,0.4,6.93,0.0,18.0,0.6,2.0,0.4,1670,21,Midfielder,0.6363636363636364,0.4285714285714285,0.064,0.2,0.0666666666666666,0.1666666666666666,0.0666666666666666,23.533293025432982,22.192951318458416,38.02167524834868,68.64778046497113,32.388563599992494,True,False
1513317,Adama Camara,6379,Paris FC,FRA-Ligue 1,1.6,34.9,1.0,0.0,2.0,0.6,0.04,0.11,1.2,0.0,0.06,1.1,0.2,0.5,0.2,6.8,0.0,9.0,0.9,2.1,0.4,1470,19,Midfielder,0.7272727272727273,0.34375,0.0458452722063037,0.3333333333333333,0.0666666666666666,0.2222222222222222,0.1222222222222222,31.67279411764706,40.49264705882353,17.375,55.03676470588236,32.37141906164541,True,False
156008,Jordan Henderson,9937,Brentford,ENG-Premier League,3.7,42.3,6.0,0.0,1.4,2.2,0.13,0.02,0.7,3.0,0.06,0.8,0.1,0.4,0.2,6.76,0.0,14.0,0.4,1.3,0.2,1497,24,Midfielder,0.7500000000000001,0.3809523809523809,0.0874704491725768,0.2857142857142857,0.1571428571428571,0.25,0.0499999999999999,23.827205882352946,16.830882352941178,70.65441176470588,42.70220588235294,32.21243383985038,True,False
286119,Jamie Vardy,7801,Cremonese,ITA-Serie A,0.0,7.9,3.0,0.0,1.1,0.7,0.04,0.21,0.9,1.0,0.27,0.2,0.5,0.2,0.3,6.51,0.0,13.0,1.1,0.5,0.2,1667,21,Attacker,0.4374999999999999,0.2857142857142857,0.0,0.2222222222222222,0.0538461538461538,0.4545454545454545,0.1909090909090909,28.790441176470587,78.22426470588235,24.86029411764705,16.669117647058822,31.94250388723718,True,False
561046,Ruben Aguilar,8588,Lens,FRA-Ligue 1,1.1,36.7,6.0,0.0,1.6,2.0,0.12,0.05,1.4,2.0,0.12,1.5,0.2,0.6,0.5,7.22,0.0,19.0,0.8,2.1,0.4,1501,20,Midfielder,0.72,0.4166666666666666,0.0299727520435967,0.2857142857142857,0.1052631578947368,0.25,0.0625,21.95944505123004,20.361880428564,55.402038799604725,49.33887892026837,31.930827316754872,True,False
586474,Kingsley Ehizibue,8600,Udinese,ITA-Serie A,0.9,19.7,3.0,0.0,2.1,1.8,0.07,0.04,1.2,1.0,0.0,0.8,0.1,0.5,0.4,6.75,0.0,22.0,0.5,2.0,0.4,2510,33,Midfielder,0.7,0.2857142857142857,0.0456852791878172,0.3333333333333333,0.0818181818181818,0.2,0.08,26.54840848806366,20.434350132626,37.81167108753316,57.40384615384615,31.69541344737533,False,False
707970,Djibril Sow,8302,Sevilla,ESP-La Liga,1.4,33.8,1.0,0.0,0.5,0.9,0.06,0.07,1.7,0.0,0.21,1.0,0.3,0.1,0.1,6.61,0.0,13.0,0.9,1.7,0.3,1309,20,Midfielder,0.6136363636363636,0.3703703703703703,0.0414201183431952,0.1764705882352941,0.0692307692307692,0.3333333333333333,0.0777777777777777,22.295131845841784,42.518223071722055,25.129921464607065,48.91657564882718,31.589720421222363,True,False
424129,Leander Dendoncker,8670,Real Oviedo,ESP-La Liga,0.9,32.4,0.0,0.0,2.3,0.5,0.03,0.05,0.8,0.0,0.07,0.8,0.3,0.5,0.1,6.68,0.0,6.0,0.6,2.5,0.3,1318,18,Midfielder,0.8048780487804879,0.2424242424242424,0.0277777777777777,0.3749999999999999,0.0833333333333333,0.5,0.0833333333333333,30.45220588235294,41.856617647058826,16.147058823529413,53.72426470588235,31.51984787887517,True,False
660462,Pierre Lees-Melou,6379,Paris FC,FRA-Ligue 1,3.9,42.4,1.0,0.0,1.4,0.8,0.07,0.06,1.7,1.0,0.08,0.8,0.3,0.4,0.7,7.07,0.0,9.0,1.5,2.9,0.5,1078,14,Midfielder,0.6851851851851851,0.2162162162162162,0.0919811320754717,0.2941176470588235,0.0888888888888888,0.1999999999999999,0.04,26.73529411764706,20.1875,29.70588235294117,75.62132352941177,31.501816239156675,True,False
1359911,Miguel Román,9910,Celta de Vigo,ESP-La Liga,3.2,45.1,4.0,0.0,1.6,1.2,0.1,0.08,1.7,0.0,0.09,0.9,0.1,0.5,0.3,6.86,0.0,14.0,0.7,2.2,0.2,1040,16,Midfielder,0.6458333333333334,0.2903225806451613,0.0709534368070953,0.1176470588235294,0.0857142857142857,0.1428571428571428,0.1142857142857143,13.59191176470588,36.51838235294117,46.61029411764706,53.93382352941176,31.19641935221012,True,False
1321605,Mario Martin,8305,Getafe,ESP-La Liga,1.0,19.0,0.0,0.0,0.9,0.5,0.03,0.07,2.9,0.0,0.12,0.4,0.2,0.2,0.6,6.35,0.0,7.0,1.3,2.7,0.6,1457,22,Midfielder,0.5166666666666667,0.1290322580645161,0.0526315789473684,0.2068965517241379,0.0714285714285714,0.1538461538461538,0.0538461538461538,30.32945207260624,29.7156342643158,20.56255526083112,57.125819160555466,31.077163969287405,True,False
827315,Nicolás Dominguez,10203,Nottingham Forest,ENG-Premier League,1.0,37.1,2.0,0.0,2.4,1.6,0.07,0.07,1.5,1.0,0.0,1.3,0.4,0.5,0.4,6.79,0.0,13.0,1.0,3.9,0.1,1970,34,Midfielder,0.7761194029850746,0.25,0.0269541778975741,0.0666666666666666,0.123076923076923,0.4,0.07,13.239389920424404,32.39389920424404,41.744031830238725,73.29244031830238,31.06966947447125,False,False
785511,Fran Beltrán,9910,Celta de Vigo,ESP-La Liga,2.9,48.6,4.0,0.0,1.2,1.8,0.07,0.04,1.3,1.0,0.07,1.0,0.1,0.2,0.3,6.73,0.0,15.0,0.9,1.9,0.4,2426,34,Midfielder,0.6904761904761905,0.3448275862068966,0.0596707818930041,0.3076923076923077,0.12,0.1111111111111111,0.0444444444444444,24.74801061007958,17.257957559681696,47.23474801061008,53.9025198938992,31.059656731358192,False,False
299799,Bryan Cristante,8686,Roma,ITA-Serie A,4.3,51.9,1.0,0.0,1.8,1.9,0.08,0.06,1.8,0.0,0.04,0.7,0.3,0.1,0.5,7.12,0.0,18.0,1.2,2.0,0.4,2025,24,Midfielder,0.6000000000000001,0.2592592592592592,0.0828516377649325,0.2222222222222222,0.1055555555555555,0.25,0.05,19.693217870702657,25.803531492172468,40.1761585270713,55.38397825973891,30.96590125386393,True,False
1080917,Omar Traoré,94937,1. FC Heidenheim 1846,GER-Bundesliga,2.0,27.2,3.0,0.0,1.6,1.3,0.1,0.02,1.4,2.0,0.0,0.7,0.1,0.1,0.2,6.3,0.0,12.0,0.6,1.2,0.8,1199,20,Midfielder,0.5757575757575758,0.3684210526315789,0.0735294117647058,0.5714285714285715,0.1083333333333333,0.1666666666666666,0.0333333333333333,48.01030451968586,8.755877151921776,52.13490144068238,40.30371352785145,30.92618894946739,True,False
637756,Carles Alena,9866,Alavés,ESP-La Liga,1.1,33.9,6.0,0.0,1.3,2.3,0.14,0.11,1.5,4.0,0.0,0.5,0.2,0.1,0.3,6.67,0.0,24.0,1.3,1.7,0.7,1466,24,Midfielder,0.5945945945945946,0.2272727272727272,0.0324483775811209,0.4666666666666666,0.0958333333333333,0.1538461538461538,0.0846153846153846,34.35650387475945,19.85697846777968,45.59555572892287,27.31682009673896,30.711260167625024,True,False
603537,Angelino,8686,Roma,ITA-Serie A,2.6,37.5,7.0,0.0,2.5,4.0,0.11,0.03,0.9,1.0,0.06,0.8,0.1,0.3,0.1,7.1,0.0,50.0,0.7,1.3,0.3,3179,38,Midfielder,0.7000000000000001,0.3809523809523809,0.0693333333333333,0.3333333333333333,0.08,0.1428571428571428,0.0428571428571428,26.10742705570292,15.305039787798412,59.46949602122017,40.0132625994695,30.56695623077129,False,False
1212630,Lorenzo Lucca,8600,Udinese,ITA-Serie A,0.4,9.1,1.0,0.0,1.0,0.8,0.03,0.29,2.5,1.0,0.46,0.3,1.0,0.0,0.5,6.78,0.0,14.0,2.5,0.4,0.5,2361,33,Attacker,0.2187499999999999,0.4285714285714286,0.0439560439560439,0.2,0.0571428571428571,0.4,0.1159999999999999,28.657161803713525,76.25,14.137931034482756,27.97745358090185,30.52727340041522,False,False
179410,Idrissa Gana Gueye,8668,Everton,ENG-Premier League,1.0,39.9,1.0,0.0,0.8,0.8,0.05,0.08,0.8,1.0,0.13,1.1,0.3,0.3,0.2,6.97,0.0,9.0,1.2,2.1,0.1,1405,17,Midfielder,0.8,0.34375,0.025062656641604,0.125,0.0888888888888888,0.25,0.0666666666666666,21.926106516877308,25.35914339210485,31.375266552244245,60.70546627138919,30.4869877735604,True,False
1598170,Samir El Mourabet,9848,Strasbourg,FRA-Ligue 1,1.4,52.9,2.0,0.0,1.0,1.4,0.09,0.02,1.1,0.0,0.0,1.0,0.0,0.6,0.8,6.71,0.0,16.0,0.6,3.3,0.7,1376,22,Midfielder,0.7962962962962962,0.2325581395348837,0.0264650283553875,0.6363636363636362,0.0875,0.0,0.0333333333333333,45.12867647058823,5.941176470588236,41.75,87.70220588235293,30.448795364139343,True,False
304354,Janik Haberer,8149,1. FC Union Berlin,GER-Bundesliga,1.8,25.2,3.0,0.0,2.0,2.0,0.17,0.05,1.4,1.0,0.0,0.5,0.1,0.1,0.5,6.64,0.0,17.0,0.8,1.8,0.4,1102,19,Midfielder,0.6216216216216216,0.2173913043478261,0.0714285714285714,0.2857142857142857,0.1176470588235294,0.125,0.0625,21.1183752015395,15.40760389036251,60.6630389556353,52.14439980236126,30.44419548667375,True,False
933817,Riccardo Sottil,9888,Lecce,ITA-Serie A,0.7,17.7,6.0,0.0,0.3,2.6,0.24,0.06,0.9,2.0,0.09,0.2,0.3,0.0,0.3,6.54,0.0,23.0,1.7,0.4,1.2,995,19,Attacker,0.4000000000000001,0.3333333333333333,0.03954802259887,1.3333333333333333,0.1130434782608695,0.1764705882352941,0.0352941176470588,51.97169995319083,15.391292193269882,67.36438341915014,11.632996567327195,30.32457704827519,True,False
1339372,Cesare Casadei,9804,Torino,ITA-Serie A,0.9,26.1,3.0,0.0,1.5,1.3,0.07,0.16,2.4,0.0,0.17,0.5,0.7,0.1,0.3,6.81,0.0,14.0,1.6,1.5,0.6,1570,23,Midfielder,0.4545454545454545,0.25,0.0344827586206896,0.25,0.0928571428571428,0.4374999999999999,0.0999999999999999,26.73395485515161,41.73197846777968,30.86377229937068,23.84132990066053,30.27363383649097,True,False
935622,Marcus Holmgren Pedersen,9804,Torino,ITA-Serie A,0.9,19.3,2.0,0.0,1.1,1.6,0.1,0.05,1.3,0.0,0.0,0.4,0.1,0.1,0.2,6.43,0.0,10.0,0.6,1.0,0.5,1475,19,Midfielder,0.5185185185185185,0.2857142857142857,0.0466321243523316,0.3846153846153846,0.16,0.1666666666666666,0.0833333333333333,32.85021064128569,24.12418734071878,38.324192541738185,26.351634420346382,30.2415735850315,True,False
304348,Rani Khedira,8149,1. FC Union Berlin,GER-Bundesliga,0.8,13.9,3.0,0.0,2.2,1.1,0.05,0.07,1.4,0.0,0.19,1.3,0.4,0.2,0.3,6.98,0.0,12.0,0.8,2.5,0.1,1850,21,Midfielder,0.7307692307692308,0.3421052631578947,0.0575539568345323,0.0714285714285714,0.0916666666666666,0.5,0.0875,13.18186664586259,45.2223760857128,30.960199199043007,61.43386903833152,30.214396811192152,True,False
308517,Stanislav Lobotka,9875,Napoli,ITA-Serie A,1.5,64.2,0.0,0.0,1.2,0.9,0.05,0.02,0.5,1.0,0.06,0.5,0.2,0.1,0.3,7.18,0.0,13.0,0.3,1.1,0.2,1627,21,Midfielder,0.7619047619047619,0.3125,0.0233644859813084,0.4,0.0692307692307692,0.6666666666666667,0.0666666666666666,28.60495007021376,26.261721797472305,25.805481874447395,47.52361912934936,30.204597440111897,True,False
1403332,Aljoscha Kemlein,8149,1. FC Union Berlin,GER-Bundesliga,2.8,32.6,1.0,0.0,1.2,1.1,0.07,0.06,1.0,0.0,0.0,1.0,0.1,0.2,0.3,6.77,0.0,8.0,0.8,2.2,0.8,1297,20,Midfielder,0.7619047619047619,0.3125,0.0858895705521472,0.8,0.1375,0.125,0.075,41.91287642377906,14.217272585426745,31.888295105840744,41.45162401830759,29.807424170326136,True,False
1054122,Boubacar Traore,8550,Metz,FRA-Ligue 1,2.0,34.7,0.0,0.0,1.0,0.3,0.02,0.07,1.5,0.0,0.08,0.6,0.2,0.1,0.2,6.5,0.0,4.0,1.3,2.7,1.2,1150,16,Midfielder,0.6875,0.1818181818181818,0.0576368876080691,0.7999999999999999,0.075,0.1538461538461538,0.0538461538461538,57.61029411764706,22.775735294117645,11.779411764705882,48.588235294117645,29.689662137096786,True,False
524437,Tomas Soucek,8654,West Ham United,ENG-Premier League,1.0,28.4,1.0,0.0,3.9,0.4,0.03,0.24,1.8,0.0,0.23,0.8,0.7,0.5,0.2,6.76,0.0,7.0,1.1,1.6,0.1,1171,23,Midfielder,0.5714285714285715,0.3333333333333333,0.0352112676056338,0.0555555555555555,0.0571428571428571,0.6363636363636362,0.2181818181818181,17.473858376241743,76.80793285483954,17.308784521766267,39.16933218910907,29.663612481918296,True,False
801120,Jens-Lys Cajuste,9902,Ipswich Town,ENG-Premier League,1.1,28.6,0.0,0.0,1.5,0.7,0.03,0.03,1.1,1.0,0.05,1.3,0.0,0.5,0.5,6.59,0.0,13.0,0.5,2.0,1.3,1976,30,Midfielder,0.7499999999999999,0.393939393939394,0.0384615384615384,1.1818181818181817,0.0538461538461538,0.0,0.06,61.45225464190981,16.452254641909814,11.087533156498674,70.96816976127322,29.65098711138616,False,False
1178314,Nikola Stulic,9888,Lecce,ITA-Serie A,0.2,11.7,2.0,0.0,0.7,0.8,0.06,0.16,1.9,0.0,0.14,0.1,0.3,0.3,0.8,6.33,0.0,17.0,1.7,0.8,0.3,1306,23,Attacker,0.3214285714285714,0.1111111111111111,0.017094017094017,0.1578947368421052,0.0470588235294117,0.1764705882352941,0.0941176470588235,19.411764705882355,44.0,27.139705882352946,37.64338235294117,29.567982103111067,True,False
729769,Tyler Adams,8678,Bournemouth,ENG-Premier League,1.5,45.1,0.0,0.0,1.9,0.3,0.02,0.04,1.6,1.0,0.15,1.6,0.4,0.4,0.3,6.95,0.0,2.0,0.6,2.6,0.3,1202,15,Midfielder,0.7241379310344827,0.3809523809523809,0.0332594235033259,0.1874999999999999,0.15,0.6666666666666667,0.0666666666666666,14.4697365683674,41.65717480626203,24.904457273625628,69.578977479586,29.55462950596067,True,False
1362622,Junior Mwanga,9830,Nantes,FRA-Ligue 1,2.1,0.0,2.0,0.0,0.0,0.0,0.0,0.07,1.2,1.0,0.06,0.7,0.2,0.0,0.0,0.0,0.0,0.0,0.6,2.1,0.0,1476,18,Midfielder,0.7,0.25,0.0,0.0,0.0,0.3333333333333333,0.1166666666666666,19.78772689447132,39.27812451240443,23.19683257918552,50.98824569615645,29.533005339918827,True,False
466672,Jefferson Lerma,9826,Crystal Palace,ENG-Premier League,2.3,37.2,2.0,0.0,3.6,0.9,0.07,0.08,1.5,2.0,0.0,1.2,0.5,0.2,0.0,6.76,0.0,10.0,1.0,1.4,0.2,1158,23,Midfielder,0.6341463414634146,0.4615384615384615,0.0618279569892473,0.1333333333333333,0.09,0.5,0.08,16.478994382899046,31.78794143652156,39.39864513444635,44.805202319654654,29.49720205730324,True,False
689987,Jakub Piotrowski,8600,Udinese,ITA-Serie A,1.0,22.2,1.0,0.0,2.1,0.4,0.03,0.14,1.6,1.0,0.08,1.0,0.4,0.3,0.3,6.66,0.0,10.0,1.9,2.5,0.5,1073,21,Midfielder,0.6862745098039216,0.2857142857142857,0.045045045045045,0.3125,0.04,0.2105263157894737,0.0736842105263158,32.481617647058826,35.04044117647059,12.683823529411764,59.04779411764706,29.49082823699156,True,False
115067,Nemanja Matic,7943,Sassuolo,ITA-Serie A,4.1,49.7,1.0,0.0,1.7,1.0,0.04,0.01,0.9,1.0,0.04,0.8,0.2,0.4,0.5,7.06,0.0,19.0,0.4,1.6,0.3,2011,23,Midfielder,0.7272727272727273,0.3333333333333333,0.0824949698189134,0.3333333333333333,0.0526315789473684,0.5,0.0249999999999999,25.588235294117645,24.83455882352941,23.38235294117647,59.45588235294117,29.39254769751261,True,False
1072864,Tolu Arokodare,8602,Wolverhampton Wanderers,ENG-Premier League,0.1,11.0,0.0,0.0,2.0,0.3,0.03,0.24,1.1,0.0,0.16,0.2,0.7,0.1,0.3,6.54,0.0,9.0,2.6,0.5,1.4,1092,23,Attacker,0.3888888888888888,0.2857142857142857,0.009090909090909,1.2727272727272725,0.0333333333333333,0.2692307692307692,0.0923076923076923,76.48897058823529,52.963235294117645,8.301470588235293,16.205882352941174,29.362739095417226,True,False
767013,Antoine Bernede,9876,Verona,ITA-Serie A,1.0,26.3,2.0,0.0,0.7,1.1,0.06,0.05,2.3,2.0,0.05,0.4,0.1,0.3,0.3,6.78,0.0,20.0,0.8,2.8,0.7,1810,24,Midfielder,0.5818181818181818,0.125,0.0380228136882129,0.3043478260869565,0.055,0.125,0.0625,30.94485294117647,18.613970588235293,30.88235294117647,44.86029411764705,29.338391633950405,True,False
1463266,Louis Oppie,8152,FC St. Pauli,GER-Bundesliga,1.2,28.4,2.0,0.0,2.4,1.0,0.06,0.05,0.8,0.0,0.06,0.5,0.2,0.1,0.3,6.65,0.0,6.0,0.9,1.2,0.2,1404,18,Midfielder,0.6799999999999999,0.2941176470588235,0.0422535211267605,0.25,0.1666666666666666,0.2222222222222222,0.0555555555555555,23.71691176470588,20.794117647058822,44.375,36.58088235294117,29.27102916321753,True,False
844437,Amine Gouiri,9851,Rennes,FRA-Ligue 1,0.4,0.0,0.0,0.0,0.3,0.0,0.0,0.0,0.0,0.0,0.0,0.0,0.0,0.0,0.0,0.0,0.0,0.0,0.0,0.6,0.0,2088,33,Attacker,1.0,0.0,0.0,0.0,0.0,0.0,0.0,33.537798408488065,33.65495137046861,23.25817860300619,26.389257294429708,29.19792344992493,False,False
872396,Pathé Ciss,8370,Rayo Vallecano,ESP-La Liga,3.7,53.0,0.0,0.0,2.9,0.3,0.02,0.13,1.3,0.0,0.08,1.4,0.5,0.6,0.1,6.83,0.0,7.0,0.9,2.5,0.3,1130,16,Midfielder,0.75,0.358974358974359,0.0698113207547169,0.2307692307692307,0.0428571428571428,0.5555555555555556,0.1444444444444444,25.969294481718418,56.33382092890207,10.04760233005669,56.73862927133717,29.06174749061828,True,False
1359649,Noah Sadiki,8472,Sunderland,ENG-Premier League,1.3,31.2,0.0,0.0,1.5,0.9,0.04,0.02,0.9,0.0,0.0,1.3,0.0,0.3,0.3,6.9,0.0,10.0,0.3,1.5,0.7,1845,21,Midfielder,0.7567567567567568,0.4642857142857143,0.0416666666666666,0.7777777777777777,0.09,0.0,0.0666666666666666,49.882352941176464,11.198529411764708,23.264705882352946,55.9264705882353,29.031682267924825,True,False
214972,Geoffrey Kondogbia,8592,Marseille,FRA-Ligue 1,1.7,73.8,0.0,0.0,2.8,1.1,0.05,0.02,0.8,0.0,0.0,1.0,0.0,0.3,0.4,7.11,0.0,5.0,0.4,2.7,0.4,2021,25,Midfielder,0.8222222222222223,0.2702702702702702,0.0230352303523035,0.5,0.22,0.0,0.0499999999999999,33.90915119363395,9.383289124668435,36.90981432360742,69.11472148541114,28.965659944431696,False,False
992060,Tom Krauss,8722,1. FC Köln,GER-Bundesliga,1.9,38.3,2.0,0.0,2.8,1.0,0.07,0.03,1.3,1.0,0.0,1.6,0.1,0.4,0.5,7.04,0.0,9.0,0.6,3.3,0.4,1209,18,Midfielder,0.7903225806451614,0.3265306122448979,0.0496083550913838,0.3076923076923077,0.1111111111111111,0.1666666666666666,0.05,24.68014705882353,11.091911764705882,39.90441176470589,80.75735294117646,28.8833503256166,True,False
262592,Moi Gomez,8371,Osasuna,ESP-La Liga,4.3,56.0,1.0,0.0,0.7,1.0,0.1,0.03,1.3,0.0,0.0,0.9,0.2,0.1,0.7,6.7,0.0,7.0,0.8,1.2,0.4,910,17,Midfielder,0.6176470588235293,0.4285714285714285,0.0767857142857142,0.3076923076923077,0.1428571428571428,0.25,0.0375,24.68014705882353,11.941176470588236,46.63970588235294,60.48161764705881,28.87219036347877,True,False
845998,Antonio Blanco,9866,Alavés,ESP-La Liga,3.3,51.3,1.0,0.0,1.2,0.9,0.04,0.03,2.0,1.0,0.05,1.8,0.4,0.3,0.1,7.04,0.0,12.0,1.1,3.0,0.7,1874,22,Midfielder,0.7058823529411765,0.375,0.0643274853801169,0.35,0.075,0.3636363636363636,0.0272727272727272,27.63216440422323,17.557672803869558,28.439239090861808,57.9355268632652,28.814407539836942,True,False
1352713,Carlos Baleba,10204,Brighton and Hove Albion,ENG-Premier League,1.6,33.7,0.0,0.0,1.6,0.3,0.02,0.03,1.9,0.0,0.0,1.7,0.0,0.2,0.4,6.55,0.0,4.0,0.9,2.0,0.7,1191,21,Midfielder,0.6607142857142858,0.4594594594594594,0.0474777448071216,0.3684210526315789,0.075,0.0,0.0333333333333333,40.86937639777397,15.978129713423831,16.102278046497116,71.92596348884382,28.668162465606507,True,False
540963,Sander Berge,9879,Fulham,ENG-Premier League,1.7,48.3,3.0,0.0,1.6,1.1,0.04,0.05,1.0,1.0,0.0,0.7,0.1,0.6,0.2,6.64,0.0,15.0,0.4,1.8,0.3,2166,26,Midfielder,0.7142857142857143,0.2799999999999999,0.0351966873706004,0.3,0.0733333333333333,0.25,0.125,24.893996723357777,26.99519555832943,24.5630623602226,46.3104618505227,28.665297805106206,True,False
866516,Teun Koopmeiners,9885,Juventus,ITA-Serie A,2.0,55.2,0.0,0.0,2.1,1.1,0.07,0.07,1.7,0.0,0.0,1.2,0.3,0.4,0.3,6.83,0.0,16.0,1.4,1.5,0.1,1354,22,Midfielder,0.6136363636363636,0.4444444444444444,0.036231884057971,0.0588235294117647,0.06875,0.2142857142857143,0.05,17.912336818016332,27.03756436261507,36.65665470432205,45.27555650907578,28.58568029807031,True,False
824623,Martin Frese,9876,Verona,ITA-Serie A,1.3,20.9,1.0,0.0,3.2,1.4,0.08,0.1,1.6,0.0,0.06,0.9,0.4,0.3,0.1,6.86,0.0,20.0,0.9,2.8,0.0,1477,19,Midfielder,0.6981132075471698,0.2432432432432432,0.062200956937799,0.0,0.0699999999999999,0.4444444444444445,0.1111111111111111,10.066176470588236,49.94117647058823,34.49264705882353,52.41544117647058,28.431353450504588,True,False
1388071,Reda Belahyane,9876,Verona,ITA-Serie A,1.2,32.6,1.0,0.0,1.2,0.7,0.03,0.01,1.7,2.0,0.0,0.5,0.1,0.5,0.3,6.71,0.0,16.0,0.3,2.1,1.8,1848,28,Midfielder,0.6046511627906977,0.1923076923076923,0.0368098159509202,1.0588235294117647,0.04375,0.3333333333333333,0.0333333333333333,60.298408488063664,16.375994694960212,13.733421750663132,44.90053050397878,28.349059856200707,False,False
839750,Kervin Arriaga,8581,Levante,ESP-La Liga,1.9,37.1,1.0,0.0,2.8,0.4,0.03,0.02,1.5,1.0,0.08,0.8,0.2,0.8,0.2,6.62,0.0,3.0,0.6,2.2,0.4,1108,17,Midfielder,0.6666666666666666,0.2666666666666666,0.0512129380053908,0.2666666666666666,0.1333333333333333,0.3333333333333333,0.0333333333333333,20.81985294117647,21.86029411764705,31.94117647058824,48.57720588235294,27.786351848767254,True,False
958640,Akor Adams,8302,Sevilla,ESP-La Liga,0.2,9.1,1.0,0.0,1.2,0.3,0.02,0.56,1.4,2.0,0.44,0.0,1.6,0.1,0.6,6.64,0.0,5.0,3.0,0.4,0.6,1226,19,Attacker,0.2222222222222222,0.0,0.0219780219780219,0.4285714285714286,0.06,0.5333333333333333,0.1866666666666666,37.77807250221043,64.0604098403287,11.043909606282831,18.458976959484065,27.46892118748169,True,False
1362622,Junior Mwanga,9848,Strasbourg,FRA-Ligue 1,0.0,35.8,0.0,0.0,1.3,1.2,0.07,0.0,0.0,0.0,0.0,0.0,0.0,0.4,0.2,6.91,0.0,16.0,0.0,0.0,0.9,1476,18,Midfielder,0.0,0.0,0.0,0.0,0.075,0.0,0.0,38.9764523846674,14.025673532012272,36.30467571644042,25.319128049097625,27.205205649129937,True,False
1296413,Henrik Meister,6479,Pisa,ITA-Serie A,0.1,5.3,1.0,0.0,0.4,0.1,0.01,0.25,1.5,0.0,0.15,0.0,0.5,0.0,0.4,6.17,0.0,2.0,1.2,0.2,0.7,1231,20,Attacker,0.1176470588235294,0.0,0.0188679245283018,0.4666666666666666,0.05,0.4166666666666667,0.2083333333333333,47.3235294117647,73.0845588235294,8.169117647058824,15.301470588235292,27.1312602682072,True,False
640220,Marc Roca,8603,Real Betis,ESP-La Liga,2.2,39.3,2.0,0.0,2.0,0.8,0.05,0.07,2.0,1.0,0.0,0.8,0.3,0.3,0.7,6.8,0.0,10.0,0.7,2.0,0.5,1357,19,Midfielder,0.5833333333333334,0.2857142857142857,0.0559796437659033,0.25,0.08,0.4285714285714286,0.1,22.042778384563377,28.386390232485567,21.76705934363135,45.80701617517033,27.095288742189588,True,False
1693531,Sascha Britschgi,10167,Parma,ITA-Serie A,0.7,20.1,3.0,0.0,1.8,1.2,0.07,0.02,0.8,2.0,0.0,0.4,0.2,0.2,0.3,6.63,0.0,14.0,0.7,1.7,0.3,1566,21,Midfielder,0.7241379310344827,0.1904761904761904,0.0348258706467661,0.3749999999999999,0.0857142857142857,0.2857142857142857,0.0285714285714285,28.45588235294117,12.136029411764708,39.022058823529406,42.04044117647059,26.904924016065983,True,False
556972,Sasa Lukic,9879,Fulham,ENG-Premier League,0.5,29.9,1.0,0.0,1.9,1.4,0.1,0.13,2.8,2.0,0.07,0.8,0.2,0.5,0.2,6.78,0.0,22.0,0.9,2.6,0.1,1212,19,Midfielder,0.5483870967741936,0.2352941176470588,0.0167224080267558,0.0357142857142857,0.0636363636363636,0.2222222222222222,0.1444444444444444,11.065896915795497,35.92806990170074,35.32475165132366,49.33508217610652,26.773516011529523,True,False
1200631,Lesley Ugochukwu,8191,Burnley,ENG-Premier League,1.1,25.2,0.0,0.0,1.0,0.3,0.01,0.11,1.2,1.0,0.16,0.8,0.4,0.9,0.2,6.56,0.0,8.0,0.9,2.2,0.4,1723,25,Midfielder,0.7142857142857143,0.2666666666666666,0.0436507936507936,0.3333333333333333,0.0375,0.4444444444444445,0.1222222222222222,31.67279411764706,59.78676470588235,5.860294117647059,50.772058823529406,26.758513561892777,True,False
574642,Ellyes Skhiri,9810,Eintracht Frankfurt,GER-Bundesliga,1.9,44.1,0.0,0.0,1.3,0.4,0.04,0.03,0.8,0.0,0.0,1.7,0.0,0.2,0.2,6.56,0.0,5.0,0.5,0.9,0.2,934,14,Midfielder,0.7647058823529411,0.6538461538461539,0.0430839002267573,0.25,0.08,0.0,0.06,26.131195714360008,18.4236490352109,24.0815909918344,50.00873121131742,26.71296892697794,True,False
952057,Charles Vanhoutte,9831,Nice,FRA-Ligue 1,2.4,42.4,1.0,0.0,2.7,0.6,0.05,0.01,1.7,2.0,0.0,0.9,0.1,0.5,0.4,6.94,0.0,7.0,0.2,2.5,0.4,1281,17,Midfielder,0.6666666666666667,0.2647058823529412,0.0566037735849056,0.2352941176470588,0.0857142857142857,0.5,0.0499999999999999,17.996323529411764,24.613970588235293,23.544117647058822,61.96691176470589,26.653431626300883,True,False
812415,Hugo Magnetti,8521,Brest,FRA-Ligue 1,1.8,33.0,1.0,0.0,1.9,0.9,0.05,0.02,1.4,0.0,0.05,1.6,0.2,0.0,0.3,6.87,0.0,11.0,0.9,2.1,0.5,1735,21,Midfielder,0.7254901960784315,0.4324324324324324,0.0545454545454545,0.3571428571428571,0.0818181818181818,0.2222222222222222,0.0222222222222222,26.554266136162685,14.110885733603784,25.515147969001926,62.454367556040985,26.634279052947807,True,False
1017401,Roberto Piccoli,8535,Fiorentina,ITA-Serie A,0.0,7.4,0.0,0.0,0.3,0.2,0.02,0.38,1.6,0.0,0.17,0.3,1.1,0.0,0.4,6.39,0.0,8.0,3.0,0.6,0.5,1037,21,Attacker,0.36,0.3333333333333333,0.0,0.3125,0.025,0.3666666666666667,0.1266666666666666,35.11951942580746,70.31688510948146,8.325830862849118,22.061957143600143,26.562269498448124,True,False
1254218,Hugo Sotelo,9910,Celta de Vigo,ESP-La Liga,3.2,61.6,4.0,0.0,1.3,1.6,0.15,0.01,1.8,1.0,0.0,1.2,0.1,0.7,0.2,6.99,0.0,20.0,0.2,2.3,0.0,911,14,Midfielder,0.6603773584905661,0.3428571428571428,0.0519480519480519,0.0,0.08,0.5,0.0499999999999999,12.794449212045562,18.81758074582618,54.880077495189056,49.230918760076975,26.549032100870207,True,False
762028,Ylber Ramadani,9888,Lecce,ITA-Serie A,2.4,34.1,0.0,0.0,1.5,1.0,0.04,0.03,1.4,0.0,0.04,1.4,0.2,0.3,0.6,6.96,0.0,12.0,0.9,2.5,0.3,2076,24,Midfielder,0.7358490566037736,0.358974358974359,0.0703812316715542,0.2142857142857143,0.0833333333333333,0.2222222222222222,0.0333333333333333,25.42740027045301,16.68730821240963,18.525693035835022,78.32696208456859,26.47969827529966,True,False
792756,Michel Aebischer,6479,Pisa,ITA-Serie A,3.4,40.6,5.0,0.0,1.0,1.7,0.08,0.02,1.2,1.0,0.05,1.1,0.0,0.2,0.4,6.95,0.0,25.0,0.5,2.2,0.3,1984,24,Midfielder,0.7333333333333334,0.3333333333333333,0.083743842364532,0.25,0.068,0.0,0.04,19.852941176470587,9.875,47.33088235294117,65.5625,26.30867549143418,True,False
1323827,Jon Gorrotxategi,8560,Real Sociedad,ESP-La Liga,1.4,44.1,2.0,0.0,1.7,0.4,0.02,0.04,1.2,3.0,0.05,1.7,0.1,0.5,0.4,6.89,0.0,12.0,0.6,2.0,0.4,1706,22,Midfielder,0.7551020408163265,0.4594594594594594,0.0317460317460317,0.3333333333333333,0.0333333333333333,0.1666666666666666,0.0666666666666666,27.558823529411768,18.871323529411764,16.11764705882353,68.53308823529412,26.304755113890035,True,False
1239749,Mandela Keita,10167,Parma,ITA-Serie A,1.4,31.3,0.0,0.0,0.8,0.3,0.01,0.01,1.0,1.0,0.0,1.2,0.0,0.5,0.4,7.08,0.0,10.0,0.5,2.6,1.1,1947,24,Midfielder,0.7916666666666666,0.3157894736842105,0.0447284345047923,1.1,0.03,0.0,0.02,54.6499713943933,12.417557341238885,10.73451396473709,68.22379336349924,26.25843231484872,True,False
601145,Habibou Mouhamadou Diallo,8550,Metz,FRA-Ligue 1,0.6,7.9,0.0,0.0,1.3,0.3,0.02,0.39,1.5,1.0,0.28,0.1,0.8,0.1,0.3,6.61,0.0,6.0,2.0,0.4,0.7,1285,15,Attacker,0.25,0.2,0.0759493670886075,0.4666666666666666,0.0499999999999999,0.4,0.195,49.5735294117647,82.06617647058825,6.838235294117647,12.716911764705882,26.10527926667082,True,False
439148,Morten Thorsby,7801,Cremonese,ITA-Serie A,0.4,17.5,0.0,0.0,2.2,0.4,0.04,0.2,1.7,0.0,0.3,0.0,0.7,0.6,0.5,6.87,0.0,9.0,1.7,1.2,0.3,911,15,Midfielder,0.4137931034482758,0.0,0.0228571428571428,0.1764705882352941,0.0444444444444444,0.4117647058823529,0.1176470588235294,22.06985294117647,69.27941176470587,10.573529411764708,30.63970588235294,26.097733532982204,True,False
198559,Marten de Roon,8524,Atalanta,ITA-Serie A,3.3,52.4,0.0,0.0,2.5,1.0,0.05,0.04,1.3,1.0,0.05,0.6,0.2,0.2,0.3,7.12,0.0,14.0,0.6,2.7,0.1,1707,21,Midfielder,0.717391304347826,0.1818181818181818,0.0629770992366412,0.0769230769230769,0.0714285714285714,0.3333333333333333,0.0666666666666666,12.657935455349248,27.079101003796747,32.601822957299625,55.83875539605763,26.095465038520693,True,False
1072056,Tommaso Barbieri,7801,Cremonese,ITA-Serie A,1.8,19.6,1.0,0.0,2.0,0.6,0.04,0.04,2.0,1.0,0.0,0.8,0.1,0.5,0.1,6.65,0.0,8.0,0.7,2.6,0.9,1240,18,Midfielder,0.6296296296296297,0.2352941176470588,0.0918367346938775,0.45,0.075,0.1428571428571428,0.0571428571428571,40.34926470588236,13.036764705882351,19.080882352941178,47.15808823529412,26.025794475856337,True,False
956622,Oscar Valentin,8370,Rayo Vallecano,ESP-La Liga,0.9,33.7,1.0,0.0,2.8,0.9,0.06,0.07,1.2,0.0,0.07,1.2,0.2,0.5,0.1,6.81,0.0,3.0,0.8,3.1,0.0,1305,20,Midfielder,0.7818181818181817,0.2790697674418604,0.0267062314540059,0.0,0.3,0.25,0.0875,10.831051386071673,27.95192307692308,36.04665314401623,57.56520778072502,25.89717313214262,True,False
1076756,Brennan Johnson,8586,Tottenham Hotspur,ENG-Premier League,0.0,0.0,1.0,0.0,0.0,0.0,0.0,0.0,0.0,0.0,0.17,0.0,0.0,0.1,0.0,0.0,0.0,0.0,0.0,0.0,0.0,1057,23,Attacker,0.0,0.0,0.0,0.0,0.0,0.0,0.0,30.34520466011338,38.7775849066417,19.42692567743278,16.855951266448226,25.658063977126343,True,False
1047670,Andrej Ilic,8149,1. FC Union Berlin,GER-Bundesliga,0.1,9.6,5.0,0.0,1.0,1.4,0.09,0.48,1.5,7.0,0.06,0.0,0.8,0.3,0.4,6.56,0.0,22.0,2.8,0.1,0.2,1408,21,Attacker,0.0625,0.0,0.0104166666666666,0.1333333333333333,0.0636363636363636,0.2857142857142857,0.1714285714285714,22.18493524730847,44.72462552660321,32.24842669163156,11.083976959484056,25.26506288962908,True,False
844943,Flynn Downes,8466,Southampton,ENG-Premier League,0.8,41.9,2.0,0.0,2.1,1.4,0.06,0.03,2.1,0.0,0.04,1.3,0.1,0.4,0.4,6.53,0.0,15.0,0.4,2.0,0.3,2154,27,Midfielder,0.611111111111111,0.393939393939394,0.0190930787589498,0.1428571428571428,0.0933333333333333,0.25,0.075,12.569628647214854,22.5762599469496,32.61273209549072,59.41976127320955,25.19664456412418,False,False
933576,Antoine Semenyo,8678,Bournemouth,ENG-Premier League,0.9,0.0,0.0,0.0,0.0,0.0,0.0,0.0,0.0,0.0,0.0,0.0,0.0,0.1,0.0,0.0,0.0,0.0,0.0,0.0,0.0,2247,25,Attacker,0.0,0.0,0.0,0.0,0.0,0.0,0.0,33.67522234357934,22.403215530243926,23.992874603422266,19.6565701877568,25.089548739300888,True,False
1030646,Gennaro Borrelli,8529,Cagliari,ITA-Serie A,0.6,11.6,1.0,0.0,1.4,0.3,0.03,0.19,3.5,1.0,0.26,0.3,0.5,0.2,0.2,6.45,0.0,10.0,1.9,1.3,0.5,1033,22,Attacker,0.3137254901960785,0.1874999999999999,0.0517241379310344,0.1428571428571428,0.03,0.2631578947368421,0.1,25.79779411764706,55.8125,12.132352941176473,21.514705882352946,24.98566900752516,True,False
612863,Andre-Frank Zambo Anguissa,9875,Napoli,ITA-Serie A,0.0,0.0,1.0,0.0,0.0,1.0,0.0,0.0,0.0,1.0,0.0,0.0,0.0,0.0,0.0,0.0,0.0,10.0,0.0,0.0,0.0,932,11,Midfielder,0.0,0.0,0.0,0.0,0.1,0.0,0.0,27.6396343683362,19.42907759920945,33.56281531180111,19.9041387111874,24.87860400826917,True,False
303879,Lucas Torro,8371,Osasuna,ESP-La Liga,1.6,29.7,1.0,0.0,2.2,0.6,0.03,0.06,1.4,1.0,0.0,1.1,0.3,0.2,0.2,6.91,0.0,10.0,1.0,1.3,0.3,1575,22,Midfielder,0.6315789473684211,0.4583333333333333,0.0538720538720538,0.2142857142857143,0.06,0.3,0.06,16.66943620949706,25.19268476621418,23.0738024652832,48.76160477453581,24.847933559577875,True,False
388903,Haris Tabakovic,9788,Borussia Mönchengladbach,GER-Bundesliga,0.1,12.6,0.0,0.0,2.2,0.5,0.03,0.59,1.7,2.0,0.58,0.0,1.1,0.2,0.3,6.8,0.0,10.0,2.6,0.2,0.3,1539,21,Attacker,0.1052631578947368,0.0,0.0079365079365079,0.1764705882352941,0.05,0.4230769230769231,0.2269230769230769,27.1875,93.09558823529412,11.066176470588236,10.158088235294118,24.260785131127893,True,False
1478148,Leon Avdullahu,8226,TSG 1899 Hoffenheim,GER-Bundesliga,2.9,53.3,1.0,0.0,1.7,1.2,0.06,0.02,0.8,1.0,0.0,1.1,0.0,0.2,0.8,7.09,0.0,14.0,0.5,1.3,0.3,1920,22,Midfielder,0.7500000000000001,0.4583333333333333,0.0544090056285178,0.3749999999999999,0.0857142857142857,0.0,0.04,28.45588235294117,6.5110294117647065,30.823529411764707,73.01470588235294,24.24190197128492,True,False
178753,Nemanja Gudelj,8302,Sevilla,ESP-La Liga,2.2,37.6,0.0,0.0,4.9,0.3,0.02,0.04,1.8,0.0,0.06,0.8,0.3,0.7,0.1,6.64,0.0,2.0,1.0,1.7,0.3,1410,20,Midfielder,0.5813953488372093,0.32,0.0585106382978723,0.1666666666666666,0.15,0.3,0.04,16.97738206688511,22.747308472460603,25.16749882977064,41.632593488323714,24.11517558579597,True,False
413525,Laurent Abergel,8689,Lorient,FRA-Ligue 1,4.2,56.6,2.0,0.0,1.8,0.8,0.04,0.03,1.1,0.0,0.05,1.0,0.2,0.2,0.4,6.98,0.0,14.0,0.9,1.5,0.3,1826,21,Midfielder,0.6944444444444444,0.4,0.0742049469964664,0.2727272727272727,0.0571428571428571,0.2222222222222222,0.0333333333333333,22.20220588235294,13.65808823529412,23.352941176470587,55.25367647058823,23.89593061780404,True,False
880095,James Sands,8152,FC St. Pauli,GER-Bundesliga,1.0,31.8,2.0,0.0,1.5,0.7,0.04,0.05,1.2,0.0,0.05,2.0,0.2,0.3,0.2,6.88,0.0,9.0,0.8,2.0,0.1,1760,21,Midfielder,0.7692307692307692,0.5,0.0314465408805031,0.0833333333333333,0.0777777777777777,0.25,0.0625,13.672794117647058,22.202205882352946,23.889705882352946,60.06985294117647,23.858340266705724,True,False
775614,Ryan Yates,10203,Nottingham Forest,ENG-Premier League,0.5,29.2,0.0,0.0,2.8,0.5,0.02,0.11,2.5,1.0,0.09,1.2,0.4,0.5,0.2,6.76,0.0,18.0,1.6,2.0,0.4,1904,35,Midfielder,0.5614035087719298,0.3749999999999999,0.0171232876712328,0.16,0.0277777777777777,0.25,0.0687499999999999,19.73474801061008,33.93899204244032,11.114058355437663,49.08819628647215,23.49134016567373,False,False
919742,Senne Lynen,8697,SV Werder Bremen,GER-Bundesliga,3.0,43.7,0.0,0.0,3.1,1.3,0.06,0.03,1.3,0.0,0.0,2.3,0.1,0.3,0.2,6.67,0.0,9.0,0.8,2.0,0.1,1857,21,Midfielder,0.7678571428571429,0.5348837209302325,0.068649885583524,0.0769230769230769,0.1444444444444444,0.125,0.0375,16.155842045040828,9.810448847974204,36.30832943256879,66.0301204035991,23.140411818058507,True,False
921543,Morten Frendrup,10233,Genoa,ITA-Serie A,1.1,31.1,1.0,0.0,2.7,0.7,0.03,0.02,1.4,0.0,0.04,1.2,0.1,0.4,0.6,7.05,0.0,9.0,0.4,2.9,0.2,2022,24,Midfielder,0.7454545454545454,0.2926829268292683,0.0353697749196141,0.1428571428571428,0.0777777777777777,0.25,0.0499999999999999,14.513477141519738,18.95320382795028,16.56242523534613,80.63054558693504,22.59607474536317,True,False
449283,Alessandro Deiola,8529,Cagliari,ITA-Serie A,2.1,34.4,0.0,0.0,3.3,0.3,0.03,0.03,1.6,2.0,0.0,1.2,0.3,0.7,0.0,6.87,0.0,5.0,0.6,2.4,0.2,961,12,Midfielder,0.6923076923076923,0.3333333333333333,0.0610465116279069,0.125,0.06,0.5,0.05,12.302250741145263,34.22539267696469,16.06875747646539,51.17062594268477,22.588230049356994,True,False
485634,Roberto Gagliardini,9876,Verona,ITA-Serie A,1.6,38.4,0.0,0.0,2.7,0.6,0.04,0.04,1.8,0.0,0.07,2.6,0.2,0.6,0.6,7.02,0.0,6.0,0.6,2.9,0.1,1257,18,Midfielder,0.7534246575342466,0.4727272727272727,0.0416666666666666,0.0555555555555555,0.0999999999999999,0.3333333333333333,0.0666666666666666,7.297794117647058,28.849264705882355,23.227941176470587,83.48161764705883,22.37752339446363,True,False
166733,Christopher Trimmel,8149,1. FC Union Berlin,GER-Bundesliga,2.4,19.6,6.0,0.0,3.9,3.9,0.28,0.0,1.4,2.0,0.0,0.4,0.0,0.6,0.1,6.92,0.0,37.0,0.2,1.6,0.1,1256,19,Midfielder,0.5882352941176471,0.2,0.1224489795918367,0.0714285714285714,0.1054054054054054,0.0,0.0,12.23526161127581,9.262189889218286,73.68494824985697,37.51300254849951,22.36883979216952,True,False
1239595,Dario Essugo,8306,Las Palmas,ESP-La Liga,2.0,37.4,0.0,0.0,1.9,0.7,0.03,0.03,1.7,0.0,0.05,1.9,0.2,0.5,0.3,6.8,0.0,13.0,1.1,2.7,0.6,1952,27,Midfielder,0.7301587301587301,0.4130434782608695,0.053475935828877,0.3529411764705882,0.0538461538461538,0.1818181818181818,0.0272727272727272,27.466843501326263,14.515915119363394,11.087533156498674,66.62798408488064,22.286598976491035,False,False
1078729,Batista Mendy,8302,Sevilla,ESP-La Liga,2.0,32.2,0.0,0.0,1.3,0.3,0.02,0.07,2.0,0.0,0.06,0.9,0.3,0.3,0.3,6.68,0.0,9.0,0.9,1.8,0.5,1422,19,Midfielder,0.574468085106383,0.3333333333333333,0.062111801242236,0.25,0.0333333333333333,0.3333333333333333,0.0777777777777777,24.397058823529413,33.194852941176464,7.132352941176471,48.09558823529412,22.192088919529187,True,False
359191,Omar Mascarell,8661,Mallorca,ESP-La Liga,3.3,32.8,1.0,0.0,3.0,0.2,0.01,0.0,1.4,1.0,0.08,1.6,0.1,0.6,0.2,6.64,0.0,5.0,0.1,2.1,0.2,1159,17,Midfielder,0.7254901960784315,0.4324324324324324,0.1006097560975609,0.1428571428571428,0.04,1.0,0.0,16.930052790346906,25.33343085244708,12.149126228740831,56.30331044884797,21.91613885050541,True,False
821100,Jørgen Strand Larsen,8602,Wolverhampton Wanderers,ENG-Premier League,0.0,0.0,1.0,0.0,0.0,0.0,0.0,0.0,0.0,1.0,0.0,0.0,0.0,0.3,0.2,0.0,0.0,7.0,0.0,0.3,0.3,1585,24,Attacker,1.0,0.0,0.0,0.0,0.0,0.0,0.0,23.78072502210433,33.13265850106621,14.511754303843556,19.13233343735372,21.86327240205217,True,False
1355574,Giovane Nascimento,9875,Napoli,ITA-Serie A,0.6,14.7,0.0,0.0,0.0,1.8,0.1,0.18,1.3,5.0,0.0,0.0,0.0,0.0,0.0,6.61,0.0,31.0,2.7,0.0,1.8,1610,25,Attacker,0.0,0.0,0.0408163265306122,1.3846153846153846,0.0580645161290322,0.0,0.0666666666666666,76.65073529411765,27.25735294117647,37.01470588235294,1.3051470588235294,21.849992011265083,True,False
322003,Jesper Karlström,8600,Udinese,ITA-Serie A,1.6,31.3,1.0,0.0,1.9,0.8,0.03,0.02,1.0,0.0,0.04,0.9,0.1,0.3,0.4,6.85,0.0,12.0,0.5,1.7,0.3,2217,25,Midfielder,0.7222222222222222,0.3461538461538461,0.0511182108626198,0.3,0.0666666666666666,0.2,0.04,21.34715504238831,12.222278566599051,19.130428563998542,54.45925001300255,21.78891234769309,True,False
1199283,Eric Martel,8722,1. FC Köln,GER-Bundesliga,1.0,43.7,4.0,0.0,5.1,0.9,0.05,0.04,1.5,2.0,0.05,1.2,0.1,0.8,0.2,6.88,0.0,11.0,0.5,1.2,0.1,1718,21,Midfielder,0.6153846153846154,0.5,0.022883295194508,0.0666666666666666,0.0818181818181818,0.2,0.08,9.525735294117649,22.37867647058824,34.02205882352941,41.213235294117645,21.730796338858884,True,False
1189223,Patrizio Masini,10233,Genoa,ITA-Serie A,1.3,27.2,0.0,0.0,3.1,0.3,0.02,0.11,2.4,0.0,0.0,1.7,0.3,0.5,0.5,6.77,0.0,7.0,1.0,4.7,0.2,1066,21,Midfielder,0.7272727272727273,0.265625,0.0477941176470588,0.0833333333333333,0.0428571428571428,0.3,0.11,16.037258802725333,30.25108571279971,7.927796848182244,71.91110807718313,21.27509985817044,True,False
1097009,Oliver Sørensen,10167,Parma,ITA-Serie A,0.9,21.8,0.0,0.0,1.6,0.3,0.02,0.1,0.7,0.0,0.06,1.0,0.2,0.1,0.1,6.46,0.0,7.0,0.9,1.0,0.1,1475,24,Midfielder,0.7407407407407407,0.5,0.0412844036697247,0.1428571428571428,0.0428571428571428,0.2222222222222222,0.1111111111111111,23.080882352941178,37.264705882352935,6.639705882352941,39.463235294117645,21.211720431744844,True,False
686460,Santiago Colombatto,8670,Real Oviedo,ESP-La Liga,1.8,34.9,3.0,0.0,1.7,1.4,0.09,0.03,2.0,1.0,0.0,0.7,0.1,0.2,0.5,6.74,0.0,19.0,0.7,1.7,0.3,1475,19,Midfielder,0.5454545454545454,0.2916666666666667,0.0515759312320916,0.15,0.0736842105263157,0.1428571428571428,0.0428571428571428,12.121323529411766,9.099264705882351,42.6985294117647,52.43014705882352,20.71743726057523,True,False
940446,Brian Brobbey,8472,Sunderland,ENG-Premier League,0.1,8.4,1.0,0.0,0.6,0.3,0.02,0.21,1.1,1.0,0.4,0.0,0.8,0.3,0.2,6.55,0.0,6.0,1.6,0.6,0.1,1131,21,Attacker,0.3529411764705882,0.0,0.0119047619047619,0.0909090909090909,0.0499999999999999,0.5,0.1312499999999999,21.75735294117647,78.21691176470588,9.823529411764705,9.117647058823527,20.637183509898406,True,False
1355574,Giovane Nascimento,9876,Verona,ITA-Serie A,0.0,0.0,6.0,0.0,0.6,0.0,0.0,0.0,0.0,0.0,0.17,0.3,1.4,0.1,0.7,0.0,0.0,0.0,0.0,0.7,0.0,1610,25,Attacker,1.0,0.3,0.0,0.0,0.0,0.0,0.0,16.15441176470588,15.658088235294116,17.294117647058822,51.65073529411765,20.571309226887635,True,False
39591,Axel Witsel,7732,Girona,ESP-La Liga,1.1,42.8,0.0,0.0,2.5,0.4,0.03,0.1,1.4,0.0,0.06,1.0,0.1,0.3,0.3,6.8,0.0,8.0,0.8,1.3,0.1,1389,18,Midfielder,0.6216216216216216,0.4347826086956522,0.0257009345794392,0.0714285714285714,0.05,0.125,0.125,14.102941176470589,37.82352941176471,9.389705882352942,44.88970588235294,20.55065982487941,True,False
1174296,Andre,8602,Wolverhampton Wanderers,ENG-Premier League,2.1,40.2,1.0,0.0,2.0,0.7,0.04,0.01,1.4,0.0,0.0,0.9,0.0,0.4,0.3,6.67,0.0,11.0,0.4,2.7,0.5,1777,24,Midfielder,0.72,0.25,0.0522388059701492,0.3571428571428571,0.0636363636363636,0.0,0.0249999999999999,30.033267020335984,6.245410100379675,17.04638009049774,64.37094320486817,20.50298198201055,True,False
201704,Remo Freuler,9857,Bologna,ITA-Serie A,2.7,47.4,0.0,0.0,1.3,0.7,0.05,0.01,0.9,1.0,0.0,0.5,0.0,0.2,0.4,6.68,0.0,11.0,0.3,2.7,0.1,1315,18,Midfielder,0.7804878048780487,0.15625,0.0569620253164557,0.1111111111111111,0.0636363636363636,0.0,0.0333333333333333,14.71948301867166,11.161933739012849,20.629388360118583,61.43096947001612,19.888484392786044,True,False
561869,Haris Belkebla,8121,Angers,FRA-Ligue 1,1.1,37.3,0.0,0.0,1.3,0.3,0.02,0.01,0.7,0.0,0.0,0.9,0.0,0.4,0.2,6.96,0.0,10.0,0.2,2.3,0.7,1843,21,Midfielder,0.8205128205128206,0.28125,0.0294906166219839,1.0,0.03,0.0,0.0499999999999999,48.735924741249285,6.337370624642429,8.581226920476412,60.43395355489676,19.79135768781506,True,False
821100,Jørgen Strand Larsen,9826,Crystal Palace,ENG-Premier League,0.2,11.4,0.0,0.0,1.4,0.5,0.03,0.21,2.0,0.0,0.17,0.2,0.6,0.0,0.0,6.18,0.0,0.0,1.5,0.0,0.0,1585,24,Attacker,0.0909090909090909,1.0,0.0175438596491228,0.0,0.0,0.3999999999999999,0.1399999999999999,16.99150933582982,75.53952124616426,12.683322931294532,8.117627555000778,19.783686955541967,True,False
1419969,Rodrigo Mendoza,10268,Elche,ESP-La Liga,0.0,0.0,1.0,0.0,0.0,0.0,0.0,0.0,0.0,0.0,0.1,0.4,0.2,0.0,0.0,0.0,0.0,10.0,0.0,0.0,1.5,901,18,Midfielder,1.0,1.0,0.0,0.0,0.0,0.0,0.0,50.71323529411765,11.705882352941176,9.264705882352942,23.477941176470587,19.700504379249,True,False
670928,Giuseppe Pezzella,7801,Cremonese,ITA-Serie A,0.6,16.4,0.0,0.0,3.6,1.5,0.09,0.01,1.5,1.0,0.0,0.4,0.0,0.6,0.2,6.69,0.0,18.0,0.2,1.5,0.4,1574,19,Midfielder,0.5588235294117647,0.2105263157894737,0.0365853658536585,0.2666666666666666,0.0833333333333333,0.0,0.0499999999999999,20.44485294117647,7.0110294117647065,35.59558823529412,29.356617647058822,19.320167683465527,True,False
873827,Ander Guevara,9866,Alavés,ESP-La Liga,2.4,35.1,1.0,0.0,1.9,0.6,0.03,0.04,1.8,1.0,0.0,0.6,0.1,0.2,0.1,6.6,0.0,12.0,0.6,2.3,0.4,1945,33,Midfielder,0.6170212765957447,0.2068965517241379,0.0683760683760683,0.2222222222222222,0.0499999999999999,0.1666666666666666,0.0666666666666666,18.91909814323608,16.75397877984085,11.67771883289125,43.87599469496021,19.24795160110987,False,False
887703,Wilson Isidor,8472,Sunderland,ENG-Premier League,0.0,5.2,0.0,0.0,1.2,0.1,0.01,0.32,1.2,0.0,0.36,0.0,1.2,0.1,0.3,6.31,0.0,0.0,3.2,0.7,0.5,1011,23,Attacker,0.3684210526315789,0.0,0.0,0.4166666666666667,0.0,0.3749999999999999,0.0999999999999999,43.75367647058824,70.6029411764706,2.4485294117647056,14.540441176470589,19.242075382757296,True,False
1047671,Vini Souza,8721,VfL Wolfsburg,GER-Bundesliga,0.9,26.2,0.0,0.0,5.2,0.4,0.03,0.01,2.0,0.0,0.0,1.3,0.1,0.9,0.2,6.65,0.0,3.0,0.3,2.7,0.2,914,14,Midfielder,0.6666666666666666,0.325,0.0343511450381679,0.1,0.1333333333333333,0.3333333333333333,0.0333333333333333,7.54779411764706,14.897058823529417,28.955882352941178,57.69485294117648,18.80540806497336,True,False
613334,M'Bala Nzola,7943,Sassuolo,ITA-Serie A,0.5,12.7,0.0,0.0,0.6,0.5,0.04,0.46,1.6,0.0,0.0,0.0,0.0,0.0,0.0,6.49,0.0,0.0,2.4,0.4,1.2,1091,18,Attacker,0.2,0.0,0.0393700787401574,0.7499999999999999,0.0,0.0,0.1916666666666666,66.15808823529412,54.19485294117647,5.8014705882352935,3.286764705882353,18.788955649454586,True,False
1536998,Alpha Toure,8550,Metz,FRA-Ligue 1,0.6,36.7,0.0,0.0,1.6,0.3,0.02,0.04,1.5,1.0,0.0,0.6,0.1,0.3,0.1,6.54,0.0,6.0,0.9,2.5,0.7,1029,22,Midfielder,0.673913043478261,0.1935483870967742,0.0163487738419618,0.4666666666666666,0.0499999999999999,0.1111111111111111,0.0444444444444444,38.75367647058823,10.408088235294118,6.838235294117647,44.27941176470589,18.5700465641673,True,False
613334,M'Bala Nzola,6479,Pisa,ITA-Serie A,0.0,0.0,0.0,0.0,0.0,0.0,0.0,0.0,0.0,0.0,0.25,0.1,0.6,0.1,0.7,0.0,0.0,15.0,0.0,0.0,0.0,1091,18,Attacker,1.0,1.0,0.0,0.0,0.0,0.0,0.0,16.15441176470588,18.81985294117647,10.647058823529411,43.96691176470589,18.47455586888177,True,False
1209987,Warren Bondo,7801,Cremonese,ITA-Serie A,1.4,32.2,0.0,0.0,0.4,0.3,0.02,0.01,2.1,0.0,0.0,0.5,0.0,0.2,0.1,6.48,0.0,3.0,0.3,1.6,0.8,1396,20,Midfielder,0.5,0.238095238095238,0.0434782608695652,0.3809523809523809,0.0999999999999999,0.0,0.0333333333333333,34.04044117647059,5.191176470588236,19.602941176470583,28.72058823529412,17.911583314036193,True,False
888921,Lewis Ferguson,9857,Bologna,ITA-Serie A,2.8,54.3,1.0,0.0,1.8,1.1,0.09,0.05,2.2,0.0,0.08,0.4,0.2,0.6,0.2,6.55,0.0,12.0,0.8,1.4,0.1,1123,18,Midfielder,0.4499999999999999,0.2222222222222222,0.0515653775322283,0.0454545454545454,0.0916666666666666,0.25,0.0625,10.21679799240651,18.36433140895616,29.562594268476616,18.615839704582097,17.396039465003742,True,False
883823,Elisha Owusu,8583,Auxerre,FRA-Ligue 1,1.2,28.2,0.0,0.0,1.8,0.4,0.03,0.0,1.7,0.0,0.0,1.3,0.0,0.4,0.6,6.76,0.0,6.0,0.2,2.6,0.4,1269,17,Midfielder,0.6964285714285714,0.3333333333333333,0.0425531914893617,0.2352941176470588,0.0666666666666666,0.0,0.0,16.17053492484527,8.995832683205906,11.354904561294012,73.26650023404586,17.294364967190088,True,False
1396089,Matteo Prati,8529,Cagliari,ITA-Serie A,0.0,0.0,4.0,0.0,0.0,0.0,0.0,0.0,0.0,0.0,0.07,1.0,0.1,0.0,0.2,0.0,0.0,8.0,0.0,0.0,0.1,1347,22,Midfielder,1.0,1.0,0.0,0.0,0.0,0.0,0.0,17.566176470588236,9.058823529411764,16.33823529411765,39.01470588235294,17.148181688116722,True,False
523193,Josh Laurent,8191,Burnley,ENG-Premier League,0.9,26.5,0.0,0.0,2.6,0.3,0.02,0.04,1.4,0.0,0.07,1.5,0.2,0.5,0.1,6.33,0.0,6.0,0.8,2.4,0.2,1262,23,Midfielder,0.7358490566037736,0.3846153846153846,0.0339622641509433,0.1428571428571428,0.0499999999999999,0.25,0.0499999999999999,13.944852941176473,20.23529411764705,6.838235294117647,57.985294117647065,17.031431212216763,True,False
750031,Pol Lozano,8558,Espanyol,ESP-La Liga,1.7,34.2,0.0,0.0,0.9,1.4,0.08,0.02,2.6,0.0,0.06,1.0,0.2,0.2,0.3,6.46,0.0,17.0,0.6,1.5,0.1,1575,22,Midfielder,0.4901960784313726,0.4,0.0497076023391812,0.0384615384615384,0.0823529411764705,0.3333333333333333,0.0333333333333333,5.442788786602175,17.184018567639257,27.808810526863265,47.1369298382483,16.797532477470206,True,False
793255,Florentino,8191,Burnley,ENG-Premier League,2.0,38.0,0.0,0.0,2.6,0.4,0.02,0.03,1.7,2.0,0.0,1.6,0.1,0.4,0.1,6.78,0.0,9.0,0.5,4.3,0.3,1587,22,Midfielder,0.7763157894736842,0.2711864406779661,0.0526315789473684,0.1764705882352941,0.0444444444444444,0.2,0.06,13.974264705882357,13.441176470588236,7.99264705882353,63.50367647058824,16.29072614927544,True,False
1392232,Marc Aguado,10268,Elche,ESP-La Liga,0.7,43.3,0.0,0.0,1.6,0.4,0.02,0.0,0.7,1.0,0.0,1.8,0.0,0.8,0.3,6.84,0.0,3.0,0.1,2.0,0.0,1589,23,Midfielder,0.8444444444444444,0.4736842105263158,0.0161662817551963,0.0,0.1333333333333333,0.0,0.0,13.694852941176473,3.672794117647059,27.78676470588235,66.36764705882354,16.127503247316255,True,False
1187767,Urko González,8558,Espanyol,ESP-La Liga,0.7,27.9,0.0,0.0,2.2,0.4,0.02,0.03,1.1,1.0,0.0,1.2,0.1,0.4,0.3,6.61,0.0,7.0,0.7,2.1,0.2,1465,23,Midfielder,0.7499999999999999,0.3636363636363636,0.025089605734767,0.1818181818181818,0.0571428571428571,0.1428571428571428,0.0428571428571428,17.118758776720234,7.729527487387529,11.236789410724503,41.95162401830759,15.11089661198219,True,False
812549,Marius Marin,6479,Pisa,ITA-Serie A,1.8,19.8,0.0,0.0,1.6,0.5,0.04,0.01,2.3,0.0,0.0,0.6,0.0,0.3,0.4,6.43,0.0,1.0,0.2,3.0,0.1,1031,19,Midfielder,0.6101694915254237,0.1666666666666666,0.0909090909090909,0.0434782608695652,0.5,0.0,0.0499999999999999,4.110294117647059,7.0110294117647065,35.625,55.75735294117647,13.577082747639102,True,False
1419969,Rodrigo Mendoza,9906,Atlético de Madrid,ESP-La Liga,1.9,40.5,0.0,0.0,0.7,0.9,0.09,0.07,2.1,0.0,0.0,0.0,0.0,0.0,0.4,6.51,0.0,0.0,1.2,1.3,0.0,901,18,Midfielder,0.3823529411764705,0.0,0.0469135802469135,0.0,0.0,0.0,0.0583333333333333,5.941176470588236,15.94485294117647,14.470588235294116,26.477941176470587,12.809000844407189,True,False
1396089,Matteo Prati,9804,Torino,ITA-Serie A,2.7,31.3,0.0,0.0,3.1,0.5,0.04,0.07,1.3,0.0,0.0,0.0,0.0,0.5,0.0,6.55,0.0,0.0,1.4,1.7,0.0,1347,22,Midfielder,0.5666666666666667,0.0,0.0862619808306709,0.0,0.0,0.0,0.05,11.080882352941178,14.933823529411764,5.8014705882352935,20.764705882352946,11.515021082929982,True,False
439148,Morten Thorsby,10233,Genoa,ITA-Serie A,0.0,0.0,3.0,0.0,0.0,0.0,0.0,0.0,0.0,1.0,0.0,0.3,0.0,0.0,0.0,0.0,0.0,0.0,0.0,0.0,0.0,911,15,Midfielder,1.0,1.0,0.0,0.0,0.0,0.0,0.0,16.15441176470588,3.672794117647059,11.294117647058822,21.363970588235293,10.78663446537838,True,False
844437,Amine Gouiri,9851,Rennes,FRA-Ligue 1,0.4,0.0,0.0,0.0,0.3,0.0,0.0,0.0,0.0,0.0,0.0,0.0,0.0,0.0,0.0,0.0,0.0,0.0,0.0,0.6,0.0,2088,33,Attacker,1.0,0.0,0.0,0.0,0.0,0.0,0.0,17.334217506631298,4.9900530503978775,2.095490716180372,20.59681697612732,7.749595248299877,False,False
1530314,Geovany Quenda,9768,Sporting Lisbon,POR-Liga Portugal,1.9,31.2,3.0,0.0,1.1,2.1,0.28,0.2,0.5,4.0,0.14,0.5,0.7,0.0,0.7,7.1,0.0,15.0,1.8,1.6,1.6,661,13,Attacker,0.8076923076923077,0.238095238095238,0.0608974358974358,3.2,0.14,0.3888888888888888,0.1111111111111111,90.2400445183361,67.00202570709918,78.28081266287039,61.06742085619529,74.76830247091455,True,True
784510,Federico Chiesa,8650,Liverpool,ENG-Premier League,0.4,24.5,2.0,0.0,2.5,0.5,0.18,0.44,2.8,1.0,0.71,1.4,1.1,0.7,0.0,0.0,0.0,2.0,4.6,2.8,0.7,253,20,Attacker,0.6,0.3333333333333333,0.0163265306122449,0.25,0.25,0.2391304347826087,0.0956521739130434,41.73428738663287,53.509567169967056,53.97024321630708,39.16168823396532,46.75915293970083,True,True
963964,Harvey Elliott,10252,Aston Villa,ENG-Premier League,0.0,0.0,0.0,0.0,0.0,0.1,0.0,0.0,0.0,0.0,0.0,0.0,0.0,0.0,0.0,0.0,0.0,1.0,0.0,0.0,0.0,110,5,Midfielder,0.0,0.0,0.0,0.0,0.1,0.0,0.0,20.562520085833317,10.486407533904195,23.438776823343954,7.3874946855782255,14.630620891998987,True,True
