player_id,player,team_id,team,league,accurate_long_balls,accurate_pass,big_chance_created,clean_sheet,effective_clearance,expected_assists,expected_assists_per_90,expected_goals_per_90,fouls,goal_assist,goals_per_90,interception,ontarget_scoring_att,outfielder_block,poss_won_att_3rd,rating,saves,total_att_assist,total_scoring_att,total_tackle,won_contest,minutes_played,matches_played,position
27299,Manuel Neuer,9823,Bayern München,GER-Bundesliga,,27.7,,5.0,0.6,0.0,0.0,,,,,,,,,6.86,1.4,,,,,1575,18,Keeper
31097,Luka Modric,8564,Milan,ITA-Serie A,5.2,62.7,4.0,,1.2,3.4,0.15,0.06,0.7,3.0,0.09,1.4,0.3,0.4,0.4,7.73,,38.0,0.5,1.8,0.5,2006,24,Midfielder
39591,Axel Witsel,7732,Girona,ESP-La Liga,1.1,42.8,,,2.5,0.4,0.03,0.1,1.4,,0.06,1.0,0.1,0.3,0.3,6.8,,8.0,0.8,1.3,0.1,1389,18,Midfielder
41618,Yann Sommer,8636,Internazionale,ITA-Serie A,,25.3,,12.0,0.4,0.0,0.0,,,,,,,,,6.89,2.0,,,,,2070,23,Keeper
46469,Olivier Giroud,8639,Lille,FRA-Ligue 1,0.5,13.1,1.0,,0.8,1.5,0.1,0.42,1.5,1.0,0.26,0.3,0.7,0.2,0.4,6.72,,18.0,2.4,0.5,0.1,1364,20,Attacker
51545,José Salomon Rondon,8670,Real Oviedo,ESP-La Liga,0.6,12.8,,,1.0,0.3,0.03,0.26,1.0,,0.17,0.1,0.4,0.1,0.2,6.24,,5.0,2.1,0.3,0.8,1037,16,
72241,Martin Dubravka,8191,Burnley,ENG-Premier League,,18.4,,3.0,1.9,0.1,0.0,,,,,,,,,6.86,3.8,,,0.0,,2340,26,Keeper
73024,Francesco Acerbi,8636,Internazionale,ITA-Serie A,1.6,56.0,1.0,,6.3,0.8,0.07,0.03,1.0,1.0,,1.4,0.1,1.2,,7.18,,3.0,0.3,0.7,0.1,974,13,Defender
73167,Henrikh Mkhitaryan,8636,Internazionale,ITA-Serie A,2.0,46.6,1.0,,1.3,1.8,0.16,0.24,1.6,,0.09,1.2,0.6,0.4,0.7,7.03,,11.0,2.8,2.0,0.9,1011,18,Midfielder
75307,Daniel Parejo,10205,Villarreal,ESP-La Liga,3.5,46.9,3.0,,1.0,0.9,0.08,0.01,1.0,,,0.9,,0.5,0.1,6.79,,18.0,0.2,2.5,0.5,1016,20,Midfielder
80295,Yuri Berchiche,8315,Athletic Club,ESP-La Liga,2.1,41.9,2.0,,3.7,1.5,0.08,0.02,0.9,2.0,,1.3,0.2,0.1,0.3,7.07,,19.0,0.7,1.5,0.3,1755,21,Defender
93447,Robert Lewandowski,8634,Barcelona,ESP-La Liga,0.3,13.7,3.0,,0.8,0.8,0.08,0.96,1.0,1.0,0.96,0.2,2.1,,0.8,6.97,,9.0,4.3,0.3,0.8,935,19,Attacker
113836,Danny Welbeck,10204,Brighton and Hove Albion,ENG-Premier League,0.2,15.3,1.0,,1.1,0.7,0.05,0.52,1.3,,0.5,0.3,0.9,,0.5,6.66,,13.0,2.1,1.0,0.4,1453,25,Attacker
115067,Nemanja Matic,7943,Sassuolo,ITA-Serie A,4.1,49.7,1.0,,1.7,1.0,0.04,0.01,0.9,1.0,0.04,0.8,0.2,0.4,0.5,7.06,,19.0,0.4,1.6,0.3,2011,23,Midfielder
115591,Ricardo Rodriguez,8603,Real Betis,ESP-La Liga,1.5,31.6,1.0,,4.6,0.3,0.02,0.01,0.4,1.0,,0.5,,0.2,0.1,6.71,,5.0,0.2,1.1,0.1,1045,16,Defender
145550,Kevin Trapp,6379,Paris FC,FRA-Ligue 1,,29.8,,4.0,0.9,0.0,0.0,,,,,0.1,,,,6.79,2.1,,,,,990,11,Keeper
148830,Benjamin André,8639,Lille,FRA-Ligue 1,2.4,45.1,1.0,,1.6,1.6,0.1,0.13,1.6,1.0,0.12,1.0,0.2,0.2,1.1,7.35,,18.0,1.1,2.3,0.4,1520,17,Midfielder
149219,Christian Kabasele,8600,Udinese,ITA-Serie A,2.5,28.6,,,6.4,0.1,0.0,0.06,1.5,,0.14,1.6,0.3,0.9,,6.79,,1.0,0.4,0.5,0.1,1282,18,Defender
150565,Pierre-Emerick Aubameyang,8592,Marseille,FRA-Ligue 1,0.4,17.6,8.0,,0.5,3.1,0.23,0.56,1.1,5.0,0.46,0.3,1.4,,0.4,7.04,,18.0,2.4,0.5,0.4,1186,19,Attacker
151001,Péter Gulácsi,178475,RB Leipzig,GER-Bundesliga,,26.9,,9.0,1.3,0.0,0.0,,,,,,,,,6.94,2.4,,,,,1919,22,Keeper
156008,Jordan Henderson,9937,Brentford,ENG-Premier League,3.7,42.3,6.0,,1.4,2.2,0.13,0.02,0.7,3.0,0.06,0.8,0.1,0.4,0.2,6.76,,14.0,0.4,1.3,0.2,1497,24,Midfielder
157723,Christian Eriksen,8721,VfL Wolfsburg,GER-Bundesliga,1.9,33.9,5.0,,1.4,2.8,0.18,0.16,0.6,4.0,0.06,0.6,0.5,0.3,0.6,6.86,,29.0,1.4,1.4,0.4,1395,19,Midfielder
159833,Kyle Walker,8191,Burnley,ENG-Premier League,2.5,30.8,3.0,,3.0,1.0,0.04,0.01,1.0,2.0,,1.3,,0.3,0.2,6.67,,8.0,0.1,1.4,0.4,2237,25,Defender
161012,Daley Blind,7732,Girona,ESP-La Liga,4.7,60.9,1.0,,4.7,0.8,0.04,0.0,0.6,,,1.2,,0.6,0.0,6.85,,9.0,0.0,2.0,0.4,1853,22,Defender
163604,Karl Darlow,8463,Leeds United,ENG-Premier League,,,,1.0,,0.0,,,,,,,,,,,,,,,,900,10,Keeper
166733,Christopher Trimmel,8149,1. FC Union Berlin,GER-Bundesliga,2.4,19.6,6.0,,3.9,3.9,0.28,0.0,1.4,2.0,,0.4,,0.6,0.1,6.92,,37.0,0.2,1.6,0.1,1256,19,Midfielder
167035,Anthony Lopes,9830,Nantes,FRA-Ligue 1,,24.0,,3.0,1.2,0.0,0.0,0.0,,,,0.0,,,,6.79,3.3,,0.0,0.0,0.0,1889,21,Keeper
169586,Leandro Cabrera,8558,Espanyol,ESP-La Liga,2.9,34.2,1.0,,5.1,1.1,0.05,0.1,0.8,,0.13,0.7,0.4,0.6,0.1,6.82,,6.0,1.2,1.1,0.2,2070,23,Defender
170323,Thibaut Courtois,8633,Real Madrid,ESP-La Liga,,23.7,1.0,11.0,0.6,0.0,0.0,,,,,,,,,7.15,2.1,1.0,,0.0,,2160,24,Keeper
173461,Andrej Kramaric,8226,TSG 1899 Hoffenheim,GER-Bundesliga,1.0,34.3,5.0,,0.5,3.1,0.21,0.48,0.2,4.0,0.6,0.4,1.4,0.1,1.1,7.24,,24.0,2.8,0.3,0.8,1347,22,Midfielder
175311,Kiko,8305,Getafe,ESP-La Liga,1.3,24.0,1.0,,2.2,0.8,0.05,0.01,1.0,1.0,,1.8,0.1,0.1,0.3,6.8,,12.0,0.3,2.1,0.3,1404,19,Defender
177126,Jan Oblak,9906,Atlético de Madrid,ESP-La Liga,,22.0,,9.0,0.8,0.0,0.0,,,,,,,,,7.07,2.2,,,,,2070,23,Keeper
178732,Lukasz Skorupski,9857,Bologna,ITA-Serie A,,29.4,,3.0,1.7,0.0,0.0,,0.1,,,,,,,6.77,1.7,,,,,1054,13,Keeper
178753,Nemanja Gudelj,8302,Sevilla,ESP-La Liga,2.2,37.6,,,4.9,0.3,0.02,0.04,1.8,,0.06,0.8,0.3,0.7,0.1,6.64,,2.0,1.0,1.7,0.3,1410,20,Midfielder
178778,Oliver Baumann,8226,TSG 1899 Hoffenheim,GER-Bundesliga,,26.9,,6.0,1.1,0.1,0.01,,,,,,,,,7.18,3.1,,,,0.1,1980,22,Keeper
179410,Idrissa Gana Gueye,8668,Everton,ENG-Premier League,1.0,39.9,1.0,,0.8,0.8,0.05,0.08,0.8,1.0,0.13,1.1,0.3,0.3,0.2,6.97,,9.0,1.2,2.1,0.1,1405,17,Midfielder
179873,Loic Nego,9746,Le Havre,FRA-Ligue 1,1.8,29.3,2.0,,3.6,1.0,0.05,0.03,0.8,,,1.3,0.2,0.3,0.2,6.91,,10.0,0.7,1.7,0.6,1757,21,Defender
181069,Matz Sels,10203,Nottingham Forest,ENG-Premier League,,14.3,,4.0,1.1,0.1,0.0,,,,,,,,,6.78,3.0,1.0,,0.1,,1677,20,Keeper
182917,David de Gea,8535,Fiorentina,ITA-Serie A,,19.2,,3.0,0.5,0.0,0.0,,,,,,,,,6.48,3.1,,,,,2250,25,Keeper
183353,Kike Garcia,8558,Espanyol,ESP-La Liga,0.2,12.6,3.0,,1.1,2.1,0.2,0.46,2.0,1.0,0.39,0.3,1.5,0.1,0.9,6.59,,15.0,3.3,0.7,0.8,935,23,Attacker
184321,Callum Wilson,8654,West Ham United,ENG-Premier League,0.1,6.8,,,0.2,0.2,0.02,0.48,1.0,1.0,0.49,0.3,1.1,0.2,0.7,6.48,,5.0,2.6,0.3,1.1,923,22,Attacker
184521,Florian Lejeune,8370,Rayo Vallecano,ESP-La Liga,4.1,53.6,1.0,,5.7,0.3,0.01,0.05,1.6,,,1.2,0.3,0.8,0.0,7.0,,9.0,1.3,1.7,0.2,2061,23,Defender
184533,Koke,9906,Atlético de Madrid,ESP-La Liga,4.4,72.8,2.0,,1.3,2.2,0.14,0.02,0.9,2.0,0.13,0.8,0.2,0.1,0.5,7.08,,18.0,0.5,2.1,0.1,1427,22,Midfielder
185644,Mathew Ryan,8581,Levante,ESP-La Liga,,22.1,,4.0,1.2,0.0,0.0,0.01,,,,0.0,,,,6.99,3.7,,0.1,0.0,,1980,22,Keeper
186557,Frederik Rønnow,8149,1. FC Union Berlin,GER-Bundesliga,,16.7,,4.0,0.8,0.1,0.0,,0.0,,,,,,,6.68,2.6,2.0,,0.0,,1980,22,Keeper
188058,Daniel Burn,10261,Newcastle United,ENG-Premier League,1.1,33.7,,,6.1,0.3,0.02,0.01,1.7,2.0,,1.0,,0.4,0.1,6.74,,6.0,0.2,1.6,0.1,1441,18,Defender
189982,Fabian Schär,10261,Newcastle United,ENG-Premier League,5.9,55.4,,,5.9,0.6,0.05,0.08,1.2,,,1.5,0.3,1.0,0.1,7.07,,4.0,1.4,1.2,,1091,16,Defender
191869,Kieran Trippier,10261,Newcastle United,ENG-Premier League,2.6,50.4,1.0,,2.7,1.6,0.13,0.0,1.3,,,0.5,,0.1,,6.8,,21.0,0.1,1.4,0.2,1141,14,Defender
193901,Stefan Bell,9905,1. FSV Mainz 05,GER-Bundesliga,2.9,25.3,3.0,,8.9,0.6,0.05,0.15,1.3,1.0,0.17,1.6,0.4,0.9,0.1,6.86,,5.0,1.0,1.0,0.1,1041,18,Defender
194165,Harry Kane,9823,Bayern München,GER-Bundesliga,3.3,23.7,14.0,,1.4,3.3,0.17,1.03,0.9,5.0,1.32,0.3,2.5,0.2,0.4,8.28,,31.0,4.3,0.7,1.2,1768,22,Attacker
195305,Marc Bartra,8603,Real Betis,ESP-La Liga,3.4,41.8,,,7.1,0.4,0.02,0.01,0.7,,0.06,1.4,0.2,1.2,0.1,6.93,,4.0,0.5,2.3,0.3,1586,20,Defender
195416,Antonio Caracciolo,6479,Pisa,ITA-Serie A,1.8,29.7,,,6.2,0.1,0.0,0.03,1.1,,,1.4,0.1,0.8,,6.58,,1.0,0.6,1.9,0.1,1995,23,Defender
195750,Nicolás Tagliafico,9748,Lyon,FRA-Ligue 1,1.1,41.7,3.0,,2.3,0.7,0.06,0.12,2.4,3.0,,1.4,0.1,0.3,0.1,6.92,,9.0,1.1,1.8,0.2,977,14,Defender
196169,Marcos Alonso,9910,Celta de Vigo,ESP-La Liga,4.3,69.0,1.0,,5.8,1.3,0.07,0.09,0.7,,0.05,1.0,0.1,0.6,0.2,7.11,,10.0,0.9,1.4,0.4,1794,21,Defender
197352,Juan Jesus,9875,Napoli,ITA-Serie A,2.7,67.8,,,3.0,0.1,0.01,0.02,2.3,,,1.4,,0.7,,6.81,,3.0,0.2,2.2,,1247,17,Defender
198559,Marten de Roon,8524,Atalanta,ITA-Serie A,3.3,52.4,,,2.5,1.0,0.05,0.04,1.3,1.0,0.05,0.6,0.2,0.2,0.3,7.12,,14.0,0.6,2.7,0.1,1707,21,Midfielder
201690,Lewis Dunk,10204,Brighton and Hove Albion,ENG-Premier League,2.6,74.4,1.0,,4.6,0.5,0.02,0.04,0.5,,,1.1,0.0,0.9,0.1,6.92,,5.0,0.7,1.1,0.2,2205,25,Defender
201704,Remo Freuler,9857,Bologna,ITA-Serie A,2.7,47.4,,,1.3,0.7,0.05,0.01,0.9,1.0,,0.5,,0.2,0.4,6.68,,11.0,0.3,2.7,0.1,1315,18,Midfielder
207236,Granit Xhaka,8472,Sunderland,ENG-Premier League,4.6,43.6,7.0,,3.0,2.2,0.1,0.03,0.7,5.0,0.05,0.9,0.2,0.7,0.3,7.39,,25.0,0.5,1.6,0.3,1963,22,Midfielder
208494,Casemiro,10260,Manchester United,ENG-Premier League,2.6,44.4,3.0,,2.3,2.4,0.13,0.21,1.7,2.0,0.26,1.0,0.6,0.7,0.3,7.23,,23.0,1.9,3.0,0.3,1735,24,Midfielder
209405,Virgil van Dijk,8650,Liverpool,ENG-Premier League,4.2,69.0,,,7.9,0.7,0.03,0.07,0.4,,0.08,0.6,0.2,0.5,0.0,7.24,,8.0,0.7,0.6,0.1,2340,26,Defender
210111,Lucas Digne,10252,Aston Villa,ENG-Premier League,0.6,28.0,2.0,,2.9,2.1,0.15,0.04,0.7,4.0,,0.7,0.3,0.2,0.1,6.82,,17.0,0.7,1.8,0.3,1316,23,Defender
210164,Alphonse Areola,8654,West Ham United,ENG-Premier League,,12.6,,,1.5,0.0,0.0,,0.1,1.0,,0.1,,,,6.57,3.9,1.0,,,,1800,20,Keeper
210389,Maxime Colin,8550,Metz,FRA-Ligue 1,1.5,43.1,,,2.2,0.3,0.02,0.03,0.6,,,1.3,0.1,0.6,0.2,6.32,,4.0,0.5,2.0,0.3,1111,15,Defender
210683,Aissa Mandi,8639,Lille,FRA-Ligue 1,4.8,59.5,,,3.6,0.8,0.05,0.06,0.8,,0.06,1.6,0.1,0.6,0.1,7.08,,7.0,0.4,1.4,0.2,1437,18,Defender
212873,Daniel Batz,9905,1. FSV Mainz 05,GER-Bundesliga,,,,2.0,,0.0,,,,,,,,,,,,,,,,900,10,Keeper
213299,Nicola Leali,10233,Genoa,ITA-Serie A,,16.0,,4.0,0.7,0.0,0.0,,0.1,,,0.1,,,,6.92,2.9,2.0,,0.1,,1713,20,Keeper
215151,Marcel Sabitzer,9789,Borussia Dortmund,GER-Bundesliga,1.5,33.3,2.0,,2.2,1.0,0.1,0.08,1.0,1.0,0.1,1.2,0.3,0.1,0.6,6.93,,8.0,1.2,1.2,0.1,939,15,Midfielder
215168,Bernd Leno,9879,Fulham,ENG-Premier League,,28.3,,5.0,1.2,0.0,0.0,,,,,0.0,,,,6.75,2.6,,,0.2,,2340,26,Keeper
215242,Leonardo Spinazzola,9875,Napoli,ITA-Serie A,2.4,33.8,1.0,,1.5,2.2,0.15,0.06,0.5,2.0,0.2,0.3,0.5,0.1,0.5,7.03,,22.0,1.2,1.0,0.7,1346,21,Midfielder
240537,Danny da Costa,9905,1. FSV Mainz 05,GER-Bundesliga,2.7,28.5,3.0,,5.6,1.9,0.09,0.04,0.9,1.0,0.05,1.0,0.2,0.6,0.1,6.8,,12.0,0.4,1.4,0.4,1833,22,Defender
242156,Djibril Sidibé,9941,Toulouse,FRA-Ligue 1,1.4,28.8,3.0,,2.2,1.3,0.08,0.14,1.1,3.0,0.18,0.4,0.2,0.2,0.4,6.94,,11.0,0.4,2.0,0.4,1523,22,Defender
243138,James Tarkowski,8668,Everton,ENG-Premier League,2.7,34.2,1.0,,7.0,1.3,0.05,0.07,0.8,1.0,,1.0,0.2,1.4,0.1,7.13,,13.0,0.4,1.4,0.1,2340,26,Defender
244811,Davide Zappacosta,8524,Atalanta,ITA-Serie A,1.0,33.7,,,1.5,2.5,0.14,0.06,0.4,2.0,0.05,0.8,0.3,0.1,0.3,7.01,,25.0,1.2,0.7,0.8,1657,22,Midfielder
245555,Geronimo Rulli,8592,Marseille,FRA-Ligue 1,,26.3,,5.0,1.2,0.0,0.0,,0.1,,,,,,,7.41,2.8,,,0.1,,1620,18,Keeper
251269,Ante Budimir,8371,Osasuna,ESP-La Liga,0.2,7.8,1.0,,1.4,0.8,0.04,0.46,1.8,,0.55,0.2,1.2,0.2,0.4,6.88,,8.0,3.0,0.7,0.2,1785,23,Attacker
254308,Florian Thauvin,8588,Lens,FRA-Ligue 1,1.5,31.6,10.0,,0.3,5.6,0.29,0.42,0.8,3.0,0.31,0.4,0.9,0.1,0.9,7.34,,44.0,2.3,0.9,2.0,1749,22,Midfielder
260964,Berat Djimsiti,8524,Atalanta,ITA-Serie A,2.4,49.2,,,6.0,0.6,0.03,0.05,0.6,,,1.0,0.1,0.7,,6.89,,4.0,0.5,1.5,0.2,1738,22,Defender
261609,Dimitri Foulquier,10267,Valencia CF,ESP-La Liga,1.4,34.4,,,3.1,0.3,0.02,0.04,1.3,,,0.6,0.1,0.1,0.2,6.53,,6.0,0.5,1.2,0.8,1148,15,Defender
262592,Moi Gomez,8371,Osasuna,ESP-La Liga,4.3,56.0,1.0,,0.7,1.0,0.1,0.03,1.3,,,0.9,0.2,0.1,0.7,6.7,,7.0,0.8,1.2,0.4,910,17,Midfielder
266105,Clinton Mata,9748,Lyon,FRA-Ligue 1,2.0,54.7,,,5.0,0.6,0.03,0.01,1.1,,,0.7,,1.0,0.1,6.91,,1.0,0.1,1.5,0.2,1846,21,Defender
266523,Pierre-Emile Højbjerg,8592,Marseille,FRA-Ligue 1,2.8,72.6,3.0,,1.5,1.8,0.1,0.1,1.0,3.0,0.11,0.9,0.5,0.2,0.8,7.37,,20.0,1.5,1.0,0.7,1661,20,Midfielder
267371,Emerson,8592,Marseille,FRA-Ligue 1,1.0,50.1,4.0,,2.3,2.9,0.19,0.02,0.8,3.0,,1.6,0.1,0.4,0.3,7.27,,25.0,0.5,2.2,0.3,1384,17,Defender
268375,Emiliano Martinez,10252,Aston Villa,ENG-Premier League,,28.0,,6.0,1.0,0.1,0.0,,,,,,,,,7.26,3.0,,,,,1935,22,Keeper
274787,Yvon Mvogo,8689,Lorient,FRA-Ligue 1,,27.1,,4.0,0.9,0.0,0.0,,,,,0.1,,,,6.88,2.3,,,,0.1,1710,19,Keeper
275034,Silvan Widmer,9905,1. FSV Mainz 05,GER-Bundesliga,1.2,20.1,2.0,,3.3,0.9,0.07,0.17,0.9,,0.15,0.8,0.2,0.5,0.2,6.78,,3.0,1.3,2.2,0.2,1170,17,Midfielder
277771,Thomas Meunier,8639,Lille,FRA-Ligue 1,1.9,38.0,3.0,,3.1,1.9,0.15,0.06,1.3,,,0.9,0.1,0.2,0.6,6.99,,10.0,0.9,1.4,0.6,1159,15,Defender
278285,Paulo Gazzaniga,7732,Girona,ESP-La Liga,,22.2,,4.0,1.4,0.0,0.0,,0.0,,,,,,,6.81,3.3,,,,,1843,21,Keeper
278856,Willi Orban,178475,RB Leipzig,GER-Bundesliga,2.6,61.8,1.0,,7.3,0.6,0.03,0.09,0.5,,0.05,1.0,0.3,1.2,,7.11,,6.0,0.7,1.3,0.1,1960,22,Defender
279461,Kenny Lala,8521,Brest,FRA-Ligue 1,4.6,31.0,5.0,,2.6,3.0,0.14,0.01,0.5,1.0,,0.8,0.0,0.4,0.1,6.55,,17.0,0.4,1.3,0.3,1869,21,Defender
279714,Brice Samba,9851,Rennes,FRA-Ligue 1,,27.1,,5.0,0.7,0.0,0.0,,,,,,,,,6.85,3.0,2.0,,0.0,,1890,21,Keeper
279820,Matteo Bianchetti,7801,Cremonese,ITA-Serie A,3.3,39.3,1.0,,5.2,0.3,0.02,0.02,1.0,2.0,,0.6,0.1,0.9,0.1,6.66,,3.0,0.3,1.9,,1568,19,Defender
279866,Donovan Léon,8583,Auxerre,FRA-Ligue 1,,15.4,,5.0,0.7,0.0,0.0,,0.1,,,,,,,6.92,3.6,1.0,,0.1,0.1,1755,20,Keeper
280287,Sam Johnstone,8602,Wolverhampton Wanderers,ENG-Premier League,,,,,,0.0,,,,,,,,,,,,,,,,1080,12,Keeper
280484,Nick Pope,10261,Newcastle United,ENG-Premier League,,13.2,,7.0,1.5,0.0,0.0,,,,,,,,,7.0,3.0,,,0.1,,1787,20,Keeper
280818,Marko Dmitrovic,8558,Espanyol,ESP-La Liga,,14.8,,7.0,0.8,0.1,0.01,,,,,,,,,6.99,3.0,1.0,,0.1,,2160,24,Keeper
282281,Denis Suárez,9866,Alavés,ESP-La Liga,1.7,49.0,1.0,,0.6,1.0,0.09,0.07,1.4,,0.09,0.4,0.3,0.3,0.6,6.64,,13.0,0.5,1.7,1.3,980,19,Midfielder
282462,Inigo Ruiz de Galarreta,8315,Athletic Club,ESP-La Liga,2.8,42.0,2.0,,0.8,1.4,0.09,0.04,2.7,1.0,0.06,0.7,0.1,0.2,1.0,6.94,,15.0,0.9,2.6,1.6,1426,22,Midfielder
282472,Sergi Darder,8661,Mallorca,ESP-La Liga,2.9,30.2,9.0,,0.4,3.1,0.17,0.1,0.8,3.0,0.05,0.9,0.4,0.3,0.4,7.01,,36.0,1.5,0.9,1.6,1666,24,Midfielder
286119,Jamie Vardy,7801,Cremonese,ITA-Serie A,,7.9,3.0,,1.1,0.7,0.04,0.21,0.9,1.0,0.27,0.2,0.5,0.2,0.3,6.51,,13.0,1.1,0.5,0.2,1667,21,Attacker
288406,Alejandro Grimaldo,8178,Bayer 04 Leverkusen,GER-Bundesliga,2.1,60.0,8.0,,1.9,3.7,0.23,0.25,0.5,5.0,0.31,0.7,0.8,0.2,0.4,7.65,,33.0,1.9,1.6,1.0,1444,17,Midfielder
290410,Michael Keane,8668,Everton,ENG-Premier League,2.2,32.5,,,7.3,0.2,0.01,0.09,0.6,,0.15,1.1,0.2,0.9,0.0,7.04,,1.0,0.9,1.2,0.1,1859,22,Defender
291635,Pedro Bigas,10268,Elche,ESP-La Liga,3.7,65.3,4.0,,3.9,1.1,0.07,0.04,1.0,2.0,,1.4,0.1,0.7,,7.06,,10.0,0.5,1.9,0.2,1331,17,Defender
292313,Raul Jiménez,9879,Fulham,ENG-Premier League,0.6,13.6,2.0,,1.3,0.7,0.04,0.44,1.8,3.0,0.31,0.4,0.8,0.1,0.3,6.82,,20.0,3.0,1.3,0.4,1718,25,Attacker
292462,Mohamed Salah,8650,Liverpool,ENG-Premier League,0.6,22.7,9.0,,0.4,3.6,0.21,0.36,0.5,6.0,0.23,0.2,0.8,0.1,0.8,7.09,,41.0,2.9,0.3,0.7,1537,18,Attacker
295067,Will Hughes,9826,Crystal Palace,ENG-Premier League,1.2,32.5,1.0,,1.7,1.6,0.13,0.08,1.2,,,0.9,,0.4,,6.61,,18.0,1.2,1.6,0.8,1159,23,Midfielder
298915,Maximilian Arnold,8721,VfL Wolfsburg,GER-Bundesliga,3.8,41.7,11.0,,3.5,3.9,0.2,0.02,0.9,4.0,0.05,1.2,0.3,0.6,0.2,6.94,,28.0,0.6,1.1,0.2,1800,20,Midfielder
299799,Bryan Cristante,8686,Roma,ITA-Serie A,4.3,51.9,1.0,,1.8,1.9,0.08,0.06,1.8,,0.04,0.7,0.3,0.1,0.5,7.12,,18.0,1.2,2.0,0.4,2025,24,Midfielder
303879,Lucas Torro,8371,Osasuna,ESP-La Liga,1.6,29.7,1.0,,2.2,0.6,0.03,0.06,1.4,1.0,,1.1,0.3,0.2,0.2,6.91,,10.0,1.0,1.3,0.3,1575,22,Midfielder
303905,Dominik Kohr,9905,1. FSV Mainz 05,GER-Bundesliga,3.7,36.6,2.0,,5.0,1.7,0.11,0.06,1.3,,0.06,1.4,0.1,0.6,0.1,6.73,,7.0,0.6,1.8,0.3,1430,17,Defender
303912,Matthias Ginter,8358,Sport-Club Freiburg,GER-Bundesliga,3.3,49.3,4.0,,6.4,1.9,0.09,0.05,0.4,3.0,,0.7,0.1,0.5,0.0,6.9,,11.0,0.5,0.7,0.1,1890,21,Defender
303919,Jordan Pickford,8668,Everton,ENG-Premier League,,23.5,,9.0,1.4,0.2,0.01,,,,,,,,,7.11,2.7,,,0.0,,2340,26,Keeper
304348,Rani Khedira,8149,1. FC Union Berlin,GER-Bundesliga,0.8,13.9,3.0,,2.2,1.1,0.05,0.07,1.4,,0.19,1.3,0.4,0.2,0.3,6.98,,12.0,0.8,2.5,0.1,1850,21,Midfielder
304354,Janik Haberer,8149,1. FC Union Berlin,GER-Bundesliga,1.8,25.2,3.0,,2.0,2.0,0.17,0.05,1.4,1.0,,0.5,0.1,0.1,0.5,6.64,,17.0,0.8,1.8,0.4,1102,19,Midfielder
304355,Odysseas Vlachodimos,8302,Sevilla,ESP-La Liga,,20.5,,3.0,1.3,0.0,0.0,,,,,0.1,,,,6.89,3.2,,,,,1800,20,Keeper
304733,Hakan Calhanoglu,8636,Internazionale,ITA-Serie A,3.9,70.0,6.0,,0.9,3.0,0.21,0.33,1.4,2.0,0.48,0.7,1.0,0.2,0.6,7.8,,35.0,3.0,1.7,0.2,1307,17,Midfielder
307209,Lukas Kübler,8358,Sport-Club Freiburg,GER-Bundesliga,1.7,30.7,2.0,,3.6,1.3,0.1,0.23,1.1,1.0,0.15,2.1,0.3,0.4,0.2,6.92,,8.0,1.3,2.4,0.1,1213,16,Defender
307317,Vladimir Coufal,8226,TSG 1899 Hoffenheim,GER-Bundesliga,1.9,31.2,10.0,,3.4,5.0,0.23,0.03,0.9,6.0,0.05,1.1,0.2,0.5,0.4,7.49,,31.0,0.7,1.7,0.9,1967,22,Defender
308517,Stanislav Lobotka,9875,Napoli,ITA-Serie A,1.5,64.2,,,1.2,0.9,0.05,0.02,0.5,1.0,0.06,0.5,0.2,0.1,0.3,7.18,,13.0,0.3,1.1,0.2,1627,21,Midfielder
312765,Jack Grealish,8668,Everton,ENG-Premier League,1.0,26.6,5.0,,0.6,3.6,0.2,0.12,0.7,6.0,0.11,0.7,0.4,0.3,0.9,7.21,,38.0,1.4,1.2,1.3,1631,20,Attacker
317062,Adrien Thomasson,8588,Lens,FRA-Ligue 1,1.4,38.3,7.0,,1.1,3.9,0.19,0.23,2.2,5.0,0.1,0.7,0.4,0.1,0.5,7.53,,47.0,1.4,2.9,0.5,1832,21,Midfielder
318615,Leandro Trossard,9825,Arsenal,ENG-Premier League,1.5,25.8,4.0,,0.7,2.5,0.15,0.26,0.7,5.0,0.3,0.4,0.6,0.1,0.4,7.16,,28.0,2.2,1.2,0.8,1523,23,Attacker
319784,Alisson Becker,8650,Liverpool,ENG-Premier League,,24.6,,7.0,1.4,0.0,0.0,,0.0,,,,,,,6.79,2.1,,,,,1890,21,Keeper
321140,Valentino Lazaro,9804,Torino,ITA-Serie A,1.5,26.4,3.0,,2.0,2.6,0.13,0.02,1.5,2.0,,0.9,0.1,0.4,0.5,6.73,,22.0,0.3,1.9,0.5,1778,24,Midfielder
322003,Jesper Karlström,8600,Udinese,ITA-Serie A,1.6,31.3,1.0,,1.9,0.8,0.03,0.02,1.0,,0.04,0.9,0.1,0.3,0.4,6.85,,12.0,0.5,1.7,0.3,2217,25,Midfielder
325916,Paulo Dybala,8686,Roma,ITA-Serie A,2.0,36.1,4.0,,0.1,3.1,0.27,0.36,0.9,2.0,0.17,0.2,1.2,,0.9,6.93,,40.0,3.1,0.6,0.9,1056,17,Attacker
330643,Mark Flekken,8178,Bayer 04 Leverkusen,GER-Bundesliga,,25.5,1.0,4.0,0.7,0.0,0.0,,,,,,,,,6.72,3.5,1.0,,,0.1,1500,17,Keeper
343748,Leon Goretzka,9823,Bayern München,GER-Bundesliga,2.5,71.2,2.0,,2.0,2.7,0.2,0.09,0.7,,0.15,1.3,0.3,0.4,0.4,7.13,,11.0,1.0,1.4,0.5,1202,19,Midfielder
352879,Adrien Rabiot,8564,Milan,ITA-Serie A,1.5,40.5,5.0,,1.3,1.8,0.11,0.12,1.2,4.0,0.24,0.5,0.4,0.2,0.3,7.51,,14.0,1.4,1.8,0.9,1470,17,Midfielder
355356,Marc-Oliver Kempf,10171,Como,ITA-Serie A,1.2,59.1,2.0,,5.5,0.7,0.04,0.15,1.1,,0.19,0.3,0.3,0.9,,7.01,,6.0,0.9,0.8,0.1,1398,22,Defender
355358,Christian Günter,8358,Sport-Club Freiburg,GER-Bundesliga,1.7,24.5,1.0,,1.9,1.8,0.18,0.03,0.6,2.0,,0.5,,0.3,0.3,6.36,,14.0,0.7,0.8,,909,15,Defender
356406,John McGinn,10252,Aston Villa,ENG-Premier League,1.6,25.4,3.0,,0.7,1.8,0.1,0.14,1.3,2.0,0.17,0.6,0.4,0.3,1.0,6.88,,24.0,1.0,1.5,0.6,1607,22,Midfielder
359191,Omar Mascarell,8661,Mallorca,ESP-La Liga,3.3,32.8,1.0,,3.0,0.2,0.01,0.0,1.4,1.0,0.08,1.6,0.1,0.6,0.2,6.64,,5.0,0.1,2.1,0.2,1159,17,Midfielder
360918,Jonny Otto,9866,Alavés,ESP-La Liga,1.5,46.3,2.0,,1.9,1.3,0.06,0.02,1.1,,,1.4,0.1,0.4,0.2,6.95,,12.0,0.3,2.1,0.8,2008,23,Defender
361712,Adam Dzwigala,8152,FC St. Pauli,GER-Bundesliga,2.1,35.0,,,5.5,0.2,0.02,0.01,1.4,1.0,0.09,1.5,0.1,0.3,,6.9,,4.0,0.2,3.6,0.2,992,14,Defender
362120,Danilo Cataldi,8543,Lazio,ITA-Serie A,2.1,41.4,2.0,,2.1,1.2,0.06,0.15,1.0,3.0,0.16,1.0,0.3,0.4,0.3,7.05,,18.0,1.2,1.4,0.3,1683,22,Midfielder
362195,Alessio Romagnoli,8543,Lazio,ITA-Serie A,1.8,60.0,,,4.3,0.3,0.02,0.05,0.7,,,1.2,0.1,0.7,0.1,6.87,,3.0,0.3,1.1,0.1,1753,21,Defender
362200,Wladimiro Falcone,9888,Lecce,ITA-Serie A,,13.8,,8.0,1.3,0.1,0.0,,,,,,,,,7.18,2.7,1.0,,0.1,,2250,25,Keeper
362212,Piotr Zielinski,8636,Internazionale,ITA-Serie A,2.4,60.5,4.0,,1.3,1.9,0.14,0.15,1.0,1.0,0.38,0.2,0.6,0.2,0.5,7.32,,20.0,1.4,1.1,1.0,1188,22,Midfielder
362694,Luke Shaw,10260,Manchester United,ENG-Premier League,1.9,45.8,1.0,,2.1,1.4,0.06,0.02,1.3,1.0,,1.1,0.1,0.2,0.1,6.89,,15.0,0.2,2.1,0.2,2271,26,Defender
364520,Domenico Berardi,7943,Sassuolo,ITA-Serie A,1.9,23.7,3.0,,1.2,1.9,0.14,0.31,1.8,3.0,0.39,1.0,0.9,,0.5,7.26,,19.0,2.0,1.3,0.5,1156,15,Attacker
364822,Ivan Provedel,8543,Lazio,ITA-Serie A,,24.2,1.0,11.0,0.9,0.0,0.0,,,,,,,,,7.29,3.4,1.0,,,0.0,2250,25,Keeper
384413,Rubén Garcia,8371,Osasuna,ESP-La Liga,1.6,26.9,7.0,,1.1,3.6,0.24,0.09,1.5,5.0,0.13,0.7,0.3,,0.7,6.93,,26.0,1.3,2.4,0.5,1357,22,Attacker
385437,Serge Gnabry,9823,Bayern München,GER-Bundesliga,1.0,42.9,7.0,,0.3,3.5,0.32,0.43,0.6,5.0,0.54,0.4,1.3,0.1,0.7,7.35,,18.0,3.2,1.3,1.3,1002,17,Midfielder
388523,André Silva,10268,Elche,ESP-La Liga,0.2,20.4,1.0,,0.9,0.8,0.07,0.47,1.2,,0.44,0.2,1.1,0.1,0.5,6.8,,18.0,2.6,0.4,1.1,1026,18,Attacker
388903,Haris Tabakovic,9788,Borussia Mönchengladbach,GER-Bundesliga,0.1,12.6,,,2.2,0.5,0.03,0.59,1.7,2.0,0.58,,1.1,0.2,0.3,6.8,,10.0,2.6,0.2,0.3,1539,21,Attacker
391058,José Gayà,10267,Valencia CF,ESP-La Liga,1.3,27.9,2.0,,3.0,1.6,0.09,0.04,1.0,1.0,0.06,0.8,0.1,0.3,0.2,6.78,,13.0,0.5,2.4,0.3,1551,20,Defender
400625,Vincenzo Grifo,8358,Sport-Club Freiburg,GER-Bundesliga,3.6,36.1,8.0,,1.3,3.0,0.26,0.4,0.6,1.0,0.51,0.5,0.5,0.1,0.3,6.87,,28.0,1.6,0.4,0.7,1057,22,Attacker
402419,Przemyslaw Frankowski,9851,Rennes,FRA-Ligue 1,1.8,36.3,2.0,,2.7,2.4,0.19,0.04,0.9,2.0,0.08,0.6,0.2,0.1,0.6,7.23,,23.0,0.7,3.2,0.3,1111,16,Midfielder
402830,Guillermo Maripan,9804,Torino,ITA-Serie A,2.0,34.7,,,6.3,0.5,0.02,0.07,1.2,,0.09,1.2,0.4,1.1,0.1,6.88,,9.0,0.8,2.3,0.1,1981,23,Defender
406501,Daniel Heuer Fernandes,9790,Hamburger SV,GER-Bundesliga,,38.7,,6.0,0.9,0.1,0.0,0.01,,,,,,,0.0,6.81,3.1,,0.0,,,1890,21,Keeper
408943,Takumi Minamino,9829,Monaco,FRA-Ligue 1,0.7,21.4,3.0,,0.5,2.0,0.19,0.3,0.9,2.0,0.28,0.4,0.7,0.2,1.3,6.65,,9.0,2.0,0.3,0.4,949,15,Midfielder
411617,Aymeric Laporte,8315,Athletic Club,ESP-La Liga,3.3,50.3,1.0,,6.2,0.2,0.01,0.03,0.3,1.0,,1.1,0.1,1.0,,6.89,,3.0,0.5,0.9,0.1,1040,13,Defender
411851,Robert Andrich,8178,Bayer 04 Leverkusen,GER-Bundesliga,2.9,61.2,,,2.6,1.0,0.06,0.02,1.3,,0.06,1.1,0.1,0.4,0.2,6.86,,7.0,0.3,1.8,0.1,1498,20,Defender
413525,Laurent Abergel,8689,Lorient,FRA-Ligue 1,4.2,56.6,2.0,,1.8,0.8,0.04,0.03,1.1,,0.05,1.0,0.2,0.2,0.4,6.98,,14.0,0.9,1.5,0.3,1826,21,Midfielder
414906,Giovanni Di Lorenzo,9875,Napoli,ITA-Serie A,1.3,49.7,3.0,,1.8,2.7,0.12,0.08,1.4,1.0,0.04,0.4,0.4,0.3,0.1,7.16,,14.0,1.0,1.9,0.4,2010,23,Defender
415137,Alberto Paleari,9804,Torino,ITA-Serie A,,21.2,,6.0,1.3,0.1,0.0,,,,,,,,,6.92,2.6,,,,,1440,16,Keeper
415539,Matteo Politano,9875,Napoli,ITA-Serie A,0.6,29.2,6.0,,0.6,3.0,0.19,0.09,0.9,3.0,,0.2,0.4,0.1,0.5,6.92,,24.0,2.2,0.7,1.6,1400,22,Attacker
416175,José Sá,8602,Wolverhampton Wanderers,ENG-Premier League,,18.9,,3.0,1.9,0.1,0.0,,,,,,,,,6.55,2.5,1.0,,,,1350,15,Keeper
420731,Gautier Lloris,9746,Le Havre,FRA-Ligue 1,2.9,52.7,1.0,,5.8,0.3,0.02,0.04,1.2,1.0,0.06,1.7,0.2,0.7,0.1,6.94,,3.0,0.4,1.4,0.1,1527,19,Defender
421365,Djené,8305,Getafe,ESP-La Liga,1.9,23.7,,,5.4,0.1,0.01,0.01,0.9,,,0.8,,0.4,0.1,6.78,,1.0,0.2,1.3,0.4,1754,23,Defender
422685,Bruno Fernandes,10260,Manchester United,ENG-Premier League,4.2,49.1,18.0,,1.6,6.7,0.3,0.37,0.7,12.0,0.27,0.5,0.7,0.2,0.5,7.98,,78.0,2.6,1.7,0.5,1987,23,Midfielder
423624,Patrick Mainka,94937,1. FC Heidenheim 1846,GER-Bundesliga,1.4,37.3,2.0,,7.3,0.7,0.03,0.1,0.3,1.0,0.05,1.0,0.2,1.4,0.0,6.73,,7.0,1.0,1.5,0.1,1980,22,Defender
423812,Phillipp Mwene,9905,1. FSV Mainz 05,GER-Bundesliga,1.2,18.9,1.0,,2.0,1.4,0.11,0.04,1.2,,,0.4,,0.3,0.6,6.43,,10.0,0.3,0.9,0.5,1113,17,Midfielder
424129,Leander Dendoncker,8670,Real Oviedo,ESP-La Liga,0.9,32.4,,,2.3,0.5,0.03,0.05,0.8,,0.07,0.8,0.3,0.5,0.1,6.68,,6.0,0.6,2.5,0.3,1318,18,Midfielder
426393,Adrien Tamèze,9804,Torino,ITA-Serie A,2.4,33.0,,,2.9,0.3,0.02,0.02,1.2,,,1.6,,0.5,0.2,6.26,,8.0,0.4,1.2,,1104,21,Defender
427438,Hector Bellerin,8603,Real Betis,ESP-La Liga,1.2,41.8,4.0,,4.4,1.9,0.15,0.01,0.8,2.0,,0.6,0.3,0.1,0.3,6.98,,18.0,0.3,1.2,0.4,1080,16,Defender
432435,Michael Zetterer,9810,Eintracht Frankfurt,GER-Bundesliga,,26.6,,3.0,0.6,0.0,0.0,,,,,,,,,6.4,2.1,,,,,990,11,Keeper
439148,Morten Thorsby,7801,Cremonese,ITA-Serie A,0.4,17.5,,,2.2,0.4,0.04,0.2,1.7,,0.3,,0.7,0.6,0.5,6.87,,9.0,1.7,1.2,0.3,911,15,Midfielder
439148,Morten Thorsby,10233,Genoa,ITA-Serie A,,,3.0,,,,,,,1.0,,0.3,,,,,,,,,,911,15,Midfielder
440330,Alexander Sørloth,9906,Atlético de Madrid,ESP-La Liga,0.1,13.5,1.0,,1.0,0.7,0.05,0.41,1.6,,0.52,,1.7,0.1,0.2,6.7,,8.0,2.9,0.6,0.6,1223,23,Attacker
443966,Jeremy Toljan,8581,Levante,ESP-La Liga,1.6,23.5,8.0,,2.5,2.3,0.11,0.04,1.0,3.0,0.05,1.0,0.0,0.6,0.2,6.57,,19.0,0.3,2.0,0.0,1982,23,Defender
445226,Jean-Philippe Gbamin,8550,Metz,FRA-Ligue 1,4.7,61.4,2.0,,3.5,0.3,0.02,0.09,0.6,1.0,0.06,0.8,0.2,0.5,,6.55,,9.0,0.5,1.8,0.8,1559,19,Defender
445856,Wesley Said,8588,Lens,FRA-Ligue 1,1.3,25.4,8.0,,0.9,3.2,0.19,0.44,1.7,2.0,0.58,0.5,1.2,,0.5,7.32,,20.0,2.4,0.9,1.2,1546,22,Midfielder
446266,Mario Pasalic,8524,Atalanta,ITA-Serie A,3.6,53.6,4.0,,1.2,1.2,0.09,0.11,1.3,3.0,0.14,0.5,0.4,0.2,0.1,6.86,,26.0,0.9,1.6,0.4,1242,20,Midfielder
448540,Serhou Guirassy,9789,Borussia Dortmund,GER-Bundesliga,0.3,16.9,1.0,,1.5,2.7,0.15,0.6,1.7,1.0,0.6,,1.4,0.1,0.5,7.33,,15.0,3.1,0.1,0.6,1642,21,Attacker
448865,Brendan Chardonnet,8521,Brest,FRA-Ligue 1,3.3,39.1,2.0,,6.3,0.6,0.03,0.02,1.0,2.0,,1.1,0.3,1.5,0.1,6.87,,7.0,0.4,1.3,0.1,1737,20,Defender
449283,Alessandro Deiola,8529,Cagliari,ITA-Serie A,2.1,34.4,,,3.3,0.3,0.03,0.03,1.6,2.0,,1.2,0.3,0.7,,6.87,,5.0,0.6,2.4,0.2,961,12,Midfielder
458976,Hauke Wahl,8152,FC St. Pauli,GER-Bundesliga,2.4,50.1,,,5.0,0.7,0.04,0.02,0.5,,0.06,0.7,0.2,0.4,0.1,6.73,,3.0,0.3,1.7,,1575,18,Defender
459658,Ruslan Malinovsky,10233,Genoa,ITA-Serie A,3.1,37.5,7.0,,0.8,2.3,0.12,0.18,1.6,3.0,0.27,0.5,0.6,0.2,0.7,6.91,,24.0,2.0,1.3,0.5,1663,23,Midfielder
460632,Joshua Kimmich,9823,Bayern München,GER-Bundesliga,6.9,96.7,12.0,,0.7,6.3,0.41,0.13,0.3,5.0,0.07,0.8,0.3,0.1,0.3,7.61,,34.0,1.0,1.0,0.7,1377,18,Midfielder
462863,Karol Mets,8152,FC St. Pauli,GER-Bundesliga,2.5,48.5,,,5.0,0.5,0.03,0.01,0.6,,,1.1,,0.3,0.2,6.64,,2.0,0.2,1.5,0.1,1349,16,Defender
465750,Timothy Castagne,9879,Fulham,ENG-Premier League,1.5,32.3,,,3.7,0.5,0.04,0.07,1.0,,,1.8,0.2,0.5,0.2,6.68,,7.0,0.5,1.8,0.1,1119,20,Defender
465960,Youri Tielemans,10252,Aston Villa,ENG-Premier League,2.8,47.5,4.0,,0.9,2.6,0.18,0.07,1.5,4.0,,0.7,0.3,0.7,0.3,7.26,,26.0,1.2,2.6,0.6,1299,17,Midfielder
466113,Jari Vandeputte,7801,Cremonese,ITA-Serie A,2.2,31.7,7.0,,2.0,3.3,0.22,0.08,1.3,4.0,,0.9,0.3,0.1,0.3,6.92,,37.0,0.8,1.7,0.3,1347,21,Midfielder
466436,Mory Diaw,9746,Le Havre,FRA-Ligue 1,,23.9,1.0,5.0,1.0,0.0,0.0,,,1.0,,0.1,,,,6.88,2.6,3.0,,0.1,,1575,18,Keeper
466439,Mike Maignan,8564,Milan,ITA-Serie A,,23.9,,9.0,0.5,0.0,0.0,,,,,0.0,,,,7.36,2.8,,,,0.1,2126,24,Keeper
466672,Jefferson Lerma,9826,Crystal Palace,ENG-Premier League,2.3,37.2,2.0,,3.6,0.9,0.07,0.08,1.5,2.0,,1.2,0.5,0.2,,6.76,,10.0,1.0,1.4,0.2,1158,23,Midfielder
466867,Nikola Vasilj,8152,FC St. Pauli,GER-Bundesliga,,24.5,,3.0,1.0,0.0,0.0,,,,,,,,,6.71,3.4,,,0.0,,1980,22,Keeper
467486,Moses Simon,6379,Paris FC,FRA-Ligue 1,0.3,16.6,4.0,,0.5,2.5,0.17,0.15,0.6,2.0,0.21,0.6,0.5,0.1,0.6,6.53,,15.0,1.7,0.6,1.0,1309,19,Attacker
469615,Giovanni Simeone,9804,Torino,ITA-Serie A,0.4,13.1,2.0,,0.8,0.6,0.04,0.38,1.3,,0.37,,1.3,,0.7,6.63,,9.0,3.2,0.7,1.1,1203,19,Attacker
469700,Jonathan Tah,9823,Bayern München,GER-Bundesliga,1.9,79.8,1.0,,4.9,0.9,0.05,0.04,1.2,1.0,0.11,1.2,0.3,0.7,,7.38,,5.0,0.5,1.1,0.1,1573,19,Defender
469804,Kenny Tete,9879,Fulham,ENG-Premier League,1.7,37.8,1.0,,3.2,1.0,0.07,0.04,1.2,,0.06,1.3,0.2,0.3,,7.09,,9.0,0.7,3.4,0.4,1444,18,Defender
471153,Ludovic Ajorque,8521,Brest,FRA-Ligue 1,1.3,16.8,2.0,,1.3,1.6,0.08,0.3,2.0,7.0,0.15,0.4,0.5,0.1,0.7,7.07,,29.0,1.7,0.6,0.4,1834,21,Attacker
473852,Corentin Tolisso,9748,Lyon,FRA-Ligue 1,3.6,42.9,6.0,,1.4,2.3,0.14,0.4,1.8,1.0,0.24,0.8,1.0,0.2,0.7,7.15,,22.0,2.1,1.1,0.2,1510,19,Midfielder
474658,Álvaro Garcia,8370,Rayo Vallecano,ESP-La Liga,0.9,15.2,10.0,,1.3,3.9,0.22,0.3,0.8,4.0,0.17,0.6,0.7,0.1,0.5,6.83,,29.0,1.8,1.1,0.1,1608,23,Attacker
474673,Johan Mojica,8661,Mallorca,ESP-La Liga,2.5,31.1,4.0,,3.0,2.2,0.11,0.02,1.0,3.0,,0.6,0.1,0.1,0.3,6.88,,21.0,0.6,2.0,0.6,1847,24,Defender
477588,Álex Moreno,7732,Girona,ESP-La Liga,0.6,31.3,5.0,,3.7,1.6,0.08,0.07,1.1,3.0,,1.0,0.2,0.3,0.3,6.85,,11.0,0.7,1.2,1.4,1845,21,Defender
478447,Adam Marusic,8543,Lazio,ITA-Serie A,1.3,40.6,1.0,,2.3,0.7,0.03,0.03,0.8,1.0,,0.8,0.2,0.5,0.1,6.73,,5.0,0.5,1.4,0.2,1940,23,Defender
479217,David Costas,8670,Real Oviedo,ESP-La Liga,3.8,38.0,1.0,,5.1,0.2,0.01,0.03,0.8,,,1.2,,0.7,,6.74,,4.0,0.1,1.4,0.4,1430,17,Defender
485634,Roberto Gagliardini,9876,Verona,ITA-Serie A,1.6,38.4,,,2.7,0.6,0.04,0.04,1.8,,0.07,2.6,0.2,0.6,0.6,7.02,,6.0,0.6,2.9,0.1,1257,18,Midfielder
488139,Bernardo Silva,8456,Manchester City,ENG-Premier League,2.0,54.6,7.0,,1.0,2.7,0.13,0.05,1.4,4.0,0.05,0.8,0.1,0.2,0.7,7.05,,27.0,0.5,1.4,0.6,1909,26,Midfielder
488415,Hassane Kamara,8600,Udinese,ITA-Serie A,1.3,27.3,3.0,,3.1,0.9,0.07,0.03,0.8,1.0,,1.2,0.3,0.3,0.2,6.92,,13.0,1.0,2.0,1.0,1057,15,Midfielder
488718,Diego Rico,8305,Getafe,ESP-La Liga,1.4,20.6,1.0,,2.8,0.9,0.05,0.01,1.1,,,1.6,0.1,0.2,0.2,6.87,,10.0,0.5,2.6,0.4,1531,20,Defender
491784,Lorenzo Montipo,9876,Verona,ITA-Serie A,,11.8,1.0,4.0,0.8,0.1,0.0,,,,,,,,,6.56,2.8,2.0,,,0.0,1980,22,Keeper
492116,Jordan Lefort,8121,Angers,FRA-Ligue 1,3.2,51.2,2.0,,5.5,0.8,0.04,0.02,0.6,1.0,,1.4,0.0,0.5,0.0,6.83,,5.0,0.3,1.2,0.2,1980,22,Defender
494417,Harry Wilson,9879,Fulham,ENG-Premier League,1.3,21.5,5.0,,1.5,3.7,0.17,0.2,0.5,4.0,0.37,0.5,0.9,0.0,0.3,7.16,,27.0,2.5,0.9,0.5,1938,25,Attacker
496042,Yerry Mina,8529,Cagliari,ITA-Serie A,1.9,43.7,,,6.3,0.2,0.02,0.04,1.4,,0.07,0.8,0.1,0.9,0.1,6.8,,1.0,0.3,1.4,0.1,1303,16,Defender
497662,Carl Starfelt,9910,Celta de Vigo,ESP-La Liga,1.9,59.1,,,6.3,0.1,0.01,0.04,1.3,,,1.1,0.1,0.5,,6.75,,1.0,0.3,1.4,0.1,1312,17,Defender
501543,Franck Honorat,9788,Borussia Mönchengladbach,GER-Bundesliga,0.4,20.0,5.0,,1.1,4.4,0.33,0.04,0.7,5.0,,0.4,0.2,0.2,0.5,6.92,,30.0,0.9,0.9,1.0,1200,16,Attacker
503659,Joachim Andersen,9879,Fulham,ENG-Premier League,5.5,64.9,3.0,,7.2,1.5,0.06,0.05,1.0,1.0,,1.0,0.1,0.7,0.0,6.91,,6.0,0.5,1.5,0.2,2202,25,Defender
504606,Lucas Hernández,9847,Paris Saint-Germain,FRA-Ligue 1,1.7,74.0,,,2.6,0.3,0.03,0.01,1.3,1.0,,1.0,0.1,0.6,0.3,7.0,,8.0,0.4,1.2,0.3,980,15,Defender
506776,Stefano Moreo,6479,Pisa,ITA-Serie A,0.5,12.5,3.0,,2.4,1.0,0.07,0.25,1.1,1.0,0.34,0.9,0.8,0.3,0.5,6.88,,14.0,2.4,0.8,0.3,1319,24,Midfielder
516846,Julian Brandt,9789,Borussia Dortmund,GER-Bundesliga,1.0,32.3,4.0,,0.7,2.9,0.24,0.38,0.3,2.0,0.5,0.3,1.2,,0.8,7.42,,20.0,2.1,0.9,1.1,1080,17,Midfielder
517052,Vedat Muriqi,8661,Mallorca,ESP-La Liga,0.6,13.2,1.0,,2.1,0.7,0.03,0.56,1.0,1.0,0.76,0.0,1.6,0.2,0.7,7.27,,11.0,3.3,0.2,0.6,1887,23,Attacker
517346,Nico Elvedi,9788,Borussia Mönchengladbach,GER-Bundesliga,1.6,50.8,,,8.3,0.7,0.03,0.01,0.5,,,0.9,,0.9,0.0,6.84,,5.0,0.2,1.3,0.0,1980,22,Defender
518346,Robin Gosens,8535,Fiorentina,ITA-Serie A,0.7,26.2,,,2.8,1.0,0.08,0.2,1.2,,0.16,0.9,0.5,0.5,0.2,6.67,,9.0,1.0,1.6,,1135,16,Midfielder
521148,Jacob Murphy,10261,Newcastle United,ENG-Premier League,1.2,20.3,9.0,,0.8,2.4,0.2,0.24,0.2,1.0,0.16,0.2,0.8,0.1,0.3,6.68,,18.0,2.8,0.7,1.2,1091,21,Attacker
521318,Manuel Akanji,8636,Internazionale,ITA-Serie A,2.6,62.1,1.0,,3.4,1.1,0.05,0.06,0.9,,0.05,1.2,0.1,0.4,0.1,7.16,,4.0,0.7,1.5,0.0,1990,23,Defender
521846,Martin Valjent,8661,Mallorca,ESP-La Liga,2.7,38.7,,,5.9,0.2,0.01,0.02,0.9,,,0.5,0.3,0.5,0.1,6.65,,2.0,0.5,1.2,0.2,2160,24,Defender
523193,Josh Laurent,8191,Burnley,ENG-Premier League,0.9,26.5,,,2.6,0.3,0.02,0.04,1.4,,0.07,1.5,0.2,0.5,0.1,6.33,,6.0,0.8,2.4,0.2,1262,23,Midfielder
523749,Jae-Sung Lee,9905,1. FSV Mainz 05,GER-Bundesliga,0.9,20.6,7.0,,1.5,2.6,0.14,0.1,0.8,2.0,0.11,1.0,0.3,,0.3,6.81,,19.0,1.1,1.6,0.2,1649,20,Midfielder
523825,Jarrod Bowen,8654,West Ham United,ENG-Premier League,0.4,15.7,5.0,,0.9,2.5,0.1,0.22,0.5,3.0,0.31,0.7,0.9,0.1,0.6,7.07,,18.0,2.4,1.2,1.5,2329,26,Attacker
524434,Joao Palhinha,8586,Tottenham Hotspur,ENG-Premier League,1.5,34.4,1.0,,2.2,0.6,0.03,0.06,1.0,2.0,0.18,1.1,0.3,0.5,0.1,6.97,,5.0,1.1,4.9,0.4,1517,23,Midfielder
524437,Tomas Soucek,8654,West Ham United,ENG-Premier League,1.0,28.4,1.0,,3.9,0.4,0.03,0.24,1.8,,0.23,0.8,0.7,0.5,0.2,6.76,,7.0,1.1,1.6,0.1,1171,23,Midfielder
526827,Konrad Laimer,9823,Bayern München,GER-Bundesliga,1.1,55.0,4.0,,1.3,2.7,0.19,0.12,1.1,4.0,0.14,0.8,0.5,0.3,0.7,7.31,,25.0,0.8,2.0,0.7,1279,18,Defender
527103,Breel Embolo,9851,Rennes,FRA-Ligue 1,0.2,12.3,2.0,,0.7,1.1,0.08,0.34,2.3,2.0,0.41,0.3,0.8,0.2,0.6,6.88,,13.0,1.6,1.0,0.7,1316,19,Attacker
528811,Jens Stage,8697,SV Werder Bremen,GER-Bundesliga,2.3,31.4,4.0,,1.6,2.2,0.12,0.19,1.1,1.0,0.32,0.9,0.6,0.4,0.4,7.12,,15.0,1.8,1.7,0.4,1708,20,Midfielder
530468,Antonio Sivera,9866,Alavés,ESP-La Liga,,13.4,,3.0,1.1,0.1,0.0,,0.0,,,,,,,6.88,2.5,,,0.1,,2160,24,Keeper
531327,Eric Smith,8152,FC St. Pauli,GER-Bundesliga,3.6,53.0,,,3.8,0.7,0.04,0.03,0.6,2.0,0.11,0.9,0.3,0.7,0.1,6.81,,10.0,0.5,1.2,0.5,1665,19,Defender
534670,Martin Ødegaard,9825,Arsenal,ENG-Premier League,2.6,45.0,4.0,,0.5,2.9,0.25,0.09,0.6,4.0,0.08,0.6,0.6,,1.1,6.98,,29.0,1.7,1.4,0.8,1065,19,Midfielder
534955,Aaron Escandell,8670,Real Oviedo,ESP-La Liga,,23.3,,6.0,1.4,0.1,0.0,,0.0,,,,,,,7.24,4.5,1.0,,,0.0,2070,23,Keeper
535936,Joelinton,10261,Newcastle United,ENG-Premier League,0.6,31.9,3.0,,2.2,1.0,0.06,0.12,1.7,,0.13,1.2,0.6,0.2,0.5,6.99,,12.0,1.4,2.0,0.4,1366,19,Midfielder
536455,Goncalo Guedes,8560,Real Sociedad,ESP-La Liga,1.0,19.1,4.0,,0.3,1.9,0.13,0.19,1.0,3.0,0.41,0.2,1.0,,0.6,6.82,,18.0,2.2,1.3,1.0,1323,24,Attacker
538501,Guglielmo Vicario,8586,Tottenham Hotspur,ENG-Premier League,,24.2,,7.0,1.2,0.0,0.0,,,,,,,,,6.87,2.7,,,0.0,,2340,26,Keeper
540088,Ollie Watkins,10252,Aston Villa,ENG-Premier League,0.1,11.0,1.0,,0.5,1.1,0.05,0.43,1.0,1.0,0.38,0.2,1.0,,0.6,6.86,,13.0,2.4,0.7,0.9,1911,25,Attacker
540097,Patrik Schick,8178,Bayer 04 Leverkusen,GER-Bundesliga,0.3,15.5,3.0,,1.1,2.1,0.16,0.64,0.8,2.0,0.53,0.1,1.0,0.1,0.5,7.1,,5.0,2.6,0.3,0.4,1194,17,Attacker
540307,Lorenzo Pellegrini,8686,Roma,ITA-Serie A,1.8,34.7,3.0,,0.9,2.2,0.2,0.39,1.2,,0.28,0.9,0.9,0.3,0.5,6.85,,17.0,2.3,0.6,0.5,976,17,Midfielder
540963,Sander Berge,9879,Fulham,ENG-Premier League,1.7,48.3,3.0,,1.6,1.1,0.04,0.05,1.0,1.0,,0.7,0.1,0.6,0.2,6.64,,15.0,0.4,1.8,0.3,2166,26,Midfielder
541555,Mattia Zaccagni,8543,Lazio,ITA-Serie A,0.9,25.3,3.0,,0.3,1.4,0.08,0.15,1.2,,0.17,0.9,0.6,,0.4,7.04,,23.0,1.5,1.6,1.2,1621,19,Attacker
541820,Nicolo Barella,8636,Internazionale,ITA-Serie A,2.9,51.1,12.0,,0.4,4.7,0.25,0.12,1.3,5.0,0.05,0.2,0.2,0.1,0.9,7.34,,50.0,1.2,1.9,0.7,1681,23,Midfielder
543021,Vanja Milinkovic-Savic,9875,Napoli,ITA-Serie A,,28.2,1.0,7.0,0.7,0.1,0.0,,0.1,,,,,,,7.09,1.7,2.0,,,,1620,18,Keeper
543306,Federico Bonazzoli,7801,Cremonese,ITA-Serie A,1.1,23.0,3.0,,0.4,0.9,0.06,0.32,0.8,1.0,0.32,0.3,1.0,,0.4,6.72,,9.0,2.7,1.0,0.3,1411,22,Attacker
544693,Amir Rrahmani,9875,Napoli,ITA-Serie A,1.9,77.4,,,3.6,0.2,0.02,0.04,1.1,1.0,0.07,1.2,0.1,0.6,,7.27,,3.0,0.5,1.3,0.1,1360,16,Defender
552718,Kristoffer Vassbakk Ajer,9937,Brentford,ENG-Premier League,1.4,26.2,1.0,,6.2,0.6,0.04,0.05,1.3,1.0,,0.9,0.2,0.9,0.1,6.74,,2.0,0.6,2.0,0.1,1367,20,Defender
554534,Alexander Nübel,10269,VfB Stuttgart,GER-Bundesliga,,26.5,1.0,8.0,1.0,0.1,0.0,,,1.0,,0.0,,,,7.3,3.0,3.0,,,,1980,22,Keeper
556524,Lucas Höler,8358,Sport-Club Freiburg,GER-Bundesliga,0.2,17.9,1.0,,1.5,1.5,0.1,0.18,1.2,1.0,0.07,0.5,0.7,0.1,0.3,6.74,,17.0,1.4,0.9,0.4,1355,21,Attacker
556972,Sasa Lukic,9879,Fulham,ENG-Premier League,0.5,29.9,1.0,,1.9,1.4,0.1,0.13,2.8,2.0,0.07,0.8,0.2,0.5,0.2,6.78,,22.0,0.9,2.6,0.1,1212,19,Midfielder
557677,Nikola Vlasic,9804,Torino,ITA-Serie A,1.2,26.6,2.0,,0.8,1.9,0.09,0.21,1.5,3.0,0.28,0.6,0.5,0.1,0.5,7.1,,30.0,1.4,1.9,0.9,1898,24,Midfielder
557799,Duje Caleta-Car,8560,Real Sociedad,ESP-La Liga,2.4,49.3,,,4.6,0.5,0.04,0.05,1.3,,,1.2,0.1,0.9,,6.76,,3.0,0.5,0.8,,1145,15,Defender
557805,Mathias Honsak,94937,1. FC Heidenheim 1846,GER-Bundesliga,0.7,14.8,2.0,,2.2,1.6,0.15,0.14,1.0,,,1.5,0.4,0.1,0.3,6.48,,8.0,2.2,1.6,1.3,937,19,Attacker
559065,Ramy Bensebaini,9789,Borussia Dortmund,GER-Bundesliga,3.2,65.7,,,5.3,1.5,0.14,0.07,1.9,,0.19,0.9,0.4,0.5,0.2,7.53,,5.0,0.8,1.5,0.2,948,13,Defender
560939,Jean Butez,10171,Como,ITA-Serie A,,29.4,,12.0,1.3,0.1,0.0,,,,,0.0,,,,7.37,2.7,1.0,,0.0,0.0,2250,25,Keeper
560945,Mergim Vojvoda,10171,Como,ITA-Serie A,1.2,34.9,4.0,,1.3,2.4,0.17,0.08,0.9,2.0,0.07,0.7,0.4,0.1,0.4,6.76,,26.0,1.1,0.5,0.8,1268,22,Defender
561046,Ruben Aguilar,8588,Lens,FRA-Ligue 1,1.1,36.7,6.0,,1.6,2.0,0.12,0.05,1.4,2.0,0.12,1.5,0.2,0.6,0.5,7.22,,19.0,0.8,2.1,0.4,1501,20,Midfielder
561164,Lucas Boye,9866,Alavés,ESP-La Liga,0.3,14.8,3.0,,0.7,0.9,0.06,0.34,2.4,1.0,0.33,0.3,0.8,0.2,1.3,6.66,,18.0,2.7,1.6,1.9,1353,18,Attacker
561869,Haris Belkebla,8121,Angers,FRA-Ligue 1,1.1,37.3,,,1.3,0.3,0.02,0.01,0.7,,,0.9,,0.4,0.2,6.96,,10.0,0.2,2.3,0.7,1843,21,Midfielder
562719,Valentin Rongier,9851,Rennes,FRA-Ligue 1,1.6,56.2,5.0,,1.6,2.3,0.12,0.04,1.7,2.0,0.05,1.0,0.3,0.4,0.7,7.46,,27.0,0.9,2.2,0.8,1755,20,Midfielder
562727,David Raya,9825,Arsenal,ENG-Premier League,,19.6,,13.0,0.8,0.1,0.0,,,,,0.0,,,,7.08,1.4,3.0,,0.0,0.0,2430,27,Keeper
562892,Rico Henry,9937,Brentford,ENG-Premier League,1.2,22.8,,,2.6,0.5,0.04,0.01,1.0,,,0.6,,0.4,0.2,6.51,,2.0,0.4,1.0,0.9,1127,22,Defender
564847,Viktor Tsigankov,7732,Girona,ESP-La Liga,1.2,27.4,2.0,,1.0,1.9,0.12,0.2,0.6,2.0,0.26,0.8,0.8,0.1,0.1,7.1,,23.0,1.5,1.5,0.8,1401,18,Attacker
566158,Kevin Diks,9788,Borussia Mönchengladbach,GER-Bundesliga,3.0,54.4,,,5.1,0.9,0.05,0.19,0.7,,0.17,0.9,0.4,0.7,0.1,6.99,,4.0,0.7,1.8,0.4,1601,19,Defender
566425,Domingos Duarte,8305,Getafe,ESP-La Liga,2.4,22.8,,,6.5,0.1,0.01,0.03,1.1,,,1.0,0.0,0.4,0.0,6.67,,,0.4,0.9,,1805,21,Defender
570434,Diego Carlos,10171,Como,ITA-Serie A,2.8,58.4,,,5.8,0.1,0.01,0.02,1.4,,,0.7,0.1,0.7,,6.9,,2.0,0.1,1.4,,1331,16,Defender
571379,Marnon-Thomas Busch,94937,1. FC Heidenheim 1846,GER-Bundesliga,3.4,26.9,6.0,,4.5,2.4,0.17,0.04,0.7,2.0,,1.3,0.1,0.6,0.2,6.63,,12.0,0.4,1.6,0.1,1216,20,Defender
571615,Unai Lopez,8370,Rayo Vallecano,ESP-La Liga,4.1,53.7,1.0,,1.2,1.0,0.09,0.04,2.0,3.0,,1.1,0.3,0.3,0.3,7.0,,22.0,1.2,1.7,0.6,1045,17,Midfielder
573465,Marvin Schwäbe,8722,1. FC Köln,GER-Bundesliga,,32.0,1.0,3.0,1.0,0.1,0.01,,0.0,,,,,,,6.86,3.1,1.0,,0.0,,1980,22,Keeper
574629,Alex Berenguer,8315,Athletic Club,ESP-La Liga,0.9,25.1,6.0,,0.7,4.0,0.25,0.2,1.0,2.0,0.12,0.5,1.0,,0.9,6.74,,34.0,1.9,1.1,1.2,1457,20,Attacker
574642,Ellyes Skhiri,9810,Eintracht Frankfurt,GER-Bundesliga,1.9,44.1,,,1.3,0.4,0.04,0.03,0.8,,,1.7,,0.2,0.2,6.56,,5.0,0.5,0.9,0.2,934,14,Midfielder
574645,Mikel Merino,9825,Arsenal,ENG-Premier League,0.6,24.2,4.0,,1.7,1.5,0.13,0.27,1.9,3.0,0.36,0.9,0.7,0.2,0.7,6.97,,12.0,1.9,2.3,0.5,999,21,Midfielder
575364,Alberto Grassi,7801,Cremonese,ITA-Serie A,1.5,34.9,,,3.1,0.4,0.04,0.04,0.7,,,1.9,0.3,0.5,0.3,6.55,,2.0,0.4,1.1,0.3,1046,19,Midfielder
575735,Nicolas Pépé,10205,Villarreal,ESP-La Liga,0.4,27.3,8.0,,1.2,3.9,0.24,0.35,1.0,4.0,0.19,0.7,0.8,,0.8,7.18,,34.0,2.4,1.6,2.3,1433,23,Attacker
577911,Rolando Mandragora,8535,Fiorentina,ITA-Serie A,1.5,31.1,2.0,,1.3,2.1,0.1,0.2,1.3,1.0,0.3,0.5,0.6,0.3,0.4,6.99,,25.0,2.5,1.7,0.1,1793,25,Midfielder
581919,David Soria,8305,Getafe,ESP-La Liga,,13.3,,6.0,1.2,0.1,0.0,,,,,,,,,6.95,3.1,1.0,,,,2160,24,Keeper
586388,Aleksandr Golovin,9829,Monaco,FRA-Ligue 1,1.1,30.7,2.0,,0.6,1.3,0.11,0.17,1.7,4.0,0.16,1.4,0.8,0.3,1.0,7.08,,18.0,1.7,1.5,1.0,1133,16,Midfielder
588687,Gianluca Mancini,8686,Roma,ITA-Serie A,2.1,42.7,4.0,,3.9,1.0,0.04,0.05,2.3,2.0,,1.6,0.2,0.4,0.1,7.25,,15.0,0.5,1.8,0.1,2137,24,Defender
592102,Moussa Niakhaté,9748,Lyon,FRA-Ligue 1,2.6,63.0,3.0,,5.9,1.5,0.08,0.01,1.4,2.0,,0.7,,0.6,0.1,7.16,,9.0,0.2,1.3,0.2,1678,20,Defender
593129,Pere Milla,8558,Espanyol,ESP-La Liga,0.8,17.4,4.0,,0.7,2.0,0.12,0.34,1.0,,0.36,0.7,1.0,0.2,0.8,6.91,,28.0,2.8,1.5,0.4,1520,22,Attacker
598355,Denis Zakaria,9829,Monaco,FRA-Ligue 1,1.3,42.5,1.0,,2.5,0.6,0.06,0.06,1.1,1.0,0.09,1.6,0.1,0.5,0.1,6.96,,4.0,0.8,1.5,0.4,954,12,Midfielder
599353,Che Adams,9804,Torino,ITA-Serie A,1.8,19.3,5.0,,0.6,1.3,0.08,0.26,0.7,1.0,0.25,0.1,0.8,,0.4,6.69,,22.0,2.7,0.7,0.7,1450,24,Attacker
600524,Reinildo,8472,Sunderland,ENG-Premier League,1.1,31.3,,,3.9,0.6,0.03,0.01,1.6,1.0,,1.4,,0.7,0.3,6.85,,4.0,0.3,1.7,0.8,1428,17,Defender
601145,Habibou Mouhamadou Diallo,8550,Metz,FRA-Ligue 1,0.6,7.9,,,1.3,0.3,0.02,0.39,1.5,1.0,0.28,0.1,0.8,0.1,0.3,6.61,,6.0,2.0,0.4,0.7,1285,15,Attacker
602304,Nordi Mukiele,8472,Sunderland,ENG-Premier League,1.6,28.8,7.0,,5.4,1.8,0.08,0.04,1.0,4.0,0.04,1.3,0.1,0.4,0.1,7.22,,20.0,0.7,2.4,0.3,2153,24,Defender
602523,Maximilian Eggestein,8358,Sport-Club Freiburg,GER-Bundesliga,1.2,33.9,2.0,,2.1,1.2,0.05,0.13,0.7,,0.09,1.0,0.4,0.5,0.4,6.93,,14.0,1.5,2.1,0.5,1980,22,Midfielder
602563,Marcos Llorente,9906,Atlético de Madrid,ESP-La Liga,2.7,53.8,7.0,,2.2,2.7,0.15,0.09,1.2,3.0,,0.5,0.3,0.1,0.2,7.23,,15.0,0.7,2.2,0.6,1618,20,Defender
602845,Emil Audero,7801,Cremonese,ITA-Serie A,,23.6,,7.0,1.0,0.0,0.0,,,,,,,,,7.13,4.5,,,,0.0,1890,21,Keeper
604088,Thilo Kehrer,9829,Monaco,FRA-Ligue 1,2.7,53.2,,,3.1,0.2,0.02,0.1,1.2,,,1.4,0.1,1.0,,6.81,,3.0,0.9,2.2,0.1,1378,16,Defender
604089,Ainsley Maitland-Niles,9748,Lyon,FRA-Ligue 1,1.7,35.7,3.0,,2.5,2.4,0.12,0.12,1.6,3.0,0.05,1.2,0.3,0.1,0.4,6.96,,15.0,0.6,2.2,0.5,1738,21,Defender
604105,Inaki Williams,8315,Athletic Club,ESP-La Liga,0.5,15.4,4.0,,0.4,1.4,0.11,0.27,1.2,2.0,0.08,0.1,0.9,,0.7,6.6,,12.0,2.7,0.4,0.4,1090,16,Attacker
604126,Giovani Lo Celso,8603,Real Betis,ESP-La Liga,2.5,49.0,6.0,,0.3,2.0,0.17,0.2,0.6,2.0,0.16,0.4,0.8,,0.9,7.11,,25.0,2.2,1.1,1.1,1098,17,Midfielder
604330,Sebastiano Luperto,7801,Cremonese,ITA-Serie A,1.7,39.6,3.0,,5.1,0.4,0.02,,1.1,1.0,,0.9,,0.6,,6.74,,4.0,,1.0,,1887,21,Defender
604330,Sebastiano Luperto,8529,Cagliari,ITA-Serie A,,,,,,,,0.02,,,0.05,,0.1,,,,,,0.3,,0.0,1887,21,Defender
604785,Alex Iwobi,9879,Fulham,ENG-Premier League,2.6,43.8,2.0,,0.6,3.1,0.17,0.05,0.2,2.0,0.11,0.5,0.4,0.1,0.3,6.86,,28.0,1.1,1.1,0.6,1697,20,Attacker
604982,Ruben Loftus-Cheek,8564,Milan,ITA-Serie A,0.3,26.6,3.0,,1.3,0.9,0.08,0.28,1.8,1.0,0.27,0.4,0.5,0.1,0.4,6.7,,9.0,2.6,1.0,0.8,1014,22,Midfielder
605224,Federico Dimarco,8636,Internazionale,ITA-Serie A,1.4,38.6,26.0,,0.9,7.3,0.36,0.15,1.3,12.0,0.25,0.9,0.7,0.2,0.8,7.82,,66.0,2.1,1.8,0.1,1807,23,Midfielder
609504,Oliver Burke,8149,1. FC Union Berlin,GER-Bundesliga,0.2,12.0,2.0,,,1.3,0.12,0.26,0.6,1.0,0.36,0.4,0.9,0.2,0.8,6.56,,14.0,2.1,0.5,0.7,1000,20,Attacker
609505,Borja Iglesias,9910,Celta de Vigo,ESP-La Liga,0.8,16.7,3.0,,1.0,1.3,0.09,0.54,1.8,2.0,0.68,,1.2,0.3,0.5,6.96,,16.0,2.4,0.3,0.6,1323,22,Attacker
609516,Robin Le Normand,9906,Atlético de Madrid,ESP-La Liga,1.6,51.3,,,5.0,0.3,0.02,0.03,1.1,,0.08,0.8,0.1,0.3,0.2,6.77,,1.0,0.2,1.4,,1188,18,Defender
610184,Emiliano Buendia,10252,Aston Villa,ENG-Premier League,1.1,28.3,1.0,,1.2,1.5,0.12,0.2,2.0,2.0,0.39,0.4,0.7,0.2,0.8,6.82,,22.0,2.7,2.6,0.5,1150,24,Attacker
611223,Benjamin Pavard,8592,Marseille,FRA-Ligue 1,1.8,56.9,3.0,,3.0,0.7,0.05,0.04,0.7,2.0,0.07,1.0,0.2,0.6,0.2,6.88,,8.0,0.5,1.1,,1201,17,Defender
612150,Dominic Calvert-Lewin,8463,Leeds United,ENG-Premier League,0.2,8.8,2.0,,0.8,0.9,0.05,0.5,1.5,1.0,0.54,0.1,1.1,0.1,0.6,6.84,,13.0,2.5,0.5,0.3,1669,23,Attacker
612863,Andre-Frank Zambo Anguissa,9875,Napoli,ITA-Serie A,,,1.0,,,1.0,,,,1.0,,,,,,,,10.0,,,,932,11,Midfielder
613260,Jean-Luc Dompe,9790,Hamburger SV,GER-Bundesliga,0.5,18.1,6.0,,,3.6,0.32,0.11,0.2,,0.18,,0.8,,0.4,6.95,,29.0,1.9,0.4,1.6,997,15,Attacker
613334,M'Bala Nzola,6479,Pisa,ITA-Serie A,,,,,,,,,,,0.25,0.1,0.6,0.1,0.7,,,15.0,,,,1091,18,Attacker
613334,M'Bala Nzola,7943,Sassuolo,ITA-Serie A,0.5,12.7,,,0.6,0.5,0.04,0.46,1.6,,,,,,,6.49,,,2.4,0.4,1.2,1091,18,Attacker
614006,Ruben Dias,8456,Manchester City,ENG-Premier League,1.8,69.1,,,4.9,0.5,0.02,0.03,0.6,,0.1,1.0,0.2,0.8,0.1,7.23,,3.0,0.4,0.4,0.0,1825,22,Defender
614207,Maxime Lopez,6379,Paris FC,FRA-Ligue 1,3.5,73.8,12.0,,0.5,3.9,0.21,0.02,1.4,3.0,,0.4,0.3,0.2,0.4,7.04,,38.0,0.4,1.0,0.4,1686,20,Midfielder
614384,Maximilian Mittelstaedt,10269,VfB Stuttgart,GER-Bundesliga,2.0,45.9,8.0,,3.0,3.9,0.25,0.14,0.4,3.0,0.19,1.8,0.6,0.4,0.2,7.56,,25.0,1.2,3.2,0.4,1424,21,Defender
614449,Nadiem Amiri,9905,1. FSV Mainz 05,GER-Bundesliga,2.9,40.0,11.0,,0.5,5.0,0.29,0.4,1.0,2.0,0.52,0.9,0.8,0.2,0.7,7.59,,43.0,2.1,1.5,1.0,1561,19,Midfielder
614834,Dani Olmo,8634,Barcelona,ESP-La Liga,1.7,47.3,7.0,,1.0,4.1,0.31,0.41,1.0,6.0,0.45,0.6,1.2,,0.6,7.6,,36.0,3.7,1.9,0.4,1209,19,Midfielder
616539,Alex Remiro,8560,Real Sociedad,ESP-La Liga,,24.1,,1.0,1.1,0.1,0.0,,,,,0.0,,,,6.68,2.3,3.0,,0.0,0.0,2160,24,Keeper
617310,Nayef Aguerd,8592,Marseille,FRA-Ligue 1,1.8,81.1,1.0,,4.3,0.3,0.02,0.03,1.3,,0.07,1.4,0.1,0.7,0.1,7.33,,3.0,0.4,1.4,0.1,1219,14,Defender
618878,Gianluigi Donnarumma,8456,Manchester City,ENG-Premier League,,21.2,,10.0,1.4,0.0,0.0,,,,,0.0,,,,7.23,2.3,,,,0.1,2070,23,Keeper
620026,Hee-Chan Hwang,8602,Wolverhampton Wanderers,ENG-Premier League,0.9,18.3,1.0,,1.1,0.9,0.07,0.16,1.7,1.0,0.16,0.6,0.5,,0.2,6.37,,10.0,1.2,0.6,0.6,1155,20,Attacker
620027,Xaver Schlager,178475,RB Leipzig,GER-Bundesliga,1.5,45.0,2.0,,1.3,2.2,0.16,0.11,1.2,1.0,0.15,0.5,0.4,0.1,0.7,7.14,,15.0,1.2,1.7,1.3,1237,18,Midfielder
620618,Rodrigo Bentancur,8586,Tottenham Hotspur,ENG-Premier League,1.0,39.8,1.0,,2.5,0.7,0.04,0.03,1.0,1.0,0.06,1.4,0.1,0.4,0.3,7.02,,9.0,0.6,2.4,0.8,1415,20,Midfielder
621415,Augusto Batalla,8370,Rayo Vallecano,ESP-La Liga,,23.7,,7.0,0.8,0.1,0.0,,,,,,,,,6.93,2.8,2.0,,0.0,0.1,2070,23,Keeper
621515,Daichi Kamada,9826,Crystal Palace,ENG-Premier League,1.5,29.6,2.0,,1.1,2.0,0.14,0.1,1.4,,,0.6,0.3,0.1,0.6,6.98,,11.0,1.1,3.1,0.6,1258,16,Midfielder
621562,Marcus Thuram,8636,Internazionale,ITA-Serie A,0.3,17.4,3.0,,0.2,1.6,0.12,0.43,2.2,3.0,0.53,,1.5,0.1,0.8,7.17,,21.0,3.5,1.1,1.1,1193,19,Attacker
623716,Josh Cullen,8191,Burnley,ENG-Premier League,2.5,43.1,4.0,,2.1,1.4,0.08,0.05,0.9,2.0,0.12,1.3,0.4,0.7,0.2,6.89,,13.0,0.7,1.8,0.1,1519,18,Midfielder
624166,Manuel Locatelli,9885,Juventus,ITA-Serie A,5.6,76.2,3.0,,2.2,2.6,0.12,0.06,1.4,1.0,0.05,1.4,0.4,0.6,0.6,7.51,,29.0,1.2,3.0,0.2,1924,24,Midfielder
625175,Grischa Prömel,8226,TSG 1899 Hoffenheim,GER-Bundesliga,1.3,40.5,1.0,,2.5,1.7,0.13,0.26,0.9,2.0,0.47,0.9,0.6,0.4,0.6,7.1,,12.0,1.9,2.0,0.4,1160,22,Midfielder
625340,Mauro Arambarri,8305,Getafe,ESP-La Liga,1.1,17.2,1.0,,0.9,0.5,0.02,0.19,1.4,1.0,0.21,0.7,0.5,0.2,0.7,7.02,,13.0,1.7,2.0,0.7,2130,24,Midfielder
626890,Marius Bülter,8722,1. FC Köln,GER-Bundesliga,1.0,16.5,6.0,,0.9,3.6,0.29,0.29,1.0,3.0,0.24,0.3,1.0,0.2,0.3,6.7,,20.0,2.7,0.3,0.2,1117,20,Attacker
628201,Robin Koch,9810,Eintracht Frankfurt,GER-Bundesliga,3.2,59.8,,,6.9,0.7,0.03,0.06,1.0,,0.14,1.4,0.2,0.8,0.0,6.82,,6.0,0.6,1.2,0.1,1952,22,Defender
629594,Alfonso Pedraza,10205,Villarreal,ESP-La Liga,2.2,25.0,4.0,,2.3,1.9,0.16,0.09,1.7,2.0,0.08,1.2,0.3,0.5,,7.01,,13.0,0.8,2.7,1.4,1079,18,Defender
629805,Ritsu Doan,9810,Eintracht Frankfurt,GER-Bundesliga,0.9,25.2,10.0,,0.6,4.1,0.2,0.12,0.8,5.0,0.2,0.7,0.5,0.0,0.7,7.11,,29.0,1.5,1.7,1.4,1817,22,Midfielder
634110,Carlens Arcus,8121,Angers,FRA-Ligue 1,2.0,43.2,3.0,,2.7,1.1,0.06,0.01,1.3,3.0,,1.3,0.0,0.1,0.2,6.87,,12.0,0.3,1.7,0.1,1815,21,Defender
635772,Borja Mayoral,8305,Getafe,ESP-La Liga,0.9,17.8,1.0,,0.4,0.2,0.02,0.25,0.5,1.0,0.34,0.4,0.6,0.2,1.0,6.58,,4.0,1.2,0.4,0.5,1044,14,Attacker
637656,Lucas Perri,8463,Leeds United,ENG-Premier League,,18.7,,3.0,1.0,0.0,0.0,,0.1,,,,,,,6.58,2.4,,,,,1440,16,Keeper
637716,Bernardo,8226,TSG 1899 Hoffenheim,GER-Bundesliga,1.7,37.8,1.0,,5.2,0.6,0.04,0.01,1.8,,,1.6,,0.5,0.2,7.23,,6.0,0.4,2.8,0.3,1580,18,Defender
637746,Odsonne Edouard,8588,Lens,FRA-Ligue 1,0.3,11.6,3.0,,1.5,1.3,0.1,0.51,1.2,3.0,0.63,0.1,1.3,0.2,0.4,7.09,,11.0,2.3,0.7,0.9,1136,18,Attacker
637756,Carles Alena,9866,Alavés,ESP-La Liga,1.1,33.9,6.0,,1.3,2.3,0.14,0.11,1.5,4.0,,0.5,0.2,0.1,0.3,6.67,,24.0,1.3,1.7,0.7,1466,24,Midfielder
638010,Isi Palazon,8370,Rayo Vallecano,ESP-La Liga,2.1,29.0,6.0,,0.8,2.8,0.15,0.23,1.5,3.0,0.11,0.1,0.7,0.3,0.3,6.76,,26.0,2.0,0.9,1.1,1653,22,Midfielder
638070,Luis Rioja,10267,Valencia CF,ESP-La Liga,1.1,23.0,4.0,,1.2,2.7,0.15,0.09,0.4,4.0,0.11,0.7,0.2,,0.6,6.87,,25.0,1.6,1.2,1.2,1635,23,Midfielder
638090,Luis Milla,8305,Getafe,ESP-La Liga,2.5,32.8,11.0,,1.4,4.1,0.18,0.03,0.8,8.0,,1.0,0.0,0.3,0.7,7.41,,52.0,0.8,1.7,0.7,2025,23,Midfielder
638622,Frenkie de Jong,8634,Barcelona,ESP-La Liga,2.3,76.5,8.0,,0.8,2.9,0.18,0.04,0.6,4.0,,1.0,0.1,0.3,0.3,7.44,,27.0,0.4,2.3,0.3,1406,18,Midfielder
640122,Brais Méndez,8560,Real Sociedad,ESP-La Liga,2.5,36.7,3.0,,0.4,1.6,0.11,0.22,2.4,2.0,0.36,0.4,0.9,0.1,0.8,6.93,,18.0,1.9,1.6,1.1,1241,21,Midfielder
640123,Antonio Martinez,9866,Alavés,ESP-La Liga,0.5,12.3,3.0,,1.6,0.8,0.05,0.32,1.3,2.0,0.29,0.2,1.0,0.1,0.4,6.74,,12.0,2.9,0.9,0.6,1540,23,Attacker
640220,Marc Roca,8603,Real Betis,ESP-La Liga,2.2,39.3,2.0,,2.0,0.8,0.05,0.07,2.0,1.0,,0.8,0.3,0.3,0.7,6.8,,10.0,0.7,2.0,0.5,1357,19,Midfielder
640231,Antonio Raillo,8661,Mallorca,ESP-La Liga,2.1,40.8,,,5.1,0.3,0.02,0.02,1.1,1.0,,0.8,0.1,1.4,0.1,6.76,,6.0,0.5,1.0,,1620,18,Defender
640238,Nacho Vidal,8670,Real Oviedo,ESP-La Liga,1.8,29.1,,,3.5,0.4,0.03,0.09,1.1,,,1.4,0.2,0.2,,6.81,,2.0,0.5,1.9,0.5,1156,15,Defender
640492,Rafa Mir,10268,Elche,ESP-La Liga,0.7,18.3,1.0,,1.0,0.9,0.06,0.38,2.1,,0.41,0.3,1.6,0.1,0.7,6.81,,6.0,3.4,0.6,0.3,1319,19,Attacker
641595,Nikola Moro,9857,Bologna,ITA-Serie A,8.3,56.5,,,1.9,1.2,0.1,0.04,0.9,,0.17,0.7,0.2,0.1,0.4,6.91,,13.0,0.9,1.8,0.5,1087,18,Midfielder
642534,Jonas Föhrenbach,94937,1. FC Heidenheim 1846,GER-Bundesliga,0.7,20.5,3.0,,3.2,2.6,0.14,0.03,0.7,1.0,0.05,1.1,0.1,0.2,0.2,6.55,,20.0,0.2,1.7,0.1,1652,19,Defender
642551,Aleix Garcia,8178,Bayer 04 Leverkusen,GER-Bundesliga,5.5,101.1,9.0,,1.1,4.0,0.21,0.07,0.3,5.0,0.05,0.8,0.2,0.2,0.2,7.45,,31.0,0.9,0.7,0.2,1753,21,Midfielder
643448,Kristijan Jakic,8406,FC Augsburg,GER-Bundesliga,3.1,34.9,2.0,,2.8,1.3,0.1,0.05,1.0,1.0,0.08,0.9,0.3,0.4,0.5,6.86,,12.0,0.8,2.1,0.3,1172,17,Midfielder
643635,Amir Murillo,8592,Marseille,FRA-Ligue 1,0.9,38.1,3.0,,1.7,1.6,0.15,0.09,2.0,1.0,0.18,0.5,0.2,0.2,0.2,6.91,,11.0,0.8,1.9,0.7,988,16,
650616,Mathias Jensen,9937,Brentford,ENG-Premier League,2.8,33.7,6.0,,1.3,3.3,0.25,0.14,0.9,1.0,0.15,0.4,0.3,0.1,0.5,6.66,,17.0,1.3,1.7,1.0,1206,24,Midfielder
651435,Toma Basic,8543,Lazio,ITA-Serie A,1.0,36.7,4.0,,1.1,1.5,0.12,0.09,1.1,2.0,0.08,0.7,0.7,0.5,0.5,6.83,,14.0,2.0,1.2,0.1,1180,16,Midfielder
651910,Dominik Greif,9748,Lyon,FRA-Ligue 1,,26.4,,9.0,1.0,0.0,0.0,,,1.0,,,,,,7.28,2.4,1.0,,,,1620,18,Keeper
654096,Declan Rice,9825,Arsenal,ENG-Premier League,2.5,55.8,13.0,,2.3,5.6,0.22,0.11,0.7,4.0,0.16,1.1,0.5,0.4,0.4,7.66,,51.0,1.4,1.9,0.4,2239,26,Midfielder
654908,Richarlison,8586,Tottenham Hotspur,ENG-Premier League,0.5,9.2,3.0,,2.8,1.2,0.08,0.33,1.0,3.0,0.49,0.3,0.9,0.1,0.6,6.88,,14.0,2.5,1.1,0.5,1278,21,Attacker
655575,Jacob Bruun Larsen,8191,Burnley,ENG-Premier League,0.3,20.6,2.0,,1.2,1.1,0.11,0.12,0.1,1.0,,0.6,0.4,0.1,0.4,6.34,,10.0,1.5,1.2,0.9,913,21,Attacker
656491,Rasmus Nicolaisen,9941,Toulouse,FRA-Ligue 1,1.8,36.9,,,5.7,0.4,0.02,0.03,1.3,,,1.6,0.2,0.5,0.2,6.77,,1.0,0.6,0.9,0.2,1668,22,Defender
658554,Dayot Upamecano,9823,Bayern München,GER-Bundesliga,2.8,74.8,2.0,,2.7,0.7,0.05,0.07,0.9,1.0,0.07,0.8,0.1,0.3,0.2,7.24,,6.0,0.5,1.9,0.2,1270,17,Defender
659272,Julian Ryerson,9789,Borussia Dortmund,GER-Bundesliga,1.3,31.5,14.0,,1.6,5.0,0.34,0.04,0.9,11.0,,0.7,,0.1,0.7,7.28,,32.0,0.5,1.8,0.9,1334,20,Midfielder
659490,Gabriel Suazo,8302,Sevilla,ESP-La Liga,2.0,36.1,4.0,,2.0,2.6,0.18,0.03,1.1,1.0,,1.1,0.1,0.2,0.3,7.13,,29.0,0.3,3.9,0.7,1339,17,Midfielder
660326,Matthieu Udol,8588,Lens,FRA-Ligue 1,1.5,31.9,17.0,,2.1,5.8,0.27,0.09,1.0,6.0,,1.5,0.3,0.4,0.5,7.35,,34.0,1.0,1.5,0.5,1968,22,Defender
660462,Pierre Lees-Melou,6379,Paris FC,FRA-Ligue 1,3.9,42.4,1.0,,1.4,0.8,0.07,0.06,1.7,1.0,0.08,0.8,0.3,0.4,0.7,7.07,,9.0,1.5,2.9,0.5,1078,14,Midfielder
660625,Unai Simon,8315,Athletic Club,ESP-La Liga,,17.5,,5.0,1.1,0.1,0.0,,,,,,,,,7.09,2.8,1.0,,0.0,,2160,24,Keeper
661519,Deniz Undav,10269,VfB Stuttgart,GER-Bundesliga,0.6,17.0,4.0,,0.3,1.7,0.11,0.62,1.4,3.0,0.8,0.3,1.9,,0.7,7.34,,19.0,5.1,0.8,0.2,1357,18,Attacker
661761,Riccardo Orsolini,9857,Bologna,ITA-Serie A,1.9,16.7,1.0,,0.4,0.8,0.05,0.37,0.9,1.0,0.45,0.3,1.4,,0.3,7.02,,17.0,3.2,0.7,1.6,1390,23,Attacker
664500,Viktor Gyökeres,9825,Arsenal,ENG-Premier League,0.1,6.9,2.0,,0.9,1.3,0.07,0.44,1.1,,0.44,0.1,0.8,0.1,0.6,6.72,,14.0,2.0,0.3,0.3,1646,25,Attacker
664587,Lassana Coulibaly,9888,Lecce,ITA-Serie A,1.7,22.4,1.0,,1.2,0.8,0.04,0.09,1.0,1.0,0.1,0.2,0.3,0.2,0.6,6.94,,15.0,0.8,1.6,0.7,1736,21,Midfielder
664970,Waldemar Anton,9789,Borussia Dortmund,GER-Bundesliga,2.7,67.1,,,5.5,0.6,0.03,0.06,0.8,,0.1,0.9,0.2,0.6,0.1,7.52,,6.0,0.6,2.0,0.5,1800,20,Defender
665188,Albert Gudmundsson,8535,Fiorentina,ITA-Serie A,1.3,28.4,5.0,,0.6,1.8,0.1,0.24,1.6,3.0,0.24,0.1,0.6,0.1,0.6,6.79,,22.0,1.6,0.2,0.9,1528,22,Attacker
666954,Chidozie Awaziem,9830,Nantes,FRA-Ligue 1,6.0,53.5,1.0,,7.7,1.1,0.06,0.03,0.9,1.0,0.06,1.0,0.2,0.7,,6.84,,8.0,0.4,1.1,0.2,1606,18,Defender
667788,Benedikt Gimber,94937,1. FC Heidenheim 1846,GER-Bundesliga,2.3,34.4,1.0,,5.1,0.3,0.03,0.02,1.8,,,0.6,0.2,0.4,,6.19,,1.0,0.4,2.2,0.4,1025,15,Defender
667790,Suat Serdar,9876,Verona,ITA-Serie A,2.0,23.1,2.0,,1.3,0.8,0.07,0.17,1.5,,0.16,0.7,0.6,0.4,0.5,6.61,,13.0,1.5,2.5,0.7,1108,20,Midfielder
670009,Dimitrios Giannoulis,8406,FC Augsburg,GER-Bundesliga,1.4,22.6,4.0,,3.1,2.5,0.2,0.07,0.9,3.0,0.16,1.1,0.3,0.5,0.6,7.13,,20.0,0.5,1.3,1.0,1149,17,Midfielder
670928,Giuseppe Pezzella,7801,Cremonese,ITA-Serie A,0.6,16.4,,,3.6,1.5,0.09,0.01,1.5,1.0,,0.4,,0.6,0.2,6.69,,18.0,0.2,1.5,0.4,1574,19,Midfielder
671203,Mario Hermoso,8686,Roma,ITA-Serie A,2.8,51.5,,,3.3,0.4,0.03,0.04,1.9,,0.07,1.6,0.2,0.2,0.3,7.1,,8.0,0.6,1.4,0.2,1298,17,Defender
671686,Aleix Febas,10268,Elche,ESP-La Liga,1.6,54.0,1.0,,0.6,2.1,0.09,0.07,0.9,1.0,0.09,0.6,0.3,0.1,0.5,7.3,,18.0,0.7,1.9,1.7,2060,23,Midfielder
671865,Santi Comesana,10205,Villarreal,ESP-La Liga,1.6,37.2,1.0,,2.1,2.4,0.14,0.18,1.6,2.0,0.12,0.7,0.2,0.6,0.7,6.86,,12.0,1.2,2.0,0.4,1477,22,Midfielder
672469,Ben Chilwell,9848,Strasbourg,FRA-Ligue 1,1.2,39.0,4.0,,3.1,0.9,0.06,0.0,0.9,2.0,,1.2,0.1,0.3,0.2,6.73,,7.0,0.1,1.5,0.6,1299,16,Defender
673356,Pablo Maffeo,8661,Mallorca,ESP-La Liga,1.4,22.0,,,3.4,0.8,0.04,0.01,0.9,,0.06,1.2,0.1,0.8,0.2,6.97,,8.0,0.2,2.4,1.4,1626,19,Defender
673689,Pepelu,10267,Valencia CF,ESP-La Liga,3.6,50.8,1.0,,2.6,2.0,0.11,0.18,1.4,,0.11,0.9,0.2,0.3,0.2,7.14,,20.0,1.2,2.5,0.4,1709,22,Midfielder
674014,David Brooks,8678,Bournemouth,ENG-Premier League,0.8,25.1,6.0,,1.1,2.7,0.25,0.42,1.0,2.0,0.09,0.3,1.1,,0.6,6.78,,20.0,3.7,1.4,1.4,955,21,Attacker
674499,Niklas Dorsch,94937,1. FC Heidenheim 1846,GER-Bundesliga,2.9,33.7,5.0,,1.5,1.8,0.11,0.03,1.0,,,0.9,0.2,0.2,0.2,6.76,,15.0,0.8,2.8,0.6,1440,20,Midfielder
675023,Danel Sinani,8152,FC St. Pauli,GER-Bundesliga,1.1,33.8,3.0,,0.5,3.3,0.24,0.31,1.7,2.0,0.3,0.5,0.9,,0.7,6.92,,27.0,2.6,1.2,0.6,1216,19,Midfielder
676533,Aitor Ruibal,8603,Real Betis,ESP-La Liga,1.9,28.2,2.0,,2.1,1.3,0.1,0.22,1.2,1.0,0.3,1.1,0.7,0.2,0.4,6.95,,16.0,1.4,1.8,0.5,1191,19,Defender
678234,Mikel Oyarzabal,8560,Real Sociedad,ESP-La Liga,0.5,16.9,9.0,,0.9,2.7,0.13,0.53,0.7,3.0,0.5,0.1,1.3,0.1,0.8,7.38,,30.0,3.0,0.9,1.1,1804,21,Attacker
681213,Ionut Andrei Radu,9910,Celta de Vigo,ESP-La Liga,,16.5,,7.0,1.0,0.0,0.0,,,,,,,,,6.96,2.9,,,,0.0,2160,24,Keeper
683450,Pablo Fornals,8603,Real Betis,ESP-La Liga,3.2,45.4,6.0,,0.8,4.1,0.19,0.15,0.9,4.0,0.28,1.2,0.7,0.1,0.9,7.46,,51.0,1.6,1.3,0.8,1948,24,Midfielder
683473,Kelvin Amian,9830,Nantes,FRA-Ligue 1,1.2,29.8,4.0,,3.3,1.2,0.06,0.02,1.1,1.0,,0.3,0.1,0.5,0.1,6.41,,7.0,0.5,1.3,0.2,1871,21,Defender
683762,Sergio Herrera,8371,Osasuna,ESP-La Liga,,19.0,,6.0,1.4,0.1,0.0,,,,,,,,,7.28,3.6,,,,,2160,24,Keeper
684981,Aaron Martin Caricol,10233,Genoa,ITA-Serie A,1.6,25.4,8.0,,1.8,4.5,0.24,0.02,1.3,4.0,0.05,0.5,0.2,0.4,0.3,7.15,,54.0,0.3,1.7,0.6,1696,22,Defender
684983,Atakan Karazor,10269,VfB Stuttgart,GER-Bundesliga,0.8,42.3,3.0,,2.7,1.4,0.1,0.04,0.9,,,0.8,0.1,0.3,0.4,7.04,,9.0,0.3,1.7,0.3,1344,20,Midfielder
686460,Santiago Colombatto,8670,Real Oviedo,ESP-La Liga,1.8,34.9,3.0,,1.7,1.4,0.09,0.03,2.0,1.0,,0.7,0.1,0.2,0.5,6.74,,19.0,0.7,1.7,0.3,1475,19,Midfielder
688273,Vitaly Janelt,9937,Brentford,ENG-Premier League,2.9,45.3,6.0,,2.2,1.9,0.14,0.06,1.2,4.0,0.07,2.2,0.2,0.6,0.4,7.07,,19.0,0.7,1.8,0.3,1210,21,Midfielder
688295,Christian Pulisic,8564,Milan,ITA-Serie A,0.4,31.7,5.0,,0.8,2.1,0.21,0.59,0.8,2.0,0.8,0.3,1.8,0.1,0.7,7.26,,23.0,3.1,1.0,1.3,900,18,Attacker
689065,Alexis Claude,8406,FC Augsburg,GER-Bundesliga,0.2,28.4,2.0,,0.5,1.9,0.13,0.25,1.1,2.0,0.2,0.3,1.3,0.1,0.4,7.02,,18.0,3.1,1.5,1.5,1352,19,Midfielder
689680,Jens Odgaard,9857,Bologna,ITA-Serie A,0.3,14.6,1.0,,0.9,1.0,0.08,0.18,2.0,1.0,0.34,0.3,0.8,,0.9,6.73,,10.0,2.2,1.2,0.5,1045,19,Midfielder
689987,Jakub Piotrowski,8600,Udinese,ITA-Serie A,1.0,22.2,1.0,,2.1,0.4,0.03,0.14,1.6,1.0,0.08,1.0,0.4,0.3,0.3,6.66,,10.0,1.9,2.5,0.5,1073,21,Midfielder
690149,Axel Tuanzebe,8191,Burnley,ENG-Premier League,,,,,,0.1,,,,,,,,,,,,,,,,932,11,Defender
690230,Lautaro Martinez,8636,Internazionale,ITA-Serie A,0.8,19.3,11.0,,0.8,2.0,0.09,0.54,1.9,4.0,0.66,0.2,1.5,,1.1,7.47,,32.0,3.9,0.9,0.9,1905,25,Attacker
693736,Unai Elgezabal,8581,Levante,ESP-La Liga,1.3,32.7,,,6.6,0.4,0.03,0.06,1.0,,0.09,0.3,0.1,1.5,0.1,6.35,,2.0,0.3,0.8,,958,12,Defender
695405,Hervé Koffi,8121,Angers,FRA-Ligue 1,,20.4,,8.0,1.1,0.0,0.0,,0.1,,,,,,,7.36,3.8,,,0.1,,1800,20,Keeper
696263,Romain Del Castillo,8521,Brest,FRA-Ligue 1,0.9,25.8,7.0,,0.7,4.0,0.22,0.39,1.2,2.0,0.38,0.9,0.5,0.1,0.9,7.35,,43.0,1.2,2.4,1.1,1641,20,Attacker
696365,Marcus Rashford,8634,Barcelona,ESP-La Liga,0.9,33.5,5.0,,0.9,3.5,0.25,0.41,0.4,6.0,0.29,0.1,1.5,0.1,0.6,7.27,,33.0,4.5,0.5,1.4,1250,21,Attacker
696679,Raphinha,8634,Barcelona,ESP-La Liga,1.6,34.6,9.0,,0.6,4.5,0.43,0.62,0.7,3.0,0.77,0.2,1.1,,0.5,7.81,,31.0,4.2,0.9,1.3,936,15,Attacker
698653,Igor Zubeldia,8560,Real Sociedad,ESP-La Liga,1.7,41.5,1.0,,7.1,0.4,0.02,0.01,1.6,1.0,,1.0,0.1,0.6,,6.88,,5.0,0.3,1.6,0.1,1665,19,Defender
699461,Jean-Victor Makengo,8689,Lorient,FRA-Ligue 1,0.9,22.6,,,1.1,0.8,0.07,0.17,0.5,1.0,0.26,0.5,0.9,,0.6,6.86,,14.0,2.2,1.4,1.1,1027,19,Midfielder
700074,Jordan Torunarigha,9790,Hamburger SV,GER-Bundesliga,2.2,50.2,,,7.7,0.6,0.06,0.0,1.0,,,1.4,0.1,0.7,,7.02,,1.0,0.1,2.0,0.6,969,12,Defender
701154,Kylian Mbappé,8633,Real Madrid,ESP-La Liga,1.0,30.3,8.0,,,5.4,0.25,0.95,0.4,4.0,1.07,0.1,2.3,,0.9,8.38,,53.0,5.1,0.1,2.9,1936,22,Attacker
704151,Arnaut Danjuma,10267,Valencia CF,ESP-La Liga,1.2,15.8,4.0,,0.4,2.4,0.15,0.25,1.0,2.0,0.19,,0.8,0.1,0.6,6.69,,12.0,2.0,0.8,1.4,1429,22,Attacker
704523,Christopher Nkunku,8564,Milan,ITA-Serie A,0.7,18.0,2.0,,0.6,0.7,0.07,0.66,0.6,2.0,0.48,0.1,1.0,,0.5,6.91,,9.0,1.9,0.4,0.4,946,19,Attacker
705450,Jules Koundé,8634,Barcelona,ESP-La Liga,1.1,64.7,3.0,,2.4,2.1,0.11,0.06,0.9,2.0,0.05,1.1,0.2,0.5,0.2,7.19,,15.0,0.5,2.0,0.8,1723,23,Defender
706297,Jean-Philippe Mateta,9826,Crystal Palace,ENG-Premier League,0.5,8.0,2.0,,1.9,1.2,0.06,0.56,0.8,,0.38,0.2,1.2,0.2,0.5,6.72,,6.0,2.5,0.4,0.7,1914,23,Attacker
707970,Djibril Sow,8302,Sevilla,ESP-La Liga,1.4,33.8,1.0,,0.5,0.9,0.06,0.07,1.7,,0.21,1.0,0.3,0.1,0.1,6.61,,13.0,0.9,1.7,0.3,1309,20,Midfielder
708457,Léo Pétrot,10268,Elche,ESP-La Liga,1.5,46.8,1.0,,4.1,0.2,0.02,0.04,0.9,,,0.8,,0.8,0.1,6.71,,2.0,0.5,2.5,0.2,928,21,Defender
708890,Carlos Soler,8560,Real Sociedad,ESP-La Liga,1.9,36.4,5.0,,1.0,2.0,0.14,0.12,1.6,2.0,0.14,0.6,0.8,0.4,0.3,6.81,,28.0,1.5,1.7,0.5,1294,20,Midfielder
710159,Ezri Konsa,10252,Aston Villa,ENG-Premier League,1.4,58.3,1.0,,3.7,0.5,0.02,0.04,0.4,,,0.6,0.1,0.8,0.1,6.88,,4.0,0.3,0.6,0.3,2226,25,Defender
711231,Gorka Guruzeta,8315,Athletic Club,ESP-La Liga,0.7,14.5,5.0,,0.7,1.3,0.08,0.4,1.9,1.0,0.26,0.3,1.1,,0.7,6.57,,16.0,3.2,0.6,0.5,1385,21,Attacker
715069,Pedro Diaz,8370,Rayo Vallecano,ESP-La Liga,1.3,32.5,2.0,,0.8,0.8,0.06,0.06,0.7,,,0.2,0.3,,0.6,6.47,,17.0,2.0,2.0,0.5,1146,20,Midfielder
715301,Jonathan Clauss,9831,Nice,FRA-Ligue 1,2.2,39.6,6.0,,2.6,4.0,0.22,0.04,0.8,4.0,0.06,1.5,0.1,0.2,0.4,7.41,,40.0,0.7,2.2,1.2,1605,19,Midfielder
717174,Joe Rodon,8463,Leeds United,ENG-Premier League,1.3,42.7,1.0,,5.7,0.3,0.01,0.04,0.4,,0.09,1.1,0.2,0.6,0.0,6.68,,4.0,0.6,1.2,0.0,2100,24,Defender
719219,Konstantinos Mavropanos,8654,West Ham United,ENG-Premier League,3.5,37.0,,,7.3,0.3,0.02,0.06,0.5,,,1.5,0.2,0.7,0.1,6.72,,,0.7,1.3,,1537,19,Defender
719330,Dean Henderson,9826,Crystal Palace,ENG-Premier League,,17.5,,9.0,1.3,0.1,0.0,,0.0,,,0.1,,,,7.05,2.6,1.0,,,0.0,2340,26,Keeper
721089,Gianluca Scamacca,8524,Atalanta,ITA-Serie A,0.8,15.6,1.0,,1.0,0.5,0.05,0.51,1.8,1.0,0.58,0.3,1.5,0.1,0.4,6.86,,10.0,3.9,0.5,1.1,926,16,Attacker
722207,Rasmus Kristensen,9810,Eintracht Frankfurt,GER-Bundesliga,2.9,47.1,1.0,,3.5,1.1,0.07,0.04,1.3,,0.13,1.1,0.3,0.1,0.4,7.2,,8.0,0.9,2.8,0.8,1425,19,Defender
723564,Igor Silva,8689,Lorient,FRA-Ligue 1,1.2,39.0,,,3.3,0.7,0.07,0.02,0.7,,0.09,1.1,0.1,0.4,0.2,6.96,,7.0,0.5,1.5,0.3,1018,12,Defender
724196,Danilho Doekhi,8149,1. FC Union Berlin,GER-Bundesliga,1.9,26.4,,,5.0,1.4,0.06,0.14,1.0,,0.18,1.2,0.2,0.5,0.1,7.0,,6.0,1.4,1.5,0.0,1980,22,Defender
724368,Keinan Davis,8600,Udinese,ITA-Serie A,0.3,13.3,4.0,,0.8,1.4,0.08,0.43,1.9,3.0,0.42,,0.9,,0.8,6.94,,21.0,2.2,0.6,1.6,1503,22,Attacker
725398,Mathias Pereira Lage,8152,FC St. Pauli,GER-Bundesliga,0.6,15.2,3.0,,0.9,1.1,0.07,0.19,1.6,2.0,,0.7,0.8,0.1,0.6,6.64,,22.0,1.8,1.8,0.5,1412,20,Attacker
727897,David Hancko,9906,Atlético de Madrid,ESP-La Liga,2.5,45.3,4.0,,3.1,2.0,0.1,0.04,0.5,2.0,,0.7,0.1,0.3,0.2,6.99,,12.0,0.7,1.9,0.3,1849,23,Defender
729731,Matty Cash,10252,Aston Villa,ENG-Premier League,1.8,34.5,3.0,,2.9,2.3,0.1,0.04,1.2,2.0,0.13,0.6,0.4,0.4,0.1,7.12,,21.0,1.0,1.8,0.3,2134,24,Defender
729769,Tyler Adams,8678,Bournemouth,ENG-Premier League,1.5,45.1,,,1.9,0.3,0.02,0.04,1.6,1.0,0.15,1.6,0.4,0.4,0.3,6.95,,2.0,0.6,2.6,0.3,1202,15,Midfielder
731600,Idrissa Toure,6479,Pisa,ITA-Serie A,0.9,15.9,5.0,,3.3,2.8,0.13,0.09,0.9,,0.05,1.0,0.3,0.2,0.2,6.84,,18.0,1.3,1.7,0.7,1923,23,Midfielder
734042,Kyle Walker-Peters,8654,West Ham United,ENG-Premier League,1.1,36.0,,,2.5,0.3,0.03,0.11,0.8,,0.09,0.7,0.3,0.3,0.4,6.54,,5.0,0.5,3.2,0.9,955,18,Defender
737066,Erling Haaland,8456,Manchester City,ENG-Premier League,0.2,7.4,7.0,,1.3,1.8,0.07,0.85,0.7,6.0,0.92,0.1,2.0,0.0,0.5,7.71,,19.0,3.9,0.5,0.4,2148,26,Attacker
740944,Leo Østigard,10233,Genoa,ITA-Serie A,2.9,52.0,1.0,,7.9,0.6,0.03,0.17,1.4,1.0,0.22,0.6,0.5,1.1,0.1,7.01,,5.0,0.9,1.4,0.1,1633,19,Defender
741049,Eljif Elmas,9875,Napoli,ITA-Serie A,0.6,32.2,1.0,,1.0,1.4,0.1,0.15,0.8,2.0,,0.4,0.4,0.1,0.5,6.84,,18.0,1.2,1.4,0.9,1227,22,Midfielder
743533,Federico Valverde,8633,Real Madrid,ESP-La Liga,2.3,54.8,6.0,,1.9,3.4,0.16,0.08,0.5,6.0,0.05,0.9,0.5,0.3,0.4,7.57,,33.0,1.5,1.6,0.7,1906,23,Midfielder
744494,Gabriel Gudmundsson,8463,Leeds United,ENG-Premier League,0.9,25.3,3.0,,2.7,2.0,0.08,0.04,1.2,,,0.8,0.1,0.3,0.3,6.78,,19.0,0.6,2.4,1.4,2104,25,Defender
747079,Adrian Semper,6479,Pisa,ITA-Serie A,,18.3,,4.0,0.9,0.0,0.0,,,,,,,,,6.88,3.5,,,,,1530,17,Keeper
747718,Christoph Baumgartner,178475,RB Leipzig,GER-Bundesliga,1.3,25.3,4.0,,1.6,2.7,0.14,0.43,1.9,6.0,0.42,0.6,1.1,0.2,0.4,7.31,,27.0,2.6,1.8,0.5,1713,21,Midfielder
747926,Moise Kean,8535,Fiorentina,ITA-Serie A,0.1,6.5,,,0.7,0.2,0.01,0.7,1.4,1.0,0.37,0.3,1.3,0.1,0.6,6.81,,2.0,4.6,0.3,1.1,1722,22,Attacker
749488,Romano Schmid,8697,SV Werder Bremen,GER-Bundesliga,2.1,32.6,11.0,,0.3,6.4,0.3,0.21,0.7,5.0,0.09,0.4,0.6,0.1,1.2,7.16,,60.0,1.7,1.4,1.1,1931,22,Midfielder
749662,Fikayo Tomori,8564,Milan,ITA-Serie A,2.0,52.3,2.0,,3.7,0.8,0.04,0.03,1.2,2.0,,1.0,0.1,0.8,,7.14,,3.0,0.4,2.5,0.1,1785,22,Defender
750030,Andrea Pinamonti,7943,Sassuolo,ITA-Serie A,0.3,11.4,4.0,,0.6,0.9,0.04,0.28,0.4,3.0,0.24,,1.0,0.0,0.4,6.59,,16.0,2.5,0.4,0.1,1895,24,Attacker
750031,Pol Lozano,8558,Espanyol,ESP-La Liga,1.7,34.2,,,0.9,1.4,0.08,0.02,2.6,,0.06,1.0,0.2,0.2,0.3,6.46,,17.0,0.6,1.5,0.1,1575,22,Midfielder
750734,Dodo,8535,Fiorentina,ITA-Serie A,1.5,32.0,6.0,,1.5,3.2,0.13,0.05,0.4,2.0,,0.8,0.0,0.0,0.2,7.06,,38.0,0.7,0.8,1.3,2161,25,Midfielder
750880,Ardian Ismajli,9804,Torino,ITA-Serie A,2.3,37.6,1.0,,6.5,0.3,0.02,0.02,1.3,1.0,,1.5,0.2,0.8,,6.9,,4.0,0.4,1.8,0.1,1142,16,Defender
751550,Diogo Dalot,10260,Manchester United,ENG-Premier League,1.4,31.8,4.0,,3.1,1.9,0.09,0.07,0.8,3.0,0.05,0.8,0.2,0.3,0.3,7.12,,22.0,0.8,1.8,0.7,1847,24,Midfielder
751998,Omar Alderete,8472,Sunderland,ENG-Premier League,2.7,35.5,1.0,,6.5,0.7,0.04,0.06,0.8,1.0,0.05,1.3,0.3,0.8,0.1,7.01,,7.0,0.8,0.9,0.7,1906,22,Defender
753593,Marcao,8302,Sevilla,ESP-La Liga,2.5,39.1,,,5.7,0.1,0.01,0.07,2.1,,,0.5,0.2,0.5,,,,,1.0,1.2,0.1,937,13,Defender
759817,Miro Muheim,9790,Hamburger SV,GER-Bundesliga,3.0,32.6,5.0,,2.2,3.5,0.17,0.05,1.3,4.0,,1.1,0.3,0.1,0.3,7.34,,37.0,1.0,2.2,0.8,1823,21,Midfielder
760320,Aaron Wan-Bissaka,8654,West Ham United,ENG-Premier League,1.0,24.8,1.0,,4.6,0.7,0.05,,1.0,2.0,,1.8,,0.3,0.1,6.96,,15.0,,1.4,0.8,1463,17,Defender
760359,Harvey Barnes,10261,Newcastle United,ENG-Premier League,0.4,20.4,3.0,,0.8,2.0,0.13,0.37,0.8,,0.33,0.1,1.0,,0.5,6.68,,15.0,2.8,0.7,0.7,1382,25,Attacker
760722,Kamil Grabara,8721,VfL Wolfsburg,GER-Bundesliga,,25.0,,1.0,1.3,0.1,0.0,0.0,,,,,,,,6.86,3.4,2.0,0.0,0.0,0.0,1980,22,Keeper
760752,Arijanet Muric,7943,Sassuolo,ITA-Serie A,,18.6,,5.0,1.4,0.1,0.0,,0.0,,,,,,,7.28,3.8,,,,,2160,24,Keeper
762028,Ylber Ramadani,9888,Lecce,ITA-Serie A,2.4,34.1,,,1.5,1.0,0.04,0.03,1.4,,0.04,1.4,0.2,0.3,0.6,6.96,,12.0,0.9,2.5,0.3,2076,24,Midfielder
762721,Lovro Majer,8721,VfL Wolfsburg,GER-Bundesliga,1.1,28.9,2.0,,1.4,1.7,0.13,0.17,1.9,3.0,0.16,0.6,0.4,0.1,1.0,6.84,,19.0,1.6,1.7,0.8,1129,20,Midfielder
763970,Valentin Rosier,8371,Osasuna,ESP-La Liga,1.0,28.8,2.0,,3.2,1.1,0.08,0.01,1.4,1.0,,1.4,,0.1,0.2,6.87,,8.0,0.3,1.6,0.8,1313,17,Defender
763974,Gauthier Hein,8550,Metz,FRA-Ligue 1,4.8,48.6,5.0,,0.2,2.2,0.12,0.33,0.6,4.0,0.34,0.3,0.5,0.1,0.5,6.91,,31.0,1.5,0.7,0.3,1598,20,Midfielder
764018,Gregor Kobel,9789,Borussia Dortmund,GER-Bundesliga,,22.1,,11.0,0.6,0.1,0.0,,,,,,,,,7.24,2.5,,,,,1980,22,Keeper
765998,Amos Pieper,8697,SV Werder Bremen,GER-Bundesliga,4.5,57.6,,,7.2,0.4,0.04,0.04,0.7,,,1.8,0.3,0.9,0.1,6.94,,2.0,0.8,2.2,,960,12,Defender
766062,Michele Di Gregorio,9885,Juventus,ITA-Serie A,,17.7,,9.0,0.3,0.0,0.0,,,,,,,,,7.1,2.1,,,,0.0,1980,22,Keeper
766435,Lucas Paquetá,8654,West Ham United,ENG-Premier League,1.5,36.0,6.0,,1.0,2.1,0.12,0.17,1.7,1.0,0.24,0.5,0.7,0.4,0.5,6.95,,23.0,1.4,2.3,0.9,1521,18,
766574,Yehvann Diouf,9831,Nice,FRA-Ligue 1,,20.6,,2.0,1.4,0.0,0.0,,,,,,,,,6.86,3.9,,,,0.1,1440,16,Keeper
766611,Nikola Milenkovic,10203,Nottingham Forest,ENG-Premier League,2.3,36.1,1.0,,5.8,0.4,0.02,0.03,0.5,,,0.9,0.0,0.9,,6.68,,1.0,0.5,0.7,0.0,2340,26,Defender
767013,Antoine Bernede,9876,Verona,ITA-Serie A,1.0,26.3,2.0,,0.7,1.1,0.06,0.05,2.3,2.0,0.05,0.4,0.1,0.3,0.3,6.78,,20.0,0.8,2.8,0.7,1810,24,Midfielder
767789,Marco Friedl,8697,SV Werder Bremen,GER-Bundesliga,4.1,50.9,,,5.6,0.9,0.05,0.03,0.6,,0.05,1.3,0.1,1.1,0.2,6.84,,5.0,0.4,1.6,0.2,1760,20,Defender
768474,Mile Svilar,8686,Roma,ITA-Serie A,,21.6,,11.0,0.4,0.0,0.0,,,,,0.0,,,,7.31,3.0,,,0.1,,2250,25,Keeper
769525,Caio Henrique,9829,Monaco,FRA-Ligue 1,1.5,38.1,4.0,,1.9,2.4,0.16,0.02,0.9,,,0.7,,0.3,0.4,6.58,,16.0,0.1,1.3,0.4,1338,18,Defender
769895,Matthijs de Ligt,10260,Manchester United,ENG-Premier League,1.6,41.3,2.0,,5.2,0.8,0.06,0.11,0.5,,0.08,1.2,0.2,0.5,0.1,6.97,,3.0,0.8,1.5,0.1,1170,13,Defender
770321,Mahdi Camara,9851,Rennes,FRA-Ligue 1,0.5,33.6,3.0,,1.5,1.9,0.11,0.08,1.4,1.0,0.06,1.1,0.3,0.2,0.5,7.09,,17.0,0.7,1.9,0.8,1598,20,Midfielder
771294,Ismaila Sarr,9826,Crystal Palace,ENG-Premier League,0.3,14.2,3.0,,1.4,0.6,0.04,0.41,0.6,1.0,0.33,0.5,0.7,0.1,0.5,6.94,,14.0,1.8,0.7,0.5,1370,16,Midfielder
771630,Gideon Mensah,8583,Auxerre,FRA-Ligue 1,1.9,35.3,1.0,,2.6,0.9,0.06,0.0,1.5,,,1.2,,0.1,0.3,6.89,,12.0,0.1,1.9,0.6,1406,19,Defender
772193,Ragnar Ache,8722,1. FC Köln,GER-Bundesliga,0.2,10.7,4.0,,2.3,0.9,0.07,0.58,1.1,3.0,0.33,0.2,1.2,0.2,0.4,6.85,,20.0,2.9,0.7,0.6,1103,21,Attacker
773991,Ryan Sessegnon,9879,Fulham,ENG-Premier League,1.0,26.4,3.0,,3.3,1.7,0.11,0.06,1.7,1.0,0.13,1.0,0.2,0.4,0.2,6.55,,10.0,0.6,2.3,0.3,1421,19,Defender
774448,Ferdi Kadioglu,10204,Brighton and Hove Albion,ENG-Premier League,1.4,33.4,,,2.1,2.2,0.1,0.06,0.6,,,0.6,0.4,0.3,0.3,6.92,,15.0,0.7,1.9,0.4,2054,25,Defender
776594,Victor Nelsson,9876,Verona,ITA-Serie A,1.0,28.7,,,7.6,0.2,0.01,0.01,1.2,,,1.9,,0.8,,6.62,,1.0,0.2,1.4,0.0,2146,25,Defender
776689,Caoimhin Kelleher,9937,Brentford,ENG-Premier League,,22.3,,6.0,1.2,0.1,0.0,,0.1,,,0.0,,,,6.86,2.7,2.0,,0.0,0.0,2340,26,Keeper
780432,Ethan Ampadu,8463,Leeds United,ENG-Premier League,2.1,42.9,1.0,,2.3,1.4,0.06,0.07,1.3,1.0,0.04,1.5,0.2,0.5,0.4,7.13,,10.0,0.7,2.2,0.4,2043,23,Midfielder
782502,Malang Sarr,8588,Lens,FRA-Ligue 1,3.8,50.5,1.0,,4.2,0.4,0.02,0.04,0.7,1.0,,2.4,0.1,0.7,0.1,7.56,,1.0,0.6,2.1,0.1,1890,21,Defender
784146,Moritz Nicolas,9788,Borussia Mönchengladbach,GER-Bundesliga,,22.8,1.0,8.0,0.8,0.0,0.0,,,,,0.0,,,,7.07,3.9,2.0,,0.0,,1980,22,Keeper
784241,Manu Morlanes,8661,Mallorca,ESP-La Liga,2.2,42.8,1.0,,1.2,0.9,0.08,0.06,1.2,,0.09,1.0,0.1,0.2,0.3,6.75,,11.0,0.4,3.2,0.4,953,18,Midfielder
784448,Thibault De Smet,6379,Paris FC,FRA-Ligue 1,1.4,39.3,1.0,,3.2,0.4,0.04,0.02,1.0,1.0,,0.5,,0.2,0.3,6.52,,4.0,0.4,1.8,0.2,946,14,Defender
785411,Marcos Senesi,8678,Bournemouth,ENG-Premier League,5.1,46.2,6.0,,7.6,4.0,0.16,0.05,0.9,4.0,,1.6,0.2,1.4,0.1,7.07,,20.0,0.5,1.8,0.1,2210,25,Defender
787242,Evan N'Dicka,8686,Roma,ITA-Serie A,3.3,50.6,1.0,,4.1,0.8,0.04,0.05,1.3,,,1.4,,0.5,0.1,7.12,,5.0,0.6,0.9,0.2,1746,20,Defender
789066,Cristian Romero,8586,Tottenham Hotspur,ENG-Premier League,2.2,47.2,4.0,,4.5,1.2,0.06,0.07,1.5,1.0,0.21,1.5,0.3,0.7,0.1,7.06,,9.0,0.8,2.8,0.4,1712,21,Defender
789502,Morgan Gibbs-White,10203,Nottingham Forest,ENG-Premier League,1.1,30.1,3.0,,1.0,2.0,0.08,0.27,0.8,2.0,0.24,0.4,0.7,0.1,0.5,6.94,,36.0,2.2,0.6,0.7,2215,26,Midfielder
789571,Robert Sánchez,8455,Chelsea,ENG-Premier League,,26.8,2.0,9.0,0.7,0.1,0.0,,0.1,1.0,,0.0,,,,7.29,2.7,5.0,,,,2165,25,Keeper
789630,Marcus Tavernier,8678,Bournemouth,ENG-Premier League,1.1,30.2,3.0,,1.5,2.5,0.13,0.26,1.0,3.0,0.25,0.6,0.7,0.1,0.8,7.11,,28.0,2.2,1.4,0.9,1765,22,Midfielder
789646,Jayden Bogle,8463,Leeds United,ENG-Premier League,1.0,22.0,2.0,,2.2,1.2,0.05,0.08,1.1,1.0,0.04,1.1,0.1,0.2,0.5,6.6,,10.0,0.5,2.1,0.5,2025,24,Defender
789914,Edmond Tapsoba,8178,Bayer 04 Leverkusen,GER-Bundesliga,3.5,84.0,2.0,,4.3,0.7,0.04,0.09,0.8,2.0,0.24,0.8,0.4,0.6,0.1,7.51,,7.0,1.1,1.0,0.4,1496,17,Defender
790732,Tommaso Pobega,9857,Bologna,ITA-Serie A,1.3,23.8,2.0,,1.6,0.6,0.05,0.13,2.1,1.0,0.17,1.3,0.7,0.6,0.5,6.63,,6.0,1.7,2.2,0.3,1068,17,Midfielder
792645,Pau Torres,10252,Aston Villa,ENG-Premier League,2.6,53.2,,,3.6,0.3,0.02,0.04,0.3,,,0.7,,1.0,0.1,6.81,,1.0,0.4,1.3,0.4,1209,15,Defender
792756,Michel Aebischer,6479,Pisa,ITA-Serie A,3.4,40.6,5.0,,1.0,1.7,0.08,0.02,1.2,1.0,0.05,1.1,0.0,0.2,0.4,6.95,,25.0,0.5,2.2,0.3,1984,24,Midfielder
793041,Federico Ravaglia,9857,Bologna,ITA-Serie A,,30.9,,2.0,1.3,0.0,0.0,,0.1,,,0.1,,,,6.82,3.7,,,0.2,0.1,1109,13,Keeper
793066,David Neres,9875,Napoli,ITA-Serie A,0.4,26.3,9.0,,0.2,3.2,0.31,0.15,1.8,3.0,0.29,0.1,0.4,0.3,0.8,6.88,,21.0,1.7,1.0,1.8,925,16,Attacker
793255,Florentino,8191,Burnley,ENG-Premier League,2.0,38.0,,,2.6,0.4,0.02,0.03,1.7,2.0,,1.6,0.1,0.4,0.1,6.78,,9.0,0.5,4.3,0.3,1587,22,Midfielder
793907,Trevoh Chalobah,8455,Chelsea,ENG-Premier League,1.6,68.4,,,6.2,0.8,0.03,0.05,0.7,,0.12,1.2,0.2,0.5,0.2,7.12,,3.0,0.5,1.3,0.2,2192,25,Defender
794253,Justin Kluivert,8678,Bournemouth,ENG-Premier League,1.2,26.5,3.0,,0.2,1.5,0.15,0.22,1.5,,0.2,0.4,0.4,0.1,1.0,6.59,,21.0,1.6,1.0,1.1,920,18,Midfielder
795179,Gabriel,9825,Arsenal,ENG-Premier League,2.4,54.2,4.0,,5.9,1.1,0.05,0.09,0.6,3.0,0.15,0.8,0.2,1.1,0.1,7.33,,5.0,0.8,1.1,0.0,1806,21,Defender
795371,Ibrahim Sangaré,10203,Nottingham Forest,ENG-Premier League,1.6,36.3,1.0,,2.3,1.3,0.09,0.07,1.7,2.0,0.14,1.0,0.3,0.8,0.2,6.91,,6.0,0.9,2.6,0.3,1320,18,Midfielder
796974,Pascal Struijk,8463,Leeds United,ENG-Premier League,2.0,51.7,1.0,,7.0,0.5,0.02,0.11,0.7,1.0,,1.0,0.2,0.7,0.0,6.9,,8.0,1.0,1.2,0.0,1988,23,Defender
797901,Jorge de Frutos,8370,Rayo Vallecano,ESP-La Liga,0.2,11.7,1.0,,0.5,2.0,0.12,0.32,1.4,1.0,0.41,0.2,0.9,,0.7,6.95,,19.0,1.9,1.2,0.9,1521,21,Attacker
798029,Ladislav Krejci,8602,Wolverhampton Wanderers,ENG-Premier League,3.6,42.4,1.0,,4.4,1.3,0.07,0.1,1.4,1.0,0.1,1.3,0.4,0.6,,6.55,,7.0,0.7,1.0,,1799,21,Defender
799230,Federico Baschirotto,7801,Cremonese,ITA-Serie A,2.3,39.0,,,6.7,0.1,0.01,0.04,1.6,,0.08,0.9,0.2,1.2,0.0,6.64,,1.0,0.5,1.0,,2250,25,Defender
800609,Matteo Guendouzi,8543,Lazio,ITA-Serie A,2.3,40.5,1.0,,0.9,1.2,0.07,0.08,1.1,1.0,0.13,0.7,0.5,0.4,0.4,7.01,,15.0,1.0,0.9,0.5,1430,16,
805352,Unai Nunez,9876,Verona,ITA-Serie A,3.0,30.7,,,4.4,0.4,0.03,0.03,1.9,,,1.6,0.1,0.9,0.1,6.6,,5.0,0.5,1.7,0.6,1265,17,Defender
805451,Alessandro Bastoni,8636,Internazionale,ITA-Serie A,5.1,62.6,7.0,,3.5,2.5,0.12,0.06,1.6,4.0,0.05,1.0,0.3,0.2,0.3,7.54,,21.0,0.8,1.9,0.2,1860,22,Defender
806552,Cody Gakpo,8650,Liverpool,ENG-Premier League,0.7,22.7,8.0,,0.8,4.1,0.21,0.27,1.3,3.0,0.26,0.4,0.6,0.1,0.6,7.28,,38.0,2.8,0.8,1.3,1747,24,Attacker
806669,David Raum,178475,RB Leipzig,GER-Bundesliga,3.0,49.6,13.0,,3.9,7.4,0.36,0.1,1.1,4.0,0.15,1.2,0.2,0.2,0.3,7.6,,65.0,0.9,2.0,0.6,1854,21,Defender
807148,Luca Pellegrini,8543,Lazio,ITA-Serie A,1.5,38.9,1.0,,1.9,0.7,0.06,0.04,1.5,,,1.2,0.2,0.5,,6.58,,9.0,0.4,1.7,0.6,1083,19,Defender
807729,Reece James,8455,Chelsea,ENG-Premier League,2.9,53.4,6.0,,1.9,2.3,0.13,0.05,1.4,4.0,0.12,1.6,0.4,0.4,0.4,7.25,,21.0,0.9,2.3,0.5,1537,23,Defender
812415,Hugo Magnetti,8521,Brest,FRA-Ligue 1,1.8,33.0,1.0,,1.9,0.9,0.05,0.02,1.4,,0.05,1.6,0.2,,0.3,6.87,,11.0,0.9,2.1,0.5,1735,21,Midfielder
812549,Marius Marin,6479,Pisa,ITA-Serie A,1.8,19.8,,,1.6,0.5,0.04,0.01,2.3,,,0.6,,0.3,0.4,6.43,,1.0,0.2,3.0,0.1,1031,19,Midfielder
812839,Martijn Kaars,8152,FC St. Pauli,GER-Bundesliga,0.3,18.0,1.0,,0.4,0.7,0.06,0.28,0.5,,0.29,,0.8,,0.3,6.33,,6.0,1.8,0.3,0.4,942,19,Attacker
813055,Mousa Tamari,9851,Rennes,FRA-Ligue 1,0.5,21.0,4.0,,0.3,2.9,0.19,0.19,0.9,3.0,0.2,0.5,1.0,0.1,1.0,6.93,,21.0,2.3,1.2,1.3,1365,21,Midfielder
814663,Alejandro Catena,8371,Osasuna,ESP-La Liga,4.1,40.2,1.0,,6.3,0.9,0.04,0.08,1.5,2.0,0.09,1.1,0.1,1.0,,6.92,,9.0,0.6,1.2,0.1,1935,22,Defender
815006,Phil Foden,8456,Manchester City,ENG-Premier League,1.9,44.9,7.0,,0.6,3.6,0.19,0.28,0.8,3.0,0.37,0.4,0.8,0.1,0.5,7.48,,42.0,2.5,1.4,1.0,1717,23,Midfielder
815465,Romain Perraud,8639,Lille,FRA-Ligue 1,0.9,37.9,6.0,,2.0,2.8,0.16,0.09,1.0,3.0,0.12,0.9,0.6,0.3,0.5,7.16,,28.0,1.3,1.8,0.3,1564,19,Defender
815912,Berke Özer,8639,Lille,FRA-Ligue 1,,26.3,,6.0,1.0,0.0,0.0,,,1.0,,,,,,7.14,2.6,2.0,,0.1,,1800,20,Keeper
816325,Boubacar Kamara,10252,Aston Villa,ENG-Premier League,2.0,45.8,,,1.3,0.9,0.05,0.03,1.1,3.0,0.06,1.1,0.3,0.5,0.3,7.25,,15.0,0.4,2.3,0.9,1418,18,Midfielder
817500,Mostafa Mohamed,9830,Nantes,FRA-Ligue 1,0.1,8.6,2.0,,0.8,0.7,0.07,0.25,1.4,,0.28,0.7,0.5,0.3,0.2,6.37,,8.0,2.6,0.7,0.3,965,18,Attacker
817724,Danny Namaso,8583,Auxerre,FRA-Ligue 1,0.9,20.3,2.0,,0.8,1.2,0.07,0.25,2.2,1.0,0.12,0.3,0.7,,0.9,6.73,,20.0,2.6,1.0,1.3,1535,18,Attacker
818893,Nicolo Zaniolo,8600,Udinese,ITA-Serie A,1.0,17.5,2.0,,,1.7,0.11,0.26,3.1,2.0,0.33,0.3,0.9,,1.3,6.91,,29.0,3.1,1.1,1.4,1347,21,Attacker
818975,Eberechi Eze,9825,Arsenal,ENG-Premier League,0.5,26.9,3.0,,0.6,1.7,0.13,0.21,0.9,2.0,0.31,0.5,0.9,0.1,0.5,6.9,,9.0,2.6,1.0,1.6,1157,22,Midfielder
819215,Lloyd Kelly,9885,Juventus,ITA-Serie A,2.8,53.4,,,4.0,0.2,0.01,0.02,1.4,,0.05,0.5,0.1,0.6,0.5,7.12,,3.0,0.5,1.5,0.6,1903,22,Defender
820024,Sean Longstaff,8463,Leeds United,ENG-Premier League,1.2,33.7,6.0,,1.0,1.3,0.13,0.08,1.0,2.0,0.1,1.0,0.2,0.5,0.5,,,21.0,1.2,3.5,,939,16,Midfielder
820140,Ibrahima Konaté,8650,Liverpool,ENG-Premier League,2.0,56.6,2.0,,6.1,0.8,0.04,0.04,1.1,,0.04,0.8,0.1,0.8,,7.18,,6.0,0.4,1.6,0.2,2151,25,Defender
820712,Koffi Kouao,8550,Metz,FRA-Ligue 1,2.6,36.3,1.0,,2.6,1.1,0.06,0.08,1.4,1.0,0.06,1.1,0.4,0.5,0.4,6.94,,9.0,0.9,2.9,1.1,1621,19,Defender
821100,Jørgen Strand Larsen,8602,Wolverhampton Wanderers,ENG-Premier League,,,1.0,,,,,,,1.0,,,,0.3,0.2,,,7.0,,0.3,0.3,1585,24,Attacker
821100,Jørgen Strand Larsen,9826,Crystal Palace,ENG-Premier League,0.2,11.4,,,1.4,0.5,0.03,0.21,2.0,,0.17,0.2,0.6,,,6.18,,,1.5,,,1585,24,Attacker
821728,Jorge Cuenca,9879,Fulham,ENG-Premier League,,,1.0,,,0.6,,,,,,,,,,,,3.0,,,,931,12,Defender
822440,Michael Folorunsho,8529,Cagliari,ITA-Serie A,0.8,15.2,1.0,,1.3,0.4,0.03,0.17,1.6,,0.07,0.4,0.4,0.1,0.3,6.56,,10.0,1.3,1.4,0.9,1313,16,Midfielder
823018,Alessandro Buongiorno,9875,Napoli,ITA-Serie A,1.0,55.1,,,4.0,0.3,0.02,0.07,1.7,1.0,,1.3,0.1,0.5,,6.87,,1.0,0.2,1.2,,1470,21,Defender
823293,Aron Dønnum,9941,Toulouse,FRA-Ligue 1,3.2,28.2,6.0,,0.6,4.9,0.26,0.23,1.2,3.0,0.16,1.1,0.6,0.1,0.5,7.41,,43.0,1.5,1.7,1.1,1681,19,Midfielder
823825,Randal Kolo Muani,8586,Tottenham Hotspur,ENG-Premier League,0.2,11.5,,,0.9,1.2,0.11,0.12,1.8,,,0.2,0.2,,0.7,6.27,,13.0,1.0,1.7,1.3,1028,18,Attacker
824623,Martin Frese,9876,Verona,ITA-Serie A,1.3,20.9,1.0,,3.2,1.4,0.08,0.1,1.6,,0.06,0.9,0.4,0.3,0.1,6.86,,20.0,0.9,2.8,,1477,19,Midfielder
824635,Diogo Leite,8149,1. FC Union Berlin,GER-Bundesliga,3.6,31.8,,,6.2,0.6,0.04,0.07,1.3,,,1.7,0.1,0.4,,6.94,,3.0,0.6,1.3,0.3,1361,16,Defender
831044,Hjalmar Ekdal,8191,Burnley,ENG-Premier League,1.7,30.8,,,7.3,0.3,0.02,0.02,0.4,,,0.7,0.1,0.6,,6.44,,3.0,0.4,1.5,0.2,1179,15,Defender
831474,Marin Pongracic,8535,Fiorentina,ITA-Serie A,2.5,55.6,1.0,,3.0,0.4,0.02,0.03,2.2,,,1.2,0.0,0.8,0.1,6.83,,5.0,0.3,1.0,0.6,2069,23,Defender
831489,Alexis Mac Allister,8650,Liverpool,ENG-Premier League,1.7,43.3,2.0,,1.3,1.1,0.06,0.11,0.8,2.0,,0.6,0.4,0.3,0.3,6.83,,20.0,1.7,1.6,0.4,1735,25,Midfielder
833219,Juan Foyth,10205,Villarreal,ESP-La Liga,3.0,48.8,,,5.4,0.2,0.02,0.01,0.8,,,1.5,,1.0,0.1,6.97,,,0.2,1.9,0.3,936,13,Defender
833638,Nikola Krstovic,8524,Atalanta,ITA-Serie A,0.6,18.0,3.0,,0.6,1.3,0.12,0.72,1.9,4.0,0.65,0.2,1.8,0.3,1.4,7.05,,13.0,5.2,0.6,0.7,976,21,Attacker
837089,Edu Exposito,8558,Espanyol,ESP-La Liga,2.5,29.5,8.0,,1.0,5.3,0.3,0.09,0.9,5.0,,0.8,0.5,0.1,0.4,7.09,,55.0,1.5,1.9,1.0,1582,23,Midfielder
839038,Elvis Rexhbecaj,8406,FC Augsburg,GER-Bundesliga,1.0,26.1,1.0,,1.4,1.1,0.1,0.04,1.2,,0.09,0.4,0.3,0.1,0.9,6.43,,10.0,0.9,1.2,0.4,950,19,Midfielder
839232,Fernando Calero,8558,Espanyol,ESP-La Liga,3.4,48.4,1.0,,5.7,0.1,0.01,0.1,0.4,,,1.3,0.1,1.5,,6.79,,3.0,0.5,1.2,0.1,1495,19,Defender
839750,Kervin Arriaga,8581,Levante,ESP-La Liga,1.9,37.1,1.0,,2.8,0.4,0.03,0.02,1.5,1.0,0.08,0.8,0.2,0.8,0.2,6.62,,3.0,0.6,2.2,0.4,1108,17,Midfielder
841672,Nicolás González,9906,Atlético de Madrid,ESP-La Liga,1.4,25.0,3.0,,1.5,1.8,0.14,0.21,1.7,,0.08,0.8,1.2,0.2,0.6,6.88,,10.0,2.7,1.3,1.4,1132,18,Midfielder
843040,Pedro Neto,8455,Chelsea,ENG-Premier League,1.2,26.9,9.0,,0.5,5.0,0.23,0.19,0.3,3.0,0.23,0.3,0.5,,0.5,7.12,,39.0,1.7,0.7,1.5,1991,26,Attacker
843099,Scott McTominay,9875,Napoli,ITA-Serie A,0.9,35.1,1.0,,1.9,1.2,0.05,0.28,0.7,3.0,0.28,0.8,1.2,0.4,0.9,7.33,,16.0,3.0,1.1,0.9,1938,23,Midfielder
844415,Éder Militao,8633,Real Madrid,ESP-La Liga,3.2,55.1,2.0,,4.1,0.7,0.06,0.12,1.2,1.0,0.09,0.9,0.7,0.9,0.3,7.45,,7.0,1.5,1.8,0.1,1002,13,Defender
844425,Marc Guehi,8456,Manchester City,ENG-Premier League,2.4,51.3,,,5.1,1.8,0.07,0.11,0.7,,,1.3,0.3,0.7,,7.32,,11.0,0.9,1.4,0.1,2160,24,Defender
844425,Marc Guehi,9826,Crystal Palace,ENG-Premier League,,,4.0,,,,,,,2.0,0.08,,,,0.2,,,,,,,2160,24,Defender
844477,Sergio Gomez,8560,Real Sociedad,ESP-La Liga,1.8,42.9,6.0,,2.2,3.0,0.17,0.05,1.8,1.0,,1.1,,0.2,0.3,7.07,,24.0,0.4,3.8,0.4,1615,22,Defender
844544,Pape Gueye,10205,Villarreal,ESP-La Liga,3.4,36.4,2.0,,2.1,2.1,0.16,0.08,1.9,1.0,0.15,1.1,0.4,0.3,0.7,6.94,,13.0,1.8,1.3,0.4,1217,18,Midfielder
844996,Matteo Gabbia,8564,Milan,ITA-Serie A,3.2,49.8,,,5.9,0.1,0.01,0.06,0.8,,,0.5,0.1,0.6,,7.02,,2.0,0.8,0.7,,1991,24,Defender
845943,Cristian Casseres Jr.,9941,Toulouse,FRA-Ligue 1,2.8,39.2,3.0,,1.0,2.5,0.13,0.08,1.3,,0.05,1.3,0.2,0.4,0.6,7.29,,25.0,0.9,3.1,0.8,1717,21,Midfielder
845998,Antonio Blanco,9866,Alavés,ESP-La Liga,3.3,51.3,1.0,,1.2,0.9,0.04,0.03,2.0,1.0,0.05,1.8,0.4,0.3,0.1,7.04,,12.0,1.1,3.0,0.7,1874,22,Midfielder
846000,Maxence Caqueret,10171,Como,ITA-Serie A,0.4,51.8,2.0,,0.3,1.4,0.14,0.1,1.3,4.0,0.1,0.7,0.3,0.3,0.4,6.91,,18.0,1.2,2.5,1.2,939,20,Midfielder
846005,Dominik Szoboszlai,8650,Liverpool,ENG-Premier League,3.5,54.0,5.0,,1.7,3.8,0.16,0.15,1.0,2.0,0.17,0.6,0.7,0.3,0.4,7.4,,44.0,2.0,1.5,0.9,2153,24,Midfielder
846033,Vinicius Junior,8633,Real Madrid,ESP-La Liga,1.4,31.2,6.0,,0.1,3.1,0.16,0.43,1.1,5.0,0.41,0.1,1.4,,0.7,7.65,,42.0,3.2,1.2,2.7,1768,23,Attacker
846383,Callum Hudson-Odoi,10203,Nottingham Forest,ENG-Premier League,1.1,28.9,4.0,,0.7,2.0,0.12,0.14,0.6,1.0,0.18,0.4,0.6,0.1,0.4,6.78,,32.0,1.6,0.7,1.5,1472,24,Attacker
846392,Montassar Talbi,8689,Lorient,FRA-Ligue 1,2.0,44.5,,,6.1,0.4,0.02,0.02,0.1,1.0,,0.9,0.1,0.8,0.0,6.91,,5.0,0.4,0.7,0.1,1890,21,Defender
847357,Mehdi Leris,6479,Pisa,ITA-Serie A,1.5,19.6,5.0,,2.3,1.6,0.13,0.12,1.3,3.0,0.08,0.9,0.5,0.6,0.5,6.79,,20.0,1.7,3.0,0.4,1069,23,Midfielder
847983,Lisandro Martinez,10260,Manchester United,ENG-Premier League,2.9,63.4,1.0,,4.6,0.5,0.05,0.01,0.8,,,1.0,,0.7,0.1,,,4.0,0.4,1.2,1.1,905,14,Defender
848034,Santiago Bueno,8602,Wolverhampton Wanderers,ENG-Premier League,2.1,35.3,,,3.6,1.0,0.06,0.09,1.0,1.0,0.12,1.0,0.2,0.6,,6.65,,7.0,0.2,2.1,,1563,18,Defender
848266,Weston McKennie,9885,Juventus,ITA-Serie A,0.9,30.3,4.0,,1.7,3.9,0.2,0.27,1.6,4.0,0.2,0.9,0.7,0.3,0.4,7.24,,28.0,1.7,1.3,0.6,1765,24,Midfielder
848289,Takefusa Kubo,8560,Real Sociedad,ESP-La Liga,0.4,22.7,5.0,,0.7,2.3,0.18,0.17,0.5,3.0,0.15,0.5,0.9,,0.5,7.16,,26.0,1.9,1.9,2.1,1183,18,Attacker
848844,Rafael Leao,8564,Milan,ITA-Serie A,0.7,22.8,6.0,,0.5,1.9,0.14,0.43,1.1,2.0,0.61,0.2,1.4,,0.5,7.15,,10.0,2.7,0.3,1.0,1172,18,Attacker
850295,Alessio Zerbin,7801,Cremonese,ITA-Serie A,0.8,18.8,4.0,,1.7,1.7,0.14,0.12,1.5,2.0,,0.2,0.6,0.2,0.1,6.52,,11.0,1.4,2.5,0.5,1084,20,Midfielder
850354,Bruno Guimaraes,10261,Newcastle United,ENG-Premier League,2.9,45.4,5.0,,1.3,3.6,0.16,0.22,1.5,4.0,0.4,0.5,0.8,0.0,0.7,7.63,,38.0,1.4,2.2,0.6,2018,23,Midfielder
852071,Juan Hernández,8603,Real Betis,ESP-La Liga,1.3,17.0,6.0,,1.1,1.7,0.09,0.42,0.9,3.0,0.44,0.4,0.8,0.1,0.8,7.33,,27.0,3.1,1.1,0.9,1651,19,Attacker
853108,Jean-Philippe Krasso,6379,Paris FC,FRA-Ligue 1,0.5,14.1,4.0,,0.6,2.2,0.21,0.28,1.5,2.0,0.19,0.1,0.8,0.1,0.5,6.53,,19.0,2.0,1.2,1.3,962,21,Attacker
857120,Ayumu Seko,9746,Le Havre,FRA-Ligue 1,2.3,26.9,1.0,,3.7,1.1,0.06,0.05,1.0,,,1.1,0.2,0.1,0.3,6.91,,9.0,0.7,1.7,0.1,1725,20,Defender
857269,Gleison Bremer,9885,Juventus,ITA-Serie A,2.3,46.9,,,3.9,0.9,0.07,0.12,0.9,2.0,0.23,0.8,0.4,0.6,0.1,7.29,,6.0,0.8,0.9,,1187,15,Defender
859282,Daniel Munoz,9826,Crystal Palace,ENG-Premier League,0.9,23.9,5.0,,3.5,3.3,0.19,0.11,1.2,2.0,0.17,1.1,0.5,0.1,0.3,7.26,,18.0,1.0,2.3,0.1,1587,18,Midfielder
860260,Derrick Köhn,8149,1. FC Union Berlin,GER-Bundesliga,1.2,20.1,3.0,,1.9,2.3,0.17,0.05,1.6,1.0,,0.4,0.1,0.3,0.3,6.57,,16.0,1.1,1.7,0.6,1258,20,Midfielder
860314,Nahuel Tenaglia,9866,Alavés,ESP-La Liga,2.2,34.9,1.0,,4.5,0.3,0.01,0.04,0.8,,0.05,1.1,0.1,0.8,0.1,6.88,,5.0,0.6,1.6,0.4,1980,22,Defender
860592,Sebastian Walukiewicz,7943,Sassuolo,ITA-Serie A,1.4,33.9,1.0,,2.8,1.9,0.09,0.01,1.0,1.0,,0.8,,0.3,0.1,6.76,,18.0,0.3,1.5,0.6,2048,24,Defender
860913,Jhon Lucumi,9857,Bologna,ITA-Serie A,4.8,56.4,,,3.8,0.3,0.02,0.06,0.8,,0.07,1.3,0.1,0.6,0.1,6.91,,4.0,0.5,1.5,0.2,1282,17,Defender
860914,Luis Diaz,9823,Bayern München,GER-Bundesliga,1.6,40.4,11.0,,0.1,5.5,0.28,0.59,1.1,10.0,0.67,0.5,1.5,0.1,1.0,8.06,,46.0,3.2,0.7,2.5,1750,21,Attacker
861805,Jaka Bijol,8463,Leeds United,ENG-Premier League,2.8,45.5,1.0,,6.3,0.5,0.04,0.04,0.8,1.0,0.08,1.5,0.3,0.4,0.1,7.0,,3.0,0.5,1.3,0.2,1075,13,Defender
862608,Kaoru Mitoma,10204,Brighton and Hove Albion,ENG-Premier League,0.5,23.2,3.0,,0.7,2.0,0.15,0.17,1.1,1.0,0.15,0.5,0.5,,0.4,6.81,,22.0,1.1,0.8,1.5,1188,16,Attacker
863098,Matheus Cunha,10260,Manchester United,ENG-Premier League,0.9,26.1,3.0,,0.7,2.2,0.12,0.29,0.7,2.0,0.33,0.7,1.3,0.1,0.9,7.17,,23.0,3.4,1.4,1.7,1634,23,Attacker
864006,Matteo Tramoni,6479,Pisa,ITA-Serie A,0.8,14.3,4.0,,0.6,2.1,0.16,0.2,1.1,2.0,0.15,0.7,0.5,,1.2,6.64,,25.0,1.8,1.7,0.4,1227,22,Midfielder
864145,Grégoire Coudert,8521,Brest,FRA-Ligue 1,,17.3,,3.0,0.9,0.0,0.0,,,,,,,,,7.03,3.2,,,,0.1,1111,13,Keeper
864157,Jan-Niklas Beste,8358,Sport-Club Freiburg,GER-Bundesliga,0.9,18.2,2.0,,1.3,3.0,0.24,0.13,0.9,2.0,0.08,1.0,0.6,,0.3,6.99,,26.0,1.2,2.0,0.6,1128,17,Attacker
865010,Nicolas Cozza,9830,Nantes,FRA-Ligue 1,1.4,27.0,,,3.7,0.4,0.03,0.01,0.7,,,0.8,,0.2,0.3,6.49,,7.0,0.3,1.4,0.5,1313,18,Defender
865931,Max Kilman,8654,West Ham United,ENG-Premier League,1.6,34.9,,,6.4,0.3,0.02,0.03,0.9,,,0.5,0.1,1.4,,6.36,,4.0,0.4,0.9,0.2,1559,21,Defender
866516,Teun Koopmeiners,9885,Juventus,ITA-Serie A,2.0,55.2,,,2.1,1.1,0.07,0.07,1.7,,,1.2,0.3,0.4,0.3,6.83,,16.0,1.4,1.5,0.1,1354,22,Midfielder
866708,Oumar Solet,8600,Udinese,ITA-Serie A,4.8,52.5,2.0,,4.0,1.6,0.07,0.1,1.0,1.0,0.13,1.5,0.2,0.5,0.2,7.15,,14.0,1.1,2.1,0.9,2141,25,Defender
867080,Jeff Chabot,10269,VfB Stuttgart,GER-Bundesliga,3.9,64.8,,,7.5,0.5,0.03,0.05,1.4,,,1.5,0.2,0.7,0.2,7.3,,4.0,0.8,1.2,0.2,1521,18,Defender
867225,Mehmet Zeki Celik,8686,Roma,ITA-Serie A,1.4,38.2,2.0,,2.1,1.3,0.07,0.07,1.2,2.0,0.05,0.6,0.2,0.2,0.3,7.1,,16.0,0.9,2.2,0.4,1753,22,Defender
867414,Sandro Tonali,10261,Newcastle United,ENG-Premier League,2.7,46.7,3.0,,1.3,1.6,0.08,0.08,0.9,1.0,,1.2,0.3,0.3,0.4,7.0,,18.0,1.3,1.3,0.9,1776,26,Midfielder
867789,Emanuele Valeri,10167,Parma,ITA-Serie A,1.8,20.4,3.0,,1.4,2.6,0.15,0.02,0.6,1.0,,0.9,0.2,0.1,0.3,6.75,,31.0,0.9,1.8,0.6,1582,21,Defender
868344,Tijjani Reijnders,8456,Manchester City,ENG-Premier League,0.7,39.0,4.0,,1.0,2.0,0.12,0.24,1.1,2.0,0.31,0.5,0.9,0.1,0.8,7.0,,16.0,2.5,0.6,1.1,1464,24,Midfielder
872396,Pathé Ciss,8370,Rayo Vallecano,ESP-La Liga,3.7,53.0,,,2.9,0.3,0.02,0.13,1.3,,0.08,1.4,0.5,0.6,0.1,6.83,,7.0,0.9,2.5,0.3,1130,16,Midfielder
872934,Philipp Köhn,9829,Monaco,FRA-Ligue 1,,19.7,,4.0,0.5,0.0,0.0,,,,,0.1,,,,6.64,2.5,,,,,1349,16,Keeper
873270,Anastasios Douvikas,10171,Como,ITA-Serie A,0.5,11.6,2.0,,0.5,1.3,0.09,0.5,1.2,,0.54,0.2,1.3,0.2,0.3,6.73,,17.0,2.7,0.7,0.6,1338,25,Attacker
873289,Marc Cucurella,8455,Chelsea,ENG-Premier League,1.8,45.2,4.0,,3.4,2.7,0.13,0.08,1.5,3.0,0.05,1.0,0.2,0.3,0.1,7.11,,25.0,0.7,2.0,0.0,1889,24,Defender
873573,Sam Beukema,9875,Napoli,ITA-Serie A,2.4,62.6,,,3.9,0.1,0.01,0.1,0.9,,0.09,0.8,0.2,0.9,,6.88,,3.0,0.4,1.0,0.1,963,14,Defender
873956,Juan Miranda,9857,Bologna,ITA-Serie A,4.5,44.6,3.0,,2.5,3.1,0.17,0.02,1.0,,0.06,1.2,0.2,0.2,0.2,7.17,,43.0,0.5,1.4,0.2,1636,21,Defender
874025,Vitaliy Mykolenko,8668,Everton,ENG-Premier League,1.5,28.5,1.0,,4.2,2.1,0.1,0.01,1.0,1.0,,1.0,0.1,0.3,0.4,6.79,,15.0,0.4,1.4,0.4,1970,22,Defender
874621,Martin Payero,7801,Cremonese,ITA-Serie A,0.9,21.2,1.0,,1.2,0.5,0.04,0.12,2.4,,0.08,0.6,0.4,0.2,0.3,6.54,,8.0,1.5,1.3,1.5,1146,17,Midfielder
877401,Calvin Bassey,9879,Fulham,ENG-Premier League,1.9,54.9,,,4.2,0.2,0.01,0.06,0.9,,0.06,0.8,0.1,0.9,0.1,6.54,,4.0,0.4,2.1,0.4,1452,18,Defender
879065,Antonino Gallo,9888,Lecce,ITA-Serie A,2.2,25.8,,,3.5,1.2,0.05,0.02,0.2,1.0,,0.4,0.0,0.1,0.0,6.91,,21.0,0.2,2.2,0.4,2039,25,Defender
880095,James Sands,8152,FC St. Pauli,GER-Bundesliga,1.0,31.8,2.0,,1.5,0.7,0.04,0.05,1.2,,0.05,2.0,0.2,0.3,0.2,6.88,,9.0,0.8,2.0,0.1,1760,21,Midfielder
881500,Lyle Foster,8191,Burnley,ENG-Premier League,0.4,11.8,1.0,,1.1,0.4,0.03,0.2,1.6,1.0,0.26,0.3,0.4,0.3,0.5,6.29,,8.0,1.3,1.0,0.7,1028,19,Attacker
881640,Lutsharel Geertruida,8472,Sunderland,ENG-Premier League,1.6,36.0,,,2.3,0.6,0.05,0.07,0.6,,,1.1,0.1,0.5,0.3,6.59,,6.0,0.4,2.0,0.5,1012,20,Defender
881735,Anton Stach,8463,Leeds United,ENG-Premier League,1.8,30.1,7.0,,2.0,3.3,0.18,0.12,1.4,3.0,0.16,0.7,0.5,0.4,0.8,7.3,,44.0,2.0,2.4,0.8,1699,21,Midfielder
881771,Ferran Torres,8634,Barcelona,ESP-La Liga,0.3,14.5,3.0,,0.3,1.3,0.09,0.75,0.6,1.0,0.79,0.2,1.7,0.1,0.6,7.22,,17.0,3.5,0.3,0.3,1370,22,Attacker
882400,Jessy Deminguet,8550,Metz,FRA-Ligue 1,2.8,36.8,,,0.8,0.5,0.03,0.02,1.2,,0.07,0.8,0.2,0.1,0.2,6.43,,3.0,0.5,1.8,0.6,1297,21,Midfielder
883080,Morgan Rogers,10252,Aston Villa,ENG-Premier League,1.0,21.1,10.0,,0.9,2.9,0.11,0.19,1.3,5.0,0.31,0.4,0.9,0.0,0.6,7.07,,33.0,2.2,1.1,1.1,2320,26,Attacker
883087,Ridle Baku,178475,RB Leipzig,GER-Bundesliga,3.9,54.4,7.0,,3.2,4.0,0.23,0.08,1.0,2.0,0.06,0.7,0.2,0.3,0.3,7.03,,27.0,1.2,2.4,0.6,1556,20,Defender
883823,Elisha Owusu,8583,Auxerre,FRA-Ligue 1,1.2,28.2,,,1.8,0.4,0.03,0.0,1.7,,,1.3,,0.4,0.6,6.76,,6.0,0.2,2.6,0.4,1269,17,Midfielder
886016,Kiernan Dewsbury-Hall,8668,Everton,ENG-Premier League,1.0,29.6,6.0,,1.3,3.3,0.19,0.13,1.2,2.0,0.29,0.5,0.4,,0.7,7.16,,23.0,1.3,1.7,0.9,1565,19,Midfielder
887703,Wilson Isidor,8472,Sunderland,ENG-Premier League,,5.2,,,1.2,0.1,0.01,0.32,1.2,,0.36,,1.2,0.1,0.3,6.31,,,3.2,0.7,0.5,1011,23,Attacker
888912,Mikkel Damsgaard,9937,Brentford,ENG-Premier League,1.4,28.0,9.0,,0.7,3.7,0.25,0.08,0.8,3.0,0.07,1.1,0.4,0.2,1.1,6.89,,29.0,1.0,2.5,0.8,1303,22,Midfielder
888921,Lewis Ferguson,9857,Bologna,ITA-Serie A,2.8,54.3,1.0,,1.8,1.1,0.09,0.05,2.2,,0.08,0.4,0.2,0.6,0.2,6.55,,12.0,0.8,1.4,0.1,1123,18,Midfielder
889534,Emile Smith Rowe,9879,Fulham,ENG-Premier League,0.4,41.8,1.0,,0.8,0.9,0.06,0.25,0.3,,0.21,1.3,0.5,0.1,0.4,6.69,,13.0,1.8,1.3,0.6,1269,26,Midfielder
889535,Yann Aurel Bisseck,8636,Internazionale,ITA-Serie A,1.3,55.3,,,4.1,0.5,0.04,0.17,1.3,1.0,0.15,0.8,0.7,0.4,0.1,7.32,,5.0,1.6,1.3,0.5,1192,14,Defender
889536,Timothy Weah,8592,Marseille,FRA-Ligue 1,0.9,32.1,3.0,,1.1,1.7,0.11,0.09,1.3,2.0,0.13,0.6,0.5,0.2,0.2,6.95,,18.0,1.1,1.8,0.6,1417,19,Midfielder
890263,Jordan Teze,9829,Monaco,FRA-Ligue 1,2.7,43.0,2.0,,2.4,2.3,0.14,0.02,1.5,,,1.1,0.1,0.3,0.4,6.88,,18.0,0.5,2.3,0.1,1527,21,Defender
891743,Mohammed Kudus,8586,Tottenham Hotspur,ENG-Premier League,1.1,22.1,3.0,,0.3,2.4,0.14,0.11,1.3,5.0,0.12,0.2,0.5,,0.7,6.99,,23.0,1.5,1.7,3.0,1545,19,Attacker
894802,Moritz Jenz,8721,VfL Wolfsburg,GER-Bundesliga,1.4,47.7,,,6.8,0.2,0.01,0.04,1.3,,0.07,0.6,0.1,0.7,0.1,6.62,,2.0,0.4,1.9,,1260,14,Defender
894803,Djed Spence,8586,Tottenham Hotspur,ENG-Premier League,1.7,33.7,4.0,,2.4,1.4,0.08,0.05,1.0,,,0.6,0.3,0.2,0.4,6.72,,8.0,0.5,1.6,1.3,1601,21,Defender
896402,José Copete,10267,Valencia CF,ESP-La Liga,2.6,43.5,,,5.9,0.6,0.03,0.08,1.0,,,1.2,,0.8,0.2,6.68,,5.0,0.6,1.3,0.4,1670,20,Defender
897315,Simone Canestrelli,6479,Pisa,ITA-Serie A,1.8,27.3,,,6.0,0.2,0.01,0.04,1.1,,,0.8,0.0,0.7,0.0,6.57,,7.0,0.4,1.3,0.0,2205,25,Defender
900433,Khvicha Kvaratskhelia,9847,Paris Saint-Germain,FRA-Ligue 1,1.1,43.8,7.0,,0.4,4.0,0.38,0.33,1.3,3.0,0.39,0.6,1.6,0.2,0.7,7.13,,25.0,3.7,1.6,2.4,927,18,Attacker
900523,Keven Schlotterbeck,8406,FC Augsburg,GER-Bundesliga,3.8,46.5,1.0,,5.7,0.8,0.05,0.03,1.3,1.0,,1.0,0.1,1.0,,7.1,,9.0,0.6,1.7,0.4,1476,17,Defender
901495,Albert Sambi Lokonga,9790,Hamburger SV,GER-Bundesliga,1.3,33.4,,,1.0,1.1,0.09,0.1,1.0,,0.34,0.9,0.7,0.8,0.5,6.93,,17.0,1.2,1.8,0.5,1056,16,Midfielder
902651,Raoul Bellanova,8524,Atalanta,ITA-Serie A,1.1,29.9,1.0,,1.6,1.4,0.13,0.03,0.1,1.0,,0.6,0.2,0.2,0.4,6.87,,17.0,0.9,1.2,0.4,1001,15,Midfielder
906937,Anthony Gordon,10261,Newcastle United,ENG-Premier League,1.0,22.9,5.0,,0.6,3.1,0.21,0.38,0.8,2.0,0.21,0.1,0.8,,0.5,6.94,,21.0,2.3,1.0,1.8,1315,20,Attacker
909907,Cameron Puertas,8697,SV Werder Bremen,GER-Bundesliga,1.1,30.8,1.0,,1.2,1.1,0.1,0.1,1.7,,,0.8,0.4,0.3,0.5,6.61,,9.0,2.0,3.4,0.6,939,17,Midfielder
914103,Johan Vásquez,10233,Genoa,ITA-Serie A,3.1,47.0,,,4.7,0.5,0.02,0.04,0.8,,,1.1,0.2,0.9,0.1,6.73,,6.0,0.8,1.5,0.2,2233,25,Defender
914458,Aurélien Tchouaméni,8633,Real Madrid,ESP-La Liga,1.9,59.6,4.0,,2.0,2.4,0.12,0.08,1.0,,,1.2,0.2,0.5,0.3,7.42,,18.0,1.2,2.5,,1735,21,Midfielder
915797,Noah Okafor,8463,Leeds United,ENG-Premier League,1.3,13.3,2.0,,0.8,1.0,0.07,0.3,1.1,,0.28,0.7,0.6,,0.5,6.78,,14.0,1.8,1.4,2.3,1277,23,Attacker
916710,Alessandro Zanoli,8600,Udinese,ITA-Serie A,0.6,19.5,3.0,,2.5,1.1,0.07,0.01,1.1,2.0,0.07,0.5,0.1,0.3,0.3,6.94,,15.0,0.2,1.7,1.0,1290,19,Midfielder
917802,Wesley Fofana,8455,Chelsea,ENG-Premier League,1.8,59.3,1.0,,7.4,0.5,0.05,0.02,1.2,1.0,,2.1,,1.2,0.1,7.08,,1.0,0.2,1.3,0.7,954,15,Defender
919435,Sepp van den Berg,9937,Brentford,ENG-Premier League,1.9,40.1,3.0,,6.5,0.5,0.02,0.08,0.5,1.0,,0.9,0.2,0.6,0.0,6.8,,4.0,0.6,0.7,0.0,1853,21,Defender
919742,Senne Lynen,8697,SV Werder Bremen,GER-Bundesliga,3.0,43.7,,,3.1,1.3,0.06,0.03,1.3,,,2.3,0.1,0.3,0.2,6.67,,9.0,0.8,2.0,0.1,1857,21,Midfielder
921341,Alexis Saelemaekers,8564,Milan,ITA-Serie A,0.9,36.9,4.0,,0.9,3.3,0.16,0.1,0.7,3.0,0.1,0.9,0.3,0.1,0.7,7.51,,30.0,1.4,2.4,1.8,1874,23,Midfielder
921543,Morten Frendrup,10233,Genoa,ITA-Serie A,1.1,31.1,1.0,,2.7,0.7,0.03,0.02,1.4,,0.04,1.2,0.1,0.4,0.6,7.05,,9.0,0.4,2.9,0.2,2022,24,Midfielder
921594,Domagoj Bradaric,9876,Verona,ITA-Serie A,0.7,18.8,4.0,,1.9,1.9,0.11,0.03,0.4,,,0.4,0.3,0.1,0.3,6.57,,17.0,0.5,1.4,0.2,1539,20,Midfielder
921825,Jon Moncayola,8371,Osasuna,ESP-La Liga,3.2,35.0,7.0,,1.6,2.3,0.11,0.08,1.2,4.0,,0.7,0.1,0.1,0.4,7.08,,26.0,0.8,1.6,0.5,1847,22,Midfielder
921921,Kristian Thorstvedt,7943,Sassuolo,ITA-Serie A,0.5,29.7,3.0,,1.6,1.2,0.08,0.21,1.4,2.0,0.13,1.2,0.5,0.3,0.4,6.95,,23.0,1.6,1.6,0.5,1378,20,Midfielder
923196,Lassine Sinayoko,8583,Auxerre,FRA-Ligue 1,0.5,19.0,5.0,,0.5,2.3,0.12,0.35,0.8,3.0,0.3,0.9,1.0,,0.9,7.07,,26.0,2.7,1.2,1.2,1805,21,Attacker
923298,Pablo Martinez,8581,Levante,ESP-La Liga,1.9,24.3,6.0,,1.4,2.2,0.17,0.13,1.5,2.0,0.08,1.2,0.3,0.7,0.5,6.76,,19.0,1.8,0.9,0.9,1175,17,Midfielder
923312,Bryan Mbeumo,10260,Manchester United,ENG-Premier League,0.6,23.6,3.0,,0.3,3.8,0.19,0.36,0.7,2.0,0.45,0.2,1.4,0.0,0.8,7.3,,32.0,2.6,0.8,0.6,1810,21,Attacker
924485,Mark McKenzie,9941,Toulouse,FRA-Ligue 1,1.6,36.8,2.0,,4.0,0.8,0.04,0.02,1.2,2.0,,0.7,0.1,0.5,0.1,6.92,,11.0,0.3,1.8,0.2,1637,20,Defender
924610,Yukinari Sugawara,8697,SV Werder Bremen,GER-Bundesliga,2.4,33.8,2.0,,2.8,2.0,0.1,0.08,0.7,4.0,,0.5,0.4,0.1,0.3,6.69,,12.0,1.3,1.1,0.5,1756,21,Defender
926445,Finn Dahmen,8406,FC Augsburg,GER-Bundesliga,,29.8,1.0,4.0,1.5,0.2,0.01,,,,,,,,,6.66,2.6,3.0,,0.1,,1980,22,Keeper
928454,Josha Vagnoman,10269,VfB Stuttgart,GER-Bundesliga,0.8,29.2,3.0,,2.4,1.9,0.12,0.19,1.1,3.0,0.06,0.2,0.7,0.1,0.1,6.99,,16.0,1.2,1.9,0.4,1398,20,Defender
929838,Hugo Duro,10267,Valencia CF,ESP-La Liga,0.3,13.3,1.0,,1.1,0.7,0.04,0.33,0.9,,0.44,0.2,0.6,0.4,0.3,6.66,,12.0,1.6,0.7,0.2,1425,23,Attacker
933576,Antoine Semenyo,8456,Manchester City,ENG-Premier League,,19.2,5.0,,0.9,2.2,0.09,0.33,1.9,4.0,0.52,0.4,1.3,,0.7,7.38,,29.0,2.4,1.3,1.4,2247,25,Attacker
933576,Antoine Semenyo,8678,Bournemouth,ENG-Premier League,0.9,,,,,,,,,,,,,0.1,,,,,,,,2247,25,Attacker
933768,Curtis Jones,8650,Liverpool,ENG-Premier League,2.7,74.9,3.0,,0.8,2.3,0.18,0.09,0.7,1.0,,0.6,0.3,0.2,0.5,6.89,,17.0,1.2,1.8,1.2,1111,23,Midfielder
933817,Riccardo Sottil,9888,Lecce,ITA-Serie A,0.7,17.7,6.0,,0.3,2.6,0.24,0.06,0.9,2.0,0.09,0.2,0.3,,0.3,6.54,,23.0,1.7,0.4,1.2,995,19,Attacker
934156,Jurgen Ekkelenkamp,8600,Udinese,ITA-Serie A,0.3,20.5,3.0,,1.4,1.5,0.09,0.19,0.9,1.0,0.18,0.6,0.7,0.2,0.3,6.88,,21.0,1.4,1.9,0.6,1463,21,Midfielder
935380,Enrico Del Prato,10167,Parma,ITA-Serie A,1.7,32.6,1.0,,3.6,0.6,0.03,0.08,0.7,,0.04,0.9,0.3,0.6,0.0,6.73,,4.0,0.6,1.2,0.1,2033,24,Defender
935406,Luca Ranieri,8535,Fiorentina,ITA-Serie A,3.2,41.4,2.0,,3.8,0.9,0.06,0.09,1.1,,0.06,0.7,0.2,0.4,0.1,6.73,,7.0,0.8,1.4,0.4,1410,22,Defender
935550,Torbjørn Heggem,9857,Bologna,ITA-Serie A,4.0,44.0,,,4.4,0.1,0.01,0.05,1.4,,,0.9,0.1,0.3,,6.65,,3.0,0.5,1.3,0.4,1819,21,Defender
935622,Marcus Holmgren Pedersen,9804,Torino,ITA-Serie A,0.9,19.3,2.0,,1.1,1.6,0.1,0.05,1.3,,,0.4,0.1,0.1,0.2,6.43,,10.0,0.6,1.0,0.5,1475,19,Midfielder
935769,Armand Laurienté,7943,Sassuolo,ITA-Serie A,0.6,20.5,8.0,,0.6,2.7,0.15,0.13,1.4,3.0,0.22,0.2,1.0,,0.5,6.79,,33.0,2.6,0.8,0.9,1603,25,Attacker
936140,Sebastian Sebulonsen,8722,1. FC Köln,GER-Bundesliga,1.2,22.4,4.0,,3.0,2.6,0.13,0.06,0.4,,,0.6,0.1,0.2,0.1,6.51,,16.0,1.2,1.6,0.6,1805,22,Defender
936164,Michel Ndary Adopo,8529,Cagliari,ITA-Serie A,0.6,25.6,1.0,,1.4,0.4,0.02,0.07,1.1,1.0,0.05,0.9,0.4,0.2,0.4,6.73,,18.0,0.9,1.7,0.5,2000,25,Midfielder
937412,Jay Idzes,7943,Sassuolo,ITA-Serie A,1.2,37.1,1.0,,5.1,0.5,0.02,0.0,1.0,,,1.3,,0.6,0.0,6.67,,1.0,0.2,0.9,0.2,2159,24,Defender
938247,Mohammed Salisu,9829,Monaco,FRA-Ligue 1,2.1,59.5,,,7.0,0.2,0.02,0.06,1.4,,0.08,1.4,0.2,1.8,0.2,7.07,,2.0,0.7,2.1,0.2,1080,12,Defender
939061,Giorgi Tsitaishvili,8550,Metz,FRA-Ligue 1,0.7,19.5,4.0,,1.5,3.2,0.18,0.06,0.7,1.0,0.12,0.4,0.2,0.1,0.2,6.67,,25.0,1.1,0.7,1.2,1546,22,Attacker
939569,Jonathan David,9885,Juventus,ITA-Serie A,0.2,21.9,4.0,,0.2,1.3,0.09,0.52,1.3,4.0,0.35,0.3,1.0,,0.9,6.79,,27.0,2.2,0.7,0.3,1296,24,Attacker
939780,Isak Hien,8524,Atalanta,ITA-Serie A,2.9,47.5,,,4.7,0.3,0.02,0.04,1.7,,0.06,1.1,0.2,0.7,,6.81,,1.0,0.4,2.1,0.2,1518,20,Defender
940087,Goncalo Ramos,9847,Paris Saint-Germain,FRA-Ligue 1,0.2,18.4,1.0,,0.3,0.5,0.05,0.62,1.8,,0.4,0.3,2.0,,0.7,6.7,,10.0,4.1,0.9,0.9,911,21,Attacker
940446,Brian Brobbey,8472,Sunderland,ENG-Premier League,0.1,8.4,1.0,,0.6,0.3,0.02,0.21,1.1,1.0,0.4,,0.8,0.3,0.2,6.55,,6.0,1.6,0.6,0.1,1131,21,Attacker
940573,Eric Garcia,8634,Barcelona,ESP-La Liga,2.4,67.5,1.0,,2.7,1.3,0.06,0.13,1.2,1.0,0.05,1.6,0.3,0.3,0.2,7.37,,24.0,1.0,2.5,0.1,1905,24,Defender
940743,Daniel Vivian,8315,Athletic Club,ESP-La Liga,3.6,40.3,1.0,,5.2,0.5,0.02,0.06,1.5,,,1.3,0.2,0.5,0.2,6.55,,3.0,0.6,1.7,0.1,1648,19,Defender
940829,Carlos Augusto,8636,Internazionale,ITA-Serie A,0.6,44.9,,,2.5,1.3,0.11,0.1,1.6,1.0,0.09,0.5,0.4,0.3,0.4,6.93,,10.0,1.2,2.1,0.5,986,22,Midfielder
940976,Kang-In Lee,9847,Paris Saint-Germain,FRA-Ligue 1,3.6,56.0,8.0,,0.5,3.3,0.31,0.16,1.3,2.0,0.19,0.2,1.0,0.1,0.7,7.19,,32.0,2.8,1.1,1.3,949,17,Midfielder
941213,Crysencio Summerville,8654,West Ham United,ENG-Premier League,0.4,19.1,1.0,,1.2,1.3,0.07,0.18,1.8,1.0,0.23,0.6,0.7,0.2,0.5,6.95,,16.0,1.9,1.4,1.6,1594,21,Attacker
941573,Pedro Porro,8586,Tottenham Hotspur,ENG-Premier League,4.0,35.3,5.0,,3.5,2.8,0.14,0.02,1.1,2.0,,0.8,0.1,0.3,0.3,7.06,,32.0,0.8,2.1,0.5,1824,23,Defender
941656,Samuele Ricci,8564,Milan,ITA-Serie A,2.4,40.2,4.0,,1.9,1.4,0.13,0.12,0.6,3.0,0.09,0.6,0.6,0.4,0.4,6.81,,14.0,1.3,0.9,0.3,981,21,Midfielder
941953,Saul Coco,9804,Torino,ITA-Serie A,2.3,36.9,,,5.1,0.3,0.01,0.03,1.3,1.0,0.05,1.1,0.2,1.4,0.0,6.78,,7.0,0.6,1.7,0.3,1980,22,Defender
942193,Mikael Egill Ellertsson,10233,Genoa,ITA-Serie A,0.4,15.1,5.0,,1.2,1.5,0.08,0.09,0.9,1.0,0.05,0.6,0.3,0.2,0.3,6.54,,12.0,0.8,1.3,0.4,1745,24,Midfielder
942358,Felix Correia,8639,Lille,FRA-Ligue 1,1.9,31.1,8.0,,0.4,3.8,0.27,0.19,0.5,5.0,0.21,0.9,0.4,0.1,0.6,6.91,,27.0,1.6,0.9,0.7,1257,22,Attacker
942368,Jérémy Doku,8456,Manchester City,ENG-Premier League,0.8,29.8,10.0,,,4.4,0.33,0.13,1.3,4.0,0.08,0.8,0.6,,0.8,7.26,,39.0,1.5,1.1,4.7,1187,20,Attacker
942381,Jurrien Timber,9825,Arsenal,ENG-Premier League,0.8,34.6,4.0,,1.7,1.3,0.05,0.18,1.4,3.0,0.08,0.9,0.2,0.2,0.2,7.21,,21.0,0.9,2.4,0.5,2182,26,Defender
947884,Wouter Burger,8226,TSG 1899 Hoffenheim,GER-Bundesliga,2.2,37.0,9.0,,2.7,3.5,0.2,0.15,2.3,5.0,0.23,0.7,0.6,0.3,0.8,7.46,,33.0,1.4,2.5,0.2,1551,19,Midfielder
949731,Gabriele Zappa,8529,Cagliari,ITA-Serie A,1.7,41.9,3.0,,2.7,1.4,0.09,0.03,0.8,3.0,,1.0,,0.1,0.1,6.68,,9.0,0.6,1.7,0.2,1306,22,Defender
950473,Mason Greenwood,8592,Marseille,FRA-Ligue 1,3.3,40.0,9.0,,0.1,4.1,0.22,0.57,0.7,4.0,0.76,0.2,1.6,,0.5,7.71,,40.0,3.9,0.4,1.9,1651,21,Attacker
950474,James Garner,8668,Everton,ENG-Premier League,1.7,41.2,9.0,,2.4,4.0,0.16,0.07,0.9,3.0,0.08,1.5,0.4,0.3,0.4,7.45,,34.0,1.5,3.1,0.6,2334,26,Midfielder
950485,Maxence Lacroix,9826,Crystal Palace,ENG-Premier League,2.5,41.0,3.0,,7.0,0.8,0.03,0.07,0.9,2.0,,1.3,0.1,0.5,0.0,7.09,,5.0,0.6,1.9,0.2,2340,26,Defender
950545,Oihan Sancet,8315,Athletic Club,ESP-La Liga,0.9,24.9,,,0.5,0.7,0.05,0.33,1.3,,0.16,0.2,0.6,0.2,0.6,6.48,,16.0,2.3,0.8,0.5,1152,17,Midfielder
950824,Josip Stanisic,9823,Bayern München,GER-Bundesliga,1.7,57.2,1.0,,3.3,1.7,0.15,0.09,0.4,2.0,0.17,0.9,0.2,0.3,0.4,7.41,,10.0,0.3,0.9,0.3,1046,14,Defender
950829,Chris Richards,9826,Crystal Palace,ENG-Premier League,2.1,36.1,1.0,,6.1,1.1,0.05,0.04,0.6,,0.05,1.4,0.0,0.6,,6.97,,6.0,0.4,2.1,0.2,1973,22,Defender
950967,Cheikh Sabaly,8550,Metz,FRA-Ligue 1,0.5,16.2,4.0,,0.5,1.4,0.13,0.15,1.3,2.0,,0.5,0.4,0.3,0.6,6.5,,10.0,0.7,1.7,1.3,970,14,
951712,Nicolo Fagioli,8535,Fiorentina,ITA-Serie A,3.8,53.4,10.0,,0.8,2.9,0.16,0.07,0.8,3.0,0.06,0.5,0.2,0.4,0.9,7.16,,48.0,1.0,1.7,0.8,1632,22,Midfielder
951714,Adrián Bernabé,10167,Parma,ITA-Serie A,2.7,38.1,6.0,,0.8,2.8,0.13,0.09,0.5,1.0,0.14,0.5,0.5,0.2,0.5,7.03,,46.0,1.9,1.2,0.5,1979,25,Midfielder
951765,Armel Bella-Kotchap,9876,Verona,ITA-Serie A,1.5,28.1,,,6.3,0.3,0.02,0.01,1.6,,,2.3,,1.1,0.1,6.78,,1.0,0.2,1.0,0.1,1119,15,Defender
951918,Philipp Sander,9788,Borussia Mönchengladbach,GER-Bundesliga,2.3,41.9,,,3.8,1.4,0.09,0.05,1.0,,0.07,1.7,0.3,0.3,0.2,6.82,,5.0,1.0,2.9,0.1,1378,18,Midfielder
952057,Charles Vanhoutte,9831,Nice,FRA-Ligue 1,2.4,42.4,1.0,,2.7,0.6,0.05,0.01,1.7,2.0,,0.9,0.1,0.5,0.4,6.94,,7.0,0.2,2.5,0.4,1281,17,Midfielder
952095,Oscar Mingueza,9910,Celta de Vigo,ESP-La Liga,2.1,48.5,4.0,,1.6,3.2,0.23,0.04,0.6,2.0,0.07,0.3,0.3,0.4,0.2,6.92,,19.0,0.9,2.3,0.6,1259,21,Midfielder
952322,Brenden Aaronson,8463,Leeds United,ENG-Premier League,0.3,21.0,7.0,,0.4,2.8,0.15,0.18,0.8,3.0,0.22,0.5,0.8,0.2,0.4,6.79,,23.0,1.8,2.1,1.1,1662,25,Midfielder
952528,Adrián De La Fuente,8581,Levante,ESP-La Liga,5.0,39.7,1.0,,6.0,0.9,0.05,0.1,1.1,1.0,0.11,1.5,0.2,0.8,0.1,6.76,,6.0,1.1,1.1,0.2,1644,21,Defender
953812,Sofiane Diop,9831,Nice,FRA-Ligue 1,2.2,29.9,4.0,,0.3,2.9,0.18,0.35,1.1,2.0,0.45,0.8,0.8,0.1,0.7,7.09,,21.0,2.7,0.6,1.3,1414,21,Attacker
954621,Youssouf Fofana,8564,Milan,ITA-Serie A,0.9,27.1,2.0,,0.7,2.0,0.12,0.16,1.0,2.0,0.06,0.5,0.6,0.1,0.7,6.81,,21.0,1.8,1.9,0.4,1475,21,Midfielder
954962,David Carmo,8670,Real Oviedo,ESP-La Liga,5.2,45.0,,,7.9,0.4,0.02,0.06,1.3,,0.07,1.1,0.2,1.0,0.1,6.71,,6.0,0.6,1.6,0.1,1362,17,Defender
955214,Jean-Clair Todibo,8654,West Ham United,ENG-Premier League,1.3,34.8,,,4.7,0.3,0.02,0.01,0.4,1.0,,0.8,,0.7,,6.63,,5.0,0.1,2.0,0.2,1521,18,Defender
955406,William Saliba,9825,Arsenal,ENG-Premier League,1.9,70.4,,,4.2,0.8,0.04,0.02,0.7,,,0.5,,0.2,0.1,7.08,,5.0,0.1,1.2,0.2,1805,22,Defender
955411,Yann Gboho,9941,Toulouse,FRA-Ligue 1,0.6,20.3,1.0,,0.0,3.6,0.18,0.2,0.6,2.0,0.3,0.4,0.6,,1.1,7.32,,39.0,1.7,0.4,2.8,1804,21,Attacker
955529,Matheus Nunes,8456,Manchester City,ENG-Premier League,1.8,60.7,4.0,,3.4,1.4,0.07,0.01,0.5,4.0,0.05,1.2,0.0,0.2,0.2,7.46,,14.0,0.2,2.1,0.8,1907,23,Defender
956622,Oscar Valentin,8370,Rayo Vallecano,ESP-La Liga,0.9,33.7,1.0,,2.8,0.9,0.06,0.07,1.2,,0.07,1.2,0.2,0.5,0.1,6.81,,3.0,0.8,3.1,,1305,20,Midfielder
956659,Himad Abdelli,8121,Angers,FRA-Ligue 1,1.9,,,,1.0,,,,,,0.18,1.3,,0.3,,,,,,1.9,1.4,993,15,Midfielder
956659,Himad Abdelli,8592,Marseille,FRA-Ligue 1,,50.4,,,,0.7,0.07,0.19,1.6,,,,0.5,,0.6,7.05,,9.0,1.3,,,993,15,Midfielder
956682,Sven Botman,10261,Newcastle United,ENG-Premier League,2.5,51.3,2.0,,6.4,0.3,0.03,0.11,0.7,1.0,0.08,0.7,0.3,0.9,0.1,6.86,,5.0,0.7,0.8,0.1,1063,15,Defender
956683,Ryan Gravenberch,8650,Liverpool,ENG-Premier League,0.8,55.0,4.0,,1.8,1.7,0.07,0.06,1.0,2.0,0.17,1.4,0.3,0.3,0.3,7.42,,21.0,1.1,1.8,0.9,2120,24,Midfielder
956913,Marvin Pieringer,94937,1. FC Heidenheim 1846,GER-Bundesliga,0.2,13.8,1.0,,2.1,0.4,0.04,0.28,2.2,,0.19,0.8,0.4,0.1,0.2,6.61,,10.0,1.8,1.3,0.9,935,16,Attacker
956925,Georginio Rutter,10204,Brighton and Hove Albion,ENG-Premier League,0.8,14.6,6.0,,1.4,2.1,0.12,0.13,1.6,2.0,0.12,0.4,0.7,0.1,0.9,6.59,,19.0,2.0,1.4,1.5,1515,23,Midfielder
957203,Éderson,8524,Atalanta,ITA-Serie A,3.2,49.2,2.0,,1.7,1.2,0.07,0.17,1.4,,0.06,1.1,0.3,0.4,0.4,7.04,,18.0,1.4,2.4,0.5,1587,21,Midfielder
958422,Elia Caprile,8529,Cagliari,ITA-Serie A,,18.5,,5.0,0.8,0.0,0.0,,,,,,,,,7.02,3.6,1.0,,,,2250,25,Keeper
958464,Leonardo Balerdi,8592,Marseille,FRA-Ligue 1,3.6,69.4,,,4.1,0.2,0.02,0.09,1.1,1.0,,1.1,0.2,0.5,0.3,6.91,,4.0,0.8,2.3,0.4,1177,16,Defender
958640,Akor Adams,8302,Sevilla,ESP-La Liga,0.2,9.1,1.0,,1.2,0.3,0.02,0.56,1.4,2.0,0.44,,1.6,0.1,0.6,6.64,,5.0,3.0,0.4,0.6,1226,19,Attacker
959407,James Hill,8678,Bournemouth,ENG-Premier League,2.5,28.7,2.0,,7.3,0.8,0.07,0.02,0.9,3.0,,1.9,0.1,0.6,,7.12,,5.0,0.4,1.8,0.1,1024,17,Defender
959594,Karim Adeyemi,9789,Borussia Dortmund,GER-Bundesliga,0.3,16.9,4.0,,0.1,2.3,0.22,0.33,1.6,2.0,0.49,0.4,1.1,,0.8,6.98,,11.0,2.2,0.4,2.2,918,20,Midfielder
959696,Joseph Scally,9788,Borussia Mönchengladbach,GER-Bundesliga,1.0,25.7,2.0,,2.8,1.0,0.06,0.06,1.2,2.0,0.06,0.8,0.4,0.1,0.2,6.75,,7.0,0.6,1.6,0.8,1553,20,Defender
961306,Nathan Collins,9937,Brentford,ENG-Premier League,3.1,44.3,4.0,,6.7,0.8,0.03,0.07,0.6,2.0,0.04,1.2,0.2,1.4,0.0,6.96,,8.0,0.5,1.0,0.1,2026,24,Defender
961995,Bukayo Saka,9825,Arsenal,ENG-Premier League,0.5,24.6,9.0,,0.5,5.2,0.29,0.34,1.2,3.0,0.27,0.5,1.2,,1.0,7.52,,44.0,2.8,1.6,2.4,1642,23,Attacker
965764,Iliman Ndiaye,8668,Everton,ENG-Premier League,0.2,25.0,5.0,,0.5,3.7,0.19,0.24,1.1,2.0,0.26,0.5,0.7,0.1,0.8,7.27,,20.0,1.4,2.5,1.9,1708,20,Attacker
966019,Felix Nmecha,9789,Borussia Dortmund,GER-Bundesliga,1.7,38.0,2.0,,1.0,3.5,0.19,0.09,1.0,3.0,0.11,1.1,0.3,0.2,0.4,7.39,,17.0,1.3,1.5,1.5,1674,22,Midfielder
966026,Ian Maatsen,10252,Aston Villa,ENG-Premier League,1.9,38.0,3.0,,3.9,1.7,0.15,0.07,0.9,,,0.7,0.3,,0.3,6.88,,17.0,1.3,2.7,1.4,1050,20,Defender
967622,Antony,8603,Real Betis,ESP-La Liga,0.7,36.2,7.0,,0.8,3.6,0.2,0.28,0.6,5.0,0.34,1.0,1.4,0.1,0.6,7.67,,41.0,3.0,1.3,1.0,1595,19,Attacker
967871,Iván Martin,7732,Girona,ESP-La Liga,2.4,43.8,1.0,,1.0,0.9,0.04,0.04,1.2,1.0,,0.6,0.1,0.1,0.3,7.0,,14.0,0.4,2.4,1.0,1801,22,Midfielder
968029,Lautaro Valenti,10167,Parma,ITA-Serie A,2.2,33.8,3.0,,6.0,0.5,0.03,0.02,1.0,,,1.4,0.2,1.0,0.2,6.95,,10.0,0.8,2.2,0.4,1532,18,Defender
970243,Mats Wieffer,10204,Brighton and Hove Albion,ENG-Premier League,2.1,37.5,4.0,,3.9,1.5,0.11,0.09,1.5,3.0,,1.4,0.2,0.2,0.7,7.08,,17.0,0.8,3.6,0.5,1182,16,Defender
970578,Andrei Ratiu,8370,Rayo Vallecano,ESP-La Liga,1.0,35.3,6.0,,2.7,2.6,0.13,0.09,0.7,2.0,,1.4,0.4,0.1,0.3,7.2,,21.0,1.0,2.2,1.7,1748,20,Defender
970692,Bryan Gil,7732,Girona,ESP-La Liga,0.4,22.6,6.0,,0.6,2.3,0.17,0.13,1.0,3.0,,0.6,0.4,,0.4,6.58,,17.0,1.5,1.9,1.7,1209,21,Attacker
971787,Haissem Hassan,8670,Real Oviedo,ESP-La Liga,2.3,18.5,1.0,,0.4,2.7,0.19,0.09,0.4,2.0,,0.2,0.4,,0.8,6.61,,15.0,1.9,1.4,3.2,1307,22,Attacker
971790,Lucien Agoume,8302,Sevilla,ESP-La Liga,2.4,37.5,5.0,,1.5,1.2,0.06,0.04,2.0,2.0,0.05,1.5,0.1,0.2,0.4,6.93,,18.0,0.6,2.0,0.4,1670,21,Midfielder
974268,Daniel Ballard,8472,Sunderland,ENG-Premier League,2.4,38.9,3.0,,7.7,0.5,0.03,0.12,1.1,,0.11,0.8,0.5,0.8,0.1,6.99,,10.0,1.2,1.5,0.1,1673,22,Defender
974618,Jan Paul van Hecke,10204,Brighton and Hove Albion,ENG-Premier League,4.2,63.5,1.0,,5.1,0.9,0.04,0.09,0.9,2.0,0.13,1.1,0.3,0.8,0.1,7.09,,7.0,0.7,1.4,0.1,2131,24,Defender
974753,Julián Álvarez,9906,Atlético de Madrid,ESP-La Liga,1.0,25.7,9.0,,0.2,4.3,0.23,0.37,0.7,3.0,0.38,0.1,1.2,,0.8,7.12,,43.0,2.5,0.8,1.2,1677,24,Attacker
974755,Lucas Beltran,10267,Valencia CF,ESP-La Liga,0.6,20.6,4.0,,0.9,1.4,0.11,0.22,1.7,2.0,0.08,0.3,0.7,0.1,0.5,6.57,,11.0,2.2,1.4,1.2,1099,21,Attacker
978680,Han-Noah Massengo,8406,FC Augsburg,GER-Bundesliga,1.0,36.6,3.0,,1.8,1.2,0.06,0.05,0.8,1.0,0.1,1.4,0.2,0.3,0.7,7.05,,13.0,0.7,1.7,1.0,1798,22,Midfielder
979752,Bafodé Diakité,8678,Bournemouth,ENG-Premier League,2.4,46.5,,,5.9,0.2,0.01,0.0,0.6,,,0.8,,0.4,0.1,6.66,,3.0,0.1,1.4,,1275,18,Defender
980793,Khéphren Thuram-Ulien,9885,Juventus,ITA-Serie A,1.8,50.7,2.0,,1.1,2.2,0.11,0.1,1.6,2.0,0.05,0.6,0.6,0.3,0.5,7.21,,15.0,1.7,2.4,0.8,1706,23,Midfielder
982677,Folarin Balogun,9829,Monaco,FRA-Ligue 1,0.2,12.5,6.0,,0.3,1.0,0.07,0.44,1.7,3.0,0.29,0.2,1.2,0.1,0.9,6.81,,13.0,3.0,0.4,0.8,1249,18,Attacker
988805,Pep Chavarria,8370,Rayo Vallecano,ESP-La Liga,1.9,37.5,3.0,,2.7,2.1,0.1,0.02,1.2,2.0,0.05,1.2,0.1,0.6,0.0,6.84,,16.0,0.7,1.9,0.6,1912,22,Defender
990996,Inaki Pena,10268,Elche,ESP-La Liga,,41.1,1.0,4.0,1.3,0.2,0.01,,,,,,,,,6.92,3.4,3.0,,,,1440,16,Keeper
992052,Thierry Correia,10267,Valencia CF,ESP-La Liga,1.3,32.2,1.0,,2.2,1.6,0.15,0.03,1.7,1.0,,1.1,0.1,,0.4,6.72,,7.0,0.4,1.8,0.7,957,15,Defender
992060,Tom Krauss,8722,1. FC Köln,GER-Bundesliga,1.9,38.3,2.0,,2.8,1.0,0.07,0.03,1.3,1.0,,1.6,0.1,0.4,0.5,7.04,,9.0,0.6,3.3,0.4,1209,18,Midfielder
994403,Cyril Ngonge,9804,Torino,ITA-Serie A,1.5,16.1,,,0.8,0.6,0.06,0.17,1.8,1.0,0.09,0.2,1.1,,0.4,6.53,,12.0,2.2,1.0,1.7,992,20,Attacker
999171,Álvaro Vallés,8603,Real Betis,ESP-La Liga,,22.4,,6.0,1.3,0.0,0.0,,,,,,,,,7.18,3.1,,,,0.1,1440,16,Keeper
999690,Ilan Kebbal,6379,Paris FC,FRA-Ligue 1,3.3,51.0,6.0,,0.3,4.6,0.23,0.28,0.5,4.0,0.4,0.3,0.8,,0.9,7.62,,45.0,2.1,1.3,1.3,1812,21,Midfielder
1000428,Isak Bergmann Johannesson,8722,1. FC Köln,GER-Bundesliga,2.6,35.9,1.0,,0.9,2.6,0.2,0.05,0.6,1.0,0.08,0.2,0.1,0.4,0.1,6.66,,20.0,0.4,1.4,0.2,1186,20,Midfielder
1002058,Nico Schlotterbeck,9789,Borussia Dortmund,GER-Bundesliga,7.2,60.9,1.0,,4.6,1.7,0.1,0.15,1.0,1.0,0.18,0.8,0.4,0.4,0.1,7.61,,7.0,1.4,2.1,0.5,1530,17,Defender
1002618,Ander Barrenetxea,8560,Real Sociedad,ESP-La Liga,1.7,28.2,8.0,,0.7,3.0,0.25,0.16,1.8,3.0,0.25,0.8,0.6,0.2,0.7,7.02,,29.0,1.7,0.9,2.9,1099,19,Attacker
1002673,Jan Schöppner,94937,1. FC Heidenheim 1846,GER-Bundesliga,1.0,19.2,3.0,,3.5,0.6,0.04,0.08,1.0,1.0,0.06,1.5,0.3,0.4,0.3,6.45,,6.0,1.1,1.0,0.6,1426,20,Midfielder
1010426,Keane Lewis-Potter,9937,Brentford,ENG-Premier League,0.8,17.0,3.0,,1.5,1.0,0.08,0.16,0.9,1.0,0.25,0.6,0.5,0.1,0.3,6.62,,10.0,1.5,1.2,0.5,1094,24,Defender
1012842,Gianluca Gaetano,8529,Cagliari,ITA-Serie A,2.8,37.0,2.0,,1.2,1.0,0.09,0.1,1.5,3.0,0.17,0.7,0.7,,0.1,6.77,,19.0,1.7,1.0,0.8,1086,23,Midfielder
1013021,Marco Carnesecchi,8524,Atalanta,ITA-Serie A,,21.4,,10.0,1.0,0.0,0.0,,0.0,,,,,,,7.42,3.2,,,,0.0,2250,25,Keeper
1013277,Toti Gomes,8602,Wolverhampton Wanderers,ENG-Premier League,2.2,46.8,,,5.3,0.2,0.02,0.0,0.8,,,0.8,0.1,0.7,,,,5.0,0.2,1.3,0.8,953,13,Defender
1015185,Eduardo Camavinga,8633,Real Madrid,ESP-La Liga,2.9,59.3,1.0,,1.3,1.3,0.12,0.1,2.0,,0.09,0.8,0.2,0.5,0.5,7.29,,10.0,0.9,4.0,1.1,988,18,Midfielder
1016093,Gustav Isaksen,8543,Lazio,ITA-Serie A,0.8,22.2,,,0.4,0.7,0.06,0.2,1.2,1.0,0.25,0.5,1.1,0.2,0.9,6.79,,13.0,2.5,1.1,1.4,1066,19,Attacker
1016132,Kouadio Koné,8686,Roma,ITA-Serie A,1.4,45.8,2.0,,0.9,1.7,0.08,0.09,1.9,1.0,0.09,0.7,0.2,0.1,0.4,7.2,,20.0,0.8,1.9,1.1,1942,22,Midfielder
1017401,Roberto Piccoli,8535,Fiorentina,ITA-Serie A,,7.4,,,0.3,0.2,0.02,0.38,1.6,,0.17,0.3,1.1,,0.4,6.39,,8.0,3.0,0.6,0.5,1037,21,Attacker
1018564,Nicolas Capaldo,9790,Hamburger SV,GER-Bundesliga,1.0,27.0,2.0,,3.0,1.3,0.08,0.07,1.3,1.0,0.06,2.0,0.3,0.3,0.1,7.04,,10.0,0.9,3.1,0.3,1438,18,Defender
1021382,Joao Pedro,8455,Chelsea,ENG-Premier League,0.5,19.1,5.0,,1.1,1.7,0.08,0.42,1.2,4.0,0.47,0.2,0.9,0.2,0.5,7.21,,24.0,2.1,0.9,1.2,1900,26,Attacker
1022649,Dan Ndoye,10203,Nottingham Forest,ENG-Premier League,0.5,17.4,2.0,,0.8,1.5,0.13,0.08,1.2,1.0,0.08,0.8,0.3,0.2,0.2,6.59,,13.0,1.2,1.8,1.0,1088,19,Attacker
1023030,Jhon Arias,8602,Wolverhampton Wanderers,ENG-Premier League,0.6,28.7,,,1.2,0.6,0.05,0.26,2.0,,0.08,0.6,0.2,0.2,0.6,6.48,,11.0,1.3,3.5,0.6,1121,23,
1024292,Marco Grüll,8697,SV Werder Bremen,GER-Bundesliga,0.4,21.9,,,0.9,2.5,0.16,0.14,1.3,1.0,0.13,0.6,0.7,0.3,0.6,6.87,,28.0,2.1,2.0,1.1,1410,22,Attacker
1024672,Nicolas Seiwald,178475,RB Leipzig,GER-Bundesliga,2.2,45.2,2.0,,2.4,1.3,0.06,0.05,0.6,2.0,,2.1,0.1,0.3,0.4,7.2,,10.0,0.5,1.9,0.3,1855,22,Midfielder
1025462,Fabio Vieira,9790,Hamburger SV,GER-Bundesliga,2.7,30.5,4.0,,0.9,2.3,0.18,0.23,0.9,4.0,0.16,0.5,0.5,0.2,0.2,7.12,,23.0,2.5,0.7,1.2,1153,16,Midfielder
1026135,Tajon Buchanan,10205,Villarreal,ESP-La Liga,0.6,19.5,4.0,,1.0,1.8,0.12,0.11,0.9,1.0,0.34,1.2,0.5,0.1,0.6,6.96,,14.0,1.4,1.6,1.3,1343,22,Midfielder
1029063,Michael Olise,9823,Bayern München,GER-Bundesliga,0.9,50.3,21.0,,0.3,12.4,0.69,0.44,1.3,16.0,0.56,0.6,2.0,,0.9,8.18,,55.0,3.7,1.1,2.3,1613,21,Attacker
1030212,Sebastiano Esposito,8529,Cagliari,ITA-Serie A,2.1,24.7,10.0,,0.8,3.1,0.16,0.11,1.8,4.0,0.16,0.4,0.4,0.2,0.3,7.05,,45.0,1.6,1.9,0.7,1720,24,Attacker
1030646,Gennaro Borrelli,8529,Cagliari,ITA-Serie A,0.6,11.6,1.0,,1.4,0.3,0.03,0.19,3.5,1.0,0.26,0.3,0.5,0.2,0.2,6.45,,10.0,1.9,1.3,0.5,1033,22,Attacker
1031325,Martin Zubimendi,9825,Arsenal,ENG-Premier League,1.7,53.7,1.0,,2.3,1.8,0.07,0.1,1.0,1.0,0.2,1.3,0.4,0.2,0.2,7.28,,15.0,0.9,1.8,0.2,2270,27,Midfielder
1032811,Federico Vinas,8670,Real Oviedo,ESP-La Liga,0.6,13.8,4.0,,0.6,1.6,0.11,0.29,2.0,1.0,0.21,0.5,0.7,0.1,0.4,6.83,,17.0,1.7,2.3,1.8,1277,19,Attacker
1033099,Hicham Boudaoui,9831,Nice,FRA-Ligue 1,1.3,29.6,2.0,,1.8,1.5,0.14,0.14,1.1,2.0,0.09,1.2,0.7,0.5,0.5,6.8,,12.0,1.4,1.2,0.7,949,15,Midfielder
1033111,Kaishu Sano,9905,1. FSV Mainz 05,GER-Bundesliga,1.5,29.7,2.0,,1.6,1.8,0.08,0.04,0.3,1.0,0.05,2.3,0.1,0.3,0.3,7.29,,15.0,0.6,1.5,0.9,1979,22,Midfielder
1037537,Jesus Areso,8315,Athletic Club,ESP-La Liga,1.1,28.4,3.0,,2.8,1.1,0.08,0.01,1.1,1.0,,1.1,,0.5,0.3,6.88,,18.0,0.2,1.4,0.9,1262,20,Defender
1037539,Pavel Sulc,9748,Lyon,FRA-Ligue 1,0.4,16.3,4.0,,0.7,1.5,0.11,0.55,1.8,3.0,0.73,0.5,1.1,,0.4,7.28,,14.0,2.6,1.4,1.0,1230,20,Attacker
1039219,Samir Chergui,6379,Paris FC,FRA-Ligue 1,1.0,40.8,,,2.7,0.3,0.03,0.14,1.1,,0.09,0.6,0.3,0.4,,6.53,,2.0,1.0,1.5,0.3,974,12,Defender
1039403,Santiago Pierotti,9888,Lecce,ITA-Serie A,0.3,17.0,1.0,,0.8,0.8,0.05,0.1,2.4,,,0.6,0.2,0.2,0.8,6.37,,12.0,1.3,3.0,1.2,1552,24,Attacker
1042347,Diant Ramaj,94937,1. FC Heidenheim 1846,GER-Bundesliga,,32.1,,,1.7,0.1,0.01,,0.1,,,,,,,6.44,3.3,,,0.0,,1980,22,Keeper
1044029,Nicolo Cambiaghi,9857,Bologna,ITA-Serie A,0.4,19.0,5.0,,0.2,2.0,0.16,0.15,1.9,4.0,0.24,0.3,0.5,,1.0,6.8,,16.0,1.5,1.7,1.0,1136,20,Attacker
1044470,Hákon Arnar Haraldsson,8639,Lille,FRA-Ligue 1,1.1,38.6,3.0,,0.4,3.5,0.21,0.28,1.2,1.0,0.29,0.4,0.4,,0.9,7.12,,33.0,1.9,0.9,0.8,1526,20,Midfielder
1047667,Maximilian Beier,9789,Borussia Dortmund,GER-Bundesliga,0.4,18.9,4.0,,1.0,2.6,0.21,0.37,1.0,3.0,0.55,0.5,1.2,0.2,1.1,7.04,,15.0,2.3,1.0,0.9,1136,20,Midfielder
1047670,Andrej Ilic,8149,1. FC Union Berlin,GER-Bundesliga,0.1,9.6,5.0,,1.0,1.4,0.09,0.48,1.5,7.0,0.06,,0.8,0.3,0.4,6.56,,22.0,2.8,0.1,0.2,1408,21,Attacker
1047671,Vini Souza,8721,VfL Wolfsburg,GER-Bundesliga,0.9,26.2,,,5.2,0.4,0.03,0.01,2.0,,,1.3,0.1,0.9,0.2,6.65,,3.0,0.3,2.7,0.2,914,14,Midfielder
1047676,Yéremi Pino,9826,Crystal Palace,ENG-Premier League,1.5,25.3,9.0,,0.9,4.7,0.26,0.2,1.3,1.0,0.11,0.4,0.5,0.1,0.8,6.78,,37.0,1.9,1.6,0.9,1638,24,Midfielder
1048023,Strahinja Pavlovic,8564,Milan,ITA-Serie A,2.3,53.9,,,3.8,1.0,0.05,0.1,0.6,1.0,0.1,0.5,0.2,0.5,0.1,7.22,,11.0,0.7,1.4,0.5,1762,21,Defender
1049999,Enzo Le Fee,8472,Sunderland,ENG-Premier League,1.0,27.6,4.0,,1.2,2.7,0.12,0.17,1.0,4.0,0.13,0.9,0.2,0.5,0.6,6.98,,31.0,1.0,2.6,0.4,2030,25,Midfielder
1050163,Lorenzo Colombo,10233,Genoa,ITA-Serie A,0.2,13.5,,,1.0,0.6,0.04,0.38,1.8,1.0,0.35,0.1,1.2,0.1,0.5,6.5,,11.0,2.7,0.8,0.8,1529,25,Attacker
1050166,Anthony Elanga,10261,Newcastle United,ENG-Premier League,0.4,24.5,2.0,,0.4,1.4,0.13,0.12,0.5,1.0,,0.2,0.3,,0.2,6.34,,13.0,1.1,1.0,0.8,922,22,Attacker
1051097,Matteo Ruggeri,9906,Atlético de Madrid,ESP-La Liga,2.0,39.6,1.0,,3.2,1.7,0.14,0.01,1.9,,,0.9,0.2,0.1,0.3,6.87,,12.0,0.3,2.5,0.2,1055,17,Defender
1052330,Manuel Sánchez,8581,Levante,ESP-La Liga,0.9,24.1,1.0,,2.9,0.8,0.04,0.03,0.9,1.0,0.05,1.2,0.1,0.2,0.3,6.71,,11.0,0.4,2.6,0.4,1727,20,Defender
1053678,Mamadou Mbow,6379,Paris FC,FRA-Ligue 1,4.0,54.6,1.0,,5.0,0.5,0.02,0.03,0.9,1.0,,1.3,0.1,0.6,0.1,6.86,,4.0,0.3,1.8,0.2,1816,21,Defender
1053679,Zion Suzuki,10167,Parma,ITA-Serie A,,,,3.0,,0.1,,,,,,,,,,,,,,,,990,11,Keeper
1053714,Nicola Zalewski,8524,Atalanta,ITA-Serie A,1.9,23.1,6.0,,1.4,2.6,0.2,0.16,0.9,2.0,0.16,0.7,0.5,,0.3,7.09,,21.0,2.0,1.3,1.6,1148,21,Midfielder
1053838,Morato,10203,Nottingham Forest,ENG-Premier League,3.1,47.5,,,5.6,0.1,0.01,0.08,1.1,,,0.8,0.1,0.7,,,,1.0,0.4,2.3,0.4,939,14,Defender
1054122,Boubacar Traore,8550,Metz,FRA-Ligue 1,2.0,34.7,,,1.0,0.3,0.02,0.07,1.5,,0.08,0.6,0.2,0.1,0.2,6.5,,4.0,1.3,2.7,1.2,1150,16,Midfielder
1054786,Aimar Oroz,8371,Osasuna,ESP-La Liga,1.4,28.2,3.0,,0.7,2.0,0.14,0.07,1.2,2.0,,0.5,0.2,0.1,0.9,6.96,,23.0,1.3,2.1,1.3,1328,18,Midfielder
1056071,Victor Parada,9866,Alavés,ESP-La Liga,1.0,25.2,1.0,,3.1,0.7,0.06,0.04,1.6,1.0,,0.3,0.1,0.3,,6.48,,9.0,0.4,1.2,0.4,1086,17,Defender
1057433,Tanner Tessmann,9748,Lyon,FRA-Ligue 1,2.2,43.7,3.0,,2.5,1.1,0.07,0.11,0.8,,0.06,0.8,0.4,0.6,0.2,6.96,,10.0,1.3,1.4,0.4,1495,20,Midfielder
1059657,Sergi Cardona,10205,Villarreal,ESP-La Liga,1.1,27.6,4.0,,2.1,1.9,0.14,0.05,1.4,3.0,,1.8,0.2,0.4,0.3,6.89,,12.0,0.8,2.2,0.2,1224,19,Defender
1060604,Abner,9748,Lyon,FRA-Ligue 1,1.7,31.9,2.0,,1.7,1.1,0.08,0.09,1.4,,0.22,0.3,0.3,0.1,0.1,6.87,,11.0,0.9,1.3,0.4,1253,15,Defender
1061249,Vitinha,9847,Paris Saint-Germain,FRA-Ligue 1,7.5,111.0,8.0,,1.1,3.3,0.18,0.04,0.6,7.0,0.05,1.1,0.5,0.2,0.8,7.78,,29.0,1.5,0.9,0.5,1649,21,Midfielder
1067256,Djordje Petrovic,8678,Bournemouth,ENG-Premier League,,15.2,,6.0,1.8,0.0,0.0,,,,,,,,,6.75,3.1,,,,,2340,26,Keeper
1067260,Jakub Kaminski,8722,1. FC Köln,GER-Bundesliga,0.7,23.7,7.0,,1.1,3.2,0.15,0.17,0.4,1.0,0.23,0.6,0.6,0.3,0.5,7.07,,29.0,1.8,1.7,0.6,1961,22,Midfielder
1067763,Trai Hume,8472,Sunderland,ENG-Premier League,1.1,22.5,1.0,,3.1,0.9,0.04,0.06,0.8,1.0,,0.8,0.2,0.3,0.3,6.83,,17.0,0.9,2.0,0.1,2133,26,Defender
1070052,Amad,10260,Manchester United,ENG-Premier League,1.1,31.9,5.0,,1.3,3.2,0.18,0.22,0.8,2.0,0.11,0.7,0.7,0.1,0.4,7.48,,32.0,1.9,1.6,1.7,1653,20,Midfielder
1070712,Josko Gvardiol,8456,Manchester City,ENG-Premier League,2.6,61.7,1.0,,4.1,0.7,0.05,0.16,1.1,2.0,0.14,0.9,0.3,0.6,,7.29,,4.0,1.1,1.2,0.1,1304,16,Defender
1071186,Angelo Stiller,10269,VfB Stuttgart,GER-Bundesliga,2.4,67.5,6.0,,1.4,4.9,0.26,0.11,0.6,5.0,0.05,1.0,0.2,0.2,0.7,7.32,,36.0,0.4,1.4,0.5,1703,22,Midfielder
1072056,Tommaso Barbieri,7801,Cremonese,ITA-Serie A,1.8,19.6,1.0,,2.0,0.6,0.04,0.04,2.0,1.0,,0.8,0.1,0.5,0.1,6.65,,8.0,0.7,2.6,0.9,1240,18,Midfielder
1072864,Tolu Arokodare,8602,Wolverhampton Wanderers,ENG-Premier League,0.1,11.0,,,2.0,0.3,0.03,0.24,1.1,,0.16,0.2,0.7,0.1,0.3,6.54,,9.0,2.6,0.5,1.4,1092,23,Attacker
1073498,Patrick Wimmer,8721,VfL Wolfsburg,GER-Bundesliga,0.8,18.4,2.0,,1.2,0.9,0.07,0.15,1.5,3.0,0.23,1.4,0.5,,0.8,6.79,,7.0,1.2,2.3,1.9,1166,17,Attacker
1073742,Julio Enciso,9848,Strasbourg,FRA-Ligue 1,0.5,27.6,2.0,,0.6,2.4,0.21,0.32,0.7,2.0,0.09,0.2,1.0,,0.9,6.92,,12.0,2.8,1.0,2.6,1057,15,Midfielder
1073905,Rassoul Ndiaye,9746,Le Havre,FRA-Ligue 1,1.0,25.8,4.0,,0.8,1.7,0.1,0.11,0.7,3.0,0.17,0.5,0.3,0.1,0.4,7.03,,20.0,1.2,2.4,0.7,1629,22,Midfielder
1073941,Lilian Brassier,9851,Rennes,FRA-Ligue 1,1.7,49.4,2.0,,2.6,0.9,0.06,0.04,1.1,1.0,,1.4,,1.1,0.1,6.88,,10.0,0.4,1.5,0.4,1352,17,Defender
1073977,Benjamin Sesko,10260,Manchester United,ENG-Premier League,0.3,11.8,,,1.0,0.2,0.02,0.48,1.1,1.0,0.49,0.2,1.9,0.2,0.2,6.72,,8.0,3.6,0.4,0.5,1101,21,Attacker
1073980,David Affengruber,10268,Elche,ESP-La Liga,2.1,53.6,,,5.6,0.5,0.03,0.02,1.1,,,1.5,0.0,0.9,0.1,6.91,,5.0,0.3,2.1,0.3,1816,22,Defender
1074968,Jamie Leweling,10269,VfB Stuttgart,GER-Bundesliga,0.5,20.5,5.0,,0.9,3.4,0.2,0.15,0.7,6.0,0.29,0.7,0.8,0.1,0.7,7.17,,29.0,2.0,0.8,1.2,1575,21,Attacker
1075429,Jonathan Fischer,8550,Metz,FRA-Ligue 1,,29.7,,4.0,1.0,0.0,0.0,,,,,,,,,6.76,3.8,1.0,,,,1903,22,Keeper
1075815,Patrick Osterhage,8358,Sport-Club Freiburg,GER-Bundesliga,0.9,30.5,,,1.3,0.8,0.07,0.08,1.2,,0.09,1.4,0.2,0.8,0.2,6.52,,5.0,0.6,1.0,0.4,1017,17,Midfielder
1076647,Lucas Da Cunha,10171,Como,ITA-Serie A,2.0,58.4,5.0,,0.7,3.0,0.16,0.21,1.2,1.0,0.11,0.7,0.5,,0.3,7.12,,29.0,1.1,1.6,0.7,1695,23,Midfielder
1076756,Brennan Johnson,8586,Tottenham Hotspur,ENG-Premier League,,,1.0,,,,,,,,0.17,,,0.1,,,,,,,,1057,23,Attacker
1076756,Brennan Johnson,9826,Crystal Palace,ENG-Premier League,0.5,13.7,,,1.6,0.7,0.06,0.15,0.7,,,0.3,0.4,,0.7,6.59,,10.0,1.3,1.4,0.4,1057,23,Attacker
1077894,Jude Bellingham,8633,Real Madrid,ESP-La Liga,3.0,51.4,3.0,,0.8,1.7,0.12,0.37,1.9,3.0,0.28,0.8,1.3,0.1,1.1,7.75,,30.0,2.5,2.9,1.6,1291,18,Midfielder
1078729,Batista Mendy,8302,Sevilla,ESP-La Liga,2.0,32.2,,,1.3,0.3,0.02,0.07,2.0,,0.06,0.9,0.3,0.3,0.3,6.68,,9.0,0.9,1.8,0.5,1422,19,Midfielder
1078788,Neco Williams,10203,Nottingham Forest,ENG-Premier League,1.3,32.0,4.0,,2.3,2.9,0.12,0.06,0.9,1.0,0.04,1.0,0.5,0.5,0.3,7.05,,25.0,1.2,2.9,0.9,2205,25,Defender
1078846,Andrea Cambiaso,9885,Juventus,ITA-Serie A,1.5,43.2,7.0,,0.5,3.5,0.18,0.08,1.0,3.0,0.1,0.6,0.5,0.3,0.4,6.99,,39.0,0.9,2.1,0.3,1778,23,Midfielder
1079548,Joris Chotard,8521,Brest,FRA-Ligue 1,2.5,30.1,,,2.8,0.7,0.04,0.06,1.0,,0.1,1.5,0.4,0.4,0.2,6.89,,4.0,1.1,2.3,0.2,1799,21,Midfielder
1079554,Anthony Rouault,9851,Rennes,FRA-Ligue 1,2.1,48.7,,,5.1,0.2,0.02,0.06,1.2,,0.08,1.1,0.1,1.1,,6.78,,5.0,0.4,1.3,0.2,1097,14,Defender
1079892,Rayan Philippe,9790,Hamburger SV,GER-Bundesliga,0.5,11.1,2.0,,0.7,1.3,0.12,0.4,1.5,,0.45,0.2,1.3,,0.4,6.7,,14.0,2.8,1.4,1.0,1008,19,Attacker
1080669,Nadir Zortea,9857,Bologna,ITA-Serie A,2.2,31.8,3.0,,1.9,1.9,0.14,0.03,1.2,1.0,,0.9,0.1,0.1,0.4,6.68,,19.0,0.7,1.5,1.2,1264,20,Defender
1080917,Omar Traoré,94937,1. FC Heidenheim 1846,GER-Bundesliga,2.0,27.2,3.0,,1.6,1.3,0.1,0.02,1.4,2.0,,0.7,0.1,0.1,0.2,6.3,,12.0,0.6,1.2,0.8,1199,20,Midfielder
1080983,Ilia Gruev,8463,Leeds United,ENG-Premier League,1.5,37.6,2.0,,1.0,0.8,0.07,0.03,0.7,3.0,,1.1,0.1,0.4,0.4,6.82,,10.0,0.4,1.8,0.5,1022,17,Midfielder
1082102,Igor Jesus,10203,Nottingham Forest,ENG-Premier League,0.4,11.4,3.0,,1.2,0.9,0.05,0.27,1.8,1.0,0.13,0.1,0.6,0.1,0.5,6.33,,6.0,2.9,1.1,0.4,1438,25,Attacker
1083323,Pedri,8634,Barcelona,ESP-La Liga,3.5,82.1,5.0,,0.9,3.3,0.24,0.11,0.6,5.0,0.15,1.0,0.7,0.1,0.8,7.9,,38.0,1.3,2.1,1.8,1218,16,Midfielder
1083796,Kevin Schade,9937,Brentford,ENG-Premier League,0.2,11.7,7.0,,1.1,1.7,0.08,0.42,1.6,3.0,0.29,0.8,1.0,0.1,0.4,6.98,,23.0,2.0,1.4,0.7,1865,23,Attacker
1089691,Elliot Anderson,10203,Nottingham Forest,ENG-Premier League,3.6,57.2,2.0,,1.1,3.0,0.12,0.08,1.5,2.0,0.04,1.2,0.3,0.4,0.6,7.48,,38.0,1.0,2.8,1.4,2340,26,Midfielder
1091193,Maduka Okoye,8600,Udinese,ITA-Serie A,,20.7,,4.0,1.2,0.0,0.0,,0.1,,,,,,,7.02,2.8,1.0,,,,1447,17,Keeper
1092403,Melvin Bard,9831,Nice,FRA-Ligue 1,1.5,37.3,3.0,,2.9,1.0,0.06,0.02,0.9,1.0,0.06,1.2,0.2,0.8,0.2,6.87,,11.0,0.7,1.6,0.7,1510,18,Defender
1092731,Joel Chima Fujita,8152,FC St. Pauli,GER-Bundesliga,1.4,32.9,5.0,,0.7,3.3,0.17,0.03,1.4,3.0,,1.2,0.2,0.1,0.7,7.01,,24.0,1.1,2.2,1.3,1770,21,Midfielder
1093285,Fabiano Parisi,8535,Fiorentina,ITA-Serie A,1.6,31.8,3.0,,1.3,1.4,0.12,0.05,0.7,1.0,,1.5,0.3,0.4,0.2,6.93,,16.0,1.2,1.0,1.7,1034,16,Midfielder
1095432,Charles De Ketelaere,8524,Atalanta,ITA-Serie A,1.6,31.4,12.0,,0.3,6.5,0.38,0.16,0.9,3.0,0.17,0.1,0.8,0.1,0.8,7.12,,45.0,2.0,0.9,2.4,1547,21,Midfielder
1096353,Cole Palmer,8455,Chelsea,ENG-Premier League,1.9,32.4,2.0,,0.6,1.0,0.09,0.69,0.8,1.0,0.72,0.8,1.4,,0.8,7.22,,11.0,3.1,1.2,1.3,1000,15,Midfielder
1097009,Oliver Sørensen,10167,Parma,ITA-Serie A,0.9,21.8,,,1.6,0.3,0.02,0.1,0.7,,0.06,1.0,0.2,0.1,0.1,6.46,,7.0,0.9,1.0,0.1,1475,24,Midfielder
1097466,Micky van de Ven,8586,Tottenham Hotspur,ENG-Premier League,2.3,48.1,1.0,,4.2,0.3,0.01,0.1,0.7,1.0,0.17,0.8,0.3,0.7,,6.81,,5.0,0.6,1.2,0.3,2150,24,Defender
1097497,Darlin Yongwa,8689,Lorient,FRA-Ligue 1,1.8,40.5,2.0,,2.4,1.1,0.11,0.02,1.0,,,1.0,0.1,0.1,0.1,6.6,,8.0,0.6,2.0,0.6,902,16,Defender
1098096,Evanilson,8678,Bournemouth,ENG-Premier League,0.1,11.5,2.0,,0.9,0.9,0.05,0.36,0.8,,0.25,0.1,0.9,0.1,0.4,6.75,,23.0,2.5,0.3,0.4,1826,24,Attacker
1098243,Yanis Zouaoui,9746,Le Havre,FRA-Ligue 1,2.5,28.5,3.0,,2.0,1.4,0.08,0.03,0.7,1.0,,1.0,0.2,0.3,0.4,6.74,,24.0,0.7,1.5,0.8,1640,20,Defender
1098365,Jorge Herrando,8371,Osasuna,ESP-La Liga,1.5,28.7,1.0,,6.7,0.8,0.06,0.02,1.5,1.0,,1.0,,0.6,,6.65,,2.0,0.2,2.0,0.2,1116,20,Defender
1098607,Jake O'Brien,8668,Everton,ENG-Premier League,1.4,24.7,,,4.3,0.7,0.03,0.04,0.6,1.0,,0.4,0.1,0.6,0.2,6.79,,12.0,0.4,1.6,0.2,2189,26,Defender
1102289,Juan Iglesias,8305,Getafe,ESP-La Liga,2.2,17.3,2.0,,3.9,1.2,0.05,0.04,2.0,2.0,0.05,0.6,0.1,0.3,0.2,6.89,,9.0,0.8,3.2,0.9,1956,23,Defender
1102708,Germán Valera,10268,Elche,ESP-La Liga,0.8,33.8,6.0,,1.1,3.2,0.16,0.11,1.3,3.0,0.2,0.5,0.3,0.3,0.5,7.15,,27.0,0.9,1.9,1.1,1802,23,Midfielder
1103837,Issa Soumaré,9746,Le Havre,FRA-Ligue 1,0.8,14.8,6.0,,1.4,2.2,0.1,0.5,1.8,2.0,0.29,0.3,0.9,0.2,0.6,7.11,,18.0,2.4,1.0,1.0,1869,22,Attacker
1104053,Rayan Cherki,8456,Manchester City,ENG-Premier League,1.3,52.3,14.0,,0.4,5.5,0.46,0.17,0.7,7.0,0.25,0.6,0.6,0.1,1.3,7.27,,34.0,2.3,1.8,2.3,1076,21,Attacker
1105912,Riccardo Calafiori,9825,Arsenal,ENG-Premier League,1.1,33.8,,,3.1,0.4,0.03,0.18,1.7,2.0,0.07,0.9,0.3,0.1,0.3,7.21,,4.0,1.6,2.0,0.9,1355,20,Defender
1106074,Mario Gila,8543,Lazio,ITA-Serie A,4.8,59.6,,,3.8,0.4,0.02,0.04,0.7,,,0.9,0.1,0.5,0.0,7.0,,4.0,0.5,1.7,0.2,2023,24,Defender
1106563,Nick Woltemade,10261,Newcastle United,ENG-Premier League,0.3,11.5,2.0,,1.1,0.8,0.05,0.4,1.0,2.0,0.44,0.2,0.8,0.1,0.4,6.67,,11.0,1.9,1.0,0.6,1426,23,Attacker
1106742,Sergio Carreira,9910,Celta de Vigo,ESP-La Liga,2.0,43.4,,,2.4,1.1,0.06,0.07,0.7,1.0,0.11,0.9,0.2,0.1,0.2,7.05,,13.0,0.6,1.4,0.9,1645,21,Midfielder
1107280,Pape Sarr,8586,Tottenham Hotspur,ENG-Premier League,1.2,35.5,2.0,,3.4,0.9,0.09,0.11,2.2,3.0,0.19,0.8,0.5,0.6,0.4,6.78,,6.0,0.8,1.9,0.6,930,17,Midfielder
1107620,Jarell Quansah,8178,Bayer 04 Leverkusen,GER-Bundesliga,1.9,61.7,1.0,,4.1,0.8,0.05,0.05,0.8,,0.13,1.0,0.3,0.4,0.1,7.21,,7.0,0.4,1.1,0.8,1429,18,Defender
1107910,Valentino Livramento,10261,Newcastle United,ENG-Premier League,1.5,40.0,1.0,,2.7,0.6,0.05,0.01,0.4,1.0,,0.5,,0.2,0.2,7.14,,10.0,0.2,1.6,0.9,1049,13,Defender
1109046,Ilaix Moriba,9910,Celta de Vigo,ESP-La Liga,1.2,31.3,3.0,,1.1,1.3,0.07,0.06,1.2,1.0,,0.8,0.2,0.2,0.5,6.69,,13.0,0.9,3.1,0.5,1581,24,Midfielder
1112072,Jon Pacheco,9866,Alavés,ESP-La Liga,3.0,43.2,1.0,,5.4,0.2,0.01,0.02,0.6,,,0.7,0.1,1.1,0.1,6.87,,5.0,0.2,2.0,0.1,1500,18,Defender
1112702,Arkadiusz Pyrka,8152,FC St. Pauli,GER-Bundesliga,1.1,25.2,5.0,,2.7,1.2,0.07,0.03,0.7,1.0,,0.9,0.2,0.5,0.5,6.87,,16.0,0.7,1.2,0.6,1502,19,Midfielder
1113690,Conor Bradley,8650,Liverpool,ENG-Premier League,1.0,39.9,3.0,,2.8,0.9,0.09,0.02,1.7,1.0,,1.3,,0.4,0.3,6.79,,4.0,0.6,1.8,0.7,932,15,Defender
1113694,Jonathan Rowe,9857,Bologna,ITA-Serie A,0.5,18.8,4.0,,0.2,1.2,0.12,0.24,1.3,1.0,,0.5,0.9,,0.7,6.77,,12.0,2.9,1.3,2.7,945,16,Attacker
1113724,Tyler Morton,9748,Lyon,FRA-Ligue 1,3.9,46.6,2.0,,1.6,2.9,0.15,0.07,1.3,2.0,0.11,0.8,0.3,0.5,0.5,7.22,,24.0,1.2,1.8,0.5,1677,19,Midfielder
1113809,Mika Biereth,9829,Monaco,FRA-Ligue 1,0.1,9.6,4.0,,0.5,1.1,0.11,0.31,1.3,2.0,0.19,,0.7,0.2,0.9,6.37,,15.0,1.8,1.0,0.3,950,20,Attacker
1114635,Luis Henrique,8636,Internazionale,ITA-Serie A,1.1,38.2,4.0,,0.8,1.3,0.1,0.04,0.4,2.0,0.08,0.5,0.3,,0.2,7.11,,19.0,0.8,1.1,0.5,1174,20,Midfielder
1114979,Emmanuel Agbadou,8602,Wolverhampton Wanderers,ENG-Premier League,4.1,44.7,,,5.3,0.4,0.03,0.05,0.8,,,1.1,0.2,1.2,0.1,6.53,,4.0,0.8,2.6,0.3,1101,14,
1116391,Hugo Bueno,8602,Wolverhampton Wanderers,ENG-Premier League,1.0,26.9,2.0,,2.4,2.2,0.12,0.03,0.6,1.0,0.05,1.5,0.3,0.2,0.2,6.77,,25.0,0.5,2.5,1.1,1670,24,Defender
1117069,Georges Mikautadze,10205,Villarreal,ESP-La Liga,0.7,11.4,6.0,,0.3,1.9,0.14,0.44,0.7,4.0,0.61,0.2,1.5,0.1,0.2,7.05,,14.0,2.7,0.1,1.2,1181,19,Attacker
1117310,Edoardo Corvi,10167,Parma,ITA-Serie A,,22.4,,4.0,0.9,0.0,0.0,,,,,,,,,6.97,2.6,,,,,1170,13,Keeper
1119461,Loic Badé,8178,Bayer 04 Leverkusen,GER-Bundesliga,2.6,73.8,,,5.9,0.7,0.05,0.07,0.6,,,1.3,0.2,1.0,0.1,7.05,,2.0,0.6,1.9,0.2,1309,18,Defender
1119643,Jan Thielmann,8722,1. FC Köln,GER-Bundesliga,1.4,16.5,1.0,,2.6,0.8,0.06,0.13,0.6,1.0,0.21,0.8,0.7,0.2,0.2,6.74,,7.0,1.5,1.1,0.4,1280,19,Attacker
1120224,Tyrick Mitchell,9826,Crystal Palace,ENG-Premier League,1.0,21.6,1.0,,2.8,1.4,0.05,0.04,0.7,,0.04,1.0,0.2,0.3,0.2,7.07,,19.0,0.4,2.8,0.4,2309,26,Midfielder
1121170,Ransford Königsdörffer,9790,Hamburger SV,GER-Bundesliga,0.3,11.6,,,1.0,0.8,0.05,0.39,1.0,,0.26,0.1,1.0,,0.3,6.56,,10.0,3.0,0.1,0.5,1391,21,Attacker
1124825,Tim Lemperle,8226,TSG 1899 Hoffenheim,GER-Bundesliga,0.3,16.6,2.0,,1.3,1.6,0.11,0.36,2.6,2.0,0.42,0.3,1.0,0.1,1.2,7.13,,19.0,2.4,1.1,0.6,1291,18,Attacker
1125187,Ramon Hendriks,10269,VfB Stuttgart,GER-Bundesliga,1.5,51.5,1.0,,3.9,0.9,0.07,0.01,0.6,2.0,,0.8,,0.8,0.2,6.85,,4.0,0.2,1.6,0.2,1141,19,Defender
1125720,Robin Roefs,8472,Sunderland,ENG-Premier League,,24.9,1.0,8.0,1.2,0.1,0.0,,,,,,,,,7.17,3.1,4.0,,,0.0,2340,26,Keeper
1126058,Malik Tillman,8178,Bayer 04 Leverkusen,GER-Bundesliga,0.7,36.6,6.0,,0.8,2.1,0.15,0.19,0.9,,0.29,0.9,0.4,0.3,0.8,7.28,,22.0,1.7,2.0,0.6,1248,17,Midfielder
1127125,Obed Nkambadio,6379,Paris FC,FRA-Ligue 1,,31.7,,1.0,1.0,0.0,0.0,,,,,,,,,6.12,2.1,1.0,,,,990,11,Keeper
1130330,Josh Doig,7943,Sassuolo,ITA-Serie A,0.6,27.4,4.0,,2.7,0.8,0.04,0.03,0.7,,,1.2,0.2,0.7,0.1,6.64,,12.0,0.5,1.6,0.5,1724,24,Defender
1130583,Samu,8661,Mallorca,ESP-La Liga,2.8,33.0,,,3.4,0.8,0.04,0.1,2.5,,0.22,1.0,0.5,0.6,0.4,6.91,,10.0,1.1,2.1,0.5,1607,21,Midfielder
1130991,Isaac Romero,8302,Sevilla,ESP-La Liga,0.9,14.0,2.0,,1.0,0.4,0.04,0.4,1.7,,0.27,0.1,1.0,,0.7,6.39,,7.0,2.4,1.0,0.6,989,18,Attacker
1131217,Pierre Kalulu,9885,Juventus,ITA-Serie A,2.1,53.7,8.0,,1.8,2.3,0.09,0.06,1.2,3.0,0.08,0.7,0.1,0.2,0.2,7.25,,28.0,0.4,1.6,0.2,2202,25,Defender
1131987,Bart Verbruggen,10204,Brighton and Hove Albion,ENG-Premier League,,31.2,,5.0,0.8,0.1,0.0,,0.1,,,,,,,6.92,2.8,1.0,,0.0,0.0,2340,26,Keeper
1132355,Alvaro Nunez,10268,Elche,ESP-La Liga,2.1,49.3,6.0,,1.8,2.7,0.15,0.01,0.7,2.0,,0.9,,0.3,0.3,7.17,,20.0,0.2,1.3,0.8,1652,19,Defender
1133081,Sinaly Diomandé,8583,Auxerre,FRA-Ligue 1,3.4,35.0,,,4.8,0.1,0.01,0.1,1.3,,0.09,1.7,0.1,0.5,,6.78,,1.0,0.3,1.3,0.3,1054,12,Defender
1134206,Mohamed Amoura,8721,VfL Wolfsburg,GER-Bundesliga,0.8,16.0,5.0,,0.8,1.5,0.1,0.5,1.0,2.0,0.56,0.3,1.0,0.1,0.6,7.03,,21.0,3.2,1.9,0.6,1292,19,Attacker
1134467,Yuito Suzuki,8358,Sport-Club Freiburg,GER-Bundesliga,1.1,16.8,1.0,,0.8,1.3,0.11,0.24,1.0,2.0,0.25,0.4,0.9,,0.5,6.78,,16.0,2.4,1.1,1.0,1066,17,Midfielder
1134871,Maxim De Cuyper,10204,Brighton and Hove Albion,ENG-Premier League,0.8,36.2,6.0,,1.7,2.2,0.18,0.14,1.1,,0.16,0.7,0.5,0.1,0.6,6.7,,19.0,0.9,1.4,0.3,1125,21,Defender
1137364,Justin Njinmah,8697,SV Werder Bremen,GER-Bundesliga,0.1,14.3,1.0,,0.6,0.6,0.04,0.33,0.5,,0.3,0.4,1.1,,0.7,6.63,,8.0,2.7,1.0,0.8,1212,21,Attacker
1137407,Malick Thiaw,10261,Newcastle United,ENG-Premier League,2.6,47.0,1.0,,6.2,0.7,0.03,0.12,0.6,,0.19,0.9,0.4,0.9,,7.1,,5.0,1.0,1.2,0.2,1938,23,Defender
1137667,Piero Hincapié,9825,Arsenal,ENG-Premier League,1.4,44.0,,,4.4,1.0,0.08,0.02,0.7,1.0,0.07,1.3,0.1,0.4,0.1,7.1,,8.0,0.1,1.9,0.3,1218,17,Defender
1137668,Moisés Caicedo,8455,Chelsea,ENG-Premier League,1.9,56.9,3.0,,1.0,1.8,0.09,0.05,1.8,1.0,0.15,2.3,0.4,0.6,0.3,7.37,,12.0,0.9,3.2,0.5,1776,21,Midfielder
1137670,Willian Pacho,9847,Paris Saint-Germain,FRA-Ligue 1,1.1,71.9,,,2.9,0.4,0.03,0.06,0.3,,,1.3,,0.6,0.1,7.13,,2.0,0.5,2.2,,1285,16,Defender
1137705,Enzo Fernández,8455,Chelsea,ENG-Premier League,2.6,49.2,9.0,,1.0,5.1,0.22,0.41,1.1,2.0,0.34,0.5,0.9,0.0,0.3,7.33,,45.0,2.2,1.8,0.3,2148,25,Midfielder
1140003,Ilya Zabarnyi,9847,Paris Saint-Germain,FRA-Ligue 1,2.1,75.5,,,3.5,0.3,0.02,0.02,0.8,,0.06,0.6,0.1,0.3,0.1,7.06,,4.0,0.1,1.2,0.2,1397,17,Defender
1146500,Matteo Cancellieri,8543,Lazio,ITA-Serie A,0.4,17.4,2.0,,1.0,1.3,0.1,0.21,1.9,,0.24,1.1,0.6,0.1,0.1,6.86,,11.0,2.1,2.1,0.6,1136,18,Attacker
1152455,Florian Wirtz,8650,Liverpool,ENG-Premier League,1.4,45.5,4.0,,0.5,4.1,0.2,0.28,0.9,2.0,0.19,0.4,0.7,0.0,0.6,7.19,,44.0,2.0,1.4,1.6,1861,25,Midfielder
1155130,Luca Netz,9788,Borussia Mönchengladbach,GER-Bundesliga,1.0,26.1,4.0,,3.6,1.5,0.15,0.0,0.8,2.0,,0.5,,0.5,0.3,6.84,,10.0,0.2,1.5,0.9,938,15,Defender
1157236,Yehor Yarmoliuk,9937,Brentford,ENG-Premier League,2.2,35.8,1.0,,1.1,1.1,0.05,0.06,1.5,2.0,0.05,0.9,0.2,0.4,0.4,6.81,,11.0,0.7,2.4,0.5,1880,26,Midfielder
1158512,Juanlu Sánchez,8302,Sevilla,ESP-La Liga,1.5,29.3,3.0,,1.5,2.1,0.14,0.04,1.1,2.0,,0.5,0.1,,0.4,6.78,,17.0,0.7,2.8,1.1,1336,20,Midfielder
1158945,Nuno Mendes,9847,Paris Saint-Germain,FRA-Ligue 1,3.5,63.2,8.0,,1.0,3.2,0.28,0.24,0.8,3.0,0.27,1.1,0.9,0.2,0.6,7.65,,25.0,2.1,1.9,1.9,1016,15,Defender
1159233,Alieu Fadera,7943,Sassuolo,ITA-Serie A,0.9,18.7,1.0,,0.5,1.2,0.12,0.21,3.1,1.0,0.2,0.7,0.4,,0.5,6.49,,7.0,1.3,3.0,0.9,904,23,Attacker
1161211,Fabian Rieder,8406,FC Augsburg,GER-Bundesliga,1.1,19.2,3.0,,0.3,2.2,0.15,0.19,1.8,2.0,0.2,0.5,0.5,0.1,0.6,6.71,,18.0,1.8,1.1,0.9,1330,20,Midfielder
1163501,Filippo Terracciano,7801,Cremonese,ITA-Serie A,2.5,39.5,,,3.6,0.5,0.02,0.08,0.5,,0.09,1.7,0.2,0.8,0.1,6.85,,6.0,0.6,0.8,0.2,2102,24,Defender
1167220,Joan Garcia,8634,Barcelona,ESP-La Liga,,25.2,,9.0,1.3,0.0,0.0,,,,,0.1,,,,7.77,2.9,,,0.2,0.1,1620,18,Keeper
1168311,Yasin Ayari,10204,Brighton and Hove Albion,ENG-Premier League,2.0,39.2,1.0,,1.1,1.1,0.06,0.13,1.0,2.0,0.16,1.2,0.5,0.2,0.7,7.13,,12.0,2.1,2.3,0.7,1701,21,Midfielder
1169595,Ilyas Chaira,8670,Real Oviedo,ESP-La Liga,0.4,21.1,2.0,,0.6,0.8,0.05,0.25,2.0,1.0,0.19,0.3,1.1,0.3,0.7,6.58,,9.0,2.5,1.9,1.3,1406,21,Attacker
1171140,Jaidon Anthony,8191,Burnley,ENG-Premier League,0.8,21.4,2.0,,1.0,1.7,0.09,0.17,0.9,1.0,0.32,0.5,0.7,0.3,0.9,6.86,,24.0,1.6,1.6,1.1,1679,25,Attacker
1173250,Arthur Theate,9810,Eintracht Frankfurt,GER-Bundesliga,3.2,60.7,1.0,,5.9,1.2,0.06,0.04,0.6,,0.05,1.3,0.2,0.6,0.3,6.76,,11.0,0.5,1.6,0.2,1702,19,Defender
1173779,Tim Siersleben,94937,1. FC Heidenheim 1846,GER-Bundesliga,3.3,37.9,,,6.4,0.4,0.03,0.04,1.1,,,1.6,0.3,0.7,0.2,6.52,,2.0,0.4,1.9,,1006,13,Defender
1173787,Xavi Simons,8586,Tottenham Hotspur,ENG-Premier League,1.8,34.6,6.0,,0.5,3.3,0.21,0.13,1.0,4.0,0.07,0.8,0.5,0.1,1.2,7.01,,26.0,2.0,1.9,1.4,1378,20,Midfielder
1174296,Andre,8602,Wolverhampton Wanderers,ENG-Premier League,2.1,40.2,1.0,,2.0,0.7,0.04,0.01,1.4,,,0.9,,0.4,0.3,6.67,,11.0,0.4,2.7,0.5,1777,24,Midfielder
1174672,Joao Gomes,8602,Wolverhampton Wanderers,ENG-Premier League,1.3,41.0,1.0,,1.6,1.3,0.06,0.04,2.3,,,1.3,0.2,0.2,0.4,6.9,,13.0,0.5,3.3,1.2,2026,25,Midfielder
1174726,Rocco Reitz,9788,Borussia Mönchengladbach,GER-Bundesliga,1.9,31.3,3.0,,1.6,2.8,0.13,0.08,1.3,2.0,,1.7,0.5,0.1,0.3,7.06,,21.0,1.5,2.3,0.8,1883,22,Midfielder
1175708,Ansgar Knauff,9810,Eintracht Frankfurt,GER-Bundesliga,0.1,15.9,4.0,,0.6,1.4,0.13,0.3,1.8,1.0,0.36,0.6,1.2,,0.6,6.72,,16.0,2.3,0.9,0.8,1004,20,Attacker
1175939,Paul Nebel,9905,1. FSV Mainz 05,GER-Bundesliga,0.6,27.9,2.0,,0.9,1.9,0.15,0.19,1.3,,0.08,0.6,0.1,0.1,0.8,6.6,,21.0,1.1,1.7,0.9,1141,18,Midfielder
1176780,Nnamdi Collins,9810,Eintracht Frankfurt,GER-Bundesliga,2.3,49.7,1.0,,4.1,0.3,0.02,0.02,1.3,1.0,0.08,1.8,0.1,0.1,0.3,6.66,,2.0,0.2,3.3,0.6,1073,18,Defender
1177131,Lucas Chevalier,9847,Paris Saint-Germain,FRA-Ligue 1,,20.6,,9.0,0.5,0.0,0.0,,,,,,,,,6.99,1.9,,,,,1530,17,Keeper
1177358,Adrien Truffert,8678,Bournemouth,ENG-Premier League,1.1,33.6,2.0,,4.0,1.7,0.07,0.01,1.1,2.0,,1.3,0.0,0.3,0.2,6.96,,18.0,0.4,2.9,0.9,2300,26,Defender
1178314,Nikola Stulic,9888,Lecce,ITA-Serie A,0.2,11.7,2.0,,0.7,0.8,0.06,0.16,1.9,,0.14,0.1,0.3,0.3,0.8,6.33,,17.0,1.7,0.8,0.3,1306,23,Attacker
1178325,Ousmane Camara,8121,Angers,FRA-Ligue 1,1.6,43.2,,,6.1,0.1,0.01,0.01,0.6,,0.05,1.1,0.1,1.0,0.1,7.01,,3.0,0.2,1.7,0.2,1774,21,Defender
1178332,Ismaël Doukouré,9848,Strasbourg,FRA-Ligue 1,1.4,55.7,2.0,,2.3,0.4,0.03,0.03,0.8,1.0,,1.1,0.1,0.5,0.2,6.63,,5.0,0.3,1.0,0.4,1310,16,Defender
1178512,Chrislain Matsima,8406,FC Augsburg,GER-Bundesliga,2.4,41.3,1.0,,6.1,0.4,0.03,0.03,0.6,1.0,0.07,2.1,0.1,1.3,,6.84,,4.0,0.4,1.1,0.1,1260,14,Defender
1178602,Senne Lammens,10260,Manchester United,ENG-Premier League,,16.7,,4.0,0.9,0.0,0.0,,,,,,,,,7.12,2.2,,,0.1,,1800,20,Keeper
1180481,Johann Lepenant,9830,Nantes,FRA-Ligue 1,2.1,31.1,2.0,,1.0,1.1,0.08,0.03,1.0,1.0,,0.9,0.1,0.2,0.7,6.97,,15.0,0.7,3.8,0.5,1202,16,Midfielder
1180718,Mohamed-Ali Cho,9831,Nice,FRA-Ligue 1,0.5,19.1,6.0,,0.5,2.2,0.2,0.19,0.6,2.0,0.36,0.3,0.6,0.2,0.6,6.83,,16.0,1.5,0.7,1.2,988,14,Attacker
1181101,Tyrhys Dolan,8558,Espanyol,ESP-La Liga,0.2,18.6,4.0,,0.5,2.6,0.15,0.1,1.4,3.0,0.06,0.5,0.4,,0.7,6.82,,20.0,1.4,2.4,1.3,1517,23,Attacker
1184694,Alberto Moleiro,10205,Villarreal,ESP-La Liga,0.5,18.4,6.0,,0.6,2.4,0.13,0.26,1.3,4.0,0.51,0.3,1.0,0.2,0.4,7.09,,23.0,2.0,0.8,1.1,1598,23,Midfielder
1185211,Mamadou Sangare,8588,Lens,FRA-Ligue 1,3.0,46.1,2.0,,1.4,1.2,0.07,0.13,1.5,2.0,0.06,1.5,0.4,0.2,1.0,7.59,,18.0,1.5,3.8,1.3,1579,20,Midfielder
1185336,Chico Conceicao,9885,Juventus,ITA-Serie A,0.5,33.1,1.0,,0.2,2.1,0.17,0.32,1.6,1.0,0.16,0.4,1.0,,1.0,6.96,,14.0,2.8,1.5,2.2,1122,18,Midfielder
1185609,Robin Fellhauer,8406,FC Augsburg,GER-Bundesliga,0.9,23.0,3.0,,2.3,1.5,0.08,0.06,0.9,1.0,0.05,0.7,0.2,0.2,0.5,7.05,,17.0,1.0,2.3,0.5,1815,22,Midfielder
1185748,Amadou Onana,10252,Aston Villa,ENG-Premier League,2.0,36.6,,,3.5,0.3,0.02,0.04,1.2,,0.16,1.4,0.2,0.9,0.2,7.07,,3.0,0.6,2.6,0.5,1146,17,Midfielder
1185902,Jens Castrop,9788,Borussia Mönchengladbach,GER-Bundesliga,1.1,18.9,,,1.4,0.8,0.08,0.18,2.4,,0.1,1.0,0.6,,0.1,6.76,,10.0,1.5,4.1,1.6,928,17,Midfielder
1186015,Albian Hajdari,8226,TSG 1899 Hoffenheim,GER-Bundesliga,3.9,46.1,2.0,,7.1,0.4,0.03,0.08,1.7,,0.06,1.3,0.2,0.8,0.1,7.11,,3.0,0.6,2.3,0.1,1559,19,Defender
1186444,Charlie Cresswell,9941,Toulouse,FRA-Ligue 1,3.0,43.7,1.0,,6.5,0.8,0.04,0.11,1.2,2.0,0.14,1.0,0.4,1.1,,7.14,,8.0,1.2,1.0,,1980,22,Defender
1187044,Luiz Junior,10205,Villarreal,ESP-La Liga,,16.1,,8.0,2.2,0.0,0.0,,0.0,,,0.0,,,,7.16,2.4,,,,,1890,21,Keeper
1187702,Leo Román,8661,Mallorca,ESP-La Liga,,19.4,,1.0,0.8,0.1,0.0,,0.1,,,0.1,,,,6.74,3.6,,,0.1,,1710,19,Keeper
1187734,Flavien Boyomo,8371,Osasuna,ESP-La Liga,1.9,33.8,2.0,,4.5,0.8,0.05,0.02,1.2,1.0,0.05,0.7,0.1,0.7,0.1,6.93,,7.0,0.2,2.5,0.2,1645,20,Defender
1187767,Urko González,8558,Espanyol,ESP-La Liga,0.7,27.9,,,2.2,0.4,0.02,0.03,1.1,1.0,,1.2,0.1,0.4,0.3,6.61,,7.0,0.7,2.1,0.2,1465,23,Midfielder
1188375,Natan,8603,Real Betis,ESP-La Liga,2.0,39.3,,,7.8,0.1,0.0,0.01,0.7,,,1.2,0.0,0.6,0.1,6.8,,5.0,0.4,1.0,0.1,1897,22,Defender
1188890,Nicolai Remberg,9790,Hamburger SV,GER-Bundesliga,2.1,40.1,2.0,,3.5,1.0,0.05,0.04,1.5,1.0,,1.4,0.3,0.5,0.3,7.07,,6.0,0.7,2.1,0.4,1800,20,Midfielder
1189223,Patrizio Masini,10233,Genoa,ITA-Serie A,1.3,27.2,,,3.1,0.3,0.02,0.11,2.4,,,1.7,0.3,0.5,0.5,6.77,,7.0,1.0,4.7,0.2,1066,21,Midfielder
1190025,Alvaro Carreras,8633,Real Madrid,ESP-La Liga,1.6,58.6,1.0,,2.5,1.2,0.06,0.01,0.8,2.0,0.1,1.6,0.1,0.3,0.4,7.54,,20.0,0.4,1.5,0.7,1791,21,Defender
1190029,Thomas Kristensen,8600,Udinese,ITA-Serie A,2.3,38.4,,,7.7,0.2,0.01,0.02,1.1,,0.07,0.9,0.2,0.9,,6.83,,3.0,0.4,1.1,0.2,1345,15,Defender
1190113,Otavio,6379,Paris FC,FRA-Ligue 1,3.6,59.1,,,6.5,0.2,0.01,0.01,1.1,,,1.3,0.1,0.8,0.2,6.82,,3.0,0.6,2.0,0.3,1634,19,Defender
1191093,Lorenzo Bernasconi,8524,Atalanta,ITA-Serie A,1.6,33.1,3.0,,2.5,2.4,0.22,0.03,0.6,2.0,,0.8,0.1,0.3,,7.13,,16.0,0.6,2.1,0.5,1005,15,Midfielder
1191407,Aitor Paredes,8315,Athletic Club,ESP-La Liga,3.5,45.7,1.0,,4.3,0.5,0.03,0.06,1.1,,0.06,1.6,0.2,0.2,,7.01,,3.0,0.7,1.3,0.1,1449,17,Defender
1192393,Victor Chust,10268,Elche,ESP-La Liga,2.1,57.6,,,3.0,0.4,0.03,0.02,1.5,,,0.8,0.1,0.8,0.1,6.75,,2.0,0.3,2.5,0.3,1389,18,Defender
1193815,Julian Niehues,94937,1. FC Heidenheim 1846,GER-Bundesliga,2.1,34.0,1.0,,2.5,0.8,0.07,0.11,0.7,,0.27,1.4,0.5,0.4,0.2,6.72,,3.0,1.5,1.1,0.4,994,17,Midfielder
1194892,Arnau Martinez,7732,Girona,ESP-La Liga,2.6,40.5,3.0,,5.1,0.9,0.05,0.04,1.0,1.0,0.06,1.6,0.1,0.5,0.1,7.03,,8.0,0.5,2.6,0.5,1535,21,Defender
1195281,Milos Kerkez,8650,Liverpool,ENG-Premier League,0.9,37.4,3.0,,3.1,0.6,0.03,0.05,0.8,1.0,0.05,0.6,0.1,0.4,0.1,6.97,,23.0,0.4,1.9,0.6,1721,24,Defender
1197030,Hugo Ekitike,8650,Liverpool,ENG-Premier League,0.1,15.2,2.0,,1.4,2.0,0.12,0.51,1.7,2.0,0.59,0.1,1.0,0.1,0.7,7.03,,16.0,3.4,0.5,1.8,1520,23,Attacker
1197250,Malo Gusto,8455,Chelsea,ENG-Premier League,1.5,44.0,2.0,,1.6,1.2,0.07,0.09,0.8,2.0,0.12,1.2,0.3,0.1,0.4,6.99,,15.0,0.7,2.5,0.5,1484,23,Defender
1197655,Lewis Hall,10261,Newcastle United,ENG-Premier League,2.0,44.4,4.0,,3.6,1.8,0.12,0.04,0.7,1.0,,1.5,0.1,0.6,0.5,7.1,,16.0,1.0,2.4,2.1,1302,19,Defender
1199272,Rasmus Højlund,9875,Napoli,ITA-Serie A,0.3,12.9,3.0,,0.6,1.9,0.1,0.4,1.4,2.0,0.41,,0.9,0.1,0.4,6.74,,18.0,1.9,0.2,0.4,1740,21,Attacker
1199283,Eric Martel,8722,1. FC Köln,GER-Bundesliga,1.0,43.7,4.0,,5.1,0.9,0.05,0.04,1.5,2.0,0.05,1.2,0.1,0.8,0.2,6.88,,11.0,0.5,1.2,0.1,1718,21,Midfielder
1199382,Josué Casimir,8583,Auxerre,FRA-Ligue 1,0.8,22.5,,,0.8,1.0,0.08,0.18,2.0,,,0.7,0.6,,0.4,6.37,,6.0,1.3,1.8,0.6,1121,20,Attacker
1199947,Leopold Querfeld,8149,1. FC Union Berlin,GER-Bundesliga,4.7,32.5,3.0,,6.9,1.5,0.07,0.15,1.5,,0.09,1.2,0.4,0.8,0.0,7.03,,17.0,1.1,1.7,0.1,1980,22,Defender
1200630,Koni De Winter,8564,Milan,ITA-Serie A,1.5,56.4,,,4.5,0.4,0.03,0.04,1.4,,0.08,0.2,0.1,0.5,0.1,6.96,,2.0,0.4,1.4,0.2,1096,17,Defender
1200631,Lesley Ugochukwu,8191,Burnley,ENG-Premier League,1.1,25.2,,,1.0,0.3,0.01,0.11,1.2,1.0,0.16,0.8,0.4,0.9,0.2,6.56,,8.0,0.9,2.2,0.4,1723,25,Midfielder
1200657,Yerson Mosquera,8602,Wolverhampton Wanderers,ENG-Premier League,1.0,27.4,1.0,,4.5,0.4,0.02,0.09,1.3,,,1.0,0.3,0.6,,6.71,,8.0,1.1,2.7,0.4,1411,18,Defender
1201760,Marvin Senaya,8583,Auxerre,FRA-Ligue 1,2.0,26.7,,,3.8,0.4,0.02,0.05,1.2,,,1.7,0.2,0.4,0.2,6.76,,4.0,0.8,2.6,0.2,1305,16,Defender
1202110,Nico Williams,8315,Athletic Club,ESP-La Liga,0.3,23.8,5.0,,0.5,4.3,0.3,0.31,1.2,2.0,0.27,0.4,0.9,,1.2,6.99,,27.0,2.5,0.8,3.2,1316,19,Attacker
1202525,Bryan Zaragoza,9910,Celta de Vigo,ESP-La Liga,1.0,20.5,4.0,,0.4,2.9,0.23,0.16,0.6,1.0,0.08,0.2,1.0,,0.6,6.85,,18.0,2.1,0.8,2.1,1135,19,Attacker
1203512,Tim Iroegbunam,8668,Everton,ENG-Premier League,0.7,24.8,3.0,,0.5,0.6,0.06,0.04,1.6,2.0,,1.5,,0.7,0.4,6.77,,5.0,0.7,4.1,0.7,939,19,Midfielder
1206287,Freddie Potts,8654,West Ham United,ENG-Premier League,2.0,33.8,2.0,,2.4,1.1,0.09,0.02,1.1,1.0,,1.2,0.1,0.2,,6.69,,7.0,0.2,2.2,0.2,1099,19,Midfielder
1206806,Kialonda Gaspar,9888,Lecce,ITA-Serie A,2.3,32.9,,,7.0,0.2,0.01,0.04,0.6,,,0.8,0.0,1.0,,6.65,,,0.4,1.1,0.0,1825,21,Defender
1208708,Omar El Hilali,8558,Espanyol,ESP-La Liga,2.0,35.1,2.0,,2.4,1.5,0.08,0.0,1.3,2.0,,1.2,,0.4,0.1,6.8,,10.0,0.1,2.5,0.2,1672,22,Defender
1208969,Kristjan Asllani,9804,Torino,ITA-Serie A,5.4,41.2,1.0,,0.8,1.3,0.1,0.11,0.6,,,1.0,0.3,0.1,0.3,6.81,,15.0,1.6,1.7,0.2,1135,15,
1209228,Daniel Svensson,9789,Borussia Dortmund,GER-Bundesliga,0.4,28.1,3.0,,2.9,3.9,0.21,0.05,1.2,1.0,0.05,0.6,0.1,0.3,0.4,7.07,,22.0,0.3,1.4,0.6,1695,22,Midfielder
1209399,Abdessamad Ezzalzouli,8603,Real Betis,ESP-La Liga,0.6,26.1,7.0,,0.6,1.5,0.11,0.41,1.4,4.0,0.39,0.8,1.0,,1.3,7.67,,16.0,3.3,2.4,1.7,1143,15,Attacker
1209441,Ivan Romero,8581,Levante,ESP-La Liga,0.4,15.4,2.0,,0.5,1.1,0.07,0.33,1.4,1.0,0.23,0.4,0.6,0.1,0.6,6.77,,13.0,2.2,1.2,1.4,1547,20,Attacker
1209980,Carlos Álvarez,8581,Levante,ESP-La Liga,1.0,24.8,6.0,,0.3,3.8,0.21,0.1,0.9,1.0,0.16,0.6,0.5,0.1,0.5,6.78,,35.0,1.3,1.1,0.9,1654,24,Midfielder
1209987,Warren Bondo,7801,Cremonese,ITA-Serie A,1.4,32.2,,,0.4,0.3,0.02,0.01,2.1,,,0.5,,0.2,0.1,6.48,,3.0,0.3,1.6,0.8,1396,20,Midfielder
1210943,Jackson Tchatchoua,8602,Wolverhampton Wanderers,ENG-Premier League,0.8,20.0,2.0,,3.0,1.1,0.07,0.02,0.4,,,0.7,,0.5,0.2,6.38,,14.0,0.1,1.5,0.2,1338,24,Midfielder
1214915,Brooke Norton-Cuffy,10233,Genoa,ITA-Serie A,1.2,23.8,2.0,,1.7,1.7,0.08,0.06,1.0,1.0,0.05,0.5,0.2,0.3,0.4,6.77,,18.0,0.5,1.8,1.3,1992,23,Midfielder
1215057,Vitinha,10233,Genoa,ITA-Serie A,0.5,10.1,4.0,,1.4,1.7,0.1,0.21,1.6,1.0,0.18,0.6,0.8,0.2,0.6,6.78,,13.0,2.6,1.3,1.8,1531,24,Attacker
1215652,Omari Hutchinson,10203,Nottingham Forest,ENG-Premier League,0.5,25.0,6.0,,0.4,3.0,0.26,0.14,1.4,3.0,0.09,0.5,0.6,,0.7,6.77,,25.0,1.7,1.4,2.4,1033,20,Attacker
1219540,Fisnik Asllani,8226,TSG 1899 Hoffenheim,GER-Bundesliga,0.3,16.9,6.0,,0.9,2.7,0.17,0.36,0.9,4.0,0.44,0.3,1.1,,1.1,7.17,,24.0,2.9,0.6,0.6,1433,21,Attacker
1224237,Mateo Pellegrino,10167,Parma,ITA-Serie A,0.4,9.1,4.0,,1.1,0.8,0.03,0.29,2.4,1.0,0.31,0.1,0.8,0.2,1.0,6.65,,16.0,2.4,0.5,0.7,2051,25,Attacker
1225995,Robin Hranac,8226,TSG 1899 Hoffenheim,GER-Bundesliga,2.2,42.9,,,6.6,0.3,0.02,0.06,1.0,,,0.6,0.1,0.9,0.1,6.95,,1.0,0.3,1.1,0.1,1767,20,Defender
1226147,Giuliano Simeone,9906,Atlético de Madrid,ESP-La Liga,0.5,31.6,6.0,,0.5,3.4,0.19,0.21,1.0,5.0,0.11,0.8,0.5,0.1,0.6,7.2,,21.0,1.7,1.8,1.4,1597,21,Midfielder
1226189,Martim Neto,10268,Elche,ESP-La Liga,0.7,35.5,3.0,,0.9,1.5,0.13,0.07,1.2,4.0,0.17,0.2,0.3,0.1,0.3,6.78,,20.0,1.0,1.1,1.5,1076,20,Midfielder
1229177,Carlos Vicente,9866,Alavés,ESP-La Liga,0.5,27.1,7.0,,1.0,2.6,0.19,0.26,0.9,,0.36,0.5,0.4,0.1,0.4,7.0,,26.0,0.9,1.9,0.8,1256,21,
1230286,Daouda Guindo,8521,Brest,FRA-Ligue 1,1.3,27.6,1.0,,2.4,0.3,0.03,0.07,1.7,,,1.5,0.4,0.4,0.4,6.68,,3.0,1.1,2.1,0.2,992,16,Defender
1231029,Rafik Belghali,9876,Verona,ITA-Serie A,0.8,18.2,1.0,,1.0,1.8,0.14,0.12,1.0,,0.16,1.0,0.3,0.3,0.3,6.82,,15.0,0.8,1.2,1.8,1125,16,Defender
1231648,Vladyslav Vanat,7732,Girona,ESP-La Liga,0.1,9.7,3.0,,0.9,1.3,0.07,0.41,1.5,1.0,0.4,0.1,0.9,0.1,0.3,6.69,,11.0,1.3,0.2,0.5,1572,21,Attacker
1233655,Alex Scott,8678,Bournemouth,ENG-Premier League,1.3,34.4,2.0,,2.7,1.3,0.06,0.12,1.3,1.0,0.1,1.3,0.3,0.3,0.4,7.01,,14.0,1.4,1.7,0.8,1870,26,Midfielder
1233931,Quentin Merlin,9851,Rennes,FRA-Ligue 1,1.5,34.5,5.0,,2.0,2.9,0.18,0.07,0.5,3.0,0.06,1.4,0.3,0.4,0.6,6.99,,24.0,1.1,1.4,0.5,1452,21,Midfielder
1235086,Kristoffer Lund Hansen,8722,1. FC Köln,GER-Bundesliga,1.5,25.0,3.0,,4.7,1.5,0.1,0.03,0.5,1.0,,1.4,0.1,0.3,0.3,6.67,,13.0,0.9,1.4,0.5,1347,21,Midfielder
1238154,Pablo Ibánez,9866,Alavés,ESP-La Liga,0.9,36.1,1.0,,1.4,1.0,0.06,0.22,1.6,1.0,0.06,0.8,0.6,0.4,0.5,6.7,,12.0,2.0,1.9,1.7,1449,24,Midfielder
1239749,Mandela Keita,10167,Parma,ITA-Serie A,1.4,31.3,,,0.8,0.3,0.01,0.01,1.0,1.0,,1.2,0.0,0.5,0.4,7.08,,10.0,0.5,2.6,1.1,1947,24,Midfielder
1242587,Amine Sbai,8121,Angers,FRA-Ligue 1,0.7,22.2,3.0,,0.2,1.3,0.12,0.12,1.0,1.0,0.09,0.4,0.7,,0.8,6.64,,16.0,1.6,1.3,2.0,1007,15,Attacker
1244272,Arouna Sangante,9746,Le Havre,FRA-Ligue 1,2.6,48.4,,,5.2,0.6,0.03,0.02,1.5,1.0,0.05,1.2,0.3,0.7,0.1,6.88,,5.0,0.3,1.2,0.2,1638,20,Defender
1246009,Cher Ndour,8535,Fiorentina,ITA-Serie A,1.2,30.7,1.0,,1.6,0.4,0.04,0.08,1.2,,0.1,0.7,0.2,0.7,0.4,6.35,,3.0,0.9,1.4,0.3,920,20,Midfielder
1248482,Antonio Nusa,178475,RB Leipzig,GER-Bundesliga,0.8,21.6,6.0,,0.4,4.2,0.27,0.25,0.6,2.0,0.13,0.3,0.8,,0.3,7.33,,24.0,3.2,1.2,3.3,1377,19,Attacker
1249284,Jon Aramburu,8560,Real Sociedad,ESP-La Liga,1.5,32.2,,,3.1,0.4,0.02,0.07,2.3,,0.05,1.3,0.2,0.3,0.1,7.0,,7.0,0.7,3.7,0.2,1820,22,Defender
1250253,Dango Ouattara,9937,Brentford,ENG-Premier League,0.6,11.3,5.0,,2.3,1.4,0.09,0.31,1.4,1.0,0.33,1.1,0.7,,0.3,6.9,,12.0,2.0,0.9,1.0,1371,20,Attacker
1250443,Maxime Estève,8191,Burnley,ENG-Premier League,1.4,36.1,1.0,,6.6,0.6,0.03,0.02,0.4,,,1.3,0.0,0.9,0.1,6.46,,7.0,0.3,1.3,0.1,1971,23,Defender
1250485,Tarik Muharemovic,7943,Sassuolo,ITA-Serie A,3.1,43.3,1.0,,7.4,0.3,0.01,0.04,0.9,2.0,0.09,1.6,0.2,0.9,,6.95,,5.0,0.6,1.4,0.2,1935,22,Defender
1250492,Matthis Abline,9830,Nantes,FRA-Ligue 1,0.3,10.3,6.0,,0.5,2.1,0.1,0.23,1.3,2.0,0.2,0.2,0.8,,0.6,6.88,,18.0,3.0,0.9,2.1,1784,22,Attacker
1251666,Ernest Poku,8178,Bayer 04 Leverkusen,GER-Bundesliga,0.4,28.1,3.0,,0.7,3.3,0.26,0.22,0.2,4.0,0.4,0.5,0.6,,0.2,6.93,,21.0,1.8,0.9,1.3,1123,19,Attacker
1252070,Nathan Ngoy,8639,Lille,FRA-Ligue 1,3.2,54.9,2.0,,3.6,0.6,0.04,0.05,0.8,1.0,,1.7,0.2,0.4,0.1,6.67,,3.0,0.8,1.5,0.3,1414,18,Defender
1252373,Roberto Fernández,8558,Espanyol,ESP-La Liga,,8.9,6.0,,1.0,2.3,0.12,0.29,1.4,2.0,0.26,0.2,0.8,0.1,0.8,6.64,,16.0,2.2,0.4,0.3,1732,24,Attacker
1253852,Castello Lukeba,178475,RB Leipzig,GER-Bundesliga,2.2,62.8,,,4.9,0.4,0.02,0.06,0.5,,0.06,1.6,0.1,0.9,0.1,7.1,,5.0,0.3,1.2,0.9,1446,17,Defender
1253890,Arda Güler,8633,Real Madrid,ESP-La Liga,2.9,52.4,11.0,,0.5,5.5,0.33,0.25,1.2,7.0,0.18,0.5,0.9,0.1,0.4,7.49,,55.0,2.3,1.7,1.1,1532,24,Midfielder
1254147,Antoine Mendy,9831,Nice,FRA-Ligue 1,2.3,49.3,,,6.7,0.3,0.02,0.04,1.5,,,0.6,0.2,1.0,0.1,6.82,,1.0,0.6,2.3,0.4,1233,14,Defender
1254166,Alejandro Balde,8634,Barcelona,ESP-La Liga,0.9,51.1,4.0,,1.1,1.9,0.12,0.02,0.7,2.0,,0.3,0.1,0.5,0.4,7.19,,21.0,0.5,1.8,1.2,1429,20,Defender
1254218,Hugo Sotelo,9910,Celta de Vigo,ESP-La Liga,3.2,61.6,4.0,,1.3,1.6,0.15,0.01,1.8,1.0,,1.2,0.1,0.7,0.2,6.99,,20.0,0.2,2.3,,911,14,Midfielder
1255855,Yassine Kechta,9746,Le Havre,FRA-Ligue 1,0.7,21.8,3.0,,1.3,1.5,0.13,0.12,2.4,1.0,0.09,1.2,0.5,0.3,0.7,6.47,,9.0,1.4,2.0,0.4,1015,20,Midfielder
1258292,Nicolo Bertola,8600,Udinese,ITA-Serie A,2.5,31.4,2.0,,4.1,0.7,0.04,0.03,1.1,1.0,,1.0,0.2,0.7,0.2,6.77,,8.0,0.7,1.9,0.2,1488,21,Defender
1265963,Igor Paixao,8592,Marseille,FRA-Ligue 1,0.8,26.1,1.0,,0.8,1.0,0.08,0.28,1.0,2.0,0.31,0.8,1.0,0.1,0.6,6.95,,11.0,2.5,1.1,1.3,1165,19,Attacker
1269497,Yannik Engelhardt,9788,Borussia Mönchengladbach,GER-Bundesliga,1.0,40.2,1.0,,1.8,1.1,0.06,0.07,1.6,1.0,0.12,1.0,0.3,0.4,0.3,6.91,,9.0,0.9,2.0,0.2,1561,20,Midfielder
1272440,Valentin Barco,9848,Strasbourg,FRA-Ligue 1,2.7,53.8,11.0,,0.6,5.4,0.31,0.08,1.0,4.0,0.06,0.6,0.3,,0.6,7.33,,27.0,1.0,2.2,1.1,1605,19,Midfielder
1276315,Dermane Karim,8689,Lorient,FRA-Ligue 1,1.3,30.6,1.0,,0.3,0.7,0.07,0.09,1.6,2.0,0.1,0.8,0.2,0.2,0.7,6.66,,10.0,1.2,1.7,1.4,914,20,Midfielder
1276626,Samson Baidoo,8588,Lens,FRA-Ligue 1,2.9,48.0,1.0,,3.9,0.4,0.02,0.09,0.9,1.0,0.12,1.3,0.2,1.2,0.2,7.3,,3.0,0.9,1.6,0.4,1545,18,Defender
1279034,Aaron Zehnter,8721,VfL Wolfsburg,GER-Bundesliga,2.5,29.6,1.0,,3.0,1.5,0.11,0.04,0.1,,0.15,1.2,0.2,0.4,0.1,6.84,,15.0,0.6,0.9,0.3,1208,16,Defender
1280020,Julen Agirrezabala,10267,Valencia CF,ESP-La Liga,,19.1,,4.0,1.4,0.0,0.0,,,,,,,,,6.94,3.0,1.0,,0.1,,1620,18,Keeper
1280082,Matias Soulé,8686,Roma,ITA-Serie A,1.6,33.2,4.0,,0.5,3.0,0.16,0.18,0.3,4.0,0.32,0.5,0.7,0.1,1.7,7.11,,34.0,2.2,0.8,1.4,1691,25,Midfielder
1280132,Nico González,8456,Manchester City,ENG-Premier League,1.9,67.7,1.0,,2.6,1.0,0.07,0.04,1.8,,0.07,1.4,0.1,0.4,0.7,7.17,,8.0,0.8,2.4,0.7,1375,21,Midfielder
1280225,Esteban Lepaul,9851,Rennes,FRA-Ligue 1,0.4,11.9,2.0,,0.7,0.5,0.03,0.48,1.0,3.0,0.59,0.1,1.2,,0.5,7.05,,12.0,2.8,0.3,0.2,1679,22,Attacker
1281090,Philipp Treu,8358,Sport-Club Freiburg,GER-Bundesliga,1.1,26.2,1.0,,1.5,0.9,0.06,0.05,0.8,1.0,0.07,0.3,0.2,0.3,0.2,6.72,,12.0,0.7,1.9,0.8,1352,18,Defender
1281100,Noah Atubolu,8358,Sport-Club Freiburg,GER-Bundesliga,,25.7,1.0,5.0,1.2,0.4,0.02,,,,,,,,,6.97,3.0,2.0,,,,1980,22,Keeper
1281461,José Ángel Carmona,8302,Sevilla,ESP-La Liga,1.8,35.3,3.0,,3.0,1.1,0.05,0.03,1.7,3.0,0.05,1.3,0.2,0.4,0.2,6.92,,11.0,0.7,2.5,0.7,1799,22,Defender
1282000,Soumaila Coulibaly,8521,Brest,FRA-Ligue 1,2.5,46.0,,,5.2,0.1,0.01,0.03,1.6,,,0.9,0.2,0.6,,6.56,,1.0,0.5,0.9,0.3,1064,12,Defender
1282008,Santiago Castro,9857,Bologna,ITA-Serie A,1.1,11.0,4.0,,1.5,0.6,0.04,0.29,1.5,2.0,0.45,0.1,1.0,0.1,0.4,6.87,,20.0,2.4,0.4,0.7,1412,22,Attacker
1284429,Javier Guerra,10267,Valencia CF,ESP-La Liga,2.3,35.0,4.0,,1.7,1.2,0.1,0.09,1.4,3.0,,1.1,0.3,0.3,0.2,6.64,,12.0,1.1,1.2,1.1,1077,23,Midfielder
1284434,Diego Lopez,10267,Valencia CF,ESP-La Liga,0.6,17.4,3.0,,0.6,1.2,0.08,0.16,1.0,,0.21,0.6,0.3,0.1,0.6,6.53,,10.0,1.5,0.8,0.4,1291,22,Attacker
1285784,Bradley Locko,8521,Brest,FRA-Ligue 1,1.9,25.2,2.0,,1.7,0.9,0.08,0.01,0.7,1.0,,0.8,0.1,,0.3,6.74,,7.0,0.2,3.9,0.9,1017,15,Defender
1286471,Roger Brugué,8581,Levante,ESP-La Liga,0.3,16.8,2.0,,1.6,0.7,0.07,0.22,1.1,1.0,,0.4,0.5,0.1,0.2,6.26,,6.0,1.8,1.0,0.9,900,15,Attacker
1287373,Jobe Bellingham,9789,Borussia Dortmund,GER-Bundesliga,2.4,46.7,1.0,,1.5,0.7,0.07,0.07,0.9,1.0,,2.6,0.3,0.4,0.7,6.74,,4.0,1.1,2.1,0.6,921,20,Midfielder
1287489,Bamo Meité,8689,Lorient,FRA-Ligue 1,1.4,36.0,2.0,,5.4,0.4,0.03,0.04,1.3,2.0,,0.6,0.1,0.8,0.1,6.92,,5.0,0.3,1.2,0.5,1287,16,Defender
1288119,Ismael Kone,7943,Sassuolo,ITA-Serie A,1.9,29.5,1.0,,1.1,1.3,0.07,0.14,0.9,,0.2,0.5,0.4,0.2,0.3,6.91,,18.0,0.8,0.9,1.0,1772,22,Midfielder
1289942,Samuele Angori,6479,Pisa,ITA-Serie A,1.9,16.5,3.0,,2.7,2.7,0.16,0.03,0.5,1.0,,0.8,0.1,0.3,0.1,6.66,,21.0,0.4,1.7,0.2,1524,22,Midfielder
1289961,Adam Obert,8529,Cagliari,ITA-Serie A,1.8,34.6,3.0,,4.6,1.3,0.07,0.05,1.6,2.0,,1.6,0.1,0.7,0.2,6.85,,10.0,0.2,2.1,0.4,1727,23,Defender
1292354,Theo Le Bris,8689,Lorient,FRA-Ligue 1,0.5,26.4,2.0,,1.8,1.6,0.1,0.08,0.5,2.0,0.13,0.6,0.3,0.1,0.3,6.98,,12.0,0.8,1.9,0.7,1436,21,Midfielder
1293912,Pablo Marin,8560,Real Sociedad,ESP-La Liga,0.6,20.5,,,0.8,0.6,0.06,0.11,1.5,,,0.5,0.4,0.1,0.3,6.28,,6.0,1.1,1.1,1.0,956,21,Midfielder
1296413,Henrik Meister,6479,Pisa,ITA-Serie A,0.1,5.3,1.0,,0.4,0.1,0.01,0.25,1.5,,0.15,,0.5,,0.4,6.17,,2.0,1.2,0.2,0.7,1231,20,Attacker
1296650,Adam Wharton,9826,Crystal Palace,ENG-Premier League,2.5,34.0,9.0,,1.5,5.0,0.24,0.05,1.0,3.0,,1.0,0.1,0.1,0.6,7.06,,27.0,1.0,2.6,0.5,1905,23,Midfielder
1296763,Lewis Miley,10261,Newcastle United,ENG-Premier League,1.2,48.0,2.0,,1.8,2.0,0.16,0.11,0.3,3.0,0.08,1.4,0.3,0.2,0.2,7.18,,14.0,1.0,1.9,0.9,1133,19,Midfielder
1297165,Bradley Barcola,9847,Paris Saint-Germain,FRA-Ligue 1,0.9,32.5,6.0,,0.3,3.1,0.25,0.6,1.1,1.0,0.58,0.6,1.8,0.1,1.2,7.42,,26.0,3.7,1.7,2.2,1084,19,Attacker
1300526,Nico O'Reilly,8456,Manchester City,ENG-Premier League,0.4,39.6,5.0,,2.6,1.6,0.07,0.13,1.5,3.0,0.1,0.7,0.2,0.3,0.2,7.1,,17.0,1.1,2.8,0.8,1884,25,Defender
1302005,Igor Thiago,9937,Brentford,ENG-Premier League,0.3,12.0,4.0,,1.7,1.2,0.05,0.6,1.9,1.0,0.69,0.2,1.4,0.1,0.4,7.18,,14.0,2.5,0.9,0.8,2204,26,Attacker
1305543,Kévin Danois,8583,Auxerre,FRA-Ligue 1,2.8,40.1,6.0,,0.4,3.0,0.15,0.08,1.0,1.0,0.1,1.2,0.3,0.1,0.5,7.15,,34.0,1.0,2.0,1.3,1762,21,Midfielder
1305618,Maghnes Akliouche,9829,Monaco,FRA-Ligue 1,1.7,34.9,7.0,,0.6,3.5,0.19,0.26,0.9,2.0,0.22,0.7,0.6,0.1,1.2,7.15,,26.0,1.8,1.7,0.8,1657,21,Attacker
1306664,Danilo Veiga,9888,Lecce,ITA-Serie A,1.9,23.8,,,3.8,1.1,0.05,0.01,1.0,1.0,,0.7,0.1,0.3,0.2,6.81,,15.0,0.2,3.0,0.4,1900,23,Defender
1310103,Anton Kade,8406,FC Augsburg,GER-Bundesliga,0.8,20.0,2.0,,1.2,1.2,0.11,0.25,1.0,,0.18,0.5,0.8,0.1,0.5,6.68,,16.0,1.9,1.3,0.8,1007,17,Midfielder
1310270,Kamory Doumbia,8521,Brest,FRA-Ligue 1,1.6,27.4,7.0,,0.3,1.9,0.14,0.26,1.7,2.0,0.37,0.7,0.7,,1.4,7.12,,15.0,2.2,3.0,0.7,1206,16,Midfielder
1311985,César Tárrega,10267,Valencia CF,ESP-La Liga,2.4,44.1,,,6.5,0.1,0.01,0.01,1.4,,,0.9,0.1,0.9,,6.73,,2.0,0.4,1.6,0.4,1684,21,Defender
1313884,Rafa Marin,10205,Villarreal,ESP-La Liga,2.8,47.0,1.0,,5.9,0.6,0.04,0.02,0.6,,0.06,1.0,0.1,0.8,,7.13,,5.0,0.2,1.7,0.1,1395,16,Defender
1314412,Romulo Cruz,178475,RB Leipzig,GER-Bundesliga,0.5,17.8,4.0,,1.5,1.7,0.11,0.53,0.5,3.0,0.4,0.3,1.0,0.2,0.6,7.2,,17.0,2.3,1.1,0.5,1350,18,Attacker
1318686,Alessandro Circati,10167,Parma,ITA-Serie A,3.1,46.3,,,5.2,0.4,0.02,0.03,1.1,,0.05,0.8,0.1,1.2,,6.94,,6.0,0.2,1.3,0.1,1706,20,Defender
1319972,Mike Penders,9848,Strasbourg,FRA-Ligue 1,,35.4,,6.0,0.5,0.0,0.0,,0.0,,,,,,,6.85,2.9,,,,,1890,21,Keeper
1320176,Wesley,8686,Roma,ITA-Serie A,0.9,31.0,7.0,,2.1,3.2,0.15,0.06,1.2,,0.14,0.8,0.4,0.2,0.4,7.18,,26.0,1.0,2.2,0.7,1873,23,Midfielder
1320949,Emersonn,9941,Toulouse,FRA-Ligue 1,0.3,10.4,,,1.0,0.4,0.04,0.44,2.7,2.0,0.27,0.4,1.0,,0.9,6.64,,11.0,3.2,1.4,0.6,1008,16,Attacker
1321605,Mario Martin,8305,Getafe,ESP-La Liga,1.0,19.0,,,0.9,0.5,0.03,0.07,2.9,,0.12,0.4,0.2,0.2,0.6,6.35,,7.0,1.3,2.7,0.6,1457,22,Midfielder
1322858,Pablo Durán,9910,Celta de Vigo,ESP-La Liga,0.9,15.3,2.0,,1.0,1.0,0.1,0.27,1.2,2.0,0.2,0.3,0.9,0.2,0.7,6.59,,6.0,2.2,1.0,0.5,919,19,Attacker
1323305,Archie Gray,8586,Tottenham Hotspur,ENG-Premier League,1.5,28.6,1.0,,2.8,0.5,0.04,0.12,1.0,,0.19,1.1,0.4,0.3,0.2,6.56,,4.0,0.7,0.9,0.5,933,16,Midfielder
1323398,Abel Bretones,8371,Osasuna,ESP-La Liga,1.4,20.4,,,2.7,0.9,0.06,0.04,0.8,,0.07,1.0,0.2,0.3,0.1,6.84,,9.0,0.7,2.0,0.8,1383,20,Defender
1323510,Alberto Reina,8670,Real Oviedo,ESP-La Liga,2.1,30.3,2.0,,0.7,1.1,0.08,0.11,1.5,,0.15,0.7,0.4,0.1,0.3,6.5,,12.0,0.9,1.7,0.7,1239,22,Midfielder
1323827,Jon Gorrotxategi,8560,Real Sociedad,ESP-La Liga,1.4,44.1,2.0,,1.7,0.4,0.02,0.04,1.2,3.0,0.05,1.7,0.1,0.5,0.4,6.89,,12.0,0.6,2.0,0.4,1706,22,Midfielder
1324358,Frank Magri,9941,Toulouse,FRA-Ligue 1,0.1,10.7,1.0,,0.9,0.9,0.07,0.31,2.0,1.0,0.36,0.2,0.9,0.1,0.4,6.72,,14.0,2.3,0.6,0.7,1264,17,Attacker
1327150,Arijon Ibrahimovic,94937,1. FC Heidenheim 1846,GER-Bundesliga,1.8,25.3,6.0,,1.0,4.0,0.22,0.23,0.5,2.0,,0.8,0.8,0.2,0.5,6.88,,41.0,2.0,1.3,0.8,1602,22,Midfielder
1327156,Jacques Ekomié,8121,Angers,FRA-Ligue 1,0.7,27.5,1.0,,2.4,0.8,0.05,0.05,1.2,,,1.6,0.2,0.2,0.1,6.67,,10.0,0.4,2.6,0.4,1498,22,Defender
1327298,Saël Kumbedi,8721,VfL Wolfsburg,GER-Bundesliga,0.8,27.8,4.0,,3.3,1.4,0.11,0.01,1.4,5.0,,0.8,,0.3,0.1,6.56,,10.0,0.3,2.3,0.8,1075,15,Defender
1327406,Álvaro Rodriguez,10268,Elche,ESP-La Liga,0.5,15.1,6.0,,1.0,2.1,0.14,0.4,1.5,4.0,0.33,0.1,1.1,0.1,0.3,6.98,,26.0,3.2,0.7,1.8,1346,21,Attacker
1327489,Kike Salas,8302,Sevilla,ESP-La Liga,3.2,53.4,,,8.2,0.2,0.02,0.07,1.5,,0.09,1.9,0.4,0.8,0.2,7.26,,3.0,0.9,2.4,0.2,1033,13,Defender
1329255,Louis Mouton,8121,Angers,FRA-Ligue 1,1.3,24.9,4.0,,0.7,2.1,0.13,0.14,1.0,1.0,0.12,0.5,0.5,0.2,0.4,6.63,,18.0,1.7,1.8,0.5,1484,21,Midfielder
1331097,Pablo Pagis,8689,Lorient,FRA-Ligue 1,2.3,24.8,2.0,,1.3,1.6,0.12,0.42,1.2,,0.56,1.0,1.0,0.2,0.8,7.08,,18.0,2.9,1.3,1.0,1130,19,Midfielder
1333066,Rahim Alhassane,8670,Real Oviedo,ESP-La Liga,1.3,30.6,2.0,,3.8,0.8,0.05,0.0,0.4,,,1.5,,0.4,0.1,6.67,,14.0,0.1,1.8,0.4,1413,19,Defender
1334805,Lamine Sy,8583,Auxerre,FRA-Ligue 1,1.0,26.4,2.0,,1.9,0.7,0.07,0.07,0.9,,,1.3,0.1,0.6,0.5,7.06,,9.0,0.5,2.7,0.8,924,14,Defender
1336582,Maximo Perrone,10171,Como,ITA-Serie A,2.0,66.6,3.0,,0.8,2.0,0.1,0.06,1.5,3.0,0.1,0.8,0.2,0.1,0.2,7.18,,23.0,0.5,1.8,0.4,1845,23,Midfielder
1337884,Konstantinos Koulierakis,8721,VfL Wolfsburg,GER-Bundesliga,3.1,50.1,,,6.4,0.7,0.04,0.12,1.0,,0.06,1.5,0.4,0.7,0.1,6.68,,5.0,1.0,1.1,0.1,1582,19,Defender
1338016,Valentin Gomez,8603,Real Betis,ESP-La Liga,2.4,40.7,,,6.0,0.2,0.02,0.06,1.4,,0.08,1.3,0.2,0.7,,6.91,,5.0,0.7,2.8,0.7,1101,17,Defender
1338192,Pablo Barrios,9906,Atlético de Madrid,ESP-La Liga,2.4,50.2,3.0,,0.7,2.0,0.12,0.1,0.7,1.0,0.06,1.3,0.3,0.1,0.6,7.24,,20.0,1.2,1.7,1.8,1580,21,Midfielder
1339269,Hugo Larsson,9810,Eintracht Frankfurt,GER-Bundesliga,2.4,39.3,1.0,,1.2,0.9,0.09,0.07,0.4,2.0,0.09,1.1,0.3,0.1,0.1,6.79,,9.0,0.7,1.0,0.3,968,15,Midfielder
1339372,Cesare Casadei,9804,Torino,ITA-Serie A,0.9,26.1,3.0,,1.5,1.3,0.07,0.16,2.4,,0.17,0.5,0.7,0.1,0.3,6.81,,14.0,1.6,1.5,0.6,1570,23,Midfielder
1340895,Bilal El Khannouss,10269,VfB Stuttgart,GER-Bundesliga,2.8,41.9,4.0,,0.5,3.6,0.29,0.13,1.1,3.0,0.24,0.5,0.7,0.2,0.5,7.27,,32.0,2.0,1.6,0.8,1105,16,Midfielder
1341387,Wilson Odobert,8586,Tottenham Hotspur,ENG-Premier League,0.6,25.3,2.0,,1.2,1.2,0.11,0.17,0.2,2.0,,0.1,0.7,,0.6,6.56,,20.0,2.0,0.9,2.2,980,24,Attacker
1342754,Diego Moreira,9848,Strasbourg,FRA-Ligue 1,1.5,34.3,10.0,,1.2,3.3,0.18,0.08,0.8,3.0,0.11,0.9,0.4,0.2,0.5,7.09,,28.0,1.1,2.1,1.3,1660,21,Midfielder
1342757,Joao Neves,9847,Paris Saint-Germain,FRA-Ligue 1,2.3,64.0,2.0,,0.2,1.4,0.13,0.22,1.1,1.0,0.46,0.5,0.6,0.5,0.7,7.49,,9.0,1.9,2.0,0.6,977,13,Midfielder
1343053,Abdoul Ouattara,9848,Strasbourg,FRA-Ligue 1,0.2,33.3,4.0,,1.4,0.8,0.07,0.14,0.6,,0.16,0.7,0.3,,0.2,6.72,,4.0,1.2,1.4,0.4,1124,18,Midfielder
1343750,Renato Veiga,10205,Villarreal,ESP-La Liga,3.1,49.6,,,5.4,0.2,0.01,0.01,0.8,,,0.7,0.2,1.2,0.1,6.64,,2.0,0.5,0.8,,1563,21,Defender
1344677,Mateo Joseph,8661,Mallorca,ESP-La Liga,0.1,12.4,3.0,,1.1,0.5,0.03,0.25,0.9,2.0,0.14,0.5,0.7,0.2,0.4,6.49,,10.0,1.7,1.5,0.8,1333,23,Attacker
1345875,Fares Chaibi,9810,Eintracht Frankfurt,GER-Bundesliga,1.1,30.3,6.0,,1.3,1.8,0.14,0.12,0.8,7.0,0.08,0.7,0.4,0.2,0.8,7.14,,24.0,1.3,1.5,0.4,1168,16,Midfielder
1347574,Nico Paz,10171,Como,ITA-Serie A,0.8,36.4,11.0,,0.4,3.3,0.14,0.28,1.8,6.0,0.38,0.8,1.6,0.1,0.9,7.7,,40.0,4.0,2.7,2.1,2113,25,Midfielder
1347791,Yassin Belkhdim,8121,Angers,FRA-Ligue 1,1.0,26.9,4.0,,1.1,1.2,0.06,0.08,1.1,2.0,0.1,1.4,0.5,0.3,0.4,7.07,,14.0,1.3,2.7,0.3,1784,22,Midfielder
1352713,Carlos Baleba,10204,Brighton and Hove Albion,ENG-Premier League,1.6,33.7,,,1.6,0.3,0.02,0.03,1.9,,,1.7,,0.2,0.4,6.55,,4.0,0.9,2.0,0.7,1191,21,Midfielder
1352996,Mio Backhaus,8697,SV Werder Bremen,GER-Bundesliga,,27.1,,3.0,1.3,0.0,0.0,,,,,,,,,6.82,3.4,,,,,1800,20,Keeper
1353289,Ivan Smolcic,10171,Como,ITA-Serie A,1.5,42.7,1.0,,3.2,0.4,0.03,0.05,1.5,,,1.4,0.2,0.5,0.2,6.96,,7.0,0.5,2.2,0.1,997,18,Defender
1353457,Arthur,8178,Bayer 04 Leverkusen,GER-Bundesliga,1.1,30.2,2.0,,2.3,1.4,0.13,0.09,1.6,3.0,0.1,1.4,0.2,0.1,0.6,6.92,,11.0,1.0,1.6,1.2,942,14,Midfielder
1354561,Diego Gomez,10204,Brighton and Hove Albion,ENG-Premier League,0.8,24.7,3.0,,1.2,1.2,0.07,0.27,1.7,,0.18,0.6,0.6,0.1,0.6,6.81,,17.0,1.7,3.4,0.8,1527,23,Midfielder
1355574,Giovane Nascimento,9875,Napoli,ITA-Serie A,0.6,14.7,,,,1.8,0.1,0.18,1.3,5.0,,,,,,6.61,,31.0,2.7,,1.8,1610,25,Attacker
1355574,Giovane Nascimento,9876,Verona,ITA-Serie A,,,6.0,,0.6,,,,,,0.17,0.3,1.4,0.1,0.7,,,,,0.7,,1610,25,Attacker
1356312,Mateus Fernandes,8654,West Ham United,ENG-Premier League,2.8,39.1,2.0,,1.3,1.9,0.09,0.05,1.3,3.0,0.14,1.2,0.2,0.5,0.6,7.27,,26.0,0.8,3.1,0.9,1950,24,Midfielder
1358581,Leny Yoro,10260,Manchester United,ENG-Premier League,2.2,45.8,,,4.0,0.3,0.02,0.05,0.8,,,1.3,0.1,0.5,0.2,6.55,,3.0,0.4,1.9,0.1,1165,23,Defender
1359649,Noah Sadiki,8472,Sunderland,ENG-Premier League,1.3,31.2,,,1.5,0.9,0.04,0.02,0.9,,,1.3,0.0,0.3,0.3,6.9,,10.0,0.3,1.5,0.7,1845,21,Midfielder
1359911,Miguel Román,9910,Celta de Vigo,ESP-La Liga,3.2,45.1,4.0,,1.6,1.2,0.1,0.08,1.7,,0.09,0.9,0.1,0.5,0.3,6.86,,14.0,0.7,2.2,0.2,1040,16,Midfielder
1362622,Junior Mwanga,9830,Nantes,FRA-Ligue 1,2.1,,2.0,,,,,0.07,1.2,1.0,0.06,0.7,0.2,,,,,,0.6,2.1,,1476,18,Midfielder
1362622,Junior Mwanga,9848,Strasbourg,FRA-Ligue 1,,35.8,,,1.3,1.2,0.07,,,,,,,0.4,0.2,6.91,,16.0,,,0.9,1476,18,Midfielder
1367047,Afonso Moreira,9748,Lyon,FRA-Ligue 1,0.6,22.5,7.0,,0.8,3.8,0.34,0.12,1.3,6.0,0.18,0.8,0.7,,0.6,7.11,,21.0,2.1,1.9,1.2,1002,19,Attacker
1367615,Warren Zaire-Emery,9847,Paris Saint-Germain,FRA-Ligue 1,1.3,67.8,6.0,,0.7,2.2,0.11,0.03,1.3,3.0,0.05,0.5,0.2,0.3,0.5,7.4,,31.0,0.7,1.7,1.1,1776,22,Midfielder
1367619,Dean Huijsen,8633,Real Madrid,ESP-La Liga,4.7,64.5,1.0,,5.4,1.0,0.07,0.12,0.9,2.0,0.07,1.1,0.2,0.7,0.1,7.31,,9.0,1.0,1.5,0.1,1374,18,Defender
1368557,Gift Orban,9876,Verona,ITA-Serie A,0.5,11.1,1.0,,0.5,0.8,0.05,0.51,1.0,1.0,0.4,0.2,1.3,,0.3,6.66,,14.0,3.6,0.2,0.8,1584,22,Attacker
1368654,Chemsdine Talbi,8472,Sunderland,ENG-Premier League,0.9,19.6,,,1.0,0.6,0.05,0.11,0.2,1.0,0.25,0.2,0.5,,0.2,6.59,,10.0,1.4,0.6,1.1,1084,20,Attacker
1375810,Terry Yegbe,8550,Metz,FRA-Ligue 1,3.1,47.3,1.0,,6.1,0.2,0.02,0.04,0.9,1.0,,1.0,0.1,0.7,0.1,6.22,,3.0,0.3,0.7,0.1,1338,16,Defender
1382000,Petar Sucic,8636,Internazionale,ITA-Serie A,2.4,44.3,5.0,,0.9,1.5,0.12,0.1,1.7,2.0,0.08,0.3,0.3,0.1,0.6,7.0,,20.0,1.3,1.9,0.9,1151,23,Midfielder
1383070,Daniel Elfadli,9790,Hamburger SV,GER-Bundesliga,1.1,48.0,,,3.8,0.4,0.03,0.01,1.5,,,1.4,0.1,0.6,,6.54,,2.0,0.2,1.6,0.3,1021,15,Defender
1384881,Álex Valle,10171,Como,ITA-Serie A,0.9,41.5,2.0,,2.4,0.6,0.04,0.04,1.8,3.0,,1.2,,0.2,0.2,6.93,,8.0,0.4,2.3,0.2,1460,20,Defender
1385856,Davide Bartesaghi,8564,Milan,ITA-Serie A,1.7,32.1,2.0,,2.0,2.7,0.15,0.05,0.7,,0.12,0.5,0.3,0.3,0.1,7.06,,29.0,0.8,2.2,0.5,1565,20,Midfielder
1387194,Kassoum Ouattara,9829,Monaco,FRA-Ligue 1,0.9,25.7,5.0,,1.7,2.2,0.2,0.09,2.1,3.0,,1.4,,,0.5,7.03,,17.0,1.1,2.5,0.8,963,14,Midfielder
1388678,Clement Akpa,8583,Auxerre,FRA-Ligue 1,3.4,40.2,1.0,,4.0,0.8,0.04,0.01,0.6,,,1.0,,0.4,0.1,6.64,,8.0,0.3,1.4,0.6,1680,20,Defender
1390336,Robin Risser,8588,Lens,FRA-Ligue 1,,20.5,,9.0,0.4,0.0,0.0,,,1.0,,,,,,7.44,2.6,2.0,,,,1980,22,Keeper
1392232,Marc Aguado,10268,Elche,ESP-La Liga,0.7,43.3,,,1.6,0.4,0.02,0.0,0.7,1.0,,1.8,,0.8,0.3,6.84,,3.0,0.1,2.0,,1589,23,Midfielder
1392779,Etta Eyong,8581,Levante,ESP-La Liga,0.4,10.0,3.0,,0.9,1.6,0.09,0.43,1.4,3.0,0.35,0.2,1.0,,1.0,6.79,,12.0,2.4,1.6,0.6,1532,22,Attacker
1393669,Quilindschy Hartman,8191,Burnley,ENG-Premier League,1.5,26.2,4.0,,3.4,1.5,0.1,0.01,0.5,4.0,,1.3,0.1,0.1,,6.8,,16.0,0.4,2.1,0.2,1339,15,Defender
1395447,Nathaniel Brown,9810,Eintracht Frankfurt,GER-Bundesliga,1.1,30.0,6.0,,1.4,2.1,0.12,0.12,0.9,4.0,0.17,1.0,0.4,0.1,0.4,7.13,,20.0,0.7,2.9,0.6,1622,21,Midfielder
1395704,Guéla Doué,9848,Strasbourg,FRA-Ligue 1,0.9,47.5,3.0,,4.2,1.4,0.09,0.12,2.1,5.0,0.13,0.9,0.3,0.1,0.3,7.31,,11.0,0.5,2.1,1.0,1343,16,Defender
1395964,Carlos Romero,8558,Espanyol,ESP-La Liga,1.2,21.7,5.0,,1.8,2.4,0.11,0.09,1.5,2.0,0.18,1.2,0.3,0.4,0.5,7.22,,15.0,0.9,3.1,1.2,1950,22,Defender
1396089,Matteo Prati,8529,Cagliari,ITA-Serie A,,,4.0,,,,,,,,0.07,1.0,0.1,,0.2,,,8.0,,,0.1,1347,22,Midfielder
1396089,Matteo Prati,9804,Torino,ITA-Serie A,2.7,31.3,,,3.1,0.5,0.04,0.07,1.3,,,,,0.5,,6.55,,,1.4,1.7,,1347,22,Midfielder
1398392,Thierno Barry,8668,Everton,ENG-Premier League,0.1,9.5,2.0,,1.1,0.4,0.02,0.31,1.9,,0.3,0.2,0.5,0.1,0.5,6.46,,9.0,1.9,0.1,0.5,1502,26,Attacker
1398483,Lukas Ullrich,9788,Borussia Mönchengladbach,GER-Bundesliga,1.1,27.1,1.0,,3.1,1.3,0.12,0.03,1.3,,,1.7,0.2,0.4,0.1,6.63,,13.0,0.5,1.8,0.6,997,15,Defender
1400227,Yankuba Minteh,10204,Brighton and Hove Albion,ENG-Premier League,0.5,15.1,6.0,,0.6,2.8,0.16,0.16,1.0,4.0,0.05,0.5,0.4,,0.7,7.06,,30.0,1.8,1.9,2.7,1640,24,Attacker
1403332,Aljoscha Kemlein,8149,1. FC Union Berlin,GER-Bundesliga,2.8,32.6,1.0,,1.2,1.1,0.07,0.06,1.0,,,1.0,0.1,0.2,0.3,6.77,,8.0,0.8,2.2,0.8,1297,20,Midfielder
1403692,Youssef Enriquez,9866,Alavés,ESP-La Liga,2.3,31.1,2.0,,2.2,1.3,0.13,0.07,1.7,,,1.0,0.2,0.1,0.1,6.67,,8.0,0.9,1.1,0.6,923,18,Defender
1404415,Fermin Lopez,8634,Barcelona,ESP-La Liga,2.0,39.4,10.0,,0.3,3.0,0.25,0.34,1.3,5.0,0.34,0.4,1.3,,0.7,7.31,,22.0,3.5,2.0,1.8,1070,18,Midfielder
1406645,Pierre Ganiou,8588,Lens,FRA-Ligue 1,2.4,43.8,,,4.4,0.2,0.02,0.11,1.3,,0.18,1.0,0.2,0.5,0.1,7.33,,1.0,0.7,1.7,0.4,973,11,Defender
1407468,Santiago Mourino,10205,Villarreal,ESP-La Liga,1.7,40.8,,,4.8,0.3,0.02,0.04,2.3,1.0,,1.3,,0.3,0.3,7.3,,5.0,0.5,4.0,0.4,1433,17,Defender
1408580,Joaquin Panichelli,9848,Strasbourg,FRA-Ligue 1,0.1,14.2,5.0,,1.2,1.3,0.06,0.58,1.7,1.0,0.58,0.6,1.2,0.4,0.8,7.27,,22.0,2.4,1.2,0.5,1854,22,Attacker
1412132,Kenan Yildiz,9885,Juventus,ITA-Serie A,1.1,32.5,10.0,,0.3,5.1,0.23,0.31,0.8,4.0,0.37,0.3,1.4,,0.7,7.56,,50.0,3.3,0.6,2.4,1967,24,Midfielder
1413963,Jacobo Ramon,10171,Como,ITA-Serie A,2.1,64.4,1.0,,4.4,1.3,0.06,0.12,1.0,,0.1,1.3,0.3,0.5,0.1,7.26,,8.0,1.3,1.9,0.3,1888,22,Defender
1413996,Luka Vuskovic,9790,Hamburger SV,GER-Bundesliga,3.4,51.3,,,8.3,0.6,0.03,0.13,1.1,,0.21,1.2,0.3,1.0,,7.26,,8.0,1.2,0.7,0.3,1710,19,Defender
1418816,Kaua,9810,Eintracht Frankfurt,GER-Bundesliga,,23.1,,1.0,1.7,0.0,0.0,,,,,,,,,5.8,2.6,,,0.1,0.1,990,11,Keeper
1419969,Rodrigo Mendoza,9906,Atlético de Madrid,ESP-La Liga,1.9,40.5,,,0.7,0.9,0.09,0.07,2.1,,,,,,0.4,6.51,,,1.2,1.3,,901,18,Midfielder
1419969,Rodrigo Mendoza,10268,Elche,ESP-La Liga,,,1.0,,,,,,,,0.1,0.4,0.2,,,,,10.0,,,1.5,901,18,Midfielder
1422593,Joshua King,9879,Fulham,ENG-Premier League,0.2,18.4,,,1.1,0.4,0.04,0.13,0.8,1.0,,0.2,0.7,0.2,0.3,6.45,,8.0,1.8,2.0,1.1,919,21,Midfielder
1426170,Mamadou Sarr,9848,Strasbourg,FRA-Ligue 1,2.1,64.3,,,4.5,0.1,0.01,0.0,1.1,,,0.6,,0.2,,6.79,,1.0,0.1,1.0,0.3,1305,15,Defender
1427819,Hugo Rincon,7732,Girona,ESP-La Liga,0.6,31.1,1.0,,2.5,0.6,0.05,0.06,1.6,1.0,,0.4,,0.6,0.1,6.59,,8.0,0.4,1.8,0.5,1217,21,Defender
1428426,Arthur Atta,8600,Udinese,ITA-Serie A,1.2,25.7,4.0,,1.2,1.6,0.09,0.13,0.7,3.0,0.11,0.6,0.7,0.1,0.7,7.06,,26.0,2.1,1.0,2.5,1607,20,Midfielder
1428427,Nobel Mendy,8370,Rayo Vallecano,ESP-La Liga,2.6,41.5,,,6.5,0.1,0.0,0.13,1.6,,0.16,1.0,0.2,0.9,,6.81,,2.0,0.8,1.1,0.2,1129,14,Defender
1429607,Kojo Peprah Oppong,9831,Nice,FRA-Ligue 1,1.3,50.2,1.0,,5.2,0.3,0.02,0.06,1.2,,0.05,1.0,0.1,0.7,,6.92,,6.0,0.5,1.7,0.6,1690,20,Defender
1429912,Michael Kayode,9937,Brentford,ENG-Premier League,0.9,27.1,3.0,,2.9,2.3,0.09,0.01,0.7,,,1.1,0.0,0.4,0.2,7.1,,25.0,0.2,2.0,1.4,2274,26,Defender
1431818,Lilian Rao-Lisoa,8121,Angers,FRA-Ligue 1,1.3,23.5,4.0,,2.2,1.4,0.12,0.06,1.3,1.0,0.17,0.7,0.4,0.2,0.5,6.69,,14.0,1.0,2.5,1.0,1031,20,Attacker
1435439,Javi Rodriguez,9910,Celta de Vigo,ESP-La Liga,2.2,58.7,,,3.4,0.5,0.03,0.03,1.2,,,0.9,0.1,0.4,0.1,6.7,,7.0,0.5,1.6,0.3,1494,20,Defender
1436305,Lamine Camara,9829,Monaco,FRA-Ligue 1,2.9,46.6,6.0,,0.9,2.6,0.24,0.04,1.4,3.0,,2.3,,0.1,1.2,7.51,,21.0,0.9,2.3,1.2,938,13,Midfielder
1436436,Alessandro Marcandalli,10233,Genoa,ITA-Serie A,1.5,31.1,1.0,,4.2,0.4,0.03,0.01,0.9,2.0,,0.7,0.1,0.5,0.1,6.7,,7.0,0.2,0.9,0.1,1444,19,Defender
1436942,Lucas Høgsberg,9848,Strasbourg,FRA-Ligue 1,2.0,59.1,,,3.1,0.5,0.04,0.02,0.9,,,0.6,0.1,0.8,,6.48,,1.0,0.3,1.1,0.1,1148,14,Defender
1444231,Matias Fernandez-Pardo,8639,Lille,FRA-Ligue 1,0.7,22.1,3.0,,0.2,2.7,0.19,0.26,0.6,3.0,0.2,0.2,1.2,0.1,0.8,7.08,,23.0,2.5,0.9,1.2,1320,17,Attacker
1451265,Malick Diouf,8654,West Ham United,ENG-Premier League,1.9,23.6,2.0,,4.5,1.0,0.05,0.02,1.0,4.0,,1.1,0.1,0.3,0.1,6.73,,11.0,0.7,1.4,0.7,1648,20,Defender
1453218,Mert Kömür,8406,FC Augsburg,GER-Bundesliga,0.3,22.7,4.0,,1.4,1.9,0.15,0.23,1.6,3.0,0.16,0.3,1.0,,0.6,6.68,,20.0,2.7,0.6,1.0,1120,19,Attacker
1458711,Murillo,10203,Nottingham Forest,ENG-Premier League,3.8,39.1,1.0,,5.5,0.4,0.03,0.03,0.9,,0.06,1.6,0.2,1.0,0.1,7.02,,6.0,0.4,1.6,0.5,1551,18,Defender
1463266,Louis Oppie,8152,FC St. Pauli,GER-Bundesliga,1.2,28.4,2.0,,2.4,1.0,0.06,0.05,0.8,,0.06,0.5,0.2,0.1,0.3,6.65,,6.0,0.9,1.2,0.2,1404,18,Midfielder
1467236,Lamine Yamal,8634,Barcelona,ESP-La Liga,1.2,44.4,21.0,,0.2,8.3,0.44,0.48,1.0,8.0,0.53,0.4,1.5,,0.8,8.41,,58.0,4.6,1.7,5.5,1688,20,Attacker
1469758,Simon Ebonog,9746,Le Havre,FRA-Ligue 1,0.4,19.2,1.0,,1.4,0.3,0.02,0.09,1.1,,,1.0,0.2,0.3,0.5,6.67,,4.0,1.1,2.4,1.0,1032,19,Midfielder
1473534,Jérémy Jacquet,9851,Rennes,FRA-Ligue 1,3.1,52.3,,,4.9,0.5,0.03,0.06,1.1,,,1.0,0.2,0.9,,6.85,,9.0,0.6,1.5,0.2,1673,19,Defender
1473580,Aleksandar Pavlovic,9823,Bayern München,GER-Bundesliga,4.7,96.7,2.0,,1.1,1.9,0.15,0.12,1.2,1.0,0.16,0.8,0.3,0.5,0.2,7.23,,16.0,0.6,1.9,0.2,1108,18,Midfielder
1473806,Marco Palestra,8529,Cagliari,ITA-Serie A,0.8,21.7,6.0,,1.3,2.4,0.11,0.05,1.3,4.0,0.04,0.6,0.1,0.1,0.1,7.11,,21.0,0.7,1.9,1.8,2061,24,Midfielder
1478148,Leon Avdullahu,8226,TSG 1899 Hoffenheim,GER-Bundesliga,2.9,53.3,1.0,,1.7,1.2,0.06,0.02,0.8,1.0,,1.1,0.0,0.2,0.8,7.09,,14.0,0.5,1.3,0.3,1920,22,Midfielder
1481909,Ebenezer Akinsanmiro,6479,Pisa,ITA-Serie A,1.7,25.4,2.0,,1.1,1.1,0.11,0.06,2.2,1.0,,1.5,0.3,0.3,0.7,6.98,,12.0,1.1,2.1,1.5,933,14,Midfielder
1487877,Finn Jeltsch,10269,VfB Stuttgart,GER-Bundesliga,1.2,58.3,,,4.7,0.3,0.02,0.01,0.7,1.0,,1.1,,0.8,,7.03,,5.0,0.2,1.2,0.3,1083,16,Defender
1487894,Nhoa Sangui,6379,Paris FC,FRA-Ligue 1,0.7,35.5,2.0,,2.1,0.9,0.09,0.01,0.3,,,0.6,,0.2,0.1,6.55,,13.0,0.1,1.4,0.4,911,15,Defender
1513317,Adama Camara,6379,Paris FC,FRA-Ligue 1,1.6,34.9,1.0,,2.0,0.6,0.04,0.11,1.2,,0.06,1.1,0.2,0.5,0.2,6.8,,9.0,0.9,2.1,0.4,1470,19,Midfielder
1515977,Ilyas Ansah,8149,1. FC Union Berlin,GER-Bundesliga,0.2,10.7,1.0,,0.8,0.9,0.06,0.17,1.0,1.0,0.31,0.2,0.5,0.1,0.6,6.52,,13.0,1.5,0.6,1.4,1442,22,Attacker
1520063,Johan Manzambi,8358,Sport-Club Freiburg,GER-Bundesliga,1.3,34.1,3.0,,1.4,2.8,0.18,0.13,1.1,2.0,0.2,1.3,0.4,0.1,0.5,6.89,,13.0,2.0,1.2,1.3,1384,18,Midfielder
1523234,Jon Martin,8560,Real Sociedad,ESP-La Liga,1.3,46.1,,,5.6,0.1,0.01,0.07,0.8,,,1.4,0.2,1.3,,7.04,,2.0,0.7,1.1,0.4,1350,15,Defender
1524069,Sidiki Cherif,8121,Angers,FRA-Ligue 1,0.1,13.0,1.0,,0.2,0.4,0.03,0.23,1.2,,0.31,0.5,0.9,,0.2,6.48,,5.0,2.2,0.6,0.9,1164,19,
1524210,Guillaume Restes,9941,Toulouse,FRA-Ligue 1,,16.4,,8.0,1.1,0.1,0.0,,,,,0.0,,,,6.95,2.2,1.0,,,,1980,22,Keeper
1526560,Patrick Dorgu,10260,Manchester United,ENG-Premier League,0.4,24.0,5.0,,2.1,1.4,0.1,0.12,1.3,3.0,0.2,0.9,0.5,0.2,0.2,7.23,,24.0,1.4,3.2,0.7,1333,22,Midfielder
1526689,Alex Jimenez,8678,Bournemouth,ENG-Premier League,1.5,24.9,1.0,,1.5,0.7,0.04,0.05,1.2,,0.06,0.9,0.2,0.5,0.4,6.91,,7.0,0.8,2.7,1.6,1593,22,Defender
1529222,Pietro Comuzzo,8535,Fiorentina,ITA-Serie A,2.0,49.7,,,5.9,0.2,0.01,0.07,1.3,,0.07,1.3,0.1,0.9,,6.68,,3.0,0.6,1.9,,1368,18,Defender
1531887,Pau Navarro,10205,Villarreal,ESP-La Liga,1.4,40.5,1.0,,4.1,0.1,0.01,0.0,2.2,,,0.6,0.1,0.7,,6.95,,3.0,0.1,3.9,0.4,1003,12,Defender
1532137,Pau Cubarsi,8634,Barcelona,ESP-La Liga,2.0,84.1,1.0,,3.8,0.5,0.03,0.03,0.9,,0.05,1.0,0.1,0.5,,7.25,,4.0,0.5,1.5,0.1,1746,20,Defender
1536998,Alpha Toure,8550,Metz,FRA-Ligue 1,0.6,36.7,,,1.6,0.3,0.02,0.04,1.5,1.0,,0.6,0.1,0.3,0.1,6.54,,6.0,0.9,2.5,0.7,1029,22,Midfielder
1539619,Juma Bah,9831,Nice,FRA-Ligue 1,2.1,55.3,1.0,,7.0,0.6,0.05,0.04,1.5,,,1.1,0.1,1.1,0.2,6.6,,3.0,0.4,1.4,0.6,1189,17,Defender
1541825,Adrián Liso,8305,Getafe,ESP-La Liga,0.1,10.2,,,0.3,0.3,0.02,0.12,2.1,,0.2,0.2,0.5,0.1,0.7,6.36,,3.0,1.5,1.1,0.9,1357,20,Attacker
1553099,Mikel Jauregizar,8315,Athletic Club,ESP-La Liga,1.8,35.5,1.0,,0.9,1.9,0.08,0.06,1.2,,0.09,1.7,0.3,0.1,0.7,6.99,,21.0,1.3,2.4,0.3,2025,24,Midfielder
1553105,Victor Munoz,8371,Osasuna,ESP-La Liga,0.1,14.8,,,0.8,1.3,0.07,0.15,1.0,1.0,0.2,0.3,0.9,,0.8,6.74,,14.0,2.3,0.8,2.6,1829,24,Attacker
1561552,Ayyoub Bouaddi,8639,Lille,FRA-Ligue 1,1.3,33.7,2.0,,1.1,1.1,0.07,0.09,1.7,1.0,,1.1,0.2,0.4,0.6,7.05,,17.0,0.8,2.4,1.4,1508,20,Midfielder
1565010,Arthur Avom,8689,Lorient,FRA-Ligue 1,3.2,42.4,3.0,,0.8,2.3,0.14,0.05,0.8,1.0,,1.4,0.1,0.1,0.7,7.02,,22.0,0.9,2.5,1.1,1423,20,Midfielder
1574189,Senny Mayulu,9847,Paris Saint-Germain,FRA-Ligue 1,0.8,31.8,5.0,,0.2,1.7,0.13,0.22,1.5,4.0,0.24,0.5,0.6,,1.3,7.21,,23.0,1.8,2.7,0.6,1145,17,Midfielder
1574492,Tiago Gabriel,9888,Lecce,ITA-Serie A,2.0,34.9,,,6.8,0.1,0.0,0.1,0.9,,0.04,1.1,0.1,0.6,,6.88,,,0.6,1.8,0.0,2146,25,Defender
1580528,Raul Asencio,8633,Real Madrid,ESP-La Liga,1.9,53.1,,,3.2,0.5,0.04,0.06,0.8,,0.15,0.5,0.2,0.7,0.1,6.96,,4.0,0.9,1.0,0.1,1166,17,Defender
1580952,Vitor Reis,7732,Girona,ESP-La Liga,2.3,48.6,2.0,,6.2,0.3,0.01,0.02,0.9,1.0,0.05,0.9,0.1,1.4,,6.81,,6.0,0.4,1.1,0.2,1968,23,Defender
1598170,Samir El Mourabet,9848,Strasbourg,FRA-Ligue 1,1.4,52.9,2.0,,1.0,1.4,0.09,0.02,1.1,,,1.0,,0.6,0.8,6.71,,16.0,0.6,3.3,0.7,1376,22,Midfielder
1598982,Gerard Martin,8634,Barcelona,ESP-La Liga,2.4,70.1,1.0,,3.8,0.6,0.05,0.0,0.5,,,1.3,,0.3,0.1,7.15,,11.0,0.2,2.2,0.3,1091,20,Defender
1605748,Matias Moreno,8581,Levante,ESP-La Liga,1.9,35.3,,,5.5,0.2,0.01,0.04,0.9,,,1.5,,0.9,,6.8,,2.0,0.4,1.5,0.1,1221,16,Defender
1609213,Mateus Mane,8602,Wolverhampton Wanderers,ENG-Premier League,0.3,15.5,2.0,,1.4,1.3,0.12,0.11,1.5,1.0,0.18,0.2,1.1,0.1,0.4,6.67,,10.0,2.5,1.6,1.5,987,16,Midfielder
1613676,Said El Mala,8722,1. FC Köln,GER-Bundesliga,0.2,14.0,4.0,,0.2,1.4,0.12,0.52,0.7,2.0,0.61,0.3,1.6,,1.0,6.8,,10.0,3.8,1.4,2.6,1041,22,Attacker
1622290,Nicolo Savona,10203,Nottingham Forest,ENG-Premier League,1.1,27.5,1.0,,2.5,0.4,0.04,0.12,1.1,,0.18,0.4,0.3,0.3,0.1,6.65,,7.0,0.4,1.8,0.2,1026,14,Defender
1622889,Louis Leroux,9830,Nantes,FRA-Ligue 1,1.4,23.9,,,2.6,0.7,0.06,0.11,0.8,1.0,0.09,0.3,0.3,0.2,0.1,6.65,,12.0,0.7,2.1,0.7,1019,14,Midfielder
1624039,Jesus Rodriguez,10171,Como,ITA-Serie A,0.4,19.1,7.0,,0.6,2.9,0.2,0.19,1.2,6.0,,0.2,0.6,,0.4,6.91,,30.0,2.5,1.2,2.2,1324,22,Attacker
1624586,Bazoumana Touré,8226,TSG 1899 Hoffenheim,GER-Bundesliga,0.7,19.4,6.0,,0.7,2.4,0.16,0.16,1.7,5.0,0.13,0.3,0.5,0.1,0.9,7.19,,25.0,1.5,1.3,2.1,1352,18,Attacker
1640832,Arsene Kouassi,8689,Lorient,FRA-Ligue 1,0.5,25.1,6.0,,1.9,2.2,0.11,0.02,0.6,4.0,0.1,0.9,0.1,0.1,0.5,7.23,,23.0,0.3,0.9,1.5,1790,21,Midfielder
1641063,Noahkai Banks,8406,FC Augsburg,GER-Bundesliga,2.8,42.0,,,4.8,0.3,0.02,0.06,1.4,,0.06,0.8,0.3,0.8,0.1,6.91,,5.0,0.4,2.4,0.2,1388,18,Defender
1643851,Karim Coulibaly,8697,SV Werder Bremen,GER-Bundesliga,2.8,54.6,,,4.9,0.4,0.02,0.03,0.8,,0.05,1.0,0.1,0.8,0.1,6.47,,6.0,0.3,1.2,0.3,1733,21,Defender
1664716,Dayann Methalie,9941,Toulouse,FRA-Ligue 1,0.5,16.5,1.0,,1.6,1.1,0.08,0.04,2.6,,,0.8,0.4,0.2,0.4,6.55,,6.0,0.7,2.7,1.5,1214,18,Midfielder
1669629,Honest Ahanor,8524,Atalanta,ITA-Serie A,0.9,42.0,,,3.5,0.6,0.05,0.14,1.3,,,1.3,0.2,0.8,,6.82,,,0.9,2.4,0.3,1008,15,Defender
1690093,Jan Virgili,8661,Mallorca,ESP-La Liga,0.1,16.1,7.0,,0.5,1.9,0.14,0.12,0.8,4.0,,0.3,0.7,0.1,0.7,6.77,,25.0,1.7,0.8,2.6,1284,19,Attacker
1693531,Sascha Britschgi,10167,Parma,ITA-Serie A,0.7,20.1,3.0,,1.8,1.2,0.07,0.02,0.8,2.0,,0.4,0.2,0.2,0.3,6.63,,14.0,0.7,1.7,0.3,1566,21,Midfielder
1735453,Yan Diomande,178475,RB Leipzig,GER-Bundesliga,1.1,34.6,5.0,,0.5,4.5,0.28,0.28,0.6,4.0,0.5,0.7,1.2,0.1,0.6,7.59,,33.0,2.1,1.2,4.6,1449,21,Attacker
1737700,Lennart Karl,9823,Bayern München,GER-Bundesliga,2.1,49.0,4.0,,0.2,3.0,0.3,0.47,0.4,2.0,0.4,1.1,1.4,0.2,1.1,7.03,,15.0,3.1,2.0,1.5,905,20,Midfielder
1800345,Tylel Tati,9830,Nantes,FRA-Ligue 1,1.6,43.7,,,4.3,0.2,0.01,0.02,1.1,,,1.0,,0.8,,6.3,,1.0,0.2,1.0,0.5,1595,18,Defender
