player_id,player,team_id,team,league,accurate_long_balls,accurate_pass,big_chance_created,clean_sheet,effective_clearance,expected_assists,expected_assists_per_90,expected_goals_per_90,fouls,goal_assist,goals_per_90,interception,ontarget_scoring_att,outfielder_block,poss_won_att_3rd,rating,saves,total_att_assist,total_scoring_att,total_tackle,won_contest,minutes_played,matches_played,position,nationality
23354,Ashley Young,8668,Everton,ENG-Premier League,3.0,26.1,6.0,,2.7,2.9,0.14,0.01,1.4,3.0,0.05,1.2,0.1,0.2,0.2,6.8,,26.0,0.3,2.8,0.3,1869,32,Defender,England
25587,Lorenzo De Silvestri,9857,Bologna,ITA-Serie A,,,,,,0.4,,,,,,,,,,,,5.0,,,,1065,18,Defender,Italy
27299,Manuel Neuer,9823,Bayern München,GER-Bundesliga,,32.5,1.0,13.0,0.6,0.1,0.0,,,,,,,,,7.12,1.5,1.0,,0.0,0.0,1980,22,Keeper,Germany
30660,Pepe Reina,10171,Como,ITA-Serie A,,,,2.0,,0.0,,,,,,,,,,,,,,,,1035,12,,Spain
30973,Lukasz Fabianski,8654,West Ham United,ENG-Premier League,,,,2.0,,0.0,,,,,,,,,,,,,,,,1161,14,Keeper,Poland
31097,Luka Modric,8633,Real Madrid,ESP-La Liga,5.8,83.4,17.0,,0.6,6.3,0.31,0.08,1.1,6.0,0.1,1.3,0.3,0.2,0.7,7.24,,66.0,1.1,1.5,0.7,1819,35,Midfielder,Croatia
31293,Steve Mandanda,9851,Rennes,FRA-Ligue 1,,17.4,,6.0,0.5,0.0,0.0,,,,,,,,,6.49,1.8,2.0,,,0.1,1486,18,,France
34029,Raul Albiol,10205,Villarreal,ESP-La Liga,,,,,,0.1,,,,,,,,,,,,,,,,1189,15,,Spain
36388,Mats Hummels,8686,Roma,ITA-Serie A,,,,,,0.1,,,,,,,,,,,,2.0,,,,918,14,,Germany
38432,Dante,9831,Nice,FRA-Ligue 1,2.8,57.8,,,3.3,0.5,0.02,0.02,0.9,,,1.6,0.1,0.6,0.1,6.91,,4.0,0.4,1.5,0.3,1965,25,Defender,Brazil
41618,Yann Sommer,8636,Internazionale,ITA-Serie A,,31.2,,13.0,0.7,0.0,0.0,,,,,,,,,7.04,2.6,,,,,2970,33,Keeper,Switzerland
46820,Matteo Darmian,8636,Internazionale,ITA-Serie A,1.5,36.8,1.0,,1.6,1.3,0.07,0.1,1.3,2.0,0.15,0.5,0.2,0.3,0.1,6.79,,15.0,0.6,1.4,0.2,1783,29,Midfielder,Italy
58294,Cristhian Stuani,7732,Girona,ESP-La Liga,0.2,9.0,,,0.9,1.0,0.08,0.7,3.0,2.0,0.93,0.6,1.6,0.1,0.3,6.52,,6.0,2.9,0.8,0.2,1059,32,Attacker,Uruguay
66757,Lukas Hradecky,8178,Bayer 04 Leverkusen,GER-Bundesliga,,20.0,,6.0,0.3,0.0,0.0,,,,,,,,,6.85,2.9,,,,,2610,29,Keeper,Finland
68404,Nicolas Viola,8529,Cagliari,ITA-Serie A,1.2,17.9,4.0,,0.4,2.6,0.18,0.17,1.4,1.0,0.21,0.2,0.6,,0.4,6.66,,28.0,2.2,1.0,0.8,1275,27,,Italy
72241,Martin Dubravka,10261,Newcastle United,ENG-Premier League,,,,5.0,,0.0,,,,,,,,,,,,,,,,900,10,,Slovakia
73024,Francesco Acerbi,8636,Internazionale,ITA-Serie A,2.3,62.4,2.0,,4.2,1.4,0.07,0.02,0.6,1.0,,1.4,0.1,0.8,0.1,7.15,,10.0,0.3,1.2,0.2,1709,23,Defender,Italy
73167,Henrikh Mkhitaryan,8636,Internazionale,ITA-Serie A,2.2,49.1,6.0,,1.2,4.1,0.15,0.06,1.2,4.0,0.04,0.6,0.1,0.2,0.4,7.13,,29.0,0.9,1.6,0.3,2410,32,Midfielder,Armenia
73409,Ørjan Håskjold Nyland,8302,Sevilla,ESP-La Liga,,17.6,2.0,7.0,0.8,0.1,0.0,,0.0,,,,,,,6.79,2.5,4.0,,0.1,,2674,30,Keeper,Norway
75307,Daniel Parejo,10205,Villarreal,ESP-La Liga,3.8,53.0,2.0,,1.4,1.9,0.08,0.1,0.8,3.0,0.12,0.9,0.2,0.3,0.5,7.07,,23.0,0.6,2.1,0.3,2277,36,Midfielder,Spain
80295,Yuri Berchiche,8315,Athletic Club,ESP-La Liga,2.2,42.7,3.0,,3.1,2.2,0.1,0.02,0.8,2.0,,1.2,0.2,0.2,0.3,7.11,,18.0,0.7,1.5,0.3,2041,30,Defender,Spain
93447,Robert Lewandowski,8634,Barcelona,ESP-La Liga,0.4,12.9,3.0,,0.9,1.5,0.05,0.91,1.0,2.0,0.91,0.1,1.6,0.1,0.5,7.49,,19.0,3.9,0.3,0.7,2681,34,Attacker,Poland
95955,André Ayew,9746,Le Havre,FRA-Ligue 1,,11.1,,,1.2,0.3,0.02,0.29,1.2,1.0,0.25,0.2,0.6,0.1,0.5,6.38,,8.0,1.4,1.1,0.3,1451,27,,Ghana
108381,Milan Djuric,6504,Monza,ITA-Serie A,0.1,,2.0,,,,,,,1.0,,0.1,,,0.1,,,5.0,,0.1,,1535,27,,Bosnia and Herzegovina
108381,Milan Djuric,10167,Parma,ITA-Serie A,,9.7,,,1.1,0.3,0.02,0.19,1.1,,0.29,,0.6,,,6.75,,,1.6,,0.4,1535,27,,Bosnia and Herzegovina
109222,Vicente Guaita,9910,Celta de Vigo,ESP-La Liga,,17.8,,8.0,1.2,0.0,0.0,,,,,,,,,6.61,2.4,,,,,3060,34,Keeper,Spain
113836,Danny Welbeck,10204,Brighton and Hove Albion,ENG-Premier League,0.3,17.6,1.0,,0.6,1.4,0.06,0.41,0.5,4.0,0.42,0.2,1.0,0.2,0.6,7.03,,23.0,2.5,1.1,0.6,2122,30,Attacker,England
115067,Nemanja Matic,9748,Lyon,FRA-Ligue 1,2.9,54.4,2.0,,1.3,2.0,0.09,0.0,0.6,1.0,,0.8,0.0,0.4,0.8,6.91,,17.0,0.1,1.9,0.4,2024,29,,Serbia
115591,Ricardo Rodriguez,8603,Real Betis,ESP-La Liga,,,,,,0.6,,,,1.0,,,,,,,,7.0,,,,1280,18,Defender,Switzerland
116772,Thomas Müller,9823,Bayern München,GER-Bundesliga,1.0,33.0,7.0,,1.0,4.1,0.3,0.28,1.0,4.0,0.07,0.1,0.8,,0.7,6.8,,35.0,2.2,0.6,0.6,1218,30,,Germany
119014,Darko Lazovic,9876,Verona,ITA-Serie A,0.9,15.6,7.0,,2.3,1.8,0.11,0.15,0.6,3.0,0.12,0.7,0.2,0.2,0.3,6.68,,19.0,1.2,1.3,0.4,1462,27,,Serbia
128827,Lewis Holtby,8150,Holstein Kiel,GER-Bundesliga,1.7,37.6,2.0,,1.8,1.8,0.13,0.04,0.9,1.0,,1.5,0.1,0.1,0.3,6.56,,21.0,0.5,2.5,0.5,1235,25,,Germany
130155,Danilo D'Ambrosio,6504,Monza,ITA-Serie A,2.3,43.9,1.0,,2.9,0.3,0.03,0.05,1.5,1.0,,1.2,0.3,0.7,,,,5.0,0.7,2.3,0.2,1095,20,,Italy
141699,Milan Badelj,10233,Genoa,ITA-Serie A,2.9,41.1,2.0,,2.6,0.9,0.05,0.06,1.1,,0.06,1.2,0.2,0.4,0.2,6.9,,12.0,0.8,1.8,0.5,1486,23,,Croatia
145550,Kevin Trapp,9810,Eintracht Frankfurt,GER-Bundesliga,,22.4,,6.0,0.9,0.0,0.0,,,,,,,,,6.96,3.3,,,,,2295,26,,Germany
148830,Benjamin André,8639,Lille,FRA-Ligue 1,3.2,52.8,5.0,,1.7,2.7,0.09,0.05,1.7,3.0,,1.6,0.1,0.2,0.8,7.39,,21.0,0.5,3.4,0.3,2693,30,Midfielder,France
149219,Christian Kabasele,8600,Udinese,ITA-Serie A,,,,,,0.5,,,,,,,,,,,,6.0,,,,1163,16,Defender,Belgium
150250,Pedro Rodriguez,8543,Lazio,ITA-Serie A,1.7,38.2,3.0,,0.2,2.1,0.17,0.44,1.4,1.0,0.83,0.2,1.5,,0.7,6.92,,22.0,3.2,1.6,1.3,1087,30,Attacker,Spain
151001,Péter Gulácsi,178475,RB Leipzig,GER-Bundesliga,,20.7,,14.0,1.0,0.0,0.0,,,,,,,,,7.08,3.4,,,0.0,,2632,30,Keeper,Hungary
154280,Jordan Ayew,8197,Leicester City,ENG-Premier League,0.5,21.0,2.0,,1.0,1.5,0.08,0.2,1.7,,0.27,0.6,0.5,0.1,0.6,6.54,,17.0,1.8,1.5,1.4,1664,31,Attacker,Ghana
157723,Christian Eriksen,10260,Manchester United,ENG-Premier League,3.1,47.8,4.0,,0.7,2.6,0.22,0.12,0.7,2.0,0.08,0.6,0.2,0.4,0.8,,,31.0,1.3,1.6,,1059,23,Midfielder,Denmark
159833,Kyle Walker,8456,Manchester City,ENG-Premier League,,,2.0,,,1.3,,,,,,,,,,,,7.0,,,,967,15,,England
160447,Adam Smith,8678,Bournemouth,ENG-Premier League,1.2,23.3,,,2.1,0.7,0.04,0.04,1.1,,,0.8,,0.3,0.1,6.54,,8.0,0.2,1.4,0.3,1596,25,Defender,England
161012,Daley Blind,7732,Girona,ESP-La Liga,4.8,71.2,5.0,,2.8,2.5,0.08,0.02,0.6,2.0,,1.0,0.1,0.3,0.1,6.82,,19.0,0.3,1.6,0.5,2779,34,Defender,Netherlands
161328,Stephan El Shaarawy,8686,Roma,ITA-Serie A,0.7,29.0,,,1.0,2.0,0.16,0.2,0.6,4.0,0.25,0.8,1.0,,0.5,6.85,,15.0,2.3,1.3,1.4,1088,31,Midfielder,Italy
166019,Wahbi Khazri,10249,Montpellier,FRA-Ligue 1,1.6,18.0,3.0,,0.6,1.8,0.15,0.19,1.9,1.0,0.08,0.4,0.5,0.1,0.7,6.28,,18.0,3.0,2.1,0.6,1081,30,,Tunisia
166733,Christopher Trimmel,8149,1. FC Union Berlin,GER-Bundesliga,2.3,17.6,2.0,,4.4,3.2,0.17,0.01,0.7,3.0,,0.9,0.2,0.3,0.2,6.92,,35.0,0.5,2.0,0.1,1744,26,Midfielder,Austria
167008,Pascal Gross,9789,Borussia Dortmund,GER-Bundesliga,3.3,57.6,10.0,,1.0,6.4,0.24,0.09,0.7,10.0,,0.3,0.3,0.5,0.4,7.06,,58.0,1.0,1.7,0.1,2338,30,Midfielder,Germany
167035,Anthony Lopes,9830,Nantes,FRA-Ligue 1,,17.3,,3.0,0.8,0.0,0.0,,0.1,,,0.1,,,,6.77,2.7,,,0.1,,1564,18,Keeper,Portugal
167589,Kevin Vogt,8149,1. FC Union Berlin,GER-Bundesliga,4.7,49.9,,,4.6,0.2,0.02,0.06,0.6,,0.07,0.6,0.1,0.5,,6.73,,2.0,0.1,0.7,0.3,1280,17,Defender,Germany
169162,Craig Dawson,8602,Wolverhampton Wanderers,ENG-Premier League,,,,,,0.1,,,,,,,,,,,,2.0,,,,969,15,,England
169193,Alexandre Lacazette,9748,Lyon,FRA-Ligue 1,0.6,16.9,7.0,,0.3,4.9,0.21,0.73,2.1,2.0,0.66,0.3,1.6,0.1,0.4,7.13,,26.0,2.6,0.6,0.6,2061,30,,France
169200,Kevin De Bruyne,8456,Manchester City,ENG-Premier League,1.9,45.1,15.0,,0.4,6.7,0.36,0.27,0.9,7.0,0.21,0.4,1.0,,1.0,7.24,,57.0,3.0,0.9,0.7,1704,28,Midfielder,Belgium
169586,Leandro Cabrera,8558,Espanyol,ESP-La Liga,3.7,33.6,2.0,,6.1,0.7,0.02,0.04,0.8,2.0,0.13,0.9,0.2,0.8,,6.89,,9.0,0.6,1.3,0.0,2870,33,Defender,Uruguay
169718,Wojciech Szczesny,8634,Barcelona,ESP-La Liga,,,,8.0,,0.0,,,,,,,,,,,,,,,,1350,15,Keeper,Poland
169719,Chris Wood,10203,Nottingham Forest,ENG-Premier League,0.4,9.5,3.0,,0.8,1.5,0.05,0.4,0.8,3.0,0.6,0.2,1.1,0.2,0.3,7.06,,22.0,2.1,0.2,0.1,2976,36,Attacker,New Zealand
169756,Adrian,8603,Real Betis,ESP-La Liga,,20.3,,3.0,1.6,0.0,0.0,,,,,,,,,6.67,2.6,,,,,1710,19,Keeper,Spain
170323,Thibaut Courtois,8633,Real Madrid,ESP-La Liga,,22.6,1.0,11.0,0.8,0.0,0.0,,,,,0.0,,,,7.06,2.6,1.0,,,,2700,30,Keeper,Belgium
173461,Andrej Kramaric,8226,TSG 1899 Hoffenheim,GER-Bundesliga,1.4,31.5,6.0,,0.3,5.7,0.18,0.38,0.4,8.0,0.36,0.2,0.8,0.1,0.6,7.2,,50.0,2.2,0.5,0.6,2779,32,Midfielder,Croatia
174472,Iago Aspas,9910,Celta de Vigo,ESP-La Liga,2.6,33.5,7.0,,0.2,3.9,0.2,0.45,0.8,5.0,0.52,0.4,1.2,0.1,0.6,7.12,,38.0,2.7,0.7,0.8,1743,30,Attacker,Spain
175311,Kiko,10205,Villarreal,ESP-La Liga,1.7,45.8,3.0,,2.2,2.1,0.09,0.01,0.8,1.0,,1.6,,0.4,0.1,6.95,,16.0,0.1,2.0,0.7,2229,28,Defender,Spain
177126,Jan Oblak,9906,Atlético de Madrid,ESP-La Liga,,16.2,,15.0,0.7,0.0,0.0,,,,,,,,,7.06,2.4,,,,0.1,3240,36,Keeper,Slovenia
177714,Mario Götze,9810,Eintracht Frankfurt,GER-Bundesliga,1.2,37.7,5.0,,0.4,1.9,0.11,0.17,0.9,2.0,0.17,0.4,0.3,0.1,0.6,7.0,,34.0,0.5,2.4,0.5,1546,24,Midfielder,Germany
178732,Lukasz Skorupski,9857,Bologna,ITA-Serie A,,28.7,,8.0,0.8,0.0,0.0,,0.0,,,,,,,6.75,2.0,,,0.0,0.0,2365,27,Keeper,Poland
178753,Nemanja Gudelj,8302,Sevilla,ESP-La Liga,1.7,42.6,,,3.3,1.0,0.03,0.06,0.9,1.0,0.04,1.0,0.2,0.4,0.2,6.73,,14.0,0.8,1.5,0.2,2495,31,Midfielder,Serbia
178778,Oliver Baumann,8226,TSG 1899 Hoffenheim,GER-Bundesliga,,22.0,1.0,4.0,1.1,0.7,0.02,,,,,,,,,6.87,3.3,3.0,,0.1,0.0,2520,28,Keeper,Germany
178818,Ilkay Gündogan,8456,Manchester City,ENG-Premier League,2.1,61.0,4.0,,0.9,4.4,0.18,0.13,0.6,6.0,0.04,0.5,0.3,,0.5,7.24,,44.0,1.1,1.0,0.7,2227,33,,Germany
179410,Idrissa Gana Gueye,8668,Everton,ENG-Premier League,2.3,35.8,3.0,,1.0,2.0,0.06,0.03,1.6,3.0,,1.4,0.1,0.3,0.2,7.04,,19.0,0.8,3.9,0.5,3067,37,Midfielder,Senegal
179515,Téji Savanier,10249,Montpellier,FRA-Ligue 1,7.2,38.1,16.0,,0.8,7.7,0.3,0.16,0.8,5.0,0.08,0.6,0.7,0.0,0.7,7.04,,70.0,1.8,1.2,1.1,2339,31,Midfielder,France
179873,Loic Nego,9746,Le Havre,FRA-Ligue 1,2.0,28.3,1.0,,2.8,1.6,0.06,0.03,1.0,,,1.1,0.1,0.1,0.2,6.72,,13.0,0.4,2.1,0.6,2461,31,Defender,Hungary
181069,Matz Sels,10203,Nottingham Forest,ENG-Premier League,,11.5,1.0,13.0,1.4,0.3,0.01,,0.0,,,,,,,7.09,3.2,2.0,,0.0,,3420,38,Keeper,Belgium
181276,Romelu Lukaku,9875,Napoli,ITA-Serie A,0.2,11.0,8.0,,0.5,2.6,0.08,0.41,1.5,10.0,0.44,0.0,0.8,0.1,0.3,6.96,,35.0,2.0,0.1,0.2,2870,36,Attacker,Belgium
181297,Oscar de Marcos,8315,Athletic Club,ESP-La Liga,2.8,34.7,6.0,,1.8,2.2,0.13,0.06,0.9,4.0,,0.9,0.1,0.1,0.3,7.06,,19.0,0.5,1.8,0.2,1562,26,,Spain
182917,David de Gea,8535,Fiorentina,ITA-Serie A,,20.1,1.0,11.0,0.9,0.0,0.0,,,1.0,,,,,,7.03,2.8,3.0,,0.0,,3150,35,Keeper,Spain
183353,Kike Garcia,9866,Alavés,ESP-La Liga,0.5,13.5,,,0.8,1.6,0.06,0.35,1.7,,0.46,0.0,1.0,0.1,0.8,6.81,,13.0,2.2,0.7,0.5,2550,35,Attacker,Spain
184138,Antoine Griezmann,9906,Atlético de Madrid,ESP-La Liga,2.2,38.1,13.0,,0.8,6.5,0.24,0.27,0.4,7.0,0.29,0.2,0.7,0.0,0.7,7.18,,48.0,1.8,1.1,0.5,2482,38,Attacker,France
184521,Florian Lejeune,8370,Rayo Vallecano,ESP-La Liga,4.7,46.5,3.0,,4.8,1.1,0.03,0.1,1.4,3.0,0.05,1.1,0.5,0.9,,7.12,,14.0,1.6,1.2,0.1,3326,37,Defender,France
184533,Koke,9906,Atlético de Madrid,ESP-La Liga,3.0,66.7,2.0,,1.3,2.2,0.1,0.05,1.1,1.0,0.05,0.9,0.2,0.1,0.3,6.93,,16.0,0.5,2.1,0.4,1927,32,Midfielder,Spain
185175,Kevin Kampl,178475,RB Leipzig,GER-Bundesliga,1.4,58.1,2.0,,1.4,2.7,0.15,0.05,1.1,,0.06,1.4,0.1,0.3,0.3,6.93,,16.0,0.4,1.5,0.7,1596,26,,Slovenia
185236,Joshua King,9941,Toulouse,FRA-Ligue 1,0.2,13.2,2.0,,0.9,1.6,0.08,0.36,1.9,3.0,0.32,0.3,1.1,0.2,0.8,6.76,,17.0,2.7,0.6,1.9,1681,28,,Norway
185326,Sam Morsy,9902,Ipswich Town,ENG-Premier League,1.9,40.6,1.0,,1.4,1.5,0.05,0.01,1.6,1.0,0.03,0.9,0.1,0.4,0.5,6.64,,24.0,0.4,2.2,0.6,2753,33,,Egypt
185625,José Luis Palomino,8529,Cagliari,ITA-Serie A,,,,,,0.2,,,,,,,,,,,,1.0,,,,1076,18,,Argentina
185644,Mathew Ryan,8588,Lens,FRA-Ligue 1,,,,6.0,,0.0,,,,,,,,,,,,,,,,1260,14,,Australia
185949,Ismaily,8639,Lille,FRA-Ligue 1,,,2.0,,,1.3,,,,1.0,,,,,,,,5.0,,,,907,16,,Brazil
186557,Frederik Rønnow,8149,1. FC Union Berlin,GER-Bundesliga,,17.6,,8.0,1.4,0.1,0.0,0.0,,,,,,,,7.19,2.7,,0.0,,0.0,2430,27,Keeper,Denmark
186811,Mathieu Gorgelin,9746,Le Havre,FRA-Ligue 1,,,,1.0,,0.0,,,,,,,,,,,,,,,,1440,16,Keeper,France
188058,Daniel Burn,10261,Newcastle United,ENG-Premier League,1.6,47.8,2.0,,5.2,1.1,0.03,0.05,0.9,1.0,0.03,0.7,0.2,0.7,,6.83,,9.0,0.6,1.1,0.1,3330,37,Defender,England
188555,Stefan de Vrij,8636,Internazionale,ITA-Serie A,1.8,68.4,,,4.6,0.3,0.02,0.06,0.5,,0.16,1.2,0.2,0.6,,7.04,,1.0,0.7,0.9,0.2,1719,26,Defender,Netherlands
189982,Fabian Schär,10261,Newcastle United,ENG-Premier League,4.2,50.3,,,4.1,1.0,0.03,0.12,1.1,,0.12,1.4,0.3,0.8,0.2,6.88,,5.0,1.2,1.1,0.2,2937,34,Defender,Switzerland
191315,Isco,8603,Real Betis,ESP-La Liga,3.9,53.7,5.0,,0.3,3.9,0.22,0.5,1.3,8.0,0.52,0.6,0.9,,0.8,7.71,,61.0,2.6,1.2,1.6,1551,22,Midfielder,Spain
191869,Kieran Trippier,10261,Newcastle United,ENG-Premier League,2.3,61.0,2.0,,2.9,1.5,0.1,0.01,1.1,3.0,,0.8,,0.2,0.2,6.95,,22.0,0.3,2.6,0.3,1308,25,Defender,England
191873,Juanmi,8305,Getafe,ESP-La Liga,0.6,15.2,,,0.5,0.3,0.03,0.35,2.4,,,0.3,0.8,,0.5,,,8.0,1.8,2.0,0.8,934,24,Attacker,Spain
191873,Juanmi,8603,Real Betis,ESP-La Liga,,,1.0,,,,,,,,,,,,,,,,,,,934,24,Attacker,Spain
193901,Stefan Bell,9905,1. FSV Mainz 05,GER-Bundesliga,3.3,35.3,1.0,,6.7,0.7,0.04,0.05,1.5,1.0,,1.8,0.3,0.9,0.1,7.13,,5.0,0.8,1.4,0.1,1438,18,Defender,Germany
194165,Harry Kane,9823,Bayern München,GER-Bundesliga,1.5,18.8,11.0,,0.6,5.6,0.21,0.77,0.3,8.0,0.98,0.1,2.0,0.1,0.5,7.86,,35.0,4.3,0.5,0.9,2389,31,Attacker,England
195305,Marc Bartra,8603,Real Betis,ESP-La Liga,4.3,40.3,,,6.2,0.3,0.01,0.05,0.6,1.0,0.09,1.4,0.2,1.1,0.0,7.06,,4.0,0.8,1.4,0.3,2101,25,Defender,Spain
195750,Nicolás Tagliafico,9748,Lyon,FRA-Ligue 1,1.2,48.6,1.0,,2.3,1.4,0.07,0.14,1.9,1.0,0.14,1.7,0.3,0.3,0.3,7.21,,5.0,1.3,2.7,0.0,1904,24,Defender,Argentina
195782,Marco Bizot,8521,Brest,FRA-Ligue 1,,20.1,,10.0,1.3,0.0,0.0,,0.0,,,,,,,6.87,2.4,,,0.1,,2880,32,Keeper,Netherlands
196169,Marcos Alonso,9910,Celta de Vigo,ESP-La Liga,3.7,70.7,3.0,,4.0,2.0,0.07,0.14,1.1,,0.1,1.2,0.4,0.2,0.3,7.11,,21.0,1.2,1.2,0.5,2648,31,Defender,Spain
197352,Juan Jesus,9875,Napoli,ITA-Serie A,,,,,,0.1,,,,1.0,,,,,,,,1.0,,,,1075,15,Defender,Brazil
198235,Darko Brasanac,7854,Leganés,ESP-La Liga,0.5,20.9,,,1.8,0.5,0.03,0.1,2.1,2.0,0.06,0.9,0.2,0.6,0.2,6.47,,9.0,0.7,1.5,0.1,1612,30,,Serbia
198277,Nicolas Pallois,9830,Nantes,FRA-Ligue 1,2.9,31.5,1.0,,7.0,0.4,0.02,0.02,1.0,2.0,,1.2,0.0,0.8,0.1,6.81,,3.0,0.1,2.7,0.1,2020,26,Defender,France
198559,Marten de Roon,8524,Atalanta,ITA-Serie A,3.3,56.5,4.0,,1.9,2.9,0.08,0.03,1.4,4.0,0.12,1.4,0.1,0.2,0.2,7.33,,25.0,0.4,2.2,0.2,3058,36,Midfielder,Netherlands
199834,Rémy Cabella,8639,Lille,FRA-Ligue 1,0.4,52.8,5.0,,0.3,3.1,0.28,0.35,1.4,2.0,0.09,0.7,0.6,0.1,1.8,7.12,,26.0,2.7,3.5,1.7,1010,23,Attacker,France
201690,Lewis Dunk,10204,Brighton and Hove Albion,ENG-Premier League,3.9,76.4,1.0,,3.4,1.0,0.04,0.04,0.3,,,0.6,0.1,0.8,,6.59,,6.0,0.5,0.7,,2083,25,Defender,England
201704,Remo Freuler,9857,Bologna,ITA-Serie A,2.1,47.2,2.0,,1.4,1.6,0.04,0.04,1.3,2.0,0.03,1.1,0.1,0.1,0.4,7.01,,36.0,0.5,2.2,0.1,3214,37,Midfielder,Switzerland
205893,Jannik Vestergaard,8197,Leicester City,ENG-Premier League,,,,,,0.1,,,,,,,,,,,,3.0,,,,1395,18,Defender,Denmark
207236,Granit Xhaka,8178,Bayer 04 Leverkusen,GER-Bundesliga,4.6,77.9,7.0,,1.5,5.1,0.16,0.03,1.0,7.0,0.06,0.4,0.1,0.2,0.8,7.49,,50.0,0.7,1.5,0.2,2891,33,,Switzerland
208494,Casemiro,10260,Manchester United,ENG-Premier League,2.9,46.3,3.0,,2.9,2.0,0.12,0.11,1.2,,0.06,0.8,0.6,0.6,0.6,7.09,,22.0,1.9,5.0,0.2,1497,24,Midfielder,Brazil
209405,Virgil van Dijk,8650,Liverpool,ENG-Premier League,4.2,72.4,2.0,,5.1,1.0,0.03,0.06,0.5,1.0,0.08,1.5,0.2,0.4,0.1,7.34,,12.0,0.7,1.0,0.1,3330,37,Defender,Netherlands
210111,Lucas Digne,10252,Aston Villa,ENG-Premier League,1.1,31.0,15.0,,3.2,4.0,0.15,0.03,0.8,4.0,,1.0,0.1,0.2,0.2,6.94,,36.0,0.5,2.5,0.3,2358,32,Defender,France
210114,Benjamin Lecomte,10249,Montpellier,FRA-Ligue 1,,19.4,,1.0,0.7,0.1,0.0,,,,,,,,,6.48,3.7,4.0,,,,2673,30,Keeper,France
210119,Jordan Ferri,10249,Montpellier,FRA-Ligue 1,3.1,55.8,1.0,,1.0,1.3,0.07,0.02,1.8,2.0,,0.5,0.2,0.2,0.4,6.55,,13.0,0.7,2.1,0.5,1780,25,,France
210126,Dennis Appiah,9853,St Etienne,FRA-Ligue 1,1.4,29.9,4.0,,3.1,2.2,0.09,0.01,1.6,1.0,,1.2,0.1,0.3,0.3,6.59,,13.0,0.2,3.0,0.8,2124,29,Defender,France
210164,Alphonse Areola,8654,West Ham United,ENG-Premier League,,22.8,,4.0,1.0,0.0,0.0,,,,,,,,,6.53,3.3,,,0.1,,2259,26,Keeper,France
210400,Abdoulaye Bamba,8121,Angers,FRA-Ligue 1,1.5,29.9,,,4.5,0.3,0.02,0.0,0.6,,,1.1,,0.5,,6.4,,6.0,0.1,1.3,0.1,1511,19,Defender,Ivory Coast
210420,Anthony Losilla,9911,VfL Bochum 1848,GER-Bundesliga,1.1,25.8,1.0,,1.9,0.6,0.05,0.01,1.5,,,1.5,,0.5,0.2,,,7.0,0.4,2.3,0.1,1085,20,,France
210423,Florent Hanin,8121,Angers,FRA-Ligue 1,2.3,35.1,4.0,,2.7,2.5,0.09,0.03,0.5,2.0,0.03,1.6,0.0,0.3,0.2,6.95,,25.0,0.4,2.3,0.4,2677,33,Defender,France
210683,Aissa Mandi,8639,Lille,FRA-Ligue 1,4.4,53.2,,,2.6,1.2,0.06,0.02,0.4,,,0.8,0.1,0.6,0.2,6.76,,5.0,0.3,1.6,0.2,1736,24,Defender,Algeria
212156,Pavel Kaderabek,8226,TSG 1899 Hoffenheim,GER-Bundesliga,1.5,26.1,2.0,,2.9,1.7,0.1,0.04,1.2,,0.11,1.1,0.2,0.2,0.3,6.71,,21.0,0.8,1.4,0.3,1574,24,,Czechia
212470,Oriol Romeu,7732,Girona,ESP-La Liga,2.8,52.6,1.0,,1.3,0.7,0.05,0.01,1.9,,,0.8,0.1,0.5,0.3,6.56,,8.0,0.3,2.5,0.3,1360,25,Midfielder,Spain
212512,Jasper Cillessen,8306,Las Palmas,ESP-La Liga,,20.9,,3.0,0.6,0.0,0.0,,,,,,,,,6.85,3.5,,,0.0,,2337,27,,Netherlands
212815,Timo Horn,9911,VfL Bochum 1848,GER-Bundesliga,,,,3.0,,0.1,,,,,,,,,,,,1.0,,,,1170,13,Keeper,Germany
212867,Heung-Min Son,8586,Tottenham Hotspur,ENG-Premier League,0.7,29.8,16.0,,0.7,5.1,0.22,0.31,0.3,9.0,0.3,0.2,1.1,,0.6,7.23,,50.0,2.4,0.7,1.2,2116,30,,South Korea
212982,Steven Skrzybski,8150,Holstein Kiel,GER-Bundesliga,1.2,20.3,7.0,,0.7,3.3,0.22,0.24,1.1,3.0,0.41,0.7,0.9,,0.7,6.93,,22.0,2.2,1.3,0.9,1326,24,Midfielder,Germany
213299,Nicola Leali,10233,Genoa,ITA-Serie A,,19.3,,10.0,1.0,0.0,0.0,,0.0,,,,,,,7.16,3.0,,,,,2610,29,Keeper,Italy
213485,Matija Nastasic,7854,Leganés,ESP-La Liga,2.1,29.9,,,7.0,0.4,0.02,0.0,0.6,,0.04,0.9,0.0,1.3,0.0,6.6,,2.0,0.1,1.1,0.0,2112,26,,Serbia
213501,Álvaro Morata,8564,Milan,ITA-Serie A,,,3.0,,,0.3,,,,,,,,,,,,7.0,,,,1105,16,Attacker,Spain
213502,José Campana,8306,Las Palmas,ESP-La Liga,3.9,52.1,2.0,,1.4,1.0,0.08,0.01,0.5,3.0,,1.4,0.2,0.1,0.5,6.78,,14.0,0.4,1.6,0.6,1193,25,,Spain
213516,Daniel Rodriguez,8661,Mallorca,ESP-La Liga,0.9,19.0,7.0,,1.0,3.4,0.14,0.11,2.1,7.0,0.17,0.5,0.4,0.1,0.4,6.71,,33.0,1.3,2.0,0.7,2175,37,Midfielder,Spain
214972,Geoffrey Kondogbia,8592,Marseille,FRA-Ligue 1,1.7,73.8,,,2.8,1.1,0.05,0.02,0.8,,,1.0,0.0,0.3,0.4,7.11,,5.0,0.4,2.7,0.4,2021,25,Midfielder,Central African Rep.
215151,Marcel Sabitzer,9789,Borussia Dortmund,GER-Bundesliga,1.4,39.7,2.0,,1.6,1.6,0.09,0.1,0.7,,0.06,0.6,0.4,0.3,0.6,6.69,,12.0,1.2,1.6,0.3,1613,26,Midfielder,Austria
215159,Kevin Müller,94937,1. FC Heidenheim 1846,GER-Bundesliga,,25.6,,7.0,0.7,0.1,0.0,,,,,,,,,6.43,3.2,,,0.1,,2940,33,,Germany
215168,Bernd Leno,9879,Fulham,ENG-Premier League,,25.9,1.0,5.0,0.8,0.1,0.0,,,1.0,,,,,,6.82,2.9,2.0,,0.1,,3420,38,Keeper,Germany
215242,Leonardo Spinazzola,9875,Napoli,ITA-Serie A,2.1,34.9,6.0,,1.7,3.4,0.2,0.04,0.4,1.0,0.06,0.5,0.2,0.1,0.1,6.93,,26.0,0.7,1.0,1.7,1518,27,Midfielder,Italy
215387,Jack Stephens,8466,Southampton,ENG-Premier League,1.9,56.0,1.0,,3.2,0.3,0.02,0.04,0.8,,0.06,0.8,0.1,0.8,,,,3.0,0.3,2.2,,1394,19,Defender,England
215584,David Lopez,7732,Girona,ESP-La Liga,3.1,69.3,1.0,,4.1,1.3,0.05,0.03,0.4,1.0,0.04,0.5,0.1,0.4,0.1,6.77,,4.0,0.4,1.2,0.2,2429,29,Defender,Spain
231821,Aridane Hernández,8370,Rayo Vallecano,ESP-La Liga,,,,,,0.1,,,,,,,,,,,,2.0,,,,1023,14,,Equatorial Guinea
237606,Leandro Paredes,8686,Roma,ITA-Serie A,5.5,71.6,3.0,,2.0,1.6,0.1,0.15,1.0,1.0,0.2,1.2,0.6,0.3,0.5,7.24,,21.0,1.7,1.7,0.2,1370,22,,Argentina
239219,Mateo Kovacic,8456,Manchester City,ENG-Premier League,1.8,71.2,6.0,,0.9,3.2,0.13,0.08,1.0,2.0,0.25,1.0,0.5,,0.6,7.33,,33.0,1.8,2.8,0.9,2202,31,Midfielder,Croatia
239350,Cristiano Biraghi,8535,Fiorentina,ITA-Serie A,,,,,,,,,,,0.06,,,,,,,,,,,1588,23,Defender,Italy
239350,Cristiano Biraghi,9804,Torino,ITA-Serie A,2.0,36.6,7.0,,2.8,2.7,0.15,0.03,0.7,,,0.7,0.2,0.2,0.2,6.9,,31.0,0.9,1.1,0.1,1588,23,Defender,Italy
239920,Matt Doherty,8602,Wolverhampton Wanderers,ENG-Premier League,3.2,43.9,4.0,,4.0,1.2,0.05,0.04,0.8,1.0,0.09,0.9,0.1,0.6,0.3,6.89,,12.0,0.4,1.6,0.5,2113,30,Defender,Ireland
240236,Massadio Haidara,8521,Brest,FRA-Ligue 1,1.2,29.4,1.0,,3.3,0.8,0.05,0.02,1.1,,,1.4,0.1,0.1,0.3,6.76,,8.0,0.5,1.4,0.8,1679,22,,Mali
240537,Danny da Costa,9905,1. FSV Mainz 05,GER-Bundesliga,3.1,40.5,1.0,,4.2,1.3,0.06,0.0,0.9,1.0,,1.2,0.0,0.4,0.1,6.89,,10.0,0.2,1.9,0.4,2011,25,Defender,Germany
242156,Djibril Sidibé,9941,Toulouse,FRA-Ligue 1,2.1,38.3,6.0,,2.7,3.5,0.15,0.02,0.9,3.0,,0.9,0.0,0.1,0.2,7.02,,18.0,0.2,2.8,0.5,2105,28,Defender,France
243138,James Tarkowski,8668,Everton,ENG-Premier League,3.9,32.1,5.0,,6.4,2.4,0.07,0.04,1.1,1.0,0.03,1.3,0.1,1.3,0.1,7.09,,16.0,0.5,2.0,0.2,2924,33,Defender,England
243419,Juan Cruz,8371,Osasuna,ESP-La Liga,1.2,25.6,,,3.7,0.2,0.01,0.01,1.0,,,0.5,,0.2,0.1,6.53,,2.0,0.2,1.6,0.1,1497,25,Defender,Spain
244811,Davide Zappacosta,8524,Atalanta,ITA-Serie A,0.9,33.3,4.0,,1.0,3.0,0.13,0.1,0.8,2.0,0.17,0.5,0.5,0.3,0.3,6.89,,23.0,1.7,1.1,0.5,2076,30,Midfielder,Italy
245315,Jeffrey Gouweleeuw,8406,FC Augsburg,GER-Bundesliga,4.2,42.7,4.0,,5.6,3.0,0.09,0.05,0.7,4.0,0.03,1.1,0.2,0.5,0.1,7.03,,14.0,0.6,1.5,0.2,2945,33,Defender,Netherlands
245555,Geronimo Rulli,8592,Marseille,FRA-Ligue 1,,27.3,,5.0,1.0,0.0,0.0,,0.1,,,0.0,,,,7.02,2.7,2.0,,0.1,,3060,34,Keeper,Argentina
247761,Conor Coady,8197,Leicester City,ENG-Premier League,2.3,51.3,,,3.7,0.5,0.03,0.02,0.4,,0.05,0.7,0.1,1.3,0.1,6.15,,1.0,0.1,0.7,0.1,1713,22,,England
251269,Ante Budimir,8371,Osasuna,ESP-La Liga,0.2,7.2,3.0,,0.8,1.2,0.03,0.56,1.4,4.0,0.64,0.1,1.1,0.1,0.5,7.07,,16.0,3.0,0.6,0.3,2966,38,Attacker,Croatia
252650,Gianluca Caprari,6504,Monza,ITA-Serie A,1.4,30.4,2.0,,0.1,2.1,0.11,0.23,1.0,2.0,0.16,0.4,0.6,,0.5,6.6,,30.0,1.6,1.0,0.5,1652,34,,Italy
254308,Florian Thauvin,8600,Udinese,ITA-Serie A,1.7,22.8,9.0,,0.4,4.7,0.22,0.4,0.5,3.0,0.37,0.3,1.2,,0.5,7.19,,39.0,2.5,0.9,1.8,1971,25,Midfielder,France
255610,Harry Maguire,10260,Manchester United,ENG-Premier League,3.0,49.4,1.0,,3.9,0.3,0.01,0.09,0.9,,0.05,2.0,0.4,0.6,0.1,6.84,,9.0,0.8,1.5,0.1,1757,27,Defender,England
260470,Leonardo Bittencourt,8697,SV Werder Bremen,GER-Bundesliga,2.2,52.2,4.0,,1.0,1.9,0.17,0.15,1.4,1.0,0.18,1.4,0.8,,0.3,6.69,,14.0,2.5,2.3,0.1,973,27,Midfielder,Germany
260964,Berat Djimsiti,8524,Atalanta,ITA-Serie A,2.0,49.8,2.0,,4.7,0.7,0.02,0.09,0.8,2.0,0.03,1.4,0.1,0.7,0.1,7.11,,11.0,0.7,1.8,0.0,2647,34,Defender,Albania
261313,Jordan Veretout,9748,Lyon,FRA-Ligue 1,2.0,45.2,1.0,,1.3,0.9,0.05,0.11,1.3,,0.12,0.3,0.5,0.2,0.3,6.73,,13.0,1.2,1.7,0.3,1554,27,,France
261609,Dimitri Foulquier,10267,Valencia CF,ESP-La Liga,1.2,31.5,3.0,,3.0,2.0,0.08,0.02,0.9,1.0,,0.6,0.1,0.2,0.3,6.61,,10.0,0.5,1.9,0.3,2298,32,Defender,Guadeloupe
264885,Iván Balliu,8370,Rayo Vallecano,ESP-La Liga,1.4,27.2,,,2.6,0.4,0.03,0.0,1.4,,,1.0,,0.3,0.1,6.57,,7.0,0.1,1.3,0.2,1190,25,Defender,Albania
266105,Clinton Mata,9748,Lyon,FRA-Ligue 1,1.8,52.9,3.0,,2.7,2.2,0.08,0.01,1.0,4.0,,1.7,,0.6,0.2,7.01,,11.0,0.2,1.6,0.5,2370,29,Defender,Angola
266520,Christian Nørgaard,9937,Brentford,ENG-Premier League,2.1,36.7,3.0,,2.0,1.4,0.04,0.14,1.4,4.0,0.16,1.6,0.5,0.6,0.4,7.24,,18.0,1.2,2.5,0.2,2829,34,Midfielder,Denmark
266523,Pierre-Emile Højbjerg,8592,Marseille,FRA-Ligue 1,1.9,89.7,4.0,,1.0,4.4,0.15,0.11,1.0,4.0,0.07,1.4,0.3,0.1,0.4,7.54,,43.0,1.1,2.2,0.2,2666,30,Midfielder,Denmark
267365,Marquinhos,9847,Paris Saint-Germain,FRA-Ligue 1,5.1,89.9,2.0,,3.2,1.0,0.05,0.06,0.9,,0.1,0.6,0.2,0.8,0.4,7.36,,9.0,0.4,1.6,0.2,1725,22,Defender,Brazil
267371,Emerson,8654,West Ham United,ENG-Premier League,1.1,30.3,3.0,,2.4,2.2,0.09,0.08,1.1,1.0,0.08,0.9,0.3,0.3,0.3,6.75,,16.0,0.7,2.5,0.4,2126,31,Defender,Italy
267374,Hernani,10167,Parma,ITA-Serie A,2.6,30.4,3.0,,0.6,1.3,0.09,0.19,2.2,3.0,0.2,1.3,0.4,0.4,0.6,6.81,,25.0,1.4,3.2,0.5,1329,25,Midfielder,Brazil
268375,Emiliano Martinez,10252,Aston Villa,ENG-Premier League,,27.1,1.0,8.0,0.6,0.1,0.0,,0.1,,,,,,,7.01,2.8,2.0,,0.1,0.0,3195,37,Keeper,Argentina
276121,Ben Davies,8586,Tottenham Hotspur,ENG-Premier League,,,,,,0.5,,,,,,,,,,,,2.0,,,,1330,17,Defender,Wales
276729,Stefan Ortega,8456,Manchester City,ENG-Premier League,,,,3.0,,0.0,,,,,,,,,,,,,,,,1099,13,Keeper,Germany
276738,Antonio Rüdiger,8633,Real Madrid,ESP-La Liga,4.5,66.6,1.0,,3.7,0.9,0.04,0.07,0.6,,,0.4,0.2,0.5,0.0,6.94,,7.0,0.9,0.8,0.1,2291,29,Defender,Germany
276739,Kevin Stöger,9788,Borussia Mönchengladbach,GER-Bundesliga,3.3,46.5,8.0,,1.3,4.2,0.24,0.23,1.3,4.0,0.17,0.9,0.7,0.2,0.3,7.06,,54.0,1.5,2.2,1.0,1544,31,Midfielder,Austria
277771,Thomas Meunier,8639,Lille,FRA-Ligue 1,2.3,48.6,,,2.5,2.4,0.11,0.09,1.3,,0.09,1.6,0.5,0.4,0.1,7.12,,13.0,1.3,2.5,0.7,1925,30,Defender,Belgium
278285,Paulo Gazzaniga,7732,Girona,ESP-La Liga,,23.5,,8.0,0.6,0.0,0.0,,0.0,,,,,,,6.69,2.6,,,0.0,0.1,3195,36,Keeper,Argentina
278856,Willi Orban,178475,RB Leipzig,GER-Bundesliga,2.7,61.7,1.0,,6.8,0.7,0.03,0.16,0.9,,0.2,0.8,0.3,1.3,0.1,7.16,,8.0,0.9,1.5,0.1,2224,25,Defender,Hungary
279461,Kenny Lala,8521,Brest,FRA-Ligue 1,3.8,39.3,10.0,,2.1,5.0,0.17,0.1,0.6,2.0,0.1,0.8,0.2,0.3,0.3,7.05,,41.0,0.4,2.2,0.5,2685,30,Defender,France
279490,James Ward-Prowse,8654,West Ham United,ENG-Premier League,2.1,50.1,6.0,,1.2,2.6,0.16,0.11,1.1,,0.06,0.8,0.4,0.3,0.1,6.8,,24.0,0.9,1.5,0.1,1440,24,,England
279490,James Ward-Prowse,10203,Nottingham Forest,ENG-Premier League,,,,,,,,,,2.0,,,,,,,,,,,,1440,24,,England
279714,Brice Samba,8588,Lens,FRA-Ligue 1,,,,,,,,,,,,0.0,,,,,,,,,0.0,2879,32,Keeper,France
279714,Brice Samba,9851,Rennes,FRA-Ligue 1,,25.5,,12.0,0.7,0.1,0.0,,,,,,,,,7.16,3.1,,,0.1,,2879,32,Keeper,France
279866,Donovan Léon,8583,Auxerre,FRA-Ligue 1,,15.6,2.0,9.0,0.9,0.1,0.0,,0.0,2.0,,,,,,7.34,3.8,3.0,,,0.1,2880,32,Keeper,French Guiana
279879,Jean-Daniel Akpa-Akpro,6504,Monza,ITA-Serie A,,,,,,0.2,,,,,,,,,,,,3.0,,,,970,14,Midfielder,Ivory Coast
280484,Nick Pope,10261,Newcastle United,ENG-Premier League,,13.8,,8.0,1.9,0.0,0.0,,0.1,,,0.0,,,,7.16,3.1,1.0,,,,2520,28,Keeper,England
280818,Marko Dmitrovic,7854,Leganés,ESP-La Liga,,11.2,,10.0,1.5,0.1,0.0,,0.0,,,,,,,7.14,3.3,1.0,,0.0,0.0,2880,32,Keeper,Serbia
282462,Inigo Ruiz de Galarreta,8315,Athletic Club,ESP-La Liga,2.8,40.9,3.0,,0.8,2.7,0.17,0.03,2.6,4.0,,1.0,0.1,0.2,0.8,7.05,,28.0,0.7,2.2,1.0,1487,26,Midfielder,Spain
282472,Sergi Darder,8661,Mallorca,ESP-La Liga,2.5,29.6,10.0,,0.7,5.3,0.17,0.07,0.7,6.0,0.07,0.5,0.3,0.0,0.4,7.0,,54.0,1.2,1.3,1.1,2761,38,Midfielder,Spain
282676,Inigo Martinez,8634,Barcelona,ESP-La Liga,4.9,79.7,4.0,,3.7,1.8,0.07,0.02,0.6,4.0,,0.6,0.1,0.3,0.0,7.37,,16.0,0.5,0.9,0.1,2493,28,,Spain
282691,Juan Bernat,8305,Getafe,ESP-La Liga,0.1,20.8,1.0,,1.5,0.9,0.09,0.05,1.1,2.0,,0.3,,0.4,0.3,,,11.0,0.6,2.8,1.5,907,24,,Spain
282691,Juan Bernat,10205,Villarreal,ESP-La Liga,,,,,,,,,,,,,0.1,,,,,,,,,907,24,,Spain
286119,Jamie Vardy,8197,Leicester City,ENG-Premier League,0.1,8.1,6.0,,0.8,2.6,0.08,0.36,0.8,4.0,0.29,0.2,0.8,0.1,0.3,6.74,,19.0,1.8,0.6,0.3,2839,35,,England
288406,Alejandro Grimaldo,8178,Bayer 04 Leverkusen,GER-Bundesliga,1.5,50.8,11.0,,1.3,8.6,0.29,0.09,0.5,7.0,0.07,0.5,0.5,0.1,0.6,7.48,,73.0,1.5,0.8,0.7,2643,32,Midfielder,Spain
289001,Yunis Abdelhamid,9853,St Etienne,FRA-Ligue 1,,,,,,0.3,,,,,,,,,,,,2.0,,,,1004,16,,Morocco
290201,Philipp Hofmann,9911,VfL Bochum 1848,GER-Bundesliga,0.6,17.2,7.0,,1.3,2.6,0.1,0.22,1.4,2.0,0.12,0.2,0.7,0.0,0.6,6.64,,27.0,2.1,0.7,0.4,2284,31,Attacker,Germany
290410,Michael Keane,8668,Everton,ENG-Premier League,,,,,,0.0,,,,,,,,,,,,2.0,,,,1046,14,Defender,England
290604,Joel Pohjanpalo,7881,Venezia,ITA-Serie A,0.7,11.7,3.0,,1.3,1.0,0.06,0.42,0.7,,0.33,0.2,0.9,0.2,0.3,6.64,,15.0,2.1,0.2,0.2,1615,20,,Finland
292313,Raul Jiménez,9879,Fulham,ENG-Premier League,0.8,16.1,6.0,,0.8,2.1,0.07,0.43,1.4,3.0,0.43,0.4,1.2,0.2,0.4,6.93,,24.0,3.4,1.3,0.8,2505,38,Attacker,Mexico
292462,Mohamed Salah,8650,Liverpool,ENG-Premier League,0.7,22.7,27.0,,0.1,9.1,0.24,0.68,0.7,18.0,0.77,0.2,1.6,,0.6,8.0,,89.0,3.5,0.6,1.5,3377,38,Attacker,Egypt
294859,Alassane Plea,9788,Borussia Mönchengladbach,GER-Bundesliga,1.6,26.0,7.0,,0.3,3.3,0.15,0.35,0.8,4.0,0.52,0.1,0.7,,0.8,6.93,,26.0,2.0,0.3,0.8,1913,30,,France
295067,Will Hughes,9826,Crystal Palace,ENG-Premier League,0.9,30.6,5.0,,1.1,2.6,0.11,0.05,2.8,3.0,,0.9,0.0,0.6,0.5,6.72,,33.0,0.9,2.8,0.2,2118,33,Midfielder,England
298823,Mitchell Weiser,8697,SV Werder Bremen,GER-Bundesliga,1.1,28.3,10.0,,1.7,5.4,0.17,0.17,0.9,8.0,0.16,0.7,0.5,0.1,0.4,7.24,,42.0,1.3,1.9,1.1,2870,32,Midfielder,Germany
298915,Maximilian Arnold,8721,VfL Wolfsburg,GER-Bundesliga,3.9,38.4,6.0,,2.6,4.4,0.17,0.03,1.1,5.0,0.11,0.9,0.5,0.4,0.3,7.19,,45.0,1.0,1.3,0.0,2359,28,Midfielder,Germany
299799,Bryan Cristante,8686,Roma,ITA-Serie A,2.6,46.7,3.0,,1.5,1.3,0.06,0.09,1.6,2.0,0.18,0.8,0.3,0.4,0.3,6.99,,17.0,1.3,2.1,0.3,2047,30,Midfielder,Italy
299981,Pablo Mari,6504,Monza,ITA-Serie A,,,1.0,,,,,,,,,,,,0.1,,,4.0,,,0.2,2727,32,,Spain
299981,Pablo Mari,8535,Fiorentina,ITA-Serie A,2.8,51.5,,,5.8,0.3,0.01,0.01,1.4,,,2.0,0.0,1.2,,6.88,,,0.2,1.3,,2727,32,,Spain
301023,Armando Izzo,6504,Monza,ITA-Serie A,3.5,47.3,1.0,,3.6,0.3,0.01,0.02,2.4,1.0,0.04,1.7,0.1,1.0,,6.51,,11.0,0.2,1.5,0.2,2439,30,,Italy
303879,Lucas Torro,8371,Osasuna,ESP-La Liga,2.2,31.2,,,2.1,1.7,0.05,0.07,2.3,,0.09,1.4,0.2,0.3,0.4,7.03,,10.0,0.9,2.2,0.2,2963,35,Midfielder,Spain
303905,Dominik Kohr,9905,1. FSV Mainz 05,GER-Bundesliga,3.6,42.1,,,4.7,1.7,0.07,0.06,1.8,,0.08,1.6,0.2,0.9,0.3,7.08,,11.0,0.5,2.4,0.2,2304,28,Defender,Germany
303912,Matthias Ginter,8358,Sport-Club Freiburg,GER-Bundesliga,3.0,43.9,2.0,,5.0,1.5,0.05,0.1,0.5,1.0,0.07,0.7,0.1,0.8,0.1,6.82,,9.0,0.8,1.1,0.1,2560,32,Defender,Germany
303919,Jordan Pickford,8668,Everton,ENG-Premier League,,23.7,1.0,12.0,1.4,0.2,0.01,,,1.0,,0.0,,,,7.24,3.2,2.0,,0.0,,3420,38,Keeper,England
304345,Sead Kolasinac,8524,Atalanta,ITA-Serie A,1.1,51.5,5.0,,2.5,1.5,0.07,0.04,1.8,2.0,,1.2,0.1,0.3,0.4,7.12,,17.0,0.5,1.9,0.1,1910,23,Defender,Bosnia and Herzegovina
304348,Rani Khedira,8149,1. FC Union Berlin,GER-Bundesliga,1.0,22.8,2.0,,1.8,0.9,0.03,0.05,1.5,1.0,0.03,1.4,0.0,0.3,0.1,6.85,,12.0,0.4,2.2,0.2,2647,31,Midfielder,Tunisia
304354,Janik Haberer,8149,1. FC Union Berlin,GER-Bundesliga,1.6,27.9,2.0,,1.9,1.9,0.1,0.04,1.2,,,0.9,0.2,,0.2,6.6,,7.0,0.8,2.1,0.1,1693,27,Midfielder,Germany
304455,Joel Veltman,10204,Brighton and Hove Albion,ENG-Premier League,1.7,33.8,2.0,,3.3,1.3,0.07,0.02,1.4,,,1.0,0.1,0.4,0.1,6.95,,6.0,0.3,2.3,0.2,1699,21,Defender,Netherlands
304733,Hakan Calhanoglu,8636,Internazionale,ITA-Serie A,4.4,64.6,11.0,,1.0,5.6,0.26,0.2,1.0,6.0,0.23,0.8,0.7,0.4,0.4,7.42,,49.0,2.1,2.0,0.1,1961,29,Midfielder,Turkiye
307021,Emre Can,9789,Borussia Dortmund,GER-Bundesliga,3.9,72.4,,,3.7,1.4,0.06,0.09,1.1,,0.13,0.9,0.1,0.7,0.1,6.97,,8.0,0.4,2.1,0.6,2102,31,Defender,Germany
307209,Lukas Kübler,8358,Sport-Club Freiburg,GER-Bundesliga,1.7,32.3,1.0,,2.8,1.1,0.05,0.13,1.2,1.0,0.24,2.6,0.5,0.6,0.1,6.84,,11.0,0.9,1.9,,1849,28,Defender,Germany
307317,Vladimir Coufal,8654,West Ham United,ENG-Premier League,0.8,33.0,1.0,,3.1,1.0,0.08,0.03,1.9,,,0.7,0.2,0.9,0.3,6.32,,8.0,0.6,1.9,0.4,1061,22,Defender,Czechia
308517,Stanislav Lobotka,9875,Napoli,ITA-Serie A,2.8,54.3,1.0,,1.9,1.9,0.06,0.01,0.8,1.0,,0.7,,0.4,0.6,7.15,,17.0,0.2,1.6,0.3,2647,32,Midfielder,Slovakia
309334,Saul Niguez,8302,Sevilla,ESP-La Liga,1.4,29.5,3.0,,1.7,2.3,0.13,0.16,2.5,6.0,0.06,1.3,0.5,0.1,0.3,6.93,,22.0,2.4,2.7,0.7,1555,24,,Spain
314605,Alberto Moreno,10171,Como,ITA-Serie A,2.3,39.2,2.0,,1.8,1.6,0.08,0.02,0.9,,,0.7,0.3,0.2,0.2,6.66,,19.0,0.7,1.3,0.2,1734,24,Defender,Spain
317062,Adrien Thomasson,8588,Lens,FRA-Ligue 1,1.5,44.4,8.0,,1.0,5.2,0.18,0.2,1.7,7.0,0.1,0.7,0.4,0.1,1.0,7.31,,56.0,1.4,3.1,0.9,2623,33,Midfielder,France
317156,Alfred Duncan,7881,Venezia,ITA-Serie A,,,5.0,,,1.0,,,,,,,,,,,,11.0,,,,959,16,Midfielder,Ghana
317564,Kepa Arrizabalaga,8678,Bournemouth,ENG-Premier League,,20.5,,8.0,1.2,0.0,0.0,0.0,0.1,,,,,,,6.95,3.1,1.0,0.0,0.0,0.0,2790,31,Keeper,Spain
318615,Leandro Trossard,9825,Arsenal,ENG-Premier League,1.0,24.2,13.0,,0.5,4.1,0.15,0.25,1.0,7.0,0.28,0.3,0.8,,0.8,7.04,,41.0,2.5,1.1,1.3,2550,38,Attacker,Belgium
319305,Florian Tardieu,9853,St Etienne,FRA-Ligue 1,3.1,66.1,1.0,,1.5,1.7,0.13,0.05,0.7,4.0,0.15,1.1,0.2,0.4,0.6,7.13,,21.0,1.2,1.6,0.2,1222,24,Midfielder,France
319784,Alisson Becker,8650,Liverpool,ENG-Premier League,,24.0,1.0,9.0,1.1,0.2,0.01,,,,,,,,,7.14,2.8,1.0,,0.0,0.0,2509,28,Keeper,Brazil
321140,Valentino Lazaro,9804,Torino,ITA-Serie A,1.2,29.0,7.0,,1.1,3.4,0.13,0.04,1.2,6.0,,0.4,0.1,0.2,0.3,6.77,,33.0,0.6,1.0,0.5,2317,33,Midfielder,Austria
322003,Jesper Karlström,8600,Udinese,ITA-Serie A,2.3,37.3,,,2.1,1.4,0.04,0.02,1.2,3.0,,1.0,0.1,0.3,0.2,6.87,,21.0,0.4,1.7,0.2,3189,37,Midfielder,Sweden
324578,Rodrigo De Paul,9906,Atlético de Madrid,ESP-La Liga,4.4,60.3,10.0,,0.6,5.8,0.25,0.05,0.8,5.0,0.13,0.3,0.2,0.1,0.5,7.05,,42.0,0.8,1.4,0.6,2113,34,,Argentina
325916,Paulo Dybala,8686,Roma,ITA-Serie A,2.3,36.1,8.0,,0.1,5.2,0.33,0.4,0.4,3.0,0.38,0.1,1.2,0.1,0.8,7.24,,40.0,3.2,1.1,0.7,1420,24,Attacker,Argentina
330643,Mark Flekken,9937,Brentford,ENG-Premier League,,31.3,2.0,7.0,1.3,0.1,0.0,,,2.0,,,,,,7.05,4.2,3.0,,0.1,0.0,3276,37,Keeper,Netherlands
343748,Leon Goretzka,9823,Bayern München,GER-Bundesliga,1.8,74.9,2.0,,1.7,2.4,0.16,0.19,0.8,1.0,0.27,1.4,0.8,0.5,0.6,7.21,,12.0,2.2,1.4,0.5,1316,26,Midfielder,Germany
343757,Marvin Ducksch,8697,SV Werder Bremen,GER-Bundesliga,1.6,18.9,17.0,,0.9,9.1,0.34,0.37,0.2,8.0,0.3,0.3,1.1,0.1,0.6,7.19,,62.0,2.7,0.4,0.3,2433,32,,Germany
343766,Anthony Jung,8697,SV Werder Bremen,GER-Bundesliga,2.5,63.6,,,3.5,0.5,0.02,0.0,0.4,,,1.2,,0.7,,6.67,,2.0,0.0,1.6,0.3,1898,28,Defender,Germany
350634,Ondrej Duda,9876,Verona,ITA-Serie A,2.9,34.0,6.0,,1.0,2.6,0.1,0.04,1.9,3.0,0.04,1.2,0.2,0.3,0.4,7.03,,32.0,0.9,1.7,0.9,2403,28,,Slovakia
352879,Adrien Rabiot,8592,Marseille,FRA-Ligue 1,0.7,46.9,7.0,,1.1,3.8,0.14,0.26,1.9,4.0,0.33,0.8,0.9,0.1,1.2,7.52,,28.0,1.7,1.8,0.9,2483,29,Midfielder,France
352887,Abdoulaye Doucouré,8668,Everton,ENG-Premier League,0.8,25.3,3.0,,0.7,1.4,0.05,0.14,1.7,2.0,0.1,0.3,0.3,0.2,0.9,6.65,,28.0,1.1,1.7,0.8,2577,33,,Mali
352994,Raphaël Guerreiro,9823,Bayern München,GER-Bundesliga,0.9,63.1,9.0,,1.0,4.7,0.27,0.16,0.5,3.0,0.23,0.6,0.6,,0.5,7.49,,27.0,1.2,1.1,0.6,1581,23,Defender,Portugal
353519,Kevin Akpoguma,8226,TSG 1899 Hoffenheim,GER-Bundesliga,2.6,48.0,,,4.4,0.6,0.03,0.0,1.0,,,1.2,0.0,1.5,0.0,6.53,,7.0,0.2,2.2,0.3,2216,32,Defender,Nigeria
355356,Marc-Oliver Kempf,10171,Como,ITA-Serie A,2.6,51.1,2.0,,4.5,1.2,0.04,0.05,0.7,,,1.1,0.1,0.9,0.1,6.99,,10.0,0.7,1.0,0.1,2617,31,Defender,Germany
355358,Christian Günter,8358,Sport-Club Freiburg,GER-Bundesliga,1.2,25.1,5.0,,1.7,4.2,0.16,0.03,0.5,2.0,0.08,0.3,0.2,0.4,0.2,6.58,,28.0,0.8,0.9,0.1,2323,29,Defender,Germany
356406,John McGinn,10252,Aston Villa,ENG-Premier League,1.3,27.6,6.0,,0.6,2.7,0.11,0.13,1.7,4.0,0.04,0.6,0.2,0.1,0.3,6.81,,31.0,1.3,1.3,0.8,2230,34,Midfielder,Scotland
357880,Andrew Robertson,8650,Liverpool,ENG-Premier League,2.2,49.0,7.0,,1.5,4.3,0.15,0.04,0.4,1.0,,0.8,0.1,0.1,0.1,6.84,,40.0,0.5,1.4,0.3,2492,33,Defender,Scotland
359191,Omar Mascarell,8661,Mallorca,ESP-La Liga,2.9,36.6,1.0,,2.5,0.3,0.01,0.02,1.4,,0.05,2.2,0.1,1.0,0.3,6.65,,3.0,0.4,1.2,0.5,1988,32,Midfielder,Equatorial Guinea
359193,Lucas Vázquez,8633,Real Madrid,ESP-La Liga,1.3,51.8,8.0,,1.3,3.9,0.16,0.06,1.2,5.0,0.04,0.7,0.1,0.2,0.1,7.06,,33.0,0.6,2.4,0.8,2193,32,Defender,Spain
359203,Patrick Drewes,9911,VfL Bochum 1848,GER-Bundesliga,,24.2,,2.0,0.9,0.0,0.0,,0.1,,,,,,,6.49,2.6,,,,,1800,20,Keeper,Germany
361315,Eric Dier,9823,Bayern München,GER-Bundesliga,2.8,81.3,,,4.7,1.2,0.07,0.07,1.0,1.0,0.12,1.2,0.4,0.5,,7.32,,3.0,0.6,1.2,0.1,1461,21,Defender,England
361403,Karol Linetty,9804,Torino,ITA-Serie A,1.9,27.7,1.0,,1.8,0.9,0.05,0.06,2.3,,0.06,0.7,0.2,0.3,0.2,6.54,,10.0,1.0,2.3,0.4,1544,28,,Poland
361717,Rui Silva,8603,Real Betis,ESP-La Liga,,,,4.0,,0.0,,,,,,,,,,,,2.0,,,,1350,15,,Portugal
361770,André Gomes,8639,Lille,FRA-Ligue 1,2.6,60.1,3.0,,0.8,1.7,0.12,0.04,1.7,,,0.4,0.2,0.1,0.5,6.81,,10.0,0.8,1.9,0.7,1281,20,,Portugal
362120,Danilo Cataldi,8535,Fiorentina,ITA-Serie A,2.3,42.5,,,1.7,0.8,0.04,0.05,0.8,,0.15,1.1,0.3,0.4,0.5,6.99,,15.0,0.7,1.3,0.2,1768,25,Midfielder,Italy
362121,Edoardo Goldaniga,10171,Como,ITA-Serie A,2.2,45.2,,,3.5,0.4,0.01,0.07,1.6,,0.04,1.2,0.2,0.4,0.1,6.65,,4.0,0.4,1.2,0.1,2531,32,Defender,Italy
362195,Alessio Romagnoli,8543,Lazio,ITA-Serie A,1.9,54.3,,,3.8,0.3,0.01,0.07,1.0,,0.07,0.9,0.3,0.6,,6.85,,9.0,0.7,1.6,0.0,2673,32,Defender,Italy
362200,Wladimiro Falcone,9888,Lecce,ITA-Serie A,,16.2,,9.0,1.3,0.1,0.0,,0.0,,,,,,,6.83,3.4,,,,,3420,38,Keeper,Italy
362212,Piotr Zielinski,8636,Internazionale,ITA-Serie A,2.0,58.3,,,1.0,1.0,0.1,0.24,0.8,2.0,0.19,0.6,0.6,0.5,0.5,6.87,,14.0,1.6,1.3,0.6,971,26,Midfielder,Poland
363364,Ederson,8456,Manchester City,ENG-Premier League,,27.3,4.0,10.0,0.6,0.2,0.01,,0.0,4.0,,0.0,,,,7.11,2.1,4.0,,,,2321,26,,Brazil
364104,Stefano Sabelli,10233,Genoa,ITA-Serie A,2.2,28.2,2.0,,2.6,1.7,0.08,0.01,1.1,2.0,,1.0,0.0,0.3,0.3,6.74,,18.0,0.3,2.5,0.2,2059,34,Defender,Italy
364822,Ivan Provedel,8543,Lazio,ITA-Serie A,,26.5,1.0,5.0,0.8,0.1,0.0,,,,,0.0,,,,6.61,1.8,3.0,,,,2610,29,Keeper,Italy
369742,Jackson Irvine,8152,FC St. Pauli,GER-Bundesliga,1.0,23.4,8.0,,2.2,2.5,0.09,0.11,1.3,6.0,,1.2,0.4,0.2,0.3,7.09,,33.0,1.4,1.9,0.3,2610,29,Midfielder,Australia
384413,Rubén Garcia,8371,Osasuna,ESP-La Liga,2.4,31.3,10.0,,1.0,4.6,0.17,0.11,1.3,5.0,0.18,0.6,0.4,0.1,0.4,7.11,,49.0,1.0,1.9,0.4,2433,36,Attacker,Spain
385437,Serge Gnabry,9823,Bayern München,GER-Bundesliga,0.9,35.1,10.0,,0.7,4.3,0.31,0.55,1.4,5.0,0.51,0.4,1.3,,0.7,7.19,,24.0,3.6,1.5,1.3,1235,27,Midfielder,Germany
391058,José Gayà,10267,Valencia CF,ESP-La Liga,2.0,30.6,8.0,,2.8,3.2,0.16,0.05,1.4,1.0,,1.2,0.2,0.1,0.2,7.08,,24.0,0.6,2.8,0.3,1811,23,Defender,Spain
391064,Neal Maupay,8592,Marseille,FRA-Ligue 1,0.8,21.2,4.0,,,1.3,0.12,0.36,0.9,4.0,0.35,0.2,0.9,,0.4,6.68,,13.0,1.6,0.8,0.5,1042,22,Attacker,France
395914,Charalambos Lykogiannis,9857,Bologna,ITA-Serie A,,,4.0,,,2.1,,,,4.0,,,,,,,,19.0,,,,1050,17,Defender,Greece
400625,Vincenzo Grifo,8358,Sport-Club Freiburg,GER-Bundesliga,2.0,40.9,16.0,,0.8,8.0,0.29,0.29,0.6,11.0,0.29,0.3,1.1,0.1,0.7,7.4,,66.0,2.4,1.1,0.9,2452,34,Attacker,Italy
402419,Przemyslaw Frankowski,8588,Lens,FRA-Ligue 1,1.6,47.4,9.0,,1.6,2.9,0.19,0.15,1.2,2.0,0.26,1.2,0.5,0.1,0.4,7.42,,20.0,1.0,2.1,0.4,1388,18,Midfielder,Poland
402830,Guillermo Maripan,9804,Torino,ITA-Serie A,2.9,44.1,4.0,,5.2,0.9,0.04,0.04,1.1,1.0,0.04,1.6,0.2,0.5,0.1,6.95,,5.0,0.5,1.5,0.1,2341,28,Defender,Chile
406505,Pawel Dawidowicz,9876,Verona,ITA-Serie A,1.8,30.9,,,3.4,0.2,0.01,0.01,1.8,,,1.0,,0.3,0.0,6.36,,,0.2,2.2,0.1,1848,26,,Poland
408943,Takumi Minamino,9829,Monaco,FRA-Ligue 1,0.8,20.6,9.0,,0.7,4.8,0.19,0.36,1.2,3.0,0.24,0.4,0.8,0.0,0.6,7.0,,40.0,2.3,1.3,0.5,2244,31,Midfielder,Japan
409193,Issiaga Sylla,10249,Montpellier,FRA-Ligue 1,1.8,28.8,,,2.5,0.7,0.06,0.15,1.0,,0.08,0.8,0.2,0.3,0.1,,,7.0,0.9,2.1,0.7,1134,19,,Guinea
411851,Robert Andrich,8178,Bayer 04 Leverkusen,GER-Bundesliga,2.0,48.3,,,1.2,1.0,0.05,0.07,1.6,1.0,0.11,1.6,0.3,0.4,0.2,7.1,,9.0,1.2,1.3,0.1,1606,23,Defender,Germany
412357,Paul Onuachu,8466,Southampton,ENG-Premier League,0.5,13.8,,,1.4,0.3,0.02,0.31,2.4,1.0,0.34,0.1,1.3,0.2,0.1,6.35,,8.0,2.9,0.6,0.7,1044,25,,Nigeria
414232,Ridgeciano Haps,7881,Venezia,ITA-Serie A,1.5,25.5,2.0,,2.4,0.8,0.05,0.08,0.9,1.0,0.07,0.5,0.2,0.2,0.3,6.59,,7.0,1.0,2.0,0.3,1369,25,Midfielder,Suriname
414906,Giovanni Di Lorenzo,9875,Napoli,ITA-Serie A,1.5,42.8,6.0,,2.1,3.9,0.1,0.08,1.2,2.0,0.08,0.8,0.2,0.2,0.2,7.22,,38.0,0.6,1.8,0.1,3330,37,Defender,Italy
414924,Francesco Zampano,7881,Venezia,ITA-Serie A,1.2,19.4,2.0,,1.4,0.7,0.04,0.07,1.3,2.0,0.05,0.3,0.2,0.1,0.2,6.52,,12.0,0.4,1.7,0.4,1640,24,,Italy
415017,Mattia Bani,10233,Genoa,ITA-Serie A,3.4,45.6,,,5.0,0.2,0.01,0.07,0.4,,,1.3,0.2,0.5,0.1,6.75,,2.0,0.5,1.1,0.1,1511,20,,Italy
415539,Matteo Politano,9875,Napoli,ITA-Serie A,1.1,25.5,8.0,,1.3,5.2,0.17,0.1,0.4,4.0,0.1,0.4,0.4,0.0,0.5,7.11,,56.0,1.8,0.9,1.0,2828,37,Attacker,Italy
416175,José Sá,8602,Wolverhampton Wanderers,ENG-Premier League,,16.4,,7.0,0.9,0.0,0.0,,0.1,,,,,,,6.87,2.4,3.0,,0.1,0.3,2609,29,Keeper,Portugal
419664,Tyrone Mings,10252,Aston Villa,ENG-Premier League,,,1.0,,,0.2,,,,,,,,,,,,3.0,,,,1121,14,Defender,England
420568,Diego Llorente,8603,Real Betis,ESP-La Liga,3.1,49.2,,,5.4,0.4,0.01,0.05,0.7,,0.07,1.5,0.2,0.7,0.0,7.07,,6.0,0.4,1.3,0.2,2522,30,Defender,Spain
420731,Gautier Lloris,9746,Le Havre,FRA-Ligue 1,2.5,42.7,2.0,,6.1,0.5,0.02,0.04,1.0,1.0,0.07,1.1,0.1,0.7,0.0,6.8,,5.0,0.4,2.2,0.1,2769,31,Defender,France
421365,Djené,8305,Getafe,ESP-La Liga,1.9,21.8,,,3.6,0.8,0.03,0.01,1.4,,,0.7,,0.3,0.3,6.69,,9.0,0.2,0.9,0.2,2553,31,Defender,Togo
421768,Wes Burns,9902,Ipswich Town,ENG-Premier League,,,4.0,,,1.2,,,,1.0,,,,,,,,10.0,,,,933,18,Attacker,Wales
421786,Mario Lemina,8602,Wolverhampton Wanderers,ENG-Premier League,,,3.0,,,1.2,,,,3.0,,,,,,,,10.0,,,,1363,17,,Gabon
422685,Bruno Fernandes,10260,Manchester United,ENG-Premier League,4.8,49.0,16.0,,0.9,8.0,0.24,0.3,1.0,10.0,0.24,0.8,0.9,0.2,0.8,7.57,,91.0,2.9,2.5,0.8,3024,36,Midfielder,Portugal
423223,Simone Scuffet,8529,Cagliari,ITA-Serie A,,,,1.0,,0.0,,,,,,,,,,,,,,,,1260,14,,Italy
423624,Patrick Mainka,94937,1. FC Heidenheim 1846,GER-Bundesliga,2.2,41.8,2.0,,6.0,0.7,0.02,0.06,0.5,,0.03,2.0,0.3,1.1,0.1,6.91,,7.0,0.7,1.7,0.2,3060,34,Defender,Germany
423812,Phillipp Mwene,9905,1. FSV Mainz 05,GER-Bundesliga,1.3,25.7,3.0,,1.6,3.8,0.13,0.05,0.8,4.0,0.03,0.8,0.2,0.2,0.3,6.88,,22.0,0.7,1.8,0.8,2617,32,Midfielder,Austria
425962,Niklas Stark,8697,SV Werder Bremen,GER-Bundesliga,2.9,46.5,,,5.2,0.3,0.01,0.05,1.3,1.0,,1.5,0.1,1.2,0.1,6.74,,1.0,0.5,1.4,0.0,2109,26,Defender,Germany
429265,Kingsley Coman,9823,Bayern München,GER-Bundesliga,0.8,42.6,6.0,,1.0,4.2,0.3,0.31,0.6,4.0,0.35,0.6,1.2,,0.6,7.21,,32.0,3.1,1.2,2.7,1281,28,,France
430856,Takuma Asano,8661,Mallorca,ESP-La Liga,0.1,12.4,1.0,,0.7,0.6,0.05,0.21,0.4,1.0,0.17,0.5,0.7,,0.3,6.47,,6.0,2.4,1.1,0.5,1059,21,Attacker,Japan
432435,Michael Zetterer,8697,SV Werder Bremen,GER-Bundesliga,,24.9,,10.0,0.7,0.1,0.0,,,,,0.0,,,,6.7,3.1,,,,0.0,3060,34,Keeper,Germany
433859,Ivan Ordets,9911,VfL Bochum 1848,GER-Bundesliga,3.0,35.0,,,6.5,1.8,0.09,0.04,1.1,,,1.9,,0.8,0.1,6.65,,7.0,0.5,0.8,0.1,1774,21,Defender,Ukraine
434325,Thomas Partey,9825,Arsenal,ENG-Premier League,1.9,52.4,3.0,,1.4,2.6,0.08,0.07,1.4,2.0,0.13,1.1,0.3,0.3,0.4,7.38,,20.0,0.8,2.9,0.8,2799,35,Midfielder,Ghana
435513,Ryan Manning,8466,Southampton,ENG-Premier League,1.3,31.8,5.0,,2.5,2.8,0.17,0.02,1.2,1.0,,1.0,0.1,0.7,0.2,6.74,,34.0,0.5,1.7,0.7,1468,24,Midfielder,Ireland
439148,Morten Thorsby,10233,Genoa,ITA-Serie A,0.3,16.6,3.0,,1.3,1.2,0.06,0.13,2.5,1.0,,0.2,0.3,0.0,0.4,6.46,,27.0,0.7,2.3,0.4,1902,30,,Norway
439366,Abdoulaye Touré,9746,Le Havre,FRA-Ligue 1,3.0,33.3,2.0,,1.5,1.1,0.04,0.36,1.2,1.0,0.39,1.3,0.6,0.7,0.6,7.14,,7.0,1.8,2.4,0.7,2329,28,Midfielder,Guinea
439368,Jean-Charles Castelletto,9830,Nantes,FRA-Ligue 1,1.7,41.6,,,5.1,0.4,0.01,0.07,1.2,,,0.9,0.2,0.6,0.1,6.64,,2.0,0.6,1.2,0.1,2622,30,,Cameroon
439369,Ryan Christie,8678,Bournemouth,ENG-Premier League,2.3,34.6,5.0,,2.1,3.0,0.13,0.09,1.8,3.0,0.08,1.3,0.5,0.5,0.7,7.25,,41.0,1.4,2.3,1.0,2131,29,Midfielder,Scotland
440330,Alexander Sørloth,9906,Atlético de Madrid,ESP-La Liga,0.2,13.2,2.0,,1.6,0.7,0.04,0.98,1.5,2.0,1.15,0.1,2.4,0.1,0.7,7.13,,13.0,4.6,0.5,0.8,1560,35,Attacker,Norway
442602,Denis Vavro,8721,VfL Wolfsburg,GER-Bundesliga,5.4,47.1,,,8.5,0.5,0.02,0.05,0.3,,0.07,1.4,0.3,1.2,0.1,7.0,,7.0,0.9,0.8,0.1,2462,29,Defender,Slovakia
442728,Tim Kleindienst,9788,Borussia Mönchengladbach,GER-Bundesliga,0.4,14.8,11.0,,2.1,4.0,0.13,0.44,2.5,7.0,0.53,0.4,1.3,0.3,0.7,7.26,,29.0,2.5,1.0,0.5,2741,31,Attacker,Germany
445856,Wesley Said,8588,Lens,FRA-Ligue 1,0.2,19.0,3.0,,0.2,1.0,0.1,0.32,2.2,,0.3,0.2,0.7,,0.6,,,9.0,1.7,1.6,0.9,905,24,Midfielder,France
446266,Mario Pasalic,8524,Atalanta,ITA-Serie A,2.7,54.4,4.0,,1.3,2.2,0.1,0.3,0.9,4.0,0.14,0.5,0.5,0.3,0.3,6.92,,32.0,2.1,1.2,0.2,1969,34,Midfielder,Croatia
447084,Niklas Süle,9789,Borussia Dortmund,GER-Bundesliga,,,,,,0.4,,,,,,,,,,,,3.0,,,,1059,15,Defender,Germany
448540,Serhou Guirassy,9789,Borussia Dortmund,GER-Bundesliga,0.3,15.8,7.0,,1.3,3.1,0.11,0.79,0.6,2.0,0.73,0.1,1.3,0.1,0.5,7.41,,25.0,3.1,0.2,0.4,2601,30,Attacker,Guinea
448865,Brendan Chardonnet,8521,Brest,FRA-Ligue 1,4.1,36.9,4.0,,6.0,1.1,0.04,0.03,1.3,,0.04,1.1,0.0,1.0,0.0,6.78,,8.0,0.5,1.7,,2417,27,Defender,France
449283,Alessandro Deiola,8529,Cagliari,ITA-Serie A,1.6,23.7,1.0,,2.2,0.7,0.04,0.11,2.0,1.0,0.13,0.8,0.4,0.8,0.3,6.43,,6.0,1.1,2.0,0.2,1429,29,Midfielder,Italy
450976,Yannick Gerhardt,8721,VfL Wolfsburg,GER-Bundesliga,0.9,29.2,1.0,,2.7,1.1,0.07,0.07,1.2,,0.06,1.0,0.2,0.5,0.4,6.49,,4.0,0.9,1.7,0.1,1508,29,Midfielder,Germany
451335,Edimilson Fernandes,8521,Brest,FRA-Ligue 1,2.9,39.4,2.0,,3.0,0.6,0.05,0.03,0.6,1.0,,1.6,0.2,0.5,0.5,6.56,,8.0,0.8,0.7,0.2,1103,19,,Switzerland
458976,Hauke Wahl,8152,FC St. Pauli,GER-Bundesliga,1.7,45.9,1.0,,5.0,1.6,0.05,0.03,0.4,,,0.9,0.1,0.8,0.0,6.82,,9.0,0.3,1.1,0.2,2970,33,Defender,Germany
460632,Joshua Kimmich,9823,Bayern München,GER-Bundesliga,6.3,100.6,16.0,,0.9,10.5,0.33,0.06,0.5,6.0,0.09,0.8,0.3,0.1,0.6,7.93,,83.0,1.1,1.5,0.4,2847,33,Midfielder,Germany
462863,Karol Mets,8152,FC St. Pauli,GER-Bundesliga,,,,,,0.4,,,,,,,,,,,,3.0,,,,900,10,Defender,Estonia
464981,Matus Bero,9911,VfL Bochum 1848,GER-Bundesliga,1.9,28.0,5.0,,1.2,3.8,0.14,0.14,1.8,2.0,0.18,0.6,0.5,0.3,0.8,7.1,,53.0,1.1,2.3,0.7,2479,29,Midfielder,Slovakia
465750,Timothy Castagne,9879,Fulham,ENG-Premier League,1.3,35.7,1.0,,4.1,0.6,0.03,0.02,0.8,1.0,,1.2,0.2,0.3,0.2,6.81,,9.0,0.4,2.5,0.3,1643,24,Defender,Belgium
465960,Youri Tielemans,10252,Aston Villa,ENG-Premier League,2.4,49.3,16.0,,1.4,5.7,0.17,0.1,1.2,7.0,0.09,0.7,0.4,0.5,0.4,7.39,,61.0,1.2,2.5,0.9,3032,36,Midfielder,Belgium
466439,Mike Maignan,8564,Milan,ITA-Serie A,,31.8,1.0,12.0,0.7,0.2,0.01,,0.0,,,,,,,6.94,2.7,5.0,,,0.0,3295,37,Keeper,France
466672,Jefferson Lerma,9826,Crystal Palace,ENG-Premier League,2.1,32.5,3.0,,3.1,1.7,0.07,0.04,1.4,1.0,,1.7,0.3,0.7,0.3,6.77,,10.0,1.0,1.4,0.3,2276,33,Midfielder,Colombia
466867,Nikola Vasilj,8152,FC St. Pauli,GER-Bundesliga,,28.1,,9.0,1.2,0.2,0.0,,0.0,,,,,,,7.09,2.9,1.0,,,0.0,2969,33,Keeper,Bosnia and Herzegovina
467486,Moses Simon,9830,Nantes,FRA-Ligue 1,0.6,14.7,14.0,,0.4,5.7,0.2,0.2,0.4,10.0,0.27,0.4,0.6,,0.9,7.24,,56.0,1.5,0.7,2.2,2621,32,,Nigeria
467689,Youssouf Sabaly,8603,Real Betis,ESP-La Liga,0.7,39.4,,,2.0,0.9,0.05,0.01,1.0,1.0,,0.7,,0.2,0.3,6.95,,11.0,0.3,2.3,0.5,1589,22,,Senegal
469700,Jonathan Tah,8178,Bayer 04 Leverkusen,GER-Bundesliga,2.4,64.8,1.0,,4.7,1.9,0.06,0.03,0.5,,0.09,1.1,0.2,0.5,0.1,7.22,,4.0,0.7,0.6,0.1,2970,33,Defender,Germany
469804,Kenny Tete,9879,Fulham,ENG-Premier League,1.6,32.2,1.0,,3.1,0.7,0.03,0.07,1.8,2.0,,1.6,0.1,0.6,0.3,7.05,,9.0,1.2,2.8,0.5,1779,22,Defender,Netherlands
469939,Liam Henderson,8534,Empoli,ITA-Serie A,1.8,26.9,7.0,,1.6,3.0,0.11,0.03,3.2,4.0,,0.6,0.1,0.2,0.3,6.57,,33.0,0.8,1.6,0.2,2345,36,,Scotland
470834,Nélson Semedo,8602,Wolverhampton Wanderers,ENG-Premier League,1.1,27.9,3.0,,2.6,1.7,0.05,0.03,1.5,4.0,,0.7,0.2,0.3,0.4,6.89,,25.0,0.6,1.9,1.0,2891,34,,Portugal
471153,Ludovic Ajorque,8521,Brest,FRA-Ligue 1,0.9,16.5,3.0,,0.9,1.8,0.06,0.37,2.2,2.0,0.47,0.2,1.0,0.2,0.6,7.16,,35.0,1.9,0.9,0.3,2504,31,Attacker,France
473852,Corentin Tolisso,9748,Lyon,FRA-Ligue 1,2.0,51.1,8.0,,1.4,4.9,0.19,0.21,1.7,4.0,0.27,0.8,0.8,0.5,0.9,7.37,,31.0,2.0,2.2,0.4,2333,32,Midfielder,France
474448,Antonio Sanabria,9804,Torino,ITA-Serie A,0.3,14.3,,,0.9,0.7,0.05,0.2,1.1,1.0,0.14,0.1,0.3,0.1,0.1,6.24,,9.0,1.3,0.2,0.4,1318,26,,Paraguay
474589,José Giménez,9906,Atlético de Madrid,ESP-La Liga,4.4,56.2,1.0,,5.2,0.3,0.01,0.02,0.6,1.0,,1.2,0.0,0.9,0.0,6.81,,2.0,0.2,1.2,0.1,1994,27,Defender,Uruguay
474658,Álvaro Garcia,8370,Rayo Vallecano,ESP-La Liga,0.9,18.0,6.0,,1.2,5.9,0.21,0.27,0.6,5.0,0.14,1.1,0.9,,0.6,6.99,,50.0,2.5,1.2,0.4,2566,36,Attacker,Spain
474673,Johan Mojica,8661,Mallorca,ESP-La Liga,3.0,30.2,9.0,,2.3,4.4,0.14,0.03,0.6,2.0,0.03,0.9,0.1,0.2,0.1,6.87,,40.0,0.6,1.2,1.1,2753,36,Defender,Colombia
477588,Álex Moreno,10203,Nottingham Forest,ENG-Premier League,,,2.0,,,1.1,,,,1.0,,,,,,,,8.0,,,,959,15,Defender,Spain
477615,Sandro Ramirez,8306,Las Palmas,ESP-La Liga,0.7,17.7,6.0,,0.9,3.2,0.14,0.18,1.1,3.0,0.4,0.7,0.9,,0.4,6.93,,28.0,2.3,1.2,0.7,2045,31,Attacker,Spain
478105,Baptiste Santamaria,9831,Nice,FRA-Ligue 1,2.6,40.9,1.0,,1.5,0.6,0.04,0.07,1.3,,,1.9,0.3,0.4,0.3,6.84,,13.0,1.3,2.0,0.6,1411,23,Midfielder,France
478105,Baptiste Santamaria,9851,Rennes,FRA-Ligue 1,,,,,,,,,,1.0,,,,,,,,,,,,1411,23,Midfielder,France
478447,Adam Marusic,8543,Lazio,ITA-Serie A,0.7,34.4,,,2.2,0.6,0.02,0.08,0.8,,0.15,0.6,0.4,0.3,0.1,6.65,,13.0,0.9,1.2,0.4,2334,35,Defender,Montenegro
479020,Ayoze Pérez,10205,Villarreal,ESP-La Liga,0.5,14.0,5.0,,0.5,1.9,0.09,0.58,1.0,2.0,0.86,0.4,1.4,,0.5,7.36,,32.0,3.4,1.2,1.5,1977,30,Attacker,Spain
480021,Patrick Ciurria,6504,Monza,ITA-Serie A,1.3,22.0,4.0,,1.7,1.6,0.13,0.07,1.4,1.0,0.08,0.5,0.2,0.2,0.2,,,13.0,0.9,1.8,0.4,1107,21,Midfielder,Italy
482331,Adrián Embarba,8370,Rayo Vallecano,ESP-La Liga,1.2,19.5,4.0,,0.7,2.5,0.14,0.12,1.4,1.0,0.06,0.7,0.7,0.1,0.6,6.53,,20.0,2.1,2.3,1.1,1607,35,,Spain
485047,Hans Hateboer,9851,Rennes,FRA-Ligue 1,2.5,48.8,2.0,,3.4,1.4,0.08,0.02,1.1,,,1.6,,0.3,0.1,6.64,,15.0,0.4,1.7,0.3,1680,26,Defender,Netherlands
488139,Bernardo Silva,8456,Manchester City,ENG-Premier League,1.6,50.4,9.0,,1.0,4.5,0.15,0.13,0.9,4.0,0.13,0.8,0.4,0.2,0.7,7.27,,53.0,1.1,1.9,0.9,2667,33,Midfielder,Portugal
488412,Clément Lenglet,9906,Atlético de Madrid,ESP-La Liga,4.6,54.2,2.0,,4.7,0.7,0.03,0.11,1.3,1.0,0.09,1.0,0.2,0.8,0.0,7.13,,5.0,0.5,1.2,0.1,1976,23,Defender,France
488415,Hassane Kamara,8600,Udinese,ITA-Serie A,1.4,27.9,4.0,,2.0,2.3,0.1,0.04,1.1,4.0,0.04,1.2,0.1,0.2,0.2,6.89,,24.0,0.8,1.6,0.8,2006,30,Midfielder,Ivory Coast
488718,Diego Rico,8305,Getafe,ESP-La Liga,1.8,22.2,6.0,,2.8,3.4,0.11,0.01,1.2,3.0,,1.1,0.1,0.1,0.2,7.18,,36.0,0.5,2.6,0.2,2820,33,Defender,Spain
489288,Renato Tapia,7854,Leganés,ESP-La Liga,2.3,30.7,,,3.0,0.8,0.03,0.02,1.4,,0.04,1.0,0.2,0.9,0.2,6.91,,8.0,0.5,2.3,0.7,2427,34,,Peru
490868,Jan Bednarek,8466,Southampton,ENG-Premier League,2.2,55.5,,,6.7,0.9,0.03,0.02,1.1,,0.07,2.0,0.1,1.3,0.0,6.64,,5.0,0.2,1.3,0.1,2535,30,,Poland
491784,Lorenzo Montipo,9876,Verona,ITA-Serie A,,11.9,,8.0,1.3,0.1,0.0,,,,,,,,,6.41,2.8,,,0.0,,3240,36,Keeper,Italy
491827,Sammie Szmodics,9902,Ipswich Town,ENG-Premier League,1.0,12.9,,,1.1,0.5,0.04,0.34,0.8,,0.36,0.5,1.1,0.2,0.2,,,5.0,1.9,1.4,0.4,1002,20,,Ireland
492116,Jordan Lefort,8121,Angers,FRA-Ligue 1,2.8,42.3,4.0,,5.7,1.2,0.03,0.02,0.4,1.0,,0.9,0.0,1.1,0.0,6.8,,10.0,0.3,1.5,0.2,3060,34,Defender,Mauritania
492158,Gaëtan Laborde,9831,Nice,FRA-Ligue 1,0.4,16.8,9.0,,0.9,2.6,0.13,0.56,1.4,4.0,0.54,0.3,1.3,0.2,0.7,7.18,,27.0,3.6,0.9,0.9,1838,28,,France
493165,James Maddison,8586,Tottenham Hotspur,ENG-Premier League,2.0,49.3,6.0,,0.8,5.9,0.29,0.29,1.6,7.0,0.45,0.6,0.8,0.2,0.7,7.29,,41.0,1.9,1.5,1.6,1816,31,Midfielder,England
493647,Adama Traoré,9879,Fulham,ENG-Premier League,0.5,20.0,11.0,,0.2,4.5,0.23,0.2,1.2,7.0,0.1,0.1,0.6,,0.4,6.86,,42.0,2.0,1.0,2.4,1769,36,Attacker,Spain
493731,Jubal,8583,Auxerre,FRA-Ligue 1,2.5,31.3,2.0,,6.7,0.8,0.03,0.18,0.9,,0.2,0.9,0.4,1.2,0.0,7.06,,6.0,1.0,2.0,0.1,2643,30,,Brazil
494417,Harry Wilson,9879,Fulham,ENG-Premier League,1.2,24.2,2.0,,0.7,1.2,0.09,0.33,0.9,1.0,0.47,0.5,1.3,0.1,0.7,6.87,,20.0,3.3,1.6,0.7,1157,25,Attacker,Wales
495222,Sheraldo Becker,8560,Real Sociedad,ESP-La Liga,0.7,17.0,4.0,,0.9,1.7,0.15,0.18,0.7,1.0,0.18,0.1,1.2,,0.5,6.43,,8.0,2.0,0.3,0.4,994,22,Attacker,Suriname
496042,Yerry Mina,8529,Cagliari,ITA-Serie A,2.0,41.6,1.0,,5.4,0.7,0.02,0.08,1.4,,0.03,1.3,0.3,1.2,0.0,6.94,,4.0,0.9,2.3,0.1,2576,31,Defender,Colombia
497662,Carl Starfelt,9910,Celta de Vigo,ESP-La Liga,1.9,61.0,,,5.1,0.2,0.01,0.02,0.8,,0.04,1.2,0.0,0.8,,6.81,,6.0,0.2,1.6,0.0,2271,28,Defender,Sweden
500502,Adam Masina,9804,Torino,ITA-Serie A,3.1,49.1,1.0,,4.2,0.7,0.03,0.03,1.1,2.0,0.05,1.3,0.1,0.7,0.1,6.87,,4.0,0.4,1.5,0.3,1918,28,Defender,Morocco
501543,Franck Honorat,9788,Borussia Mönchengladbach,GER-Bundesliga,0.3,21.4,12.0,,1.4,4.9,0.3,0.28,0.4,7.0,0.25,0.3,0.6,0.1,0.5,7.45,,50.0,1.9,1.1,0.7,1452,19,Attacker,France
503659,Joachim Andersen,9879,Fulham,ENG-Premier League,7.0,57.6,1.0,,6.5,0.5,0.02,0.04,0.7,,,1.1,0.2,0.9,0.0,6.94,,4.0,0.7,0.9,0.1,2663,30,Defender,Denmark
504314,Jean-Eudes Aholou,8121,Angers,FRA-Ligue 1,0.5,29.3,2.0,,1.4,0.7,0.03,0.08,2.3,,0.09,1.5,0.3,0.6,0.4,6.8,,10.0,1.2,2.5,0.5,1978,26,,Côte d'Ivoire
509151,Oli McBurnie,8306,Las Palmas,ESP-La Liga,0.1,13.2,6.0,,1.2,1.0,0.05,0.24,1.6,6.0,0.15,0.3,0.6,0.2,0.5,6.6,,24.0,1.6,0.7,0.8,1840,34,,Scotland
512040,Alex Munoz,8306,Las Palmas,ESP-La Liga,1.1,32.8,,,3.9,0.7,0.04,0.05,1.9,,0.19,1.0,0.3,0.7,0.1,6.66,,7.0,0.6,2.5,0.1,1420,21,,Spain
513072,Jonathan Gradit,8588,Lens,FRA-Ligue 1,3.0,48.1,1.0,,5.1,0.9,0.04,0.03,1.2,,,1.1,0.2,0.5,0.1,6.96,,11.0,0.7,1.9,0.1,2115,25,Defender,France
515333,Milos Veljkovic,8697,SV Werder Bremen,GER-Bundesliga,,,1.0,,,0.6,,,,1.0,,,,,,,,3.0,,,,1029,14,,Serbia
516846,Julian Brandt,9789,Borussia Dortmund,GER-Bundesliga,1.4,35.8,16.0,,0.4,6.6,0.25,0.18,0.3,10.0,0.19,0.5,0.6,,1.0,7.23,,61.0,1.7,1.0,0.7,2318,30,Midfielder,Germany
517052,Vedat Muriqi,8661,Mallorca,ESP-La Liga,0.6,12.8,4.0,,1.9,1.7,0.07,0.43,1.3,2.0,0.3,0.3,0.8,0.0,0.4,6.79,,27.0,2.4,0.3,0.4,2067,29,Attacker,Kosovo
517346,Nico Elvedi,9788,Borussia Mönchengladbach,GER-Bundesliga,1.8,58.9,1.0,,6.7,0.3,0.01,0.09,0.4,1.0,0.04,1.3,0.2,1.1,,7.0,,5.0,0.5,1.6,,2136,25,Defender,Switzerland
518346,Robin Gosens,8535,Fiorentina,ITA-Serie A,1.1,30.0,4.0,,2.9,1.7,0.06,0.06,0.9,5.0,0.18,0.6,0.3,0.4,0.2,7.23,,27.0,0.8,2.0,0.1,2527,32,Midfielder,Germany
518633,Giorgos Kyriakopoulos,6504,Monza,ITA-Serie A,0.9,25.3,3.0,,2.2,2.5,0.08,0.03,0.7,4.0,0.07,0.7,0.3,0.3,0.1,6.75,,40.0,0.8,1.3,0.5,2761,33,,Greece
519835,Adam Armstrong,8466,Southampton,ENG-Premier League,0.3,16.2,3.0,,0.6,0.6,0.04,0.24,0.9,2.0,0.14,0.2,0.6,0.1,0.1,6.3,,9.0,1.9,0.9,0.4,1252,20,Attacker,England
520979,Ulisses Garcia,8592,Marseille,FRA-Ligue 1,1.5,44.4,3.0,,1.6,1.2,0.12,0.15,0.8,2.0,0.19,0.8,0.2,0.1,0.3,,,8.0,0.8,1.4,0.7,931,20,,Switzerland
521148,Jacob Murphy,10261,Newcastle United,ENG-Premier League,0.9,24.1,16.0,,1.1,6.2,0.23,0.22,0.4,12.0,0.3,0.5,0.6,,0.4,7.23,,42.0,1.6,1.1,1.3,2379,35,Attacker,England
521318,Manuel Akanji,8456,Manchester City,ENG-Premier League,2.5,72.4,,,2.8,1.3,0.06,0.07,0.8,,,0.4,0.1,0.4,0.1,6.86,,9.0,0.7,0.8,0.1,2014,26,Defender,Switzerland
521421,Julian Weigl,9788,Borussia Mönchengladbach,GER-Bundesliga,2.6,48.4,2.0,,2.6,1.9,0.06,0.02,0.7,2.0,,1.5,0.2,0.8,0.2,6.77,,11.0,0.6,1.7,0.2,2888,33,,Germany
521846,Martin Valjent,8661,Mallorca,ESP-La Liga,2.5,37.5,,,6.1,0.5,0.02,0.03,0.5,,0.1,0.6,0.2,0.7,,6.93,,4.0,0.4,1.0,0.2,2765,31,Defender,Slovakia
523749,Jae-Sung Lee,9905,1. FSV Mainz 05,GER-Bundesliga,0.6,27.2,8.0,,1.2,4.7,0.16,0.18,0.8,6.0,0.24,1.2,0.5,0.1,0.4,7.22,,34.0,1.4,1.4,0.4,2661,33,Midfielder,South Korea
523825,Jarrod Bowen,8654,West Ham United,ENG-Premier League,0.6,16.7,11.0,,0.6,6.5,0.2,0.26,0.6,8.0,0.39,0.5,1.1,0.1,0.9,7.2,,51.0,2.6,1.2,1.3,2979,34,Attacker,England
524437,Tomas Soucek,8654,West Ham United,ENG-Premier League,1.7,24.9,1.0,,2.9,1.3,0.04,0.24,1.6,1.0,0.32,0.7,0.6,0.7,0.2,6.88,,14.0,1.9,1.6,0.2,2570,35,Midfielder,Czechia
526450,Emmanuel Quartsin Gyasi,8534,Empoli,ITA-Serie A,0.5,15.9,1.0,,1.8,1.7,0.05,0.11,1.6,1.0,0.06,0.3,0.2,0.3,0.3,6.56,,17.0,0.6,1.5,0.6,3224,37,,Ghana
526657,Lukas Klostermann,178475,RB Leipzig,GER-Bundesliga,1.8,51.5,,,6.8,0.7,0.03,0.02,0.6,,0.05,1.2,0.1,0.8,0.1,6.75,,2.0,0.2,1.3,0.2,1833,28,Defender,Germany
526827,Konrad Laimer,9823,Bayern München,GER-Bundesliga,0.6,51.8,3.0,,1.1,3.2,0.17,0.11,1.9,2.0,0.11,0.4,0.3,0.1,0.3,6.96,,20.0,1.0,2.6,0.9,1697,29,Defender,Austria
527103,Breel Embolo,9829,Monaco,FRA-Ligue 1,0.7,14.6,9.0,,0.5,3.6,0.18,0.52,1.3,4.0,0.29,0.1,0.9,,0.6,6.8,,32.0,2.5,1.1,0.7,1844,29,Attacker,Switzerland
527556,Brian Oliván,8558,Espanyol,ESP-La Liga,,,2.0,,,0.8,,,,1.0,,,,,,,,15.0,,,,1017,17,,Spain
528453,Harry Winks,8197,Leicester City,ENG-Premier League,1.2,52.1,1.0,,1.1,1.5,0.09,0.01,0.5,2.0,,0.5,0.2,0.4,0.2,6.57,,17.0,0.6,1.4,0.2,1540,22,Midfielder,England
528811,Jens Stage,8697,SV Werder Bremen,GER-Bundesliga,2.0,30.9,7.0,,1.5,3.9,0.16,0.29,1.5,5.0,0.41,0.7,0.6,0.4,0.4,7.42,,23.0,1.8,2.0,0.3,2212,28,Midfielder,Denmark
530197,Manolis Saliakas,8152,FC St. Pauli,GER-Bundesliga,2.7,29.1,4.0,,2.0,2.9,0.11,0.06,0.7,1.0,0.08,0.8,0.2,0.3,0.2,6.91,,26.0,1.1,1.8,0.1,2323,30,Midfielder,Greece
530468,Antonio Sivera,9866,Alavés,ESP-La Liga,,14.6,,8.0,1.2,0.2,0.01,,0.1,,,,,,,6.95,2.4,1.0,,0.1,,2812,32,Keeper,Spain
530858,Marvin Friedrich,9788,Borussia Mönchengladbach,GER-Bundesliga,2.1,57.2,2.0,,5.2,0.5,0.04,0.04,0.5,1.0,,0.5,0.2,1.1,,6.68,,3.0,0.6,1.4,0.2,980,22,Defender,Germany
530859,Leroy Sané,9823,Bayern München,GER-Bundesliga,0.4,40.4,10.0,,0.2,6.1,0.34,0.56,0.9,5.0,0.61,0.4,1.7,,0.8,7.36,,37.0,3.7,1.3,2.1,1633,30,,Germany
531327,Eric Smith,8152,FC St. Pauli,GER-Bundesliga,3.3,41.9,3.0,,3.3,2.8,0.09,0.05,0.9,1.0,0.03,1.2,0.3,0.3,0.3,6.96,,28.0,0.8,1.5,0.1,2829,32,Defender,Sweden
531629,Dani Ceballos,8633,Real Madrid,ESP-La Liga,3.3,93.5,3.0,,0.7,2.0,0.15,0.03,1.0,,,1.0,0.2,0.3,0.8,7.08,,22.0,0.5,3.0,0.6,1218,23,Midfielder,Spain
533228,Wilfred Ndidi,8197,Leicester City,ENG-Premier League,0.9,31.8,5.0,,2.9,1.5,0.06,0.08,1.5,5.0,,1.2,0.3,0.7,0.4,6.91,,17.0,0.8,3.3,0.5,2336,28,,Nigeria
534670,Martin Ødegaard,9825,Arsenal,ENG-Premier League,1.5,46.7,13.0,,0.2,6.7,0.26,0.19,0.5,8.0,0.12,0.2,0.7,,0.9,7.23,,63.0,1.9,0.7,1.0,2328,30,Midfielder,Norway
535936,Joelinton,10261,Newcastle United,ENG-Premier League,0.6,31.7,3.0,,1.7,2.3,0.09,0.15,2.2,3.0,0.15,0.9,0.5,0.3,0.6,7.05,,23.0,1.7,2.1,0.6,2404,29,Midfielder,Brazil
536455,Goncalo Guedes,8602,Wolverhampton Wanderers,ENG-Premier League,0.8,21.9,2.0,,0.3,0.9,0.09,0.29,1.4,4.0,0.18,0.5,0.7,,0.5,6.41,,14.0,2.5,1.5,0.8,987,29,Attacker,Portugal
538501,Guglielmo Vicario,8586,Tottenham Hotspur,ENG-Premier League,,27.0,,4.0,1.4,0.0,0.0,,,,,0.0,,,,6.91,2.8,,,,0.0,2160,24,Keeper,Italy
539939,James Bree,8466,Southampton,ENG-Premier League,,,2.0,,,0.7,,,,1.0,,,,,,,,10.0,,,,1073,17,Attacker,England
540088,Ollie Watkins,10252,Aston Villa,ENG-Premier League,0.1,10.6,7.0,,0.5,2.1,0.07,0.53,1.0,8.0,0.55,0.3,1.4,0.1,0.4,6.89,,25.0,2.9,0.3,0.3,2610,38,Attacker,England
540097,Patrik Schick,8178,Bayer 04 Leverkusen,GER-Bundesliga,0.1,15.3,1.0,,0.9,0.9,0.05,0.67,1.3,,1.12,0.2,1.9,0.1,0.3,7.19,,11.0,3.7,0.3,0.5,1686,31,Attacker,Czechia
540307,Lorenzo Pellegrini,8686,Roma,ITA-Serie A,0.9,27.4,3.0,,1.2,2.7,0.15,0.27,1.4,1.0,0.11,0.3,0.8,0.1,0.6,6.83,,27.0,2.3,1.3,0.6,1632,25,Midfielder,Italy
540963,Sander Berge,9879,Fulham,ENG-Premier League,2.4,44.1,,,1.5,0.6,0.03,0.01,1.3,,,0.8,0.0,0.3,0.2,6.82,,18.0,0.1,2.0,0.4,2227,31,Midfielder,Norway
541555,Mattia Zaccagni,8543,Lazio,ITA-Serie A,1.1,27.5,7.0,,0.5,4.1,0.13,0.21,1.2,6.0,0.27,1.0,0.6,0.0,0.3,7.39,,55.0,1.6,1.3,1.5,2705,34,Attacker,Italy
541820,Nicolo Barella,8636,Internazionale,ITA-Serie A,3.2,52.0,6.0,,0.6,5.1,0.18,0.08,0.9,6.0,0.11,0.4,0.3,0.1,0.6,7.24,,55.0,1.5,1.8,0.8,2526,33,Midfielder,Italy
541933,Mama Baldé,8521,Brest,FRA-Ligue 1,0.8,13.8,3.0,,1.0,1.4,0.1,0.24,1.5,3.0,0.15,0.5,0.7,,0.5,6.54,,16.0,2.3,1.1,1.3,1178,29,Attacker,Guinea-Bissau
543021,Vanja Milinkovic-Savic,9804,Torino,ITA-Serie A,,24.8,,10.0,1.2,0.3,0.01,,0.0,,,,,,,7.28,3.6,3.0,,0.0,,3330,37,Keeper,Serbia
544312,Cyle Larin,8661,Mallorca,ESP-La Liga,0.3,10.8,2.0,,0.8,0.4,0.02,0.33,1.6,2.0,0.36,0.1,0.8,0.2,0.5,6.33,,8.0,2.0,0.6,0.4,1774,32,Attacker,Canada
544693,Amir Rrahmani,9875,Napoli,ITA-Serie A,4.4,66.6,2.0,,4.7,0.7,0.02,0.08,1.1,3.0,0.03,0.7,0.1,0.7,0.1,7.23,,11.0,0.7,1.0,0.1,3406,38,Defender,Kosovo
551805,Scott McKenna,8306,Las Palmas,ESP-La Liga,1.9,46.4,2.0,,5.9,0.4,0.02,0.04,0.5,,,0.3,,1.0,,6.51,,4.0,0.4,0.8,0.1,2467,29,,Scotland
552718,Kristoffer Vassbakk Ajer,9937,Brentford,ENG-Premier League,1.2,27.1,2.0,,2.9,0.5,0.03,0.06,0.8,,,0.7,0.2,0.2,0.1,6.59,,8.0,0.6,1.6,0.4,1441,24,Defender,Norway
553256,Iván Sánchez,10281,Real Valladolid,ESP-La Liga,2.5,24.8,6.0,,0.5,2.9,0.19,0.04,1.0,1.0,0.13,0.9,0.4,0.2,0.3,6.68,,24.0,1.0,2.4,1.8,1395,32,,Spain
554534,Alexander Nübel,10269,VfB Stuttgart,GER-Bundesliga,,25.7,1.0,7.0,0.8,0.2,0.01,,,1.0,,,,,,6.65,2.5,3.0,,,0.0,3060,34,Keeper,Germany
556027,Maximilian Wittek,9911,VfL Bochum 1848,GER-Bundesliga,2.0,26.6,8.0,,2.6,6.1,0.21,0.05,1.1,,,0.9,0.2,0.3,0.3,6.7,,45.0,1.4,2.1,0.4,2641,32,Defender,Germany
556029,Marius Wolf,8406,FC Augsburg,GER-Bundesliga,1.5,24.7,2.0,,1.9,4.5,0.19,0.03,0.8,3.0,0.04,1.0,0.1,0.2,0.4,6.9,,45.0,0.5,1.1,0.8,2164,32,Midfielder,Germany
556505,Robin Zentner,9905,1. FSV Mainz 05,GER-Bundesliga,,18.9,1.0,9.0,1.9,0.2,0.01,0.0,0.0,,,,,,,7.28,3.2,3.0,0.0,0.1,,2880,32,Keeper,Germany
556524,Lucas Höler,8358,Sport-Club Freiburg,GER-Bundesliga,0.2,18.6,7.0,,1.6,1.7,0.08,0.37,1.4,4.0,0.29,0.3,0.9,0.3,0.8,7.0,,22.0,1.7,1.8,0.9,1870,31,Attacker,Germany
556972,Sasa Lukic,9879,Fulham,ENG-Premier League,1.6,41.2,4.0,,1.2,1.4,0.05,0.04,2.5,2.0,,1.1,0.1,0.3,0.2,6.85,,26.0,0.7,2.6,0.3,2355,30,Midfielder,Serbia
557325,Stefan Posch,8524,Atalanta,ITA-Serie A,,42.9,,,,0.6,0.05,0.04,2.2,,,,0.2,0.4,0.3,,,,0.4,3.6,0.3,1099,19,Defender,Austria
557325,Stefan Posch,9857,Bologna,ITA-Serie A,3.6,,,,2.6,,,,,,,0.7,,,,,,10.0,,,,1099,19,Defender,Austria
557342,Jonas Omlin,9788,Borussia Mönchengladbach,GER-Bundesliga,,,,1.0,,0.0,,,,,,,,,,,,,,,,979,12,Keeper,Switzerland
557346,Sandi Lovric,8600,Udinese,ITA-Serie A,1.8,28.0,5.0,,0.9,2.4,0.09,0.1,2.1,3.0,0.08,0.9,0.5,0.2,0.5,6.74,,32.0,1.9,1.8,0.8,2326,36,Midfielder,Slovenia
557677,Nikola Vlasic,9804,Torino,ITA-Serie A,0.7,25.6,3.0,,0.5,2.0,0.08,0.15,1.2,4.0,0.21,0.4,0.5,0.1,0.7,6.91,,32.0,1.4,1.6,1.0,2121,30,Midfielder,Croatia
557799,Duje Caleta-Car,9748,Lyon,FRA-Ligue 1,2.3,50.7,,,5.5,0.9,0.05,0.12,1.5,,0.06,1.0,0.1,1.4,,6.92,,2.0,0.6,1.1,0.1,1584,19,Defender,Croatia
557805,Mathias Honsak,94937,1. FC Heidenheim 1846,GER-Bundesliga,1.0,21.5,1.0,,2.0,1.9,0.15,0.25,1.1,1.0,0.38,0.8,0.8,0.3,0.3,6.68,,14.0,2.2,1.1,0.7,1177,22,Attacker,Austria
559065,Ramy Bensebaini,9789,Borussia Dortmund,GER-Bundesliga,2.1,50.8,6.0,,3.5,2.3,0.1,0.06,1.2,6.0,0.04,1.5,0.1,0.4,0.3,7.15,,15.0,0.9,2.3,0.2,2023,31,Defender,Algeria
560939,Jean Butez,10171,Como,ITA-Serie A,,26.8,,5.0,1.1,0.0,0.0,,0.1,,,,,,,7.02,2.6,1.0,,,,1665,19,Keeper,France
560945,Mergim Vojvoda,10171,Como,ITA-Serie A,2.2,45.2,5.0,,1.9,1.8,0.09,0.03,1.0,2.0,0.05,0.5,0.0,0.3,0.4,6.78,,23.0,0.4,1.3,0.4,1826,28,Defender,Kosovo
560990,Marco Komenda,8150,Holstein Kiel,GER-Bundesliga,3.2,39.1,1.0,,4.5,0.8,0.06,0.01,1.1,,,0.4,,0.8,0.2,6.34,,9.0,0.2,1.8,0.1,1311,19,Defender,Germany
561046,Ruben Aguilar,8588,Lens,FRA-Ligue 1,,,4.0,,,1.4,,,,2.0,,,,,,,,11.0,,,,1129,16,Midfielder,France
561869,Haris Belkebla,8121,Angers,FRA-Ligue 1,1.3,36.4,1.0,,2.3,0.3,0.02,0.0,0.9,1.0,,1.8,,0.5,0.2,6.87,,5.0,0.2,2.8,0.5,1795,22,Midfielder,Algeria
562719,Valentin Rongier,8592,Marseille,FRA-Ligue 1,1.3,72.3,2.0,,1.5,1.5,0.08,0.06,2.1,1.0,0.17,1.9,0.4,0.5,0.2,7.14,,11.0,0.8,2.9,0.6,1564,25,Midfielder,France
562724,Lewis Cook,8678,Bournemouth,ENG-Premier League,1.9,34.1,6.0,,2.0,3.8,0.11,0.03,1.5,3.0,0.03,1.2,0.1,0.3,0.3,7.09,,48.0,0.4,2.4,0.4,2978,36,Midfielder,England
562727,David Raya,9825,Arsenal,ENG-Premier League,,22.9,,13.0,0.8,0.1,0.0,,0.0,,,0.1,,,,7.21,2.3,1.0,,,0.0,3420,38,Keeper,Spain
564842,Cameron Burgess,9902,Ipswich Town,ENG-Premier League,,,,,,0.4,,,,2.0,,,,,,,,7.0,,,,1540,18,,Australia
564847,Viktor Tsigankov,7732,Girona,ESP-La Liga,0.7,28.0,9.0,,0.7,4.3,0.2,0.13,0.7,5.0,0.09,0.7,0.5,0.0,0.6,6.84,,33.0,1.6,0.9,0.7,1920,27,Attacker,Ukraine
566187,Ali Abdi,9831,Nice,FRA-Ligue 1,0.5,26.0,4.0,,2.0,1.7,0.11,0.28,1.7,2.0,0.32,1.3,0.7,0.4,0.3,7.18,,20.0,1.9,2.8,0.8,1396,25,Defender,Tunisia
566425,Domingos Duarte,8305,Getafe,ESP-La Liga,2.9,24.0,,,7.3,0.1,0.0,0.01,1.2,,0.05,0.9,0.0,0.8,,6.79,,2.0,0.1,1.4,,1859,22,Defender,Portugal
570461,Diogo Jota,8650,Liverpool,ENG-Premier League,0.8,16.1,3.0,,0.5,1.1,0.09,0.6,1.7,3.0,0.45,0.6,1.0,,0.7,6.74,,11.0,3.8,1.1,0.8,1194,26,,Portugal
571379,Marnon-Thomas Busch,94937,1. FC Heidenheim 1846,GER-Bundesliga,4.3,32.9,1.0,,3.9,1.8,0.12,0.02,0.5,1.0,,0.8,0.2,0.6,0.2,6.59,,12.0,0.8,1.7,0.2,1397,23,Defender,Germany
571615,Unai Lopez,8370,Rayo Vallecano,ESP-La Liga,2.9,53.5,,,1.0,1.3,0.07,0.08,0.9,1.0,0.16,1.1,0.6,0.3,0.4,6.88,,19.0,1.4,1.6,0.8,1720,32,Midfielder,Spain
573780,Jorge Sáenz,7854,Leganés,ESP-La Liga,3.1,39.9,1.0,,8.4,0.3,0.02,0.07,1.6,,0.05,1.3,0.2,0.9,,6.95,,2.0,0.4,2.0,0.2,1691,23,Defender,Spain
574629,Alex Berenguer,8315,Athletic Club,ESP-La Liga,0.7,22.2,10.0,,0.5,4.4,0.17,0.26,1.1,7.0,0.23,0.4,0.7,0.1,0.8,6.97,,46.0,2.0,1.2,1.3,2352,36,Attacker,Spain
574642,Ellyes Skhiri,9810,Eintracht Frankfurt,GER-Bundesliga,1.7,46.3,2.0,,1.7,2.0,0.08,0.06,0.9,1.0,0.04,1.2,0.1,0.3,0.3,7.0,,22.0,0.5,1.6,0.4,2234,30,Midfielder,Tunisia
574645,Mikel Merino,9825,Arsenal,ENG-Premier League,0.5,25.4,3.0,,1.3,1.2,0.07,0.34,2.3,2.0,0.4,0.9,0.9,0.3,1.2,7.02,,17.0,2.2,2.6,0.5,1581,28,Midfielder,Spain
574662,Joan Jordán,9866,Alavés,ESP-La Liga,4.4,41.8,3.0,,1.3,2.6,0.16,0.3,1.8,2.0,0.32,0.6,0.5,,0.4,6.98,,30.0,1.1,2.0,0.4,1415,25,Midfielder,Spain
574844,Razvan Marin,8529,Cagliari,ITA-Serie A,2.4,34.5,5.0,,1.3,3.5,0.23,0.16,1.6,2.0,0.19,0.1,0.6,,0.5,6.59,,34.0,1.5,1.4,0.8,1394,33,,Romania
575227,Giorgos Masouras,9911,VfL Bochum 1848,GER-Bundesliga,,,1.0,,,1.1,,,,,,,,,,,,10.0,,,,1063,14,,Greece
575364,Alberto Grassi,8534,Empoli,ITA-Serie A,1.8,25.4,1.0,,1.6,0.7,0.03,0.04,1.1,,0.04,1.3,0.2,0.5,0.6,6.68,,7.0,0.4,1.6,0.2,2228,28,,Italy
575735,Nicolas Pépé,10205,Villarreal,ESP-La Liga,0.9,28.8,9.0,,0.7,4.1,0.25,0.24,1.2,6.0,0.18,0.3,1.0,0.1,0.4,6.96,,33.0,2.3,1.3,1.6,1495,28,Attacker,Ivory Coast
575779,Andreas Pereira,9879,Fulham,ENG-Premier League,1.6,27.2,7.0,,0.7,4.6,0.21,0.17,1.2,4.0,0.09,0.4,0.4,0.1,0.6,6.73,,57.0,1.7,1.1,0.6,2022,33,,Brazil
577911,Rolando Mandragora,8535,Fiorentina,ITA-Serie A,2.4,33.1,10.0,,2.5,2.7,0.13,0.13,1.0,3.0,0.19,0.8,0.7,0.3,0.1,7.07,,31.0,1.8,1.1,0.3,1908,29,Midfielder,Italy
577912,Alex Meret,9875,Napoli,ITA-Serie A,,28.0,,16.0,0.7,0.0,0.0,,0.0,,,,,,,7.1,1.8,,,,,3006,34,Keeper,Italy
578756,Deiver Machado,8588,Lens,FRA-Ligue 1,0.6,31.4,5.0,,1.5,2.9,0.14,0.12,1.4,4.0,0.05,0.8,0.2,0.2,0.4,6.86,,20.0,1.1,1.8,1.1,1805,27,Midfielder,Colombia
580591,Anuar,10281,Real Valladolid,ESP-La Liga,0.5,20.2,2.0,,1.1,0.7,0.04,0.09,1.6,,0.1,0.9,0.3,0.4,0.3,6.58,,7.0,0.6,2.0,0.4,1728,26,,Morocco
581919,David Soria,8305,Getafe,ESP-La Liga,,11.8,,9.0,1.0,0.2,0.0,,,,,0.0,,,,7.0,2.4,,,0.1,,3420,38,Keeper,Spain
586388,Aleksandr Golovin,9829,Monaco,FRA-Ligue 1,3.2,39.8,3.0,,0.4,3.2,0.25,0.18,2.0,,0.23,0.9,0.7,0.3,1.7,,,24.0,1.9,3.0,1.7,1153,19,Midfielder,Russia
586474,Kingsley Ehizibue,8600,Udinese,ITA-Serie A,0.9,19.7,3.0,,2.1,1.8,0.07,0.04,1.2,1.0,,0.8,0.1,0.5,0.4,6.75,,22.0,0.5,2.0,0.4,2510,33,Midfielder,Netherlands
586768,Guido Rodriguez,8654,West Ham United,ENG-Premier League,2.0,37.2,,,2.3,0.2,0.01,0.02,1.4,1.0,,1.0,0.1,0.7,0.3,,,4.0,0.6,2.8,0.2,1155,23,Midfielder,Argentina
588687,Gianluca Mancini,8686,Roma,ITA-Serie A,2.5,47.6,1.0,,2.8,0.8,0.02,0.05,1.4,,0.06,1.0,0.2,0.5,0.1,6.98,,14.0,0.6,1.2,0.0,3144,37,Defender,Italy
590494,Umar Sadiq,8560,Real Sociedad,ESP-La Liga,,,1.0,,,,,,,,,,,0.1,,,,,,,,1049,23,Attacker,Nigeria
590494,Umar Sadiq,10267,Valencia CF,ESP-La Liga,0.3,12.8,,,0.8,0.5,0.04,0.31,3.2,,0.43,0.2,0.6,,0.3,6.42,,7.0,2.1,1.0,1.4,1049,23,Attacker,Nigeria
591734,Dominic Solanke,8586,Tottenham Hotspur,ENG-Premier League,0.4,10.3,6.0,,0.9,1.2,0.05,0.45,1.5,3.0,0.37,0.0,1.1,0.4,0.6,6.65,,14.0,2.4,0.7,0.7,2206,27,Attacker,England
592102,Moussa Niakhaté,9748,Lyon,FRA-Ligue 1,1.9,55.0,1.0,,4.5,1.1,0.04,0.0,1.1,,,0.8,0.0,0.6,,6.84,,7.0,0.1,1.6,0.1,2725,31,Defender,Senegal
593118,Denzel Dumfries,8636,Internazionale,ITA-Serie A,0.8,22.1,6.0,,1.0,2.8,0.13,0.24,2.5,2.0,0.32,0.3,0.9,0.4,0.6,7.01,,21.0,1.7,1.2,0.6,1951,29,Midfielder,Netherlands
598355,Denis Zakaria,9829,Monaco,FRA-Ligue 1,1.2,44.3,4.0,,1.4,2.0,0.08,0.22,1.3,4.0,0.25,1.4,0.5,0.3,0.5,7.51,,16.0,1.3,1.7,0.9,2148,26,Midfielder,Switzerland
599353,Che Adams,9804,Torino,ITA-Serie A,0.7,13.9,5.0,,0.6,2.9,0.1,0.3,1.0,3.0,0.3,0.1,0.9,0.2,0.4,6.66,,27.0,2.2,0.4,0.4,2657,36,Attacker,Scotland
600524,Reinildo,9906,Atlético de Madrid,ESP-La Liga,1.5,42.1,,,3.1,0.2,0.02,0.01,1.8,,,1.5,0.1,0.5,0.3,,,2.0,0.1,1.7,0.4,935,19,,Mozambique
602523,Maximilian Eggestein,8358,Sport-Club Freiburg,GER-Bundesliga,0.8,38.0,1.0,,1.6,2.5,0.08,0.06,0.7,,0.06,1.2,0.4,0.3,0.3,6.97,,19.0,1.1,1.8,0.3,2855,33,Midfielder,Germany
602563,Marcos Llorente,9906,Atlético de Madrid,ESP-La Liga,1.1,41.6,8.0,,1.8,3.1,0.11,0.03,0.8,4.0,0.07,1.0,0.2,0.3,0.3,7.25,,28.0,0.6,2.5,0.5,2512,33,Defender,Spain
603537,Angelino,8686,Roma,ITA-Serie A,2.6,37.5,7.0,,2.5,4.0,0.11,0.03,0.9,1.0,0.06,0.8,0.1,0.3,0.1,7.1,,50.0,0.7,1.3,0.3,3179,38,Midfielder,Spain
604044,Junya Ito,9837,Reims,FRA-Ligue 1,0.8,24.3,12.0,,0.4,9.1,0.3,0.16,0.5,3.0,0.13,0.4,0.4,0.1,0.8,7.12,,83.0,1.0,1.5,1.6,2700,33,,Japan
604088,Thilo Kehrer,9829,Monaco,FRA-Ligue 1,3.2,61.2,,,4.2,0.5,0.02,0.06,0.9,,0.15,1.4,0.3,0.4,0.0,7.25,,5.0,0.5,1.4,0.0,2384,27,Defender,Germany
604089,Ainsley Maitland-Niles,9748,Lyon,FRA-Ligue 1,1.9,40.8,7.0,,2.7,3.2,0.15,0.13,0.7,4.0,0.05,1.1,0.3,0.2,0.2,7.03,,27.0,1.0,3.2,0.8,1978,32,Defender,England
604105,Inaki Williams,8315,Athletic Club,ESP-La Liga,0.3,16.5,14.0,,1.0,5.0,0.17,0.25,0.7,8.0,0.2,0.4,0.8,0.2,0.5,7.04,,43.0,2.1,0.6,1.1,2653,35,Attacker,Ghana
604126,Giovani Lo Celso,8603,Real Betis,ESP-La Liga,2.8,45.3,7.0,,0.1,5.2,0.32,0.3,0.8,3.0,0.49,0.3,1.2,0.1,0.7,7.21,,43.0,2.1,2.1,1.3,1455,25,Midfielder,Argentina
604330,Sebastiano Luperto,8529,Cagliari,ITA-Serie A,1.6,36.4,2.0,,4.3,0.8,0.02,0.06,0.6,3.0,0.03,0.9,0.2,0.4,0.0,6.79,,8.0,0.6,1.3,0.0,3240,36,,Italy
604785,Alex Iwobi,9879,Fulham,ENG-Premier League,1.7,33.1,12.0,,0.8,7.0,0.21,0.13,0.6,6.0,0.27,0.4,0.9,0.0,0.5,7.26,,59.0,2.0,1.3,1.4,2994,38,Attacker,Nigeria
604982,Ruben Loftus-Cheek,8564,Milan,ITA-Serie A,1.0,37.8,5.0,,1.7,0.9,0.08,0.07,2.0,,,0.3,0.2,,0.5,,,16.0,0.8,1.7,1.0,1031,19,Midfielder,England
605224,Federico Dimarco,8636,Internazionale,ITA-Serie A,1.4,33.9,17.0,,1.0,5.1,0.21,0.14,0.8,7.0,0.16,0.6,0.9,0.2,0.4,7.12,,48.0,2.3,1.0,0.2,2224,33,Midfielder,Italy
605654,Fabián Ruiz,9847,Paris Saint-Germain,FRA-Ligue 1,3.4,67.6,9.0,,1.2,5.1,0.24,0.19,0.3,5.0,0.19,0.7,0.6,0.1,0.4,7.38,,36.0,2.0,1.7,0.7,1923,30,Midfielder,Spain
606491,Marcus Regis Coco,9830,Nantes,FRA-Ligue 1,2.1,30.1,3.0,,4.0,1.1,0.1,0.01,2.8,1.0,,1.0,,0.5,0.2,,,10.0,0.2,2.6,0.3,952,20,,Guadeloupe
607148,Aritz Elustondo,8560,Real Sociedad,ESP-La Liga,3.0,46.5,,,5.8,0.4,0.02,0.03,1.5,,,0.7,,0.7,,6.6,,4.0,0.2,1.2,0.2,1455,22,Defender,Spain
609505,Borja Iglesias,9910,Celta de Vigo,ESP-La Liga,0.8,15.8,6.0,,0.5,1.4,0.06,0.43,1.8,3.0,0.5,0.3,1.3,0.1,0.5,6.75,,18.0,2.1,0.5,0.5,1963,37,Attacker,Spain
609516,Robin Le Normand,9906,Atlético de Madrid,ESP-La Liga,1.5,49.0,2.0,,5.0,1.0,0.04,0.06,1.5,,0.04,0.4,0.1,0.4,,6.92,,4.0,0.5,1.1,0.1,2149,27,Defender,Spain
609755,Kalvin Phillips,9902,Ipswich Town,ENG-Premier League,3.0,31.1,,,2.5,0.5,0.03,0.03,2.0,,,1.4,0.1,0.4,0.3,,,5.0,0.8,2.5,0.4,1239,19,,England
611223,Benjamin Pavard,8636,Internazionale,ITA-Serie A,2.4,58.5,3.0,,2.8,1.0,0.05,0.03,1.0,1.0,,0.9,0.1,0.7,0.2,6.88,,8.0,0.5,1.6,,1584,23,Defender,France
611491,Andre Onana,10260,Manchester United,ENG-Premier League,,23.9,1.0,9.0,0.7,0.2,0.01,,,,,,,,,6.78,2.6,1.0,,0.1,0.0,3060,34,,Cameroon
611528,Angelo Fulgini,8588,Lens,FRA-Ligue 1,1.8,41.8,4.0,,0.3,3.8,0.33,0.21,1.4,1.0,0.09,0.2,0.8,0.1,0.6,6.7,,28.0,2.2,1.2,0.9,1044,23,,New Caledonia
612150,Dominic Calvert-Lewin,8668,Everton,ENG-Premier League,0.1,10.0,1.0,,1.3,0.7,0.04,0.38,1.5,1.0,0.17,0.4,1.1,0.1,0.6,6.5,,7.0,2.8,0.5,0.6,1613,26,,England
612699,Florian Sotoca,8588,Lens,FRA-Ligue 1,1.4,34.6,2.0,,1.2,2.9,0.14,0.23,0.8,1.0,0.05,0.7,0.9,0.1,0.9,6.76,,18.0,2.4,1.1,0.8,1797,31,Attacker,France
612747,Frédéric Guilbert,9888,Lecce,ITA-Serie A,1.8,27.6,2.0,,3.6,2.1,0.08,0.01,1.2,1.0,,1.7,,0.3,0.2,6.85,,19.0,0.4,2.4,0.7,2450,31,Defender,France
612755,Davide Calabria,9857,Bologna,ITA-Serie A,,,2.0,,,0.7,,,,1.0,,,,,,,,14.0,,,,947,18,,Italy
612836,Donny van de Beek,7732,Girona,ESP-La Liga,0.7,23.1,4.0,,0.8,3.6,0.22,0.1,1.4,2.0,0.13,0.6,0.3,0.2,0.5,6.62,,18.0,1.1,1.8,0.4,1424,26,Midfielder,Netherlands
612863,Andre-Frank Zambo Anguissa,9875,Napoli,ITA-Serie A,1.3,39.7,3.0,,1.3,2.6,0.08,0.14,1.2,4.0,0.19,1.1,0.4,0.2,0.5,7.3,,26.0,1.4,1.3,0.8,2857,35,Midfielder,Cameroon
613334,M'Bala Nzola,8588,Lens,FRA-Ligue 1,0.4,13.9,1.0,,0.4,0.9,0.05,0.53,1.8,1.0,0.37,0.3,1.1,0.1,0.7,6.49,,20.0,2.9,0.3,0.9,1464,21,,Angola
614006,Ruben Dias,8456,Manchester City,ENG-Premier League,3.3,85.9,,,2.8,1.2,0.05,0.06,0.5,,,0.8,0.3,0.8,0.0,7.08,,5.0,0.8,0.7,0.1,2269,27,Defender,Portugal
614384,Maximilian Mittelstaedt,10269,VfB Stuttgart,GER-Bundesliga,2.1,52.1,10.0,,3.3,7.0,0.26,0.03,0.9,7.0,0.04,1.7,0.1,0.4,0.3,7.53,,47.0,0.8,2.9,0.8,2475,31,Defender,Germany
614449,Nadiem Amiri,9905,1. FSV Mainz 05,GER-Bundesliga,3.4,47.6,13.0,,1.0,9.2,0.33,0.2,1.6,5.0,0.25,0.6,0.9,0.1,0.7,7.6,,63.0,2.2,1.8,1.2,2481,30,Midfielder,Germany
614834,Dani Olmo,8634,Barcelona,ESP-La Liga,1.6,38.1,7.0,,0.8,3.7,0.27,0.48,1.6,3.0,0.74,0.2,1.3,0.2,0.4,7.3,,26.0,3.1,1.2,1.7,1216,25,Midfielder,Spain
616531,Javier Munoz,8306,Las Palmas,ESP-La Liga,2.0,29.8,4.0,,1.1,2.3,0.08,0.04,1.0,3.0,0.03,1.1,0.2,0.1,0.4,6.81,,29.0,0.9,1.6,0.7,2590,35,Midfielder,Spain
616539,Alex Remiro,8560,Real Sociedad,ESP-La Liga,,23.5,,13.0,0.9,0.0,0.0,,,,,,,,,6.81,2.4,1.0,,0.0,,3240,36,Keeper,Spain
616545,Mikel Vesga,8315,Athletic Club,ESP-La Liga,2.8,39.2,2.0,,2.3,0.7,0.07,0.11,1.3,,,1.4,0.3,0.1,0.8,6.69,,12.0,0.5,2.0,0.6,982,25,Midfielder,Spain
617310,Nayef Aguerd,8560,Real Sociedad,ESP-La Liga,4.4,61.7,1.0,,4.5,0.3,0.01,0.12,0.6,,,0.7,0.3,0.8,,7.17,,5.0,0.8,1.5,0.3,1763,21,Defender,Morocco
618878,Gianluigi Donnarumma,9847,Paris Saint-Germain,FRA-Ligue 1,,19.9,,4.0,0.8,0.0,0.0,,,,,,,,,6.8,2.2,,,0.0,,2092,24,Keeper,Italy
619513,Eldor Shomurodov,8686,Roma,ITA-Serie A,0.5,17.7,3.0,,0.2,1.4,0.11,0.39,1.2,4.0,0.33,0.2,1.2,0.1,0.7,6.77,,17.0,2.4,1.2,0.7,1093,27,,Uzbekistan
620618,Rodrigo Bentancur,8586,Tottenham Hotspur,ENG-Premier League,1.3,51.3,,,2.0,1.0,0.05,0.07,1.9,,0.11,2.2,0.3,0.4,0.5,6.97,,10.0,1.2,2.2,0.5,1653,26,Midfielder,Uruguay
620917,Ko Itakura,9788,Borussia Mönchengladbach,GER-Bundesliga,1.7,52.0,2.0,,5.5,1.5,0.05,0.05,0.9,,0.1,0.9,0.2,0.7,,6.83,,7.0,0.7,1.3,0.4,2790,31,,Japan
621415,Augusto Batalla,8370,Rayo Vallecano,ESP-La Liga,,20.6,,8.0,0.8,0.1,0.0,,0.0,,,,,,,7.12,3.0,1.0,,0.1,0.2,2880,32,Keeper,Argentina
621515,Daichi Kamada,9826,Crystal Palace,ENG-Premier League,1.4,34.3,4.0,,0.8,1.6,0.09,0.06,1.6,,,1.0,0.2,0.3,0.6,6.55,,20.0,1.2,2.7,0.4,1554,34,Midfielder,Japan
621562,Marcus Thuram,8636,Internazionale,ITA-Serie A,0.2,16.0,6.0,,0.6,4.1,0.16,0.39,1.2,4.0,0.55,0.1,1.1,0.1,0.7,7.36,,40.0,2.5,0.7,0.9,2298,32,Attacker,France
622091,Borna Sosa,9804,Torino,ITA-Serie A,1.6,33.5,1.0,,2.1,0.9,0.07,0.02,0.9,,,1.1,0.1,0.5,0.5,6.76,,11.0,0.3,2.0,0.2,1184,19,Midfielder,Croatia
622373,Josip Juranovic,8149,1. FC Union Berlin,GER-Bundesliga,2.2,21.4,3.0,,2.8,2.7,0.21,0.02,0.6,,,0.5,0.2,0.5,0.5,,,27.0,0.5,1.6,0.9,1159,17,Midfielder,Croatia
623537,Ferland Mendy,8633,Real Madrid,ESP-La Liga,,,1.0,,,0.7,,,,1.0,,,,,,,,3.0,,,,1006,14,Defender,France
624166,Manuel Locatelli,9885,Juventus,ITA-Serie A,5.7,67.4,4.0,,2.3,2.7,0.09,0.06,1.5,2.0,0.06,0.7,0.3,0.6,0.2,7.27,,29.0,0.8,2.3,0.3,2834,36,Midfielder,Italy
625091,Gerrit Holtmann,9911,VfL Bochum 1848,GER-Bundesliga,0.7,18.1,6.0,,1.0,2.8,0.23,0.17,2.1,1.0,0.16,1.3,0.7,0.4,0.6,6.61,,20.0,2.5,2.0,0.4,1100,22,Attacker,Philippines
625340,Mauro Arambarri,8305,Getafe,ESP-La Liga,1.1,19.7,,,1.5,0.6,0.02,0.28,1.7,,0.34,0.5,0.6,0.2,0.4,7.05,,18.0,1.9,1.6,0.6,2664,35,Midfielder,Uruguay
626890,Marius Bülter,8226,TSG 1899 Hoffenheim,GER-Bundesliga,0.8,17.3,4.0,,0.7,3.4,0.18,0.19,0.6,2.0,0.36,0.2,0.8,0.2,0.5,6.96,,22.0,1.9,0.7,1.2,1739,25,,Germany
628201,Robin Koch,9810,Eintracht Frankfurt,GER-Bundesliga,2.7,56.6,,,6.7,0.5,0.02,0.06,0.8,,0.1,0.9,0.2,0.9,0.0,6.99,,7.0,0.5,0.8,0.0,2589,30,Defender,Germany
628310,Ado Onaiwu,8583,Auxerre,FRA-Ligue 1,0.5,22.5,3.0,,1.0,1.1,0.11,0.39,0.9,1.0,0.38,0.3,1.3,,0.6,6.55,,10.0,2.2,1.0,1.0,946,31,,Japan
629579,Mamadou Sylla,10281,Real Valladolid,ESP-La Liga,0.3,9.8,2.0,,0.8,0.6,0.04,0.29,0.9,2.0,0.28,0.2,0.4,,0.2,6.43,,14.0,1.3,0.5,0.3,1581,29,,Senegal
629805,Ritsu Doan,8358,Sport-Club Freiburg,GER-Bundesliga,1.0,23.6,8.0,,1.1,5.9,0.19,0.2,0.8,7.0,0.31,0.4,0.7,0.1,0.6,7.34,,27.0,1.9,2.1,1.8,2874,34,Midfielder,Japan
630286,Andreas Hanche-Olsen,9905,1. FSV Mainz 05,GER-Bundesliga,2.0,36.5,1.0,,6.0,0.6,0.04,0.06,1.4,1.0,0.07,0.8,0.1,1.3,0.1,6.56,,3.0,0.8,1.5,0.1,1279,22,Defender,Norway
634110,Carlens Arcus,8121,Angers,FRA-Ligue 1,1.3,30.2,3.0,,3.5,1.4,0.06,0.0,1.7,1.0,,1.2,,0.2,0.1,6.7,,17.0,0.1,2.3,0.4,2055,28,Defender,Haiti
634310,Vincent Sierro,9941,Toulouse,FRA-Ligue 1,2.4,39.5,7.0,,1.5,3.6,0.13,0.16,1.3,1.0,0.19,0.6,0.3,0.3,0.7,7.06,,30.0,1.2,1.6,0.4,2409,29,,Switzerland
635772,Borja Mayoral,8305,Getafe,ESP-La Liga,0.8,15.9,2.0,,0.4,0.3,0.03,0.29,0.7,1.0,0.41,0.2,0.7,,0.8,6.35,,8.0,1.6,0.4,0.5,1105,24,Attacker,Spain
637656,Lucas Perri,9748,Lyon,FRA-Ligue 1,,19.1,,10.0,1.1,0.1,0.0,,0.0,,,,,,,7.11,3.5,1.0,,0.0,,2970,33,,Brazil
637716,Bernardo,9911,VfL Bochum 1848,GER-Bundesliga,5.2,36.8,,,5.3,1.7,0.09,0.04,1.3,,,1.3,0.1,0.9,0.1,6.95,,4.0,0.4,2.4,0.2,1691,20,Defender,Brazil
637753,Felix Passlack,9911,VfL Bochum 1848,GER-Bundesliga,1.9,20.8,6.0,,1.9,3.4,0.13,0.05,1.1,5.0,0.04,0.7,0.2,0.4,0.6,6.57,,23.0,1.0,2.0,0.5,2256,30,,Germany
637756,Carles Alena,8305,Getafe,ESP-La Liga,,,,,,,,,,,,,,0.1,,,,,,,,1546,24,Midfielder,Spain
637756,Carles Alena,9866,Alavés,ESP-La Liga,0.9,25.5,1.0,,0.5,1.4,0.08,0.09,1.1,2.0,,0.1,0.3,,0.6,6.73,,22.0,1.2,1.5,0.9,1546,24,Midfielder,Spain
638010,Isi Palazon,8370,Rayo Vallecano,ESP-La Liga,1.6,30.7,8.0,,0.5,4.7,0.2,0.19,1.6,4.0,0.17,0.3,0.7,0.1,0.8,6.93,,48.0,2.5,0.9,1.0,2169,35,Midfielder,Spain
638070,Luis Rioja,10267,Valencia CF,ESP-La Liga,1.2,23.3,5.0,,1.0,5.7,0.18,0.1,0.6,3.0,0.16,0.7,0.4,0.0,0.7,6.9,,36.0,0.9,1.1,1.3,2866,37,Midfielder,Spain
638090,Luis Milla,8305,Getafe,ESP-La Liga,2.6,33.6,5.0,,0.9,4.9,0.15,0.06,1.2,4.0,0.03,0.8,0.3,,0.4,7.26,,70.0,1.0,1.9,0.7,2878,33,Midfielder,Spain
638127,Johannes Eggestein,8152,FC St. Pauli,GER-Bundesliga,0.7,19.3,5.0,,0.4,1.3,0.06,0.23,0.5,4.0,0.14,,0.6,,0.5,6.42,,24.0,1.7,0.2,0.3,1865,27,,Germany
638622,Frenkie de Jong,8634,Barcelona,ESP-La Liga,3.0,85.7,2.0,,0.5,2.0,0.16,0.05,1.1,2.0,0.16,1.0,0.2,0.1,0.6,7.01,,21.0,0.4,1.5,0.4,1136,26,Midfielder,Netherlands
639450,Yeray Álvarez,8315,Athletic Club,ESP-La Liga,4.2,50.0,1.0,,6.4,0.4,0.02,0.02,0.8,,0.05,1.7,0.1,0.3,0.1,7.37,,4.0,0.5,1.3,0.3,1781,21,Defender,Spain
639671,Patrick Cutrone,10171,Como,ITA-Serie A,0.2,14.5,5.0,,0.2,2.1,0.09,0.31,1.0,4.0,0.31,0.2,1.1,,0.9,6.64,,19.0,3.1,0.7,0.4,2053,33,Attacker,Italy
640122,Brais Méndez,8560,Real Sociedad,ESP-La Liga,1.5,35.8,2.0,,0.9,2.3,0.13,0.21,2.4,2.0,0.18,0.4,0.6,0.1,0.8,6.67,,23.0,1.7,1.4,0.8,1539,27,Midfielder,Spain
640123,Antonio Martinez,9866,Alavés,ESP-La Liga,,12.4,,,1.3,0.9,0.08,0.35,1.5,,0.36,0.1,1.3,0.2,0.7,6.52,,11.0,4.1,1.1,0.8,1005,28,Attacker,Spain
640220,Marc Roca,8603,Real Betis,ESP-La Liga,,,2.0,,,0.5,,,,2.0,,,,,,,,12.0,,,,909,14,Midfielder,Spain
640231,Antonio Raillo,8661,Mallorca,ESP-La Liga,2.5,44.0,4.0,,6.2,1.0,0.03,0.06,1.4,,0.06,0.8,0.2,1.1,0.1,6.91,,13.0,1.0,0.9,0.1,3209,36,Defender,Spain
641595,Nikola Moro,9857,Bologna,ITA-Serie A,4.8,47.1,1.0,,1.2,1.0,0.08,0.04,1.6,2.0,,1.0,0.1,0.5,0.6,7.02,,20.0,1.0,2.6,0.5,1211,22,Midfielder,Croatia
642534,Jonas Föhrenbach,94937,1. FC Heidenheim 1846,GER-Bundesliga,2.0,25.4,1.0,,2.4,2.1,0.11,0.01,0.7,1.0,,0.8,0.0,0.1,0.0,6.5,,14.0,0.4,2.2,0.3,1832,27,Defender,Germany
642551,Aleix Garcia,8178,Bayer 04 Leverkusen,GER-Bundesliga,4.8,72.6,10.0,,1.5,3.8,0.24,0.06,0.5,4.0,0.19,0.7,0.3,0.1,0.5,7.27,,32.0,0.9,0.8,0.2,1451,28,Midfielder,Spain
643228,Alex Palmer,9902,Ipswich Town,ENG-Premier League,,,,,,0.0,,,,,,,,,,,,1.0,,,,1170,13,Keeper,England
643229,Jeremie Boga,9831,Nice,FRA-Ligue 1,0.7,27.1,3.0,,0.1,3.2,0.27,0.2,0.1,1.0,0.09,0.3,1.5,,0.5,6.82,,24.0,2.6,0.9,2.1,1055,21,Attacker,Ivory Coast
643448,Kristijan Jakic,8406,FC Augsburg,GER-Bundesliga,2.2,34.8,,,1.8,1.8,0.07,0.03,0.9,,,1.1,0.2,0.4,0.5,6.84,,16.0,0.7,1.8,0.5,2308,31,Midfielder,Croatia
643635,Amir Murillo,8592,Marseille,FRA-Ligue 1,1.0,56.3,4.0,,2.4,2.9,0.11,0.06,1.1,3.0,0.04,0.7,0.1,0.3,0.3,7.19,,24.0,0.5,1.8,0.5,2436,30,,Panama
643652,Falaye Sacko,10249,Montpellier,FRA-Ligue 1,,,,,,0.2,,,,1.0,,,,,,,,9.0,,,,1208,16,,Mali
643724,Philipp Lienhart,8358,Sport-Club Freiburg,GER-Bundesliga,3.9,62.2,1.0,,3.9,1.0,0.03,0.02,0.7,,0.03,1.2,0.0,0.6,0.0,6.74,,6.0,0.3,0.7,0.1,2771,32,Defender,Austria
647900,Mattias Svanberg,8721,VfL Wolfsburg,GER-Bundesliga,0.6,18.3,4.0,,1.8,1.6,0.12,0.27,1.2,1.0,0.22,1.1,0.6,0.3,0.1,6.74,,13.0,1.5,1.5,0.7,1221,20,Midfielder,Sweden
651910,Dominik Greif,8661,Mallorca,ESP-La Liga,,19.7,,7.0,0.9,0.1,0.0,,,,,,,,,6.91,2.7,,,,0.1,2790,31,Keeper,Slovakia
654044,Arthur,7732,Girona,ESP-La Liga,,,,,,0.6,,,,,,,,,,,,5.0,,,,941,15,,Brazil
654096,Declan Rice,9825,Arsenal,ENG-Premier League,1.9,42.1,16.0,,1.6,5.6,0.18,0.11,0.7,7.0,0.13,0.8,0.5,0.4,0.6,7.34,,59.0,1.5,1.7,0.4,2833,35,Midfielder,England
655696,Artem Dovbyk,8686,Roma,ITA-Serie A,0.0,11.9,5.0,,0.4,1.5,0.06,0.45,1.1,2.0,0.44,0.1,1.0,0.1,0.3,6.79,,25.0,2.3,0.1,0.3,2430,32,Attacker,Ukraine
658240,Cedric Zesiger,8406,FC Augsburg,GER-Bundesliga,2.1,31.9,5.0,,6.2,1.2,0.06,0.06,1.5,2.0,,1.2,0.2,0.8,0.1,6.86,,8.0,0.6,1.3,0.2,1748,22,Defender,Switzerland
658440,Tim Skarke,8149,1. FC Union Berlin,GER-Bundesliga,0.2,17.2,1.0,,1.4,1.1,0.09,0.14,0.8,2.0,,0.4,0.7,,0.3,6.33,,14.0,1.5,1.1,0.8,1101,32,Attacker,Germany
658554,Dayot Upamecano,9823,Bayern München,GER-Bundesliga,3.8,91.7,1.0,,2.3,1.2,0.06,0.06,1.0,,0.1,1.7,0.3,0.4,,7.62,,7.0,0.7,1.8,0.2,1761,20,Defender,France
658658,Selim Amallah,10281,Real Valladolid,ESP-La Liga,1.4,20.0,2.0,,0.3,1.1,0.07,0.22,2.1,1.0,0.2,0.9,0.5,0.1,0.3,6.61,,13.0,1.4,2.0,2.1,1384,24,,Morocco
659272,Julian Ryerson,9789,Borussia Dortmund,GER-Bundesliga,1.1,41.5,8.0,,1.0,4.8,0.19,0.03,1.2,3.0,0.08,0.9,0.2,0.1,0.2,7.04,,36.0,0.7,1.8,1.4,2270,29,Midfielder,Norway
659490,Gabriel Suazo,9941,Toulouse,FRA-Ligue 1,1.4,34.7,11.0,,1.5,4.8,0.2,0.03,1.3,6.0,,1.5,0.2,0.1,0.4,7.11,,40.0,0.3,2.5,1.0,2161,30,Midfielder,Chile
660010,Pedro Pereira,6504,Monza,ITA-Serie A,1.2,26.9,6.0,,2.6,1.4,0.05,0.04,1.6,3.0,0.03,0.7,0.2,0.4,0.1,6.43,,14.0,0.4,1.8,0.5,2675,35,,Portugal
660327,Ibrahima Sissoko,9911,VfL Bochum 1848,GER-Bundesliga,1.5,27.8,2.0,,1.8,2.7,0.1,0.05,2.6,1.0,0.04,1.3,0.2,0.4,0.4,6.94,,27.0,0.7,2.2,1.1,2535,31,Midfielder,Mali
660462,Pierre Lees-Melou,8521,Brest,FRA-Ligue 1,5.4,52.3,4.0,,1.4,2.2,0.13,0.07,1.9,2.0,0.12,0.7,0.5,0.2,0.4,7.13,,19.0,1.3,2.8,0.7,1528,20,,France
660479,Arthur Desmas,9746,Le Havre,FRA-Ligue 1,,18.8,,3.0,0.6,0.0,0.0,,0.1,,,,,,,6.6,3.2,1.0,,,,1620,18,,France
660625,Unai Simon,8315,Athletic Club,ESP-La Liga,,17.5,,10.0,0.9,0.0,0.0,,,,,0.0,,,,7.22,2.3,,,,,1890,21,Keeper,Spain
661519,Deniz Undav,10269,VfB Stuttgart,GER-Bundesliga,0.8,22.1,8.0,,0.5,3.8,0.2,0.61,1.3,3.0,0.47,0.2,1.6,0.1,0.6,6.97,,26.0,3.9,0.6,0.5,1728,27,Attacker,Germany
661761,Riccardo Orsolini,9857,Bologna,ITA-Serie A,1.1,19.3,8.0,,0.5,2.9,0.14,0.48,1.3,4.0,0.72,0.4,1.3,,0.7,7.28,,30.0,3.6,0.8,1.6,1885,30,Attacker,Italy
662205,Manuel Lazzari,8543,Lazio,ITA-Serie A,1.0,30.7,3.0,,0.6,1.6,0.1,0.01,0.8,1.0,,0.6,0.1,0.3,0.3,6.68,,20.0,0.4,1.7,1.0,1409,25,Defender,Italy
662428,Antonee Robinson,9879,Fulham,ENG-Premier League,1.9,37.5,6.0,,3.5,4.1,0.12,0.02,0.9,10.0,,1.8,0.1,0.3,0.2,7.34,,43.0,0.5,2.7,1.1,3167,36,Defender,USA
664226,Pablo Rosario,9831,Nice,FRA-Ligue 1,1.5,32.5,,,2.1,0.9,0.04,0.19,1.2,1.0,0.15,1.6,0.4,0.6,0.3,6.87,,16.0,0.9,1.5,0.5,1774,29,,Dominican Republic
664587,Lassana Coulibaly,9888,Lecce,ITA-Serie A,2.1,26.1,2.0,,1.3,0.6,0.02,0.03,1.3,,0.03,0.6,0.1,0.4,0.3,6.63,,12.0,0.3,1.6,0.6,2673,38,Midfielder,Mali
664970,Waldemar Anton,9789,Borussia Dortmund,GER-Bundesliga,3.2,75.3,1.0,,5.1,1.8,0.08,0.08,0.9,2.0,0.09,1.4,0.1,0.7,0.0,7.24,,6.0,0.9,1.6,0.9,1947,26,Defender,Germany
665188,Albert Gudmundsson,8535,Fiorentina,ITA-Serie A,0.8,28.7,3.0,,0.4,1.0,0.07,0.32,0.9,1.0,0.42,0.4,1.1,,0.7,6.93,,15.0,1.9,0.6,1.1,1279,24,Attacker,Iceland
666857,Yoane Wissa,9937,Brentford,ENG-Premier League,0.5,13.7,3.0,,0.6,1.8,0.06,0.57,1.0,4.0,0.58,0.2,1.3,0.2,0.6,7.27,,28.0,2.8,0.7,0.5,2927,35,Attacker,DR Congo
667788,Benedikt Gimber,94937,1. FC Heidenheim 1846,GER-Bundesliga,2.1,35.5,1.0,,4.2,0.5,0.02,0.02,2.1,,,1.0,0.0,0.6,,6.55,,3.0,0.5,2.4,0.3,2677,32,Defender,Germany
667790,Suat Serdar,9876,Verona,ITA-Serie A,1.2,22.9,2.0,,1.2,0.5,0.04,0.13,2.2,1.0,0.13,0.5,0.5,0.3,0.3,6.68,,10.0,2.0,2.3,1.2,1377,22,Midfielder,Germany
670009,Dimitrios Giannoulis,8406,FC Augsburg,GER-Bundesliga,1.5,27.5,8.0,,2.2,5.4,0.18,0.04,0.6,4.0,0.03,1.6,0.1,0.4,0.3,7.2,,42.0,0.4,1.6,1.0,2655,31,Midfielder,Greece
670928,Giuseppe Pezzella,8534,Empoli,ITA-Serie A,1.1,17.6,10.0,,3.1,4.4,0.14,0.02,1.5,3.0,,0.5,0.1,0.2,0.2,6.64,,36.0,0.5,1.7,0.5,2887,35,,Italy
671331,Leon Bailey,10252,Aston Villa,ENG-Premier League,1.1,21.5,3.0,,0.6,3.0,0.23,0.14,0.9,2.0,0.08,0.2,0.5,,0.9,6.63,,16.0,2.2,0.6,1.7,1143,24,Attacker,Jamaica
671685,Álvaro Tejero,8558,Espanyol,ESP-La Liga,1.6,26.0,6.0,,2.0,3.6,0.26,0.05,1.0,4.0,0.07,0.9,0.3,0.1,0.6,6.64,,33.0,1.2,1.0,0.2,1234,28,,Spain
671865,Santi Comesana,10205,Villarreal,ESP-La Liga,2.1,40.6,3.0,,1.8,2.6,0.09,0.17,1.3,2.0,0.14,0.7,0.3,0.8,0.4,7.05,,27.0,1.4,3.0,0.6,2564,35,Midfielder,Spain
671961,Douglas Augusto,9830,Nantes,FRA-Ligue 1,2.1,39.5,2.0,,1.7,1.2,0.05,0.13,1.6,2.0,0.16,1.2,0.6,0.4,0.3,7.15,,15.0,1.4,2.7,0.5,2315,28,,Brazil
673050,Gautier Larsonneur,9853,St Etienne,FRA-Ligue 1,,19.3,,5.0,1.2,0.0,0.0,,,,,,,,,6.8,4.0,1.0,,0.0,,3033,34,Keeper,France
673356,Pablo Maffeo,8661,Mallorca,ESP-La Liga,1.5,20.7,8.0,,3.2,3.5,0.13,0.01,0.8,2.0,,0.9,0.0,0.4,0.2,7.02,,29.0,0.3,2.3,1.6,2373,30,Defender,Argentina
673689,Pepelu,10267,Valencia CF,ESP-La Liga,4.7,49.0,5.0,,2.1,2.6,0.13,0.11,1.4,2.0,0.1,1.0,0.3,0.3,0.8,6.85,,33.0,0.7,2.2,0.4,1732,34,Midfielder,Spain
674014,David Brooks,8678,Bournemouth,ENG-Premier League,1.2,27.1,3.0,,0.9,2.0,0.19,0.24,1.0,,0.19,0.5,1.1,0.2,0.9,6.58,,20.0,2.4,1.3,1.0,949,29,Attacker,Wales
674242,Budu Zivzivadze,94937,1. FC Heidenheim 1846,GER-Bundesliga,,,2.0,,,1.4,,,,2.0,,,,,,,,12.0,,,,955,15,Attacker,Georgia
674499,Niklas Dorsch,94937,1. FC Heidenheim 1846,GER-Bundesliga,2.9,37.9,2.0,,1.0,2.0,0.13,0.07,1.0,2.0,0.13,1.1,0.2,0.1,0.4,6.73,,13.0,0.6,1.8,0.5,1377,23,Midfielder,Germany
675023,Danel Sinani,8152,FC St. Pauli,GER-Bundesliga,1.2,26.2,6.0,,0.9,2.5,0.18,0.12,1.8,1.0,0.14,0.1,0.9,0.1,0.7,6.64,,24.0,2.5,1.0,0.7,1249,26,Midfielder,Luxembourg
676533,Aitor Ruibal,8603,Real Betis,ESP-La Liga,1.4,28.9,5.0,,2.4,1.9,0.13,0.06,0.7,3.0,0.07,1.0,0.3,0.3,0.3,6.7,,21.0,1.1,2.2,1.0,1304,29,Defender,Spain
678192,Jon Guridi,9866,Alavés,ESP-La Liga,0.8,23.1,2.0,,0.6,1.1,0.05,0.18,1.5,1.0,0.13,0.6,0.5,0.0,0.5,6.55,,17.0,1.0,1.7,0.3,2097,33,Midfielder,Spain
678234,Mikel Oyarzabal,8560,Real Sociedad,ESP-La Liga,0.2,14.5,4.0,,0.5,1.8,0.07,0.41,0.6,3.0,0.36,0.2,0.7,0.0,0.5,6.61,,15.0,1.7,1.0,0.4,2262,35,Attacker,Spain
680031,Pedro Chirivella,9830,Nantes,FRA-Ligue 1,4.4,50.4,4.0,,1.6,2.1,0.08,0.02,1.0,2.0,,0.7,0.1,0.2,0.2,6.87,,19.0,0.3,1.7,0.1,2362,30,,Spain
681213,Ionut Andrei Radu,7881,Venezia,ITA-Serie A,,,,4.0,,0.0,,,,,,,,,,,,,,,,1350,15,Keeper,Romania
681383,Benjamin Henrichs,178475,RB Leipzig,GER-Bundesliga,,,4.0,,,2.0,,,,2.0,,,,,,,,11.0,,,,934,15,Defender,Germany
682548,Ola Aina,10203,Nottingham Forest,ENG-Premier League,0.8,24.6,3.0,,3.2,2.2,0.07,0.02,0.7,1.0,0.06,1.0,0.1,0.4,0.1,7.07,,16.0,0.3,1.6,1.0,3003,35,Defender,Nigeria
683402,Tosin Adarabioyo,8455,Chelsea,ENG-Premier League,2.7,68.9,1.0,,5.1,0.2,0.01,0.06,0.5,1.0,0.06,0.7,0.1,0.4,0.1,,,1.0,0.8,1.1,0.3,1404,22,Defender,England
683450,Pablo Fornals,8603,Real Betis,ESP-La Liga,2.2,42.3,3.0,,0.6,2.9,0.14,0.09,0.6,,0.1,1.1,0.2,0.2,0.8,6.92,,36.0,1.1,1.0,0.3,1836,26,Midfielder,Spain
683473,Kelvin Amian,9830,Nantes,FRA-Ligue 1,1.3,23.7,,,3.1,1.8,0.07,0.04,1.0,,0.04,0.5,0.2,0.5,0.2,6.7,,13.0,0.3,2.3,0.5,2165,30,Defender,France
683761,Javi Sánchez,10281,Real Valladolid,ESP-La Liga,3.0,44.7,1.0,,4.9,0.4,0.02,0.02,0.8,,0.09,1.0,0.2,1.2,,6.32,,6.0,0.5,1.2,0.1,2031,25,,Spain
683762,Sergio Herrera,8371,Osasuna,ESP-La Liga,,19.8,,8.0,1.1,0.1,0.0,,0.0,,,,,,,7.18,3.6,,,0.1,0.0,3330,37,Keeper,Spain
684981,Aaron Martin Caricol,10233,Genoa,ITA-Serie A,2.2,27.6,8.0,,1.9,6.1,0.18,0.03,1.1,8.0,,0.6,0.1,0.3,0.3,7.09,,65.0,0.5,2.1,0.3,3088,36,Defender,Spain
684983,Atakan Karazor,10269,VfB Stuttgart,GER-Bundesliga,2.0,55.0,5.0,,1.7,2.5,0.08,0.08,1.3,4.0,0.07,1.1,0.2,0.2,0.5,7.12,,15.0,0.5,2.0,0.4,2626,32,Midfielder,Turkiye
686102,Yann Karamoh,9804,Torino,ITA-Serie A,0.3,16.0,2.0,,0.4,1.0,0.09,0.11,1.0,1.0,,0.3,0.5,0.2,0.2,6.18,,9.0,2.2,0.4,1.0,1038,29,,France
686315,Phillip Tietz,8406,FC Augsburg,GER-Bundesliga,0.2,15.9,2.0,,1.3,1.4,0.08,0.32,1.9,2.0,0.37,0.3,1.1,0.1,0.5,6.64,,22.0,2.8,0.6,0.8,1684,34,Attacker,Germany
688273,Vitaly Janelt,9937,Brentford,ENG-Premier League,1.9,34.0,7.0,,1.9,2.4,0.1,0.03,1.0,3.0,0.04,1.1,0.2,0.4,0.4,6.72,,15.0,0.6,1.5,0.1,2266,32,Midfielder,Germany
688278,Pervis Estupinán,10204,Brighton and Hove Albion,ENG-Premier League,1.0,43.3,5.0,,2.1,2.5,0.09,0.04,1.3,1.0,0.04,1.4,0.3,0.2,0.4,7.05,,26.0,1.0,2.4,0.7,2403,30,Defender,Ecuador
688295,Christian Pulisic,8564,Milan,ITA-Serie A,0.8,28.3,8.0,,0.4,6.3,0.23,0.43,0.7,9.0,0.4,0.2,0.9,0.1,0.5,7.37,,69.0,2.1,1.6,1.4,2489,34,Attacker,USA
688300,Samuel Chukwueze,8564,Milan,ITA-Serie A,1.8,29.1,5.0,,0.9,2.4,0.24,0.26,0.3,2.0,0.29,0.2,0.8,,0.9,,,27.0,3.1,1.7,2.5,918,26,Attacker,Nigeria
688830,Amadou Haidara,178475,RB Leipzig,GER-Bundesliga,1.8,48.6,2.0,,3.7,1.2,0.08,0.09,1.6,1.0,,1.2,0.1,0.8,0.7,6.74,,5.0,1.2,2.0,0.5,1323,28,Midfielder,Mali
688876,Dodi Lukebakio,8302,Sevilla,ESP-La Liga,0.9,21.7,9.0,,0.4,4.0,0.12,0.29,1.1,2.0,0.32,0.3,1.1,0.0,0.4,7.11,,54.0,2.7,0.6,2.4,3098,38,,Belgium
689065,Alexis Claude,8406,FC Augsburg,GER-Bundesliga,0.7,22.6,1.0,,0.3,1.9,0.08,0.2,1.1,2.0,0.38,0.6,0.9,,0.3,7.06,,21.0,2.5,1.7,1.8,2125,28,Midfielder,France
689680,Jens Odgaard,9857,Bologna,ITA-Serie A,0.5,16.6,6.0,,0.5,1.4,0.07,0.17,1.9,1.0,0.27,0.4,1.0,0.1,0.7,6.77,,17.0,2.2,0.9,0.7,1968,29,Midfielder,Denmark
690107,Alexander Isak,10261,Newcastle United,ENG-Premier League,0.5,16.5,11.0,,0.6,3.6,0.12,0.66,0.9,6.0,0.75,0.1,1.5,0.1,0.6,7.4,,42.0,3.2,0.4,1.4,2769,34,Attacker,Sweden
690149,Axel Tuanzebe,9902,Ipswich Town,ENG-Premier League,0.8,30.3,1.0,,2.8,0.3,0.01,0.01,0.9,1.0,,1.2,,0.5,0.2,6.36,,5.0,0.2,1.6,0.2,1717,22,,DR Congo
690230,Lautaro Martinez,8636,Internazionale,ITA-Serie A,1.0,16.3,9.0,,0.5,4.3,0.15,0.47,1.4,3.0,0.42,0.3,1.2,0.1,0.9,7.23,,37.0,3.6,1.0,0.6,2577,31,Attacker,Argentina
690516,Ademola Lookman,8524,Atalanta,ITA-Serie A,0.3,25.3,12.0,,0.2,7.9,0.31,0.41,1.2,5.0,0.6,0.1,1.4,,0.4,7.39,,61.0,3.3,1.3,1.5,2263,31,Midfielder,Nigeria
692984,Ousmane Dembélé,9847,Paris Saint-Germain,FRA-Ligue 1,1.8,42.1,13.0,,0.1,7.2,0.37,0.86,0.4,6.0,1.09,0.5,2.6,,0.6,7.91,,63.0,5.0,0.6,2.2,1736,29,Attacker,France
693160,Tommaso Augello,8529,Cagliari,ITA-Serie A,2.0,30.1,13.0,,3.2,4.8,0.16,0.01,0.5,7.0,,0.5,,0.3,0.1,6.91,,39.0,0.3,1.6,0.8,2714,38,,Italy
693171,Ludovic Blas,9851,Rennes,FRA-Ligue 1,1.7,25.7,8.0,,0.4,5.4,0.21,0.2,1.2,8.0,0.23,0.5,1.0,0.1,0.5,7.28,,47.0,2.2,1.5,1.7,2302,29,Midfielder,France
693599,Exequiel Palacios,8178,Bayer 04 Leverkusen,GER-Bundesliga,1.5,71.5,4.0,,1.0,2.4,0.19,0.12,0.7,6.0,0.08,1.0,0.7,0.1,1.0,7.34,,28.0,1.0,1.7,0.6,1148,24,Midfielder,Argentina
693678,Wout Faes,8197,Leicester City,ENG-Premier League,2.6,43.8,,,5.9,0.4,0.01,0.05,0.7,,0.03,0.8,0.0,1.1,0.0,6.37,,4.0,0.4,1.3,0.2,2812,34,Defender,Belgium
695062,Javi Galán,9906,Atlético de Madrid,ESP-La Liga,1.2,34.3,8.0,,2.1,3.1,0.15,0.01,1.9,3.0,,0.6,,0.2,0.4,7.05,,15.0,0.5,2.6,1.4,1790,25,Defender,Spain
696263,Romain Del Castillo,8521,Brest,FRA-Ligue 1,1.5,30.7,8.0,,0.4,4.1,0.3,0.33,0.8,4.0,0.43,0.4,0.9,,0.9,7.07,,37.0,1.5,2.2,1.4,1259,26,Attacker,France
696365,Marcus Rashford,10252,Aston Villa,ENG-Premier League,0.8,22.1,8.0,,,3.5,0.22,0.3,,3.0,0.38,,1.0,,0.4,7.01,,28.0,2.2,1.1,1.1,1426,25,Attacker,England
696365,Marcus Rashford,10260,Manchester United,ENG-Premier League,,,,,0.6,,,,0.6,,,0.3,,,,,,,,,,1426,25,Attacker,England
696443,Issa Diop,9879,Fulham,ENG-Premier League,2.6,44.6,,,4.7,0.1,0.01,0.04,0.7,,,0.6,0.1,0.5,0.1,,,3.0,0.3,1.8,0.1,1335,21,Defender,Morocco
696679,Raphinha,8634,Barcelona,ESP-La Liga,1.5,31.5,26.0,,0.7,10.1,0.32,0.61,0.3,9.0,0.57,0.3,1.4,0.1,0.8,7.9,,91.0,3.6,1.1,1.6,2844,36,Attacker,Brazil
698273,Alban Lafont,9830,Nantes,FRA-Ligue 1,,,,2.0,,0.0,,,,,,,,,,,,2.0,,,,1080,12,,Ivory Coast
698653,Igor Zubeldia,8560,Real Sociedad,ESP-La Liga,2.4,50.7,,,3.9,0.6,0.02,0.03,1.5,,,1.2,0.2,0.7,0.0,6.68,,4.0,0.5,1.3,0.2,2273,28,Defender,Spain
701154,Kylian Mbappé,8633,Real Madrid,ESP-La Liga,1.4,28.8,15.0,,,6.6,0.2,0.8,0.8,3.0,0.96,0.0,2.6,,0.5,7.98,,51.0,5.0,0.2,2.6,2915,34,Attacker,France
704151,Arnaut Danjuma,7732,Girona,ESP-La Liga,0.8,18.3,3.0,,0.1,2.3,0.14,0.26,1.0,,0.23,0.1,1.0,0.1,0.2,6.6,,23.0,2.1,0.6,1.4,1538,28,Attacker,Netherlands
704523,Christopher Nkunku,8455,Chelsea,ENG-Premier League,0.4,29.5,1.0,,0.9,1.0,0.1,0.48,1.6,2.0,0.3,0.7,1.2,0.2,0.8,6.59,,14.0,2.5,1.2,1.0,911,27,Attacker,France
705450,Jules Koundé,8634,Barcelona,ESP-La Liga,1.8,55.3,6.0,,2.0,3.8,0.13,0.06,0.8,3.0,0.07,0.7,0.2,0.2,0.5,7.28,,32.0,0.6,2.2,0.8,2606,32,Defender,France
705484,Eray Cömert,10281,Real Valladolid,ESP-La Liga,2.8,40.7,,,3.7,0.1,0.01,0.04,0.9,,,1.2,0.1,0.8,,6.03,,,0.5,1.3,0.2,1782,25,Defender,Switzerland
706297,Jean-Philippe Mateta,9826,Crystal Palace,ENG-Premier League,0.2,9.7,7.0,,0.7,2.3,0.08,0.46,0.9,2.0,0.47,0.1,1.1,0.1,0.7,6.86,,29.0,2.4,0.6,0.7,2654,37,Attacker,France
707970,Djibril Sow,8302,Sevilla,ESP-La Liga,1.3,38.3,4.0,,1.1,1.0,0.04,0.1,1.0,1.0,0.09,1.2,0.3,0.1,0.6,6.93,,21.0,1.0,1.1,0.4,2068,30,Midfielder,Switzerland
708435,Gaëtan Perrin,8583,Auxerre,FRA-Ligue 1,1.7,22.3,19.0,,0.1,4.7,0.16,0.2,0.8,11.0,0.33,0.4,0.9,,0.7,7.29,,73.0,2.0,1.6,2.0,2704,34,Midfielder,France
708457,Léo Pétrot,9853,St Etienne,FRA-Ligue 1,1.2,32.6,3.0,,3.4,1.5,0.05,0.02,0.8,3.0,,1.4,0.1,0.9,0.2,6.7,,16.0,0.2,2.3,0.2,2610,31,,France
708890,Carlos Soler,8654,West Ham United,ENG-Premier League,1.3,35.8,2.0,,1.2,1.9,0.12,0.12,1.7,1.0,0.06,0.5,0.6,0.4,0.4,6.45,,18.0,1.6,1.0,0.5,1404,31,Midfielder,Spain
710158,James Justin,8197,Leicester City,ENG-Premier League,1.0,29.7,1.0,,3.5,0.8,0.03,0.05,0.9,2.0,0.06,1.4,0.2,0.5,0.1,6.59,,14.0,0.8,1.8,0.3,2920,36,,England
710159,Ezri Konsa,10252,Aston Villa,ENG-Premier League,1.0,46.7,1.0,,3.3,0.6,0.02,0.04,0.3,,0.06,0.7,0.2,0.3,0.2,6.84,,6.0,0.3,1.0,0.2,2937,34,Defender,England
711231,Gorka Guruzeta,8315,Athletic Club,ESP-La Liga,0.7,14.5,2.0,,1.0,0.7,0.03,0.32,2.0,2.0,0.34,0.4,0.9,0.2,0.9,6.61,,15.0,2.9,0.8,0.5,1842,36,Attacker,Spain
711357,Ethan Pinnock,9937,Brentford,ENG-Premier League,2.2,42.5,2.0,,6.5,0.7,0.03,0.05,0.4,,0.09,1.1,0.3,0.8,0.0,6.68,,8.0,0.5,1.6,0.1,1913,22,Defender,Jamaica
713924,Sergio Akieme,9837,Reims,FRA-Ligue 1,0.8,27.5,5.0,,3.0,2.5,0.09,0.05,0.9,3.0,0.07,0.6,0.2,0.3,0.2,6.73,,21.0,0.9,1.2,0.5,2526,30,Defender,Equatorial Guinea
715069,Pedro Diaz,8370,Rayo Vallecano,ESP-La Liga,1.3,32.6,3.0,,0.4,2.1,0.16,0.18,0.5,,0.22,0.5,0.6,,0.6,6.79,,26.0,2.4,1.7,1.5,1205,26,Midfielder,Spain
715301,Jonathan Clauss,9831,Nice,FRA-Ligue 1,1.1,31.3,14.0,,2.4,6.8,0.27,0.09,1.0,8.0,0.12,1.9,0.3,0.1,0.5,7.5,,55.0,1.0,2.0,0.4,2311,28,Midfielder,France
719219,Konstantinos Mavropanos,8654,West Ham United,ENG-Premier League,2.9,47.8,2.0,,5.4,0.4,0.02,0.07,0.8,,,1.8,0.2,0.8,0.0,6.7,,5.0,0.8,1.5,0.4,2037,33,Defender,Greece
719330,Dean Henderson,9826,Crystal Palace,ENG-Premier League,,16.6,,11.0,1.1,0.1,0.0,0.0,,,,,,,,7.03,2.7,3.0,0.0,0.1,,3420,38,Keeper,England
721091,Finn Porath,8150,Holstein Kiel,GER-Bundesliga,2.3,17.6,3.0,,2.7,1.8,0.08,0.09,1.4,2.0,0.09,0.9,0.5,0.4,0.5,6.77,,22.0,1.3,2.1,0.7,1971,31,,Germany
722207,Rasmus Kristensen,9810,Eintracht Frankfurt,GER-Bundesliga,1.7,38.5,6.0,,3.2,4.8,0.17,0.09,0.9,3.0,0.18,0.7,0.3,0.5,0.3,7.16,,20.0,0.9,2.1,0.8,2515,30,Defender,Denmark
724196,Danilho Doekhi,8149,1. FC Union Berlin,GER-Bundesliga,1.7,27.9,3.0,,4.9,0.8,0.02,0.07,1.1,,0.03,1.3,0.1,0.4,0.1,6.67,,11.0,0.9,1.1,0.1,2970,33,Defender,Netherlands
724306,Yves Bissouma,8586,Tottenham Hotspur,ENG-Premier League,1.3,48.2,,,2.2,0.6,0.04,0.04,1.8,,0.13,1.2,0.3,0.4,0.4,6.59,,6.0,0.7,3.1,0.4,1405,28,Midfielder,Mali
724368,Keinan Davis,8600,Udinese,ITA-Serie A,0.5,17.6,2.0,,0.4,0.7,0.06,0.24,2.0,1.0,0.17,0.1,0.9,0.1,0.8,,,20.0,2.5,0.8,1.4,1063,23,Attacker,Jamaica
724371,Theo Hernández,8564,Milan,ITA-Serie A,1.1,39.4,8.0,,2.1,4.1,0.14,0.09,0.6,3.0,0.13,0.6,0.6,0.3,0.1,7.18,,47.0,1.5,1.2,0.8,2695,33,,France
724909,Radoslaw Majecki,9829,Monaco,FRA-Ligue 1,,,,3.0,,0.0,,,,,,,,,,,,,,,,1350,15,Keeper,Poland
725398,Mathias Pereira Lage,8521,Brest,FRA-Ligue 1,0.6,16.1,9.0,,1.0,3.3,0.19,0.19,1.7,7.0,0.11,1.1,0.9,0.1,0.7,6.97,,22.0,2.1,2.1,0.6,1570,29,Attacker,Portugal
726345,Nahuel Molina,9906,Atlético de Madrid,ESP-La Liga,1.8,45.4,3.0,,2.5,1.9,0.11,0.05,0.7,3.0,,0.7,0.1,0.2,0.2,6.85,,13.0,0.5,2.5,0.9,1581,30,Defender,Argentina
726442,Joseph Okumu,9837,Reims,FRA-Ligue 1,5.4,46.0,,,7.1,0.4,0.02,0.05,0.8,,0.05,1.3,0.1,1.1,0.3,6.99,,4.0,0.6,1.6,0.7,1698,22,Defender,Kenya
729093,Mathias Olivera,9875,Napoli,ITA-Serie A,1.7,45.1,2.0,,2.5,0.8,0.03,0.04,1.1,2.0,,1.1,0.1,0.5,0.1,7.12,,25.0,0.6,2.4,0.2,2371,32,Defender,Uruguay
729731,Matty Cash,10252,Aston Villa,ENG-Premier League,1.1,28.0,3.0,,2.5,1.3,0.05,0.02,1.2,1.0,0.04,1.0,0.3,0.3,0.2,6.94,,11.0,0.6,2.4,0.8,2077,27,Defender,Poland
729769,Tyler Adams,8678,Bournemouth,ENG-Premier League,0.9,41.1,1.0,,1.7,0.8,0.03,0.07,2.1,3.0,,1.5,0.1,0.5,0.5,7.0,,18.0,0.4,3.8,0.2,1965,28,Midfielder,USA
730901,Yangel Herrera,7732,Girona,ESP-La Liga,1.4,34.1,5.0,,1.9,1.3,0.05,0.14,2.9,3.0,0.16,1.2,0.6,0.3,0.3,6.99,,17.0,1.6,2.6,0.8,2263,29,Midfielder,Venezuela
734042,Kyle Walker-Peters,8466,Southampton,ENG-Premier League,0.8,41.7,5.0,,2.3,2.3,0.07,0.03,0.9,2.0,,0.6,0.2,0.5,0.3,6.6,,24.0,0.6,1.4,1.2,2922,33,Defender,England
737066,Erling Haaland,8456,Manchester City,ENG-Premier League,0.1,8.3,5.0,,0.7,2.0,0.07,0.72,0.8,3.0,0.72,0.2,2.0,0.0,0.5,7.48,,29.0,3.5,0.4,0.4,2741,31,Attacker,Norway
737339,Dany Mota,6504,Monza,ITA-Serie A,0.7,17.0,3.0,,1.0,1.7,0.07,0.22,1.3,2.0,0.21,0.4,0.5,0.0,0.5,6.52,,22.0,1.8,0.6,0.6,2111,31,Attacker,Portugal
737857,Dusan Vlahovic,9885,Juventus,ITA-Serie A,0.5,12.7,3.0,,0.5,0.9,0.05,0.63,1.4,4.0,0.5,0.1,1.5,0.2,0.7,6.97,,15.0,3.9,0.2,0.5,1783,29,Attacker,Serbia
740944,Leo Østigard,8226,TSG 1899 Hoffenheim,GER-Bundesliga,,,,,,0.3,,,,,,,,,,,,3.0,,,,928,11,Defender,Norway
740944,Leo Østigard,9851,Rennes,FRA-Ligue 1,,,,,,0.2,,,,,,,,,,,,2.0,,,,1228,16,Defender,Norway
741049,Eljif Elmas,9804,Torino,ITA-Serie A,,,,,,1.1,,,,,,,,,,,,9.0,,,,1025,13,Midfielder,North Macedonia
743533,Federico Valverde,8633,Real Madrid,ESP-La Liga,4.2,58.5,7.0,,1.5,3.2,0.09,0.08,0.4,4.0,0.18,1.6,0.7,0.2,0.6,7.57,,39.0,1.7,1.5,0.5,3032,36,Midfielder,Uruguay
744494,Gabriel Gudmundsson,8639,Lille,FRA-Ligue 1,1.4,36.5,1.0,,2.0,2.0,0.1,0.04,1.5,,0.1,0.9,0.3,0.4,0.3,6.83,,16.0,0.9,1.8,1.0,1786,30,,Sweden
746395,Aaron Ramsdale,8466,Southampton,ENG-Premier League,,21.5,,3.0,0.9,0.1,0.0,,0.0,,,0.1,,,,6.62,4.2,,,,,2700,30,Keeper,England
747718,Christoph Baumgartner,178475,RB Leipzig,GER-Bundesliga,1.2,23.1,2.0,,1.2,1.7,0.1,0.25,2.5,1.0,0.11,0.7,0.8,0.5,0.8,6.66,,20.0,2.2,2.5,1.0,1606,31,Midfielder,Austria
747767,Ikoma Lois Openda,178475,RB Leipzig,GER-Bundesliga,0.4,13.6,7.0,,0.4,2.3,0.08,0.33,1.1,5.0,0.33,0.2,1.2,0.0,0.5,7.05,,29.0,2.9,0.3,0.8,2463,33,Attacker,Belgium
747926,Moise Kean,8535,Fiorentina,ITA-Serie A,0.3,7.4,4.0,,0.9,1.1,0.04,0.64,1.4,3.0,0.63,0.2,1.7,,0.5,7.27,,19.0,3.5,0.2,1.5,2710,32,Attacker,Italy
748380,Abel Ruiz,7732,Girona,ESP-La Liga,0.5,15.7,,,0.5,0.7,0.05,0.32,0.5,,0.27,0.3,0.6,0.1,0.3,6.47,,8.0,1.5,0.4,0.5,1357,23,Attacker,Spain
749488,Romano Schmid,8697,SV Werder Bremen,GER-Bundesliga,1.9,37.2,6.0,,0.3,8.8,0.28,0.14,0.9,4.0,0.16,0.3,0.5,0.1,1.0,7.31,,68.0,1.5,1.4,1.4,2839,32,Midfielder,Austria
749661,Tammy Abraham,8564,Milan,ITA-Serie A,0.2,11.7,5.0,,1.1,1.3,0.1,0.54,1.8,4.0,0.23,0.2,1.0,,0.1,6.59,,14.0,2.1,1.3,0.3,1177,29,Attacker,England
749662,Fikayo Tomori,8564,Milan,ITA-Serie A,1.8,56.1,1.0,,3.2,0.8,0.04,0.0,0.6,1.0,,1.1,,0.7,,6.88,,8.0,0.1,2.3,0.1,1593,22,Defender,England
749736,Kai Havertz,9825,Arsenal,ENG-Premier League,0.0,19.2,3.0,,1.5,1.7,0.08,0.46,1.8,3.0,0.43,0.3,1.0,0.2,0.3,7.08,,17.0,2.5,0.8,0.4,1874,23,Attacker,Germany
750027,Brahim Diaz,8633,Real Madrid,ESP-La Liga,0.6,36.8,4.0,,0.1,2.3,0.15,0.36,0.9,2.0,0.26,0.3,1.1,0.1,0.5,6.92,,23.0,1.8,1.6,1.6,1380,31,Attacker,Morocco
750028,Francisco Garcia,8633,Real Madrid,ESP-La Liga,1.4,48.4,3.0,,2.2,2.3,0.09,0.04,0.5,2.0,,1.2,0.1,0.2,0.2,7.15,,24.0,0.6,2.1,0.3,2174,31,Defender,Spain
750030,Andrea Pinamonti,10233,Genoa,ITA-Serie A,0.4,13.0,2.0,,0.9,1.3,0.04,0.25,0.7,1.0,0.31,0.0,0.9,0.1,0.3,6.68,,15.0,2.5,0.3,0.3,2860,36,,Italy
750031,Pol Lozano,8558,Espanyol,ESP-La Liga,2.3,31.3,1.0,,1.2,1.0,0.04,0.01,2.6,1.0,,1.0,0.1,0.3,0.3,6.61,,17.0,0.4,2.4,0.2,1958,30,Midfielder,Spain
750734,Dodo,8535,Fiorentina,ITA-Serie A,1.7,31.8,8.0,,1.5,4.3,0.12,0.04,0.7,5.0,,1.0,0.2,0.1,0.5,7.31,,36.0,0.8,1.3,1.5,3119,35,Midfielder,Brazil
750880,Ardian Ismajli,8534,Empoli,ITA-Serie A,2.1,31.2,,,8.8,0.1,0.0,0.01,0.8,,,2.0,,0.9,,6.97,,2.0,0.2,1.1,,2510,29,Defender,Albania
751202,Alphonso Davies,9823,Bayern München,GER-Bundesliga,0.6,60.0,2.0,,1.2,2.2,0.13,0.07,0.5,2.0,0.06,0.7,0.2,0.1,0.3,7.56,,27.0,1.0,1.7,1.8,1561,19,Defender,Canada
751550,Diogo Dalot,10260,Manchester United,ENG-Premier League,1.8,36.8,4.0,,2.0,2.5,0.08,0.07,1.3,3.0,,1.2,0.2,0.3,0.3,7.13,,26.0,0.8,2.2,0.9,2813,33,Midfielder,Portugal
751649,Jack Harrison,8668,Everton,ENG-Premier League,0.6,16.2,6.0,,1.3,3.1,0.14,0.15,0.6,,0.04,0.4,0.3,0.1,0.4,6.44,,33.0,1.3,1.4,1.0,2083,34,Attacker,England
751762,Dylan Batubinsika,9853,St Etienne,FRA-Ligue 1,1.6,49.3,,,6.2,0.4,0.02,0.04,1.1,,0.04,1.7,0.1,0.6,,6.53,,4.0,0.3,1.2,0.3,2017,25,,DR Congo
751998,Omar Alderete,8305,Getafe,ESP-La Liga,4.5,21.8,2.0,,7.2,0.9,0.03,0.05,1.0,,0.03,1.1,0.3,0.7,0.1,7.18,,11.0,1.1,1.3,0.5,2978,34,,Paraguay
753724,Viti,8306,Las Palmas,ESP-La Liga,1.3,26.4,2.0,,2.4,1.3,0.06,0.0,1.3,2.0,,1.2,0.1,0.3,0.1,6.82,,12.0,0.1,3.2,0.4,1986,29,Defender,Spain
754126,Kevin Danso,8588,Lens,FRA-Ligue 1,,,1.0,,,0.4,,,,,,,,,,,,6.0,,,,1080,12,Defender,Austria
759097,Joakim Mæhle,8721,VfL Wolfsburg,GER-Bundesliga,1.3,33.6,2.0,,2.0,3.1,0.13,0.08,0.4,4.0,0.12,1.0,0.3,0.1,0.3,6.97,,20.0,0.7,1.4,0.8,2190,28,Defender,Denmark
759580,Stephy Mavididi,8197,Leicester City,ENG-Premier League,0.3,24.4,4.0,,0.7,3.3,0.18,0.1,1.0,1.0,0.22,0.6,0.4,0.1,0.6,6.6,,22.0,1.5,1.9,2.0,1613,30,Attacker,England
760320,Aaron Wan-Bissaka,8654,West Ham United,ENG-Premier League,0.9,35.5,7.0,,3.2,2.8,0.08,0.03,0.7,5.0,0.06,1.9,0.1,0.3,0.4,7.26,,33.0,0.5,2.0,1.8,3154,36,Defender,DR Congo
760359,Harvey Barnes,10261,Newcastle United,ENG-Premier League,0.4,23.1,8.0,,0.6,4.6,0.23,0.37,0.8,4.0,0.46,0.3,1.1,0.1,0.4,6.92,,26.0,3.2,0.8,1.2,1755,33,Attacker,England
760398,Cedric Kipre,9837,Reims,FRA-Ligue 1,2.5,46.9,1.0,,6.5,1.4,0.06,0.03,1.0,1.0,,1.3,0.0,1.1,0.1,6.96,,10.0,0.4,1.7,0.4,2190,28,Defender,Ivory Coast
760712,Trent Alexander-Arnold,8650,Liverpool,ENG-Premier League,4.8,47.6,15.0,,1.8,7.4,0.28,0.09,0.4,6.0,0.11,1.2,0.3,0.3,0.4,7.38,,53.0,1.7,2.7,0.6,2377,33,Defender,England
760722,Kamil Grabara,8721,VfL Wolfsburg,GER-Bundesliga,,23.6,,5.0,1.1,0.1,0.0,,,,,,,,,6.83,3.2,2.0,,,0.1,2586,29,Keeper,Poland
760752,Arijanet Muric,9902,Ipswich Town,ENG-Premier League,,,,1.0,,0.0,,,,,,,,,,,,,,,,1620,18,,Kosovo
762028,Ylber Ramadani,9888,Lecce,ITA-Serie A,2.0,34.4,1.0,,1.3,0.4,0.02,0.03,0.9,1.0,0.05,1.2,0.3,0.4,0.5,6.75,,16.0,0.8,2.5,0.6,1814,29,Midfielder,Albania
763313,Erhan Masovic,9911,VfL Bochum 1848,GER-Bundesliga,,,2.0,,,0.5,,,,1.0,,,,,,,,3.0,,,,907,16,Defender,Serbia
763970,Valentin Rosier,7854,Leganés,ESP-La Liga,1.3,26.7,1.0,,4.5,1.3,0.04,0.03,1.5,2.0,0.03,1.8,0.1,0.5,0.1,6.93,,11.0,0.5,2.5,0.8,2592,32,Defender,France
764018,Gregor Kobel,9789,Borussia Dortmund,GER-Bundesliga,,27.1,,7.0,1.0,0.0,0.0,,,,,0.0,,,,6.87,2.7,1.0,,,0.1,2880,32,Keeper,Switzerland
765693,Orel Mangala,8668,Everton,ENG-Premier League,1.1,31.3,,,1.5,0.6,0.04,0.08,1.7,,0.07,1.5,0.4,0.2,0.3,,,8.0,1.1,1.1,1.0,1255,19,Midfielder,Belgium
765998,Amos Pieper,8697,SV Werder Bremen,GER-Bundesliga,4.2,46.7,1.0,,5.6,0.6,0.04,0.03,0.7,,,1.4,0.1,1.0,0.2,6.66,,4.0,0.4,1.9,0.1,1500,23,Defender,Germany
766062,Michele Di Gregorio,9885,Juventus,ITA-Serie A,,19.4,1.0,14.0,0.9,0.0,0.0,,,,,0.0,,,,7.0,2.2,1.0,,,,2970,33,Keeper,Italy
766435,Lucas Paquetá,8654,West Ham United,ENG-Premier League,3.2,41.9,4.0,,1.3,3.3,0.12,0.2,2.0,,0.15,0.7,0.2,0.2,0.6,6.73,,36.0,1.5,2.5,0.8,2384,33,,Brazil
766574,Yehvann Diouf,9837,Reims,FRA-Ligue 1,,20.5,,7.0,1.0,0.0,0.0,0.0,,,,0.0,0.0,,,7.18,4.0,,0.0,0.1,0.1,3060,34,Keeper,Senegal
766611,Nikola Milenkovic,10203,Nottingham Forest,ENG-Premier League,2.5,23.0,2.0,,5.6,0.5,0.01,0.11,0.5,2.0,0.14,0.7,0.2,0.6,0.1,7.03,,9.0,0.8,1.4,0.0,3330,37,Defender,Serbia
766957,Luis Pérez,10281,Real Valladolid,ESP-La Liga,2.1,24.8,4.0,,2.6,2.6,0.09,0.01,0.5,,,1.0,0.1,0.3,0.1,6.3,,27.0,0.2,1.4,0.4,2558,30,,Spain
767716,Aurelio Buta,9837,Reims,FRA-Ligue 1,1.0,30.0,2.0,,2.3,1.4,0.07,0.01,1.5,1.0,,1.0,0.0,0.2,0.3,6.66,,10.0,0.4,1.7,0.4,1977,27,,Portugal
767789,Marco Friedl,8697,SV Werder Bremen,GER-Bundesliga,3.8,54.9,1.0,,5.4,0.4,0.02,0.02,1.1,,,1.4,0.1,1.0,0.0,7.02,,3.0,0.2,2.6,0.2,2163,26,Defender,Austria
768331,Igor Julio,10204,Brighton and Hove Albion,ENG-Premier League,,,,,,0.3,,,,,,,,,,,,2.0,,,,960,13,Defender,Brazil
768474,Mile Svilar,8686,Roma,ITA-Serie A,,25.8,,16.0,0.6,0.0,0.0,0.0,,,,,,,,7.21,3.1,,0.0,,,3420,38,Keeper,Serbia
769166,Jean-Ricner Bellegarde,8602,Wolverhampton Wanderers,ENG-Premier League,0.7,24.6,9.0,,0.9,2.8,0.15,0.08,1.7,7.0,0.11,0.5,0.3,0.2,0.3,6.75,,28.0,1.2,2.1,0.7,1681,35,Midfielder,Haiti
769525,Caio Henrique,9829,Monaco,FRA-Ligue 1,1.9,39.2,10.0,,2.5,5.9,0.27,0.01,0.7,6.0,,1.0,0.0,0.4,0.2,7.17,,35.0,0.2,1.7,0.7,1932,27,Defender,Brazil
769895,Matthijs de Ligt,10260,Manchester United,ENG-Premier League,1.4,52.4,,,3.8,0.3,0.01,0.1,0.7,,0.08,1.4,0.4,0.9,0.0,6.8,,6.0,0.8,1.3,0.1,2128,29,Defender,Netherlands
769931,Irvin Cardona,9853,St Etienne,FRA-Ligue 1,,,2.0,,,1.7,,,,3.0,,,,,,,,19.0,,,,1046,15,Attacker,Malta
770267,Ben Johnson,9902,Ipswich Town,ENG-Premier League,0.9,16.6,4.0,,3.5,0.9,0.06,0.07,1.8,2.0,0.07,0.9,0.2,0.3,0.1,6.37,,12.0,0.5,2.5,0.5,1349,23,Defender,England
770271,Mickael Nade,9853,St Etienne,FRA-Ligue 1,1.6,49.4,2.0,,5.3,0.5,0.02,0.02,0.8,2.0,0.04,1.3,0.1,0.8,0.2,6.7,,7.0,0.2,2.3,0.2,2278,26,Defender,France
770321,Mahdi Camara,8521,Brest,FRA-Ligue 1,0.7,33.7,3.0,,0.9,2.6,0.09,0.13,1.4,3.0,0.17,1.1,0.7,0.2,0.7,7.13,,26.0,1.7,2.4,1.0,2669,34,Midfielder,France
770340,Arnaud Nordin,10249,Montpellier,FRA-Ligue 1,,,1.0,,,1.1,,,,1.0,,,,,,,,15.0,,,,1171,16,Midfielder,France
770881,Achraf Hakimi,9847,Paris Saint-Germain,FRA-Ligue 1,1.7,75.5,12.0,,0.6,5.3,0.23,0.13,0.8,6.0,0.17,1.3,0.6,0.1,0.8,7.91,,50.0,1.4,2.1,1.1,2067,25,Defender,Morocco
771294,Ismaila Sarr,9826,Crystal Palace,ENG-Premier League,0.3,15.8,17.0,,1.3,6.7,0.22,0.36,0.5,6.0,0.27,0.3,1.0,0.3,0.4,7.07,,44.0,2.0,0.7,0.6,2714,38,Midfielder,Senegal
771401,Anthony Caci,9905,1. FSV Mainz 05,GER-Bundesliga,1.5,31.5,6.0,,1.4,7.9,0.26,0.1,1.2,7.0,0.03,0.9,0.4,0.3,0.5,7.25,,50.0,1.1,2.0,1.0,2703,33,Midfielder,France
771630,Gideon Mensah,8583,Auxerre,FRA-Ligue 1,2.3,34.0,4.0,,2.9,1.7,0.07,0.01,1.3,1.0,,2.0,0.0,0.2,0.3,7.07,,22.0,0.2,2.7,1.1,2284,29,Defender,Ghana
773189,Tanguy Ndombélé,9831,Nice,FRA-Ligue 1,1.1,32.9,3.0,,0.6,1.3,0.11,0.19,0.8,2.0,0.08,1.1,0.2,,0.7,,,18.0,0.9,2.8,2.0,1134,18,Midfielder,France
775539,Noussair Mazraoui,10260,Manchester United,ENG-Premier League,1.6,43.2,2.0,,2.6,1.9,0.06,0.02,1.2,1.0,,1.1,0.1,0.3,0.3,6.99,,20.0,0.4,3.6,0.8,2848,37,Defender,Morocco
775614,Ryan Yates,10203,Nottingham Forest,ENG-Premier League,0.5,29.2,,,2.8,0.5,0.02,0.11,2.5,1.0,0.09,1.2,0.4,0.5,0.2,6.76,,18.0,1.6,2.0,0.4,1904,35,Midfielder,England
776151,Ben White,9825,Arsenal,ENG-Premier League,,,2.0,,,1.4,,,,2.0,,,,,,,,10.0,,,,1198,17,Defender,England
776591,Abdul Mumin,8370,Rayo Vallecano,ESP-La Liga,2.2,40.1,,,5.4,0.1,0.01,0.03,1.0,1.0,0.09,1.0,0.2,1.3,0.1,7.0,,1.0,0.4,1.6,0.2,2020,24,Defender,Ghana
776689,Caoimhin Kelleher,8650,Liverpool,ENG-Premier League,,,,4.0,,0.0,,,,,,,,,,,,,,,,900,10,Keeper,Ireland
776940,Christian Kouamé,8534,Empoli,ITA-Serie A,0.7,,3.0,,,,,,,,0.08,,0.5,0.2,,,,17.0,,,,1122,26,,Ivory Coast
776940,Christian Kouamé,8535,Fiorentina,ITA-Serie A,,17.3,,,1.1,1.3,0.11,0.26,1.6,1.0,,0.2,,,0.7,6.61,,,2.2,1.4,1.0,1122,26,,Ivory Coast
777028,André Almeida,10267,Valencia CF,ESP-La Liga,1.7,34.5,4.0,,0.5,4.9,0.22,0.05,1.3,4.0,,0.4,0.2,0.1,0.4,6.81,,43.0,0.8,2.2,1.0,1988,34,Midfielder,Portugal
782502,Malang Sarr,8588,Lens,FRA-Ligue 1,5.3,55.3,1.0,,4.0,0.6,0.04,0.02,0.8,,,1.4,0.1,0.6,0.1,6.64,,5.0,0.4,1.4,0.1,1382,21,Defender,France
782703,Marin Sverko,7881,Venezia,ITA-Serie A,,,1.0,,,0.3,,,,,,,,,,,,2.0,,,,1119,16,Defender,Croatia
783505,Edson Álvarez,8654,West Ham United,ENG-Premier League,1.9,43.2,1.0,,2.1,0.9,0.04,0.02,2.1,1.0,,0.9,0.1,0.4,0.3,6.53,,12.0,0.6,2.5,0.7,1781,28,,Mexico
784146,Moritz Nicolas,9788,Borussia Mönchengladbach,GER-Bundesliga,,32.1,,4.0,0.8,0.0,0.0,,,,,0.1,,,,7.23,3.8,,,,,1640,19,Keeper,Germany
784241,Manu Morlanes,8661,Mallorca,ESP-La Liga,1.6,41.8,,,1.1,0.7,0.05,0.04,1.0,,,1.6,0.1,0.5,0.5,6.82,,10.0,0.7,3.0,0.2,1340,23,Midfielder,Spain
784246,Daniel Raba,7854,Leganés,ESP-La Liga,1.0,19.0,12.0,,0.8,4.6,0.22,0.36,1.9,6.0,0.38,0.7,0.8,0.1,0.8,7.3,,47.0,2.1,1.8,2.2,1890,29,Attacker,Spain
785411,Marcos Senesi,8678,Bournemouth,ENG-Premier League,,,,,,0.5,,,,,,,,,,,,3.0,,,,1108,17,Defender,Argentina
785511,Fran Beltrán,9910,Celta de Vigo,ESP-La Liga,2.9,48.6,4.0,,1.2,1.8,0.07,0.04,1.3,1.0,0.07,1.0,0.1,0.2,0.3,6.73,,15.0,0.9,1.9,0.4,2426,34,Midfielder,Spain
785739,Timo Becker,8150,Holstein Kiel,GER-Bundesliga,2.5,24.4,3.0,,3.9,1.0,0.04,0.06,0.3,2.0,,0.6,0.1,0.6,0.1,6.43,,6.0,0.6,2.0,0.4,2444,30,,Germany
786580,Marshall Munetsi,8602,Wolverhampton Wanderers,ENG-Premier League,,,3.0,,,1.1,,,,1.0,,,,,,,,9.0,,,,1079,14,,Zimbabwe
786580,Marshall Munetsi,9837,Reims,FRA-Ligue 1,0.6,13.7,1.0,,1.6,1.8,0.09,0.21,1.5,2.0,0.21,0.9,0.5,0.2,0.4,7.11,,19.0,1.7,1.9,0.3,1694,19,,Zimbabwe
787242,Evan N'Dicka,8686,Roma,ITA-Serie A,2.2,60.3,2.0,,3.8,0.4,0.01,0.03,1.0,1.0,,0.9,0.1,0.8,0.1,6.95,,8.0,0.5,0.8,,3420,38,Defender,Ivory Coast
789066,Cristian Romero,8586,Tottenham Hotspur,ENG-Premier League,,,1.0,,,0.8,,,,,,,,,,,,7.0,,,,1420,18,Defender,Argentina
789243,Youssef Maleh,8534,Empoli,ITA-Serie A,1.7,23.5,1.0,,1.3,0.4,0.03,0.05,1.9,1.0,,1.0,0.2,0.4,0.7,6.72,,12.0,1.0,2.7,0.2,1514,22,,Morocco
789502,Morgan Gibbs-White,10203,Nottingham Forest,ENG-Premier League,1.6,31.2,10.0,,0.9,4.7,0.15,0.2,1.2,8.0,0.22,0.7,0.7,0.2,0.5,7.25,,51.0,1.9,1.4,1.0,2822,34,Midfielder,England
789509,Gabriel Osho,8583,Auxerre,FRA-Ligue 1,2.3,36.2,,,4.6,0.2,0.01,0.05,0.6,,0.05,0.7,0.2,1.0,0.1,6.76,,1.0,0.4,1.2,0.2,1657,20,,Nigeria
789571,Robert Sánchez,8455,Chelsea,ENG-Premier League,,21.5,,10.0,1.1,0.0,0.0,,0.1,,,0.1,,,,7.13,3.0,2.0,,,,2880,32,Keeper,Spain
789578,Dara O'Shea,9902,Ipswich Town,ENG-Premier League,2.7,34.3,1.0,,6.3,0.7,0.02,0.04,0.6,2.0,,1.0,0.1,1.4,,6.56,,3.0,0.6,1.4,0.0,3123,35,Defender,Ireland
789630,Marcus Tavernier,8678,Bournemouth,ENG-Premier League,1.4,29.5,9.0,,0.4,3.6,0.17,0.25,1.6,5.0,0.14,0.2,0.8,0.1,1.0,7.05,,43.0,2.6,2.0,1.3,1938,29,Midfielder,England
789914,Edmond Tapsoba,8178,Bayer 04 Leverkusen,GER-Bundesliga,3.3,59.2,,,3.1,1.3,0.05,0.04,1.2,,,0.9,0.1,0.5,0.0,6.98,,4.0,0.8,1.4,0.4,2511,29,Defender,Burkina Faso
790732,Tommaso Pobega,9857,Bologna,ITA-Serie A,1.4,28.9,1.0,,1.2,0.8,0.06,0.16,2.5,2.0,0.15,1.1,0.6,0.3,0.3,6.66,,12.0,1.8,2.5,0.2,1178,21,Midfielder,Italy
792645,Pau Torres,10252,Aston Villa,ENG-Premier League,2.3,54.1,,,3.3,0.4,0.02,0.02,0.4,,,0.4,0.1,0.5,,6.61,,3.0,0.4,0.9,0.7,2020,24,Defender,Spain
793041,Federico Ravaglia,9857,Bologna,ITA-Serie A,,,,4.0,,0.0,,,,,,,,,,,,1.0,,,,1055,12,Keeper,Italy
793066,David Neres,9875,Napoli,ITA-Serie A,0.4,27.4,6.0,,0.2,3.2,0.22,0.19,1.0,4.0,0.14,0.5,0.5,,0.4,6.87,,26.0,2.0,1.5,2.3,1277,28,Attacker,Brazil
793907,Trevoh Chalobah,8455,Chelsea,ENG-Premier League,2.3,43.0,5.0,,4.7,0.6,0.03,0.09,0.9,1.0,,1.3,0.3,0.5,0.2,7.05,,8.0,0.8,1.4,0.4,1974,25,Defender,England
793907,Trevoh Chalobah,9826,Crystal Palace,ENG-Premier League,,,,,,,,,,,0.14,,,,,,,,,,,1974,25,Defender,England
794253,Justin Kluivert,8678,Bournemouth,ENG-Premier League,0.9,21.0,6.0,,0.9,3.7,0.14,0.39,1.8,6.0,0.46,0.5,1.1,,0.6,7.14,,45.0,2.4,0.9,1.4,2356,34,Midfielder,Netherlands
794393,Adrian Beck,94937,1. FC Heidenheim 1846,GER-Bundesliga,1.8,31.4,2.0,,1.0,1.9,0.11,0.18,0.9,1.0,0.23,0.5,0.7,0.1,0.5,6.96,,21.0,2.2,2.0,2.3,1594,32,Midfielder,Germany
795179,Gabriel,9825,Arsenal,ENG-Premier League,2.2,56.2,2.0,,3.4,1.2,0.05,0.1,0.7,1.0,0.11,0.6,0.2,1.1,0.1,7.21,,13.0,0.8,1.0,0.2,2365,28,Defender,Brazil
797594,Azor Matusiwa,9851,Rennes,FRA-Ligue 1,2.3,41.9,2.0,,2.1,1.6,0.07,0.05,1.3,3.0,0.04,1.5,0.1,0.4,0.6,7.13,,17.0,0.5,2.8,0.7,2078,29,Midfielder,Netherlands
797901,Jorge de Frutos,8370,Rayo Vallecano,ESP-La Liga,0.3,15.3,8.0,,0.5,2.3,0.08,0.23,1.5,3.0,0.22,0.7,0.7,,0.8,6.73,,31.0,1.9,1.3,1.1,2511,36,Attacker,Spain
797908,Emerson Royal,8564,Milan,ITA-Serie A,,,1.0,,,1.1,,,,,,,,,,,,15.0,,,,1382,17,,Brazil
798029,Ladislav Krejci,7732,Girona,ESP-La Liga,2.8,70.4,,,3.3,0.8,0.03,0.06,0.9,,0.07,1.3,0.2,0.7,0.0,6.79,,8.0,0.7,0.8,0.3,2439,28,Defender,Czechia
798659,Joe Aribo,8466,Southampton,ENG-Premier League,0.7,41.2,3.0,,1.2,1.3,0.06,0.12,0.9,,0.13,0.9,0.3,0.5,0.5,6.62,,16.0,0.8,2.1,0.9,2018,32,Midfielder,Nigeria
799230,Federico Baschirotto,9888,Lecce,ITA-Serie A,3.3,36.9,,,6.2,0.5,0.01,0.03,0.8,,0.05,0.6,0.2,0.8,0.0,6.66,,4.0,0.6,1.0,0.1,3420,38,,Italy
799497,Samuele Birindelli,6504,Monza,ITA-Serie A,1.1,23.2,2.0,,1.5,1.1,0.07,0.13,1.0,,0.18,0.6,0.6,0.1,0.2,6.65,,18.0,1.0,1.3,0.3,1474,21,Midfielder,Italy
800609,Matteo Guendouzi,8543,Lazio,ITA-Serie A,3.1,53.0,3.0,,1.2,2.8,0.08,0.04,0.8,3.0,0.03,0.9,0.2,0.2,0.4,7.14,,43.0,0.7,1.0,0.4,3274,37,,France
801120,Jens-Lys Cajuste,9902,Ipswich Town,ENG-Premier League,1.1,28.6,,,1.5,0.7,0.03,0.03,1.1,1.0,0.05,1.3,0.0,0.5,0.5,6.59,,13.0,0.5,2.0,1.3,1976,30,Midfielder,Sweden
801213,Tete Morente,9888,Lecce,ITA-Serie A,1.7,22.8,2.0,,1.2,1.2,0.05,0.12,1.2,2.0,0.13,0.6,0.6,0.0,0.5,6.79,,25.0,1.8,1.2,1.3,2029,31,,Spain
802462,Christopher Operi,9746,Le Havre,FRA-Ligue 1,,,5.0,,,3.2,,,,2.0,,,,,,,,24.0,,,,1169,13,,Ivory Coast
803343,Mads Roerslev,9937,Brentford,ENG-Premier League,1.3,29.8,4.0,,2.5,2.1,0.17,0.02,0.5,2.0,,0.3,0.2,0.4,0.2,,,14.0,0.4,1.5,0.6,1096,19,Defender,Denmark
805451,Alessandro Bastoni,8636,Internazionale,ITA-Serie A,5.1,68.5,7.0,,1.7,2.8,0.1,0.03,1.6,5.0,0.04,0.8,0.1,0.5,0.1,7.15,,27.0,0.5,1.7,0.3,2419,33,Defender,Italy
805767,Dennis Man,10167,Parma,ITA-Serie A,0.7,27.4,5.0,,0.4,2.7,0.12,0.26,0.4,4.0,0.18,0.4,0.9,0.1,0.5,6.77,,45.0,2.2,0.6,1.1,1999,33,,Romania
806552,Cody Gakpo,8650,Liverpool,ENG-Premier League,0.6,21.3,11.0,,0.7,3.8,0.17,0.33,0.9,4.0,0.46,0.6,1.1,0.1,0.6,7.11,,38.0,2.6,1.3,1.4,1939,35,Attacker,Netherlands
806669,David Raum,178475,RB Leipzig,GER-Bundesliga,1.8,33.3,8.0,,2.1,7.4,0.37,0.02,1.2,5.0,0.05,0.5,0.2,0.4,0.6,7.27,,48.0,0.5,1.9,0.6,1788,22,Defender,Germany
807148,Luca Pellegrini,8543,Lazio,ITA-Serie A,2.4,36.3,5.0,,2.0,1.6,0.14,0.06,1.5,4.0,,1.6,0.3,0.3,0.2,6.92,,20.0,1.1,2.0,0.9,1059,22,Defender,Italy
807729,Reece James,8455,Chelsea,ENG-Premier League,3.0,55.6,3.0,,1.8,1.2,0.1,0.04,0.7,1.0,0.08,1.1,0.3,0.5,0.3,,,11.0,0.9,0.8,0.6,1064,19,Defender,England
812415,Hugo Magnetti,8521,Brest,FRA-Ligue 1,1.7,35.0,,,1.4,0.7,0.03,0.03,1.1,,0.04,0.7,0.2,0.1,0.5,6.64,,6.0,0.7,2.0,0.3,2329,32,Midfielder,France
812652,Facundo Medina,8588,Lens,FRA-Ligue 1,3.1,56.3,1.0,,2.4,3.4,0.12,0.06,1.0,1.0,,1.1,0.1,0.4,0.4,7.12,,24.0,1.0,1.6,0.4,2546,29,Defender,Argentina
812982,Sorba Thomas,9830,Nantes,FRA-Ligue 1,0.8,20.6,8.0,,1.6,3.0,0.2,0.1,0.9,3.0,0.07,0.6,0.1,0.1,0.6,6.73,,36.0,0.6,1.0,0.6,1322,25,,Wales
813055,Mousa Tamari,9851,Rennes,FRA-Ligue 1,,17.5,,,0.2,2.5,0.13,0.26,0.6,,0.16,0.3,,,0.9,6.69,,22.0,2.2,1.0,1.6,1685,26,Midfielder,Jordan
813055,Mousa Tamari,10249,Montpellier,FRA-Ligue 1,0.6,,6.0,,,,,,,1.0,,,0.7,,,,,,,,,1685,26,Midfielder,Jordan
813428,Dani de Wit,9911,VfL Bochum 1848,GER-Bundesliga,0.6,22.7,,,1.7,0.5,0.04,0.17,1.9,1.0,0.16,0.9,0.6,0.3,0.2,6.49,,10.0,1.6,2.3,0.1,1143,27,,Netherlands
813771,Sergio González,7854,Leganés,ESP-La Liga,3.1,38.6,1.0,,5.5,0.5,0.02,0.04,0.9,,0.06,1.2,0.2,0.9,,6.63,,5.0,0.4,1.2,0.1,2961,36,,Spain
814398,Nicolo Casale,9857,Bologna,ITA-Serie A,,,1.0,,,0.5,,,,1.0,,,,,,,,3.0,,,,1033,17,Defender,Italy
814400,Antonio Candela,7881,Venezia,ITA-Serie A,,,2.0,,,0.5,,,,1.0,,,,,,,,9.0,,,,1011,14,Midfielder,Italy
814400,Antonio Candela,10281,Real Valladolid,ESP-La Liga,,,1.0,,,0.7,,,,,,,,,,,,6.0,,,,910,12,Midfielder,Italy
814663,Alejandro Catena,8371,Osasuna,ESP-La Liga,4.1,37.2,4.0,,6.4,1.9,0.06,0.07,1.1,3.0,0.03,1.0,0.1,0.7,,7.08,,10.0,0.6,1.3,0.2,3076,35,Defender,Spain
815006,Phil Foden,8456,Manchester City,ENG-Premier League,1.7,38.2,7.0,,0.4,5.3,0.27,0.26,0.3,2.0,0.35,0.5,0.8,0.1,0.7,6.98,,43.0,2.7,0.7,0.7,1779,28,Midfielder,England
815187,Yvan Neyou Noupa,7854,Leganés,ESP-La Liga,1.7,37.6,1.0,,1.4,1.1,0.04,0.02,1.3,1.0,0.04,1.0,0.1,0.2,0.3,6.86,,13.0,0.6,2.1,0.7,2321,30,,Cameroon
815431,Davide Frattesi,8636,Internazionale,ITA-Serie A,0.6,22.2,2.0,,1.0,0.8,0.06,0.31,0.8,1.0,0.38,0.4,0.6,0.3,0.2,6.75,,7.0,2.1,1.3,0.5,1184,28,Midfielder,Italy
815465,Romain Perraud,8603,Real Betis,ESP-La Liga,0.7,32.8,4.0,,2.7,1.4,0.06,0.02,1.2,2.0,0.09,1.0,0.2,0.2,0.3,6.77,,16.0,0.9,1.6,0.5,1998,28,Defender,France
816325,Boubacar Kamara,10252,Aston Villa,ENG-Premier League,1.4,43.0,2.0,,2.5,0.8,0.04,0.04,1.6,,0.05,1.0,0.2,0.4,0.2,6.85,,11.0,0.5,2.6,0.5,1725,26,Midfielder,France
817500,Mostafa Mohamed,9830,Nantes,FRA-Ligue 1,0.7,11.5,,,2.0,0.4,0.03,0.4,2.3,,0.36,0.7,1.2,0.1,0.6,6.57,,6.0,3.1,1.3,0.9,1245,30,Attacker,Egypt
818975,Eberechi Eze,9826,Crystal Palace,ENG-Premier League,1.2,25.8,11.0,,0.3,4.7,0.16,0.36,0.5,8.0,0.28,0.4,1.0,,0.6,7.4,,58.0,3.5,1.4,2.3,2600,34,Midfielder,England
819215,Lloyd Kelly,9885,Juventus,ITA-Serie A,,,,,,0.3,,,,,,,,,,,,3.0,,,,1015,12,Defender,England
820140,Ibrahima Konaté,8650,Liverpool,ENG-Premier League,1.6,60.1,2.0,,4.4,0.9,0.03,0.06,0.9,2.0,0.04,0.6,0.1,0.5,0.1,7.12,,10.0,0.7,1.4,0.1,2565,31,Defender,France
821100,Jørgen Strand Larsen,8602,Wolverhampton Wanderers,ENG-Premier League,0.4,10.2,6.0,,1.0,1.0,0.04,0.36,1.6,4.0,0.48,0.2,1.2,0.1,0.3,6.81,,21.0,1.9,0.3,0.3,2599,35,Attacker,Norway
821271,Marcos de Sousa,10281,Real Valladolid,ESP-La Liga,0.9,10.3,3.0,,0.8,0.3,0.02,0.2,0.9,2.0,0.08,0.2,0.2,0.2,0.5,,,9.0,1.7,0.8,1.3,1193,22,Attacker,Brazil
822589,Pontus Almqvist,10167,Parma,ITA-Serie A,0.3,17.2,3.0,,0.7,0.9,0.07,0.17,1.2,1.0,0.08,1.5,0.8,,0.6,6.48,,10.0,2.1,1.4,1.6,1106,29,Midfielder,Sweden
822788,Arne Maier,8406,FC Augsburg,GER-Bundesliga,2.4,42.0,2.0,,1.1,2.6,0.25,0.15,0.9,,,0.6,0.6,0.1,1.1,6.48,,25.0,1.8,1.3,0.7,924,28,,Germany
822789,Alberto Dossena,10171,Como,ITA-Serie A,2.0,43.8,2.0,,4.3,0.4,0.02,0.04,1.1,2.0,,1.1,0.2,0.5,,6.73,,5.0,0.6,1.6,0.2,1828,23,Defender,Italy
823018,Alessandro Buongiorno,9875,Napoli,ITA-Serie A,1.9,54.1,1.0,,3.4,0.6,0.03,0.04,0.8,,0.05,1.6,0.2,0.8,0.2,7.27,,5.0,0.4,1.8,0.0,1926,22,Defender,Italy
823293,Aron Dønnum,9941,Toulouse,FRA-Ligue 1,2.6,24.6,8.0,,0.9,5.6,0.19,0.07,1.3,2.0,0.07,0.9,0.2,0.1,0.4,7.11,,45.0,1.0,1.9,1.6,2696,32,Midfielder,Norway
823592,Oladapo Afolayan,8152,FC St. Pauli,GER-Bundesliga,0.9,16.3,6.0,,0.9,3.6,0.2,0.17,1.2,1.0,0.17,0.4,0.7,0.1,0.6,6.56,,21.0,2.1,0.9,2.6,1635,32,,England
823658,Valentin Castellanos,8543,Lazio,ITA-Serie A,0.3,13.5,7.0,,0.9,2.6,0.1,0.52,1.4,3.0,0.38,0.2,1.5,0.1,0.5,7.16,,27.0,4.1,0.5,0.6,2394,29,Attacker,Argentina
823825,Randal Kolo Muani,9885,Juventus,ITA-Serie A,,,2.0,,,0.8,,,,1.0,,,,,,,,17.0,,,,1164,16,Attacker,France
824635,Diogo Leite,8149,1. FC Union Berlin,GER-Bundesliga,3.8,36.5,2.0,,5.6,2.3,0.08,0.05,0.9,2.0,0.04,2.0,0.3,0.9,0.1,7.12,,12.0,0.6,2.2,0.4,2458,29,Defender,Portugal
824717,Jakov Medic,9911,VfL Bochum 1848,GER-Bundesliga,2.4,37.5,,,6.1,0.5,0.03,0.04,0.6,,0.06,1.2,0.2,1.2,,6.44,,3.0,0.7,0.7,0.1,1588,22,,Croatia
825806,Lars Ritzka,8152,FC St. Pauli,GER-Bundesliga,1.0,23.9,,,3.3,0.3,0.03,0.04,1.0,,0.1,1.1,0.1,0.2,0.5,,,5.0,0.8,4.8,,919,21,Midfielder,Germany
827315,Nicolás Dominguez,10203,Nottingham Forest,ENG-Premier League,1.0,37.1,2.0,,2.4,1.6,0.07,0.07,1.5,1.0,,1.3,0.4,0.5,0.4,6.79,,13.0,1.0,3.9,0.1,1970,34,Midfielder,Argentina
828159,Min-Jae Kim,9823,Bayern München,GER-Bundesliga,2.9,91.9,,,3.4,0.9,0.04,0.06,1.0,,0.08,1.5,0.2,0.4,0.1,7.37,,6.0,0.3,1.4,0.1,2289,27,Defender,South Korea
831474,Marin Pongracic,8535,Fiorentina,ITA-Serie A,3.3,46.0,1.0,,4.6,0.3,0.02,0.0,1.7,,,0.8,0.1,0.4,0.1,,,5.0,0.1,1.2,0.6,1340,20,Defender,Croatia
831489,Alexis Mac Allister,8650,Liverpool,ENG-Premier League,1.7,42.9,6.0,,1.0,5.6,0.19,0.1,2.1,5.0,0.17,0.8,0.5,0.2,0.6,7.38,,45.0,1.3,3.3,0.6,2607,35,Midfielder,Argentina
833219,Juan Foyth,10205,Villarreal,ESP-La Liga,3.8,47.9,,,6.6,0.9,0.05,0.14,0.9,,0.06,1.1,0.3,1.0,0.2,,,7.0,1.0,1.5,0.2,1517,19,Defender,Argentina
833638,Nikola Krstovic,9888,Lecce,ITA-Serie A,0.6,12.4,5.0,,0.7,1.7,0.05,0.35,1.7,5.0,0.32,0.2,1.2,0.2,0.7,6.84,,30.0,4.0,0.5,0.5,3068,37,Attacker,Montenegro
834956,Giangiacomo Magnani,9876,Verona,ITA-Serie A,,,,,,0.1,,,,,,,,,,,,1.0,,,,1060,17,,Italy
836436,Gabriel Strefezza,10171,Como,ITA-Serie A,1.2,28.6,5.0,,0.9,4.1,0.14,0.12,1.6,4.0,0.21,0.4,0.8,0.1,0.7,7.05,,57.0,2.0,1.9,1.2,2632,37,Attacker,Brazil
836726,András Schäfer,8149,1. FC Union Berlin,GER-Bundesliga,0.6,22.8,1.0,,2.1,1.2,0.07,0.04,1.7,1.0,0.06,1.3,0.1,0.4,0.5,6.8,,8.0,0.6,3.1,0.7,1467,25,Midfielder,Hungary
836797,Alex Kral,8558,Espanyol,ESP-La Liga,1.2,19.7,3.0,,1.5,1.6,0.05,0.05,1.0,1.0,,0.9,0.1,0.5,0.2,6.73,,12.0,0.7,1.8,1.0,2710,37,Midfielder,Czechia
837089,Edu Exposito,8558,Espanyol,ESP-La Liga,1.9,25.8,8.0,,1.8,2.4,0.21,0.09,1.2,2.0,,1.3,0.5,,0.2,,,28.0,1.6,2.0,1.3,1045,19,Midfielder,Spain
837270,Chidera Ejuke,8302,Sevilla,ESP-La Liga,2.1,32.5,2.0,,0.8,1.2,0.11,0.1,0.6,1.0,0.19,0.5,0.8,,0.9,6.78,,21.0,1.9,1.8,4.4,954,25,Attacker,Nigeria
839038,Elvis Rexhbecaj,8406,FC Augsburg,GER-Bundesliga,1.1,22.7,1.0,,1.0,2.0,0.1,0.07,0.7,1.0,0.05,0.8,0.3,0.5,0.7,6.68,,16.0,1.5,1.4,0.5,1792,27,Midfielder,Kosovo
839204,Omar Marmoush,8456,Manchester City,ENG-Premier League,,,8.0,,,2.1,,,,,,,,,,,,15.0,,,,1182,16,Attacker,Egypt
839204,Omar Marmoush,9810,Eintracht Frankfurt,GER-Bundesliga,0.7,16.9,11.0,,0.1,4.1,0.26,0.55,0.5,9.0,0.93,0.1,2.2,0.1,0.7,8.23,,35.0,4.8,0.7,2.8,1454,17,Attacker,Egypt
839893,Andoni Gorosabel,8315,Athletic Club,ESP-La Liga,0.6,33.5,4.0,,3.4,1.7,0.1,0.02,1.5,2.0,,1.1,0.1,0.1,0.3,7.0,,15.0,0.1,2.8,0.4,1489,20,Defender,Spain
840241,Ermedin Demirovic,10269,VfB Stuttgart,GER-Bundesliga,0.1,12.5,5.0,,0.3,1.7,0.08,0.69,1.2,1.0,0.73,0.1,1.5,0.1,0.2,6.82,,18.0,3.2,0.6,0.2,1854,34,Attacker,Bosnia and Herzegovina
841672,Nicolás González,9885,Juventus,ITA-Serie A,0.8,23.2,2.0,,1.8,1.2,0.06,0.21,1.5,2.0,0.15,0.5,1.1,0.2,0.3,7.11,,19.0,2.3,1.2,0.9,1764,26,Midfielder,Argentina
843040,Pedro Neto,8455,Chelsea,ENG-Premier League,0.9,25.7,11.0,,0.2,4.8,0.19,0.14,0.8,6.0,0.16,0.4,0.7,0.1,0.7,6.98,,47.0,2.3,0.9,1.3,2268,35,Attacker,Portugal
843099,Scott McTominay,9875,Napoli,ITA-Serie A,1.3,23.6,5.0,,1.5,1.7,0.05,0.23,1.4,4.0,0.37,0.7,1.0,0.2,0.4,7.47,,26.0,2.3,1.3,1.2,2941,34,Midfielder,Scotland
844415,Éder Militao,8633,Real Madrid,ESP-La Liga,,,1.0,,,0.2,,,,1.0,,,,,,,,6.0,,,,940,12,Defender,Brazil
844425,Marc Guehi,9826,Crystal Palace,ENG-Premier League,3.3,43.1,5.0,,4.6,2.0,0.06,0.06,0.7,2.0,0.09,0.8,0.2,0.7,0.1,6.92,,16.0,0.4,1.8,0.4,3059,34,Defender,England
844437,Amine Gouiri,8592,Marseille,FRA-Ligue 1,,23.0,7.0,,,3.3,0.14,0.51,1.3,5.0,0.56,0.1,1.8,,1.0,7.01,,34.0,3.5,,1.1,2088,33,Attacker,Algeria
844437,Amine Gouiri,9851,Rennes,FRA-Ligue 1,0.4,,,,0.3,,,,,,,,,,,,,,,0.6,,2088,33,Attacker,Algeria
844477,Sergio Gomez,8560,Real Sociedad,ESP-La Liga,1.3,32.0,16.0,,0.8,7.5,0.25,0.06,1.0,5.0,0.07,0.6,0.3,0.1,0.5,7.07,,56.0,0.6,2.3,0.7,2743,37,Defender,Spain
844544,Pape Gueye,10205,Villarreal,ESP-La Liga,3.6,36.5,2.0,,2.0,2.1,0.09,0.13,1.3,,0.16,1.1,0.7,0.5,0.6,6.96,,17.0,2.2,2.2,0.4,2232,34,Midfielder,Senegal
844943,Flynn Downes,8466,Southampton,ENG-Premier League,0.8,41.9,2.0,,2.1,1.4,0.06,0.03,2.1,,0.04,1.3,0.1,0.4,0.4,6.53,,15.0,0.4,2.0,0.3,2154,27,Midfielder,England
844996,Matteo Gabbia,8564,Milan,ITA-Serie A,3.0,54.8,,,4.2,0.2,0.01,0.05,0.8,,0.08,0.6,0.2,0.8,,6.92,,2.0,0.6,0.9,0.0,2155,26,Defender,Italy
845368,John Yeboah,7881,Venezia,ITA-Serie A,0.5,18.7,3.0,,0.1,1.5,0.11,0.21,1.0,1.0,0.07,0.3,0.7,,0.7,6.38,,20.0,2.2,0.4,1.8,1211,33,Attacker,Ecuador
845943,Cristian Casseres Jr.,9941,Toulouse,FRA-Ligue 1,2.1,36.4,5.0,,1.2,3.6,0.12,0.03,1.8,3.0,0.03,1.4,0.2,0.3,0.3,7.29,,27.0,0.6,3.2,0.7,2704,32,Midfielder,Venezuela
845994,Hans Nicolussi Caviglia,7881,Venezia,ITA-Serie A,2.6,34.6,4.0,,1.7,2.3,0.07,0.08,1.6,2.0,0.13,0.9,0.6,0.4,0.4,6.87,,29.0,1.7,1.5,0.5,2870,35,Midfielder,Italy
845998,Antonio Blanco,9866,Alavés,ESP-La Liga,2.8,32.8,2.0,,1.4,1.8,0.06,0.03,2.2,1.0,,1.4,0.1,0.2,0.2,6.75,,15.0,0.8,2.2,0.5,2737,35,Midfielder,Spain
846000,Maxence Caqueret,10171,Como,ITA-Serie A,,,3.0,,,1.1,,,,3.0,,,,,,,,19.0,,,,1097,18,Midfielder,France
846002,Yacine Adli,8535,Fiorentina,ITA-Serie A,5.4,49.8,6.0,,1.4,2.2,0.16,0.07,0.6,6.0,0.29,0.4,0.4,0.1,0.2,7.12,,23.0,1.0,2.3,0.9,1263,26,,France
846005,Dominik Szoboszlai,8650,Liverpool,ENG-Premier League,1.9,38.4,12.0,,0.5,5.9,0.21,0.26,1.6,6.0,0.22,0.3,0.8,0.2,0.6,7.18,,56.0,2.4,1.4,0.8,2496,36,Midfielder,Hungary
846033,Vinicius Junior,8633,Real Madrid,ESP-La Liga,1.6,26.0,13.0,,,7.0,0.28,0.43,1.2,8.0,0.44,0.1,1.1,,0.8,7.5,,59.0,3.2,0.8,3.3,2257,30,Attacker,Brazil
846381,Jadon Sancho,8455,Chelsea,ENG-Premier League,0.4,33.4,6.0,,0.4,3.1,0.16,0.11,0.3,4.0,0.15,0.1,0.4,,0.9,6.96,,38.0,1.2,0.7,2.3,1764,31,Attacker,England
846383,Callum Hudson-Odoi,10203,Nottingham Forest,ENG-Premier League,1.1,27.4,3.0,,0.5,2.6,0.11,0.1,0.5,2.0,0.2,0.5,0.7,,0.6,7.19,,44.0,1.5,0.9,1.5,2201,31,Attacker,England
846761,Zakaria Aboukhlal,9941,Toulouse,FRA-Ligue 1,0.1,10.0,2.0,,0.4,2.0,0.09,0.48,1.7,2.0,0.33,0.3,1.4,0.0,0.8,6.81,,12.0,3.0,1.0,0.8,1907,26,Midfielder,Morocco
846966,Javier Puado,8558,Espanyol,ESP-La Liga,0.6,15.3,5.0,,0.5,2.1,0.06,0.35,0.7,4.0,0.36,0.2,0.7,0.1,0.3,6.91,,22.0,2.1,0.7,0.6,2987,35,Attacker,Spain
847629,Derek Cornelius,8592,Marseille,FRA-Ligue 1,1.6,79.9,,,3.2,0.4,0.03,0.06,1.6,,,0.9,0.1,0.6,0.1,6.82,,4.0,0.6,1.5,,1423,21,,Canada
847983,Lisandro Martinez,10260,Manchester United,ENG-Premier League,2.3,60.7,3.0,,2.8,1.3,0.07,0.07,1.1,1.0,0.1,1.6,0.3,0.4,0.1,7.08,,9.0,0.9,2.1,0.3,1754,20,Defender,Argentina
848034,Santiago Bueno,8602,Wolverhampton Wanderers,ENG-Premier League,1.6,39.4,,,3.7,0.1,0.01,0.02,1.4,,,0.8,0.2,1.1,0.1,6.39,,,0.3,2.2,,1682,29,Defender,Uruguay
848266,Weston McKennie,9885,Juventus,ITA-Serie A,0.9,33.2,6.0,,1.4,3.5,0.14,0.11,1.2,4.0,0.08,0.5,0.3,0.3,0.5,6.98,,32.0,0.9,1.3,0.8,2316,32,Midfielder,USA
848289,Takefusa Kubo,8560,Real Sociedad,ESP-La Liga,0.9,25.1,9.0,,0.4,3.8,0.14,0.13,0.8,,0.19,0.6,0.5,0.0,0.8,6.99,,45.0,1.6,1.2,2.8,2382,36,Attacker,Japan
848563,Ibrahima Niane,8121,Angers,FRA-Ligue 1,0.5,12.4,1.0,,0.6,0.4,0.04,0.55,1.4,1.0,0.29,0.2,1.1,0.1,0.4,6.44,,9.0,2.9,0.7,0.6,934,24,,Senegal
848844,Rafael Leao,8564,Milan,ITA-Serie A,1.0,22.9,10.0,,0.2,6.2,0.24,0.28,0.7,8.0,0.31,0.2,1.1,0.0,0.6,7.21,,58.0,2.5,0.6,2.3,2330,34,Attacker,Portugal
850295,Alessio Zerbin,7881,Venezia,ITA-Serie A,0.8,16.1,4.0,,1.4,2.3,0.14,0.12,2.1,1.0,0.06,0.9,0.4,0.2,0.2,,,25.0,0.9,3.1,1.2,1522,20,,Italy
850354,Bruno Guimaraes,10261,Newcastle United,ENG-Premier League,2.4,40.3,12.0,,1.1,5.4,0.15,0.12,1.8,6.0,0.14,0.8,0.4,0.3,0.6,7.26,,52.0,1.2,2.3,0.9,3282,38,Midfielder,Brazil
852071,Juan Hernández,8603,Real Betis,ESP-La Liga,,,2.0,,,0.7,,,,1.0,,,,,,,,14.0,,,,1149,15,Attacker,Colombia
856685,Frank Onyeka,8406,FC Augsburg,GER-Bundesliga,1.1,28.9,5.0,,1.1,2.0,0.07,0.05,1.6,1.0,,1.2,0.2,0.3,0.3,6.94,,19.0,0.8,2.0,0.6,2597,31,,Nigeria
859282,Daniel Munoz,9826,Crystal Palace,ENG-Premier League,0.8,23.8,7.0,,2.6,3.6,0.1,0.14,1.6,5.0,0.11,1.2,0.5,0.2,0.6,7.38,,46.0,1.0,3.4,0.6,3233,37,Midfielder,Colombia
860260,Derrick Köhn,8697,SV Werder Bremen,GER-Bundesliga,0.7,31.3,2.0,,1.4,2.0,0.13,0.05,0.9,2.0,0.13,0.7,0.3,0.3,0.1,6.71,,16.0,0.9,1.3,1.0,1345,27,Midfielder,Ghana
860314,Nahuel Tenaglia,9866,Alavés,ESP-La Liga,1.7,22.3,5.0,,3.4,1.4,0.04,0.07,1.1,1.0,0.06,1.4,0.3,0.3,0.2,7.18,,19.0,0.8,3.0,0.5,2923,34,Defender,Argentina
860592,Sebastian Walukiewicz,9804,Torino,ITA-Serie A,2.1,35.4,1.0,,3.4,0.6,0.03,0.02,1.6,,,0.9,0.0,0.5,0.1,6.53,,5.0,0.3,1.9,0.3,1842,31,,Poland
860913,Jhon Lucumi,9857,Bologna,ITA-Serie A,4.2,63.9,1.0,,2.9,0.7,0.02,0.02,0.8,1.0,,0.9,0.1,0.5,0.1,6.93,,8.0,0.4,1.8,0.3,2613,32,Defender,Colombia
860914,Luis Diaz,8650,Liverpool,ENG-Premier League,1.3,26.6,8.0,,0.3,4.5,0.17,0.45,1.8,5.0,0.49,0.3,1.1,,0.8,7.37,,56.0,2.7,1.5,2.0,2410,36,Attacker,Colombia
860920,Edward Nketiah,9826,Crystal Palace,ENG-Premier League,0.8,15.6,2.0,,0.9,0.9,0.08,0.5,2.7,1.0,0.26,0.3,1.4,0.1,0.4,6.45,,13.0,3.8,1.3,1.0,1026,29,Attacker,England
860975,Joseph Willock,10261,Newcastle United,ENG-Premier League,0.5,24.6,5.0,,0.4,0.9,0.08,0.14,1.9,2.0,,0.5,0.3,0.5,0.3,6.34,,22.0,1.5,2.5,1.0,1074,32,Midfielder,England
861541,David Zec,8150,Holstein Kiel,GER-Bundesliga,2.0,42.6,1.0,,5.4,0.3,0.02,0.07,1.2,,0.12,1.0,0.3,1.0,,6.36,,8.0,0.6,1.3,0.3,1545,18,Defender,Slovenia
861805,Jaka Bijol,8600,Udinese,ITA-Serie A,4.2,43.3,,,5.5,0.7,0.02,0.06,1.5,,0.03,1.2,0.2,0.5,0.1,6.78,,12.0,0.6,1.3,0.1,2964,34,,Slovenia
862608,Kaoru Mitoma,10204,Brighton and Hove Albion,ENG-Premier League,0.6,24.8,8.0,,0.2,4.0,0.14,0.32,1.4,4.0,0.35,0.5,0.9,0.1,0.5,7.12,,37.0,2.0,1.6,1.8,2608,36,Attacker,Japan
862616,Edon Zhegrova,8639,Lille,FRA-Ligue 1,,,5.0,,,2.4,,,,1.0,,,,,,,,16.0,,,,985,12,Midfielder,Kosovo
863098,Matheus Cunha,8602,Wolverhampton Wanderers,ENG-Premier League,1.7,26.1,13.0,,0.7,5.3,0.18,0.3,1.5,6.0,0.52,0.6,1.5,0.0,0.8,7.46,,57.0,3.8,1.3,2.1,2600,33,Attacker,Brazil
863168,Oscar Rodriguez,7854,Leganés,ESP-La Liga,1.7,25.7,7.0,,1.4,1.7,0.11,0.14,1.3,4.0,0.07,1.4,0.4,0.1,0.4,6.62,,19.0,2.2,2.2,1.4,1322,29,,Spain
863455,Marcin Bulka,9831,Nice,FRA-Ligue 1,,21.4,,8.0,0.7,0.1,0.0,,,,,,,,,7.0,3.6,1.0,,,,3060,34,,Poland
865010,Nicolas Cozza,9830,Nantes,FRA-Ligue 1,0.7,19.0,2.0,,2.7,1.1,0.05,0.06,0.6,,0.04,1.1,0.3,0.4,0.1,6.73,,7.0,0.7,2.6,0.2,2051,27,Defender,France
865931,Max Kilman,8654,West Ham United,ENG-Premier League,2.7,45.6,,,5.6,1.2,0.03,0.04,0.6,1.0,,1.0,0.1,1.1,0.1,6.81,,16.0,0.3,1.0,0.4,3349,38,Defender,England
866516,Teun Koopmeiners,9885,Juventus,ITA-Serie A,0.9,32.3,1.0,,1.0,3.8,0.17,0.17,1.4,3.0,0.14,0.4,0.5,0.6,0.4,6.92,,38.0,1.9,1.4,0.5,1997,28,Midfielder,Netherlands
866517,Myron Boadu,9911,VfL Bochum 1848,GER-Bundesliga,0.3,11.8,3.0,,0.3,1.6,0.14,0.66,0.9,1.0,0.78,0.1,1.3,,0.6,6.73,,11.0,2.4,0.2,0.9,1043,19,,Netherlands
866686,Matthew O'Riley,10204,Brighton and Hove Albion,ENG-Premier League,1.2,28.7,4.0,,0.9,2.0,0.19,0.27,1.5,2.0,0.19,1.2,0.7,0.3,0.4,,,21.0,2.1,1.5,0.8,937,21,Midfielder,Denmark
866688,Luke Woolfenden,9902,Ipswich Town,ENG-Premier League,,,,,,0.0,,,,,,,,,,,,,,,,1186,15,,England
866708,Oumar Solet,8600,Udinese,ITA-Serie A,5.3,52.6,1.0,,4.0,0.8,0.04,0.04,0.9,2.0,0.05,0.9,0.4,1.0,0.1,7.03,,17.0,0.6,1.8,1.3,1674,19,Defender,France
867080,Jeff Chabot,10269,VfB Stuttgart,GER-Bundesliga,3.8,69.1,1.0,,5.3,0.8,0.03,0.08,1.4,1.0,0.12,1.5,0.2,0.8,,7.0,,6.0,0.8,1.5,0.1,2274,31,Defender,Germany
867225,Mehmet Zeki Celik,8686,Roma,ITA-Serie A,1.6,39.2,2.0,,2.8,1.0,0.04,0.02,1.2,2.0,,0.6,0.2,0.4,0.2,6.86,,19.0,0.5,2.5,0.3,2261,31,Defender,Turkiye
867414,Sandro Tonali,10261,Newcastle United,ENG-Premier League,1.7,43.0,4.0,,1.0,2.8,0.09,0.15,1.3,2.0,0.14,1.2,0.4,0.4,0.4,7.17,,28.0,1.2,1.7,0.7,2631,36,Midfielder,Italy
867789,Emanuele Valeri,10167,Parma,ITA-Serie A,1.3,19.1,7.0,,2.9,3.4,0.11,0.06,0.9,6.0,0.06,0.9,0.2,0.3,0.3,6.86,,36.0,0.8,1.6,0.4,2878,35,Defender,Italy
868344,Tijjani Reijnders,8564,Milan,ITA-Serie A,1.7,38.4,8.0,,0.7,3.6,0.1,0.19,0.8,4.0,0.29,1.1,0.8,0.1,0.4,7.23,,47.0,2.2,0.7,1.0,3132,37,Midfielder,Netherlands
869054,Stefano Turati,6504,Monza,ITA-Serie A,,21.5,,2.0,0.8,0.0,0.0,,,,,,,,,6.61,3.2,,,,,2677,30,,Italy
872362,Marash Kumbulla,8558,Espanyol,ESP-La Liga,2.6,35.8,1.0,,6.7,0.3,0.01,0.06,1.1,,0.09,1.0,0.2,1.1,0.1,6.79,,1.0,0.5,1.5,0.1,2975,35,Defender,Albania
872396,Pathé Ciss,8370,Rayo Vallecano,ESP-La Liga,2.5,41.7,2.0,,2.4,0.8,0.03,0.08,1.9,1.0,0.17,1.7,0.3,0.4,0.0,6.97,,16.0,0.9,2.1,0.6,2145,33,Midfielder,Senegal
872934,Philipp Köhn,9829,Monaco,FRA-Ligue 1,,18.1,,8.0,0.8,0.0,0.0,,,,,,,,,6.86,2.4,,,,,1710,19,Keeper,Switzerland
873014,Oliver Skipp,8197,Leicester City,ENG-Premier League,1.0,33.6,,,0.8,0.3,0.03,0.03,1.7,,,0.9,0.1,0.6,0.2,6.25,,9.0,0.4,1.7,0.6,1120,24,Midfielder,England
873289,Marc Cucurella,8455,Chelsea,ENG-Premier League,1.3,43.6,3.0,,2.4,2.4,0.07,0.08,1.1,1.0,0.15,0.8,0.4,0.5,0.3,6.98,,19.0,0.7,2.0,0.1,2989,36,Defender,Spain
873297,Carles Pérez,8305,Getafe,ESP-La Liga,0.4,13.5,2.0,,1.1,1.3,0.08,0.15,2.8,,0.19,0.4,0.6,0.1,0.5,6.52,,17.0,2.1,2.1,1.3,1429,27,,Spain
873566,Yahia Fofana,8121,Angers,FRA-Ligue 1,,15.8,,7.0,0.9,0.0,0.0,,,,,0.0,,,,7.27,4.1,1.0,,,0.1,2970,33,,Ivory Coast
873573,Sam Beukema,9857,Bologna,ITA-Serie A,3.3,54.3,1.0,,3.1,1.0,0.03,0.04,0.8,1.0,,0.9,0.1,0.6,0.0,6.97,,10.0,0.4,1.6,0.0,3011,35,Defender,Netherlands
873827,Ander Guevara,9866,Alavés,ESP-La Liga,2.4,35.1,1.0,,1.9,0.6,0.03,0.04,1.8,1.0,,0.6,0.1,0.2,0.1,6.6,,12.0,0.6,2.3,0.4,1945,33,Midfielder,Spain
873838,Juan Berrocal,8305,Getafe,ESP-La Liga,2.2,24.4,,,4.9,0.1,0.01,0.03,1.4,,,1.3,,0.3,,,,1.0,0.3,1.2,,1060,19,,Spain
873956,Juan Miranda,9857,Bologna,ITA-Serie A,3.9,46.7,10.0,,1.7,5.6,0.22,0.03,1.0,6.0,,0.9,0.2,0.1,0.2,7.1,,57.0,0.9,1.3,0.3,2277,31,Defender,Spain
874025,Vitaliy Mykolenko,8668,Everton,ENG-Premier League,1.5,22.3,4.0,,3.9,2.2,0.06,0.01,0.6,2.0,0.03,1.3,0.0,0.3,0.1,6.91,,24.0,0.4,1.8,0.2,3084,35,Defender,Ukraine
874621,Martin Payero,8600,Udinese,ITA-Serie A,1.1,22.0,1.0,,0.7,1.1,0.07,0.08,2.3,1.0,0.07,0.8,0.3,0.1,0.8,6.71,,15.0,2.0,1.6,2.0,1383,25,,Argentina
875672,Hamed Traorè,8583,Auxerre,FRA-Ligue 1,1.0,19.4,4.0,,0.5,2.8,0.12,0.33,1.3,2.0,0.43,0.3,1.2,,0.4,7.12,,27.0,2.9,1.8,1.5,2106,26,Midfielder,Ivory Coast
877401,Calvin Bassey,9879,Fulham,ENG-Premier League,2.6,56.4,,,3.3,0.4,0.01,0.03,0.8,,0.03,0.6,0.1,0.5,0.1,6.9,,3.0,0.4,1.6,0.4,3074,35,Defender,Nigeria
877700,Nathan Tella,8178,Bayer 04 Leverkusen,GER-Bundesliga,0.3,16.6,2.0,,0.7,1.6,0.11,0.2,1.5,4.0,0.13,0.3,0.7,0.1,0.7,6.71,,18.0,1.8,1.1,1.3,1364,27,Midfielder,Nigeria
879065,Antonino Gallo,9888,Lecce,ITA-Serie A,1.9,21.2,6.0,,4.0,2.7,0.09,0.01,0.4,2.0,,0.7,0.1,0.2,0.2,6.94,,44.0,0.3,2.2,0.4,2615,31,Defender,Italy
879609,Alex Suárez,8306,Las Palmas,ESP-La Liga,2.3,41.4,,,3.7,0.2,0.01,0.02,1.0,,,0.5,0.1,0.9,,6.31,,3.0,0.2,1.5,,2468,30,Defender,Spain
880618,Théo Sainte-Luce,10249,Montpellier,FRA-Ligue 1,,,2.0,,,0.8,,,,,,,,,,,,8.0,,,,1017,16,Defender,France
881640,Lutsharel Geertruida,178475,RB Leipzig,GER-Bundesliga,2.3,50.2,1.0,,3.4,1.6,0.09,0.06,1.0,,0.06,0.9,0.1,0.2,0.3,6.65,,11.0,0.5,2.0,0.4,1557,24,,Netherlands
881735,Anton Stach,8226,TSG 1899 Hoffenheim,GER-Bundesliga,2.7,43.6,4.0,,3.5,3.2,0.11,0.07,1.3,2.0,0.03,1.6,0.3,0.5,0.3,7.26,,26.0,1.2,2.3,0.5,2590,30,,Germany
881771,Ferran Torres,8634,Barcelona,ESP-La Liga,0.3,21.5,6.0,,0.3,2.6,0.21,0.65,0.4,6.0,0.82,0.3,1.8,0.1,0.7,7.19,,19.0,3.9,0.7,0.9,1100,27,Attacker,Spain
881786,Javier Hernández,7854,Leganés,ESP-La Liga,1.3,23.9,3.0,,3.5,1.4,0.05,0.03,1.8,1.0,0.08,0.9,0.2,0.2,0.1,6.61,,17.0,0.6,1.0,0.6,2390,31,,Spain
882163,Chukwubuike Adamu,8358,Sport-Club Freiburg,GER-Bundesliga,0.1,11.4,4.0,,1.2,1.9,0.11,0.32,2.2,2.0,0.12,0.7,0.7,,0.6,6.37,,17.0,2.1,0.5,0.6,1551,25,,Austria
882401,Boubakary Soumaré,8197,Leicester City,ENG-Premier League,1.1,44.2,,,1.4,1.0,0.04,0.01,1.0,,,1.1,,0.4,0.1,6.51,,11.0,0.3,1.5,1.1,2170,31,,France
883080,Morgan Rogers,10252,Aston Villa,ENG-Premier League,0.8,18.7,16.0,,0.5,5.2,0.15,0.19,1.4,10.0,0.23,0.2,0.6,0.2,0.6,7.04,,52.0,1.6,1.2,1.9,3129,37,Attacker,England
883087,Ridle Baku,178475,RB Leipzig,GER-Bundesliga,1.4,27.3,3.0,,1.9,3.3,0.12,0.11,1.0,4.0,0.15,0.9,0.4,0.1,0.2,6.99,,27.0,1.3,1.7,0.9,2452,34,Defender,Germany
883823,Elisha Owusu,8583,Auxerre,FRA-Ligue 1,1.4,26.4,1.0,,1.3,0.6,0.02,0.01,1.9,3.0,0.04,1.6,0.1,0.3,0.3,6.83,,14.0,0.3,2.8,0.3,2354,28,Midfielder,Ghana
884272,Modibo Sagnan,10249,Montpellier,FRA-Ligue 1,3.1,36.9,1.0,,4.9,0.6,0.02,0.03,1.4,,0.09,1.2,0.2,0.6,0.1,6.56,,7.0,0.5,2.4,0.6,2117,27,,Mali
884539,Farid El Melali,8121,Angers,FRA-Ligue 1,0.5,16.2,6.0,,0.5,3.0,0.14,0.17,1.0,3.0,0.09,0.8,0.7,0.0,0.8,6.77,,25.0,2.2,1.3,2.5,1901,32,,Algeria
884919,Robin Hack,9788,Borussia Mönchengladbach,GER-Bundesliga,1.4,26.5,10.0,,0.8,3.8,0.16,0.22,0.8,7.0,0.16,0.4,1.0,0.1,0.7,6.91,,33.0,2.4,0.9,1.0,2188,33,Attacker,Germany
885085,Thijs Dallinga,9857,Bologna,ITA-Serie A,0.4,16.5,,,1.0,0.7,0.05,0.33,1.9,2.0,0.24,0.1,0.9,0.1,0.9,6.5,,12.0,2.4,0.8,0.2,1145,31,Attacker,Netherlands
887704,Keito Nakamura,9837,Reims,FRA-Ligue 1,0.9,18.6,5.0,,0.6,3.4,0.11,0.31,1.0,2.0,0.37,0.4,1.1,0.0,0.8,6.92,,25.0,2.8,0.8,1.0,2661,32,Attacker,Japan
888167,Kike Pérez,7881,Venezia,ITA-Serie A,,,2.0,,,1.5,,,,,,,,,,,,16.0,,,,1120,16,Midfielder,Spain
888167,Kike Pérez,10281,Real Valladolid,ESP-La Liga,2.6,32.2,2.0,,1.3,1.1,0.08,0.15,2.4,,0.15,0.5,0.4,0.3,,6.74,,17.0,1.5,2.8,0.6,1198,19,Midfielder,Spain
888912,Mikkel Damsgaard,9937,Brentford,ENG-Premier League,1.9,32.7,15.0,,0.9,7.0,0.21,0.09,0.6,10.0,0.06,0.8,0.2,0.1,1.1,7.24,,63.0,1.1,2.6,1.5,2926,38,Midfielder,Denmark
888921,Lewis Ferguson,9857,Bologna,ITA-Serie A,,,2.0,,,0.8,,,,1.0,,,,,,,,14.0,,,,981,16,Midfielder,Scotland
889534,Emile Smith Rowe,9879,Fulham,ENG-Premier League,0.7,39.9,2.0,,0.7,2.0,0.09,0.2,0.8,3.0,0.26,0.5,0.5,0.1,0.3,6.87,,24.0,1.6,1.4,0.7,2061,34,Midfielder,England
889535,Yann Aurel Bisseck,8636,Internazionale,ITA-Serie A,1.2,63.7,2.0,,3.5,1.2,0.07,0.14,0.9,2.0,0.16,0.9,0.3,0.7,0.2,6.9,,7.0,1.2,0.9,0.2,1638,27,Defender,Germany
889536,Timothy Weah,9885,Juventus,ITA-Serie A,0.8,32.3,4.0,,1.3,1.2,0.07,0.19,1.1,2.0,0.27,0.8,0.5,0.2,0.6,6.91,,19.0,1.2,2.0,0.7,1638,30,Midfielder,USA
889785,Jonas Wind,8721,VfL Wolfsburg,GER-Bundesliga,0.9,19.6,9.0,,0.6,4.9,0.22,0.26,0.7,3.0,0.41,0.3,0.6,0.1,0.5,6.87,,34.0,1.8,0.5,0.3,1971,31,Attacker,Denmark
890266,Valentin Mihaila,10167,Parma,ITA-Serie A,1.0,21.8,2.0,,0.3,1.1,0.08,0.17,1.2,3.0,,0.6,0.8,,0.3,6.63,,17.0,2.2,2.0,0.7,1295,21,,Romania
891743,Mohammed Kudus,8654,West Ham United,ENG-Premier League,1.2,23.9,4.0,,0.3,2.7,0.09,0.24,1.3,3.0,0.17,0.1,0.8,0.0,0.6,6.9,,31.0,2.6,1.3,3.2,2601,32,Attacker,Ghana
891870,Mitchel Bakker,8639,Lille,FRA-Ligue 1,1.4,35.4,4.0,,0.9,2.3,0.18,0.23,1.4,2.0,0.24,0.9,0.8,0.1,0.2,6.8,,23.0,1.8,1.8,0.9,1138,24,Attacker,Netherlands
892679,Chris Führich,10269,VfB Stuttgart,GER-Bundesliga,0.7,34.3,9.0,,0.7,6.0,0.27,0.13,0.4,3.0,0.09,0.3,0.5,0.1,0.4,6.82,,33.0,1.6,0.7,1.8,1986,33,Attacker,Germany
894802,Moritz Jenz,9905,1. FSV Mainz 05,GER-Bundesliga,1.6,40.0,1.0,,7.0,0.4,0.02,0.09,1.5,,,1.7,0.3,0.8,,7.22,,3.0,0.6,2.0,0.1,1601,19,Defender,Germany
894803,Djed Spence,8586,Tottenham Hotspur,ENG-Premier League,0.7,42.7,2.0,,2.8,1.4,0.07,0.03,1.1,2.0,0.05,1.1,0.2,0.5,0.3,6.74,,11.0,0.5,2.4,1.9,1790,25,Defender,England
895362,Rodrygo,8633,Real Madrid,ESP-La Liga,0.6,41.8,5.0,,0.3,4.2,0.19,0.19,0.4,5.0,0.28,0.5,0.9,0.0,0.4,7.36,,49.0,2.5,1.0,2.3,1937,30,Attacker,Brazil
895953,Alex Sola,8305,Getafe,ESP-La Liga,0.4,13.2,2.0,,1.0,0.8,0.07,0.08,2.1,1.0,,0.6,0.2,,0.6,,,9.0,1.3,1.8,1.8,1035,19,,Spain
896402,José Copete,8661,Mallorca,ESP-La Liga,3.3,37.7,,,7.1,0.1,0.01,0.03,1.6,,,1.0,0.1,0.9,,6.77,,,0.4,1.7,0.2,1523,25,Defender,Spain
900433,Khvicha Kvaratskhelia,9847,Paris Saint-Germain,FRA-Ligue 1,,,9.0,,,3.8,,,,3.0,,,,,,,,25.0,,,,920,14,Attacker,Georgia
900433,Khvicha Kvaratskhelia,9875,Napoli,ITA-Serie A,,,5.0,,,3.0,,,,3.0,,,,,,,,28.0,,,,1187,17,Attacker,Georgia
900523,Keven Schlotterbeck,8406,FC Augsburg,GER-Bundesliga,2.8,39.8,1.0,,4.8,0.5,0.03,0.05,0.7,1.0,0.21,1.0,0.3,0.4,,6.92,,7.0,0.8,1.3,0.2,1297,18,Defender,Germany
901495,Albert Sambi Lokonga,8302,Sevilla,ESP-La Liga,2.3,48.5,1.0,,1.4,0.9,0.06,0.06,1.3,2.0,,0.5,0.3,0.1,0.3,6.79,,19.0,0.8,1.3,0.2,1474,22,,Belgium
902651,Raoul Bellanova,8524,Atalanta,ITA-Serie A,1.1,29.0,12.0,,1.4,5.1,0.18,0.04,0.6,9.0,,0.6,0.2,0.1,0.3,7.1,,35.0,0.7,0.9,0.8,2495,35,Midfielder,Italy
902901,Miguel de la Fuente,7854,Leganés,ESP-La Liga,0.2,7.1,2.0,,1.2,0.8,0.04,0.26,1.2,3.0,0.05,0.2,0.8,0.2,0.4,6.17,,7.0,1.8,0.8,0.4,1719,34,,Spain
904021,Romain Faivre,8521,Brest,FRA-Ligue 1,0.4,30.0,5.0,,0.3,1.8,0.18,0.26,0.6,2.0,0.3,0.4,1.0,,0.5,6.9,,10.0,1.9,1.3,1.7,900,20,Attacker,France
905546,Mateo Retegui,8524,Atalanta,ITA-Serie A,0.5,16.3,6.0,,0.6,2.2,0.08,0.72,1.2,8.0,0.94,0.1,1.4,,0.6,7.35,,38.0,3.9,0.5,0.4,2402,36,,Italy
906937,Anthony Gordon,10261,Newcastle United,ENG-Premier League,0.8,24.1,6.0,,0.2,5.1,0.19,0.3,0.7,5.0,0.22,0.3,0.7,0.1,0.3,7.07,,51.0,2.2,1.2,1.4,2444,34,Attacker,England
907495,Stanley N'Soki,8226,TSG 1899 Hoffenheim,GER-Bundesliga,3.0,48.4,,,3.6,0.4,0.03,0.01,0.8,,,1.8,0.1,0.5,,6.51,,7.0,0.2,1.5,0.8,1306,22,Defender,France
912342,Julien Le Cardinal,8521,Brest,FRA-Ligue 1,,,,,,0.4,,,,1.0,,,,,,,,5.0,,,,1379,16,Defender,France
914103,Johan Vásquez,10233,Genoa,ITA-Serie A,2.5,43.9,,,4.3,0.4,0.01,0.07,0.9,,0.09,1.5,0.2,0.9,0.1,6.94,,7.0,1.1,1.7,0.1,3041,36,Defender,Mexico
914402,Jack Clarke,9902,Ipswich Town,ENG-Premier League,0.8,22.5,4.0,,1.8,1.2,0.09,0.09,1.2,4.0,,0.5,0.2,,1.2,6.57,,28.0,1.3,2.5,1.9,1170,32,Attacker,England
914458,Aurélien Tchouaméni,8633,Real Madrid,ESP-La Liga,2.1,62.3,2.0,,3.0,0.9,0.03,0.06,0.9,,,1.5,0.1,0.8,0.2,7.22,,5.0,0.6,1.6,0.3,2692,32,Midfielder,France
915111,Shuto Machino,8150,Holstein Kiel,GER-Bundesliga,0.9,18.4,5.0,,1.2,2.6,0.12,0.29,0.9,2.0,0.5,0.3,1.1,0.1,0.2,6.8,,28.0,2.3,0.4,0.5,1962,32,Attacker,Japan
915238,Antoine Makoumbou,8529,Cagliari,ITA-Serie A,1.6,43.5,2.0,,1.0,1.0,0.04,0.01,1.1,3.0,,0.7,0.0,0.2,0.3,6.52,,8.0,0.3,1.7,0.4,2164,33,,Congo
915264,Randy Nteka,8370,Rayo Vallecano,ESP-La Liga,0.2,11.4,1.0,,1.6,0.3,0.03,0.23,3.1,,0.24,0.3,0.6,0.2,0.6,6.37,,9.0,1.3,1.3,0.4,1137,24,Attacker,Angola
916332,Luke Thomas,8197,Leicester City,ENG-Premier League,,,1.0,,,0.5,,,,,,,,,,,,9.0,,,,1112,14,Defender,England
916546,Manuel Fuster,8306,Las Palmas,ESP-La Liga,2.9,41.1,2.0,,1.2,1.8,0.17,0.07,1.1,1.0,0.18,0.4,0.6,0.3,0.5,6.64,,28.0,1.6,1.7,0.5,990,28,Midfielder,Spain
916710,Alessandro Zanoli,10233,Genoa,ITA-Serie A,0.4,15.1,,,1.7,1.1,0.06,0.02,0.9,,0.05,0.6,0.2,0.2,0.5,6.6,,19.0,0.6,1.5,1.1,1714,31,Midfielder,Italy
917802,Wesley Fofana,8455,Chelsea,ENG-Premier League,,,1.0,,,0.2,,,,,,,,,,,,6.0,,,,1176,14,Defender,France
919435,Sepp van den Berg,9937,Brentford,ENG-Premier League,1.3,36.0,2.0,,4.6,0.5,0.02,0.07,0.8,,,0.7,0.2,1.3,0.2,6.59,,6.0,0.7,1.4,0.1,2588,31,Defender,Netherlands
919671,Liberato Cacace,8534,Empoli,ITA-Serie A,1.6,22.2,2.0,,2.1,1.5,0.06,0.1,1.1,4.0,0.08,0.9,0.4,0.4,0.3,6.68,,25.0,1.2,1.5,0.6,2230,33,,New Zealand
919742,Senne Lynen,8697,SV Werder Bremen,GER-Bundesliga,1.3,36.0,,,2.2,1.1,0.04,0.04,1.2,1.0,,2.1,0.1,0.4,0.5,7.13,,8.0,0.8,2.4,0.4,2744,32,Midfielder,Belgium
921341,Alexis Saelemaekers,8686,Roma,ITA-Serie A,1.4,37.9,5.0,,0.5,2.3,0.14,0.15,0.8,3.0,0.42,0.6,0.7,0.1,0.5,7.42,,26.0,1.5,2.1,1.3,1488,23,Midfielder,Belgium
921543,Morten Frendrup,10233,Genoa,ITA-Serie A,1.0,30.6,,,1.4,0.8,0.02,0.05,1.5,,0.06,1.4,0.3,0.5,0.6,6.92,,14.0,0.9,3.0,0.3,3107,35,Midfielder,Denmark
921594,Domagoj Bradaric,9876,Verona,ITA-Serie A,1.0,19.0,3.0,,1.9,2.1,0.1,0.04,1.0,,0.05,0.7,0.2,0.2,0.2,6.64,,25.0,0.4,1.7,0.7,1942,28,Midfielder,Croatia
921825,Jon Moncayola,8371,Osasuna,ESP-La Liga,2.2,29.9,4.0,,0.8,4.6,0.2,0.07,1.4,,,0.5,0.4,0.1,0.4,6.77,,33.0,0.9,3.0,0.2,2112,32,Midfielder,Spain
922877,Logan Costa,10205,Villarreal,ESP-La Liga,3.7,46.9,,,3.8,0.5,0.02,0.02,0.7,1.0,0.07,0.7,0.2,0.5,,6.85,,4.0,0.4,1.3,,2585,32,Defender,Cape Verde
923196,Lassine Sinayoko,8583,Auxerre,FRA-Ligue 1,0.4,20.3,7.0,,1.3,3.4,0.13,0.26,1.4,8.0,0.2,0.5,0.7,0.1,0.5,6.87,,37.0,2.4,1.3,1.1,2306,34,Attacker,Mali
923312,Bryan Mbeumo,9937,Brentford,ENG-Premier League,0.8,21.3,17.0,,1.3,9.3,0.24,0.32,0.7,7.0,0.53,0.4,1.1,0.1,0.8,7.57,,70.0,2.2,1.3,1.4,3415,38,Attacker,Cameroon
924431,Gianluca Busio,7881,Venezia,ITA-Serie A,1.2,24.5,1.0,,1.7,1.8,0.06,0.09,0.9,,0.07,0.7,0.2,0.3,0.3,6.76,,28.0,1.3,1.6,0.5,2524,33,Midfielder,USA
924485,Mark McKenzie,9941,Toulouse,FRA-Ligue 1,2.1,40.6,1.0,,4.9,0.2,0.01,0.05,1.1,1.0,0.04,0.8,0.1,0.6,0.1,6.76,,4.0,0.3,1.9,0.1,2497,30,Defender,USA
924610,Yukinari Sugawara,8466,Southampton,ENG-Premier League,0.9,35.4,7.0,,2.7,2.5,0.14,0.03,0.9,1.0,0.06,0.6,0.3,0.6,0.2,6.33,,18.0,0.8,1.8,0.5,1555,30,Defender,Japan
926445,Finn Dahmen,8406,FC Augsburg,GER-Bundesliga,,25.2,,9.0,1.2,0.1,0.0,,,,,,,,,7.47,3.4,,,0.1,,1710,19,Keeper,Germany
926643,Alfon González,9910,Celta de Vigo,ESP-La Liga,0.2,16.7,4.0,,0.2,2.1,0.14,0.3,1.0,2.0,0.33,0.3,1.4,,0.8,6.77,,24.0,3.0,0.5,1.6,1372,26,Attacker,Spain
927646,Adrià Pedrosa,8302,Sevilla,ESP-La Liga,1.4,27.3,4.0,,2.7,1.7,0.07,0.04,1.5,1.0,0.04,0.9,0.3,0.4,0.2,6.77,,21.0,0.9,2.2,0.7,2303,31,,Spain
928454,Josha Vagnoman,10269,VfB Stuttgart,GER-Bundesliga,1.2,30.3,4.0,,2.5,2.2,0.11,0.07,0.9,1.0,0.05,0.7,0.3,0.1,0.5,6.67,,22.0,0.7,1.3,0.4,1835,26,Defender,Germany
929838,Hugo Duro,10267,Valencia CF,ESP-La Liga,0.2,12.2,2.0,,0.4,0.5,0.02,0.39,1.6,2.0,0.46,0.4,0.7,0.1,0.8,6.62,,14.0,2.0,0.5,0.3,2172,31,Attacker,Spain
930024,Dinko Horkas,8306,Las Palmas,ESP-La Liga,,,,1.0,,0.0,,,,,,,,,,,,,,,,1083,13,Keeper,Croatia
933576,Antoine Semenyo,8678,Bournemouth,ENG-Premier League,0.6,21.9,11.0,,1.0,4.3,0.12,0.28,2.0,5.0,0.31,0.3,1.1,0.3,1.0,7.27,,46.0,3.5,1.5,1.9,3209,37,Attacker,Ghana
933768,Curtis Jones,8650,Liverpool,ENG-Premier League,1.2,52.2,2.0,,0.4,1.6,0.08,0.23,0.9,3.0,0.16,0.4,0.7,0.5,0.8,6.75,,22.0,1.8,2.1,0.6,1710,33,Midfielder,England
933817,Riccardo Sottil,8535,Fiorentina,ITA-Serie A,0.6,,,,0.3,,,0.1,0.8,1.0,0.09,0.4,0.6,,0.8,6.64,,,2.3,0.6,1.1,948,24,Attacker,Italy
933817,Riccardo Sottil,8564,Milan,ITA-Serie A,,21.5,2.0,,,1.4,0.14,,,,,,,,,,,15.0,,,,948,24,Attacker,Italy
933845,Rayan Ait Nouri,8602,Wolverhampton Wanderers,ENG-Premier League,0.6,34.4,8.0,,1.9,4.0,0.12,0.08,0.9,7.0,0.12,0.7,0.4,0.2,0.6,7.14,,46.0,1.0,2.6,1.8,3127,37,Defender,Algeria
934156,Jurgen Ekkelenkamp,8600,Udinese,ITA-Serie A,0.7,24.7,2.0,,0.9,1.2,0.06,0.13,1.4,2.0,0.14,0.6,0.4,0.2,0.3,6.66,,15.0,1.3,1.7,0.5,1896,34,Midfielder,Netherlands
935379,Dejan Kulusevski,8586,Tottenham Hotspur,ENG-Premier League,0.5,24.1,9.0,,0.3,3.9,0.15,0.16,1.8,4.0,0.26,0.5,0.7,0.2,1.0,6.92,,65.0,1.8,1.7,1.4,2391,32,Midfielder,Sweden
935380,Enrico Del Prato,10167,Parma,ITA-Serie A,1.9,35.8,2.0,,3.6,0.9,0.03,0.06,0.6,,0.12,0.6,0.2,1.1,0.1,6.76,,14.0,0.4,1.0,0.1,2946,34,Defender,Italy
935406,Luca Ranieri,8535,Fiorentina,ITA-Serie A,3.7,44.6,2.0,,4.4,1.4,0.04,0.03,0.7,3.0,0.03,0.8,0.1,0.9,,6.9,,16.0,0.3,1.2,0.3,3077,36,Defender,Italy
935622,Marcus Holmgren Pedersen,9804,Torino,ITA-Serie A,1.0,19.0,,,1.7,0.4,0.02,0.04,1.1,,,0.9,0.2,0.1,0.1,6.3,,7.0,0.5,0.9,0.5,1357,29,Midfielder,Norway
936164,Michel Ndary Adopo,8529,Cagliari,ITA-Serie A,0.9,30.1,3.0,,0.9,1.3,0.05,0.04,1.1,1.0,0.04,1.0,0.1,0.2,0.4,6.71,,19.0,0.7,2.0,0.7,2417,35,Midfielder,France
936206,Kirian Rodriguez,8306,Las Palmas,ESP-La Liga,2.2,52.0,3.0,,1.0,1.4,0.07,0.08,0.5,3.0,,0.5,0.5,0.2,0.4,7.0,,16.0,1.1,1.7,0.6,1768,21,Midfielder,Spain
936618,Moritz Broschinski,9911,VfL Bochum 1848,GER-Bundesliga,0.3,12.0,4.0,,0.9,1.5,0.1,0.27,1.7,3.0,0.07,0.1,0.8,,1.0,6.25,,12.0,2.4,1.3,1.0,1295,32,,Germany
937368,Felix Agu,8697,SV Werder Bremen,GER-Bundesliga,1.6,25.8,3.0,,2.3,2.5,0.13,0.07,0.6,,0.15,1.1,0.2,0.5,0.2,7.05,,20.0,0.5,1.5,0.5,1762,22,Midfielder,Nigeria
937412,Jay Idzes,7881,Venezia,ITA-Serie A,1.6,39.7,4.0,,4.4,0.4,0.01,0.05,1.4,,0.03,0.9,0.1,0.9,0.1,6.65,,8.0,0.4,1.3,0.0,3128,35,,Indonesia
937462,Andrea Colpani,8535,Fiorentina,ITA-Serie A,1.0,22.2,,,0.5,1.3,0.08,0.16,1.3,1.0,0.12,0.5,0.7,,0.5,6.64,,17.0,2.2,0.9,0.7,1484,25,Midfielder,Italy
938247,Mohammed Salisu,9829,Monaco,FRA-Ligue 1,,,,,,0.2,,,,,,,,,,,,3.0,,,,1021,15,Defender,Ghana
939542,Dwight McNeil,8668,Everton,ENG-Premier League,1.1,27.4,12.0,,0.1,4.3,0.28,0.07,0.4,6.0,0.26,0.4,0.7,,0.9,7.17,,37.0,1.6,0.9,1.6,1371,21,Attacker,England
939569,Jonathan David,8639,Lille,FRA-Ligue 1,0.4,19.7,8.0,,0.4,3.2,0.11,0.57,0.9,5.0,0.56,0.2,1.2,0.1,0.7,7.29,,36.0,2.6,0.8,0.7,2558,32,Attacker,Canada
939593,Thorir Helgason,9888,Lecce,ITA-Serie A,1.6,18.3,1.0,,0.5,0.9,0.07,0.09,0.8,4.0,,0.5,0.4,0.2,0.7,6.66,,22.0,1.2,0.8,0.6,1157,21,Midfielder,Iceland
939780,Isak Hien,8524,Atalanta,ITA-Serie A,1.9,44.2,,,3.1,0.2,0.01,0.04,1.4,,,1.2,0.1,0.7,0.2,6.94,,2.0,0.3,1.9,0.2,2325,30,Defender,Sweden
940087,Goncalo Ramos,9847,Paris Saint-Germain,FRA-Ligue 1,0.1,16.3,5.0,,0.4,1.4,0.11,1.15,0.7,3.0,0.85,,2.7,0.1,0.7,7.11,,15.0,4.7,0.9,0.1,1063,22,Attacker,Portugal
940573,Eric Garcia,8634,Barcelona,ESP-La Liga,1.6,68.8,2.0,,2.3,1.6,0.1,0.13,1.2,3.0,0.12,0.8,0.5,0.5,0.3,7.08,,7.0,0.8,2.2,0.3,1556,29,Defender,Spain
940608,Juan Cruz,7854,Leganés,ESP-La Liga,0.7,16.5,10.0,,1.0,3.7,0.15,0.1,0.6,4.0,0.2,0.5,0.6,0.1,0.5,6.88,,25.0,1.3,1.3,1.6,2265,34,Midfielder,Spain
940743,Daniel Vivian,8315,Athletic Club,ESP-La Liga,4.2,52.5,1.0,,5.1,0.7,0.03,0.07,0.9,,0.14,1.6,0.2,0.3,0.1,7.38,,10.0,0.6,1.4,0.3,2605,32,Defender,Spain
940829,Carlos Augusto,8636,Internazionale,ITA-Serie A,1.5,55.0,4.0,,2.6,1.5,0.08,0.16,0.5,2.0,0.16,0.5,0.4,0.5,0.2,6.95,,9.0,1.3,1.6,0.4,1653,29,Midfielder,Brazil
940976,Kang-In Lee,9847,Paris Saint-Germain,FRA-Ligue 1,2.4,57.8,16.0,,0.2,6.4,0.35,0.19,1.1,6.0,0.32,0.2,0.8,0.1,0.8,7.31,,57.0,2.2,1.4,1.6,1665,30,Midfielder,South Korea
941573,Pedro Porro,8586,Tottenham Hotspur,ENG-Premier League,2.9,37.8,10.0,,2.5,4.6,0.16,0.06,0.9,6.0,0.07,1.2,0.3,0.6,0.4,7.2,,57.0,1.3,2.3,0.5,2608,33,Defender,Spain
941656,Samuele Ricci,9804,Torino,ITA-Serie A,1.8,37.0,,,1.4,1.2,0.04,0.04,1.2,1.0,0.03,0.8,0.2,0.3,0.2,6.83,,15.0,0.7,1.1,0.2,2836,34,Midfielder,Italy
941953,Saul Coco,9804,Torino,ITA-Serie A,2.0,42.5,,,4.8,0.2,0.01,0.04,1.7,,0.06,1.2,0.2,1.0,0.0,6.81,,1.0,0.6,1.5,0.2,2847,32,Defender,Equatorial Guinea
942193,Mikael Egill Ellertsson,7881,Venezia,ITA-Serie A,0.5,13.9,4.0,,2.2,1.8,0.07,0.04,0.8,2.0,0.07,0.6,0.2,0.2,0.2,6.71,,20.0,0.8,2.1,0.6,2480,36,Midfielder,Iceland
942368,Jérémy Doku,8456,Manchester City,ENG-Premier League,0.3,35.2,8.0,,0.1,3.8,0.23,0.08,0.6,6.0,0.18,0.2,0.5,0.1,0.8,7.33,,32.0,1.7,1.8,6.4,1513,29,Attacker,Belgium
942372,Álex Baena,10205,Villarreal,ESP-La Liga,2.4,26.7,21.0,,0.5,12.6,0.44,0.25,1.5,9.0,0.24,0.8,0.6,0.1,0.6,7.5,,95.0,2.4,1.0,0.7,2602,32,Midfielder,Spain
942379,Miguel Gutiérrez,7732,Girona,ESP-La Liga,1.2,36.9,6.0,,1.1,4.6,0.17,0.06,1.1,5.0,0.04,0.6,0.3,0.3,0.4,6.93,,41.0,1.0,1.4,1.1,2464,29,Midfielder,Spain
942381,Jurrien Timber,9825,Arsenal,ENG-Premier League,0.4,38.6,1.0,,1.5,1.3,0.05,0.05,1.2,3.0,0.04,0.8,0.1,0.1,0.2,7.13,,17.0,0.5,2.2,0.9,2422,30,Defender,Netherlands
942549,Billy Gilmour,9875,Napoli,ITA-Serie A,2.7,60.9,1.0,,1.6,1.9,0.15,0.04,1.1,1.0,,0.7,0.1,0.1,0.5,,,21.0,0.7,1.8,0.4,1172,26,Midfielder,Scotland
942893,Thelonius Bair,8583,Auxerre,FRA-Ligue 1,0.1,12.7,1.0,,1.0,0.9,0.09,0.29,1.9,1.0,0.19,0.3,1.4,0.2,0.4,6.42,,10.0,2.5,0.4,0.2,932,29,,Canada
947901,Jonathan Burkardt,9905,1. FSV Mainz 05,GER-Bundesliga,0.8,15.5,4.0,,0.6,2.7,0.11,0.63,1.0,2.0,0.76,0.0,1.3,0.0,1.0,7.21,,20.0,3.1,0.6,0.7,2120,29,Attacker,Germany
948800,Giorgi Mamardashvili,10267,Valencia CF,ESP-La Liga,,17.7,,8.0,0.8,0.1,0.0,,0.0,,,0.0,,,,6.89,2.7,2.0,,0.1,,3060,34,Keeper,Georgia
949647,Becir Omeragic,10249,Montpellier,FRA-Ligue 1,1.2,41.1,,,3.8,0.4,0.02,0.01,0.6,,,0.6,0.1,1.0,,6.42,,3.0,0.3,1.6,0.5,1803,22,,Switzerland
949673,Woo-Yeong Jeong,8149,1. FC Union Berlin,GER-Bundesliga,0.3,25.1,2.0,,0.7,1.9,0.14,0.21,1.2,2.0,0.22,0.8,0.4,0.1,1.1,6.68,,14.0,1.9,0.7,0.9,1203,22,Midfielder,South Korea
949731,Gabriele Zappa,8529,Cagliari,ITA-Serie A,2.3,31.8,8.0,,2.5,3.3,0.1,0.02,0.7,,0.06,0.7,0.1,0.6,0.1,6.67,,28.0,0.3,1.2,0.4,3062,37,Defender,Italy
950473,Mason Greenwood,8592,Marseille,FRA-Ligue 1,2.0,33.7,12.0,,0.2,7.8,0.25,0.52,0.8,5.0,0.67,0.4,1.8,,0.8,7.64,,47.0,3.8,1.1,1.7,2814,34,Attacker,England
950474,James Garner,8668,Everton,ENG-Premier League,1.6,32.4,2.0,,1.9,1.4,0.08,0.04,1.1,1.0,,1.3,0.2,0.2,0.4,6.99,,13.0,0.7,2.7,0.4,1594,21,Midfielder,England
950485,Maxence Lacroix,9826,Crystal Palace,ENG-Premier League,3.1,34.7,4.0,,5.9,1.0,0.03,0.1,1.0,1.0,0.03,1.6,0.2,0.6,,6.98,,8.0,0.9,2.0,0.2,3118,35,Defender,France
950545,Oihan Sancet,8315,Athletic Club,ESP-La Liga,1.2,25.2,1.0,,0.3,1.5,0.08,0.54,0.9,1.0,0.83,0.3,1.1,,0.5,6.99,,21.0,2.8,0.7,1.3,1626,29,Midfielder,Spain
950561,Darwin Nunez,8650,Liverpool,ENG-Premier League,0.8,12.9,3.0,,0.9,0.5,0.04,0.46,2.2,2.0,0.4,0.3,1.0,,0.7,6.6,,11.0,2.7,1.7,0.6,1118,30,,Uruguay
950596,Marco Brescianini,8524,Atalanta,ITA-Serie A,0.6,30.0,3.0,,0.6,0.7,0.07,0.29,2.0,2.0,0.37,0.2,0.7,0.2,0.5,6.63,,7.0,1.8,1.7,0.7,981,29,Midfielder,Italy
950829,Chris Richards,9826,Crystal Palace,ENG-Premier League,1.4,31.7,,,5.3,0.6,0.03,0.07,0.5,,0.05,0.9,0.3,0.7,0.0,6.68,,2.0,0.6,2.2,0.0,1924,24,Defender,USA
950830,Joshua Zirkzee,10260,Manchester United,ENG-Premier League,0.4,18.9,4.0,,0.5,1.1,0.07,0.35,0.6,1.0,0.19,0.4,0.7,0.3,0.8,6.33,,12.0,1.8,0.9,0.7,1392,32,Attacker,Netherlands
951712,Nicolo Fagioli,8535,Fiorentina,ITA-Serie A,3.4,51.7,5.0,,1.0,2.5,0.15,0.07,1.1,2.0,0.06,0.4,0.3,0.1,0.4,6.83,,27.0,1.3,1.9,0.7,1527,32,Midfielder,Italy
951714,Adrián Bernabé,10167,Parma,ITA-Serie A,4.4,50.2,1.0,,1.4,1.5,0.09,0.08,0.6,1.0,0.06,0.4,0.3,0.6,0.1,6.89,,22.0,1.7,1.8,0.9,1461,21,Midfielder,Spain
951743,Giacomo Raspadori,9875,Napoli,ITA-Serie A,1.1,21.3,2.0,,0.9,2.2,0.18,0.34,1.0,1.0,0.49,0.2,1.1,0.2,0.5,7.09,,28.0,3.4,1.5,0.7,1098,26,Attacker,Italy
951918,Philipp Sander,9788,Borussia Mönchengladbach,GER-Bundesliga,0.9,38.4,1.0,,2.8,1.0,0.06,0.08,1.0,,0.06,1.5,0.5,0.5,0.2,6.82,,13.0,1.2,2.1,0.7,1400,27,Midfielder,Germany
951919,Timon Weiner,8150,Holstein Kiel,GER-Bundesliga,,22.7,,2.0,1.2,0.0,0.0,,0.0,,,,,,,6.08,3.4,,,,,2250,25,Keeper,Germany
951921,Michael Svoboda,7881,Venezia,ITA-Serie A,,,2.0,,,1.2,,,,,,,,,,,,5.0,,,,1314,16,Defender,Austria
952095,Oscar Mingueza,9910,Celta de Vigo,ESP-La Liga,3.3,47.4,12.0,,1.2,6.4,0.21,0.05,0.8,6.0,0.13,0.7,0.3,0.2,0.2,7.18,,35.0,1.1,1.3,0.8,2734,34,Midfielder,Spain
953065,Stanko Juric,10281,Real Valladolid,ESP-La Liga,1.0,32.9,1.0,,2.6,0.3,0.01,0.04,2.0,,,1.2,0.1,0.6,0.1,6.38,,4.0,0.4,2.4,0.3,1735,26,Midfielder,Croatia
953812,Sofiane Diop,9831,Nice,FRA-Ligue 1,1.6,36.6,6.0,,0.5,2.8,0.24,0.51,1.5,4.0,0.51,1.5,0.9,0.2,0.9,6.92,,25.0,1.9,2.0,0.9,1049,28,Attacker,Morocco
954621,Youssouf Fofana,8564,Milan,ITA-Serie A,1.8,44.2,5.0,,0.8,2.6,0.09,0.05,1.0,6.0,0.04,0.7,0.2,0.3,0.3,6.89,,23.0,1.3,2.0,0.5,2509,35,Midfielder,France
955214,Jean-Clair Todibo,8654,West Ham United,ENG-Premier League,1.4,46.5,,,4.0,0.1,0.0,0.02,0.8,,,1.3,,0.6,,6.6,,2.0,0.2,2.3,0.4,1831,27,Defender,France
955271,Thiago Almada,9748,Lyon,FRA-Ligue 1,,,4.0,,,2.4,,,,4.0,,,,,,,,22.0,,,,948,16,Midfielder,Argentina
955406,William Saliba,9825,Arsenal,ENG-Premier League,2.1,71.3,1.0,,3.5,1.3,0.04,0.07,0.8,,0.06,0.6,0.1,0.4,0.1,7.21,,7.0,0.2,1.8,0.4,3041,35,Defender,France
955411,Yann Gboho,9941,Toulouse,FRA-Ligue 1,0.2,18.3,6.0,,0.2,4.1,0.16,0.21,0.6,4.0,0.19,0.2,1.0,,0.7,6.94,,30.0,1.9,1.2,1.9,2340,31,Attacker,Ivory Coast
955529,Matheus Nunes,8456,Manchester City,ENG-Premier League,1.5,51.5,7.0,,1.6,3.3,0.18,0.07,1.6,6.0,0.05,0.8,0.2,0.2,0.3,7.21,,23.0,0.5,1.9,1.0,1673,26,Defender,Portugal
956622,Oscar Valentin,8370,Rayo Vallecano,ESP-La Liga,1.6,33.8,1.0,,2.4,1.1,0.05,0.02,2.8,,,1.0,0.0,0.4,0.2,6.61,,13.0,0.2,2.7,0.2,1830,34,Midfielder,Spain
956659,Himad Abdelli,8121,Angers,FRA-Ligue 1,1.7,42.8,5.0,,0.8,3.7,0.12,0.2,1.5,1.0,0.19,0.8,0.4,0.0,1.1,7.1,,39.0,1.2,1.5,1.8,2848,32,Midfielder,Algeria
956683,Ryan Gravenberch,8650,Liverpool,ENG-Premier League,1.2,48.4,3.0,,1.6,3.5,0.1,0.03,1.3,4.0,,1.7,0.1,0.3,0.3,7.29,,26.0,0.6,2.0,1.1,3168,37,Midfielder,Netherlands
956913,Marvin Pieringer,94937,1. FC Heidenheim 1846,GER-Bundesliga,0.3,14.5,9.0,,1.3,2.3,0.09,0.36,2.0,3.0,0.28,0.3,0.8,0.1,0.4,6.83,,30.0,2.4,0.9,0.6,2223,31,Attacker,Germany
956921,Abdelkabir Abqar,9866,Alavés,ESP-La Liga,3.0,25.9,,,5.3,0.4,0.01,0.03,1.7,1.0,,1.4,0.0,0.7,0.1,6.8,,8.0,0.4,1.3,0.1,2467,29,Defender,Morocco
956925,Georginio Rutter,10204,Brighton and Hove Albion,ENG-Premier League,0.4,12.7,6.0,,0.6,1.7,0.09,0.25,1.8,3.0,0.27,0.5,0.6,0.2,0.8,6.72,,19.0,2.7,2.1,1.5,1666,28,Midfielder,France
957118,Nuno Tavares,8543,Lazio,ITA-Serie A,1.3,34.6,10.0,,1.7,4.9,0.26,0.06,1.0,8.0,,1.1,0.3,0.2,0.4,7.18,,33.0,1.5,1.5,2.6,1698,23,Defender,Portugal
957203,Éderson,8524,Atalanta,ITA-Serie A,3.1,52.5,6.0,,1.1,4.8,0.15,0.13,1.0,1.0,0.12,1.1,0.4,0.2,0.5,7.28,,37.0,1.2,1.6,0.7,2888,37,Midfielder,Brazil
958232,Samuel Essende,8406,FC Augsburg,GER-Bundesliga,0.2,10.5,2.0,,0.6,1.4,0.08,0.23,2.5,2.0,0.38,,0.7,0.1,0.6,6.32,,11.0,2.4,0.4,0.8,1647,30,,DR Congo
958335,Jesper Lindstrøm,8668,Everton,ENG-Premier League,0.7,19.9,5.0,,1.0,2.0,0.14,0.15,1.1,1.0,,0.9,0.7,0.2,0.6,6.55,,19.0,2.0,3.3,0.6,1240,25,Attacker,Denmark
958401,Alessandro Vogliacco,10167,Parma,ITA-Serie A,3.1,,,,,,,0.09,,,,0.7,0.2,1.0,0.1,,,4.0,0.4,,0.1,1488,22,,Italy
958401,Alessandro Vogliacco,10233,Genoa,ITA-Serie A,,41.6,,,3.3,0.3,0.02,,1.3,,0.12,,,,,6.43,,,,1.2,,1488,22,,Italy
958422,Elia Caprile,8529,Cagliari,ITA-Serie A,,21.4,,7.0,0.7,0.0,0.0,,,,,,,,,7.13,2.5,,,0.0,,1944,22,Keeper,Italy
958464,Leonardo Balerdi,8592,Marseille,FRA-Ligue 1,2.9,93.3,1.0,,2.8,0.8,0.03,0.04,1.1,,,1.5,0.1,0.6,0.2,7.26,,8.0,0.6,2.1,0.9,2276,27,Defender,Argentina
958640,Akor Adams,10249,Montpellier,FRA-Ligue 1,,,2.0,,,0.1,,,,1.0,,,,,,,,12.0,,,,1079,15,Attacker,Nigeria
959594,Karim Adeyemi,9789,Borussia Dortmund,GER-Bundesliga,0.5,18.0,9.0,,0.3,4.1,0.26,0.34,1.7,6.0,0.44,0.4,1.1,0.1,0.8,7.15,,28.0,2.9,1.3,2.5,1438,25,Midfielder,Germany
959597,Luka Sucic,8560,Real Sociedad,ESP-La Liga,1.6,36.3,7.0,,0.8,2.2,0.11,0.16,0.6,1.0,0.05,0.8,0.6,0.1,1.0,6.87,,25.0,2.2,1.3,1.3,1795,29,Midfielder,Croatia
959696,Joseph Scally,9788,Borussia Mönchengladbach,GER-Bundesliga,1.6,37.4,2.0,,2.8,1.3,0.05,0.01,0.8,,,0.6,0.0,0.4,,6.64,,11.0,0.2,1.6,1.1,2586,32,Defender,USA
961306,Nathan Collins,9937,Brentford,ENG-Premier League,2.1,44.6,4.0,,5.8,1.6,0.04,0.07,0.8,3.0,0.05,0.9,0.2,1.5,0.1,6.95,,10.0,0.4,1.1,0.2,3420,38,Defender,Ireland
961995,Bukayo Saka,9825,Arsenal,ENG-Premier League,0.4,26.1,21.0,,0.3,7.8,0.4,0.36,0.8,10.0,0.31,0.2,1.2,,1.2,7.45,,58.0,3.5,1.5,2.1,1735,25,Attacker,England
965764,Iliman Ndiaye,8668,Everton,ENG-Premier League,0.6,21.7,3.0,,0.6,1.4,0.05,0.23,0.9,,0.33,0.7,0.7,0.2,0.6,7.12,,18.0,1.4,2.0,2.5,2440,33,Attacker,Senegal
966018,Jeremie Frimpong,8178,Bayer 04 Leverkusen,GER-Bundesliga,0.5,23.8,6.0,,0.7,4.7,0.18,0.16,0.8,5.0,0.19,0.3,0.6,,0.8,6.98,,30.0,1.3,1.3,1.0,2322,33,Defender,Netherlands
966019,Felix Nmecha,9789,Borussia Dortmund,GER-Bundesliga,3.3,47.3,1.0,,1.7,1.1,0.07,0.08,1.3,1.0,0.24,1.4,0.4,0.3,0.5,6.97,,14.0,1.1,2.0,1.0,1511,26,Midfielder,Germany
966021,Taylor Harwood-Bellis,8466,Southampton,ENG-Premier League,3.2,59.6,3.0,,4.5,0.7,0.02,0.06,1.1,,0.03,1.0,0.3,1.4,0.1,6.45,,14.0,0.6,0.9,0.1,2828,34,Defender,England
966026,Ian Maatsen,10252,Aston Villa,ENG-Premier League,0.7,42.7,4.0,,2.2,2.4,0.19,0.07,0.9,2.0,0.08,1.2,0.4,,0.3,6.74,,19.0,1.5,2.3,1.0,1128,29,Defender,Netherlands
966027,Conor Gallagher,9906,Atlético de Madrid,ESP-La Liga,0.9,38.8,1.0,,1.0,1.1,0.06,0.15,1.8,3.0,0.17,1.1,0.2,0.3,0.4,6.86,,12.0,1.2,2.5,0.9,1632,32,Midfielder,England
966146,Zuriko Davitashvili,9853,St Etienne,FRA-Ligue 1,0.4,23.3,9.0,,0.5,5.6,0.18,0.27,0.7,8.0,0.29,0.5,0.9,,0.8,7.15,,53.0,2.3,0.8,1.6,2761,33,Attacker,Georgia
967622,Antony,8603,Real Betis,ESP-La Liga,,,8.0,,,2.9,,,,2.0,,,,,,,,37.0,,,,1364,17,Attacker,Brazil
967871,Iván Martin,7732,Girona,ESP-La Liga,1.4,54.6,2.0,,0.5,2.1,0.09,0.08,0.9,1.0,0.04,0.5,0.1,0.3,0.5,6.59,,22.0,0.5,1.4,1.1,2041,32,Midfielder,Spain
967941,Mads Hermansen,8197,Leicester City,ENG-Premier League,,19.8,,1.0,1.2,0.0,0.0,,,,,,,,,6.69,3.9,,,0.0,0.0,2385,27,Keeper,Denmark
968029,Lautaro Valenti,10167,Parma,ITA-Serie A,2.5,40.2,,,5.3,0.2,0.01,0.02,1.4,,0.06,0.8,0.1,0.8,,6.65,,4.0,0.4,1.0,,1557,20,Defender,Argentina
969870,Adam Hlozek,8226,TSG 1899 Hoffenheim,GER-Bundesliga,0.7,16.4,7.0,,0.9,3.2,0.15,0.27,0.7,3.0,0.38,0.2,1.2,0.0,0.7,7.01,,22.0,2.8,1.1,1.6,1874,27,Attacker,Czechia
970243,Mats Wieffer,10204,Brighton and Hove Albion,ENG-Premier League,1.8,49.9,1.0,,2.2,1.0,0.09,0.07,2.1,4.0,0.09,1.5,0.4,0.2,0.4,7.04,,16.0,0.8,5.2,0.6,1008,25,Defender,Netherlands
970578,Andrei Ratiu,8370,Rayo Vallecano,ESP-La Liga,0.9,34.1,10.0,,1.8,3.9,0.11,0.05,0.7,3.0,0.06,0.8,0.2,0.1,0.4,7.14,,37.0,0.9,2.1,2.2,3067,35,Defender,Romania
970692,Bryan Gil,7732,Girona,ESP-La Liga,0.6,31.1,4.0,,0.4,3.2,0.17,0.12,1.1,3.0,0.16,0.5,0.8,,0.8,6.89,,21.0,1.7,1.8,2.1,1734,25,Attacker,Spain
971790,Lucien Agoume,8302,Sevilla,ESP-La Liga,1.9,42.4,4.0,,1.7,1.6,0.07,0.04,2.1,3.0,0.04,1.7,0.1,0.5,0.6,7.02,,27.0,0.4,3.0,0.9,2117,35,Midfielder,France
972120,Boulaye Dia,8543,Lazio,ITA-Serie A,0.8,20.3,7.0,,0.7,1.5,0.06,0.29,0.9,3.0,0.37,0.2,0.8,0.0,0.5,6.76,,26.0,1.6,0.9,0.7,2194,35,Attacker,Senegal
974618,Jan Paul van Hecke,10204,Brighton and Hove Albion,ENG-Premier League,4.2,61.0,3.0,,4.2,1.4,0.04,0.04,0.8,,0.03,0.7,0.2,0.7,0.1,6.98,,15.0,0.5,1.4,0.2,2959,34,Defender,Netherlands
974753,Julián Álvarez,9906,Atlético de Madrid,ESP-La Liga,1.3,24.9,9.0,,0.4,5.3,0.19,0.51,0.9,4.0,0.61,0.1,1.5,,0.5,7.21,,41.0,2.6,0.9,1.2,2518,37,Attacker,Argentina
974755,Lucas Beltran,8535,Fiorentina,ITA-Serie A,0.6,20.8,4.0,,0.6,1.9,0.09,0.25,1.5,4.0,0.23,0.2,0.4,0.1,0.5,6.7,,29.0,1.3,1.1,0.7,1958,33,Attacker,Argentina
975242,Simon Sohm,10167,Parma,ITA-Serie A,1.2,31.3,2.0,,1.1,2.1,0.06,0.09,0.6,,0.12,0.8,0.4,0.1,0.2,6.66,,20.0,1.0,0.8,0.5,2999,37,Midfielder,Switzerland
978680,Han-Noah Massengo,8583,Auxerre,FRA-Ligue 1,1.1,31.9,1.0,,0.9,0.6,0.05,0.03,1.5,,,1.5,0.3,0.3,0.2,,,3.0,0.5,1.5,0.9,1045,17,Midfielder,France
979752,Bafodé Diakité,8639,Lille,FRA-Ligue 1,2.5,67.7,,,3.1,0.8,0.03,0.08,1.4,1.0,0.13,0.9,0.2,0.6,0.1,7.13,,3.0,0.5,1.0,0.3,2767,31,Defender,France
980381,Leif Davis,9902,Ipswich Town,ENG-Premier League,1.1,25.1,12.0,,2.3,4.7,0.16,0.03,0.9,2.0,0.03,0.8,0.1,0.3,0.2,6.59,,61.0,0.5,1.5,0.4,2746,33,Defender,England
980422,Sergio Camello,8370,Rayo Vallecano,ESP-La Liga,0.2,16.1,5.0,,1.3,1.1,0.09,0.35,0.9,2.0,0.24,0.3,0.7,0.1,0.7,6.58,,19.0,2.5,0.7,1.0,1138,23,Attacker,Spain
980793,Khéphren Thuram-Ulien,9885,Juventus,ITA-Serie A,1.6,47.3,8.0,,1.4,1.8,0.07,0.13,1.4,5.0,0.15,0.5,0.4,0.4,0.2,7.08,,25.0,1.4,1.7,1.5,2328,35,Midfielder,France
982158,Tuta,9810,Eintracht Frankfurt,GER-Bundesliga,2.5,49.7,1.0,,5.3,0.7,0.03,0.04,1.2,1.0,0.08,1.6,0.2,0.8,0.1,6.96,,4.0,0.5,1.7,0.5,2275,30,,Brazil
982633,Jordan Zemura,8600,Udinese,ITA-Serie A,1.3,23.3,4.0,,2.2,1.4,0.09,0.07,1.4,2.0,0.06,1.0,0.2,0.3,0.3,6.65,,11.0,0.9,2.0,1.3,1411,23,Midfielder,Zimbabwe
982692,Karl Hein,10281,Real Valladolid,ESP-La Liga,,23.3,,5.0,0.7,0.1,0.0,,,,,,,,,6.46,3.1,,,,,2790,31,Keeper,Estonia
983199,Tino Anjorin,8534,Empoli,ITA-Serie A,1.5,28.3,5.0,,1.5,1.1,0.09,0.07,1.9,3.0,0.16,1.0,0.6,0.2,1.0,6.76,,17.0,1.9,2.3,1.3,1117,22,Midfielder,England
987142,Christopher Wooh,9851,Rennes,FRA-Ligue 1,1.7,46.2,,,3.7,0.3,0.02,0.09,2.0,,,1.4,0.2,0.5,0.1,6.62,,2.0,0.6,2.2,0.4,1458,20,,Cameroon
988160,Osame Sahraoui,8639,Lille,FRA-Ligue 1,0.6,35.2,7.0,,0.6,4.3,0.3,0.2,0.6,3.0,0.21,0.5,0.6,0.1,1.0,6.8,,29.0,1.6,0.9,2.5,1284,30,Attacker,Morocco
988805,Pep Chavarria,8370,Rayo Vallecano,ESP-La Liga,1.7,34.7,2.0,,3.2,1.9,0.07,0.04,1.1,1.0,,1.0,0.1,0.3,0.2,6.92,,24.0,0.4,1.6,0.3,2583,34,Defender,Spain
990996,Inaki Pena,8634,Barcelona,ESP-La Liga,,,,4.0,,0.0,,,,,,,,,,,,,,,,1395,16,,Spain
992060,Tom Krauss,9911,VfL Bochum 1848,GER-Bundesliga,,,1.0,,,1.0,,,,,,,,,,,,12.0,,,,1080,14,,Germany
999159,Aihen Munoz,8560,Real Sociedad,ESP-La Liga,0.8,29.2,1.0,,3.4,0.3,0.02,0.01,1.2,,,1.1,,0.5,0.2,6.57,,3.0,0.5,2.0,0.6,1098,21,Defender,Spain
1002058,Nico Schlotterbeck,9789,Borussia Dortmund,GER-Bundesliga,5.9,82.7,5.0,,3.5,2.1,0.09,0.06,0.8,4.0,,1.0,0.2,0.7,0.0,7.25,,18.0,0.8,1.7,0.6,1984,23,Defender,Germany
1002618,Ander Barrenetxea,8560,Real Sociedad,ESP-La Liga,2.0,25.5,3.0,,0.9,2.5,0.18,0.12,2.4,3.0,0.07,0.8,0.6,,1.5,6.49,,16.0,1.8,1.9,1.9,1258,30,Attacker,Spain
1002668,David Nemeth,8152,FC St. Pauli,GER-Bundesliga,2.3,40.1,,,3.8,0.3,0.01,0.01,0.9,1.0,,0.8,0.0,0.5,0.1,6.75,,3.0,0.2,1.8,0.2,2141,24,Defender,Austria
1002673,Jan Schöppner,94937,1. FC Heidenheim 1846,GER-Bundesliga,1.6,25.5,7.0,,2.9,2.1,0.07,0.13,1.1,3.0,0.13,1.4,0.4,0.2,0.4,6.88,,25.0,1.4,1.9,0.5,2686,33,Midfielder,Germany
1006676,Memeh Caleb Okoli,8197,Leicester City,ENG-Premier League,1.6,44.6,,,6.1,0.2,0.01,0.05,1.3,,0.08,1.2,0.2,1.1,0.1,,,,0.3,2.0,,1122,19,Defender,Italy
1010426,Keane Lewis-Potter,9937,Brentford,ENG-Premier League,1.9,24.5,4.0,,1.9,4.9,0.14,0.09,0.5,3.0,0.03,0.6,0.4,0.3,0.4,6.86,,26.0,0.8,1.4,1.2,3101,38,Defender,England
1010733,Ki-Jana Hoever,8583,Auxerre,FRA-Ligue 1,1.8,25.4,6.0,,2.7,1.7,0.07,0.02,0.9,2.0,0.04,0.9,0.2,0.1,0.4,6.79,,24.0,0.4,2.1,0.4,2139,30,,Netherlands
1011026,Jim Allevinah,8121,Angers,FRA-Ligue 1,0.3,18.1,4.0,,0.8,1.7,0.09,0.21,0.9,3.0,0.05,0.6,0.5,,0.6,6.53,,15.0,1.8,1.0,0.8,1766,28,,Gabon
1011117,Robert Navarro,8661,Mallorca,ESP-La Liga,0.8,24.3,4.0,,0.6,1.5,0.1,0.14,1.0,,0.07,1.3,0.4,,0.8,6.82,,13.0,1.3,2.1,2.4,1286,23,Attacker,Spain
1012842,Gianluca Gaetano,8529,Cagliari,ITA-Serie A,1.4,22.4,4.0,,0.7,2.3,0.21,0.44,1.4,4.0,0.18,0.5,0.5,,0.5,6.45,,22.0,2.7,1.0,1.3,998,28,Midfielder,Italy
1013021,Marco Carnesecchi,8524,Atalanta,ITA-Serie A,,18.7,1.0,13.0,1.2,0.0,0.0,,,,,,,,,7.19,2.9,1.0,,,,3060,34,Keeper,Italy
1013277,Toti Gomes,8602,Wolverhampton Wanderers,ENG-Premier League,1.7,49.6,1.0,,5.1,0.6,0.02,0.03,0.8,1.0,,0.9,0.1,0.6,0.1,6.97,,9.0,0.2,2.1,0.7,2615,31,Defender,Portugal
1014496,Odilon Kossounou,8524,Atalanta,ITA-Serie A,,,,,,0.2,,,,,,,,,,,,1.0,,,,1125,18,Defender,Ivory Coast
1014630,Emil Holm,9857,Bologna,ITA-Serie A,2.9,35.5,3.0,,3.8,0.9,0.07,0.05,1.3,1.0,0.08,0.8,0.2,0.3,0.3,,,10.0,0.8,2.7,0.8,1132,21,Defender,Sweden
1014688,Alexander Bernhardsson,8150,Holstein Kiel,GER-Bundesliga,0.5,12.4,3.0,,1.6,1.2,0.09,0.29,1.5,2.0,0.5,0.4,1.0,,0.6,6.97,,17.0,1.9,2.1,1.6,1271,19,Midfielder,Sweden
1015185,Eduardo Camavinga,8633,Real Madrid,ESP-La Liga,2.3,55.6,1.0,,1.6,0.7,0.06,0.04,1.7,2.0,0.08,1.5,0.2,0.7,0.4,7.21,,11.0,0.7,3.4,1.2,1096,19,Midfielder,France
1016093,Gustav Isaksen,8543,Lazio,ITA-Serie A,1.0,23.1,4.0,,0.7,2.8,0.11,0.21,0.9,2.0,0.16,0.4,1.0,0.1,0.4,6.77,,35.0,2.2,0.6,1.8,2226,37,Attacker,Denmark
1016132,Kouadio Koné,8686,Roma,ITA-Serie A,1.4,40.4,2.0,,1.0,1.6,0.05,0.12,1.0,1.0,0.07,0.8,0.3,0.1,0.3,7.01,,19.0,1.2,1.4,1.0,2578,34,Midfielder,France
1017401,Roberto Piccoli,8529,Cagliari,ITA-Serie A,0.1,9.7,2.0,,0.9,0.5,0.01,0.35,1.7,1.0,0.29,0.1,0.9,0.1,0.4,6.56,,13.0,2.8,0.4,0.4,3142,37,Attacker,Italy
1020963,Nicolo Rovella,8543,Lazio,ITA-Serie A,3.5,60.9,6.0,,1.4,2.1,0.07,0.05,1.4,3.0,,1.6,0.3,0.1,0.3,7.15,,31.0,0.9,2.8,0.6,2728,33,Midfielder,Italy
1021302,Mattia Felici,8529,Cagliari,ITA-Serie A,0.2,17.3,2.0,,0.4,0.7,0.07,0.06,1.8,3.0,,0.7,0.6,,0.8,6.61,,10.0,1.0,1.7,1.9,921,20,Midfielder,Italy
1021382,Joao Pedro,10204,Brighton and Hove Albion,ENG-Premier League,0.6,21.5,11.0,,0.6,3.1,0.14,0.41,1.2,6.0,0.46,0.4,0.9,,1.1,7.17,,30.0,2.2,0.7,1.3,1953,27,Attacker,Brazil
1021586,Gabriel Martinelli,9825,Arsenal,ENG-Premier League,0.4,18.2,7.0,,0.6,4.7,0.18,0.29,0.6,4.0,0.31,0.2,1.0,,0.7,7.01,,40.0,2.2,0.9,1.3,2300,33,Attacker,Brazil
1021834,Jakub Kiwior,9825,Arsenal,ENG-Premier League,,,1.0,,,0.3,,,,,,,,,,,,5.0,,,,1117,17,,Poland
1021929,Jacob Ramsey,10252,Aston Villa,ENG-Premier League,0.3,27.3,5.0,,0.4,2.2,0.12,0.09,0.7,3.0,0.06,0.4,0.2,0.2,0.8,6.73,,21.0,1.1,1.7,1.4,1628,29,Midfielder,England
1022354,Diego Conde,10205,Villarreal,ESP-La Liga,,18.8,1.0,2.0,0.8,0.0,0.0,,,1.0,,0.0,,,,6.64,2.9,2.0,,0.1,,1963,22,Keeper,Spain
1022649,Dan Ndoye,9857,Bologna,ITA-Serie A,0.9,21.0,8.0,,0.2,2.7,0.11,0.29,1.0,4.0,0.33,0.4,0.8,,0.4,7.13,,27.0,2.2,1.1,1.5,2151,30,Attacker,Switzerland
1024292,Marco Grüll,8697,SV Werder Bremen,GER-Bundesliga,0.5,18.3,4.0,,0.8,1.5,0.11,0.3,1.7,1.0,0.46,0.2,0.8,0.2,0.6,6.52,,11.0,1.9,0.9,1.0,1178,30,Attacker,Austria
1024672,Nicolas Seiwald,178475,RB Leipzig,GER-Bundesliga,2.2,47.4,6.0,,3.0,2.7,0.12,0.01,1.2,,,1.3,,0.4,0.6,6.78,,21.0,0.2,2.3,0.2,2081,30,Midfielder,Austria
1025560,Magnus Knudsen,8150,Holstein Kiel,GER-Bundesliga,1.6,31.8,1.0,,2.0,2.0,0.1,0.03,1.4,1.0,,0.6,0.2,0.2,0.1,6.52,,8.0,0.6,2.3,0.4,1851,31,,Norway
1027194,Alexander Prass,8226,TSG 1899 Hoffenheim,GER-Bundesliga,1.9,33.2,6.0,,3.0,2.8,0.16,0.05,1.0,1.0,,0.5,0.1,0.3,0.5,6.83,,18.0,0.7,2.4,1.1,1570,23,Midfielder,Austria
1027472,Wilfried Singo,9829,Monaco,FRA-Ligue 1,2.8,52.4,3.0,,4.6,1.5,0.07,0.08,1.5,2.0,0.04,1.8,0.2,0.4,,7.25,,7.0,0.7,1.6,0.3,2093,27,,Ivory Coast
1029063,Michael Olise,9823,Bayern München,GER-Bundesliga,1.0,46.5,32.0,,0.5,12.5,0.48,0.37,0.8,15.0,0.46,0.3,1.4,0.0,1.4,7.99,,91.0,3.3,1.4,2.8,2346,34,Attacker,France
1030212,Sebastiano Esposito,8534,Empoli,ITA-Serie A,1.1,16.5,3.0,,0.3,2.1,0.08,0.22,1.8,,0.31,0.5,0.8,0.1,1.0,6.87,,36.0,2.3,2.2,1.1,2341,33,Attacker,Italy
1030829,Jarrad Branthwaite,8668,Everton,ENG-Premier League,3.0,35.2,2.0,,6.7,0.6,0.02,0.04,0.4,1.0,,1.0,0.1,0.8,0.1,6.98,,3.0,0.4,1.3,0.1,2510,30,Defender,England
1031325,Martin Zubimendi,8560,Real Sociedad,ESP-La Liga,2.8,44.9,1.0,,2.3,1.3,0.04,0.08,1.3,1.0,0.06,1.3,0.2,0.5,0.3,7.05,,19.0,0.7,2.2,0.6,2962,36,Midfielder,Spain
1033099,Hicham Boudaoui,9831,Nice,FRA-Ligue 1,1.4,34.6,6.0,,1.6,2.8,0.1,0.1,1.5,3.0,0.07,0.8,0.7,0.4,0.7,7.3,,22.0,1.4,2.8,0.9,2438,29,Midfielder,Algeria
1033111,Kaishu Sano,9905,1. FSV Mainz 05,GER-Bundesliga,1.5,33.9,1.0,,1.6,2.0,0.06,0.03,0.5,,,1.9,0.1,0.4,0.4,7.23,,19.0,0.6,1.8,0.9,3045,34,Midfielder,Japan
1035208,Victor Okoh Boniface,8178,Bayer 04 Leverkusen,GER-Bundesliga,0.9,15.0,1.0,,0.4,1.0,0.09,0.7,1.2,1.0,0.71,,1.6,,0.5,6.97,,10.0,4.5,0.4,1.3,1010,19,Attacker,Nigeria
1035614,Manuel Ugarte,10260,Manchester United,ENG-Premier League,2.0,40.0,3.0,,0.8,0.7,0.03,0.05,2.1,2.0,0.05,1.4,0.2,0.2,0.7,6.82,,10.0,1.0,3.9,0.9,1789,29,Midfielder,Uruguay
1036182,Ivan Ilic,9804,Torino,ITA-Serie A,1.8,42.9,2.0,,1.0,0.9,0.09,0.09,1.1,,0.1,0.5,0.4,,0.1,,,9.0,1.1,0.5,0.6,916,19,Midfielder,Serbia
1037537,Jesus Areso,8371,Osasuna,ESP-La Liga,1.1,24.5,4.0,,2.5,3.1,0.09,0.01,0.9,3.0,,0.2,,0.1,0.3,6.84,,30.0,0.2,1.5,0.7,3088,36,Defender,Spain
1039403,Santiago Pierotti,9888,Lecce,ITA-Serie A,0.4,13.9,5.0,,1.4,1.4,0.07,0.14,2.6,2.0,0.19,0.6,0.3,0.2,0.8,6.55,,25.0,1.5,2.1,1.0,1941,36,Attacker,Argentina
1041522,Fali Candé,7881,Venezia,ITA-Serie A,,,2.0,,,0.2,,,,1.0,,,,,,,,4.0,,,,1530,17,,Guinea-Bissau
1044470,Hákon Arnar Haraldsson,8639,Lille,FRA-Ligue 1,1.3,36.9,6.0,,0.3,3.2,0.16,0.19,1.0,3.0,0.25,0.4,0.7,0.1,0.7,7.28,,35.0,1.8,1.8,1.4,1765,25,Midfielder,Iceland
1047667,Maximilian Beier,9789,Borussia Dortmund,GER-Bundesliga,0.1,15.7,6.0,,0.7,2.5,0.14,0.44,1.0,5.0,0.45,0.4,0.7,0.1,0.6,6.87,,25.0,2.4,1.4,1.2,1590,29,Midfielder,Germany
1047670,Andrej Ilic,8149,1. FC Union Berlin,GER-Bundesliga,,,,,,0.2,,,,,,,,,,,,6.0,,,,943,16,Attacker,Serbia
1047676,Yéremi Pino,10205,Villarreal,ESP-La Liga,0.6,23.4,10.0,,0.8,3.8,0.18,0.18,2.3,7.0,0.18,0.4,0.4,0.1,0.4,7.0,,38.0,1.3,2.8,1.2,1948,34,Midfielder,Spain
1048023,Strahinja Pavlovic,8564,Milan,ITA-Serie A,2.3,57.9,2.0,,3.8,0.4,0.02,0.09,1.0,1.0,0.1,0.8,0.4,0.3,0.0,7.14,,6.0,0.8,2.5,0.2,1864,24,Defender,Serbia
1050158,Fabio Silva,8306,Las Palmas,ESP-La Liga,0.4,14.4,4.0,,1.2,1.8,0.09,0.42,1.9,3.0,0.48,0.2,1.2,,0.5,7.09,,16.0,2.3,0.6,1.0,1877,24,Attacker,Portugal
1050163,Lorenzo Colombo,8534,Empoli,ITA-Serie A,0.8,13.6,5.0,,0.6,0.9,0.04,0.25,1.8,2.0,0.24,0.1,0.8,0.1,0.6,6.4,,21.0,2.2,1.2,1.0,2242,37,Attacker,Italy
1050166,Anthony Elanga,10203,Nottingham Forest,ENG-Premier League,0.4,17.6,9.0,,0.7,5.1,0.18,0.16,0.3,11.0,0.22,0.2,0.9,0.0,0.5,7.01,,50.0,1.6,0.7,0.9,2507,38,Attacker,Sweden
1050178,Lazar Samardzic,8524,Atalanta,ITA-Serie A,3.6,41.0,4.0,,0.2,4.0,0.32,0.16,1.5,1.0,0.16,0.2,1.0,0.1,0.9,6.64,,35.0,2.6,1.6,2.1,1149,31,Midfielder,Serbia
1050859,Enzo Millot,10269,VfB Stuttgart,GER-Bundesliga,1.1,46.2,3.0,,0.3,3.5,0.17,0.37,1.2,5.0,0.29,0.6,0.9,,0.8,6.95,,23.0,2.1,1.5,1.5,1850,29,,France
1051097,Matteo Ruggeri,8524,Atalanta,ITA-Serie A,1.3,49.5,4.0,,2.2,1.8,0.09,0.01,0.6,3.0,,1.1,0.1,0.2,0.4,7.08,,24.0,0.2,2.0,0.3,1748,30,Defender,Italy
1052330,Manuel Sánchez,9866,Alavés,ESP-La Liga,0.8,19.2,1.0,,2.2,1.3,0.04,0.06,1.9,,0.03,1.0,0.1,0.4,0.2,6.67,,16.0,0.4,2.8,0.3,2638,33,,Spain
1052898,Destiny Udogie,8586,Tottenham Hotspur,ENG-Premier League,0.6,39.2,2.0,,1.3,1.2,0.06,0.01,1.4,1.0,,1.0,0.0,0.3,0.4,6.89,,16.0,0.2,3.5,0.6,1931,25,Defender,Italy
1053676,Abdoulaye N'Diaye,8521,Brest,FRA-Ligue 1,3.3,42.3,,,7.2,0.2,0.01,0.05,1.1,,0.05,0.6,0.1,0.9,,6.79,,1.0,0.6,2.6,0.1,1707,22,Defender,Senegal
1053679,Zion Suzuki,10167,Parma,ITA-Serie A,,22.5,,7.0,1.4,0.1,0.0,,0.1,,,,,,,6.93,2.7,,,0.0,,3315,37,Keeper,Japan
1053714,Nicola Zalewski,8636,Internazionale,ITA-Serie A,1.4,32.5,5.0,,0.7,2.4,0.22,0.05,0.8,1.0,0.09,0.6,0.3,0.3,0.7,6.61,,21.0,0.9,1.4,1.0,965,23,Midfielder,Poland
1054522,Moussa Diarra,9866,Alavés,ESP-La Liga,1.8,29.2,,,2.0,0.4,0.02,0.0,1.4,,,1.0,,0.2,0.1,6.57,,3.0,0.0,1.9,0.3,1862,26,,Mali
1054786,Aimar Oroz,8371,Osasuna,ESP-La Liga,1.2,27.5,6.0,,0.3,3.5,0.11,0.13,0.8,4.0,0.15,0.6,0.5,0.1,0.9,7.06,,41.0,1.4,1.1,1.5,2981,37,Midfielder,Spain
1055327,Antonio Sánchez,8661,Mallorca,ESP-La Liga,1.9,23.4,,,1.9,1.0,0.06,0.07,1.6,,,1.2,0.1,0.1,0.3,6.49,,5.0,1.1,1.8,0.9,1387,33,Midfielder,Spain
1057426,Armin Gigovic,8150,Holstein Kiel,GER-Bundesliga,0.9,24.7,3.0,,1.5,1.7,0.08,0.09,1.0,1.0,0.24,1.0,0.5,0.0,0.6,6.79,,16.0,1.2,1.2,0.9,1906,31,,Bosnia and Herzegovina
1057433,Tanner Tessmann,9748,Lyon,FRA-Ligue 1,3.4,49.6,1.0,,2.1,0.8,0.06,0.07,1.0,,0.07,1.4,0.7,0.5,0.4,6.78,,7.0,1.3,1.8,0.7,1229,25,Midfielder,USA
1057703,Youssouf Ndayishimiye,9831,Nice,FRA-Ligue 1,1.8,54.5,,,5.3,0.4,0.02,0.04,0.9,,0.14,1.0,0.2,0.9,0.3,7.26,,5.0,0.5,1.9,0.3,1934,23,Defender,Burundi
1059657,Sergi Cardona,10205,Villarreal,ESP-La Liga,1.1,27.3,10.0,,3.0,4.6,0.14,0.07,1.2,7.0,0.03,1.2,0.2,0.2,0.2,7.22,,45.0,0.6,2.2,0.3,2955,35,Defender,Spain
1060604,Abner,9748,Lyon,FRA-Ligue 1,1.4,39.8,1.0,,2.9,2.3,0.19,0.05,1.3,1.0,0.08,0.4,0.2,0.2,0.3,,,11.0,0.6,2.4,0.5,1091,19,Defender,Brazil
1061249,Vitinha,9847,Paris Saint-Germain,FRA-Ligue 1,6.6,98.2,4.0,,0.8,3.8,0.17,0.15,0.4,1.0,0.22,0.6,0.6,0.3,0.5,7.53,,27.0,1.2,1.9,1.2,2035,29,Midfielder,Portugal
1067256,Djordje Petrovic,9848,Strasbourg,FRA-Ligue 1,,36.0,,10.0,0.9,0.1,0.0,,,,,,,,,7.43,3.6,,,0.0,0.0,2790,31,Keeper,Serbia
1067260,Jakub Kaminski,8721,VfL Wolfsburg,GER-Bundesliga,1.0,21.4,5.0,,1.6,3.6,0.29,0.07,0.8,2.0,,1.0,0.2,0.6,0.2,6.55,,24.0,1.2,1.4,0.6,1123,22,,Poland
1069536,Anass Zaroury,8588,Lens,FRA-Ligue 1,1.0,29.7,4.0,,0.8,3.3,0.21,0.11,0.8,2.0,0.13,0.4,0.8,,0.6,6.9,,35.0,2.2,1.5,1.1,1408,28,,Morocco
1070052,Amad,10260,Manchester United,ENG-Premier League,0.6,34.8,7.0,,0.8,4.2,0.2,0.22,1.0,6.0,0.38,0.5,0.8,0.1,1.4,7.44,,49.0,2.2,1.8,1.9,1901,26,Midfielder,Ivory Coast
1070712,Josko Gvardiol,8456,Manchester City,ENG-Premier League,1.9,63.4,1.0,,3.0,2.9,0.08,0.13,0.4,,0.14,1.2,0.3,0.5,0.3,7.36,,26.0,1.1,1.6,0.7,3279,37,Defender,Croatia
1071186,Angelo Stiller,10269,VfB Stuttgart,GER-Bundesliga,3.4,71.5,13.0,,1.5,8.6,0.28,0.06,0.7,8.0,0.03,0.9,0.1,0.3,0.5,7.26,,59.0,0.7,1.6,0.7,2743,32,Midfielder,Germany
1072054,Daniel Maldini,6504,Monza,ITA-Serie A,,,1.0,,,,,,,,,,,0.1,0.5,,,,,,,1565,30,Attacker,Italy
1072054,Daniel Maldini,8524,Atalanta,ITA-Serie A,1.0,18.1,,,0.7,1.4,0.08,0.41,1.0,,0.35,0.3,1.1,,,6.64,,15.0,2.8,0.9,2.1,1565,30,Attacker,Italy
1072472,Flavius Daniliuc,9876,Verona,ITA-Serie A,,,,,,0.1,,,,,,,,,,,,2.0,,,,1004,18,,Austria
1072913,Tanguy Coulibaly,10249,Montpellier,FRA-Ligue 1,0.2,18.1,1.0,,0.1,1.1,0.06,0.26,2.8,,0.19,0.7,0.8,0.1,0.7,6.54,,18.0,1.9,2.2,1.9,1459,25,,France
1073498,Patrick Wimmer,8721,VfL Wolfsburg,GER-Bundesliga,1.2,20.2,5.0,,0.6,3.4,0.17,0.19,1.8,4.0,0.15,1.6,0.5,0.2,0.9,7.02,,24.0,2.1,2.4,1.9,1781,29,Attacker,Austria
1073742,Julio Enciso,9902,Ipswich Town,ENG-Premier League,0.5,20.2,4.0,,0.5,1.3,0.1,0.21,0.9,3.0,0.15,0.1,1.7,0.1,0.9,6.67,,18.0,4.0,0.9,3.1,1164,25,Midfielder,Paraguay
1073905,Rassoul Ndiaye,9746,Le Havre,FRA-Ligue 1,1.1,27.2,1.0,,2.0,0.9,0.07,0.15,1.0,,0.09,1.0,0.4,0.3,0.6,6.59,,10.0,1.5,3.0,0.3,1054,27,Midfielder,Senegal
1073941,Lilian Brassier,9851,Rennes,FRA-Ligue 1,2.7,59.2,1.0,,3.8,0.5,0.02,0.08,0.7,1.0,0.04,1.4,0.1,0.6,0.2,6.83,,7.0,0.8,1.0,0.1,2015,26,Defender,France
1073977,Benjamin Sesko,178475,RB Leipzig,GER-Bundesliga,0.3,15.4,5.0,,0.8,1.7,0.06,0.37,1.0,5.0,0.49,0.2,1.2,0.2,0.4,7.0,,19.0,2.6,0.3,1.5,2399,33,Attacker,Slovenia
1074476,Woyo Coulibaly,10167,Parma,ITA-Serie A,,,2.0,,,0.8,,,,1.0,,,,,,,,8.0,,,,1085,14,,Mali
1074968,Jamie Leweling,10269,VfB Stuttgart,GER-Bundesliga,0.3,20.8,12.0,,0.9,3.3,0.18,0.08,0.9,2.0,0.11,0.6,0.9,0.1,0.8,6.84,,25.0,1.6,0.9,2.2,1675,27,Attacker,Germany
1075815,Patrick Osterhage,8358,Sport-Club Freiburg,GER-Bundesliga,1.0,33.8,3.0,,1.3,2.1,0.08,0.06,1.0,,0.04,0.7,0.1,0.1,0.3,6.7,,16.0,0.8,1.8,0.4,2274,30,Midfielder,Germany
1076647,Lucas Da Cunha,10171,Como,ITA-Serie A,2.2,47.9,7.0,,1.0,4.7,0.16,0.07,0.7,2.0,0.1,0.6,0.5,0.1,0.6,7.03,,55.0,1.3,1.5,0.4,2625,36,Midfielder,France
1076756,Brennan Johnson,8586,Tottenham Hotspur,ENG-Premier League,0.2,17.9,4.0,,0.4,2.0,0.08,0.43,1.1,3.0,0.45,0.2,0.8,0.1,0.6,7.03,,19.0,2.2,1.6,0.8,2179,33,Attacker,Wales
1077653,Valentin Gendrey,8226,TSG 1899 Hoffenheim,GER-Bundesliga,0.9,22.8,2.0,,3.1,2.7,0.17,0.07,0.8,1.0,0.06,1.0,0.3,0.3,0.3,6.68,,17.0,0.6,1.9,0.2,1416,22,Defender,France
1077894,Jude Bellingham,8633,Real Madrid,ESP-La Liga,2.4,47.7,4.0,,0.8,4.5,0.16,0.41,1.2,8.0,0.32,1.0,0.8,0.1,0.4,7.59,,42.0,2.2,2.2,1.5,2494,31,Midfielder,England
1078788,Neco Williams,10203,Nottingham Forest,ENG-Premier League,1.0,24.0,2.0,,4.2,1.5,0.05,0.08,0.8,3.0,0.03,1.1,0.2,0.3,0.2,7.1,,18.0,1.3,3.1,0.6,2590,35,Defender,Wales
1078846,Andrea Cambiaso,9885,Juventus,ITA-Serie A,2.1,53.7,4.0,,0.8,2.1,0.08,0.03,1.1,3.0,0.08,0.6,0.2,0.2,0.2,7.01,,34.0,0.7,1.9,1.1,2222,33,Midfielder,Italy
1079103,Jacob Greaves,9902,Ipswich Town,ENG-Premier League,1.0,38.7,,,5.9,0.2,0.01,0.05,0.7,,0.04,0.9,0.2,1.1,0.1,6.47,,5.0,0.4,1.6,0.2,2205,25,Defender,England
1079485,Beto,8668,Everton,ENG-Premier League,0.2,9.1,2.0,,1.4,0.5,0.03,0.46,1.9,,0.47,0.2,1.4,0.1,0.6,6.64,,12.0,2.9,0.8,1.1,1528,30,Attacker,Guinea-Bissau
1079539,Dilane Bakwa,9848,Strasbourg,FRA-Ligue 1,1.8,26.8,12.0,,0.9,6.0,0.21,0.16,1.0,8.0,0.22,0.5,0.8,0.0,0.7,7.38,,47.0,1.9,0.9,1.8,2509,30,Midfielder,France
1079548,Joris Chotard,10249,Montpellier,FRA-Ligue 1,2.9,32.6,,,2.5,1.0,0.05,0.06,0.8,,0.05,0.9,0.1,0.5,0.2,6.53,,7.0,0.9,2.0,0.4,1871,26,Midfielder,France
1079554,Anthony Rouault,9851,Rennes,FRA-Ligue 1,,,,,,0.2,,,,,,,,,,,,1.0,,,,973,11,Defender,France
1079554,Anthony Rouault,10269,VfB Stuttgart,GER-Bundesliga,3.0,58.2,,,4.7,0.5,0.03,0.04,1.3,,0.07,1.4,0.1,0.7,0.1,6.77,,6.0,0.4,1.1,0.1,1212,18,Defender,France
1080669,Nadir Zortea,8529,Cagliari,ITA-Serie A,0.6,16.1,6.0,,1.3,2.2,0.07,0.1,1.1,2.0,0.2,0.6,0.3,,0.3,6.72,,28.0,1.1,1.0,1.3,2728,35,Defender,Italy
1080917,Omar Traoré,94937,1. FC Heidenheim 1846,GER-Bundesliga,2.2,26.8,1.0,,1.9,3.3,0.11,0.02,0.8,1.0,,0.7,0.1,0.2,0.4,6.7,,20.0,0.5,1.7,0.9,2621,30,Midfielder,Germany
1082597,Ignace Van Der Brempt,10171,Como,ITA-Serie A,1.2,31.8,,,2.2,0.4,0.03,0.03,1.5,1.0,,1.2,0.2,0.4,0.2,,,10.0,0.5,2.9,0.9,1258,20,Defender,Belgium
1082941,Samuel Dias Lino,9906,Atlético de Madrid,ESP-La Liga,2.2,35.7,6.0,,0.7,2.2,0.13,0.34,0.9,4.0,0.17,0.5,1.0,0.2,0.3,6.98,,22.0,2.6,1.9,1.6,1561,31,,Brazil
1083323,Pedri,8634,Barcelona,ESP-La Liga,4.5,74.0,14.0,,0.4,9.0,0.28,0.07,0.3,5.0,0.12,0.8,0.3,0.1,0.9,7.78,,70.0,0.8,1.9,1.2,2892,37,Midfielder,Spain
1083796,Kevin Schade,9937,Brentford,ENG-Premier League,0.3,11.3,8.0,,1.2,1.8,0.07,0.32,0.8,2.0,0.43,0.2,1.1,0.2,0.7,6.95,,23.0,2.2,1.5,1.2,2301,38,Attacker,Germany
1084981,Noni Madueke,8455,Chelsea,ENG-Premier League,0.6,22.0,6.0,,0.4,3.2,0.14,0.42,1.0,3.0,0.31,0.4,1.4,,0.8,7.18,,32.0,3.5,1.1,2.0,2046,32,Attacker,England
1086647,Cameron Archer,8466,Southampton,ENG-Premier League,0.2,12.9,,,0.6,0.7,0.05,0.36,1.0,,0.13,0.1,0.7,0.1,0.4,6.18,,5.0,1.8,0.8,0.9,1432,35,Attacker,Jamaica
1087966,Evann Guessand,9831,Nice,FRA-Ligue 1,0.1,14.5,12.0,,0.5,5.3,0.19,0.32,1.6,8.0,0.42,0.5,0.9,0.1,0.8,7.31,,32.0,2.2,1.5,1.7,2572,33,Attacker,Ivory Coast
1089691,Elliot Anderson,10203,Nottingham Forest,ENG-Premier League,1.5,34.8,7.0,,2.2,3.6,0.12,0.07,1.6,6.0,0.07,1.0,0.2,0.3,0.8,7.18,,37.0,1.3,3.0,1.2,2742,37,Midfielder,England
1089744,Zito Luvumbo,8529,Cagliari,ITA-Serie A,0.4,9.4,6.0,,0.1,2.1,0.12,0.12,2.1,2.0,0.11,0.2,0.2,,0.5,6.48,,17.0,1.3,0.6,1.4,1614,26,Attacker,Angola
1091193,Maduka Okoye,8600,Udinese,ITA-Serie A,,24.0,,4.0,0.8,0.1,0.0,,,,,,,,,6.64,2.9,,,,,2250,25,Keeper,Nigeria
1091907,Fisayo Dele-Bashiru,8543,Lazio,ITA-Serie A,0.3,29.9,1.0,,0.4,0.8,0.07,0.1,0.8,1.0,0.29,0.4,0.5,0.2,0.2,,,10.0,1.5,1.0,1.3,944,20,Midfielder,Nigeria
1092403,Melvin Bard,9831,Nice,FRA-Ligue 1,1.6,36.2,4.0,,2.3,2.5,0.12,0.1,0.8,1.0,0.09,1.3,0.4,0.6,0.2,7.17,,15.0,1.1,2.5,1.0,1940,24,Defender,France
1092680,Morgan Guilavogui,8152,FC St. Pauli,GER-Bundesliga,0.3,17.7,6.0,,1.5,2.4,0.12,0.36,2.4,2.0,0.3,0.6,0.7,,0.5,6.93,,27.0,2.0,1.6,1.0,1813,25,,Guinea
1093255,Carlo Boukhalfa,8152,FC St. Pauli,GER-Bundesliga,0.5,18.0,1.0,,1.2,1.1,0.06,0.08,1.0,,0.11,0.7,0.2,0.2,0.5,6.55,,11.0,1.1,1.4,0.7,1655,25,,Germany
1093285,Fabiano Parisi,8535,Fiorentina,ITA-Serie A,1.2,27.0,3.0,,0.9,0.9,0.08,0.04,1.4,,0.17,1.4,0.4,0.2,0.4,6.6,,4.0,0.7,2.2,0.8,1087,26,Midfielder,Italy
1093766,Hamza Rafia,9888,Lecce,ITA-Serie A,,,1.0,,,1.3,,,,,,,,,,,,16.0,,,,1064,18,,Tunisia
1095432,Charles De Ketelaere,8524,Atalanta,ITA-Serie A,1.2,31.1,12.0,,0.4,4.8,0.21,0.32,1.0,7.0,0.3,0.1,0.9,0.1,0.6,6.94,,39.0,2.1,0.6,1.9,2079,36,Midfielder,Belgium
1095445,Arnaud Kalimuendo-Muinga,9851,Rennes,FRA-Ligue 1,0.7,16.5,5.0,,0.6,2.1,0.07,0.52,1.0,3.0,0.59,0.1,1.3,0.1,0.6,6.85,,19.0,2.6,0.7,0.7,2589,33,Attacker,France
1096327,Jakub Stolarczyk,8197,Leicester City,ENG-Premier League,,,,2.0,,0.0,,,,,,,,,,,,,,,,900,10,Keeper,Poland
1096353,Cole Palmer,8455,Chelsea,ENG-Premier League,2.6,30.7,24.0,,0.5,9.1,0.26,0.49,0.4,8.0,0.42,0.3,1.4,0.0,0.6,7.64,,89.0,3.5,1.0,1.4,3195,37,Midfielder,England
1096400,Levi Colwill,8455,Chelsea,ENG-Premier League,2.5,66.5,2.0,,3.3,1.2,0.03,0.05,1.3,1.0,0.06,0.9,0.1,0.7,0.1,7.02,,15.0,0.5,1.3,0.2,3149,35,Defender,England
1097229,Orri Oskarsson,8560,Real Sociedad,ESP-La Liga,0.1,9.9,,,1.1,0.5,0.04,0.49,0.7,,0.29,0.2,0.7,0.1,0.4,6.29,,5.0,1.8,0.6,0.2,937,23,Attacker,Iceland
1097466,Micky van de Ven,8586,Tottenham Hotspur,ENG-Premier League,,,2.0,,,0.7,,,,2.0,,,,,,,,2.0,,,,1018,13,Defender,Netherlands
1098096,Evanilson,8678,Bournemouth,ENG-Premier League,0.3,9.4,2.0,,0.8,1.8,0.07,0.48,1.4,1.0,0.39,0.0,1.2,0.1,0.9,7.0,,26.0,2.8,0.6,0.3,2335,31,Attacker,Brazil
1098243,Yanis Zouaoui,9746,Le Havre,FRA-Ligue 1,2.0,27.5,5.0,,3.3,3.1,0.29,0.01,0.7,2.0,,0.7,0.2,0.2,0.2,,,28.0,0.5,1.8,1.2,973,17,Defender,France
1098365,Jorge Herrando,8371,Osasuna,ESP-La Liga,,,,,,0.1,,,,,,,,,,,,,,,,1364,18,Defender,Spain
1098607,Jake O'Brien,8668,Everton,ENG-Premier League,2.0,28.2,1.0,,5.1,0.3,0.02,0.04,0.7,,0.11,0.2,0.2,0.2,0.2,,,6.0,0.3,1.5,0.2,1569,20,Defender,Ireland
1102240,Casper Tengstedt,9876,Verona,ITA-Serie A,0.5,11.5,2.0,,1.7,1.1,0.06,0.3,0.4,1.0,0.35,0.2,0.6,0.1,0.6,6.62,,12.0,2.2,0.4,0.5,1531,25,,Denmark
1102289,Juan Iglesias,8305,Getafe,ESP-La Liga,1.7,14.8,7.0,,3.9,1.8,0.06,0.05,1.4,1.0,,1.6,0.1,0.2,0.2,6.9,,20.0,0.7,2.5,0.4,2889,37,Defender,Spain
1103837,Issa Soumaré,9746,Le Havre,FRA-Ligue 1,0.7,15.7,3.0,,1.4,1.9,0.09,0.18,0.8,4.0,0.24,0.8,0.9,0.2,0.7,6.97,,28.0,2.0,1.2,0.8,1905,29,Attacker,Senegal
1104053,Rayan Cherki,9748,Lyon,FRA-Ligue 1,1.8,45.0,22.0,,0.2,11.7,0.52,0.22,0.7,11.0,0.35,0.3,0.8,,0.6,7.5,,75.0,2.0,0.7,2.1,2046,30,Attacker,France
1105912,Riccardo Calafiori,9825,Arsenal,ENG-Premier League,1.4,38.5,,,2.2,0.7,0.06,0.08,1.5,1.0,0.18,0.8,0.5,0.5,,,,6.0,0.9,2.5,0.8,984,19,Defender,Italy
1106074,Mario Gila,8543,Lazio,ITA-Serie A,4.2,61.3,1.0,,3.6,1.0,0.03,0.03,1.1,,0.03,0.9,0.1,0.4,0.0,6.98,,15.0,0.5,1.8,0.1,2742,32,Defender,Spain
1106563,Nick Woltemade,10269,VfB Stuttgart,GER-Bundesliga,0.3,19.1,8.0,,0.8,3.4,0.19,0.58,1.3,2.0,0.67,0.1,1.4,0.1,0.6,7.03,,37.0,2.7,0.6,1.7,1620,28,Attacker,Germany
1106742,Sergio Carreira,9910,Celta de Vigo,ESP-La Liga,1.6,30.2,4.0,,1.6,2.4,0.13,0.03,1.0,4.0,,0.9,0.2,0.1,0.3,6.82,,16.0,0.7,1.5,0.8,1657,23,Midfielder,Spain
1106895,Marvin Park,8306,Las Palmas,ESP-La Liga,1.9,26.4,2.0,,2.1,1.2,0.1,0.02,1.7,,,1.3,,0.5,0.5,6.34,,6.0,0.4,2.2,0.2,1029,23,Defender,Spain
1107280,Pape Sarr,8586,Tottenham Hotspur,ENG-Premier League,0.7,41.2,1.0,,1.1,0.8,0.04,0.18,1.6,2.0,0.14,1.4,0.6,0.5,0.5,6.68,,15.0,1.6,2.3,0.5,1913,36,Midfielder,Senegal
1107910,Valentino Livramento,10261,Newcastle United,ENG-Premier League,0.8,37.4,5.0,,3.0,2.7,0.08,0.01,0.2,1.0,,0.7,0.1,0.3,0.4,6.87,,26.0,0.2,1.7,0.8,2842,37,Defender,England
1108603,Timothée Pembélé,9746,Le Havre,FRA-Ligue 1,0.8,29.3,,,3.3,0.5,0.04,0.11,0.7,,0.08,0.9,0.2,0.4,0.2,,,3.0,0.6,2.4,1.2,1109,20,Defender,France
1109046,Ilaix Moriba,9910,Celta de Vigo,ESP-La Liga,1.9,35.3,4.0,,1.2,2.4,0.1,0.07,1.4,1.0,0.04,0.6,0.5,0.2,0.5,6.87,,21.0,1.4,2.9,0.6,2132,33,Midfielder,Guinea
1110045,Gaetano Oristanio,7881,Venezia,ITA-Serie A,0.8,11.3,2.0,,0.2,2.2,0.08,0.17,1.9,3.0,0.12,0.2,0.5,,0.6,6.48,,33.0,1.7,0.7,2.1,2333,37,Attacker,Italy
1112511,Alejandro Francés,7732,Girona,ESP-La Liga,,,1.0,,,0.5,,,,,,,,,,,,4.0,,,,1176,18,Defender,Spain
1113692,Jamie Gittens,9789,Borussia Dortmund,GER-Bundesliga,0.4,20.9,6.0,,0.2,4.1,0.21,0.18,1.3,3.0,0.4,0.5,1.2,,0.7,7.18,,21.0,2.6,1.6,3.9,1785,32,Attacker,England
1113784,Pierre Ekwah,9853,St Etienne,FRA-Ligue 1,2.7,50.6,2.0,,2.6,1.6,0.06,0.03,1.5,,0.04,1.7,0.2,0.4,0.3,7.16,,16.0,0.9,2.0,0.7,2552,29,,France
1113809,Mika Biereth,9829,Monaco,FRA-Ligue 1,,,8.0,,,3.2,,,,2.0,,,,,,,,22.0,,,,1237,16,Attacker,Denmark
1113903,Liam Delap,9902,Ipswich Town,ENG-Premier League,0.2,7.4,3.0,,1.0,1.4,0.05,0.32,2.5,2.0,0.41,0.1,1.1,,0.6,6.73,,21.0,2.3,0.4,1.4,2612,37,Attacker,England
1114635,Luis Henrique,8592,Marseille,FRA-Ligue 1,1.1,36.6,9.0,,1.0,5.0,0.17,0.14,0.3,7.0,0.24,0.3,0.5,0.1,0.4,7.42,,53.0,1.0,0.5,1.8,2620,33,Midfielder,Brazil
1114979,Emmanuel Agbadou,8602,Wolverhampton Wanderers,ENG-Premier League,,,,,,0.3,,,,,,,,,,,,4.0,,,,1411,16,,Ivory Coast
1114979,Emmanuel Agbadou,9837,Reims,FRA-Ligue 1,,,1.0,,,0.3,,,,,,,,,,,,8.0,,,,1260,14,,Ivory Coast
1116749,Mattia Viti,8534,Empoli,ITA-Serie A,2.3,32.5,,,4.4,0.2,0.01,0.03,1.0,,0.03,1.7,0.1,0.6,,6.77,,5.0,0.4,2.3,0.2,2576,30,,Italy
1117069,Georges Mikautadze,9748,Lyon,FRA-Ligue 1,0.8,20.3,9.0,,0.4,3.7,0.23,0.64,0.4,6.0,0.69,0.3,1.6,,0.7,6.85,,21.0,3.5,0.4,1.1,1432,34,Attacker,Georgia
1117306,Botond Balogh,10167,Parma,ITA-Serie A,2.1,37.6,1.0,,5.9,0.3,0.01,0.02,0.7,1.0,,1.1,,1.1,0.1,6.56,,2.0,0.1,1.6,,2053,29,,Hungary
1119461,Loic Badé,8302,Sevilla,ESP-La Liga,4.1,52.1,1.0,,5.4,0.2,0.01,0.02,0.9,1.0,0.03,1.0,0.1,0.4,,6.97,,4.0,0.4,1.6,0.6,2687,32,Defender,France
1120224,Tyrick Mitchell,9826,Crystal Palace,ENG-Premier League,1.5,21.9,11.0,,2.8,3.7,0.11,0.04,0.7,5.0,,0.6,0.1,0.3,0.3,7.06,,41.0,0.3,2.6,0.5,3102,37,Midfielder,England
1123969,Andrea Carboni,6504,Monza,ITA-Serie A,1.8,39.9,1.0,,4.3,0.2,0.01,0.01,1.2,1.0,,1.1,0.0,0.7,0.2,6.6,,4.0,0.3,2.5,0.2,2196,26,Defender,Italy
1124453,Aimen Moueffek,9853,St Etienne,FRA-Ligue 1,0.3,28.8,2.0,,2.2,1.0,0.09,0.09,1.7,1.0,,0.4,0.2,0.6,0.7,6.47,,10.0,0.9,1.7,1.0,1042,22,Midfielder,France
1125187,Ramon Hendriks,10269,VfB Stuttgart,GER-Bundesliga,1.6,42.3,2.0,,4.6,1.5,0.12,0.03,0.9,1.0,,1.5,0.1,0.6,0.2,6.57,,6.0,0.4,1.6,0.4,1141,25,Defender,Netherlands
1125446,Balthazar Pierret,9888,Lecce,ITA-Serie A,1.8,36.3,,,1.5,0.6,0.03,0.01,1.8,,,1.0,,0.3,0.3,6.66,,10.0,0.3,2.7,0.7,1725,30,,France
1127054,Tomas Suslov,9876,Verona,ITA-Serie A,1.6,15.5,4.0,,0.6,1.7,0.07,0.07,2.3,1.0,,0.8,0.3,0.1,0.5,6.62,,27.0,1.4,2.3,1.5,2097,31,Midfielder,Slovakia
1128945,Rodrigo Muniz,9879,Fulham,ENG-Premier League,0.8,8.7,1.0,,1.3,0.2,0.02,0.55,1.0,1.0,0.76,0.5,1.8,0.2,0.5,6.56,,7.0,3.7,0.9,0.6,951,31,Attacker,Brazil
1130583,Samu,8661,Mallorca,ESP-La Liga,2.5,39.1,3.0,,2.8,1.9,0.06,0.06,2.1,2.0,,1.1,0.3,0.5,0.2,6.92,,15.0,1.0,3.0,0.4,2654,32,Midfielder,Portugal
1130600,Filip Stankovic,7881,Venezia,ITA-Serie A,,,,,,0.0,,,,,,,,,,,,,,,,1368,16,Keeper,Serbia
1130691,Kamaldeen Sulemana,8466,Southampton,ENG-Premier League,0.4,17.6,3.0,,0.4,0.8,0.05,0.1,1.4,1.0,0.06,0.4,0.5,0.3,0.5,6.42,,10.0,1.9,1.4,2.5,1406,26,Midfielder,Ghana
1130732,Daniel Mosquera,9876,Verona,ITA-Serie A,0.2,15.1,2.0,,0.7,0.9,0.06,0.44,2.9,1.0,0.33,0.1,1.1,0.1,0.6,6.46,,12.0,3.8,0.7,1.1,1363,35,Attacker,Colombia
1130991,Isaac Romero,8302,Sevilla,ESP-La Liga,0.8,12.6,5.0,,1.0,2.2,0.09,0.28,1.6,2.0,0.17,0.3,0.8,0.0,0.7,6.45,,20.0,2.2,0.5,0.9,2166,31,Attacker,Spain
1131217,Pierre Kalulu,9885,Juventus,ITA-Serie A,2.5,73.2,,,2.5,0.8,0.03,0.03,1.0,,0.04,0.7,0.1,0.6,0.1,6.88,,11.0,0.3,1.6,0.2,2335,29,Defender,France
1131987,Bart Verbruggen,10204,Brighton and Hove Albion,ENG-Premier League,,24.8,,7.0,1.3,0.0,0.0,,,1.0,,,,,,6.62,2.5,1.0,,,0.1,3240,36,Keeper,Netherlands
1132319,Razvan Sava,8600,Udinese,ITA-Serie A,,,,4.0,,0.0,,,,,,,,,,,,,,,,1080,12,Keeper,Romania
1132607,Gerard Fernandez,8302,Sevilla,ESP-La Liga,0.9,22.1,2.0,,0.3,0.9,0.07,0.2,1.7,1.0,0.08,0.6,0.3,,0.5,6.38,,12.0,1.5,1.3,0.9,1133,26,Midfielder,Spain
1133081,Sinaly Diomandé,8583,Auxerre,FRA-Ligue 1,2.4,37.5,1.0,,4.4,0.3,0.01,0.06,1.1,2.0,0.14,1.4,0.2,0.8,,6.71,,4.0,0.4,1.8,0.4,1945,23,Defender,Ivory Coast
1134206,Mohamed Amoura,8721,VfL Wolfsburg,GER-Bundesliga,1.1,18.5,4.0,,0.8,3.7,0.14,0.32,1.1,9.0,0.36,0.3,1.0,0.1,0.8,7.33,,35.0,2.7,1.1,1.3,2481,31,Attacker,Algeria
1137272,Yunus Musah,8564,Milan,ITA-Serie A,1.7,34.5,3.0,,0.5,1.5,0.08,0.11,2.1,2.0,,0.4,0.3,0.1,0.5,6.62,,23.0,1.3,1.5,1.2,1574,29,Midfielder,USA
1137364,Justin Njinmah,8697,SV Werder Bremen,GER-Bundesliga,0.9,13.5,3.0,,,1.5,0.14,0.36,0.7,2.0,0.29,0.3,0.8,,0.8,6.55,,12.0,3.0,0.6,1.0,945,26,Attacker,Germany
1137407,Malick Thiaw,8564,Milan,ITA-Serie A,3.5,58.8,,,3.8,0.2,0.01,0.03,1.2,,,0.7,0.0,0.6,,6.69,,4.0,0.3,1.2,0.1,1803,22,Defender,Germany
1137667,Piero Hincapié,8178,Bayer 04 Leverkusen,GER-Bundesliga,2.4,59.7,4.0,,3.4,3.5,0.12,0.1,0.9,2.0,0.07,1.1,0.1,0.7,0.1,7.16,,16.0,0.7,1.8,0.2,2670,32,Defender,Ecuador
1137668,Moisés Caicedo,8455,Chelsea,ENG-Premier League,2.6,52.1,5.0,,1.4,2.8,0.08,0.02,1.9,2.0,0.03,1.3,0.1,0.3,0.7,7.42,,30.0,0.5,3.1,0.8,3356,38,Midfielder,Ecuador
1137670,Willian Pacho,9847,Paris Saint-Germain,FRA-Ligue 1,1.6,78.4,1.0,,3.8,0.4,0.02,0.02,0.8,1.0,,1.7,0.0,0.9,0.0,7.19,,3.0,0.2,2.4,0.1,2130,28,Defender,Ecuador
1137705,Enzo Fernández,8455,Chelsea,ENG-Premier League,3.0,45.5,13.0,,0.6,6.2,0.19,0.19,1.6,7.0,0.18,0.4,0.6,0.2,0.7,7.3,,79.0,1.6,2.0,0.8,2946,36,Midfielder,Argentina
1140003,Ilya Zabarnyi,8678,Bournemouth,ENG-Premier League,3.4,40.6,1.0,,5.2,0.8,0.02,0.04,0.6,1.0,,1.2,0.0,0.6,0.0,7.08,,12.0,0.3,1.5,0.2,3113,36,Defender,Ukraine
1145717,Warren Kamanzi,9941,Toulouse,FRA-Ligue 1,0.3,28.9,1.0,,1.8,0.5,0.04,0.11,1.4,1.0,0.09,0.8,0.3,0.3,0.8,,,12.0,0.6,2.6,1.4,1020,24,Midfielder,Norway
1146376,Eren Dinkci,8358,Sport-Club Freiburg,GER-Bundesliga,0.5,22.2,5.0,,0.5,1.2,0.09,0.09,0.7,3.0,,0.5,0.2,0.2,0.6,6.65,,23.0,1.1,1.6,1.2,1193,23,Attacker,Turkiye
1146500,Matteo Cancellieri,10167,Parma,ITA-Serie A,0.4,12.9,1.0,,1.6,0.7,0.04,0.17,1.6,,0.19,0.8,0.4,0.1,0.5,6.59,,11.0,1.4,1.6,1.8,1428,27,Attacker,Italy
1152455,Florian Wirtz,8178,Bayer 04 Leverkusen,GER-Bundesliga,1.3,50.0,17.0,,0.2,9.4,0.36,0.36,0.8,12.0,0.38,0.3,1.5,0.1,1.3,7.69,,57.0,3.0,1.2,3.1,2355,31,Midfielder,Germany
1155130,Luca Netz,9788,Borussia Mönchengladbach,GER-Bundesliga,0.3,33.9,2.0,,3.1,1.0,0.1,0.02,0.8,2.0,,0.9,,0.4,0.1,6.52,,16.0,0.3,2.3,0.6,957,24,Defender,Germany
1156141,Jamal Musiala,9823,Bayern München,GER-Bundesliga,0.6,38.5,9.0,,0.2,5.9,0.3,0.47,1.0,2.0,0.6,0.4,1.6,,0.7,7.77,,41.0,3.4,1.8,3.6,1804,25,Midfielder,Germany
1156568,Amin Sarr,9876,Verona,ITA-Serie A,0.6,15.0,2.0,,0.7,1.0,0.05,0.16,2.2,1.0,0.19,0.1,0.3,0.1,0.4,6.43,,22.0,1.1,1.0,0.7,1918,32,Attacker,Sweden
1156569,Sebastian Nanasi,9848,Strasbourg,FRA-Ligue 1,0.6,26.2,12.0,,0.7,4.7,0.2,0.27,0.4,4.0,0.25,0.3,0.5,0.1,0.4,7.02,,37.0,1.2,0.8,0.8,2122,31,Attacker,Sweden
1157236,Yehor Yarmoliuk,9937,Brentford,ENG-Premier League,3.4,40.7,2.0,,1.9,0.9,0.06,0.04,1.2,,,0.8,0.1,0.6,0.7,6.66,,9.0,0.6,3.1,0.8,1442,31,Midfielder,Ukraine
1158512,Juanlu Sánchez,8302,Sevilla,ESP-La Liga,0.3,26.7,4.0,,0.7,1.7,0.09,0.15,0.9,4.0,0.21,0.9,0.3,0.1,0.3,6.78,,25.0,0.7,2.6,0.6,1724,32,Midfielder,Spain
1158945,Nuno Mendes,9847,Paris Saint-Germain,FRA-Ligue 1,2.8,62.1,11.0,,1.8,4.1,0.22,0.12,0.7,3.0,0.05,1.0,0.5,0.4,0.4,7.31,,30.0,1.1,1.6,1.7,1676,24,Defender,Portugal
1159181,Javi Lopez,8560,Real Sociedad,ESP-La Liga,1.6,28.9,1.0,,2.3,1.0,0.05,0.0,1.4,,,0.5,0.0,0.3,0.3,6.48,,6.0,0.2,1.9,0.8,1934,29,,Spain
1159233,Alieu Fadera,10171,Como,ITA-Serie A,0.7,21.2,6.0,,0.4,1.9,0.1,0.09,2.2,3.0,0.05,0.7,0.5,0.1,0.9,6.87,,23.0,1.5,3.5,1.4,1648,28,,Gambia
1164506,Tiago Tomás,8721,VfL Wolfsburg,GER-Bundesliga,0.7,15.4,4.0,,0.7,1.5,0.07,0.26,1.4,1.0,0.29,0.4,1.0,0.2,0.5,6.75,,20.0,2.0,1.6,1.4,1892,32,Attacker,Portugal
1167220,Joan Garcia,8558,Espanyol,ESP-La Liga,,18.7,,8.0,1.0,0.1,0.0,0.0,,,,,0.0,,,7.18,3.8,,0.0,,,3420,38,Keeper,Spain
1168311,Yasin Ayari,10204,Brighton and Hove Albion,ENG-Premier League,0.5,35.2,6.0,,1.1,2.6,0.12,0.13,1.7,1.0,0.09,0.9,0.4,0.3,0.5,6.89,,30.0,1.3,2.7,0.8,1966,34,Midfielder,Sweden
1169596,Raul Moro,10281,Real Valladolid,ESP-La Liga,1.5,17.1,8.0,,0.7,5.5,0.21,0.16,0.2,5.0,0.15,0.4,0.6,,0.3,6.94,,44.0,1.8,0.8,2.2,2346,33,Attacker,Spain
1173250,Arthur Theate,9810,Eintracht Frankfurt,GER-Bundesliga,3.4,48.7,3.0,,5.5,1.7,0.06,0.08,0.5,,,1.3,0.3,0.6,0.1,7.01,,13.0,1.2,1.2,0.3,2709,31,Defender,Belgium
1173678,Johnny Cardoso,8603,Real Betis,ESP-La Liga,1.5,39.9,2.0,,2.6,0.8,0.03,0.09,1.6,1.0,0.13,2.0,0.3,0.5,0.5,7.07,,9.0,0.8,2.3,1.1,2143,28,Midfielder,USA
1173779,Tim Siersleben,94937,1. FC Heidenheim 1846,GER-Bundesliga,,,1.0,,,0.6,,,,,,,,,,,,6.0,,,,1182,16,Defender,Germany
1173787,Xavi Simons,178475,RB Leipzig,GER-Bundesliga,1.5,38.2,12.0,,0.6,6.0,0.25,0.21,1.0,7.0,0.42,0.5,1.0,0.1,0.9,7.64,,51.0,2.1,1.2,1.4,2157,25,Midfielder,Netherlands
1173788,El Chadaille Bitshiabu,178475,RB Leipzig,GER-Bundesliga,3.4,58.1,,,7.5,0.6,0.05,0.02,0.6,,,1.0,0.2,1.1,0.1,6.79,,5.0,0.4,2.2,0.2,1128,21,Defender,France
1174002,Benjamin Bouchouari,9853,St Etienne,FRA-Ligue 1,1.1,46.2,1.0,,0.7,1.4,0.07,0.03,0.8,,0.05,0.9,0.2,0.1,0.9,6.89,,16.0,0.8,1.7,1.5,1774,25,,Morocco
1174296,Andre,8602,Wolverhampton Wanderers,ENG-Premier League,2.0,45.1,1.0,,1.1,0.7,0.02,0.02,1.3,,,1.3,0.0,0.3,0.4,7.03,,18.0,0.4,3.3,0.6,2484,33,Midfielder,Brazil
1174337,Savinho,8456,Manchester City,ENG-Premier League,1.0,33.9,11.0,,0.5,6.1,0.31,0.25,0.9,8.0,0.05,0.3,1.1,0.1,1.0,7.35,,46.0,2.8,1.2,2.6,1770,29,Attacker,Brazil
1174672,Joao Gomes,8602,Wolverhampton Wanderers,ENG-Premier League,1.3,40.9,,,1.0,1.9,0.06,0.09,2.1,1.0,0.09,0.8,0.2,0.1,0.6,6.9,,23.0,1.1,3.5,0.9,2987,36,Midfielder,Brazil
1174726,Rocco Reitz,9788,Borussia Mönchengladbach,GER-Bundesliga,2.2,33.0,5.0,,2.7,2.2,0.11,0.08,1.0,1.0,0.1,2.6,0.3,0.8,0.3,6.9,,16.0,1.1,2.5,0.8,1840,27,Midfielder,Germany
1175708,Ansgar Knauff,9810,Eintracht Frankfurt,GER-Bundesliga,0.4,18.7,7.0,,1.3,4.5,0.25,0.27,1.5,5.0,0.22,0.7,0.7,0.2,0.6,7.01,,27.0,1.7,2.3,1.5,1602,30,Attacker,Germany
1175939,Paul Nebel,9905,1. FSV Mainz 05,GER-Bundesliga,1.2,30.9,7.0,,0.8,5.6,0.22,0.22,1.4,4.0,0.38,0.5,0.7,0.2,0.7,7.15,,35.0,1.7,1.5,1.0,2346,31,Midfielder,Germany
1176780,Nnamdi Collins,9810,Eintracht Frankfurt,GER-Bundesliga,1.1,43.5,1.0,,4.2,1.2,0.07,0.05,1.6,1.0,0.06,1.0,0.1,0.7,0.1,6.86,,2.0,0.3,2.0,0.7,1485,24,Defender,Germany
1177131,Lucas Chevalier,8639,Lille,FRA-Ligue 1,,21.2,2.0,11.0,0.6,0.2,0.01,,,,,,,,,7.15,2.8,3.0,,0.1,,3060,34,Keeper,France
1177358,Adrien Truffert,9851,Rennes,FRA-Ligue 1,0.8,34.2,5.0,,1.7,4.0,0.13,0.08,0.8,2.0,0.07,0.9,0.4,0.2,0.4,7.01,,39.0,0.8,2.0,0.5,2755,33,Defender,France
1178332,Ismaël Doukouré,9848,Strasbourg,FRA-Ligue 1,1.3,50.5,2.0,,3.4,0.5,0.02,0.02,1.0,1.0,0.03,0.9,0.0,0.5,,6.82,,11.0,0.1,1.4,0.4,2645,31,Defender,France
1178512,Chrislain Matsima,8406,FC Augsburg,GER-Bundesliga,1.5,39.9,1.0,,5.5,0.7,0.02,0.06,0.4,1.0,0.04,1.8,0.1,1.0,0.2,7.08,,5.0,0.5,1.1,0.2,2551,30,Defender,France
1180481,Johann Lepenant,9830,Nantes,FRA-Ligue 1,1.1,25.1,2.0,,1.0,1.8,0.08,0.06,2.2,1.0,0.09,0.8,0.2,0.1,0.3,6.8,,8.0,0.9,3.0,0.8,2052,29,Midfielder,France
1180718,Mohamed-Ali Cho,9831,Nice,FRA-Ligue 1,0.4,18.2,9.0,,0.3,3.5,0.19,0.22,0.7,4.0,0.17,0.3,0.8,0.1,0.7,6.88,,30.0,2.0,0.7,1.1,1635,27,Attacker,France
1180730,Saidou Sow,9830,Nantes,FRA-Ligue 1,,,2.0,,,,,0.05,,,0.05,1.4,0.1,,,,,4.0,0.4,1.3,0.2,1819,21,,Guinea
1180730,Saidou Sow,9848,Strasbourg,FRA-Ligue 1,2.0,44.9,,,3.9,0.1,0.01,,0.7,1.0,,,,1.0,0.2,6.54,,,,,,1819,21,,Guinea
1183148,Emanuel Emegha,9848,Strasbourg,FRA-Ligue 1,0.1,10.6,4.0,,1.2,0.7,0.03,0.65,1.4,3.0,0.55,0.0,1.4,0.2,0.8,7.24,,18.0,2.4,0.2,0.3,2302,27,Attacker,Netherlands
1184694,Alberto Moleiro,8306,Las Palmas,ESP-La Liga,0.7,27.3,6.0,,0.2,3.6,0.12,0.18,1.0,1.0,0.2,0.6,0.8,,0.4,6.9,,41.0,2.2,0.9,2.1,2727,35,Midfielder,Spain
1184777,Jofre Carreras,8558,Espanyol,ESP-La Liga,0.5,13.7,2.0,,0.9,1.9,0.08,0.1,1.2,3.0,0.12,0.6,0.5,,0.7,6.63,,24.0,1.7,0.9,1.6,2175,37,Midfielder,Spain
1185336,Chico Conceicao,9885,Juventus,ITA-Serie A,0.9,27.1,6.0,,0.3,4.4,0.3,0.16,1.6,3.0,0.2,0.4,0.9,,0.4,6.86,,28.0,2.7,1.5,2.4,1337,26,Midfielder,Portugal
1185568,Benedict Hollerbach,8149,1. FC Union Berlin,GER-Bundesliga,0.7,15.0,3.0,,0.4,2.2,0.08,0.22,1.4,,0.29,0.1,0.8,,0.6,6.57,,26.0,2.6,1.6,1.5,2464,33,Attacker,Germany
1185748,Amadou Onana,10252,Aston Villa,ENG-Premier League,1.0,38.8,1.0,,2.2,0.8,0.05,0.12,1.8,,0.17,1.4,0.3,0.4,0.1,6.96,,10.0,0.9,3.0,0.8,1624,26,Midfielder,Belgium
1186444,Charlie Cresswell,9941,Toulouse,FRA-Ligue 1,2.3,44.4,3.0,,6.5,1.1,0.04,0.11,1.0,1.0,0.1,1.0,0.5,1.0,0.0,6.89,,5.0,1.1,1.2,0.1,2591,31,Defender,England
1186553,Alexsandro Ribeiro,8639,Lille,FRA-Ligue 1,4.0,73.0,1.0,,4.8,1.0,0.03,0.05,0.9,1.0,0.03,0.9,0.1,0.4,0.1,7.25,,9.0,0.7,1.1,0.2,2700,30,Defender,Brazil
1186685,Devis Vásquez,8534,Empoli,ITA-Serie A,,17.7,,6.0,0.9,0.1,0.0,,0.0,,,,,,,6.62,2.6,,,,0.0,2880,32,,Colombia
1187044,Luiz Junior,10205,Villarreal,ESP-La Liga,,,,5.0,,0.0,,,,,,,,,,,,,,,,1457,17,Keeper,Brazil
1187389,Kilian Fischer,8721,VfL Wolfsburg,GER-Bundesliga,1.9,30.6,,,3.5,1.0,0.04,0.01,1.3,,0.04,0.7,0.0,0.3,0.0,6.55,,12.0,0.2,2.5,0.4,2306,32,Defender,Germany
1187734,Flavien Boyomo,8371,Osasuna,ESP-La Liga,1.8,38.0,1.0,,3.8,0.7,0.02,0.04,1.3,,0.06,1.2,0.1,0.6,0.1,6.85,,4.0,0.4,2.0,0.3,3258,37,Defender,Cameroon
1187767,Urko González,8558,Espanyol,ESP-La Liga,,,1.0,,,0.8,,,,2.0,,,,,,,,10.0,,,,1425,18,Midfielder,Spain
1188375,Natan,8603,Real Betis,ESP-La Liga,2.4,46.1,2.0,,5.1,0.8,0.03,0.01,0.8,1.0,0.04,1.1,0.2,0.6,,6.81,,5.0,0.4,1.5,0.1,2170,31,Defender,Brazil
1188890,Nicolai Remberg,8150,Holstein Kiel,GER-Bundesliga,2.4,28.0,2.0,,3.5,1.1,0.04,0.06,1.6,1.0,,1.1,0.1,0.7,0.1,6.69,,9.0,0.9,1.7,0.3,2412,32,,Germany
1189223,Patrizio Masini,10233,Genoa,ITA-Serie A,1.2,28.9,,,2.0,0.4,0.03,0.02,2.1,,0.06,0.9,0.1,0.5,0.3,6.74,,6.0,0.5,3.2,0.6,1533,26,Midfielder,Italy
1189288,Federico Gatti,9885,Juventus,ITA-Serie A,0.9,56.7,1.0,,3.1,0.3,0.01,0.1,0.8,,0.04,0.7,0.4,0.7,,7.03,,7.0,1.0,1.1,0.3,2197,30,Defender,Italy
1189856,Abdallah Sima,8521,Brest,FRA-Ligue 1,0.4,16.4,2.0,,0.5,0.9,0.06,0.42,1.2,2.0,0.51,0.1,1.3,0.1,0.9,6.7,,13.0,2.7,1.1,0.4,1237,27,Attacker,Senegal
1190029,Thomas Kristensen,8600,Udinese,ITA-Serie A,2.3,37.3,,,4.1,0.6,0.03,0.05,1.6,,0.05,1.1,0.1,0.7,0.1,6.68,,4.0,0.2,1.6,0.5,1753,24,Defender,Denmark
1191407,Aitor Paredes,8315,Athletic Club,ESP-La Liga,3.7,39.2,,,5.6,0.2,0.01,0.11,1.1,,0.15,1.1,0.1,0.7,,6.81,,2.0,0.3,0.7,,1813,23,Defender,Spain
1192406,Lorenz Assignon,9851,Rennes,FRA-Ligue 1,0.8,31.4,6.0,,2.2,3.7,0.14,0.08,2.0,4.0,0.11,1.0,0.2,0.1,0.5,6.89,,29.0,0.8,1.9,1.1,2362,32,Midfielder,France
1194892,Arnau Martinez,7732,Girona,ESP-La Liga,1.3,47.7,3.0,,2.2,1.8,0.06,0.04,0.7,2.0,0.07,1.1,0.2,0.2,0.2,6.99,,18.0,0.7,1.7,0.7,2625,32,Defender,Spain
1195281,Milos Kerkez,8678,Bournemouth,ENG-Premier League,1.2,29.2,8.0,,2.7,2.6,0.07,0.02,0.8,5.0,0.05,1.2,0.1,0.3,0.3,7.08,,36.0,0.5,1.4,0.6,3342,38,Defender,Hungary
1197030,Hugo Ekitike,9810,Eintracht Frankfurt,GER-Bundesliga,0.5,16.7,12.0,,0.8,5.4,0.19,0.76,1.4,8.0,0.52,0.2,1.7,0.0,0.7,7.47,,44.0,4.1,0.6,1.8,2578,33,Attacker,France
1197250,Malo Gusto,8455,Chelsea,ENG-Premier League,1.9,52.4,1.0,,1.9,1.9,0.09,0.08,1.0,1.0,,1.2,0.2,0.4,0.4,6.76,,22.0,1.1,2.2,0.2,1858,32,Defender,France
1197347,Nicolas Jackson,8455,Chelsea,ENG-Premier League,0.2,12.0,6.0,,0.6,1.9,0.08,0.5,1.4,5.0,0.4,0.1,1.4,0.1,0.8,7.05,,28.0,3.1,0.9,0.7,2238,30,Attacker,Senegal
1197655,Lewis Hall,10261,Newcastle United,ENG-Premier League,2.3,46.0,5.0,,2.1,3.7,0.15,0.02,0.4,4.0,,0.7,0.0,0.7,0.3,7.07,,34.0,0.5,2.4,0.5,2192,27,Defender,England
1199272,Rasmus Højlund,10260,Manchester United,ENG-Premier League,0.0,11.1,4.0,,0.3,1.1,0.05,0.23,0.8,,0.18,0.1,0.6,,0.7,6.25,,16.0,1.4,0.1,0.4,2013,32,Attacker,Denmark
1199382,Josué Casimir,9746,Le Havre,FRA-Ligue 1,0.7,16.6,5.0,,1.3,2.2,0.1,0.15,1.3,3.0,0.18,0.3,0.4,,0.3,6.98,,26.0,1.2,1.7,1.0,2004,27,Attacker,Haiti
1199383,Ange-Yoan Bonny,10167,Parma,ITA-Serie A,0.4,15.1,7.0,,0.5,2.2,0.08,0.33,0.7,4.0,0.21,0.1,0.8,0.1,0.4,6.63,,30.0,2.3,1.2,1.2,2545,37,Attacker,Ivory Coast
1199947,Leopold Querfeld,8149,1. FC Union Berlin,GER-Bundesliga,4.5,33.5,2.0,,7.2,1.2,0.06,0.06,1.0,2.0,0.1,1.0,0.2,0.5,0.1,6.78,,10.0,0.8,1.3,0.2,1742,27,Defender,Austria
1200630,Koni De Winter,10233,Genoa,ITA-Serie A,1.7,45.1,,,4.7,0.2,0.01,0.09,1.8,,0.13,1.1,0.3,0.3,0.0,6.91,,3.0,0.5,1.4,0.3,2133,25,Defender,Belgium
1200631,Lesley Ugochukwu,8466,Southampton,ENG-Premier League,0.8,32.4,,,1.2,0.6,0.03,0.05,1.7,1.0,0.05,0.8,0.1,0.5,0.3,6.56,,14.0,0.5,2.7,1.0,1664,26,,France
1202110,Nico Williams,8315,Athletic Club,ESP-La Liga,0.6,20.7,6.0,,0.2,4.2,0.19,0.19,0.8,5.0,0.23,0.3,0.9,0.0,0.6,7.0,,40.0,2.4,1.3,3.1,1998,29,Attacker,Spain
1202525,Bryan Zaragoza,8371,Osasuna,ESP-La Liga,1.2,15.2,4.0,,0.4,5.1,0.25,0.13,0.9,6.0,0.05,0.2,0.6,,0.1,6.97,,36.0,2.0,0.6,2.8,1848,27,Attacker,Spain
1202587,Ramon Terrats,8305,Getafe,ESP-La Liga,1.2,18.7,4.0,,1.1,1.4,0.09,0.14,1.0,1.0,0.27,0.7,0.6,0.2,0.3,6.91,,17.0,1.4,1.5,1.7,1352,26,Midfielder,Spain
1202769,Leo Scienza,94937,1. FC Heidenheim 1846,GER-Bundesliga,0.9,16.8,7.0,,0.6,4.1,0.32,0.16,1.2,3.0,0.23,0.4,1.2,0.1,0.7,6.87,,34.0,3.0,1.3,2.9,1153,25,Midfielder,Brazil
1203661,Radu Dragusin,8586,Tottenham Hotspur,ENG-Premier League,,,1.0,,,0.2,,,,,,,,,,,,4.0,,,,1251,16,Defender,Romania
1203665,Alejandro Garnacho,10260,Manchester United,ENG-Premier League,0.7,25.6,4.0,,0.4,2.8,0.11,0.3,0.5,2.0,0.25,0.5,1.2,,0.9,6.72,,37.0,3.4,1.2,1.1,2195,36,Attacker,Argentina
1206806,Kialonda Gaspar,9888,Lecce,ITA-Serie A,2.8,33.4,2.0,,5.5,0.7,0.03,0.05,0.4,1.0,,1.3,0.0,1.2,,6.89,,6.0,0.7,1.4,0.3,2143,24,Defender,Angola
1207992,Vanderson,9829,Monaco,FRA-Ligue 1,3.4,39.6,5.0,,2.6,3.8,0.16,0.1,1.2,3.0,0.04,1.7,0.3,0.3,0.7,7.22,,23.0,0.9,3.3,1.0,2073,29,Defender,Brazil
1208708,Omar El Hilali,8558,Espanyol,ESP-La Liga,2.6,28.1,2.0,,3.7,1.4,0.04,0.0,1.5,2.0,,1.3,,0.4,0.0,6.99,,8.0,0.1,3.2,0.5,3159,36,Defender,Morocco
1208969,Kristjan Asllani,8636,Internazionale,ITA-Serie A,5.2,78.2,3.0,,0.9,1.9,0.17,0.23,0.8,2.0,0.18,0.8,0.5,0.1,0.4,,,15.0,1.5,1.3,0.1,981,22,,Albania
1209399,Abdessamad Ezzalzouli,8603,Real Betis,ESP-La Liga,0.5,23.7,2.0,,0.5,2.1,0.1,0.35,1.0,2.0,0.09,0.3,1.2,0.1,1.0,6.84,,27.0,2.8,1.7,2.1,1995,32,Attacker,Morocco
1209987,Warren Bondo,6504,Monza,ITA-Serie A,1.2,31.2,,,0.4,0.6,0.03,0.02,1.6,,,0.3,,0.3,0.1,6.52,,6.0,0.7,2.0,1.1,1785,24,,France
1209987,Warren Bondo,8564,Milan,ITA-Serie A,,,,,,,,,,,,,0.1,,,,,,,,,1785,24,,France
1210384,Merlin Röhl,8358,Sport-Club Freiburg,GER-Bundesliga,0.3,17.1,3.0,,0.2,1.1,0.1,0.07,2.0,1.0,,0.6,0.3,0.1,1.1,6.37,,9.0,1.1,1.5,1.1,966,19,Midfielder,Germany
1210647,Benat Turrientes,8560,Real Sociedad,ESP-La Liga,2.6,38.1,1.0,,1.2,0.4,0.04,0.05,1.2,,,0.5,0.2,0.3,0.4,6.39,,3.0,0.7,1.4,1.2,939,21,Midfielder,Spain
1210943,Jackson Tchatchoua,9876,Verona,ITA-Serie A,0.6,18.2,4.0,,1.8,3.0,0.09,0.05,0.7,3.0,0.06,0.4,0.1,0.3,0.4,6.68,,34.0,0.5,1.4,0.6,3169,36,Midfielder,Cameroon
1211437,Victor Kristiansen,8197,Leicester City,ENG-Premier League,1.5,30.4,5.0,,2.4,1.7,0.06,0.0,0.7,1.0,,1.5,,0.5,0.3,6.42,,18.0,0.1,3.1,0.3,2489,30,Defender,Denmark
1212630,Lorenzo Lucca,8600,Udinese,ITA-Serie A,0.4,9.1,1.0,,1.0,0.8,0.03,0.29,2.5,1.0,0.46,0.3,1.0,0.0,0.5,6.78,,14.0,2.5,0.4,0.5,2361,33,Attacker,Italy
1215057,Vitinha,10233,Genoa,ITA-Serie A,0.5,11.6,6.0,,1.4,2.0,0.14,0.11,1.6,3.0,0.14,0.8,0.4,0.1,0.7,6.53,,16.0,2.2,1.6,1.5,1333,25,Attacker,Portugal
1215652,Omari Hutchinson,9902,Ipswich Town,ENG-Premier League,0.6,23.1,6.0,,0.2,2.5,0.09,0.1,1.0,2.0,0.1,0.4,0.7,0.1,0.8,6.58,,31.0,1.6,1.1,1.8,2590,31,Attacker,England
1220187,Jesus Vázquez,10267,Valencia CF,ESP-La Liga,0.7,24.1,2.0,,2.6,0.6,0.06,0.02,1.7,,,1.0,0.1,0.5,0.1,,,3.0,0.5,2.3,1.4,916,19,Defender,Spain
1222134,Max Geschwill,8150,Holstein Kiel,GER-Bundesliga,2.2,32.9,2.0,,3.6,0.9,0.06,0.06,0.9,2.0,0.07,2.1,0.1,0.6,0.1,6.5,,10.0,0.6,1.8,0.1,1284,19,,Germany
1225450,Mika Mármol,8306,Las Palmas,ESP-La Liga,2.7,37.0,1.0,,4.3,2.0,0.08,0.02,1.2,1.0,,1.4,,0.5,0.0,6.74,,16.0,0.4,2.3,0.3,2398,30,Defender,Spain
1226147,Giuliano Simeone,9906,Atlético de Madrid,ESP-La Liga,0.1,26.2,13.0,,0.8,4.7,0.22,0.1,1.1,6.0,0.09,0.6,0.3,0.1,0.4,6.88,,24.0,1.0,1.3,1.4,1940,33,Midfielder,Argentina
1227012,Simon Adingra,10204,Brighton and Hove Albion,ENG-Premier League,0.4,22.4,3.0,,0.5,2.8,0.23,0.2,1.1,2.0,0.16,0.7,0.7,,0.7,6.7,,16.0,2.7,1.9,1.7,1091,29,Attacker,Ivory Coast
1228273,Oussama Targhalline,9746,Le Havre,FRA-Ligue 1,,,2.0,,,1.2,,,,,,,,,,,,7.0,,,,994,14,,Morocco
1228840,Alessandro Bianco,6504,Monza,ITA-Serie A,3.4,45.2,2.0,,1.7,1.3,0.05,0.04,1.5,,0.03,0.8,0.2,0.5,0.2,6.64,,18.0,0.9,1.8,0.6,2622,35,,Italy
1229176,Benat Prados,8315,Athletic Club,ESP-La Liga,0.8,33.5,1.0,,1.0,1.3,0.07,0.05,2.1,,0.05,1.5,0.3,0.1,0.5,6.84,,11.0,0.8,2.9,0.8,1720,30,Midfielder,Spain
1229177,Carlos Vicente,9866,Alavés,ESP-La Liga,0.5,17.6,9.0,,0.8,5.9,0.17,0.1,1.1,5.0,0.15,0.4,0.4,0.1,0.6,6.92,,63.0,1.0,1.4,1.0,3097,37,,Spain
1231032,Juanmi Latasa,10281,Real Valladolid,ESP-La Liga,0.5,9.9,,,0.7,0.4,0.03,0.28,2.6,,0.19,,0.8,0.1,0.3,6.3,,13.0,2.6,0.3,0.5,1392,28,Attacker,Spain
1231555,Noah Weisshaupt,8152,FC St. Pauli,GER-Bundesliga,0.7,17.0,5.0,,0.7,1.9,0.14,0.15,0.8,,0.07,0.1,0.3,,0.4,6.65,,18.0,1.4,0.4,1.0,1246,22,,Germany
1233931,Quentin Merlin,8592,Marseille,FRA-Ligue 1,0.7,45.3,5.0,,0.7,2.4,0.14,0.12,0.6,3.0,0.06,0.8,0.6,0.2,0.3,6.84,,25.0,1.5,1.2,0.2,1598,27,Midfielder,France
1238154,Pablo Ibánez,8371,Osasuna,ESP-La Liga,1.3,26.3,2.0,,1.4,0.4,0.03,0.11,2.0,1.0,0.07,1.3,0.3,0.5,0.3,6.5,,6.0,1.4,1.4,0.9,1289,28,Midfielder,Spain
1239595,Dario Essugo,8306,Las Palmas,ESP-La Liga,2.0,37.4,,,1.9,0.7,0.03,0.03,1.7,,0.05,1.9,0.2,0.5,0.3,6.8,,13.0,1.1,2.7,0.6,1952,27,Midfielder,Portugal
1239749,Mandela Keita,10167,Parma,ITA-Serie A,1.5,32.5,2.0,,1.4,0.8,0.04,0.01,1.4,2.0,,1.0,0.2,0.3,0.4,6.74,,15.0,0.2,2.2,0.8,1827,30,Midfielder,Belgium
1244272,Arouna Sangante,9746,Le Havre,FRA-Ligue 1,,,,,,0.1,,,,,,,,,,,,3.0,,,,1251,16,Defender,Senegal
1248482,Antonio Nusa,178475,RB Leipzig,GER-Bundesliga,0.6,22.9,6.0,,0.6,2.6,0.15,0.09,0.8,3.0,0.17,0.5,0.4,0.1,0.6,6.86,,20.0,1.4,1.7,2.3,1557,25,Attacker,Norway
1249284,Jon Aramburu,8560,Real Sociedad,ESP-La Liga,1.1,35.5,1.0,,3.3,1.4,0.05,0.02,1.8,1.0,0.04,1.1,0.1,0.3,0.3,6.92,,15.0,0.4,3.7,0.3,2462,35,Defender,Venezuela
1249665,Nicolas Valentini,9876,Verona,ITA-Serie A,,,2.0,,,0.4,,,,,,,,,,,,6.0,,,,1132,14,Defender,Argentina
1250253,Dango Ouattara,8678,Bournemouth,ENG-Premier League,0.4,14.6,10.0,,2.2,3.3,0.15,0.38,0.7,4.0,0.31,0.5,0.9,0.4,1.2,7.12,,35.0,2.8,1.6,1.7,2006,32,Attacker,Burkina Faso
1250492,Matthis Abline,9830,Nantes,FRA-Ligue 1,0.4,11.2,6.0,,1.1,3.4,0.11,0.26,1.1,2.0,0.29,0.1,0.9,0.0,0.7,6.73,,27.0,2.4,0.4,1.1,2782,34,Attacker,France
1250658,Alejo Veliz,8558,Espanyol,ESP-La Liga,0.4,9.6,1.0,,1.7,0.1,0.01,0.18,1.6,,0.08,0.3,0.5,0.2,0.2,6.25,,3.0,1.5,0.1,0.1,1122,27,,Argentina
1251334,Jack Hinshelwood,10204,Brighton and Hove Albion,ENG-Premier League,1.7,39.1,3.0,,1.8,1.5,0.07,0.13,0.9,2.0,0.24,0.8,0.5,0.1,0.4,6.89,,17.0,0.9,1.3,0.1,1846,26,Midfielder,England
1252373,Roberto Fernández,8558,Espanyol,ESP-La Liga,0.1,11.2,1.0,,1.6,0.5,0.03,0.21,1.7,,0.36,0.2,0.5,0.1,0.4,6.76,,8.0,1.3,0.2,0.7,1507,19,Attacker,Spain
1253852,Castello Lukeba,178475,RB Leipzig,GER-Bundesliga,2.0,57.8,,,3.9,0.5,0.03,0.02,0.7,,,1.0,0.1,0.7,,6.99,,4.0,0.2,1.8,1.1,1577,23,Defender,France
1253890,Arda Güler,8633,Real Madrid,ESP-La Liga,3.0,52.9,11.0,,0.6,4.4,0.32,0.23,1.1,4.0,0.22,0.5,1.2,,0.7,7.27,,40.0,2.8,2.2,1.4,1247,28,Midfielder,Turkiye
1254166,Alejandro Balde,8634,Barcelona,ESP-La Liga,0.7,44.8,6.0,,0.8,2.8,0.11,0.02,0.6,4.0,,0.2,0.1,0.2,0.5,7.11,,26.0,0.5,0.7,1.8,2292,32,Defender,Spain
1254217,Carlos Dominguez,9910,Celta de Vigo,ESP-La Liga,2.4,65.1,,,5.8,0.2,0.01,0.02,0.6,,,1.0,0.1,0.8,,,,2.0,0.2,1.8,0.2,1180,19,Defender,Spain
1254218,Hugo Sotelo,9910,Celta de Vigo,ESP-La Liga,4.7,61.4,4.0,,0.6,1.8,0.13,0.01,1.4,,,0.4,,0.1,0.2,6.68,,19.0,0.3,2.0,0.6,1256,24,Midfielder,Spain
1254297,Andy Diouf,8588,Lens,FRA-Ligue 1,0.4,34.1,3.0,,0.6,3.3,0.13,0.12,1.7,2.0,0.04,0.6,0.2,0.0,0.8,6.85,,33.0,1.6,1.5,1.7,2233,34,Midfielder,France
1255209,Lucas Beraldo,9847,Paris Saint-Germain,FRA-Ligue 1,3.1,89.0,1.0,,2.7,0.9,0.04,0.04,1.0,,0.04,0.9,0.2,0.4,0.1,7.2,,8.0,0.5,1.7,0.0,2011,25,Defender,Brazil
1255855,Yassine Kechta,9746,Le Havre,FRA-Ligue 1,1.4,25.0,1.0,,1.2,1.4,0.06,0.11,1.8,,0.09,1.1,0.4,0.1,0.4,6.76,,15.0,1.2,2.6,0.6,2109,31,Midfielder,Morocco
1255860,Amir Richardson,8535,Fiorentina,ITA-Serie A,1.2,45.3,1.0,,2.4,0.7,0.06,0.07,2.6,1.0,0.08,0.5,0.4,0.1,0.6,6.57,,8.0,0.9,2.5,0.9,1063,27,,Morocco
1256237,Diego Garcia,7854,Leganés,ESP-La Liga,0.3,9.0,,,0.8,0.2,0.02,0.3,1.7,,0.23,0.2,0.7,0.1,0.5,6.29,,6.0,2.2,0.1,0.3,1190,28,Attacker,Spain
1256478,Adrià Altimira,7854,Leganés,ESP-La Liga,1.2,22.1,1.0,,2.5,0.7,0.04,0.01,1.5,,,0.8,0.1,0.3,0.2,6.67,,11.0,0.4,2.3,0.6,1636,22,,Spain
1269497,Yannik Engelhardt,10171,Como,ITA-Serie A,1.7,46.6,1.0,,1.8,1.4,0.11,0.04,1.6,1.0,0.08,0.9,0.2,0.5,0.2,,,12.0,0.6,2.3,0.7,1152,26,Midfielder,Germany
1272440,Valentin Barco,9848,Strasbourg,FRA-Ligue 1,,,3.0,,,1.5,,,,2.0,,,,,,,,8.0,,,,1163,14,Midfielder,Argentina
1272740,Williot Swedberg,9910,Celta de Vigo,ESP-La Liga,0.6,17.4,3.0,,0.6,2.2,0.15,0.35,1.4,5.0,0.27,0.2,1.0,0.1,0.5,6.64,,16.0,2.1,1.5,0.7,1347,32,Attacker,Sweden
1274060,Neil El Aynaoui,8588,Lens,FRA-Ligue 1,1.4,44.8,3.0,,1.6,2.4,0.14,0.23,1.9,1.0,0.45,1.7,0.6,0.5,0.4,7.24,,22.0,1.1,2.2,0.3,1586,24,Midfielder,Morocco
1274452,Paul Joly,8583,Auxerre,FRA-Ligue 1,2.8,30.2,2.0,,2.8,1.5,0.13,0.05,0.9,1.0,,2.2,0.4,0.1,0.5,6.48,,16.0,0.9,4.4,0.5,1002,26,,France
1275291,Phil Harres,8150,Holstein Kiel,GER-Bundesliga,0.5,8.5,2.0,,1.0,1.1,0.06,0.34,2.0,1.0,0.47,0.3,1.0,0.2,0.5,6.59,,10.0,2.2,0.6,0.3,1544,26,Attacker,Germany
1276505,Giovanni Fabbian,9857,Bologna,ITA-Serie A,0.3,13.1,2.0,,0.4,0.6,0.05,0.21,1.9,1.0,0.27,0.2,0.4,0.2,0.5,6.29,,9.0,1.9,0.9,0.2,1010,30,Midfielder,Italy
1277380,Yaser Asprilla,7732,Girona,ESP-La Liga,1.9,28.2,5.0,,0.4,3.4,0.22,0.13,0.8,1.0,0.19,0.4,0.7,,0.4,6.81,,24.0,2.4,1.4,1.9,1401,27,,Colombia
1279040,Gavi,8634,Barcelona,ESP-La Liga,1.9,60.4,2.0,,0.4,1.5,0.12,0.07,3.2,1.0,0.08,0.8,0.1,0.1,0.8,6.85,,14.0,0.9,2.5,0.7,1083,26,Midfielder,Spain
1280020,Julen Agirrezabala,8315,Athletic Club,ESP-La Liga,,,,5.0,,0.0,,,,,,,,,,,,,,,,1207,14,Keeper,Spain
1280080,Fabio Miretti,10233,Genoa,ITA-Serie A,1.0,21.0,4.0,,0.4,2.1,0.11,0.17,1.2,3.0,0.16,0.4,0.3,0.1,0.6,6.73,,22.0,1.3,1.5,1.3,1694,25,Midfielder,Italy
1280082,Matias Soulé,8686,Roma,ITA-Serie A,1.1,36.4,9.0,,1.1,3.4,0.17,0.15,0.6,5.0,0.25,0.5,0.7,0.2,1.2,7.45,,51.0,2.1,1.3,1.8,1791,27,Midfielder,Argentina
1280225,Esteban Lepaul,8121,Angers,FRA-Ligue 1,0.6,13.1,1.0,,0.6,1.7,0.09,0.29,0.9,,0.5,0.2,0.9,0.1,0.2,6.67,,7.0,2.3,0.6,0.3,1630,28,Attacker,France
1281090,Philipp Treu,8152,FC St. Pauli,GER-Bundesliga,1.2,30.3,4.0,,2.4,2.8,0.09,0.04,0.6,2.0,,0.6,0.1,0.4,0.3,6.86,,22.0,0.6,1.9,0.4,2885,33,Defender,Germany
1281100,Noah Atubolu,8358,Sport-Club Freiburg,GER-Bundesliga,,28.8,,10.0,0.8,0.1,0.0,,,,,,,,,6.99,3.3,,,,,2308,26,Keeper,Germany
1281107,Max Rosenfelder,8358,Sport-Club Freiburg,GER-Bundesliga,0.9,40.1,2.0,,4.6,0.2,0.02,0.03,0.7,,0.07,0.5,0.1,0.7,0.1,6.59,,5.0,0.4,2.0,1.0,1243,25,Defender,Germany
1281461,José Ángel Carmona,8302,Sevilla,ESP-La Liga,1.2,36.0,4.0,,2.6,0.9,0.03,0.02,1.5,,,2.1,0.1,0.3,0.3,6.96,,19.0,0.6,2.5,0.6,2954,35,Defender,Spain
1282008,Santiago Castro,9857,Bologna,ITA-Serie A,1.2,13.5,4.0,,0.7,1.5,0.06,0.3,1.9,4.0,0.31,0.1,0.8,0.1,0.6,6.62,,28.0,2.5,0.7,0.7,2301,36,Attacker,Argentina
1282015,Carlos Martin,9866,Alavés,ESP-La Liga,0.4,17.1,3.0,,1.1,1.4,0.09,0.15,2.2,2.0,0.13,0.3,0.8,0.1,0.3,6.53,,13.0,1.8,2.9,0.6,1336,26,Attacker,Spain
1282582,Tom Rothe,8149,1. FC Union Berlin,GER-Bundesliga,1.1,21.8,2.0,,2.7,1.5,0.08,0.1,1.4,3.0,0.17,1.0,0.5,0.3,0.1,6.68,,12.0,1.2,2.5,0.3,1592,25,Midfielder,Germany
1282765,Bertug Yildirim,8305,Getafe,ESP-La Liga,0.2,8.1,2.0,,1.3,0.6,0.05,0.21,2.7,,0.08,0.1,0.6,0.2,0.4,6.37,,9.0,1.6,0.8,0.6,1086,22,,Turkiye
1284071,Félix Lemaréchal,9848,Strasbourg,FRA-Ligue 1,0.6,27.1,5.0,,0.9,2.0,0.1,0.16,1.5,3.0,0.2,0.7,0.5,0.2,0.4,6.99,,29.0,1.3,1.8,1.2,1781,27,,France
1284429,Javier Guerra,10267,Valencia CF,ESP-La Liga,2.1,35.0,6.0,,1.6,3.2,0.11,0.08,1.2,3.0,0.1,0.7,0.3,0.1,0.7,6.79,,23.0,1.6,1.7,1.0,2593,36,Midfielder,Spain
1284434,Diego Lopez,10267,Valencia CF,ESP-La Liga,0.7,20.7,11.0,,0.4,4.7,0.15,0.22,0.7,5.0,0.26,0.5,0.5,,0.6,6.83,,38.0,1.4,1.0,0.8,2760,38,Attacker,Spain
1284464,Nediljko Labrovic,8406,FC Augsburg,GER-Bundesliga,,,,2.0,,0.1,,,,,,,,,,,,,,,,1350,15,Keeper,Croatia
1285773,Elias Saad,8152,FC St. Pauli,GER-Bundesliga,0.6,17.5,1.0,,0.1,1.1,0.11,0.28,1.7,2.0,0.3,0.3,0.8,,1.1,,,14.0,2.6,2.0,1.6,901,18,,Tunisia
1285866,Habib Diarra,9848,Strasbourg,FRA-Ligue 1,1.0,30.1,9.0,,1.6,4.3,0.16,0.13,1.0,5.0,0.15,0.5,0.5,0.2,0.4,7.02,,27.0,1.0,0.8,0.5,2356,30,,Senegal
1286183,Tom Bischof,8226,TSG 1899 Hoffenheim,GER-Bundesliga,2.3,40.2,8.0,,1.8,4.8,0.17,0.08,1.6,2.0,0.18,1.1,0.6,0.4,0.3,7.23,,50.0,1.8,3.3,1.0,2567,31,Midfielder,Germany
1287783,Seydouba Cisse,7854,Leganés,ESP-La Liga,1.8,35.4,1.0,,1.5,0.9,0.03,0.11,1.4,1.0,0.11,0.4,0.2,0.0,0.5,6.84,,17.0,0.9,2.2,1.1,2451,34,Midfielder,Guinea
1288111,Mathys Tel,8586,Tottenham Hotspur,ENG-Premier League,,,5.0,,,1.5,,,,1.0,,,,,,,,14.0,,,,913,13,Attacker,France
1288450,Rico Lewis,8456,Manchester City,ENG-Premier League,1.0,52.4,,,1.9,1.0,0.05,0.07,0.6,2.0,0.05,0.6,0.1,0.3,0.6,6.92,,7.0,0.5,1.4,0.4,1891,28,Defender,England
1289961,Adam Obert,8529,Cagliari,ITA-Serie A,1.3,27.8,,,3.8,0.2,0.02,0.08,1.8,1.0,0.08,1.9,0.2,0.6,0.1,6.69,,10.0,0.8,2.6,0.4,1076,21,Defender,Slovakia
1290968,Antoine Hainaut,10167,Parma,ITA-Serie A,1.4,23.2,2.0,,3.6,1.4,0.1,0.06,1.0,,0.15,1.1,0.2,0.3,0.2,6.76,,9.0,0.5,2.0,1.0,1199,25,Midfielder,France
1292810,Kobbie Mainoo,10260,Manchester United,ENG-Premier League,1.2,38.9,4.0,,0.7,1.8,0.1,0.04,1.5,,,1.0,0.1,0.1,0.8,6.6,,14.0,0.8,2.5,1.3,1656,25,Midfielder,England
1292833,Tyler Dibling,8466,Southampton,ENG-Premier League,0.7,23.7,3.0,,0.8,1.5,0.07,0.12,1.4,,0.1,0.4,0.4,0.2,0.2,6.47,,20.0,1.3,1.6,2.2,1874,33,Attacker,England
1293912,Pablo Marin,8560,Real Sociedad,ESP-La Liga,1.0,27.1,3.0,,1.0,0.8,0.06,0.1,1.4,2.0,0.07,0.4,0.5,0.2,0.9,,,14.0,1.5,1.8,1.5,1237,23,Midfielder,Spain
1296650,Adam Wharton,9826,Crystal Palace,ENG-Premier League,2.7,36.2,5.0,,1.8,2.2,0.15,0.03,0.8,2.0,,1.4,0.3,0.1,0.7,,,26.0,0.9,2.3,0.1,1326,20,Midfielder,England
1297165,Bradley Barcola,9847,Paris Saint-Germain,FRA-Ligue 1,0.5,30.0,18.0,,0.5,5.9,0.24,0.56,1.2,10.0,0.57,0.8,1.6,0.1,0.9,7.5,,50.0,3.0,1.1,1.4,2192,34,Attacker,France
1298907,Cristhian Mosquera,10267,Valencia CF,ESP-La Liga,2.0,49.4,,,3.3,0.3,0.01,0.01,0.4,,0.03,0.9,0.1,0.7,,6.85,,,0.1,1.5,0.1,3320,37,Defender,Spain
1305543,Kévin Danois,8583,Auxerre,FRA-Ligue 1,2.5,35.7,2.0,,1.2,2.0,0.13,0.09,1.4,,,1.2,0.2,0.2,0.8,7.01,,25.0,1.0,3.0,1.3,1458,22,Midfielder,France
1305618,Maghnes Akliouche,9829,Monaco,FRA-Ligue 1,1.2,36.1,15.0,,0.4,7.8,0.29,0.35,1.2,10.0,0.19,0.6,0.7,,1.3,7.36,,49.0,2.3,1.9,1.9,2408,32,Attacker,France
1308414,Hugo Álvarez,9910,Celta de Vigo,ESP-La Liga,1.0,38.6,2.0,,1.1,2.1,0.12,0.15,1.4,3.0,0.23,0.5,0.5,0.1,0.3,6.88,,17.0,1.4,1.5,1.8,1570,26,Attacker,Spain
1309372,Mory Gbane,9837,Reims,FRA-Ligue 1,,,1.0,,,0.8,,,,1.0,,,,,,,,7.0,,,,1125,13,Midfielder,Ivory Coast
1309634,Dailon Rocha Livramento,9876,Verona,ITA-Serie A,0.3,9.3,1.0,,0.7,0.9,0.08,0.17,2.0,1.0,0.1,0.3,0.4,0.2,0.2,6.16,,8.0,1.3,1.4,0.6,932,29,,Cape Verde
1310118,Stefan Bajcetic,8306,Las Palmas,ESP-La Liga,,,,,,0.3,,,,,,,,,,,,7.0,,,,975,14,Midfielder,Spain
1310270,Kamory Doumbia,8521,Brest,FRA-Ligue 1,1.8,37.4,4.0,,0.8,1.8,0.12,0.19,1.2,2.0,0.2,1.9,0.7,0.1,0.7,6.93,,26.0,1.5,2.8,1.3,1318,30,Midfielder,Mali
1310480,Sergi Altimira,8603,Real Betis,ESP-La Liga,2.1,51.1,2.0,,1.9,1.2,0.05,0.08,1.6,1.0,,1.1,0.2,0.0,0.5,6.9,,22.0,1.0,2.8,0.7,1972,32,Midfielder,Spain
1310975,Jordan James,9851,Rennes,FRA-Ligue 1,2.1,35.9,3.0,,1.1,1.7,0.13,0.07,2.0,1.0,,1.1,0.2,0.1,0.4,6.81,,24.0,1.3,2.3,0.7,1181,23,Midfielder,Wales
1311985,César Tárrega,10267,Valencia CF,ESP-La Liga,2.6,42.5,,,6.5,0.2,0.01,0.06,1.7,,0.06,0.7,0.2,0.6,,6.79,,3.0,0.6,1.5,0.3,3027,34,Defender,Spain
1316088,Benjamin Dominguez,9857,Bologna,ITA-Serie A,0.9,18.6,1.0,,0.5,0.9,0.07,0.16,0.7,2.0,0.21,0.3,1.2,0.1,0.8,6.74,,10.0,2.1,1.3,2.0,1288,24,Attacker,Argentina
1320446,Marko Ivezic,8150,Holstein Kiel,GER-Bundesliga,2.1,43.5,,,5.4,0.3,0.01,0.03,1.5,,,1.5,,0.7,,6.36,,4.0,0.4,1.6,0.2,1657,23,Defender,Serbia
1321562,Diego Coppola,9876,Verona,ITA-Serie A,1.6,28.3,,,6.0,0.2,0.01,0.02,1.4,,0.06,2.2,0.1,0.7,,6.76,,3.0,0.3,2.0,0.0,2926,34,,Italy
1321605,Mario Martin,10281,Real Valladolid,ESP-La Liga,1.7,34.7,3.0,,2.4,1.2,0.06,0.09,2.6,1.0,,1.1,0.7,0.4,0.2,6.42,,12.0,1.4,3.2,1.0,1749,30,Midfielder,Spain
1322858,Pablo Durán,9910,Celta de Vigo,ESP-La Liga,0.8,17.8,4.0,,1.2,1.0,0.06,0.24,2.1,4.0,0.26,0.5,0.6,0.2,0.8,6.72,,17.0,1.7,1.1,0.8,1394,27,Attacker,Spain
1323305,Archie Gray,8586,Tottenham Hotspur,ENG-Premier League,1.8,49.8,,,2.4,0.2,0.01,0.0,0.9,,,1.0,0.1,0.6,0.2,6.17,,3.0,0.1,0.8,0.4,1743,28,Midfielder,England
1323398,Abel Bretones,8371,Osasuna,ESP-La Liga,1.4,25.8,1.0,,2.3,1.5,0.07,0.02,1.1,,0.09,0.8,0.2,0.2,0.1,6.75,,16.0,0.5,2.6,0.8,2067,35,Defender,Spain
1323403,Antoniu Roca,8558,Espanyol,ESP-La Liga,0.2,12.5,2.0,,0.9,1.1,0.09,0.08,1.7,1.0,,0.7,0.4,0.2,0.3,6.48,,7.0,0.9,1.8,2.6,1022,26,Attacker,Spain
1324358,Frank Magri,9941,Toulouse,FRA-Ligue 1,0.1,10.3,3.0,,0.7,1.9,0.11,0.35,1.5,1.0,0.3,0.2,1.1,0.1,0.7,6.31,,9.0,2.6,0.5,0.2,1514,31,Attacker,Cameroon
1327149,Paul Wanner,94937,1. FC Heidenheim 1846,GER-Bundesliga,1.1,24.9,2.0,,0.8,1.8,0.09,0.19,1.2,2.0,0.15,0.2,0.4,,0.6,6.62,,20.0,1.3,2.0,1.3,1781,29,,Austria
1327298,Saël Kumbedi,9748,Lyon,FRA-Ligue 1,,,,,,0.8,,,,,,,,,,,,5.0,,,,955,14,Defender,France
1327489,Kike Salas,8302,Sevilla,ESP-La Liga,2.7,42.6,2.0,,5.7,0.9,0.03,0.08,0.8,2.0,0.12,1.3,0.3,0.6,0.2,6.89,,6.0,0.9,1.9,0.1,2237,31,Defender,Spain
1328540,Oumar Diakité,9837,Reims,FRA-Ligue 1,0.2,15.8,2.0,,0.5,1.2,0.06,0.3,1.5,1.0,0.22,0.2,0.5,0.1,0.7,6.39,,11.0,1.5,1.1,1.1,1639,26,,Ivory Coast
1329255,Louis Mouton,9853,St Etienne,FRA-Ligue 1,2.4,37.4,2.0,,1.3,1.3,0.11,0.13,2.1,1.0,,0.9,0.3,0.3,0.5,6.59,,16.0,1.6,4.2,1.0,1042,24,Midfielder,France
1329487,Jacopo Fazzini,8534,Empoli,ITA-Serie A,0.4,19.6,1.0,,1.4,0.7,0.05,0.2,1.5,1.0,0.26,0.4,0.6,0.1,0.6,6.79,,12.0,1.7,2.1,1.5,1390,20,Midfielder,Italy
1331249,Adama Boiro,8315,Athletic Club,ESP-La Liga,,,,,,0.6,,,,,,,,,,,,5.0,,,,1104,18,Defender,Spain
1332850,Enzo Tchato,10249,Montpellier,FRA-Ligue 1,1.3,28.2,2.0,,2.5,1.2,0.06,0.01,1.0,,,1.0,0.1,0.5,0.0,6.52,,14.0,0.2,2.3,0.3,1902,27,Defender,Cameroon
1336566,Facundo Buonanotte,8197,Leicester City,ENG-Premier League,1.0,24.4,7.0,,0.7,2.3,0.13,0.23,2.2,2.0,0.3,0.7,0.7,0.4,0.9,6.65,,25.0,2.1,3.2,1.7,1513,31,,Argentina
1336582,Maximo Perrone,10171,Como,ITA-Serie A,2.1,58.6,2.0,,2.0,1.7,0.08,0.04,1.3,3.0,,1.0,0.1,0.1,0.4,6.99,,30.0,0.5,1.8,0.1,1859,26,Midfielder,Argentina
1337884,Konstantinos Koulierakis,8721,VfL Wolfsburg,GER-Bundesliga,4.1,46.5,1.0,,5.1,0.8,0.03,0.03,0.9,2.0,,1.2,0.1,0.5,,6.92,,10.0,0.8,1.5,0.3,2470,30,Defender,Greece
1337979,Étienne Youté Kinkoué,9746,Le Havre,FRA-Ligue 1,2.4,43.4,,,5.9,0.3,0.01,0.05,0.5,,,1.1,0.1,0.9,0.1,6.33,,3.0,0.5,0.7,0.1,2320,28,Defender,France
1338192,Pablo Barrios,9906,Atlético de Madrid,ESP-La Liga,2.4,49.7,6.0,,1.2,2.0,0.08,0.05,1.1,4.0,0.04,1.3,0.3,0.2,0.5,7.2,,26.0,1.1,1.8,1.0,2336,31,Midfielder,Spain
1338390,Ernest Nuamah,9748,Lyon,FRA-Ligue 1,0.9,29.4,2.0,,0.6,1.3,0.11,0.19,1.5,1.0,0.26,0.7,1.1,0.1,0.6,6.75,,18.0,2.4,1.8,1.9,1055,23,Attacker,Ghana
1339208,Désiré Doué,9847,Paris Saint-Germain,FRA-Ligue 1,1.2,46.0,16.0,,0.4,5.7,0.29,0.27,1.5,6.0,0.31,0.7,1.0,,0.7,7.37,,55.0,2.9,2.5,3.0,1734,31,Attacker,France
1339269,Hugo Larsson,9810,Eintracht Frankfurt,GER-Bundesliga,1.7,40.1,2.0,,1.2,1.9,0.07,0.12,0.8,1.0,0.11,1.1,0.4,0.4,0.5,6.95,,21.0,0.8,1.8,0.4,2403,33,Midfielder,Sweden
1339345,Issa Doumbia,7881,Venezia,ITA-Serie A,0.3,19.5,,,1.2,0.2,0.02,0.1,1.7,,,0.9,0.5,0.5,0.5,6.36,,3.0,1.5,1.3,1.1,934,24,Midfielder,Italy
1339347,Vitor Roque,8603,Real Betis,ESP-La Liga,0.3,10.0,3.0,,0.3,0.7,0.05,0.44,2.2,,0.29,0.5,1.4,,0.7,6.51,,12.0,3.0,0.8,0.7,1237,22,,Brazil
1339372,Cesare Casadei,9804,Torino,ITA-Serie A,,,1.0,,,0.4,,,,1.0,,,,,,,,7.0,,,,1023,15,Midfielder,Italy
1340895,Bilal El Khannouss,8197,Leicester City,ENG-Premier League,2.3,31.5,8.0,,0.4,3.1,0.13,0.05,1.2,3.0,0.08,0.2,0.3,0.2,0.4,6.73,,42.0,1.2,2.1,1.4,2193,32,Midfielder,Morocco
1342754,Diego Moreira,9848,Strasbourg,FRA-Ligue 1,1.0,31.7,14.0,,2.0,7.4,0.26,0.07,0.9,7.0,0.07,1.2,0.3,0.1,0.2,7.14,,30.0,0.9,1.5,2.0,2573,32,Midfielder,Belgium
1342757,Joao Neves,9847,Paris Saint-Germain,FRA-Ligue 1,3.1,70.3,9.0,,0.9,3.9,0.19,0.15,0.8,8.0,0.15,1.1,0.6,0.4,0.6,7.56,,33.0,1.4,3.1,0.8,1850,29,Midfielder,Portugal
1343750,Renato Veiga,9885,Juventus,ITA-Serie A,,,,,,0.2,,,,1.0,,,,,,,,2.0,,,,1094,13,Defender,Portugal
1344550,Willy Kambwala,10205,Villarreal,ESP-La Liga,3.0,41.2,,,4.3,0.1,0.01,0.03,0.4,,,0.8,0.1,0.6,,6.4,,1.0,0.3,1.4,0.4,1114,19,Defender,France
1345875,Fares Chaibi,9810,Eintracht Frankfurt,GER-Bundesliga,1.2,25.1,4.0,,2.5,2.9,0.26,0.23,0.4,3.0,0.09,0.9,0.5,,0.7,6.76,,24.0,2.2,1.2,0.6,1008,26,Midfielder,Algeria
1347574,Nico Paz,10171,Como,ITA-Serie A,0.8,32.8,11.0,,0.5,3.9,0.13,0.31,1.6,8.0,0.2,0.7,1.3,0.1,0.8,7.38,,54.0,3.7,1.7,2.3,2692,35,Midfielder,Argentina
1347791,Yassin Belkhdim,8121,Angers,FRA-Ligue 1,0.8,23.2,2.0,,2.3,0.5,0.03,0.04,1.7,1.0,0.06,1.2,0.3,0.4,0.2,6.5,,5.0,0.5,3.1,0.1,1519,29,Midfielder,France
1352713,Carlos Baleba,10204,Brighton and Hove Albion,ENG-Premier League,2.2,38.5,3.0,,1.4,1.2,0.04,0.1,1.3,1.0,0.1,1.6,0.4,0.4,0.7,7.13,,21.0,1.5,2.7,1.1,2670,34,Midfielder,Cameroon
1352744,Joel Schingtienne,7881,Venezia,ITA-Serie A,,,,,,0.1,,,,,,,,,,,,3.0,,,,1121,16,Defender,Belgium
1352923,Enzo Barrenechea,10267,Valencia CF,ESP-La Liga,3.4,47.7,1.0,,1.9,1.1,0.04,0.05,1.0,2.0,0.04,1.1,0.1,0.3,0.4,7.05,,15.0,0.7,2.3,0.4,2204,30,,Argentina
1355636,Arthur Chaves,8226,TSG 1899 Hoffenheim,GER-Bundesliga,1.6,39.3,,,5.4,0.4,0.01,0.03,1.6,,0.04,1.5,0.1,0.8,0.1,6.65,,5.0,0.4,2.1,0.1,2188,26,Defender,Brazil
1356312,Mateus Fernandes,8466,Southampton,ENG-Premier League,1.8,32.2,6.0,,0.9,3.6,0.11,0.12,1.4,4.0,0.06,0.9,0.4,0.2,0.5,6.99,,34.0,1.3,2.7,1.5,2919,36,Midfielder,Portugal
1357723,Lucas Rosa,10281,Real Valladolid,ESP-La Liga,1.0,24.5,3.0,,2.4,1.5,0.07,0.04,1.7,1.0,,1.3,0.1,0.4,0.1,6.45,,13.0,0.4,2.6,0.7,1890,21,,Brazil
1358581,Leny Yoro,10260,Manchester United,ENG-Premier League,1.5,54.2,,,3.3,0.2,0.01,0.05,0.7,,,1.4,0.1,0.2,0.2,6.45,,2.0,0.4,2.2,0.2,1162,21,Defender,France
1359613,Abakar Sylla,9848,Strasbourg,FRA-Ligue 1,1.1,54.8,,,6.0,0.1,0.01,0.04,1.6,,0.1,1.0,0.1,1.0,,6.39,,1.0,0.5,2.6,0.3,944,21,Defender,Ivory Coast
1362622,Junior Mwanga,9746,Le Havre,FRA-Ligue 1,3.0,35.5,2.0,,1.3,1.5,0.11,0.1,1.8,2.0,0.07,0.7,0.3,0.2,0.5,6.48,,8.0,1.2,3.1,0.7,1245,19,Midfielder,France
1362998,Abdukodir Khusanov,8588,Lens,FRA-Ligue 1,,,1.0,,,0.2,,,,,,,,,,,,2.0,,,,975,13,Defender,Uzbekistan
1364069,Malick Fofana,9748,Lyon,FRA-Ligue 1,0.3,26.3,6.0,,0.2,4.4,0.25,0.22,0.7,4.0,0.28,0.5,0.9,,0.8,6.99,,25.0,1.8,1.2,1.4,1586,29,Attacker,Belgium
1367615,Warren Zaire-Emery,9847,Paris Saint-Germain,FRA-Ligue 1,1.4,66.1,4.0,,0.8,1.4,0.06,0.07,1.1,2.0,0.04,1.0,0.3,0.3,0.6,7.12,,18.0,0.7,2.2,0.9,2052,29,Midfielder,France
1367619,Dean Huijsen,8678,Bournemouth,ENG-Premier League,4.8,50.1,3.0,,7.2,1.6,0.06,0.07,1.2,2.0,0.11,1.9,0.1,1.1,0.1,7.21,,15.0,0.7,1.3,0.1,2422,32,Defender,Spain
1367987,Damian Rodriguez,9910,Celta de Vigo,ESP-La Liga,,,1.0,,,1.4,,,,,,,,,,,,17.0,,,,924,17,,Spain
1368049,Lasse Rosenboom,8150,Holstein Kiel,GER-Bundesliga,1.1,12.9,3.0,,3.2,1.2,0.06,0.1,1.0,2.0,0.1,1.0,0.3,0.5,0.3,6.62,,14.0,0.6,2.4,0.4,1738,26,Midfielder,Germany
1372921,Andrey Santos,9848,Strasbourg,FRA-Ligue 1,1.6,44.1,9.0,,2.0,2.0,0.06,0.16,0.9,3.0,0.32,1.0,0.5,0.4,0.5,7.75,,27.0,1.4,3.5,0.6,2857,32,Midfielder,Brazil
1381853,Tim Oermann,9911,VfL Bochum 1848,GER-Bundesliga,1.9,29.4,,,2.3,0.7,0.03,0.01,0.7,2.0,,0.8,,0.6,0.2,6.46,,6.0,0.3,2.0,0.3,2125,28,Defender,Germany
1384881,Álex Valle,10171,Como,ITA-Serie A,,,,,,0.5,,,,,,,,,,,,11.0,,,,1034,15,Defender,Spain
1384883,Marc Casado,8634,Barcelona,ESP-La Liga,1.9,67.8,3.0,,0.8,1.8,0.1,0.06,1.4,3.0,0.06,1.2,0.1,0.3,0.2,7.15,,9.0,0.8,2.5,0.2,1616,23,Midfielder,Spain
1385894,Soungoutou Magassa,9829,Monaco,FRA-Ligue 1,2.6,47.5,2.0,,1.6,0.7,0.06,0.04,2.5,1.0,,1.9,0.3,0.3,0.9,,,7.0,0.7,4.1,1.3,1020,21,Midfielder,France
1386006,Daniele Ghilardi,9876,Verona,ITA-Serie A,1.9,27.4,,,4.5,0.4,0.02,0.03,1.5,,,1.3,0.2,0.7,0.0,6.72,,6.0,0.5,1.9,0.1,2031,24,Defender,Italy
1386775,Lucas Bergvall,8586,Tottenham Hotspur,ENG-Premier League,2.2,45.5,1.0,,1.6,0.8,0.06,0.05,1.5,1.0,,1.8,0.1,0.6,0.7,6.7,,11.0,0.9,2.9,1.6,1206,27,Midfielder,Sweden
1387389,Arthur Vermeeren,178475,RB Leipzig,GER-Bundesliga,1.2,46.8,,,1.3,1.3,0.08,0.02,1.3,2.0,,1.3,0.1,0.7,0.3,6.57,,12.0,0.2,1.8,0.3,1576,28,Midfielder,Belgium
1388070,Badredine Bouanani,9831,Nice,FRA-Ligue 1,1.2,26.2,6.0,,0.2,2.2,0.18,0.22,1.1,3.0,0.25,0.9,1.2,0.2,1.1,6.79,,20.0,2.6,0.9,1.2,1094,26,Attacker,Algeria
1388071,Reda Belahyane,9876,Verona,ITA-Serie A,1.2,32.6,1.0,,1.2,0.7,0.03,0.01,1.7,2.0,,0.5,0.1,0.5,0.3,6.71,,16.0,0.3,2.1,1.8,1848,28,Midfielder,Morocco
1388474,Gaby Jean,9888,Lecce,ITA-Serie A,2.7,46.5,,,4.5,0.1,0.01,0.0,1.0,,,0.6,0.1,0.6,,,,1.0,0.1,0.9,0.1,1387,19,Defender,France
1388678,Clement Akpa,8583,Auxerre,FRA-Ligue 1,3.2,34.6,1.0,,5.0,0.9,0.03,0.01,0.5,1.0,,1.5,0.0,0.5,0.1,6.94,,8.0,0.2,2.0,0.3,2495,31,Defender,Ivory Coast
1388749,Khalil Fayad,10249,Montpellier,FRA-Ligue 1,2.7,36.9,,,1.1,0.6,0.05,0.11,1.8,,,0.9,0.4,0.1,0.4,6.5,,7.0,1.5,2.7,1.5,1026,20,Midfielder,France
1393439,Eliesse Ben Seghir,9829,Monaco,FRA-Ligue 1,0.8,37.7,9.0,,0.1,4.6,0.23,0.29,1.3,3.0,0.31,0.7,1.1,,1.1,7.02,,33.0,3.1,1.6,1.8,1750,33,Midfielder,Morocco
1393672,Jean Bahoya,9810,Eintracht Frankfurt,GER-Bundesliga,0.6,23.9,5.0,,0.9,2.3,0.22,0.18,0.9,3.0,0.2,0.4,0.3,0.2,0.5,6.81,,18.0,1.0,2.8,1.7,921,24,Attacker,France
1395447,Nathaniel Brown,9810,Eintracht Frankfurt,GER-Bundesliga,1.2,27.2,11.0,,2.1,4.6,0.21,0.1,0.7,6.0,0.14,0.7,0.2,,0.4,7.38,,39.0,0.6,3.3,0.5,1953,26,Midfielder,Germany
1395704,Guéla Doué,9848,Strasbourg,FRA-Ligue 1,1.4,50.3,1.0,,4.9,1.1,0.04,0.04,1.4,2.0,0.03,1.1,0.2,0.2,0.2,7.26,,11.0,0.6,2.2,0.9,2716,32,Defender,Ivory Coast
1395716,David Torres,10281,Real Valladolid,ESP-La Liga,,,,,,0.1,,,,,,,,,,,,1.0,,,,1386,18,Defender,Spain
1395964,Carlos Romero,8558,Espanyol,ESP-La Liga,0.8,20.3,5.0,,3.1,2.4,0.08,0.07,1.2,1.0,0.07,1.1,0.2,0.5,0.4,6.89,,30.0,1.0,2.6,0.8,2555,34,Defender,Spain
1398377,Lucas Stassin,9853,St Etienne,FRA-Ligue 1,0.4,17.3,7.0,,0.4,3.1,0.15,0.38,1.5,4.0,0.58,0.1,1.1,,0.4,6.92,,18.0,2.1,0.8,1.0,1867,28,Attacker,Belgium
1398392,Thierno Barry,10205,Villarreal,ESP-La Liga,0.2,8.0,7.0,,0.7,2.0,0.08,0.48,1.8,4.0,0.43,,1.0,0.1,0.5,6.92,,24.0,2.8,0.4,0.7,2322,35,Attacker,France
1398483,Lukas Ullrich,9788,Borussia Mönchengladbach,GER-Bundesliga,1.3,24.5,3.0,,3.1,1.9,0.09,0.04,1.0,2.0,0.05,1.1,0.1,0.4,0.1,6.47,,8.0,0.4,1.2,0.4,1916,26,Defender,Germany
1400227,Yankuba Minteh,10204,Brighton and Hove Albion,ENG-Premier League,0.7,14.9,8.0,,1.4,5.0,0.25,0.2,1.0,4.0,0.29,0.5,0.8,,0.8,7.03,,29.0,1.7,2.3,2.2,1841,32,Attacker,Gambia
1403332,Aljoscha Kemlein,8149,1. FC Union Berlin,GER-Bundesliga,,,1.0,,,0.7,,,,,,,,,,,,10.0,,,,902,14,Midfielder,Germany
1404415,Fermin Lopez,8634,Barcelona,ESP-La Liga,1.8,38.7,8.0,,0.1,4.3,0.31,0.41,2.0,5.0,0.43,0.4,1.2,,1.4,6.93,,29.0,3.0,1.4,1.8,1245,28,Midfielder,Spain
1406428,Christian Mawissa,9829,Monaco,FRA-Ligue 1,1.0,48.6,,,2.7,0.1,0.01,0.0,1.1,,,1.6,0.1,0.4,0.2,6.83,,1.0,0.1,2.5,0.6,1501,22,Defender,France
1406436,Myles Lewis-Skelly,9825,Arsenal,ENG-Premier League,0.5,41.0,,,1.6,0.5,0.03,0.01,0.7,,0.07,0.5,0.1,0.1,0.3,6.79,,8.0,0.2,1.4,0.8,1370,23,Defender,England
1407468,Santiago Mourino,9866,Alavés,ESP-La Liga,1.6,25.3,2.0,,5.7,0.6,0.03,0.05,1.6,1.0,,1.4,0.2,0.6,0.1,7.0,,7.0,0.6,2.1,0.2,1847,25,Defender,Uruguay
1412132,Kenan Yildiz,9885,Juventus,ITA-Serie A,1.0,31.7,8.0,,0.3,4.8,0.18,0.16,0.9,4.0,0.26,0.2,0.9,,0.6,7.29,,57.0,2.3,2.0,2.2,2405,35,Midfielder,Turkiye
1421505,Gvidas Gineitis,9804,Torino,ITA-Serie A,1.1,24.2,4.0,,1.8,2.2,0.14,0.09,1.5,1.0,0.19,1.1,0.5,0.4,0.3,6.66,,22.0,1.8,1.6,0.5,1423,30,Midfielder,Lithuania
1426170,Mamadou Sarr,9848,Strasbourg,FRA-Ligue 1,2.1,60.4,1.0,,4.4,0.3,0.01,0.03,1.1,1.0,,1.0,,0.8,0.0,6.81,,5.0,0.2,1.4,0.4,2368,27,Defender,Senegal
1428153,Ngal Ayel Mukau,8639,Lille,FRA-Ligue 1,0.9,43.0,,,1.7,0.7,0.05,0.06,1.4,1.0,,1.1,0.2,,0.4,6.94,,12.0,0.8,2.5,0.7,1194,22,Midfielder,DR Congo
1428420,Emmanuel Biumla,8121,Angers,FRA-Ligue 1,1.1,29.7,,,5.5,0.1,0.01,0.05,0.5,,0.07,0.5,0.1,0.5,,6.67,,1.0,0.3,1.3,0.5,1334,17,Defender,France
1428426,Arthur Atta,8600,Udinese,ITA-Serie A,1.3,35.5,2.0,,0.9,1.4,0.1,0.1,1.2,1.0,,0.5,0.5,0.4,0.5,6.56,,18.0,1.9,1.4,2.0,1246,27,Midfielder,France
1429120,Nathan Zeze,9830,Nantes,FRA-Ligue 1,2.8,43.5,,,7.1,0.2,0.01,0.02,1.0,,,1.4,0.1,0.5,,7.07,,1.0,0.4,2.3,0.2,1513,18,,France
1431818,Lilian Rao-Lisoa,8121,Angers,FRA-Ligue 1,0.9,22.1,3.0,,2.9,1.7,0.12,0.05,1.1,3.0,,1.0,0.1,0.1,0.3,6.52,,14.0,1.0,2.8,1.6,1314,29,Attacker,France
1432421,Antoine Joujou,9746,Le Havre,FRA-Ligue 1,0.3,15.0,6.0,,1.5,2.9,0.28,0.06,0.7,2.0,,0.9,0.2,0.3,0.9,6.54,,15.0,1.1,1.5,2.9,933,26,,France
1434889,Assane Diao,10171,Como,ITA-Serie A,,,1.0,,,0.6,,,,1.0,,,,,,,,8.0,,,,1257,15,Attacker,Senegal
1435439,Javi Rodriguez,9910,Celta de Vigo,ESP-La Liga,2.5,50.9,2.0,,2.9,1.0,0.03,0.09,1.3,2.0,0.11,1.2,0.2,0.4,0.1,6.77,,13.0,0.4,1.9,0.4,2513,36,Defender,Spain
1436270,Unai Gomez,8315,Athletic Club,ESP-La Liga,0.6,15.2,1.0,,1.0,0.9,0.06,0.13,0.8,3.0,0.07,0.1,0.3,0.1,0.4,6.35,,10.0,1.3,0.8,0.8,1277,32,Midfielder,Spain
1436305,Lamine Camara,9829,Monaco,FRA-Ligue 1,3.2,51.6,7.0,,1.3,5.0,0.22,0.1,2.0,7.0,0.09,1.4,0.4,0.2,0.7,7.32,,44.0,1.1,2.9,0.5,2063,29,Midfielder,Senegal
1439625,Valentin Atangana Edoa,9837,Reims,FRA-Ligue 1,0.7,28.5,1.0,,1.9,0.7,0.02,0.08,1.8,,0.03,1.2,0.2,0.5,0.3,6.81,,12.0,1.0,2.2,0.4,2865,34,,France
1440009,Moise Bombito,9831,Nice,FRA-Ligue 1,3.0,51.8,,,4.8,0.6,0.02,0.04,1.1,,,0.7,0.0,0.8,0.1,6.74,,2.0,0.3,1.5,0.5,2195,27,Defender,Canada
1444231,Matias Fernandez-Pardo,8639,Lille,FRA-Ligue 1,0.5,18.3,6.0,,0.4,1.9,0.16,0.24,1.5,2.0,0.34,0.3,1.0,,0.6,6.77,,16.0,1.9,1.0,1.7,1064,22,Attacker,Belgium
1451196,Niccolo Pisilli,8686,Roma,ITA-Serie A,1.6,34.6,1.0,,1.0,1.0,0.07,0.19,1.4,1.0,0.15,0.8,0.6,0.2,0.9,6.59,,10.0,2.0,1.8,0.4,1219,28,Midfielder,Italy
1458711,Murillo,10203,Nottingham Forest,ENG-Premier League,3.4,31.8,2.0,,6.8,1.1,0.03,0.04,0.8,,0.06,1.0,0.2,1.3,0.1,7.16,,13.0,0.7,1.5,0.8,3191,36,Defender,Brazil
1459265,Frans Krätzig,94937,1. FC Heidenheim 1846,GER-Bundesliga,1.5,28.7,2.0,,1.0,1.8,0.13,0.04,0.6,2.0,0.07,1.2,0.2,0.1,0.1,7.1,,28.0,0.6,2.4,0.6,1281,17,,Germany
1467236,Lamine Yamal,8634,Barcelona,ESP-La Liga,0.9,35.1,28.0,,0.1,11.6,0.37,0.31,0.9,13.0,0.28,0.5,1.5,,1.1,8.04,,64.0,4.5,1.3,5.1,2861,35,Attacker,Spain
1473534,Jérémy Jacquet,9851,Rennes,FRA-Ligue 1,,,1.0,,,0.7,,,,1.0,,,,,,,,4.0,,,,929,11,Defender,France
1473580,Aleksandar Pavlovic,9823,Bayern München,GER-Bundesliga,3.2,88.6,,,0.9,1.9,0.12,0.03,1.1,,0.06,0.3,0.2,0.2,0.2,7.31,,7.0,0.6,2.3,0.3,1456,21,Midfielder,Germany
1482729,Bence Dardai,8721,VfL Wolfsburg,GER-Bundesliga,0.7,24.1,2.0,,1.8,1.0,0.07,0.07,0.6,1.0,0.07,0.8,0.1,0.3,0.5,6.7,,11.0,0.8,1.6,0.2,1312,21,Midfielder,Hungary
1487894,Nhoa Sangui,9837,Reims,FRA-Ligue 1,0.9,34.3,1.0,,1.5,0.5,0.04,0.01,0.7,2.0,,0.6,,0.3,0.2,6.46,,5.0,0.2,1.3,0.8,1149,26,,France
1506480,Yarek Gasiorowski,10267,Valencia CF,ESP-La Liga,,,,,,0.3,,,,,,,,,,,,3.0,,,,945,15,,Spain
1507697,Saba Goglichidze,8534,Empoli,ITA-Serie A,2.6,25.4,1.0,,3.3,0.2,0.01,0.01,0.9,1.0,,1.2,,0.6,0.1,6.4,,3.0,0.2,2.3,0.1,2546,33,,Georgia
1523234,Jon Martin,8560,Real Sociedad,ESP-La Liga,,,,,,0.2,,,,1.0,,,,,,,,4.0,,,,900,13,Defender,Spain
1524210,Guillaume Restes,9941,Toulouse,FRA-Ligue 1,,17.8,,8.0,0.7,0.0,0.0,,0.0,1.0,,0.0,,,,6.56,2.1,1.0,,0.1,,2545,29,Keeper,France
1526560,Patrick Dorgu,9888,Lecce,ITA-Serie A,1.4,23.7,1.0,,1.8,1.0,0.05,0.16,1.2,1.0,0.15,0.9,0.5,0.3,0.3,6.7,,19.0,1.8,2.2,0.6,1842,21,Midfielder,Denmark
1526611,Juanma Herzog,8306,Las Palmas,ESP-La Liga,1.8,38.2,,,5.9,0.0,0.0,0.06,0.4,,,1.2,0.1,0.8,,,,,0.8,0.8,,1314,19,Defender,Spain
1526689,Alex Jimenez,8564,Milan,ITA-Serie A,1.3,27.6,2.0,,1.5,1.3,0.09,0.07,0.9,1.0,,1.1,0.4,0.2,0.4,6.78,,12.0,1.1,1.7,1.8,1270,22,Defender,Spain
1529148,Luca Marianucci,8534,Empoli,ITA-Serie A,,,1.0,,,0.2,,,,,,,,,,,,3.0,,,,1064,18,Defender,Italy
1529222,Pietro Comuzzo,8535,Fiorentina,ITA-Serie A,2.8,44.0,,,4.3,0.2,0.01,0.02,1.0,,0.04,1.2,0.1,0.9,0.1,6.73,,7.0,0.2,1.8,,2196,33,Defender,Italy
1531887,Pau Navarro,10205,Villarreal,ESP-La Liga,,,,,,0.2,,,,,,,,,,,,1.0,,,,917,17,Defender,Spain
1532137,Pau Cubarsi,8634,Barcelona,ESP-La Liga,3.2,83.3,3.0,,3.0,1.0,0.03,0.03,0.8,3.0,,0.5,,0.3,,7.04,,9.0,0.3,1.2,0.2,2620,35,Defender,Spain
1553099,Mikel Jauregizar,8315,Athletic Club,ESP-La Liga,2.9,36.0,2.0,,1.4,1.2,0.05,0.04,1.8,1.0,0.08,1.2,0.3,0.2,0.7,7.08,,23.0,0.8,3.4,0.8,2243,34,Midfielder,Spain
1553515,Djaoui Cisse,9851,Rennes,FRA-Ligue 1,,,,,,0.8,,,,,,,,,,,,6.0,,,,1129,14,Midfielder,France
1561552,Ayyoub Bouaddi,8639,Lille,FRA-Ligue 1,1.5,37.9,2.0,,0.9,1.2,0.1,0.01,1.4,1.0,,0.8,0.1,0.2,0.5,6.73,,5.0,0.2,3.9,1.1,1148,24,Midfielder,Morocco
1572809,Amadou Koné,9837,Reims,FRA-Ligue 1,2.4,35.7,,,2.5,0.5,0.03,0.04,1.3,,,1.3,0.3,0.3,0.2,6.95,,8.0,1.0,3.4,1.0,1299,24,,Mali
1580528,Raul Asencio,8633,Real Madrid,ESP-La Liga,1.6,49.4,1.0,,4.5,0.4,0.02,0.01,0.6,1.0,,0.9,0.1,0.3,0.1,7.06,,6.0,0.2,1.2,0.3,1673,23,Defender,Spain
1580704,Christantus Uche,8305,Getafe,ESP-La Liga,0.3,13.7,7.0,,0.7,3.1,0.11,0.13,2.0,6.0,0.14,0.4,0.5,0.1,0.9,6.66,,29.0,1.8,1.3,1.2,2501,33,Attacker,Nigeria
1586939,Shavy Babicka,9941,Toulouse,FRA-Ligue 1,0.2,13.8,3.0,,0.2,1.9,0.15,0.3,1.2,2.0,0.31,0.2,0.7,,0.4,6.5,,13.0,1.5,1.6,0.8,1178,30,,Gabon
1598982,Gerard Martin,8634,Barcelona,ESP-La Liga,1.2,48.9,2.0,,2.4,1.7,0.14,0.04,1.2,3.0,0.09,1.1,0.2,0.2,0.3,,,12.0,0.6,1.9,0.4,1028,28,Defender,Spain
1609064,Rabby Nzingoula,10249,Montpellier,FRA-Ligue 1,1.1,24.5,2.0,,1.2,1.3,0.07,0.06,2.0,,0.05,1.5,0.3,0.3,0.4,6.64,,9.0,1.0,3.6,1.4,1695,27,,France
1609209,Giovanni Leoni,10167,Parma,ITA-Serie A,,,,,,0.1,,,,,,,,,,,,1.0,,,,1203,17,Defender,Italy
1622290,Nicolo Savona,9885,Juventus,ITA-Serie A,1.5,45.4,2.0,,1.6,0.9,0.05,0.02,0.7,1.0,0.1,0.6,0.2,0.2,0.1,6.85,,16.0,0.3,1.5,0.3,1726,28,Defender,Italy
1624039,Jesus Rodriguez,8603,Real Betis,ESP-La Liga,0.4,18.8,,,0.2,0.7,0.06,0.18,1.4,,0.16,0.5,0.6,,0.7,6.75,,8.0,1.8,1.3,2.4,1119,21,Attacker,Spain
1643774,Yael Mouanga,10249,Montpellier,FRA-Ligue 1,,,1.0,,,0.1,,,,,,,,,,,,2.0,,,,946,14,Defender,France
1664722,Jaydee Canvot,9941,Toulouse,FRA-Ligue 1,1.5,37.2,1.0,,4.2,0.3,0.03,0.02,1.5,,,0.9,0.1,0.2,0.2,,,4.0,0.4,1.9,0.6,1105,18,Defender,France
1676905,Coba da Costa,8305,Getafe,ESP-La Liga,0.7,16.2,3.0,,0.8,1.5,0.13,0.1,0.9,1.0,0.09,0.7,0.7,,0.4,,,9.0,2.1,2.6,1.7,1007,19,,Guinea-Bissau
