player_id,player,team_id,team,league,accurate_long_balls,accurate_pass,big_chance_created,clean_sheet,effective_clearance,expected_assists,expected_assists_per_90,expected_goals_per_90,fouls,goal_assist,goals_per_90,interception,ontarget_scoring_att,outfielder_block,poss_won_att_3rd,rating,saves,total_att_assist,total_scoring_att,total_tackle,won_contest,minutes_played,matches_played,position,clean_defend_rate,interception_share,progressive_pass_share,carry_to_foul_ratio,chance_quality,wide_progression,chance_creation,pressing_intensity,defensive_solidity,composite_score,has_primary_season,is_manual_add,nationality
1207992,Vanderson,9829,Monaco,FRA-Ligue 1,3.4,39.6,5.0,0.0,2.6,3.8,0.16,0.1,1.2,3.0,0.04,1.7,0.3,0.3,0.7,7.22,0.0,23.0,0.9,3.3,1.0,2073,29,Defender,0.8064516129032258,0.3399999999999999,0.0858585858585858,0.8333333333333334,0.1652173913043478,85.72527472527473,81.45054945054946,93.271978021978,86.84065934065934,86.66397192209783,False,False,Brazil
760712,Trent Alexander-Arnold,8650,Liverpool,ENG-Premier League,4.8,47.6,15.0,0.0,1.8,7.4,0.28,0.09,0.4,6.0,0.11,1.2,0.3,0.3,0.4,7.38,0.0,53.0,1.7,2.7,0.6,2377,33,Defender,0.9069767441860463,0.3076923076923076,0.1008403361344537,1.4999999999999998,0.1396226415094339,85.47252747252747,91.96153846153848,83.98076923076924,78.87362637362638,85.2866085369824,False,False,England
1565010,Arthur Avom,8689,Lorient,FRA-Ligue 1,3.2,42.4,3.0,0.0,0.8,2.3,0.14,0.05,0.8,1.0,0.0,1.4,0.1,0.1,0.7,7.02,0.0,22.0,0.9,2.5,1.1,1423,20,Midfielder,0.8297872340425532,0.358974358974359,0.0754716981132075,1.375,0.1045454545454545,88.94457547169812,71.0495283018868,89.20106132075473,68.9563679245283,79.97118305147403,True,False,Cameroon
614384,Maximilian Mittelstaedt,10269,VfB Stuttgart,GER-Bundesliga,2.0,45.9,8.0,0.0,3.0,3.9,0.25,0.14,0.4,3.0,0.19,1.8,0.6,0.4,0.2,7.56,0.0,25.0,1.2,3.2,0.4,1424,21,Defender,0.9259259259259258,0.36,0.0435729847494553,1.0,0.156,61.73457910014514,90.89526746838068,81.85749706268574,88.8601924804755,78.487397818196,True,False,Germany
1436305,Lamine Camara,9829,Monaco,FRA-Ligue 1,2.9,46.6,6.0,0.0,0.9,2.6,0.24,0.04,1.4,3.0,0.0,2.3,0.0,0.1,1.2,7.51,0.0,21.0,0.9,2.3,1.2,938,13,Midfielder,0.7666666666666666,0.5,0.0622317596566523,0.8571428571428572,0.1238095238095238,76.28781360149284,83.19781083696178,83.9905444398369,65.62636066763426,77.48859536616281,True,False,Senegal
1083323,Pedri,8634,Barcelona,ESP-La Liga,3.5,82.1,5.0,0.0,0.9,3.3,0.24,0.11,0.6,5.0,0.15,1.0,0.7,0.1,0.8,7.9,0.0,38.0,1.3,2.1,1.8,1218,16,Midfielder,0.8378378378378378,0.3225806451612903,0.0426309378806333,3.0,0.0868421052631578,87.12419223857904,80.74128308798119,81.08919932268988,57.59392926256135,77.29148221638937,True,False,Spain
662428,Antonee Robinson,9879,Fulham,ENG-Premier League,1.9,37.5,6.0,0.0,3.5,4.1,0.12,0.02,0.9,10.0,0.0,1.8,0.1,0.3,0.2,7.34,0.0,43.0,0.5,2.7,1.1,3167,36,Defender,0.8333333333333333,0.4,0.0506666666666666,1.2222222222222223,0.0953488372093023,74.73626373626374,70.71428571428571,77.83516483516483,89.60164835164835,77.21352270809761,False,False,USA
1737700,Lennart Karl,9823,Bayern München,GER-Bundesliga,2.1,49.0,4.0,0.0,0.2,3.0,0.3,0.47,0.4,2.0,0.4,1.1,1.4,0.2,1.1,7.03,0.0,15.0,3.1,2.0,1.5,905,20,Midfielder,0.8857142857142858,0.3548387096774194,0.0428571428571428,3.75,0.2,77.52358490566039,86.16745283018868,84.34551886792453,58.21049528301887,76.76826588728449,True,False,Germany
1158945,Nuno Mendes,9847,Paris Saint-Germain,FRA-Ligue 1,3.5,63.2,8.0,0.0,1.0,3.2,0.28,0.24,0.8,3.0,0.27,1.1,0.9,0.2,0.6,7.65,0.0,25.0,2.1,1.9,1.9,1016,15,Defender,0.7894736842105263,0.3666666666666667,0.055379746835443,2.375,0.128,87.77658701361531,87.31359285368721,71.19468778077267,57.4667176377082,76.43270816106009,True,False,Portugal
888912,Mikkel Damsgaard,9937,Brentford,ENG-Premier League,1.4,28.0,9.0,0.0,0.7,3.7,0.25,0.08,0.8,3.0,0.07,1.1,0.4,0.2,1.1,6.89,0.0,29.0,1.0,2.5,0.8,1303,22,Midfielder,0.8181818181818181,0.3055555555555556,0.0499999999999999,1.0,0.1275862068965517,69.736237818785,87.20738302577927,87.45199219019973,62.74859181698804,76.40804562108069,True,False,Denmark
1197655,Lewis Hall,10261,Newcastle United,ENG-Premier League,2.0,44.4,4.0,0.0,3.6,1.8,0.12,0.04,0.7,1.0,0.0,1.5,0.1,0.6,0.5,7.1,0.0,16.0,1.0,2.4,2.1,1302,19,Defender,0.8478260869565218,0.3846153846153846,0.045045045045045,3.0000000000000004,0.1125,75.0288763909047,71.20099868684774,81.39879656507016,79.07139833437003,76.37450947683654,True,False,England
715301,Jonathan Clauss,9831,Nice,FRA-Ligue 1,2.2,39.6,6.0,0.0,2.6,4.0,0.22,0.04,0.8,4.0,0.06,1.5,0.1,0.2,0.4,7.41,0.0,40.0,0.7,2.2,1.2,1605,19,Midfielder,0.8222222222222223,0.4054054054054054,0.0555555555555555,1.4999999999999998,0.1,66.77955456493191,83.82841765153086,80.15123712765221,77.95061856382611,76.31015631229702,True,False,France
770881,Achraf Hakimi,9847,Paris Saint-Germain,FRA-Ligue 1,1.7,75.5,12.0,0.0,0.6,5.3,0.23,0.13,0.8,6.0,0.17,1.3,0.6,0.1,0.8,7.91,0.0,50.0,1.4,2.1,1.1,2067,25,Defender,0.8095238095238095,0.3823529411764705,0.0225165562913907,1.375,0.106,64.60989010989012,83.8956043956044,84.59065934065934,65.16483516483515,73.90226774123602,False,False,Morocco
1174726,Rocco Reitz,9788,Borussia Mönchengladbach,GER-Bundesliga,1.9,31.3,3.0,0.0,1.6,2.8,0.13,0.08,1.3,2.0,0.0,1.7,0.5,0.1,0.3,7.06,0.0,21.0,1.5,2.3,0.8,1883,22,Midfielder,0.7547169811320755,0.425,0.060702875399361,0.6153846153846154,0.1333333333333333,70.52879431888866,73.92695590572949,75.29091937936278,74.84531584767434,73.40560442019678,True,False,Germany
845943,Cristian Casseres Jr.,9941,Toulouse,FRA-Ligue 1,2.8,39.2,3.0,0.0,1.0,2.5,0.13,0.08,1.3,0.0,0.05,1.3,0.2,0.4,0.6,7.29,0.0,25.0,0.9,3.1,0.8,1717,21,Midfielder,0.7719298245614036,0.2954545454545454,0.0714285714285714,0.6153846153846154,0.1,72.9891535351441,71.75584871103739,80.99467827769713,67.15834283640886,73.36280700196725,True,False,Venezuela
1296650,Adam Wharton,9826,Crystal Palace,ENG-Premier League,2.5,34.0,9.0,0.0,1.5,5.0,0.24,0.05,1.0,3.0,0.0,1.0,0.1,0.1,0.6,7.06,0.0,27.0,1.0,2.6,0.5,1905,23,Midfielder,0.782608695652174,0.2777777777777778,0.0735294117647058,0.5,0.1851851851851851,61.9732574815122,84.06309178243141,82.93939629552837,68.1902256548483,73.3241910086401,True,False,England
1286183,Tom Bischof,8226,TSG 1899 Hoffenheim,GER-Bundesliga,2.3,40.2,8.0,0.0,1.8,4.8,0.17,0.08,1.6,2.0,0.18,1.1,0.6,0.4,0.3,7.23,0.0,50.0,1.8,3.3,1.0,2567,31,Midfielder,0.7333333333333334,0.25,0.0572139303482586,0.625,0.096,73.59890109890111,76.74175824175823,71.84065934065934,69.21703296703296,73.02213195663194,False,False,Germany
1305543,Kévin Danois,8583,Auxerre,FRA-Ligue 1,2.8,40.1,6.0,0.0,0.4,3.0,0.15,0.08,1.0,1.0,0.1,1.2,0.3,0.1,0.5,7.15,0.0,34.0,1.0,2.0,1.3,1762,21,Midfielder,0.7619047619047619,0.3749999999999999,0.0698254364089775,1.3,0.088235294117647,85.79964061096138,67.40782880641372,77.04486747529201,58.71591851544681,72.88872027147372,True,False,France
659490,Gabriel Suazo,8302,Sevilla,ESP-La Liga,2.0,36.1,4.0,0.0,2.0,2.6,0.18,0.03,1.1,1.0,0.0,1.1,0.1,0.2,0.3,7.13,0.0,29.0,0.3,3.9,0.7,1339,17,Midfielder,0.819672131147541,0.22,0.0554016620498614,0.6363636363636362,0.0896551724137931,65.39350507982584,76.6207408943258,78.56030997304582,73.29171418204437,72.87167372456446,True,False,Chile
605654,Fabián Ruiz,9847,Paris Saint-Germain,FRA-Ligue 1,3.4,67.6,9.0,0.0,1.2,5.1,0.24,0.19,0.3,5.0,0.19,0.7,0.6,0.1,0.4,7.38,0.0,36.0,2.0,1.7,0.7,1923,30,Midfielder,0.888888888888889,0.2916666666666667,0.0502958579881656,2.333333333333333,0.1416666666666666,79.42032967032966,88.74725274725274,66.2554945054945,55.21978021978023,72.56758074239917,False,False,Spain
1185211,Mamadou Sangare,8588,Lens,FRA-Ligue 1,3.0,46.1,2.0,0.0,1.4,1.2,0.07,0.13,1.5,2.0,0.06,1.5,0.4,0.2,1.0,7.59,0.0,18.0,1.5,3.8,1.3,1579,20,Midfielder,0.7794117647058824,0.2830188679245283,0.0650759219088937,0.8666666666666667,0.0666666666666666,84.85554245283018,46.33254716981132,91.87205188679243,73.62912735849056,72.32382606407224,True,False,Mali
31097,Luka Modric,8564,Milan,ITA-Serie A,5.2,62.7,4.0,0.0,1.2,3.4,0.15,0.06,0.7,3.0,0.09,1.4,0.3,0.4,0.4,7.73,0.0,38.0,0.5,1.8,0.5,2006,24,Midfielder,0.8205128205128205,0.4374999999999999,0.0829346092503987,0.7142857142857143,0.0894736842105263,79.24216428225863,75.40389798880365,70.66113760453383,58.5497226829774,71.58721590566931,True,False,Croatia
1089691,Elliot Anderson,10203,Nottingham Forest,ENG-Premier League,3.6,57.2,2.0,0.0,1.1,3.0,0.12,0.08,1.5,2.0,0.04,1.2,0.3,0.4,0.6,7.48,0.0,38.0,1.0,2.8,1.4,2340,26,Midfielder,0.7272727272727273,0.3,0.0629370629370629,0.9333333333333332,0.0789473684210526,80.23847536111687,64.05930783053424,78.38334542815674,61.87437366093027,71.5844137824303,True,False,England
210423,Florent Hanin,8121,Angers,FRA-Ligue 1,2.3,35.1,4.0,0.0,2.7,2.5,0.09,0.03,0.5,2.0,0.03,1.6,0.0,0.3,0.2,6.95,0.0,25.0,0.4,2.3,0.4,2677,33,Defender,0.8863636363636362,0.4102564102564103,0.0655270655270655,0.8,0.1,67.16758241758242,63.510989010989,75.39285714285714,84.53296703296704,71.38351134257006,False,False,France
950474,James Garner,8668,Everton,ENG-Premier League,1.7,41.2,9.0,0.0,2.4,4.0,0.16,0.07,0.9,3.0,0.08,1.5,0.4,0.3,0.4,7.45,0.0,34.0,1.5,3.1,0.6,2334,26,Midfielder,0.8363636363636363,0.3260869565217391,0.04126213592233,0.6666666666666666,0.1176470588235294,54.71682562720298,73.37779908770476,84.56201620706337,80.38692635980372,70.90197871677391,True,False,England
970578,Andrei Ratiu,8370,Rayo Vallecano,ESP-La Liga,1.0,35.3,6.0,0.0,2.7,2.6,0.13,0.09,0.7,2.0,0.0,1.4,0.4,0.1,0.3,7.2,0.0,21.0,1.0,2.2,1.7,1748,20,Defender,0.8372093023255814,0.3888888888888888,0.028328611898017,2.428571428571429,0.1238095238095238,61.97508466376391,76.74229386965236,74.64217032967032,73.02577925219435,70.77259782159535,True,False,Romania
1356312,Mateus Fernandes,8654,West Ham United,ENG-Premier League,2.8,39.1,2.0,0.0,1.3,1.9,0.09,0.05,1.3,3.0,0.14,1.2,0.2,0.5,0.6,7.27,0.0,26.0,0.8,3.1,0.9,1950,24,Midfielder,0.7678571428571429,0.2790697674418604,0.0716112531969309,0.6923076923076923,0.073076923076923,79.27808590780289,60.018133595963775,79.78335147556845,62.828633630520414,70.70109827879567,True,False,Portugal
759817,Miro Muheim,9790,Hamburger SV,GER-Bundesliga,3.0,32.6,5.0,0.0,2.2,3.5,0.17,0.05,1.3,4.0,0.0,1.1,0.3,0.1,0.3,7.34,0.0,37.0,1.0,2.2,0.8,1823,21,Midfielder,0.717391304347826,0.3333333333333333,0.0920245398773006,0.6153846153846154,0.0945945945945946,81.22051886792453,75.57193396226415,62.89504716981132,59.66981132075472,70.3549901689751,True,False,Switzerland
1285784,Bradley Locko,8521,Brest,FRA-Ligue 1,1.9,25.2,2.0,0.0,1.7,0.9,0.08,0.01,0.7,1.0,0.0,0.8,0.1,0.0,0.3,6.74,0.0,7.0,0.2,3.9,0.9,1017,15,Defender,0.8703703703703703,0.1702127659574468,0.0753968253968253,1.2857142857142858,0.1285714285714286,78.17511792452831,56.27948113207547,77.1432783018868,67.67393867924528,69.72955572044053,True,False,France
966026,Ian Maatsen,10252,Aston Villa,ENG-Premier League,1.9,38.0,3.0,0.0,3.9,1.7,0.15,0.07,0.9,0.0,0.0,0.7,0.3,0.0,0.3,6.88,0.0,17.0,1.3,2.7,1.4,1050,20,Defender,0.7906976744186046,0.2058823529411764,0.0499999999999999,1.5555555555555554,0.0999999999999999,68.19394913262838,69.33122537839519,70.88297826387449,70.8151263045131,69.66532499046968,True,False,Netherlands
1342754,Diego Moreira,9848,Strasbourg,FRA-Ligue 1,1.5,34.3,10.0,0.0,1.2,3.3,0.18,0.08,0.8,3.0,0.11,0.9,0.4,0.2,0.5,7.09,0.0,28.0,1.1,2.1,1.3,1660,21,Midfielder,0.7894736842105263,0.3,0.0437317784256559,1.625,0.1178571428571428,68.29364935379085,87.13548793973321,66.57975672126615,57.09015826940355,69.58420397243738,True,False,Belgium
239219,Mateo Kovacic,8456,Manchester City,ENG-Premier League,1.8,71.2,6.0,0.0,0.9,3.2,0.13,0.08,1.0,2.0,0.25,1.0,0.5,0.0,0.6,7.33,0.0,33.0,1.8,2.8,0.9,2202,31,Midfielder,0.7916666666666666,0.2631578947368421,0.0252808988764044,0.9,0.0969696969696969,61.332417582417584,70.58791208791209,83.58791208791209,65.46703296703296,69.53925126192524,False,False,Croatia
743533,Federico Valverde,8633,Real Madrid,ESP-La Liga,2.3,54.8,6.0,0.0,1.9,3.4,0.16,0.08,0.5,6.0,0.05,0.9,0.5,0.3,0.4,7.57,0.0,33.0,1.5,1.6,0.7,1906,23,Midfielder,0.8333333333333334,0.36,0.041970802919708,1.4,0.103030303030303,73.14328910083627,74.02477710968277,68.438886585113,60.16852840555671,69.389895690041,True,False,Uruguay
806669,David Raum,178475,RB Leipzig,GER-Bundesliga,3.0,49.6,13.0,0.0,3.9,7.4,0.36,0.1,1.1,4.0,0.15,1.2,0.2,0.2,0.3,7.6,0.0,65.0,0.9,2.0,0.6,1854,21,Defender,0.7441860465116278,0.3749999999999999,0.0604838709677419,0.5454545454545454,0.1138461538461538,68.15179003386551,89.65520250190063,61.304690199737365,60.21129224549035,69.34195299456519,True,False,Germany
837089,Edu Exposito,8558,Espanyol,ESP-La Liga,2.5,29.5,8.0,0.0,1.0,5.3,0.3,0.09,0.9,5.0,0.0,0.8,0.5,0.1,0.4,7.09,0.0,55.0,1.5,1.9,1.0,1582,23,Midfielder,0.75,0.2962962962962963,0.0847457627118644,1.1111111111111112,0.0963636363636363,83.4382472873039,78.71890766466238,61.10074555947197,51.732389073190966,69.13428107576605,True,False,Spain
1395964,Carlos Romero,8558,Espanyol,ESP-La Liga,1.2,21.7,5.0,0.0,1.8,2.4,0.11,0.09,1.5,2.0,0.18,1.2,0.3,0.4,0.5,7.22,0.0,15.0,0.9,3.1,1.2,1950,22,Defender,0.7413793103448276,0.2790697674418604,0.0552995391705069,0.7999999999999999,0.16,61.60022720989701,70.02774898057918,77.38566936208444,69.52566694311976,68.99004121316669,True,False,Spain
1287373,Jobe Bellingham,9789,Borussia Dortmund,GER-Bundesliga,2.4,46.7,1.0,0.0,1.5,0.7,0.07,0.07,0.9,1.0,0.0,2.6,0.3,0.4,0.7,6.74,0.0,4.0,1.1,2.1,0.6,921,20,Midfielder,0.8392857142857142,0.5531914893617021,0.0513918629550321,0.6666666666666666,0.175,66.96933962264151,52.9245283018868,87.6621462264151,74.41037735849058,68.9773936274949,True,False,England
722207,Rasmus Kristensen,9810,Eintracht Frankfurt,GER-Bundesliga,2.9,47.1,1.0,0.0,3.5,1.1,0.07,0.04,1.3,0.0,0.13,1.1,0.3,0.1,0.4,7.2,0.0,8.0,0.9,2.8,0.8,1425,19,Defender,0.75,0.2820512820512821,0.0615711252653927,0.6153846153846154,0.1375,72.60959637846429,63.62344495127513,70.10193344391458,69.17167737922455,68.96371722804275,True,False,Denmark
941573,Pedro Porro,8586,Tottenham Hotspur,ENG-Premier League,4.0,35.3,5.0,0.0,3.5,2.8,0.14,0.02,1.1,2.0,0.0,0.8,0.1,0.3,0.3,7.06,0.0,32.0,0.8,2.1,0.5,1824,23,Defender,0.7250000000000001,0.2758620689655172,0.113314447592068,0.4545454545454545,0.0875,74.11312979473358,71.344391457599,64.59136775174511,64.06843942221302,68.89392929856449,True,False,Spain
1338192,Pablo Barrios,9906,Atlético de Madrid,ESP-La Liga,2.4,50.2,3.0,0.0,0.7,2.0,0.12,0.1,0.7,1.0,0.06,1.3,0.3,0.1,0.6,7.24,0.0,20.0,1.2,1.7,1.8,1580,21,Midfielder,0.8108108108108107,0.4333333333333333,0.047808764940239,2.571428571428572,0.1,79.47009554910498,63.30013304305757,72.67697318404866,57.43565985900892,68.80148422202176,True,False,Spain
883087,Ridle Baku,178475,RB Leipzig,GER-Bundesliga,3.9,54.4,7.0,0.0,3.2,4.0,0.23,0.08,1.0,2.0,0.06,0.7,0.2,0.3,0.3,7.03,0.0,27.0,1.2,2.4,0.6,1556,20,Defender,0.7560975609756098,0.2258064516129032,0.0716911764705882,0.6,0.1481481481481481,73.98336961780358,83.25410360080171,59.12207132490151,58.30167081346327,68.6934383699733,True,False,Germany
439366,Abdoulaye Touré,9746,Le Havre,FRA-Ligue 1,3.0,33.3,2.0,0.0,1.5,1.1,0.04,0.36,1.2,1.0,0.39,1.3,0.6,0.7,0.6,7.14,0.0,7.0,1.8,2.4,0.7,2329,28,Midfielder,0.7551020408163265,0.3513513513513513,0.0900900900900901,0.5833333333333334,0.1571428571428571,77.01648351648352,50.84615384615385,80.27472527472528,69.17582417582418,68.65547999686336,False,False,Guinea
629594,Alfonso Pedraza,10205,Villarreal,ESP-La Liga,2.2,25.0,4.0,0.0,2.3,1.9,0.16,0.09,1.7,2.0,0.08,1.2,0.3,0.5,0.0,7.01,0.0,13.0,0.8,2.7,1.4,1079,18,Defender,0.6964285714285714,0.3076923076923076,0.088,0.8235294117647058,0.1461538461538461,83.15448113207546,77.22877358490567,51.26474056603773,63.62028301886792,68.56212858525173,True,False,Spain
422685,Bruno Fernandes,10260,Manchester United,ENG-Premier League,4.2,49.1,18.0,0.0,1.6,6.7,0.3,0.37,0.7,12.0,0.27,0.5,0.7,0.2,0.5,7.98,0.0,78.0,2.6,1.7,0.5,1987,23,Midfielder,0.7586206896551724,0.2272727272727272,0.0855397148676171,0.7142857142857143,0.0858974358974359,80.976717464925,79.90502971870897,65.23624213836477,46.78277697145622,68.51584421061165,True,False,Portugal
439369,Ryan Christie,8678,Bournemouth,ENG-Premier League,2.3,34.6,5.0,0.0,2.1,3.0,0.13,0.09,1.8,3.0,0.08,1.3,0.5,0.5,0.7,7.25,0.0,41.0,1.4,2.3,1.0,2131,29,Midfielder,0.6666666666666666,0.3611111111111111,0.0664739884393063,0.5555555555555556,0.073170731707317,74.6043956043956,63.55494505494506,71.64835164835164,62.44505494505494,68.4727583147354,False,False,Scotland
1116391,Hugo Bueno,8602,Wolverhampton Wanderers,ENG-Premier League,1.0,26.9,2.0,0.0,2.4,2.2,0.12,0.03,0.6,1.0,0.05,1.5,0.3,0.2,0.2,6.77,0.0,25.0,0.5,2.5,1.1,1670,24,Defender,0.8695652173913044,0.375,0.037174721189591,1.8333333333333333,0.088,60.99646226415094,61.10259433962265,76.87794811320754,81.04363207547169,68.43850779399006,True,False,Spain
823293,Aron Dønnum,9941,Toulouse,FRA-Ligue 1,3.2,28.2,6.0,0.0,0.6,4.9,0.26,0.23,1.2,3.0,0.16,1.1,0.6,0.1,0.5,7.41,0.0,43.0,1.5,1.7,1.1,1681,19,Midfielder,0.7,0.3928571428571429,0.1134751773049645,0.9166666666666669,0.113953488372093,89.13762181215013,85.08039601907525,58.55573553804686,42.47829411154883,68.39139499749965,True,False,Norway
797594,Azor Matusiwa,9851,Rennes,FRA-Ligue 1,2.3,41.9,2.0,0.0,2.1,1.6,0.07,0.05,1.3,3.0,0.04,1.5,0.1,0.4,0.6,7.13,0.0,17.0,0.5,2.8,0.7,2078,29,Midfielder,0.7678571428571429,0.3488372093023256,0.0548926014319809,0.5384615384615384,0.0941176470588235,67.42307692307693,49.61538461538462,85.86263736263736,78.46153846153845,68.37999755813743,False,False,Netherlands
670009,Dimitrios Giannoulis,8406,FC Augsburg,GER-Bundesliga,1.4,22.6,4.0,0.0,3.1,2.5,0.2,0.07,0.9,3.0,0.16,1.1,0.3,0.5,0.6,7.13,0.0,20.0,0.5,1.3,1.0,1149,17,Midfielder,0.7272727272727273,0.4583333333333333,0.0619469026548672,1.1111111111111112,0.125,71.68455836616214,81.6727399958532,60.74785748842353,58.94949979266017,68.33225168817737,True,False,Greece
23354,Ashley Young,8668,Everton,ENG-Premier League,3.0,26.1,6.0,0.0,2.7,2.9,0.14,0.01,1.4,3.0,0.05,1.2,0.1,0.2,0.2,6.8,0.0,26.0,0.3,2.8,0.3,1869,32,Defender,0.7407407407407407,0.3,0.1149425287356321,0.2142857142857143,0.1115384615384615,60.4010989010989,74.12087912087912,67.89835164835165,74.72527472527472,68.30569338109676,False,False,England
612747,Frédéric Guilbert,9888,Lecce,ITA-Serie A,1.8,27.6,2.0,0.0,3.6,2.1,0.08,0.01,1.2,1.0,0.0,1.7,0.0,0.3,0.2,6.85,0.0,19.0,0.4,2.4,0.7,2450,31,Defender,0.7735849056603773,0.4146341463414634,0.0652173913043478,0.5833333333333334,0.1105263157894737,66.48626373626374,57.340659340659336,71.33791208791209,83.61263736263736,68.26840119840581,False,False,France
674499,Niklas Dorsch,94937,1. FC Heidenheim 1846,GER-Bundesliga,2.9,33.7,5.0,0.0,1.5,1.8,0.11,0.03,1.0,0.0,0.0,0.9,0.2,0.2,0.2,6.76,0.0,15.0,0.8,2.8,0.6,1440,20,Midfielder,0.7872340425531915,0.2432432432432432,0.086053412462908,0.6,0.12,74.44343078305342,69.48997857488423,66.73727451793489,60.112114693482624,68.22019811144152,True,False,Germany
1092731,Joel Chima Fujita,8152,FC St. Pauli,GER-Bundesliga,1.4,32.9,5.0,0.0,0.7,3.3,0.17,0.03,1.4,3.0,0.0,1.2,0.2,0.1,0.7,7.01,0.0,24.0,1.1,2.2,1.3,1770,21,Midfielder,0.7083333333333333,0.3529411764705882,0.0425531914893617,0.9285714285714288,0.1374999999999999,65.35377358490565,83.40212264150944,73.2370283018868,51.606721698113205,68.17095993907519,True,False,Japan
1061249,Vitinha,9847,Paris Saint-Germain,FRA-Ligue 1,7.5,111.0,8.0,0.0,1.1,3.3,0.18,0.04,0.6,7.0,0.05,1.1,0.5,0.2,0.8,7.78,0.0,29.0,1.5,0.9,0.5,1649,21,Midfielder,0.7692307692307692,0.55,0.0675675675675675,0.8333333333333334,0.1137931034482758,83.12597622503284,81.75403448752506,62.54099281221923,44.85401980095376,68.1474787614898,True,False,Portugal
460632,Joshua Kimmich,9823,Bayern München,GER-Bundesliga,6.9,96.7,12.0,0.0,0.7,6.3,0.41,0.13,0.3,5.0,0.07,0.8,0.3,0.1,0.3,7.61,0.0,34.0,1.0,1.0,0.7,1377,18,Midfielder,0.8571428571428571,0.4444444444444445,0.0713547052740434,2.333333333333333,0.1852941176470588,83.13201499758104,94.3355795148248,55.94280876356348,42.35065052871656,67.90589172445974,True,False,Germany
1071186,Angelo Stiller,10269,VfB Stuttgart,GER-Bundesliga,2.4,67.5,6.0,0.0,1.4,4.9,0.26,0.11,0.6,5.0,0.05,1.0,0.2,0.2,0.7,7.32,0.0,36.0,0.4,1.4,0.5,1703,22,Midfielder,0.7999999999999999,0.4166666666666667,0.0355555555555555,0.8333333333333334,0.1361111111111111,65.36708652982237,90.3928225862188,66.1003438385514,51.90374680351095,67.8784469361789,True,False,Germany
820712,Koffi Kouao,8550,Metz,FRA-Ligue 1,2.6,36.3,1.0,0.0,2.6,1.1,0.06,0.08,1.4,1.0,0.06,1.1,0.4,0.5,0.4,6.94,0.0,9.0,0.9,2.9,1.1,1621,19,Defender,0.7407407407407407,0.275,0.071625344352617,0.7857142857142858,0.1222222222222222,82.04009433962264,49.33372641509434,73.96521226415094,68.1751179245283,67.8384446443214,True,False,Ivory Coast
1020963,Nicolo Rovella,8543,Lazio,ITA-Serie A,3.5,60.9,6.0,0.0,1.4,2.1,0.07,0.05,1.4,3.0,0.0,1.6,0.3,0.1,0.3,7.15,0.0,31.0,0.9,2.8,0.6,2728,33,Midfielder,0.7586206896551724,0.3636363636363636,0.057471264367816,0.4285714285714286,0.0677419354838709,69.07142857142857,54.34065934065935,76.58791208791209,74.23076923076923,67.72166189020028,False,False,Italy
866708,Oumar Solet,8600,Udinese,ITA-Serie A,4.8,52.5,2.0,0.0,4.0,1.6,0.07,0.1,1.0,1.0,0.13,1.5,0.2,0.5,0.2,7.15,0.0,14.0,1.1,2.1,0.9,2141,25,Defender,0.782608695652174,0.4166666666666666,0.0914285714285714,0.9,0.1142857142857143,90.68805290621329,47.980216324555954,62.37994159928122,74.4392321514963,67.70990299441527,True,False,France
654096,Declan Rice,9825,Arsenal,ENG-Premier League,2.5,55.8,13.0,0.0,2.3,5.6,0.22,0.11,0.7,4.0,0.16,1.1,0.5,0.4,0.4,7.66,0.0,51.0,1.4,1.9,0.4,2239,26,Midfielder,0.8108108108108107,0.3666666666666667,0.0448028673835125,0.5714285714285715,0.1098039215686274,57.860201119635086,83.76553320892944,70.27661725067385,62.22348209966134,67.604233855555,True,False,England
771401,Anthony Caci,9905,1. FSV Mainz 05,GER-Bundesliga,1.5,31.5,6.0,0.0,1.4,7.9,0.26,0.1,1.2,7.0,0.03,0.9,0.4,0.3,0.5,7.25,0.0,50.0,1.1,2.0,1.0,2703,33,Midfielder,0.7073170731707318,0.3103448275862069,0.0476190476190476,0.8333333333333334,0.158,66.58791208791209,90.27472527472528,63.1978021978022,51.414835164835175,67.34468819639848,False,False,France
933845,Rayan Ait Nouri,8602,Wolverhampton Wanderers,ENG-Premier League,0.6,34.4,8.0,0.0,1.9,4.0,0.12,0.08,0.9,7.0,0.12,0.7,0.4,0.2,0.6,7.14,0.0,46.0,1.0,2.6,1.8,3127,37,Defender,0.7857142857142856,0.2121212121212121,0.0174418604651162,2.0,0.0869565217391304,59.00274725274725,69.96703296703296,78.25,64.56043956043956,67.27433549746358,False,False,Algeria
1078788,Neco Williams,10203,Nottingham Forest,ENG-Premier League,1.3,32.0,4.0,0.0,2.3,2.9,0.12,0.06,0.9,1.0,0.04,1.0,0.5,0.5,0.3,7.05,0.0,25.0,1.2,2.9,0.9,2205,25,Defender,0.8125,0.2564102564102564,0.040625,1.0,0.1159999999999999,58.355043541364296,63.65504699702813,75.96362481857766,76.41585026608612,67.23104163791437,True,False,Wales
210126,Dennis Appiah,9853,St Etienne,FRA-Ligue 1,1.4,29.9,4.0,0.0,3.1,2.2,0.09,0.01,1.6,1.0,0.0,1.2,0.1,0.3,0.3,6.59,0.0,13.0,0.2,3.0,0.8,2124,29,Defender,0.7241379310344827,0.2857142857142857,0.0468227424749163,0.5,0.1692307692307692,57.93956043956044,69.13186813186813,71.13186813186813,75.35714285714285,67.18202195334457,False,False,France
921341,Alexis Saelemaekers,8564,Milan,ITA-Serie A,0.9,36.9,4.0,0.0,0.9,3.3,0.16,0.1,0.7,3.0,0.1,0.9,0.3,0.1,0.7,7.51,0.0,30.0,1.4,2.4,1.8,1874,23,Midfielder,0.825,0.2727272727272727,0.024390243902439,2.571428571428572,0.11,62.15900805169673,74.01088534107402,77.62488337134563,55.331916511161786,67.06107410991862,True,False,Belgium
1296763,Lewis Miley,10261,Newcastle United,ENG-Premier League,1.2,48.0,2.0,0.0,1.8,2.0,0.16,0.11,0.3,3.0,0.08,1.4,0.3,0.2,0.2,7.18,0.0,14.0,1.0,1.9,0.9,1133,19,Midfielder,0.9166666666666669,0.4242424242424242,0.0249999999999999,3.0,0.1428571428571428,58.21344339622642,72.66509433962264,69.31308962264151,71.25589622641509,66.92778051484979,True,False,England
673356,Pablo Maffeo,8661,Mallorca,ESP-La Liga,1.4,22.0,0.0,0.0,3.4,0.8,0.04,0.01,0.9,0.0,0.06,1.2,0.1,0.8,0.2,6.97,0.0,8.0,0.2,2.4,1.4,1626,19,Defender,0.7999999999999999,0.3333333333333333,0.0636363636363636,1.5555555555555554,0.1,77.24041917202294,49.051161103047896,68.78032776971456,75.52973166770336,66.6814996223149,True,False,Argentina
1033111,Kaishu Sano,9905,1. FSV Mainz 05,GER-Bundesliga,1.5,29.7,2.0,0.0,1.6,1.8,0.08,0.04,0.3,1.0,0.05,2.3,0.1,0.3,0.3,7.29,0.0,15.0,0.6,1.5,0.9,1979,22,Midfielder,0.926829268292683,0.6052631578947368,0.0505050505050505,3.0,0.12,69.47040223927017,56.86971283433547,71.3877254820651,69.90924562858525,66.61515032269817,True,False,Japan
1395447,Nathaniel Brown,9810,Eintracht Frankfurt,GER-Bundesliga,1.1,30.0,6.0,0.0,1.4,2.1,0.12,0.12,0.9,4.0,0.17,1.0,0.4,0.1,0.4,7.13,0.0,20.0,0.7,2.9,0.6,1622,21,Midfielder,0.8125,0.2564102564102564,0.0366666666666666,0.6666666666666666,0.105,50.5266906835303,76.26218121501141,79.54019368995785,68.18655401202571,66.6070150688906,True,False,Germany
556027,Maximilian Wittek,9911,VfL Bochum 1848,GER-Bundesliga,2.0,26.6,8.0,0.0,2.6,6.1,0.21,0.05,1.1,0.0,0.0,0.9,0.2,0.3,0.3,6.7,0.0,45.0,1.4,2.1,0.4,2641,32,Defender,0.7317073170731708,0.3,0.075187969924812,0.3636363636363636,0.1355555555555555,59.26373626373626,87.521978021978,60.98351648351648,62.04670329670329,66.40684503593354,False,False,Germany
1310270,Kamory Doumbia,8521,Brest,FRA-Ligue 1,1.6,27.4,7.0,0.0,0.3,1.9,0.14,0.26,1.7,2.0,0.37,0.7,0.7,0.0,1.4,7.12,0.0,15.0,2.2,3.0,0.7,1206,16,Midfielder,0.6851851851851851,0.1891891891891891,0.0583941605839416,0.4117647058823529,0.1266666666666666,64.28713542746561,70.29145932683669,78.54890196281706,52.26311424424633,66.311209416099,True,False,Mali
638090,Luis Milla,8305,Getafe,ESP-La Liga,2.5,32.8,11.0,0.0,1.4,4.1,0.18,0.03,0.8,8.0,0.0,1.0,0.0,0.3,0.7,7.41,0.0,52.0,0.8,1.7,0.7,2025,23,Midfielder,0.7714285714285715,0.3703703703703703,0.0762195121951219,0.8749999999999999,0.0788461538461538,76.6695737438662,71.84218847190546,64.95099436726795,49.17496025986592,66.21815217916784,True,False,Spain
970243,Mats Wieffer,10204,Brighton and Hove Albion,ENG-Premier League,2.1,37.5,4.0,0.0,3.9,1.5,0.11,0.09,1.5,3.0,0.0,1.4,0.2,0.2,0.7,7.08,0.0,17.0,0.8,3.6,0.5,1182,16,Defender,0.7692307692307693,0.2799999999999999,0.056,0.3333333333333333,0.088235294117647,54.33151479024121,54.27494125371484,86.21017779390422,81.92458877600387,66.18169316678335,True,False,Netherlands
1077894,Jude Bellingham,8633,Real Madrid,ESP-La Liga,3.0,51.4,3.0,0.0,0.8,1.7,0.12,0.37,1.9,3.0,0.28,0.8,1.3,0.1,1.1,7.75,0.0,30.0,2.5,2.9,1.6,1291,18,Midfielder,0.6607142857142858,0.2162162162162162,0.0583657587548638,0.8421052631578948,0.0566666666666666,83.01253974013407,63.0689404934688,69.42409634390766,46.6934912571705,66.05806111582093,True,False,England
279461,Kenny Lala,8521,Brest,FRA-Ligue 1,4.6,31.0,5.0,0.0,2.6,3.0,0.14,0.01,0.5,1.0,0.0,0.8,0.0,0.4,0.1,6.55,0.0,17.0,0.4,1.3,0.3,1869,21,Defender,0.8076923076923077,0.3809523809523809,0.1483870967741935,0.6,0.1764705882352941,74.80124749464373,82.33854274656163,51.66455439214874,56.35973892459742,66.00326400583108,True,False,France
434325,Thomas Partey,9825,Arsenal,ENG-Premier League,1.9,52.4,3.0,0.0,1.4,2.6,0.08,0.07,1.4,2.0,0.13,1.1,0.3,0.3,0.4,7.38,0.0,20.0,0.8,2.9,0.8,2799,35,Midfielder,0.7407407407407407,0.275,0.0362595419847328,0.5714285714285715,0.13,60.085164835164825,64.72527472527473,74.80494505494504,66.29120879120879,65.94356430444243,False,False,Ghana
604089,Ainsley Maitland-Niles,9748,Lyon,FRA-Ligue 1,1.7,35.7,3.0,0.0,2.5,2.4,0.12,0.12,1.6,3.0,0.05,1.2,0.3,0.1,0.4,6.96,0.0,15.0,0.6,2.2,0.5,1738,21,Defender,0.68,0.3529411764705882,0.0476190476190476,0.3125,0.16,56.25869531411985,74.94416511161795,68.30193862741032,67.13380762319441,65.72610055802639,True,False,England
660326,Matthieu Udol,8588,Lens,FRA-Ligue 1,1.5,31.9,17.0,0.0,2.1,5.8,0.27,0.09,1.0,6.0,0.0,1.5,0.3,0.4,0.5,7.35,0.0,34.0,1.0,1.5,0.5,1968,22,Defender,0.75,0.5,0.0470219435736677,0.5,0.1705882352941176,52.52358490566038,94.64622641509432,64.90860849056602,59.16863207547169,65.70917498338558,True,False,France
1372921,Andrey Santos,9848,Strasbourg,FRA-Ligue 1,1.6,44.1,9.0,0.0,2.0,2.0,0.06,0.16,0.9,3.0,0.32,1.0,0.5,0.4,0.5,7.75,0.0,27.0,1.4,3.5,0.6,2857,32,Midfielder,0.8333333333333333,0.2222222222222222,0.0362811791383219,0.6666666666666666,0.074074074074074,55.0357142857143,54.76373626373626,85.5412087912088,76.51098901098901,65.55491501505625,False,False,Brazil
807729,Reece James,8455,Chelsea,ENG-Premier League,2.9,53.4,6.0,0.0,1.9,2.3,0.13,0.05,1.4,4.0,0.12,1.6,0.4,0.4,0.4,7.25,0.0,21.0,0.9,2.3,0.5,1537,23,Defender,0.7358490566037736,0.4102564102564103,0.0543071161048689,0.3571428571428571,0.1095238095238095,66.15712039532794,69.30091056742,64.53275969313705,61.31490168636395,65.51126415610617,True,False,England
1235086,Kristoffer Lund Hansen,8722,1. FC Köln,GER-Bundesliga,1.5,25.0,3.0,0.0,4.7,1.5,0.1,0.03,0.5,1.0,0.0,1.4,0.1,0.3,0.3,6.67,0.0,13.0,0.9,1.4,0.5,1347,21,Midfielder,0.8484848484848485,0.5,0.06,1.0,0.1153846153846153,62.874410377358494,63.68514150943397,63.76768867924528,73.4375,65.2958309280263,True,False,USA
1098243,Yanis Zouaoui,9746,Le Havre,FRA-Ligue 1,2.5,28.5,3.0,0.0,2.0,1.4,0.08,0.03,0.7,1.0,0.0,1.0,0.2,0.3,0.4,6.74,0.0,24.0,0.7,1.5,0.8,1640,20,Defender,0.78125,0.4,0.087719298245614,1.142857142857143,0.0583333333333333,82.83177828460846,60.64896502868201,58.909720782362285,56.63537131107885,65.21225762225241,True,False,France
614449,Nadiem Amiri,9905,1. FSV Mainz 05,GER-Bundesliga,2.9,40.0,11.0,0.0,0.5,5.0,0.29,0.4,1.0,2.0,0.52,0.9,0.8,0.2,0.7,7.59,0.0,43.0,2.1,1.5,1.0,1561,19,Midfielder,0.7058823529411765,0.375,0.0725,1.0,0.1162790697674418,84.97853168843734,89.66286543645033,56.233201154191725,34.09094443292557,64.7100787933377,True,False,Germany
298823,Mitchell Weiser,8697,SV Werder Bremen,GER-Bundesliga,1.1,28.3,10.0,0.0,1.7,5.4,0.17,0.17,0.9,8.0,0.16,0.7,0.5,0.1,0.4,7.24,0.0,42.0,1.3,1.9,1.1,2870,32,Midfielder,0.7428571428571429,0.2692307692307693,0.03886925795053,1.2222222222222223,0.1285714285714286,62.79395604395605,85.24175824175825,60.513736263736256,52.12912087912088,64.7020476838981,False,False,Germany
1137668,Moisés Caicedo,8455,Chelsea,ENG-Premier League,1.9,56.9,3.0,0.0,1.0,1.8,0.09,0.05,1.8,1.0,0.15,2.3,0.4,0.6,0.3,7.37,0.0,12.0,0.9,3.2,0.5,1776,21,Midfielder,0.7534246575342466,0.4181818181818181,0.0333919156414762,0.2777777777777778,0.15,52.2167176377082,65.73161586840833,78.40236453797775,68.30873332642201,64.60468068762124,True,False,Ecuador
624166,Manuel Locatelli,9885,Juventus,ITA-Serie A,5.6,76.2,3.0,0.0,2.2,2.6,0.12,0.06,1.4,1.0,0.05,1.4,0.4,0.6,0.6,7.51,0.0,29.0,1.2,3.0,0.2,1924,24,Midfielder,0.7586206896551724,0.3181818181818181,0.0734908136482939,0.1428571428571428,0.0896551724137931,57.64125889833437,64.24924839311632,72.81542867509849,66.3683132904831,64.58550486789184,True,False,Italy
775539,Noussair Mazraoui,10260,Manchester United,ENG-Premier League,1.6,43.2,2.0,0.0,2.6,1.9,0.06,0.02,1.2,1.0,0.0,1.1,0.1,0.3,0.3,6.99,0.0,20.0,0.4,3.6,0.8,2848,37,Defender,0.7966101694915254,0.2340425531914893,0.037037037037037,0.6666666666666667,0.095,59.18956043956043,49.4010989010989,78.47802197802197,79.80769230769232,64.44714004255907,False,False,Morocco
1024672,Nicolas Seiwald,178475,RB Leipzig,GER-Bundesliga,2.2,45.2,2.0,0.0,2.4,1.3,0.06,0.05,0.6,2.0,0.0,2.1,0.1,0.3,0.4,7.2,0.0,10.0,0.5,1.9,0.3,1855,22,Midfielder,0.8695652173913044,0.525,0.0486725663716814,0.5,0.13,49.94642857142858,62.04651323519247,78.9445322759002,76.58986453797775,64.4014211875232,True,False,Austria
1015185,Eduardo Camavinga,8633,Real Madrid,ESP-La Liga,2.9,59.3,1.0,0.0,1.3,1.3,0.12,0.1,2.0,0.0,0.09,0.8,0.2,0.5,0.5,7.29,0.0,10.0,0.9,4.0,1.1,988,18,Midfielder,0.7058823529411765,0.1666666666666666,0.0489038785834738,0.55,0.13,73.32956234017554,51.00784435690096,73.8636092680904,59.57119531411985,64.35878914368767,True,False,France
571379,Marnon-Thomas Busch,94937,1. FC Heidenheim 1846,GER-Bundesliga,3.4,26.9,6.0,0.0,4.5,2.4,0.17,0.04,0.7,2.0,0.0,1.3,0.1,0.6,0.2,6.63,0.0,12.0,0.4,1.6,0.1,1216,20,Defender,0.8055555555555556,0.4482758620689654,0.1263940520446096,0.1428571428571428,0.1999999999999999,56.31229266017002,75.93932718225172,59.31406800746424,70.71260107816711,64.34079743850711,True,False,Germany
1194892,Arnau Martinez,7732,Girona,ESP-La Liga,2.6,40.5,3.0,0.0,5.1,0.9,0.05,0.04,1.0,1.0,0.06,1.6,0.1,0.5,0.1,7.03,0.0,8.0,0.5,2.6,0.5,1535,21,Defender,0.8076923076923077,0.3809523809523809,0.0641975308641975,0.5,0.1125,63.410269368995785,51.733551040154815,66.98571946921004,80.9270034211072,64.15126141345857,True,False,Spain
881735,Anton Stach,8463,Leeds United,ENG-Premier League,1.8,30.1,7.0,0.0,2.0,3.3,0.18,0.12,1.4,3.0,0.16,0.7,0.5,0.4,0.8,7.3,0.0,44.0,2.0,2.4,0.8,1699,21,Midfielder,0.6888888888888888,0.2258064516129032,0.0598006644518272,0.5714285714285715,0.075,66.55070754716981,72.56485849056604,67.66804245283018,48.58490566037736,64.12443732782853,True,False,Germany
992060,Tom Krauss,8722,1. FC Köln,GER-Bundesliga,1.9,38.3,2.0,0.0,2.8,1.0,0.07,0.03,1.3,1.0,0.0,1.6,0.1,0.4,0.5,7.04,0.0,9.0,0.6,3.3,0.4,1209,18,Midfielder,0.7903225806451614,0.3265306122448979,0.0496083550913838,0.3076923076923077,0.1111111111111111,49.02712264150944,52.93632075471698,87.48820754716981,82.6061320754717,64.11493364795137,True,False,Germany
952095,Oscar Mingueza,9910,Celta de Vigo,ESP-La Liga,2.1,48.5,4.0,0.0,1.6,3.2,0.23,0.04,0.6,2.0,0.07,0.3,0.3,0.4,0.2,6.92,0.0,19.0,0.9,2.3,0.6,1259,21,Midfielder,0.8125,0.1153846153846153,0.0432989690721649,1.0,0.1684210526315789,70.8444908079342,87.9623073467413,53.11911673232428,46.91441616559541,64.08257472430614,True,False,Spain
1211437,Victor Kristiansen,8197,Leicester City,ENG-Premier League,1.5,30.4,5.0,0.0,2.4,1.7,0.06,0.0,0.7,1.0,0.0,1.5,0.0,0.5,0.3,6.42,0.0,18.0,0.1,3.1,0.3,2489,30,Defender,0.8679245283018867,0.3260869565217391,0.0493421052631578,0.4285714285714286,0.0944444444444444,48.0412087912088,54.175824175824175,83.73351648351648,86.41483516483515,63.9702507994281,False,False,Denmark
1327150,Arijon Ibrahimovic,94937,1. FC Heidenheim 1846,GER-Bundesliga,1.8,25.3,6.0,0.0,1.0,4.0,0.22,0.23,0.5,2.0,0.0,0.8,0.8,0.2,0.5,6.88,0.0,41.0,2.0,1.3,0.8,1602,22,Midfielder,0.8076923076923077,0.3809523809523809,0.0711462450592885,1.6,0.0975609756097561,76.03183962264151,79.19811320754717,59.0064858490566,41.80424528301887,63.96558462224488,True,False,Germany
343748,Leon Goretzka,9823,Bayern München,GER-Bundesliga,2.5,71.2,2.0,0.0,2.0,2.7,0.2,0.09,0.7,0.0,0.15,1.3,0.3,0.4,0.4,7.13,0.0,11.0,1.0,1.4,0.5,1202,19,Midfielder,0.7941176470588235,0.4814814814814814,0.0351123595505617,0.7142857142857143,0.2454545454545454,56.98564171677379,75.69913262837791,65.14901254405972,60.068573329186535,63.93060018536367,True,False,Germany
966019,Felix Nmecha,9789,Borussia Dortmund,GER-Bundesliga,1.7,38.0,2.0,0.0,1.0,3.5,0.19,0.09,1.0,3.0,0.11,1.1,0.3,0.2,0.4,7.39,0.0,17.0,1.3,1.5,1.5,1674,22,Midfielder,0.7222222222222222,0.4230769230769231,0.0447368421052631,1.5,0.2058823529411764,76.10011922040225,66.84935033519939,60.34299623332642,49.98015153085908,63.91549110381873,True,False,Germany
759097,Joakim Mæhle,8721,VfL Wolfsburg,GER-Bundesliga,1.3,33.6,2.0,0.0,2.0,3.1,0.13,0.08,0.4,4.0,0.12,1.0,0.3,0.1,0.3,6.97,0.0,20.0,0.7,1.4,0.8,2190,28,Defender,0.8571428571428572,0.4166666666666667,0.0386904761904761,2.0,0.155,62.989010989010985,71.35714285714286,60.17307692307693,61.01648351648351,63.837929061969945,False,False,Denmark
1429912,Michael Kayode,9937,Brentford,ENG-Premier League,0.9,27.1,3.0,0.0,2.9,2.3,0.09,0.01,0.7,0.0,0.0,1.1,0.0,0.4,0.2,7.1,0.0,25.0,0.2,2.0,1.4,2274,26,Defender,0.8157894736842106,0.3548387096774194,0.033210332103321,2.0,0.092,60.020636792452834,61.92806603773585,65.38620283018868,70.2682783018868,63.780137458390286,True,False,Italy
1002058,Nico Schlotterbeck,9789,Borussia Dortmund,GER-Bundesliga,7.2,60.9,1.0,0.0,4.6,1.7,0.1,0.15,1.0,1.0,0.18,0.8,0.4,0.4,0.1,7.61,0.0,7.0,1.4,2.1,0.5,1530,17,Defender,0.7435897435897436,0.2758620689655172,0.1182266009852216,0.5,0.2428571428571428,78.27477710968277,63.39999308867234,49.4610244315433,64.25152481166633,63.6430990435254,True,False,Germany
955529,Matheus Nunes,8456,Manchester City,ENG-Premier League,1.8,60.7,4.0,0.0,3.4,1.4,0.07,0.01,0.5,4.0,0.05,1.2,0.0,0.2,0.2,7.46,0.0,14.0,0.2,2.1,0.8,1907,23,Defender,0.868421052631579,0.3636363636363636,0.029654036243822,1.6,0.0999999999999999,60.87045580205957,65.7889798880365,62.78175755062548,66.07514341004908,63.580837534111154,True,False,Portugal
474673,Johan Mojica,8661,Mallorca,ESP-La Liga,2.5,31.1,4.0,0.0,3.0,2.2,0.11,0.02,1.0,3.0,0.0,0.6,0.1,0.1,0.3,6.88,0.0,21.0,0.6,2.0,0.6,1847,24,Defender,0.7222222222222222,0.2307692307692307,0.0803858520900321,0.6,0.1047619047619047,79.06397297670883,72.49822897228557,50.39041226069528,51.5724998272168,63.4667199644641,True,False,Colombia
465960,Youri Tielemans,10252,Aston Villa,ENG-Premier League,2.8,47.5,4.0,0.0,0.9,2.6,0.18,0.07,1.5,4.0,0.0,0.7,0.3,0.7,0.3,7.26,0.0,26.0,1.2,2.6,0.6,1299,17,Midfielder,0.6875,0.2121212121212121,0.0589473684210526,0.3999999999999999,0.1,68.69366835994194,76.71934826180109,60.77072534383854,46.68066210519041,63.39459700227636,True,False,Belgium
629805,Ritsu Doan,9810,Eintracht Frankfurt,GER-Bundesliga,0.9,25.2,10.0,0.0,0.6,4.1,0.2,0.12,0.8,5.0,0.2,0.7,0.5,0.0,0.7,7.11,0.0,29.0,1.5,1.7,1.4,1817,22,Midfielder,0.7499999999999999,0.2916666666666667,0.0357142857142857,1.7499999999999998,0.1413793103448275,63.50017278319166,89.18197525744695,63.99859613656783,40.73841056742,63.378969256564766,True,False,Japan
844477,Sergio Gomez,8560,Real Sociedad,ESP-La Liga,1.8,42.9,6.0,0.0,2.2,3.0,0.17,0.05,1.8,1.0,0.0,1.1,0.0,0.2,0.3,7.07,0.0,24.0,0.4,3.8,0.4,1615,22,Defender,0.7313432835820896,0.2244897959183673,0.0419580419580419,0.2222222222222222,0.125,47.05798603911811,85.18159513442534,69.6552543368581,60.42524103255236,63.29342422249941,True,False,Spain
727897,David Hancko,9906,Atlético de Madrid,ESP-La Liga,2.5,45.3,4.0,0.0,3.1,2.0,0.1,0.04,0.5,2.0,0.0,0.7,0.1,0.3,0.2,6.99,0.0,12.0,0.7,1.9,0.3,1849,23,Defender,0.8387096774193549,0.2692307692307693,0.0551876379690949,0.6,0.1666666666666666,59.89386792452829,72.48820754716981,59.58726415094339,62.05778301886792,63.18720730415221,True,False,Slovakia
867789,Emanuele Valeri,10167,Parma,ITA-Serie A,1.8,20.4,3.0,0.0,1.4,2.6,0.15,0.02,0.6,1.0,0.0,0.9,0.2,0.1,0.3,6.75,0.0,31.0,0.9,1.8,0.6,1582,21,Defender,0.8181818181818181,0.3333333333333333,0.088235294117647,1.0,0.0838709677419354,66.2896191858456,67.85689232151496,60.56291467965996,56.1543213076232,63.06094539748079,True,False,Italy
705450,Jules Koundé,8634,Barcelona,ESP-La Liga,1.1,64.7,3.0,0.0,2.4,2.1,0.11,0.06,0.9,2.0,0.05,1.1,0.2,0.5,0.2,7.19,0.0,15.0,0.5,2.0,0.8,1723,23,Defender,0.775,0.3548387096774194,0.017001545595054,0.888888888888889,0.14,54.10374766742692,72.55014168221716,65.37464579445712,63.65153517865782,63.05824573918772,True,False,France
207236,Granit Xhaka,8472,Sunderland,ENG-Premier League,4.6,43.6,7.0,0.0,3.0,2.2,0.1,0.03,0.7,5.0,0.05,0.9,0.2,0.7,0.3,7.39,0.0,25.0,0.5,1.6,0.3,1963,22,Midfielder,0.78125,0.36,0.1055045871559633,0.4285714285714286,0.088,69.09492924528303,66.69811320754717,57.25235849056604,57.59139150943396,63.00602772322206,True,False,Switzerland
245315,Jeffrey Gouweleeuw,8406,FC Augsburg,GER-Bundesliga,4.2,42.7,4.0,0.0,5.6,3.0,0.09,0.05,0.7,4.0,0.03,1.1,0.2,0.5,0.1,7.03,0.0,14.0,0.6,1.5,0.2,2945,33,Defender,0.787878787878788,0.4230769230769231,0.0983606557377049,0.2857142857142857,0.2142857142857142,61.46703296703297,71.20879120879121,51.71703296703296,71.60714285714286,62.96884796863842,False,False,Netherlands
683450,Pablo Fornals,8603,Real Betis,ESP-La Liga,3.2,45.4,6.0,0.0,0.8,4.1,0.19,0.15,0.9,4.0,0.28,1.2,0.7,0.1,0.9,7.46,0.0,51.0,1.6,1.3,0.8,1948,24,Midfielder,0.7352941176470589,0.48,0.0704845814977973,0.888888888888889,0.080392156862745,73.69816504250467,70.39947473909739,62.65001900615108,43.15281809385584,62.85813501015577,True,False,Spain
957203,Éderson,8524,Atalanta,ITA-Serie A,3.2,49.2,2.0,0.0,1.7,1.2,0.07,0.17,1.4,0.0,0.06,1.1,0.3,0.4,0.4,7.04,0.0,18.0,1.4,2.4,0.5,1587,21,Midfielder,0.7142857142857142,0.3142857142857143,0.065040650406504,0.3571428571428571,0.0666666666666666,69.61419241136223,57.94514133665077,66.10458134632664,55.96492933167463,62.83544211098993,True,False,Brazil
288406,Alejandro Grimaldo,8178,Bayer 04 Leverkusen,GER-Bundesliga,2.1,60.0,8.0,0.0,1.9,3.7,0.23,0.25,0.5,5.0,0.31,0.7,0.8,0.2,0.4,7.65,0.0,33.0,1.9,1.6,1.0,1444,17,Midfielder,0.8214285714285714,0.3043478260869565,0.035,2.0,0.1121212121212121,66.54863414887,85.90333644343077,56.37523325730873,44.55761023567627,62.80593970152304,True,False,Spain
1191093,Lorenzo Bernasconi,8524,Atalanta,ITA-Serie A,1.6,33.1,3.0,0.0,2.5,2.4,0.22,0.03,0.6,2.0,0.0,0.8,0.1,0.3,0.0,7.13,0.0,16.0,0.6,2.1,0.5,1005,15,Midfielder,0.8285714285714285,0.2758620689655172,0.0483383685800604,0.8333333333333334,0.15,58.378537735849065,80.02948113207546,53.00412735849056,63.752948113207545,62.75754422277755,True,False,Italy
1342757,Joao Neves,9847,Paris Saint-Germain,FRA-Ligue 1,2.3,64.0,2.0,0.0,0.2,1.4,0.13,0.22,1.1,1.0,0.46,0.5,0.6,0.5,0.7,7.49,0.0,9.0,1.9,2.0,0.6,977,13,Midfielder,0.6944444444444444,0.2,0.0359375,0.5454545454545454,0.1555555555555555,63.9952873384477,72.19406144170294,69.8063618771166,44.76546841523257,62.75266068231331,True,False,Portugal
847357,Mehdi Leris,6479,Pisa,ITA-Serie A,1.5,19.6,5.0,0.0,2.3,1.6,0.13,0.12,1.3,3.0,0.08,0.9,0.5,0.6,0.5,6.79,0.0,20.0,1.7,3.0,0.4,1069,23,Midfielder,0.75,0.2307692307692307,0.0765306122448979,0.3076923076923077,0.08,52.27299528301887,64.29245283018868,75.39799528301886,63.56132075471699,62.73382193441757,True,False,Algeria
208494,Casemiro,10260,Manchester United,ENG-Premier League,2.6,44.4,3.0,0.0,2.3,2.4,0.13,0.21,1.7,2.0,0.26,1.0,0.6,0.7,0.3,7.23,0.0,23.0,1.9,3.0,0.3,1735,24,Midfielder,0.7017543859649122,0.25,0.0585585585585585,0.1764705882352941,0.1043478260869565,50.87103462575161,66.92423457046098,72.2665958255581,66.38138001935171,62.73077876196136,True,False,Brazil
402419,Przemyslaw Frankowski,9851,Rennes,FRA-Ligue 1,1.8,36.3,2.0,0.0,2.7,2.4,0.19,0.04,0.9,2.0,0.08,0.6,0.2,0.1,0.6,7.23,0.0,23.0,0.7,3.2,0.3,1111,16,Midfielder,0.8085106382978724,0.1578947368421052,0.0495867768595041,0.3333333333333333,0.1043478260869565,44.66795390144447,75.6283606330776,76.08586028751124,64.65246820789274,62.67769260726795,True,False,Poland
659272,Julian Ryerson,9789,Borussia Dortmund,GER-Bundesliga,1.3,31.5,14.0,0.0,1.6,5.0,0.34,0.04,0.9,11.0,0.0,0.7,0.0,0.1,0.7,7.28,0.0,32.0,0.5,1.8,0.9,1334,20,Midfielder,0.7352941176470589,0.2799999999999999,0.0412698412698412,1.0,0.15625,61.06590814845532,90.87787684014098,58.24631107885824,44.54020232911742,62.57800772239078,True,False,Norway
650616,Mathias Jensen,9937,Brentford,ENG-Premier League,2.8,33.7,6.0,0.0,1.3,3.3,0.25,0.14,0.9,1.0,0.15,0.4,0.3,0.1,0.5,6.66,0.0,17.0,1.3,1.7,1.0,1206,24,Midfielder,0.7000000000000001,0.1904761904761904,0.0830860534124628,1.1111111111111112,0.1941176470588235,86.31191037735849,88.31957547169812,51.385613207547166,32.060731132075475,62.55190380479165,True,False,Denmark
1173787,Xavi Simons,8586,Tottenham Hotspur,ENG-Premier League,1.8,34.6,6.0,0.0,0.5,3.3,0.21,0.13,1.0,4.0,0.07,0.8,0.5,0.1,1.2,7.01,0.0,26.0,2.0,1.9,1.4,1378,20,Midfielder,0.7297297297297297,0.2962962962962963,0.0520231213872832,1.4,0.1269230769230769,73.58998980579169,85.53957599004768,60.63267157370931,34.20698994401825,62.457851995110445,True,False,Netherlands
307317,Vladimir Coufal,8226,TSG 1899 Hoffenheim,GER-Bundesliga,1.9,31.2,10.0,0.0,3.4,5.0,0.23,0.03,0.9,6.0,0.05,1.1,0.2,0.5,0.4,7.49,0.0,31.0,0.7,1.7,0.9,1967,22,Defender,0.7567567567567568,0.3928571428571429,0.0608974358974358,1.0,0.1612903225806451,59.539990669707656,78.44858836132421,56.6428312253784,56.948886412329806,62.441337544145945,True,False,Czechia
1177358,Adrien Truffert,8678,Bournemouth,ENG-Premier League,1.1,33.6,2.0,0.0,4.0,1.7,0.07,0.01,1.1,2.0,0.0,1.3,0.0,0.3,0.2,6.96,0.0,18.0,0.4,2.9,0.9,2300,26,Defender,0.7924528301886792,0.3095238095238095,0.0327380952380952,0.8181818181818181,0.0944444444444444,50.16220454074227,60.3317178104914,72.06148921832884,75.61886619669639,62.43113747512977,True,False,France
812652,Facundo Medina,8588,Lens,FRA-Ligue 1,3.1,56.3,1.0,0.0,2.4,3.4,0.12,0.06,1.0,1.0,0.0,1.1,0.1,0.4,0.4,7.12,0.0,24.0,1.0,1.6,0.4,2546,29,Defender,0.7297297297297297,0.4074074074074074,0.0550621669626998,0.4,0.1416666666666666,62.48626373626374,67.10989010989012,59.49175824175824,58.85989010989011,62.08834586240246,False,False,Argentina
1481909,Ebenezer Akinsanmiro,6479,Pisa,ITA-Serie A,1.7,25.4,2.0,0.0,1.1,1.1,0.11,0.06,2.2,1.0,0.0,1.5,0.3,0.3,0.7,6.98,0.0,12.0,1.1,2.1,1.5,933,14,Midfielder,0.6206896551724137,0.4166666666666666,0.0669291338582677,0.6818181818181818,0.0916666666666666,74.6875,54.95283018867925,66.95165094339623,49.86733490566038,62.083393453715445,True,False,Nigeria
161012,Daley Blind,7732,Girona,ESP-La Liga,4.7,60.9,1.0,0.0,4.7,0.8,0.04,0.0,0.6,0.0,0.0,1.2,0.0,0.6,0.0,6.85,0.0,9.0,0.0,2.0,0.4,1853,22,Defender,0.8421052631578947,0.3749999999999999,0.077175697865353,0.6666666666666667,0.0888888888888888,75.55537701292418,46.71629863846846,56.19032932476329,74.64093492985002,62.06653892628137,True,False,Netherlands
673689,Pepelu,10267,Valencia CF,ESP-La Liga,3.6,50.8,1.0,0.0,2.6,2.0,0.11,0.18,1.4,0.0,0.11,0.9,0.2,0.3,0.2,7.14,0.0,20.0,1.2,2.5,0.4,1709,22,Midfielder,0.7083333333333334,0.2647058823529412,0.0708661417322834,0.2857142857142857,0.1,65.35194640265395,60.696627272098965,62.292487386827,58.70557312184671,62.04595629251796,True,False,Spain
643448,Kristijan Jakic,8406,FC Augsburg,GER-Bundesliga,3.1,34.9,2.0,0.0,2.8,1.3,0.1,0.05,1.0,1.0,0.08,0.9,0.3,0.4,0.5,6.86,0.0,12.0,0.8,2.1,0.3,1172,17,Midfielder,0.75,0.3,0.0888252148997134,0.3,0.1083333333333333,63.08690130624094,55.12966514617458,69.05116542262768,61.1171729214182,61.99454860492656,True,False,Croatia
1158512,Juanlu Sánchez,8302,Sevilla,ESP-La Liga,1.5,29.3,3.0,0.0,1.5,2.1,0.14,0.04,1.1,2.0,0.0,0.5,0.1,0.0,0.4,6.78,0.0,17.0,0.7,2.8,1.1,1336,20,Midfielder,0.7499999999999999,0.1515151515151515,0.0511945392491467,1.0,0.1235294117647058,59.437612309074574,65.8037355726035,68.590624784021,53.84950152049209,61.95602848788529,True,False,Spain
602563,Marcos Llorente,9906,Atlético de Madrid,ESP-La Liga,2.7,53.8,7.0,0.0,2.2,2.7,0.15,0.09,1.2,3.0,0.0,0.5,0.3,0.1,0.2,7.23,0.0,15.0,0.7,2.2,0.6,1618,20,Defender,0.6923076923076923,0.1851851851851851,0.0501858736059479,0.5,0.18,58.92733170917132,80.16086979058677,57.091380710484486,53.53443137051628,61.93767707677738,True,False,Spain
688273,Vitaly Janelt,9937,Brentford,ENG-Premier League,2.9,45.3,6.0,0.0,2.2,1.9,0.14,0.06,1.2,4.0,0.07,2.2,0.2,0.6,0.4,7.07,0.0,19.0,0.7,1.8,0.3,1210,21,Midfielder,0.7692307692307692,0.55,0.0640176600441501,0.25,0.0999999999999999,50.311761351855694,72.10811044301612,66.4637932821895,63.93392770751262,61.91408277668671,True,False,Germany
179515,Téji Savanier,10249,Montpellier,FRA-Ligue 1,7.2,38.1,16.0,0.0,0.8,7.7,0.3,0.16,0.8,5.0,0.08,0.6,0.7,0.0,0.7,7.04,0.0,70.0,1.8,1.2,1.1,2339,31,Midfielder,0.6923076923076923,0.3333333333333333,0.1889763779527559,1.375,0.11,93.24175824175823,86.96703296703295,48.8489010989011,28.681318681318675,61.58221736151032,False,False,France
688278,Pervis Estupinán,10204,Brighton and Hove Albion,ENG-Premier League,1.0,43.3,5.0,0.0,2.1,2.5,0.09,0.04,1.3,1.0,0.04,1.4,0.3,0.2,0.4,7.05,0.0,26.0,1.0,2.4,0.7,2403,30,Defender,0.7450980392156863,0.3684210526315789,0.023094688221709,0.5384615384615384,0.0961538461538461,45.6510989010989,63.47802197802198,74.67582417582418,72.59615384615384,61.51328860876269,False,False,Ecuador
1180481,Johann Lepenant,9830,Nantes,FRA-Ligue 1,2.1,31.1,2.0,0.0,1.0,1.1,0.08,0.03,1.0,1.0,0.0,0.9,0.1,0.2,0.7,6.97,0.0,15.0,0.7,3.8,0.5,1202,16,Midfielder,0.8245614035087719,0.1914893617021276,0.067524115755627,0.5,0.0733333333333333,60.03167979818923,52.3427068214804,77.34798966756513,58.374174960259865,61.45887438658991,True,False,France
1598170,Samir El Mourabet,9848,Strasbourg,FRA-Ligue 1,1.4,52.9,2.0,0.0,1.0,1.4,0.09,0.02,1.1,0.0,0.0,1.0,0.0,0.6,0.8,6.71,0.0,16.0,0.6,3.3,0.7,1376,22,Midfielder,0.7962962962962962,0.2325581395348837,0.0264650283553875,0.6363636363636362,0.0875,50.383254716981135,53.57311320754717,86.93691037735849,63.4433962264151,61.40460217587844,True,False,Morocco
1092403,Melvin Bard,9831,Nice,FRA-Ligue 1,1.5,37.3,3.0,0.0,2.9,1.0,0.06,0.02,0.9,1.0,0.06,1.2,0.2,0.8,0.2,6.87,0.0,11.0,0.7,1.6,0.7,1510,18,Defender,0.7567567567567568,0.4285714285714286,0.0402144772117962,0.7777777777777777,0.0909090909090909,61.623565899509295,57.387492224756365,60.60296150390491,67.17307260349713,61.332527760024334,True,False,France
731600,Idrissa Toure,6479,Pisa,ITA-Serie A,0.9,15.9,5.0,0.0,3.3,2.8,0.13,0.09,0.9,0.0,0.05,1.0,0.3,0.2,0.2,6.84,0.0,18.0,1.3,1.7,0.7,1923,23,Midfielder,0.75,0.3703703703703703,0.0566037735849056,0.7777777777777777,0.1555555555555555,57.38207547169812,79.4870283018868,52.50884433962264,58.9622641509434,61.21810561979488,True,False,Germany
1334805,Lamine Sy,8583,Auxerre,FRA-Ligue 1,1.0,26.4,2.0,0.0,1.9,0.7,0.07,0.07,0.9,0.0,0.0,1.3,0.1,0.6,0.5,7.06,0.0,9.0,0.5,2.7,0.8,924,14,Defender,0.8163265306122448,0.325,0.0378787878787878,0.888888888888889,0.0777777777777777,54.46933962264151,42.889150943396224,85.40094339622641,75.0,61.20831372220911,True,False,France
148830,Benjamin André,8639,Lille,FRA-Ligue 1,2.4,45.1,1.0,0.0,1.6,1.6,0.1,0.13,1.6,1.0,0.12,1.0,0.2,0.2,1.1,7.35,0.0,18.0,1.1,2.3,0.4,1520,17,Midfielder,0.6734693877551019,0.303030303030303,0.0532150776053215,0.25,0.0888888888888888,53.78292815674891,58.483058608058606,76.63240375976225,59.34754907042643,61.19761853137197,True,False,France
638070,Luis Rioja,10267,Valencia CF,ESP-La Liga,1.1,23.0,4.0,0.0,1.2,2.7,0.15,0.09,0.4,4.0,0.11,0.7,0.2,0.0,0.6,6.87,0.0,25.0,1.6,1.2,1.2,1635,23,Midfielder,0.8260869565217391,0.3684210526315789,0.0478260869565217,3.0,0.108,68.79641388485727,79.01721784504804,57.90524137811874,39.73711037390282,61.12500383288149,True,False,Spain
1553099,Mikel Jauregizar,8315,Athletic Club,ESP-La Liga,1.8,35.5,1.0,0.0,0.9,1.9,0.08,0.06,1.2,0.0,0.09,1.7,0.3,0.1,0.7,6.99,0.0,21.0,1.3,2.4,0.3,2025,24,Midfielder,0.7735849056603773,0.4146341463414634,0.0507042253521126,0.25,0.0904761904761904,53.71930506600318,47.775347294215216,84.38644688644689,67.1732885824867,61.072764113366205,True,False,Spain
1102289,Juan Iglesias,8305,Getafe,ESP-La Liga,2.2,17.3,2.0,0.0,3.9,1.2,0.05,0.04,2.0,2.0,0.05,0.6,0.1,0.3,0.2,6.89,0.0,9.0,0.8,3.2,0.9,1956,23,Defender,0.6551724137931034,0.1578947368421052,0.1271676300578034,0.45,0.1333333333333333,69.17359959223167,54.10284919483033,57.48850127859563,63.45501589605363,61.0485825864545,True,False,Spain
303905,Dominik Kohr,9905,1. FSV Mainz 05,GER-Bundesliga,3.7,36.6,2.0,0.0,5.0,1.7,0.11,0.06,1.3,0.0,0.06,1.4,0.1,0.6,0.1,6.73,0.0,7.0,0.6,1.8,0.3,1430,17,Defender,0.7111111111111111,0.4374999999999999,0.1010928961748633,0.2307692307692307,0.2428571428571428,59.75229369686917,61.815260211486624,54.896848434584285,70.72670450618564,61.02163467123389,True,False,Germany
1225450,Mika Mármol,8306,Las Palmas,ESP-La Liga,2.7,37.0,1.0,0.0,4.3,2.0,0.08,0.02,1.2,1.0,0.0,1.4,0.0,0.5,0.0,6.74,0.0,16.0,0.4,2.3,0.3,2398,30,Defender,0.7551020408163266,0.3783783783783784,0.0729729729729729,0.25,0.125,57.67857142857142,55.472527472527474,57.63186813186813,80.3434065934066,61.02103362966288,False,False,Spain
676533,Aitor Ruibal,8603,Real Betis,ESP-La Liga,1.9,28.2,2.0,0.0,2.1,1.3,0.1,0.22,1.2,1.0,0.3,1.1,0.7,0.2,0.4,6.95,0.0,16.0,1.4,1.8,0.5,1191,19,Defender,0.7073170731707317,0.3793103448275862,0.0673758865248227,0.4166666666666667,0.08125,63.57327735157924,56.76675133043059,63.478618080033165,59.48203918722786,60.95929366330746,True,False,Spain
850354,Bruno Guimaraes,10261,Newcastle United,ENG-Premier League,2.9,45.4,5.0,0.0,1.3,3.6,0.16,0.22,1.5,4.0,0.4,0.5,0.8,0.0,0.7,7.63,0.0,38.0,1.4,2.2,0.6,2018,23,Midfielder,0.6428571428571429,0.1851851851851851,0.0638766519823788,0.3999999999999999,0.0947368421052631,69.81867267952173,76.80290621328358,59.67477019835511,38.20355155850439,60.94026332455341,True,False,Brazil
751550,Diogo Dalot,10260,Manchester United,ENG-Premier League,1.4,31.8,4.0,0.0,3.1,1.9,0.09,0.07,0.8,3.0,0.05,0.8,0.2,0.3,0.3,7.12,0.0,22.0,0.8,1.8,0.7,1847,24,Midfielder,0.7647058823529411,0.3076923076923077,0.0440251572327044,0.8749999999999999,0.0863636363636363,61.84528561061581,60.962074089432576,60.34468518902482,59.98991378118737,60.87406693502328,True,False,Portugal
1026135,Tajon Buchanan,10205,Villarreal,ESP-La Liga,0.6,19.5,4.0,0.0,1.0,1.8,0.12,0.11,0.9,1.0,0.34,1.2,0.5,0.1,0.6,6.96,0.0,14.0,1.4,1.6,1.3,1343,22,Midfielder,0.7567567567567568,0.4285714285714286,0.0307692307692307,1.4444444444444444,0.1285714285714286,56.229363207547166,71.3620283018868,66.68632075471697,50.07370283018868,60.85368423965298,True,False,Canada
488415,Hassane Kamara,8600,Udinese,ITA-Serie A,1.3,27.3,3.0,0.0,3.1,0.9,0.07,0.03,0.8,1.0,0.0,1.2,0.3,0.3,0.2,6.92,0.0,13.0,1.0,2.0,1.0,1057,15,Midfielder,0.8,0.3749999999999999,0.0476190476190476,1.25,0.0692307692307692,64.61971715391526,51.96223823346465,60.97869151288962,67.26546841523256,60.797320287751525,True,False,Ivory Coast
562724,Lewis Cook,8678,Bournemouth,ENG-Premier League,1.9,34.1,6.0,0.0,2.0,3.8,0.11,0.03,1.5,3.0,0.03,1.2,0.1,0.3,0.3,7.09,0.0,48.0,0.4,2.4,0.4,2978,36,Midfielder,0.7058823529411764,0.3333333333333333,0.0557184750733137,0.2666666666666666,0.0791666666666666,52.03296703296703,65.15934065934066,64.7912087912088,64.83516483516483,60.76015765654007,False,False,England
1526689,Alex Jimenez,8678,Bournemouth,ENG-Premier League,1.5,24.9,1.0,0.0,1.5,0.7,0.04,0.05,1.2,0.0,0.06,0.9,0.2,0.5,0.4,6.91,0.0,7.0,0.8,2.7,1.6,1593,22,Defender,0.75,0.25,0.0602409638554216,1.3333333333333337,0.0999999999999999,74.96012163936693,42.93194070080863,69.03316141405763,58.33873280807243,60.75752215629028,True,False,Spain
179873,Loic Nego,9746,Le Havre,FRA-Ligue 1,1.8,29.3,2.0,0.0,3.6,1.0,0.05,0.03,0.8,0.0,0.0,1.3,0.2,0.3,0.2,6.91,0.0,10.0,0.7,1.7,0.6,1757,21,Defender,0.7894736842105263,0.4333333333333333,0.0614334470989761,0.7499999999999999,0.1,66.61539325454419,48.07121259243901,61.15001468657129,70.19438109060751,60.729996961432505,True,False,Hungary
999690,Ilan Kebbal,6379,Paris FC,FRA-Ligue 1,3.3,51.0,6.0,0.0,0.3,4.6,0.23,0.28,0.5,4.0,0.4,0.3,0.8,0.0,0.9,7.62,0.0,45.0,2.1,1.3,1.3,1812,21,Midfielder,0.7619047619047619,0.1874999999999999,0.0647058823529411,2.6,0.1022222222222222,90.23879716981132,82.84787735849056,54.86143867924528,25.751768867924525,60.696905073028354,True,False,Algeria
602304,Nordi Mukiele,8472,Sunderland,ENG-Premier League,1.6,28.8,7.0,0.0,5.4,1.8,0.08,0.04,1.0,4.0,0.04,1.3,0.1,0.4,0.1,7.22,0.0,20.0,0.7,2.4,0.3,2153,24,Defender,0.7872340425531915,0.3513513513513513,0.0555555555555555,0.3,0.09,45.20636792452829,63.31957547169812,64.82606132075472,82.35554245283018,60.67647724266643,True,False,France
1132355,Alvaro Nunez,10268,Elche,ESP-La Liga,2.1,49.3,6.0,0.0,1.8,2.7,0.15,0.01,0.7,2.0,0.0,0.9,0.0,0.3,0.3,7.17,0.0,20.0,0.2,1.3,0.8,1652,19,Defender,0.7586206896551724,0.409090909090909,0.0425963488843813,1.142857142857143,0.135,69.21875,81.30306603773586,49.22464622641509,44.82606132075472,60.66603672320757,True,False,Spain
1387194,Kassoum Ouattara,9829,Monaco,FRA-Ligue 1,0.9,25.7,5.0,0.0,1.7,2.2,0.2,0.09,2.1,3.0,0.0,1.4,0.0,0.0,0.5,7.03,0.0,17.0,1.1,2.5,0.8,963,14,Midfielder,0.65,0.358974358974359,0.0350194552529182,0.3809523809523809,0.1294117647058823,44.17747641509435,80.6308962264151,68.68219339622642,58.09257075471698,60.56487162667672,True,False,France
1168311,Yasin Ayari,10204,Brighton and Hove Albion,ENG-Premier League,2.0,39.2,1.0,0.0,1.1,1.1,0.06,0.13,1.0,2.0,0.16,1.2,0.5,0.2,0.7,7.13,0.0,12.0,2.1,2.3,0.7,1701,21,Midfielder,0.7777777777777778,0.3428571428571428,0.0510204081632653,0.7,0.0916666666666666,57.7235036975603,51.44459706959707,76.89601475568456,59.10837393738337,60.5405703700625,True,False,Sweden
744494,Gabriel Gudmundsson,8463,Leeds United,ENG-Premier League,0.9,25.3,3.0,0.0,2.7,2.0,0.08,0.04,1.2,0.0,0.0,0.8,0.1,0.3,0.3,6.78,0.0,19.0,0.6,2.4,1.4,2104,25,Defender,0.7272727272727273,0.25,0.0355731225296442,1.1666666666666667,0.1052631578947368,59.24823113207548,62.90683962264151,61.70106132075471,57.91568396226415,60.47967935389767,True,False,Sweden
638622,Frenkie de Jong,8634,Barcelona,ESP-La Liga,2.3,76.5,8.0,0.0,0.8,2.9,0.18,0.04,0.6,4.0,0.0,1.0,0.1,0.3,0.3,7.44,0.0,27.0,0.4,2.3,0.3,1406,18,Midfielder,0.8461538461538461,0.303030303030303,0.0300653594771241,0.5,0.1074074074074074,49.45654502729974,74.68493848918376,68.31072897228557,53.77507516068837,60.438520461478205,True,False,Netherlands
75307,Daniel Parejo,10205,Villarreal,ESP-La Liga,3.5,46.9,3.0,0.0,1.0,0.9,0.08,0.01,1.0,0.0,0.0,0.9,0.0,0.5,0.1,6.79,0.0,18.0,0.2,2.5,0.5,1016,20,Midfielder,0.7727272727272726,0.2647058823529412,0.0746268656716418,0.5,0.05,70.2576758932891,48.84730285437832,64.22218622572397,58.10584266362568,60.39257024810652,True,False,Spain
1093285,Fabiano Parisi,8535,Fiorentina,ITA-Serie A,1.6,31.8,3.0,0.0,1.3,1.4,0.12,0.05,0.7,1.0,0.0,1.5,0.3,0.4,0.2,6.93,0.0,16.0,1.2,1.0,1.7,1034,16,Midfielder,0.78125,0.6,0.050314465408805,2.428571428571429,0.0875,69.02710536319027,60.04691927569286,56.13441668394498,54.135025744695554,60.30197748962998,True,False,Italy
936140,Sebastian Sebulonsen,8722,1. FC Köln,GER-Bundesliga,1.2,22.4,4.0,0.0,3.0,2.6,0.13,0.06,0.4,0.0,0.0,0.6,0.1,0.2,0.1,6.51,0.0,16.0,1.2,1.6,0.6,1805,22,Defender,0.8461538461538461,0.2727272727272727,0.0535714285714285,1.4999999999999998,0.1625,62.122641509433954,77.84787735849056,47.95106132075472,55.4245283018868,60.2180412995045,True,False,Norway
239920,Matt Doherty,8602,Wolverhampton Wanderers,ENG-Premier League,3.2,43.9,4.0,0.0,4.0,1.2,0.05,0.04,0.8,1.0,0.09,0.9,0.1,0.6,0.3,6.89,0.0,12.0,0.4,1.6,0.5,2113,30,Defender,0.7575757575757576,0.36,0.0728929384965831,0.625,0.0999999999999999,73.07417582417582,48.98351648351648,56.47252747252747,63.13186813186813,60.207514939724135,False,False,Ireland
792756,Michel Aebischer,6479,Pisa,ITA-Serie A,3.4,40.6,5.0,0.0,1.0,1.7,0.08,0.02,1.2,1.0,0.05,1.1,0.0,0.2,0.4,6.95,0.0,25.0,0.5,2.2,0.3,1984,24,Midfielder,0.7333333333333334,0.3333333333333333,0.083743842364532,0.25,0.068,60.81367924528303,57.358490566037744,68.16332547169812,53.89150943396226,60.19238813849962,True,False,Switzerland
933768,Curtis Jones,8650,Liverpool,ENG-Premier League,2.7,74.9,3.0,0.0,0.8,2.3,0.18,0.09,0.7,1.0,0.0,0.6,0.3,0.2,0.5,6.89,0.0,17.0,1.2,1.8,1.2,1111,23,Midfielder,0.7741935483870969,0.25,0.0360480640854472,1.7142857142857144,0.1352941176470588,66.57764012716844,67.24976674269128,64.55738129794732,41.07095341765153,60.133246042424624,True,False,England
1173250,Arthur Theate,9810,Eintracht Frankfurt,GER-Bundesliga,3.2,60.7,1.0,0.0,5.9,1.2,0.06,0.04,0.6,0.0,0.05,1.3,0.2,0.6,0.3,6.76,0.0,11.0,0.5,1.6,0.2,1702,19,Defender,0.8285714285714285,0.4482758620689654,0.0527182866556836,0.3333333333333333,0.109090909090909,58.27353307070288,51.61927223719676,60.74906697076508,75.22956406800746,60.1183408400015,True,False,Belgium
660327,Ibrahima Sissoko,9911,VfL Bochum 1848,GER-Bundesliga,1.5,27.8,2.0,0.0,1.8,2.7,0.1,0.05,2.6,1.0,0.04,1.3,0.2,0.4,0.4,6.94,0.0,27.0,0.7,2.2,1.1,2535,31,Midfielder,0.5737704918032788,0.3714285714285714,0.0539568345323741,0.4230769230769231,0.1,63.14835164835165,61.24725274725275,59.25824175824175,55.50824175824175,60.108922572560026,False,False,Mali
951712,Nicolo Fagioli,8535,Fiorentina,ITA-Serie A,3.8,53.4,10.0,0.0,0.8,2.9,0.16,0.07,0.8,3.0,0.06,0.5,0.2,0.4,0.9,7.16,0.0,48.0,1.0,1.7,0.8,1632,22,Midfielder,0.7333333333333334,0.2272727272727272,0.0711610486891385,1.0,0.0604166666666666,82.09012371276522,69.03991291727141,56.989175133043055,33.82788202363674,60.09874264158447,True,False,Italy
1253890,Arda Güler,8633,Real Madrid,ESP-La Liga,2.9,52.4,11.0,0.0,0.5,5.5,0.33,0.25,1.2,7.0,0.18,0.5,0.9,0.1,0.4,7.49,0.0,55.0,2.3,1.7,1.1,1532,24,Midfielder,0.6470588235294118,0.2272727272727272,0.0553435114503816,0.9166666666666669,0.1,82.41774656161449,84.83534625751606,51.214229559748425,29.264440355242243,59.9192178338001,True,False,Turkiye
1561552,Ayyoub Bouaddi,8639,Lille,FRA-Ligue 1,1.3,33.7,2.0,0.0,1.1,1.1,0.07,0.09,1.7,1.0,0.0,1.1,0.2,0.4,0.6,7.05,0.0,17.0,0.8,2.4,1.4,1508,20,Midfielder,0.673076923076923,0.3142857142857143,0.0385756676557863,0.8235294117647058,0.0647058823529411,62.86296133112171,50.96751675996959,72.29359319925358,53.87585095721889,59.895693899883824,True,False,Morocco
780432,Ethan Ampadu,8463,Leeds United,ENG-Premier League,2.1,42.9,1.0,0.0,2.3,1.4,0.06,0.07,1.3,1.0,0.04,1.5,0.2,0.5,0.4,7.13,0.0,10.0,0.7,2.2,0.4,2043,23,Midfielder,0.74,0.4054054054054054,0.0489510489510489,0.3076923076923077,0.1399999999999999,50.981721698113205,53.490566037735846,72.72405660377359,68.86792452830188,59.88479549479327,True,False,Wales
1113724,Tyler Morton,9748,Lyon,FRA-Ligue 1,3.9,46.6,2.0,0.0,1.6,2.9,0.15,0.07,1.3,2.0,0.11,0.8,0.3,0.5,0.5,7.22,0.0,24.0,1.2,1.8,0.5,1677,19,Midfielder,0.6666666666666666,0.3076923076923077,0.0836909871244635,0.3846153846153846,0.1208333333333333,72.27299528301887,73.03066037735849,54.3071933962264,39.79952830188679,59.87686419311401,True,False,England
488718,Diego Rico,8305,Getafe,ESP-La Liga,1.4,20.6,1.0,0.0,2.8,0.9,0.05,0.01,1.1,0.0,0.0,1.6,0.1,0.2,0.2,6.87,0.0,10.0,0.5,2.6,0.4,1531,20,Defender,0.7924528301886792,0.3809523809523809,0.0679611650485436,0.3636363636363636,0.09,49.98628101458289,49.54391284815813,72.06065985900891,78.54285455110927,59.82031816443728,True,False,Spain
616531,Javier Munoz,8306,Las Palmas,ESP-La Liga,2.0,29.8,4.0,0.0,1.1,2.3,0.08,0.04,1.0,3.0,0.03,1.1,0.2,0.1,0.4,6.81,0.0,29.0,0.9,1.6,0.7,2590,35,Midfielder,0.7297297297297297,0.4074074074074074,0.0671140939597315,0.7,0.0793103448275862,70.1346153846154,56.03296703296703,59.49175824175824,51.414835164835175,59.80293812926993,False,False,Spain
282462,Inigo Ruiz de Galarreta,8315,Athletic Club,ESP-La Liga,2.8,42.0,2.0,0.0,0.8,1.4,0.09,0.04,2.7,1.0,0.06,0.7,0.1,0.2,1.0,6.94,0.0,15.0,0.9,2.6,1.6,1426,22,Midfielder,0.5499999999999999,0.2121212121212121,0.0666666666666666,0.5925925925925926,0.0933333333333333,79.48586633492293,59.31966618287373,62.614857626650064,36.9686484898749,59.72040060839123,True,False,Spain
1120224,Tyrick Mitchell,9826,Crystal Palace,ENG-Premier League,1.0,21.6,1.0,0.0,2.8,1.4,0.05,0.04,0.7,0.0,0.04,1.0,0.2,0.3,0.2,7.07,0.0,19.0,0.4,2.8,0.4,2309,26,Midfielder,0.8444444444444444,0.2631578947368421,0.0462962962962962,0.5714285714285715,0.0736842105263157,50.80112654640957,50.796763770820384,72.08398990946161,73.28463007118667,59.66000677806649,True,False,England
277771,Thomas Meunier,8639,Lille,FRA-Ligue 1,1.9,38.0,3.0,0.0,3.1,1.9,0.15,0.06,1.3,0.0,0.0,0.9,0.1,0.2,0.6,6.99,0.0,10.0,0.9,1.4,0.6,1159,15,Defender,0.638888888888889,0.391304347826087,0.0499999999999999,0.4615384615384615,0.19,60.78102322206096,70.32264669292971,54.04543765982444,53.44611756168359,59.65916849605089,True,False,Belgium
956683,Ryan Gravenberch,8650,Liverpool,ENG-Premier League,0.8,55.0,4.0,0.0,1.8,1.7,0.07,0.06,1.0,2.0,0.17,1.4,0.3,0.3,0.3,7.42,0.0,21.0,1.1,1.8,0.9,2120,24,Midfielder,0.7619047619047619,0.4374999999999999,0.0145454545454545,0.9,0.0809523809523809,51.31775692860598,61.350343838551375,65.37763494367267,64.10200255719123,59.60273253179467,True,False,Netherlands
1289942,Samuele Angori,6479,Pisa,ITA-Serie A,1.9,16.5,3.0,0.0,2.7,2.7,0.16,0.03,0.5,1.0,0.0,0.8,0.1,0.3,0.1,6.66,0.0,21.0,0.4,1.7,0.2,1524,22,Midfielder,0.8333333333333334,0.32,0.1151515151515151,0.4,0.1285714285714286,54.30424528301887,77.25825471698113,51.63915094339622,59.18337264150944,59.58282262612533,True,False,Italy
708435,Gaëtan Perrin,8583,Auxerre,FRA-Ligue 1,1.7,22.3,19.0,0.0,0.1,4.7,0.16,0.2,0.8,11.0,0.33,0.4,0.9,0.0,0.7,7.29,0.0,73.0,2.0,1.6,2.0,2704,34,Midfielder,0.7142857142857143,0.2,0.0762331838565022,2.5,0.0643835616438356,84.47252747252747,69.96703296703296,56.52747252747253,30.824175824175825,59.577352149530846,False,False,France
894803,Djed Spence,8586,Tottenham Hotspur,ENG-Premier League,1.7,33.7,4.0,0.0,2.4,1.4,0.08,0.05,1.0,0.0,0.0,0.6,0.3,0.2,0.4,6.72,0.0,8.0,0.5,1.6,1.3,1601,21,Defender,0.6875,0.2727272727272727,0.0504451038575667,1.3,0.175,68.37504319579791,62.984561821825984,54.787178623263536,50.12481425806897,59.56046798748999,True,False,England
1233931,Quentin Merlin,9851,Rennes,FRA-Ligue 1,1.5,34.5,5.0,0.0,2.0,2.9,0.18,0.07,0.5,3.0,0.06,1.4,0.3,0.4,0.6,6.99,0.0,24.0,1.1,1.4,0.5,1452,21,Midfielder,0.8484848484848485,0.5,0.0434782608695652,1.0,0.1208333333333333,46.84690113345774,76.63808832676757,64.55975706683255,56.10823139125026,59.51291376744863,True,False,France
360918,Jonny Otto,9866,Alavés,ESP-La Liga,1.5,46.3,2.0,0.0,1.9,1.3,0.06,0.02,1.1,0.0,0.0,1.4,0.1,0.4,0.2,6.95,0.0,12.0,0.3,2.1,0.8,2008,23,Defender,0.7608695652173914,0.3999999999999999,0.0323974082073434,0.7272727272727273,0.1083333333333333,55.928655660377366,53.04245283018868,65.07665094339623,67.01061320754717,59.43348968179832,True,False,Spain
1173678,Johnny Cardoso,8603,Real Betis,ESP-La Liga,1.5,39.9,2.0,0.0,2.6,0.8,0.03,0.09,1.6,1.0,0.13,2.0,0.3,0.5,0.5,7.07,0.0,9.0,0.8,2.3,1.1,2143,28,Midfielder,0.7288135593220338,0.4651162790697674,0.037593984962406,0.6875,0.0888888888888888,62.34065934065935,35.96703296703297,76.64560439560441,75.32967032967034,59.41862495449062,False,False,USA
1520063,Johan Manzambi,8358,Sport-Club Freiburg,GER-Bundesliga,1.3,34.1,3.0,0.0,1.4,2.8,0.18,0.13,1.1,2.0,0.2,1.3,0.4,0.1,0.5,6.89,0.0,13.0,2.0,1.2,1.3,1384,18,Midfielder,0.6944444444444444,0.52,0.0381231671554252,1.1818181818181817,0.2153846153846153,64.08313679245283,80.48938679245282,52.2435141509434,42.42334905660377,59.35904002809768,True,False,Switzerland
750734,Dodo,8535,Fiorentina,ITA-Serie A,1.5,32.0,6.0,0.0,1.5,3.2,0.13,0.05,0.4,2.0,0.0,0.8,0.0,0.0,0.2,7.06,0.0,38.0,0.7,0.8,1.3,2161,25,Midfielder,0.8,0.5,0.046875,3.25,0.0842105263157894,73.94570288202364,72.63110788582487,47.45610443016104,43.49652705784782,59.2541110908866,True,False,Brazil
556029,Marius Wolf,8406,FC Augsburg,GER-Bundesliga,1.5,24.7,2.0,0.0,1.9,4.5,0.19,0.03,0.8,3.0,0.04,1.0,0.1,0.2,0.4,6.9,0.0,45.0,0.5,1.1,0.8,2164,32,Midfielder,0.7241379310344827,0.4761904761904761,0.0607287449392712,1.0,0.1,68.75274725274724,70.8021978021978,49.67857142857142,47.07417582417583,59.196703319181246,False,False,Germany
700074,Jordan Torunarigha,9790,Hamburger SV,GER-Bundesliga,2.2,50.2,0.0,0.0,7.7,0.6,0.06,0.0,1.0,0.0,0.0,1.4,0.1,0.7,0.0,7.02,0.0,1.0,0.1,2.0,0.6,969,12,Defender,0.7727272727272726,0.4117647058823529,0.0438247011952191,0.6,0.6,62.23761792452831,46.7747641509434,54.38384433962264,81.89858490566039,59.18907403607523,True,False,Nigeria
240537,Danny da Costa,9905,1. FSV Mainz 05,GER-Bundesliga,2.7,28.5,3.0,0.0,5.6,1.9,0.09,0.04,0.9,1.0,0.05,1.0,0.2,0.6,0.1,6.8,0.0,12.0,0.4,1.4,0.4,1833,22,Defender,0.7272727272727273,0.4166666666666667,0.0947368421052631,0.4444444444444445,0.1583333333333333,67.61700877738612,61.912329808556215,45.63588966065381,63.36076266500795,59.17684168071676,True,False,Germany
307021,Emre Can,9789,Borussia Dortmund,GER-Bundesliga,3.9,72.4,0.0,0.0,3.7,1.4,0.06,0.09,1.1,0.0,0.13,0.9,0.1,0.7,0.1,6.97,0.0,8.0,0.4,2.1,0.6,2102,31,Defender,0.7317073170731708,0.3,0.0538674033149171,0.5454545454545454,0.175,71.1456043956044,48.94505494505495,52.72527472527472,65.70054945054945,59.16844287440368,False,False,Germany
750028,Francisco Garcia,8633,Real Madrid,ESP-La Liga,1.4,48.4,3.0,0.0,2.2,2.3,0.09,0.04,0.5,2.0,0.0,1.2,0.1,0.2,0.2,7.15,0.0,24.0,0.6,2.1,0.3,2174,31,Defender,0.868421052631579,0.3636363636363636,0.0289256198347107,0.6,0.0958333333333333,43.41758241758242,59.35164835164835,70.01373626373626,75.63186813186813,59.11458792594187,False,False,Spain
1067260,Jakub Kaminski,8722,1. FC Köln,GER-Bundesliga,0.7,23.7,7.0,0.0,1.1,3.2,0.15,0.17,0.4,1.0,0.23,0.6,0.6,0.3,0.5,7.07,0.0,29.0,1.8,1.7,0.6,1961,22,Midfielder,0.8518518518518519,0.2608695652173913,0.0295358649789029,1.4999999999999998,0.1103448275862069,48.46698113207547,80.02948113207547,66.25589622641509,46.96344339622641,59.034299035470056,True,False,Poland
682548,Ola Aina,10203,Nottingham Forest,ENG-Premier League,0.8,24.6,3.0,0.0,3.2,2.2,0.07,0.02,0.7,1.0,0.06,1.0,0.1,0.4,0.1,7.07,0.0,16.0,0.3,1.6,1.0,3003,35,Defender,0.787878787878788,0.3846153846153846,0.032520325203252,1.4285714285714286,0.1375,57.925824175824175,62.18681318681319,52.38461538461539,66.01648351648352,59.02250793676268,False,False,Nigeria
364104,Stefano Sabelli,10233,Genoa,ITA-Serie A,2.2,28.2,2.0,0.0,2.6,1.7,0.08,0.01,1.1,2.0,0.0,1.0,0.0,0.3,0.3,6.74,0.0,18.0,0.3,2.5,0.2,2059,34,Defender,0.7608695652173914,0.2857142857142857,0.0780141843971631,0.1818181818181818,0.0944444444444444,50.32417582417583,52.02197802197802,69.70879120879121,70.87912087912088,58.95291294616956,False,False,Italy
1176780,Nnamdi Collins,9810,Eintracht Frankfurt,GER-Bundesliga,2.3,49.7,1.0,0.0,4.1,0.3,0.02,0.02,1.3,1.0,0.08,1.8,0.1,0.1,0.3,6.66,0.0,2.0,0.2,3.3,0.6,1073,18,Defender,0.796875,0.3529411764705882,0.0462776659959758,0.4615384615384615,0.15,55.52574037597622,42.31234881470731,69.71968086944503,78.9688515101251,58.92439104591598,True,False,Germany
621515,Daichi Kamada,9826,Crystal Palace,ENG-Premier League,1.5,29.6,2.0,0.0,1.1,2.0,0.14,0.1,1.4,0.0,0.0,0.6,0.3,0.1,0.6,6.98,0.0,11.0,1.1,3.1,0.6,1258,16,Midfielder,0.7254901960784315,0.1621621621621621,0.0506756756756756,0.4285714285714286,0.1818181818181818,50.42881332503975,66.32722544750847,71.78882006358421,49.867410498306725,58.85781687272165,True,False,Japan
73167,Henrikh Mkhitaryan,8636,Internazionale,ITA-Serie A,2.0,46.6,1.0,0.0,1.3,1.8,0.16,0.24,1.6,0.0,0.09,1.2,0.6,0.4,0.7,7.03,0.0,11.0,2.8,2.0,0.9,1011,18,Midfielder,0.6666666666666666,0.3749999999999999,0.0429184549356223,0.5625,0.1636363636363636,58.75456147625959,73.35654675513166,59.48425081208101,44.181439629552834,58.84650414473578,True,False,Armenia
1385856,Davide Bartesaghi,8564,Milan,ITA-Serie A,1.7,32.1,2.0,0.0,2.0,2.7,0.15,0.05,0.7,0.0,0.12,0.5,0.3,0.3,0.1,7.06,0.0,29.0,0.8,2.2,0.5,1565,20,Midfielder,0.7941176470588235,0.1851851851851851,0.0529595015576324,0.7142857142857143,0.093103448275862,59.9557783018868,66.95165094339622,53.85613207547169,54.2747641509434,58.81905124003265,True,False,Italy
867414,Sandro Tonali,10261,Newcastle United,ENG-Premier League,2.7,46.7,3.0,0.0,1.3,1.6,0.08,0.08,0.9,1.0,0.0,1.2,0.3,0.3,0.4,7.0,0.0,18.0,1.3,1.3,0.9,1776,26,Midfielder,0.7352941176470589,0.48,0.0578158458244111,1.0,0.0888888888888888,72.06872451447924,58.93686502177068,55.33986453797774,46.659128999930886,58.8122313510342,True,False,Italy
184533,Koke,9906,Atlético de Madrid,ESP-La Liga,4.4,72.8,2.0,0.0,1.3,2.2,0.14,0.02,0.9,2.0,0.13,0.8,0.2,0.1,0.5,7.08,0.0,18.0,0.5,2.1,0.1,1427,22,Midfielder,0.7631578947368421,0.2758620689655172,0.0604395604395604,0.1111111111111111,0.1222222222222222,50.55724307139402,67.96311078858248,66.45205266431681,52.79286750984864,58.79568816039484,True,False,Spain
357880,Andrew Robertson,8650,Liverpool,ENG-Premier League,2.2,49.0,7.0,0.0,1.5,4.3,0.15,0.04,0.4,1.0,0.0,0.8,0.1,0.1,0.1,6.84,0.0,40.0,0.5,1.4,0.3,2492,33,Defender,0.8461538461538461,0.3636363636363636,0.0448979591836734,0.7499999999999999,0.1075,57.6456043956044,77.47802197802199,49.14285714285714,53.667582417582416,58.79386316204919,False,False,Scotland
844544,Pape Gueye,10205,Villarreal,ESP-La Liga,3.4,36.4,2.0,0.0,2.1,2.1,0.16,0.08,1.9,1.0,0.15,1.1,0.4,0.3,0.7,6.94,0.0,13.0,1.8,1.3,0.4,1217,18,Midfielder,0.5581395348837209,0.4583333333333333,0.0934065934065934,0.2105263157894737,0.1615384615384615,64.70497701983551,69.66777247909323,55.05198182320824,44.59702640127168,58.76161282092296,True,False,Senegal
940608,Juan Cruz,7854,Leganés,ESP-La Liga,0.7,16.5,10.0,0.0,1.0,3.7,0.15,0.1,0.6,4.0,0.2,0.5,0.6,0.1,0.5,6.88,0.0,25.0,1.3,1.3,1.6,2265,34,Midfielder,0.75,0.2777777777777778,0.0424242424242424,2.666666666666667,0.148,66.71153846153845,83.30219780219781,51.9478021978022,36.26373626373626,58.64226090954448,False,False,Spain
1208708,Omar El Hilali,8558,Espanyol,ESP-La Liga,2.0,35.1,2.0,0.0,2.4,1.5,0.08,0.0,1.3,2.0,0.0,1.2,0.0,0.4,0.1,6.8,0.0,10.0,0.1,2.5,0.2,1672,22,Defender,0.74,0.3243243243243243,0.0569800569800569,0.1538461538461538,0.15,49.62093527541641,58.9887604533831,60.3048716220886,72.1491637293524,58.63084602299016,True,False,Morocco
1280132,Nico González,8456,Manchester City,ENG-Premier League,1.9,67.7,1.0,0.0,2.6,1.0,0.07,0.04,1.8,0.0,0.07,1.4,0.1,0.4,0.7,7.17,0.0,8.0,0.8,2.4,0.7,1375,21,Midfielder,0.6785714285714286,0.3684210526315789,0.0280649926144756,0.3888888888888888,0.125,50.69870283018868,51.06132075471698,74.02712264150944,64.54893867924528,58.59325216540636,True,False,Spain
214972,Geoffrey Kondogbia,8592,Marseille,FRA-Ligue 1,1.7,73.8,0.0,0.0,2.8,1.1,0.05,0.02,0.8,0.0,0.0,1.0,0.0,0.3,0.4,7.11,0.0,5.0,0.4,2.7,0.4,2021,25,Midfielder,0.8222222222222223,0.2702702702702702,0.0230352303523035,0.5,0.22,45.75824175824176,46.16483516483516,79.70604395604396,77.8434065934066,58.591659816826585,False,False,Central African Rep.
771630,Gideon Mensah,8583,Auxerre,FRA-Ligue 1,1.9,35.3,1.0,0.0,2.6,0.9,0.06,0.0,1.5,0.0,0.0,1.2,0.0,0.1,0.3,6.89,0.0,12.0,0.1,1.9,0.6,1406,19,Defender,0.6739130434782609,0.3870967741935484,0.0538243626062322,0.3999999999999999,0.075,65.57858179556293,43.16343562098279,63.345402239270165,65.49776677724792,58.54390406815575,True,False,Ghana
767789,Marco Friedl,8697,SV Werder Bremen,GER-Bundesliga,4.1,50.9,0.0,0.0,5.6,0.9,0.05,0.03,0.6,0.0,0.05,1.3,0.1,1.1,0.2,6.84,0.0,5.0,0.4,1.6,0.2,1760,20,Defender,0.8285714285714285,0.4482758620689654,0.0805500982318271,0.3333333333333333,0.18,59.31537684014099,42.41877462160481,61.90398438039947,79.72011282742416,58.490178865545616,True,False,Austria
1388678,Clement Akpa,8583,Auxerre,FRA-Ligue 1,3.4,40.2,1.0,0.0,4.0,0.8,0.04,0.01,0.6,0.0,0.0,1.0,0.0,0.4,0.1,6.64,0.0,8.0,0.3,1.4,0.6,1680,20,Defender,0.7999999999999999,0.4166666666666667,0.0845771144278606,1.0,0.1,78.07610235676275,39.151409910843874,53.45188852028475,69.89851147280393,58.455669374589306,True,False,Ivory Coast
1109046,Ilaix Moriba,9910,Celta de Vigo,ESP-La Liga,1.2,31.3,3.0,0.0,1.1,1.3,0.07,0.06,1.2,1.0,0.0,0.8,0.2,0.2,0.5,6.69,0.0,13.0,0.9,3.1,0.5,1581,24,Midfielder,0.7647058823529411,0.2051282051282051,0.0383386581469648,0.4166666666666667,0.1,49.56153241412676,59.67345704609856,73.615790655885,54.689206234017554,58.45367043350662,True,False,Guinea
1393669,Quilindschy Hartman,8191,Burnley,ENG-Premier League,1.5,26.2,4.0,0.0,3.4,1.5,0.1,0.01,0.5,4.0,0.0,1.3,0.1,0.1,0.0,6.8,0.0,16.0,0.4,2.1,0.2,1339,15,Defender,0.8717948717948718,0.3823529411764705,0.0572519083969465,0.4,0.09375,44.20106132075472,61.57429245283018,60.731132075471706,79.2747641509434,58.43317743215268,True,False,Netherlands
1279034,Aaron Zehnter,8721,VfL Wolfsburg,GER-Bundesliga,2.5,29.6,1.0,0.0,3.0,1.5,0.11,0.04,0.1,0.0,0.15,1.2,0.2,0.4,0.1,6.84,0.0,15.0,0.6,0.9,0.3,1208,16,Defender,0.9545454545454544,0.5714285714285714,0.0844594594594594,3.0,0.1,72.86261792452831,56.308962264150935,45.56014150943396,59.93514150943396,58.42226433306571,True,False,Germany
1079548,Joris Chotard,8521,Brest,FRA-Ligue 1,2.5,30.1,0.0,0.0,2.8,0.7,0.04,0.06,1.0,0.0,0.1,1.5,0.4,0.4,0.2,6.89,0.0,4.0,1.1,2.3,0.2,1799,21,Midfielder,0.7916666666666666,0.3947368421052631,0.0830564784053156,0.2,0.175,57.491002315294764,42.422161172161175,67.88427845739166,73.78295839380745,58.38639700679623,True,False,France
1320176,Wesley,8686,Roma,ITA-Serie A,0.9,31.0,7.0,0.0,2.1,3.2,0.15,0.06,1.2,0.0,0.14,0.8,0.4,0.2,0.4,7.18,0.0,26.0,1.0,2.2,0.7,1873,23,Midfielder,0.7142857142857143,0.2666666666666666,0.0290322580645161,0.5833333333333334,0.123076923076923,44.93514150943397,81.78066037735849,62.28183962264151,52.21108490566038,58.35544549568149,True,False,Brazil
359193,Lucas Vázquez,8633,Real Madrid,ESP-La Liga,1.3,51.8,8.0,0.0,1.3,3.9,0.16,0.06,1.2,5.0,0.04,0.7,0.1,0.2,0.1,7.06,0.0,33.0,0.6,2.4,0.8,2193,32,Defender,0.7209302325581395,0.2258064516129032,0.0250965250965251,0.6666666666666667,0.1181818181818181,52.57967032967033,80.04945054945054,52.4587912087912,52.48626373626374,58.35104630871266,False,False,Spain
586388,Aleksandr Golovin,9829,Monaco,FRA-Ligue 1,1.1,30.7,2.0,0.0,0.6,1.3,0.11,0.17,1.7,4.0,0.16,1.4,0.8,0.3,1.0,7.08,0.0,18.0,1.7,1.5,1.0,1133,16,Midfielder,0.6304347826086957,0.4827586206896551,0.0358306188925081,0.5882352941176471,0.0722222222222222,65.49362861980786,61.2811009744972,63.83510004146797,41.18689093924943,58.33215799602485,True,False,Russia
267371,Emerson,8592,Marseille,FRA-Ligue 1,1.0,50.1,4.0,0.0,2.3,2.9,0.19,0.02,0.8,3.0,0.0,1.6,0.1,0.4,0.3,7.27,0.0,25.0,0.5,2.2,0.3,1384,17,Defender,0.8260869565217391,0.4210526315789473,0.0199600798403193,0.3749999999999999,0.1159999999999999,32.9332408943258,74.86314707305273,74.3056145898127,74.20085614071463,58.30349001177853,True,False,Italy
760398,Cedric Kipre,9837,Reims,FRA-Ligue 1,2.5,46.9,1.0,0.0,6.5,1.4,0.06,0.03,1.0,1.0,0.0,1.3,0.0,1.1,0.1,6.96,0.0,10.0,0.4,1.7,0.4,2190,28,Defender,0.75,0.4333333333333333,0.0533049040511727,0.4,0.1399999999999999,59.00549450549451,51.02197802197802,53.59615384615385,75.12362637362638,58.29694200662198,False,False,Ivory Coast
464981,Matus Bero,9911,VfL Bochum 1848,GER-Bundesliga,1.9,28.0,5.0,0.0,1.2,3.8,0.14,0.14,1.8,2.0,0.18,0.6,0.5,0.3,0.8,7.1,0.0,53.0,1.1,2.3,0.7,2479,29,Midfielder,0.6170212765957447,0.2068965517241379,0.0678571428571428,0.3888888888888888,0.0716981132075471,63.72527472527472,65.03296703296704,62.17582417582416,41.01648351648351,58.28730554155109,False,False,Slovakia
1157236,Yehor Yarmoliuk,9937,Brentford,ENG-Premier League,2.2,35.8,1.0,0.0,1.1,1.1,0.05,0.06,1.5,2.0,0.05,0.9,0.2,0.4,0.4,6.81,0.0,11.0,0.7,2.4,0.5,1880,26,Midfielder,0.6875,0.2727272727272727,0.0614525139664804,0.3333333333333333,0.1,66.57649543852374,44.79926912709932,69.00532604188264,53.6195486903034,58.26386560823521,True,False,Ukraine
777028,André Almeida,10267,Valencia CF,ESP-La Liga,1.7,34.5,4.0,0.0,0.5,4.9,0.22,0.05,1.3,4.0,0.0,0.4,0.2,0.1,0.4,6.81,0.0,43.0,0.8,2.2,1.0,1988,34,Midfielder,0.6666666666666666,0.1538461538461538,0.0492753623188405,0.7692307692307692,0.113953488372093,68.38186813186813,79.1098901098901,53.51648351648351,34.72527472527472,58.24934067511335,False,False,Portugal
1070052,Amad,10260,Manchester United,ENG-Premier League,1.1,31.9,5.0,0.0,1.3,3.2,0.18,0.22,0.8,2.0,0.11,0.7,0.7,0.1,0.4,7.48,0.0,32.0,1.9,1.6,1.7,1653,20,Midfielder,0.7419354838709677,0.3043478260869565,0.0344827586206896,2.125,0.1,62.28921746492501,76.81852581380883,56.34273273895915,38.56207668118045,58.16100658952536,True,False,Ivory Coast
530197,Manolis Saliakas,8152,FC St. Pauli,GER-Bundesliga,2.7,29.1,4.0,0.0,2.0,2.9,0.11,0.06,0.7,1.0,0.08,0.8,0.2,0.3,0.2,6.91,0.0,26.0,1.1,1.8,0.1,2323,30,Midfielder,0.787878787878788,0.3076923076923077,0.0927835051546391,0.1428571428571428,0.1115384615384615,50.186813186813175,69.01648351648352,57.42032967032967,59.40934065934065,58.136978869464514,False,False,Greece
1252070,Nathan Ngoy,8639,Lille,FRA-Ligue 1,3.2,54.9,2.0,0.0,3.6,0.6,0.04,0.05,0.8,1.0,0.0,1.7,0.2,0.4,0.1,6.67,0.0,3.0,0.8,1.5,0.3,1414,18,Defender,0.8,0.53125,0.058287795992714,0.3749999999999999,0.1999999999999999,59.44280660377358,50.15919811320755,54.98231132075472,72.2877358490566,58.101334925455006,True,False,Belgium
1097497,Darlin Yongwa,8689,Lorient,FRA-Ligue 1,1.8,40.5,2.0,0.0,2.4,1.1,0.11,0.02,1.0,0.0,0.0,1.0,0.1,0.1,0.1,6.6,0.0,8.0,0.6,2.0,0.6,902,16,Defender,0.75,0.3333333333333333,0.0444444444444444,0.6,0.1375,58.514150943396224,62.12853773584906,52.56191037735849,59.58136792452829,58.03512640044024,True,False,Cameroon
879065,Antonino Gallo,9888,Lecce,ITA-Serie A,2.2,25.8,0.0,0.0,3.5,1.2,0.05,0.02,0.2,1.0,0.0,0.4,0.0,0.1,0.0,6.91,0.0,21.0,0.2,2.2,0.4,2039,25,Defender,0.9285714285714284,0.1538461538461538,0.0852713178294573,2.0,0.0571428571428571,71.88925029373142,41.59069389729768,56.17069683461193,66.35462022254475,58.009605815985005,True,False,Italy
1353457,Arthur,8178,Bayer 04 Leverkusen,GER-Bundesliga,1.1,30.2,2.0,0.0,2.3,1.4,0.13,0.09,1.6,3.0,0.1,1.4,0.2,0.1,0.6,6.92,0.0,11.0,1.0,1.6,1.2,942,14,Midfielder,0.6521739130434783,0.4666666666666666,0.0364238410596026,0.7499999999999999,0.1272727272727272,57.58844339622642,65.4245283018868,57.93926886792452,50.51591981132076,58.00489669362206,True,False,Brazil
391058,José Gayà,10267,Valencia CF,ESP-La Liga,1.3,27.9,2.0,0.0,3.0,1.6,0.09,0.04,1.0,1.0,0.06,0.8,0.1,0.3,0.2,6.78,0.0,13.0,0.5,2.4,0.3,1551,20,Defender,0.7619047619047619,0.25,0.046594982078853,0.3,0.123076923076923,42.61914696938282,67.85646900269542,63.47004803372728,67.08912157025365,57.90977371946074,True,False,Spain
196169,Marcos Alonso,9910,Celta de Vigo,ESP-La Liga,4.3,69.0,1.0,0.0,5.8,1.3,0.07,0.09,0.7,0.0,0.05,1.0,0.1,0.6,0.2,7.11,0.0,10.0,0.9,1.4,0.4,1794,21,Defender,0.7741935483870969,0.4166666666666667,0.0623188405797101,0.5714285714285715,0.13,69.10136757896191,54.29771407837445,48.24591367751745,60.42513304305757,57.89619685147319,True,False,Spain
1197250,Malo Gusto,8455,Chelsea,ENG-Premier League,1.5,44.0,2.0,0.0,1.6,1.2,0.07,0.09,0.8,2.0,0.12,1.2,0.3,0.1,0.4,6.99,0.0,15.0,0.7,2.5,0.5,1484,23,Defender,0.8222222222222223,0.3243243243243243,0.034090909090909,0.625,0.08,45.579644412191584,48.52406005943741,78.41813964337548,70.69499879051766,57.88985140060697,True,False,France
1188890,Nicolai Remberg,9790,Hamburger SV,GER-Bundesliga,2.1,40.1,2.0,0.0,3.5,1.0,0.05,0.04,1.5,1.0,0.0,1.4,0.3,0.5,0.3,7.07,0.0,6.0,0.7,2.1,0.4,1800,20,Midfielder,0.7,0.3999999999999999,0.0523690773067331,0.2666666666666666,0.1666666666666666,51.02299528301887,54.18042452830189,63.26650943396226,67.74764150943396,57.84458246593275,True,False,Germany
660462,Pierre Lees-Melou,6379,Paris FC,FRA-Ligue 1,3.9,42.4,1.0,0.0,1.4,0.8,0.07,0.06,1.7,1.0,0.08,0.8,0.3,0.4,0.7,7.07,0.0,9.0,1.5,2.9,0.5,1078,14,Midfielder,0.6851851851851851,0.2162162162162162,0.0919811320754717,0.2941176470588235,0.0888888888888888,70.43337264150944,42.43514150943396,70.50117924528303,49.36615566037736,57.8095935716318,True,False,France
641595,Nikola Moro,9857,Bologna,ITA-Serie A,8.3,56.5,0.0,0.0,1.9,1.2,0.1,0.04,0.9,0.0,0.17,0.7,0.2,0.1,0.4,6.91,0.0,13.0,0.9,1.8,0.5,1087,18,Midfielder,0.7352941176470589,0.2799999999999999,0.1469026548672566,0.5555555555555556,0.0923076923076923,76.34670243278735,43.64442083074159,61.86493537908632,49.422882541986304,57.73857005807922,True,False,Croatia
836797,Alex Kral,8558,Espanyol,ESP-La Liga,1.2,19.7,3.0,0.0,1.5,1.6,0.05,0.05,1.0,1.0,0.0,0.9,0.1,0.5,0.2,6.73,0.0,12.0,0.7,1.8,1.0,2710,37,Midfielder,0.7297297297297297,0.3333333333333333,0.0609137055837563,1.0,0.1333333333333333,68.45604395604396,55.60989010989013,52.60164835164835,52.51373626373627,57.70533554719199,False,False,Czechia
528811,Jens Stage,8697,SV Werder Bremen,GER-Bundesliga,2.3,31.4,4.0,0.0,1.6,2.2,0.12,0.19,1.1,1.0,0.32,0.9,0.6,0.4,0.4,7.12,0.0,15.0,1.8,1.7,0.4,1708,20,Midfielder,0.7027027027027027,0.3461538461538461,0.0732484076433121,0.3636363636363636,0.1466666666666666,57.26793057571359,77.62085320340037,53.989023947750354,43.77600387034349,57.70210302099566,True,False,Denmark
1033099,Hicham Boudaoui,9831,Nice,FRA-Ligue 1,1.3,29.6,2.0,0.0,1.8,1.5,0.14,0.14,1.1,2.0,0.09,1.2,0.7,0.5,0.5,6.8,0.0,12.0,1.4,1.2,0.7,949,15,Midfielder,0.6857142857142857,0.5,0.0439189189189189,0.6363636363636362,0.125,56.85944087359183,68.70466169051075,57.87679262561337,46.98936087497408,57.63859001172502,True,False,Algeria
1073905,Rassoul Ndiaye,9746,Le Havre,FRA-Ligue 1,1.0,25.8,4.0,0.0,0.8,1.7,0.1,0.11,0.7,3.0,0.17,0.5,0.3,0.1,0.4,7.03,0.0,20.0,1.2,2.4,0.7,1629,22,Midfielder,0.8055555555555556,0.1724137931034483,0.0387596899224806,1.0,0.0849999999999999,48.63821791416132,54.26897159444329,74.95169413919415,57.31309178243141,57.55424021234089,True,False,Senegal
971790,Lucien Agoume,8302,Sevilla,ESP-La Liga,2.4,37.5,5.0,0.0,1.5,1.2,0.06,0.04,2.0,2.0,0.05,1.5,0.1,0.2,0.4,6.93,0.0,18.0,0.6,2.0,0.4,1670,21,Midfielder,0.6363636363636364,0.4285714285714285,0.064,0.2,0.0666666666666666,57.01656126891976,49.91019593613933,66.42282206786923,58.187504319579794,57.52980499526407,True,False,France
1281461,José Ángel Carmona,8302,Sevilla,ESP-La Liga,1.8,35.3,3.0,0.0,3.0,1.1,0.05,0.03,1.7,3.0,0.05,1.3,0.2,0.4,0.2,6.92,0.0,11.0,0.7,2.5,0.7,1799,22,Defender,0.6909090909090909,0.3421052631578947,0.0509915014164306,0.4117647058823529,0.1,54.050815536664594,45.93962091367752,65.53746803510954,71.07518660584698,57.52459153630057,True,False,Spain
952322,Brenden Aaronson,8463,Leeds United,ENG-Premier League,0.3,21.0,7.0,0.0,0.4,2.8,0.15,0.18,0.8,3.0,0.22,0.5,0.8,0.2,0.4,6.79,0.0,23.0,1.8,2.1,1.1,1662,25,Midfielder,0.7647058823529411,0.1923076923076923,0.0142857142857142,1.375,0.1217391304347826,50.5689858490566,80.57193396226415,62.99528301886792,40.81662735849056,57.50500577405694,True,False,USA
1192406,Lorenz Assignon,9851,Rennes,FRA-Ligue 1,0.8,31.4,6.0,0.0,2.2,3.7,0.14,0.08,2.0,4.0,0.11,1.0,0.2,0.1,0.5,6.89,0.0,29.0,0.8,1.9,1.1,2362,32,Midfielder,0.5918367346938775,0.3448275862068966,0.0254777070063694,0.55,0.1275862068965517,50.340659340659336,78.65934065934066,55.56043956043956,49.40934065934066,57.47334513408325,False,False,France
1156141,Jamal Musiala,9823,Bayern München,GER-Bundesliga,0.6,38.5,9.0,0.0,0.2,5.9,0.3,0.47,1.0,2.0,0.6,0.4,1.6,0.0,0.7,7.77,0.0,41.0,3.4,1.8,3.6,1804,25,Midfielder,0.6875,0.1818181818181818,0.0155844155844155,3.6,0.1439024390243902,60.7032967032967,90.48901098901098,56.6043956043956,30.54945054945055,57.454740013220345,False,False,Germany
951918,Philipp Sander,9788,Borussia Mönchengladbach,GER-Bundesliga,2.3,41.9,0.0,0.0,3.8,1.4,0.09,0.05,1.0,0.0,0.07,1.7,0.3,0.3,0.2,6.82,0.0,5.0,1.0,2.9,0.1,1378,18,Midfielder,0.8214285714285714,0.3695652173913044,0.0548926014319809,0.1,0.2799999999999999,40.81481529476813,48.60637397194001,74.84038720713248,84.63557865090884,57.406789130341096,True,False,Germany
753724,Viti,8306,Las Palmas,ESP-La Liga,1.3,26.4,2.0,0.0,2.4,1.3,0.06,0.0,1.3,2.0,0.0,1.2,0.1,0.3,0.1,6.82,0.0,12.0,0.1,3.2,0.4,1986,29,Defender,0.7719298245614036,0.2727272727272727,0.0492424242424242,0.3076923076923077,0.1083333333333333,45.59065934065935,49.46703296703297,68.63461538461539,78.13186813186813,57.40413408945449,False,False,Spain
765998,Amos Pieper,8697,SV Werder Bremen,GER-Bundesliga,4.5,57.6,0.0,0.0,7.2,0.4,0.04,0.04,0.7,0.0,0.0,1.8,0.3,0.9,0.1,6.94,0.0,2.0,0.8,2.2,0.0,960,12,Defender,0.851063829787234,0.45,0.078125,0.0,0.2,47.42592352615937,42.17734466791071,68.8905504872486,89.33625336927224,57.38785712673197,True,False,Germany
604126,Giovani Lo Celso,8603,Real Betis,ESP-La Liga,2.5,49.0,6.0,0.0,0.3,2.0,0.17,0.2,0.6,2.0,0.16,0.4,0.8,0.0,0.9,7.11,0.0,25.0,2.2,1.1,1.1,1098,17,Midfielder,0.7142857142857143,0.2666666666666666,0.0510204081632653,1.8333333333333333,0.08,82.05585216670121,75.56404208998549,53.63325039740133,25.73260073260073,57.31481950813128,True,False,Argentina
291635,Pedro Bigas,10268,Elche,ESP-La Liga,3.7,65.3,4.0,0.0,3.9,1.1,0.07,0.04,1.0,2.0,0.0,1.4,0.1,0.7,0.0,7.06,0.0,10.0,0.5,1.9,0.2,1331,17,Defender,0.7674418604651163,0.4242424242424242,0.0566615620214395,0.2,0.11,51.60672169811321,58.53183962264151,52.166863207547166,73.4817216981132,57.31185566958949,True,False,Spain
959407,James Hill,8678,Bournemouth,ENG-Premier League,2.5,28.7,2.0,0.0,7.3,0.8,0.07,0.02,0.9,3.0,0.0,1.9,0.1,0.6,0.0,7.12,0.0,5.0,0.4,1.8,0.1,1024,17,Defender,0.8043478260869564,0.5135135135135135,0.0871080139372822,0.1111111111111111,0.16,45.70459905660377,56.450471698113205,55.63974056603773,84.68455188679245,57.25480998344522,True,False,England
562719,Valentin Rongier,9851,Rennes,FRA-Ligue 1,1.6,56.2,5.0,0.0,1.6,2.3,0.12,0.04,1.7,2.0,0.05,1.0,0.3,0.4,0.7,7.46,0.0,27.0,0.9,2.2,0.8,1755,20,Midfielder,0.6530612244897959,0.3125,0.0284697508896797,0.4705882352941177,0.0851851851851851,47.79065156541572,63.9984622295943,65.60001123090746,55.03848745594028,57.240648668309866,True,False,France
1347574,Nico Paz,10171,Como,ITA-Serie A,0.8,36.4,11.0,0.0,0.4,3.3,0.14,0.28,1.8,6.0,0.38,0.8,1.6,0.1,0.9,7.7,0.0,40.0,4.0,2.7,2.1,2113,25,Midfielder,0.6603773584905661,0.2285714285714286,0.0219780219780219,1.1666666666666667,0.0824999999999999,57.74116213974705,71.0381937245145,64.29648299813392,37.28345946506323,57.23592141829919,True,False,Argentina
845998,Antonio Blanco,9866,Alavés,ESP-La Liga,3.3,51.3,1.0,0.0,1.2,0.9,0.04,0.03,2.0,1.0,0.05,1.8,0.4,0.3,0.1,7.04,0.0,12.0,1.1,3.0,0.7,1874,22,Midfielder,0.7058823529411765,0.375,0.0643274853801169,0.35,0.075,68.76387017070978,41.133034418411775,59.68737473218605,62.15940113345774,57.20417998727691,True,False,Spain
1323398,Abel Bretones,8371,Osasuna,ESP-La Liga,1.4,20.4,0.0,0.0,2.7,0.9,0.06,0.04,0.8,0.0,0.07,1.0,0.2,0.3,0.1,6.84,0.0,9.0,0.7,2.0,0.8,1383,20,Defender,0.7894736842105263,0.3333333333333333,0.0686274509803921,1.0,0.1,67.60108680627548,41.68324521390559,57.700817264496514,65.42293005736401,57.202890361341424,True,False,Spain
1049999,Enzo Le Fee,8472,Sunderland,ENG-Premier League,1.0,27.6,4.0,0.0,1.2,2.7,0.12,0.17,1.0,4.0,0.13,0.9,0.2,0.5,0.6,6.98,0.0,31.0,1.0,2.6,0.4,2030,25,Midfielder,0.7777777777777778,0.2571428571428572,0.036231884057971,0.4,0.0870967741935483,37.69457547169811,66.79245283018868,78.90919811320754,58.82959905660377,57.182954469439146,True,False,France
1203512,Tim Iroegbunam,8668,Everton,ENG-Premier League,0.7,24.8,3.0,0.0,0.5,0.6,0.06,0.04,1.6,2.0,0.0,1.5,0.0,0.7,0.4,6.77,0.0,5.0,0.7,4.1,0.7,939,19,Midfielder,0.7777777777777778,0.2678571428571428,0.0282258064516129,0.4374999999999999,0.12,40.56014150943396,51.3502358490566,83.57900943396226,68.04245283018868,57.16704531114909,True,False,England
1310480,Sergi Altimira,8603,Real Betis,ESP-La Liga,2.1,51.1,2.0,0.0,1.9,1.2,0.05,0.08,1.6,1.0,0.0,1.1,0.2,0.0,0.5,6.9,0.0,22.0,1.0,2.8,0.7,1972,32,Midfielder,0.7090909090909091,0.2820512820512821,0.0410958904109589,0.4374999999999999,0.0545454545454545,59.31318681318681,38.04945054945055,73.70054945054945,65.3434065934066,57.140036158165145,False,False,Spain
534670,Martin Ødegaard,9825,Arsenal,ENG-Premier League,2.6,45.0,4.0,0.0,0.5,2.9,0.25,0.09,0.6,4.0,0.08,0.6,0.6,0.0,1.1,6.98,0.0,29.0,1.7,1.4,0.8,1065,19,Midfielder,0.7692307692307692,0.3,0.0577777777777777,1.3333333333333337,0.0999999999999999,74.2244928813325,79.89601907526436,54.19198372382334,27.06326888520285,57.11566919570493,True,False,Norway
749488,Romano Schmid,8697,SV Werder Bremen,GER-Bundesliga,2.1,32.6,11.0,0.0,0.3,6.4,0.3,0.21,0.7,5.0,0.09,0.4,0.6,0.1,1.2,7.16,0.0,60.0,1.7,1.4,1.1,1931,22,Midfielder,0.72,0.2222222222222222,0.0644171779141104,1.5714285714285716,0.1066666666666666,80.03375319648906,86.92047653604259,51.88833454281567,22.89940994540051,57.0814203400605,True,False,Austria
175311,Kiko,8305,Getafe,ESP-La Liga,1.3,24.0,1.0,0.0,2.2,0.8,0.05,0.01,1.0,1.0,0.0,1.8,0.1,0.1,0.3,6.8,0.0,12.0,0.3,2.1,0.3,1404,19,Defender,0.7959183673469388,0.4615384615384615,0.0541666666666666,0.3,0.0666666666666666,47.86797204367959,44.82993814361739,71.61074538668878,75.70847587946646,57.07934656608366,True,False,Spain
1053714,Nicola Zalewski,8524,Atalanta,ITA-Serie A,1.9,23.1,6.0,0.0,1.4,2.6,0.2,0.16,0.9,2.0,0.16,0.7,0.5,0.0,0.3,7.09,0.0,21.0,2.0,1.3,1.6,1148,21,Midfielder,0.6896551724137931,0.35,0.0822510822510822,1.777777777777778,0.1238095238095238,78.57779131246112,80.1545200082936,44.44764669292971,31.58694882161863,57.07365398843056,True,False,Poland
566158,Kevin Diks,9788,Borussia Mönchengladbach,GER-Bundesliga,3.0,54.4,0.0,0.0,5.1,0.9,0.05,0.19,0.7,0.0,0.17,0.9,0.4,0.7,0.1,6.99,0.0,4.0,0.7,1.8,0.4,1601,19,Defender,0.7941176470588235,0.3333333333333333,0.0551470588235294,0.5714285714285715,0.225,65.23584905660378,46.014150943396224,52.6002358490566,67.61497641509433,57.059012603427405,True,False,Indonesia
824635,Diogo Leite,8149,1. FC Union Berlin,GER-Bundesliga,3.6,31.8,0.0,0.0,6.2,0.6,0.04,0.07,1.3,0.0,0.0,1.7,0.1,0.4,0.0,6.94,0.0,3.0,0.6,1.3,0.3,1361,16,Defender,0.6976744186046512,0.5666666666666667,0.1132075471698113,0.2307692307692307,0.1999999999999999,64.97593994056258,48.91332331190822,46.62749671711936,72.92251969728385,57.005324512368944,True,False,Portugal
890263,Jordan Teze,9829,Monaco,FRA-Ligue 1,2.7,43.0,2.0,0.0,2.4,2.3,0.14,0.02,1.5,0.0,0.0,1.1,0.1,0.3,0.4,6.88,0.0,18.0,0.5,2.3,0.1,1527,21,Defender,0.693877551020408,0.3235294117647059,0.0627906976744186,0.0666666666666666,0.1277777777777777,41.26474056603773,71.00825471698113,65.33608490566037,59.25707547169811,56.99506651367749,True,False,Netherlands
1280082,Matias Soulé,8686,Roma,ITA-Serie A,1.6,33.2,4.0,0.0,0.5,3.0,0.16,0.18,0.3,4.0,0.32,0.5,0.7,0.1,1.7,7.11,0.0,34.0,2.2,0.8,1.4,1691,25,Midfielder,0.8125,0.3846153846153846,0.0481927710843373,4.666666666666667,0.088235294117647,71.40970350404314,70.6348054461262,56.55431871587532,31.20108075886377,56.92882610180474,True,False,Argentina
978680,Han-Noah Massengo,8406,FC Augsburg,GER-Bundesliga,1.0,36.6,3.0,0.0,1.8,1.2,0.06,0.05,0.8,1.0,0.1,1.4,0.2,0.3,0.7,7.05,0.0,13.0,0.7,1.7,1.0,1798,22,Midfielder,0.7948717948717949,0.4516129032258065,0.0273224043715847,1.25,0.0923076923076923,54.65004060405004,50.047394429469904,66.24183167461469,58.53607281083695,56.87092791911165,True,False,France
642551,Aleix Garcia,8178,Bayer 04 Leverkusen,GER-Bundesliga,5.5,101.1,9.0,0.0,1.1,4.0,0.21,0.07,0.3,5.0,0.05,0.8,0.2,0.2,0.2,7.45,0.0,31.0,0.9,0.7,0.2,1753,21,Midfielder,0.8333333333333333,0.5333333333333333,0.0544015825914935,0.6666666666666667,0.1290322580645161,62.89943586287927,86.54144204851752,44.99963283571774,38.63829566659755,56.83369494339768,True,False,Spain
1126058,Malik Tillman,8178,Bayer 04 Leverkusen,GER-Bundesliga,0.7,36.6,6.0,0.0,0.8,2.1,0.15,0.19,0.9,0.0,0.29,0.9,0.4,0.3,0.8,7.28,0.0,22.0,1.7,2.0,0.6,1248,17,Midfielder,0.7631578947368421,0.3103448275862069,0.0191256830601092,0.6666666666666666,0.0954545454545454,40.84316037735849,72.64740566037736,73.60849056603773,49.36615566037736,56.76212804009911,True,False,USA
921825,Jon Moncayola,8371,Osasuna,ESP-La Liga,3.2,35.0,7.0,0.0,1.6,2.3,0.11,0.08,1.2,4.0,0.0,0.7,0.1,0.1,0.4,7.08,0.0,26.0,0.8,1.6,0.5,1847,22,Midfielder,0.6571428571428571,0.3043478260869565,0.0914285714285714,0.4166666666666667,0.0884615384615384,64.4870758172645,72.92916753058263,51.93845030755407,38.12642546133112,56.713256339671176,True,False,Spain
760320,Aaron Wan-Bissaka,8654,West Ham United,ENG-Premier League,1.0,24.8,1.0,0.0,4.6,0.7,0.05,0.0,1.0,2.0,0.0,1.8,0.0,0.3,0.1,6.96,0.0,15.0,0.0,1.4,0.8,1463,17,Defender,0.7619047619047619,0.5625,0.0403225806451612,0.8,0.0466666666666666,57.33156230561891,43.0028682009814,59.26902774898057,74.30377012924181,56.663266843824594,True,False,DR Congo
242156,Djibril Sidibé,9941,Toulouse,FRA-Ligue 1,1.4,28.8,3.0,0.0,2.2,1.3,0.08,0.14,1.1,3.0,0.18,0.4,0.2,0.2,0.4,6.94,0.0,11.0,0.4,2.0,0.4,1523,22,Defender,0.6857142857142857,0.1666666666666666,0.0486111111111111,0.3636363636363636,0.1181818181818181,51.16213974704541,67.18345255373556,58.20561199806483,51.59666787614901,56.65858649273118,True,False,France
950485,Maxence Lacroix,9826,Crystal Palace,ENG-Premier League,2.5,41.0,3.0,0.0,7.0,0.8,0.03,0.07,0.9,2.0,0.0,1.3,0.1,0.5,0.0,7.09,0.0,5.0,0.6,1.9,0.2,2340,26,Defender,0.7804878048780487,0.40625,0.0609756097560975,0.2222222222222222,0.16,51.2414299536941,50.03992155643099,54.19228177482895,80.81218899025502,56.58421051278776,True,False,France
671686,Aleix Febas,10268,Elche,ESP-La Liga,1.6,54.0,1.0,0.0,0.6,2.1,0.09,0.07,0.9,1.0,0.09,0.6,0.3,0.1,0.5,7.3,0.0,18.0,0.7,1.9,1.7,2060,23,Midfielder,0.7352941176470589,0.24,0.0296296296296296,1.8888888888888888,0.1166666666666666,67.2818396226415,59.41037735849056,60.42158018867924,37.52948113207548,56.49466877487854,True,False,Spain
625175,Grischa Prömel,8226,TSG 1899 Hoffenheim,GER-Bundesliga,1.3,40.5,1.0,0.0,2.5,1.7,0.13,0.26,0.9,2.0,0.47,0.9,0.6,0.4,0.6,7.1,0.0,12.0,1.9,2.0,0.4,1160,22,Midfielder,0.7631578947368421,0.3103448275862069,0.0320987654320987,0.4444444444444445,0.1416666666666666,40.21226415094339,64.72287735849056,71.02594339622641,59.52240566037736,56.47579588019582,True,False,Germany
541820,Nicolo Barella,8636,Internazionale,ITA-Serie A,2.9,51.1,12.0,0.0,0.4,4.7,0.25,0.12,1.3,5.0,0.05,0.2,0.2,0.1,0.9,7.34,0.0,50.0,1.2,1.9,0.7,1681,23,Midfielder,0.6176470588235293,0.0952380952380952,0.0567514677103718,0.5384615384615384,0.094,74.45610443016103,79.3472164627825,53.910269368995785,25.830784781256483,56.467480776798496,True,False,Italy
1404415,Fermin Lopez,8634,Barcelona,ESP-La Liga,2.0,39.4,10.0,0.0,0.3,3.0,0.25,0.34,1.3,5.0,0.34,0.4,1.3,0.0,0.7,7.31,0.0,22.0,3.5,2.0,1.8,1070,18,Midfielder,0.6486486486486486,0.1666666666666666,0.0507614213197969,1.3846153846153846,0.1363636363636363,76.82613691340107,88.19568560370446,51.509386446886445,22.81926014237335,56.4477245673048,True,False,Spain
785511,Fran Beltrán,9910,Celta de Vigo,ESP-La Liga,2.9,48.6,4.0,0.0,1.2,1.8,0.07,0.04,1.3,1.0,0.07,1.0,0.1,0.2,0.3,6.73,0.0,15.0,0.9,1.9,0.4,2426,34,Midfielder,0.6904761904761905,0.3448275862068966,0.0596707818930041,0.3076923076923077,0.12,60.12637362637364,60.06043956043956,54.58241758241758,49.175824175824175,56.361189634767534,False,False,Spain
80295,Yuri Berchiche,8315,Athletic Club,ESP-La Liga,2.1,41.9,2.0,0.0,3.7,1.5,0.08,0.02,0.9,2.0,0.0,1.3,0.2,0.1,0.3,7.07,0.0,19.0,0.7,1.5,0.3,1755,21,Defender,0.7567567567567568,0.4642857142857143,0.0501193317422434,0.3333333333333333,0.0789473684210526,50.062638226553325,56.13149664800608,58.28233637431751,64.80920416061926,56.34655274257089,True,False,Spain
919742,Senne Lynen,8697,SV Werder Bremen,GER-Bundesliga,3.0,43.7,0.0,0.0,3.1,1.3,0.06,0.03,1.3,0.0,0.0,2.3,0.1,0.3,0.2,6.67,0.0,9.0,0.8,2.0,0.1,1857,21,Midfielder,0.7678571428571429,0.5348837209302325,0.068649885583524,0.0769230769230769,0.1444444444444444,43.539817886516,46.14341004907043,72.38337566521528,77.42101648351648,56.28269517469936,True,False,Belgium
282472,Sergi Darder,8661,Mallorca,ESP-La Liga,2.9,30.2,9.0,0.0,0.4,3.1,0.17,0.1,0.8,3.0,0.05,0.9,0.4,0.3,0.4,7.01,0.0,36.0,1.5,0.9,1.6,1666,24,Midfielder,0.6923076923076923,0.5,0.0960264900662251,2.0,0.0861111111111111,90.96278250051836,76.19145241550902,42.14429556292763,26.80381332503974,56.22891466740131,True,False,Spain
493165,James Maddison,8586,Tottenham Hotspur,ENG-Premier League,2.0,49.3,6.0,0.0,0.8,5.9,0.29,0.29,1.6,7.0,0.45,0.6,0.8,0.2,0.7,7.29,0.0,41.0,1.9,1.5,1.6,1816,31,Midfielder,0.5675675675675675,0.2857142857142857,0.0405679513184584,1.0,0.1439024390243902,73.71978021978022,88.39010989010988,47.271978021978015,26.25,56.15041020165447,False,False,England
782502,Malang Sarr,8588,Lens,FRA-Ligue 1,3.8,50.5,1.0,0.0,4.2,0.4,0.02,0.04,0.7,1.0,0.0,2.4,0.1,0.7,0.1,7.56,0.0,1.0,0.6,2.1,0.1,1890,21,Defender,0.8653846153846153,0.5333333333333333,0.0752475247524752,0.1428571428571428,0.4,51.7161733706545,41.044120187988106,63.090745732255165,81.23786198078652,56.14922479435298,True,False,France
951714,Adrián Bernabé,10167,Parma,ITA-Serie A,2.7,38.1,6.0,0.0,0.8,2.8,0.13,0.09,0.5,1.0,0.14,0.5,0.5,0.2,0.5,7.03,0.0,46.0,1.9,1.2,0.5,1979,25,Midfielder,0.7727272727272726,0.2941176470588235,0.0708661417322834,1.0,0.0608695652173913,80.0716618287373,58.11636947957703,50.09049951620705,36.33256876771028,56.119828240074,True,False,Spain
1331097,Pablo Pagis,8689,Lorient,FRA-Ligue 1,2.3,24.8,2.0,0.0,1.3,1.6,0.12,0.42,1.2,0.0,0.56,1.0,1.0,0.2,0.8,7.08,0.0,18.0,2.9,1.3,1.0,1130,19,Midfielder,0.6571428571428571,0.4347826086956522,0.0927419354838709,0.8333333333333334,0.0888888888888888,81.78655660377358,58.6438679245283,51.39150943396226,33.564268867924525,56.07360920513259,True,False,France
1329255,Louis Mouton,8121,Angers,FRA-Ligue 1,1.3,24.9,4.0,0.0,0.7,2.1,0.13,0.14,1.0,1.0,0.12,0.5,0.5,0.2,0.4,6.63,0.0,18.0,1.7,1.8,0.5,1484,21,Midfielder,0.6969696969696969,0.2173913043478261,0.0522088353413654,0.5,0.1166666666666666,59.3318171608266,65.30573121846707,58.47264842076163,40.34822292487386,56.05665674736549,True,False,France
1292354,Theo Le Bris,8689,Lorient,FRA-Ligue 1,0.5,26.4,2.0,0.0,1.8,1.6,0.1,0.08,0.5,2.0,0.13,0.6,0.3,0.1,0.3,6.98,0.0,12.0,0.8,1.9,0.7,1436,21,Midfielder,0.8333333333333334,0.24,0.0189393939393939,1.4,0.1333333333333333,46.951650943396224,64.0448113207547,62.64150943396227,53.876768867924525,56.054709977966965,True,False,France
157723,Christian Eriksen,8721,VfL Wolfsburg,GER-Bundesliga,1.9,33.9,5.0,0.0,1.4,2.8,0.18,0.16,0.6,4.0,0.06,0.6,0.5,0.3,0.6,6.86,0.0,29.0,1.4,1.4,0.4,1395,19,Midfielder,0.7692307692307692,0.3,0.0560471976401179,0.6666666666666667,0.096551724137931,53.19555169673095,73.2368252816366,59.64126321791415,39.827519178934274,55.95879218707878,True,False,Denmark
198277,Nicolas Pallois,9830,Nantes,FRA-Ligue 1,2.9,31.5,1.0,0.0,7.0,0.4,0.02,0.02,1.0,2.0,0.0,1.2,0.0,0.8,0.1,6.81,0.0,3.0,0.1,2.7,0.1,2020,26,Defender,0.7959183673469388,0.3076923076923076,0.092063492063492,0.1,0.1333333333333333,49.69505494505495,36.47802197802199,68.72802197802199,88.10439560439562,55.93514254610167,False,False,France
1127054,Tomas Suslov,9876,Verona,ITA-Serie A,1.6,15.5,4.0,0.0,0.6,1.7,0.07,0.07,2.3,1.0,0.0,0.8,0.3,0.1,0.5,6.62,0.0,27.0,1.4,2.3,1.5,2097,31,Midfielder,0.5740740740740741,0.2580645161290323,0.1032258064516129,0.6521739130434783,0.0629629629629629,76.83791208791209,49.39010989010989,57.67857142857142,39.01098901098901,55.92083925969301,False,False,Slovakia
266520,Christian Nørgaard,9937,Brentford,ENG-Premier League,2.1,36.7,3.0,0.0,2.0,1.4,0.04,0.14,1.4,4.0,0.16,1.6,0.5,0.6,0.4,7.24,0.0,18.0,1.2,2.5,0.2,2829,34,Midfielder,0.7454545454545454,0.3902439024390244,0.0572207084468664,0.1428571428571428,0.0777777777777777,44.925824175824175,42.20879120879121,76.57142857142857,74.47802197802197,55.9141669499172,False,False,Denmark
769525,Caio Henrique,9829,Monaco,FRA-Ligue 1,1.5,38.1,4.0,0.0,1.9,2.4,0.16,0.02,0.9,0.0,0.0,0.7,0.0,0.3,0.4,6.58,0.0,16.0,0.1,1.3,0.4,1338,18,Defender,0.6896551724137931,0.35,0.0393700787401574,0.4444444444444445,0.15,52.77964527610754,83.71769818232082,48.27329981339415,44.17182856451725,55.89849074836609,True,False,Brazil
317062,Adrien Thomasson,8588,Lens,FRA-Ligue 1,1.4,38.3,7.0,0.0,1.1,3.9,0.19,0.23,2.2,5.0,0.1,0.7,0.4,0.1,0.5,7.53,0.0,47.0,1.4,2.9,0.5,1832,21,Midfielder,0.6206896551724137,0.1944444444444444,0.0365535248041775,0.2272727272727272,0.0829787234042553,45.1634831363605,75.72530928191306,65.08357954938144,43.34497460087082,55.84728961853429,True,False,France
1190025,Alvaro Carreras,8633,Real Madrid,ESP-La Liga,1.6,58.6,1.0,0.0,2.5,1.2,0.06,0.01,0.8,2.0,0.1,1.6,0.1,0.3,0.4,7.54,0.0,20.0,0.4,1.5,0.7,1791,21,Defender,0.7948717948717948,0.5161290322580645,0.0273037542662116,0.8749999999999999,0.06,55.318396226415096,40.465801886792455,67.43514150943396,66.83372641509435,55.82819870186995,True,False,Spain
469804,Kenny Tete,9879,Fulham,ENG-Premier League,1.7,37.8,1.0,0.0,3.2,1.0,0.07,0.04,1.2,0.0,0.06,1.3,0.2,0.3,0.0,7.09,0.0,9.0,0.7,3.4,0.4,1444,18,Defender,0.7966101694915254,0.2765957446808511,0.0449735449735449,0.3333333333333333,0.1111111111111111,47.71655349367614,42.38696523602184,66.66505114382473,79.8634148869998,55.82811065243288,True,False,Netherlands
1193815,Julian Niehues,94937,1. FC Heidenheim 1846,GER-Bundesliga,2.1,34.0,1.0,0.0,2.5,0.8,0.07,0.11,0.7,0.0,0.27,1.4,0.5,0.4,0.2,6.72,0.0,3.0,1.5,1.1,0.4,994,17,Midfielder,0.78125,0.5599999999999999,0.0617647058823529,0.5714285714285715,0.2666666666666666,61.47110849056604,54.215801886792455,49.87617924528302,57.67983490566037,55.82270545614739,True,False,Germany
516846,Julian Brandt,9789,Borussia Dortmund,GER-Bundesliga,1.0,32.3,4.0,0.0,0.7,2.9,0.24,0.38,0.3,2.0,0.5,0.3,1.2,0.0,0.8,7.42,0.0,20.0,2.1,0.9,1.1,1080,17,Midfielder,0.7999999999999999,0.25,0.0309597523219814,3.666666666666667,0.145,60.57638312944917,84.71560750570184,55.219542642891696,29.58987749671712,55.774244202758624,True,False,Germany
805451,Alessandro Bastoni,8636,Internazionale,ITA-Serie A,5.1,62.6,7.0,0.0,3.5,2.5,0.12,0.06,1.6,4.0,0.05,1.0,0.3,0.2,0.3,7.54,0.0,21.0,0.8,1.9,0.2,1860,22,Defender,0.6444444444444444,0.3448275862068966,0.0814696485623003,0.125,0.119047619047619,57.25856140714632,74.15161725067385,45.47656196005253,48.45609579100145,55.76977296862035,True,False,Italy
664970,Waldemar Anton,9789,Borussia Dortmund,GER-Bundesliga,2.7,67.1,0.0,0.0,5.5,0.6,0.03,0.06,0.8,0.0,0.1,0.9,0.2,0.6,0.1,7.52,0.0,6.0,0.6,2.0,0.5,1800,20,Defender,0.7837837837837838,0.3103448275862069,0.0402384500745156,0.625,0.0999999999999999,66.84229646140024,38.28209447784919,53.15330620637224,71.93262319441565,55.72269104269167,True,False,Germany
1185609,Robin Fellhauer,8406,FC Augsburg,GER-Bundesliga,0.9,23.0,3.0,0.0,2.3,1.5,0.08,0.06,0.9,1.0,0.05,0.7,0.2,0.2,0.5,7.05,0.0,17.0,1.0,2.3,0.5,1815,22,Midfielder,0.7692307692307693,0.2333333333333333,0.0391304347826087,0.5555555555555556,0.088235294117647,44.28950471698114,55.7311320754717,70.99646226415095,58.07783018867924,55.72190647371021,True,False,Germany
1096353,Cole Palmer,8455,Chelsea,ENG-Premier League,1.9,32.4,2.0,0.0,0.6,1.0,0.09,0.69,0.8,1.0,0.72,0.8,1.4,0.0,0.8,7.22,0.0,11.0,3.1,1.2,1.3,1000,15,Midfielder,0.7142857142857143,0.4,0.0586419753086419,1.625,0.0909090909090909,82.50422454903587,62.972510194208304,51.93199253576611,28.981486281014583,55.72030495913666,True,False,England
789646,Jayden Bogle,8463,Leeds United,ENG-Premier League,1.0,22.0,2.0,0.0,2.2,1.2,0.05,0.08,1.1,1.0,0.04,1.1,0.1,0.2,0.5,6.6,0.0,10.0,0.5,2.1,0.5,2025,24,Defender,0.7441860465116278,0.34375,0.0454545454545454,0.4545454545454545,0.12,45.722287735849065,51.43278301886792,70.85200471698113,61.3502358490566,55.71853318390581,True,False,England
1174672,Joao Gomes,8602,Wolverhampton Wanderers,ENG-Premier League,1.3,41.0,1.0,0.0,1.6,1.3,0.06,0.04,2.3,0.0,0.0,1.3,0.2,0.2,0.4,6.9,0.0,13.0,0.5,3.3,1.2,2026,25,Midfielder,0.6666666666666666,0.2826086956521739,0.0317073170731707,0.5217391304347826,0.1,53.52558487110375,45.16553493676136,70.08083661621397,57.31916079203816,55.632682352286295,True,False,Brazil
1226147,Giuliano Simeone,9906,Atlético de Madrid,ESP-La Liga,0.5,31.6,6.0,0.0,0.5,3.4,0.19,0.21,1.0,5.0,0.11,0.8,0.5,0.1,0.6,7.2,0.0,21.0,1.7,1.8,1.4,1597,21,Midfielder,0.7222222222222222,0.3076923076923077,0.0158227848101265,1.4,0.1619047619047619,53.48784470246735,88.1095445435068,54.212065450273,34.07440044232497,55.55739851761102,True,False,Argentina
873956,Juan Miranda,9857,Bologna,ITA-Serie A,4.5,44.6,3.0,0.0,2.5,3.1,0.17,0.02,1.0,0.0,0.06,1.2,0.2,0.2,0.2,7.17,0.0,43.0,0.5,1.4,0.2,1636,21,Defender,0.7222222222222222,0.4615384615384615,0.100896860986547,0.2,0.0720930232558139,60.35319044163384,70.84906524293318,43.9112974289861,48.5259002004285,55.54339075021911,True,False,Spain
770321,Mahdi Camara,9851,Rennes,FRA-Ligue 1,0.5,33.6,3.0,0.0,1.5,1.9,0.11,0.08,1.4,1.0,0.06,1.1,0.3,0.2,0.5,7.09,0.0,17.0,0.7,1.9,0.8,1598,20,Midfielder,0.6818181818181818,0.3666666666666667,0.0148809523809523,0.5714285714285715,0.1117647058823529,44.43905504872487,65.03429746354274,65.99525710138919,51.31727745524916,55.53233830576387,True,False,France
947884,Wouter Burger,8226,TSG 1899 Hoffenheim,GER-Bundesliga,2.2,37.0,9.0,0.0,2.7,3.5,0.2,0.15,2.3,5.0,0.23,0.7,0.6,0.3,0.8,7.46,0.0,33.0,1.4,2.5,0.2,1551,19,Midfielder,0.5818181818181819,0.2187499999999999,0.0594594594594594,0.0869565217391304,0.106060606060606,41.57134433962264,83.1308962264151,61.43867924528301,45.60731132075471,55.52597562943479,True,False,Netherlands
763970,Valentin Rosier,8371,Osasuna,ESP-La Liga,1.0,28.8,2.0,0.0,3.2,1.1,0.08,0.01,1.4,1.0,0.0,1.4,0.0,0.1,0.2,6.87,0.0,8.0,0.3,1.6,0.8,1313,17,Defender,0.6818181818181818,0.4666666666666666,0.0347222222222222,0.5714285714285715,0.1375,52.28187849885963,53.66984587739305,53.63620067039879,66.04469037252056,55.49706624450778,True,False,France
798659,Joe Aribo,8466,Southampton,ENG-Premier League,0.7,41.2,3.0,0.0,1.2,1.3,0.06,0.12,0.9,0.0,0.13,0.9,0.3,0.5,0.5,6.62,0.0,16.0,0.8,2.1,0.9,2018,32,Midfielder,0.7692307692307693,0.3,0.0169902912621359,1.0,0.08125,50.75824175824177,45.934065934065934,71.61813186813187,58.31043956043956,55.47415600348747,False,False,Nigeria
1340895,Bilal El Khannouss,10269,VfB Stuttgart,GER-Bundesliga,2.8,41.9,4.0,0.0,0.5,3.6,0.29,0.13,1.1,3.0,0.24,0.5,0.7,0.2,0.5,7.27,0.0,32.0,2.0,1.6,0.8,1105,16,Midfielder,0.65625,0.238095238095238,0.0668257756563245,0.7272727272727273,0.1125,80.33788185085355,77.02050936484898,47.52612481857764,25.516924113622228,55.42765118688771,True,False,Morocco
693171,Ludovic Blas,9851,Rennes,FRA-Ligue 1,1.7,25.7,8.0,0.0,0.4,5.4,0.21,0.2,1.2,8.0,0.23,0.5,1.0,0.1,0.5,7.28,0.0,47.0,2.2,1.5,1.7,2302,29,Midfielder,0.625,0.25,0.0661478599221789,1.4166666666666667,0.1148936170212766,80.56593406593407,83.49999999999999,44.71703296703296,24.76648351648352,55.41893394217095,False,False,France
671865,Santi Comesana,10205,Villarreal,ESP-La Liga,1.6,37.2,1.0,0.0,2.1,2.4,0.14,0.18,1.6,2.0,0.12,0.7,0.2,0.6,0.7,6.86,0.0,12.0,1.2,2.0,0.4,1477,22,Midfielder,0.6279069767441859,0.2592592592592592,0.043010752688172,0.25,0.1999999999999999,48.70355155850439,66.73734363121156,61.22375855276798,46.92052837100007,55.38128066555896,True,False,Spain
526827,Konrad Laimer,9823,Bayern München,GER-Bundesliga,1.1,55.0,4.0,0.0,1.3,2.7,0.19,0.12,1.1,4.0,0.14,0.8,0.5,0.3,0.7,7.31,0.0,25.0,0.8,2.0,0.7,1279,18,Defender,0.717948717948718,0.2857142857142857,0.02,0.6363636363636362,0.108,45.28292383716913,77.80356278941184,61.0691348745594,43.32981287580344,55.37873282498666,True,False,Austria
847983,Lisandro Martinez,10260,Manchester United,ENG-Premier League,2.9,63.4,1.0,0.0,4.6,0.5,0.05,0.01,0.8,0.0,0.0,1.0,0.0,0.7,0.1,0.0,0.0,4.0,0.4,1.2,1.1,905,14,Defender,0.7333333333333334,0.4545454545454545,0.0457413249211356,1.375,0.125,68.60809316469694,48.38472769368996,45.202691962125925,61.18064914645104,55.3609547042254,True,False,Argentina
1057433,Tanner Tessmann,9748,Lyon,FRA-Ligue 1,2.2,43.7,3.0,0.0,2.5,1.1,0.07,0.11,0.8,0.0,0.06,0.8,0.4,0.6,0.2,6.96,0.0,10.0,1.3,1.4,0.4,1495,20,Midfielder,0.7333333333333334,0.3636363636363636,0.0503432494279176,0.5,0.11,64.0167858870689,52.19717153915267,51.37000656576129,52.53894101181837,55.34438559091989,True,False,USA
874025,Vitaliy Mykolenko,8668,Everton,ENG-Premier League,1.5,28.5,1.0,0.0,4.2,2.1,0.1,0.01,1.0,1.0,0.0,1.0,0.1,0.3,0.4,6.79,0.0,15.0,0.4,1.4,0.4,1970,22,Defender,0.7058823529411765,0.4166666666666667,0.0526315789473684,0.4,0.14,48.58357954938143,60.328840970350406,54.44688212730665,61.56494056258207,55.32711758209114,True,False,Ukraine
298915,Maximilian Arnold,8721,VfL Wolfsburg,GER-Bundesliga,3.8,41.7,11.0,0.0,3.5,3.9,0.2,0.02,0.9,4.0,0.05,1.2,0.3,0.6,0.2,6.94,0.0,28.0,0.6,1.1,0.2,1800,20,Midfielder,0.71875,0.5217391304347826,0.0911270983213429,0.2222222222222222,0.1392857142857143,54.18672679521736,84.1836426152464,41.02339484414956,49.06677638399336,55.32102373800608,True,False,Germany
774448,Ferdi Kadioglu,10204,Brighton and Hove Albion,ENG-Premier League,1.4,33.4,0.0,0.0,2.1,2.2,0.1,0.06,0.6,0.0,0.0,0.6,0.4,0.3,0.3,6.92,0.0,15.0,0.7,1.9,0.4,2054,25,Defender,0.8064516129032258,0.24,0.0419161676646706,0.6666666666666667,0.1466666666666666,49.08903301886792,59.05660377358491,61.10849056603774,53.84728773584906,55.3185280797678,True,False,Turkiye
1054786,Aimar Oroz,8371,Osasuna,ESP-La Liga,1.4,28.2,3.0,0.0,0.7,2.0,0.14,0.07,1.2,2.0,0.0,0.5,0.2,0.1,0.9,6.96,0.0,23.0,1.3,2.1,1.3,1328,18,Midfielder,0.6842105263157895,0.1923076923076923,0.0496453900709219,1.0833333333333337,0.0869565217391304,69.05132524707996,65.57700946851891,57.69372019489944,30.25867803580068,55.257551019526815,True,False,Spain
159833,Kyle Walker,8191,Burnley,ENG-Premier League,2.5,30.8,3.0,0.0,3.0,1.0,0.04,0.01,1.0,2.0,0.0,1.3,0.0,0.3,0.2,6.67,0.0,8.0,0.1,1.4,0.4,2237,25,Defender,0.7297297297297297,0.4814814814814814,0.0811688311688311,0.4,0.125,64.27476415094338,51.155660377358494,48.41096698113208,56.928066037735846,55.19971008704065,True,False,England
602523,Maximilian Eggestein,8358,Sport-Club Freiburg,GER-Bundesliga,1.2,33.9,2.0,0.0,2.1,1.2,0.05,0.13,0.7,0.0,0.09,1.0,0.4,0.5,0.4,6.93,0.0,14.0,1.5,2.1,0.5,1980,22,Midfielder,0.8157894736842106,0.3225806451612903,0.0353982300884955,0.7142857142857143,0.0857142857142857,43.05809402861289,49.33342836408874,71.75498479507912,66.06618028198217,55.13922068479273,True,False,Germany
1345875,Fares Chaibi,9810,Eintracht Frankfurt,GER-Bundesliga,1.1,30.3,6.0,0.0,1.3,1.8,0.14,0.12,0.8,7.0,0.08,0.7,0.4,0.2,0.8,7.14,0.0,24.0,1.3,1.5,0.4,1168,16,Midfielder,0.7333333333333334,0.3181818181818181,0.0363036303630363,0.5,0.075,47.84411932407215,70.2168688230009,60.93829480268159,44.35428761490082,55.10216085880223,True,False,Algeria
210683,Aissa Mandi,8639,Lille,FRA-Ligue 1,4.8,59.5,0.0,0.0,3.6,0.8,0.05,0.06,0.8,0.0,0.06,1.6,0.1,0.6,0.1,7.08,0.0,7.0,0.4,1.4,0.2,1437,18,Defender,0.7894736842105263,0.5333333333333333,0.080672268907563,0.25,0.1142857142857143,61.39085717741378,42.22758138088327,53.6361401962817,67.02938178174027,55.01075217241398,True,False,Algeria
784241,Manu Morlanes,8661,Mallorca,ESP-La Liga,2.2,42.8,1.0,0.0,1.2,0.9,0.08,0.06,1.2,0.0,0.09,1.0,0.1,0.2,0.3,6.75,0.0,11.0,0.4,3.2,0.4,953,18,Midfielder,0.7777777777777778,0.238095238095238,0.0514018691588785,0.3333333333333333,0.0818181818181818,47.68268798811252,38.34601561960052,78.97698527887208,67.89878360633078,54.977605023898846,True,False,Spain
1080983,Ilia Gruev,8463,Leeds United,ENG-Premier League,1.5,37.6,2.0,0.0,1.0,0.8,0.07,0.03,0.7,3.0,0.0,1.1,0.1,0.4,0.4,6.82,0.0,10.0,0.4,1.8,0.5,1022,17,Midfielder,0.8055555555555556,0.3793103448275862,0.0398936170212765,0.7142857142857143,0.08,53.186910377358494,44.534198113207545,69.3573113207547,56.11733490566037,54.95501210433436,True,False,Bulgaria
988805,Pep Chavarria,8370,Rayo Vallecano,ESP-La Liga,1.9,37.5,3.0,0.0,2.7,2.1,0.1,0.02,1.2,2.0,0.05,1.2,0.1,0.6,0.0,6.84,0.0,16.0,0.7,1.9,0.6,1912,22,Defender,0.7209302325581395,0.3870967741935484,0.0506666666666666,0.5,0.13125,55.15239909461607,61.947327044025165,45.66953054806828,59.26210778215496,54.94611885116863,True,False,Spain
1233655,Alex Scott,8678,Bournemouth,ENG-Premier League,1.3,34.4,2.0,0.0,2.7,1.3,0.06,0.12,1.3,1.0,0.1,1.3,0.3,0.3,0.4,7.01,0.0,14.0,1.4,1.7,0.8,1870,26,Midfielder,0.6976744186046512,0.4333333333333333,0.0377906976744186,0.6153846153846154,0.0928571428571428,54.64033018867924,49.26297169811321,58.94752358490565,57.340801886792455,54.78898939148837,True,False,England
1059657,Sergi Cardona,10205,Villarreal,ESP-La Liga,1.1,27.6,4.0,0.0,2.1,1.9,0.14,0.05,1.4,3.0,0.0,1.8,0.2,0.4,0.3,6.89,0.0,12.0,0.8,2.2,0.2,1224,19,Defender,0.7407407407407407,0.45,0.0398550724637681,0.1428571428571428,0.1583333333333333,29.38712506047412,76.62946644550418,67.6915604050038,70.34649509295735,54.78077915239952,True,False,Spain
578756,Deiver Machado,8588,Lens,FRA-Ligue 1,0.6,31.4,5.0,0.0,1.5,2.9,0.14,0.12,1.4,4.0,0.05,0.8,0.2,0.2,0.4,6.86,0.0,20.0,1.1,1.8,1.1,1805,27,Midfielder,0.65,0.3076923076923077,0.019108280254777,0.7857142857142858,0.145,51.05494505494505,76.93956043956044,51.425824175824175,42.87087912087912,54.72383971422451,False,False,Colombia
1333066,Rahim Alhassane,8670,Real Oviedo,ESP-La Liga,1.3,30.6,2.0,0.0,3.8,0.8,0.05,0.0,0.4,0.0,0.0,1.5,0.0,0.4,0.1,6.67,0.0,14.0,0.1,1.8,0.4,1413,19,Defender,0.8918918918918919,0.4545454545454546,0.0424836601307189,1.0,0.0571428571428571,51.50943396226416,38.08372641509434,62.83903301886792,79.20106132075472,54.70845698914922,True,False,Niger
881640,Lutsharel Geertruida,8472,Sunderland,ENG-Premier League,1.6,36.0,0.0,0.0,2.3,0.6,0.05,0.07,0.6,0.0,0.0,1.1,0.1,0.5,0.3,6.59,0.0,6.0,0.4,2.0,0.5,1012,20,Defender,0.8378378378378378,0.3548387096774194,0.0444444444444444,0.8333333333333334,0.0999999999999999,57.093160377358494,33.49646226415094,70.82841981132074,68.57311320754717,54.70255633618899,True,False,Netherlands
266523,Pierre-Emile Højbjerg,8592,Marseille,FRA-Ligue 1,2.8,72.6,3.0,0.0,1.5,1.8,0.1,0.1,1.0,3.0,0.11,0.9,0.5,0.2,0.8,7.37,0.0,20.0,1.5,1.0,0.7,1661,20,Midfielder,0.6551724137931034,0.4736842105263158,0.0385674931129476,0.7,0.09,55.98328754578754,65.02458704817195,55.54984795079134,41.70774587048172,54.6891259600116,True,False,Denmark
623716,Josh Cullen,8191,Burnley,ENG-Premier League,2.5,43.1,4.0,0.0,2.1,1.4,0.08,0.05,0.9,2.0,0.12,1.3,0.4,0.7,0.2,6.89,0.0,13.0,0.7,1.8,0.1,1519,18,Midfielder,0.775,0.4193548387096774,0.0580046403712296,0.1111111111111111,0.1076923076923076,40.49233490566038,61.928066037735846,60.94929245283018,64.09198113207546,54.67472807680867,True,False,Ireland
1458711,Murillo,10203,Nottingham Forest,ENG-Premier League,3.8,39.1,1.0,0.0,5.5,0.4,0.03,0.03,0.9,0.0,0.06,1.6,0.2,1.0,0.1,7.02,0.0,6.0,0.4,1.6,0.5,1551,18,Defender,0.7804878048780487,0.5,0.0971867007672634,0.5555555555555556,0.0666666666666666,79.6204989978575,29.017736194622987,52.1075661759624,72.90737957011542,54.67047478991291,True,False,Brazil
1284429,Javier Guerra,10267,Valencia CF,ESP-La Liga,2.3,35.0,4.0,0.0,1.7,1.2,0.1,0.09,1.4,3.0,0.0,1.1,0.3,0.3,0.2,6.64,0.0,12.0,1.1,1.2,1.1,1077,23,Midfielder,0.6216216216216216,0.4782608695652174,0.0657142857142857,0.7857142857142858,0.0999999999999999,77.57277196074365,65.54582210242587,40.95515412260695,36.85718173336098,54.62992608278543,True,False,Spain
1155130,Luca Netz,9788,Borussia Mönchengladbach,GER-Bundesliga,1.0,26.1,4.0,0.0,3.6,1.5,0.15,0.0,0.8,2.0,0.0,0.5,0.0,0.5,0.3,6.84,0.0,10.0,0.2,1.5,0.9,938,15,Defender,0.7142857142857143,0.25,0.0383141762452107,1.125,0.15,52.377544232497065,64.74377980510057,49.5486816642477,52.80323450134771,54.55482707210614,True,False,Germany
1598982,Gerard Martin,8634,Barcelona,ESP-La Liga,2.4,70.1,1.0,0.0,3.8,0.6,0.05,0.0,0.5,0.0,0.0,1.3,0.0,0.3,0.1,7.15,0.0,11.0,0.2,2.2,0.3,1091,20,Defender,0.875,0.3714285714285714,0.0342368045649072,0.6,0.0545454545454545,46.33770042850231,43.4855898818163,64.48130917824314,74.75384874559404,54.50694705455721,True,False,Spain
167008,Pascal Gross,9789,Borussia Dortmund,GER-Bundesliga,3.3,57.6,10.0,0.0,1.0,6.4,0.24,0.09,0.7,10.0,0.0,0.3,0.3,0.5,0.4,7.06,0.0,58.0,1.0,1.7,0.1,2338,30,Midfielder,0.7407407407407407,0.15,0.0572916666666666,0.1428571428571428,0.1103448275862069,47.87087912087912,84.7912087912088,53.70604395604395,38.80494505494506,54.49947678477253,False,False,Germany
762028,Ylber Ramadani,9888,Lecce,ITA-Serie A,2.4,34.1,0.0,0.0,1.5,1.0,0.04,0.03,1.4,0.0,0.04,1.4,0.2,0.3,0.6,6.96,0.0,12.0,0.9,2.5,0.3,2076,24,Midfielder,0.7358490566037736,0.358974358974359,0.0703812316715542,0.2142857142857143,0.0833333333333333,57.34028353721751,29.2192964268436,80.4129388693068,67.51809903932545,54.47169812112572,True,False,Albania
1137667,Piero Hincapié,9825,Arsenal,ENG-Premier League,1.4,44.0,0.0,0.0,4.4,1.0,0.08,0.02,0.7,1.0,0.07,1.3,0.1,0.4,0.1,7.1,0.0,8.0,0.1,1.9,0.3,1218,17,Defender,0.8205128205128205,0.40625,0.0318181818181818,0.4285714285714286,0.125,39.64861514271892,57.20216497339138,58.83961832192964,74.77376200843183,54.44886502033143,True,False,Ecuador
1018564,Nicolas Capaldo,9790,Hamburger SV,GER-Bundesliga,1.0,27.0,2.0,0.0,3.0,1.3,0.08,0.07,1.3,1.0,0.06,2.0,0.3,0.3,0.1,7.04,0.0,10.0,0.9,3.1,0.3,1438,18,Defender,0.796875,0.3921568627450981,0.037037037037037,0.2307692307692307,0.13,29.678655660377355,59.55188679245283,72.20518867924528,84.7435141509434,54.41523945707095,True,False,Argentina
1306664,Danilo Veiga,9888,Lecce,ITA-Serie A,1.9,23.8,0.0,0.0,3.8,1.1,0.05,0.01,1.0,1.0,0.0,0.7,0.1,0.3,0.2,6.81,0.0,15.0,0.2,3.0,0.4,1900,23,Defender,0.7872340425531915,0.1891891891891891,0.0798319327731092,0.4,0.0733333333333333,58.97995283018868,33.56721698113208,65.95813679245283,69.04481132075472,54.36676156992587,True,False,Portugal
524434,Joao Palhinha,8586,Tottenham Hotspur,ENG-Premier League,1.5,34.4,1.0,0.0,2.2,0.6,0.03,0.06,1.0,2.0,0.18,1.1,0.3,0.5,0.1,6.97,0.0,5.0,1.1,4.9,0.4,1517,23,Midfielder,0.8571428571428571,0.1833333333333333,0.0436046511627907,0.4,0.12,46.02299528301887,38.2370283018868,71.48290094339622,76.79834905660377,54.34184960630198,True,False,Portugal
637716,Bernardo,8226,TSG 1899 Hoffenheim,GER-Bundesliga,1.7,37.8,1.0,0.0,5.2,0.6,0.04,0.01,1.8,0.0,0.0,1.6,0.0,0.5,0.2,7.23,0.0,6.0,0.4,2.8,0.3,1580,18,Defender,0.7096774193548387,0.3636363636363636,0.0449735449735449,0.1666666666666666,0.0999999999999999,45.02165405349368,41.91526712281429,64.93744384546271,79.70981062962196,54.33074325728994,True,False,Brazil
846005,Dominik Szoboszlai,8650,Liverpool,ENG-Premier League,3.5,54.0,5.0,0.0,1.7,3.8,0.16,0.15,1.0,2.0,0.17,0.6,0.7,0.3,0.4,7.4,0.0,44.0,2.0,1.5,0.9,2153,24,Midfielder,0.6774193548387097,0.2857142857142857,0.0648148148148148,0.9,0.0863636363636363,77.12478402101043,76.46933962264151,43.1558029234916,27.928221542608338,54.32484297230823,True,False,Hungary
1106742,Sergio Carreira,9910,Celta de Vigo,ESP-La Liga,2.0,43.4,0.0,0.0,2.4,1.1,0.06,0.07,0.7,1.0,0.11,0.9,0.2,0.1,0.2,7.05,0.0,13.0,0.6,1.4,0.9,1645,21,Midfielder,0.7666666666666666,0.391304347826087,0.0460829493087557,1.2857142857142858,0.0846153846153846,69.51527835372174,49.455059091851545,48.05712212315986,48.93034245628585,54.26650501192566,True,False,Spain
492116,Jordan Lefort,8121,Angers,FRA-Ligue 1,3.2,51.2,2.0,0.0,5.5,0.8,0.04,0.02,0.6,1.0,0.0,1.4,0.0,0.5,0.0,6.83,0.0,5.0,0.3,1.2,0.2,1980,22,Defender,0.8125,0.5384615384615385,0.0625,0.3333333333333333,0.16,57.53160204575298,49.98476052249637,44.53700584007188,70.3297351233672,54.23621763546093,True,False,Mauritania
1107910,Valentino Livramento,10261,Newcastle United,ENG-Premier League,1.5,40.0,1.0,0.0,2.7,0.6,0.05,0.01,0.4,1.0,0.0,0.5,0.0,0.2,0.2,7.14,0.0,10.0,0.2,1.6,0.9,1049,13,Defender,0.8400000000000001,0.238095238095238,0.0375,2.25,0.06,61.63740583316056,43.06424942981547,56.64487006703988,56.20760332434861,54.16661369912691,True,False,England
1289961,Adam Obert,8529,Cagliari,ITA-Serie A,1.8,34.6,3.0,0.0,4.6,1.3,0.07,0.05,1.6,2.0,0.0,1.6,0.1,0.7,0.2,6.85,0.0,10.0,0.2,2.1,0.4,1727,23,Defender,0.6981132075471698,0.4324324324324324,0.0520231213872832,0.25,0.13,45.57119531411985,45.624879051765845,60.90802318750432,74.93531429262562,54.13940647190289,True,False,Slovakia
156008,Jordan Henderson,9937,Brentford,ENG-Premier League,3.7,42.3,6.0,0.0,1.4,2.2,0.13,0.02,0.7,3.0,0.06,0.8,0.1,0.4,0.2,6.76,0.0,14.0,0.4,1.3,0.2,1497,24,Midfielder,0.7500000000000001,0.3809523809523809,0.0874704491725768,0.2857142857142857,0.1571428571428571,59.95283018867924,78.16627358490567,42.75353773584905,39.31308962264151,54.10634639171649,True,False,England
1276626,Samson Baidoo,8588,Lens,FRA-Ligue 1,2.9,48.0,1.0,0.0,3.9,0.4,0.02,0.09,0.9,1.0,0.12,1.3,0.2,1.2,0.2,7.3,0.0,3.0,0.9,1.6,0.4,1545,18,Defender,0.7631578947368421,0.4482758620689654,0.0604166666666666,0.4444444444444445,0.1333333333333333,63.89740566037735,36.06721698113208,55.84021226415095,66.86320754716981,54.037759265334834,True,False,Austria
1206287,Freddie Potts,8654,West Ham United,ENG-Premier League,2.0,33.8,2.0,0.0,2.4,1.1,0.09,0.02,1.1,1.0,0.0,1.2,0.1,0.2,0.0,6.69,0.0,7.0,0.2,2.2,0.2,1099,19,Midfielder,0.7555555555555556,0.3529411764705882,0.0591715976331361,0.1818181818181818,0.1571428571428571,43.00412735849056,61.07311320754717,53.1191037735849,66.62735849056602,54.02051999818615,True,False,England
488139,Bernardo Silva,8456,Manchester City,ENG-Premier League,2.0,54.6,7.0,0.0,1.0,2.7,0.13,0.05,1.4,4.0,0.05,0.8,0.1,0.2,0.7,7.05,0.0,27.0,0.5,1.4,0.6,1909,26,Midfielder,0.6111111111111112,0.3636363636363636,0.0366300366300366,0.4285714285714286,0.1,56.759585147556855,74.27110546686019,53.98918809178243,33.67315467551317,54.00701770178998,True,False,Portugal
466113,Jari Vandeputte,7801,Cremonese,ITA-Serie A,2.2,31.7,7.0,0.0,2.0,3.3,0.22,0.08,1.3,4.0,0.0,0.9,0.3,0.1,0.3,6.92,0.0,37.0,0.8,1.7,0.3,1347,21,Midfielder,0.6666666666666666,0.3461538461538461,0.0694006309148265,0.2307692307692307,0.0891891891891891,51.95754716981132,77.85377358490567,47.231721698113205,42.64445754716981,53.95671141705654,True,False,Belgium
1526560,Patrick Dorgu,10260,Manchester United,ENG-Premier League,0.4,24.0,5.0,0.0,2.1,1.4,0.1,0.12,1.3,3.0,0.2,0.9,0.5,0.2,0.2,7.23,0.0,24.0,1.4,3.2,0.7,1333,22,Midfielder,0.7592592592592593,0.2195121951219512,0.0166666666666666,0.5384615384615384,0.0583333333333333,45.66905539429124,49.27052664316815,64.51306672886862,62.071324901513584,53.95398596850672,True,False,Denmark
992052,Thierry Correia,10267,Valencia CF,ESP-La Liga,1.3,32.2,1.0,0.0,2.2,1.6,0.15,0.03,1.7,1.0,0.0,1.1,0.1,0.0,0.4,6.72,0.0,7.0,0.4,1.8,0.7,957,15,Defender,0.6304347826086957,0.3793103448275862,0.0403726708074534,0.4117647058823529,0.2285714285714286,50.12382075471699,67.44693396226415,52.700471698113205,46.84551886792453,53.93131873282545,True,False,Portugal
307209,Lukas Kübler,8358,Sport-Club Freiburg,GER-Bundesliga,1.7,30.7,2.0,0.0,3.6,1.3,0.1,0.23,1.1,1.0,0.15,2.1,0.3,0.4,0.2,6.92,0.0,8.0,1.3,2.4,0.1,1213,16,Defender,0.8035714285714286,0.4666666666666667,0.0553745928338762,0.0909090909090909,0.1625,31.208471559886657,56.39278802958048,70.60899595687331,82.41959102218536,53.89006922712279,True,False,Germany
950829,Chris Richards,9826,Crystal Palace,ENG-Premier League,2.1,36.1,1.0,0.0,6.1,1.1,0.05,0.04,0.6,0.0,0.05,1.4,0.0,0.6,0.0,6.97,0.0,6.0,0.4,2.1,0.2,1973,22,Defender,0.853658536585366,0.3999999999999999,0.0581717451523545,0.3333333333333333,0.1833333333333333,40.22678225862188,47.89631280669016,60.104909634390765,84.04396900269542,53.83427971492373,True,False,USA
1339269,Hugo Larsson,9810,Eintracht Frankfurt,GER-Bundesliga,2.4,39.3,1.0,0.0,1.2,0.9,0.09,0.07,0.4,2.0,0.09,1.1,0.3,0.1,0.1,6.79,0.0,9.0,0.7,1.0,0.3,968,15,Midfielder,0.8400000000000001,0.5238095238095238,0.0610687022900763,0.7499999999999999,0.1,59.09505235330707,49.86135876701914,53.21014323726587,52.04108784297463,53.78661881223904,True,False,Sweden
215242,Leonardo Spinazzola,9875,Napoli,ITA-Serie A,2.4,33.8,1.0,0.0,1.5,2.2,0.15,0.06,0.5,2.0,0.2,0.3,0.5,0.1,0.5,7.03,0.0,22.0,1.2,1.0,0.7,1346,21,Midfielder,0.7222222222222222,0.2307692307692307,0.0710059171597633,1.4,0.1,81.18196661828738,70.06707443499897,39.71770250190061,30.32969192756929,53.74474366647458,True,False,Italy
909907,Cameron Puertas,8697,SV Werder Bremen,GER-Bundesliga,1.1,30.8,1.0,0.0,1.2,1.1,0.1,0.1,1.7,0.0,0.0,0.8,0.4,0.3,0.5,6.61,0.0,9.0,2.0,3.4,0.6,939,17,Midfielder,0.711864406779661,0.1904761904761904,0.0357142857142857,0.3529411764705882,0.1222222222222222,42.71521226415094,55.43632075471698,70.89917452830188,51.42983490566038,53.70648025885545,True,False,Spain
844425,Marc Guehi,8456,Manchester City,ENG-Premier League,2.4,51.3,0.0,0.0,5.1,1.8,0.07,0.11,0.7,0.0,0.0,1.3,0.3,0.7,0.0,7.32,0.0,11.0,0.9,1.4,0.1,2160,24,Defender,0.7941176470588235,0.4814814814814814,0.0467836257309941,0.1428571428571428,0.1636363636363636,48.13765636878844,56.45272651876426,47.54211158338516,68.98304132973944,53.664217054830274,True,False,England
1002673,Jan Schöppner,94937,1. FC Heidenheim 1846,GER-Bundesliga,1.0,19.2,3.0,0.0,3.5,0.6,0.04,0.08,1.0,1.0,0.06,1.5,0.3,0.4,0.3,6.45,0.0,6.0,1.1,1.0,0.6,1426,20,Midfielder,0.7142857142857143,0.6,0.0520833333333333,0.6,0.0999999999999999,54.83750604741172,47.56111341488701,53.82457322551662,60.09163988527197,53.64685560084488,True,False,Germany
815006,Phil Foden,8456,Manchester City,ENG-Premier League,1.9,44.9,7.0,0.0,0.6,3.6,0.19,0.28,0.8,3.0,0.37,0.4,0.8,0.1,0.5,7.48,0.0,42.0,2.5,1.4,1.0,1717,23,Midfielder,0.6923076923076923,0.2222222222222222,0.042316258351893,1.25,0.0857142857142857,69.06618892114176,79.03821100283365,48.37126356348055,25.74264375561545,53.64341410396705,True,False,England
684981,Aaron Martin Caricol,10233,Genoa,ITA-Serie A,1.6,25.4,8.0,0.0,1.8,4.5,0.24,0.02,1.3,4.0,0.05,0.5,0.2,0.4,0.3,7.15,0.0,54.0,0.3,1.7,0.6,1696,22,Defender,0.6285714285714287,0.2272727272727272,0.0629921259842519,0.4615384615384615,0.0833333333333333,59.01626321791415,77.4877151150736,44.49812530237059,36.98173681664248,53.614543847084825,True,False,Spain
343766,Anthony Jung,8697,SV Werder Bremen,GER-Bundesliga,2.5,63.6,0.0,0.0,3.5,0.5,0.02,0.0,0.4,0.0,0.0,1.2,0.0,0.7,0.0,6.67,0.0,2.0,0.0,1.6,0.3,1898,28,Defender,0.875,0.4285714285714286,0.0393081761006289,0.7499999999999999,0.25,57.436813186813175,38.13186813186813,53.09615384615385,74.73901098901099,53.58637221023895,False,False,Germany
950824,Josip Stanisic,9823,Bayern München,GER-Bundesliga,1.7,57.2,1.0,0.0,3.3,1.7,0.15,0.09,0.4,2.0,0.17,0.9,0.2,0.3,0.4,7.41,0.0,10.0,0.3,0.9,0.3,1046,14,Defender,0.8181818181818181,0.5,0.0297202797202797,0.7499999999999999,0.1699999999999999,45.232900943396224,68.06603773584905,52.57959905660377,52.28478773584906,53.54862668583717,True,False,Croatia
304733,Hakan Calhanoglu,8636,Internazionale,ITA-Serie A,3.9,70.0,6.0,0.0,0.9,3.0,0.21,0.33,1.4,2.0,0.48,0.7,1.0,0.2,0.6,7.8,0.0,35.0,3.0,1.7,0.2,1307,17,Midfielder,0.631578947368421,0.2916666666666667,0.0557142857142857,0.1428571428571428,0.0857142857142857,50.17106831847398,78.7933858594236,54.33323398299813,35.573229836201534,53.4871544737376,True,False,Turkiye
1137705,Enzo Fernández,8455,Chelsea,ENG-Premier League,2.6,49.2,9.0,0.0,1.0,5.1,0.22,0.41,1.1,2.0,0.34,0.5,0.9,0.0,0.3,7.33,0.0,45.0,2.2,1.8,0.3,2148,25,Midfielder,0.676470588235294,0.2173913043478261,0.0528455284552845,0.2727272727272727,0.1133333333333333,59.40661068491257,82.1592197111065,48.26895431612413,30.29172282120395,53.45597763304871,True,False,Argentina
1051097,Matteo Ruggeri,9906,Atlético de Madrid,ESP-La Liga,2.0,39.6,1.0,0.0,3.2,1.7,0.14,0.01,1.9,0.0,0.0,0.9,0.2,0.1,0.3,6.87,0.0,12.0,0.3,2.5,0.2,1055,17,Defender,0.6415094339622641,0.2647058823529412,0.0505050505050505,0.1052631578947368,0.1416666666666666,38.2259269818232,62.131436173889,62.093998375838,60.65089588084872,53.43983473961968,True,False,Italy
1030829,Jarrad Branthwaite,8668,Everton,ENG-Premier League,3.0,35.2,2.0,0.0,6.7,0.6,0.02,0.04,0.4,1.0,0.0,1.0,0.1,0.8,0.1,6.98,0.0,3.0,0.4,1.3,0.1,2510,30,Defender,0.8518518518518519,0.4347826086956522,0.0852272727272727,0.25,0.1999999999999999,53.96153846153848,45.07692307692307,50.0054945054945,70.71428571428571,53.42809951594669,False,False,England
1214915,Brooke Norton-Cuffy,10233,Genoa,ITA-Serie A,1.2,23.8,2.0,0.0,1.7,1.7,0.08,0.06,1.0,1.0,0.05,0.5,0.2,0.3,0.4,6.77,0.0,18.0,0.5,1.8,1.3,1992,23,Midfielder,0.6969696969696969,0.2173913043478261,0.0504201680672268,1.3,0.0944444444444444,67.84787735849056,55.60141509433962,50.99056603773584,37.60318396226415,53.41333841505737,True,False,England
859282,Daniel Munoz,9826,Crystal Palace,ENG-Premier League,0.9,23.9,5.0,0.0,3.5,3.3,0.19,0.11,1.2,2.0,0.17,1.1,0.5,0.1,0.3,7.26,0.0,18.0,1.0,2.3,0.1,1587,18,Midfielder,0.7391304347826088,0.3235294117647059,0.0376569037656903,0.0833333333333333,0.1833333333333333,25.01938627410325,78.8155193862741,71.70584525537356,70.82687556154536,53.40281959697676,True,False,Colombia
672469,Ben Chilwell,9848,Strasbourg,FRA-Ligue 1,1.2,39.0,4.0,0.0,3.1,0.9,0.06,0.0,0.9,2.0,0.0,1.2,0.1,0.3,0.2,6.73,0.0,7.0,0.1,1.5,0.6,1299,16,Defender,0.75,0.4444444444444444,0.0307692307692307,0.6666666666666666,0.1285714285714286,48.036556603773576,57.470518867924525,51.43867924528301,59.433962264150935,53.3288513035105,True,False,England
1398483,Lukas Ullrich,9788,Borussia Mönchengladbach,GER-Bundesliga,1.1,27.1,1.0,0.0,3.1,1.3,0.12,0.03,1.3,0.0,0.0,1.7,0.2,0.4,0.1,6.63,0.0,13.0,0.5,1.8,0.6,997,15,Defender,0.7291666666666667,0.4857142857142857,0.040590405904059,0.4615384615384615,0.1,48.23064828253508,59.44470073951207,47.479840521114106,62.411146243693416,53.29726958959704,True,False,Germany
923298,Pablo Martinez,8581,Levante,ESP-La Liga,1.9,24.3,6.0,0.0,1.4,2.2,0.17,0.13,1.5,2.0,0.08,1.2,0.3,0.7,0.5,6.76,0.0,19.0,1.8,0.9,0.9,1175,17,Midfielder,0.5833333333333334,0.5714285714285714,0.0781893004115226,0.6,0.1157894736842105,73.26061320754718,78.30188679245283,39.5253537735849,29.643278301886788,53.27315396236519,True,False,Spain
1413963,Jacobo Ramon,10171,Como,ITA-Serie A,2.1,64.4,1.0,0.0,4.4,1.3,0.06,0.12,1.0,0.0,0.1,1.3,0.3,0.5,0.1,7.26,0.0,8.0,1.3,1.9,0.3,1888,22,Defender,0.7619047619047619,0.40625,0.0326086956521739,0.3,0.1625,41.19103773584905,54.01533018867924,55.905070754716974,72.47936320754718,53.26914829032918,True,False,Spain
1080669,Nadir Zortea,9857,Bologna,ITA-Serie A,2.2,31.8,3.0,0.0,1.9,1.9,0.14,0.03,1.2,1.0,0.0,0.9,0.1,0.1,0.4,6.68,0.0,19.0,0.7,1.5,1.2,1264,20,Defender,0.6666666666666667,0.375,0.0691823899371069,1.0,0.0999999999999999,74.15440337963923,63.26974911880572,42.11713836477987,34.76674269127099,53.17256687916523,True,False,Italy
557346,Sandi Lovric,8600,Udinese,ITA-Serie A,1.8,28.0,5.0,0.0,0.9,2.4,0.09,0.1,2.1,3.0,0.08,0.9,0.5,0.2,0.5,6.74,0.0,32.0,1.9,1.8,0.8,2326,36,Midfielder,0.5625,0.3333333333333333,0.0642857142857143,0.3809523809523809,0.075,63.65384615384615,58.4010989010989,52.0054945054945,37.01923076923077,53.14353451150575,False,False,Slovenia
614834,Dani Olmo,8634,Barcelona,ESP-La Liga,1.7,47.3,7.0,0.0,1.0,4.1,0.31,0.41,1.0,6.0,0.45,0.6,1.2,0.0,0.6,7.6,0.0,36.0,3.7,1.9,0.4,1209,19,Midfielder,0.7142857142857143,0.24,0.0359408033826638,0.4,0.1138888888888888,53.69238112516414,86.02676411638674,50.55245697698527,30.4187832607644,53.112425003561135,True,False,Spain
243138,James Tarkowski,8668,Everton,ENG-Premier League,2.7,34.2,1.0,0.0,7.0,1.3,0.05,0.07,0.8,1.0,0.0,1.0,0.2,1.4,0.1,7.13,0.0,13.0,0.4,1.4,0.1,2340,26,Defender,0.7499999999999999,0.4166666666666667,0.0789473684210526,0.125,0.1,50.46158165733637,52.95511956596863,46.78249187918999,67.30112654640956,53.08728930861933,True,False,England
1640832,Arsene Kouassi,8689,Lorient,FRA-Ligue 1,0.5,25.1,6.0,0.0,1.9,2.2,0.11,0.02,0.6,4.0,0.1,0.9,0.1,0.1,0.5,7.23,0.0,23.0,0.3,0.9,1.5,1790,21,Midfielder,0.75,0.5,0.0199203187250996,2.5,0.0956521739130434,55.53360849056603,68.66155660377358,49.041863207547166,39.60790094339623,53.05707272606066,True,False,Burkina Faso
980793,Khéphren Thuram-Ulien,9885,Juventus,ITA-Serie A,1.8,50.7,2.0,0.0,1.1,2.2,0.11,0.1,1.6,2.0,0.05,0.6,0.6,0.3,0.5,7.21,0.0,15.0,1.7,2.4,0.8,1706,23,Midfielder,0.6521739130434783,0.1999999999999999,0.0355029585798816,0.5,0.1466666666666666,60.163284435690095,64.0770613034764,51.22890749187919,36.07065104706614,53.00107489184836,True,False,France
1185902,Jens Castrop,9788,Borussia Mönchengladbach,GER-Bundesliga,1.1,18.9,0.0,0.0,1.4,0.8,0.08,0.18,2.4,0.0,0.1,1.0,0.6,0.0,0.1,6.76,0.0,10.0,1.5,4.1,1.6,928,17,Midfielder,0.6799999999999999,0.196078431372549,0.0582010582010582,0.6666666666666667,0.08,66.5182783018868,37.700471698113205,54.8938679245283,54.90860849056604,52.93928138852395,True,False,South Korea
620027,Xaver Schlager,178475,RB Leipzig,GER-Bundesliga,1.5,45.0,2.0,0.0,1.3,2.2,0.16,0.11,1.2,1.0,0.15,0.5,0.4,0.1,0.7,7.14,0.0,15.0,1.2,1.7,1.3,1237,18,Midfielder,0.6470588235294118,0.2272727272727272,0.0333333333333333,1.0833333333333337,0.1466666666666666,63.729363207547166,73.70872641509433,50.35082547169812,28.213443396226417,52.93884576639711,True,False,Austria
1395704,Guéla Doué,9848,Strasbourg,FRA-Ligue 1,0.9,47.5,3.0,0.0,4.2,1.4,0.09,0.12,2.1,5.0,0.13,0.9,0.3,0.1,0.3,7.31,0.0,11.0,0.5,2.1,1.0,1343,16,Defender,0.5882352941176471,0.3,0.0189473684210526,0.4761904761904761,0.1272727272727272,48.57910878429746,55.71362049899786,51.85096153846154,57.9017425184878,52.92400949837311,True,False,Ivory Coast
620618,Rodrigo Bentancur,8586,Tottenham Hotspur,ENG-Premier League,1.0,39.8,1.0,0.0,2.5,0.7,0.04,0.03,1.0,1.0,0.06,1.4,0.1,0.4,0.3,7.02,0.0,9.0,0.6,2.4,0.8,1415,20,Midfielder,0.7916666666666666,0.3684210526315789,0.0251256281407035,0.8,0.0777777777777777,45.7424752920036,34.294543506807656,74.57153224134356,73.25769749118805,52.84648118394063,True,False,Uruguay
1053678,Mamadou Mbow,6379,Paris FC,FRA-Ligue 1,4.0,54.6,1.0,0.0,5.0,0.5,0.02,0.03,0.9,1.0,0.0,1.3,0.1,0.6,0.1,6.86,0.0,4.0,0.3,1.8,0.2,1816,21,Defender,0.775,0.4193548387096774,0.0732600732600732,0.2222222222222222,0.125,56.48879716981132,35.501179245283026,55.64268867924528,73.59964622641509,52.82950788097858,True,False,Senegal
730901,Yangel Herrera,7732,Girona,ESP-La Liga,1.4,34.1,5.0,0.0,1.9,1.3,0.05,0.14,2.9,3.0,0.16,1.2,0.6,0.3,0.3,6.99,0.0,17.0,1.6,2.6,0.8,2263,29,Midfielder,0.5671641791044777,0.3157894736842105,0.0410557184750733,0.2758620689655172,0.0764705882352941,50.6043956043956,46.26373626373626,58.60164835164835,57.82967032967033,52.71986018969434,False,False,Venezuela
1047676,Yéremi Pino,9826,Crystal Palace,ENG-Premier League,1.5,25.3,9.0,0.0,0.9,4.7,0.26,0.2,1.3,1.0,0.11,0.4,0.5,0.1,0.8,6.78,0.0,37.0,1.9,1.6,0.9,1638,24,Midfielder,0.6060606060606061,0.2,0.0592885375494071,0.6923076923076923,0.127027027027027,61.007127306655605,85.25590918515447,49.00670398783606,25.40992812219227,52.7059755355223,True,False,Spain
640238,Nacho Vidal,8670,Real Oviedo,ESP-La Liga,1.8,29.1,0.0,0.0,3.5,0.4,0.03,0.09,1.1,0.0,0.0,1.4,0.2,0.2,0.0,6.81,0.0,2.0,0.5,1.9,0.5,1156,15,Defender,0.7499999999999999,0.4242424242424242,0.0618556701030927,0.4545454545454545,0.2,59.33667452830189,38.74410377358491,49.64622641509434,69.63443396226415,52.67259760203313,True,False,Spain
1478148,Leon Avdullahu,8226,TSG 1899 Hoffenheim,GER-Bundesliga,2.9,53.3,1.0,0.0,1.7,1.2,0.06,0.02,0.8,1.0,0.0,1.1,0.0,0.2,0.8,7.09,0.0,14.0,0.5,1.3,0.3,1920,22,Midfielder,0.7500000000000001,0.4583333333333333,0.0544090056285178,0.3749999999999999,0.0857142857142857,57.11379716981132,43.20165094339623,62.16686320754717,47.99528301886792,52.54444950169047,True,False,Kosovo
1031325,Martin Zubimendi,9825,Arsenal,ENG-Premier League,1.7,53.7,1.0,0.0,2.3,1.8,0.07,0.1,1.0,1.0,0.2,1.3,0.4,0.2,0.2,7.28,0.0,15.0,0.9,1.8,0.2,2270,27,Midfielder,0.7560975609756099,0.4193548387096774,0.031657355679702,0.2,0.12,43.006686709516906,48.405729490635146,61.27126529131246,64.86887915543576,52.54198534505289,True,False,Spain
1119461,Loic Badé,8178,Bayer 04 Leverkusen,GER-Bundesliga,2.6,73.8,0.0,0.0,5.9,0.7,0.05,0.07,0.6,0.0,0.0,1.3,0.2,1.0,0.1,7.05,0.0,2.0,0.6,1.9,0.2,1309,18,Defender,0.8421052631578947,0.40625,0.035230352303523,0.3333333333333333,0.35,54.96629863846846,34.914541433409354,55.436674960259865,76.33263356140715,52.51361021190995,True,False,France
715069,Pedro Diaz,8370,Rayo Vallecano,ESP-La Liga,1.3,32.5,2.0,0.0,0.8,0.8,0.06,0.06,0.7,0.0,0.0,0.2,0.3,0.0,0.6,6.47,0.0,17.0,2.0,2.0,0.5,1146,20,Midfielder,0.7586206896551724,0.0909090909090909,0.04,0.7142857142857143,0.0470588235294117,57.48868270094686,47.55872900684221,64.82013701707098,39.80311355311356,52.49200510784456,True,False,Spain
1076647,Lucas Da Cunha,10171,Como,ITA-Serie A,2.0,58.4,5.0,0.0,0.7,3.0,0.16,0.21,1.2,1.0,0.11,0.7,0.5,0.0,0.3,7.12,0.0,29.0,1.1,1.6,0.7,1695,23,Midfielder,0.6571428571428571,0.3043478260869565,0.0342465753424657,0.5833333333333334,0.1034482758620689,57.99284245628585,76.07467689543162,47.59265066694312,32.10290102978782,52.48270093519267,True,False,France
942372,Álex Baena,10205,Villarreal,ESP-La Liga,2.4,26.7,21.0,0.0,0.5,12.6,0.44,0.25,1.5,9.0,0.24,0.8,0.6,0.1,0.6,7.5,0.0,95.0,2.4,1.0,0.7,2602,32,Midfielder,0.5454545454545455,0.4444444444444445,0.0898876404494382,0.4666666666666666,0.1326315789473684,71.8076923076923,92.62637362637363,40.434065934065934,22.1978021978022,52.41840542720156,False,False,Spain
500502,Adam Masina,9804,Torino,ITA-Serie A,3.1,49.1,1.0,0.0,4.2,0.7,0.03,0.03,1.1,2.0,0.05,1.3,0.1,0.7,0.1,6.87,0.0,4.0,0.4,1.5,0.3,1918,28,Defender,0.717948717948718,0.4642857142857143,0.0631364562118126,0.2727272727272727,0.175,58.13186813186813,44.04395604395605,46.32417582417582,64.94505494505495,52.39103849171524,False,False,Morocco
914458,Aurélien Tchouaméni,8633,Real Madrid,ESP-La Liga,1.9,59.6,4.0,0.0,2.0,2.4,0.12,0.08,1.0,0.0,0.0,1.2,0.2,0.5,0.3,7.42,0.0,18.0,1.2,2.5,0.0,1735,21,Midfielder,0.7872340425531915,0.3243243243243243,0.0318791946308724,0.0,0.1333333333333333,27.876818543092128,65.952752436243,69.55713508189923,70.87436934135047,52.36781535214633,True,False,France
195305,Marc Bartra,8603,Real Betis,ESP-La Liga,3.4,41.8,0.0,0.0,7.1,0.4,0.02,0.01,0.7,0.0,0.06,1.4,0.2,1.2,0.1,6.93,0.0,4.0,0.5,2.3,0.3,1586,20,Defender,0.8409090909090909,0.3783783783783784,0.0813397129186603,0.4285714285714286,0.1,67.33006341143134,22.121492501209485,61.98679504457807,85.38522012578615,52.36217155924111,True,False,Spain
816325,Boubacar Kamara,10252,Aston Villa,ENG-Premier League,2.0,45.8,0.0,0.0,1.3,0.9,0.05,0.03,1.1,3.0,0.06,1.1,0.3,0.5,0.3,7.25,0.0,15.0,0.4,2.3,0.9,1418,18,Midfielder,0.7555555555555555,0.3235294117647059,0.0436681222707423,0.8181818181818181,0.06,59.36759192065796,32.22639781602046,64.87557882369202,60.60027040569492,52.31581493490338,True,False,France
1130583,Samu,8661,Mallorca,ESP-La Liga,2.8,33.0,0.0,0.0,3.4,0.8,0.04,0.1,2.5,0.0,0.22,1.0,0.5,0.6,0.4,6.91,0.0,10.0,1.1,2.1,0.5,1607,21,Midfielder,0.5535714285714286,0.3225806451612903,0.0848484848484848,0.2,0.08,60.92585873246251,39.08037010159652,55.305277662588985,55.80795580205958,52.295104117085344,True,False,Portugal
861805,Jaka Bijol,8463,Leeds United,ENG-Premier League,2.8,45.5,1.0,0.0,6.3,0.5,0.04,0.04,0.8,1.0,0.08,1.5,0.3,0.4,0.1,7.0,0.0,3.0,0.5,1.3,0.2,1075,13,Defender,0.7777777777777778,0.5357142857142857,0.0615384615384615,0.25,0.1666666666666666,51.44752358490566,45.070754716981135,48.18396226415094,71.37382075471697,52.27769934849315,True,False,Slovenia
1112702,Arkadiusz Pyrka,8152,FC St. Pauli,GER-Bundesliga,1.1,25.2,5.0,0.0,2.7,1.2,0.07,0.03,0.7,1.0,0.0,0.9,0.2,0.5,0.5,6.87,0.0,16.0,0.7,1.2,0.6,1502,19,Midfielder,0.7500000000000001,0.4285714285714285,0.0436507936507936,0.8571428571428572,0.075,54.274764150943405,53.33136792452831,53.2252358490566,47.06662735849056,52.26333013156543,True,False,Poland
1451265,Malick Diouf,8654,West Ham United,ENG-Premier League,1.9,23.6,2.0,0.0,4.5,1.0,0.05,0.02,1.0,4.0,0.0,1.1,0.1,0.3,0.1,6.73,0.0,11.0,0.7,1.4,0.7,1648,20,Defender,0.7142857142857143,0.44,0.0805084745762711,0.7,0.0909090909090909,71.4622641509434,44.78183962264151,39.40153301886792,56.23525943396226,52.22501033876696,True,False,Senegal
949731,Gabriele Zappa,8529,Cagliari,ITA-Serie A,1.7,41.9,3.0,0.0,2.7,1.4,0.09,0.03,0.8,3.0,0.0,1.0,0.0,0.1,0.1,6.68,0.0,9.0,0.6,1.7,0.2,1306,22,Defender,0.7714285714285715,0.3703703703703703,0.0405727923627685,0.25,0.1555555555555555,45.61563083143272,68.24004768816089,45.119388865851136,54.575298914921554,52.14755643006725,True,False,Italy
902651,Raoul Bellanova,8524,Atalanta,ITA-Serie A,1.1,29.9,1.0,0.0,1.6,1.4,0.13,0.03,0.1,1.0,0.0,0.6,0.2,0.2,0.4,6.87,0.0,17.0,0.9,1.2,0.4,1001,15,Midfielder,0.9473684210526316,0.3333333333333333,0.0367892976588628,4.0,0.0823529411764705,53.76714009261179,64.9777196074366,49.542275727417234,40.27796495956873,52.13191631107126,True,False,Italy
1078846,Andrea Cambiaso,9885,Juventus,ITA-Serie A,1.5,43.2,7.0,0.0,0.5,3.5,0.18,0.08,1.0,3.0,0.1,0.6,0.5,0.3,0.4,6.99,0.0,39.0,0.9,2.1,0.3,1778,23,Midfielder,0.7297297297297297,0.2222222222222222,0.0347222222222222,0.3,0.0897435897435897,47.68003144654088,68.60822275209068,55.48791381574401,38.9164550072569,52.08003363200006,True,False,Italy
1359911,Miguel Román,9910,Celta de Vigo,ESP-La Liga,3.2,45.1,4.0,0.0,1.6,1.2,0.1,0.08,1.7,0.0,0.09,0.9,0.1,0.5,0.3,6.86,0.0,14.0,0.7,2.2,0.2,1040,16,Midfielder,0.6458333333333334,0.2903225806451613,0.0709534368070953,0.1176470588235294,0.0857142857142857,51.17629716981132,57.79481132075472,53.44339622641509,45.32724056603774,52.05209800815536,True,False,Spain
1186015,Albian Hajdari,8226,TSG 1899 Hoffenheim,GER-Bundesliga,3.9,46.1,2.0,0.0,7.1,0.4,0.03,0.08,1.7,0.0,0.06,1.3,0.2,0.8,0.1,7.11,0.0,3.0,0.6,2.3,0.1,1559,19,Defender,0.6792452830188679,0.3611111111111111,0.0845986984815618,0.0588235294117647,0.1333333333333333,48.416863207547166,42.659198113207545,52.7122641509434,73.18691037735849,52.04353251235345,True,False,Kosovo
886016,Kiernan Dewsbury-Hall,8668,Everton,ENG-Premier League,1.0,29.6,6.0,0.0,1.3,3.3,0.19,0.13,1.2,2.0,0.29,0.5,0.4,0.0,0.7,7.16,0.0,23.0,1.3,1.7,0.9,1565,19,Midfielder,0.6470588235294118,0.2272727272727272,0.0337837837837837,0.75,0.1434782608695652,52.77122641509434,85.94339622641509,50.35082547169812,28.213443396226417,51.98345630287764,True,False,England
1079539,Dilane Bakwa,9848,Strasbourg,FRA-Ligue 1,1.8,26.8,12.0,0.0,0.9,6.0,0.21,0.16,1.0,8.0,0.22,0.5,0.8,0.0,0.7,7.38,0.0,47.0,1.9,0.9,1.8,2509,30,Midfielder,0.5833333333333334,0.3571428571428571,0.0671641791044776,1.8,0.1276595744680851,82.79120879120879,87.65384615384615,39.02197802197802,19.25824175824176,51.98028522534423,False,False,France
1174296,Andre,8602,Wolverhampton Wanderers,ENG-Premier League,2.1,40.2,1.0,0.0,2.0,0.7,0.04,0.01,1.4,0.0,0.0,0.9,0.0,0.4,0.3,6.67,0.0,11.0,0.4,2.7,0.5,1777,24,Midfielder,0.72,0.25,0.0522388059701492,0.3571428571428571,0.0636363636363636,57.36898282535075,29.198778422835023,70.43524517934895,62.91705542884788,51.95717156683117,True,False,Brazil
924610,Yukinari Sugawara,8697,SV Werder Bremen,GER-Bundesliga,2.4,33.8,2.0,0.0,2.8,2.0,0.1,0.08,0.7,4.0,0.0,0.5,0.4,0.1,0.3,6.69,0.0,12.0,1.3,1.1,0.5,1756,21,Defender,0.6956521739130436,0.3125,0.0710059171597633,0.7142857142857143,0.1666666666666666,61.21787528509227,70.82908286681871,39.28483741101665,39.07951914437764,51.947238141819184,True,False,Japan
275034,Silvan Widmer,9905,1. FSV Mainz 05,GER-Bundesliga,1.2,20.1,2.0,0.0,3.3,0.9,0.07,0.17,0.9,0.0,0.15,0.8,0.2,0.5,0.2,6.78,0.0,3.0,1.3,2.2,0.2,1170,17,Midfielder,0.7692307692307693,0.2666666666666666,0.0597014925373134,0.2222222222222222,0.3,36.15271226415094,58.278301886792455,60.445165094339615,63.70872641509435,51.87990406103378,True,False,Switzerland
385437,Serge Gnabry,9823,Bayern München,GER-Bundesliga,1.0,42.9,7.0,0.0,0.3,3.5,0.32,0.43,0.6,5.0,0.54,0.4,1.3,0.1,0.7,7.35,0.0,18.0,3.2,1.3,1.3,1002,17,Midfielder,0.7391304347826086,0.2352941176470588,0.0233100233100233,2.166666666666667,0.1944444444444444,57.611233499205206,90.42618702052664,49.23857039187228,23.577605570530096,51.856357190308174,True,False,Germany
1254218,Hugo Sotelo,9910,Celta de Vigo,ESP-La Liga,3.2,61.6,4.0,0.0,1.3,1.6,0.15,0.01,1.8,1.0,0.0,1.2,0.1,0.7,0.2,6.99,0.0,20.0,0.2,2.3,0.0,911,14,Midfielder,0.6603773584905661,0.3428571428571428,0.0519480519480519,0.0,0.08,48.445119738751806,64.3627669500311,50.77710104361048,44.996695521459664,51.85454005915421,True,False,Spain
1052898,Destiny Udogie,8586,Tottenham Hotspur,ENG-Premier League,0.6,39.2,2.0,0.0,1.3,1.2,0.06,0.01,1.4,1.0,0.0,1.0,0.0,0.3,0.4,6.89,0.0,16.0,0.2,3.5,0.6,1931,25,Defender,0.7627118644067796,0.2222222222222222,0.0153061224489795,0.4285714285714286,0.075,37.62362637362637,41.20879120879121,77.58791208791209,67.3489010989011,51.82034306165635,False,False,Italy
571615,Unai Lopez,8370,Rayo Vallecano,ESP-La Liga,4.1,53.7,1.0,0.0,1.2,1.0,0.09,0.04,2.0,3.0,0.0,1.1,0.3,0.3,0.3,7.0,0.0,22.0,1.2,1.7,0.6,1045,17,Midfielder,0.5833333333333334,0.3928571428571429,0.0763500931098696,0.3,0.0454545454545454,73.16953486764807,41.3813411431336,50.46489477503629,42.21680834888382,51.80177618267442,True,False,Spain
1367619,Dean Huijsen,8633,Real Madrid,ESP-La Liga,4.7,64.5,1.0,0.0,5.4,1.0,0.07,0.12,0.9,2.0,0.07,1.1,0.2,0.7,0.1,7.31,0.0,9.0,1.0,1.5,0.1,1374,18,Defender,0.7428571428571429,0.4230769230769231,0.0728682170542635,0.1111111111111111,0.1111111111111111,50.98240203193033,50.60857695763357,44.82480648282535,65.27148558988182,51.77336881083169,True,False,Spain
1113690,Conor Bradley,8650,Liverpool,ENG-Premier League,1.0,39.9,3.0,0.0,2.8,0.9,0.09,0.02,1.7,1.0,0.0,1.3,0.0,0.4,0.3,6.79,0.0,4.0,0.6,1.8,0.7,932,15,Defender,0.6458333333333334,0.4193548387096774,0.025062656641604,0.4117647058823529,0.225,41.65683962264151,64.10966981132074,52.10790094339623,54.34846698113207,51.74878230342781,True,False,Northern Ireland
531327,Eric Smith,8152,FC St. Pauli,GER-Bundesliga,3.6,53.0,0.0,0.0,3.8,0.7,0.04,0.03,0.6,2.0,0.11,0.9,0.3,0.7,0.1,6.81,0.0,10.0,0.5,1.2,0.5,1665,19,Defender,0.7777777777777778,0.4285714285714285,0.0679245283018867,0.8333333333333334,0.0699999999999999,68.06256479369686,38.643004008570045,45.7671314534522,57.61399371069183,51.74688748261229,True,False,Sweden
1664716,Dayann Methalie,9941,Toulouse,FRA-Ligue 1,0.5,16.5,1.0,0.0,1.6,1.1,0.08,0.04,2.6,0.0,0.0,0.8,0.4,0.2,0.4,6.55,0.0,6.0,0.7,2.7,1.5,1214,18,Midfielder,0.5737704918032788,0.2285714285714286,0.0303030303030303,0.5769230769230769,0.1833333333333333,50.24174528301887,57.0872641509434,56.35908018867924,42.96874999999999,51.73991857587554,True,False,France
1381853,Tim Oermann,9911,VfL Bochum 1848,GER-Bundesliga,1.9,29.4,0.0,0.0,2.3,0.7,0.03,0.01,0.7,2.0,0.0,0.8,0.0,0.6,0.2,6.46,0.0,6.0,0.3,2.0,0.3,2125,28,Defender,0.7999999999999999,0.2857142857142857,0.064625850340136,0.4285714285714286,0.1166666666666666,55.582417582417584,33.87362637362638,60.97527472527472,64.02472527472528,51.70167807852582,False,False,Germany
352879,Adrien Rabiot,8564,Milan,ITA-Serie A,1.5,40.5,5.0,0.0,1.3,1.8,0.11,0.12,1.2,4.0,0.24,0.5,0.4,0.2,0.3,7.51,0.0,14.0,1.4,1.8,0.9,1470,17,Midfielder,0.6571428571428571,0.2173913043478261,0.037037037037037,0.75,0.1285714285714286,54.54970540465823,74.64740134079757,48.13422662243417,32.94437677102771,51.6965016574502,True,False,France
1354561,Diego Gomez,10204,Brighton and Hove Albion,ENG-Premier League,0.8,24.7,3.0,0.0,1.2,1.2,0.07,0.27,1.7,0.0,0.18,0.6,0.6,0.1,0.6,6.81,0.0,17.0,1.7,3.4,0.8,1527,23,Midfielder,0.7017543859649122,0.15,0.0323886639676113,0.4705882352941177,0.0705882352941176,44.80542452830189,49.1686320754717,69.78183962264151,46.75707547169812,51.66855095473056,True,False,Paraguay
299799,Bryan Cristante,8686,Roma,ITA-Serie A,4.3,51.9,1.0,0.0,1.8,1.9,0.08,0.06,1.8,0.0,0.04,0.7,0.3,0.1,0.5,7.12,0.0,18.0,1.2,2.0,0.4,2025,24,Midfielder,0.6000000000000001,0.2592592592592592,0.0828516377649325,0.2222222222222222,0.1055555555555555,60.261010608887965,52.31748047549934,51.8798552076854,40.15401461745802,51.66163085111799,True,False,Italy
812415,Hugo Magnetti,8521,Brest,FRA-Ligue 1,1.8,33.0,1.0,0.0,1.9,0.9,0.05,0.02,1.4,0.0,0.05,1.6,0.2,0.0,0.3,6.87,0.0,11.0,0.9,2.1,0.5,1735,21,Midfielder,0.7254901960784315,0.4324324324324324,0.0545454545454545,0.3571428571428571,0.0818181818181818,51.48753369272237,36.76290690441634,64.85723788789828,59.30281982168774,51.57838849837925,True,False,France
980381,Leif Davis,9902,Ipswich Town,ENG-Premier League,1.1,25.1,12.0,0.0,2.3,4.7,0.16,0.03,0.9,2.0,0.03,0.8,0.1,0.3,0.2,6.59,0.0,61.0,0.5,1.5,0.4,2746,33,Defender,0.71875,0.3478260869565218,0.0438247011952191,0.4444444444444445,0.0770491803278688,45.00549450549451,72.21978021978023,44.90384615384615,49.27197802197802,51.55070236193967,False,False,England
1125187,Ramon Hendriks,10269,VfB Stuttgart,GER-Bundesliga,1.5,51.5,1.0,0.0,3.9,0.9,0.07,0.01,0.6,2.0,0.0,0.8,0.0,0.8,0.2,6.85,0.0,4.0,0.2,1.6,0.2,1141,19,Defender,0.8,0.3333333333333333,0.029126213592233,0.3333333333333333,0.225,37.34462903448753,58.356166632110025,55.471050176238855,65.26498462229593,51.53980592247333,True,False,Netherlands
210111,Lucas Digne,10252,Aston Villa,ENG-Premier League,0.6,28.0,2.0,0.0,2.9,2.1,0.15,0.04,0.7,4.0,0.0,0.7,0.3,0.2,0.1,6.82,0.0,17.0,0.7,1.8,0.3,1316,23,Defender,0.78125,0.2799999999999999,0.0214285714285714,0.4285714285714286,0.1235294117647058,31.25187469762941,73.58665077061305,55.89928899716634,63.17934031377427,51.53819090918424,True,False,France
369742,Jackson Irvine,8152,FC St. Pauli,GER-Bundesliga,1.0,23.4,8.0,0.0,2.2,2.5,0.09,0.11,1.3,6.0,0.0,1.2,0.4,0.2,0.3,7.09,0.0,33.0,1.4,1.9,0.3,2610,29,Midfielder,0.7045454545454546,0.3870967741935484,0.0427350427350427,0.2307692307692307,0.0757575757575757,35.91483516483517,61.43956043956044,58.51373626373626,60.6043956043956,51.52398802354431,False,False,Australia
1300526,Nico O'Reilly,8456,Manchester City,ENG-Premier League,0.4,39.6,5.0,0.0,2.6,1.6,0.07,0.13,1.5,3.0,0.1,0.7,0.2,0.3,0.2,7.1,0.0,17.0,1.1,2.8,0.8,1884,25,Defender,0.7,0.1999999999999999,0.0101010101010101,0.5333333333333333,0.0941176470588235,40.62794811320755,59.29834905660378,56.32370283018867,55.07075471698113,51.49500712407386,True,False,England
642534,Jonas Föhrenbach,94937,1. FC Heidenheim 1846,GER-Bundesliga,0.7,20.5,3.0,0.0,3.2,2.6,0.14,0.03,0.7,1.0,0.05,1.1,0.1,0.2,0.2,6.55,0.0,20.0,0.2,1.7,0.1,1652,19,Defender,0.7999999999999999,0.3928571428571429,0.0341463414634146,0.1428571428571428,0.13,30.183003317437283,71.04800780980027,57.52174908424909,66.4524587048172,51.437155432483024,True,False,Germany
1185748,Amadou Onana,10252,Aston Villa,ENG-Premier League,2.0,36.6,0.0,0.0,3.5,0.3,0.02,0.04,1.2,0.0,0.16,1.4,0.2,0.9,0.2,7.07,0.0,3.0,0.6,2.6,0.5,1146,17,Midfielder,0.7692307692307692,0.35,0.0546448087431694,0.4166666666666667,0.0999999999999999,54.218700324832405,26.471447577579653,68.12383803303614,76.71465719814776,51.43273277835118,True,False,Belgium
304354,Janik Haberer,8149,1. FC Union Berlin,GER-Bundesliga,1.8,25.2,3.0,0.0,2.0,2.0,0.17,0.05,1.4,1.0,0.0,0.5,0.1,0.1,0.5,6.64,0.0,17.0,0.8,1.8,0.4,1102,19,Midfielder,0.6216216216216216,0.2173913043478261,0.0714285714285714,0.2857142857142857,0.1176470588235294,47.607393392770746,70.22695072223372,49.89286146243693,40.63728920450618,51.43074590850976,True,False,Germany
1102708,Germán Valera,10268,Elche,ESP-La Liga,0.8,33.8,6.0,0.0,1.1,3.2,0.16,0.11,1.3,3.0,0.2,0.5,0.3,0.3,0.5,7.15,0.0,27.0,0.9,1.9,1.1,1802,23,Midfielder,0.6486486486486486,0.2083333333333333,0.0236686390532544,0.8461538461538461,0.1185185185185185,50.93455188679245,81.0495283018868,50.72228773584905,30.041273584905664,51.42031659178409,True,False,Spain
942379,Miguel Gutiérrez,7732,Girona,ESP-La Liga,1.2,36.9,6.0,0.0,1.1,4.6,0.17,0.06,1.1,5.0,0.04,0.6,0.3,0.3,0.4,6.93,0.0,41.0,1.0,1.4,1.1,2464,29,Midfielder,0.6451612903225806,0.3,0.032520325203252,1.0,0.1121951219512195,60.15384615384615,79.14285714285714,41.950549450549445,30.4532967032967,51.37989678760545,False,False,Spain
857120,Ayumu Seko,9746,Le Havre,FRA-Ligue 1,2.3,26.9,1.0,0.0,3.7,1.1,0.06,0.05,1.0,0.0,0.0,1.1,0.2,0.1,0.3,6.91,0.0,9.0,0.7,1.7,0.1,1725,20,Defender,0.7368421052631579,0.3928571428571429,0.0855018587360594,0.1,0.1222222222222222,43.47582547169812,49.33372641509434,56.84551886792453,61.07016509433962,51.35706647752222,True,False,Japan
523749,Jae-Sung Lee,9905,1. FSV Mainz 05,GER-Bundesliga,0.9,20.6,7.0,0.0,1.5,2.6,0.14,0.1,0.8,2.0,0.11,1.0,0.3,0.0,0.3,6.81,0.0,19.0,1.1,1.6,0.2,1649,20,Midfielder,0.7647058823529411,0.3846153846153846,0.0436893203883495,0.25,0.1368421052631579,31.08153206856037,81.93877427603843,58.14296945193172,51.97866991499067,51.33486515535504,True,False,South Korea
559065,Ramy Bensebaini,9789,Borussia Dortmund,GER-Bundesliga,3.2,65.7,0.0,0.0,5.3,1.5,0.14,0.07,1.9,0.0,0.19,0.9,0.4,0.5,0.2,7.53,0.0,5.0,0.8,1.5,0.2,948,13,Defender,0.5581395348837209,0.375,0.0487062404870624,0.1052631578947368,0.3,43.07509589467137,64.56667703365817,46.49011248185777,56.47924009952311,51.28470987941997,True,False,Algeria
198559,Marten de Roon,8524,Atalanta,ITA-Serie A,3.3,52.4,0.0,0.0,2.5,1.0,0.05,0.04,1.3,1.0,0.05,0.6,0.2,0.2,0.3,7.12,0.0,14.0,0.6,2.7,0.1,1707,21,Midfielder,0.717391304347826,0.1818181818181818,0.0629770992366412,0.0769230769230769,0.0714285714285714,46.7255857350197,43.45631176999101,61.09635686640405,58.25625043195797,51.28046759307695,True,False,Netherlands
789630,Marcus Tavernier,8678,Bournemouth,ENG-Premier League,1.1,30.2,3.0,0.0,1.5,2.5,0.13,0.26,1.0,3.0,0.25,0.6,0.7,0.1,0.8,7.11,0.0,28.0,2.2,1.4,0.9,1765,22,Midfielder,0.6666666666666666,0.3,0.0364238410596026,0.9,0.0892857142857142,60.30709620568111,68.4471110650356,51.02558487110374,28.12882282811528,51.25386437325107,True,False,England
667790,Suat Serdar,9876,Verona,ITA-Serie A,2.0,23.1,2.0,0.0,1.3,0.8,0.07,0.17,1.5,0.0,0.16,0.7,0.6,0.4,0.5,6.61,0.0,13.0,1.5,2.5,0.7,1108,20,Midfielder,0.6808510638297872,0.2187499999999999,0.0865800865800865,0.4666666666666666,0.0615384615384615,67.5221421660101,38.13164351371898,57.96146502868201,41.89290465823485,51.21158032901578,True,False,Germany
875672,Hamed Traorè,8583,Auxerre,FRA-Ligue 1,1.0,19.4,4.0,0.0,0.5,2.8,0.12,0.33,1.3,2.0,0.43,0.3,1.2,0.0,0.4,7.12,0.0,27.0,2.9,1.8,1.5,2106,26,Midfielder,0.6176470588235293,0.1428571428571428,0.0515463917525773,1.1538461538461535,0.1037037037037037,68.41483516483517,68.74175824175825,45.090659340659336,26.81318681318681,51.17308244402222,False,False,Ivory Coast
598355,Denis Zakaria,9829,Monaco,FRA-Ligue 1,1.3,42.5,1.0,0.0,2.5,0.6,0.06,0.06,1.1,1.0,0.09,1.6,0.1,0.5,0.1,6.96,0.0,4.0,0.8,1.5,0.4,954,12,Midfielder,0.7380952380952381,0.5161290322580645,0.0305882352941176,0.3636363636363636,0.15,43.0416493883475,53.716471421660096,53.30369669638537,59.25774500656576,51.16016037546724,True,False,Switzerland
1239595,Dario Essugo,8306,Las Palmas,ESP-La Liga,2.0,37.4,0.0,0.0,1.9,0.7,0.03,0.03,1.7,0.0,0.05,1.9,0.2,0.5,0.3,6.8,0.0,13.0,1.1,2.7,0.6,1952,27,Midfielder,0.7301587301587301,0.4130434782608695,0.053475935828877,0.3529411764705882,0.0538461538461538,58.70604395604395,22.28021978021978,73.47802197802199,74.6978021978022,51.14293422658866,False,False,Portugal
845994,Hans Nicolussi Caviglia,7881,Venezia,ITA-Serie A,2.6,34.6,4.0,0.0,1.7,2.3,0.07,0.08,1.6,2.0,0.13,0.9,0.6,0.4,0.4,6.87,0.0,29.0,1.7,1.5,0.5,2870,35,Midfielder,0.6,0.375,0.0751445086705202,0.3125,0.0793103448275862,63.98076923076923,54.23626373626374,45.07967032967033,39.42307692307693,51.054328034017246,False,False,Italy
1352713,Carlos Baleba,10204,Brighton and Hove Albion,ENG-Premier League,1.6,33.7,0.0,0.0,1.6,0.3,0.02,0.03,1.9,0.0,0.0,1.7,0.0,0.2,0.4,6.55,0.0,4.0,0.9,2.0,0.7,1191,21,Midfielder,0.6607142857142858,0.4594594594594594,0.0474777448071216,0.3684210526315789,0.075,61.93707236160066,24.43014375561545,71.25374939525882,62.72556845670053,50.96330204247637,True,False,Cameroon
734042,Kyle Walker-Peters,8654,West Ham United,ENG-Premier League,1.1,36.0,0.0,0.0,2.5,0.3,0.03,0.11,0.8,0.0,0.09,0.7,0.3,0.3,0.4,6.54,0.0,5.0,0.5,3.2,0.9,955,18,Defender,0.8297872340425533,0.1794871794871794,0.0305555555555555,1.125,0.06,56.10674977538185,31.63851164558712,65.40724134356209,58.50870827285922,50.94588426821487,True,False,England
445226,Jean-Philippe Gbamin,8550,Metz,FRA-Ligue 1,4.7,61.4,2.0,0.0,3.5,0.3,0.02,0.09,0.6,1.0,0.06,0.8,0.2,0.5,0.0,6.55,0.0,9.0,0.5,1.8,0.8,1559,19,Defender,0.8125,0.3076923076923077,0.0765472312703583,1.3333333333333337,0.0333333333333333,88.1191037735849,24.15683962264151,47.16096698113207,62.676886792452834,50.944606148564496,True,False,Ivory Coast
967871,Iván Martin,7732,Girona,ESP-La Liga,2.4,43.8,1.0,0.0,1.0,0.9,0.04,0.04,1.2,1.0,0.0,0.6,0.1,0.1,0.3,7.0,0.0,14.0,0.4,2.4,1.0,1801,22,Midfielder,0.7142857142857143,0.1999999999999999,0.0547945205479452,0.8333333333333334,0.0642857142857143,71.31598590089156,40.948951206026685,53.96359458151911,37.465745732255165,50.905986368123365,True,False,Spain
795371,Ibrahim Sangaré,10203,Nottingham Forest,ENG-Premier League,1.6,36.3,1.0,0.0,2.3,1.3,0.09,0.07,1.7,2.0,0.14,1.0,0.3,0.8,0.2,6.91,0.0,6.0,0.9,2.6,0.3,1320,18,Midfielder,0.679245283018868,0.2777777777777778,0.0440771349862259,0.1764705882352941,0.2166666666666666,37.29658018867924,59.72287735849056,57.09905660377358,57.28183962264151,50.85065004525911,True,False,Ivory Coast
1272440,Valentin Barco,9848,Strasbourg,FRA-Ligue 1,2.7,53.8,11.0,0.0,0.6,5.4,0.31,0.08,1.0,4.0,0.06,0.6,0.3,0.0,0.6,7.33,0.0,27.0,1.0,2.2,1.1,1605,19,Midfielder,0.736842105263158,0.2142857142857142,0.0501858736059479,1.1,0.2,54.50285092266224,79.21092508120809,46.81563601492846,29.142066659755333,50.83043644597069,True,False,Argentina
729731,Matty Cash,10252,Aston Villa,ENG-Premier League,1.8,34.5,3.0,0.0,2.9,2.3,0.1,0.04,1.2,2.0,0.13,0.6,0.4,0.4,0.1,7.12,0.0,21.0,1.0,1.8,0.3,2134,24,Defender,0.6666666666666667,0.25,0.0521739130434782,0.25,0.1095238095238095,47.66933616697767,62.05200774068698,44.878542055428845,50.81192981546755,50.79997675714271,True,False,Poland
1367615,Warren Zaire-Emery,9847,Paris Saint-Germain,FRA-Ligue 1,1.3,67.8,6.0,0.0,0.7,2.2,0.11,0.03,1.3,3.0,0.05,0.5,0.2,0.3,0.5,7.4,0.0,31.0,0.7,1.7,1.1,1776,22,Midfielder,0.6285714285714287,0.2272727272727272,0.0191740412979351,0.8461538461538461,0.0709677419354838,55.43868356486282,58.112447301126544,55.09427050936485,34.02479006842214,50.79802929315336,True,False,France
860314,Nahuel Tenaglia,9866,Alavés,ESP-La Liga,2.2,34.9,1.0,0.0,4.5,0.3,0.01,0.04,0.8,0.0,0.05,1.1,0.1,0.8,0.1,6.88,0.0,5.0,0.6,1.6,0.4,1980,22,Defender,0.7714285714285715,0.4074074074074074,0.0630372492836676,0.5,0.06,61.41093890386344,26.49634563549658,58.27745524915336,72.54367095168982,50.78848601590101,True,False,Argentina
1080917,Omar Traoré,94937,1. FC Heidenheim 1846,GER-Bundesliga,2.0,27.2,3.0,0.0,1.6,1.3,0.1,0.02,1.4,2.0,0.0,0.7,0.1,0.1,0.2,6.3,0.0,12.0,0.6,1.2,0.8,1199,20,Midfielder,0.5757575757575758,0.3684210526315789,0.0735294117647058,0.5714285714285715,0.1083333333333333,74.5813722441081,63.43936173889004,36.55614589812703,32.54183513027852,50.77001839375341,True,False,Germany
658554,Dayot Upamecano,9823,Bayern München,GER-Bundesliga,2.8,74.8,2.0,0.0,2.7,0.7,0.05,0.07,0.9,1.0,0.07,0.8,0.1,0.3,0.2,7.24,0.0,6.0,0.5,1.9,0.2,1270,17,Defender,0.75,0.2962962962962963,0.0374331550802139,0.2222222222222222,0.1166666666666666,44.19764237334992,48.66623470868753,53.84392926256134,61.02903189577717,50.73622492799822,True,False,France
751998,Omar Alderete,8472,Sunderland,ENG-Premier League,2.7,35.5,1.0,0.0,6.5,0.7,0.04,0.06,0.8,1.0,0.05,1.3,0.3,0.8,0.1,7.01,0.0,7.0,0.8,0.9,0.7,1906,22,Defender,0.7333333333333334,0.5909090909090908,0.076056338028169,0.8749999999999999,0.0999999999999999,79.10082547169812,36.96933962264151,35.93455188679245,59.43396226415094,50.71071373578966,True,False,Paraguay
801120,Jens-Lys Cajuste,9902,Ipswich Town,ENG-Premier League,1.1,28.6,0.0,0.0,1.5,0.7,0.03,0.03,1.1,1.0,0.05,1.3,0.0,0.5,0.5,6.59,0.0,13.0,0.5,2.0,1.3,1976,30,Midfielder,0.7499999999999999,0.393939393939394,0.0384615384615384,1.1818181818181817,0.0538461538461538,63.6510989010989,22.28021978021978,72.37362637362638,64.28571428571429,50.65701763335975,False,False,Sweden
1281090,Philipp Treu,8358,Sport-Club Freiburg,GER-Bundesliga,1.1,26.2,1.0,0.0,1.5,0.9,0.06,0.05,0.8,1.0,0.07,0.3,0.2,0.3,0.2,6.72,0.0,12.0,0.7,1.9,0.8,1352,18,Defender,0.7333333333333333,0.1363636363636363,0.0419847328244274,1.0,0.075,54.97746043264911,48.95464441219158,51.59730717395812,45.65774241481788,50.64814261382522,True,False,Germany
1052330,Manuel Sánchez,8581,Levante,ESP-La Liga,0.9,24.1,1.0,0.0,2.9,0.8,0.04,0.03,0.9,1.0,0.05,1.2,0.1,0.2,0.3,6.71,0.0,11.0,0.4,2.6,0.4,1727,20,Defender,0.8085106382978723,0.3157894736842105,0.0373443983402489,0.4444444444444445,0.0727272727272727,38.22818396226416,33.360849056603776,76.79834905660377,77.04893867924528,50.60759245105314,True,False,Spain
443966,Jeremy Toljan,8581,Levante,ESP-La Liga,1.6,23.5,8.0,0.0,2.5,2.3,0.11,0.04,1.0,3.0,0.05,1.0,0.0,0.6,0.2,6.57,0.0,19.0,0.3,2.0,0.0,1982,23,Defender,0.75,0.3333333333333333,0.0680851063829787,0.0,0.1210526315789473,29.0625,74.95872641509433,57.8685141509434,60.067806603773576,50.58763524301175,True,False,Germany
952057,Charles Vanhoutte,9831,Nice,FRA-Ligue 1,2.4,42.4,1.0,0.0,2.7,0.6,0.05,0.01,1.7,2.0,0.0,0.9,0.1,0.5,0.4,6.94,0.0,7.0,0.2,2.5,0.4,1281,17,Midfielder,0.6666666666666667,0.2647058823529412,0.0566037735849056,0.2352941176470588,0.0857142857142857,53.54952830188679,35.50117924528302,62.27004716981132,55.601415094339615,50.55619232969303,True,False,Belgium
831489,Alexis Mac Allister,8650,Liverpool,ENG-Premier League,1.7,43.3,2.0,0.0,1.3,1.1,0.06,0.11,0.8,2.0,0.0,0.6,0.4,0.3,0.3,6.83,0.0,20.0,1.7,1.6,0.4,1735,25,Midfielder,0.7333333333333334,0.2727272727272727,0.0392609699769053,0.5,0.055,48.90371656645241,56.50806033589052,55.17940078789135,41.374987041260624,50.5384570783551,True,False,Argentina
1473580,Aleksandar Pavlovic,9823,Bayern München,GER-Bundesliga,4.7,96.7,2.0,0.0,1.1,1.9,0.15,0.12,1.2,1.0,0.16,0.8,0.3,0.5,0.2,7.23,0.0,16.0,0.6,1.9,0.2,1108,18,Midfielder,0.6923076923076923,0.2962962962962963,0.0486039296794208,0.1666666666666666,0.11875,49.10144965097796,65.52175340382887,48.38740151358076,40.2271667012233,50.52561821857494,True,False,Germany
1037537,Jesus Areso,8315,Athletic Club,ESP-La Liga,1.1,28.4,3.0,0.0,2.8,1.1,0.08,0.01,1.1,1.0,0.0,1.1,0.0,0.5,0.3,6.88,0.0,18.0,0.2,1.4,0.9,1262,20,Defender,0.6944444444444444,0.44,0.0387323943661971,0.8181818181818181,0.0611111111111111,56.650904520008304,55.21532241343562,44.03958894878706,44.670135289239056,50.40124047042546,True,False,Spain
1231029,Rafik Belghali,9876,Verona,ITA-Serie A,0.8,18.2,1.0,0.0,1.0,1.8,0.14,0.12,1.0,0.0,0.16,1.0,0.3,0.3,0.3,6.82,0.0,15.0,0.8,1.2,1.8,1125,16,Defender,0.6875,0.4545454545454545,0.0439560439560439,1.8,0.12,64.74646226415095,63.950471698113205,41.40035377358491,32.8125,50.38307016717851,True,False,Algeria
321140,Valentino Lazaro,9804,Torino,ITA-Serie A,1.5,26.4,3.0,0.0,2.0,2.6,0.13,0.02,1.5,2.0,0.0,0.9,0.1,0.4,0.5,6.73,0.0,22.0,0.3,1.9,0.5,1778,24,Midfielder,0.6511627906976744,0.3214285714285714,0.0568181818181818,0.3333333333333333,0.1181818181818181,49.95724047964615,73.01063480544613,46.24724842767296,35.68188886585113,50.37175766376159,True,False,Austria
952528,Adrián De La Fuente,8581,Levante,ESP-La Liga,5.0,39.7,1.0,0.0,6.0,0.9,0.05,0.1,1.1,1.0,0.11,1.5,0.2,0.8,0.1,6.76,0.0,6.0,1.1,1.1,0.2,1644,21,Defender,0.7027027027027027,0.5769230769230769,0.1259445843828715,0.1818181818181818,0.15,59.05660377358491,48.89740566037736,37.09021226415094,60.22995283018868,50.34766444306903,True,False,Spain
603537,Angelino,8686,Roma,ITA-Serie A,2.6,37.5,7.0,0.0,2.5,4.0,0.11,0.03,0.9,1.0,0.06,0.8,0.1,0.3,0.1,7.1,0.0,50.0,0.7,1.3,0.3,3179,38,Midfielder,0.7000000000000001,0.3809523809523809,0.0693333333333333,0.3333333333333333,0.08,58.5521978021978,66.58241758241758,34.747252747252745,44.931318681318686,50.33183934629821,False,False,Spain
940573,Eric Garcia,8634,Barcelona,ESP-La Liga,2.4,67.5,1.0,0.0,2.7,1.3,0.06,0.13,1.2,1.0,0.05,1.6,0.3,0.3,0.2,7.37,0.0,24.0,1.0,2.5,0.1,1905,24,Defender,0.7735849056603773,0.3902439024390244,0.0355555555555555,0.0833333333333333,0.0541666666666666,32.22184497892045,48.56451724376253,67.55114814430853,71.07244367267953,50.32378792881871,True,False,Spain
1201760,Marvin Senaya,8583,Auxerre,FRA-Ligue 1,2.0,26.7,0.0,0.0,3.8,0.4,0.02,0.05,1.2,0.0,0.0,1.7,0.2,0.4,0.2,6.76,0.0,4.0,0.8,2.6,0.2,1305,16,Defender,0.7818181818181817,0.3953488372093023,0.0749063670411985,0.1666666666666666,0.1,45.86379716981132,25.33608490566038,73.92688679245282,83.96226415094341,50.27977337717356,True,False,Ghana
1473806,Marco Palestra,8529,Cagliari,ITA-Serie A,0.8,21.7,6.0,0.0,1.3,2.4,0.11,0.05,1.3,4.0,0.04,0.6,0.1,0.1,0.1,7.11,0.0,21.0,0.7,1.9,1.8,2061,24,Midfielder,0.6578947368421053,0.24,0.0368663594470046,1.3846153846153846,0.1142857142857142,61.173349056603776,73.46108490566039,36.7688679245283,34.375,50.24601431404126,True,False,Italy
473852,Corentin Tolisso,9748,Lyon,FRA-Ligue 1,3.6,42.9,6.0,0.0,1.4,2.3,0.14,0.4,1.8,1.0,0.24,0.8,1.0,0.2,0.7,7.15,0.0,22.0,2.1,1.1,0.2,1510,19,Midfielder,0.5135135135135135,0.4210526315789473,0.0839160839160839,0.1111111111111111,0.1045454545454545,51.30981754094961,79.47577579653051,47.28927793904209,29.57676757205059,50.23421817547087,True,False,France
1253852,Castello Lukeba,178475,RB Leipzig,GER-Bundesliga,2.2,62.8,0.0,0.0,4.9,0.4,0.02,0.06,0.5,0.0,0.06,1.6,0.1,0.9,0.1,7.1,0.0,5.0,0.3,1.2,0.9,1446,17,Defender,0.8484848484848485,0.5714285714285715,0.0350318471337579,1.8,0.08,70.29091937936278,24.49621604810284,51.45290362153569,72.25942100352478,50.23146974538544,True,False,France
38432,Dante,9831,Nice,FRA-Ligue 1,2.8,57.8,0.0,0.0,3.3,0.5,0.02,0.02,0.9,0.0,0.0,1.6,0.1,0.6,0.1,6.91,0.0,4.0,0.4,1.5,0.3,1965,25,Defender,0.775,0.5161290322580645,0.0484429065743944,0.3333333333333333,0.125,54.266483516483525,31.879120879120887,54.1675824175824,71.77197802197803,50.21829163241914,False,False,Brazil
684983,Atakan Karazor,10269,VfB Stuttgart,GER-Bundesliga,0.8,42.3,3.0,0.0,2.7,1.4,0.1,0.04,0.9,0.0,0.0,0.8,0.1,0.3,0.4,7.04,0.0,9.0,0.3,1.7,0.3,1344,20,Midfielder,0.7352941176470589,0.32,0.0189125295508274,0.3333333333333333,0.1555555555555555,32.918316746146935,67.60786854654779,59.244371587531965,52.64047273481236,50.13676720985743,True,False,Turkiye
575364,Alberto Grassi,7801,Cremonese,ITA-Serie A,1.5,34.9,0.0,0.0,3.1,0.4,0.04,0.04,0.7,0.0,0.0,1.9,0.3,0.5,0.3,6.55,0.0,2.0,0.4,1.1,0.3,1046,19,Midfielder,0.8108108108108107,0.6333333333333333,0.0429799426934097,0.4285714285714286,0.2,43.29599056603774,41.20283018867925,58.40507075471699,65.80188679245283,50.11022746284437,True,False,Italy
503659,Joachim Andersen,9879,Fulham,ENG-Premier League,5.5,64.9,3.0,0.0,7.2,1.5,0.06,0.05,1.0,1.0,0.0,1.0,0.1,0.7,0.0,6.91,0.0,6.0,0.5,1.5,0.2,2202,25,Defender,0.7142857142857143,0.4,0.0847457627118644,0.2,0.25,57.56311338033036,53.00485520768539,34.33470695970696,60.57923405211141,50.063393854101626,True,False,Denmark
215584,David Lopez,7732,Girona,ESP-La Liga,3.1,69.3,1.0,0.0,4.1,1.3,0.05,0.03,0.4,1.0,0.04,0.5,0.1,0.4,0.1,6.77,0.0,4.0,0.4,1.2,0.2,2429,29,Defender,0.8095238095238094,0.2941176470588235,0.0447330447330447,0.5,0.325,55.579670329670336,50.20879120879121,41.0,54.16208791208791,49.957969105704,False,False,Spain
166733,Christopher Trimmel,8149,1. FC Union Berlin,GER-Bundesliga,2.4,19.6,6.0,0.0,3.9,3.9,0.28,0.0,1.4,2.0,0.0,0.4,0.0,0.6,0.1,6.92,0.0,37.0,0.2,1.6,0.1,1256,19,Midfielder,0.5882352941176471,0.2,0.1224489795918367,0.0714285714285714,0.1054054054054054,45.75887241689128,77.45949098071739,37.51260021425116,47.079100145137886,49.94835350414431,True,False,Austria
1332850,Enzo Tchato,10249,Montpellier,FRA-Ligue 1,1.3,28.2,2.0,0.0,2.5,1.2,0.06,0.01,1.0,0.0,0.0,1.0,0.1,0.5,0.0,6.52,0.0,14.0,0.2,2.3,0.3,1902,27,Defender,0.7674418604651163,0.303030303030303,0.0460992907801418,0.3,0.0857142857142857,41.56593406593407,43.52197802197802,54.8489010989011,69.50549450549451,49.9452544323338,False,False,Cameroon
1258292,Nicolo Bertola,8600,Udinese,ITA-Serie A,2.5,31.4,2.0,0.0,4.1,0.7,0.04,0.03,1.1,1.0,0.0,1.0,0.2,0.7,0.2,6.77,0.0,8.0,0.7,1.9,0.2,1488,21,Defender,0.725,0.3448275862068966,0.0796178343949044,0.1818181818181818,0.0875,50.93455188679245,38.40801886792453,53.48466981132076,61.777712264150935,49.93820381773172,True,False,Italy
586474,Kingsley Ehizibue,8600,Udinese,ITA-Serie A,0.9,19.7,3.0,0.0,2.1,1.8,0.07,0.04,1.2,1.0,0.0,0.8,0.1,0.5,0.4,6.75,0.0,22.0,0.5,2.0,0.4,2510,33,Midfielder,0.7,0.2857142857142857,0.0456852791878172,0.3333333333333333,0.0818181818181818,41.56318681318682,50.96703296703296,58.15384615384615,52.5412087912088,49.85165864877409,False,False,Netherlands
958464,Leonardo Balerdi,8592,Marseille,FRA-Ligue 1,3.6,69.4,0.0,0.0,4.1,0.2,0.02,0.09,1.1,1.0,0.0,1.1,0.2,0.5,0.3,6.91,0.0,4.0,0.8,2.3,0.4,1177,16,Defender,0.7555555555555555,0.3235294117647059,0.0518731988472622,0.3636363636363636,0.05,63.86828305342456,20.14348780150667,67.37466307277627,73.22724445365954,49.8514654905044,True,False,Argentina
1255855,Yassine Kechta,9746,Le Havre,FRA-Ligue 1,0.7,21.8,3.0,0.0,1.3,1.5,0.13,0.12,2.4,1.0,0.09,1.2,0.5,0.3,0.7,6.47,0.0,9.0,1.4,2.0,0.4,1015,20,Midfielder,0.5714285714285715,0.3749999999999999,0.0321100917431192,0.1666666666666666,0.1666666666666666,35.48645379777455,61.543964683115625,62.57834421867441,47.92571618632939,49.83504874688651,True,False,Morocco
807148,Luca Pellegrini,8543,Lazio,ITA-Serie A,1.5,38.9,1.0,0.0,1.9,0.7,0.06,0.04,1.5,0.0,0.0,1.2,0.2,0.5,0.0,6.58,0.0,9.0,0.4,1.7,0.6,1083,19,Defender,0.6590909090909091,0.4137931034482758,0.0385604113110539,0.3999999999999999,0.0777777777777777,57.65861065035593,45.19490807934204,43.17446782776972,53.61170865298224,49.73822778209421,True,False,Italy
1327489,Kike Salas,8302,Sevilla,ESP-La Liga,3.2,53.4,0.0,0.0,8.2,0.2,0.02,0.07,1.5,0.0,0.09,1.9,0.4,0.8,0.2,7.26,0.0,3.0,0.9,2.4,0.2,1033,13,Defender,0.7413793103448276,0.4418604651162791,0.0599250936329588,0.1333333333333333,0.0666666666666666,48.04937279701432,25.14713352685051,67.22920986246457,84.27584404589122,49.73459237377576,True,False,Spain
1254166,Alejandro Balde,8634,Barcelona,ESP-La Liga,0.9,51.1,4.0,0.0,1.1,1.9,0.12,0.02,0.7,2.0,0.0,0.3,0.1,0.5,0.4,7.19,0.0,21.0,0.5,1.8,1.2,1429,20,Defender,0.7500000000000001,0.1428571428571428,0.0176125244618395,1.7142857142857144,0.0904761904761904,56.69449771926187,67.38798465685258,47.66382870274379,29.44098158131177,49.721655371399216,True,False,Spain
1199947,Leopold Querfeld,8149,1. FC Union Berlin,GER-Bundesliga,4.7,32.5,3.0,0.0,6.9,1.5,0.07,0.15,1.5,0.0,0.09,1.2,0.4,0.8,0.0,7.03,0.0,17.0,1.1,1.7,0.1,1980,22,Defender,0.6590909090909091,0.4137931034482758,0.1446153846153846,0.0666666666666666,0.088235294117647,53.961106503559336,52.9420053217223,35.931793835095725,60.514073190959984,49.63812322535742,True,False,Austria
747718,Christoph Baumgartner,178475,RB Leipzig,GER-Bundesliga,1.3,25.3,4.0,0.0,1.6,2.7,0.14,0.43,1.9,6.0,0.42,0.6,1.1,0.2,0.4,7.31,0.0,27.0,2.6,1.8,0.5,1713,21,Midfielder,0.5581395348837209,0.25,0.0513833992094861,0.2631578947368421,0.1,49.64806655608542,66.55465132351925,49.84317765567764,34.08753196489045,49.60047635896659,True,False,Austria
954621,Youssouf Fofana,8564,Milan,ITA-Serie A,0.9,27.1,2.0,0.0,0.7,2.0,0.12,0.16,1.0,2.0,0.06,0.5,0.6,0.1,0.7,6.81,0.0,21.0,1.8,1.9,0.4,1475,21,Midfielder,0.7058823529411765,0.2083333333333333,0.033210332103321,0.4,0.0952380952380952,41.67302076853964,63.780237058538944,58.87325057018453,37.354192584145416,49.43965158700547,True,False,France
1152455,Florian Wirtz,8650,Liverpool,ENG-Premier League,1.4,45.5,4.0,0.0,0.5,4.1,0.2,0.28,0.9,2.0,0.19,0.4,0.7,0.0,0.6,7.19,0.0,44.0,2.0,1.4,1.6,1861,25,Midfielder,0.6666666666666666,0.2222222222222222,0.0307692307692307,1.777777777777778,0.0931818181818181,66.07095773723132,82.4244764669293,44.876775347294206,18.981378291519803,49.39559141480686,True,False,Germany
1010426,Keane Lewis-Potter,9937,Brentford,ENG-Premier League,0.8,17.0,3.0,0.0,1.5,1.0,0.08,0.16,0.9,1.0,0.25,0.6,0.5,0.1,0.3,6.62,0.0,10.0,1.5,1.2,0.5,1094,24,Defender,0.6666666666666666,0.3333333333333333,0.0470588235294117,0.5555555555555556,0.1,58.54201223304998,64.03544647176723,41.82232272444536,34.01520060128551,49.3778355380906,True,False,England
1574189,Senny Mayulu,9847,Paris Saint-Germain,FRA-Ligue 1,0.8,31.8,5.0,0.0,0.2,1.7,0.13,0.22,1.5,4.0,0.24,0.5,0.6,0.0,1.3,7.21,0.0,23.0,1.8,2.7,0.6,1145,17,Midfielder,0.6808510638297872,0.15625,0.0251572327044025,0.3999999999999999,0.0739130434782608,37.61202830188679,63.71462264150944,68.46108490566037,35.834316037735846,49.36038896146499,True,False,France
940743,Daniel Vivian,8315,Athletic Club,ESP-La Liga,3.6,40.3,1.0,0.0,5.2,0.5,0.02,0.06,1.5,0.0,0.0,1.3,0.2,0.5,0.2,6.55,0.0,3.0,0.6,1.7,0.1,1648,19,Defender,0.6666666666666666,0.4333333333333333,0.0893300248138957,0.0666666666666666,0.1666666666666666,53.870481719538326,35.61874524846223,49.07573087290067,65.36835216670123,49.3304541039283,True,False,Spain
1187734,Flavien Boyomo,8371,Osasuna,ESP-La Liga,1.9,33.8,2.0,0.0,4.5,0.8,0.05,0.02,1.2,1.0,0.05,0.7,0.1,0.7,0.1,6.93,0.0,7.0,0.2,2.5,0.2,1645,20,Defender,0.7272727272727273,0.2187499999999999,0.0562130177514792,0.1666666666666666,0.1142857142857143,42.08670692515032,45.68962091367752,51.97284712143202,64.33385600248808,49.29806987574727,True,False,Cameroon
353519,Kevin Akpoguma,8226,TSG 1899 Hoffenheim,GER-Bundesliga,2.6,48.0,0.0,0.0,4.4,0.6,0.03,0.0,1.0,0.0,0.0,1.2,0.0,1.5,0.0,6.53,0.0,7.0,0.2,2.2,0.3,2216,32,Defender,0.7727272727272727,0.3529411764705882,0.0541666666666666,0.3,0.0857142857142857,54.56043956043956,26.06043956043956,56.64835164835164,78.69505494505495,49.26575017565199,False,False,Nigeria
1239749,Mandela Keita,10167,Parma,ITA-Serie A,1.4,31.3,0.0,0.0,0.8,0.3,0.01,0.01,1.0,1.0,0.0,1.2,0.0,0.5,0.4,7.08,0.0,10.0,0.5,2.6,1.1,1947,24,Midfielder,0.7916666666666666,0.3157894736842105,0.0447284345047923,1.1,0.03,64.0287770405695,20.22816884373488,73.79315692169466,60.72026833229664,49.212164099717526,True,False,Belgium
115067,Nemanja Matic,7943,Sassuolo,ITA-Serie A,4.1,49.7,1.0,0.0,1.7,1.0,0.04,0.01,0.9,1.0,0.04,0.8,0.2,0.4,0.5,7.06,0.0,19.0,0.4,1.6,0.3,2011,23,Midfielder,0.7272727272727273,0.3333333333333333,0.0824949698189134,0.3333333333333333,0.0526315789473684,64.3189858490566,34.528301886792455,56.28832547169811,43.07193396226416,49.14609526548153,True,False,Serbia
1382000,Petar Sucic,8636,Internazionale,ITA-Serie A,2.4,44.3,5.0,0.0,0.9,1.5,0.12,0.1,1.7,2.0,0.08,0.3,0.3,0.1,0.6,7.0,0.0,20.0,1.3,1.9,0.9,1151,23,Midfielder,0.5641025641025641,0.1363636363636363,0.0541760722347629,0.5294117647058824,0.075,71.11143867924528,61.85141509433963,47.27004716981131,22.214033018867923,49.13503176204047,True,False,Croatia
1195281,Milos Kerkez,8650,Liverpool,ENG-Premier League,0.9,37.4,3.0,0.0,3.1,0.6,0.03,0.05,0.8,1.0,0.05,0.6,0.1,0.4,0.1,6.97,0.0,23.0,0.4,1.9,0.6,1721,24,Defender,0.7575757575757576,0.24,0.0240641711229946,0.7499999999999999,0.0260869565217391,47.535027472527474,44.52057847812565,50.159815813117696,56.77720471352546,49.10979363516776,True,False,Hungary
1359649,Noah Sadiki,8472,Sunderland,ENG-Premier League,1.3,31.2,0.0,0.0,1.5,0.9,0.04,0.02,0.9,0.0,0.0,1.3,0.0,0.3,0.3,6.9,0.0,10.0,0.3,1.5,0.7,1845,21,Midfielder,0.7567567567567568,0.4642857142857143,0.0416666666666666,0.7777777777777777,0.09,56.241155660377366,32.924528301886795,57.64740566037736,54.02417452830189,49.10307964270138,True,False,DR Congo
213516,Daniel Rodriguez,8661,Mallorca,ESP-La Liga,0.9,19.0,7.0,0.0,1.0,3.4,0.14,0.11,2.1,7.0,0.17,0.5,0.4,0.1,0.4,6.71,0.0,33.0,1.3,2.0,0.7,2175,37,Midfielder,0.5434782608695653,0.2,0.0473684210526315,0.3333333333333333,0.103030303030303,47.6043956043956,75.0164835164835,46.68131868131868,32.03296703296704,49.03300439425608,False,False,Spain
966018,Jeremie Frimpong,8178,Bayer 04 Leverkusen,GER-Bundesliga,0.5,23.8,6.0,0.0,0.7,4.7,0.18,0.16,0.8,5.0,0.19,0.3,0.6,0.0,0.8,6.98,0.0,30.0,1.3,1.3,1.0,2322,33,Defender,0.6666666666666666,0.1874999999999999,0.0210084033613445,1.25,0.1566666666666666,53.07967032967033,85.42857142857143,46.73351648351648,22.884615384615383,48.94350753532616,False,False,Netherlands
959696,Joseph Scally,9788,Borussia Mönchengladbach,GER-Bundesliga,1.0,25.7,2.0,0.0,2.8,1.0,0.06,0.06,1.2,2.0,0.06,0.8,0.4,0.1,0.2,6.75,0.0,7.0,0.6,1.6,0.8,1553,20,Defender,0.6666666666666666,0.3333333333333333,0.0389105058365758,0.6666666666666667,0.1428571428571428,58.42505961020112,52.878326076439286,38.60490099523118,45.459365712903455,48.86348735045426,True,False,USA
1347791,Yassin Belkhdim,8121,Angers,FRA-Ligue 1,1.0,26.9,4.0,0.0,1.1,1.2,0.06,0.08,1.1,2.0,0.1,1.4,0.5,0.3,0.4,7.07,0.0,14.0,1.3,2.7,0.3,1784,22,Midfielder,0.7884615384615385,0.3414634146341463,0.037174721189591,0.2727272727272727,0.0857142857142857,27.39770371138296,46.75451828046168,76.45096844978922,69.96324037597623,48.81911217661668,True,False,France
864006,Matteo Tramoni,6479,Pisa,ITA-Serie A,0.8,14.3,4.0,0.0,0.6,2.1,0.16,0.2,1.1,2.0,0.15,0.7,0.5,0.0,1.2,6.64,0.0,25.0,1.8,1.7,0.4,1227,22,Midfielder,0.6857142857142857,0.2916666666666667,0.0559440559440559,0.3636363636363636,0.084,42.193396226415096,68.83844339622641,58.76474056603774,31.235259433962263,48.779723561912405,True,False,France
1313884,Rafa Marin,10205,Villarreal,ESP-La Liga,2.8,47.0,1.0,0.0,5.9,0.6,0.04,0.02,0.6,0.0,0.06,1.0,0.1,0.8,0.0,7.13,0.0,5.0,0.2,1.7,0.1,1395,16,Defender,0.8181818181818181,0.3703703703703703,0.0595744680851063,0.1666666666666666,0.12,44.428066037735846,40.69575471698113,48.24587264150944,71.31485849056604,48.7736823888935,True,False,Spain
600524,Reinildo,8472,Sunderland,ENG-Premier League,1.1,31.3,0.0,0.0,3.9,0.6,0.03,0.01,1.6,1.0,0.0,1.4,0.0,0.7,0.3,6.85,0.0,4.0,0.3,1.7,0.8,1428,17,Defender,0.6595744680851064,0.4516129032258065,0.0351437699680511,0.5,0.15,49.48997641509434,37.2936320754717,52.4498820754717,59.40448113207548,48.52480680035247,True,False,Mozambique
474589,José Giménez,9906,Atlético de Madrid,ESP-La Liga,4.4,56.2,1.0,0.0,5.2,0.3,0.01,0.02,0.6,1.0,0.0,1.2,0.0,0.9,0.0,6.81,0.0,2.0,0.2,1.2,0.1,1994,27,Defender,0.7999999999999999,0.5,0.0782918149466192,0.1666666666666666,0.15,54.01373626373627,35.93956043956044,43.222527472527474,69.3956043956044,48.51079460562809,False,False,Uruguay
921594,Domagoj Bradaric,9876,Verona,ITA-Serie A,0.7,18.8,4.0,0.0,1.9,1.9,0.11,0.03,0.4,0.0,0.0,0.4,0.3,0.1,0.3,6.57,0.0,17.0,0.5,1.4,0.2,1539,20,Midfielder,0.8181818181818182,0.2222222222222222,0.0372340425531914,0.5,0.1117647058823529,40.2345963784643,64.92978091091298,49.03106641785888,43.92470540465823,48.48981032810456,True,False,Croatia
956925,Georginio Rutter,10204,Brighton and Hove Albion,ENG-Premier League,0.8,14.6,6.0,0.0,1.4,2.1,0.12,0.13,1.6,2.0,0.12,0.4,0.7,0.1,0.9,6.59,0.0,19.0,2.0,1.4,1.5,1515,23,Midfielder,0.5294117647058824,0.2222222222222222,0.0547945205479452,0.9375,0.1105263157894737,61.82024932614556,68.5048552076854,46.60810612343631,22.92940942705094,48.46893774347153,True,False,France
1073980,David Affengruber,10268,Elche,ESP-La Liga,2.1,53.6,0.0,0.0,5.6,0.5,0.03,0.02,1.1,0.0,0.0,1.5,0.0,0.9,0.1,6.91,0.0,5.0,0.3,2.1,0.3,1816,22,Defender,0.7659574468085106,0.4166666666666666,0.0391791044776119,0.2727272727272727,0.1,43.22228773584906,29.31014150943396,61.164504716981135,80.61615566037736,48.45918285103447,True,False,Austria
1175939,Paul Nebel,9905,1. FSV Mainz 05,GER-Bundesliga,0.6,27.9,2.0,0.0,0.9,1.9,0.15,0.19,1.3,0.0,0.08,0.6,0.1,0.1,0.8,6.6,0.0,21.0,1.1,1.7,0.9,1141,18,Midfielder,0.638888888888889,0.2608695652173913,0.021505376344086,0.6923076923076923,0.0904761904761904,50.42401859147142,72.4360615799295,50.364861946229865,26.28924338240376,48.4470651151475,True,False,Germany
785411,Marcos Senesi,8678,Bournemouth,ENG-Premier League,5.1,46.2,6.0,0.0,7.6,4.0,0.16,0.05,0.9,4.0,0.0,1.6,0.2,1.4,0.1,7.07,0.0,20.0,0.5,1.8,0.1,2210,25,Defender,0.7906976744186046,0.4705882352941176,0.1103896103896103,0.1111111111111111,0.2,36.96550815536664,68.85594201396088,41.58764859354482,56.618481754094965,48.43475369437184,True,False,Argentina
711357,Ethan Pinnock,9937,Brentford,ENG-Premier League,2.2,42.5,2.0,0.0,6.5,0.7,0.03,0.05,0.4,0.0,0.09,1.1,0.3,0.8,0.0,6.68,0.0,8.0,0.5,1.6,0.1,1913,22,Defender,0.8709677419354839,0.4074074074074074,0.0517647058823529,0.25,0.0875,43.81318681318681,34.81318681318681,51.85714285714285,77.69230769230768,48.38326239559638,False,False,Jamaica
303912,Matthias Ginter,8358,Sport-Club Freiburg,GER-Bundesliga,3.3,49.3,4.0,0.0,6.4,1.9,0.09,0.05,0.4,3.0,0.0,0.7,0.1,0.5,0.0,6.9,0.0,11.0,0.5,0.7,0.1,1890,21,Defender,0.7777777777777778,0.5,0.0669371196754563,0.25,0.1727272727272727,50.92683495749534,65.52480302716152,31.36759192065796,52.699650977952864,48.38015768135183,True,False,Germany
173461,Andrej Kramaric,8226,TSG 1899 Hoffenheim,GER-Bundesliga,1.0,34.3,5.0,0.0,0.5,3.1,0.21,0.48,0.2,4.0,0.6,0.4,1.4,0.1,1.1,7.24,0.0,24.0,2.8,0.3,0.8,1347,22,Midfielder,0.7777777777777778,0.5714285714285715,0.0291545189504373,4.0,0.1291666666666666,57.74073018176792,83.0564050729145,45.85929400787891,20.12280565346603,48.34844509882743,True,False,Croatia
526657,Lukas Klostermann,178475,RB Leipzig,GER-Bundesliga,1.8,51.5,0.0,0.0,6.8,0.7,0.03,0.02,0.6,0.0,0.05,1.2,0.1,0.8,0.1,6.75,0.0,2.0,0.2,1.3,0.2,1833,28,Defender,0.8064516129032258,0.48,0.0349514563106796,0.3333333333333333,0.35,40.03846153846154,41.03296703296704,50.612637362637365,73.06318681318682,48.17601896125835,False,False,Germany
413525,Laurent Abergel,8689,Lorient,FRA-Ligue 1,4.2,56.6,2.0,0.0,1.8,0.8,0.04,0.03,1.1,0.0,0.05,1.0,0.2,0.2,0.4,6.98,0.0,14.0,0.9,1.5,0.3,1826,21,Midfielder,0.6944444444444444,0.4,0.0742049469964664,0.2727272727272727,0.0571428571428571,62.12264150943396,35.8372641509434,51.47405660377359,43.67629716981132,48.13987381469942,True,False,France
815465,Romain Perraud,8639,Lille,FRA-Ligue 1,0.9,37.9,6.0,0.0,2.0,2.8,0.16,0.09,1.0,3.0,0.12,0.9,0.6,0.3,0.5,7.16,0.0,28.0,1.3,1.8,0.3,1564,19,Defender,0.7297297297297297,0.3333333333333333,0.0237467018469657,0.3,0.0999999999999999,30.06109613656784,67.08064655470315,57.631781740272295,51.19414783329878,48.09061477224244,True,False,France
827315,Nicolás Dominguez,10203,Nottingham Forest,ENG-Premier League,1.0,37.1,2.0,0.0,2.4,1.6,0.07,0.07,1.5,1.0,0.0,1.3,0.4,0.5,0.4,6.79,0.0,13.0,1.0,3.9,0.1,1970,34,Midfielder,0.7761194029850746,0.25,0.0269541778975741,0.0666666666666666,0.123076923076923,19.373626373626376,55.15934065934066,82.51098901098901,80.57692307692308,48.07708487579856,False,False,Argentina
773991,Ryan Sessegnon,9879,Fulham,ENG-Premier League,1.0,26.4,3.0,0.0,3.3,1.7,0.11,0.06,1.7,1.0,0.13,1.0,0.2,0.4,0.2,6.55,0.0,10.0,0.6,2.3,0.3,1421,19,Defender,0.6599999999999999,0.303030303030303,0.0378787878787878,0.1764705882352941,0.1699999999999999,28.449292452830186,70.14150943396226,52.88620283018868,57.8125,47.96839245898354,True,False,England
574645,Mikel Merino,9825,Arsenal,ENG-Premier League,0.6,24.2,4.0,0.0,1.7,1.5,0.13,0.27,1.9,3.0,0.36,0.9,0.7,0.2,0.7,6.97,0.0,12.0,1.9,2.3,0.5,999,21,Midfielder,0.6274509803921569,0.28125,0.024793388429752,0.2631578947368421,0.125,30.27393479162347,62.08999412537148,65.22500259174787,46.86817506392978,47.90217146607446,True,False,Spain
974618,Jan Paul van Hecke,10204,Brighton and Hove Albion,ENG-Premier League,4.2,63.5,1.0,0.0,5.1,0.9,0.04,0.09,0.9,2.0,0.13,1.1,0.3,0.8,0.1,7.09,0.0,7.0,0.7,1.4,0.1,2131,24,Defender,0.7352941176470589,0.44,0.0661417322834645,0.1111111111111111,0.1285714285714286,51.50870395327943,44.91227797359873,40.47649284677586,57.22348209966134,47.85981688747396,True,False,Netherlands
1539619,Juma Bah,9831,Nice,FRA-Ligue 1,2.1,55.3,1.0,0.0,7.0,0.6,0.05,0.04,1.5,0.0,0.0,1.1,0.1,1.1,0.2,6.6,0.0,3.0,0.4,1.4,0.6,1189,17,Defender,0.625,0.44,0.0379746835443038,0.3999999999999999,0.1999999999999999,54.77299528301887,48.71462264150944,36.880896226415096,52.85966981132076,47.84207843653272,True,False,Sierra Leone
889534,Emile Smith Rowe,9879,Fulham,ENG-Premier League,0.4,41.8,1.0,0.0,0.8,0.9,0.06,0.25,0.3,0.0,0.21,1.3,0.5,0.1,0.4,6.69,0.0,13.0,1.8,1.3,0.6,1269,26,Midfielder,0.896551724137931,0.5,0.0095693779904306,2.0,0.0692307692307692,45.73637172575853,43.21438938420071,57.450782707858174,45.93415232566176,47.77896487969488,True,False,England
901495,Albert Sambi Lokonga,9790,Hamburger SV,GER-Bundesliga,1.3,33.4,0.0,0.0,1.0,1.1,0.09,0.1,1.0,0.0,0.34,0.9,0.7,0.8,0.5,6.93,0.0,17.0,1.2,1.8,0.5,1056,16,Midfielder,0.7297297297297297,0.3333333333333333,0.0389221556886227,0.5,0.0647058823529411,47.520636792452834,39.66981132075472,61.792452830188665,43.97110849056604,47.75810111775793,True,False,Belgium
935379,Dejan Kulusevski,8586,Tottenham Hotspur,ENG-Premier League,0.5,24.1,9.0,0.0,0.3,3.9,0.15,0.16,1.8,4.0,0.26,0.5,0.7,0.2,1.0,6.92,0.0,65.0,1.8,1.7,1.4,2391,32,Midfielder,0.55,0.2272727272727272,0.0207468879668049,0.7777777777777777,0.06,52.57692307692307,66.82967032967034,51.55494505494505,24.46428571428571,47.67107766165889,False,False,Sweden
882400,Jessy Deminguet,8550,Metz,FRA-Ligue 1,2.8,36.8,0.0,0.0,0.8,0.5,0.03,0.02,1.2,0.0,0.07,0.8,0.2,0.1,0.2,6.43,0.0,3.0,0.5,1.8,0.6,1297,21,Midfielder,0.6842105263157895,0.3076923076923077,0.0760869565217391,0.5,0.1666666666666666,73.2193396226415,37.82429245283019,44.99705188679245,35.775353773584904,47.6259057358221,True,False,France
792645,Pau Torres,10252,Aston Villa,ENG-Premier League,2.6,53.2,0.0,0.0,3.6,0.3,0.02,0.04,0.3,0.0,0.0,0.7,0.0,1.0,0.1,6.81,0.0,1.0,0.4,1.3,0.4,1209,15,Defender,0.8695652173913044,0.35,0.0488721804511278,1.3333333333333337,0.3,68.33400286820098,35.24076473840625,38.90496924459188,51.91964285714285,47.61239170712942,True,False,Spain
1072056,Tommaso Barbieri,7801,Cremonese,ITA-Serie A,1.8,19.6,1.0,0.0,2.0,0.6,0.04,0.04,2.0,1.0,0.0,0.8,0.1,0.5,0.1,6.65,0.0,8.0,0.7,2.6,0.9,1240,18,Midfielder,0.6296296296296297,0.2352941176470588,0.0918367346938775,0.45,0.075,70.74292452830188,31.338443396226417,45.011792452830186,47.19929245283019,47.538221812892886,True,False,Italy
1428426,Arthur Atta,8600,Udinese,ITA-Serie A,1.2,25.7,4.0,0.0,1.2,1.6,0.09,0.13,0.7,3.0,0.11,0.6,0.7,0.1,0.7,7.06,0.0,26.0,2.1,1.0,2.5,1607,20,Midfielder,0.6956521739130436,0.3749999999999999,0.046692607003891,3.571428571428572,0.0615384615384615,70.39842940078789,54.18537908632248,43.67191495611306,24.60804132973944,47.424786938428014,True,False,France
1254297,Andy Diouf,8588,Lens,FRA-Ligue 1,0.4,34.1,3.0,0.0,0.6,3.3,0.13,0.12,1.7,2.0,0.04,0.6,0.2,0.0,0.8,6.85,0.0,33.0,1.6,1.5,1.7,2233,34,Midfielder,0.5526315789473685,0.2857142857142857,0.0117302052785923,1.0,0.0999999999999999,54.42032967032967,66.75274725274726,48.03571428571428,24.73901098901099,47.41471740442773,False,False,France
860592,Sebastian Walukiewicz,7943,Sassuolo,ITA-Serie A,1.4,33.9,1.0,0.0,2.8,1.9,0.09,0.01,1.0,1.0,0.0,0.8,0.0,0.3,0.1,6.76,0.0,18.0,0.3,1.5,0.6,2048,24,Defender,0.6969696969696969,0.3478260869565218,0.0412979351032448,0.6,0.1055555555555555,53.43160377358491,57.39386792452831,35.70754716981132,44.354363207547166,47.3841517860817,True,False,Poland
179410,Idrissa Gana Gueye,8668,Everton,ENG-Premier League,1.0,39.9,1.0,0.0,0.8,0.8,0.05,0.08,0.8,1.0,0.13,1.1,0.3,0.3,0.2,6.97,0.0,9.0,1.2,2.1,0.1,1405,17,Midfielder,0.8,0.34375,0.025062656641604,0.125,0.0888888888888888,30.37240825212523,44.03811597207823,68.92424752920037,63.31359285368719,47.379814007616126,True,False,Senegal
1287783,Seydouba Cisse,7854,Leganés,ESP-La Liga,1.8,35.4,1.0,0.0,1.5,0.9,0.03,0.11,1.4,1.0,0.11,0.4,0.2,0.0,0.5,6.84,0.0,17.0,0.9,2.2,1.1,2451,34,Midfielder,0.65,0.1538461538461538,0.0508474576271186,0.7857142857142858,0.0529411764705882,70.89835164835165,28.15934065934066,55.52197802197802,40.28846153846153,47.28776968181746,False,False,Guinea
1130330,Josh Doig,7943,Sassuolo,ITA-Serie A,0.6,27.4,4.0,0.0,2.7,0.8,0.04,0.03,0.7,0.0,0.0,1.2,0.2,0.7,0.1,6.64,0.0,12.0,0.5,1.6,0.5,1724,24,Defender,0.7999999999999999,0.4285714285714286,0.0218978102189781,0.7142857142857143,0.0666666666666666,39.3189858490566,41.25,52.89209905660377,64.20990566037736,47.27208822629499,True,False,Scotland
244811,Davide Zappacosta,8524,Atalanta,ITA-Serie A,1.0,33.7,0.0,0.0,1.5,2.5,0.14,0.06,0.4,2.0,0.05,0.8,0.3,0.1,0.3,7.01,0.0,25.0,1.2,0.7,0.8,1657,22,Midfielder,0.7894736842105263,0.5333333333333333,0.029673590504451,2.0,0.1,51.15693033381712,64.19590158269403,40.92604879397333,34.015762146658375,47.19371486879898,True,False,Italy
513072,Jonathan Gradit,8588,Lens,FRA-Ligue 1,3.0,48.1,1.0,0.0,5.1,0.9,0.04,0.03,1.2,0.0,0.0,1.1,0.2,0.5,0.1,6.96,0.0,11.0,0.7,1.9,0.1,2115,25,Defender,0.7142857142857143,0.3666666666666667,0.0623700623700623,0.0833333333333333,0.0818181818181818,45.96428571428572,33.66483516483517,50.40384615384615,68.24175824175825,47.0919027687851,False,False,France
793907,Trevoh Chalobah,8455,Chelsea,ENG-Premier League,1.6,68.4,0.0,0.0,6.2,0.8,0.03,0.05,0.7,0.0,0.12,1.2,0.2,0.5,0.2,7.12,0.0,3.0,0.5,1.3,0.2,2192,25,Defender,0.78125,0.48,0.023391812865497,0.2857142857142857,0.2666666666666666,39.83529010297878,39.38378602529546,51.61250345566384,67.46432027092403,47.08833366380375,True,False,England
867225,Mehmet Zeki Celik,8686,Roma,ITA-Serie A,1.4,38.2,2.0,0.0,2.1,1.3,0.07,0.07,1.2,2.0,0.05,0.6,0.2,0.2,0.3,7.1,0.0,16.0,0.9,2.2,0.4,1753,22,Defender,0.7000000000000001,0.2142857142857142,0.0366492146596858,0.3333333333333333,0.08125,40.72340866680489,44.24724410809316,55.64787649457461,51.25423318819545,47.06877445039004,True,False,Turkiye
699461,Jean-Victor Makengo,8689,Lorient,FRA-Ligue 1,0.9,22.6,0.0,0.0,1.1,0.8,0.07,0.17,0.5,1.0,0.26,0.5,0.9,0.0,0.6,6.86,0.0,14.0,2.2,1.4,1.1,1027,19,Midfielder,0.7916666666666666,0.2631578947368421,0.0398230088495575,2.2,0.0571428571428571,61.220518867924525,33.62028301886792,58.178066037735846,37.05778301886792,47.06360061933884,True,False,France
924431,Gianluca Busio,7881,Venezia,ITA-Serie A,1.2,24.5,1.0,0.0,1.7,1.8,0.06,0.09,0.9,0.0,0.07,0.7,0.2,0.3,0.3,6.76,0.0,28.0,1.3,1.6,0.5,2524,33,Midfielder,0.71875,0.3043478260869565,0.0489795918367346,0.5555555555555556,0.0642857142857143,52.43956043956044,40.11538461538461,49.63461538461538,45.65934065934066,47.05194116601606,False,False,USA
961306,Nathan Collins,9937,Brentford,ENG-Premier League,3.1,44.3,4.0,0.0,6.7,0.8,0.03,0.07,0.6,2.0,0.04,1.2,0.2,1.4,0.0,6.96,0.0,8.0,0.5,1.0,0.1,2026,24,Defender,0.7857142857142857,0.5454545454545454,0.0699774266365688,0.1666666666666666,0.1,47.10552733430092,49.5590832123851,36.04231892321516,61.31961002833645,47.03546426512142,True,False,Ireland
423812,Phillipp Mwene,9905,1. FSV Mainz 05,GER-Bundesliga,1.2,18.9,1.0,0.0,2.0,1.4,0.11,0.04,1.2,0.0,0.0,0.4,0.0,0.3,0.6,6.43,0.0,10.0,0.3,0.9,0.5,1113,17,Midfielder,0.52,0.3076923076923077,0.0634920634920634,0.4166666666666667,0.1399999999999999,56.74153794318889,65.87199357246527,39.87154001658718,28.5633941530168,47.00815951787935,True,False,Austria
1178512,Chrislain Matsima,8406,FC Augsburg,GER-Bundesliga,2.4,41.3,1.0,0.0,6.1,0.4,0.03,0.03,0.6,1.0,0.07,2.1,0.1,1.3,0.0,6.84,0.0,4.0,0.4,1.1,0.1,1260,14,Defender,0.8421052631578947,0.65625,0.0581113801452784,0.1666666666666666,0.1,41.78181802474256,35.13006254751538,49.38454195175893,75.48569355173129,46.95551607834754,True,False,France
1107280,Pape Sarr,8586,Tottenham Hotspur,ENG-Premier League,1.2,35.5,2.0,0.0,3.4,0.9,0.09,0.11,2.2,3.0,0.19,0.8,0.5,0.6,0.4,6.78,0.0,6.0,0.8,1.9,0.6,930,17,Midfielder,0.5510204081632653,0.2962962962962963,0.0338028169014084,0.2727272727272727,0.15,38.128503179210725,49.387535420554286,55.26448355104015,49.14478799502384,46.9554803407738,True,False,Senegal
423624,Patrick Mainka,94937,1. FC Heidenheim 1846,GER-Bundesliga,1.4,37.3,2.0,0.0,7.3,0.7,0.03,0.1,0.3,1.0,0.05,1.0,0.2,1.4,0.0,6.73,0.0,7.0,1.0,1.5,0.1,1980,22,Defender,0.8928571428571429,0.4,0.0375335120643431,0.3333333333333333,0.0999999999999999,37.27819821687746,37.12527645310664,52.5307078927362,77.26868650217706,46.94160312532072,True,False,Germany
770271,Mickael Nade,9853,St Etienne,FRA-Ligue 1,1.6,49.4,2.0,0.0,5.3,0.5,0.02,0.02,0.8,2.0,0.04,1.3,0.1,0.8,0.2,6.7,0.0,7.0,0.2,2.3,0.2,2278,26,Defender,0.8181818181818182,0.3611111111111111,0.0323886639676113,0.25,0.0714285714285714,34.9532967032967,26.81318681318681,71.82142857142857,86.27747252747253,46.92200313539025,False,False,France
789578,Dara O'Shea,9902,Ipswich Town,ENG-Premier League,2.7,34.3,1.0,0.0,6.3,0.7,0.02,0.04,0.6,2.0,0.0,1.0,0.1,1.4,0.0,6.56,0.0,3.0,0.6,1.4,0.0,3123,35,Defender,0.7999999999999999,0.4166666666666667,0.0787172011661807,0.0,0.2333333333333333,41.362637362637365,42.3956043956044,44.038461538461526,69.47802197802199,46.89647482076295,False,False,Ireland
1288450,Rico Lewis,8456,Manchester City,ENG-Premier League,1.0,52.4,0.0,0.0,1.9,1.0,0.05,0.07,0.6,2.0,0.05,0.6,0.1,0.3,0.6,6.92,0.0,7.0,0.5,1.4,0.4,1891,28,Defender,0.7692307692307692,0.3,0.0190839694656488,0.6666666666666667,0.1428571428571428,40.93681318681318,43.516483516483525,59.00824175824175,47.32142857142858,46.88537518904836,False,False,England
262592,Moi Gomez,8371,Osasuna,ESP-La Liga,4.3,56.0,1.0,0.0,0.7,1.0,0.1,0.03,1.3,0.0,0.0,0.9,0.2,0.1,0.7,6.7,0.0,7.0,0.8,1.2,0.4,910,17,Midfielder,0.6176470588235293,0.4285714285714285,0.0767857142857142,0.3076923076923077,0.1428571428571428,66.84846698113208,57.15212264150944,44.33667452830189,23.05424528301887,46.88419760101558,True,False,Spain
1327156,Jacques Ekomié,8121,Angers,FRA-Ligue 1,0.7,27.5,1.0,0.0,2.4,0.8,0.05,0.05,1.2,0.0,0.0,1.6,0.2,0.2,0.1,6.67,0.0,10.0,0.4,2.6,0.4,1498,22,Defender,0.7777777777777778,0.3809523809523809,0.0254545454545454,0.3333333333333333,0.08,30.15625,36.82783018867924,67.73879716981132,77.43219339622641,46.86524761392896,True,False,Gabon
193901,Stefan Bell,9905,1. FSV Mainz 05,GER-Bundesliga,2.9,25.3,3.0,0.0,8.9,0.6,0.05,0.15,1.3,1.0,0.17,1.6,0.4,0.9,0.1,6.86,0.0,5.0,1.0,1.0,0.1,1041,18,Defender,0.6666666666666666,0.6153846153846154,0.1146245059288537,0.0769230769230769,0.12,48.41139677932131,47.45164662381643,35.85937176031516,61.295809143686505,46.8472315770622,True,False,Germany
865010,Nicolas Cozza,9830,Nantes,FRA-Ligue 1,1.4,27.0,0.0,0.0,3.7,0.4,0.03,0.01,0.7,0.0,0.0,0.8,0.0,0.2,0.3,6.49,0.0,7.0,0.3,1.4,0.5,1313,18,Defender,0.7586206896551724,0.3636363636363636,0.0518518518518518,0.7142857142857143,0.0571428571428571,47.98585769576336,30.332287995023844,56.39925444052803,61.5322413435621,46.8219135667865,True,False,France
254308,Florian Thauvin,8588,Lens,FRA-Ligue 1,1.5,31.6,10.0,0.0,0.3,5.6,0.29,0.42,0.8,3.0,0.31,0.4,0.9,0.1,0.9,7.34,0.0,44.0,2.3,0.9,2.0,1749,22,Midfielder,0.6190476190476191,0.3076923076923077,0.0474683544303797,2.5,0.1272727272727272,77.24287701292418,88.19351717464924,38.05024967171193,12.96750812081001,46.81417577728031,True,False,France
1187389,Kilian Fischer,8721,VfL Wolfsburg,GER-Bundesliga,1.9,30.6,0.0,0.0,3.5,1.0,0.04,0.01,1.3,0.0,0.04,0.7,0.0,0.3,0.0,6.55,0.0,12.0,0.2,2.5,0.4,2306,32,Defender,0.7111111111111111,0.2187499999999999,0.0620915032679738,0.3076923076923077,0.0833333333333333,54.58516483516484,30.86263736263736,46.7554945054945,62.3489010989011,46.76323757131336,False,False,Germany
1107620,Jarell Quansah,8178,Bayer 04 Leverkusen,GER-Bundesliga,1.9,61.7,1.0,0.0,4.1,0.8,0.05,0.05,0.8,0.0,0.13,1.0,0.3,0.4,0.1,7.21,0.0,7.0,0.4,1.1,0.8,1429,18,Defender,0.7241379310344827,0.4761904761904761,0.0307941653160453,1.0,0.1142857142857143,61.7688679245283,43.99174528301887,33.6939858490566,49.690448113207545,46.68919333083853,True,False,England
872396,Pathé Ciss,8370,Rayo Vallecano,ESP-La Liga,3.7,53.0,0.0,0.0,2.9,0.3,0.02,0.13,1.3,0.0,0.08,1.4,0.5,0.6,0.1,6.83,0.0,7.0,0.9,2.5,0.3,1130,16,Midfielder,0.75,0.358974358974359,0.0698113207547169,0.2307692307692307,0.0428571428571428,60.313441668394496,19.921798327458703,57.47232445227727,71.057843492985,46.68135605575738,True,False,Senegal
1210943,Jackson Tchatchoua,8602,Wolverhampton Wanderers,ENG-Premier League,0.8,20.0,2.0,0.0,3.0,1.1,0.07,0.02,0.4,0.0,0.0,0.7,0.0,0.5,0.2,6.38,0.0,14.0,0.1,1.5,0.2,1338,24,Midfielder,0.8461538461538461,0.3181818181818181,0.04,0.5,0.0785714285714285,38.12431318681319,51.83299640610961,50.68664904278112,50.01140369064898,46.67124555596298,True,False,Cameroon
189982,Fabian Schär,10261,Newcastle United,ENG-Premier League,5.9,55.4,0.0,0.0,5.9,0.6,0.05,0.08,1.2,0.0,0.0,1.5,0.3,1.0,0.1,7.07,0.0,4.0,1.4,1.2,0.0,1091,16,Defender,0.6923076923076923,0.5555555555555555,0.1064981949458483,0.0,0.15,50.26339069735295,42.00287684014099,39.06459931577856,59.368779805100566,46.65011965297941,True,False,Switzerland
634110,Carlens Arcus,8121,Angers,FRA-Ligue 1,2.0,43.2,3.0,0.0,2.7,1.1,0.06,0.01,1.3,3.0,0.0,1.3,0.0,0.1,0.2,6.87,0.0,12.0,0.3,1.7,0.1,1815,21,Defender,0.6976744186046512,0.4333333333333333,0.0462962962962962,0.0769230769230769,0.0916666666666666,34.46767226484207,49.220479991706405,51.48200895016932,60.621889902550286,46.63369342978508,True,False,Haiti
839750,Kervin Arriaga,8581,Levante,ESP-La Liga,1.9,37.1,1.0,0.0,2.8,0.4,0.03,0.02,1.5,1.0,0.08,0.8,0.2,0.8,0.2,6.62,0.0,3.0,0.6,2.2,0.4,1108,17,Midfielder,0.6666666666666666,0.2666666666666666,0.0512129380053908,0.2666666666666666,0.1333333333333333,48.38443396226416,38.96816037735849,49.655070754716974,51.04658018867924,46.63085807007984,True,False,Honduras
818975,Eberechi Eze,9825,Arsenal,ENG-Premier League,0.5,26.9,3.0,0.0,0.6,1.7,0.13,0.21,0.9,2.0,0.31,0.5,0.9,0.1,0.5,6.9,0.0,9.0,2.6,1.0,1.6,1157,22,Midfielder,0.625,0.3333333333333333,0.0185873605947955,1.777777777777778,0.1888888888888888,61.12132835717742,72.53963646416477,41.92759088395881,20.253278561061578,46.550647199737575,True,False,England
942381,Jurrien Timber,9825,Arsenal,ENG-Premier League,0.8,34.6,4.0,0.0,1.7,1.3,0.05,0.18,1.4,3.0,0.08,0.9,0.2,0.2,0.2,7.21,0.0,21.0,0.9,2.4,0.5,2182,26,Defender,0.7021276595744681,0.2727272727272727,0.0231213872832369,0.3571428571428571,0.0619047619047619,38.08221888174719,44.22155124749465,56.03672938696523,53.14761300020734,46.5414719476633,True,False,Netherlands
1016132,Kouadio Koné,8686,Roma,ITA-Serie A,1.4,45.8,2.0,0.0,0.9,1.7,0.08,0.09,1.9,1.0,0.09,0.7,0.2,0.1,0.4,7.2,0.0,20.0,0.8,1.9,1.1,1942,22,Midfielder,0.5777777777777777,0.2692307692307693,0.0305676855895196,0.5789473684210527,0.0849999999999999,57.69219970281291,50.46332676757205,45.52408597691616,31.30246129656507,46.53236275154583,True,False,France
1114635,Luis Henrique,8636,Internazionale,ITA-Serie A,1.1,38.2,4.0,0.0,0.8,1.3,0.1,0.04,0.4,2.0,0.08,0.5,0.3,0.0,0.2,7.11,0.0,19.0,0.8,1.1,0.5,1174,20,Midfielder,0.8,0.3125,0.0287958115183246,1.25,0.0684210526315789,54.39395863570392,63.15969486488354,40.46771546063999,29.89356555394291,46.52302242434155,True,False,Brazil
935406,Luca Ranieri,8535,Fiorentina,ITA-Serie A,3.2,41.4,2.0,0.0,3.8,0.9,0.06,0.09,1.1,0.0,0.06,0.7,0.2,0.4,0.1,6.73,0.0,7.0,0.8,1.4,0.4,1410,22,Defender,0.6562499999999999,0.3333333333333333,0.0772946859903381,0.3636363636363636,0.1285714285714286,66.40290448545166,49.03707063376876,29.666705542884785,44.47324884235261,46.44878454077001,True,False,Italy
1403332,Aljoscha Kemlein,8149,1. FC Union Berlin,GER-Bundesliga,2.8,32.6,1.0,0.0,1.2,1.1,0.07,0.06,1.0,0.0,0.0,1.0,0.1,0.2,0.3,6.77,0.0,8.0,0.8,2.2,0.8,1297,20,Midfielder,0.7619047619047619,0.3125,0.0858895705521472,0.8,0.1375,56.26975343838552,42.337730665560855,46.41665802750708,39.04772703711382,46.42501111822621,True,False,Germany
1622889,Louis Leroux,9830,Nantes,FRA-Ligue 1,1.4,23.9,0.0,0.0,2.6,0.7,0.06,0.11,0.8,1.0,0.09,0.3,0.3,0.2,0.1,6.65,0.0,12.0,0.7,2.1,0.7,1019,14,Midfielder,0.7499999999999999,0.125,0.0585774058577405,0.8749999999999999,0.0583333333333333,64.24823113207547,30.678066037735853,45.940448113207545,48.46698113207548,46.41980885075767,True,False,France
1337884,Konstantinos Koulierakis,8721,VfL Wolfsburg,GER-Bundesliga,3.1,50.1,0.0,0.0,6.4,0.7,0.04,0.12,1.0,0.0,0.06,1.5,0.4,0.7,0.1,6.68,0.0,5.0,1.0,1.1,0.1,1582,19,Defender,0.7222222222222222,0.5769230769230769,0.06187624750499,0.1,0.1399999999999999,51.20311960052527,36.487550971041536,40.27428467758656,64.6075661759624,46.41290375390331,True,False,Greece
215151,Marcel Sabitzer,9789,Borussia Dortmund,GER-Bundesliga,1.5,33.3,2.0,0.0,2.2,1.0,0.1,0.08,1.0,1.0,0.1,1.2,0.3,0.1,0.6,6.93,0.0,8.0,1.2,1.2,0.1,939,15,Midfielder,0.7058823529411765,0.5,0.045045045045045,0.1,0.125,31.792241170778908,59.31595134425324,56.82947162899993,46.77266915474462,46.41208230830848,True,False,Austria
729093,Mathias Olivera,9875,Napoli,ITA-Serie A,1.7,45.1,2.0,0.0,2.5,0.8,0.03,0.04,1.1,2.0,0.0,1.1,0.1,0.5,0.1,7.12,0.0,25.0,0.6,2.4,0.2,2371,32,Defender,0.7608695652173914,0.3142857142857143,0.0376940133037694,0.1818181818181818,0.032,36.21978021978022,33.104395604395606,61.80494505494505,71.77197802197803,46.40897197560711,False,False,Uruguay
557677,Nikola Vlasic,9804,Torino,ITA-Serie A,1.2,26.6,2.0,0.0,0.8,1.9,0.09,0.21,1.5,3.0,0.28,0.6,0.5,0.1,0.5,7.1,0.0,30.0,1.4,1.9,0.9,1898,24,Midfielder,0.625,0.24,0.0451127819548872,0.6,0.0633333333333333,56.22628982652568,51.8053683737646,50.18650649664801,27.49451413366508,46.40571525222354,True,False,Croatia
833219,Juan Foyth,10205,Villarreal,ESP-La Liga,3.0,48.8,0.0,0.0,5.4,0.2,0.02,0.01,0.8,0.0,0.0,1.5,0.0,1.0,0.1,6.97,0.0,0.0,0.2,1.9,0.3,936,13,Defender,0.8095238095238094,0.4411764705882353,0.0614754098360655,0.3749999999999999,0.0,59.1450558089709,18.337687469762944,58.33762267606607,76.95143496440666,46.359869183636654,True,False,Argentina
900523,Keven Schlotterbeck,8406,FC Augsburg,GER-Bundesliga,3.8,46.5,1.0,0.0,5.7,0.8,0.05,0.03,1.3,1.0,0.0,1.0,0.1,1.0,0.0,7.1,0.0,9.0,0.6,1.7,0.4,1476,17,Defender,0.675,0.3703703703703703,0.0817204301075268,0.3076923076923077,0.0888888888888888,62.88889176860874,34.14068007464234,35.97851441011819,59.00593510263322,46.35324798195197,True,False,Germany
749662,Fikayo Tomori,8564,Milan,ITA-Serie A,2.0,52.3,2.0,0.0,3.7,0.8,0.04,0.03,1.2,2.0,0.0,1.0,0.1,0.8,0.0,7.14,0.0,3.0,0.4,2.5,0.1,1785,22,Defender,0.7446808510638298,0.2857142857142857,0.0382409177820267,0.0833333333333333,0.2666666666666666,29.35108248669569,47.030764047273486,55.24565450272997,72.33974358974359,46.32683911096917,True,False,England
843099,Scott McTominay,9875,Napoli,ITA-Serie A,0.9,35.1,1.0,0.0,1.9,1.2,0.05,0.28,0.7,3.0,0.28,0.8,1.2,0.4,0.9,7.33,0.0,16.0,3.0,1.1,0.9,1938,23,Midfielder,0.7307692307692308,0.4210526315789473,0.0256410256410256,1.2857142857142858,0.075,58.33354067316332,42.12067178104914,48.185275416407485,34.96036785541502,46.27464638541012,True,False,Scotland
940829,Carlos Augusto,8636,Internazionale,ITA-Serie A,0.6,44.9,0.0,0.0,2.5,1.3,0.11,0.1,1.6,1.0,0.09,0.5,0.4,0.3,0.4,6.93,0.0,10.0,1.2,2.1,0.5,986,22,Midfielder,0.6190476190476191,0.1923076923076923,0.0133630289532293,0.3125,0.13,36.53950255719124,57.99022911051213,50.23714061096137,44.47104585665907,46.1890672435711,True,False,Brazil
841672,Nicolás González,9906,Atlético de Madrid,ESP-La Liga,1.4,25.0,3.0,0.0,1.5,1.8,0.14,0.21,1.7,0.0,0.08,0.8,1.2,0.2,0.6,6.88,0.0,10.0,2.7,1.3,1.4,1132,18,Midfielder,0.5526315789473685,0.3809523809523809,0.0559999999999999,0.8235294117647058,0.18,63.49043213076232,62.53859112585527,37.26687227866473,25.65385479300574,46.18604462914861,True,False,Argentina
295067,Will Hughes,9826,Crystal Palace,ENG-Premier League,1.2,32.5,1.0,0.0,1.7,1.6,0.13,0.08,1.2,0.0,0.0,0.9,0.0,0.4,0.0,6.61,0.0,18.0,1.2,1.6,0.8,1159,23,Midfielder,0.6756756756756757,0.36,0.0369230769230769,0.6666666666666667,0.0888888888888888,43.54361047757274,58.09689681387795,41.74881643513719,42.86675392217845,46.16371236167145,True,False,England
1440009,Moise Bombito,9831,Nice,FRA-Ligue 1,3.0,51.8,0.0,0.0,4.8,0.6,0.02,0.04,1.1,0.0,0.0,0.7,0.0,0.8,0.1,6.74,0.0,2.0,0.3,1.5,0.5,2195,27,Defender,0.6666666666666666,0.3181818181818181,0.0579150579150579,0.4545454545454545,0.3,66.18956043956044,38.49450549450549,34.07417582417582,49.28571428571428,46.15694818984145,False,False,Canada
466672,Jefferson Lerma,9826,Crystal Palace,ENG-Premier League,2.3,37.2,2.0,0.0,3.6,0.9,0.07,0.08,1.5,2.0,0.0,1.2,0.5,0.2,0.0,6.76,0.0,10.0,1.0,1.4,0.2,1158,23,Midfielder,0.6341463414634146,0.4615384615384615,0.0618279569892473,0.1333333333333333,0.09,46.91652412053355,52.47819476121364,35.785290966894735,52.56861652498444,46.127924929023294,True,False,Colombia
1323510,Alberto Reina,8670,Real Oviedo,ESP-La Liga,2.1,30.3,2.0,0.0,0.7,1.1,0.08,0.11,1.5,0.0,0.15,0.7,0.4,0.1,0.3,6.5,0.0,12.0,0.9,1.7,0.7,1239,22,Midfielder,0.6153846153846154,0.2916666666666667,0.0693069306930693,0.4666666666666666,0.0916666666666666,68.40507075471697,51.3620283018868,40.6751179245283,26.03183962264151,46.09143266575717,True,False,Spain
1513317,Adama Camara,6379,Paris FC,FRA-Ligue 1,1.6,34.9,1.0,0.0,2.0,0.6,0.04,0.11,1.2,0.0,0.06,1.1,0.2,0.5,0.2,6.8,0.0,9.0,0.9,2.1,0.4,1470,19,Midfielder,0.7272727272727273,0.34375,0.0458452722063037,0.3333333333333333,0.0666666666666666,45.92865566037736,30.141509433962263,58.22523584905661,58.59375,46.05369095298526,True,False,France
860260,Derrick Köhn,8149,1. FC Union Berlin,GER-Bundesliga,1.2,20.1,3.0,0.0,1.9,2.3,0.17,0.05,1.6,1.0,0.0,0.4,0.1,0.3,0.3,6.57,0.0,16.0,1.1,1.7,0.6,1258,20,Midfielder,0.5675675675675675,0.1904761904761904,0.0597014925373134,0.3749999999999999,0.14375,53.25319648904554,73.10516448959845,34.57231840486557,29.67864486142788,46.03219225869435,True,False,Ghana
968029,Lautaro Valenti,10167,Parma,ITA-Serie A,2.2,33.8,3.0,0.0,6.0,0.5,0.03,0.02,1.0,0.0,0.0,1.4,0.2,1.0,0.2,6.95,0.0,10.0,0.8,2.2,0.4,1532,18,Defender,0.782608695652174,0.3888888888888888,0.0650887573964497,0.4,0.05,52.34422299398714,25.07929884580828,52.06190821756859,69.34461175616836,46.006801337815794,True,False,Argentina
666954,Chidozie Awaziem,9830,Nantes,FRA-Ligue 1,6.0,53.5,1.0,0.0,7.7,1.1,0.06,0.03,0.9,1.0,0.06,1.0,0.2,0.7,0.0,6.84,0.0,8.0,0.4,1.1,0.2,1606,18,Defender,0.7000000000000001,0.4761904761904761,0.1121495327102803,0.2222222222222222,0.1375,60.03832547169812,51.23820754716981,26.49764150943396,53.7441037735849,46.00393947912631,True,False,Nigeria
1469758,Simon Ebonog,9746,Le Havre,FRA-Ligue 1,0.4,19.2,1.0,0.0,1.4,0.3,0.02,0.09,1.1,0.0,0.0,1.0,0.2,0.3,0.5,6.67,0.0,4.0,1.1,2.4,1.0,1032,19,Midfielder,0.7555555555555555,0.2941176470588235,0.0208333333333333,0.9090909090909092,0.075,48.64681603773585,22.04009433962264,73.94162735849056,58.59375,45.99516682533626,True,False,France
201704,Remo Freuler,9857,Bologna,ITA-Serie A,2.7,47.4,0.0,0.0,1.3,0.7,0.05,0.01,0.9,1.0,0.0,0.5,0.0,0.2,0.4,6.68,0.0,11.0,0.3,2.7,0.1,1315,18,Midfielder,0.7804878048780487,0.15625,0.0569620253164557,0.1111111111111111,0.0636363636363636,39.51308400718778,32.16943119773308,68.86719451931715,54.4075912295252,45.97461715808304,True,False,Switzerland
362120,Danilo Cataldi,8543,Lazio,ITA-Serie A,2.1,41.4,2.0,0.0,2.1,1.2,0.06,0.15,1.0,3.0,0.16,1.0,0.3,0.4,0.3,7.05,0.0,18.0,1.2,1.4,0.3,1683,22,Midfielder,0.7058823529411765,0.4166666666666667,0.0507246376811594,0.3,0.0666666666666666,48.147574123989216,37.98782742414818,51.1963205819338,47.54161915128896,45.962952494302016,True,False,Italy
260964,Berat Djimsiti,8524,Atalanta,ITA-Serie A,2.4,49.2,0.0,0.0,6.0,0.6,0.03,0.05,0.6,0.0,0.0,1.0,0.1,0.7,0.0,6.89,0.0,4.0,0.5,1.5,0.2,1738,22,Defender,0.8064516129032258,0.4,0.048780487804878,0.3333333333333333,0.15,40.92381557122123,34.115168636395055,49.58202882023637,71.93461020111964,45.924915777802255,True,False,Albania
762721,Lovro Majer,8721,VfL Wolfsburg,GER-Bundesliga,1.1,28.9,2.0,0.0,1.4,1.7,0.13,0.17,1.9,3.0,0.16,0.6,0.4,0.1,1.0,6.84,0.0,19.0,1.6,1.7,0.8,1129,20,Midfielder,0.5476190476190477,0.2608695652173913,0.0380622837370242,0.4210526315789474,0.0894736842105263,49.05365566037736,60.6308962264151,49.37205188679245,26.739386792452827,45.8855026265229,True,False,Croatia
1323827,Jon Gorrotxategi,8560,Real Sociedad,ESP-La Liga,1.4,44.1,2.0,0.0,1.7,0.4,0.02,0.04,1.2,3.0,0.05,1.7,0.1,0.5,0.4,6.89,0.0,12.0,0.6,2.0,0.4,1706,22,Midfielder,0.7551020408163265,0.4594594594594594,0.0317460317460317,0.3333333333333333,0.0333333333333333,38.26650943396226,26.7747641509434,72.36143867924528,66.58313679245283,45.84866732549919,True,False,Spain
889536,Timothy Weah,8592,Marseille,FRA-Ligue 1,0.9,32.1,3.0,0.0,1.1,1.7,0.11,0.09,1.3,2.0,0.13,0.6,0.5,0.2,0.2,6.95,0.0,18.0,1.1,1.8,0.6,1417,19,Midfielder,0.6486486486486486,0.25,0.02803738317757,0.4615384615384615,0.0944444444444444,42.487244280876354,56.65762146658373,48.01389608818854,37.01255701845324,45.7934863700183,True,False,USA
1238154,Pablo Ibánez,9866,Alavés,ESP-La Liga,0.9,36.1,1.0,0.0,1.4,1.0,0.06,0.22,1.6,1.0,0.06,0.8,0.6,0.4,0.5,6.7,0.0,12.0,2.0,1.9,1.7,1449,24,Midfielder,0.6279069767441859,0.2962962962962963,0.0249307479224376,1.0625,0.0833333333333333,57.199599142995375,36.64664973391388,49.751969728384815,38.836348400027646,45.73795179893334,True,False,Spain
850295,Alessio Zerbin,7801,Cremonese,ITA-Serie A,0.8,18.8,4.0,0.0,1.7,1.7,0.14,0.12,1.5,2.0,0.0,0.2,0.6,0.2,0.1,6.52,0.0,11.0,1.4,2.5,0.5,1084,20,Midfielder,0.6428571428571429,0.074074074074074,0.0425531914893617,0.3333333333333333,0.1545454545454545,39.24528301886793,74.87617924528303,39.63443396226416,36.880896226415096,45.66680381214825,True,False,Italy
828159,Min-Jae Kim,9823,Bayern München,GER-Bundesliga,2.9,91.9,0.0,0.0,3.4,0.9,0.04,0.06,1.0,0.0,0.08,1.5,0.2,0.4,0.1,7.37,0.0,6.0,0.3,1.4,0.1,2289,27,Defender,0.7435897435897436,0.5172413793103449,0.0315560391730141,0.1,0.15,36.20054945054945,41.91758241758242,48.57142857142858,66.57967032967032,45.65382321302234,False,False,South Korea
667788,Benedikt Gimber,94937,1. FC Heidenheim 1846,GER-Bundesliga,2.3,34.4,1.0,0.0,5.1,0.3,0.03,0.02,1.8,0.0,0.0,0.6,0.2,0.4,0.0,6.19,0.0,1.0,0.4,2.2,0.4,1025,15,Defender,0.6086956521739131,0.2142857142857142,0.066860465116279,0.2222222222222222,0.3,52.757459914299545,42.89402342940079,35.806400753334714,53.55224963715529,45.60684928595269,True,False,Germany
362694,Luke Shaw,10260,Manchester United,ENG-Premier League,1.9,45.8,1.0,0.0,2.1,1.4,0.06,0.02,1.3,1.0,0.0,1.1,0.1,0.2,0.1,6.89,0.0,15.0,0.2,2.1,0.2,2271,26,Defender,0.7111111111111111,0.34375,0.0414847161572052,0.1538461538461538,0.0933333333333333,34.896816037735846,46.3502358490566,51.34139150943396,57.48820754716981,45.59123855770453,True,False,England
402830,Guillermo Maripan,9804,Torino,ITA-Serie A,2.0,34.7,0.0,0.0,6.3,0.5,0.02,0.07,1.2,0.0,0.09,1.2,0.4,1.1,0.1,6.88,0.0,9.0,0.8,2.3,0.1,1981,23,Defender,0.7446808510638298,0.3428571428571428,0.0576368876080691,0.0833333333333333,0.0555555555555555,38.96418636395052,30.287131107885823,55.51212506047411,75.16878758034419,45.58465688934693,True,False,Chile
1070712,Josko Gvardiol,8456,Manchester City,ENG-Premier League,2.6,61.7,1.0,0.0,4.1,0.7,0.05,0.16,1.1,2.0,0.14,0.9,0.3,0.6,0.0,7.29,0.0,4.0,1.1,1.2,0.1,1304,16,Defender,0.65625,0.4285714285714285,0.0421393841166936,0.0909090909090909,0.175,44.44581951067801,51.58232255166217,36.96908044785403,52.52328253507499,45.55169404659495,True,False,Croatia
1073941,Lilian Brassier,9851,Rennes,FRA-Ligue 1,1.7,49.4,2.0,0.0,2.6,0.9,0.06,0.04,1.1,1.0,0.0,1.4,0.0,1.1,0.1,6.88,0.0,10.0,0.4,1.5,0.4,1352,17,Defender,0.725,0.4827586206896551,0.034412955465587,0.3636363636363636,0.09,42.51495006565761,38.21502004285023,47.0543748704126,60.368481754094965,45.54419997149799,True,False,France
1254147,Antoine Mendy,9831,Nice,FRA-Ligue 1,2.3,49.3,0.0,0.0,6.7,0.3,0.02,0.04,1.5,0.0,0.0,0.6,0.2,1.0,0.1,6.82,0.0,1.0,0.6,2.3,0.4,1233,14,Defender,0.6590909090909091,0.2068965517241379,0.0466531440162271,0.2666666666666666,0.3,50.18573113207547,36.55070754716981,42.36143867924528,56.67747641509435,45.53263669257661,True,False,Senegal
860913,Jhon Lucumi,9857,Bologna,ITA-Serie A,4.8,56.4,0.0,0.0,3.8,0.3,0.02,0.06,0.8,0.0,0.07,1.3,0.1,0.6,0.1,6.91,0.0,4.0,0.5,1.5,0.2,1282,17,Defender,0.7777777777777778,0.4642857142857143,0.0851063829787234,0.25,0.075,60.953352857834,21.135271960743665,51.21786664593268,65.81151945538738,45.47440181500275,True,False,Colombia
1048023,Strahinja Pavlovic,8564,Milan,ITA-Serie A,2.3,53.9,0.0,0.0,3.8,1.0,0.05,0.1,0.6,1.0,0.1,0.5,0.2,0.5,0.1,7.22,0.0,11.0,0.7,1.4,0.5,1762,21,Defender,0.76,0.2631578947368421,0.0426716141001855,0.8333333333333334,0.0909090909090909,55.89135392908978,32.485926809040016,42.53960622710623,54.916135358352335,45.42192796232614,True,False,Serbia
872362,Marash Kumbulla,8558,Espanyol,ESP-La Liga,2.6,35.8,1.0,0.0,6.7,0.3,0.01,0.06,1.1,0.0,0.09,1.0,0.2,1.1,0.1,6.79,0.0,1.0,0.5,1.5,0.1,2975,35,Defender,0.6944444444444444,0.4,0.0726256983240223,0.0909090909090909,0.3,46.318681318681314,39.747252747252745,40.3021978021978,60.39835164835165,45.40365707905615,False,False,Albania
805352,Unai Nunez,9876,Verona,ITA-Serie A,3.0,30.7,0.0,0.0,4.4,0.4,0.03,0.03,1.9,0.0,0.0,1.6,0.1,0.9,0.1,6.6,0.0,5.0,0.5,1.7,0.6,1265,17,Defender,0.6346153846153847,0.4848484848484849,0.0977198697068403,0.3157894736842105,0.08,71.35908018867924,22.535377358490564,42.04009433962264,60.62794811320755,45.36296951429448,True,False,Spain
940976,Kang-In Lee,9847,Paris Saint-Germain,FRA-Ligue 1,3.6,56.0,8.0,0.0,0.5,3.3,0.31,0.16,1.3,2.0,0.19,0.2,1.0,0.1,0.7,7.19,0.0,32.0,2.8,1.1,1.3,949,17,Midfielder,0.5,0.1538461538461538,0.0642857142857143,1.0,0.103125,84.88661535005873,85.29896675651393,36.86809299191375,10.419668774621604,45.35458100047671,True,False,South Korea
442602,Denis Vavro,8721,VfL Wolfsburg,GER-Bundesliga,5.4,47.1,0.0,0.0,8.5,0.5,0.02,0.05,0.3,0.0,0.07,1.4,0.3,1.2,0.1,7.0,0.0,7.0,0.9,0.8,0.1,2462,29,Defender,0.8800000000000001,0.6363636363636362,0.1146496815286624,0.3333333333333333,0.0714285714285714,60.994505494505496,19.384615384615383,49.91208791208791,74.50549450549451,45.33572927428163,False,False,Slovakia
1406645,Pierre Ganiou,8588,Lens,FRA-Ligue 1,2.4,43.8,0.0,0.0,4.4,0.2,0.02,0.11,1.3,0.0,0.18,1.0,0.2,0.5,0.1,7.33,0.0,1.0,0.7,1.7,0.4,973,11,Defender,0.675,0.3703703703703703,0.0547945205479452,0.3076923076923077,0.2,55.39799528301887,35.13561320754717,39.66981132075472,54.52535377358491,45.33356063452386,True,False,France
427438,Hector Bellerin,8603,Real Betis,ESP-La Liga,1.2,41.8,4.0,0.0,4.4,1.9,0.15,0.01,0.8,2.0,0.0,0.6,0.3,0.1,0.3,6.98,0.0,18.0,0.3,1.2,0.4,1080,16,Defender,0.6923076923076923,0.3333333333333333,0.0287081339712918,0.5,0.1055555555555555,39.58726415094339,72.46462264150944,36.80129716981132,40.09433962264151,45.329460489950776,True,False,Spain
448865,Brendan Chardonnet,8521,Brest,FRA-Ligue 1,3.3,39.1,2.0,0.0,6.3,0.6,0.03,0.02,1.0,2.0,0.0,1.1,0.3,1.5,0.1,6.87,0.0,7.0,0.4,1.3,0.1,1737,20,Defender,0.7058823529411765,0.4583333333333333,0.0843989769820971,0.1,0.0857142857142857,48.056646969382825,40.90160861151427,37.36648178865159,59.51003006427535,45.23761738936855,True,False,France
848266,Weston McKennie,9885,Juventus,ITA-Serie A,0.9,30.3,4.0,0.0,1.7,3.9,0.2,0.27,1.6,4.0,0.2,0.9,0.7,0.3,0.4,7.24,0.0,28.0,1.7,1.3,0.6,1765,24,Midfielder,0.5789473684210527,0.409090909090909,0.0297029702970297,0.3749999999999999,0.1392857142857143,42.498116663211,81.59403725205611,38.79310076715737,28.7876883336789,45.2330104644886,True,False,USA
458976,Hauke Wahl,8152,FC St. Pauli,GER-Bundesliga,2.4,50.1,0.0,0.0,5.0,0.7,0.04,0.02,0.5,0.0,0.06,0.7,0.2,0.4,0.1,6.73,0.0,3.0,0.3,1.7,0.0,1575,18,Defender,0.8275862068965517,0.2916666666666667,0.0479041916167664,0.0,0.2333333333333333,34.61632628377912,45.83001589605362,46.85738475361117,63.51935603704472,45.22176652304356,True,False,Germany
1105912,Riccardo Calafiori,9825,Arsenal,ENG-Premier League,1.1,33.8,0.0,0.0,3.1,0.4,0.03,0.18,1.7,2.0,0.07,0.9,0.3,0.1,0.3,7.21,0.0,4.0,1.6,2.0,0.9,1355,20,Defender,0.6304347826086957,0.3103448275862069,0.0325443786982248,0.5294117647058824,0.1,52.08498341281361,31.95105916096482,48.2459871103739,51.75502367129726,45.16384157559742,True,False,Italy
916710,Alessandro Zanoli,8600,Udinese,ITA-Serie A,0.6,19.5,3.0,0.0,2.5,1.1,0.07,0.01,1.1,2.0,0.07,0.5,0.1,0.3,0.3,6.94,0.0,15.0,0.2,1.7,1.0,1290,19,Midfielder,0.6666666666666666,0.2272727272727272,0.0307692307692307,0.9090909090909092,0.0733333333333333,52.72793990600595,43.03372727901029,45.19222562029165,37.89636464164766,45.138791184652334,True,False,Italy
485634,Roberto Gagliardini,9876,Verona,ITA-Serie A,1.6,38.4,0.0,0.0,2.7,0.6,0.04,0.04,1.8,0.0,0.07,2.6,0.2,0.6,0.6,7.02,0.0,6.0,0.6,2.9,0.1,1257,18,Midfielder,0.7534246575342466,0.4727272727272727,0.0416666666666666,0.0555555555555555,0.0999999999999999,24.82016509433962,31.25,85.4127358490566,78.87676886792454,45.12574508909732,True,False,Italy
643724,Philipp Lienhart,8358,Sport-Club Freiburg,GER-Bundesliga,3.9,62.2,1.0,0.0,3.9,1.0,0.03,0.02,0.7,0.0,0.03,1.2,0.0,0.6,0.0,6.74,0.0,6.0,0.3,0.7,0.1,2771,32,Defender,0.7307692307692308,0.631578947368421,0.062700964630225,0.1428571428571428,0.1666666666666666,50.20054945054945,45.0824175824176,32.80494505494505,57.184065934065934,45.09767738889094,False,False,Austria
790732,Tommaso Pobega,9857,Bologna,ITA-Serie A,1.3,23.8,2.0,0.0,1.6,0.6,0.05,0.13,2.1,1.0,0.17,1.3,0.7,0.6,0.5,6.63,0.0,6.0,1.7,2.2,0.3,1068,17,Midfielder,0.625,0.3714285714285714,0.0546218487394958,0.1428571428571428,0.0999999999999999,35.63369531411984,39.13916822171539,61.43266639021356,51.9390809662036,45.07231348055032,True,False,Italy
723564,Igor Silva,8689,Lorient,FRA-Ligue 1,1.2,39.0,0.0,0.0,3.3,0.7,0.07,0.02,0.7,0.0,0.09,1.1,0.1,0.4,0.2,6.96,0.0,7.0,0.5,1.5,0.3,1018,12,Defender,0.787878787878788,0.4230769230769231,0.0307692307692307,0.4285714285714286,0.0999999999999999,35.412735849056595,38.443396226415096,54.44280660377359,62.3378537735849,45.07012644737989,True,False,Brazil
359191,Omar Mascarell,8661,Mallorca,ESP-La Liga,3.3,32.8,1.0,0.0,3.0,0.2,0.01,0.0,1.4,1.0,0.08,1.6,0.1,0.6,0.2,6.64,0.0,5.0,0.1,2.1,0.2,1159,17,Midfielder,0.7254901960784315,0.4324324324324324,0.1006097560975609,0.1428571428571428,0.04,58.98918809178244,18.414869721473494,58.472778008155366,66.28490220471353,45.0344895075386,True,False,Equatorial Guinea
867080,Jeff Chabot,10269,VfB Stuttgart,GER-Bundesliga,3.9,64.8,0.0,0.0,7.5,0.5,0.03,0.05,1.4,0.0,0.0,1.5,0.2,0.7,0.2,7.3,0.0,4.0,0.8,1.2,0.2,1521,18,Defender,0.6585365853658538,0.5555555555555555,0.0601851851851851,0.1428571428571428,0.125,49.50730440942704,36.19530548068284,39.02058711728522,61.0568067938351,44.98151857185786,True,False,Germany
266105,Clinton Mata,9748,Lyon,FRA-Ligue 1,2.0,54.7,0.0,0.0,5.0,0.6,0.03,0.01,1.1,0.0,0.0,0.7,0.0,1.0,0.1,6.91,0.0,1.0,0.1,1.5,0.2,1846,21,Defender,0.6666666666666666,0.3181818181818181,0.036563071297989,0.1818181818181818,0.6,40.4761256824936,48.62717706821481,40.87741896468312,53.77574469555602,44.96427533883072,True,False,Angola
975242,Simon Sohm,10167,Parma,ITA-Serie A,1.2,31.3,2.0,0.0,1.1,2.1,0.06,0.09,0.6,0.0,0.12,0.8,0.4,0.1,0.2,6.66,0.0,20.0,1.0,0.8,0.5,2999,37,Midfielder,0.7272727272727273,0.5,0.0383386581469648,0.8333333333333334,0.105,52.10989010989011,53.06043956043956,37.55494505494506,36.30494505494505,44.86717209759272,False,False,Switzerland
561869,Haris Belkebla,8121,Angers,FRA-Ligue 1,1.1,37.3,0.0,0.0,1.3,0.3,0.02,0.01,0.7,0.0,0.0,0.9,0.0,0.4,0.2,6.96,0.0,10.0,0.2,2.3,0.7,1843,21,Midfielder,0.8205128205128206,0.28125,0.0294906166219839,1.0,0.03,50.69374179279839,17.355302716151773,70.83496181491465,69.12373004354136,44.85715255367599,True,False,Algeria
1209228,Daniel Svensson,9789,Borussia Dortmund,GER-Bundesliga,0.4,28.1,3.0,0.0,2.9,3.9,0.21,0.05,1.2,1.0,0.05,0.6,0.1,0.3,0.4,7.07,0.0,22.0,0.3,1.4,0.6,1695,22,Midfielder,0.625,0.3,0.0142348754448398,0.5,0.1772727272727272,36.71580188679245,85.14740566037736,38.481721698113205,32.87146226415094,44.84109287193525,True,False,Sweden
1487894,Nhoa Sangui,6379,Paris FC,FRA-Ligue 1,0.7,35.5,2.0,0.0,2.1,0.9,0.09,0.01,0.3,0.0,0.0,0.6,0.0,0.2,0.1,6.55,0.0,13.0,0.1,1.4,0.4,911,15,Defender,0.8695652173913044,0.3,0.0197183098591549,1.3333333333333337,0.0692307692307692,40.40683962264151,46.93985849056604,45.002948113207545,48.92393867924528,44.775086452298126,True,False,France
356406,John McGinn,10252,Aston Villa,ENG-Premier League,1.6,25.4,3.0,0.0,0.7,1.8,0.1,0.14,1.3,2.0,0.17,0.6,0.4,0.3,1.0,6.88,0.0,24.0,1.0,1.5,0.6,1607,22,Midfielder,0.6176470588235293,0.2857142857142857,0.0629921259842519,0.4615384615384615,0.075,59.17102512267606,60.39537113829567,42.88575143410048,21.33321670467897,44.74795231774424,True,False,Scotland
956659,Himad Abdelli,8121,Angers,FRA-Ligue 1,1.9,0.0,0.0,0.0,1.0,0.0,0.0,0.0,0.0,0.0,0.18,1.3,0.0,0.3,0.0,0.0,0.0,0.0,0.0,1.9,1.4,993,15,Midfielder,1.0,0.40625,0.0,0.0,0.0,52.704691927569286,25.19553873799157,56.5093605294077,53.60574763287027,44.74639640143285,True,False,Algeria
1053838,Morato,10203,Nottingham Forest,ENG-Premier League,3.1,47.5,0.0,0.0,5.6,0.1,0.01,0.08,1.1,0.0,0.0,0.8,0.1,0.7,0.0,0.0,0.0,1.0,0.4,2.3,0.4,939,14,Defender,0.7380952380952381,0.2580645161290323,0.0652631578947368,0.3636363636363636,0.1,63.94752358490565,20.170990566037737,47.075471698113205,66.25884433962264,44.70708638057221,True,False,Brazil
1106074,Mario Gila,8543,Lazio,ITA-Serie A,4.8,59.6,0.0,0.0,3.8,0.4,0.02,0.04,0.7,0.0,0.0,0.9,0.1,0.5,0.0,7.0,0.0,4.0,0.5,1.7,0.2,2023,24,Defender,0.787878787878788,0.3461538461538461,0.0805369127516778,0.2857142857142857,0.1,56.89916804893219,26.716730596447576,43.34833091436865,61.45794457115212,44.68752519591228,True,False,Spain
1276315,Dermane Karim,8689,Lorient,FRA-Ligue 1,1.3,30.6,1.0,0.0,0.3,0.7,0.07,0.09,1.6,2.0,0.1,0.8,0.2,0.2,0.7,6.66,0.0,10.0,1.2,1.7,1.4,914,20,Midfielder,0.6097560975609757,0.32,0.0424836601307189,0.8749999999999999,0.0699999999999999,64.25412735849056,38.18985849056604,51.58903301886792,26.31191037735849,44.67115117148466,True,False,Togo
640122,Brais Méndez,8560,Real Sociedad,ESP-La Liga,2.5,36.7,3.0,0.0,0.4,1.6,0.11,0.22,2.4,2.0,0.36,0.4,0.9,0.1,0.8,6.93,0.0,18.0,1.9,1.6,1.1,1241,21,Midfielder,0.4545454545454545,0.2,0.0681198910081743,0.4583333333333333,0.0888888888888888,68.54425409496163,60.6475827631488,43.32130762319441,16.659107402031932,44.66840295466496,True,False,Spain
789066,Cristian Romero,8586,Tottenham Hotspur,ENG-Premier League,2.2,47.2,4.0,0.0,4.5,1.2,0.06,0.07,1.5,1.0,0.21,1.5,0.3,0.7,0.1,7.06,0.0,9.0,0.8,2.8,0.4,1712,21,Defender,0.7413793103448276,0.3488372093023256,0.0466101694915254,0.2666666666666666,0.1333333333333333,34.82714337549243,50.57155815882231,44.86988129794733,55.15425219434653,44.653599220736126,True,False,Argentina
535936,Joelinton,10261,Newcastle United,ENG-Premier League,0.6,31.9,3.0,0.0,2.2,1.0,0.06,0.12,1.7,0.0,0.13,1.2,0.6,0.2,0.5,6.99,0.0,12.0,1.4,2.0,0.4,1366,19,Midfielder,0.6530612244897959,0.3749999999999999,0.018808777429467,0.2352941176470588,0.0833333333333333,28.02007740686986,51.77234950584008,60.49738233464648,50.722557709586006,44.59022283278036,True,False,Brazil
1412132,Kenan Yildiz,9885,Juventus,ITA-Serie A,1.1,32.5,10.0,0.0,0.3,5.1,0.23,0.31,0.8,4.0,0.37,0.3,1.4,0.0,0.7,7.56,0.0,50.0,3.3,0.6,2.4,1967,24,Midfielder,0.5294117647058824,0.3333333333333333,0.0338461538461538,3.0,0.102,64.9443767710277,81.05675063929782,39.70568975050107,13.8487023982307,44.56098337052156,True,False,Turkiye
605224,Federico Dimarco,8636,Internazionale,ITA-Serie A,1.4,38.6,26.0,0.0,0.9,7.3,0.36,0.15,1.3,12.0,0.25,0.9,0.7,0.2,0.8,7.82,0.0,66.0,2.1,1.8,0.1,1807,23,Midfielder,0.675,0.3333333333333333,0.0362694300518134,0.0769230769230769,0.1106060606060606,26.29577026746838,86.55046133112171,53.32300089847259,34.12265014859354,44.52667976505215,True,False,Italy
1192393,Victor Chust,10268,Elche,ESP-La Liga,2.1,57.6,0.0,0.0,3.0,0.4,0.03,0.02,1.5,0.0,0.0,0.8,0.1,0.8,0.1,6.75,0.0,2.0,0.3,2.5,0.3,1389,18,Defender,0.6875,0.2424242424242424,0.0364583333333333,0.1999999999999999,0.2,39.43101415094339,38.74410377358491,49.041863207547166,55.96992924528302,44.46675943796491,True,False,Spain
304348,Rani Khedira,8149,1. FC Union Berlin,GER-Bundesliga,0.8,13.9,3.0,0.0,2.2,1.1,0.05,0.07,1.4,0.0,0.19,1.3,0.4,0.2,0.3,6.98,0.0,12.0,0.8,2.5,0.1,1850,21,Midfielder,0.7307692307692308,0.3421052631578947,0.0575539568345323,0.0714285714285714,0.0916666666666666,25.14220488630865,43.43131004215911,64.85111704333401,66.25017278319166,44.33926697846376,True,False,Tunisia
729769,Tyler Adams,8678,Bournemouth,ENG-Premier League,1.5,45.1,0.0,0.0,1.9,0.3,0.02,0.04,1.6,1.0,0.15,1.6,0.4,0.4,0.3,6.95,0.0,2.0,0.6,2.6,0.3,1202,15,Midfielder,0.7241379310344827,0.3809523809523809,0.0332594235033259,0.1874999999999999,0.15,28.69026453106642,30.768876563687883,74.24260487939732,70.04265585043886,44.26740836609739,True,False,USA
1338016,Valentin Gomez,8603,Real Betis,ESP-La Liga,2.4,40.7,0.0,0.0,6.0,0.2,0.02,0.06,1.4,0.0,0.08,1.3,0.2,0.7,0.0,6.91,0.0,5.0,0.7,2.8,0.7,1101,17,Defender,0.7454545454545454,0.3170731707317074,0.0589680589680589,0.5,0.04,68.84433962264151,12.346698113207548,57.56191037735849,81.08785377358491,44.26629151731787,True,False,Argentina
1343053,Abdoul Ouattara,9848,Strasbourg,FRA-Ligue 1,0.2,33.3,4.0,0.0,1.4,0.8,0.07,0.14,0.6,0.0,0.16,0.7,0.3,0.0,0.2,6.72,0.0,4.0,1.2,1.4,0.4,1124,18,Midfielder,0.7777777777777777,0.3333333333333333,0.006006006006006,0.6666666666666667,0.2,33.30778301886792,62.72405660377359,46.10849056603774,41.49469339622642,44.22481153529525,True,False,France
1209980,Carlos Álvarez,8581,Levante,ESP-La Liga,1.0,24.8,6.0,0.0,0.3,3.8,0.21,0.1,0.9,1.0,0.16,0.6,0.5,0.1,0.5,6.78,0.0,35.0,1.3,1.1,0.9,1654,24,Midfielder,0.6538461538461539,0.3529411764705882,0.0403225806451612,1.0,0.1085714285714285,58.01297169811321,82.77712264150942,37.9186320754717,16.27358490566038,44.2124852126575,True,False,Spain
813055,Mousa Tamari,9851,Rennes,FRA-Ligue 1,0.5,21.0,4.0,0.0,0.3,2.9,0.19,0.19,0.9,3.0,0.2,0.5,1.0,0.1,1.0,6.93,0.0,21.0,2.3,1.2,1.3,1365,21,Midfielder,0.6538461538461539,0.2941176470588235,0.0238095238095238,1.4444444444444444,0.1380952380952381,54.37884010643444,74.21236782085838,44.40618736609303,16.841998410394638,44.1964768064449,True,False,Jordan
1336582,Maximo Perrone,10171,Como,ITA-Serie A,2.0,66.6,3.0,0.0,0.8,2.0,0.1,0.06,1.5,3.0,0.1,0.8,0.2,0.1,0.2,7.18,0.0,23.0,0.5,1.8,0.4,1845,23,Midfielder,0.6341463414634148,0.3076923076923077,0.03003003003003,0.2666666666666666,0.0869565217391304,38.49458324694174,55.949184463335406,45.99406921694657,38.520263148800886,44.1958646070362,True,False,Argentina
420731,Gautier Lloris,9746,Le Havre,FRA-Ligue 1,2.9,52.7,1.0,0.0,5.8,0.3,0.02,0.04,1.2,1.0,0.06,1.7,0.2,0.7,0.1,6.94,0.0,3.0,0.4,1.4,0.1,1527,19,Defender,0.7209302325581395,0.5483870967741936,0.0550284629981024,0.0833333333333333,0.0999999999999999,41.670143928398645,29.85008466376391,47.98136533278043,70.94529684152324,44.17095250066605,True,False,France
1000428,Isak Bergmann Johannesson,8722,1. FC Köln,GER-Bundesliga,2.6,35.9,1.0,0.0,0.9,2.6,0.2,0.05,0.6,1.0,0.08,0.2,0.1,0.4,0.1,6.66,0.0,20.0,0.4,1.4,0.2,1186,20,Midfielder,0.7272727272727273,0.125,0.0724233983286908,0.3333333333333333,0.13,55.56014150943396,72.78301886792453,31.276533018867923,25.66332547169812,44.11677496939018,True,False,Iceland
934156,Jurgen Ekkelenkamp,8600,Udinese,ITA-Serie A,0.3,20.5,3.0,0.0,1.4,1.5,0.09,0.19,0.9,1.0,0.18,0.6,0.7,0.2,0.3,6.88,0.0,21.0,1.4,1.9,0.6,1463,21,Midfielder,0.7352941176470589,0.24,0.0146341463414634,0.6666666666666666,0.0714285714285714,38.28378775312738,50.454316124127445,50.16476173197871,39.18323225516622,44.09088245447742,True,False,Netherlands
574642,Ellyes Skhiri,9810,Eintracht Frankfurt,GER-Bundesliga,1.9,44.1,0.0,0.0,1.3,0.4,0.04,0.03,0.8,0.0,0.0,1.7,0.0,0.2,0.2,6.56,0.0,5.0,0.5,0.9,0.2,934,14,Midfielder,0.7647058823529411,0.6538461538461539,0.0430839002267573,0.25,0.08,41.74060923353376,34.32390801022876,51.6096482134218,53.309662036077135,44.01601570252775,True,False,Tunisia
942193,Mikael Egill Ellertsson,10233,Genoa,ITA-Serie A,0.4,15.1,5.0,0.0,1.2,1.5,0.08,0.09,0.9,1.0,0.05,0.6,0.3,0.2,0.3,6.54,0.0,12.0,0.8,1.3,0.4,1745,24,Midfielder,0.6785714285714286,0.3157894736842105,0.0264900662251655,0.4444444444444445,0.125,37.02422852304928,62.10020561199807,44.00740375976225,36.95117578961919,43.97705617380229,True,False,Iceland
1185336,Chico Conceicao,9885,Juventus,ITA-Serie A,0.5,33.1,1.0,0.0,0.2,2.1,0.17,0.32,1.6,1.0,0.16,0.4,1.0,0.0,1.0,6.96,0.0,14.0,2.8,1.5,2.2,1122,18,Midfielder,0.5428571428571428,0.2105263157894737,0.0151057401812688,1.375,0.15,57.754574434998965,76.18639850715323,41.71862257239616,15.657850404312669,43.95154999931568,True,False,Portugal
1269497,Yannik Engelhardt,9788,Borussia Mönchengladbach,GER-Bundesliga,1.0,40.2,1.0,0.0,1.8,1.1,0.06,0.07,1.6,1.0,0.12,1.0,0.3,0.4,0.3,6.91,0.0,9.0,0.9,2.0,0.2,1561,20,Midfielder,0.6521739130434783,0.3333333333333333,0.0248756218905472,0.125,0.1222222222222222,30.726155919552145,51.36350991775521,52.415556534660304,48.87932821895086,43.81332755556562,True,False,Germany
793255,Florentino,8191,Burnley,ENG-Premier League,2.0,38.0,0.0,0.0,2.6,0.4,0.02,0.03,1.7,2.0,0.0,1.6,0.1,0.4,0.1,6.78,0.0,9.0,0.5,4.3,0.3,1587,22,Midfielder,0.7763157894736842,0.2711864406779661,0.0526315789473684,0.1764705882352941,0.0444444444444444,44.186320754716974,16.49174528301887,70.61320754716981,80.73408018867924,43.80622929448669,True,False,Portugal
939780,Isak Hien,8524,Atalanta,ITA-Serie A,2.9,47.5,0.0,0.0,4.7,0.3,0.02,0.04,1.7,0.0,0.06,1.1,0.2,0.7,0.0,6.81,0.0,1.0,0.4,2.1,0.2,1518,20,Defender,0.6530612244897959,0.34375,0.0610526315789473,0.1176470588235294,0.3,44.88799761559196,31.868969866611376,44.429098417305966,61.40518090400165,43.75613507211365,True,False,Sweden
1321605,Mario Martin,8305,Getafe,ESP-La Liga,1.0,19.0,0.0,0.0,0.9,0.5,0.03,0.07,2.9,0.0,0.12,0.4,0.2,0.2,0.6,6.35,0.0,7.0,1.3,2.7,0.6,1457,22,Midfielder,0.5166666666666667,0.1290322580645161,0.0526315789473684,0.2068965517241379,0.0714285714285714,49.55272047135255,31.084931577856107,56.39784625751607,40.46889038634321,43.74189752725702,True,False,Spain
1407468,Santiago Mourino,10205,Villarreal,ESP-La Liga,1.7,40.8,0.0,0.0,4.8,0.3,0.02,0.04,2.3,1.0,0.0,1.3,0.0,0.3,0.3,7.3,0.0,5.0,0.5,4.0,0.4,1433,17,Defender,0.6973684210526316,0.2452830188679245,0.0416666666666666,0.1739130434782609,0.06,40.57175685949271,21.127626304513097,64.13071048448406,74.79605104015482,43.673909277220375,True,False,Uruguay
713924,Sergio Akieme,9837,Reims,FRA-Ligue 1,0.8,27.5,5.0,0.0,3.0,2.5,0.09,0.05,0.9,3.0,0.07,0.6,0.2,0.3,0.2,6.73,0.0,21.0,0.9,1.2,0.5,2526,30,Defender,0.6666666666666666,0.3333333333333333,0.029090909090909,0.5555555555555556,0.119047619047619,42.29395604395605,67.68131868131869,32.11263736263736,38.777472527472526,43.640085152509286,False,False,Equatorial Guinea
812549,Marius Marin,6479,Pisa,ITA-Serie A,1.8,19.8,0.0,0.0,1.6,0.5,0.04,0.01,2.3,0.0,0.0,0.6,0.0,0.3,0.4,6.43,0.0,1.0,0.2,3.0,0.1,1031,19,Midfielder,0.6101694915254237,0.1666666666666666,0.0909090909090909,0.0434782608695652,0.5,37.51179245283019,42.37028301886793,56.35613207547169,41.18514150943396,43.62134912650623,True,False,Romania
459658,Ruslan Malinovsky,10233,Genoa,ITA-Serie A,3.1,37.5,7.0,0.0,0.8,2.3,0.12,0.18,1.6,3.0,0.27,0.5,0.6,0.2,0.7,6.91,0.0,24.0,2.0,1.3,0.5,1663,23,Midfielder,0.5294117647058824,0.2777777777777778,0.0826666666666666,0.3125,0.0958333333333333,68.02771226415095,70.80778301886792,38.51709905660377,14.195165094339623,43.56798668354932,True,False,Ukraine
411851,Robert Andrich,8178,Bayer 04 Leverkusen,GER-Bundesliga,2.9,61.2,0.0,0.0,2.6,1.0,0.06,0.02,1.3,0.0,0.06,1.1,0.1,0.4,0.2,6.86,0.0,7.0,0.3,1.8,0.1,1498,20,Defender,0.6904761904761906,0.3793103448275862,0.0473856209150326,0.0769230769230769,0.1428571428571428,36.25100214251157,43.77709240445089,47.196964199322686,51.10546686018384,43.479017486154106,True,False,Germany
921921,Kristian Thorstvedt,7943,Sassuolo,ITA-Serie A,0.5,29.7,3.0,0.0,1.6,1.2,0.08,0.21,1.4,2.0,0.13,1.2,0.5,0.3,0.4,6.95,0.0,23.0,1.6,1.6,0.5,1378,20,Midfielder,0.6666666666666667,0.4285714285714286,0.0168350168350168,0.3571428571428571,0.0521739130434782,31.34728773584905,50.40094339622642,53.23997641509433,45.66627358490565,43.44584374621426,True,False,Norway
1403692,Youssef Enriquez,9866,Alavés,ESP-La Liga,2.3,31.1,2.0,0.0,2.2,1.3,0.13,0.07,1.7,0.0,0.0,1.0,0.2,0.1,0.1,6.67,0.0,8.0,0.9,1.1,0.6,923,18,Defender,0.5526315789473685,0.4761904761904761,0.0739549839228295,0.3529411764705882,0.1625,65.9375,67.08136792452831,22.299528301886788,31.014150943396228,43.42862897084248,True,False,Morocco
362212,Piotr Zielinski,8636,Internazionale,ITA-Serie A,2.4,60.5,4.0,0.0,1.3,1.9,0.14,0.15,1.0,1.0,0.38,0.2,0.6,0.2,0.5,7.32,0.0,20.0,1.4,1.1,1.0,1188,22,Midfielder,0.5652173913043479,0.1538461538461538,0.0396694214876033,1.0,0.095,67.62873643651946,58.50076888520285,36.27555031446541,19.21055359734605,43.39515600041344,True,False,Poland
1358581,Leny Yoro,10260,Manchester United,ENG-Premier League,2.2,45.8,0.0,0.0,4.0,0.3,0.02,0.05,0.8,0.0,0.0,1.3,0.1,0.5,0.2,6.55,0.0,3.0,0.4,1.9,0.1,1165,23,Defender,0.8,0.40625,0.0480349344978166,0.125,0.0999999999999999,34.81681957979128,22.647271753403828,67.41909859008915,77.99236730250881,43.3407934595018,True,False,France
322003,Jesper Karlström,8600,Udinese,ITA-Serie A,1.6,31.3,1.0,0.0,1.9,0.8,0.03,0.02,1.0,0.0,0.04,0.9,0.1,0.3,0.4,6.85,0.0,12.0,0.5,1.7,0.3,2217,25,Midfielder,0.7222222222222222,0.3461538461538461,0.0511182108626198,0.3,0.0666666666666666,44.97260522496371,30.46237646001797,53.41195832469416,49.0330836616214,43.33440380395812,True,False,Sweden
201690,Lewis Dunk,10204,Brighton and Hove Albion,ENG-Premier League,2.6,74.4,1.0,0.0,4.6,0.5,0.02,0.04,0.5,0.0,0.0,1.1,0.0,0.9,0.1,6.92,0.0,5.0,0.7,1.1,0.2,2205,25,Defender,0.8148148148148149,0.5,0.0349462365591397,0.4,0.1,43.347371967654986,36.51773619462298,40.40019610892252,58.458989909461614,43.319249429561424,True,False,England
425962,Niklas Stark,8697,SV Werder Bremen,GER-Bundesliga,2.9,46.5,0.0,0.0,5.2,0.3,0.01,0.05,1.3,1.0,0.0,1.5,0.1,1.2,0.1,6.74,0.0,1.0,0.5,1.4,0.0,2109,26,Defender,0.6904761904761905,0.5172413793103449,0.0623655913978494,0.0,0.3,39.63461538461539,35.89010989010989,42.4587912087912,64.09340659340658,43.30326761255004,False,False,Germany
1163501,Filippo Terracciano,7801,Cremonese,ITA-Serie A,2.5,39.5,0.0,0.0,3.6,0.5,0.02,0.08,0.5,0.0,0.09,1.7,0.2,0.8,0.1,6.85,0.0,6.0,0.6,0.8,0.2,2102,24,Defender,0.8333333333333334,0.6799999999999999,0.0632911392405063,0.4,0.0833333333333333,54.92924528301886,21.5742924528302,46.70400943396226,65.69870283018868,43.278792006716735,True,False,Italy
873289,Marc Cucurella,8455,Chelsea,ENG-Premier League,1.8,45.2,4.0,0.0,3.4,2.7,0.13,0.08,1.5,3.0,0.05,1.0,0.2,0.3,0.1,7.11,0.0,25.0,0.7,2.0,0.0,1889,24,Defender,0.6666666666666666,0.3333333333333333,0.0398230088495575,0.0,0.108,22.32599436726796,69.64871449305411,48.40766898196144,55.66238596309351,43.22275306533123,True,False,Spain
820024,Sean Longstaff,8463,Leeds United,ENG-Premier League,1.2,33.7,6.0,0.0,1.0,1.3,0.13,0.08,1.0,2.0,0.1,1.0,0.2,0.5,0.5,0.0,0.0,21.0,1.2,3.5,0.0,939,16,Midfielder,0.8181818181818182,0.2222222222222222,0.0356083086053412,0.0,0.0619047619047619,14.033018867924527,61.53891509433963,84.13325471698113,65.15330188679245,43.19783687760263,True,False,England
689065,Alexis Claude,8406,FC Augsburg,GER-Bundesliga,0.2,28.4,2.0,0.0,0.5,1.9,0.13,0.25,1.1,2.0,0.2,0.3,1.3,0.1,0.4,7.02,0.0,18.0,3.1,1.5,1.5,1352,19,Midfielder,0.6206896551724137,0.1666666666666666,0.0070422535211267,1.3636363636363635,0.1055555555555555,55.53020250190062,59.95767675720506,40.129168394498585,21.51241447232013,43.17405570919991,True,False,France
769895,Matthijs de Ligt,10260,Manchester United,ENG-Premier League,1.6,41.3,2.0,0.0,5.2,0.8,0.06,0.11,0.5,0.0,0.08,1.2,0.2,0.5,0.1,6.97,0.0,3.0,0.8,1.5,0.1,1170,13,Defender,0.84375,0.4444444444444444,0.0387409200968523,0.2,0.2666666666666666,27.70439387656369,41.28460847328772,51.09378671642822,71.71901997373696,43.14500567373532,True,False,Netherlands
896402,José Copete,10267,Valencia CF,ESP-La Liga,2.6,43.5,0.0,0.0,5.9,0.6,0.03,0.08,1.0,0.0,0.0,1.2,0.0,0.8,0.2,6.68,0.0,5.0,0.6,1.3,0.4,1670,20,Defender,0.7142857142857143,0.48,0.0597701149425287,0.4,0.12,59.01546409565277,24.36363086598936,40.683767883060334,59.24830672472182,43.13856868120486,True,False,Spain
465750,Timothy Castagne,9879,Fulham,ENG-Premier League,1.5,32.3,0.0,0.0,3.7,0.5,0.04,0.07,1.0,0.0,0.0,1.8,0.2,0.5,0.2,6.68,0.0,7.0,0.5,1.8,0.1,1119,20,Defender,0.782608695652174,0.5,0.0464396284829721,0.1,0.0714285714285714,31.338063273204785,25.04642684359666,67.32298793973321,78.76347708894879,43.13342176864092,True,False,Belgium
1057703,Youssouf Ndayishimiye,9831,Nice,FRA-Ligue 1,1.8,54.5,0.0,0.0,5.3,0.4,0.02,0.04,0.9,0.0,0.14,1.0,0.2,0.9,0.3,7.26,0.0,5.0,0.5,1.9,0.3,1934,23,Defender,0.7631578947368421,0.3448275862068966,0.0330275229357798,0.3333333333333333,0.08,42.14010989010989,20.21978021978022,62.82417582417583,71.95054945054946,43.1311789899746,False,False,Burundi
1186553,Alexsandro Ribeiro,8639,Lille,FRA-Ligue 1,4.0,73.0,1.0,0.0,4.8,1.0,0.03,0.05,0.9,1.0,0.03,0.9,0.1,0.4,0.1,7.25,0.0,9.0,0.7,1.1,0.2,2700,30,Defender,0.6896551724137931,0.45,0.0547945205479452,0.2222222222222222,0.1111111111111111,53.87912087912088,38.93956043956044,32.315934065934066,50.17857142857142,43.100444428520255,False,False,Brazil
883823,Elisha Owusu,8583,Auxerre,FRA-Ligue 1,1.2,28.2,0.0,0.0,1.8,0.4,0.03,0.0,1.7,0.0,0.0,1.3,0.0,0.4,0.6,6.76,0.0,6.0,0.2,2.6,0.4,1269,17,Midfielder,0.6964285714285714,0.3333333333333333,0.0425531914893617,0.2352941176470588,0.0666666666666666,38.64692618702053,21.042029511369133,73.37424407353653,63.856542435551866,43.08572285647859,True,False,Ghana
941656,Samuele Ricci,8564,Milan,ITA-Serie A,2.4,40.2,4.0,0.0,1.9,1.4,0.13,0.12,0.6,3.0,0.09,0.6,0.6,0.4,0.4,6.81,0.0,14.0,1.3,0.9,0.3,981,21,Midfielder,0.7142857142857143,0.3999999999999999,0.0597014925373134,0.5,0.0999999999999999,52.69592750017279,53.62379051765845,36.094590158269405,30.114080102287648,43.05136662854365,True,False,Italy
928454,Josha Vagnoman,10269,VfB Stuttgart,GER-Bundesliga,0.8,29.2,3.0,0.0,2.4,1.9,0.12,0.19,1.1,3.0,0.06,0.2,0.7,0.1,0.1,6.99,0.0,16.0,1.2,1.9,0.4,1398,20,Defender,0.65625,0.0952380952380952,0.0273972602739726,0.3636363636363636,0.11875,36.07623194415647,67.11299156818025,38.05037493952588,37.49717067523671,43.02862177635909,True,False,Germany
921543,Morten Frendrup,10233,Genoa,ITA-Serie A,1.1,31.1,1.0,0.0,2.7,0.7,0.03,0.02,1.4,0.0,0.04,1.2,0.1,0.4,0.6,7.05,0.0,9.0,0.4,2.9,0.2,2022,24,Midfielder,0.7454545454545454,0.2926829268292683,0.0353697749196141,0.1428571428571428,0.0777777777777777,26.31286284470247,27.28359769161656,81.46460968277006,71.293584560094,42.99106217738823,True,False,Denmark
724196,Danilho Doekhi,8149,1. FC Union Berlin,GER-Bundesliga,1.9,26.4,0.0,0.0,5.0,1.4,0.06,0.14,1.0,0.0,0.18,1.2,0.2,0.5,0.1,7.0,0.0,6.0,1.4,1.5,0.0,1980,22,Defender,0.7297297297297297,0.4444444444444444,0.0719696969696969,0.0,0.2333333333333333,34.22869151288963,44.44406144170295,41.44524932614556,60.56342439007533,42.96168414195419,True,False,Netherlands
689987,Jakub Piotrowski,8600,Udinese,ITA-Serie A,1.0,22.2,1.0,0.0,2.1,0.4,0.03,0.14,1.6,1.0,0.08,1.0,0.4,0.3,0.3,6.66,0.0,10.0,1.9,2.5,0.5,1073,21,Midfielder,0.6862745098039216,0.2857142857142857,0.045045045045045,0.3125,0.04,41.81014150943396,24.83490566037736,61.32370283018868,56.27948113207548,42.86740849222506,True,False,Poland
169586,Leandro Cabrera,8558,Espanyol,ESP-La Liga,2.9,34.2,1.0,0.0,5.1,1.1,0.05,0.1,0.8,0.0,0.13,0.7,0.4,0.6,0.1,6.82,0.0,6.0,1.2,1.1,0.2,2070,23,Defender,0.6923076923076923,0.3888888888888888,0.0847953216374269,0.25,0.1833333333333333,52.67867509848642,44.25162416200152,29.30763183357523,47.78338603220679,42.71430289625942,True,False,Uruguay
540963,Sander Berge,9879,Fulham,ENG-Premier League,1.7,48.3,3.0,0.0,1.6,1.1,0.04,0.05,1.0,1.0,0.0,0.7,0.1,0.6,0.2,6.64,0.0,15.0,0.4,1.8,0.3,2166,26,Midfielder,0.7142857142857143,0.2799999999999999,0.0351966873706004,0.3,0.0733333333333333,44.27309247356417,35.965426083350614,47.41030392563411,43.93945676964544,42.69257809364426,True,False,Norway
637756,Carles Alena,9866,Alavés,ESP-La Liga,1.1,33.9,6.0,0.0,1.3,2.3,0.14,0.11,1.5,4.0,0.0,0.5,0.2,0.1,0.3,6.67,0.0,24.0,1.3,1.7,0.7,1466,24,Midfielder,0.5945945945945946,0.2272727272727272,0.0324483775811209,0.4666666666666666,0.0958333333333333,49.12411880572258,62.03065173819891,39.58096188402792,23.819113276660445,42.68710692513503,True,False,Spain
1047667,Maximilian Beier,9789,Borussia Dortmund,GER-Bundesliga,0.4,18.9,4.0,0.0,1.0,2.6,0.21,0.37,1.0,3.0,0.55,0.5,1.2,0.2,1.1,7.04,0.0,15.0,2.3,1.0,0.9,1136,20,Midfielder,0.6,0.3333333333333333,0.0211640211640211,0.9,0.1733333333333333,49.13036923768056,79.23685983827492,40.433059471974566,17.058279770543923,42.67838925783082,True,False,Germany
282281,Denis Suárez,9866,Alavés,ESP-La Liga,1.7,49.0,1.0,0.0,0.6,1.0,0.09,0.07,1.4,0.0,0.09,0.4,0.3,0.3,0.6,6.64,0.0,13.0,0.5,1.7,1.3,980,19,Midfielder,0.6,0.1904761904761904,0.0346938775510204,0.9285714285714288,0.0769230769230769,65.00884433962264,45.22995283018868,45.2564858490566,19.619693396226413,42.67828091447458,True,False,Spain
552718,Kristoffer Vassbakk Ajer,9937,Brentford,ENG-Premier League,1.4,26.2,1.0,0.0,6.2,0.6,0.04,0.05,1.3,1.0,0.0,0.9,0.2,0.9,0.1,6.74,0.0,2.0,0.6,2.0,0.1,1367,20,Defender,0.6904761904761905,0.3103448275862069,0.0534351145038167,0.0769230769230769,0.3,34.24818577648767,40.8400373211694,44.69753006427535,59.15273602183979,42.67059045588136,True,False,Norway
789914,Edmond Tapsoba,8178,Bayer 04 Leverkusen,GER-Bundesliga,3.5,84.0,2.0,0.0,4.3,0.7,0.04,0.09,0.8,2.0,0.24,0.8,0.4,0.6,0.1,7.51,0.0,7.0,1.1,1.0,0.4,1496,17,Defender,0.6923076923076923,0.4444444444444445,0.0416666666666666,0.5,0.0999999999999999,61.08737214043818,42.55746768954317,27.40029977883752,43.43961659409772,42.66241172878313,True,False,Burkina Faso
1388071,Reda Belahyane,9876,Verona,ITA-Serie A,1.2,32.6,1.0,0.0,1.2,0.7,0.03,0.01,1.7,2.0,0.0,0.5,0.1,0.5,0.3,6.71,0.0,16.0,0.3,2.1,1.8,1848,28,Midfielder,0.6046511627906977,0.1923076923076923,0.0368098159509202,1.0588235294117647,0.04375,65.61538461538461,26.34615384615385,46.37637362637363,36.60714285714285,42.61557698929758,False,False,Morocco
191869,Kieran Trippier,10261,Newcastle United,ENG-Premier League,2.6,50.4,1.0,0.0,2.7,1.6,0.13,0.0,1.3,0.0,0.0,0.5,0.0,0.1,0.0,6.8,0.0,21.0,0.1,1.4,0.2,1141,14,Defender,0.5937499999999999,0.2631578947368421,0.0515873015873015,0.1538461538461538,0.0761904761904762,45.062137155297535,52.62215771649735,32.659664627825,41.81629691063653,42.58020449577911,True,False,England
936164,Michel Ndary Adopo,8529,Cagliari,ITA-Serie A,0.6,25.6,1.0,0.0,1.4,0.4,0.02,0.07,1.1,1.0,0.05,0.9,0.4,0.2,0.4,6.73,0.0,18.0,0.9,1.7,0.5,2000,25,Midfielder,0.7027027027027027,0.3461538461538461,0.0234374999999999,0.4545454545454545,0.0222222222222222,39.62486177344668,31.646381919966824,57.91484812357453,46.20658822309766,42.47267410282825,True,False,France
1054122,Boubacar Traore,8550,Metz,FRA-Ligue 1,2.0,34.7,0.0,0.0,1.0,0.3,0.02,0.07,1.5,0.0,0.08,0.6,0.2,0.1,0.2,6.5,0.0,4.0,1.3,2.7,1.2,1150,16,Midfielder,0.6875,0.1818181818181818,0.0576368876080691,0.7999999999999999,0.075,74.63443396226414,17.25235849056604,53.26945754716981,42.05483490566037,42.41081775991261,True,False,Mali
868344,Tijjani Reijnders,8456,Manchester City,ENG-Premier League,0.7,39.0,4.0,0.0,1.0,2.0,0.12,0.24,1.1,2.0,0.31,0.5,0.9,0.1,0.8,7.0,0.0,16.0,2.5,0.6,1.1,1464,24,Midfielder,0.5,0.4545454545454545,0.0179487179487179,1.0,0.125,57.16574659617112,69.45164662381643,36.18975482065104,17.823536526366713,42.403976677464335,True,False,Netherlands
1044470,Hákon Arnar Haraldsson,8639,Lille,FRA-Ligue 1,1.1,38.6,3.0,0.0,0.4,3.5,0.21,0.28,1.2,1.0,0.29,0.4,0.4,0.0,0.9,7.12,0.0,33.0,1.9,0.9,0.8,1526,20,Midfielder,0.52,0.3076923076923077,0.0284974093264248,0.6666666666666667,0.106060606060606,55.27068646762043,75.77560646900268,41.16176394360357,14.25858732462506,42.37108714919312,True,False,Iceland
686460,Santiago Colombatto,8670,Real Oviedo,ESP-La Liga,1.8,34.9,3.0,0.0,1.7,1.4,0.09,0.03,2.0,1.0,0.0,0.7,0.1,0.2,0.5,6.74,0.0,19.0,0.7,1.7,0.3,1475,19,Midfielder,0.5454545454545454,0.2916666666666667,0.0515759312320916,0.15,0.0736842105263157,40.85790094339623,54.11556603773585,44.88207547169811,30.49823113207547,42.32398286807711,True,False,Argentina
210389,Maxime Colin,8550,Metz,FRA-Ligue 1,1.5,43.1,0.0,0.0,2.2,0.3,0.02,0.03,0.6,0.0,0.0,1.3,0.1,0.6,0.2,6.32,0.0,4.0,0.5,2.0,0.3,1111,15,Defender,0.8461538461538461,0.393939393939394,0.0348027842227378,0.5,0.075,41.43278301886792,17.25235849056604,69.13325471698113,72.21403301886792,42.27283953389726,True,False,France
844943,Flynn Downes,8466,Southampton,ENG-Premier League,0.8,41.9,2.0,0.0,2.1,1.4,0.06,0.03,2.1,0.0,0.04,1.3,0.1,0.4,0.4,6.53,0.0,15.0,0.4,2.0,0.3,2154,27,Midfielder,0.611111111111111,0.393939393939394,0.0190930787589498,0.1428571428571428,0.0933333333333333,24.758241758241763,46.18681318681319,58.0054945054945,56.27747252747253,42.18709681012544,False,False,England
1230286,Daouda Guindo,8521,Brest,FRA-Ligue 1,1.3,27.6,1.0,0.0,2.4,0.3,0.03,0.07,1.7,0.0,0.0,1.5,0.4,0.4,0.4,6.68,0.0,3.0,1.1,2.1,0.2,992,16,Defender,0.679245283018868,0.4166666666666666,0.0471014492753623,0.1176470588235294,0.0999999999999999,29.690448113207545,30.40683962264151,65.35966981132076,62.190448113207545,42.1793658682455,True,False,Mali
708890,Carlos Soler,8560,Real Sociedad,ESP-La Liga,1.9,36.4,5.0,0.0,1.0,2.0,0.14,0.12,1.6,2.0,0.14,0.6,0.8,0.4,0.3,6.81,0.0,28.0,1.5,1.7,0.5,1294,20,Midfielder,0.5897435897435898,0.2608695652173913,0.0521978021978022,0.3125,0.0714285714285714,49.92949581864677,64.03250051834958,36.14339709033106,23.558469832054737,42.17391589885535,True,False,Spain
1133081,Sinaly Diomandé,8583,Auxerre,FRA-Ligue 1,3.4,35.0,0.0,0.0,4.8,0.1,0.01,0.1,1.3,0.0,0.09,1.7,0.1,0.5,0.0,6.78,0.0,1.0,0.3,1.3,0.3,1054,12,Defender,0.6976744186046512,0.5666666666666667,0.0971428571428571,0.2307692307692307,0.1,60.80197750362845,19.96381056050868,40.236471076093714,65.66428657820167,42.15576631505829,True,False,Ivory Coast
690516,Ademola Lookman,8524,Atalanta,ITA-Serie A,0.3,25.3,12.0,0.0,0.2,7.9,0.31,0.41,1.2,5.0,0.6,0.1,1.4,0.0,0.4,7.39,0.0,61.0,3.3,1.3,1.5,2263,31,Midfielder,0.5384615384615385,0.0714285714285714,0.0118577075098814,1.25,0.1295081967213114,54.88736263736264,90.76373626373628,33.09340659340659,14.656593406593409,42.11742169445365,False,False,Nigeria
914103,Johan Vásquez,10233,Genoa,ITA-Serie A,3.1,47.0,0.0,0.0,4.7,0.5,0.02,0.04,0.8,0.0,0.0,1.1,0.2,0.9,0.1,6.73,0.0,6.0,0.8,1.5,0.2,2233,25,Defender,0.7647058823529411,0.4230769230769231,0.0659574468085106,0.25,0.0833333333333333,50.37763926325247,19.135608887967383,50.50558521667012,68.13908183011957,42.0383849263479,True,False,Mexico
824623,Martin Frese,9876,Verona,ITA-Serie A,1.3,20.9,1.0,0.0,3.2,1.4,0.08,0.1,1.6,0.0,0.06,0.9,0.4,0.3,0.1,6.86,0.0,20.0,0.9,2.8,0.0,1477,19,Midfielder,0.6981132075471698,0.2432432432432432,0.062200956937799,0.0,0.0699999999999999,24.46049528301887,46.10849056603774,53.57900943396226,62.05778301886793,42.004200378398615,True,False,Denmark
414906,Giovanni Di Lorenzo,9875,Napoli,ITA-Serie A,1.3,49.7,3.0,0.0,1.8,2.7,0.12,0.08,1.4,1.0,0.04,0.4,0.4,0.3,0.1,7.16,0.0,14.0,1.0,1.9,0.4,2010,23,Defender,0.6216216216216216,0.1739130434782609,0.0261569416498993,0.2857142857142857,0.1928571428571428,31.805688022669155,73.71366369479577,36.71287321169397,37.1961175616836,41.97034639357773,True,False,Italy
1251334,Jack Hinshelwood,10204,Brighton and Hove Albion,ENG-Premier League,1.7,39.1,3.0,0.0,1.8,1.5,0.07,0.13,0.9,2.0,0.24,0.8,0.5,0.1,0.4,6.89,0.0,17.0,0.9,1.3,0.1,1846,26,Midfielder,0.7000000000000001,0.3809523809523809,0.0434782608695652,0.1111111111111111,0.088235294117647,33.06593406593407,50.664835164835175,46.64835164835165,41.38736263736264,41.93469833352096,False,False,England
839038,Elvis Rexhbecaj,8406,FC Augsburg,GER-Bundesliga,1.0,26.1,1.0,0.0,1.4,1.1,0.1,0.04,1.2,0.0,0.09,0.4,0.3,0.1,0.9,6.43,0.0,10.0,0.9,1.2,0.4,950,19,Midfielder,0.5714285714285715,0.25,0.0383141762452107,0.3333333333333333,0.11,42.329471628999926,55.61662001520492,46.28536871933098,25.661997200912296,41.92885712958977,True,False,Kosovo
814663,Alejandro Catena,8371,Osasuna,ESP-La Liga,4.1,40.2,1.0,0.0,6.3,0.9,0.04,0.08,1.5,2.0,0.09,1.1,0.1,1.0,0.0,6.92,0.0,9.0,0.6,1.2,0.1,1935,22,Defender,0.6052631578947368,0.4782608695652174,0.1019900497512437,0.0666666666666666,0.1,52.891742691271,47.78605985209759,24.050383578685462,50.16893876563688,41.89953018913572,True,False,Spain
1191407,Aitor Paredes,8315,Athletic Club,ESP-La Liga,3.5,45.7,1.0,0.0,4.3,0.5,0.03,0.06,1.1,0.0,0.06,1.6,0.2,0.2,0.0,7.01,0.0,3.0,0.7,1.3,0.1,1449,17,Defender,0.7250000000000001,0.5517241379310345,0.0765864332603938,0.0909090909090909,0.1666666666666666,47.37795891215702,35.90985036975604,32.47051886792453,58.012712523325725,41.88449124392537,True,False,Spain
540307,Lorenzo Pellegrini,8686,Roma,ITA-Serie A,1.8,34.7,3.0,0.0,0.9,2.2,0.2,0.39,1.2,0.0,0.28,0.9,0.9,0.3,0.5,6.85,0.0,17.0,2.3,0.6,0.5,976,17,Midfielder,0.5555555555555555,0.6,0.0518731988472622,0.4166666666666667,0.1294117647058823,51.18481754094963,74.20352996060542,35.15412692653258,18.84038720713249,41.86590978078036,True,False,Italy
278856,Willi Orban,178475,RB Leipzig,GER-Bundesliga,2.6,61.8,1.0,0.0,7.3,0.6,0.03,0.09,0.5,0.0,0.05,1.0,0.3,1.2,0.0,7.11,0.0,6.0,0.7,1.3,0.1,1960,22,Defender,0.8214285714285714,0.4347826086956522,0.0420711974110032,0.2,0.0999999999999999,38.92686519455388,32.799925703227586,41.02325229801645,64.80192566867095,41.84255047123413,True,False,Hungary
1002668,David Nemeth,8152,FC St. Pauli,GER-Bundesliga,2.3,40.1,0.0,0.0,3.8,0.3,0.01,0.01,0.9,1.0,0.0,0.8,0.0,0.5,0.1,6.75,0.0,3.0,0.2,1.8,0.2,2141,24,Defender,0.7428571428571429,0.3076923076923077,0.0573566084788029,0.2222222222222222,0.0999999999999999,48.62087912087912,22.07142857142857,48.480769230769226,61.57967032967033,41.81039788473032,False,False,Austria
560945,Mergim Vojvoda,10171,Como,ITA-Serie A,1.2,34.9,4.0,0.0,1.3,2.4,0.17,0.08,0.9,2.0,0.07,0.7,0.4,0.1,0.4,6.76,0.0,26.0,1.1,0.5,0.8,1268,22,Defender,0.5714285714285714,0.5833333333333334,0.0343839541547277,0.888888888888889,0.0923076923076923,55.21437642546133,67.14898230700118,31.704951102356763,21.45267468380676,41.77857007398333,True,False,Kosovo
1075815,Patrick Osterhage,8358,Sport-Club Freiburg,GER-Bundesliga,0.9,30.5,0.0,0.0,1.3,0.8,0.07,0.08,1.2,0.0,0.09,1.4,0.2,0.8,0.2,6.52,0.0,5.0,0.6,1.0,0.4,1017,17,Midfielder,0.6666666666666667,0.5833333333333334,0.0295081967213114,0.3333333333333333,0.16,34.265909012371274,52.92985002418965,42.22950791347018,40.74273014721128,41.66754122239036,True,False,Germany
1184777,Jofre Carreras,8558,Espanyol,ESP-La Liga,0.5,13.7,2.0,0.0,0.9,1.9,0.08,0.1,1.2,3.0,0.12,0.6,0.5,0.0,0.7,6.63,0.0,24.0,1.7,0.9,1.6,2175,37,Midfielder,0.5555555555555555,0.3999999999999999,0.0364963503649635,1.3333333333333337,0.0791666666666666,61.28846153846154,49.7967032967033,39.2032967032967,20.13736263736264,41.65286986882411,False,False,Spain
1255209,Lucas Beraldo,9847,Paris Saint-Germain,FRA-Ligue 1,3.1,89.0,1.0,0.0,2.7,0.9,0.04,0.04,1.0,0.0,0.04,0.9,0.2,0.4,0.1,7.2,0.0,8.0,0.5,1.7,0.0,2011,25,Defender,0.7222222222222222,0.3461538461538461,0.0348314606741573,0.0,0.1125,31.77472527472528,40.68681318681318,46.068681318681314,56.71703296703296,41.64684494591959,False,False,Brazil
303879,Lucas Torro,8371,Osasuna,ESP-La Liga,1.6,29.7,1.0,0.0,2.2,0.6,0.03,0.06,1.4,1.0,0.0,1.1,0.3,0.2,0.2,6.91,0.0,10.0,1.0,1.3,0.3,1575,22,Midfielder,0.6315789473684211,0.4583333333333333,0.0538720538720538,0.2142857142857143,0.06,43.3247848849264,34.39632144584974,44.10335026608612,46.0025744695556,41.57413739839861,True,False,Spain
1190113,Otavio,6379,Paris FC,FRA-Ligue 1,3.6,59.1,0.0,0.0,6.5,0.2,0.01,0.01,1.1,0.0,0.0,1.3,0.1,0.8,0.2,6.82,0.0,3.0,0.6,2.0,0.3,1634,19,Defender,0.7499999999999999,0.393939393939394,0.0609137055837563,0.2727272727272727,0.0666666666666666,58.3873820754717,11.609669811320757,61.01120283018868,76.1497641509434,41.57064637271354,True,False,Brazil
488412,Clément Lenglet,9906,Atlético de Madrid,ESP-La Liga,4.6,54.2,2.0,0.0,4.7,0.7,0.03,0.11,1.3,1.0,0.09,1.0,0.2,0.8,0.0,7.13,0.0,5.0,0.5,1.2,0.1,1976,23,Defender,0.6285714285714287,0.4545454545454545,0.084870848708487,0.0769230769230769,0.1399999999999999,52.0989010989011,45.25274725274725,25.417582417582413,49.13461538461539,41.54520235813972,False,False,France
1609213,Mateus Mane,8602,Wolverhampton Wanderers,ENG-Premier League,0.3,15.5,2.0,0.0,1.4,1.3,0.12,0.11,1.5,1.0,0.18,0.2,1.1,0.1,0.4,6.67,0.0,10.0,2.5,1.6,1.5,987,16,Midfielder,0.5454545454545455,0.1111111111111111,0.0193548387096774,1.0,0.13,51.86615566037736,64.18632075471697,36.164504716981135,20.25353773584905,41.41871751982475,True,False,England
767013,Antoine Bernede,9876,Verona,ITA-Serie A,1.0,26.3,2.0,0.0,0.7,1.1,0.06,0.05,2.3,2.0,0.05,0.4,0.1,0.3,0.3,6.78,0.0,20.0,0.8,2.8,0.7,1810,24,Midfielder,0.5818181818181818,0.125,0.0380228136882129,0.3043478260869565,0.055,42.85082547169812,43.201650943396224,48.92983490566039,30.026533018867926,41.338747992365015,True,False,France
479217,David Costas,8670,Real Oviedo,ESP-La Liga,3.8,38.0,1.0,0.0,5.1,0.2,0.01,0.03,0.8,0.0,0.0,1.2,0.0,0.7,0.0,6.74,0.0,4.0,0.1,1.4,0.4,1430,17,Defender,0.7647058823529412,0.4615384615384615,0.0999999999999999,0.5,0.05,72.9628537735849,14.663915094339623,40.89033018867924,64.99115566037736,41.30180522254706,True,False,Spain
1250485,Tarik Muharemovic,7943,Sassuolo,ITA-Serie A,3.1,43.3,1.0,0.0,7.4,0.3,0.01,0.04,0.9,2.0,0.09,1.6,0.2,0.9,0.0,6.95,0.0,5.0,0.6,1.4,0.2,1935,22,Defender,0.7692307692307693,0.5333333333333333,0.0715935334872979,0.2222222222222222,0.06,53.98879716981132,17.258254716981135,44.56957547169812,74.49882075471699,41.26955805895945,True,False,Bosnia and Herzegovina
664587,Lassana Coulibaly,9888,Lecce,ITA-Serie A,1.7,22.4,1.0,0.0,1.2,0.8,0.04,0.09,1.0,1.0,0.1,0.2,0.3,0.2,0.6,6.94,0.0,15.0,0.8,1.6,0.7,1736,21,Midfielder,0.6428571428571429,0.1111111111111111,0.0758928571428571,0.7,0.0533333333333333,68.45645431612412,30.128749395258826,43.72637189854171,26.471875215978987,41.22041872086909,True,False,Mali
561046,Ruben Aguilar,8588,Lens,FRA-Ligue 1,1.1,36.7,6.0,0.0,1.6,2.0,0.12,0.05,1.4,2.0,0.12,1.5,0.2,0.6,0.5,7.22,0.0,19.0,0.8,2.1,0.4,1501,20,Midfielder,0.72,0.4166666666666666,0.0299727520435967,0.2857142857142857,0.1052631578947368,23.99577545096413,62.92814810975188,50.11359198977124,42.76234967862326,41.20528002356813,True,False,France
1131217,Pierre Kalulu,9885,Juventus,ITA-Serie A,2.1,53.7,8.0,0.0,1.8,2.3,0.09,0.06,1.2,3.0,0.08,0.7,0.1,0.2,0.2,7.25,0.0,28.0,0.4,1.6,0.2,2202,25,Defender,0.6571428571428571,0.3043478260869565,0.0391061452513966,0.1666666666666666,0.0821428571428571,37.97296806966619,51.64044681733361,37.88676221577165,38.87395034211072,41.17593495926397,True,False,France
708457,Léo Pétrot,10268,Elche,ESP-La Liga,1.5,46.8,1.0,0.0,4.1,0.2,0.02,0.04,0.9,0.0,0.0,0.8,0.0,0.8,0.1,6.71,0.0,2.0,0.5,2.5,0.2,928,21,Defender,0.7857142857142856,0.2424242424242424,0.032051282051282,0.2222222222222222,0.1,29.130306603773587,28.14268867924528,59.36025943396226,69.92924528301887,41.1102984007368,True,False,France
446266,Mario Pasalic,8524,Atalanta,ITA-Serie A,3.6,53.6,4.0,0.0,1.2,1.2,0.09,0.11,1.3,3.0,0.14,0.5,0.4,0.2,0.1,6.86,0.0,26.0,0.9,1.6,0.4,1242,20,Midfielder,0.6176470588235293,0.238095238095238,0.0671641791044776,0.3076923076923077,0.0461538461538461,59.01018988872763,54.854594305066,29.4552793904209,25.2305359734605,41.09201494539285,True,False,Croatia
873827,Ander Guevara,9866,Alavés,ESP-La Liga,2.4,35.1,1.0,0.0,1.9,0.6,0.03,0.04,1.8,1.0,0.0,0.6,0.1,0.2,0.1,6.6,0.0,12.0,0.6,2.3,0.4,1945,33,Midfielder,0.6170212765957447,0.2068965517241379,0.0683760683760683,0.2222222222222222,0.0499999999999999,57.32417582417583,24.615384615384617,42.247252747252745,45.35714285714285,41.02813335761069,False,False,Spain
449283,Alessandro Deiola,8529,Cagliari,ITA-Serie A,2.1,34.4,0.0,0.0,3.3,0.3,0.03,0.03,1.6,2.0,0.0,1.2,0.3,0.7,0.0,6.87,0.0,5.0,0.6,2.4,0.2,961,12,Midfielder,0.6923076923076923,0.3333333333333333,0.0610465116279069,0.125,0.06,42.28445728799503,25.167815674891145,48.186441702951136,59.07241343562098,41.02737837030618,True,False,Italy
1249284,Jon Aramburu,8560,Real Sociedad,ESP-La Liga,1.5,32.2,0.0,0.0,3.1,0.4,0.02,0.07,2.3,0.0,0.05,1.3,0.2,0.3,0.1,7.0,0.0,7.0,0.7,3.7,0.2,1820,22,Defender,0.684931506849315,0.26,0.046583850931677,0.0869565217391304,0.0571428571428571,30.41280928191306,24.51187884442601,62.78983516483516,71.44697283848227,40.97606161610429,True,False,Venezuela
776591,Abdul Mumin,8370,Rayo Vallecano,ESP-La Liga,2.2,40.1,0.0,0.0,5.4,0.1,0.01,0.03,1.0,1.0,0.09,1.0,0.2,1.3,0.1,7.0,0.0,1.0,0.4,1.6,0.2,2020,24,Defender,0.7222222222222222,0.3846153846153846,0.054862842892768,0.2,0.1,46.70329670329671,22.010989010989007,45.5989010989011,63.96978021978023,40.96356224591501,False,False,Ghana
577911,Rolando Mandragora,8535,Fiorentina,ITA-Serie A,1.5,31.1,2.0,0.0,1.3,2.1,0.1,0.2,1.3,1.0,0.3,0.5,0.6,0.3,0.4,6.99,0.0,25.0,2.5,1.7,0.1,1793,25,Midfielder,0.6285714285714287,0.2272727272727272,0.0482315112540192,0.0769230769230769,0.084,36.96864417029512,61.81697076508397,38.180005529062136,31.136459845186263,40.94867277651517,True,False,Italy
73024,Francesco Acerbi,8636,Internazionale,ITA-Serie A,1.6,56.0,1.0,0.0,6.3,0.8,0.07,0.03,1.0,1.0,0.0,1.4,0.1,1.2,0.0,7.18,0.0,3.0,0.3,0.7,0.1,974,13,Defender,0.6774193548387096,0.6666666666666667,0.0285714285714285,0.1,0.2666666666666666,29.323203918722783,54.99551627617666,33.61371293800539,59.7190977261732,40.935209391211565,True,False,Italy
831044,Hjalmar Ekdal,8191,Burnley,ENG-Premier League,1.7,30.8,0.0,0.0,7.3,0.3,0.02,0.02,0.4,0.0,0.0,0.7,0.1,0.6,0.0,6.44,0.0,3.0,0.4,1.5,0.2,1179,15,Defender,0.8461538461538461,0.3181818181818181,0.0551948051948051,0.5,0.0999999999999999,47.84198113207547,22.71816037735849,42.08726415094339,65.16804245283019,40.91482010131037,True,False,Sweden
420568,Diego Llorente,8603,Real Betis,ESP-La Liga,3.1,49.2,0.0,0.0,5.4,0.4,0.01,0.05,0.7,0.0,0.07,1.5,0.2,0.7,0.0,7.07,0.0,6.0,0.4,1.3,0.2,2522,30,Defender,0.7999999999999999,0.5357142857142857,0.0630081300813008,0.2857142857142857,0.0666666666666666,55.516483516483525,15.31318681318681,46.76648351648351,74.49175824175825,40.87881556674484,False,False,Spain
795179,Gabriel,9825,Arsenal,ENG-Premier League,2.4,54.2,4.0,0.0,5.9,1.1,0.05,0.09,0.6,3.0,0.15,0.8,0.2,1.1,0.1,7.33,0.0,5.0,0.8,1.1,0.0,1806,21,Defender,0.76,0.4210526315789473,0.044280442804428,0.0,0.22,33.671737853341625,54.55940286128966,32.92309852097588,48.92356071601355,40.70763282333811,True,False,Brazil
1310103,Anton Kade,8406,FC Augsburg,GER-Bundesliga,0.8,20.0,2.0,0.0,1.2,1.2,0.11,0.25,1.0,0.0,0.18,0.5,0.8,0.1,0.5,6.68,0.0,16.0,1.9,1.3,0.8,1007,17,Midfielder,0.6428571428571429,0.2777777777777778,0.04,0.8,0.075,52.52358490566038,52.4941037735849,39.29834905660377,21.064268867924525,40.68523172265424,True,False,Germany
1250443,Maxime Estève,8191,Burnley,ENG-Premier League,1.4,36.1,1.0,0.0,6.6,0.6,0.03,0.02,0.4,0.0,0.0,1.3,0.0,0.9,0.1,6.46,0.0,7.0,0.3,1.3,0.1,1971,23,Defender,0.8666666666666667,0.5,0.038781163434903,0.25,0.0857142857142857,28.01297169811321,30.795990566037737,51.615566037735846,74.33667452830188,40.62254220844221,True,False,France
308517,Stanislav Lobotka,9875,Napoli,ITA-Serie A,1.5,64.2,0.0,0.0,1.2,0.9,0.05,0.02,0.5,1.0,0.06,0.5,0.2,0.1,0.3,7.18,0.0,13.0,0.3,1.1,0.2,1627,21,Midfielder,0.7619047619047619,0.3125,0.0233644859813084,0.4,0.0692307692307692,40.56180022807381,37.491637293524086,47.90752643582832,36.58707840901237,40.61488720430072,True,False,Slovakia
1134871,Maxim De Cuyper,10204,Brighton and Hove Albion,ENG-Premier League,0.8,36.2,6.0,0.0,1.7,2.2,0.18,0.14,1.1,0.0,0.16,0.7,0.5,0.1,0.6,6.7,0.0,19.0,0.9,1.4,0.3,1125,21,Defender,0.6562499999999999,0.3333333333333333,0.0220994475138121,0.2727272727272727,0.1157894736842105,24.7877358490566,78.79716981132076,46.4003537735849,30.95518867924528,40.47396265570942,True,False,Belgium
798029,Ladislav Krejci,8602,Wolverhampton Wanderers,ENG-Premier League,3.6,42.4,1.0,0.0,4.4,1.3,0.07,0.1,1.4,1.0,0.1,1.3,0.4,0.6,0.0,6.55,0.0,7.0,0.7,1.0,0.0,1799,21,Defender,0.6216216216216216,0.5652173913043479,0.0849056603773585,0.0,0.1857142857142857,46.27434515170364,48.299597415163454,24.730458221024254,48.83511731978714,40.42429458548524,True,False,Czechia
209405,Virgil van Dijk,8650,Liverpool,ENG-Premier League,4.2,69.0,0.0,0.0,7.9,0.7,0.03,0.07,0.4,0.0,0.08,0.6,0.2,0.5,0.0,7.24,0.0,8.0,0.7,0.6,0.1,2340,26,Defender,0.7499999999999999,0.5,0.0608695652173913,0.25,0.0875,51.14685707374387,30.385107816711592,31.534349298500235,55.3463223097657,40.42263340923272,True,False,Netherlands
1067763,Trai Hume,8472,Sunderland,ENG-Premier League,1.1,22.5,1.0,0.0,3.1,0.9,0.04,0.06,0.8,1.0,0.0,0.8,0.2,0.3,0.3,6.83,0.0,17.0,0.9,2.0,0.1,2133,26,Defender,0.7777777777777778,0.2857142857142857,0.0488888888888888,0.125,0.0529411764705882,24.834905660377355,33.33136792452831,62.70636792452829,61.409198113207545,40.38374915621044,True,False,Northern Ireland
719219,Konstantinos Mavropanos,8654,West Ham United,ENG-Premier League,3.5,37.0,0.0,0.0,7.3,0.3,0.02,0.06,0.5,0.0,0.0,1.5,0.2,0.7,0.1,6.72,0.0,0.0,0.7,1.3,0.0,1537,19,Defender,0.8484848484848485,0.5357142857142857,0.0945945945945946,0.0,0.0,51.10496146934827,13.823035455110928,52.50038876218122,78.04076819407008,40.38264043232941,True,False,Greece
361712,Adam Dzwigala,8152,FC St. Pauli,GER-Bundesliga,2.1,35.0,0.0,0.0,5.5,0.2,0.02,0.01,1.4,1.0,0.09,1.5,0.1,0.3,0.0,6.9,0.0,4.0,0.2,3.6,0.2,992,14,Defender,0.7846153846153846,0.2941176470588235,0.06,0.1428571428571428,0.05,42.99528301886792,12.352594339622645,65.23879716981132,88.60554245283019,40.37238931152984,True,False,Poland
521318,Manuel Akanji,8636,Internazionale,ITA-Serie A,2.6,62.1,1.0,0.0,3.4,1.1,0.05,0.06,0.9,0.0,0.05,1.2,0.1,0.4,0.1,7.16,0.0,4.0,0.7,1.5,0.0,1990,23,Defender,0.75,0.4444444444444444,0.0418679549114331,0.0,0.275,31.384913435620984,49.889971663556565,37.25837998479508,49.91274448821619,40.36155379332603,True,False,Switzerland
956622,Oscar Valentin,8370,Rayo Vallecano,ESP-La Liga,0.9,33.7,1.0,0.0,2.8,0.9,0.06,0.07,1.2,0.0,0.07,1.2,0.2,0.5,0.1,6.81,0.0,3.0,0.8,3.1,0.0,1305,20,Midfielder,0.7818181818181817,0.2790697674418604,0.0267062314540059,0.0,0.3,17.029960605432304,47.52027610754026,62.30589968207892,69.7835242587601,40.36144483538612,True,False,Spain
822789,Alberto Dossena,10171,Como,ITA-Serie A,2.0,43.8,2.0,0.0,4.3,0.4,0.02,0.04,1.1,2.0,0.0,1.1,0.2,0.5,0.0,6.73,0.0,5.0,0.6,1.6,0.2,1828,23,Defender,0.7105263157894737,0.4074074074074074,0.045662100456621,0.1818181818181818,0.08,41.7032967032967,27.64835164835165,39.89285714285714,62.43131868131868,40.34342028309842,False,False,Italy
1693531,Sascha Britschgi,10167,Parma,ITA-Serie A,0.7,20.1,3.0,0.0,1.8,1.2,0.07,0.02,0.8,2.0,0.0,0.4,0.2,0.2,0.3,6.63,0.0,14.0,0.7,1.7,0.3,1566,21,Midfielder,0.7241379310344827,0.1904761904761904,0.0348258706467661,0.3749999999999999,0.0857142857142857,30.666273584905657,51.52122641509434,46.76591981132076,37.21992924528302,40.33038136008661,True,False,Switzerland
1060604,Abner,9748,Lyon,FRA-Ligue 1,1.7,31.9,2.0,0.0,1.7,1.1,0.08,0.09,1.4,0.0,0.22,0.3,0.3,0.1,0.1,6.87,0.0,11.0,0.9,1.3,0.4,1253,15,Defender,0.5333333333333333,0.1874999999999999,0.0532915360501567,0.2857142857142857,0.1,47.22753386550556,59.057355380468586,29.442104672057507,29.14826525675582,40.29413479344322,True,False,Brazil
304345,Sead Kolasinac,8524,Atalanta,ITA-Serie A,1.1,51.5,5.0,0.0,2.5,1.5,0.07,0.04,1.8,2.0,0.0,1.2,0.1,0.3,0.4,7.12,0.0,17.0,0.5,1.9,0.1,1910,23,Defender,0.6326530612244898,0.3870967741935484,0.0213592233009708,0.0555555555555555,0.088235294117647,18.736263736263737,53.96153846153848,57.03296703296703,56.90934065934065,40.26189206535481,False,False,Bosnia and Herzegovina
1435439,Javi Rodriguez,9910,Celta de Vigo,ESP-La Liga,2.2,58.7,0.0,0.0,3.4,0.5,0.03,0.03,1.2,0.0,0.0,0.9,0.1,0.4,0.1,6.7,0.0,7.0,0.5,1.6,0.3,1494,20,Defender,0.6756756756756757,0.36,0.0374787052810902,0.25,0.0714285714285714,46.74890714631281,26.302880295804822,41.130762319441565,53.274997408252126,40.25118245473112,True,False,Spain
955406,William Saliba,9825,Arsenal,ENG-Premier League,1.9,70.4,0.0,0.0,4.2,0.8,0.04,0.02,0.7,0.0,0.0,0.5,0.0,0.2,0.1,7.08,0.0,5.0,0.1,1.2,0.2,1805,22,Defender,0.7083333333333334,0.2941176470588235,0.0269886363636363,0.2857142857142857,0.16,39.36527230631004,44.11979058677173,34.01498030271615,45.50705387379916,40.19996163271153,True,False,France
693678,Wout Faes,8197,Leicester City,ENG-Premier League,2.6,43.8,0.0,0.0,5.9,0.4,0.01,0.05,0.7,0.0,0.03,0.8,0.0,1.1,0.0,6.37,0.0,4.0,0.4,1.3,0.2,2812,34,Defender,0.7500000000000001,0.3809523809523809,0.0593607305936073,0.2857142857142857,0.1,52.46153846153848,24.164835164835164,35.387362637362635,59.07967032967033,40.10956276520444,False,False,Belgium
279820,Matteo Bianchetti,7801,Cremonese,ITA-Serie A,3.3,39.3,1.0,0.0,5.2,0.3,0.02,0.02,1.0,2.0,0.0,0.6,0.1,0.9,0.1,6.66,0.0,3.0,0.3,1.9,0.0,1568,19,Defender,0.7142857142857143,0.24,0.0839694656488549,0.0,0.0999999999999999,42.7682783018868,27.505896226415096,42.13443396226415,54.65801886792453,40.07587824597256,True,False,Italy
1189223,Patrizio Masini,10233,Genoa,ITA-Serie A,1.3,27.2,0.0,0.0,3.1,0.3,0.02,0.11,2.4,0.0,0.0,1.7,0.3,0.5,0.5,6.77,0.0,7.0,1.0,4.7,0.2,1066,21,Midfielder,0.7272727272727273,0.265625,0.0477941176470588,0.0833333333333333,0.0428571428571428,34.1484250812081,16.273446679107057,75.04628429746354,71.61830897090333,40.06066931667252,True,False,Italy
848034,Santiago Bueno,8602,Wolverhampton Wanderers,ENG-Premier League,2.1,35.3,0.0,0.0,3.6,1.0,0.06,0.09,1.0,1.0,0.12,1.0,0.2,0.6,0.0,6.65,0.0,7.0,0.2,2.1,0.0,1563,18,Defender,0.7560975609756099,0.3225806451612903,0.0594900849858357,0.0,0.1428571428571428,29.2086011472804,32.90529753265603,48.596888174718366,63.84757930748497,39.96231929574633,True,False,Uruguay
1123969,Andrea Carboni,6504,Monza,ITA-Serie A,1.8,39.9,1.0,0.0,4.3,0.2,0.01,0.01,1.2,1.0,0.0,1.1,0.0,0.7,0.2,6.6,0.0,4.0,0.3,2.5,0.2,2196,26,Defender,0.75,0.3055555555555556,0.0451127819548872,0.1666666666666666,0.05,39.50549450549451,14.554945054945057,65.8021978021978,76.73076923076923,39.93042232512634,False,False,Italy
683473,Kelvin Amian,9830,Nantes,FRA-Ligue 1,1.2,29.8,4.0,0.0,3.3,1.2,0.06,0.02,1.1,1.0,0.0,0.3,0.1,0.5,0.1,6.41,0.0,7.0,0.5,1.3,0.2,1871,21,Defender,0.5925925925925926,0.1874999999999999,0.0402684563758389,0.1818181818181818,0.1714285714285714,37.155884995507634,58.461365678346816,31.15966462782501,37.51568007464234,39.89939224684054,True,False,France
1337979,Étienne Youté Kinkoué,9746,Le Havre,FRA-Ligue 1,2.4,43.4,0.0,0.0,5.9,0.3,0.01,0.05,0.5,0.0,0.0,1.1,0.1,0.9,0.1,6.33,0.0,3.0,0.5,0.7,0.1,2320,28,Defender,0.782608695652174,0.6111111111111112,0.0552995391705069,0.2,0.0999999999999999,44.96153846153846,22.07142857142857,42.40934065934066,64.07967032967034,39.81249487515423,False,False,France
625340,Mauro Arambarri,8305,Getafe,ESP-La Liga,1.1,17.2,1.0,0.0,0.9,0.5,0.02,0.19,1.4,1.0,0.21,0.7,0.5,0.2,0.7,7.02,0.0,13.0,1.7,2.0,0.7,2130,24,Midfielder,0.6585365853658538,0.2592592592592592,0.063953488372093,0.5,0.0384615384615384,55.70030323450135,22.91319372451448,53.09504371414749,33.470566383302234,39.80840550104515,True,False,Uruguay
1013277,Toti Gomes,8602,Wolverhampton Wanderers,ENG-Premier League,2.2,46.8,0.0,0.0,5.3,0.2,0.02,0.0,0.8,0.0,0.0,0.8,0.1,0.7,0.0,0.0,0.0,5.0,0.2,1.3,0.8,953,13,Defender,0.7241379310344827,0.3809523809523809,0.047008547008547,1.0,0.04,66.9038245559472,16.090106434446056,38.869129691063655,58.397198320547375,39.80655732552188,True,False,Portugal
445856,Wesley Said,8588,Lens,FRA-Ligue 1,1.3,25.4,8.0,0.0,0.9,3.2,0.19,0.44,1.7,2.0,0.58,0.5,1.2,0.0,0.5,7.32,0.0,20.0,2.4,0.9,1.2,1546,22,Midfielder,0.4516129032258065,0.3571428571428571,0.0511811023622047,0.7058823529411765,0.16,56.52929970972424,77.46493365125441,33.5663617043334,12.544448476052247,39.73056598522004,True,False,France
877401,Calvin Bassey,9879,Fulham,ENG-Premier League,1.9,54.9,0.0,0.0,4.2,0.2,0.01,0.06,0.9,0.0,0.06,0.8,0.1,0.9,0.1,6.54,0.0,4.0,0.4,2.1,0.4,1452,18,Defender,0.7631578947368421,0.2758620689655172,0.0346083788706739,0.4444444444444445,0.05,51.126995645863566,16.754449167185015,49.35404139885272,60.614373833713465,39.67102533746349,True,False,Nigeria
1137407,Malick Thiaw,10261,Newcastle United,ENG-Premier League,2.6,47.0,1.0,0.0,6.2,0.7,0.03,0.12,0.6,0.0,0.19,0.9,0.4,0.9,0.0,7.1,0.0,5.0,1.0,1.2,0.2,1938,23,Defender,0.7777777777777778,0.4285714285714285,0.0553191489361702,0.3333333333333333,0.1399999999999999,49.9124421176308,31.521908908701363,30.06833575229801,52.74291156956252,39.63473338776815,True,False,Germany
424129,Leander Dendoncker,8670,Real Oviedo,ESP-La Liga,0.9,32.4,0.0,0.0,2.3,0.5,0.03,0.05,0.8,0.0,0.07,0.8,0.3,0.5,0.1,6.68,0.0,6.0,0.6,2.5,0.3,1318,18,Midfielder,0.8048780487804879,0.2424242424242424,0.0277777777777777,0.3749999999999999,0.0833333333333333,29.77004716981132,24.4752358490566,60.92275943396226,64.71108490566039,39.60100484048719,True,False,Belgium
1112072,Jon Pacheco,9866,Alavés,ESP-La Liga,3.0,43.2,1.0,0.0,5.4,0.2,0.01,0.02,0.6,0.0,0.0,0.7,0.1,1.1,0.1,6.87,0.0,5.0,0.2,2.0,0.1,1500,18,Defender,0.8181818181818181,0.2592592592592592,0.0694444444444444,0.1666666666666666,0.04,47.90389150943396,14.658018867924527,54.90566037735848,68.18985849056602,39.562005164611314,True,False,Spain
1200657,Yerson Mosquera,8602,Wolverhampton Wanderers,ENG-Premier League,1.0,27.4,1.0,0.0,4.5,0.4,0.02,0.09,1.3,0.0,0.0,1.0,0.3,0.6,0.0,6.71,0.0,8.0,1.1,2.7,0.4,1411,18,Defender,0.74,0.2702702702702702,0.0364963503649635,0.3076923076923077,0.05,35.135613207547166,21.079009433962263,53.08962264150944,71.44752358490565,39.51269539600479,True,False,Colombia
592102,Moussa Niakhaté,9748,Lyon,FRA-Ligue 1,2.6,63.0,3.0,0.0,5.9,1.5,0.08,0.01,1.4,2.0,0.0,0.7,0.0,0.6,0.1,7.16,0.0,9.0,0.2,1.3,0.2,1678,20,Defender,0.5882352941176471,0.35,0.0412698412698412,0.1428571428571428,0.1666666666666666,37.00026349436727,59.25273861358768,26.209499619876976,43.86665025226346,39.50755276985021,True,False,Senegal
656491,Rasmus Nicolaisen,9941,Toulouse,FRA-Ligue 1,1.8,36.9,0.0,0.0,5.7,0.4,0.02,0.03,1.3,0.0,0.0,1.6,0.2,0.5,0.2,6.77,0.0,1.0,0.6,0.9,0.2,1668,22,Defender,0.6578947368421053,0.64,0.048780487804878,0.1538461538461538,0.4,36.48290094339623,36.8691037735849,36.10554245283019,54.068396226415096,39.47068109379387,True,False,Denmark
789502,Morgan Gibbs-White,10203,Nottingham Forest,ENG-Premier League,1.1,30.1,3.0,0.0,1.0,2.0,0.08,0.27,0.8,2.0,0.24,0.4,0.7,0.1,0.5,6.94,0.0,36.0,2.2,0.6,0.7,2215,26,Midfielder,0.5555555555555556,0.4,0.0365448504983388,0.8749999999999999,0.0555555555555555,58.436739753956736,60.39536249913609,33.57198579722165,15.7487127652222,39.46389633508455,True,False,England
178753,Nemanja Gudelj,8302,Sevilla,ESP-La Liga,2.2,37.6,0.0,0.0,4.9,0.3,0.02,0.04,1.8,0.0,0.06,0.8,0.3,0.7,0.1,6.64,0.0,2.0,1.0,1.7,0.3,1410,20,Midfielder,0.5813953488372093,0.32,0.0585106382978723,0.1666666666666666,0.15,44.20755148939112,30.35862015343148,37.10114296081277,49.73371950376667,39.43632671061077,True,False,Serbia
1323305,Archie Gray,8586,Tottenham Hotspur,ENG-Premier League,1.5,28.6,1.0,0.0,2.8,0.5,0.04,0.12,1.0,0.0,0.19,1.1,0.4,0.3,0.2,6.56,0.0,4.0,0.7,0.9,0.5,933,16,Midfielder,0.6666666666666666,0.55,0.0524475524475524,0.5,0.125,52.80415025226347,31.49880779597761,32.93410912986385,40.618930990393245,39.13191707176081,True,False,England
922877,Logan Costa,10205,Villarreal,ESP-La Liga,3.7,46.9,0.0,0.0,3.8,0.5,0.02,0.02,0.7,1.0,0.07,0.7,0.2,0.5,0.0,6.85,0.0,4.0,0.4,1.3,0.0,2585,32,Defender,0.7407407407407407,0.35,0.0788912579957356,0.0,0.125,44.71153846153846,31.879120879120887,32.67307692307692,51.84065934065935,39.127678404920246,False,False,Cape Verde
1073742,Julio Enciso,9848,Strasbourg,FRA-Ligue 1,0.5,27.6,2.0,0.0,0.6,2.4,0.21,0.32,0.7,2.0,0.09,0.2,1.0,0.0,0.9,6.92,0.0,12.0,2.8,1.0,2.6,1057,15,Midfielder,0.631578947368421,0.1666666666666666,0.0181159420289855,3.714285714285715,0.1999999999999999,58.42330154122607,69.37138883129448,37.53640541848089,10.900200428502314,39.027523419810045,True,False,Paraguay
184521,Florian Lejeune,8370,Rayo Vallecano,ESP-La Liga,4.1,53.6,1.0,0.0,5.7,0.3,0.01,0.05,1.6,0.0,0.0,1.2,0.3,0.8,0.0,7.0,0.0,9.0,1.3,1.7,0.2,2061,23,Defender,0.6444444444444444,0.4137931034482758,0.0764925373134328,0.125,0.0333333333333333,53.7190502107955,24.712704748082107,31.404463853756308,55.88518988872763,38.99202226245338,True,False,France
1327298,Saël Kumbedi,8721,VfL Wolfsburg,GER-Bundesliga,0.8,27.8,4.0,0.0,3.3,1.4,0.11,0.01,1.4,5.0,0.0,0.8,0.0,0.3,0.1,6.56,0.0,10.0,0.3,2.3,0.8,1075,15,Defender,0.6888888888888888,0.2580645161290323,0.0287769784172661,0.5714285714285715,0.1399999999999999,32.16401444467483,57.17889107747598,33.68080897090331,38.674299364157854,38.98074419419961,True,False,France
766611,Nikola Milenkovic,10203,Nottingham Forest,ENG-Premier League,2.3,36.1,1.0,0.0,5.8,0.4,0.02,0.03,0.5,0.0,0.0,0.9,0.0,0.9,0.0,6.68,0.0,1.0,0.5,0.7,0.0,2340,26,Defender,0.7619047619047619,0.5625,0.0637119113573407,0.0,0.4,36.8874317506393,35.370127513995435,34.049994816504245,55.87814897366784,38.87768054166728,True,False,Serbia
1173779,Tim Siersleben,94937,1. FC Heidenheim 1846,GER-Bundesliga,3.3,37.9,0.0,0.0,6.4,0.4,0.03,0.04,1.1,0.0,0.0,1.6,0.3,0.7,0.2,6.52,0.0,2.0,0.4,1.9,0.0,1006,13,Defender,0.7608695652173914,0.4571428571428572,0.0870712401055408,0.0,0.2,30.648684255995576,34.52720471352547,44.17019576335614,54.623591816988046,38.834908594077305,True,False,Germany
588687,Gianluca Mancini,8686,Roma,ITA-Serie A,2.1,42.7,4.0,0.0,3.9,1.0,0.04,0.05,2.3,2.0,0.0,1.6,0.2,0.4,0.1,7.25,0.0,15.0,0.5,1.8,0.1,2137,24,Defender,0.5964912280701755,0.4705882352941176,0.0491803278688524,0.0434782608695652,0.0666666666666666,33.20056240928883,36.99305411569562,37.84313877945953,53.70311096136568,38.80345137475831,True,False,Italy
604088,Thilo Kehrer,9829,Monaco,FRA-Ligue 1,2.7,53.2,0.0,0.0,3.1,0.2,0.02,0.1,1.2,0.0,0.0,1.4,0.1,1.0,0.0,6.81,0.0,3.0,0.9,2.2,0.1,1378,16,Defender,0.75,0.3888888888888888,0.0507518796992481,0.0833333333333333,0.0666666666666666,38.14350939940562,18.427353307070288,51.01735175202156,71.26170606123436,38.75186922949134,True,False,Germany
846000,Maxence Caqueret,10171,Como,ITA-Serie A,0.4,51.8,2.0,0.0,0.3,1.4,0.14,0.1,1.3,4.0,0.1,0.7,0.3,0.3,0.4,6.91,0.0,18.0,1.2,2.5,1.2,939,20,Midfielder,0.7111111111111111,0.2187499999999999,0.0077220077220077,0.923076923076923,0.0777777777777777,34.61684463335407,48.223080378740754,44.37066746146935,29.30912640818301,38.70566612542351,True,False,France
1047671,Vini Souza,8721,VfL Wolfsburg,GER-Bundesliga,0.9,26.2,0.0,0.0,5.2,0.4,0.03,0.01,2.0,0.0,0.0,1.3,0.1,0.9,0.2,6.65,0.0,3.0,0.3,2.7,0.2,914,14,Midfielder,0.6666666666666666,0.325,0.0343511450381679,0.1,0.1333333333333333,19.672759433962263,34.180424528301884,59.9941037735849,71.55070754716981,38.641491090177134,True,False,Brazil
1422593,Joshua King,9879,Fulham,ENG-Premier League,0.2,18.4,0.0,0.0,1.1,0.4,0.04,0.13,0.8,1.0,0.0,0.2,0.7,0.2,0.3,6.45,0.0,8.0,1.8,2.0,1.1,919,21,Midfielder,0.7333333333333334,0.0909090909090909,0.0108695652173913,1.375,0.05,50.32724056603774,21.650943396226417,52.34080188679245,36.689268867924525,38.6391928997665,True,False,England
593118,Denzel Dumfries,8636,Internazionale,ITA-Serie A,0.8,22.1,6.0,0.0,1.0,2.8,0.13,0.24,2.5,2.0,0.32,0.3,0.9,0.4,0.6,7.01,0.0,21.0,1.7,1.2,0.6,1951,29,Midfielder,0.375,0.1999999999999999,0.0361990950226244,0.24,0.1333333333333333,38.73351648351648,75.95054945054946,36.38736263736264,17.774725274725277,38.615088296513065,False,False,Netherlands
261609,Dimitri Foulquier,10267,Valencia CF,ESP-La Liga,1.4,34.4,0.0,0.0,3.1,0.3,0.02,0.04,1.3,0.0,0.0,0.6,0.1,0.1,0.2,6.53,0.0,6.0,0.5,1.2,0.8,1148,15,Defender,0.5806451612903226,0.3333333333333333,0.0406976744186046,0.6153846153846154,0.0499999999999999,50.69795770267468,31.089017900338657,34.86543645034211,37.68960795493815,38.50277138768895,True,False,Guadeloupe
1012842,Gianluca Gaetano,8529,Cagliari,ITA-Serie A,2.8,37.0,2.0,0.0,1.2,1.0,0.09,0.1,1.5,3.0,0.17,0.7,0.7,0.0,0.1,6.77,0.0,19.0,1.7,1.0,0.8,1086,23,Midfielder,0.53125,0.4117647058823529,0.0756756756756756,0.5333333333333333,0.0526315789473684,75.705028854793,55.7270198355104,22.61376045338309,16.970829877669498,38.440381243861566,True,False,Italy
974268,Daniel Ballard,8472,Sunderland,ENG-Premier League,2.4,38.9,3.0,0.0,7.7,0.5,0.03,0.12,1.1,0.0,0.11,0.8,0.5,0.8,0.1,6.99,0.0,10.0,1.2,1.5,0.1,1673,22,Defender,0.676470588235294,0.3478260869565218,0.0616966580976863,0.0909090909090909,0.05,40.12382075471698,32.27004716981132,33.61438679245283,52.520636792452834,38.363469730396616,True,False,Northern Ireland
1095432,Charles De Ketelaere,8524,Atalanta,ITA-Serie A,1.6,31.4,12.0,0.0,0.3,6.5,0.38,0.16,0.9,3.0,0.17,0.1,0.8,0.1,0.8,7.12,0.0,45.0,2.0,0.9,2.4,1547,21,Midfielder,0.5263157894736842,0.1,0.0509554140127388,2.6666666666666665,0.1444444444444444,73.93086944502038,90.7462851613795,32.0036154882853,6.124775381850853,38.35506757017351,True,False,Belgium
1641063,Noahkai Banks,8406,FC Augsburg,GER-Bundesliga,2.8,42.0,0.0,0.0,4.8,0.3,0.02,0.06,1.4,0.0,0.06,0.8,0.3,0.8,0.1,6.91,0.0,5.0,0.4,2.4,0.2,1388,18,Defender,0.6956521739130436,0.25,0.0666666666666666,0.1428571428571428,0.06,49.428066037735846,14.946933962264152,49.09492924528301,61.217570754716974,38.19130446294698,True,False,USA
411617,Aymeric Laporte,8315,Athletic Club,ESP-La Liga,3.3,50.3,1.0,0.0,6.2,0.2,0.01,0.03,0.3,1.0,0.0,1.1,0.1,1.0,0.0,6.89,0.0,3.0,0.5,0.9,0.1,1040,13,Defender,0.8695652173913044,0.55,0.0656063618290258,0.3333333333333333,0.0666666666666666,53.63207547169811,16.39740566037736,38.5377358490566,65.24174528301887,38.185442647722894,True,False,Spain
195416,Antonio Caracciolo,6479,Pisa,ITA-Serie A,1.8,29.7,0.0,0.0,6.2,0.1,0.0,0.03,1.1,0.0,0.0,1.4,0.1,0.8,0.0,6.58,0.0,1.0,0.6,1.9,0.1,1995,23,Defender,0.7499999999999999,0.4242424242424242,0.0606060606060606,0.0909090909090909,0.1,34.419221698113205,19.074292452830186,49.64622641509434,75.64858490566037,38.09641820325417,True,False,Italy
917802,Wesley Fofana,8455,Chelsea,ENG-Premier League,1.8,59.3,1.0,0.0,7.4,0.5,0.05,0.02,1.2,1.0,0.0,2.1,0.0,1.2,0.1,7.08,0.0,1.0,0.2,1.3,0.7,954,15,Defender,0.7391304347826086,0.6176470588235293,0.0303541315345699,0.5833333333333334,0.5,38.176199979266016,37.07917789757413,32.1674441910291,48.53082452139056,38.09587966654188,True,False,France
707970,Djibril Sow,8302,Sevilla,ESP-La Liga,1.4,33.8,1.0,0.0,0.5,0.9,0.06,0.07,1.7,0.0,0.21,1.0,0.3,0.1,0.1,6.61,0.0,13.0,0.9,1.7,0.3,1309,20,Midfielder,0.6136363636363636,0.3703703703703703,0.0414201183431952,0.1764705882352941,0.0692307692307692,36.732168774621606,38.62647729628862,41.30371829428433,35.49705404658235,38.04267059997004,True,False,Switzerland
1096400,Levi Colwill,8455,Chelsea,ENG-Premier League,2.5,66.5,2.0,0.0,3.3,1.2,0.03,0.05,1.3,1.0,0.06,0.9,0.1,0.7,0.1,7.02,0.0,15.0,0.5,1.3,0.2,3149,35,Defender,0.6285714285714287,0.409090909090909,0.037593984962406,0.1538461538461538,0.08,41.38461538461539,36.65934065934066,31.013736263736263,45.10989010989013,38.004998138236,False,False,England
1362622,Junior Mwanga,9830,Nantes,FRA-Ligue 1,2.1,0.0,2.0,0.0,0.0,0.0,0.0,0.07,1.2,1.0,0.06,0.7,0.2,0.0,0.0,0.0,0.0,0.0,0.6,2.1,0.0,1476,18,Midfielder,0.7,0.25,0.0,0.0,0.0,35.866317644619535,29.415820029027586,48.80479386965235,41.67785437832608,37.98813462048978,True,False,France
787242,Evan N'Dicka,8686,Roma,ITA-Serie A,3.3,50.6,1.0,0.0,4.1,0.8,0.04,0.05,1.3,0.0,0.0,1.4,0.0,0.5,0.1,7.12,0.0,5.0,0.6,0.9,0.2,1746,20,Defender,0.638888888888889,0.6086956521739131,0.0652173913043478,0.1538461538461538,0.16,43.75717482203331,38.1248012993296,27.49057899647522,45.76642304236643,37.97712161117979,True,False,Ivory Coast
820140,Ibrahima Konaté,8650,Liverpool,ENG-Premier League,2.0,56.6,2.0,0.0,6.1,0.8,0.04,0.04,1.1,0.0,0.04,0.8,0.1,0.8,0.0,7.18,0.0,6.0,0.4,1.6,0.2,2151,25,Defender,0.6857142857142857,0.3333333333333333,0.0353356890459364,0.1818181818181818,0.1333333333333333,31.732916061925494,44.49559402861289,31.459525537355727,50.734738924597416,37.84699259790762,True,False,France
1137670,Willian Pacho,9847,Paris Saint-Germain,FRA-Ligue 1,1.1,71.9,0.0,0.0,2.9,0.4,0.03,0.06,0.3,0.0,0.0,1.3,0.0,0.6,0.1,7.13,0.0,2.0,0.5,2.2,0.0,1285,16,Defender,0.9210526315789476,0.3714285714285714,0.015299026425591,0.0,0.2,13.981637466307276,37.98874317506394,66.99733913884857,81.93489097380608,37.82590323048348,True,False,Ecuador
924485,Mark McKenzie,9941,Toulouse,FRA-Ligue 1,1.6,36.8,2.0,0.0,4.0,0.8,0.04,0.02,1.2,2.0,0.0,0.7,0.1,0.5,0.1,6.92,0.0,11.0,0.3,1.8,0.2,1637,20,Defender,0.6756756756756757,0.2799999999999999,0.0434782608695652,0.1666666666666666,0.0727272727272727,35.08419724929159,29.55290621328357,40.53217654986522,52.84859008915612,37.82162415727833,True,False,USA
1098607,Jake O'Brien,8668,Everton,ENG-Premier League,1.4,24.7,0.0,0.0,4.3,0.7,0.03,0.04,0.6,1.0,0.0,0.4,0.1,0.6,0.2,6.79,0.0,12.0,0.4,1.6,0.2,2189,26,Defender,0.7692307692307692,0.2,0.0566801619433198,0.3333333333333333,0.0583333333333333,44.35998514064551,21.92534902204714,43.30688454627134,49.45376753749395,37.78445467357445,True,False,Ireland
750031,Pol Lozano,8558,Espanyol,ESP-La Liga,1.7,34.2,0.0,0.0,0.9,1.4,0.08,0.02,2.6,0.0,0.06,1.0,0.2,0.2,0.3,6.46,0.0,17.0,0.6,1.5,0.1,1575,22,Midfielder,0.4901960784313726,0.4,0.0497076023391812,0.0384615384615384,0.0823529411764705,34.68683046513235,39.01298465685259,43.49238458082798,34.54056949339968,37.76773004508376,True,False,Spain
1605748,Matias Moreno,8581,Levante,ESP-La Liga,1.9,35.3,0.0,0.0,5.5,0.2,0.01,0.04,0.9,0.0,0.0,1.5,0.0,0.9,0.0,6.8,0.0,2.0,0.4,1.5,0.1,1221,16,Defender,0.7692307692307693,0.5,0.0538243626062322,0.1111111111111111,0.1,34.10082547169811,20.87853773584905,45.940448113207545,72.2877358490566,37.76732439190138,True,False,Argentina
954962,David Carmo,8670,Real Oviedo,ESP-La Liga,5.2,45.0,0.0,0.0,7.9,0.4,0.02,0.06,1.3,0.0,0.07,1.1,0.2,1.0,0.1,6.71,0.0,6.0,0.6,1.6,0.1,1362,17,Defender,0.675,0.4074074074074074,0.1155555555555555,0.0769230769230769,0.0666666666666666,51.4622641509434,17.25825471698113,39.07724056603774,60.5247641509434,37.76273829298931,True,False,Angola
496042,Yerry Mina,8529,Cagliari,ITA-Serie A,1.9,43.7,0.0,0.0,6.3,0.2,0.02,0.04,1.4,0.0,0.07,0.8,0.1,0.9,0.1,6.8,0.0,1.0,0.3,1.4,0.1,1303,16,Defender,0.6111111111111112,0.3636363636363636,0.0434782608695652,0.0714285714285714,0.2,31.109782120395327,37.324841039463685,35.48633716912018,55.37085752298017,37.76070778506364,True,False,Colombia
477588,Álex Moreno,7732,Girona,ESP-La Liga,0.6,31.3,5.0,0.0,3.7,1.6,0.08,0.07,1.1,3.0,0.0,1.0,0.2,0.3,0.3,6.85,0.0,11.0,0.7,1.2,1.4,1845,21,Defender,0.6666666666666666,0.4545454545454545,0.0191693290734824,1.2727272727272725,0.1454545454545454,37.4627565830396,59.05665560854239,28.411547964614005,31.058340244661,37.73171141676231,True,False,Spain
866516,Teun Koopmeiners,9885,Juventus,ITA-Serie A,2.0,55.2,0.0,0.0,2.1,1.1,0.07,0.07,1.7,0.0,0.0,1.2,0.3,0.4,0.3,6.83,0.0,16.0,1.4,1.5,0.1,1354,22,Midfielder,0.6136363636363636,0.4444444444444444,0.036231884057971,0.0588235294117647,0.06875,30.395686467620425,46.19459706959707,41.18921055359735,35.9890541848089,37.663557291691816,True,False,Netherlands
675023,Danel Sinani,8152,FC St. Pauli,GER-Bundesliga,1.1,33.8,3.0,0.0,0.5,3.3,0.24,0.31,1.7,2.0,0.3,0.5,0.9,0.0,0.7,6.92,0.0,27.0,2.6,1.2,0.6,1216,19,Midfielder,0.5,0.2941176470588235,0.0325443786982248,0.3529411764705882,0.1222222222222222,44.69276988734536,78.56336823553805,36.14448562443845,12.14771667012233,37.60846847299895,True,False,Luxembourg
469700,Jonathan Tah,9823,Bayern München,GER-Bundesliga,1.9,79.8,1.0,0.0,4.9,0.9,0.05,0.04,1.2,1.0,0.11,1.2,0.3,0.7,0.0,7.38,0.0,5.0,0.5,1.1,0.1,1573,19,Defender,0.6571428571428571,0.5217391304347826,0.0238095238095238,0.0833333333333333,0.18,27.975650528716567,50.85235676273411,30.086992017416545,53.02156766189785,37.59213875881291,True,False,Germany
784448,Thibault De Smet,6379,Paris FC,FRA-Ligue 1,1.4,39.3,1.0,0.0,3.2,0.4,0.04,0.02,1.0,1.0,0.0,0.5,0.0,0.2,0.3,6.52,0.0,4.0,0.4,1.8,0.2,946,14,Defender,0.6969696969696969,0.2173913043478261,0.0356234096692111,0.2,0.1,28.91804245283019,35.48349056603774,47.32900943396226,44.64917452830189,37.549295375004725,True,False,Belgium
935380,Enrico Del Prato,10167,Parma,ITA-Serie A,1.7,32.6,1.0,0.0,3.6,0.6,0.03,0.08,0.7,0.0,0.04,0.9,0.3,0.6,0.0,6.73,0.0,4.0,0.6,1.2,0.1,2033,24,Defender,0.7500000000000001,0.4285714285714285,0.0521472392638036,0.1428571428571428,0.15,35.07008086253369,38.682450411224,31.96598762872348,48.787731529476815,37.51402654329281,True,False,Italy
611223,Benjamin Pavard,8592,Marseille,FRA-Ligue 1,1.8,56.9,3.0,0.0,3.0,0.7,0.05,0.04,0.7,2.0,0.07,1.0,0.2,0.6,0.2,6.88,0.0,8.0,0.5,1.1,0.0,1201,17,Defender,0.7500000000000001,0.4761904761904761,0.031634446397188,0.0,0.0875,22.53247028129104,45.96030306171816,43.96394014790241,51.04510073260074,37.48032326989724,True,False,France
846392,Montassar Talbi,8689,Lorient,FRA-Ligue 1,2.0,44.5,0.0,0.0,6.1,0.4,0.02,0.02,0.1,1.0,0.0,0.9,0.1,0.8,0.0,6.91,0.0,5.0,0.4,0.7,0.1,1890,21,Defender,0.9411764705882352,0.5625,0.0449438202247191,1.0,0.08,49.03891509433962,19.63443396226416,35.250589622641506,60.18573113207548,37.42029070136049,True,False,Tunisia
710159,Ezri Konsa,10252,Aston Villa,ENG-Premier League,1.4,58.3,1.0,0.0,3.7,0.5,0.02,0.04,0.4,0.0,0.0,0.6,0.1,0.8,0.1,6.88,0.0,4.0,0.3,0.6,0.3,2226,25,Defender,0.7499999999999999,0.5,0.0240137221269296,0.7499999999999999,0.125,39.1093026470385,33.85976052249637,33.92911569562512,44.84749723546893,37.41930954551364,True,False,England
1178332,Ismaël Doukouré,9848,Strasbourg,FRA-Ligue 1,1.4,55.7,2.0,0.0,2.3,0.4,0.03,0.03,0.8,1.0,0.0,1.1,0.1,0.5,0.2,6.63,0.0,5.0,0.3,1.0,0.4,1310,16,Defender,0.7241379310344827,0.5238095238095238,0.0251346499102333,0.5,0.08,40.609168740064966,28.98379293662312,36.718518902481165,46.54593441150045,37.404484509127904,True,False,France
628201,Robin Koch,9810,Eintracht Frankfurt,GER-Bundesliga,3.2,59.8,0.0,0.0,6.9,0.7,0.03,0.06,1.0,0.0,0.14,1.4,0.2,0.8,0.0,6.82,0.0,6.0,0.6,1.2,0.1,1952,22,Defender,0.7222222222222222,0.5384615384615385,0.0535117056856187,0.1,0.1166666666666666,39.67096896813878,29.063739719400093,30.666943119773308,58.80580897090331,37.23328752246155,True,False,Germany
562892,Rico Henry,9937,Brentford,ENG-Premier League,1.2,22.8,0.0,0.0,2.6,0.5,0.04,0.01,1.0,0.0,0.0,0.6,0.0,0.4,0.2,6.51,0.0,2.0,0.4,1.0,0.9,1127,22,Defender,0.6153846153846154,0.3749999999999999,0.0526315789473684,0.9,0.25,63.94752358490565,42.10495283018868,23.331367924528305,25.44221698113208,37.23286507462701,True,False,Jamaica
1532137,Pau Cubarsi,8634,Barcelona,ESP-La Liga,2.0,84.1,1.0,0.0,3.8,0.5,0.03,0.03,0.9,0.0,0.05,1.0,0.1,0.5,0.0,7.25,0.0,4.0,0.5,1.5,0.1,1746,20,Defender,0.7352941176470589,0.4,0.0237812128418549,0.1111111111111111,0.125,32.28650476881609,40.64353963646417,31.96933530306172,49.99062651185293,37.23190931540445,True,False,Spain
671203,Mario Hermoso,8686,Roma,ITA-Serie A,2.8,51.5,0.0,0.0,3.3,0.4,0.03,0.04,1.9,0.0,0.07,1.6,0.2,0.2,0.3,7.1,0.0,8.0,0.6,1.4,0.2,1298,17,Defender,0.6122448979591836,0.5333333333333333,0.0543689320388349,0.1052631578947368,0.05,44.62264150943396,19.19221698113208,44.75235849056604,51.48879716981132,37.21297576909984,True,False,Spain
195750,Nicolás Tagliafico,9748,Lyon,FRA-Ligue 1,1.1,41.7,3.0,0.0,2.3,0.7,0.06,0.12,2.4,3.0,0.0,1.4,0.1,0.3,0.1,6.92,0.0,9.0,1.1,1.8,0.2,977,14,Defender,0.5714285714285715,0.4374999999999999,0.026378896882494,0.0833333333333333,0.0777777777777777,17.830305307899646,47.24002177068215,49.70495542193655,57.40764738406248,37.13804415328288,True,False,Argentina
794253,Justin Kluivert,8678,Bournemouth,ENG-Premier League,1.2,26.5,3.0,0.0,0.2,1.5,0.15,0.22,1.5,0.0,0.2,0.4,0.4,0.1,1.0,6.59,0.0,21.0,1.6,1.0,1.1,920,18,Midfielder,0.4827586206896551,0.2857142857142857,0.0452830188679245,0.7333333333333334,0.0714285714285714,61.42707253438385,63.657958393807455,34.79444415647246,9.64041658027507,37.125110756495296,True,False,Netherlands
880095,James Sands,8152,FC St. Pauli,GER-Bundesliga,1.0,31.8,2.0,0.0,1.5,0.7,0.04,0.05,1.2,0.0,0.05,2.0,0.2,0.3,0.2,6.88,0.0,9.0,0.8,2.0,0.1,1760,21,Midfielder,0.7692307692307692,0.5,0.0314465408805031,0.0833333333333333,0.0777777777777777,15.380306603773583,36.62735849056604,66.54775943396226,67.68867924528303,37.06188168112065,True,False,USA
1134467,Yuito Suzuki,8358,Sport-Club Freiburg,GER-Bundesliga,1.1,16.8,1.0,0.0,0.8,1.3,0.11,0.24,1.0,2.0,0.25,0.4,0.9,0.0,0.5,6.78,0.0,16.0,2.4,1.1,1.0,1066,17,Midfielder,0.6,0.2666666666666666,0.0654761904761904,1.0,0.08125,68.49646226415095,50.53655660377358,32.64445754716981,11.689268867924527,37.0349436269232,True,False,Japan
771294,Ismaila Sarr,9826,Crystal Palace,ENG-Premier League,0.3,14.2,3.0,0.0,1.4,0.6,0.04,0.41,0.6,1.0,0.33,0.5,0.7,0.1,0.5,6.94,0.0,14.0,1.8,0.7,0.5,1370,16,Midfielder,0.6666666666666667,0.4166666666666667,0.0211267605633802,0.8333333333333334,0.0428571428571428,41.42604879397332,55.14592404450895,34.610667634252536,20.70733119082176,37.032900510501904,True,False,Senegal
617310,Nayef Aguerd,8592,Marseille,FRA-Ligue 1,1.8,81.1,1.0,0.0,4.3,0.3,0.02,0.03,1.3,0.0,0.07,1.4,0.1,0.7,0.1,7.33,0.0,3.0,0.4,1.4,0.1,1219,14,Defender,0.6829268292682927,0.5,0.0221948212083847,0.0769230769230769,0.0999999999999999,36.5425392217845,23.994773308452555,39.99698493330569,58.97474773654019,37.02617175041076,True,False,Morocco
750880,Ardian Ismajli,9804,Torino,ITA-Serie A,2.3,37.6,1.0,0.0,6.5,0.3,0.02,0.02,1.3,1.0,0.0,1.5,0.2,0.8,0.0,6.9,0.0,4.0,0.4,1.8,0.1,1142,16,Defender,0.717391304347826,0.4545454545454546,0.0611702127659574,0.0769230769230769,0.075,37.729192584145416,16.915007948026815,45.40713335406732,73.9198242794941,36.99171882278674,True,False,Albania
421365,Djené,8305,Getafe,ESP-La Liga,1.9,23.7,0.0,0.0,5.4,0.1,0.01,0.01,0.9,0.0,0.0,0.8,0.0,0.4,0.1,6.78,0.0,1.0,0.2,1.3,0.4,1754,23,Defender,0.7000000000000001,0.3809523809523809,0.080168776371308,0.4444444444444445,0.1,55.99611237818785,22.96014755684567,31.413297394429467,44.15610529407699,36.98005605674355,True,False,Togo
1643851,Karim Coulibaly,8697,SV Werder Bremen,GER-Bundesliga,2.8,54.6,0.0,0.0,4.9,0.4,0.02,0.03,0.8,0.0,0.05,1.0,0.1,0.8,0.1,6.47,0.0,6.0,0.3,1.2,0.3,1733,21,Defender,0.7333333333333334,0.4545454545454545,0.0512820512820512,0.3749999999999999,0.0666666666666666,55.3066037735849,17.25825471698113,36.29716981132076,53.56721698113207,36.9683717983997,True,False,Germany
839232,Fernando Calero,8558,Espanyol,ESP-La Liga,3.4,48.4,1.0,0.0,5.7,0.1,0.01,0.1,0.4,0.0,0.0,1.3,0.1,1.5,0.0,6.79,0.0,3.0,0.5,1.2,0.1,1495,19,Defender,0.8620689655172414,0.52,0.0702479338842975,0.25,0.0333333333333333,51.92216981132076,12.081367924528305,44.46344339622641,71.02004716981132,36.93276665152451,True,False,Spain
1188375,Natan,8603,Real Betis,ESP-La Liga,2.0,39.3,0.0,0.0,7.8,0.1,0.0,0.01,0.7,0.0,0.0,1.2,0.0,0.6,0.1,6.8,0.0,5.0,0.4,1.0,0.1,1897,22,Defender,0.7586206896551724,0.5454545454545454,0.0508905852417302,0.1428571428571428,0.02,37.26914005805515,21.11612758310872,40.537856797290765,64.53441409219711,36.85376407186775,True,False,Brazil
1025462,Fabio Vieira,9790,Hamburger SV,GER-Bundesliga,2.7,30.5,4.0,0.0,0.9,2.3,0.18,0.23,0.9,4.0,0.16,0.5,0.5,0.2,0.2,7.12,0.0,23.0,2.5,0.7,1.2,1153,16,Midfielder,0.5714285714285714,0.4166666666666667,0.0885245901639344,1.3333333333333333,0.0999999999999999,88.54658018867926,73.37264150943396,18.29009433962264,10.00884433962264,36.82695828168293,True,False,Portugal
1161211,Fabian Rieder,8406,FC Augsburg,GER-Bundesliga,1.1,19.2,3.0,0.0,0.3,2.2,0.15,0.19,1.8,2.0,0.2,0.5,0.5,0.1,0.6,6.71,0.0,18.0,1.8,1.1,0.9,1330,20,Midfielder,0.4705882352941176,0.3125,0.0572916666666666,0.5,0.1222222222222222,59.3307783018868,73.40801886792454,33.05719339622641,8.682193396226415,36.80969977234562,True,False,Switzerland
1386006,Daniele Ghilardi,9876,Verona,ITA-Serie A,1.9,27.4,0.0,0.0,4.5,0.4,0.02,0.03,1.5,0.0,0.0,1.3,0.2,0.7,0.0,6.72,0.0,6.0,0.5,1.9,0.1,2031,24,Defender,0.6808510638297872,0.40625,0.0693430656934306,0.0666666666666666,0.0666666666666666,40.2967032967033,17.423076923076923,43.23351648351648,66.75824175824175,36.78901728947814,False,False,Italy
355358,Christian Günter,8358,Sport-Club Freiburg,GER-Bundesliga,1.7,24.5,1.0,0.0,1.9,1.8,0.18,0.03,0.6,2.0,0.0,0.5,0.0,0.3,0.3,6.36,0.0,14.0,0.7,0.8,0.0,909,15,Defender,0.6842105263157895,0.3846153846153846,0.0693877551020408,0.0,0.1285714285714286,30.75882058193379,72.66137950100214,30.374200877738616,26.03773584905661,36.76746366601672,True,False,Germany
1463266,Louis Oppie,8152,FC St. Pauli,GER-Bundesliga,1.2,28.4,2.0,0.0,2.4,1.0,0.06,0.05,0.8,0.0,0.06,0.5,0.2,0.1,0.3,6.65,0.0,6.0,0.9,1.2,0.2,1404,18,Midfielder,0.6799999999999999,0.2941176470588235,0.0422535211267605,0.25,0.1666666666666666,31.170400943396228,56.23231132075471,34.428066037735846,30.01179245283019,36.754095883786256,True,False,Germany
941953,Saul Coco,9804,Torino,ITA-Serie A,2.3,36.9,0.0,0.0,5.1,0.3,0.01,0.03,1.3,1.0,0.05,1.1,0.2,1.4,0.0,6.78,0.0,7.0,0.6,1.7,0.3,1980,22,Defender,0.6829268292682927,0.3928571428571429,0.062330623306233,0.2307692307692307,0.0428571428571428,47.513917686087495,19.55840071877808,34.96908476743383,58.149535213214456,36.7037047974335,True,False,Equatorial Guinea
1186444,Charlie Cresswell,9941,Toulouse,FRA-Ligue 1,3.0,43.7,1.0,0.0,6.5,0.8,0.04,0.11,1.2,2.0,0.14,1.0,0.4,1.1,0.0,7.14,0.0,8.0,1.2,1.0,0.0,1980,22,Defender,0.625,0.5,0.068649885583524,0.0,0.1,39.918822136982506,44.46825972769369,21.95538306033589,48.211456389522425,36.67593157241337,True,False,England
638010,Isi Palazon,8370,Rayo Vallecano,ESP-La Liga,2.1,29.0,6.0,0.0,0.8,2.8,0.15,0.23,1.5,3.0,0.11,0.1,0.7,0.3,0.3,6.76,0.0,26.0,2.0,0.9,1.1,1653,22,Midfielder,0.4,0.1,0.0724137931034482,0.7333333333333334,0.1076923076923076,74.19521476950722,78.11782085838689,25.57938091782432,7.7108818854101875,36.61791534568636,True,False,Spain
959594,Karim Adeyemi,9789,Borussia Dortmund,GER-Bundesliga,0.3,16.9,4.0,0.0,0.1,2.3,0.22,0.33,1.6,2.0,0.49,0.4,1.1,0.0,0.8,6.98,0.0,11.0,2.2,0.4,2.2,918,20,Midfielder,0.3333333333333333,0.5,0.0177514792899408,1.375,0.209090909090909,56.333251261317294,84.56230561890939,34.07155383924251,7.367000138226554,36.60831752559693,True,False,Germany
955214,Jean-Clair Todibo,8654,West Ham United,ENG-Premier League,1.3,34.8,0.0,0.0,4.7,0.3,0.02,0.01,0.4,1.0,0.0,0.8,0.0,0.7,0.0,6.63,0.0,5.0,0.1,2.0,0.2,1521,18,Defender,0.875,0.2857142857142857,0.0373563218390804,0.5,0.06,39.65314206234017,12.186234363121155,56.05481546755132,75.35370879120879,36.60368603825732,True,False,France
951765,Armel Bella-Kotchap,9876,Verona,ITA-Serie A,1.5,28.1,0.0,0.0,6.3,0.3,0.02,0.01,1.6,0.0,0.0,2.3,0.0,1.1,0.1,6.78,0.0,1.0,0.2,1.0,0.1,1119,15,Defender,0.6734693877551019,0.6969696969696969,0.0533807829181494,0.0625,0.3,28.22228773584905,36.55070754716981,34.13620283018868,59.03596698113208,36.59558976497152,True,False,Germany
1355636,Arthur Chaves,8226,TSG 1899 Hoffenheim,GER-Bundesliga,1.6,39.3,0.0,0.0,5.4,0.4,0.01,0.03,1.6,0.0,0.04,1.5,0.1,0.8,0.1,6.65,0.0,5.0,0.4,2.1,0.1,2188,26,Defender,0.6923076923076923,0.4166666666666666,0.0407124681933842,0.0625,0.08,29.6456043956044,18.10989010989011,53.90934065934065,74.07967032967034,36.55298596403358,False,False,Brazil
966021,Taylor Harwood-Bellis,8466,Southampton,ENG-Premier League,3.2,59.6,3.0,0.0,4.5,0.7,0.02,0.06,1.1,0.0,0.03,1.0,0.3,1.4,0.1,6.45,0.0,14.0,0.6,0.9,0.1,2828,34,Defender,0.6333333333333333,0.5263157894736842,0.0536912751677852,0.0909090909090909,0.0499999999999999,44.91208791208791,29.472527472527474,28.51098901098901,46.79945054945054,36.38015461241256,False,False,England
1383070,Daniel Elfadli,9790,Hamburger SV,GER-Bundesliga,1.1,48.0,0.0,0.0,3.8,0.4,0.03,0.01,1.5,0.0,0.0,1.4,0.1,0.6,0.0,6.54,0.0,2.0,0.2,1.6,0.3,1021,15,Defender,0.6666666666666666,0.4666666666666666,0.0229166666666666,0.1999999999999999,0.2,25.383254716981128,38.74410377358491,36.12323113207547,58.00412735849057,36.35415245542885,True,False,Germany
462863,Karol Mets,8152,FC St. Pauli,GER-Bundesliga,2.5,48.5,0.0,0.0,5.0,0.5,0.03,0.01,0.6,0.0,0.0,1.1,0.0,0.3,0.2,6.64,0.0,2.0,0.2,1.5,0.1,1349,16,Defender,0.8125,0.4230769230769231,0.0515463917525773,0.1666666666666666,0.25,28.63217482203332,35.80993848918377,39.63206683253853,47.0764220056673,36.2768496231318,True,False,Estonia
1429607,Kojo Peprah Oppong,9831,Nice,FRA-Ligue 1,1.3,50.2,1.0,0.0,5.2,0.3,0.02,0.06,1.2,0.0,0.05,1.0,0.1,0.7,0.0,6.92,0.0,6.0,0.5,1.7,0.6,1690,20,Defender,0.6923076923076923,0.3703703703703703,0.0258964143426294,0.5,0.0499999999999999,45.32724056603773,18.84433962264151,36.04068396226416,57.93042452830189,36.09795616439824,True,False,Ghana
1353289,Ivan Smolcic,10171,Como,ITA-Serie A,1.5,42.7,1.0,0.0,3.2,0.4,0.03,0.05,1.5,0.0,0.0,1.4,0.2,0.5,0.2,6.96,0.0,7.0,0.5,2.2,0.1,997,18,Defender,0.7058823529411765,0.3888888888888888,0.0351288056206089,0.0666666666666666,0.0571428571428571,21.255896226415096,24.038915094339625,60.72228773584905,68.48466981132076,36.010424984568736,True,False,Croatia
1206806,Kialonda Gaspar,9888,Lecce,ITA-Serie A,2.3,32.9,0.0,0.0,7.0,0.2,0.01,0.04,0.6,0.0,0.0,0.8,0.0,1.0,0.0,6.65,0.0,0.0,0.4,1.1,0.0,1825,21,Defender,0.76,0.4210526315789473,0.0699088145896656,0.0,0.0,46.7062685741931,16.723374110166564,36.49811234363121,61.96702864745318,35.94539524223909,True,False,Angola
1246009,Cher Ndour,8535,Fiorentina,ITA-Serie A,1.2,30.7,1.0,0.0,1.6,0.4,0.04,0.08,1.2,0.0,0.1,0.7,0.2,0.7,0.4,6.35,0.0,3.0,0.9,1.4,0.3,920,20,Midfielder,0.6363636363636362,0.3333333333333333,0.0390879478827361,0.25,0.1333333333333333,33.39327830188679,41.42688679245283,40.35377358490566,29.053655660377355,35.93597948929072,True,False,Italy
1288119,Ismael Kone,7943,Sassuolo,ITA-Serie A,1.9,29.5,1.0,0.0,1.1,1.3,0.07,0.14,0.9,0.0,0.2,0.5,0.4,0.2,0.3,6.91,0.0,18.0,0.8,0.9,1.0,1772,22,Midfielder,0.6086956521739131,0.3571428571428571,0.0644067796610169,1.1111111111111112,0.0722222222222222,76.80424528301886,43.91509433962264,25.08549528301887,13.679245283018869,35.7550278126612,True,False,Canada
678192,Jon Guridi,9866,Alavés,ESP-La Liga,0.8,23.1,2.0,0.0,0.6,1.1,0.05,0.18,1.5,1.0,0.13,0.6,0.5,0.0,0.5,6.55,0.0,17.0,1.0,1.7,0.3,2097,33,Midfielder,0.6052631578947368,0.2608695652173913,0.0346320346320346,0.1999999999999999,0.0647058823529411,30.043956043956044,37.46703296703296,48.46153846153848,29.615384615384613,35.67732098662804,False,False,Spain
889535,Yann Aurel Bisseck,8636,Internazionale,ITA-Serie A,1.3,55.3,0.0,0.0,4.1,0.5,0.04,0.17,1.3,1.0,0.15,0.8,0.7,0.4,0.1,7.32,0.0,5.0,1.6,1.3,0.5,1192,14,Defender,0.6176470588235293,0.3809523809523809,0.023508137432188,0.3846153846153846,0.1,35.47799174096344,40.298292902066486,27.77326957633561,40.55923439767779,35.38621182317037,True,False,Germany
846761,Zakaria Aboukhlal,9941,Toulouse,FRA-Ligue 1,0.1,10.0,2.0,0.0,0.4,2.0,0.09,0.48,1.7,2.0,0.33,0.3,1.4,0.0,0.8,6.81,0.0,12.0,3.0,1.0,0.8,1907,26,Midfielder,0.4333333333333333,0.2307692307692307,0.01,0.4705882352941177,0.1666666666666666,40.39835164835164,63.89010989010988,37.623626373626365,12.802197802197805,35.366295570274694,False,False,Morocco
640220,Marc Roca,8603,Real Betis,ESP-La Liga,2.2,39.3,2.0,0.0,2.0,0.8,0.05,0.07,2.0,1.0,0.0,0.8,0.3,0.3,0.7,6.8,0.0,10.0,0.7,2.0,0.5,1357,19,Midfielder,0.5833333333333334,0.2857142857142857,0.0559796437659033,0.25,0.08,38.87195469624715,33.946644550418135,39.49448821618633,27.982475464786784,35.32657033262809,True,False,Spain
556972,Sasa Lukic,9879,Fulham,ENG-Premier League,0.5,29.9,1.0,0.0,1.9,1.4,0.1,0.13,2.8,2.0,0.07,0.8,0.2,0.5,0.2,6.78,0.0,22.0,0.9,2.6,0.1,1212,19,Midfielder,0.5483870967741936,0.2352941176470588,0.0167224080267558,0.0357142857142857,0.0636363636363636,17.514885271960747,46.73646243693414,49.547744315432986,46.48977987421384,35.29097184794083,True,False,Serbia
276738,Antonio Rüdiger,8633,Real Madrid,ESP-La Liga,4.5,66.6,1.0,0.0,3.7,0.9,0.04,0.07,0.6,0.0,0.0,0.4,0.2,0.5,0.0,6.94,0.0,7.0,0.9,0.8,0.1,2291,29,Defender,0.6666666666666666,0.3333333333333333,0.0675675675675675,0.1666666666666666,0.1285714285714286,52.6565934065934,43.4010989010989,17.335164835164832,34.98626373626374,35.02051402152978,False,False,Germany
1362622,Junior Mwanga,9848,Strasbourg,FRA-Ligue 1,0.0,35.8,0.0,0.0,1.3,1.2,0.07,0.0,0.0,0.0,0.0,0.0,0.0,0.4,0.2,6.91,0.0,16.0,0.0,0.0,0.9,1476,18,Midfielder,0.0,0.0,0.0,0.0,0.075,41.497213871034624,47.39144895984519,31.15149198285991,21.49310595065312,35.0074298622857,True,False,France
1293912,Pablo Marin,8560,Real Sociedad,ESP-La Liga,0.6,20.5,0.0,0.0,0.8,0.6,0.06,0.11,1.5,0.0,0.0,0.5,0.4,0.1,0.3,6.28,0.0,6.0,1.1,1.1,1.0,956,21,Midfielder,0.5161290322580645,0.3125,0.0292682926829268,0.6666666666666666,0.0999999999999999,53.23442359527265,36.627470799640605,34.63352253092819,17.593410912986386,34.89423447995544,True,False,Spain
763974,Gauthier Hein,8550,Metz,FRA-Ligue 1,4.8,48.6,5.0,0.0,0.2,2.2,0.12,0.33,0.6,4.0,0.34,0.3,0.5,0.1,0.5,6.91,0.0,31.0,1.5,0.7,0.3,1598,20,Midfielder,0.625,0.3,0.0987654320987654,0.5,0.0709677419354838,70.83136792452831,63.59080188679246,29.98231132075472,6.85436320754717,34.85988613297708,True,False,France
919435,Sepp van den Berg,9937,Brentford,ENG-Premier League,1.9,40.1,3.0,0.0,6.5,0.5,0.02,0.08,0.5,1.0,0.0,0.9,0.2,0.6,0.0,6.8,0.0,4.0,0.6,0.7,0.0,1853,21,Defender,0.7619047619047619,0.5625,0.0473815461346633,0.0,0.125,25.74887258967448,37.74919655815882,32.80365782016725,53.5916226069528,34.854137745112304,True,False,Netherlands
1140003,Ilya Zabarnyi,9847,Paris Saint-Germain,FRA-Ligue 1,2.1,75.5,0.0,0.0,3.5,0.3,0.02,0.02,0.8,0.0,0.06,0.6,0.1,0.3,0.1,7.06,0.0,4.0,0.1,1.2,0.2,1397,17,Defender,0.6923076923076923,0.3333333333333333,0.0278145695364238,0.25,0.075,43.45263580758863,20.041865367337067,34.56438333678899,49.967387172575854,34.77634247749816,True,False,Ukraine
604982,Ruben Loftus-Cheek,8564,Milan,ITA-Serie A,0.3,26.6,3.0,0.0,1.3,0.9,0.08,0.28,1.8,1.0,0.27,0.4,0.5,0.1,0.4,6.7,0.0,9.0,2.6,1.0,0.8,1014,22,Midfielder,0.4374999999999999,0.2857142857142857,0.0112781954887218,0.4444444444444445,0.1,42.32858611514271,51.97053182666391,31.69015654157164,17.592287822240653,34.77162437029054,True,False,England
521846,Martin Valjent,8661,Mallorca,ESP-La Liga,2.7,38.7,0.0,0.0,5.9,0.2,0.01,0.02,0.9,0.0,0.0,0.5,0.3,0.5,0.1,6.65,0.0,2.0,0.5,1.2,0.2,2160,24,Defender,0.6538461538461539,0.2941176470588235,0.0697674418604651,0.2222222222222222,0.1,53.20372866127584,24.54539878360633,25.05395155159306,42.74502816366024,34.76732872781962,True,False,Slovakia
1078729,Batista Mendy,8302,Sevilla,ESP-La Liga,2.0,32.2,0.0,0.0,1.3,0.3,0.02,0.07,2.0,0.0,0.06,0.9,0.3,0.3,0.3,6.68,0.0,9.0,0.9,1.8,0.5,1422,19,Midfielder,0.574468085106383,0.3333333333333333,0.062111801242236,0.25,0.0333333333333333,55.58962264150944,15.67806603773585,43.84728773584906,34.61084905660377,34.72556929853785,True,False,France
506776,Stefano Moreo,6479,Pisa,ITA-Serie A,0.5,12.5,3.0,0.0,2.4,1.0,0.07,0.25,1.1,1.0,0.34,0.9,0.8,0.3,0.5,6.88,0.0,14.0,2.4,0.8,0.3,1319,24,Midfielder,0.6071428571428571,0.5294117647058824,0.04,0.2727272727272727,0.0714285714285714,29.171580188679243,47.66509433962264,35.76356132075472,28.90625,34.641496202800354,True,False,Italy
478447,Adam Marusic,8543,Lazio,ITA-Serie A,1.3,40.6,1.0,0.0,2.3,0.7,0.03,0.03,0.8,1.0,0.0,0.8,0.2,0.5,0.1,6.73,0.0,5.0,0.5,1.4,0.2,1940,23,Defender,0.7333333333333334,0.3636363636363636,0.0320197044334975,0.25,0.1399999999999999,30.75085527679867,34.20139608818854,34.86432199875596,41.69413919413919,34.63206809432183,True,False,Montenegro
979752,Bafodé Diakité,8678,Bournemouth,ENG-Premier League,2.4,46.5,0.0,0.0,5.9,0.2,0.01,0.0,0.6,0.0,0.0,0.8,0.0,0.4,0.1,6.66,0.0,3.0,0.1,1.4,0.0,1275,18,Defender,0.7857142857142857,0.3636363636363636,0.0516129032258064,0.0,0.0666666666666666,36.16442912433479,21.52549415992812,37.16383302232359,53.02117889971663,34.525721877514435,True,False,France
1413996,Luka Vuskovic,9790,Hamburger SV,GER-Bundesliga,3.4,51.3,0.0,0.0,8.3,0.6,0.03,0.13,1.1,0.0,0.21,1.2,0.3,1.0,0.0,7.26,0.0,8.0,1.2,0.7,0.3,1710,19,Defender,0.6333333333333333,0.631578947368421,0.0662768031189083,0.2727272727272727,0.075,59.28655660377359,24.091981132075475,19.336674528301884,49.02712264150943,34.437984375258225,True,False,Croatia
1184694,Alberto Moleiro,10205,Villarreal,ESP-La Liga,0.5,18.4,6.0,0.0,0.6,2.4,0.13,0.26,1.3,4.0,0.51,0.3,1.0,0.2,0.4,7.09,0.0,23.0,2.0,0.8,1.1,1598,23,Midfielder,0.4583333333333333,0.2727272727272727,0.0271739130434782,0.8461538461538461,0.1043478260869565,54.14373833713456,72.38347501555047,27.09535040431267,9.210942359527266,34.36044934123041,True,False,Spain
844415,Éder Militao,8633,Real Madrid,ESP-La Liga,3.2,55.1,2.0,0.0,4.1,0.7,0.06,0.12,1.2,1.0,0.09,0.9,0.7,0.9,0.3,7.45,0.0,7.0,1.5,1.8,0.1,1002,13,Defender,0.6923076923076923,0.3333333333333333,0.058076225045372,0.0833333333333333,0.0999999999999999,30.416766017001866,34.115341419586706,36.52868632939388,38.14363898679937,34.285799394705826,True,False,Brazil
956921,Abdelkabir Abqar,9866,Alavés,ESP-La Liga,3.0,25.9,0.0,0.0,5.3,0.4,0.01,0.03,1.7,1.0,0.0,1.4,0.0,0.7,0.1,6.8,0.0,8.0,0.4,1.3,0.1,2467,29,Defender,0.6136363636363636,0.5185185185185185,0.1158301158301158,0.0588235294117647,0.05,49.61813186813188,13.95054945054945,35.50824175824176,57.266483516483525,34.19812899295335,False,False,Morocco
831474,Marin Pongracic,8535,Fiorentina,ITA-Serie A,2.5,55.6,1.0,0.0,3.0,0.4,0.02,0.03,2.2,0.0,0.0,1.2,0.0,0.8,0.1,6.83,0.0,5.0,0.3,1.0,0.6,2069,23,Defender,0.5,0.5454545454545454,0.0449640287769784,0.2727272727272727,0.08,61.15370792729283,22.642252401686363,23.441409219711105,38.381043092128,34.196056743782414,True,False,Croatia
517346,Nico Elvedi,9788,Borussia Mönchengladbach,GER-Bundesliga,1.6,50.8,0.0,0.0,8.3,0.7,0.03,0.01,0.5,0.0,0.0,0.9,0.0,0.9,0.0,6.84,0.0,5.0,0.2,1.3,0.0,1980,22,Defender,0.8148148148148149,0.409090909090909,0.0314960629921259,0.0,0.1399999999999999,18.59585147556846,30.421660100905385,44.27800815536664,70.7598572810837,34.12910949493945,True,False,Switzerland
1800345,Tylel Tati,9830,Nantes,FRA-Ligue 1,1.6,43.7,0.0,0.0,4.3,0.2,0.01,0.02,1.1,0.0,0.0,1.0,0.0,0.8,0.0,6.3,0.0,1.0,0.2,1.0,0.5,1595,18,Defender,0.6451612903225806,0.5,0.0366132723112128,0.4545454545454545,0.2,48.7558962264151,32.65919811320755,19.6875,41.65683962264151,34.07174909661875,True,False,France
362121,Edoardo Goldaniga,10171,Como,ITA-Serie A,2.2,45.2,0.0,0.0,3.5,0.4,0.01,0.07,1.6,0.0,0.04,1.2,0.2,0.4,0.1,6.65,0.0,4.0,0.4,1.2,0.1,2531,32,Defender,0.6,0.5,0.0486725663716814,0.0625,0.1,37.3956043956044,24.164835164835164,31.7445054945055,49.175824175824175,33.99457353650917,False,False,Italy
614207,Maxime Lopez,6379,Paris FC,FRA-Ligue 1,3.5,73.8,12.0,0.0,0.5,3.9,0.21,0.02,1.4,3.0,0.0,0.4,0.3,0.2,0.4,7.04,0.0,38.0,0.4,1.0,0.4,1686,20,Midfielder,0.5,0.2857142857142857,0.0474254742547425,0.2857142857142857,0.1026315789473684,57.028301886792455,83.79127358490565,26.276533018867923,6.972287735849056,33.97769439762708,True,False,France
1190029,Thomas Kristensen,8600,Udinese,ITA-Serie A,2.3,38.4,0.0,0.0,7.7,0.2,0.01,0.02,1.1,0.0,0.07,0.9,0.2,0.9,0.0,6.83,0.0,3.0,0.4,1.1,0.2,1345,15,Defender,0.6451612903225806,0.45,0.0598958333333333,0.1818181818181818,0.0666666666666666,50.41804893219987,20.470549104983068,26.078970557744142,49.22454903586979,33.96777843034873,True,False,Denmark
1622290,Nicolo Savona,10203,Nottingham Forest,ENG-Premier League,1.1,27.5,1.0,0.0,2.5,0.4,0.04,0.12,1.1,0.0,0.18,0.4,0.3,0.3,0.1,6.65,0.0,7.0,0.4,1.8,0.2,1026,14,Defender,0.6666666666666666,0.1818181818181818,0.04,0.1818181818181818,0.0571428571428571,32.27542072707167,29.423336097864404,36.49153794318888,39.7488596309351,33.903733713041234,True,False,Italy
408943,Takumi Minamino,9829,Monaco,FRA-Ligue 1,0.7,21.4,3.0,0.0,0.5,2.0,0.19,0.3,0.9,2.0,0.28,0.4,0.7,0.2,1.3,6.65,0.0,9.0,2.0,0.3,0.4,949,15,Midfielder,0.4374999999999999,0.5714285714285715,0.0327102803738317,0.4444444444444445,0.2222222222222222,37.4842983274587,79.76354620222546,34.81166632110028,9.428735572603497,33.723125864205635,True,False,Japan
937412,Jay Idzes,7943,Sassuolo,ITA-Serie A,1.2,37.1,1.0,0.0,5.1,0.5,0.02,0.0,1.0,0.0,0.0,1.3,0.0,0.6,0.0,6.67,0.0,1.0,0.2,0.9,0.2,2159,24,Defender,0.6875,0.5909090909090908,0.0323450134770889,0.2,0.5,25.64268867924528,41.798349056603776,26.055424528301884,52.12264150943396,33.52421921608393,True,False,Indonesia
775614,Ryan Yates,10203,Nottingham Forest,ENG-Premier League,0.5,29.2,0.0,0.0,2.8,0.5,0.02,0.11,2.5,1.0,0.09,1.2,0.4,0.5,0.2,6.76,0.0,18.0,1.6,2.0,0.4,1904,35,Midfielder,0.5614035087719298,0.3749999999999999,0.0171232876712328,0.16,0.0277777777777777,26.27747252747253,20.346153846153847,47.71978021978021,56.3324175824176,33.32897403001083,False,False,England
426393,Adrien Tamèze,9804,Torino,ITA-Serie A,2.4,33.0,0.0,0.0,2.9,0.3,0.02,0.02,1.2,0.0,0.0,1.6,0.0,0.5,0.2,6.26,0.0,8.0,0.4,1.2,0.0,1104,21,Defender,0.7,0.5714285714285715,0.0727272727272727,0.0,0.0375,36.928066037735846,15.000000000000002,44.13620283018868,54.30424528301887,33.296246805380065,True,False,France
698653,Igor Zubeldia,8560,Real Sociedad,ESP-La Liga,1.7,41.5,1.0,0.0,7.1,0.4,0.02,0.01,1.6,1.0,0.0,1.0,0.1,0.6,0.0,6.88,0.0,5.0,0.3,1.6,0.1,1665,19,Defender,0.6190476190476191,0.3846153846153846,0.0409638554216867,0.0625,0.08,31.538128930817606,28.231995991429955,28.42251969728385,53.13018349574954,33.17569887347943,True,False,Spain
1200631,Lesley Ugochukwu,8191,Burnley,ENG-Premier League,1.1,25.2,0.0,0.0,1.0,0.3,0.01,0.11,1.2,1.0,0.16,0.8,0.4,0.9,0.2,6.56,0.0,8.0,0.9,2.2,0.4,1723,25,Midfielder,0.7142857142857143,0.2666666666666666,0.0436507936507936,0.3333333333333333,0.0375,40.11792452830189,12.523584905660378,54.26886792452829,45.32724056603773,33.139293843857864,True,False,France
670928,Giuseppe Pezzella,7801,Cremonese,ITA-Serie A,0.6,16.4,0.0,0.0,3.6,1.5,0.09,0.01,1.5,1.0,0.0,0.4,0.0,0.6,0.2,6.69,0.0,18.0,0.2,1.5,0.4,1574,19,Midfielder,0.5588235294117647,0.2105263157894737,0.0365853658536585,0.2666666666666666,0.0833333333333333,31.087853773584904,45.1061320754717,27.72110849056604,30.91096698113208,33.11778522441998,True,False,Italy
614006,Ruben Dias,8456,Manchester City,ENG-Premier League,1.8,69.1,0.0,0.0,4.9,0.5,0.02,0.03,0.6,0.0,0.1,1.0,0.2,0.8,0.1,7.23,0.0,3.0,0.4,0.4,0.0,1825,22,Defender,0.7,0.7142857142857143,0.0260492040520984,0.0,0.1666666666666666,25.64859786439975,38.78040120257101,28.429279839657195,46.47919690372521,32.86740003179011,True,False,Portugal
813055,Mousa Tamari,9851,Rennes,FRA-Ligue 1,0.5,21.0,4.0,0.0,0.3,2.9,0.19,0.19,0.9,3.0,0.2,0.5,1.0,0.1,1.0,6.93,0.0,21.0,2.3,1.2,1.3,1365,21,Midfielder,0.6538461538461539,0.2941176470588235,0.0238095238095238,1.4444444444444444,0.1380952380952381,38.73506721266156,61.0310491395397,31.330180040085704,11.91525848365471,32.5110068322202,True,False,Jordan
557799,Duje Caleta-Car,8560,Real Sociedad,ESP-La Liga,2.4,49.3,0.0,0.0,4.6,0.5,0.04,0.05,1.3,0.0,0.0,1.2,0.1,0.9,0.0,6.76,0.0,3.0,0.5,0.8,0.0,1145,15,Defender,0.6060606060606061,0.6,0.0486815415821501,0.0,0.1666666666666666,32.450298914921554,41.81322136982515,19.48421193586288,44.26878153293247,32.38427974021218,True,False,Croatia
1669629,Honest Ahanor,8524,Atalanta,ITA-Serie A,0.9,42.0,0.0,0.0,3.5,0.6,0.05,0.14,1.3,0.0,0.0,1.3,0.2,0.8,0.0,6.82,0.0,0.0,0.9,2.4,0.3,1008,15,Defender,0.74,0.3513513513513513,0.0214285714285714,0.2307692307692307,0.0,23.920990566037737,14.516509433962264,54.37205188679245,72.71521226415095,32.379361762265695,True,False,Italy
874621,Martin Payero,7801,Cremonese,ITA-Serie A,0.9,21.2,1.0,0.0,1.2,0.5,0.04,0.12,2.4,0.0,0.08,0.6,0.4,0.2,0.3,6.54,0.0,8.0,1.5,1.3,1.5,1146,17,Midfielder,0.4418604651162791,0.3157894736842105,0.0424528301886792,0.625,0.0625,57.85377358490566,28.525943396226417,28.87087264150944,17.89504716981132,32.223377470589064,True,False,Argentina
857269,Gleison Bremer,9885,Juventus,ITA-Serie A,2.3,46.9,0.0,0.0,3.9,0.9,0.07,0.12,0.9,2.0,0.23,0.8,0.4,0.6,0.1,7.29,0.0,6.0,0.8,0.9,0.0,1187,15,Defender,0.6538461538461539,0.4705882352941176,0.0490405117270788,0.0,0.15,29.551886792452827,48.125,21.83962264150944,35.84905660377359,32.17177915059994,True,False,Brazil
1580528,Raul Asencio,8633,Real Madrid,ESP-La Liga,1.9,53.1,0.0,0.0,3.2,0.5,0.04,0.06,0.8,0.0,0.15,0.5,0.2,0.7,0.1,6.96,0.0,4.0,0.9,1.0,0.1,1166,17,Defender,0.6521739130434783,0.3333333333333333,0.0357815442561205,0.125,0.125,33.245792729283295,31.14214873177137,27.11800660031792,38.98774967171194,32.089150921747176,True,False,Spain
1536998,Alpha Toure,8550,Metz,FRA-Ligue 1,0.6,36.7,0.0,0.0,1.6,0.3,0.02,0.04,1.5,1.0,0.0,0.6,0.1,0.3,0.1,6.54,0.0,6.0,0.9,2.5,0.7,1029,22,Midfielder,0.673913043478261,0.1935483870967742,0.0163487738419618,0.4666666666666666,0.0499999999999999,38.70577830188679,14.056603773584904,45.41568396226416,43.97110849056604,32.080253378398204,True,False,Senegal
935622,Marcus Holmgren Pedersen,9804,Torino,ITA-Serie A,0.9,19.3,2.0,0.0,1.1,1.6,0.1,0.05,1.3,0.0,0.0,0.4,0.1,0.1,0.2,6.43,0.0,10.0,0.6,1.0,0.5,1475,19,Midfielder,0.5185185185185185,0.2857142857142857,0.0466321243523316,0.3846153846153846,0.16,45.31253887621813,49.04881125164144,21.131967482203333,18.393483481926875,31.89263637569665,True,False,Norway
523193,Josh Laurent,8191,Burnley,ENG-Premier League,0.9,26.5,0.0,0.0,2.6,0.3,0.02,0.04,1.4,0.0,0.07,1.5,0.2,0.5,0.1,6.33,0.0,6.0,0.8,2.4,0.2,1262,23,Midfielder,0.7358490566037736,0.3846153846153846,0.0339622641509433,0.1428571428571428,0.0499999999999999,21.073113207547173,14.056603773584904,60.95224056603774,71.52122641509435,31.71196256328776,True,False,England
518346,Robin Gosens,8535,Fiorentina,ITA-Serie A,0.7,26.2,0.0,0.0,2.8,1.0,0.08,0.2,1.2,0.0,0.16,0.9,0.5,0.5,0.2,6.67,0.0,9.0,1.0,1.6,0.0,1135,16,Midfielder,0.6756756756756757,0.36,0.0267175572519083,0.0,0.1111111111111111,12.569182389937106,46.54458670260557,45.63186813186813,49.70264012716842,31.68490117750911,True,False,Germany
1287489,Bamo Meité,8689,Lorient,FRA-Ligue 1,1.4,36.0,2.0,0.0,5.4,0.4,0.03,0.04,1.3,2.0,0.0,0.6,0.1,0.8,0.1,6.92,0.0,5.0,0.3,1.2,0.5,1287,16,Defender,0.5806451612903226,0.3333333333333333,0.0388888888888888,0.3846153846153846,0.08,45.6751179245283,31.014150943396224,19.492924528301884,34.44870283018868,31.67362001292328,True,False,Ivory Coast
1225995,Robin Hranac,8226,TSG 1899 Hoffenheim,GER-Bundesliga,2.2,42.9,0.0,0.0,6.6,0.3,0.02,0.06,1.0,0.0,0.0,0.6,0.1,0.9,0.1,6.95,0.0,1.0,0.3,1.1,0.1,1767,20,Defender,0.6296296296296297,0.3529411764705882,0.0512820512820512,0.1,0.3,35.51002358490566,36.55070754716981,20.265330188679243,37.78007075471698,31.475324031885275,True,False,Czechia
894802,Moritz Jenz,8721,VfL Wolfsburg,GER-Bundesliga,1.4,47.7,0.0,0.0,6.8,0.2,0.01,0.04,1.3,0.0,0.07,0.6,0.1,0.7,0.1,6.62,0.0,2.0,0.4,1.9,0.0,1260,14,Defender,0.6578947368421053,0.24,0.0293501048218029,0.0,0.1,18.953767537493952,26.078365816573367,41.187487041260624,60.67590624784021,31.453815600065365,True,False,Germany
1079554,Anthony Rouault,9851,Rennes,FRA-Ligue 1,2.1,48.7,0.0,0.0,5.1,0.2,0.02,0.06,1.2,0.0,0.08,1.1,0.1,1.1,0.0,6.78,0.0,5.0,0.4,1.3,0.2,1097,14,Defender,0.6666666666666666,0.4583333333333333,0.0431211498973305,0.1666666666666666,0.04,39.64150079480268,16.379483723823345,30.11230043541364,52.92511144515861,31.43680625934625,True,False,France
741049,Eljif Elmas,9875,Napoli,ITA-Serie A,0.6,32.2,1.0,0.0,1.0,1.4,0.1,0.15,0.8,2.0,0.0,0.4,0.4,0.1,0.5,6.84,0.0,18.0,1.2,1.4,0.9,1227,22,Midfielder,0.6923076923076923,0.2222222222222222,0.0186335403726708,1.125,0.0777777777777777,34.77407733775659,43.27742069251503,32.00038444260142,17.71321445849748,31.433323496484824,True,False,North Macedonia
362195,Alessio Romagnoli,8543,Lazio,ITA-Serie A,1.8,60.0,0.0,0.0,4.3,0.3,0.02,0.05,0.7,0.0,0.0,1.2,0.1,0.7,0.1,6.87,0.0,3.0,0.3,1.1,0.1,1753,21,Defender,0.7666666666666666,0.5217391304347826,0.03,0.1428571428571428,0.0999999999999999,25.07410239131937,19.559359665491744,40.018924079065584,58.68959067661898,31.3967608438873,True,False,Italy
1098365,Jorge Herrando,8371,Osasuna,ESP-La Liga,1.5,28.7,1.0,0.0,6.7,0.8,0.06,0.02,1.5,1.0,0.0,1.0,0.0,0.6,0.0,6.65,0.0,2.0,0.2,2.0,0.2,1116,20,Defender,0.6666666666666666,0.3333333333333333,0.0522648083623693,0.1333333333333333,0.4,24.77604274656161,35.95449754647868,28.057774379708345,43.24387483585596,31.3578380965608,True,False,Spain
1226189,Martim Neto,10268,Elche,ESP-La Liga,0.7,35.5,3.0,0.0,0.9,1.5,0.13,0.07,1.2,4.0,0.17,0.2,0.3,0.1,0.3,6.78,0.0,20.0,1.0,1.1,1.5,1076,20,Midfielder,0.52,0.1538461538461538,0.0197183098591549,1.25,0.075,54.33372641509434,59.57547169811321,23.287146226415096,8.888561320754716,31.320816998485206,True,False,Portugal
1529222,Pietro Comuzzo,8535,Fiorentina,ITA-Serie A,2.0,49.7,0.0,0.0,5.9,0.2,0.01,0.07,1.3,0.0,0.07,1.3,0.1,0.9,0.0,6.68,0.0,3.0,0.6,1.9,0.0,1368,18,Defender,0.7111111111111111,0.40625,0.0402414486921529,0.0,0.0666666666666666,29.160001555048723,11.580439214873175,48.15277057847812,70.47279960605432,31.305968626490216,True,False,Italy
1580952,Vitor Reis,7732,Girona,ESP-La Liga,2.3,48.6,2.0,0.0,6.2,0.3,0.01,0.02,0.9,1.0,0.05,0.9,0.1,1.4,0.0,6.81,0.0,6.0,0.4,1.1,0.2,1968,23,Defender,0.6896551724137931,0.45,0.0473251028806584,0.2222222222222222,0.0499999999999999,42.21403301886792,20.058962264150946,23.72346698113208,48.29009433962264,31.17312343418682,True,False,Brazil
1487877,Finn Jeltsch,10269,VfB Stuttgart,GER-Bundesliga,1.2,58.3,0.0,0.0,4.7,0.3,0.02,0.01,0.7,1.0,0.0,1.1,0.0,0.8,0.0,7.03,0.0,5.0,0.2,1.2,0.3,1083,16,Defender,0.7666666666666666,0.4782608695652174,0.0205831903945111,0.4285714285714286,0.06,33.101415094339615,14.946933962264152,36.14681603773585,59.3307783018868,31.17206106623305,True,False,Germany
524437,Tomas Soucek,8654,West Ham United,ENG-Premier League,1.0,28.4,1.0,0.0,3.9,0.4,0.03,0.24,1.8,0.0,0.23,0.8,0.7,0.5,0.2,6.76,0.0,7.0,1.1,1.6,0.1,1171,23,Midfielder,0.5714285714285715,0.3333333333333333,0.0352112676056338,0.0555555555555555,0.0571428571428571,24.910230492777668,28.864771235054253,34.93434238717257,41.486518591471416,31.14582902822056,True,False,Czechia
1178325,Ousmane Camara,8121,Angers,FRA-Ligue 1,1.6,43.2,0.0,0.0,6.1,0.1,0.01,0.01,0.6,0.0,0.05,1.1,0.1,1.0,0.1,7.01,0.0,3.0,0.2,1.7,0.2,1774,21,Defender,0.8235294117647058,0.3928571428571429,0.037037037037037,0.3333333333333333,0.0333333333333333,36.146816037735846,7.293632075471699,55.26533018867924,74.27771226415095,31.11299890369976,True,False,Mali
1427819,Hugo Rincon,7732,Girona,ESP-La Liga,0.6,31.1,1.0,0.0,2.5,0.6,0.05,0.06,1.6,1.0,0.0,0.4,0.0,0.6,0.1,6.59,0.0,8.0,0.4,1.8,0.5,1217,21,Defender,0.5789473684210527,0.1818181818181818,0.0192926045016077,0.3125,0.075,30.928655660377363,33.58490566037736,28.40212264150943,31.64799528301887,31.04926234445041,True,False,Spain
956682,Sven Botman,10261,Newcastle United,ENG-Premier League,2.5,51.3,2.0,0.0,6.4,0.3,0.03,0.11,0.7,1.0,0.08,0.7,0.3,0.9,0.1,6.86,0.0,5.0,0.7,0.8,0.1,1063,15,Defender,0.6818181818181818,0.4666666666666666,0.0487329434697855,0.1428571428571428,0.06,38.34610849056604,26.326650943396224,22.62382075471698,41.008254716981135,31.00495018593092,True,False,Netherlands
796974,Pascal Struijk,8463,Leeds United,ENG-Premier League,2.0,51.7,1.0,0.0,7.0,0.5,0.02,0.11,0.7,1.0,0.0,1.0,0.2,0.7,0.0,6.9,0.0,8.0,1.0,1.2,0.0,1988,23,Defender,0.7586206896551724,0.4545454545454545,0.0386847195357833,0.0,0.0625,23.32252358490566,23.16627358490566,33.81780660377358,60.18573113207548,30.883874194058475,True,False,Netherlands
822440,Michael Folorunsho,8529,Cagliari,ITA-Serie A,0.8,15.2,1.0,0.0,1.3,0.4,0.03,0.17,1.6,0.0,0.07,0.4,0.4,0.1,0.3,6.56,0.0,10.0,1.3,1.4,0.9,1313,16,Midfielder,0.5294117647058824,0.2222222222222222,0.0526315789473684,0.5625,0.04,55.88443396226416,24.83490566037736,29.531250000000004,17.600235849056606,30.876427166382072,True,False,Italy
637756,Carles Alena,9866,Alavés,ESP-La Liga,1.1,33.9,6.0,0.0,1.3,2.3,0.14,0.11,1.5,4.0,0.0,0.5,0.2,0.1,0.3,6.67,0.0,24.0,1.3,1.7,0.7,1466,24,Midfielder,0.5945945945945946,0.2272727272727272,0.0324483775811209,0.4666666666666666,0.0958333333333333,32.66715909876287,49.46471767226484,27.161547964614,18.4207616283088,30.85726568014696,True,False,Spain
793907,Trevoh Chalobah,8455,Chelsea,ENG-Premier League,1.6,68.4,0.0,0.0,6.2,0.8,0.03,0.05,0.7,0.0,0.12,1.2,0.2,0.5,0.2,7.12,0.0,3.0,0.5,1.3,0.2,2192,25,Defender,0.78125,0.48,0.023391812865497,0.2857142857142857,0.2666666666666666,22.016608784297464,28.41125855276799,36.25352909668947,46.250950307554085,30.83610033870592,True,False,England
1375810,Terry Yegbe,8550,Metz,FRA-Ligue 1,3.1,47.3,1.0,0.0,6.1,0.2,0.02,0.04,0.9,1.0,0.0,1.0,0.1,0.7,0.1,6.22,0.0,3.0,0.3,0.7,0.1,1338,16,Defender,0.6538461538461539,0.5882352941176471,0.0655391120507399,0.1111111111111111,0.0666666666666666,45.70754716981132,18.87382075471698,23.449292452830186,43.95636792452831,30.76791925260091,True,False,Ghana
938247,Mohammed Salisu,9829,Monaco,FRA-Ligue 1,2.1,59.5,0.0,0.0,7.0,0.2,0.02,0.06,1.4,0.0,0.08,1.4,0.2,1.8,0.2,7.07,0.0,2.0,0.7,2.1,0.2,1080,12,Defender,0.7142857142857142,0.3999999999999999,0.0352941176470588,0.1428571428571428,0.1,24.479266017001866,19.037001520492087,42.01414230423665,52.07838741447232,30.59986671593173,True,False,Ghana
1079103,Jacob Greaves,9902,Ipswich Town,ENG-Premier League,1.0,38.7,0.0,0.0,5.9,0.2,0.01,0.05,0.7,0.0,0.04,0.9,0.2,1.1,0.1,6.47,0.0,5.0,0.4,1.6,0.2,2205,25,Defender,0.78125,0.36,0.0258397932816537,0.2857142857142857,0.04,28.626373626373624,10.445054945054943,50.42582417582417,68.62637362637362,30.52945448535176,False,False,England
865931,Max Kilman,8654,West Ham United,ENG-Premier League,1.6,34.9,0.0,0.0,6.4,0.3,0.02,0.03,0.9,0.0,0.0,0.5,0.1,1.4,0.0,6.36,0.0,4.0,0.4,0.9,0.2,1559,21,Defender,0.6086956521739131,0.3571428571428571,0.0458452722063037,0.2222222222222222,0.075,45.9042737922455,20.92648075195245,20.632891872278663,42.08955352823278,30.35322738113062,True,False,England
609516,Robin Le Normand,9906,Atlético de Madrid,ESP-La Liga,1.6,51.3,0.0,0.0,5.0,0.3,0.02,0.03,1.1,0.0,0.08,0.8,0.1,0.3,0.2,6.77,0.0,1.0,0.2,1.4,0.0,1188,18,Defender,0.6666666666666666,0.3636363636363636,0.0311890838206627,0.0,0.3,19.387665007948023,41.57959257723409,28.713443396226413,41.791113760453385,30.17976251452275,True,False,Spain
290410,Michael Keane,8668,Everton,ENG-Premier League,2.2,32.5,0.0,0.0,7.3,0.2,0.01,0.09,0.6,0.0,0.15,1.1,0.2,0.9,0.0,7.04,0.0,1.0,0.9,1.2,0.1,1859,22,Defender,0.793103448275862,0.4782608695652174,0.0676923076923077,0.1666666666666666,0.2,30.269360356624507,23.32408079342042,27.92609198977124,45.680981754094965,30.178783831358768,True,False,England
1473534,Jérémy Jacquet,9851,Rennes,FRA-Ligue 1,3.1,52.3,0.0,0.0,4.9,0.5,0.03,0.06,1.1,0.0,0.0,1.0,0.2,0.9,0.0,6.85,0.0,9.0,0.6,1.5,0.2,1673,19,Defender,0.6944444444444444,0.4,0.0592734225621415,0.1818181818181818,0.0555555555555555,35.24577545096413,26.24307139401479,23.97562029165803,37.809519489944016,30.154246526734752,True,False,France
689680,Jens Odgaard,9857,Bologna,ITA-Serie A,0.3,14.6,1.0,0.0,0.9,1.0,0.08,0.18,2.0,1.0,0.34,0.3,0.8,0.0,0.9,6.73,0.0,10.0,2.2,1.2,0.5,1045,19,Midfielder,0.4285714285714285,0.1999999999999999,0.0205479452054794,0.25,0.1,32.132675893289104,50.5690873591817,36.0151530859078,11.089614002349853,29.933668810727973,True,False,Denmark
651435,Toma Basic,8543,Lazio,ITA-Serie A,1.0,36.7,4.0,0.0,1.1,1.5,0.12,0.09,1.1,2.0,0.08,0.7,0.7,0.5,0.5,6.83,0.0,14.0,2.0,1.2,0.1,1180,16,Midfielder,0.6333333333333333,0.3684210526315789,0.0272479564032697,0.0909090909090909,0.1071428571428571,14.602004716981131,67.02830188679246,39.34257075471698,22.30247641509434,29.804003172803164,True,False,Croatia
823018,Alessandro Buongiorno,9875,Napoli,ITA-Serie A,1.0,55.1,0.0,0.0,4.0,0.3,0.02,0.07,1.7,1.0,0.0,1.3,0.1,0.5,0.0,6.87,0.0,1.0,0.2,1.2,0.0,1470,21,Defender,0.5952380952380952,0.52,0.0181488203266787,0.0,0.3,13.162118149146451,36.94772444536596,37.71465719814776,57.423737818784986,29.76051842159977,True,False,Italy
1039219,Samir Chergui,6379,Paris FC,FRA-Ligue 1,1.0,40.8,0.0,0.0,2.7,0.3,0.03,0.14,1.1,0.0,0.09,0.6,0.3,0.4,0.0,6.53,0.0,2.0,1.0,1.5,0.3,974,12,Defender,0.65625,0.2857142857142857,0.0245098039215686,0.2727272727272727,0.15,27.116745283018865,35.3125,23.867924528301888,35.7311320754717,29.64943378175975,True,False,Algeria
1318686,Alessandro Circati,10167,Parma,ITA-Serie A,3.1,46.3,0.0,0.0,5.2,0.4,0.02,0.03,1.1,0.0,0.05,0.8,0.1,1.2,0.0,6.94,0.0,6.0,0.2,1.3,0.1,1706,20,Defender,0.65625,0.3809523809523809,0.0669546436285097,0.0909090909090909,0.0666666666666666,45.27712264150944,17.25825471698113,22.452830188679243,43.73525943396226,29.64810765155383,True,False,Australia
544693,Amir Rrahmani,9875,Napoli,ITA-Serie A,1.9,77.4,0.0,0.0,3.6,0.2,0.02,0.04,1.1,1.0,0.07,1.2,0.1,0.6,0.0,7.27,0.0,3.0,0.5,1.3,0.1,1360,16,Defender,0.6944444444444444,0.48,0.024547803617571,0.0909090909090909,0.0666666666666666,32.01317903794319,18.643470523187503,29.042362119013063,48.36853790863225,29.641549818094624,True,False,Kosovo
504606,Lucas Hernández,9847,Paris Saint-Germain,FRA-Ligue 1,1.7,74.0,0.0,0.0,2.6,0.3,0.03,0.01,1.3,1.0,0.0,1.0,0.1,0.6,0.3,7.0,0.0,8.0,0.4,1.2,0.3,980,15,Defender,0.6285714285714287,0.4545454545454545,0.0229729729729729,0.2307692307692307,0.0375,32.45283018867924,17.900943396226417,36.52122641509434,37.23466981132076,29.608785426611703,True,False,France
776594,Victor Nelsson,9876,Verona,ITA-Serie A,1.0,28.7,0.0,0.0,7.6,0.2,0.01,0.01,1.2,0.0,0.0,1.9,0.0,0.8,0.0,6.62,0.0,1.0,0.2,1.4,0.0,2146,25,Defender,0.7333333333333333,0.5757575757575758,0.0348432055749128,0.0,0.2,11.359080188679243,32.65919811320755,40.77240566037736,71.25589622641509,29.39409371227997,True,False,Denmark
497662,Carl Starfelt,9910,Celta de Vigo,ESP-La Liga,1.9,59.1,0.0,0.0,6.3,0.1,0.01,0.04,1.3,0.0,0.0,1.1,0.1,0.5,0.0,6.75,0.0,1.0,0.3,1.4,0.1,1312,17,Defender,0.6578947368421053,0.44,0.0321489001692047,0.0769230769230769,0.1,24.161595479991707,17.095678692376808,35.29679400787891,60.66588482272444,29.2874791040048,True,False,Sweden
1199283,Eric Martel,8722,1. FC Köln,GER-Bundesliga,1.0,43.7,4.0,0.0,5.1,0.9,0.05,0.04,1.5,2.0,0.05,1.2,0.1,0.8,0.2,6.88,0.0,11.0,0.5,1.2,0.1,1718,21,Midfielder,0.6153846153846154,0.5,0.022883295194508,0.0666666666666666,0.0818181818181818,12.46757075471698,46.698113207547166,33.705778301886795,47.78891509433962,29.097180632351414,True,False,Germany
873573,Sam Beukema,9875,Napoli,ITA-Serie A,2.4,62.6,0.0,0.0,3.9,0.1,0.01,0.1,0.9,0.0,0.09,0.8,0.2,0.9,0.0,6.88,0.0,3.0,0.4,1.0,0.1,963,14,Defender,0.6666666666666666,0.4444444444444445,0.0383386581469648,0.1111111111111111,0.0333333333333333,35.48415578132559,17.24337376460018,26.918200117492564,45.63709482341557,29.07642485985759,True,False,Netherlands
1200630,Koni De Winter,8564,Milan,ITA-Serie A,1.5,56.4,0.0,0.0,4.5,0.4,0.03,0.04,1.4,0.0,0.08,0.2,0.1,0.5,0.1,6.96,0.0,2.0,0.4,1.4,0.2,1096,17,Defender,0.5333333333333333,0.125,0.026595744680851,0.1428571428571428,0.2,29.903785679729072,30.08764427396503,22.04583938074504,37.12169120187989,28.978246899671845,True,False,Belgium
1311985,César Tárrega,10267,Valencia CF,ESP-La Liga,2.4,44.1,0.0,0.0,6.5,0.1,0.01,0.01,1.4,0.0,0.0,0.9,0.1,0.9,0.0,6.73,0.0,2.0,0.4,1.6,0.4,1684,21,Defender,0.6410256410256411,0.36,0.0544217687074829,0.2857142857142857,0.05,54.05518263183358,9.521606538115972,26.791187193309835,50.23021200497615,28.95474546074725,True,False,Spain
1097466,Micky van de Ven,8586,Tottenham Hotspur,ENG-Premier League,2.3,48.1,1.0,0.0,4.2,0.3,0.01,0.1,0.7,1.0,0.17,0.8,0.3,0.7,0.0,6.81,0.0,5.0,0.6,1.2,0.3,2150,24,Defender,0.7407407407407407,0.4,0.0478170478170478,0.4285714285714286,0.06,36.65693897297671,25.38462402377497,21.499205197318403,33.87870187988113,28.805836825888044,True,False,Netherlands
1298907,Cristhian Mosquera,10267,Valencia CF,ESP-La Liga,2.0,49.4,0.0,0.0,3.3,0.3,0.01,0.01,0.4,0.0,0.03,0.9,0.1,0.7,0.0,6.85,0.0,0.0,0.1,1.5,0.1,3320,37,Defender,0.8571428571428572,0.375,0.0404858299595141,0.25,0.0,38.60989010989011,6.1923076923076925,47.14285714285714,66.01648351648352,28.59283078489148,False,False,Spain
355356,Marc-Oliver Kempf,10171,Como,ITA-Serie A,1.2,59.1,2.0,0.0,5.5,0.7,0.04,0.15,1.1,0.0,0.19,0.3,0.3,0.9,0.0,7.01,0.0,6.0,0.9,0.8,0.1,1398,22,Defender,0.5,0.2727272727272727,0.0203045685279187,0.0909090909090909,0.1166666666666666,24.645431612412747,45.63562616628655,17.323337825696314,36.63897816020458,28.4966295191678,True,False,Germany
1426170,Mamadou Sarr,9848,Strasbourg,FRA-Ligue 1,2.1,64.3,0.0,0.0,4.5,0.1,0.01,0.0,1.1,0.0,0.0,0.6,0.0,0.2,0.0,6.79,0.0,1.0,0.1,1.0,0.3,1305,15,Defender,0.5925925925925926,0.3749999999999999,0.0326594090202177,0.2727272727272727,0.1,43.27667340521114,19.104836201534315,18.53212039532794,38.669051074711454,27.900756047356943,True,False,Senegal
1209987,Warren Bondo,7801,Cremonese,ITA-Serie A,1.4,32.2,0.0,0.0,0.4,0.3,0.02,0.01,2.1,0.0,0.0,0.5,0.0,0.2,0.1,6.48,0.0,3.0,0.3,1.6,0.8,1396,20,Midfielder,0.5,0.238095238095238,0.0434782608695652,0.3809523809523809,0.0999999999999999,52.93632075471699,22.71816037735849,23.92393867924528,16.524174528301888,27.832456631906112,True,False,France
640231,Antonio Raillo,8661,Mallorca,ESP-La Liga,2.1,40.8,0.0,0.0,5.1,0.3,0.02,0.02,1.1,1.0,0.0,0.8,0.1,1.4,0.1,6.76,0.0,6.0,0.5,1.0,0.0,1620,18,Defender,0.6206896551724137,0.4444444444444445,0.0514705882352941,0.0,0.0499999999999999,33.296806966618284,22.38205819337895,21.380053908355794,38.7437582072016,27.81879600074833,True,False,Spain
188058,Daniel Burn,10261,Newcastle United,ENG-Premier League,1.1,33.7,0.0,0.0,6.1,0.3,0.02,0.01,1.7,2.0,0.0,1.0,0.0,0.4,0.1,6.74,0.0,6.0,0.2,1.6,0.1,1441,18,Defender,0.6046511627906977,0.3846153846153846,0.0326409495548961,0.0588235294117647,0.0499999999999999,20.140071013891767,24.34909116041192,29.28113121155573,49.00558953624991,27.70352769251887,True,False,England
1436942,Lucas Høgsberg,9848,Strasbourg,FRA-Ligue 1,2.0,59.1,0.0,0.0,3.1,0.5,0.04,0.02,0.9,0.0,0.0,0.6,0.1,0.8,0.0,6.48,0.0,1.0,0.3,1.1,0.1,1148,14,Defender,0.6538461538461539,0.3529411764705882,0.0338409475465313,0.1111111111111111,0.5,27.37323113207547,42.37028301886793,16.444575471698112,31.20577830188679,27.59407440046297,True,False,Denmark
956659,Himad Abdelli,8592,Marseille,FRA-Ligue 1,0.0,50.4,0.0,0.0,0.0,0.7,0.07,0.19,1.6,0.0,0.0,0.0,0.5,0.0,0.6,7.05,0.0,9.0,1.3,0.0,0.0,993,15,Midfielder,0.0,0.0,0.0,0.0,0.0777777777777777,25.73928312253784,45.91094754302301,35.25149889418757,10.89741429953694,27.09674270661784,True,False,Algeria
1244272,Arouna Sangante,9746,Le Havre,FRA-Ligue 1,2.6,48.4,0.0,0.0,5.2,0.6,0.03,0.02,1.5,1.0,0.05,1.2,0.3,0.7,0.1,6.88,0.0,5.0,0.3,1.2,0.2,1638,20,Defender,0.6153846153846154,0.5,0.0537190082644628,0.1333333333333333,0.12,31.39750501071256,24.310517312875803,21.02161085769576,33.554409427050935,26.99811914700034,True,False,Senegal
819215,Lloyd Kelly,9885,Juventus,ITA-Serie A,2.8,53.4,0.0,0.0,4.0,0.2,0.01,0.02,1.4,0.0,0.05,0.5,0.1,0.6,0.5,7.12,0.0,3.0,0.5,1.5,0.6,1903,22,Defender,0.5882352941176471,0.25,0.0524344569288389,0.4285714285714286,0.0666666666666666,45.823605639643375,14.305713940147902,29.005101423733496,24.54301005598176,26.965490466418093,True,False,England
1531887,Pau Navarro,10205,Villarreal,ESP-La Liga,1.4,40.5,1.0,0.0,4.1,0.1,0.01,0.0,2.2,0.0,0.0,0.6,0.1,0.7,0.0,6.95,0.0,3.0,0.1,3.9,0.4,1003,12,Defender,0.6716417910447761,0.1333333333333333,0.0345679012345679,0.1818181818181818,0.0333333333333333,24.787835199391804,18.7868460156196,31.14739702121777,39.666830810698734,26.901468588693977,True,False,Spain
717174,Joe Rodon,8463,Leeds United,ENG-Premier League,1.3,42.7,1.0,0.0,5.7,0.3,0.01,0.04,0.4,0.0,0.09,1.1,0.2,0.6,0.0,6.68,0.0,4.0,0.6,1.2,0.0,2100,24,Defender,0.8518518518518519,0.4782608695652174,0.0304449648711943,0.0,0.075,13.02181603773585,19.56367924528302,42.102004716981135,67.17275943396227,26.83974787664193,True,False,Wales
604330,Sebastiano Luperto,7801,Cremonese,ITA-Serie A,1.7,39.6,3.0,0.0,5.1,0.4,0.02,0.0,1.1,1.0,0.0,0.9,0.0,0.6,0.0,6.74,0.0,4.0,0.0,1.0,0.0,1887,21,Defender,0.6333333333333333,0.4736842105263158,0.0429292929292929,0.0,0.1,22.010613207547166,36.47995283018868,17.753537735849058,40.40389150943396,26.72446844621308,True,False,Italy
1189288,Federico Gatti,9885,Juventus,ITA-Serie A,0.9,56.7,1.0,0.0,3.1,0.3,0.01,0.1,0.8,0.0,0.04,0.7,0.4,0.7,0.0,7.03,0.0,7.0,1.0,1.1,0.3,2197,30,Defender,0.6923076923076923,0.3888888888888888,0.0158730158730158,0.3749999999999999,0.0428571428571428,31.45054945054945,16.17032967032967,24.88186813186813,42.43131868131868,26.6671277530796,False,False,Italy
844425,Marc Guehi,9826,Crystal Palace,ENG-Premier League,0.0,0.0,4.0,0.0,0.0,0.0,0.0,0.0,0.0,2.0,0.08,0.0,0.0,0.0,0.2,0.0,0.0,0.0,0.0,0.0,0.0,2160,24,Defender,0.0,0.0,0.0,0.0,0.0,25.20723184048656,31.47631142442464,26.63409271546064,23.021956424079065,26.5302551916478,True,False,England
879609,Alex Suárez,8306,Las Palmas,ESP-La Liga,2.3,41.4,0.0,0.0,3.7,0.2,0.01,0.02,1.0,0.0,0.0,0.5,0.1,0.9,0.0,6.31,0.0,3.0,0.2,1.5,0.0,2468,30,Defender,0.6666666666666666,0.25,0.0555555555555555,0.0,0.0666666666666666,35.11813186813187,12.774725274725276,26.532967032967026,43.37912087912088,26.524665607196138,False,False,Spain
1282000,Soumaila Coulibaly,8521,Brest,FRA-Ligue 1,2.5,46.0,0.0,0.0,5.2,0.1,0.01,0.03,1.6,0.0,0.0,0.9,0.2,0.6,0.0,6.56,0.0,1.0,0.5,0.9,0.3,1064,12,Defender,0.5294117647058824,0.5,0.0543478260869565,0.1874999999999999,0.1,49.12735849056604,20.170990566037737,12.88620283018868,36.04068396226415,26.452618960787824,True,False,France
740944,Leo Østigard,10233,Genoa,ITA-Serie A,2.9,52.0,1.0,0.0,7.9,0.6,0.03,0.17,1.4,1.0,0.22,0.6,0.5,1.1,0.1,7.01,0.0,5.0,0.9,1.4,0.1,1633,19,Defender,0.5882352941176471,0.3,0.0557692307692307,0.0714285714285714,0.12,28.87981633146728,32.201974911880576,17.74330897090331,28.975006911327664,26.29131559233352,True,False,Norway
740944,Leo Østigard,10233,Genoa,ITA-Serie A,2.9,52.0,1.0,0.0,7.9,0.6,0.03,0.17,1.4,1.0,0.22,0.6,0.5,1.1,0.1,7.01,0.0,5.0,0.9,1.4,0.1,1633,19,Defender,0.5882352941176471,0.3,0.0557692307692307,0.0714285714285714,0.12,28.87981633146728,32.05728626719193,17.74330897090331,28.975006911327664,26.26173292490256,True,False,Norway
1392232,Marc Aguado,10268,Elche,ESP-La Liga,0.7,43.3,0.0,0.0,1.6,0.4,0.02,0.0,0.7,1.0,0.0,1.8,0.0,0.8,0.3,6.84,0.0,3.0,0.1,2.0,0.0,1589,23,Midfielder,0.8444444444444444,0.4736842105263158,0.0161662817551963,0.0,0.1333333333333333,4.669811320754716,31.279481132075468,76.05247641509433,73.42275943396226,26.184794247885623,True,False,Spain
935550,Torbjørn Heggem,9857,Bologna,ITA-Serie A,4.0,44.0,0.0,0.0,4.4,0.1,0.01,0.05,1.4,0.0,0.0,0.9,0.1,0.3,0.0,6.65,0.0,3.0,0.5,1.3,0.4,1819,21,Defender,0.6111111111111112,0.409090909090909,0.0909090909090909,0.2857142857142857,0.0333333333333333,67.1491745283019,7.293632075471699,20.857900943396224,41.3620283018868,26.12078244460569,True,False,Norway
1384881,Álex Valle,10171,Como,ITA-Serie A,0.9,41.5,2.0,0.0,2.4,0.6,0.04,0.04,1.8,3.0,0.0,1.2,0.0,0.2,0.2,6.93,0.0,8.0,0.4,2.3,0.2,1460,20,Defender,0.6603773584905661,0.3428571428571428,0.0216867469879518,0.1111111111111111,0.075,13.150649664800609,27.689983758379984,39.01885928536872,40.21714527610754,25.999543810477004,True,False,Spain
950545,Oihan Sancet,8315,Athletic Club,ESP-La Liga,0.9,24.9,0.0,0.0,0.5,0.7,0.05,0.33,1.3,0.0,0.16,0.2,0.6,0.2,0.6,6.48,0.0,16.0,2.3,0.8,0.5,1152,17,Midfielder,0.4347826086956522,0.2,0.036144578313253,0.3846153846153846,0.04375,49.16935344529684,33.72486004561476,29.043269230769223,6.162204540742277,25.89431849344946,True,False,Spain
1339372,Cesare Casadei,9804,Torino,ITA-Serie A,0.9,26.1,3.0,0.0,1.5,1.3,0.07,0.16,2.4,0.0,0.17,0.5,0.7,0.1,0.3,6.81,0.0,14.0,1.6,1.5,0.6,1570,23,Midfielder,0.4545454545454545,0.25,0.0344827586206896,0.25,0.0928571428571428,26.19506790379432,41.17492570322759,23.19338758725551,15.816594961642132,25.72099172341361,True,False,Italy
1187767,Urko González,8558,Espanyol,ESP-La Liga,0.7,27.9,0.0,0.0,2.2,0.4,0.02,0.03,1.1,1.0,0.0,1.2,0.1,0.4,0.3,6.61,0.0,7.0,0.7,2.1,0.2,1465,23,Midfielder,0.7499999999999999,0.3636363636363636,0.025089605734767,0.1818181818181818,0.0571428571428571,14.345618218259728,18.70968104222821,45.970510228764944,43.87280565346603,25.650231509094525,True,False,Spain
1436436,Alessandro Marcandalli,10233,Genoa,ITA-Serie A,1.5,31.1,1.0,0.0,4.2,0.4,0.03,0.01,0.9,2.0,0.0,0.7,0.1,0.5,0.1,6.7,0.0,7.0,0.2,0.9,0.1,1444,19,Defender,0.64,0.4374999999999999,0.0482315112540192,0.1111111111111111,0.0571428571428571,28.219339622641503,24.038915094339625,19.62853773584905,33.57900943396227,25.634705512498755,True,False,Italy
1419969,Rodrigo Mendoza,10268,Elche,ESP-La Liga,0.0,0.0,1.0,0.0,0.0,0.0,0.0,0.0,0.0,0.0,0.1,0.4,0.2,0.0,0.0,0.0,0.0,10.0,0.0,0.0,1.5,901,18,Midfielder,1.0,1.0,0.0,0.0,0.0,30.085495283018865,17.22877358490566,28.661556603773583,27.24056603773585,25.3477204825625,True,False,Spain
115591,Ricardo Rodriguez,8603,Real Betis,ESP-La Liga,1.5,31.6,1.0,0.0,4.6,0.3,0.02,0.01,0.4,1.0,0.0,0.5,0.0,0.2,0.1,6.71,0.0,5.0,0.2,1.1,0.1,1045,16,Defender,0.8,0.3125,0.0474683544303797,0.25,0.06,23.341294318888657,19.56853445296841,25.819173750777523,33.80008552767986,24.66585650474284,True,False,Switzerland
799230,Federico Baschirotto,7801,Cremonese,ITA-Serie A,2.3,39.0,0.0,0.0,6.7,0.1,0.01,0.04,1.6,0.0,0.08,0.9,0.2,1.2,0.0,6.64,0.0,1.0,0.5,1.0,0.0,2250,25,Defender,0.5428571428571428,0.4736842105263158,0.0589743589743589,0.0,0.1,32.92452830188679,20.170990566037737,14.15683962264151,39.82900943396227,24.5029940290956,True,False,Italy
1097009,Oliver Sørensen,10167,Parma,ITA-Serie A,0.9,21.8,0.0,0.0,1.6,0.3,0.02,0.1,0.7,0.0,0.06,1.0,0.2,0.1,0.1,6.46,0.0,7.0,0.9,1.0,0.1,1475,24,Midfielder,0.7407407407407407,0.5,0.0412844036697247,0.1428571428571428,0.0428571428571428,20.4186320754717,14.528301886792454,34.386792452830186,40.168042452830186,24.45883443743811,True,False,Denmark
1079554,Anthony Rouault,9851,Rennes,FRA-Ligue 1,2.1,48.7,0.0,0.0,5.1,0.2,0.02,0.06,1.2,0.0,0.08,1.1,0.1,1.1,0.0,6.78,0.0,5.0,0.4,1.3,0.2,1097,14,Defender,0.6666666666666666,0.4583333333333333,0.0431211498973305,0.1666666666666666,0.04,27.156152809454696,18.963732808072432,20.45753853065173,35.6082616283088,24.415461007557795,True,False,France
888921,Lewis Ferguson,9857,Bologna,ITA-Serie A,2.8,54.3,1.0,0.0,1.8,1.1,0.09,0.05,2.2,0.0,0.08,0.4,0.2,0.6,0.2,6.55,0.0,12.0,0.8,1.4,0.1,1123,18,Midfielder,0.4499999999999999,0.2222222222222222,0.0515653775322283,0.0454545454545454,0.0916666666666666,27.085398092473568,40.58839588084872,18.34472406524293,14.873198735227035,24.11458048113376,True,False,Scotland
39591,Axel Witsel,7732,Girona,ESP-La Liga,1.1,42.8,0.0,0.0,2.5,0.4,0.03,0.1,1.4,0.0,0.06,1.0,0.1,0.3,0.3,6.8,0.0,8.0,0.8,1.3,0.1,1389,18,Midfielder,0.6216216216216216,0.4347826086956522,0.0257009345794392,0.0714285714285714,0.05,14.58431603773585,19.19221698113208,37.8626179245283,37.824292452830186,23.99130812939293,True,False,Belgium
897315,Simone Canestrelli,6479,Pisa,ITA-Serie A,1.8,27.3,0.0,0.0,6.0,0.2,0.01,0.04,1.1,0.0,0.0,0.8,0.0,0.7,0.0,6.57,0.0,7.0,0.4,1.3,0.0,2205,25,Defender,0.65625,0.3809523809523809,0.0659340659340659,0.0,0.0285714285714285,30.30365566037736,11.132075471698114,22.452830188679243,45.1503537735849,23.705141209198995,True,False,Italy
1396089,Matteo Prati,9804,Torino,ITA-Serie A,2.7,31.3,0.0,0.0,3.1,0.5,0.04,0.07,1.3,0.0,0.0,0.0,0.0,0.5,0.0,6.55,0.0,0.0,1.4,1.7,0.0,1347,22,Midfielder,0.5666666666666667,0.0,0.0862619808306709,0.0,0.0,40.4628537735849,12.270047169811322,19.619693396226417,30.483490566037737,23.67633651471307,True,False,Italy
1056071,Victor Parada,9866,Alavés,ESP-La Liga,1.0,25.2,1.0,0.0,3.1,0.7,0.06,0.04,1.6,1.0,0.0,0.3,0.1,0.3,0.0,6.48,0.0,9.0,0.4,1.2,0.4,1086,17,Defender,0.4838709677419354,0.1999999999999999,0.0396825396825396,0.25,0.0777777777777777,34.51650943396226,37.23466981132076,9.74056603773585,22.47936320754717,23.531401146812616,True,False,Spain
149219,Christian Kabasele,8600,Udinese,ITA-Serie A,2.5,28.6,0.0,0.0,6.4,0.1,0.0,0.06,1.5,0.0,0.14,1.6,0.3,0.9,0.0,6.79,0.0,1.0,0.4,0.5,0.1,1282,18,Defender,0.5833333333333334,0.7619047619047619,0.0874125874125874,0.0666666666666666,0.1,31.10072828115281,18.58982134217983,15.1489693482618,34.72382766604465,23.3545369968808,True,False,Belgium
1574492,Tiago Gabriel,9888,Lecce,ITA-Serie A,2.0,34.9,0.0,0.0,6.8,0.1,0.0,0.1,0.9,0.0,0.04,1.1,0.1,0.6,0.0,6.88,0.0,0.0,0.6,1.8,0.0,2146,25,Defender,0.7631578947368421,0.3793103448275862,0.0573065902578796,0.0,0.0,30.02063679245283,3.337264150943396,46.83667452830189,72.03714622641509,23.079767462220204,True,False,Portugal
197352,Juan Jesus,9875,Napoli,ITA-Serie A,2.7,67.8,0.0,0.0,3.0,0.1,0.01,0.02,2.3,0.0,0.0,1.4,0.0,0.7,0.0,6.81,0.0,3.0,0.2,2.2,0.0,1247,17,Defender,0.6101694915254237,0.3888888888888888,0.0398230088495575,0.0,0.0333333333333333,21.14003645725344,11.408208929435345,30.107695763356137,41.15071445849748,22.61418505925692,True,False,Brazil
1523234,Jon Martin,8560,Real Sociedad,ESP-La Liga,1.3,46.1,0.0,0.0,5.6,0.1,0.01,0.07,0.8,0.0,0.0,1.4,0.2,1.3,0.0,7.04,0.0,2.0,0.7,1.1,0.4,1350,15,Defender,0.7575757575757576,0.5599999999999999,0.0281995661605206,0.5,0.05,28.7500993503352,8.038090054599488,26.444173750777523,44.000557225793074,22.292262972699145,True,False,Spain
1428427,Nobel Mendy,8370,Rayo Vallecano,ESP-La Liga,2.6,41.5,0.0,0.0,6.5,0.1,0.0,0.13,1.6,0.0,0.16,1.0,0.2,0.9,0.0,6.81,0.0,2.0,0.8,1.1,0.2,1129,14,Defender,0.5675675675675675,0.4761904761904761,0.0626506024096385,0.125,0.05,46.89268867924528,6.798349056603774,17.329009433962263,43.42570754716981,22.216478483945085,True,False,Senegal
439148,Morten Thorsby,7801,Cremonese,ITA-Serie A,0.4,17.5,0.0,0.0,2.2,0.4,0.04,0.2,1.7,0.0,0.3,0.0,0.7,0.6,0.5,6.87,0.0,9.0,1.7,1.2,0.3,911,15,Midfielder,0.4137931034482758,0.0,0.0228571428571428,0.1764705882352941,0.0444444444444444,20.073702830188672,21.85141509433962,30.2623820754717,17.025353773584907,21.98381929181804,True,False,Norway
612863,Andre-Frank Zambo Anguissa,9875,Napoli,ITA-Serie A,0.0,0.0,1.0,0.0,0.0,1.0,0.0,0.0,0.0,1.0,0.0,0.0,0.0,0.0,0.0,0.0,0.0,10.0,0.0,0.0,0.0,932,11,Midfielder,0.0,0.0,0.0,0.0,0.1,19.775913159167875,41.758423180592985,18.57796409565277,14.221590123712764,21.971825846098,True,False,Cameroon
1343750,Renato Veiga,10205,Villarreal,ESP-La Liga,3.1,49.6,0.0,0.0,5.4,0.2,0.01,0.01,0.8,0.0,0.0,0.7,0.2,1.2,0.1,6.64,0.0,2.0,0.5,0.8,0.0,1563,21,Defender,0.6521739130434783,0.4666666666666666,0.0625,0.0,0.1,27.635712557882368,20.62964786785541,15.166658027507085,25.525714458497475,21.76116835060356,True,False,Portugal
566425,Domingos Duarte,8305,Getafe,ESP-La Liga,2.4,22.8,0.0,0.0,6.5,0.1,0.01,0.03,1.1,0.0,0.0,1.0,0.0,0.4,0.0,6.67,0.0,0.0,0.4,0.9,0.0,1805,21,Defender,0.6333333333333333,0.5263157894736842,0.1052631578947368,0.0,0.0,40.92120222544751,5.177586564379017,21.58858594235953,47.68524517934896,21.446143651761943,True,False,Portugal
844996,Matteo Gabbia,8564,Milan,ITA-Serie A,3.2,49.8,0.0,0.0,5.9,0.1,0.01,0.06,0.8,0.0,0.0,0.5,0.1,0.6,0.0,7.02,0.0,2.0,0.8,0.7,0.0,1991,24,Defender,0.6,0.4166666666666667,0.0642570281124498,0.0,0.05,39.14521995300297,12.765196281705714,12.132183461192897,32.910684048655746,21.318793340310872,True,False,Italy
570434,Diego Carlos,10171,Como,ITA-Serie A,2.8,58.4,0.0,0.0,5.8,0.1,0.01,0.02,1.4,0.0,0.0,0.7,0.1,0.7,0.0,6.9,0.0,2.0,0.1,1.4,0.0,1331,16,Defender,0.6,0.3333333333333333,0.047945205479452,0.0,0.05,32.3997641509434,7.895047169811321,19.616745283018865,40.68396226415094,21.01564016407617,True,False,Brazil
1419969,Rodrigo Mendoza,9906,Atlético de Madrid,ESP-La Liga,1.9,40.5,0.0,0.0,0.7,0.9,0.09,0.07,2.1,0.0,0.0,0.0,0.0,0.0,0.4,6.51,0.0,0.0,1.2,1.3,0.0,901,18,Midfielder,0.3823529411764705,0.0,0.0469135802469135,0.0,0.0,25.15625,21.468160377358487,29.142099056603776,9.198113207547168,20.51220914450934,True,False,Spain
693736,Unai Elgezabal,8581,Levante,ESP-La Liga,1.3,32.7,0.0,0.0,6.6,0.4,0.03,0.06,1.0,0.0,0.09,0.3,0.1,1.5,0.1,6.35,0.0,2.0,0.3,0.8,0.0,958,12,Defender,0.5238095238095238,0.2727272727272727,0.0397553516819571,0.0,0.2,16.65389150943396,38.74410377358491,10.972877358490566,27.22582547169812,20.444781181502822,True,False,Spain
1396089,Matteo Prati,8529,Cagliari,ITA-Serie A,0.0,0.0,4.0,0.0,0.0,0.0,0.0,0.0,0.0,0.0,0.07,1.0,0.1,0.0,0.2,0.0,0.0,8.0,0.0,0.0,0.1,1347,22,Midfielder,1.0,1.0,0.0,0.0,0.0,5.3744103773584895,23.785377358490567,46.52712264150944,39.29834905660377,19.9057327505125,True,False,Italy
753593,Marcao,8302,Sevilla,ESP-La Liga,2.5,39.1,0.0,0.0,5.7,0.1,0.01,0.07,2.1,0.0,0.0,0.5,0.2,0.5,0.0,0.0,0.0,0.0,1.0,1.2,0.1,937,13,Defender,0.4473684210526316,0.2941176470588235,0.0639386189258312,0.0476190476190476,0.0,40.079599056603776,4.433962264150944,10.999410377358492,31.02889150943396,15.895368926950187,True,False,Brazil
439148,Morten Thorsby,10233,Genoa,ITA-Serie A,0.0,0.0,3.0,0.0,0.0,0.0,0.0,0.0,0.0,1.0,0.0,0.3,0.0,0.0,0.0,0.0,0.0,0.0,0.0,0.0,0.0,911,15,Midfielder,1.0,1.0,0.0,0.0,0.0,2.38502358490566,14.4811320754717,28.12205188679245,26.34139150943396,11.215998072747231,True,False,Norway
821728,Jorge Cuenca,9879,Fulham,ENG-Premier League,0.0,0.0,1.0,0.0,0.0,0.6,0.0,0.0,0.0,0.0,0.0,0.0,0.0,0.0,0.0,0.0,0.0,3.0,0.0,0.0,0.0,931,12,Defender,0.0,0.0,0.0,0.0,0.1999999999999999,2.38502358490566,37.53537735849056,2.7446933962264146,0.6043632075471699,4.135056608237515,True,False,Spain
604330,Sebastiano Luperto,8529,Cagliari,ITA-Serie A,0.0,0.0,0.0,0.0,0.0,0.0,0.0,0.02,0.0,0.0,0.05,0.0,0.1,0.0,0.0,0.0,0.0,0.0,0.3,0.0,0.0,1887,21,Defender,0.0,0.0,0.0,0.0,0.0,2.38502358490566,3.337264150943396,2.7446933962264146,0.6043632075471699,2.257973853111852,True,False,Italy
690149,Axel Tuanzebe,8191,Burnley,ENG-Premier League,0.0,0.0,0.0,0.0,0.0,0.1,0.0,0.0,0.0,0.0,0.0,0.0,0.0,0.0,0.0,0.0,0.0,0.0,0.0,0.0,0.0,932,11,Defender,0.0,0.0,0.0,0.0,0.0,2.38502358490566,3.337264150943396,2.7446933962264146,0.6043632075471699,2.257973853111852,True,False,DR Congo
671529,Konstantinos Tsimikas,8686,Roma,ITA-Serie A,0.9,28.9,0.0,0.0,2.2,0.1,0.03,0.07,1.3,0.0,0.0,1.3,0.0,0.4,0.7,0.0,0.0,1.0,1.1,1.5,1.1,408,13,Defender,0.6829268292682927,0.4642857142857143,0.0311418685121107,0.8461538461538461,0.1,59.137717121588096,29.49131513647643,67.31389578163771,62.45864350703061,51.89524811963479,True,True,Greece
963964,Harvey Elliott,10252,Aston Villa,ENG-Premier League,0.0,0.0,0.0,0.0,0.0,0.1,0.0,0.0,0.0,0.0,0.0,0.0,0.0,0.0,0.0,0.0,0.0,1.0,0.0,0.0,0.0,110,5,Midfielder,0.0,0.0,0.0,0.0,0.1,7.049634104871487,23.43877682334396,6.9595989786624015,4.750050938884063,8.768381078758742,True,True,England
