player_id,player,team_id,team,league,accurate_long_balls,accurate_pass,big_chance_created,clean_sheet,effective_clearance,expected_assists,expected_assists_per_90,expected_goals_per_90,fouls,goal_assist,goals_per_90,interception,ontarget_scoring_att,outfielder_block,poss_won_att_3rd,rating,saves,total_att_assist,total_scoring_att,total_tackle,won_contest,minutes_played,matches_played,position,clean_defend_rate,interception_share,progressive_pass_share,carry_to_foul_ratio,goal_involvement_balance,chance_quality,attacking_output,chance_creation,wide_progression,defensive_recovery,composite_score,has_primary_season,is_manual_add,nationality
760712,Trent Alexander-Arnold,8650,Liverpool,ENG-Premier League,4.8,47.6,15.0,0.0,1.8,7.4,0.28,0.09,0.4,6.0,0.11,1.2,0.3,0.3,0.4,7.38,0.0,53.0,1.7,2.7,0.6,2377,33,Defender,0.9069767441860463,0.3076923076923076,0.1008403361344537,1.4999999999999998,0.0681081081081081,0.1396226415094339,87.5412087912088,91.96153846153848,83.4010989010989,84.88186813186815,87.0204345893313,False,False,England
1737700,Lennart Karl,9823,Bayern München,GER-Bundesliga,2.1,49.0,4.0,0.0,0.2,3.0,0.3,0.47,0.4,2.0,0.4,1.1,1.4,0.2,1.1,7.03,0.0,15.0,3.1,2.0,1.5,905,20,Midfielder,0.8857142857142858,0.3548387096774194,0.0428571428571428,3.75,0.1831168831168831,0.2,90.5070754716981,86.16745283018868,82.12264150943396,80.9375,85.32695705832981,True,False,Germany
1158945,Nuno Mendes,9847,Paris Saint-Germain,FRA-Ligue 1,3.5,63.2,8.0,0.0,1.0,3.2,0.28,0.24,0.8,3.0,0.27,1.1,0.9,0.2,0.6,7.65,0.0,25.0,2.1,1.9,1.9,1016,15,Defender,0.7894736842105263,0.3666666666666667,0.055379746835443,2.375,0.1292307692307692,0.128,91.59975637569978,87.31359285368718,90.09763114244248,69.53207287995023,85.30100321753109,True,False,Portugal
1083323,Pedri,8634,Barcelona,ESP-La Liga,3.5,82.1,5.0,0.0,0.9,3.3,0.24,0.11,0.6,5.0,0.15,1.0,0.7,0.1,0.8,7.9,0.0,38.0,1.3,2.1,1.8,1218,16,Midfielder,0.8378378378378378,0.3225806451612903,0.0426309378806333,3.0,0.0754285714285714,0.0868421052631578,87.73345168981962,80.74128308798122,89.51492414817886,76.76256997719263,84.08668662424596,True,False,Spain
1207992,Vanderson,9829,Monaco,FRA-Ligue 1,3.4,39.6,5.0,0.0,2.6,3.8,0.16,0.1,1.2,3.0,0.04,1.7,0.3,0.3,0.7,7.22,0.0,23.0,0.9,3.3,1.0,2073,29,Defender,0.8064516129032258,0.3399999999999999,0.0858585858585858,0.8333333333333334,0.0615384615384615,0.1652173913043478,78.46153846153847,81.45054945054946,84.50549450549451,93.7664835164835,83.6086696429701,False,False,Brazil
888912,Mikkel Damsgaard,9937,Brentford,ENG-Premier League,1.4,28.0,9.0,0.0,0.7,3.7,0.25,0.08,0.8,3.0,0.07,1.1,0.4,0.2,1.1,6.89,0.0,29.0,1.0,2.5,0.8,1303,22,Midfielder,0.8181818181818181,0.3055555555555556,0.0499999999999999,1.0,0.0606060606060606,0.1275862068965517,84.5517572050591,87.20738302577927,73.24660049070427,83.35397228557606,81.97043378820467,True,False,Denmark
770881,Achraf Hakimi,9847,Paris Saint-Germain,FRA-Ligue 1,1.7,75.5,12.0,0.0,0.6,5.3,0.23,0.13,0.8,6.0,0.17,1.3,0.6,0.1,0.8,7.91,0.0,50.0,1.4,2.1,1.1,2067,25,Defender,0.8095238095238095,0.3823529411764705,0.0225165562913907,1.375,0.0830555555555555,0.106,90.4532967032967,83.89560439560438,69.9587912087912,83.40384615384616,81.90490514454639,False,False,Morocco
605654,Fabián Ruiz,9847,Paris Saint-Germain,FRA-Ligue 1,3.4,67.6,9.0,0.0,1.2,5.1,0.24,0.19,0.3,5.0,0.19,0.7,0.6,0.1,0.4,7.38,0.0,36.0,2.0,1.7,0.7,1923,30,Midfielder,0.888888888888889,0.2916666666666667,0.0502958579881656,2.333333333333333,0.1060465116279069,0.1416666666666666,92.0467032967033,88.74725274725274,80.00824175824177,63.0576923076923,81.65306610755046,False,False,Spain
614449,Nadiem Amiri,9905,1. FSV Mainz 05,GER-Bundesliga,2.9,40.0,11.0,0.0,0.5,5.0,0.29,0.4,1.0,2.0,0.52,0.9,0.8,0.2,0.7,7.59,0.0,43.0,2.1,1.5,1.0,1561,19,Midfielder,0.7058823529411765,0.375,0.0725,1.0,0.1681159420289855,0.1162790697674418,97.86792020872208,89.66286543645033,84.82365315502108,51.24693741792797,81.17234409118467,True,False,Germany
823293,Aron Dønnum,9941,Toulouse,FRA-Ligue 1,3.2,28.2,6.0,0.0,0.6,4.9,0.26,0.23,1.2,3.0,0.16,1.1,0.6,0.1,0.5,7.41,0.0,43.0,1.5,1.7,1.1,1681,19,Midfielder,0.7,0.3928571428571429,0.1134751773049645,0.9166666666666669,0.1220408163265306,0.113953488372093,91.08138520284749,85.08039601907525,88.77081173543438,57.05288461538461,81.02318907511057,True,False,Norway
614384,Maximilian Mittelstaedt,10269,VfB Stuttgart,GER-Bundesliga,2.0,45.9,8.0,0.0,3.0,3.9,0.25,0.14,0.4,3.0,0.19,1.8,0.6,0.4,0.2,7.56,0.0,25.0,1.2,3.2,0.4,1424,21,Defender,0.9259259259259258,0.36,0.0435729847494553,1.0,0.0897435897435897,0.156,82.75284660308246,90.89526746838068,63.56229266017002,86.78989563895225,80.06891107261099,True,False,Germany
460632,Joshua Kimmich,9823,Bayern München,GER-Bundesliga,6.9,96.7,12.0,0.0,0.7,6.3,0.41,0.13,0.3,5.0,0.07,0.8,0.3,0.1,0.3,7.61,0.0,34.0,1.0,1.0,0.7,1377,18,Midfielder,0.8571428571428571,0.4444444444444445,0.0713547052740434,2.333333333333333,0.0987037037037037,0.1852941176470588,89.43260159651668,94.3355795148248,81.76218985417098,53.240566037735846,79.8921854257832,True,False,Germany
422685,Bruno Fernandes,10260,Manchester United,ENG-Premier League,4.2,49.1,18.0,0.0,1.6,6.7,0.3,0.37,0.7,12.0,0.27,0.5,0.7,0.2,0.5,7.98,0.0,78.0,2.6,1.7,0.5,1987,23,Midfielder,0.7586206896551724,0.2272727272727272,0.0855397148676171,0.7142857142857143,0.1656716417910448,0.0858974358974359,98.52333005045269,79.90502971870897,78.35656403345082,59.2022124887691,79.74283792460335,True,False,Portugal
999690,Ilan Kebbal,6379,Paris FC,FRA-Ligue 1,3.3,51.0,6.0,0.0,0.3,4.6,0.23,0.28,0.5,4.0,0.4,0.3,0.8,0.0,0.9,7.62,0.0,45.0,2.1,1.3,1.3,1812,21,Midfielder,0.7619047619047619,0.1874999999999999,0.0647058823529411,2.6,0.1262745098039216,0.1022222222222222,96.9192216981132,82.84787735849056,91.40330188679243,45.63384433962264,78.9934722797654,True,False,Algeria
1436305,Lamine Camara,9829,Monaco,FRA-Ligue 1,2.9,46.6,6.0,0.0,0.9,2.6,0.24,0.04,1.4,3.0,0.0,2.3,0.0,0.1,1.2,7.51,0.0,21.0,0.9,2.3,1.2,938,13,Midfielder,0.7666666666666666,0.5,0.0622317596566523,0.8571428571428572,0.0342857142857142,0.1238095238095238,74.36614486142787,83.19781083696178,75.48905418480891,83.88275364572534,78.64046756632483,True,False,Senegal
179515,Téji Savanier,10249,Montpellier,FRA-Ligue 1,7.2,38.1,16.0,0.0,0.8,7.7,0.3,0.16,0.8,5.0,0.08,0.6,0.7,0.0,0.7,7.04,0.0,70.0,1.8,1.2,1.1,2339,31,Midfielder,0.6923076923076923,0.3333333333333333,0.1889763779527559,1.375,0.1043478260869565,0.11,94.82142857142856,86.96703296703295,92.03571428571428,42.64010989010988,78.49886392805477,False,False,France
837089,Edu Exposito,8558,Espanyol,ESP-La Liga,2.5,29.5,8.0,0.0,1.0,5.3,0.3,0.09,0.9,5.0,0.0,0.8,0.5,0.1,0.4,7.09,0.0,55.0,1.5,1.9,1.0,1582,23,Midfielder,0.75,0.2962962962962963,0.0847457627118644,1.1111111111111112,0.0692307692307692,0.0963636363636363,86.0950782707858,78.71890766466238,84.17058884511714,60.30277230631005,77.9598167072058,True,False,Spain
771401,Anthony Caci,9905,1. FSV Mainz 05,GER-Bundesliga,1.5,31.5,6.0,0.0,1.4,7.9,0.26,0.1,1.2,7.0,0.03,0.9,0.4,0.3,0.5,7.25,0.0,50.0,1.1,2.0,1.0,2703,33,Midfielder,0.7073170731707318,0.3103448275862069,0.0476190476190476,0.8333333333333334,0.0722222222222222,0.158,88.48901098901099,90.27472527472528,69.56593406593407,60.64835164835165,77.64639586539586,False,False,France
1253890,Arda Güler,8633,Real Madrid,ESP-La Liga,2.9,52.4,11.0,0.0,0.5,5.5,0.33,0.25,1.2,7.0,0.18,0.5,0.9,0.1,0.4,7.49,0.0,55.0,2.3,1.7,1.1,1532,24,Midfielder,0.6470588235294118,0.2272727272727272,0.0553435114503816,0.9166666666666669,0.1422413793103448,0.1,97.10160515585044,84.83534625751606,83.64518971594443,45.19740911604119,77.6148964839015,True,False,Turkiye
1173787,Xavi Simons,8586,Tottenham Hotspur,ENG-Premier League,1.8,34.6,6.0,0.0,0.5,3.3,0.21,0.13,1.0,4.0,0.07,0.8,0.5,0.1,1.2,7.01,0.0,26.0,2.0,1.9,1.4,1378,20,Midfielder,0.7297297297297297,0.2962962962962963,0.0520231213872832,1.4,0.0802941176470588,0.1269230769230769,90.81173543437694,85.53957599004768,77.84138934964407,54.01974047964615,77.58852740855163,True,False,Netherlands
715301,Jonathan Clauss,9831,Nice,FRA-Ligue 1,2.2,39.6,6.0,0.0,2.6,4.0,0.22,0.04,0.8,4.0,0.06,1.5,0.1,0.2,0.4,7.41,0.0,40.0,0.7,2.2,1.2,1605,19,Midfielder,0.8222222222222223,0.4054054054054054,0.0555555555555555,1.4999999999999998,0.0338461538461538,0.1,76.8520630313083,83.82841765153086,69.20782794249776,82.15228246596172,77.5366811771906,True,False,France
1327150,Arijon Ibrahimovic,94937,1. FC Heidenheim 1846,GER-Bundesliga,1.8,25.3,6.0,0.0,1.0,4.0,0.22,0.23,0.5,2.0,0.0,0.8,0.8,0.2,0.5,6.88,0.0,41.0,2.0,1.3,0.8,1602,22,Midfielder,0.8076923076923077,0.3809523809523809,0.0711462450592885,1.6,0.1124444444444444,0.0975609756097561,95.3567216981132,79.19811320754717,77.93926886792453,54.84964622641509,77.49219281246441,True,False,Germany
1565010,Arthur Avom,8689,Lorient,FRA-Ligue 1,3.2,42.4,3.0,0.0,0.8,2.3,0.14,0.05,0.8,1.0,0.0,1.4,0.1,0.1,0.7,7.02,0.0,22.0,0.9,2.5,1.1,1423,20,Midfielder,0.8297872340425532,0.358974358974359,0.0754716981132075,1.375,0.0368421052631579,0.1045454545454545,67.27594339622641,71.0495283018868,89.21580188679245,88.65860849056604,77.33976830468676,True,False,Cameroon
1342754,Diego Moreira,9848,Strasbourg,FRA-Ligue 1,1.5,34.3,10.0,0.0,1.2,3.3,0.18,0.08,0.8,3.0,0.11,0.9,0.4,0.2,0.5,7.09,0.0,28.0,1.1,2.1,1.3,1660,21,Midfielder,0.7894736842105263,0.3,0.0437317784256559,1.625,0.0553846153846153,0.1178571428571428,80.40362153569701,87.13548793973321,74.15102978782222,65.5779511369134,77.1813402003506,True,False,Belgium
1071186,Angelo Stiller,10269,VfB Stuttgart,GER-Bundesliga,2.4,67.5,6.0,0.0,1.4,4.9,0.26,0.11,0.6,5.0,0.05,1.0,0.2,0.2,0.7,7.32,0.0,36.0,0.4,1.4,0.5,1703,22,Midfielder,0.7999999999999999,0.4166666666666667,0.0355555555555555,0.8333333333333334,0.0772972972972973,0.1361111111111111,86.7112663280116,90.3928225862188,66.76074279494092,62.93134459879743,76.97679728664403,True,False,Germany
1305543,Kévin Danois,8583,Auxerre,FRA-Ligue 1,2.8,40.1,6.0,0.0,0.4,3.0,0.15,0.08,1.0,1.0,0.1,1.2,0.3,0.1,0.5,7.15,0.0,34.0,1.0,2.0,1.3,1762,21,Midfielder,0.7619047619047619,0.3749999999999999,0.0698254364089775,1.3,0.0521739130434782,0.088235294117647,78.15884390766466,67.40782880641372,86.63412295251918,75.98945590572949,76.85001127107196,True,False,France
1286183,Tom Bischof,8226,TSG 1899 Hoffenheim,GER-Bundesliga,2.3,40.2,8.0,0.0,1.8,4.8,0.17,0.08,1.6,2.0,0.18,1.1,0.6,0.4,0.3,7.23,0.0,50.0,1.8,3.3,1.0,2567,31,Midfielder,0.7333333333333334,0.25,0.0572139303482586,0.625,0.0544,0.096,82.00549450549451,76.74175824175823,74.03296703296702,73.17582417582418,76.8494272511919,False,False,Germany
629805,Ritsu Doan,9810,Eintracht Frankfurt,GER-Bundesliga,0.9,25.2,10.0,0.0,0.6,4.1,0.2,0.12,0.8,5.0,0.2,0.7,0.5,0.0,0.7,7.11,0.0,29.0,1.5,1.7,1.4,1817,22,Midfielder,0.7499999999999999,0.2916666666666667,0.0357142857142857,1.7499999999999998,0.075,0.1413793103448275,88.18210484484068,89.18197525744695,70.47317108991638,57.5777049208653,76.77860789524189,True,False,Japan
749488,Romano Schmid,8697,SV Werder Bremen,GER-Bundesliga,2.1,32.6,11.0,0.0,0.3,6.4,0.3,0.21,0.7,5.0,0.09,0.4,0.6,0.1,1.2,7.16,0.0,60.0,1.7,1.4,1.1,1931,22,Midfielder,0.72,0.2222222222222222,0.0644171779141104,1.5714285714285716,0.1235294117647058,0.1066666666666666,95.71752539912916,86.92047653604259,82.51860011058125,42.921405245697706,76.6921146297296,True,False,Austria
1156141,Jamal Musiala,9823,Bayern München,GER-Bundesliga,0.6,38.5,9.0,0.0,0.2,5.9,0.3,0.47,1.0,2.0,0.6,0.4,1.6,0.0,0.7,7.77,0.0,41.0,3.4,1.8,3.6,1804,25,Midfielder,0.6875,0.1818181818181818,0.0155844155844155,3.6,0.1831168831168831,0.1439024390243902,96.90934065934066,90.489010989011,69.36813186813187,49.11538461538461,76.48779858903416,False,False,Germany
1404415,Fermin Lopez,8634,Barcelona,ESP-La Liga,2.0,39.4,10.0,0.0,0.3,3.0,0.25,0.34,1.3,5.0,0.34,0.4,1.3,0.0,0.7,7.31,0.0,22.0,3.5,2.0,1.8,1070,18,Midfielder,0.6486486486486486,0.1666666666666666,0.0507614213197969,1.3846153846153846,0.1440677966101695,0.1363636363636363,94.24683806759278,88.19568560370448,80.54224980993848,43.1817549588776,76.24438552850808,True,False,Spain
1077894,Jude Bellingham,8633,Real Madrid,ESP-La Liga,3.0,51.4,3.0,0.0,0.8,1.7,0.12,0.37,1.9,3.0,0.28,0.8,1.3,0.1,1.1,7.75,0.0,30.0,2.5,2.9,1.6,1291,18,Midfielder,0.6607142857142858,0.2162162162162162,0.0583657587548638,0.8421052631578948,0.0906122448979591,0.0566666666666666,90.41973356831848,63.0689404934688,84.57930316538807,65.11997200912295,76.10123722887484,True,False,England
31097,Luka Modric,8564,Milan,ITA-Serie A,5.2,62.7,4.0,0.0,1.2,3.4,0.15,0.06,0.7,3.0,0.09,1.4,0.3,0.4,0.4,7.73,0.0,38.0,0.5,1.8,0.5,2006,24,Midfielder,0.8205128205128205,0.4374999999999999,0.0829346092503987,0.7142857142857143,0.0428571428571428,0.0894736842105263,79.15962575160688,75.40389798880365,76.56664247701984,71.43303787407561,75.97825131939908,True,False,Croatia
650616,Mathias Jensen,9937,Brentford,ENG-Premier League,2.8,33.7,6.0,0.0,1.3,3.3,0.25,0.14,0.9,1.0,0.15,0.4,0.3,0.1,0.5,6.66,0.0,17.0,1.3,1.7,1.0,1206,24,Midfielder,0.7000000000000001,0.1904761904761904,0.0830860534124628,1.1111111111111112,0.0897435897435897,0.1941176470588235,85.9375,88.31957547169812,86.41214622641509,44.23349056603774,75.86876213272159,True,False,Denmark
288406,Alejandro Grimaldo,8178,Bayer 04 Leverkusen,GER-Bundesliga,2.1,60.0,8.0,0.0,1.9,3.7,0.23,0.25,0.5,5.0,0.31,0.7,0.8,0.2,0.4,7.65,0.0,33.0,1.9,1.6,1.0,1444,17,Midfielder,0.8214285714285714,0.3043478260869565,0.035,2.0,0.1197916666666666,0.1121212121212121,93.11517295597484,85.90333644343077,71.21401358075886,51.54392148731771,75.8203005092521,True,False,Spain
298823,Mitchell Weiser,8697,SV Werder Bremen,GER-Bundesliga,1.1,28.3,10.0,0.0,1.7,5.4,0.17,0.17,0.9,8.0,0.16,0.7,0.5,0.1,0.4,7.24,0.0,42.0,1.3,1.9,1.1,2870,32,Midfielder,0.7428571428571429,0.2692307692307693,0.03886925795053,1.2222222222222223,0.085,0.1285714285714286,89.56043956043955,85.24175824175825,68.03021978021978,57.31593406593405,75.5315693128807,False,False,Germany
921341,Alexis Saelemaekers,8564,Milan,ITA-Serie A,0.9,36.9,4.0,0.0,0.9,3.3,0.16,0.1,0.7,3.0,0.1,0.9,0.3,0.1,0.7,7.51,0.0,30.0,1.4,2.4,1.8,1874,23,Midfielder,0.825,0.2727272727272727,0.024390243902439,2.571428571428572,0.0615384615384615,0.11,83.16227797359873,74.01088534107402,69.68089968207892,73.06719106365334,75.30515949667678,True,False,Belgium
493165,James Maddison,8586,Tottenham Hotspur,ENG-Premier League,2.0,49.3,6.0,0.0,0.8,5.9,0.29,0.29,1.6,7.0,0.45,0.6,0.8,0.2,0.7,7.29,0.0,41.0,1.9,1.5,1.6,1816,31,Midfielder,0.5675675675675675,0.2857142857142857,0.0405679513184584,1.0,0.145,0.1439024390243902,95.78296703296704,88.3901098901099,77.25274725274726,41.06318681318681,75.1028499425344,False,False,England
708435,Gaëtan Perrin,8583,Auxerre,FRA-Ligue 1,1.7,22.3,19.0,0.0,0.1,4.7,0.16,0.2,0.8,11.0,0.33,0.4,0.9,0.0,0.7,7.29,0.0,73.0,2.0,1.6,2.0,2704,34,Midfielder,0.7142857142857143,0.2,0.0762331838565022,2.5,0.0888888888888888,0.0643835616438356,92.26648351648352,69.96703296703296,87.25274725274726,49.038461538461526,74.82361728425136,False,False,France
806669,David Raum,178475,RB Leipzig,GER-Bundesliga,3.0,49.6,13.0,0.0,3.9,7.4,0.36,0.1,1.1,4.0,0.15,1.2,0.2,0.2,0.3,7.6,0.0,65.0,0.9,2.0,0.6,1854,21,Defender,0.7441860465116278,0.3749999999999999,0.0604838709677419,0.5454545454545454,0.0782608695652174,0.1138461538461538,81.26933011956598,89.6552025019006,67.29319579791277,60.16441616559541,74.81395390133456,True,False,Germany
654096,Declan Rice,9825,Arsenal,ENG-Premier League,2.5,55.8,13.0,0.0,2.3,5.6,0.22,0.11,0.7,4.0,0.16,1.1,0.5,0.4,0.4,7.66,0.0,51.0,1.4,1.9,0.4,2239,26,Midfielder,0.8108108108108107,0.3666666666666667,0.0448028673835125,0.5714285714285715,0.0733333333333333,0.1098039215686274,88.87824832400304,83.76553320892944,57.74355086737163,68.54921729214182,74.64167163485337,True,False,England
660326,Matthieu Udol,8588,Lens,FRA-Ligue 1,1.5,31.9,17.0,0.0,2.1,5.8,0.27,0.09,1.0,6.0,0.0,1.5,0.3,0.4,0.5,7.35,0.0,34.0,1.0,1.5,0.5,1968,22,Defender,0.75,0.5,0.0470219435736677,0.5,0.0675,0.1705882352941176,86.57134433962264,94.64622641509432,54.20400943396226,65.96403301886792,74.57742214507215,True,False,France
1061249,Vitinha,9847,Paris Saint-Germain,FRA-Ligue 1,7.5,111.0,8.0,0.0,1.1,3.3,0.18,0.04,0.6,7.0,0.05,1.1,0.5,0.2,0.8,7.78,0.0,29.0,1.5,0.9,0.5,1649,21,Midfielder,0.7692307692307692,0.55,0.0675675675675675,0.8333333333333334,0.0327272727272727,0.1137931034482758,74.1174234570461,81.75403448752506,81.76631937245145,58.9070426428917,74.34991027654729,True,False,Portugal
883087,Ridle Baku,178475,RB Leipzig,GER-Bundesliga,3.9,54.4,7.0,0.0,3.2,4.0,0.23,0.08,1.0,2.0,0.06,0.7,0.2,0.3,0.3,7.03,0.0,27.0,1.2,2.4,0.6,1556,20,Defender,0.7560975609756098,0.2258064516129032,0.0716911764705882,0.6,0.0593548387096774,0.1481481481481481,81.08065087428295,83.25410360080171,73.43761662865437,57.551325247079966,74.3476574551738,True,False,Germany
604126,Giovani Lo Celso,8603,Real Betis,ESP-La Liga,2.5,49.0,6.0,0.0,0.3,2.0,0.17,0.2,0.6,2.0,0.16,0.4,0.8,0.0,0.9,7.11,0.0,25.0,2.2,1.1,1.1,1098,17,Midfielder,0.7142857142857143,0.2666666666666666,0.0510204081632653,1.8333333333333333,0.0918918918918919,0.08,92.17683063791556,75.56404208998549,84.2838223097657,45.098590089156126,74.34195460680252,True,False,Argentina
1089691,Elliot Anderson,10203,Nottingham Forest,ENG-Premier League,3.6,57.2,2.0,0.0,1.1,3.0,0.12,0.08,1.5,2.0,0.04,1.2,0.3,0.4,0.6,7.48,0.0,38.0,1.0,2.8,1.4,2340,26,Midfielder,0.7272727272727273,0.3,0.0629370629370629,0.9333333333333332,0.0479999999999999,0.0789473684210526,75.58692290413988,64.05930783053425,81.70694242864055,76.34765705992122,74.09748077622598,True,False,England
693171,Ludovic Blas,9851,Rennes,FRA-Ligue 1,1.7,25.7,8.0,0.0,0.4,5.4,0.21,0.2,1.2,8.0,0.23,0.5,1.0,0.1,0.5,7.28,0.0,47.0,2.2,1.5,1.7,2302,29,Midfielder,0.625,0.25,0.0661478599221789,1.4166666666666667,0.1024390243902439,0.1148936170212766,93.00824175824177,83.5,83.26923076923077,39.09615384615385,74.05015883360359,False,False,France
743533,Federico Valverde,8633,Real Madrid,ESP-La Liga,2.3,54.8,6.0,0.0,1.9,3.4,0.16,0.08,0.5,6.0,0.05,0.9,0.5,0.3,0.4,7.57,0.0,33.0,1.5,1.6,0.7,1906,23,Midfielder,0.8333333333333334,0.36,0.041970802919708,1.4,0.0533333333333333,0.103030303030303,77.72148645379777,74.02477710968277,74.42702501900615,67.19604844840694,73.77479618758622,True,False,Uruguay
970578,Andrei Ratiu,8370,Rayo Vallecano,ESP-La Liga,1.0,35.3,6.0,0.0,2.7,2.6,0.13,0.09,0.7,2.0,0.0,1.4,0.4,0.1,0.3,7.2,0.0,21.0,1.0,2.2,1.7,1748,20,Defender,0.8372093023255814,0.3888888888888888,0.028328611898017,2.428571428571429,0.0531818181818181,0.1238095238095238,72.85008034418412,76.74229386965237,69.99947301126547,75.69111980786509,73.63264195106036,True,False,Romania
1174726,Rocco Reitz,9788,Borussia Mönchengladbach,GER-Bundesliga,1.9,31.3,3.0,0.0,1.6,2.8,0.13,0.08,1.3,2.0,0.0,1.7,0.5,0.1,0.3,7.06,0.0,21.0,1.5,2.3,0.8,1883,22,Midfielder,0.7547169811320755,0.425,0.060702875399361,0.6153846153846154,0.0495238095238095,0.1333333333333333,71.44045027299744,73.92695590572949,71.26318767710278,79.30145915405349,73.528635683943,True,False,Germany
683450,Pablo Fornals,8603,Real Betis,ESP-La Liga,3.2,45.4,6.0,0.0,0.8,4.1,0.19,0.15,0.9,4.0,0.28,1.2,0.7,0.1,0.9,7.46,0.0,51.0,1.6,1.3,0.8,1948,24,Midfielder,0.7352941176470589,0.48,0.0704845814977973,0.888888888888889,0.0838235294117647,0.080392156862745,87.76418550003456,70.39947473909739,72.74424200013823,60.19066625198701,73.49250295830237,True,False,Spain
1310270,Kamory Doumbia,8521,Brest,FRA-Ligue 1,1.6,27.4,7.0,0.0,0.3,1.9,0.14,0.26,1.7,2.0,0.37,0.7,0.7,0.0,1.4,7.12,0.0,15.0,2.2,3.0,0.7,1206,16,Midfielder,0.6851851851851851,0.1891891891891891,0.0583941605839416,0.4117647058823529,0.091,0.1266666666666666,83.06143738337134,70.29145932683669,65.81170087773862,74.07970920588845,73.46172214974838,True,False,Mali
1070052,Amad,10260,Manchester United,ENG-Premier League,1.1,31.9,5.0,0.0,1.3,3.2,0.18,0.22,0.8,2.0,0.11,0.7,0.7,0.1,0.4,7.48,0.0,32.0,1.9,1.6,1.7,1653,20,Midfielder,0.7419354838709677,0.3043478260869565,0.0344827586206896,2.125,0.0989999999999999,0.1,92.95735710830051,76.81852581380883,70.00748151219848,51.03156748911465,73.23277948678509,True,False,Ivory Coast
629594,Alfonso Pedraza,10205,Villarreal,ESP-La Liga,2.2,25.0,4.0,0.0,2.3,1.9,0.16,0.09,1.7,2.0,0.08,1.2,0.3,0.5,0.0,7.01,0.0,13.0,0.8,2.7,1.4,1079,18,Defender,0.6964285714285714,0.3076923076923076,0.088,0.8235294117647058,0.0576,0.1461538461538461,73.26061320754717,77.22877358490567,83.8325471698113,57.72700471698112,73.20401808608581,True,False,Spain
881735,Anton Stach,8463,Leeds United,ENG-Premier League,1.8,30.1,7.0,0.0,2.0,3.3,0.18,0.12,1.4,3.0,0.16,0.7,0.5,0.4,0.8,7.3,0.0,44.0,2.0,2.4,0.8,1699,21,Midfielder,0.6888888888888888,0.2258064516129032,0.0598006644518272,0.5714285714285715,0.072,0.075,88.53183962264151,72.56485849056604,67.75058962264151,61.14091981132076,73.16545844059897,True,False,Germany
534670,Martin Ødegaard,9825,Arsenal,ENG-Premier League,2.6,45.0,4.0,0.0,0.5,2.9,0.25,0.09,0.6,4.0,0.08,0.6,0.6,0.0,1.1,6.98,0.0,29.0,1.7,1.4,0.8,1065,19,Midfielder,0.7692307692307692,0.3,0.0577777777777777,1.3333333333333337,0.0661764705882353,0.0999999999999999,88.72695504181354,79.89601907526436,76.78607281083696,46.174523982307,73.15584951495889,True,False,Norway
759817,Miro Muheim,9790,Hamburger SV,GER-Bundesliga,3.0,32.6,5.0,0.0,2.2,3.5,0.17,0.05,1.3,4.0,0.0,1.1,0.3,0.1,0.3,7.34,0.0,37.0,1.0,2.2,0.8,1823,21,Midfielder,0.717391304347826,0.3333333333333333,0.0920245398773006,0.6153846153846154,0.0386363636363636,0.0945945945945946,72.89209905660377,75.57193396226415,79.55483490566039,63.58490566037736,73.15292939732483,True,False,Switzerland
670009,Dimitrios Giannoulis,8406,FC Augsburg,GER-Bundesliga,1.4,22.6,4.0,0.0,3.1,2.5,0.2,0.07,0.9,3.0,0.16,1.1,0.3,0.5,0.6,7.13,0.0,20.0,0.5,1.3,1.0,1149,17,Midfielder,0.7272727272727273,0.4583333333333333,0.0619469026548672,1.1111111111111112,0.0518518518518518,0.125,73.97699391803165,81.6727399958532,74.9373444951275,60.587074089432576,73.09688265226397,True,False,Greece
516846,Julian Brandt,9789,Borussia Dortmund,GER-Bundesliga,1.0,32.3,4.0,0.0,0.7,2.9,0.24,0.38,0.3,2.0,0.5,0.3,1.2,0.0,0.8,7.42,0.0,20.0,2.1,0.9,1.1,1080,17,Midfielder,0.7999999999999999,0.25,0.0309597523219814,3.666666666666667,0.1470967741935483,0.145,93.44302906213284,84.71560750570184,67.01486799364157,46.65567333609787,73.02618512382456,True,False,Germany
845943,Cristian Casseres Jr.,9941,Toulouse,FRA-Ligue 1,2.8,39.2,3.0,0.0,1.0,2.5,0.13,0.08,1.3,0.0,0.05,1.3,0.2,0.4,0.6,7.29,0.0,25.0,0.9,3.1,0.8,1717,21,Midfielder,0.7719298245614036,0.2954545454545454,0.0714285714285714,0.6153846153846154,0.0495238095238095,0.1,69.34176083350611,71.7558487110374,72.05978730389107,81.61750120948234,72.95292157580619,True,False,Venezuela
239219,Mateo Kovacic,8456,Manchester City,ENG-Premier League,1.8,71.2,6.0,0.0,0.9,3.2,0.13,0.08,1.0,2.0,0.25,1.0,0.5,0.0,0.6,7.33,0.0,33.0,1.8,2.8,0.9,2202,31,Midfielder,0.7916666666666666,0.2631578947368421,0.0252808988764044,0.9,0.0495238095238095,0.0969696969696969,76.23626373626374,70.58791208791209,65.53846153846155,81.13186813186813,72.91106148488615,False,False,Croatia
942372,Álex Baena,10205,Villarreal,ESP-La Liga,2.4,26.7,21.0,0.0,0.5,12.6,0.44,0.25,1.5,9.0,0.24,0.8,0.6,0.1,0.6,7.5,0.0,95.0,2.4,1.0,0.7,2602,32,Midfielder,0.5454545454545455,0.4444444444444445,0.0898876404494382,0.4666666666666666,0.1594202898550724,0.1326315789473684,98.50274725274726,92.62637362637363,69.62087912087911,36.31318681318682,72.8477121410391,False,False,Spain
850354,Bruno Guimaraes,10261,Newcastle United,ENG-Premier League,2.9,45.4,5.0,0.0,1.3,3.6,0.16,0.22,1.5,4.0,0.4,0.5,0.8,0.0,0.7,7.63,0.0,38.0,1.4,2.2,0.6,2018,23,Midfielder,0.6428571428571429,0.1851851851851851,0.0638766519823788,0.3999999999999999,0.0926315789473684,0.0947368421052631,90.17705957564448,76.80290621328356,68.26022876494574,53.19108093164697,72.7081228885845,True,False,Brazil
1347574,Nico Paz,10171,Como,ITA-Serie A,0.8,36.4,11.0,0.0,0.4,3.3,0.14,0.28,1.8,6.0,0.38,0.8,1.6,0.1,0.9,7.7,0.0,40.0,4.0,2.7,2.1,2113,25,Midfielder,0.6603773584905661,0.2285714285714286,0.0219780219780219,1.1666666666666667,0.0933333333333333,0.0824999999999999,91.66874006496649,71.03819372451449,65.97955542884789,58.423513200635846,72.39511065407812,True,False,Argentina
439369,Ryan Christie,8678,Bournemouth,ENG-Premier League,2.3,34.6,5.0,0.0,2.1,3.0,0.13,0.09,1.8,3.0,0.08,1.3,0.5,0.5,0.7,7.25,0.0,41.0,1.4,2.3,1.0,2131,29,Midfielder,0.6666666666666666,0.3611111111111111,0.0664739884393063,0.5555555555555556,0.0531818181818181,0.073170731707317,79.47802197802199,63.55494505494507,74.32967032967032,70.86263736263736,72.23296897295124,False,False,Scotland
1296763,Lewis Miley,10261,Newcastle United,ENG-Premier League,1.2,48.0,2.0,0.0,1.8,2.0,0.16,0.11,0.3,3.0,0.08,1.4,0.3,0.2,0.2,7.18,0.0,14.0,1.0,1.9,0.9,1133,19,Midfielder,0.9166666666666669,0.4242424242424242,0.0249999999999999,3.0,0.0651851851851851,0.1428571428571428,76.98997641509435,72.66509433962264,65.43632075471697,73.53478773584906,72.19631035037035,True,False,England
1079539,Dilane Bakwa,9848,Strasbourg,FRA-Ligue 1,1.8,26.8,12.0,0.0,0.9,6.0,0.21,0.16,1.0,8.0,0.22,0.5,0.8,0.0,0.7,7.38,0.0,47.0,1.9,0.9,1.8,2509,30,Midfielder,0.5833333333333334,0.3571428571428571,0.0671641791044776,1.8,0.0908108108108108,0.1276595744680851,91.46978021978022,87.65384615384615,85.521978021978,32.11538461538461,72.1835263663713,False,False,France
638070,Luis Rioja,10267,Valencia CF,ESP-La Liga,1.1,23.0,4.0,0.0,1.2,2.7,0.15,0.09,0.4,4.0,0.11,0.7,0.2,0.0,0.6,6.87,0.0,25.0,1.6,1.2,1.2,1635,23,Midfielder,0.8260869565217391,0.3684210526315789,0.0478260869565217,3.0,0.05625,0.108,81.05663401064345,79.01721784504804,74.20427292832953,52.30354983067247,72.17394838930558,True,False,Spain
933845,Rayan Ait Nouri,8602,Wolverhampton Wanderers,ENG-Premier League,0.6,34.4,8.0,0.0,1.9,4.0,0.12,0.08,0.9,7.0,0.12,0.7,0.4,0.2,0.6,7.14,0.0,46.0,1.0,2.6,1.8,3127,37,Defender,0.7857142857142856,0.2121212121212121,0.0174418604651162,2.0,0.0479999999999999,0.0869565217391304,77.40384615384616,69.96703296703296,67.2664835164835,73.32692307692307,72.08659301483999,False,False,Algeria
541820,Nicolo Barella,8636,Internazionale,ITA-Serie A,2.9,51.1,12.0,0.0,0.4,4.7,0.25,0.12,1.3,5.0,0.05,0.2,0.2,0.1,0.9,7.34,0.0,50.0,1.2,1.9,0.7,1681,23,Midfielder,0.6176470588235293,0.0952380952380952,0.0567514677103718,0.5384615384615384,0.081081081081081,0.094,88.67827337756582,79.3472164627825,73.8691080931647,45.31563601492847,72.04327089872503,True,False,Italy
1280082,Matias Soulé,8686,Roma,ITA-Serie A,1.6,33.2,4.0,0.0,0.5,3.0,0.16,0.18,0.3,4.0,0.32,0.5,0.7,0.1,1.7,7.11,0.0,34.0,2.2,0.8,1.4,1691,25,Midfielder,0.8125,0.3846153846153846,0.0481927710843373,4.666666666666667,0.0847058823529411,0.088235294117647,90.02714855898819,70.6348054461262,77.12559610201119,48.24889850715323,71.95547606076401,True,False,Argentina
815006,Phil Foden,8456,Manchester City,ENG-Premier League,1.9,44.9,7.0,0.0,0.6,3.6,0.19,0.28,0.8,3.0,0.37,0.4,0.8,0.1,0.5,7.48,0.0,42.0,2.5,1.4,1.0,1717,23,Midfielder,0.6923076923076923,0.2222222222222222,0.042316258351893,1.25,0.1131914893617021,0.0857142857142857,95.345695970696,79.03821100283363,72.78669483032691,41.30098400027645,71.93739099240018,True,False,England
1296650,Adam Wharton,9826,Crystal Palace,ENG-Premier League,2.5,34.0,9.0,0.0,1.5,5.0,0.24,0.05,1.0,3.0,0.0,1.0,0.1,0.1,0.6,7.06,0.0,27.0,1.0,2.6,0.5,1905,23,Midfielder,0.782608695652174,0.2777777777777778,0.0735294117647058,0.5,0.0413793103448275,0.1851851851851851,69.35597225101942,84.06309178243141,58.50781411984243,80.83868097311493,71.9124046123939,True,False,England
254308,Florian Thauvin,8588,Lens,FRA-Ligue 1,1.5,31.6,10.0,0.0,0.3,5.6,0.29,0.42,0.8,3.0,0.31,0.4,0.9,0.1,0.9,7.34,0.0,44.0,2.3,0.9,2.0,1749,22,Midfielder,0.6190476190476191,0.3076923076923077,0.0474683544303797,2.5,0.1715492957746479,0.1272727272727272,97.45481719538324,88.19351717464924,81.80088896952104,29.94416079203815,71.85418935202784,True,False,France
1226147,Giuliano Simeone,9906,Atlético de Madrid,ESP-La Liga,0.5,31.6,6.0,0.0,0.5,3.4,0.19,0.21,1.0,5.0,0.11,0.8,0.5,0.1,0.6,7.2,0.0,21.0,1.7,1.8,1.4,1597,21,Midfielder,0.7222222222222222,0.3076923076923077,0.0158227848101265,1.4,0.0997499999999999,0.1619047619047619,87.11765239477502,88.1095445435068,62.19544370723616,49.69316296910637,71.77720764054622,True,False,Argentina
385437,Serge Gnabry,9823,Bayern München,GER-Bundesliga,1.0,42.9,7.0,0.0,0.3,3.5,0.32,0.43,0.6,5.0,0.54,0.4,1.3,0.1,0.7,7.35,0.0,18.0,3.2,1.3,1.3,1002,17,Midfielder,0.7391304347826086,0.2352941176470588,0.0233100233100233,2.166666666666667,0.1834666666666666,0.1944444444444444,92.796647142166,90.42618702052664,65.20848019904624,41.20764220056673,71.76369848675704,True,False,Germany
282472,Sergi Darder,8661,Mallorca,ESP-La Liga,2.9,30.2,9.0,0.0,0.4,3.1,0.17,0.1,0.8,3.0,0.05,0.9,0.4,0.3,0.4,7.01,0.0,36.0,1.5,0.9,1.6,1666,24,Midfielder,0.6923076923076923,0.5,0.0960264900662251,2.0,0.0629629629629629,0.0861111111111111,83.32672437625268,76.19145241550902,91.59078460847329,39.07911310387726,71.70736115672848,True,False,Spain
1338192,Pablo Barrios,9906,Atlético de Madrid,ESP-La Liga,2.4,50.2,3.0,0.0,0.7,2.0,0.12,0.1,0.7,1.0,0.06,1.3,0.3,0.1,0.6,7.24,0.0,20.0,1.2,1.7,1.8,1580,21,Midfielder,0.8108108108108107,0.4333333333333333,0.047808764940239,2.571428571428572,0.0545454545454545,0.1,70.13656351510126,63.30013304305757,82.51851803856519,72.41518073121847,71.65364361177848,True,False,Spain
1152455,Florian Wirtz,8650,Liverpool,ENG-Premier League,1.4,45.5,4.0,0.0,0.5,4.1,0.2,0.28,0.9,2.0,0.19,0.4,0.7,0.0,0.6,7.19,0.0,44.0,2.0,1.4,1.6,1861,25,Midfielder,0.6666666666666666,0.2222222222222222,0.0307692307692307,1.777777777777778,0.1166666666666666,0.0931818181818181,96.82003334715598,82.4244764669293,73.10523792245492,36.75845341765153,71.42696345202516,True,False,Germany
1395447,Nathaniel Brown,9810,Eintracht Frankfurt,GER-Bundesliga,1.1,30.0,6.0,0.0,1.4,2.1,0.12,0.12,0.9,4.0,0.17,1.0,0.4,0.1,0.4,7.13,0.0,20.0,0.7,2.9,0.6,1622,21,Midfielder,0.8125,0.2564102564102564,0.0366666666666666,0.6666666666666666,0.06,0.105,80.61355311355311,76.26218121501141,54.153111825281634,77.550517485659,71.42043962834705,True,False,Germany
465960,Youri Tielemans,10252,Aston Villa,ENG-Premier League,2.8,47.5,4.0,0.0,0.9,2.6,0.18,0.07,1.5,4.0,0.0,0.7,0.3,0.7,0.3,7.26,0.0,26.0,1.2,2.6,0.6,1299,17,Midfielder,0.6875,0.2121212121212121,0.0589473684210526,0.3999999999999999,0.0504,0.1,80.62383371345636,76.71934826180109,67.96501140369064,57.806206372244105,71.38903346875938,True,False,Belgium
952322,Brenden Aaronson,8463,Leeds United,ENG-Premier League,0.3,21.0,7.0,0.0,0.4,2.8,0.15,0.18,0.8,3.0,0.22,0.5,0.8,0.2,0.4,6.79,0.0,23.0,1.8,2.1,1.1,1662,25,Midfielder,0.7647058823529411,0.1923076923076923,0.0142857142857142,1.375,0.0818181818181818,0.1217391304347826,86.82193396226415,80.57193396226415,59.36320754716981,57.423349056603776,71.33979006908761,True,False,USA
1520063,Johan Manzambi,8358,Sport-Club Freiburg,GER-Bundesliga,1.3,34.1,3.0,0.0,1.4,2.8,0.18,0.13,1.1,2.0,0.2,1.3,0.4,0.1,0.5,6.89,0.0,13.0,2.0,1.2,1.3,1384,18,Midfielder,0.6944444444444444,0.52,0.0381231671554252,1.1818181818181817,0.0754838709677419,0.2153846153846153,79.65801886792451,80.48938679245283,70.04716981132076,52.25530660377358,71.08487977679847,True,False,Switzerland
1067260,Jakub Kaminski,8722,1. FC Köln,GER-Bundesliga,0.7,23.7,7.0,0.0,1.1,3.2,0.15,0.17,0.4,1.0,0.23,0.6,0.6,0.3,0.5,7.07,0.0,29.0,1.8,1.7,0.6,1961,22,Midfielder,0.8518518518518519,0.2608695652173913,0.0295358649789029,1.4999999999999998,0.0796875,0.1103448275862069,88.17806603773586,80.02948113207547,55.26533018867924,60.50707547169812,71.02235943068737,True,False,Poland
966026,Ian Maatsen,10252,Aston Villa,ENG-Premier League,1.9,38.0,3.0,0.0,3.9,1.7,0.15,0.07,0.9,0.0,0.0,0.7,0.3,0.0,0.3,6.88,0.0,17.0,1.3,2.7,1.4,1050,20,Defender,0.7906976744186046,0.2058823529411764,0.0499999999999999,1.5555555555555554,0.0477272727272727,0.0999999999999999,71.53481149353792,69.33122537839519,73.22435897435896,69.68952156334231,71.02068247479578,True,False,Netherlands
659490,Gabriel Suazo,8302,Sevilla,ESP-La Liga,2.0,36.1,4.0,0.0,2.0,2.6,0.18,0.03,1.1,1.0,0.0,1.1,0.1,0.2,0.3,7.13,0.0,29.0,0.3,3.9,0.7,1339,17,Midfielder,0.819672131147541,0.22,0.0554016620498614,0.6363636363636362,0.0257142857142857,0.0896551724137931,64.11481011127238,76.6207408943258,67.28324348607367,79.78578339899094,70.88199417747023,True,False,Chile
1342757,Joao Neves,9847,Paris Saint-Germain,FRA-Ligue 1,2.3,64.0,2.0,0.0,0.2,1.4,0.13,0.22,1.1,1.0,0.46,0.5,0.6,0.5,0.7,7.49,0.0,9.0,1.9,2.0,0.6,977,13,Midfielder,0.6944444444444444,0.2,0.0359375,0.5454545454545454,0.0817142857142857,0.1555555555555555,79.52223287718571,72.19406144170296,65.52177932130762,64.1615004492363,70.84729308062168,True,False,Portugal
1047676,Yéremi Pino,9826,Crystal Palace,ENG-Premier League,1.5,25.3,9.0,0.0,0.9,4.7,0.26,0.2,1.3,1.0,0.11,0.4,0.5,0.1,0.8,6.78,0.0,37.0,1.9,1.6,0.9,1638,24,Midfielder,0.6060606060606061,0.2,0.0592885375494071,0.6923076923076923,0.1130434782608695,0.127027027027027,93.36745801368444,85.25590918515447,64.50699771926186,41.490306862948366,70.75071282266416,True,False,Spain
1092731,Joel Chima Fujita,8152,FC St. Pauli,GER-Bundesliga,1.4,32.9,5.0,0.0,0.7,3.3,0.17,0.03,1.4,3.0,0.0,1.2,0.2,0.1,0.7,7.01,0.0,24.0,1.1,2.2,1.3,1770,21,Midfielder,0.7083333333333333,0.3529411764705882,0.0425531914893617,0.9285714285714288,0.0255,0.1374999999999999,61.52712264150944,83.40212264150944,70.3950471698113,71.39150943396227,70.73414307777674,True,False,Japan
1340895,Bilal El Khannouss,10269,VfB Stuttgart,GER-Bundesliga,2.8,41.9,4.0,0.0,0.5,3.6,0.29,0.13,1.1,3.0,0.24,0.5,0.7,0.2,0.5,7.27,0.0,32.0,2.0,1.6,0.8,1105,16,Midfielder,0.65625,0.238095238095238,0.0668257756563245,0.7272727272727273,0.0897619047619047,0.1125,84.48646675651393,77.02050936484898,80.41819147833299,41.25216842905522,70.6505704884148,True,False,Morocco
940976,Kang-In Lee,9847,Paris Saint-Germain,FRA-Ligue 1,3.6,56.0,8.0,0.0,0.5,3.3,0.31,0.16,1.3,2.0,0.19,0.2,1.0,0.1,0.7,7.19,0.0,32.0,2.8,1.1,1.3,949,17,Midfielder,0.5,0.1538461538461538,0.0642857142857143,1.0,0.105531914893617,0.103125,94.43212644273966,85.29896675651393,86.25752470799641,28.14166061925496,70.64656747197641,True,False,South Korea
1053714,Nicola Zalewski,8524,Atalanta,ITA-Serie A,1.9,23.1,6.0,0.0,1.4,2.6,0.2,0.16,0.9,2.0,0.16,0.7,0.5,0.0,0.3,7.09,0.0,21.0,2.0,1.3,1.6,1148,21,Midfielder,0.6896551724137931,0.35,0.0822510822510822,1.777777777777778,0.0888888888888888,0.1238095238095238,81.75832814983758,80.1545200082936,81.53111393323657,40.479464717672265,70.63491083411449,True,False,Poland
1356312,Mateus Fernandes,8654,West Ham United,ENG-Premier League,2.8,39.1,2.0,0.0,1.3,1.9,0.09,0.05,1.3,3.0,0.14,1.2,0.2,0.5,0.6,7.27,0.0,26.0,0.8,3.1,0.9,1950,24,Midfielder,0.7678571428571429,0.2790697674418604,0.0716112531969309,0.6923076923076923,0.0321428571428571,0.073076923076923,68.3071998755961,60.018133595963775,79.84613656783468,78.0333773930472,70.62039199795218,True,False,Portugal
940608,Juan Cruz,7854,Leganés,ESP-La Liga,0.7,16.5,10.0,0.0,1.0,3.7,0.15,0.1,0.6,4.0,0.2,0.5,0.6,0.1,0.5,6.88,0.0,25.0,1.3,1.3,1.6,2265,34,Midfielder,0.75,0.2777777777777778,0.0424242424242424,2.666666666666667,0.06,0.148,78.62637362637362,83.30219780219781,73.0989010989011,46.32692307692307,70.4658981882354,False,False,Spain
846005,Dominik Szoboszlai,8650,Liverpool,ENG-Premier League,3.5,54.0,5.0,0.0,1.7,3.8,0.16,0.15,1.0,2.0,0.17,0.6,0.7,0.3,0.4,7.4,0.0,44.0,2.0,1.5,0.9,2153,24,Midfielder,0.6774193548387097,0.2857142857142857,0.0648148148148148,0.9,0.0774193548387096,0.0863636363636363,91.57545873937386,76.46933962264151,77.20160342801852,37.51262613172991,70.1693800688847,True,False,Hungary
659272,Julian Ryerson,9789,Borussia Dortmund,GER-Bundesliga,1.3,31.5,14.0,0.0,1.6,5.0,0.34,0.04,0.9,11.0,0.0,0.7,0.0,0.1,0.7,7.28,0.0,32.0,0.5,1.8,0.9,1334,20,Midfielder,0.7352941176470589,0.2799999999999999,0.0412698412698412,1.0,0.0357894736842105,0.15625,69.67277023291173,90.87787684014098,66.53894965097795,54.466445504181344,70.0693774188113,True,False,Norway
614834,Dani Olmo,8634,Barcelona,ESP-La Liga,1.7,47.3,7.0,0.0,1.0,4.1,0.31,0.41,1.0,6.0,0.45,0.6,1.2,0.0,0.6,7.6,0.0,36.0,3.7,1.9,0.4,1209,19,Midfielder,0.7142857142857143,0.24,0.0359408033826638,0.4,0.1765277777777777,0.1138888888888888,96.45744781947612,86.02676411638676,56.01130434031378,44.35318612205405,70.05078605715354,True,False,Spain
1197655,Lewis Hall,10261,Newcastle United,ENG-Premier League,2.0,44.4,4.0,0.0,3.6,1.8,0.12,0.04,0.7,1.0,0.0,1.5,0.1,0.6,0.5,7.1,0.0,16.0,1.0,2.4,2.1,1302,19,Defender,0.8478260869565218,0.3846153846153846,0.045045045045045,3.0000000000000004,0.0299999999999999,0.1125,56.85927672955975,71.20099868684774,78.38140593683046,81.44124075609925,70.02998917442488,True,False,England
638090,Luis Milla,8305,Getafe,ESP-La Liga,2.5,32.8,11.0,0.0,1.4,4.1,0.18,0.03,0.8,8.0,0.0,1.0,0.0,0.3,0.7,7.41,0.0,52.0,0.8,1.7,0.7,2025,23,Midfielder,0.7714285714285715,0.3703703703703703,0.0762195121951219,0.8749999999999999,0.0257142857142857,0.0788461538461538,69.25422454903587,71.84218847190546,75.82846084732877,61.833277178796045,69.89261388270788,True,False,Spain
1185211,Mamadou Sangare,8588,Lens,FRA-Ligue 1,3.0,46.1,2.0,0.0,1.4,1.2,0.07,0.13,1.5,2.0,0.06,1.5,0.4,0.2,1.0,7.59,0.0,18.0,1.5,3.8,1.3,1579,20,Midfielder,0.7794117647058824,0.2830188679245283,0.0650759219088937,0.8666666666666667,0.0455,0.0666666666666666,69.61969339622641,46.33254716981132,85.34787735849056,91.08195754716982,69.81935434416329,True,False,Mali
951712,Nicolo Fagioli,8535,Fiorentina,ITA-Serie A,3.8,53.4,10.0,0.0,0.8,2.9,0.16,0.07,0.8,3.0,0.06,0.5,0.2,0.4,0.9,7.16,0.0,48.0,1.0,1.7,0.8,1632,22,Midfielder,0.7333333333333334,0.2272727272727272,0.0711610486891385,1.0,0.048695652173913,0.0604166666666666,77.43429919137466,69.03991291727141,81.00717482203332,49.763658511300015,69.65758316926016,True,False,Italy
966019,Felix Nmecha,9789,Borussia Dortmund,GER-Bundesliga,1.7,38.0,2.0,0.0,1.0,3.5,0.19,0.09,1.0,3.0,0.11,1.1,0.3,0.2,0.4,7.39,0.0,17.0,1.3,1.5,1.5,1674,22,Midfielder,0.7222222222222222,0.4230769230769231,0.0447368421052631,1.5,0.0610714285714285,0.2058823529411764,71.25626339069736,66.84935033519939,79.10671089916373,60.306072465270574,69.6220412350205,True,False,Germany
1395964,Carlos Romero,8558,Espanyol,ESP-La Liga,1.2,21.7,5.0,0.0,1.8,2.4,0.11,0.09,1.5,2.0,0.18,1.2,0.3,0.4,0.5,7.22,0.0,15.0,0.9,3.1,1.2,1950,22,Defender,0.7413793103448276,0.2790697674418604,0.0552995391705069,0.7999999999999999,0.0494999999999999,0.16,68.10718173336097,70.02774898057918,65.57656887138019,76.96212592439007,69.61743179252144,True,False,Spain
604089,Ainsley Maitland-Niles,9748,Lyon,FRA-Ligue 1,1.7,35.7,3.0,0.0,2.5,2.4,0.12,0.12,1.6,3.0,0.05,1.2,0.3,0.1,0.4,6.96,0.0,15.0,0.6,2.2,0.5,1738,21,Defender,0.68,0.3529411764705882,0.0476190476190476,0.3125,0.06,0.16,77.26214233879328,74.94416511161795,57.206912191582,69.35531135531136,69.6069416151971,True,False,England
556027,Maximilian Wittek,9911,VfL Bochum 1848,GER-Bundesliga,2.0,26.6,8.0,0.0,2.6,6.1,0.21,0.05,1.1,0.0,0.0,0.9,0.2,0.3,0.3,6.7,0.0,45.0,1.4,2.1,0.4,2641,32,Defender,0.7317073170731708,0.3,0.075187969924812,0.3636363636363636,0.0403846153846153,0.1355555555555555,75.0,87.521978021978,56.46703296703296,60.63736263736264,69.58961967761407,False,False,Germany
662428,Antonee Robinson,9879,Fulham,ENG-Premier League,1.9,37.5,6.0,0.0,3.5,4.1,0.12,0.02,0.9,10.0,0.0,1.8,0.1,0.3,0.2,7.34,0.0,43.0,0.5,2.7,1.1,3167,36,Defender,0.8333333333333333,0.4,0.0506666666666666,1.2222222222222223,0.0171428571428571,0.0953488372093023,55.686813186813175,70.71428571428571,77.37637362637362,83.26923076923077,69.55870736747707,False,False,USA
952095,Oscar Mingueza,9910,Celta de Vigo,ESP-La Liga,2.1,48.5,4.0,0.0,1.6,3.2,0.23,0.04,0.6,2.0,0.07,0.3,0.3,0.4,0.2,6.92,0.0,19.0,0.9,2.3,0.6,1259,21,Midfielder,0.8125,0.1153846153846153,0.0432989690721649,1.0,0.034074074074074,0.1684210526315789,68.7769973736955,87.9623073467413,72.13360460294422,50.30289757412399,69.528062276606,True,False,Spain
950474,James Garner,8668,Everton,ENG-Premier League,1.7,41.2,9.0,0.0,2.4,4.0,0.16,0.07,0.9,3.0,0.08,1.5,0.4,0.3,0.4,7.45,0.0,34.0,1.5,3.1,0.6,2334,26,Midfielder,0.8363636363636363,0.3260869565217391,0.04126213592233,0.6666666666666666,0.048695652173913,0.1176470588235294,68.17821722302854,73.37779908770476,56.27705784781256,86.39090037321171,69.40029375768474,True,False,England
1096353,Cole Palmer,8455,Chelsea,ENG-Premier League,1.9,32.4,2.0,0.0,0.6,1.0,0.09,0.69,0.8,1.0,0.72,0.8,1.4,0.0,0.8,7.22,0.0,11.0,3.1,1.2,1.3,1000,15,Midfielder,0.7142857142857143,0.4,0.0586419753086419,1.625,0.0796153846153846,0.0909090909090909,83.34380831432718,62.972510194208304,84.97683841315916,45.71098555532518,69.24350020014768,True,False,England
1137705,Enzo Fernández,8455,Chelsea,ENG-Premier League,2.6,49.2,9.0,0.0,1.0,5.1,0.22,0.41,1.1,2.0,0.34,0.5,0.9,0.0,0.3,7.33,0.0,45.0,2.2,1.8,0.3,2148,25,Midfielder,0.676470588235294,0.2173913043478261,0.0528455284552845,0.2727272727272727,0.1431746031746031,0.1133333333333333,96.31038772548207,82.1592197111065,56.8067031239201,42.87167392356071,68.99220102983054,True,False,Argentina
343748,Leon Goretzka,9823,Bayern München,GER-Bundesliga,2.5,71.2,2.0,0.0,2.0,2.7,0.2,0.09,0.7,0.0,0.15,1.3,0.3,0.4,0.4,7.13,0.0,11.0,1.0,1.4,0.5,1202,19,Midfielder,0.7941176470588235,0.4814814814814814,0.0351123595505617,0.7142857142857143,0.0620689655172413,0.2454545454545454,75.06604637500864,75.69913262837791,58.94528820236368,65.85723356831848,68.98247293758735,True,False,Germany
586388,Aleksandr Golovin,9829,Monaco,FRA-Ligue 1,1.1,30.7,2.0,0.0,0.6,1.3,0.11,0.17,1.7,4.0,0.16,1.4,0.8,0.3,1.0,7.08,0.0,18.0,1.7,1.5,1.0,1133,16,Midfielder,0.6304347826086957,0.4827586206896551,0.0358306188925081,0.5882352941176471,0.0667857142857142,0.0722222222222222,81.95856227106226,61.2811009744972,68.90555238786371,61.42904226276867,68.8887402068421,True,False,Russia
173461,Andrej Kramaric,8226,TSG 1899 Hoffenheim,GER-Bundesliga,1.0,34.3,5.0,0.0,0.5,3.1,0.21,0.48,0.2,4.0,0.6,0.4,1.4,0.1,1.1,7.24,0.0,24.0,2.8,0.3,0.8,1347,22,Midfielder,0.7777777777777778,0.5714285714285715,0.0291545189504373,4.0,0.1460869565217391,0.1291666666666666,94.61357039187229,83.0564050729145,63.58816694311977,37.29640956527749,68.83460005214565,True,False,Croatia
933768,Curtis Jones,8650,Liverpool,ENG-Premier League,2.7,74.9,3.0,0.0,0.8,2.3,0.18,0.09,0.7,1.0,0.0,0.6,0.3,0.2,0.5,6.89,0.0,17.0,1.2,1.8,1.2,1111,23,Midfielder,0.7741935483870969,0.25,0.0360480640854472,1.7142857142857144,0.0599999999999999,0.1352941176470588,76.81422351233671,67.24976674269126,70.57732047826387,58.094797498099375,68.7937413103461,True,False,England
1026135,Tajon Buchanan,10205,Villarreal,ESP-La Liga,0.6,19.5,4.0,0.0,1.0,1.8,0.12,0.11,0.9,1.0,0.34,1.2,0.5,0.1,0.6,6.96,0.0,14.0,1.4,1.6,1.3,1343,22,Midfielder,0.7567567567567568,0.4285714285714286,0.0307692307692307,1.4444444444444444,0.057391304347826,0.1285714285714286,72.53832547169812,71.3620283018868,64.30424528301886,65.33608490566039,68.64795224179765,True,False,Canada
777028,André Almeida,10267,Valencia CF,ESP-La Liga,1.7,34.5,4.0,0.0,0.5,4.9,0.22,0.05,1.3,4.0,0.0,0.4,0.2,0.1,0.4,6.81,0.0,43.0,0.8,2.2,1.0,1988,34,Midfielder,0.6666666666666666,0.1538461538461538,0.0492753623188405,0.7692307692307692,0.0407407407407407,0.113953488372093,75.15109890109889,79.1098901098901,70.66758241758242,48.3021978021978,68.61779101611548,False,False,Portugal
1412132,Kenan Yildiz,9885,Juventus,ITA-Serie A,1.1,32.5,10.0,0.0,0.3,5.1,0.23,0.31,0.8,4.0,0.37,0.3,1.4,0.0,0.7,7.56,0.0,50.0,3.3,0.6,2.4,1967,24,Midfielder,0.5294117647058824,0.3333333333333333,0.0338461538461538,3.0,0.132037037037037,0.102,95.30731650425048,81.05675063929782,72.45279131246112,31.42582417582417,68.4551751025841,True,False,Turkiye
317062,Adrien Thomasson,8588,Lens,FRA-Ligue 1,1.4,38.3,7.0,0.0,1.1,3.9,0.19,0.23,2.2,5.0,0.1,0.7,0.4,0.1,0.5,7.53,0.0,47.0,1.4,2.9,0.5,1832,21,Midfielder,0.6206896551724137,0.1944444444444444,0.0365535248041775,0.2272727272727272,0.104047619047619,0.0829787234042553,94.02111842559955,75.72530928191306,47.13294802681596,59.6746190130624,68.43321914103777,True,False,France
1387194,Kassoum Ouattara,9829,Monaco,FRA-Ligue 1,0.9,25.7,5.0,0.0,1.7,2.2,0.2,0.09,2.1,3.0,0.0,1.4,0.0,0.0,0.5,7.03,0.0,17.0,1.1,2.5,0.8,963,14,Midfielder,0.65,0.358974358974359,0.0350194552529182,0.3809523809523809,0.0620689655172413,0.1294117647058823,78.36084905660377,80.6308962264151,48.670400943396224,69.28950471698113,68.36043758888984,True,False,France
923298,Pablo Martinez,8581,Levante,ESP-La Liga,1.9,24.3,6.0,0.0,1.4,2.2,0.17,0.13,1.5,2.0,0.08,1.2,0.3,0.7,0.5,6.76,0.0,19.0,1.8,0.9,0.9,1175,17,Midfielder,0.5833333333333334,0.5714285714285714,0.0781893004115226,0.6,0.0736666666666666,0.1157894736842105,83.53478773584905,78.30188679245283,73.71462264150944,38.82959905660377,68.34775621252813,True,False,Spain
1331097,Pablo Pagis,8689,Lorient,FRA-Ligue 1,2.3,24.8,2.0,0.0,1.3,1.6,0.12,0.42,1.2,0.0,0.56,1.0,1.0,0.2,0.8,7.08,0.0,18.0,2.9,1.3,1.0,1130,19,Midfielder,0.6571428571428571,0.4347826086956522,0.0927419354838709,0.8333333333333334,0.0933333333333333,0.0888888888888888,84.74351415094338,58.6438679245283,81.86615566037736,47.54716981132076,68.26351169505129,True,False,France
886016,Kiernan Dewsbury-Hall,8668,Everton,ENG-Premier League,1.0,29.6,6.0,0.0,1.3,3.3,0.19,0.13,1.2,2.0,0.29,0.5,0.4,0.0,0.7,7.16,0.0,23.0,1.3,1.7,0.9,1565,19,Midfielder,0.6470588235294118,0.2272727272727272,0.0337837837837837,0.75,0.0771874999999999,0.1434782608695652,86.64504716981132,85.94339622641509,58.75589622641509,42.68573113207548,68.1076129583644,True,False,England
759097,Joakim Mæhle,8721,VfL Wolfsburg,GER-Bundesliga,1.3,33.6,2.0,0.0,2.0,3.1,0.13,0.08,0.4,4.0,0.12,1.0,0.3,0.1,0.3,6.97,0.0,20.0,0.7,1.4,0.8,2190,28,Defender,0.8571428571428572,0.4166666666666667,0.0386904761904761,2.0,0.0495238095238095,0.155,71.16758241758242,71.35714285714286,67.56593406593406,60.65659340659341,68.08502111071502,False,False,Denmark
464981,Matus Bero,9911,VfL Bochum 1848,GER-Bundesliga,1.9,28.0,5.0,0.0,1.2,3.8,0.14,0.14,1.8,2.0,0.18,0.6,0.5,0.3,0.8,7.1,0.0,53.0,1.1,2.3,0.7,2479,29,Midfielder,0.6170212765957447,0.2068965517241379,0.0678571428571428,0.3888888888888888,0.07,0.0716981132075471,86.95054945054945,65.03296703296704,62.49450549450549,55.56593406593405,68.07494108752837,False,False,Slovakia
1126058,Malik Tillman,8178,Bayer 04 Leverkusen,GER-Bundesliga,0.7,36.6,6.0,0.0,0.8,2.1,0.15,0.19,0.9,0.0,0.29,0.9,0.4,0.3,0.8,7.28,0.0,22.0,1.7,2.0,0.6,1248,17,Midfielder,0.7631578947368421,0.3103448275862069,0.0191256830601092,0.6666666666666666,0.0838235294117647,0.0954545454545454,86.85141509433963,72.64740566037736,47.09316037735848,68.86792452830188,68.04260860926725,True,False,USA
1095432,Charles De Ketelaere,8524,Atalanta,ITA-Serie A,1.6,31.4,12.0,0.0,0.3,6.5,0.38,0.16,0.9,3.0,0.17,0.1,0.8,0.1,0.8,7.12,0.0,45.0,2.0,0.9,2.4,1547,21,Midfielder,0.5263157894736842,0.1,0.0509554140127388,2.6666666666666665,0.1125925925925925,0.1444444444444444,94.85108248669567,90.7462851613795,79.25174079065589,23.250799122261387,67.70327555173212,True,False,Belgium
73167,Henrikh Mkhitaryan,8636,Internazionale,ITA-Serie A,2.0,46.6,1.0,0.0,1.3,1.8,0.16,0.24,1.6,0.0,0.09,1.2,0.6,0.4,0.7,7.03,0.0,11.0,2.8,2.0,0.9,1011,18,Midfielder,0.6666666666666666,0.3749999999999999,0.0429184549356223,0.5625,0.0959999999999999,0.1636363636363636,78.33678899716635,73.35654675513166,59.61662001520492,56.942549588776,67.52718857764461,True,False,Armenia
844477,Sergio Gomez,8560,Real Sociedad,ESP-La Liga,1.8,42.9,6.0,0.0,2.2,3.0,0.17,0.05,1.8,1.0,0.0,1.1,0.0,0.2,0.3,7.07,0.0,24.0,0.4,3.8,0.4,1615,22,Defender,0.7313432835820896,0.2244897959183673,0.0419580419580419,0.2222222222222222,0.0386363636363636,0.125,73.62799346879535,85.18159513442534,47.66508138088327,68.47413435620983,67.50791991467715,True,False,Spain
731600,Idrissa Toure,6479,Pisa,ITA-Serie A,0.9,15.9,5.0,0.0,3.3,2.8,0.13,0.09,0.9,0.0,0.05,1.0,0.3,0.2,0.2,6.84,0.0,18.0,1.3,1.7,0.7,1923,23,Midfielder,0.75,0.3703703703703703,0.0566037735849056,0.7777777777777777,0.0531818181818181,0.1555555555555555,73.74705188679245,79.4870283018868,60.8814858490566,53.794221698113205,67.24591398513388,True,False,Germany
966018,Jeremie Frimpong,8178,Bayer 04 Leverkusen,GER-Bundesliga,0.5,23.8,6.0,0.0,0.7,4.7,0.18,0.16,0.8,5.0,0.19,0.3,0.6,0.0,0.8,6.98,0.0,30.0,1.3,1.3,1.0,2322,33,Defender,0.6666666666666666,0.1874999999999999,0.0210084033613445,1.25,0.0847058823529411,0.1566666666666666,87.39010989010988,85.42857142857143,60.22527472527472,38.46428571428571,67.1886172678587,False,False,Netherlands
1113724,Tyler Morton,9748,Lyon,FRA-Ligue 1,3.9,46.6,2.0,0.0,1.6,2.9,0.15,0.07,1.3,2.0,0.11,0.8,0.3,0.5,0.5,7.22,0.0,24.0,1.2,1.8,0.5,1677,19,Midfielder,0.6666666666666666,0.3076923076923077,0.0836909871244635,0.3846153846153846,0.0477272727272727,0.1208333333333333,74.88207547169812,73.03066037735849,68.4433962264151,50.1503537735849,67.15484590904023,True,False,England
526827,Konrad Laimer,9823,Bayern München,GER-Bundesliga,1.1,55.0,4.0,0.0,1.3,2.7,0.19,0.12,1.1,4.0,0.14,0.8,0.5,0.3,0.7,7.31,0.0,25.0,0.8,2.0,0.7,1279,18,Defender,0.717948717948718,0.2857142857142857,0.02,0.6363636363636362,0.0735483870967741,0.108,83.87444709378671,77.80356278941184,50.95467896882991,56.19806569216947,67.07783906609649,True,False,Austria
957203,Éderson,8524,Atalanta,ITA-Serie A,3.2,49.2,2.0,0.0,1.7,1.2,0.07,0.17,1.4,0.0,0.06,1.1,0.3,0.4,0.4,7.04,0.0,18.0,1.4,2.4,0.5,1587,21,Midfielder,0.7142857142857142,0.3142857142857143,0.065040650406504,0.3571428571428571,0.0495833333333333,0.0666666666666666,76.40913331951067,57.94514133665077,67.280608542401,65.46143047204367,66.9680132315657,True,False,Brazil
1054786,Aimar Oroz,8371,Osasuna,ESP-La Liga,1.4,28.2,3.0,0.0,0.7,2.0,0.14,0.07,1.2,2.0,0.0,0.5,0.2,0.1,0.9,6.96,0.0,23.0,1.3,2.1,1.3,1328,18,Midfielder,0.6842105263157895,0.1923076923076923,0.0496453900709219,1.0833333333333337,0.0466666666666666,0.0869565217391304,76.25429798189232,65.5770094685189,73.92445054945053,49.92974203469487,66.94776620269741,True,False,Spain
941573,Pedro Porro,8586,Tottenham Hotspur,ENG-Premier League,4.0,35.3,5.0,0.0,3.5,2.8,0.14,0.02,1.1,2.0,0.0,0.8,0.1,0.3,0.3,7.06,0.0,32.0,0.8,2.1,0.5,1824,23,Defender,0.7250000000000001,0.2758620689655172,0.113314447592068,0.4545454545454545,0.0175,0.0875,62.8200808625337,71.344391457599,70.67752609026194,63.56311769991015,66.94696292394123,True,False,Spain
789630,Marcus Tavernier,8678,Bournemouth,ENG-Premier League,1.1,30.2,3.0,0.0,1.5,2.5,0.13,0.26,1.0,3.0,0.25,0.6,0.7,0.1,0.8,7.11,0.0,28.0,2.2,1.4,0.9,1765,22,Midfielder,0.6666666666666666,0.3,0.0364238410596026,0.9,0.0866666666666666,0.0892857142857142,89.76901047066143,68.4471110650356,65.27316590642062,43.25058314327182,66.93584879323583,True,False,England
1102708,Germán Valera,10268,Elche,ESP-La Liga,0.8,33.8,6.0,0.0,1.1,3.2,0.16,0.11,1.3,3.0,0.2,0.5,0.3,0.3,0.5,7.15,0.0,27.0,0.9,1.9,1.1,1802,23,Midfielder,0.6486486486486486,0.2083333333333333,0.0236686390532544,0.8461538461538461,0.0651851851851851,0.1185185185185185,84.19811320754718,81.0495283018868,58.41391509433962,44.20695754716981,66.91223475797382,True,False,Spain
1076647,Lucas Da Cunha,10171,Como,ITA-Serie A,2.0,58.4,5.0,0.0,0.7,3.0,0.16,0.21,1.2,1.0,0.11,0.7,0.5,0.0,0.3,7.12,0.0,29.0,1.1,1.6,0.7,1695,23,Midfielder,0.6571428571428571,0.3043478260869565,0.0342465753424657,0.5833333333333334,0.0908108108108108,0.1034482758620689,86.96182355380468,76.07467689543162,59.81132939387657,43.80761887483586,66.77507954322743,True,False,France
875672,Hamed Traorè,8583,Auxerre,FRA-Ligue 1,1.0,19.4,4.0,0.0,0.5,2.8,0.12,0.33,1.3,2.0,0.43,0.3,1.2,0.0,0.4,7.12,0.0,27.0,2.9,1.8,1.5,2106,26,Midfielder,0.6176470588235293,0.1428571428571428,0.0515463917525773,1.1538461538461535,0.088,0.1037037037037037,85.81043956043955,68.74175824175823,73.01373626373626,39.497252747252745,66.76236580414253,False,False,Ivory Coast
690516,Ademola Lookman,8524,Atalanta,ITA-Serie A,0.3,25.3,12.0,0.0,0.2,7.9,0.31,0.41,1.2,5.0,0.6,0.1,1.4,0.0,0.4,7.39,0.0,61.0,3.3,1.3,1.5,2263,31,Midfielder,0.5384615384615385,0.0714285714285714,0.0118577075098814,1.25,0.1765277777777777,0.1295081967213114,98.76373626373623,90.76373626373623,62.94780219780219,27.192307692307693,66.7562143754113,False,False,Nigeria
1233931,Quentin Merlin,9851,Rennes,FRA-Ligue 1,1.5,34.5,5.0,0.0,2.0,2.9,0.18,0.07,0.5,3.0,0.06,1.4,0.3,0.4,0.6,6.99,0.0,24.0,1.1,1.4,0.5,1452,21,Midfielder,0.8484848484848485,0.5,0.0434782608695652,1.0,0.0504,0.1208333333333333,78.06087583799848,76.63808832676757,49.67945262284885,64.13453763217915,66.72733588630717,True,False,France
642551,Aleix Garcia,8178,Bayer 04 Leverkusen,GER-Bundesliga,5.5,101.1,9.0,0.0,1.1,4.0,0.21,0.07,0.3,5.0,0.05,0.8,0.2,0.2,0.2,7.45,0.0,31.0,0.9,0.7,0.2,1753,21,Midfielder,0.8333333333333333,0.5333333333333333,0.0544015825914935,0.6666666666666667,0.0525,0.1290322580645161,79.24364157854724,86.54144204851752,59.14235607160135,43.24239321998756,66.70401249676364,True,False,Spain
157723,Christian Eriksen,8721,VfL Wolfsburg,GER-Bundesliga,1.9,33.9,5.0,0.0,1.4,2.8,0.18,0.16,0.6,4.0,0.06,0.6,0.5,0.3,0.6,6.86,0.0,29.0,1.4,1.4,0.4,1395,19,Midfielder,0.7692307692307692,0.3,0.0560471976401179,0.6666666666666667,0.0847058823529411,0.096551724137931,88.77928675098485,73.2368252816366,50.6850292003594,53.16909859008916,66.37853417412428,True,False,Denmark
750734,Dodo,8535,Fiorentina,ITA-Serie A,1.5,32.0,6.0,0.0,1.5,3.2,0.13,0.05,0.4,2.0,0.0,0.8,0.0,0.0,0.2,7.06,0.0,38.0,0.7,0.8,1.3,2161,25,Midfielder,0.8,0.5,0.046875,3.25,0.0361111111111111,0.0842105263157894,67.75928277697146,72.63110788582487,78.62976017692999,46.52120913677518,66.37403864744014,True,False,Brazil
1192406,Lorenz Assignon,9851,Rennes,FRA-Ligue 1,0.8,31.4,6.0,0.0,2.2,3.7,0.14,0.08,2.0,4.0,0.11,1.0,0.2,0.1,0.5,6.89,0.0,29.0,0.8,1.9,1.1,2362,32,Midfielder,0.5918367346938775,0.3448275862068966,0.0254777070063694,0.55,0.0509090909090909,0.1275862068965517,76.42857142857143,78.65934065934066,55.8489010989011,53.84065934065935,66.35750218295965,False,False,France
528811,Jens Stage,8697,SV Werder Bremen,GER-Bundesliga,2.3,31.4,4.0,0.0,1.6,2.2,0.12,0.19,1.1,1.0,0.32,0.9,0.6,0.4,0.4,7.12,0.0,15.0,1.8,1.7,0.4,1708,20,Midfielder,0.7027027027027027,0.3461538461538461,0.0732484076433121,0.3636363636363636,0.0735483870967741,0.1466666666666666,81.37617492570324,77.62085320340037,54.14002781809385,51.40186346672196,66.25507898417138,True,False,Denmark
673689,Pepelu,10267,Valencia CF,ESP-La Liga,3.6,50.8,1.0,0.0,2.6,2.0,0.11,0.18,1.4,0.0,0.11,0.9,0.2,0.3,0.2,7.14,0.0,20.0,1.2,2.5,0.4,1709,22,Midfielder,0.7083333333333334,0.2647058823529412,0.0708661417322834,0.2857142857142857,0.0682758620689655,0.1,80.66851976639713,60.696627272098965,60.61615350058745,61.41639021356002,66.23786368905695,True,False,Spain
620027,Xaver Schlager,178475,RB Leipzig,GER-Bundesliga,1.5,45.0,2.0,0.0,1.3,2.2,0.16,0.11,1.2,1.0,0.15,0.5,0.4,0.1,0.7,7.14,0.0,15.0,1.2,1.7,1.3,1237,18,Midfielder,0.6470588235294118,0.2272727272727272,0.0333333333333333,1.0833333333333337,0.0651851851851851,0.1466666666666666,77.78596698113208,73.70872641509435,69.69929245283018,42.68573113207548,66.22374557611224,True,False,Austria
1078788,Neco Williams,10203,Nottingham Forest,ENG-Premier League,1.3,32.0,4.0,0.0,2.3,2.9,0.12,0.06,0.9,1.0,0.04,1.0,0.5,0.5,0.3,7.05,0.0,25.0,1.2,2.9,0.9,2205,25,Defender,0.8125,0.2564102564102564,0.040625,1.0,0.04,0.1159999999999999,64.7939344460571,63.65504699702813,62.76427189163038,76.74184031377428,66.19925197655076,True,False,Wales
359193,Lucas Vázquez,8633,Real Madrid,ESP-La Liga,1.3,51.8,8.0,0.0,1.3,3.9,0.16,0.06,1.2,5.0,0.04,0.7,0.1,0.2,0.1,7.06,0.0,33.0,0.6,2.4,0.8,2193,32,Defender,0.7209302325581395,0.2258064516129032,0.0250965250965251,0.6666666666666667,0.0436363636363636,0.1181818181818181,73.66758241758242,80.04945054945054,56.98351648351648,53.22802197802198,66.0979349271975,False,False,Spain
847357,Mehdi Leris,6479,Pisa,ITA-Serie A,1.5,19.6,5.0,0.0,2.3,1.6,0.13,0.12,1.3,3.0,0.08,0.9,0.5,0.6,0.5,6.79,0.0,20.0,1.7,3.0,0.4,1069,23,Midfielder,0.75,0.2307692307692307,0.0765306122448979,0.3076923076923077,0.0624,0.08,79.45165094339622,64.2924528301887,50.45106132075471,72.17275943396227,65.98771883504762,True,False,Algeria
602563,Marcos Llorente,9906,Atlético de Madrid,ESP-La Liga,2.7,53.8,7.0,0.0,2.2,2.7,0.15,0.09,1.2,3.0,0.0,0.5,0.3,0.1,0.2,7.23,0.0,15.0,0.7,2.2,0.6,1618,20,Defender,0.6923076923076923,0.1851851851851851,0.0501858736059479,0.5,0.05625,0.18,68.08355363190269,80.16086979058677,60.03086339760868,55.31859060750569,65.92818787025143,True,False,Spain
304733,Hakan Calhanoglu,8636,Internazionale,ITA-Serie A,3.9,70.0,6.0,0.0,0.9,3.0,0.21,0.33,1.4,2.0,0.48,0.7,1.0,0.2,0.6,7.8,0.0,35.0,3.0,1.7,0.2,1307,17,Midfielder,0.631578947368421,0.2916666666666667,0.0557142857142857,0.1428571428571428,0.1283333333333333,0.0857142857142857,95.5419992743106,78.7933858594236,44.05021079549382,49.75718346119289,65.8474397781164,True,False,Turkiye
208494,Casemiro,10260,Manchester United,ENG-Premier League,2.6,44.4,3.0,0.0,2.3,2.4,0.13,0.21,1.7,2.0,0.26,1.0,0.6,0.7,0.3,7.23,0.0,23.0,1.9,3.0,0.3,1735,24,Midfielder,0.7017543859649122,0.25,0.0585585585585585,0.1764705882352941,0.0802941176470588,0.1043478260869565,82.36985106088879,66.92423457046098,46.36501745110237,70.78290655884996,65.71426014964118,True,False,Brazil
1320176,Wesley,8686,Roma,ITA-Serie A,0.9,31.0,7.0,0.0,2.1,3.2,0.15,0.06,1.2,0.0,0.14,0.8,0.4,0.2,0.4,7.18,0.0,26.0,1.0,2.2,0.7,1873,23,Midfielder,0.7142857142857143,0.2666666666666666,0.0290322580645161,0.5833333333333334,0.0428571428571428,0.123076923076923,73.18691037735849,81.78066037735849,50.524764150943405,59.06839622641509,65.71125881960924,True,False,Brazil
578756,Deiver Machado,8588,Lens,FRA-Ligue 1,0.6,31.4,5.0,0.0,1.5,2.9,0.14,0.12,1.4,4.0,0.05,0.8,0.2,0.2,0.4,6.86,0.0,20.0,1.1,1.8,1.1,1805,27,Midfielder,0.65,0.3076923076923077,0.019108280254777,0.7857142857142858,0.0646153846153846,0.145,77.3901098901099,76.93956043956044,57.72802197802198,49.030219780219774,65.55147998908693,False,False,Colombia
705450,Jules Koundé,8634,Barcelona,ESP-La Liga,1.1,64.7,3.0,0.0,2.4,2.1,0.11,0.06,0.9,2.0,0.05,1.1,0.2,0.5,0.2,7.19,0.0,15.0,0.5,2.0,0.8,1723,23,Defender,0.775,0.3548387096774194,0.017001545595054,0.888888888888889,0.0388235294117647,0.14,65.04144636809731,72.55014168221716,59.749917927983965,65.40592819130555,65.51253040208114,True,False,France
1033099,Hicham Boudaoui,9831,Nice,FRA-Ligue 1,1.3,29.6,2.0,0.0,1.8,1.5,0.14,0.14,1.1,2.0,0.09,1.2,0.7,0.5,0.5,6.8,0.0,12.0,1.4,1.2,0.7,949,15,Midfielder,0.6857142857142857,0.5,0.0439189189189189,0.6363636363636362,0.07,0.125,75.07287131107886,68.70466169051075,60.16683081069874,55.8561795908494,65.48547605249345,True,False,Algeria
1345875,Fares Chaibi,9810,Eintracht Frankfurt,GER-Bundesliga,1.1,30.3,6.0,0.0,1.3,1.8,0.14,0.12,0.8,7.0,0.08,0.7,0.4,0.2,0.8,7.14,0.0,24.0,1.3,1.5,0.4,1168,16,Midfielder,0.7333333333333334,0.3181818181818181,0.0363036303630363,0.5,0.0646153846153846,0.075,84.92535766120672,70.2168688230009,50.91579843112862,55.3084914299537,65.40230918037057,True,False,Algeria
1116391,Hugo Bueno,8602,Wolverhampton Wanderers,ENG-Premier League,1.0,26.9,2.0,0.0,2.4,2.2,0.12,0.03,0.6,1.0,0.05,1.5,0.3,0.2,0.2,6.77,0.0,25.0,0.5,2.5,1.1,1670,24,Defender,0.8695652173913044,0.375,0.037174721189591,1.8333333333333333,0.024,0.088,57.51768867924528,61.10259433962264,67.79775943396226,81.54775943396227,65.24415072216688,True,False,Spain
1175939,Paul Nebel,9905,1. FSV Mainz 05,GER-Bundesliga,0.6,27.9,2.0,0.0,0.9,1.9,0.15,0.19,1.3,0.0,0.08,0.6,0.1,0.1,0.8,6.6,0.0,21.0,1.1,1.7,0.9,1141,18,Midfielder,0.638888888888889,0.2608695652173913,0.021505376344086,0.6923076923076923,0.0838235294117647,0.0904761904761904,88.39166925841455,72.4360615799295,56.55027126961088,43.21989684843459,65.18647941269074,True,False,Germany
434325,Thomas Partey,9825,Arsenal,ENG-Premier League,1.9,52.4,3.0,0.0,1.4,2.6,0.08,0.07,1.4,2.0,0.13,1.1,0.3,0.3,0.4,7.38,0.0,20.0,0.8,2.9,0.8,2799,35,Midfielder,0.7407407407407407,0.275,0.0362595419847328,0.5714285714285715,0.0373333333333333,0.13,62.06043956043956,64.72527472527473,62.28846153846154,74.92582417582418,65.18401941267896,False,False,Ghana
935379,Dejan Kulusevski,8586,Tottenham Hotspur,ENG-Premier League,0.5,24.1,9.0,0.0,0.3,3.9,0.15,0.16,1.8,4.0,0.26,0.5,0.7,0.2,1.0,6.92,0.0,65.0,1.8,1.7,1.4,2391,32,Midfielder,0.55,0.2272727272727272,0.0207468879668049,0.7777777777777777,0.0774193548387096,0.06,89.5467032967033,66.82967032967034,59.56593406593405,43.91758241758242,65.18300594920399,False,False,Sweden
1185336,Chico Conceicao,9885,Juventus,ITA-Serie A,0.5,33.1,1.0,0.0,0.2,2.1,0.17,0.32,1.6,1.0,0.16,0.4,1.0,0.0,1.0,6.96,0.0,14.0,2.8,1.5,2.2,1122,18,Midfielder,0.5428571428571428,0.2105263157894737,0.0151057401812688,1.375,0.1110204081632653,0.15,86.95821670467897,76.18639850715323,66.22299830672472,33.982099661344954,65.12755889644828,True,False,Portugal
1372921,Andrey Santos,9848,Strasbourg,FRA-Ligue 1,1.6,44.1,9.0,0.0,2.0,2.0,0.06,0.16,0.9,3.0,0.32,1.0,0.5,0.4,0.5,7.75,0.0,27.0,1.4,3.5,0.6,2857,32,Midfielder,0.8333333333333333,0.2222222222222222,0.0362811791383219,0.6666666666666666,0.0436363636363636,0.074074074074074,70.6043956043956,54.76373626373626,57.42857142857142,83.82142857142857,65.12171126397662,False,False,Brazil
1209980,Carlos Álvarez,8581,Levante,ESP-La Liga,1.0,24.8,6.0,0.0,0.3,3.8,0.21,0.1,0.9,1.0,0.16,0.6,0.5,0.1,0.5,6.78,0.0,35.0,1.3,1.1,0.9,1654,24,Midfielder,0.6538461538461539,0.3529411764705882,0.0403225806451612,1.0,0.0677419354838709,0.1085714285714285,86.82193396226415,82.77712264150942,63.68219339622641,32.16981132075472,65.09694749777127,True,False,Spain
1158512,Juanlu Sánchez,8302,Sevilla,ESP-La Liga,1.5,29.3,3.0,0.0,1.5,2.1,0.14,0.04,1.1,2.0,0.0,0.5,0.1,0.0,0.4,6.78,0.0,17.0,0.7,2.8,1.1,1336,20,Midfielder,0.7499999999999999,0.1515151515151515,0.0511945392491467,1.0,0.0311111111111111,0.1235294117647058,65.40167772479093,65.8037355726035,63.92212661552284,64.76061752712697,65.00014177865573,True,False,Spain
674499,Niklas Dorsch,94937,1. FC Heidenheim 1846,GER-Bundesliga,2.9,33.7,5.0,0.0,1.5,1.8,0.11,0.03,1.0,0.0,0.0,0.9,0.2,0.2,0.2,6.76,0.0,15.0,0.8,2.8,0.6,1440,20,Midfielder,0.7872340425531915,0.2432432432432432,0.086053412462908,0.6,0.0235714285714285,0.12,55.06777420692515,69.48997857488423,72.12323761144516,67.03700152049208,64.9428765212814,True,False,Germany
1049999,Enzo Le Fee,8472,Sunderland,ENG-Premier League,1.0,27.6,4.0,0.0,1.2,2.7,0.12,0.17,1.0,4.0,0.13,0.9,0.2,0.5,0.6,6.98,0.0,31.0,1.0,2.6,0.4,2030,25,Midfielder,0.7777777777777778,0.2571428571428572,0.036231884057971,0.4,0.0703448275862068,0.0870967741935483,85.12676886792451,66.7924528301887,40.47169811320754,75.02948113207547,64.86881108362553,True,False,France
807729,Reece James,8455,Chelsea,ENG-Premier League,2.9,53.4,6.0,0.0,1.9,2.3,0.13,0.05,1.4,4.0,0.12,1.6,0.4,0.4,0.4,7.25,0.0,21.0,0.9,2.3,0.5,1537,23,Defender,0.7358490566037736,0.4102564102564103,0.0543071161048689,0.3571428571428571,0.0361111111111111,0.1095238095238095,60.50310145829013,69.30091056742002,64.67077026746837,66.54228004699704,64.86561954950834,True,False,England
1329255,Louis Mouton,8121,Angers,FRA-Ligue 1,1.3,24.9,4.0,0.0,0.7,2.1,0.13,0.14,1.0,1.0,0.12,0.5,0.5,0.2,0.4,6.63,0.0,18.0,1.7,1.8,0.5,1484,21,Midfielder,0.6969696969696969,0.2173913043478261,0.0522088353413654,0.5,0.0674074074074074,0.1166666666666666,77.46777593475707,65.30573121846707,60.19272237196765,53.90820892943534,64.81732853634978,True,False,France
676533,Aitor Ruibal,8603,Real Betis,ESP-La Liga,1.9,28.2,2.0,0.0,2.1,1.3,0.1,0.22,1.2,1.0,0.3,1.1,0.7,0.2,0.4,6.95,0.0,16.0,1.4,1.8,0.5,1191,19,Defender,0.7073170731707317,0.3793103448275862,0.0673758865248227,0.4166666666666667,0.06875,0.08125,74.17694726656991,56.76675133043057,64.11298292902067,63.28601665629967,64.80406443339515,True,False,Spain
813055,Mousa Tamari,9851,Rennes,FRA-Ligue 1,0.5,21.0,4.0,0.0,0.3,2.9,0.19,0.19,0.9,3.0,0.2,0.5,1.0,0.1,1.0,6.93,0.0,21.0,2.3,1.2,1.3,1365,21,Midfielder,0.6538461538461539,0.2941176470588235,0.0238095238095238,1.4444444444444444,0.095,0.1380952380952381,87.2433089709033,74.21236782085838,63.16346585804132,36.00261766535352,64.74735245044887,True,False,Jordan
951714,Adrián Bernabé,10167,Parma,ITA-Serie A,2.7,38.1,6.0,0.0,0.8,2.8,0.13,0.09,0.5,1.0,0.14,0.5,0.5,0.2,0.5,7.03,0.0,46.0,1.9,1.2,0.5,1979,25,Midfielder,0.7727272727272726,0.2941176470588235,0.0708661417322834,1.0,0.0531818181818181,0.0608695652173913,75.92315899509295,58.11636947957703,79.12853773584906,45.33119514133665,64.7216557127109,True,False,Spain
279461,Kenny Lala,8521,Brest,FRA-Ligue 1,4.6,31.0,5.0,0.0,2.6,3.0,0.14,0.01,0.5,1.0,0.0,0.8,0.0,0.4,0.1,6.55,0.0,17.0,0.4,1.3,0.3,1869,21,Defender,0.8076923076923077,0.3809523809523809,0.1483870967741935,0.6,0.0093333333333333,0.1764705882352941,56.7372701983551,82.33854274656163,70.85512561338034,52.088391561268914,64.71460915960739,True,False,France
402419,Przemyslaw Frankowski,9851,Rennes,FRA-Ligue 1,1.8,36.3,2.0,0.0,2.7,2.4,0.19,0.04,0.9,2.0,0.08,0.6,0.2,0.1,0.6,7.23,0.0,23.0,0.7,3.2,0.3,1111,16,Midfielder,0.8085106382978724,0.1578947368421052,0.0495867768595041,0.3333333333333333,0.0330434782608695,0.1043478260869565,72.35900891561268,75.6283606330776,44.19524068698596,72.11735866334924,64.63545238953503,True,False,Poland
867414,Sandro Tonali,10261,Newcastle United,ENG-Premier League,2.7,46.7,3.0,0.0,1.3,1.6,0.08,0.08,0.9,1.0,0.0,1.2,0.3,0.3,0.4,7.0,0.0,18.0,1.3,1.3,0.9,1776,26,Midfielder,0.7352941176470589,0.48,0.0578158458244111,1.0,0.04,0.0888888888888888,69.18433374801299,58.93686502177068,73.39455905729491,55.80532517796669,64.61750449437692,True,False,Italy
488139,Bernardo Silva,8456,Manchester City,ENG-Premier League,2.0,54.6,7.0,0.0,1.0,2.7,0.13,0.05,1.4,4.0,0.05,0.8,0.1,0.2,0.7,7.05,0.0,27.0,0.5,1.4,0.6,1909,26,Midfielder,0.6111111111111112,0.3636363636363636,0.0366300366300366,0.4285714285714286,0.0361111111111111,0.1,74.26653535144101,74.27110546686019,59.32364883544128,48.89467568594927,64.58061835130178,True,False,Portugal
1044470,Hákon Arnar Haraldsson,8639,Lille,FRA-Ligue 1,1.1,38.6,3.0,0.0,0.4,3.5,0.21,0.28,1.2,1.0,0.29,0.4,0.4,0.0,0.9,7.12,0.0,33.0,1.9,0.9,0.8,1526,20,Midfielder,0.52,0.3076923076923077,0.0284974093264248,0.6666666666666667,0.12,0.106060606060606,93.05173992673993,75.77560646900268,60.91908131176999,32.75347726173198,64.52671018869516,True,False,Iceland
921825,Jon Moncayola,8371,Osasuna,ESP-La Liga,3.2,35.0,7.0,0.0,1.6,2.3,0.11,0.08,1.2,4.0,0.0,0.7,0.1,0.1,0.4,7.08,0.0,26.0,0.8,1.6,0.5,1847,22,Midfielder,0.6571428571428571,0.3043478260869565,0.0914285714285714,0.4166666666666667,0.0463157894736842,0.0884615384615384,75.06874611237818,72.92916753058263,60.42099920519731,47.68223011265464,64.46609297933111,True,False,Spain
942379,Miguel Gutiérrez,7732,Girona,ESP-La Liga,1.2,36.9,6.0,0.0,1.1,4.6,0.17,0.06,1.1,5.0,0.04,0.6,0.3,0.3,0.4,6.93,0.0,41.0,1.0,1.4,1.1,2464,29,Midfielder,0.6451612903225806,0.3,0.032520325203252,1.0,0.0443478260869565,0.1121951219512195,75.81043956043956,79.14285714285714,65.5631868131868,38.01648351648351,64.36963372059861,False,False,Spain
556029,Marius Wolf,8406,FC Augsburg,GER-Bundesliga,1.5,24.7,2.0,0.0,1.9,4.5,0.19,0.03,0.8,3.0,0.04,1.0,0.1,0.2,0.4,6.9,0.0,45.0,0.5,1.1,0.8,2164,32,Midfielder,0.7241379310344827,0.4761904761904761,0.0607287449392712,1.0,0.0259090909090909,0.1,65.63186813186813,70.8021978021978,70.60714285714286,48.9478021978022,64.23990845036774,False,False,Germany
818975,Eberechi Eze,9825,Arsenal,ENG-Premier League,0.5,26.9,3.0,0.0,0.6,1.7,0.13,0.21,0.9,2.0,0.31,0.5,0.9,0.1,0.5,6.9,0.0,9.0,2.6,1.0,1.6,1157,22,Midfielder,0.625,0.3333333333333333,0.0185873605947955,1.777777777777778,0.0802941176470588,0.1888888888888888,81.41617423457046,72.53963646416476,69.10998946022532,35.2708506116525,64.2281546415449,True,False,England
936140,Sebastian Sebulonsen,8722,1. FC Köln,GER-Bundesliga,1.2,22.4,4.0,0.0,3.0,2.6,0.13,0.06,0.4,0.0,0.0,0.6,0.1,0.2,0.1,6.51,0.0,16.0,1.2,1.6,0.6,1805,22,Defender,0.8461538461538461,0.2727272727272727,0.0535714285714285,1.4999999999999998,0.0410526315789473,0.1625,65.47759433962264,77.84787735849056,65.73702830188678,47.58549528301887,64.20767498124643,True,False,Norway
1353457,Arthur,8178,Bayer 04 Leverkusen,GER-Bundesliga,1.1,30.2,2.0,0.0,2.3,1.4,0.13,0.09,1.6,3.0,0.1,1.4,0.2,0.1,0.6,6.92,0.0,11.0,1.0,1.6,1.2,942,14,Midfielder,0.6521739130434783,0.4666666666666666,0.0364238410596026,0.7499999999999999,0.0531818181818181,0.1272727272727272,68.29304245283019,65.4245283018868,63.3932783018868,57.89209905660377,64.16271764958502,True,False,Brazil
947884,Wouter Burger,8226,TSG 1899 Hoffenheim,GER-Bundesliga,2.2,37.0,9.0,0.0,2.7,3.5,0.2,0.15,2.3,5.0,0.23,0.7,0.6,0.3,0.8,7.46,0.0,33.0,1.4,2.5,0.2,1551,19,Midfielder,0.5818181818181819,0.2187499999999999,0.0594594594594594,0.0869565217391304,0.0857142857142857,0.106060606060606,91.05247641509432,83.1308962264151,36.81014150943396,54.91155660377359,64.14351675690709,True,False,Netherlands
638622,Frenkie de Jong,8634,Barcelona,ESP-La Liga,2.3,76.5,8.0,0.0,0.8,2.9,0.18,0.04,0.6,4.0,0.0,1.0,0.1,0.3,0.3,7.44,0.0,27.0,0.4,2.3,0.3,1406,18,Midfielder,0.8461538461538461,0.303030303030303,0.0300653594771241,0.5,0.0327272727272727,0.1074074074074074,67.41034712143203,74.68493848918376,49.565782880641365,67.38198476052249,64.03692633243742,True,False,Netherlands
167008,Pascal Gross,9789,Borussia Dortmund,GER-Bundesliga,3.3,57.6,10.0,0.0,1.0,6.4,0.24,0.09,0.7,10.0,0.0,0.3,0.3,0.5,0.4,7.06,0.0,58.0,1.0,1.7,0.1,2338,30,Midfielder,0.7407407407407407,0.15,0.0572916666666666,0.1428571428571428,0.0654545454545454,0.1103448275862069,87.1153846153846,84.7912087912088,41.89285714285714,48.11263736263735,63.98865654669392,False,False,Germany
352879,Adrien Rabiot,8564,Milan,ITA-Serie A,1.5,40.5,5.0,0.0,1.3,1.8,0.11,0.12,1.2,4.0,0.24,0.5,0.4,0.2,0.3,7.51,0.0,14.0,1.4,1.8,0.9,1470,17,Midfielder,0.6571428571428571,0.2173913043478261,0.037037037037037,0.75,0.057391304347826,0.1285714285714286,77.4248177137328,74.64740134079756,59.350603013338855,43.39262388554842,63.937727625406175,True,False,France
1002058,Nico Schlotterbeck,9789,Borussia Dortmund,GER-Bundesliga,7.2,60.9,1.0,0.0,4.6,1.7,0.1,0.15,1.0,1.0,0.18,0.8,0.4,0.4,0.1,7.61,0.0,7.0,1.4,2.1,0.5,1530,17,Defender,0.7435897435897436,0.2758620689655172,0.1182266009852216,0.5,0.06,0.2428571428571428,64.35927672955974,63.39999308867234,74.84931577856105,51.95629017209205,63.79405881895945,True,False,Germany
1231029,Rafik Belghali,9876,Verona,ITA-Serie A,0.8,18.2,1.0,0.0,1.0,1.8,0.14,0.12,1.0,0.0,0.16,1.0,0.3,0.3,0.3,6.82,0.0,15.0,0.8,1.2,1.8,1125,16,Defender,0.6875,0.4545454545454545,0.0439560439560439,1.8,0.0646153846153846,0.12,77.06367924528301,63.950471698113205,71.73643867924527,41.23525943396226,63.753577401524346,True,False,Algeria
1481909,Ebenezer Akinsanmiro,6479,Pisa,ITA-Serie A,1.7,25.4,2.0,0.0,1.1,1.1,0.11,0.06,2.2,1.0,0.0,1.5,0.3,0.3,0.7,6.98,0.0,12.0,1.1,2.1,1.5,933,14,Midfielder,0.6206896551724137,0.4166666666666666,0.0669291338582677,0.6818181818181818,0.0388235294117647,0.0916666666666666,59.77299528301887,54.95283018867925,76.82783018867923,66.85731132075472,63.73213175871928,True,False,Nigeria
844544,Pape Gueye,10205,Villarreal,ESP-La Liga,3.4,36.4,2.0,0.0,2.1,2.1,0.16,0.08,1.9,1.0,0.15,1.1,0.4,0.3,0.7,6.94,0.0,13.0,1.8,1.3,0.4,1217,18,Midfielder,0.5581395348837209,0.4583333333333333,0.0934065934065934,0.2105263157894737,0.0533333333333333,0.1615384615384615,71.09903068629484,69.66777247909323,59.397457495334855,52.76796945193172,63.71374390411373,True,False,Senegal
722207,Rasmus Kristensen,9810,Eintracht Frankfurt,GER-Bundesliga,2.9,47.1,1.0,0.0,3.5,1.1,0.07,0.04,1.3,0.0,0.13,1.1,0.3,0.1,0.4,7.2,0.0,8.0,0.9,2.8,0.8,1425,19,Defender,0.75,0.2820512820512821,0.0615711252653927,0.6153846153846154,0.0254545454545454,0.1375,53.82999861773447,63.62344495127513,73.1514919828599,69.08698769783676,63.70105928647549,True,False,Denmark
867789,Emanuele Valeri,10167,Parma,ITA-Serie A,1.8,20.4,3.0,0.0,1.4,2.6,0.15,0.02,0.6,1.0,0.0,0.9,0.2,0.1,0.3,6.75,0.0,31.0,0.9,1.8,0.6,1582,21,Defender,0.8181818181818181,0.3333333333333333,0.088235294117647,1.0,0.0176470588235294,0.0838709677419354,61.01222873038912,67.85689232151498,66.28073812979473,59.73998289446403,63.69765016373825,True,False,Italy
812652,Facundo Medina,8588,Lens,FRA-Ligue 1,3.1,56.3,1.0,0.0,2.4,3.4,0.12,0.06,1.0,1.0,0.0,1.1,0.1,0.4,0.4,7.12,0.0,24.0,1.0,1.6,0.4,2546,29,Defender,0.7297297297297297,0.4074074074074074,0.0550621669626998,0.4,0.04,0.1416666666666666,67.1978021978022,67.10989010989012,59.60989010989013,59.61263736263735,63.65029197385086,False,False,Argentina
210423,Florent Hanin,8121,Angers,FRA-Ligue 1,2.3,35.1,4.0,0.0,2.7,2.5,0.09,0.03,0.5,2.0,0.03,1.6,0.0,0.3,0.2,6.95,0.0,25.0,0.4,2.3,0.4,2677,33,Defender,0.8863636363636362,0.4102564102564103,0.0655270655270655,0.8,0.0225,0.1,52.8021978021978,63.510989010989,65.85714285714286,80.49725274725274,63.57915504770151,False,False,France
466113,Jari Vandeputte,7801,Cremonese,ITA-Serie A,2.2,31.7,7.0,0.0,2.0,3.3,0.22,0.08,1.3,4.0,0.0,0.9,0.3,0.1,0.3,6.92,0.0,37.0,0.8,1.7,0.3,1347,21,Midfielder,0.6666666666666666,0.3461538461538461,0.0694006309148265,0.2307692307692307,0.0586666666666666,0.0891891891891891,83.88856132075472,77.85377358490565,48.05719339622642,46.170400943396224,63.5686620800149,True,False,Belgium
1385856,Davide Bartesaghi,8564,Milan,ITA-Serie A,1.7,32.1,2.0,0.0,2.0,2.7,0.15,0.05,0.7,0.0,0.12,0.5,0.3,0.3,0.1,7.06,0.0,29.0,0.8,2.2,0.5,1565,20,Midfielder,0.7941176470588235,0.1851851851851851,0.0529595015576324,0.7142857142857143,0.0375,0.093103448275862,70.53360849056604,66.95165094339623,61.28537735849056,52.72405660377358,63.41618807447372,True,False,Italy
624166,Manuel Locatelli,9885,Juventus,ITA-Serie A,5.6,76.2,3.0,0.0,2.2,2.6,0.12,0.06,1.4,1.0,0.05,1.4,0.4,0.6,0.6,7.51,0.0,29.0,1.2,3.0,0.2,1924,24,Midfielder,0.7586206896551724,0.3181818181818181,0.0734908136482939,0.1428571428571428,0.04,0.0896551724137931,68.78712678830603,64.24924839311632,50.96829428433202,72.56603341626926,63.414834816531815,True,False,Italy
266523,Pierre-Emile Højbjerg,8592,Marseille,FRA-Ligue 1,2.8,72.6,3.0,0.0,1.5,1.8,0.1,0.1,1.0,3.0,0.11,0.9,0.5,0.2,0.8,7.37,0.0,20.0,1.5,1.0,0.7,1661,20,Midfielder,0.6551724137931034,0.4736842105263158,0.0385674931129476,0.7,0.05,0.09,76.71297256202917,65.02458704817195,56.76032379570116,53.035990738820935,63.40965605035871,True,False,Denmark
1020963,Nicolo Rovella,8543,Lazio,ITA-Serie A,3.5,60.9,6.0,0.0,1.4,2.1,0.07,0.05,1.4,3.0,0.0,1.6,0.3,0.1,0.3,7.15,0.0,31.0,0.9,2.8,0.6,2728,33,Midfielder,0.7586206896551724,0.3636363636363636,0.057471264367816,0.4285714285714286,0.0291666666666666,0.0677419354838709,59.06593406593407,54.34065934065935,66.64285714285714,80.36263736263736,63.40617967372268,False,False,Italy
970243,Mats Wieffer,10204,Brighton and Hove Albion,ENG-Premier League,2.1,37.5,4.0,0.0,3.9,1.5,0.11,0.09,1.5,3.0,0.0,1.4,0.2,0.2,0.7,7.08,0.0,17.0,0.8,3.6,0.5,1182,16,Defender,0.7692307692307693,0.2799999999999999,0.056,0.3333333333333333,0.0494999999999999,0.088235294117647,67.3269576335614,54.27494125371484,53.64979438800193,86.6141103393462,63.38934770371152,True,False,Netherlands
1191093,Lorenzo Bernasconi,8524,Atalanta,ITA-Serie A,1.6,33.1,3.0,0.0,2.5,2.4,0.22,0.03,0.6,2.0,0.0,0.8,0.1,0.3,0.0,7.13,0.0,16.0,0.6,2.1,0.5,1005,15,Midfielder,0.8285714285714285,0.2758620689655172,0.0483383685800604,0.8333333333333334,0.0264,0.15,58.81485849056604,80.02948113207546,60.57193396226416,56.00530660377358,63.368337464851614,True,False,Italy
1254297,Andy Diouf,8588,Lens,FRA-Ligue 1,0.4,34.1,3.0,0.0,0.6,3.3,0.13,0.12,1.7,2.0,0.04,0.6,0.2,0.0,0.8,6.85,0.0,33.0,1.6,1.5,1.7,2233,34,Midfielder,0.5526315789473685,0.2857142857142857,0.0117302052785923,1.0,0.0624,0.0999999999999999,81.53846153846153,66.75274725274726,62.26373626373627,41.425824175824175,63.31973168455456,False,False,France
473852,Corentin Tolisso,9748,Lyon,FRA-Ligue 1,3.6,42.9,6.0,0.0,1.4,2.3,0.14,0.4,1.8,1.0,0.24,0.8,1.0,0.2,0.7,7.15,0.0,22.0,2.1,1.1,0.2,1510,19,Midfielder,0.5135135135135135,0.4210526315789473,0.0839160839160839,0.1111111111111111,0.1037037037037037,0.1045454545454545,89.49091592369894,79.47577579653051,46.24947301126547,41.98780582624922,63.31311962953308,True,False,France
215242,Leonardo Spinazzola,9875,Napoli,ITA-Serie A,2.4,33.8,1.0,0.0,1.5,2.2,0.15,0.06,0.5,2.0,0.2,0.3,0.5,0.1,0.5,7.03,0.0,22.0,1.2,1.0,0.7,1346,21,Midfielder,0.7222222222222222,0.2307692307692307,0.0710059171597633,1.4,0.0428571428571428,0.1,69.94751710553597,70.06707443499897,82.44295994885618,34.488229145068765,63.29694654619109,True,False,Italy
671686,Aleix Febas,10268,Elche,ESP-La Liga,1.6,54.0,1.0,0.0,0.6,2.1,0.09,0.07,0.9,1.0,0.09,0.6,0.3,0.1,0.5,7.3,0.0,18.0,0.7,1.9,1.7,2060,23,Midfielder,0.7352941176470589,0.24,0.0296296296296296,1.8888888888888888,0.039375,0.1166666666666666,64.35731132075472,59.41037735849056,74.01533018867923,54.67275943396226,63.23092926414065,True,False,Spain
751550,Diogo Dalot,10260,Manchester United,ENG-Premier League,1.4,31.8,4.0,0.0,3.1,1.9,0.09,0.07,0.8,3.0,0.05,0.8,0.2,0.3,0.3,7.12,0.0,22.0,0.8,1.8,0.7,1847,24,Midfielder,0.7647058823529411,0.3076923076923077,0.0440251572327044,0.8749999999999999,0.039375,0.0863636363636363,66.22315381159721,60.962074089432576,64.92940078789135,59.72119704195176,63.22719875584247,True,False,Portugal
357880,Andrew Robertson,8650,Liverpool,ENG-Premier League,2.2,49.0,7.0,0.0,1.5,4.3,0.15,0.04,0.4,1.0,0.0,0.8,0.1,0.1,0.1,6.84,0.0,40.0,0.5,1.4,0.3,2492,33,Defender,0.8461538461538461,0.3636363636363636,0.0448979591836734,0.7499999999999999,0.031578947368421,0.1075,66.99175824175825,77.47802197802199,57.28296703296704,50.7142857142857,63.18783607393463,False,False,Scotland
956925,Georginio Rutter,10204,Brighton and Hove Albion,ENG-Premier League,0.8,14.6,6.0,0.0,1.4,2.1,0.12,0.13,1.6,2.0,0.12,0.4,0.7,0.1,0.9,6.59,0.0,19.0,2.0,1.4,1.5,1515,23,Midfielder,0.5294117647058824,0.2222222222222222,0.0547945205479452,0.9375,0.0624,0.1105263157894737,77.98197871311079,68.5048552076854,67.57202467343977,38.26025900200429,63.171316468610016,True,False,France
959594,Karim Adeyemi,9789,Borussia Dortmund,GER-Bundesliga,0.3,16.9,4.0,0.0,0.1,2.3,0.22,0.33,1.6,2.0,0.49,0.4,1.1,0.0,0.8,6.98,0.0,11.0,2.2,0.4,2.2,918,20,Midfielder,0.3333333333333333,0.5,0.0177514792899408,1.375,0.1319999999999999,0.209090909090909,87.91305981754095,84.56230561890939,65.09621000069113,25.66321532241344,63.13371744857129,True,False,Germany
1047667,Maximilian Beier,9789,Borussia Dortmund,GER-Bundesliga,0.4,18.9,4.0,0.0,1.0,2.6,0.21,0.37,1.0,3.0,0.55,0.5,1.2,0.2,1.1,7.04,0.0,15.0,2.3,1.0,0.9,1136,20,Midfielder,0.6,0.3333333333333333,0.0211640211640211,0.9,0.1339655172413793,0.1733333333333333,88.1480233602875,79.23685983827492,56.90796703296703,32.487011023567625,63.0130942943502,True,False,Germany
1168311,Yasin Ayari,10204,Brighton and Hove Albion,ENG-Premier League,2.0,39.2,1.0,0.0,1.1,1.1,0.06,0.13,1.0,2.0,0.16,1.2,0.5,0.2,0.7,7.13,0.0,12.0,2.1,2.3,0.7,1701,21,Midfielder,0.7777777777777778,0.3428571428571428,0.0510204081632653,0.7,0.0410526315789473,0.0916666666666666,68.61531550210795,51.44459706959707,60.57473736954868,74.81585199391803,62.969880925500185,True,False,Sweden
439366,Abdoulaye Touré,9746,Le Havre,FRA-Ligue 1,3.0,33.3,2.0,0.0,1.5,1.1,0.04,0.36,1.2,1.0,0.39,1.3,0.6,0.7,0.6,7.14,0.0,7.0,1.8,2.4,0.7,2329,28,Midfielder,0.7551020408163265,0.3513513513513513,0.0900900900900901,0.5833333333333334,0.036,0.1571428571428571,55.56318681318681,50.84615384615385,74.68681318681318,80.03846153846155,62.94647279838202,False,False,Guinea
1015185,Eduardo Camavinga,8633,Real Madrid,ESP-La Liga,2.9,59.3,1.0,0.0,1.3,1.3,0.12,0.1,2.0,0.0,0.09,0.8,0.2,0.5,0.5,7.29,0.0,10.0,0.9,4.0,1.1,988,18,Midfielder,0.7058823529411765,0.1666666666666666,0.0489038785834738,0.55,0.0545454545454545,0.13,59.30418048932199,51.00784435690096,74.65509019282604,71.85795061856383,62.86293541321534,True,False,France
866708,Oumar Solet,8600,Udinese,ITA-Serie A,4.8,52.5,2.0,0.0,4.0,1.6,0.07,0.1,1.0,1.0,0.13,1.5,0.2,0.5,0.2,7.15,0.0,14.0,1.1,2.1,0.9,2141,25,Defender,0.782608695652174,0.4166666666666666,0.0914285714285714,0.9,0.0411764705882353,0.1142857142857143,56.30904865574678,47.980216324555954,89.48717516759969,66.29534694864884,62.758971355957975,True,False,France
1284429,Javier Guerra,10267,Valencia CF,ESP-La Liga,2.3,35.0,4.0,0.0,1.7,1.2,0.1,0.09,1.4,3.0,0.0,1.1,0.3,0.3,0.2,6.64,0.0,12.0,1.1,1.2,1.1,1077,23,Midfielder,0.6216216216216216,0.4782608695652174,0.0657142857142857,0.7857142857142858,0.0473684210526315,0.0999999999999999,67.11696126200843,65.54582210242587,78.5498220333126,40.55786509088396,62.74617522644281,True,False,Spain
621515,Daichi Kamada,9826,Crystal Palace,ENG-Premier League,1.5,29.6,2.0,0.0,1.1,2.0,0.14,0.1,1.4,0.0,0.0,0.6,0.3,0.1,0.6,6.98,0.0,11.0,1.1,3.1,0.6,1258,16,Midfielder,0.7254901960784315,0.1621621621621621,0.0506756756756756,0.4285714285714286,0.0583333333333333,0.1818181818181818,67.8826283779114,66.32722544750847,51.31936381228834,66.7012708203746,62.71157239758601,True,False,Japan
625175,Grischa Prömel,8226,TSG 1899 Hoffenheim,GER-Bundesliga,1.3,40.5,1.0,0.0,2.5,1.7,0.13,0.26,0.9,2.0,0.47,0.9,0.6,0.4,0.6,7.1,0.0,12.0,1.9,2.0,0.4,1160,22,Midfielder,0.7631578947368421,0.3103448275862069,0.0320987654320987,0.4444444444444445,0.0866666666666666,0.1416666666666666,79.68750000000001,64.72287735849056,42.980542452830186,67.14622641509435,62.64750939255005,True,False,Germany
307317,Vladimir Coufal,8226,TSG 1899 Hoffenheim,GER-Bundesliga,1.9,31.2,10.0,0.0,3.4,5.0,0.23,0.03,0.9,6.0,0.05,1.1,0.2,0.5,0.4,7.49,0.0,31.0,0.7,1.7,0.9,1967,22,Defender,0.7567567567567568,0.3928571428571429,0.0608974358974358,1.0,0.0265384615384615,0.1612903225806451,56.974004768816094,78.44858836132421,61.621863985071535,55.62788547930057,62.63852546301645,True,False,Czechia
770321,Mahdi Camara,9851,Rennes,FRA-Ligue 1,0.5,33.6,3.0,0.0,1.5,1.9,0.11,0.08,1.4,1.0,0.06,1.1,0.3,0.2,0.5,7.09,0.0,17.0,0.7,1.9,0.8,1598,20,Midfielder,0.6818181818181818,0.3666666666666667,0.0148809523809523,0.5714285714285715,0.0463157894736842,0.1117647058823529,70.69888641232981,65.03429746354274,51.06580879812012,64.29460398092475,62.62919709299359,True,False,France
864006,Matteo Tramoni,6479,Pisa,ITA-Serie A,0.8,14.3,4.0,0.0,0.6,2.1,0.16,0.2,1.1,2.0,0.15,0.7,0.5,0.0,1.2,6.64,0.0,25.0,1.8,1.7,0.4,1227,22,Midfielder,0.6857142857142857,0.2916666666666667,0.0559440559440559,0.3636363636363636,0.0888888888888888,0.084,89.2246462264151,68.83844339622641,43.2753537735849,51.75412735849056,62.5824218192243,True,False,France
277771,Thomas Meunier,8639,Lille,FRA-Ligue 1,1.9,38.0,3.0,0.0,3.1,1.9,0.15,0.06,1.3,0.0,0.0,0.9,0.1,0.2,0.6,6.99,0.0,10.0,0.9,1.4,0.6,1159,15,Defender,0.638888888888889,0.391304347826087,0.0499999999999999,0.4615384615384615,0.0428571428571428,0.19,63.86077562374732,70.32264669292972,61.44470937867164,53.63478384822725,62.56831929677939,True,False,Belgium
660327,Ibrahima Sissoko,9911,VfL Bochum 1848,GER-Bundesliga,1.5,27.8,2.0,0.0,1.8,2.7,0.1,0.05,2.6,1.0,0.04,1.3,0.2,0.4,0.4,6.94,0.0,27.0,0.7,2.2,1.1,2535,31,Midfielder,0.5737704918032788,0.3714285714285714,0.0539568345323741,0.4230769230769231,0.0333333333333333,0.1,63.22802197802198,61.24725274725275,64.48901098901099,60.74725274725275,62.53473150365737,False,False,Mali
671865,Santi Comesana,10205,Villarreal,ESP-La Liga,1.6,37.2,1.0,0.0,2.1,2.4,0.14,0.18,1.6,2.0,0.12,0.7,0.2,0.6,0.7,6.86,0.0,12.0,1.2,2.0,0.4,1477,22,Midfielder,0.6279069767441859,0.2592592592592592,0.043010752688172,0.25,0.07875,0.1999999999999999,78.27469503766675,66.73734363121156,48.44518021286888,56.0501200843182,62.403162231807,True,False,Spain
148830,Benjamin André,8639,Lille,FRA-Ligue 1,2.4,45.1,1.0,0.0,1.6,1.6,0.1,0.13,1.6,1.0,0.12,1.0,0.2,0.2,1.1,7.35,0.0,18.0,1.1,2.3,0.4,1520,17,Midfielder,0.6734693877551019,0.303030303030303,0.0532150776053215,0.25,0.0565217391304347,0.0888888888888888,69.72292055428848,58.483058608058606,50.53232341557813,73.75196108922523,62.261162017950525,True,False,France
474673,Johan Mojica,8661,Mallorca,ESP-La Liga,2.5,31.1,4.0,0.0,3.0,2.2,0.11,0.02,1.0,3.0,0.0,0.6,0.1,0.1,0.3,6.88,0.0,21.0,0.6,2.0,0.6,1847,24,Defender,0.7222222222222222,0.2307692307692307,0.0803858520900321,0.6,0.0169230769230769,0.1047619047619047,53.32989926739927,72.49822897228557,78.09585147556845,48.80267295597484,62.23272118353118,True,False,Colombia
1574189,Senny Mayulu,9847,Paris Saint-Germain,FRA-Ligue 1,0.8,31.8,5.0,0.0,0.2,1.7,0.13,0.22,1.5,4.0,0.24,0.5,0.6,0.0,1.3,7.21,0.0,23.0,1.8,2.7,0.6,1145,17,Midfielder,0.6808510638297872,0.15625,0.0251572327044025,0.3999999999999999,0.0817142857142857,0.0739130434782608,85.9817216981132,63.71462264150944,42.44693396226415,59.91155660377358,62.207868673331625,True,False,France
747718,Christoph Baumgartner,178475,RB Leipzig,GER-Bundesliga,1.3,25.3,4.0,0.0,1.6,2.7,0.14,0.43,1.9,6.0,0.42,0.6,1.1,0.2,0.4,7.31,0.0,27.0,2.6,1.8,0.5,1713,21,Midfielder,0.5581395348837209,0.25,0.0513833992094861,0.2631578947368421,0.1056140350877193,0.1,87.1467447646693,66.55465132351925,50.53467758656438,44.68168584560093,62.200408781624006,True,False,Austria
1098243,Yanis Zouaoui,9746,Le Havre,FRA-Ligue 1,2.5,28.5,3.0,0.0,2.0,1.4,0.08,0.03,0.7,1.0,0.0,1.0,0.2,0.3,0.4,6.74,0.0,24.0,0.7,1.5,0.8,1640,20,Defender,0.78125,0.4,0.087719298245614,1.142857142857143,0.0218181818181818,0.0583333333333333,52.312206268574194,60.64896502868201,83.30026695003109,57.7680299260488,62.199353296966805,True,False,France
1382000,Petar Sucic,8636,Internazionale,ITA-Serie A,2.4,44.3,5.0,0.0,0.9,1.5,0.12,0.1,1.7,2.0,0.08,0.3,0.3,0.1,0.6,7.0,0.0,20.0,1.3,1.9,0.9,1151,23,Midfielder,0.5641025641025641,0.1363636363636363,0.0541760722347629,0.5294117647058824,0.0545454545454545,0.075,75.48643867924528,61.85141509433962,71.82783018867924,39.10377358490567,62.18920596856771,True,False,Croatia
282462,Inigo Ruiz de Galarreta,8315,Athletic Club,ESP-La Liga,2.8,42.0,2.0,0.0,0.8,1.4,0.09,0.04,2.7,1.0,0.06,0.7,0.1,0.2,1.0,6.94,0.0,15.0,0.9,2.6,1.6,1426,22,Midfielder,0.5499999999999999,0.2121212121212121,0.0666666666666666,0.5925925925925926,0.0276923076923076,0.0933333333333333,55.782081519109816,59.31966618287373,79.08723823346465,56.90778561061581,62.05960817461235,True,False,Spain
980793,Khéphren Thuram-Ulien,9885,Juventus,ITA-Serie A,1.8,50.7,2.0,0.0,1.1,2.2,0.11,0.1,1.6,2.0,0.05,0.6,0.6,0.3,0.5,7.21,0.0,15.0,1.7,2.4,0.8,1706,23,Midfielder,0.6521739130434783,0.1999999999999999,0.0355029585798816,0.5,0.0523809523809523,0.1466666666666666,70.61951413366508,64.0770613034764,63.95076110995922,46.70038962609717,61.89828185845198,True,False,France
848266,Weston McKennie,9885,Juventus,ITA-Serie A,0.9,30.3,4.0,0.0,1.7,3.9,0.2,0.27,1.6,4.0,0.2,0.9,0.7,0.3,0.4,7.24,0.0,28.0,1.7,1.3,0.6,1765,24,Midfielder,0.5789473684210527,0.409090909090909,0.0297029702970297,0.3749999999999999,0.1148936170212766,0.1392857142857143,89.67501641440322,81.59403725205611,47.04294526228488,35.39824797843666,61.89221486735994,True,False,USA
557346,Sandi Lovric,8600,Udinese,ITA-Serie A,1.8,28.0,5.0,0.0,0.9,2.4,0.09,0.1,2.1,3.0,0.08,0.9,0.5,0.2,0.5,6.74,0.0,32.0,1.9,1.8,0.8,2326,36,Midfielder,0.5625,0.3333333333333333,0.0642857142857143,0.3809523809523809,0.0473684210526315,0.075,74.14835164835165,58.4010989010989,63.021978021978015,49.45604395604395,61.85183480041388,False,False,Slovenia
820712,Koffi Kouao,8550,Metz,FRA-Ligue 1,2.6,36.3,1.0,0.0,2.6,1.1,0.06,0.08,1.4,1.0,0.06,1.1,0.4,0.5,0.4,6.94,0.0,9.0,0.9,2.9,1.1,1621,19,Defender,0.7407407407407407,0.275,0.071625344352617,0.7857142857142858,0.0342857142857142,0.1222222222222222,52.34375,49.33372641509434,82.25235849056602,73.43455188679246,61.789205347078656,True,False,Ivory Coast
213516,Daniel Rodriguez,8661,Mallorca,ESP-La Liga,0.9,19.0,7.0,0.0,1.0,3.4,0.14,0.11,2.1,7.0,0.17,0.5,0.4,0.1,0.4,6.71,0.0,33.0,1.3,2.0,0.7,2175,37,Midfielder,0.5434782608695653,0.2,0.0473684210526315,0.3333333333333333,0.0616,0.103030303030303,81.57967032967034,75.01648351648352,49.22802197802198,42.04945054945055,61.669286089400366,False,False,Spain
459658,Ruslan Malinovsky,10233,Genoa,ITA-Serie A,3.1,37.5,7.0,0.0,0.8,2.3,0.12,0.18,1.6,3.0,0.27,0.5,0.6,0.2,0.7,6.91,0.0,24.0,2.0,1.3,0.5,1663,23,Midfielder,0.5294117647058824,0.2777777777777778,0.0826666666666666,0.3125,0.072,0.0958333333333333,83.60849056603773,70.80778301886792,64.24528301886792,30.85200471698113,61.51943717745245,True,False,Ukraine
1033111,Kaishu Sano,9905,1. FSV Mainz 05,GER-Bundesliga,1.5,29.7,2.0,0.0,1.6,1.8,0.08,0.04,0.3,1.0,0.05,2.3,0.1,0.3,0.3,7.29,0.0,15.0,0.6,1.5,0.9,1979,22,Midfielder,0.926829268292683,0.6052631578947368,0.0505050505050505,3.0,0.0266666666666666,0.12,48.90507291450688,56.86971283433547,73.69898144308522,75.16498203054807,61.318979015169575,True,False,Japan
1073905,Rassoul Ndiaye,9746,Le Havre,FRA-Ligue 1,1.0,25.8,4.0,0.0,0.8,1.7,0.1,0.11,0.7,3.0,0.17,0.5,0.3,0.1,0.4,7.03,0.0,20.0,1.2,2.4,0.7,1629,22,Midfielder,0.8055555555555556,0.1724137931034483,0.0387596899224806,1.0,0.0523809523809523,0.0849999999999999,70.28044871794872,54.268971594443286,52.29435344529684,70.41839017900338,61.21236702632867,True,False,Senegal
640122,Brais Méndez,8560,Real Sociedad,ESP-La Liga,2.5,36.7,3.0,0.0,0.4,1.6,0.11,0.22,2.4,2.0,0.36,0.4,0.9,0.1,0.8,6.93,0.0,18.0,1.9,1.6,1.1,1241,21,Midfielder,0.4545454545454545,0.2,0.0681198910081743,0.4583333333333333,0.0733333333333333,0.0888888888888888,81.41351769299882,60.6475827631488,68.6866576819407,34.91296910636533,61.1966688736112,True,False,Spain
1093285,Fabiano Parisi,8535,Fiorentina,ITA-Serie A,1.6,31.8,3.0,0.0,1.3,1.4,0.12,0.05,0.7,1.0,0.0,1.5,0.3,0.4,0.2,6.93,0.0,16.0,1.2,1.0,1.7,1034,16,Midfielder,0.78125,0.6,0.050314465408805,2.428571428571429,0.0352941176470588,0.0875,54.1429305757136,60.04691927569287,73.2210242587601,59.89414437763494,61.13938042289488,True,False,Italy
638010,Isi Palazon,8370,Rayo Vallecano,ESP-La Liga,2.1,29.0,6.0,0.0,0.8,2.8,0.15,0.23,1.5,3.0,0.11,0.1,0.7,0.3,0.3,6.76,0.0,26.0,2.0,0.9,1.1,1653,22,Midfielder,0.4,0.1,0.0724137931034482,0.7333333333333334,0.0907894736842105,0.1076923076923076,90.64340140991084,78.11782085838689,75.40542712004975,19.065109026193934,61.064231794255385,True,False,Spain
956683,Ryan Gravenberch,8650,Liverpool,ENG-Premier League,0.8,55.0,4.0,0.0,1.8,1.7,0.07,0.06,1.0,2.0,0.17,1.4,0.3,0.3,0.3,7.42,0.0,21.0,1.1,1.8,0.9,2120,24,Midfielder,0.7619047619047619,0.4374999999999999,0.0145454545454545,0.9,0.0323076923076923,0.0809523809523809,58.217611790725,61.35034383855139,58.295260557053005,68.55295804824107,60.96549688976897,True,False,Netherlands
688273,Vitaly Janelt,9937,Brentford,ENG-Premier League,2.9,45.3,6.0,0.0,2.2,1.9,0.14,0.06,1.2,4.0,0.07,2.2,0.2,0.6,0.4,7.07,0.0,19.0,0.7,1.8,0.3,1210,21,Midfielder,0.7692307692307692,0.55,0.0640176600441501,0.25,0.042,0.0999999999999999,61.98136965236022,72.10811044301612,45.818910256410255,68.44591022185362,60.884265217874265,True,False,Germany
797594,Azor Matusiwa,9851,Rennes,FRA-Ligue 1,2.3,41.9,2.0,0.0,2.1,1.6,0.07,0.05,1.3,3.0,0.04,1.5,0.1,0.4,0.6,7.13,0.0,17.0,0.5,2.8,0.7,2078,29,Midfielder,0.7678571428571429,0.3488372093023256,0.0548926014319809,0.5384615384615384,0.0291666666666666,0.0941176470588235,52.60989010989013,49.61538461538461,66.95604395604396,86.43406593406593,60.81472455348392,False,False,Netherlands
868344,Tijjani Reijnders,8456,Manchester City,ENG-Premier League,0.7,39.0,4.0,0.0,1.0,2.0,0.12,0.24,1.1,2.0,0.31,0.5,0.9,0.1,0.8,7.0,0.0,16.0,2.5,0.6,1.1,1464,24,Midfielder,0.5,0.4545454545454545,0.0179487179487179,1.0,0.08,0.125,82.11115142718916,69.45164662381643,63.70418653673371,30.876274276038423,60.772660742493386,True,False,Netherlands
1078846,Andrea Cambiaso,9885,Juventus,ITA-Serie A,1.5,43.2,7.0,0.0,0.5,3.5,0.18,0.08,1.0,3.0,0.1,0.6,0.5,0.3,0.4,6.99,0.0,39.0,0.9,2.1,0.3,1778,23,Midfielder,0.7297297297297297,0.2222222222222222,0.0347222222222222,0.3,0.0553846153846153,0.0897435897435897,72.76854827562374,68.60822275209068,49.23539550072568,51.82092750017279,60.76416714566539,True,False,Italy
1073742,Julio Enciso,9848,Strasbourg,FRA-Ligue 1,0.5,27.6,2.0,0.0,0.6,2.4,0.21,0.32,0.7,2.0,0.09,0.2,1.0,0.0,0.9,6.92,0.0,12.0,2.8,1.0,2.6,1057,15,Midfielder,0.631578947368421,0.1666666666666666,0.0181159420289855,3.714285714285715,0.1267924528301886,0.1999999999999999,82.8121976294146,69.37138883129448,67.57091022185362,28.32272444536596,60.75616291710181,True,False,Paraguay
1127054,Tomas Suslov,9876,Verona,ITA-Serie A,1.6,15.5,4.0,0.0,0.6,1.7,0.07,0.07,2.3,1.0,0.0,0.8,0.3,0.1,0.5,6.62,0.0,27.0,1.4,2.3,1.5,2097,31,Midfielder,0.5740740740740741,0.2580645161290323,0.1032258064516129,0.6521739130434783,0.035,0.0629629629629629,63.24175824175824,49.3901098901099,77.70604395604394,54.29395604395605,60.71208894315408,False,False,Slovakia
445856,Wesley Said,8588,Lens,FRA-Ligue 1,1.3,25.4,8.0,0.0,0.9,3.2,0.19,0.44,1.7,2.0,0.58,0.5,1.2,0.0,0.5,7.32,0.0,20.0,2.4,0.9,1.2,1546,22,Midfielder,0.4516129032258065,0.3571428571428571,0.0511811023622047,0.7058823529411765,0.1326984126984127,0.16,85.23537390282674,77.4649336512544,60.99130036630037,26.7173137397194,60.69288484234835,True,False,France
523749,Jae-Sung Lee,9905,1. FSV Mainz 05,GER-Bundesliga,0.9,20.6,7.0,0.0,1.5,2.6,0.14,0.1,0.8,2.0,0.11,1.0,0.3,0.0,0.3,6.81,0.0,19.0,1.1,1.6,0.2,1649,20,Midfielder,0.7647058823529411,0.3846153846153846,0.0436893203883495,0.25,0.0583333333333333,0.1368421052631579,80.88819199668256,81.93877427603843,32.489771235054256,58.33327285921626,60.514275251527096,True,False,South Korea
1137668,Moisés Caicedo,8455,Chelsea,ENG-Premier League,1.9,56.9,3.0,0.0,1.0,1.8,0.09,0.05,1.8,1.0,0.15,2.3,0.4,0.6,0.3,7.37,0.0,12.0,0.9,3.2,0.5,1776,21,Midfielder,0.7534246575342466,0.4181818181818181,0.0333919156414762,0.2777777777777778,0.0321428571428571,0.15,52.116356520837655,65.73161586840831,52.709197249291584,80.91954782638744,60.48087714270599,True,False,Ecuador
1292354,Theo Le Bris,8689,Lorient,FRA-Ligue 1,0.5,26.4,2.0,0.0,1.8,1.6,0.1,0.08,0.5,2.0,0.13,0.6,0.3,0.1,0.3,6.98,0.0,12.0,0.8,1.9,0.7,1436,21,Midfielder,0.8333333333333334,0.24,0.0189393939393939,1.4,0.0444444444444444,0.1333333333333333,63.561320754716974,64.0448113207547,54.72877358490566,59.05660377358491,60.44863301047548,True,False,France
1428426,Arthur Atta,8600,Udinese,ITA-Serie A,1.2,25.7,4.0,0.0,1.2,1.6,0.09,0.13,0.7,3.0,0.11,0.6,0.7,0.1,0.7,7.06,0.0,26.0,2.1,1.0,2.5,1607,20,Midfielder,0.6956521739130436,0.3749999999999999,0.046692607003891,3.571428571428572,0.0531818181818181,0.0615384615384615,75.02168429055222,54.18537908632248,76.54193448061373,37.19923197871311,60.40991508927972,True,False,France
744494,Gabriel Gudmundsson,8463,Leeds United,ENG-Premier League,0.9,25.3,3.0,0.0,2.7,2.0,0.08,0.04,1.2,0.0,0.0,0.8,0.1,0.3,0.3,6.78,0.0,19.0,0.6,2.4,1.4,2104,25,Defender,0.7272727272727273,0.25,0.0355731225296442,1.1666666666666667,0.0266666666666666,0.1052631578947368,54.23054245283019,62.90683962264151,66.42688679245283,59.70813679245283,60.358762893901606,True,False,Sweden
688278,Pervis Estupinán,10204,Brighton and Hove Albion,ENG-Premier League,1.0,43.3,5.0,0.0,2.1,2.5,0.09,0.04,1.3,1.0,0.04,1.4,0.3,0.2,0.4,7.05,0.0,26.0,1.0,2.4,0.7,2403,30,Defender,0.7450980392156863,0.3684210526315789,0.023094688221709,0.5384615384615384,0.0276923076923076,0.0961538461538461,57.67857142857142,63.47802197802198,50.04945054945055,76.61538461538461,60.349436689337786,False,False,Ecuador
616531,Javier Munoz,8306,Las Palmas,ESP-La Liga,2.0,29.8,4.0,0.0,1.1,2.3,0.08,0.04,1.0,3.0,0.03,1.1,0.2,0.1,0.4,6.81,0.0,29.0,0.9,1.6,0.7,2590,35,Midfielder,0.7297297297297297,0.4074074074074074,0.0671140939597315,0.7,0.0266666666666666,0.0793103448275862,57.22527472527472,56.03296703296704,69.92857142857143,59.61263736263735,60.34184737926046,False,False,Spain
207236,Granit Xhaka,8472,Sunderland,ENG-Premier League,4.6,43.6,7.0,0.0,3.0,2.2,0.1,0.03,0.7,5.0,0.05,0.9,0.2,0.7,0.3,7.39,0.0,25.0,0.5,1.6,0.3,1963,22,Midfielder,0.78125,0.36,0.1055045871559633,0.4285714285714286,0.023076923076923,0.088,55.1002358490566,66.69811320754717,64.0064858490566,56.19103773584905,60.23706886669336,True,False,Switzerland
540307,Lorenzo Pellegrini,8686,Roma,ITA-Serie A,1.8,34.7,3.0,0.0,0.9,2.2,0.2,0.39,1.2,0.0,0.28,0.9,0.9,0.3,0.5,6.85,0.0,17.0,2.3,0.6,0.5,976,17,Midfielder,0.5555555555555555,0.6,0.0518731988472622,0.4166666666666667,0.1322033898305084,0.1294117647058823,88.95764220056674,74.20352996060542,52.42895587117285,30.564409254267744,60.15851731014715,True,False,Italy
1473806,Marco Palestra,8529,Cagliari,ITA-Serie A,0.8,21.7,6.0,0.0,1.3,2.4,0.11,0.05,1.3,4.0,0.04,0.6,0.1,0.1,0.1,7.11,0.0,21.0,0.7,1.9,1.8,2061,24,Midfielder,0.6578947368421053,0.24,0.0368663594470046,1.3846153846153846,0.034375,0.1142857142857142,63.51709905660377,73.46108490566039,68.71167452830187,36.403301886792455,60.09901020921953,True,False,Italy
1287373,Jobe Bellingham,9789,Borussia Dortmund,GER-Bundesliga,2.4,46.7,1.0,0.0,1.5,0.7,0.07,0.07,0.9,1.0,0.0,2.6,0.3,0.4,0.7,6.74,0.0,4.0,1.1,2.1,0.6,921,20,Midfielder,0.8392857142857142,0.5531914893617021,0.0513918629550321,0.6666666666666666,0.035,0.175,46.72759433962264,52.9245283018868,67.47641509433961,88.57016509433963,60.05259335477015,True,False,England
1132355,Alvaro Nunez,10268,Elche,ESP-La Liga,2.1,49.3,6.0,0.0,1.8,2.7,0.15,0.01,0.7,2.0,0.0,0.9,0.0,0.3,0.3,7.17,0.0,20.0,0.2,1.3,0.8,1652,19,Defender,0.7586206896551724,0.409090909090909,0.0425963488843813,1.142857142857143,0.009375,0.135,46.137971698113205,81.30306603773585,72.37323113207547,48.16332547169812,60.00425722033978,True,False,Spain
1025462,Fabio Vieira,9790,Hamburger SV,GER-Bundesliga,2.7,30.5,4.0,0.0,0.9,2.3,0.18,0.23,0.9,4.0,0.16,0.5,0.5,0.2,0.2,7.12,0.0,23.0,2.5,0.7,1.2,1153,16,Midfielder,0.5714285714285714,0.4166666666666667,0.0885245901639344,1.3333333333333333,0.1009756097560975,0.0999999999999999,90.52181603773585,73.37264150943396,88.95636792452831,15.389150943396228,59.99937252681568,True,False,Portugal
1080669,Nadir Zortea,9857,Bologna,ITA-Serie A,2.2,31.8,3.0,0.0,1.9,1.9,0.14,0.03,1.2,1.0,0.0,0.9,0.1,0.1,0.4,6.68,0.0,19.0,0.7,1.5,1.2,1264,20,Defender,0.6666666666666667,0.375,0.0691823899371069,1.0,0.0247058823529411,0.0999999999999999,60.836443430783056,63.26974911880572,77.19622987075819,39.689318543092135,59.86623198123686,True,False,Italy
689065,Alexis Claude,8406,FC Augsburg,GER-Bundesliga,0.2,28.4,2.0,0.0,0.5,1.9,0.13,0.25,1.1,2.0,0.2,0.3,1.3,0.1,0.4,7.02,0.0,18.0,3.1,1.5,1.5,1352,19,Midfielder,0.6206896551724137,0.1666666666666666,0.0070422535211267,1.3636363636363635,0.0855263157894736,0.1055555555555555,80.83357091022185,59.95767675720506,64.12671919275692,34.843644170295114,59.83057792330738,True,False,France
23354,Ashley Young,8668,Everton,ENG-Premier League,3.0,26.1,6.0,0.0,2.7,2.9,0.14,0.01,1.4,3.0,0.05,1.2,0.1,0.2,0.2,6.8,0.0,26.0,0.3,2.8,0.3,1869,32,Defender,0.7407407407407407,0.3,0.1149425287356321,0.2142857142857143,0.0093333333333333,0.1115384615384615,47.81593406593407,74.12087912087912,54.69780219780219,71.3434065934066,59.77508071943316,False,False,England
562724,Lewis Cook,8678,Bournemouth,ENG-Premier League,1.9,34.1,6.0,0.0,2.0,3.8,0.11,0.03,1.5,3.0,0.03,1.2,0.1,0.3,0.3,7.09,0.0,48.0,0.4,2.4,0.4,2978,36,Midfielder,0.7058823529411764,0.3333333333333333,0.0557184750733137,0.2666666666666666,0.0235714285714285,0.0791666666666666,60.06868131868132,65.15934065934066,49.8076923076923,66.90659340659342,59.7731974794624,False,False,England
794253,Justin Kluivert,8678,Bournemouth,ENG-Premier League,1.2,26.5,3.0,0.0,0.2,1.5,0.15,0.22,1.5,0.0,0.2,0.4,0.4,0.1,1.0,6.59,0.0,21.0,1.6,1.0,1.1,920,18,Midfielder,0.4827586206896551,0.2857142857142857,0.0452830188679245,0.7333333333333334,0.0891891891891892,0.0714285714285714,88.82649975810352,63.657958393807455,66.09985140645517,26.676968864468865,59.67650196824136,True,False,Netherlands
1289942,Samuele Angori,6479,Pisa,ITA-Serie A,1.9,16.5,3.0,0.0,2.7,2.7,0.16,0.03,0.5,1.0,0.0,0.8,0.1,0.3,0.1,6.66,0.0,21.0,0.4,1.7,0.2,1524,22,Midfielder,0.8333333333333334,0.32,0.1151515151515151,0.4,0.0252631578947368,0.1285714285714286,59.64033018867924,77.25825471698113,50.64858490566038,52.86556603773585,59.62448506003636,True,False,Italy
684981,Aaron Martin Caricol,10233,Genoa,ITA-Serie A,1.6,25.4,8.0,0.0,1.8,4.5,0.24,0.02,1.3,4.0,0.05,0.5,0.2,0.4,0.3,7.15,0.0,54.0,0.3,1.7,0.6,1696,22,Defender,0.6285714285714287,0.2272727272727272,0.0629921259842519,0.4615384615384615,0.0184615384615384,0.0833333333333333,63.37367820858387,77.4877151150736,57.854253058262486,40.69058849955076,59.61609221252848,True,False,Spain
1161211,Fabian Rieder,8406,FC Augsburg,GER-Bundesliga,1.1,19.2,3.0,0.0,0.3,2.2,0.15,0.19,1.8,2.0,0.2,0.5,0.5,0.1,0.6,6.71,0.0,18.0,1.8,1.1,0.9,1330,20,Midfielder,0.4705882352941176,0.3125,0.0572916666666666,0.5,0.0838235294117647,0.1222222222222222,84.36025943396227,73.40801886792453,62.11084905660377,25.8873820754717,59.59183257634768,True,False,Switzerland
762721,Lovro Majer,8721,VfL Wolfsburg,GER-Bundesliga,1.1,28.9,2.0,0.0,1.4,1.7,0.13,0.17,1.9,3.0,0.16,0.6,0.4,0.1,1.0,6.84,0.0,19.0,1.6,1.7,0.8,1129,20,Midfielder,0.5476190476190477,0.2608695652173913,0.0380622837370242,0.4210526315789474,0.0736666666666666,0.0894736842105263,82.06073113207547,60.6308962264151,52.939268867924525,41.77771226415094,59.57273336959031,True,False,Croatia
557677,Nikola Vlasic,9804,Torino,ITA-Serie A,1.2,26.6,2.0,0.0,0.8,1.9,0.09,0.21,1.5,3.0,0.28,0.6,0.5,0.1,0.5,7.1,0.0,30.0,1.4,1.9,0.9,1898,24,Midfielder,0.625,0.24,0.0451127819548872,0.6,0.063,0.0633333333333333,80.544267053701,51.8053683737646,60.88075368028198,43.85762233049969,59.55703977472064,True,False,Croatia
562719,Valentin Rongier,9851,Rennes,FRA-Ligue 1,1.6,56.2,5.0,0.0,1.6,2.3,0.12,0.04,1.7,2.0,0.05,1.0,0.3,0.4,0.7,7.46,0.0,27.0,0.9,2.2,0.8,1755,20,Midfielder,0.6530612244897959,0.3125,0.0284697508896797,0.4705882352941177,0.0299999999999999,0.0851851851851851,59.63603220678693,63.9984622295943,51.28724773654019,65.1269826871242,59.49076408332408,True,False,France
727897,David Hancko,9906,Atlético de Madrid,ESP-La Liga,2.5,45.3,4.0,0.0,3.1,2.0,0.1,0.04,0.5,2.0,0.0,0.7,0.1,0.3,0.2,6.99,0.0,12.0,0.7,1.9,0.3,1849,23,Defender,0.8387096774193549,0.2692307692307693,0.0551876379690949,0.6,0.0285714285714285,0.1666666666666666,51.78360849056604,72.48820754716981,58.32252358490566,58.18985849056603,59.39543542104689,True,False,Slovakia
356406,John McGinn,10252,Aston Villa,ENG-Premier League,1.6,25.4,3.0,0.0,0.7,1.8,0.1,0.14,1.3,2.0,0.17,0.6,0.4,0.3,1.0,6.88,0.0,24.0,1.0,1.5,0.6,1607,22,Midfielder,0.6176470588235293,0.2857142857142857,0.0629921259842519,0.4615384615384615,0.0583333333333333,0.075,79.4444804409427,60.39537113829567,60.02916148317092,36.91626494574608,59.334071747803634,True,False,Scotland
955529,Matheus Nunes,8456,Manchester City,ENG-Premier League,1.8,60.7,4.0,0.0,3.4,1.4,0.07,0.01,0.5,4.0,0.05,1.2,0.0,0.2,0.2,7.46,0.0,14.0,0.2,2.1,0.8,1907,23,Defender,0.868421052631579,0.3636363636363636,0.029654036243822,1.6,0.00875,0.0999999999999999,46.91653275969313,65.78897988803651,65.76310128550695,64.33373937383372,59.17242819985064,True,False,Portugal
1235086,Kristoffer Lund Hansen,8722,1. FC Köln,GER-Bundesliga,1.5,25.0,3.0,0.0,4.7,1.5,0.1,0.03,0.5,1.0,0.0,1.4,0.1,0.3,0.3,6.67,0.0,13.0,0.9,1.4,0.5,1347,21,Midfielder,0.8484848484848485,0.5,0.06,1.0,0.023076923076923,0.1153846153846153,47.833136792452834,63.68514150943396,64.5872641509434,66.53891509433961,59.16706866053029,True,False,USA
841672,Nicolás González,9906,Atlético de Madrid,ESP-La Liga,1.4,25.0,3.0,0.0,1.5,1.8,0.14,0.21,1.7,0.0,0.08,0.8,1.2,0.2,0.6,6.88,0.0,10.0,2.7,1.3,1.4,1132,18,Midfielder,0.5526315789473685,0.3809523809523809,0.0559999999999999,0.8235294117647058,0.084,0.18,74.61607574815122,62.53859112585528,67.51272548206511,32.92013096965928,59.11878034795173,True,False,Argentina
675023,Danel Sinani,8152,FC St. Pauli,GER-Bundesliga,1.1,33.8,3.0,0.0,0.5,3.3,0.24,0.31,1.7,2.0,0.3,0.5,0.9,0.0,0.7,6.92,0.0,27.0,2.6,1.2,0.6,1216,19,Midfielder,0.5,0.2941176470588235,0.0325443786982248,0.3529411764705882,0.1352727272727272,0.1222222222222222,91.061320754717,78.56336823553805,47.56053027161517,28.30914800608197,59.061196235272696,True,False,Luxembourg
950824,Josip Stanisic,9823,Bayern München,GER-Bundesliga,1.7,57.2,1.0,0.0,3.3,1.7,0.15,0.09,0.4,2.0,0.17,0.9,0.2,0.3,0.4,7.41,0.0,10.0,0.3,0.9,0.3,1046,14,Defender,0.8181818181818181,0.5,0.0297202797202797,0.7499999999999999,0.05625,0.1699999999999999,69.51650943396227,68.06603773584905,47.78596698113208,50.29775943396227,59.0192691522696,True,False,Croatia
571379,Marnon-Thomas Busch,94937,1. FC Heidenheim 1846,GER-Bundesliga,3.4,26.9,6.0,0.0,4.5,2.4,0.17,0.04,0.7,2.0,0.0,1.3,0.1,0.6,0.2,6.63,0.0,12.0,0.4,1.6,0.1,1216,20,Defender,0.8055555555555556,0.4482758620689654,0.1263940520446096,0.1428571428571428,0.0323809523809523,0.1999999999999999,53.79591713318129,75.93932718225172,49.206074193102495,61.780971387103456,58.954519871198016,True,False,Germany
859282,Daniel Munoz,9826,Crystal Palace,ENG-Premier League,0.9,23.9,5.0,0.0,3.5,3.3,0.19,0.11,1.2,2.0,0.17,1.1,0.5,0.1,0.3,7.26,0.0,18.0,1.0,2.3,0.1,1587,18,Midfielder,0.7391304347826088,0.3235294117647059,0.0376569037656903,0.0833333333333333,0.0696666666666666,0.1833333333333333,81.74035869790588,78.8155193862741,25.401198251434096,71.89102564102565,58.94302008009847,True,False,Colombia
1272440,Valentin Barco,9848,Strasbourg,FRA-Ligue 1,2.7,53.8,11.0,0.0,0.6,5.4,0.31,0.08,1.0,4.0,0.06,0.6,0.3,0.0,0.6,7.33,0.0,27.0,1.0,2.2,1.1,1605,19,Midfielder,0.736842105263158,0.2142857142857142,0.0501858736059479,1.1,0.0635897435897435,0.2,59.7883837860253,79.21092508120812,56.023321411293104,42.343471387103456,58.9021056717264,True,False,Argentina
1354561,Diego Gomez,10204,Brighton and Hove Albion,ENG-Premier League,0.8,24.7,3.0,0.0,1.2,1.2,0.07,0.27,1.7,0.0,0.18,0.6,0.6,0.1,0.6,6.81,0.0,17.0,1.7,3.4,0.8,1527,23,Midfielder,0.7017543859649122,0.15,0.0323886639676113,0.4705882352941177,0.0555882352941176,0.0705882352941176,74.29245283018868,49.1686320754717,50.15035377358491,63.37853773584905,58.838607215997584,True,False,Paraguay
530197,Manolis Saliakas,8152,FC St. Pauli,GER-Bundesliga,2.7,29.1,4.0,0.0,2.0,2.9,0.11,0.06,0.7,1.0,0.08,0.8,0.2,0.3,0.2,6.91,0.0,26.0,1.1,1.8,0.1,2323,30,Midfielder,0.787878787878788,0.3076923076923077,0.0927835051546391,0.1428571428571428,0.0388235294117647,0.1115384615384615,67.03296703296704,69.01648351648352,43.50274725274725,57.568681318681314,58.78833591147817,False,False,Greece
1561552,Ayyoub Bouaddi,8639,Lille,FRA-Ligue 1,1.3,33.7,2.0,0.0,1.1,1.1,0.07,0.09,1.7,1.0,0.0,1.1,0.2,0.4,0.6,7.05,0.0,17.0,0.8,2.4,1.4,1508,20,Midfielder,0.673076923076923,0.3142857142857143,0.0385756676557863,0.8235294117647058,0.039375,0.0647058823529411,52.459417547860944,50.96751675996959,67.76848780150667,69.74636291381574,58.780282592508215,True,False,Morocco
1010426,Keane Lewis-Potter,9937,Brentford,ENG-Premier League,0.8,17.0,3.0,0.0,1.5,1.0,0.08,0.16,0.9,1.0,0.25,0.6,0.5,0.1,0.3,6.62,0.0,10.0,1.5,1.2,0.5,1094,24,Defender,0.6666666666666666,0.3333333333333333,0.0470588235294117,0.5555555555555556,0.0533333333333333,0.1,70.46027282465963,64.03544647176723,61.34438281843944,38.12103030617181,58.771264231023366,True,False,England
1526560,Patrick Dorgu,10260,Manchester United,ENG-Premier League,0.4,24.0,5.0,0.0,2.1,1.4,0.1,0.12,1.3,3.0,0.2,0.9,0.5,0.2,0.2,7.23,0.0,24.0,1.4,3.2,0.7,1333,22,Midfielder,0.7592592592592593,0.2195121951219512,0.0166666666666666,0.5384615384615384,0.0545454545454545,0.0583333333333333,72.82098797428985,49.27052664316815,50.15090883958808,64.65711607574816,58.75119965707651,True,False,Denmark
362212,Piotr Zielinski,8636,Internazionale,ITA-Serie A,2.4,60.5,4.0,0.0,1.3,1.9,0.14,0.15,1.0,1.0,0.38,0.2,0.6,0.2,0.5,7.32,0.0,20.0,1.4,1.1,1.0,1188,22,Midfielder,0.5652173913043479,0.1538461538461538,0.0396694214876033,1.0,0.0724137931034482,0.095,80.1769515861497,58.50076888520284,70.49936502177067,29.49694605708757,58.74987780334698,True,False,Poland
1109046,Ilaix Moriba,9910,Celta de Vigo,ESP-La Liga,1.2,31.3,3.0,0.0,1.1,1.3,0.07,0.06,1.2,1.0,0.0,0.8,0.2,0.2,0.5,6.69,0.0,13.0,0.9,3.1,0.5,1581,24,Midfielder,0.7647058823529411,0.2051282051282051,0.0383386581469648,0.4166666666666667,0.0323076923076923,0.1,58.32089294353445,59.67345704609856,51.1723987490497,69.20353859976503,58.74584475562933,True,False,Guinea
954621,Youssouf Fofana,8564,Milan,ITA-Serie A,0.9,27.1,2.0,0.0,0.7,2.0,0.12,0.16,1.0,2.0,0.06,0.5,0.6,0.1,0.7,6.81,0.0,21.0,1.8,1.9,0.4,1475,21,Midfielder,0.7058823529411765,0.2083333333333333,0.033210332103321,0.4,0.0685714285714285,0.0952380952380952,74.36789429124336,63.780237058538944,44.1249481650425,53.10201551593061,58.7192406632949,True,False,France
245315,Jeffrey Gouweleeuw,8406,FC Augsburg,GER-Bundesliga,4.2,42.7,4.0,0.0,5.6,3.0,0.09,0.05,0.7,4.0,0.03,1.1,0.2,0.5,0.1,7.03,0.0,14.0,0.6,1.5,0.2,2945,33,Defender,0.787878787878788,0.4230769230769231,0.0983606557377049,0.2857142857142857,0.0321428571428571,0.2142857142857142,54.175824175824175,71.20879120879121,55.239010989011,55.80494505494505,58.63690944327267,False,False,Netherlands
242156,Djibril Sidibé,9941,Toulouse,FRA-Ligue 1,1.4,28.8,3.0,0.0,2.2,1.3,0.08,0.14,1.1,3.0,0.18,0.4,0.2,0.2,0.4,6.94,0.0,11.0,0.4,2.0,0.4,1523,22,Defender,0.6857142857142857,0.1666666666666666,0.0486111111111111,0.3636363636363636,0.0509090909090909,0.1181818181818181,61.39690890870136,67.18345255373556,51.30821497684705,54.39429988250743,58.60260697227258,True,False,France
244811,Davide Zappacosta,8524,Atalanta,ITA-Serie A,1.0,33.7,0.0,0.0,1.5,2.5,0.14,0.06,0.4,2.0,0.05,0.8,0.3,0.1,0.3,7.01,0.0,25.0,1.2,0.7,0.8,1657,22,Midfielder,0.7894736842105263,0.5333333333333333,0.029673590504451,2.0,0.042,0.1,73.15454592577235,64.19590158269403,57.14712056811112,38.458238302577925,58.53231306135236,True,False,Italy
1214915,Brooke Norton-Cuffy,10233,Genoa,ITA-Serie A,1.2,23.8,2.0,0.0,1.7,1.7,0.08,0.06,1.0,1.0,0.05,0.5,0.2,0.3,0.4,6.77,0.0,18.0,0.5,1.8,1.3,1992,23,Midfielder,0.6969696969696969,0.2173913043478261,0.0504201680672268,1.3,0.0342857142857142,0.0944444444444444,60.053066037735846,55.60141509433962,72.97169811320754,45.4186320754717,58.48809011195482,True,False,England
805451,Alessandro Bastoni,8636,Internazionale,ITA-Serie A,5.1,62.6,7.0,0.0,3.5,2.5,0.12,0.06,1.6,4.0,0.05,1.0,0.3,0.2,0.3,7.54,0.0,21.0,0.8,1.9,0.2,1860,22,Defender,0.6444444444444444,0.3448275862068966,0.0814696485623003,0.125,0.04,0.119047619047619,63.54097553390006,74.15161725067385,50.473037182942846,45.890308590780286,58.41916909942169,True,False,Italy
196169,Marcos Alonso,9910,Celta de Vigo,ESP-La Liga,4.3,69.0,1.0,0.0,5.8,1.3,0.07,0.09,0.7,0.0,0.05,1.0,0.1,0.6,0.2,7.11,0.0,10.0,0.9,1.4,0.4,1794,21,Defender,0.7741935483870969,0.4166666666666667,0.0623188405797101,0.5714285714285715,0.039375,0.13,61.78888917686087,54.29771407837445,66.4587004976156,49.80796012163936,58.3534066741372,True,False,Spain
873956,Juan Miranda,9857,Bologna,ITA-Serie A,4.5,44.6,3.0,0.0,2.5,3.1,0.17,0.02,1.0,0.0,0.06,1.2,0.2,0.2,0.2,7.17,0.0,43.0,0.5,1.4,0.2,1636,21,Defender,0.7222222222222222,0.4615384615384615,0.100896860986547,0.2,0.0178947368421052,0.0720930232558139,61.81923422489459,70.84906524293318,53.9141699495473,46.18489097380606,58.310441921343056,True,False,Spain
267371,Emerson,8592,Marseille,FRA-Ligue 1,1.0,50.1,4.0,0.0,2.3,2.9,0.19,0.02,0.8,3.0,0.0,1.6,0.1,0.4,0.3,7.27,0.0,25.0,0.5,2.2,0.3,1384,17,Defender,0.8260869565217391,0.4210526315789473,0.0199600798403193,0.3749999999999999,0.018095238095238,0.1159999999999999,59.34163124611238,74.86314707305273,35.585989874904975,76.56837462851614,58.23773989980256,True,False,Italy
1177358,Adrien Truffert,8678,Bournemouth,ENG-Premier League,1.1,33.6,2.0,0.0,4.0,1.7,0.07,0.01,1.1,2.0,0.0,1.3,0.0,0.3,0.2,6.96,0.0,18.0,0.4,2.9,0.9,2300,26,Defender,0.7924528301886792,0.3095238095238095,0.0327380952380952,0.8181818181818181,0.00875,0.0944444444444444,49.85922489460226,60.3317178104914,55.5088637777317,73.958795528371,58.12308134362774,True,False,France
1279034,Aaron Zehnter,8721,VfL Wolfsburg,GER-Bundesliga,2.5,29.6,1.0,0.0,3.0,1.5,0.11,0.04,0.1,0.0,0.15,1.2,0.2,0.4,0.1,6.84,0.0,15.0,0.6,0.9,0.3,1208,16,Defender,0.9545454545454544,0.5714285714285714,0.0844594594594594,3.0,0.0293333333333333,0.1,55.40978773584906,56.308962264150935,71.35908018867924,50.24764150943396,58.11734608087222,True,False,Germany
831489,Alexis Mac Allister,8650,Liverpool,ENG-Premier League,1.7,43.3,2.0,0.0,1.3,1.1,0.06,0.11,0.8,2.0,0.0,0.6,0.4,0.3,0.3,6.83,0.0,20.0,1.7,1.6,0.4,1735,25,Midfielder,0.7333333333333334,0.2727272727272727,0.0392609699769053,0.5,0.0388235294117647,0.055,72.5657656023222,56.50806033589052,49.95809575644481,51.41583730734674,57.958613296528,True,False,Argentina
769525,Caio Henrique,9829,Monaco,FRA-Ligue 1,1.5,38.1,4.0,0.0,1.9,2.4,0.16,0.02,0.9,0.0,0.0,0.7,0.0,0.3,0.4,6.58,0.0,16.0,0.1,1.3,0.4,1338,18,Defender,0.6896551724137931,0.35,0.0393700787401574,0.4444444444444445,0.0177777777777777,0.15,52.07627082037459,83.71769818232083,54.38110356624508,46.16543126684636,57.86576064911897,True,False,Brazil
715069,Pedro Diaz,8370,Rayo Vallecano,ESP-La Liga,1.3,32.5,2.0,0.0,0.8,0.8,0.06,0.06,0.7,0.0,0.0,0.2,0.3,0.0,0.6,6.47,0.0,17.0,2.0,2.0,0.5,1146,20,Midfielder,0.7586206896551724,0.0909090909090909,0.04,0.7142857142857143,0.03,0.0470588235294117,65.09675858732463,47.55872900684221,61.58768746976293,57.12719002695419,57.82523626761625,True,False,Spain
1300526,Nico O'Reilly,8456,Manchester City,ENG-Premier League,0.4,39.6,5.0,0.0,2.6,1.6,0.07,0.13,1.5,3.0,0.1,0.7,0.2,0.3,0.2,7.1,0.0,17.0,1.1,2.8,0.8,1884,25,Defender,0.7,0.1999999999999999,0.0101010101010101,0.5333333333333333,0.0455,0.0941176470588235,68.7942216981132,59.29834905660378,47.502948113207545,54.92629716981131,57.76468965034269,True,False,England
789502,Morgan Gibbs-White,10203,Nottingham Forest,ENG-Premier League,1.1,30.1,3.0,0.0,1.0,2.0,0.08,0.27,0.8,2.0,0.24,0.4,0.7,0.1,0.5,6.94,0.0,36.0,2.2,0.6,0.7,2215,26,Midfielder,0.5555555555555556,0.4,0.0365448504983388,0.8749999999999999,0.0617142857142857,0.0555555555555555,85.45446298984034,60.39536249913609,62.66734916027369,27.40829964061096,57.75745822655818,True,False,England
605224,Federico Dimarco,8636,Internazionale,ITA-Serie A,1.4,38.6,26.0,0.0,0.9,7.3,0.36,0.15,1.3,12.0,0.25,0.9,0.7,0.2,0.8,7.82,0.0,66.0,2.1,1.8,0.1,1807,23,Midfielder,0.675,0.3333333333333333,0.0362694300518134,0.0769230769230769,0.1058823529411764,0.1106060606060606,93.602421556431,86.55046133112171,24.65854153707927,48.85126822862672,57.7391634295553,True,False,Italy
1553099,Mikel Jauregizar,8315,Athletic Club,ESP-La Liga,1.8,35.5,1.0,0.0,0.9,1.9,0.08,0.06,1.2,0.0,0.09,1.7,0.3,0.1,0.7,6.99,0.0,21.0,1.3,2.4,0.3,2025,24,Midfielder,0.7735849056603773,0.4146341463414634,0.0507042253521126,0.25,0.0342857142857142,0.0904761904761904,57.415811389868,47.775347294215216,51.86869773308453,84.26662174303685,57.72552187628765,True,False,Spain
1197250,Malo Gusto,8455,Chelsea,ENG-Premier League,1.5,44.0,2.0,0.0,1.6,1.2,0.07,0.09,0.8,2.0,0.12,1.2,0.3,0.1,0.4,6.99,0.0,15.0,0.7,2.5,0.5,1484,23,Defender,0.8222222222222223,0.3243243243243243,0.034090909090909,0.625,0.039375,0.08,64.02260868062756,48.52406005943741,47.23245386688783,78.88360028336443,57.72271695329064,True,False,France
1233655,Alex Scott,8678,Bournemouth,ENG-Premier League,1.3,34.4,2.0,0.0,2.7,1.3,0.06,0.12,1.3,1.0,0.1,1.3,0.3,0.3,0.4,7.01,0.0,14.0,1.4,1.7,0.8,1870,26,Midfielder,0.6976744186046512,0.4333333333333333,0.0377906976744186,0.6153846153846154,0.04,0.0928571428571428,63.11910377358491,49.26297169811321,58.92983490566037,59.90271226415094,57.71005685107925,True,False,England
763974,Gauthier Hein,8550,Metz,FRA-Ligue 1,4.8,48.6,5.0,0.0,0.2,2.2,0.12,0.33,0.6,4.0,0.34,0.3,0.5,0.1,0.5,6.91,0.0,31.0,1.5,0.7,0.3,1598,20,Midfielder,0.625,0.3,0.0987654320987654,0.5,0.088,0.0709677419354838,88.97405660377359,63.590801886792455,66.06426886792453,22.470518867924525,57.66892705962138,True,False,France
798659,Joe Aribo,8466,Southampton,ENG-Premier League,0.7,41.2,3.0,0.0,1.2,1.3,0.06,0.12,0.9,0.0,0.13,0.9,0.3,0.5,0.5,6.62,0.0,16.0,0.8,2.1,0.9,2018,32,Midfielder,0.7692307692307693,0.3,0.0169902912621359,1.0,0.04,0.08125,61.90934065934065,45.934065934065934,57.37087912087912,69.06868131868131,57.62218004111828,False,False,Nigeria
1429912,Michael Kayode,9937,Brentford,ENG-Premier League,0.9,27.1,3.0,0.0,2.9,2.3,0.09,0.01,0.7,0.0,0.0,1.1,0.0,0.4,0.2,7.1,0.0,25.0,0.2,2.0,1.4,2274,26,Defender,0.8157894736842106,0.3548387096774194,0.033210332103321,2.0,0.009,0.092,42.497051886792455,61.928066037735846,67.81544811320754,67.52653301886792,57.57137073056521,True,False,Italy
1184694,Alberto Moleiro,10205,Villarreal,ESP-La Liga,0.5,18.4,6.0,0.0,0.6,2.4,0.13,0.26,1.3,4.0,0.51,0.3,1.0,0.2,0.4,7.09,0.0,23.0,2.0,0.8,1.1,1598,23,Midfielder,0.4583333333333333,0.2727272727272727,0.0271739130434782,0.8461538461538461,0.0866666666666666,0.1043478260869565,86.59029649595688,72.38347501555047,61.80850438869306,21.405064275347296,57.54611261336912,True,False,Spain
298915,Maximilian Arnold,8721,VfL Wolfsburg,GER-Bundesliga,3.8,41.7,11.0,0.0,3.5,3.9,0.2,0.02,0.9,4.0,0.05,1.2,0.3,0.6,0.2,6.94,0.0,28.0,0.6,1.1,0.2,1800,20,Midfielder,0.71875,0.5217391304347826,0.0911270983213429,0.2222222222222222,0.0181818181818181,0.1392857142857143,60.53474238026124,84.18364261524637,46.79202951136913,42.85376494574607,57.524003650712736,True,False,Germany
1185902,Jens Castrop,9788,Borussia Mönchengladbach,GER-Bundesliga,1.1,18.9,0.0,0.0,1.4,0.8,0.08,0.18,2.4,0.0,0.1,1.0,0.6,0.0,0.1,6.76,0.0,10.0,1.5,4.1,1.6,928,17,Midfielder,0.6799999999999999,0.196078431372549,0.0582010582010582,0.6666666666666667,0.0553846153846153,0.08,68.14563679245283,37.700471698113205,70.47464622641509,57.948113207547166,57.37651926871426,True,False,South Korea
894803,Djed Spence,8586,Tottenham Hotspur,ENG-Premier League,1.7,33.7,4.0,0.0,2.4,1.4,0.08,0.05,1.0,0.0,0.0,0.6,0.3,0.2,0.4,6.72,0.0,8.0,0.5,1.6,1.3,1601,21,Defender,0.6875,0.2727272727272727,0.0504451038575667,1.3,0.0307692307692307,0.175,45.80737265878776,62.98456182182597,73.8442964268436,52.02861721611722,57.33460686397965,True,False,England
909907,Cameron Puertas,8697,SV Werder Bremen,GER-Bundesliga,1.1,30.8,1.0,0.0,1.2,1.1,0.1,0.1,1.7,0.0,0.0,0.8,0.4,0.3,0.5,6.61,0.0,9.0,2.0,3.4,0.6,939,17,Midfielder,0.711864406779661,0.1904761904761904,0.0357142857142857,0.3529411764705882,0.05,0.1222222222222222,63.87087264150944,55.43632075471698,45.916863207547166,66.74233490566037,57.26810160110178,True,False,Spain
774448,Ferdi Kadioglu,10204,Brighton and Hove Albion,ENG-Premier League,1.4,33.4,0.0,0.0,2.1,2.2,0.1,0.06,0.6,0.0,0.0,0.6,0.4,0.3,0.3,6.92,0.0,15.0,0.7,1.9,0.4,2054,25,Defender,0.8064516129032258,0.24,0.0419161676646706,0.6666666666666667,0.0375,0.1466666666666666,60.83431603773585,59.05660377358491,51.44752358490566,57.52358490566038,57.262725278231386,True,False,Turkiye
643448,Kristijan Jakic,8406,FC Augsburg,GER-Bundesliga,3.1,34.9,2.0,0.0,2.8,1.3,0.1,0.05,1.0,1.0,0.08,0.9,0.3,0.4,0.5,6.86,0.0,12.0,0.8,2.1,0.3,1172,17,Midfielder,0.75,0.3,0.0888252148997134,0.3,0.0333333333333333,0.1083333333333333,51.86491378118737,55.12966514617458,59.22647988803649,66.61163090054599,57.23312115841945,True,False,Croatia
1114635,Luis Henrique,8636,Internazionale,ITA-Serie A,1.1,38.2,4.0,0.0,0.8,1.3,0.1,0.04,0.4,2.0,0.08,0.5,0.3,0.0,0.2,7.11,0.0,19.0,0.8,1.1,0.5,1174,20,Midfielder,0.8,0.3125,0.0287958115183246,1.25,0.0285714285714285,0.0684210526315789,67.71014755684567,63.15969486488356,60.47917098624646,36.669284332020176,57.22266472782306,True,False,Brazil
902651,Raoul Bellanova,8524,Atalanta,ITA-Serie A,1.1,29.9,1.0,0.0,1.6,1.4,0.13,0.03,0.1,1.0,0.0,0.6,0.2,0.2,0.4,6.87,0.0,17.0,0.9,1.2,0.4,1001,15,Midfielder,0.9473684210526316,0.3333333333333333,0.0367892976588628,4.0,0.0243749999999999,0.0823529411764705,58.855721715391525,64.9777196074366,58.55433599419448,45.432065968622574,57.212376198889615,True,False,Italy
750028,Francisco Garcia,8633,Real Madrid,ESP-La Liga,1.4,48.4,3.0,0.0,2.2,2.3,0.09,0.04,0.5,2.0,0.0,1.2,0.1,0.2,0.2,7.15,0.0,24.0,0.6,2.1,0.3,2174,31,Defender,0.868421052631579,0.3636363636363636,0.0289256198347107,0.6,0.0276923076923076,0.0958333333333333,56.82692307692307,59.35164835164835,45.48351648351648,73.45879120879123,57.20008876596194,False,False,Spain
369742,Jackson Irvine,8152,FC St. Pauli,GER-Bundesliga,1.0,23.4,8.0,0.0,2.2,2.5,0.09,0.11,1.3,6.0,0.0,1.2,0.4,0.2,0.3,7.09,0.0,33.0,1.4,1.9,0.3,2610,29,Midfielder,0.7045454545454546,0.3870967741935484,0.0427350427350427,0.2307692307692307,0.0494999999999999,0.0757575757575757,75.50824175824175,61.43956043956044,35.86263736263736,60.62912087912088,56.97799236142172,False,False,Australia
980381,Leif Davis,9902,Ipswich Town,ENG-Premier League,1.1,25.1,12.0,0.0,2.3,4.7,0.16,0.03,0.9,2.0,0.03,0.8,0.1,0.3,0.2,6.59,0.0,61.0,0.5,1.5,0.4,2746,33,Defender,0.71875,0.3478260869565218,0.0438247011952191,0.4444444444444445,0.0252631578947368,0.0770491803278688,65.05494505494505,72.21978021978023,46.25549450549451,45.0521978021978,56.97471526434849,False,False,England
924610,Yukinari Sugawara,8697,SV Werder Bremen,GER-Bundesliga,2.4,33.8,2.0,0.0,2.8,2.0,0.1,0.08,0.7,4.0,0.0,0.5,0.4,0.1,0.3,6.69,0.0,12.0,1.3,1.1,0.5,1756,21,Defender,0.6956521739130436,0.3125,0.0710059171597633,0.7142857142857143,0.0444444444444444,0.1666666666666666,60.38245559471974,70.82908286681872,61.80008552767987,35.92052405142027,56.96943831964741,True,False,Japan
1334805,Lamine Sy,8583,Auxerre,FRA-Ligue 1,1.0,26.4,2.0,0.0,1.9,0.7,0.07,0.07,0.9,0.0,0.0,1.3,0.1,0.6,0.5,7.06,0.0,9.0,0.5,2.7,0.8,924,14,Defender,0.8163265306122448,0.325,0.0378787878787878,0.888888888888889,0.035,0.0777777777777777,52.78596698113208,42.889150943396224,59.95872641509433,85.4127358490566,56.965253343256094,True,False,France
1367615,Warren Zaire-Emery,9847,Paris Saint-Germain,FRA-Ligue 1,1.3,67.8,6.0,0.0,0.7,2.2,0.11,0.03,1.3,3.0,0.05,0.5,0.2,0.3,0.5,7.4,0.0,31.0,0.7,1.7,1.1,1776,22,Midfielder,0.6285714285714287,0.2272727272727272,0.0191740412979351,0.8461538461538461,0.0235714285714285,0.0709677419354838,57.12661552284194,58.112447301126544,61.53383958808487,49.93203573156404,56.89488161737249,True,False,France
488415,Hassane Kamara,8600,Udinese,ITA-Serie A,1.3,27.3,3.0,0.0,3.1,0.9,0.07,0.03,0.8,1.0,0.0,1.2,0.3,0.3,0.2,6.92,0.0,13.0,1.0,2.0,1.0,1057,15,Midfielder,0.8,0.3749999999999999,0.0476190476190476,1.25,0.021,0.0692307692307692,48.29761040845946,51.96223823346465,68.56194277420691,64.0727978782224,56.813974524485005,True,False,Ivory Coast
574645,Mikel Merino,9825,Arsenal,ENG-Premier League,0.6,24.2,4.0,0.0,1.7,1.5,0.13,0.27,1.9,3.0,0.36,0.9,0.7,0.2,0.7,6.97,0.0,12.0,1.9,2.3,0.5,999,21,Midfielder,0.6274509803921569,0.28125,0.024793388429752,0.2631578947368421,0.08775,0.125,77.36380364918101,62.08999412537148,33.88046858801576,60.74606486281015,56.75547083459691,True,False,Spain
1092403,Melvin Bard,9831,Nice,FRA-Ligue 1,1.5,37.3,3.0,0.0,2.9,1.0,0.06,0.02,0.9,1.0,0.06,1.2,0.2,0.8,0.2,6.87,0.0,11.0,0.7,1.6,0.7,1510,18,Defender,0.7567567567567568,0.4285714285714286,0.0402144772117962,0.7777777777777777,0.0149999999999999,0.0909090909090909,46.23358559679315,57.387492224756365,65.280608542401,63.89303856520838,56.75163024482888,True,False,France
1640832,Arsene Kouassi,8689,Lorient,FRA-Ligue 1,0.5,25.1,6.0,0.0,1.9,2.2,0.11,0.02,0.6,4.0,0.1,0.9,0.1,0.1,0.5,7.23,0.0,23.0,0.3,0.9,1.5,1790,21,Midfielder,0.75,0.5,0.0199203187250996,2.5,0.0169230769230769,0.0956521739130434,50.02948113207548,68.66155660377359,64.69339622641509,45.81662735849056,56.736928600946165,True,False,Burkina Faso
1209228,Daniel Svensson,9789,Borussia Dortmund,GER-Bundesliga,0.4,28.1,3.0,0.0,2.9,3.9,0.21,0.05,1.2,1.0,0.05,0.6,0.1,0.3,0.4,7.07,0.0,22.0,0.3,1.4,0.6,1695,22,Midfielder,0.625,0.3,0.0142348754448398,0.5,0.0403846153846153,0.1772727272727272,72.0813679245283,85.14740566037734,42.87735849056603,33.67629716981132,56.67762366449115,True,False,Sweden
303905,Dominik Kohr,9905,1. FSV Mainz 05,GER-Bundesliga,3.7,36.6,2.0,0.0,5.0,1.7,0.11,0.06,1.3,0.0,0.06,1.4,0.1,0.6,0.1,6.73,0.0,7.0,0.6,1.8,0.3,1430,17,Defender,0.7111111111111111,0.4374999999999999,0.1010928961748633,0.2307692307692307,0.0388235294117647,0.2428571428571428,53.23769783675444,61.815260211486624,53.410511265464095,60.14880088464994,56.67503331418676,True,False,Germany
1059657,Sergi Cardona,10205,Villarreal,ESP-La Liga,1.1,27.6,4.0,0.0,2.1,1.9,0.14,0.05,1.4,3.0,0.0,1.8,0.2,0.4,0.3,6.89,0.0,12.0,0.8,2.2,0.2,1224,19,Defender,0.7407407407407407,0.45,0.0398550724637681,0.1428571428571428,0.0368421052631579,0.1583333333333333,65.8460328979197,76.62946644550418,29.07194692100352,71.47749066970766,56.67091484605931,True,False,Spain
845994,Hans Nicolussi Caviglia,7881,Venezia,ITA-Serie A,2.6,34.6,4.0,0.0,1.7,2.3,0.07,0.08,1.6,2.0,0.13,0.9,0.6,0.4,0.4,6.87,0.0,29.0,1.7,1.5,0.5,2870,35,Midfielder,0.6,0.375,0.0751445086705202,0.3125,0.0373333333333333,0.0793103448275862,66.23626373626374,54.23626373626374,60.54120879120879,43.51923076923077,56.64351597906982,False,False,Italy
1185609,Robin Fellhauer,8406,FC Augsburg,GER-Bundesliga,0.9,23.0,3.0,0.0,2.3,1.5,0.08,0.06,0.9,1.0,0.05,0.7,0.2,0.2,0.5,7.05,0.0,17.0,1.0,2.3,0.5,1815,22,Midfielder,0.7692307692307693,0.2333333333333333,0.0391304347826087,0.5555555555555556,0.0342857142857142,0.088235294117647,59.22759433962264,55.7311320754717,48.11320754716982,65.98466981132076,56.58956837796333,True,False,Germany
637756,Carles Alena,9866,Alavés,ESP-La Liga,1.1,33.9,6.0,0.0,1.3,2.3,0.14,0.11,1.5,4.0,0.0,0.5,0.2,0.1,0.3,6.67,0.0,24.0,1.3,1.7,0.7,1466,24,Midfielder,0.5945945945945946,0.2272727272727272,0.0324483775811209,0.4666666666666666,0.0616,0.0958333333333333,76.45202674683807,62.03065173819891,53.73760280599904,34.137893945676964,56.54382766585888,True,False,Spain
1180481,Johann Lepenant,9830,Nantes,FRA-Ligue 1,2.1,31.1,2.0,0.0,1.0,1.1,0.08,0.03,1.0,1.0,0.0,0.9,0.1,0.2,0.7,6.97,0.0,15.0,0.7,3.8,0.5,1202,16,Midfielder,0.8245614035087719,0.1914893617021276,0.067524115755627,0.5,0.0218181818181818,0.0733333333333333,47.819411327666046,52.3427068214804,60.00685949270855,74.03755010712558,56.498373398080986,True,False,France
602304,Nordi Mukiele,8472,Sunderland,ENG-Premier League,1.6,28.8,7.0,0.0,5.4,1.8,0.08,0.04,1.0,4.0,0.04,1.3,0.1,0.4,0.1,7.22,0.0,20.0,0.7,2.4,0.3,2153,24,Defender,0.7872340425531915,0.3513513513513513,0.0555555555555555,0.3,0.0266666666666666,0.09,54.82016509433962,63.31957547169811,43.73820754716981,70.22110849056602,56.43848948050087,True,False,France
1473580,Aleksandar Pavlovic,9823,Bayern München,GER-Bundesliga,4.7,96.7,2.0,0.0,1.1,1.9,0.15,0.12,1.2,1.0,0.16,0.8,0.3,0.5,0.2,7.23,0.0,16.0,0.6,1.9,0.2,1108,18,Midfielder,0.6923076923076923,0.2962962962962963,0.0486039296794208,0.1666666666666666,0.0666666666666666,0.11875,67.23775831087151,65.52175340382888,45.03193897297671,47.00928277697145,56.25967671653806,True,False,Germany
391058,José Gayà,10267,Valencia CF,ESP-La Liga,1.3,27.9,2.0,0.0,3.0,1.6,0.09,0.04,1.0,1.0,0.06,0.8,0.1,0.3,0.2,6.78,0.0,13.0,0.5,2.4,0.3,1551,20,Defender,0.7619047619047619,0.25,0.046594982078853,0.3,0.0276923076923076,0.123076923076923,56.80878084179971,67.85646900269542,41.44939612274518,64.25676446195314,56.25819286622107,True,False,Spain
708890,Carlos Soler,8560,Real Sociedad,ESP-La Liga,1.9,36.4,5.0,0.0,1.0,2.0,0.14,0.12,1.6,2.0,0.14,0.6,0.8,0.4,0.3,6.81,0.0,28.0,1.5,1.7,0.5,1294,20,Midfielder,0.5897435897435898,0.2608695652173913,0.0521978021978022,0.3125,0.0646153846153846,0.0714285714285714,80.60173906282397,64.03250051834958,49.93518902481167,32.20950393945677,56.19554932421104,True,False,Spain
184533,Koke,9906,Atlético de Madrid,ESP-La Liga,4.4,72.8,2.0,0.0,1.3,2.2,0.14,0.02,0.9,2.0,0.13,0.8,0.2,0.1,0.5,7.08,0.0,18.0,0.5,2.1,0.1,1427,22,Midfielder,0.7631578947368421,0.2758620689655172,0.0604395604395604,0.1111111111111111,0.0175,0.1222222222222222,52.845393600110576,67.96311078858248,45.24193534452968,63.56544163383786,56.16942276200299,True,False,Spain
850295,Alessio Zerbin,7801,Cremonese,ITA-Serie A,0.8,18.8,4.0,0.0,1.7,1.7,0.14,0.12,1.5,2.0,0.0,0.2,0.6,0.2,0.1,6.52,0.0,11.0,1.4,2.5,0.5,1084,20,Midfielder,0.6428571428571429,0.074074074074074,0.0425531914893617,0.3333333333333333,0.0646153846153846,0.1545454545454545,73.8060141509434,74.87617924528303,41.81014150943396,37.31132075471698,56.0663105629122,True,False,Italy
1339269,Hugo Larsson,9810,Eintracht Frankfurt,GER-Bundesliga,2.4,39.3,1.0,0.0,1.2,0.9,0.09,0.07,0.4,2.0,0.09,1.1,0.3,0.1,0.1,6.79,0.0,9.0,0.7,1.0,0.3,968,15,Midfielder,0.8400000000000001,0.5238095238095238,0.0610687022900763,0.7499999999999999,0.039375,0.1,60.25673422489459,49.86135876701914,58.21723598728315,55.52689802336028,56.053957831614575,True,False,Sweden
1024672,Nicolas Seiwald,178475,RB Leipzig,GER-Bundesliga,2.2,45.2,2.0,0.0,2.4,1.3,0.06,0.05,0.6,2.0,0.0,2.1,0.1,0.3,0.4,7.2,0.0,10.0,0.5,1.9,0.3,1855,22,Midfielder,0.8695652173913044,0.525,0.0486725663716814,0.5,0.0272727272727272,0.13,45.60720333125994,62.046513235192485,48.26750725689405,80.78794750846637,56.01088184460789,True,False,Austria
1057433,Tanner Tessmann,9748,Lyon,FRA-Ligue 1,2.2,43.7,3.0,0.0,2.5,1.1,0.07,0.11,0.8,0.0,0.06,0.8,0.4,0.6,0.2,6.96,0.0,10.0,1.3,1.4,0.4,1495,20,Midfielder,0.7333333333333334,0.3636363636363636,0.0503432494279176,0.5,0.0427777777777777,0.11,56.585307381297945,52.19717153915267,63.14243814361739,51.65489149215565,55.96615538578225,True,False,USA
889534,Emile Smith Rowe,9879,Fulham,ENG-Premier League,0.4,41.8,1.0,0.0,0.8,0.9,0.06,0.25,0.3,0.0,0.21,1.3,0.5,0.1,0.4,6.69,0.0,13.0,1.8,1.3,0.6,1269,26,Midfielder,0.896551724137931,0.5,0.0095693779904306,2.0,0.0483870967741935,0.0692307692307692,71.36963076231943,43.21438938420071,52.966635565692165,56.94838102149422,55.85447878319176,True,False,England
612747,Frédéric Guilbert,9888,Lecce,ITA-Serie A,1.8,27.6,2.0,0.0,3.6,2.1,0.08,0.01,1.2,1.0,0.0,1.7,0.0,0.3,0.2,6.85,0.0,19.0,0.4,2.4,0.7,2450,31,Defender,0.7735849056603773,0.4146341463414634,0.0652173913043478,0.5833333333333334,0.0088888888888888,0.1105263157894737,38.15934065934066,57.340659340659336,66.41758241758241,76.6510989010989,55.79179986770195,False,False,France
307021,Emre Can,9789,Borussia Dortmund,GER-Bundesliga,3.9,72.4,0.0,0.0,3.7,1.4,0.06,0.09,1.1,0.0,0.13,0.9,0.1,0.7,0.1,6.97,0.0,8.0,0.4,2.1,0.6,2102,31,Defender,0.7317073170731708,0.3,0.0538674033149171,0.5454545454545454,0.036,0.175,52.29395604395604,48.94505494505495,69.35164835164834,55.13186813186813,55.78370981911933,False,False,Germany
1016132,Kouadio Koné,8686,Roma,ITA-Serie A,1.4,45.8,2.0,0.0,0.9,1.7,0.08,0.09,1.9,1.0,0.09,0.7,0.2,0.1,0.4,7.2,0.0,20.0,0.8,1.9,1.1,1942,22,Midfielder,0.5777777777777777,0.2692307692307693,0.0305676855895196,0.5789473684210527,0.0423529411764705,0.0849999999999999,65.75283796392286,50.46332676757205,62.7153310525952,42.41804893219987,55.714968282933405,True,False,France
75307,Daniel Parejo,10205,Villarreal,ESP-La Liga,3.5,46.9,3.0,0.0,1.0,0.9,0.08,0.01,1.0,0.0,0.0,0.9,0.0,0.5,0.1,6.79,0.0,18.0,0.2,2.5,0.5,1016,20,Midfielder,0.7727272727272726,0.2647058823529412,0.0746268656716418,0.5,0.0088888888888888,0.05,48.1307450411224,48.84730285437832,66.81263390697353,64.81104862119014,55.65207739230965,True,False,Spain
602523,Maximilian Eggestein,8358,Sport-Club Freiburg,GER-Bundesliga,1.2,33.9,2.0,0.0,2.1,1.2,0.05,0.13,0.7,0.0,0.09,1.0,0.4,0.5,0.4,6.93,0.0,14.0,1.5,2.1,0.5,1980,22,Midfielder,0.8157894736842106,0.3225806451612903,0.0353982300884955,0.7142857142857143,0.0361111111111111,0.0857142857142857,60.0976656990808,49.333428364088746,46.7066141405764,71.53637086184257,55.61508208622339,True,False,Germany
1120224,Tyrick Mitchell,9826,Crystal Palace,ENG-Premier League,1.0,21.6,1.0,0.0,2.8,1.4,0.05,0.04,0.7,0.0,0.04,1.0,0.2,0.3,0.2,7.07,0.0,19.0,0.4,2.8,0.4,2309,26,Midfielder,0.8444444444444444,0.2631578947368421,0.0462962962962962,0.5714285714285715,0.0222222222222222,0.0736842105263157,52.9526055705301,50.79676377082038,52.50328288064137,72.03431474186192,55.61343395702066,True,False,England
1310103,Anton Kade,8406,FC Augsburg,GER-Bundesliga,0.8,20.0,2.0,0.0,1.2,1.2,0.11,0.25,1.0,0.0,0.18,0.5,0.8,0.1,0.5,6.68,0.0,16.0,1.9,1.3,0.8,1007,17,Midfielder,0.6428571428571429,0.2777777777777778,0.04,0.8,0.0763888888888889,0.075,79.98231132075472,52.49410377358491,57.96875,32.783018867924525,55.57175201749079,True,False,Germany
1323510,Alberto Reina,8670,Real Oviedo,ESP-La Liga,2.1,30.3,2.0,0.0,0.7,1.1,0.08,0.11,1.5,0.0,0.15,0.7,0.4,0.1,0.3,6.5,0.0,12.0,0.9,1.7,0.7,1239,22,Midfielder,0.6153846153846154,0.2916666666666667,0.0693069306930693,0.4666666666666666,0.0463157894736842,0.0916666666666666,64.9616745283019,51.3620283018868,67.78891509433963,37.82724056603774,55.56589423861155,True,False,Spain
860260,Derrick Köhn,8149,1. FC Union Berlin,GER-Bundesliga,1.2,20.1,3.0,0.0,1.9,2.3,0.17,0.05,1.6,1.0,0.0,0.4,0.1,0.3,0.3,6.57,0.0,16.0,1.1,1.7,0.6,1258,20,Midfielder,0.5675675675675675,0.1904761904761904,0.0597014925373134,0.3749999999999999,0.0386363636363636,0.14375,63.96654053493677,73.10516448959845,56.148118391042914,31.503256963162624,55.561986757156895,True,False,Ghana
780432,Ethan Ampadu,8463,Leeds United,ENG-Premier League,2.1,42.9,1.0,0.0,2.3,1.4,0.06,0.07,1.3,1.0,0.04,1.5,0.2,0.5,0.4,7.13,0.0,10.0,0.7,2.2,0.4,2043,23,Midfielder,0.74,0.4054054054054054,0.0489510489510489,0.3076923076923077,0.0323076923076923,0.1399999999999999,51.57724056603773,53.490566037735846,49.77299528301887,74.72287735849056,55.55790885908459,True,False,Wales
641595,Nikola Moro,9857,Bologna,ITA-Serie A,8.3,56.5,0.0,0.0,1.9,1.2,0.1,0.04,0.9,0.0,0.17,0.7,0.2,0.1,0.4,6.91,0.0,13.0,0.9,1.8,0.5,1087,18,Midfielder,0.7352941176470589,0.2799999999999999,0.1469026548672566,0.5555555555555556,0.0285714285714285,0.0923076923076923,52.75196108922524,43.64442083074159,72.18825592646347,58.33398990946159,55.520675359841725,True,False,Croatia
1254166,Alejandro Balde,8634,Barcelona,ESP-La Liga,0.9,51.1,4.0,0.0,1.1,1.9,0.12,0.02,0.7,2.0,0.0,0.3,0.1,0.5,0.4,7.19,0.0,21.0,0.5,1.8,1.2,1429,20,Defender,0.7500000000000001,0.1428571428571428,0.0176125244618395,1.7142857142857144,0.0171428571428571,0.0904761904761904,50.61487058538946,67.3879846568526,65.09565277489806,41.02482462506048,55.51705236784897,True,False,Spain
1255855,Yassine Kechta,9746,Le Havre,FRA-Ligue 1,0.7,21.8,3.0,0.0,1.3,1.5,0.13,0.12,2.4,1.0,0.09,1.2,0.5,0.3,0.7,6.47,0.0,9.0,1.4,2.0,0.4,1015,20,Midfielder,0.5714285714285715,0.3749999999999999,0.0321100917431192,0.1666666666666666,0.0624,0.1666666666666666,66.980980890179,61.543964683115625,36.86411033934618,61.38829134701776,55.50726985899972,True,False,Morocco
1106742,Sergio Carreira,9910,Celta de Vigo,ESP-La Liga,2.0,43.4,0.0,0.0,2.4,1.1,0.06,0.07,0.7,1.0,0.11,0.9,0.2,0.1,0.2,7.05,0.0,13.0,0.6,1.4,0.9,1645,21,Midfielder,0.7666666666666666,0.391304347826087,0.0460829493087557,1.2857142857142858,0.0323076923076923,0.0846153846153846,53.58846931370516,49.455059091851545,72.39128481581311,48.20117147003939,55.4379518281316,True,False,Spain
792756,Michel Aebischer,6479,Pisa,ITA-Serie A,3.4,40.6,5.0,0.0,1.0,1.7,0.08,0.02,1.2,1.0,0.05,1.1,0.0,0.2,0.4,6.95,0.0,25.0,0.5,2.2,0.3,1984,24,Midfielder,0.7333333333333334,0.3333333333333333,0.083743842364532,0.25,0.016,0.068,47.27299528301887,57.35849056603773,55.315448113207545,67.63266509433961,55.43400717646112,True,False,Switzerland
889536,Timothy Weah,8592,Marseille,FRA-Ligue 1,0.9,32.1,3.0,0.0,1.1,1.7,0.11,0.09,1.3,2.0,0.13,0.6,0.5,0.2,0.2,6.95,0.0,18.0,1.1,1.8,0.6,1417,19,Midfielder,0.6486486486486486,0.25,0.02803738317757,0.4615384615384615,0.0494999999999999,0.0944444444444444,70.98166770336582,56.65762146658373,47.40277489805792,45.217313739719394,55.42048694082401,True,False,USA
1598170,Samir El Mourabet,9848,Strasbourg,FRA-Ligue 1,1.4,52.9,2.0,0.0,1.0,1.4,0.09,0.02,1.1,0.0,0.0,1.0,0.0,0.6,0.8,6.71,0.0,16.0,0.6,3.3,0.7,1376,22,Midfielder,0.7962962962962962,0.2325581395348837,0.0264650283553875,0.6363636363636362,0.0163636363636363,0.0875,43.49941037735849,53.573113207547166,55.22405660377359,83.09257075471697,55.36384546045269,True,False,Morocco
210126,Dennis Appiah,9853,St Etienne,FRA-Ligue 1,1.4,29.9,4.0,0.0,3.1,2.2,0.09,0.01,1.6,1.0,0.0,1.2,0.1,0.3,0.3,6.59,0.0,13.0,0.2,3.0,0.8,2124,29,Defender,0.7241379310344827,0.2857142857142857,0.0468227424749163,0.5,0.009,0.1692307692307692,35.714285714285715,69.13186813186813,59.818681318681314,73.24725274725274,55.32732085368576,False,False,France
1609213,Mateus Mane,8602,Wolverhampton Wanderers,ENG-Premier League,0.3,15.5,2.0,0.0,1.4,1.3,0.12,0.11,1.5,1.0,0.18,0.2,1.1,0.1,0.4,6.67,0.0,10.0,2.5,1.6,1.5,987,16,Midfielder,0.5454545454545455,0.1111111111111111,0.0193548387096774,1.0,0.057391304347826,0.13,69.01533018867924,64.18632075471697,60.548349056603776,29.401533018867926,55.3023852293562,True,False,England
1526689,Alex Jimenez,8678,Bournemouth,ENG-Premier League,1.5,24.9,1.0,0.0,1.5,0.7,0.04,0.05,1.2,0.0,0.06,0.9,0.2,0.5,0.4,6.91,0.0,7.0,0.8,2.7,1.6,1593,22,Defender,0.75,0.25,0.0602409638554216,1.3333333333333337,0.0222222222222222,0.0999999999999999,44.24463508189924,42.93194070080863,79.23343441150045,67.55222803925635,55.28513459647959,True,False,Spain
321140,Valentino Lazaro,9804,Torino,ITA-Serie A,1.5,26.4,3.0,0.0,2.0,2.6,0.13,0.02,1.5,2.0,0.0,0.9,0.1,0.4,0.5,6.73,0.0,22.0,0.3,1.9,0.5,1778,24,Midfielder,0.6511627906976744,0.3214285714285714,0.0568181818181818,0.3333333333333333,0.0173333333333333,0.1181818181818181,56.15410532863363,73.01063480544613,50.33987317713732,42.76375786163521,55.252786660270914,True,False,Austria
408943,Takumi Minamino,9829,Monaco,FRA-Ligue 1,0.7,21.4,3.0,0.0,0.5,2.0,0.19,0.3,0.9,2.0,0.28,0.4,0.7,0.2,1.3,6.65,0.0,9.0,2.0,0.3,0.4,949,15,Midfielder,0.4374999999999999,0.5714285714285715,0.0327102803738317,0.4444444444444445,0.1163265306122448,0.2222222222222222,85.67797964614003,79.76354620222544,40.80603790863225,26.374265671435484,55.236869972692354,True,False,Japan
1134467,Yuito Suzuki,8358,Sport-Club Freiburg,GER-Bundesliga,1.1,16.8,1.0,0.0,0.8,1.3,0.11,0.24,1.0,2.0,0.25,0.4,0.9,0.0,0.5,6.78,0.0,16.0,2.4,1.1,1.0,1066,17,Midfielder,0.6,0.2666666666666666,0.0654761904761904,1.0,0.0754285714285714,0.08125,79.74646226415095,50.536556603773576,72.0253537735849,25.49233490566038,55.216403124596944,True,False,Japan
1359911,Miguel Román,9910,Celta de Vigo,ESP-La Liga,3.2,45.1,4.0,0.0,1.6,1.2,0.1,0.08,1.7,0.0,0.09,0.9,0.1,0.5,0.3,6.86,0.0,14.0,0.7,2.2,0.2,1040,16,Midfielder,0.6458333333333334,0.2903225806451613,0.0709534368070953,0.1176470588235294,0.0444444444444444,0.0857142857142857,65.09433962264151,57.79481132075471,44.823113207547166,52.38207547169812,55.11213364996761,True,False,Spain
1395704,Guéla Doué,9848,Strasbourg,FRA-Ligue 1,0.9,47.5,3.0,0.0,4.2,1.4,0.09,0.12,2.1,5.0,0.13,0.9,0.3,0.1,0.3,7.31,0.0,11.0,0.5,2.1,1.0,1343,16,Defender,0.5882352941176471,0.3,0.0189473684210526,0.4761904761904761,0.0514285714285714,0.1272727272727272,57.49246233326422,55.71362049899786,54.22669586702605,52.03169275692861,55.10366624040816,True,False,Ivory Coast
1193815,Julian Niehues,94937,1. FC Heidenheim 1846,GER-Bundesliga,2.1,34.0,1.0,0.0,2.5,0.8,0.07,0.11,0.7,0.0,0.27,1.4,0.5,0.4,0.2,6.72,0.0,3.0,1.5,1.1,0.4,994,17,Midfielder,0.78125,0.5599999999999999,0.0617647058823529,0.5714285714285715,0.0427777777777777,0.2666666666666666,52.34375,54.215801886792455,60.43926886792453,54.09787735849056,55.1006556795101,True,False,Germany
1310480,Sergi Altimira,8603,Real Betis,ESP-La Liga,2.1,51.1,2.0,0.0,1.9,1.2,0.05,0.08,1.6,1.0,0.0,1.1,0.2,0.0,0.5,6.9,0.0,22.0,1.0,2.8,0.7,1972,32,Midfielder,0.7090909090909091,0.2820512820512821,0.0410958904109589,0.4374999999999999,0.0307692307692307,0.0545454545454545,58.00824175824176,38.04945054945055,59.82692307692307,72.83241758241758,55.058340862845256,False,False,Spain
593118,Denzel Dumfries,8636,Internazionale,ITA-Serie A,0.8,22.1,6.0,0.0,1.0,2.8,0.13,0.24,2.5,2.0,0.32,0.3,0.9,0.4,0.6,7.01,0.0,21.0,1.7,1.2,0.6,1951,29,Midfielder,0.375,0.1999999999999999,0.0361990950226244,0.24,0.0843243243243243,0.1333333333333333,82.45879120879121,75.95054945054946,40.785714285714285,29.06868131868132,54.99407524024597,False,False,Netherlands
560945,Mergim Vojvoda,10171,Como,ITA-Serie A,1.2,34.9,4.0,0.0,1.3,2.4,0.17,0.08,0.9,2.0,0.07,0.7,0.4,0.1,0.4,6.76,0.0,26.0,1.1,0.5,0.8,1268,22,Defender,0.5714285714285714,0.5833333333333334,0.0343839541547277,0.888888888888889,0.0544,0.0923076923076923,70.3520673508881,67.14898230700118,58.39266276176653,27.44873090745732,54.984077352934136,True,False,Kosovo
836797,Alex Kral,8558,Espanyol,ESP-La Liga,1.2,19.7,3.0,0.0,1.5,1.6,0.05,0.05,1.0,1.0,0.0,0.9,0.1,0.5,0.2,6.73,0.0,12.0,0.7,1.8,1.0,2710,37,Midfielder,0.7297297297297297,0.3333333333333333,0.0609137055837563,1.0,0.025,0.1333333333333333,44.46428571428572,55.60989010989013,71.35714285714285,53.585164835164825,54.93633498404105,False,False,Czechia
1000428,Isak Bergmann Johannesson,8722,1. FC Köln,GER-Bundesliga,2.6,35.9,1.0,0.0,0.9,2.6,0.2,0.05,0.6,1.0,0.08,0.2,0.1,0.4,0.1,6.66,0.0,20.0,0.4,1.4,0.2,1186,20,Midfielder,0.7272727272727273,0.125,0.0724233983286908,0.3333333333333333,0.04,0.13,70.57783018867924,72.78301886792453,51.05542452830189,28.95341981132076,54.885604707643616,True,False,Iceland
295067,Will Hughes,9826,Crystal Palace,ENG-Premier League,1.2,32.5,1.0,0.0,1.7,1.6,0.13,0.08,1.2,0.0,0.0,0.9,0.0,0.4,0.0,6.61,0.0,18.0,1.2,1.6,0.8,1159,23,Midfielder,0.6756756756756757,0.36,0.0369230769230769,0.6666666666666667,0.0495238095238095,0.0888888888888888,69.94371587531965,58.09689681387795,46.60410619254959,43.52085493123229,54.86664108712047,True,False,England
304354,Janik Haberer,8149,1. FC Union Berlin,GER-Bundesliga,1.8,25.2,3.0,0.0,2.0,2.0,0.17,0.05,1.4,1.0,0.0,0.5,0.1,0.1,0.5,6.64,0.0,17.0,0.8,1.8,0.4,1102,19,Midfielder,0.6216216216216216,0.2173913043478261,0.0714285714285714,0.2857142857142857,0.0386363636363636,0.1176470588235294,59.691970765083965,70.22695072223372,44.62903016794527,45.87714683115627,54.843399966431456,True,False,Germany
571615,Unai Lopez,8370,Rayo Vallecano,ESP-La Liga,4.1,53.7,1.0,0.0,1.2,1.0,0.09,0.04,2.0,3.0,0.0,1.1,0.3,0.3,0.3,7.0,0.0,22.0,1.2,1.7,0.6,1045,17,Midfielder,0.5833333333333334,0.3928571428571429,0.0763500931098696,0.3,0.0276923076923076,0.0454545454545454,58.87960899163729,41.3813411431336,70.67822586218811,50.96509347570668,54.82347885884276,True,False,Spain
1184777,Jofre Carreras,8558,Espanyol,ESP-La Liga,0.5,13.7,2.0,0.0,0.9,1.9,0.08,0.1,1.2,3.0,0.12,0.6,0.5,0.0,0.7,6.63,0.0,24.0,1.7,0.9,1.6,2175,37,Midfielder,0.5555555555555555,0.3999999999999999,0.0364963503649635,1.3333333333333337,0.0444444444444444,0.0791666666666666,69.43681318681318,49.7967032967033,68.07142857142857,32.99450549450549,54.79067151402296,False,False,Spain
667790,Suat Serdar,9876,Verona,ITA-Serie A,2.0,23.1,2.0,0.0,1.3,0.8,0.07,0.17,1.5,0.0,0.16,0.7,0.6,0.4,0.5,6.61,0.0,13.0,1.5,2.5,0.7,1108,20,Midfielder,0.6808510638297872,0.2187499999999999,0.0865800865800865,0.4666666666666666,0.0495833333333333,0.0615384615384615,63.05035766120671,38.13164351371898,67.76114451586149,53.481075920934416,54.77884332813536,True,False,Germany
971790,Lucien Agoume,8302,Sevilla,ESP-La Liga,2.4,37.5,5.0,0.0,1.5,1.2,0.06,0.04,2.0,2.0,0.05,1.5,0.1,0.2,0.4,6.93,0.0,18.0,0.6,2.0,0.4,1670,21,Midfielder,0.6363636363636364,0.4285714285714285,0.064,0.2,0.0239999999999999,0.0666666666666666,51.01181837030894,49.91019593613934,54.95971127928676,68.10335458566591,54.763774269549984,True,False,France
730901,Yangel Herrera,7732,Girona,ESP-La Liga,1.4,34.1,5.0,0.0,1.9,1.3,0.05,0.14,2.9,3.0,0.16,1.2,0.6,0.3,0.3,6.99,0.0,17.0,1.6,2.6,0.8,2263,29,Midfielder,0.5671641791044777,0.3157894736842105,0.0410557184750733,0.2758620689655172,0.0368421052631579,0.0764705882352941,61.318681318681314,46.26373626373626,51.8076923076923,60.71703296703297,54.68254109232541,False,False,Venezuela
210111,Lucas Digne,10252,Aston Villa,ENG-Premier League,0.6,28.0,2.0,0.0,2.9,2.1,0.15,0.04,0.7,4.0,0.0,0.7,0.3,0.2,0.1,6.82,0.0,17.0,0.7,1.8,0.3,1316,23,Defender,0.78125,0.2799999999999999,0.0214285714285714,0.4285714285714286,0.031578947368421,0.1235294117647058,61.17835976916166,73.58665077061305,34.33481926878154,56.75132611099591,54.6270819568387,True,False,France
1012842,Gianluca Gaetano,8529,Cagliari,ITA-Serie A,2.8,37.0,2.0,0.0,1.2,1.0,0.09,0.1,1.5,3.0,0.17,0.7,0.7,0.0,0.1,6.77,0.0,19.0,1.7,1.0,0.8,1086,23,Midfielder,0.53125,0.4117647058823529,0.0756756756756756,0.5333333333333333,0.0473684210526315,0.0526315789473684,76.9897928329532,55.7270198355104,75.74096775865644,20.987775589190683,54.53463299486212,True,False,Italy
603537,Angelino,8686,Roma,ITA-Serie A,2.6,37.5,7.0,0.0,2.5,4.0,0.11,0.03,0.9,1.0,0.06,0.8,0.1,0.3,0.1,7.1,0.0,50.0,0.7,1.3,0.3,3179,38,Midfielder,0.7000000000000001,0.3809523809523809,0.0693333333333333,0.3333333333333333,0.0235714285714285,0.08,60.24725274725275,66.58241758241759,54.56593406593407,36.318681318681314,54.4599799644097,False,False,Spain
1174672,Joao Gomes,8602,Wolverhampton Wanderers,ENG-Premier League,1.3,41.0,1.0,0.0,1.6,1.3,0.06,0.04,2.3,0.0,0.0,1.3,0.2,0.2,0.4,6.9,0.0,13.0,0.5,3.3,1.2,2026,25,Midfielder,0.6666666666666666,0.2826086956521739,0.0317073170731707,0.5217391304347826,0.0239999999999999,0.1,51.27483758379984,45.16553493676136,58.16300366300366,69.34400269541779,54.454849925692606,True,False,Brazil
843099,Scott McTominay,9875,Napoli,ITA-Serie A,0.9,35.1,1.0,0.0,1.9,1.2,0.05,0.28,0.7,3.0,0.28,0.8,1.2,0.4,0.9,7.33,0.0,16.0,3.0,1.1,0.9,1938,23,Midfielder,0.7307692307692308,0.4210526315789473,0.0256410256410256,1.2857142857142858,0.0424242424242424,0.075,68.4992051973184,42.12067178104914,64.29812011887483,43.20424701085079,54.44830179812008,True,False,Scotland
1194892,Arnau Martinez,7732,Girona,ESP-La Liga,2.6,40.5,3.0,0.0,5.1,0.9,0.05,0.04,1.0,1.0,0.06,1.6,0.1,0.5,0.1,7.03,0.0,8.0,0.5,2.6,0.5,1535,21,Defender,0.8076923076923077,0.3809523809523809,0.0641975308641975,0.5,0.0222222222222222,0.1125,41.01155919552146,51.733551040154815,63.83056880226693,72.39836892667081,54.38985383656712,True,False,Spain
1134871,Maxim De Cuyper,10204,Brighton and Hove Albion,ENG-Premier League,0.8,36.2,6.0,0.0,1.7,2.2,0.18,0.14,1.1,0.0,0.16,0.7,0.5,0.1,0.6,6.7,0.0,19.0,0.9,1.4,0.3,1125,21,Defender,0.6562499999999999,0.3333333333333333,0.0220994475138121,0.2727272727272727,0.07875,0.1157894736842105,84.75825471698113,78.79716981132076,27.67393867924528,40.73408018867924,54.33649026321148,True,False,Belgium
660462,Pierre Lees-Melou,6379,Paris FC,FRA-Ligue 1,3.9,42.4,1.0,0.0,1.4,0.8,0.07,0.06,1.7,1.0,0.08,0.8,0.3,0.4,0.7,7.07,0.0,9.0,1.5,2.9,0.5,1078,14,Midfielder,0.6851851851851851,0.2162162162162162,0.0919811320754717,0.2941176470588235,0.0323076923076923,0.0888888888888888,50.25058962264151,42.435141509433954,65.84316037735849,65.1945754716981,54.29298525981557,True,False,France
299799,Bryan Cristante,8686,Roma,ITA-Serie A,4.3,51.9,1.0,0.0,1.8,1.9,0.08,0.06,1.8,0.0,0.04,0.7,0.3,0.1,0.5,7.12,0.0,18.0,1.2,2.0,0.4,2025,24,Midfielder,0.6000000000000001,0.2592592592592592,0.0828516377649325,0.2222222222222222,0.0342857142857142,0.1055555555555555,59.74691582002902,52.31748047549934,55.2907552353307,48.144887345359045,54.29120965399007,True,False,Italy
785511,Fran Beltrán,9910,Celta de Vigo,ESP-La Liga,2.9,48.6,4.0,0.0,1.2,1.8,0.07,0.04,1.3,1.0,0.07,1.0,0.1,0.2,0.3,6.73,0.0,15.0,0.9,1.9,0.4,2426,34,Midfielder,0.6904761904761905,0.3448275862068966,0.0596707818930041,0.3076923076923077,0.0254545454545454,0.12,47.67857142857142,60.06043956043956,56.70329670329671,55.06593406593405,54.29036685304277,False,False,Spain
1102289,Juan Iglesias,8305,Getafe,ESP-La Liga,2.2,17.3,2.0,0.0,3.9,1.2,0.05,0.04,2.0,2.0,0.05,0.6,0.1,0.3,0.2,6.89,0.0,9.0,0.8,3.2,0.9,1956,23,Defender,0.6551724137931034,0.1578947368421052,0.1271676300578034,0.45,0.0222222222222222,0.1333333333333333,43.35706942428641,54.10284919483032,67.306560577787,57.76701050521805,54.1718089712085,True,False,Spain
699461,Jean-Victor Makengo,8689,Lorient,FRA-Ligue 1,0.9,22.6,0.0,0.0,1.1,0.8,0.07,0.17,0.5,1.0,0.26,0.5,0.9,0.0,0.6,6.86,0.0,14.0,2.2,1.4,1.1,1027,19,Midfielder,0.7916666666666666,0.2631578947368421,0.0398230088495575,2.2,0.0495833333333333,0.0571428571428571,69.05955188679245,33.62028301886792,68.05129716981132,51.00825471698113,54.09469330612435,True,False,France
815465,Romain Perraud,8639,Lille,FRA-Ligue 1,0.9,37.9,6.0,0.0,2.0,2.8,0.16,0.09,1.0,3.0,0.12,0.9,0.6,0.3,0.5,7.16,0.0,28.0,1.3,1.8,0.3,1564,19,Defender,0.7297297297297297,0.3333333333333333,0.0237467018469657,0.3,0.0576,0.0999999999999999,66.66878326076439,67.08064655470315,33.171042400995226,55.64279666874006,54.08759095951671,True,False,France
992052,Thierry Correia,10267,Valencia CF,ESP-La Liga,1.3,32.2,1.0,0.0,2.2,1.6,0.15,0.03,1.7,1.0,0.0,1.1,0.1,0.0,0.4,6.72,0.0,7.0,0.4,1.8,0.7,957,15,Defender,0.6304347826086957,0.3793103448275862,0.0403726708074534,0.4117647058823529,0.0249999999999999,0.2285714285714286,46.8307783018868,67.44693396226415,53.05424528301887,52.16981132075472,54.083383566136746,True,False,Portugal
775539,Noussair Mazraoui,10260,Manchester United,ENG-Premier League,1.6,43.2,2.0,0.0,2.6,1.9,0.06,0.02,1.2,1.0,0.0,1.1,0.1,0.3,0.3,6.99,0.0,20.0,0.4,3.6,0.8,2848,37,Defender,0.7966101694915254,0.2340425531914893,0.037037037037037,0.6666666666666667,0.0149999999999999,0.095,39.76648351648352,49.4010989010989,62.085164835164825,79.81318681318682,53.94500019944315,False,False,Morocco
156008,Jordan Henderson,9937,Brentford,ENG-Premier League,3.7,42.3,6.0,0.0,1.4,2.2,0.13,0.02,0.7,3.0,0.06,0.8,0.1,0.4,0.2,6.76,0.0,14.0,0.4,1.3,0.2,1497,24,Midfielder,0.7500000000000001,0.3809523809523809,0.0874704491725768,0.2857142857142857,0.0173333333333333,0.1571428571428571,46.63915094339623,78.16627358490567,53.8561320754717,42.21108490566038,53.92301109721328,True,False,England
566158,Kevin Diks,9788,Borussia Mönchengladbach,GER-Bundesliga,3.0,54.4,0.0,0.0,5.1,0.9,0.05,0.19,0.7,0.0,0.17,0.9,0.4,0.7,0.1,6.99,0.0,4.0,0.7,1.8,0.4,1601,19,Defender,0.7941176470588235,0.3333333333333333,0.0551470588235294,0.5714285714285715,0.0395833333333333,0.225,53.11025943396226,46.014150943396224,63.55247641509435,54.758254716981135,53.91994234171111,True,False,Indonesia
901495,Albert Sambi Lokonga,9790,Hamburger SV,GER-Bundesliga,1.3,33.4,0.0,0.0,1.0,1.1,0.09,0.1,1.0,0.0,0.34,0.9,0.7,0.8,0.5,6.93,0.0,17.0,1.2,1.8,0.5,1056,16,Midfielder,0.7297297297297297,0.3333333333333333,0.0389221556886227,0.5,0.0473684210526315,0.0647058823529411,69.05955188679245,39.66981132075472,50.34198113207548,58.56721698113208,53.75212693410549,True,False,Belgium
921921,Kristian Thorstvedt,7943,Sassuolo,ITA-Serie A,0.5,29.7,3.0,0.0,1.6,1.2,0.08,0.21,1.4,2.0,0.13,1.2,0.5,0.3,0.4,6.95,0.0,23.0,1.6,1.6,0.5,1378,20,Midfielder,0.6666666666666667,0.4285714285714286,0.0168350168350168,0.3571428571428571,0.0579310344827586,0.0521739130434782,78.62617924528303,50.40094339622641,36.25589622641509,53.4876179245283,53.67538036506775,True,False,Norway
934156,Jurgen Ekkelenkamp,8600,Udinese,ITA-Serie A,0.3,20.5,3.0,0.0,1.4,1.5,0.09,0.19,0.9,1.0,0.18,0.6,0.7,0.2,0.3,6.88,0.0,21.0,1.4,1.9,0.6,1463,21,Midfielder,0.7352941176470589,0.24,0.0146341463414634,0.6666666666666666,0.0610714285714285,0.0714285714285714,73.20588413159167,50.454316124127445,43.73934791623471,46.868231218467066,53.63918454362705,True,False,Netherlands
789646,Jayden Bogle,8463,Leeds United,ENG-Premier League,1.0,22.0,2.0,0.0,2.2,1.2,0.05,0.08,1.1,1.0,0.04,1.1,0.1,0.2,0.5,6.6,0.0,10.0,0.5,2.1,0.5,2025,24,Defender,0.7441860465116278,0.34375,0.0454545454545454,0.4545454545454545,0.0307692307692307,0.12,50.79599056603773,51.43278301886792,48.37264150943396,69.37794811320754,53.57387715192909,True,False,England
682548,Ola Aina,10203,Nottingham Forest,ENG-Premier League,0.8,24.6,3.0,0.0,3.2,2.2,0.07,0.02,0.7,1.0,0.06,1.0,0.1,0.4,0.1,7.07,0.0,16.0,0.3,1.6,1.0,3003,35,Defender,0.787878787878788,0.3846153846153846,0.032520325203252,1.4285714285714286,0.0155555555555555,0.1375,39.43681318681318,62.18681318681319,64.2142857142857,55.62087912087912,53.47497659303281,False,False,Nigeria
988805,Pep Chavarria,8370,Rayo Vallecano,ESP-La Liga,1.9,37.5,3.0,0.0,2.7,2.1,0.1,0.02,1.2,2.0,0.05,1.2,0.1,0.6,0.0,6.84,0.0,16.0,0.7,1.9,0.6,1912,22,Defender,0.7209302325581395,0.3870967741935484,0.0506666666666666,0.5,0.0166666666666666,0.13125,47.47807813255927,61.94732704402515,55.23102840555671,50.58210225309282,53.37018886861811,True,False,Spain
928454,Josha Vagnoman,10269,VfB Stuttgart,GER-Bundesliga,0.8,29.2,3.0,0.0,2.4,1.9,0.12,0.19,1.1,3.0,0.06,0.2,0.7,0.1,0.1,6.99,0.0,16.0,1.2,1.9,0.4,1398,20,Defender,0.65625,0.0952380952380952,0.0273972602739726,0.3636363636363636,0.0735483870967741,0.11875,75.6305938558297,67.11299156818025,38.994777628032345,35.10602840555671,53.35054430542316,True,False,Germany
1173250,Arthur Theate,9810,Eintracht Frankfurt,GER-Bundesliga,3.2,60.7,1.0,0.0,5.9,1.2,0.06,0.04,0.6,0.0,0.05,1.3,0.2,0.6,0.3,6.76,0.0,11.0,0.5,1.6,0.2,1702,19,Defender,0.8285714285714285,0.4482758620689654,0.0527182866556836,0.3333333333333333,0.0239999999999999,0.109090909090909,47.476544681733365,51.61927223719676,54.57278491948304,64.0182199875596,53.29070289825647,True,False,Belgium
1157236,Yehor Yarmoliuk,9937,Brentford,ENG-Premier League,2.2,35.8,1.0,0.0,1.1,1.1,0.05,0.06,1.5,2.0,0.05,0.9,0.2,0.4,0.4,6.81,0.0,11.0,0.7,2.4,0.5,1880,26,Midfielder,0.6875,0.2727272727272727,0.0614525139664804,0.3333333333333333,0.0272727272727272,0.1,45.26029787822241,44.79926912709931,64.71995300297188,65.92732307001175,53.22376480040173,True,False,Ukraine
446266,Mario Pasalic,8524,Atalanta,ITA-Serie A,3.6,53.6,4.0,0.0,1.2,1.2,0.09,0.11,1.3,3.0,0.14,0.5,0.4,0.2,0.1,6.86,0.0,26.0,0.9,1.6,0.4,1242,20,Midfielder,0.6176470588235293,0.238095238095238,0.0671641791044776,0.3076923076923077,0.0494999999999999,0.0461538461538461,78.29033191651116,54.854594305066,54.930243105950645,27.56136827009469,53.20209412952219,True,False,Croatia
423812,Phillipp Mwene,9905,1. FSV Mainz 05,GER-Bundesliga,1.2,18.9,1.0,0.0,2.0,1.4,0.11,0.04,1.2,0.0,0.0,0.4,0.0,0.3,0.6,6.43,0.0,10.0,0.3,0.9,0.5,1113,17,Midfielder,0.52,0.3076923076923077,0.0634920634920634,0.4166666666666667,0.0293333333333333,0.1399999999999999,55.4891060197664,65.87199357246527,58.06312633906973,34.273364607091025,53.199061700159874,True,False,Austria
282281,Denis Suárez,9866,Alavés,ESP-La Liga,1.7,49.0,1.0,0.0,0.6,1.0,0.09,0.07,1.4,0.0,0.09,0.4,0.3,0.3,0.6,6.64,0.0,13.0,0.5,1.7,1.3,980,19,Midfielder,0.6,0.1904761904761904,0.0346938775510204,0.9285714285714288,0.039375,0.0769230769230769,60.67216981132076,45.22995283018868,70.28891509433961,37.4498820754717,53.108641525625,True,False,Spain
978680,Han-Noah Massengo,8406,FC Augsburg,GER-Bundesliga,1.0,36.6,3.0,0.0,1.8,1.2,0.06,0.05,0.8,1.0,0.1,1.4,0.2,0.3,0.7,7.05,0.0,13.0,0.7,1.7,1.0,1798,22,Midfielder,0.7948717948717949,0.4516129032258065,0.0273224043715847,1.25,0.0272727272727272,0.0923076923076923,42.42989321998756,50.047394429469904,60.9001615522842,67.49374956804202,53.10730608442266,True,False,France
844425,Marc Guehi,8456,Manchester City,ENG-Premier League,2.4,51.3,0.0,0.0,5.1,1.8,0.07,0.11,0.7,0.0,0.0,1.3,0.3,0.7,0.0,7.32,0.0,11.0,0.9,1.4,0.1,2160,24,Defender,0.7941176470588235,0.4814814814814814,0.0467836257309941,0.1428571428571428,0.0427777777777777,0.1636363636363636,58.84047359872832,56.45272651876426,44.245105916096485,52.84579532103117,53.07530222638694,True,False,England
1031325,Martin Zubimendi,9825,Arsenal,ENG-Premier League,1.7,53.7,1.0,0.0,2.3,1.8,0.07,0.1,1.0,1.0,0.2,1.3,0.4,0.2,0.2,7.28,0.0,15.0,0.9,1.8,0.2,2270,27,Midfielder,0.7560975609756099,0.4193548387096774,0.031657355679702,0.2,0.0411764705882353,0.12,60.57139401479024,48.405729490635146,41.98781014582901,64.58981702260003,52.931972727053214,True,False,Spain
1403692,Youssef Enriquez,9866,Alavés,ESP-La Liga,2.3,31.1,2.0,0.0,2.2,1.3,0.13,0.07,1.7,0.0,0.0,1.0,0.2,0.1,0.1,6.67,0.0,8.0,0.9,1.1,0.6,923,18,Defender,0.5526315789473685,0.4761904761904761,0.0739549839228295,0.3529411764705882,0.0455,0.1625,60.59846698113208,67.08136792452831,63.90330188679245,25.35377358490566,52.91494085328085,True,False,Morocco
240537,Danny da Costa,9905,1. FSV Mainz 05,GER-Bundesliga,2.7,28.5,3.0,0.0,5.6,1.9,0.09,0.04,0.9,1.0,0.05,1.0,0.2,0.6,0.1,6.8,0.0,12.0,0.4,1.4,0.4,1833,22,Defender,0.7272727272727273,0.4166666666666667,0.0947368421052631,0.4444444444444445,0.0276923076923076,0.1583333333333333,41.48673457046098,61.91232980855622,64.08039169949548,49.29476380537701,52.91252784991838,True,False,Germany
1002673,Jan Schöppner,94937,1. FC Heidenheim 1846,GER-Bundesliga,1.0,19.2,3.0,0.0,3.5,0.6,0.04,0.08,1.0,1.0,0.06,1.5,0.3,0.4,0.3,6.45,0.0,6.0,1.1,1.0,0.6,1426,20,Midfielder,0.7142857142857143,0.6,0.0520833333333333,0.6,0.0266666666666666,0.0999999999999999,51.92847639781602,47.561113414887,56.58145863570392,56.6173197871311,52.80719184806132,True,False,Germany
890263,Jordan Teze,9829,Monaco,FRA-Ligue 1,2.7,43.0,2.0,0.0,2.4,2.3,0.14,0.02,1.5,0.0,0.0,1.1,0.1,0.3,0.4,6.88,0.0,18.0,0.5,2.3,0.1,1527,21,Defender,0.693877551020408,0.3235294117647059,0.0627906976744186,0.0666666666666666,0.0175,0.1277777777777777,50.64858490566037,71.00825471698113,34.71992924528302,64.8054245283019,52.68225840892193,True,False,Netherlands
1398483,Lukas Ullrich,9788,Borussia Mönchengladbach,GER-Bundesliga,1.1,27.1,1.0,0.0,3.1,1.3,0.12,0.03,1.3,0.0,0.0,1.7,0.2,0.4,0.1,6.63,0.0,13.0,0.5,1.8,0.6,997,15,Defender,0.7291666666666667,0.4857142857142857,0.040590405904059,0.4615384615384615,0.024,0.1,48.871272202640135,59.44470073951207,50.34486661137604,53.53587411016656,52.65773297382661,True,False,Germany
846761,Zakaria Aboukhlal,9941,Toulouse,FRA-Ligue 1,0.1,10.0,2.0,0.0,0.4,2.0,0.09,0.48,1.7,2.0,0.33,0.3,1.4,0.0,0.8,6.81,0.0,12.0,3.0,1.0,0.8,1907,26,Midfielder,0.4333333333333333,0.2307692307692307,0.01,0.4705882352941177,0.0757894736842105,0.1666666666666666,74.05219780219781,63.89010989010988,45.99175824175824,29.35439560439561,52.653158258285885,False,False,Morocco
1280132,Nico González,8456,Manchester City,ENG-Premier League,1.9,67.7,1.0,0.0,2.6,1.0,0.07,0.04,1.8,0.0,0.07,1.4,0.1,0.4,0.7,7.17,0.0,8.0,0.8,2.4,0.7,1375,21,Midfielder,0.6785714285714286,0.3684210526315789,0.0280649926144756,0.3888888888888888,0.0254545454545454,0.125,42.68867924528301,51.06132075471698,53.48466981132076,73.48466981132074,52.651834278148506,True,False,Spain
1413963,Jacobo Ramon,10171,Como,ITA-Serie A,2.1,64.4,1.0,0.0,4.4,1.3,0.06,0.12,1.0,0.0,0.1,1.3,0.3,0.5,0.1,7.26,0.0,8.0,1.3,1.9,0.3,1888,22,Defender,0.7619047619047619,0.40625,0.0326086956521739,0.3,0.04,0.1625,57.17865566037736,54.01533018867924,40.96403301886792,61.3001179245283,52.58869329927122,True,False,Spain
1285784,Bradley Locko,8521,Brest,FRA-Ligue 1,1.9,25.2,2.0,0.0,1.7,0.9,0.08,0.01,0.7,1.0,0.0,0.8,0.1,0.0,0.3,6.74,0.0,7.0,0.2,3.9,0.9,1017,15,Defender,0.8703703703703703,0.1702127659574468,0.0753968253968253,1.2857142857142858,0.0088888888888888,0.1285714285714286,27.62382075471698,56.27948113207547,79.78183962264151,75.15035377358491,52.5575198254824,True,False,France
940829,Carlos Augusto,8636,Internazionale,ITA-Serie A,0.6,44.9,0.0,0.0,2.5,1.3,0.11,0.1,1.6,1.0,0.09,0.5,0.4,0.3,0.4,6.93,0.0,10.0,1.2,2.1,0.5,986,22,Midfielder,0.6190476190476191,0.1923076923076923,0.0133630289532293,0.3125,0.0523809523809523,0.13,65.76674701085078,57.99022911051213,40.60194208307416,45.82654727348123,52.55339096491935,True,False,Brazil
1018564,Nicolas Capaldo,9790,Hamburger SV,GER-Bundesliga,1.0,27.0,2.0,0.0,3.0,1.3,0.08,0.07,1.3,1.0,0.06,2.0,0.3,0.3,0.1,7.04,0.0,10.0,0.9,3.1,0.3,1438,18,Defender,0.796875,0.3921568627450981,0.037037037037037,0.2307692307692307,0.0373333333333333,0.13,55.99941037735849,59.55188679245283,30.75176886792453,79.49292452830188,52.5063873590884,True,False,Argentina
992060,Tom Krauss,8722,1. FC Köln,GER-Bundesliga,1.9,38.3,2.0,0.0,2.8,1.0,0.07,0.03,1.3,1.0,0.0,1.6,0.1,0.4,0.5,7.04,0.0,9.0,0.6,3.3,0.4,1209,18,Midfielder,0.7903225806451614,0.3265306122448979,0.0496083550913838,0.3076923076923077,0.021,0.1111111111111111,39.25412735849056,52.93632075471698,48.20459905660377,88.89150943396227,52.43825261083014,True,False,Germany
266520,Christian Nørgaard,9937,Brentford,ENG-Premier League,2.1,36.7,3.0,0.0,2.0,1.4,0.04,0.14,1.4,4.0,0.16,1.6,0.5,0.6,0.4,7.24,0.0,18.0,1.2,2.5,0.2,2829,34,Midfielder,0.7454545454545454,0.3902439024390244,0.0572207084468664,0.1428571428571428,0.0311111111111111,0.0777777777777777,58.777472527472526,42.20879120879121,40.71153846153847,79.13186813186813,52.38580996748701,False,False,Denmark
239920,Matt Doherty,8602,Wolverhampton Wanderers,ENG-Premier League,3.2,43.9,4.0,0.0,4.0,1.2,0.05,0.04,0.8,1.0,0.09,0.9,0.1,0.6,0.3,6.89,0.0,12.0,0.4,1.6,0.5,2113,30,Defender,0.7575757575757576,0.36,0.0728929384965831,0.625,0.0222222222222222,0.0999999999999999,41.23626373626374,48.98351648351648,70.49725274725274,56.12637362637363,52.3567556722491,False,False,Ireland
967871,Iván Martin,7732,Girona,ESP-La Liga,2.4,43.8,1.0,0.0,1.0,0.9,0.04,0.04,1.2,1.0,0.0,0.6,0.1,0.1,0.3,7.0,0.0,14.0,0.4,2.4,1.0,1801,22,Midfielder,0.7142857142857143,0.1999999999999999,0.0547945205479452,0.8333333333333334,0.02,0.0642857142857143,49.71443257999861,40.948951206026685,74.2290457184325,49.70003110097449,52.35042879315782,True,False,Spain
1080917,Omar Traoré,94937,1. FC Heidenheim 1846,GER-Bundesliga,2.0,27.2,3.0,0.0,1.6,1.3,0.1,0.02,1.4,2.0,0.0,0.7,0.1,0.1,0.2,6.3,0.0,12.0,0.6,1.2,0.8,1199,20,Midfielder,0.5757575757575758,0.3684210526315789,0.0735294117647058,0.5714285714285715,0.0166666666666666,0.1083333333333333,43.63985071532242,63.43936173889004,74.66222613864123,34.55860805860806,52.30475355367593,True,False,Germany
1276315,Dermane Karim,8689,Lorient,FRA-Ligue 1,1.3,30.6,1.0,0.0,0.3,0.7,0.07,0.09,1.6,2.0,0.1,0.8,0.2,0.2,0.7,6.66,0.0,10.0,1.2,1.7,1.4,914,20,Midfielder,0.6097560975609757,0.32,0.0424836601307189,0.8749999999999999,0.039375,0.0699999999999999,58.03360849056604,38.18985849056604,69.49587264150944,46.28242924528302,52.25933358550789,True,False,Togo
1097497,Darlin Yongwa,8689,Lorient,FRA-Ligue 1,1.8,40.5,2.0,0.0,2.4,1.1,0.11,0.02,1.0,0.0,0.0,1.0,0.1,0.1,0.1,6.6,0.0,8.0,0.6,2.0,0.6,902,16,Defender,0.75,0.3333333333333333,0.0444444444444444,0.6,0.0169230769230769,0.1375,38.28125,62.12853773584906,60.5689858490566,55.61615566037735,52.218138384400326,True,False,Cameroon
975242,Simon Sohm,10167,Parma,ITA-Serie A,1.2,31.3,2.0,0.0,1.1,2.1,0.06,0.09,0.6,0.0,0.12,0.8,0.4,0.1,0.2,6.66,0.0,20.0,1.0,0.8,0.5,2999,37,Midfielder,0.7272727272727273,0.5,0.0383386581469648,0.8333333333333334,0.036,0.105,60.94780219780219,53.06043956043956,55.19505494505495,37.7032967032967,52.171224890060685,False,False,Switzerland
307209,Lukas Kübler,8358,Sport-Club Freiburg,GER-Bundesliga,1.7,30.7,2.0,0.0,3.6,1.3,0.1,0.23,1.1,1.0,0.15,2.1,0.3,0.4,0.2,6.92,0.0,8.0,1.3,2.4,0.1,1213,16,Defender,0.8035714285714286,0.4666666666666667,0.0553745928338762,0.0909090909090909,0.0696969696969697,0.1625,66.03561925495887,56.39278802958048,26.71054063860668,76.69277852650494,52.16280440513042,True,False,Germany
559065,Ramy Bensebaini,9789,Borussia Dortmund,GER-Bundesliga,3.2,65.7,0.0,0.0,5.3,1.5,0.14,0.07,1.9,0.0,0.19,0.9,0.4,0.5,0.2,7.53,0.0,5.0,0.8,1.5,0.2,948,13,Defender,0.5581395348837209,0.375,0.0487062404870624,0.1052631578947368,0.0466666666666666,0.3,58.65779856935518,64.56667703365817,38.88725032828807,47.9198761144516,52.06606822979212,True,False,Algeria
598355,Denis Zakaria,9829,Monaco,FRA-Ligue 1,1.3,42.5,1.0,0.0,2.5,0.6,0.06,0.06,1.1,1.0,0.09,1.6,0.1,0.5,0.1,6.96,0.0,4.0,0.8,1.5,0.4,954,12,Midfielder,0.7380952380952381,0.5161290322580645,0.0305882352941176,0.3636363636363636,0.03,0.15,51.96825972769369,53.716471421660096,46.26793057571359,58.144917582417584,52.05598779965842,True,False,Switzerland
1173678,Johnny Cardoso,8603,Real Betis,ESP-La Liga,1.5,39.9,2.0,0.0,2.6,0.8,0.03,0.09,1.6,1.0,0.13,2.0,0.3,0.5,0.5,7.07,0.0,9.0,0.8,2.3,1.1,2143,28,Midfielder,0.7288135593220338,0.4651162790697674,0.037593984962406,0.6875,0.0225,0.0888888888888888,43.9010989010989,35.967032967032964,66.04670329670328,78.74450549450549,51.99069330330439,False,False,USA
1225450,Mika Mármol,8306,Las Palmas,ESP-La Liga,2.7,37.0,1.0,0.0,4.3,2.0,0.08,0.02,1.2,1.0,0.0,1.4,0.0,0.5,0.0,6.74,0.0,16.0,0.4,2.3,0.3,2398,30,Defender,0.7551020408163266,0.3783783783783784,0.0729729729729729,0.25,0.016,0.125,41.25,55.472527472527474,53.04395604395605,65.33516483516483,51.86030292073551,False,False,Spain
623716,Josh Cullen,8191,Burnley,ENG-Premier League,2.5,43.1,4.0,0.0,2.1,1.4,0.08,0.05,0.9,2.0,0.12,1.3,0.4,0.7,0.2,6.89,0.0,13.0,0.7,1.8,0.1,1519,18,Midfielder,0.775,0.4193548387096774,0.0580046403712296,0.1111111111111111,0.0307692307692307,0.1076923076923076,53.56721698113208,61.928066037735846,34.920400943396224,64.5754716981132,51.81135225202373,True,False,Ireland
673356,Pablo Maffeo,8661,Mallorca,ESP-La Liga,1.4,22.0,0.0,0.0,3.4,0.8,0.04,0.01,0.9,0.0,0.06,1.2,0.1,0.8,0.2,6.97,0.0,8.0,0.2,2.4,1.4,1626,19,Defender,0.7999999999999999,0.3333333333333333,0.0636363636363636,1.5555555555555554,0.008,0.1,30.286474531757552,49.051161103047896,80.83227935586426,71.05392131453453,51.79057781141348,True,False,Argentina
1281090,Philipp Treu,8358,Sport-Club Freiburg,GER-Bundesliga,1.1,26.2,1.0,0.0,1.5,0.9,0.06,0.05,0.8,1.0,0.07,0.3,0.2,0.3,0.2,6.72,0.0,12.0,0.7,1.9,0.8,1352,18,Defender,0.7333333333333333,0.1363636363636363,0.0419847328244274,1.0,0.0272727272727272,0.075,50.917370758172645,48.95464441219158,59.07169206579584,48.09244332711314,51.73309806516531,True,False,Germany
924431,Gianluca Busio,7881,Venezia,ITA-Serie A,1.2,24.5,1.0,0.0,1.7,1.8,0.06,0.09,0.9,0.0,0.07,0.7,0.2,0.3,0.3,6.76,0.0,28.0,1.3,1.6,0.5,2524,33,Midfielder,0.71875,0.3043478260869565,0.0489795918367346,0.5555555555555556,0.036,0.0642857142857143,64.8489010989011,40.11538461538461,53.85989010989013,47.6510989010989,51.62136406017396,False,False,USA
577911,Rolando Mandragora,8535,Fiorentina,ITA-Serie A,1.5,31.1,2.0,0.0,1.3,2.1,0.1,0.2,1.3,1.0,0.3,0.5,0.6,0.3,0.4,6.99,0.0,25.0,2.5,1.7,0.1,1793,25,Midfielder,0.6285714285714287,0.2272727272727272,0.0482315112540192,0.0769230769230769,0.0666666666666666,0.084,82.21138727624577,61.81697076508397,33.46735261593752,34.989192411362225,51.54643642852369,True,False,Italy
921594,Domagoj Bradaric,9876,Verona,ITA-Serie A,0.7,18.8,4.0,0.0,1.9,1.9,0.11,0.03,0.4,0.0,0.0,0.4,0.3,0.1,0.3,6.57,0.0,17.0,0.5,1.4,0.2,1539,20,Midfielder,0.8181818181818182,0.2222222222222222,0.0372340425531914,0.5,0.0235714285714285,0.1117647058823529,54.021982341557816,64.92978091091298,42.72948199599143,45.48764600179695,51.53980117596681,True,False,Croatia
1664716,Dayann Methalie,9941,Toulouse,FRA-Ligue 1,0.5,16.5,1.0,0.0,1.6,1.1,0.08,0.04,2.6,0.0,0.0,0.8,0.4,0.2,0.4,6.55,0.0,6.0,0.7,2.7,1.5,1214,18,Midfielder,0.5737704918032788,0.2285714285714286,0.0303030303030303,0.5769230769230769,0.0266666666666666,0.1833333333333333,42.27594339622642,57.0872641509434,57.33490566037735,53.145636792452834,51.4826742992032,True,False,France
179873,Loic Nego,9746,Le Havre,FRA-Ligue 1,1.8,29.3,2.0,0.0,3.6,1.0,0.05,0.03,0.8,0.0,0.0,1.3,0.2,0.3,0.2,6.91,0.0,10.0,0.7,1.7,0.6,1757,21,Defender,0.7894736842105263,0.4333333333333333,0.0614334470989761,0.7499999999999999,0.01875,0.1,37.61261144515861,48.07121259243901,66.96441530167944,64.45574590503836,51.44991523618514,True,False,Hungary
940573,Eric Garcia,8634,Barcelona,ESP-La Liga,2.4,67.5,1.0,0.0,2.7,1.3,0.06,0.13,1.2,1.0,0.05,1.6,0.3,0.3,0.2,7.37,0.0,24.0,1.0,2.5,0.1,1905,24,Defender,0.7735849056603773,0.3902439024390244,0.0355555555555555,0.0833333333333333,0.0410526315789473,0.0541666666666666,68.30547204367959,48.56451724376253,29.976484207616284,70.50250103669916,51.37507828189696,True,False,Spain
684983,Atakan Karazor,10269,VfB Stuttgart,GER-Bundesliga,0.8,42.3,3.0,0.0,2.7,1.4,0.1,0.04,0.9,0.0,0.0,0.8,0.1,0.3,0.4,7.04,0.0,9.0,0.3,1.7,0.3,1344,20,Midfielder,0.7352941176470589,0.32,0.0189125295508274,0.3333333333333333,0.0285714285714285,0.1555555555555555,52.63384217983275,67.60786854654779,34.97910619254959,56.8126987006704,51.37124535467333,True,False,Turkiye
1112702,Arkadiusz Pyrka,8152,FC St. Pauli,GER-Bundesliga,1.1,25.2,5.0,0.0,2.7,1.2,0.07,0.03,0.7,1.0,0.0,0.9,0.2,0.5,0.5,6.87,0.0,16.0,0.7,1.2,0.6,1502,19,Midfielder,0.7500000000000001,0.4285714285714285,0.0436507936507936,0.8571428571428572,0.021,0.075,45.57783018867924,53.33136792452829,58.33431603773585,50.0,51.36257672688897,True,False,Poland
291635,Pedro Bigas,10268,Elche,ESP-La Liga,3.7,65.3,4.0,0.0,3.9,1.1,0.07,0.04,1.0,2.0,0.0,1.4,0.1,0.7,0.0,7.06,0.0,10.0,0.5,1.9,0.2,1331,17,Defender,0.7674418604651163,0.4242424242424242,0.0566615620214395,0.2,0.0254545454545454,0.11,45.10613207547169,58.53183962264151,46.3561320754717,59.93219339622641,51.30710992607322,True,False,Spain
80295,Yuri Berchiche,8315,Athletic Club,ESP-La Liga,2.1,41.9,2.0,0.0,3.7,1.5,0.08,0.02,0.9,2.0,0.0,1.3,0.2,0.1,0.3,7.07,0.0,19.0,0.7,1.5,0.3,1755,21,Defender,0.7567567567567568,0.4642857142857143,0.0501193317422434,0.3333333333333333,0.016,0.0789473684210526,44.7698095929228,56.13149664800608,48.18643738337133,60.43793627755892,51.23778648464688,True,False,Spain
614207,Maxime Lopez,6379,Paris FC,FRA-Ligue 1,3.5,73.8,12.0,0.0,0.5,3.9,0.21,0.02,1.4,3.0,0.0,0.4,0.3,0.2,0.4,7.04,0.0,38.0,0.4,1.0,0.4,1686,20,Midfielder,0.5,0.2857142857142857,0.0474254742547425,0.2857142857142857,0.0182608695652173,0.1026315789473684,60.24469339622641,83.79127358490567,54.37205188679245,20.067806603773587,51.1822353505848,True,False,France
360918,Jonny Otto,9866,Alavés,ESP-La Liga,1.5,46.3,2.0,0.0,1.9,1.3,0.06,0.02,1.1,0.0,0.0,1.4,0.1,0.4,0.2,6.95,0.0,12.0,0.3,2.1,0.8,2008,23,Defender,0.7608695652173914,0.3999999999999999,0.0323974082073434,0.7272727272727273,0.0149999999999999,0.1083333333333333,35.24469339622642,53.04245283018868,60.61615566037736,69.29834905660378,51.17710274107729,True,False,Spain
1199947,Leopold Querfeld,8149,1. FC Union Berlin,GER-Bundesliga,4.7,32.5,3.0,0.0,6.9,1.5,0.07,0.15,1.5,0.0,0.09,1.2,0.4,0.8,0.0,7.03,0.0,17.0,1.1,1.7,0.1,1980,22,Defender,0.6590909090909091,0.4137931034482758,0.1446153846153846,0.0666666666666666,0.0477272727272727,0.088235294117647,62.72442376805585,52.9420053217223,45.84891405764048,41.31872451447923,51.13788305799967,True,False,Austria
414906,Giovanni Di Lorenzo,9875,Napoli,ITA-Serie A,1.3,49.7,3.0,0.0,1.8,2.7,0.12,0.08,1.4,1.0,0.04,0.4,0.4,0.3,0.1,7.16,0.0,14.0,1.0,1.9,0.4,2010,23,Defender,0.6216216216216216,0.1739130434782609,0.0261569416498993,0.2857142857142857,0.0479999999999999,0.1928571428571428,69.66512457668118,73.71366369479577,32.59784280185223,35.58307847812565,51.09019303811208,True,False,Italy
914458,Aurélien Tchouaméni,8633,Real Madrid,ESP-La Liga,1.9,59.6,4.0,0.0,2.0,2.4,0.12,0.08,1.0,0.0,0.0,1.2,0.2,0.5,0.3,7.42,0.0,18.0,1.2,2.5,0.0,1735,21,Midfielder,0.7872340425531915,0.3243243243243243,0.0318791946308724,0.0,0.0479999999999999,0.1333333333333333,58.54646140023498,65.952752436243,25.44885617527127,72.14946178035801,51.06485611068382,True,False,France
1238154,Pablo Ibánez,9866,Alavés,ESP-La Liga,0.9,36.1,1.0,0.0,1.4,1.0,0.06,0.22,1.6,1.0,0.06,0.8,0.6,0.4,0.5,6.7,0.0,12.0,2.0,1.9,1.7,1449,24,Midfielder,0.6279069767441859,0.2962962962962963,0.0249307479224376,1.0625,0.0471428571428571,0.0833333333333333,58.633716912018805,36.64664973391388,63.199288133250384,47.88184221438939,51.01113819733136,True,False,Spain
729731,Matty Cash,10252,Aston Villa,ENG-Premier League,1.8,34.5,3.0,0.0,2.9,2.3,0.1,0.04,1.2,2.0,0.13,0.6,0.4,0.4,0.1,7.12,0.0,21.0,1.0,1.8,0.3,2134,24,Defender,0.6666666666666667,0.25,0.0521739130434782,0.25,0.0285714285714285,0.1095238095238095,49.53054806828391,62.05200774068698,47.69477417236851,45.23922696800056,50.976690144445065,True,False,Poland
942381,Jurrien Timber,9825,Arsenal,ENG-Premier League,0.8,34.6,4.0,0.0,1.7,1.3,0.05,0.18,1.4,3.0,0.08,0.9,0.2,0.2,0.2,7.21,0.0,21.0,0.9,2.4,0.5,2182,26,Defender,0.7021276595744681,0.2727272727272727,0.0231213872832369,0.3571428571428571,0.0391304347826087,0.0619047619047619,61.53936865021771,44.22155124749465,43.20756444813048,56.345613898679936,50.95846926389162,True,False,Netherlands
951918,Philipp Sander,9788,Borussia Mönchengladbach,GER-Bundesliga,2.3,41.9,0.0,0.0,3.8,1.4,0.09,0.05,1.0,0.0,0.07,1.7,0.3,0.3,0.2,6.82,0.0,5.0,1.0,2.9,0.1,1378,18,Midfielder,0.8214285714285714,0.3695652173913044,0.0548926014319809,0.1,0.0321428571428571,0.2799999999999999,48.9604283295321,48.60637397194001,39.06102270371139,79.96809126408182,50.95022627090089,True,False,Germany
771294,Ismaila Sarr,9826,Crystal Palace,ENG-Premier League,0.3,14.2,3.0,0.0,1.4,0.6,0.04,0.41,0.6,1.0,0.33,0.5,0.7,0.1,0.5,6.94,0.0,14.0,1.8,0.7,0.5,1370,16,Midfielder,0.6666666666666667,0.4166666666666667,0.0211267605633802,0.8333333333333334,0.0364444444444444,0.0428571428571428,74.047143893842,55.14592404450895,47.80668152602115,28.402645310664173,50.90667781929763,True,False,Senegal
275034,Silvan Widmer,9905,1. FSV Mainz 05,GER-Bundesliga,1.2,20.1,2.0,0.0,3.3,0.9,0.07,0.17,0.9,0.0,0.15,0.8,0.2,0.5,0.2,6.78,0.0,3.0,1.3,2.2,0.2,1170,17,Midfielder,0.7692307692307693,0.2666666666666666,0.0597014925373134,0.2222222222222222,0.0495833333333333,0.3,56.8691037735849,58.278301886792455,34.14504716981132,59.90271226415094,50.89332952057864,True,False,Switzerland
942193,Mikael Egill Ellertsson,10233,Genoa,ITA-Serie A,0.4,15.1,5.0,0.0,1.2,1.5,0.08,0.09,0.9,1.0,0.05,0.6,0.3,0.2,0.3,6.54,0.0,12.0,0.8,1.3,0.4,1745,24,Midfielder,0.6785714285714286,0.3157894736842105,0.0264900662251655,0.4444444444444445,0.0423529411764705,0.125,58.49527437970835,62.10020561199807,41.48784038288755,41.15409668947405,50.78931039420859,True,False,Iceland
1323398,Abel Bretones,8371,Osasuna,ESP-La Liga,1.4,20.4,0.0,0.0,2.7,0.9,0.06,0.04,0.8,0.0,0.07,1.0,0.2,0.3,0.1,6.84,0.0,9.0,0.7,2.0,0.8,1383,20,Defender,0.7894736842105263,0.3333333333333333,0.0686274509803921,1.0,0.0239999999999999,0.1,40.80873332642201,41.68324521390559,69.81968778077268,60.260790310318605,50.72449774032486,True,False,Spain
1107280,Pape Sarr,8586,Tottenham Hotspur,ENG-Premier League,1.2,35.5,2.0,0.0,3.4,0.9,0.09,0.11,2.2,3.0,0.19,0.8,0.5,0.6,0.4,6.78,0.0,6.0,0.8,1.9,0.6,930,17,Midfielder,0.5510204081632653,0.2962962962962963,0.0338028169014084,0.2727272727272727,0.0494999999999999,0.15,59.48782742414818,49.387535420554286,41.11165249844496,53.4390377704057,50.675230215969485,True,False,Senegal
879065,Antonino Gallo,9888,Lecce,ITA-Serie A,2.2,25.8,0.0,0.0,3.5,1.2,0.05,0.02,0.2,1.0,0.0,0.4,0.0,0.1,0.0,6.91,0.0,21.0,0.2,2.2,0.4,2039,25,Defender,0.9285714285714284,0.1538461538461538,0.0852713178294573,2.0,0.0142857142857142,0.0571428571428571,42.17717620429884,41.59069389729768,71.05900114036906,55.95667893427327,50.66959725535914,True,False,Italy
807148,Luca Pellegrini,8543,Lazio,ITA-Serie A,1.5,38.9,1.0,0.0,1.9,0.7,0.06,0.04,1.5,0.0,0.0,1.2,0.2,0.5,0.0,6.58,0.0,9.0,0.4,1.7,0.6,1083,19,Defender,0.6590909090909091,0.4137931034482758,0.0385604113110539,0.3999999999999999,0.0239999999999999,0.0777777777777777,50.01203002971872,45.19490807934204,59.04432752781809,49.18410912986385,50.65872194482968,True,False,Italy
1367619,Dean Huijsen,8633,Real Madrid,ESP-La Liga,4.7,64.5,1.0,0.0,5.4,1.0,0.07,0.12,0.9,2.0,0.07,1.1,0.2,0.7,0.1,7.31,0.0,9.0,1.0,1.5,0.1,1374,18,Defender,0.7428571428571429,0.4230769230769231,0.0728682170542635,0.1111111111111111,0.0442105263157894,0.1111111111111111,58.57427949409082,50.60857695763357,43.21511939318543,49.75145137880987,50.65685206634122,True,False,Spain
795371,Ibrahim Sangaré,10203,Nottingham Forest,ENG-Premier League,1.6,36.3,1.0,0.0,2.3,1.3,0.09,0.07,1.7,2.0,0.14,1.0,0.3,0.8,0.2,6.91,0.0,6.0,0.9,2.6,0.3,1320,18,Midfielder,0.679245283018868,0.2777777777777778,0.0440771349862259,0.1764705882352941,0.039375,0.2166666666666666,53.13974056603774,59.72287735849056,36.0878537735849,58.38443396226415,50.61283777613417,True,False,Ivory Coast
535936,Joelinton,10261,Newcastle United,ENG-Premier League,0.6,31.9,3.0,0.0,2.2,1.0,0.06,0.12,1.7,0.0,0.13,1.2,0.6,0.2,0.5,6.99,0.0,12.0,1.4,2.0,0.4,1366,19,Midfielder,0.6530612244897959,0.3749999999999999,0.018808777429467,0.2352941176470588,0.04,0.0833333333333333,66.15812253783952,51.77234950584008,31.525826767572045,58.938307761420965,50.517933150123504,True,False,Brazil
1343053,Abdoul Ouattara,9848,Strasbourg,FRA-Ligue 1,0.2,33.3,4.0,0.0,1.4,0.8,0.07,0.14,0.6,0.0,0.16,0.7,0.3,0.0,0.2,6.72,0.0,4.0,1.2,1.4,0.4,1124,18,Midfielder,0.7777777777777777,0.3333333333333333,0.006006006006006,0.6666666666666667,0.0466666666666666,0.2,56.4563679245283,62.72405660377359,39.20695754716981,44.71108490566038,50.50056559582431,True,False,France
773991,Ryan Sessegnon,9879,Fulham,ENG-Premier League,1.0,26.4,3.0,0.0,3.3,1.7,0.11,0.06,1.7,1.0,0.13,1.0,0.2,0.4,0.2,6.55,0.0,10.0,0.6,2.3,0.3,1421,19,Defender,0.6599999999999999,0.303030303030303,0.0378787878787878,0.1764705882352941,0.0388235294117647,0.1699999999999999,57.783018867924525,70.14150943396226,29.13325471698113,54.17158018867924,50.45281441615242,True,False,England
941656,Samuele Ricci,8564,Milan,ITA-Serie A,2.4,40.2,4.0,0.0,1.9,1.4,0.13,0.12,0.6,3.0,0.09,0.6,0.6,0.4,0.4,6.81,0.0,14.0,1.3,0.9,0.3,981,21,Midfielder,0.7142857142857143,0.3999999999999999,0.0597014925373134,0.5,0.0624,0.0999999999999999,63.69192324970626,53.62379051765845,50.32588205819337,32.9404243555187,50.414837674248936,True,False,Italy
1288119,Ismael Kone,7943,Sassuolo,ITA-Serie A,1.9,29.5,1.0,0.0,1.1,1.3,0.07,0.14,0.9,0.0,0.2,0.5,0.4,0.2,0.3,6.91,0.0,18.0,0.8,0.9,1.0,1772,22,Midfielder,0.6086956521739131,0.3571428571428571,0.0644067796610169,1.1111111111111112,0.0466666666666666,0.0722222222222222,70.3125,43.91509433962264,78.94162735849056,20.734080188679247,50.39955367512909,True,False,Canada
1336582,Maximo Perrone,10171,Como,ITA-Serie A,2.0,66.6,3.0,0.0,0.8,2.0,0.1,0.06,1.5,3.0,0.1,0.8,0.2,0.1,0.2,7.18,0.0,23.0,0.5,1.8,0.4,1845,23,Midfielder,0.6341463414634148,0.3076923076923077,0.03003003003003,0.2666666666666666,0.0375,0.0869565217391304,63.04575730872901,55.949184463335406,37.71593147418619,45.38884425323104,50.39253826323938,True,False,Argentina
1137667,Piero Hincapié,9825,Arsenal,ENG-Premier League,1.4,44.0,0.0,0.0,4.4,1.0,0.08,0.02,0.7,1.0,0.07,1.3,0.1,0.4,0.1,7.1,0.0,8.0,0.1,1.9,0.3,1218,17,Defender,0.8205128205128205,0.40625,0.0318181818181818,0.4285714285714286,0.016,0.125,46.78938592853688,57.20216497339138,40.03282448683392,63.798953797774544,50.34589778224728,True,False,Ecuador
713924,Sergio Akieme,9837,Reims,FRA-Ligue 1,0.8,27.5,5.0,0.0,3.0,2.5,0.09,0.05,0.9,3.0,0.07,0.6,0.2,0.3,0.2,6.73,0.0,21.0,0.9,1.2,0.5,2526,30,Defender,0.6666666666666666,0.3333333333333333,0.029090909090909,0.5555555555555556,0.0321428571428571,0.119047619047619,58.667582417582416,67.68131868131869,46.09065934065935,30.722527472527464,50.29574888854918,False,False,Equatorial Guinea
949731,Gabriele Zappa,8529,Cagliari,ITA-Serie A,1.7,41.9,3.0,0.0,2.7,1.4,0.09,0.03,0.8,3.0,0.0,1.0,0.0,0.1,0.1,6.68,0.0,9.0,0.6,1.7,0.2,1306,22,Defender,0.7714285714285715,0.3703703703703703,0.0405727923627685,0.25,0.0225,0.1555555555555555,45.2401470384961,68.24004768816089,44.11245594028613,47.41196264427396,50.29038134861104,True,False,Italy
784241,Manu Morlanes,8661,Mallorca,ESP-La Liga,2.2,42.8,1.0,0.0,1.2,0.9,0.08,0.06,1.2,0.0,0.09,1.0,0.1,0.2,0.3,6.75,0.0,11.0,0.4,3.2,0.4,953,18,Midfielder,0.7777777777777778,0.238095238095238,0.0514018691588785,0.3333333333333333,0.0342857142857142,0.0818181818181818,49.59534176515309,38.34601561960052,46.24478626719193,79.39073190959984,50.20904751443705,True,False,Spain
1155130,Luca Netz,9788,Borussia Mönchengladbach,GER-Bundesliga,1.0,26.1,4.0,0.0,3.6,1.5,0.15,0.0,0.8,2.0,0.0,0.5,0.0,0.5,0.3,6.84,0.0,10.0,0.2,1.5,0.9,938,15,Defender,0.7142857142857143,0.25,0.0383141762452107,1.125,0.001,0.15,36.98553804685881,64.74377980510057,58.34252971870895,47.44993607021909,50.11324610323864,True,False,Germany
824635,Diogo Leite,8149,1. FC Union Berlin,GER-Bundesliga,3.6,31.8,0.0,0.0,6.2,0.6,0.04,0.07,1.3,0.0,0.0,1.7,0.1,0.4,0.0,6.94,0.0,3.0,0.6,1.3,0.3,1361,16,Defender,0.6976744186046512,0.5666666666666667,0.1132075471698113,0.2307692307692307,0.0254545454545454,0.1999999999999999,41.615544439836896,48.91332331190822,59.46029874213836,54.85571739581173,50.065045881542055,True,False,Portugal
1080983,Ilia Gruev,8463,Leeds United,ENG-Premier League,1.5,37.6,2.0,0.0,1.0,0.8,0.07,0.03,0.7,3.0,0.0,1.1,0.1,0.4,0.4,6.82,0.0,10.0,0.4,1.8,0.5,1022,17,Midfielder,0.8055555555555556,0.3793103448275862,0.0398936170212765,0.7142857142857143,0.021,0.08,40.53655660377358,44.534198113207545,56.114386792452834,68.82665094339623,50.04346222378274,True,False,Bulgaria
1254218,Hugo Sotelo,9910,Celta de Vigo,ESP-La Liga,3.2,61.6,4.0,0.0,1.3,1.6,0.15,0.01,1.8,1.0,0.0,1.2,0.1,0.7,0.2,6.99,0.0,20.0,0.2,2.3,0.0,911,14,Midfielder,0.6603773584905661,0.3428571428571428,0.0519480519480519,0.0,0.009375,0.08,45.30077234086668,64.36276695003109,42.63213594581519,51.83274587048172,50.04324632410923,True,False,Spain
1203512,Tim Iroegbunam,8668,Everton,ENG-Premier League,0.7,24.8,3.0,0.0,0.5,0.6,0.06,0.04,1.6,2.0,0.0,1.5,0.0,0.7,0.4,6.77,0.0,5.0,0.7,4.1,0.7,939,19,Midfielder,0.7777777777777778,0.2678571428571428,0.0282258064516129,0.4374999999999999,0.0239999999999999,0.12,36.77771226415095,51.3502358490566,45.87853773584906,85.57783018867926,50.0248355798694,True,False,England
1226189,Martim Neto,10268,Elche,ESP-La Liga,0.7,35.5,3.0,0.0,0.9,1.5,0.13,0.07,1.2,4.0,0.17,0.2,0.3,0.1,0.3,6.78,0.0,20.0,1.0,1.1,1.5,1076,20,Midfielder,0.52,0.1538461538461538,0.0197183098591549,1.25,0.0455,0.075,70.85790094339623,59.57547169811321,62.92747641509433,17.744693396226417,49.935239376016106,True,False,Portugal
586474,Kingsley Ehizibue,8600,Udinese,ITA-Serie A,0.9,19.7,3.0,0.0,2.1,1.8,0.07,0.04,1.2,1.0,0.0,0.8,0.1,0.5,0.4,6.75,0.0,22.0,0.5,2.0,0.4,2510,33,Midfielder,0.7,0.2857142857142857,0.0456852791878172,0.3333333333333333,0.0254545454545454,0.0818181818181818,52.15659340659341,50.96703296703296,42.417582417582416,55.75824175824175,49.90722191532212,False,False,Netherlands
642534,Jonas Föhrenbach,94937,1. FC Heidenheim 1846,GER-Bundesliga,0.7,20.5,3.0,0.0,3.2,2.6,0.14,0.03,0.7,1.0,0.05,1.1,0.1,0.2,0.2,6.55,0.0,20.0,0.2,1.7,0.1,1652,19,Defender,0.7999999999999999,0.3928571428571429,0.0341463414634146,0.1428571428571428,0.0247058823529411,0.13,51.0921625544267,71.04800780980027,29.317700774068697,60.071346499412535,49.87813566328338,True,False,Germany
1393669,Quilindschy Hartman,8191,Burnley,ENG-Premier League,1.5,26.2,4.0,0.0,3.4,1.5,0.1,0.01,0.5,4.0,0.0,1.3,0.1,0.1,0.0,6.8,0.0,16.0,0.4,2.1,0.2,1339,15,Defender,0.8717948717948718,0.3823529411764705,0.0572519083969465,0.4,0.009090909090909,0.09375,38.605542452830186,61.57429245283018,42.88325471698113,67.90094339622642,49.86454399702505,True,False,Netherlands
1130583,Samu,8661,Mallorca,ESP-La Liga,2.8,33.0,0.0,0.0,3.4,0.8,0.04,0.1,2.5,0.0,0.22,1.0,0.5,0.6,0.4,6.91,0.0,10.0,1.1,2.1,0.5,1607,21,Midfielder,0.5535714285714286,0.3225806451612903,0.0848484848484848,0.2,0.0285714285714285,0.08,50.8161198078651,39.08037010159652,56.74183599419448,55.2698139125026,49.746618322349846,True,False,Portugal
215151,Marcel Sabitzer,9789,Borussia Dortmund,GER-Bundesliga,1.5,33.3,2.0,0.0,2.2,1.0,0.1,0.08,1.0,1.0,0.1,1.2,0.3,0.1,0.6,6.93,0.0,8.0,1.2,1.2,0.1,939,15,Midfielder,0.7058823529411765,0.5,0.045045045045045,0.1,0.0444444444444444,0.125,60.8049752920036,59.31595134425324,30.234514306448265,54.04286750984864,49.56191014445157,True,False,Austria
443966,Jeremy Toljan,8581,Levante,ESP-La Liga,1.6,23.5,8.0,0.0,2.5,2.3,0.11,0.04,1.0,3.0,0.05,1.0,0.0,0.6,0.2,6.57,0.0,19.0,0.3,2.0,0.0,1982,23,Defender,0.75,0.3333333333333333,0.0680851063829787,0.0,0.0293333333333333,0.1210526315789473,58.34316037735849,74.95872641509433,23.2252358490566,59.153891509433954,49.47539067954611,True,False,Germany
845998,Antonio Blanco,9866,Alavés,ESP-La Liga,3.3,51.3,1.0,0.0,1.2,0.9,0.04,0.03,2.0,1.0,0.05,1.8,0.4,0.3,0.1,7.04,0.0,12.0,1.1,3.0,0.7,1874,22,Midfielder,0.7058823529411765,0.375,0.0643274853801169,0.35,0.0171428571428571,0.075,37.54384373488147,41.133034418411775,65.73101112723755,65.96568525813808,49.45560297115358,True,False,Spain
262592,Moi Gomez,8371,Osasuna,ESP-La Liga,4.3,56.0,1.0,0.0,0.7,1.0,0.1,0.03,1.3,0.0,0.0,0.9,0.2,0.1,0.7,6.7,0.0,7.0,0.8,1.2,0.4,910,17,Midfielder,0.6176470588235293,0.4285714285714285,0.0767857142857142,0.3076923076923077,0.023076923076923,0.1428571428571428,41.46521226415094,57.15212264150944,62.10790094339623,39.96167452830189,49.337678160589,True,False,Spain
760398,Cedric Kipre,9837,Reims,FRA-Ligue 1,2.5,46.9,1.0,0.0,6.5,1.4,0.06,0.03,1.0,1.0,0.0,1.3,0.0,1.1,0.1,6.96,0.0,10.0,0.4,1.7,0.4,2190,28,Defender,0.75,0.4333333333333333,0.0533049040511727,0.4,0.02,0.1399999999999999,37.8021978021978,51.02197802197802,56.85714285714286,59.0521978021978,49.333043488565,False,False,Ivory Coast
243138,James Tarkowski,8668,Everton,ENG-Premier League,2.7,34.2,1.0,0.0,7.0,1.3,0.05,0.07,0.8,1.0,0.0,1.0,0.2,1.4,0.1,7.13,0.0,13.0,0.4,1.4,0.1,2340,26,Defender,0.7499999999999999,0.4166666666666667,0.0789473684210526,0.125,0.0291666666666666,0.1,50.54850024189647,52.95511956596863,43.668269230769226,50.63733671988388,49.32023492997212,True,False,England
166733,Christopher Trimmel,8149,1. FC Union Berlin,GER-Bundesliga,2.4,19.6,6.0,0.0,3.9,3.9,0.28,0.0,1.4,2.0,0.0,0.4,0.0,0.6,0.1,6.92,0.0,37.0,0.2,1.6,0.1,1256,19,Midfielder,0.5882352941176471,0.2,0.1224489795918367,0.0714285714285714,0.001,0.1054054054054054,50.31919534867649,77.45949098071739,38.740371656645245,36.66119375907112,49.28003778689942,True,False,Austria
1622889,Louis Leroux,9830,Nantes,FRA-Ligue 1,1.4,23.9,0.0,0.0,2.6,0.7,0.06,0.11,0.8,1.0,0.09,0.3,0.3,0.2,0.1,6.65,0.0,12.0,0.7,2.1,0.7,1019,14,Midfielder,0.7499999999999999,0.125,0.0585774058577405,0.8749999999999999,0.0388235294117647,0.0583333333333333,60.1120283018868,30.678066037735853,66.75707547169812,43.811910377358494,48.95963516868034,True,False,France
1037537,Jesus Areso,8315,Athletic Club,ESP-La Liga,1.1,28.4,3.0,0.0,2.8,1.1,0.08,0.01,1.1,1.0,0.0,1.1,0.0,0.5,0.3,6.88,0.0,18.0,0.2,1.4,0.9,1262,20,Defender,0.6944444444444444,0.44,0.0387323943661971,0.8181818181818181,0.0088888888888888,0.0611111111111111,40.017191927569286,55.215322413435615,61.20048033727279,42.973853583523386,48.923605306702974,True,False,Spain
881640,Lutsharel Geertruida,8472,Sunderland,ENG-Premier League,1.6,36.0,0.0,0.0,2.3,0.6,0.05,0.07,0.6,0.0,0.0,1.1,0.1,0.5,0.3,6.59,0.0,6.0,0.4,2.0,0.5,1012,20,Defender,0.8378378378378378,0.3548387096774194,0.0444444444444444,0.8333333333333334,0.0291666666666666,0.0999999999999999,44.059551886792455,33.49646226415095,59.60790094339623,71.5182783018868,48.88449413905996,True,False,Netherlands
1289961,Adam Obert,8529,Cagliari,ITA-Serie A,1.8,34.6,3.0,0.0,4.6,1.3,0.07,0.05,1.6,2.0,0.0,1.6,0.1,0.7,0.2,6.85,0.0,10.0,0.2,2.1,0.4,1727,23,Defender,0.6981132075471698,0.4324324324324324,0.0520231213872832,0.25,0.0291666666666666,0.13,45.41012250328288,45.624879051765845,44.54200359389038,66.57366179418067,48.842643353104265,True,False,Slovakia
664970,Waldemar Anton,9789,Borussia Dortmund,GER-Bundesliga,2.7,67.1,0.0,0.0,5.5,0.6,0.03,0.06,0.8,0.0,0.1,0.9,0.2,0.6,0.1,7.52,0.0,6.0,0.6,2.0,0.5,1800,20,Defender,0.7837837837837838,0.3103448275862069,0.0402384500745156,0.625,0.02,0.0999999999999999,40.847847121432025,38.28209447784919,67.69988423526159,57.15975101942083,48.77134375433263,True,False,Germany
469804,Kenny Tete,9879,Fulham,ENG-Premier League,1.7,37.8,1.0,0.0,3.2,1.0,0.07,0.04,1.2,0.0,0.06,1.3,0.2,0.3,0.0,7.09,0.0,9.0,0.7,3.4,0.4,1444,18,Defender,0.7966101694915254,0.2765957446808511,0.0449735449735449,0.3333333333333333,0.0254545454545454,0.1111111111111111,42.79180921279978,42.38696523602184,47.52435379086322,72.70316711590296,48.72546547046179,True,False,Netherlands
1070712,Josko Gvardiol,8456,Manchester City,ENG-Premier League,2.6,61.7,1.0,0.0,4.1,0.7,0.05,0.16,1.1,2.0,0.14,0.9,0.3,0.6,0.0,7.29,0.0,4.0,1.1,1.2,0.1,1304,16,Defender,0.65625,0.4285714285714285,0.0421393841166936,0.0909090909090909,0.038095238095238,0.175,58.73721404381782,51.58232255166217,42.75773636740618,40.29606399889419,48.7085754427885,True,False,Croatia
303912,Matthias Ginter,8358,Sport-Club Freiburg,GER-Bundesliga,3.3,49.3,4.0,0.0,6.4,1.9,0.09,0.05,0.4,3.0,0.0,0.7,0.1,0.5,0.0,6.9,0.0,11.0,0.5,0.7,0.1,1890,21,Defender,0.7777777777777778,0.5,0.0669371196754563,0.25,0.0321428571428571,0.1727272727272727,52.696886446886445,65.52480302716152,44.86185551869514,33.0548197871311,48.69150347095954,True,False,Germany
1281461,José Ángel Carmona,8302,Sevilla,ESP-La Liga,1.8,35.3,3.0,0.0,3.0,1.1,0.05,0.03,1.7,3.0,0.05,1.3,0.2,0.4,0.2,6.92,0.0,11.0,0.7,2.5,0.7,1799,22,Defender,0.6909090909090909,0.3421052631578947,0.0509915014164306,0.4117647058823529,0.01875,0.1,36.10404139885272,45.93962091367752,55.56223650563273,69.40363881401618,48.67264809651648,True,False,Spain
952528,Adrián De La Fuente,8581,Levante,ESP-La Liga,5.0,39.7,1.0,0.0,6.0,0.9,0.05,0.1,1.1,1.0,0.11,1.5,0.2,0.8,0.1,6.76,0.0,6.0,1.1,1.1,0.2,1644,21,Defender,0.7027027027027027,0.5769230769230769,0.1259445843828715,0.1818181818181818,0.0333333333333333,0.15,49.29245283018868,48.89740566037736,51.81014150943396,43.52889150943396,48.58640873690081,True,False,Spain
874025,Vitaliy Mykolenko,8668,Everton,ENG-Premier League,1.5,28.5,1.0,0.0,4.2,2.1,0.1,0.01,1.0,1.0,0.0,1.0,0.1,0.3,0.4,6.79,0.0,15.0,0.4,1.4,0.4,1970,22,Defender,0.7058823529411765,0.4166666666666667,0.0526315789473684,0.4,0.009090909090909,0.14,37.70971559886654,60.328840970350406,47.78713974704541,55.34182130762319,48.58538755594978,True,False,Ukraine
839038,Elvis Rexhbecaj,8406,FC Augsburg,GER-Bundesliga,1.0,26.1,1.0,0.0,1.4,1.1,0.1,0.04,1.2,0.0,0.09,0.4,0.3,0.1,0.9,6.43,0.0,10.0,0.9,1.2,0.4,950,19,Midfielder,0.5714285714285715,0.25,0.0383141762452107,0.3333333333333333,0.0285714285714285,0.11,54.24886827009468,55.61662001520492,44.48049277766259,38.81664247701983,48.58076437004266,True,False,Kosovo
760320,Aaron Wan-Bissaka,8654,West Ham United,ENG-Premier League,1.0,24.8,1.0,0.0,4.6,0.7,0.05,0.0,1.0,2.0,0.0,1.8,0.0,0.3,0.1,6.96,0.0,15.0,0.0,1.4,0.8,1463,17,Defender,0.7619047619047619,0.5625,0.0403225806451612,0.8,0.001,0.0466666666666666,35.50651392632525,43.0028682009814,63.2358317782846,65.05100127859562,48.56891170253753,True,False,DR Congo
1188890,Nicolai Remberg,9790,Hamburger SV,GER-Bundesliga,2.1,40.1,2.0,0.0,3.5,1.0,0.05,0.04,1.5,1.0,0.0,1.4,0.3,0.5,0.3,7.07,0.0,6.0,0.7,2.1,0.4,1800,20,Midfielder,0.7,0.3999999999999999,0.0523690773067331,0.2666666666666666,0.0222222222222222,0.1666666666666666,35.51002358490567,54.18042452830189,49.20695754716981,66.0377358490566,48.47646609021336,True,False,Germany
362120,Danilo Cataldi,8543,Lazio,ITA-Serie A,2.1,41.4,2.0,0.0,2.1,1.2,0.06,0.15,1.0,3.0,0.16,1.0,0.3,0.4,0.3,7.05,0.0,18.0,1.2,1.4,0.3,1683,22,Midfielder,0.7058823529411765,0.4166666666666667,0.0507246376811594,0.3,0.0428571428571428,0.0666666666666666,60.26133457737232,37.98782742414818,45.617557364019625,50.79688039947473,48.40309728802378,True,False,Italy
364104,Stefano Sabelli,10233,Genoa,ITA-Serie A,2.2,28.2,2.0,0.0,2.6,1.7,0.08,0.01,1.1,2.0,0.0,1.0,0.0,0.3,0.3,6.74,0.0,18.0,0.3,2.5,0.2,2059,34,Defender,0.7608695652173914,0.2857142857142857,0.0780141843971631,0.1818181818181818,0.0088888888888888,0.0944444444444444,37.527472527472526,52.02197802197802,45.25824175824176,70.1923076923077,48.36529417937761,False,False,Italy
1195281,Milos Kerkez,8650,Liverpool,ENG-Premier League,0.9,37.4,3.0,0.0,3.1,0.6,0.03,0.05,0.8,1.0,0.05,0.6,0.1,0.4,0.1,6.97,0.0,23.0,0.4,1.9,0.6,1721,24,Defender,0.7575757575757576,0.24,0.0240641711229946,0.7499999999999999,0.01875,0.0260869565217391,46.8748488147073,44.52057847812565,52.48438039947473,50.62123332642201,48.33884026726047,True,False,Hungary
1060604,Abner,9748,Lyon,FRA-Ligue 1,1.7,31.9,2.0,0.0,1.7,1.1,0.08,0.09,1.4,0.0,0.22,0.3,0.3,0.1,0.1,6.87,0.0,11.0,0.9,1.3,0.4,1253,15,Defender,0.5333333333333333,0.1874999999999999,0.0532915360501567,0.2857142857142857,0.0423529411764705,0.1,61.27818525813809,59.057355380468586,47.07620170709794,26.68974618149146,48.13705422493241,True,False,Brazil
1079548,Joris Chotard,8521,Brest,FRA-Ligue 1,2.5,30.1,0.0,0.0,2.8,0.7,0.04,0.06,1.0,0.0,0.1,1.5,0.4,0.4,0.2,6.89,0.0,4.0,1.1,2.3,0.2,1799,21,Midfielder,0.7916666666666666,0.3947368421052631,0.0830564784053156,0.2,0.0239999999999999,0.175,38.10189024811666,42.422161172161175,52.63709482341557,71.32532483240031,48.10097542864119,True,False,France
1287783,Seydouba Cisse,7854,Leganés,ESP-La Liga,1.8,35.4,1.0,0.0,1.5,0.9,0.03,0.11,1.4,1.0,0.11,0.4,0.2,0.0,0.5,6.84,0.0,17.0,0.9,2.2,1.1,2451,34,Midfielder,0.65,0.1538461538461538,0.0508474576271186,0.7857142857142858,0.0235714285714285,0.0529411764705882,51.96428571428572,28.159340659340657,73.12362637362637,49.318681318681314,48.054474286404655,False,False,Guinea
1190025,Alvaro Carreras,8633,Real Madrid,ESP-La Liga,1.6,58.6,1.0,0.0,2.5,1.2,0.06,0.01,0.8,2.0,0.1,1.6,0.1,0.3,0.4,7.54,0.0,20.0,0.4,1.5,0.7,1791,21,Defender,0.7948717948717948,0.5161290322580645,0.0273037542662116,0.8749999999999999,0.0085714285714285,0.06,35.64268867924528,40.465801886792455,60.17099056603773,69.78183962264151,47.968755145275,True,False,Spain
1211437,Victor Kristiansen,8197,Leicester City,ENG-Premier League,1.5,30.4,5.0,0.0,2.4,1.7,0.06,0.0,0.7,1.0,0.0,1.5,0.0,0.5,0.3,6.42,0.0,18.0,0.1,3.1,0.3,2489,30,Defender,0.8679245283018867,0.3260869565217391,0.0493421052631578,0.4285714285714286,0.001,0.0944444444444444,28.997252747252745,54.175824175824175,47.44505494505495,87.2445054945055,47.79184464235989,False,False,Denmark
1051097,Matteo Ruggeri,9906,Atlético de Madrid,ESP-La Liga,2.0,39.6,1.0,0.0,3.2,1.7,0.14,0.01,1.9,0.0,0.0,0.9,0.2,0.1,0.3,6.87,0.0,12.0,0.3,2.5,0.2,1055,17,Defender,0.6415094339622641,0.2647058823529412,0.0505050505050505,0.1052631578947368,0.0093333333333333,0.1416666666666666,40.365004492362985,62.131436173889,36.56905712212316,61.42674424631972,47.7066905053268,True,False,Italy
959696,Joseph Scally,9788,Borussia Mönchengladbach,GER-Bundesliga,1.0,25.7,2.0,0.0,2.8,1.0,0.06,0.06,1.2,2.0,0.06,0.8,0.4,0.1,0.2,6.75,0.0,7.0,0.6,1.6,0.8,1553,20,Defender,0.6666666666666666,0.3333333333333333,0.0389105058365758,0.6666666666666667,0.03,0.1428571428571428,39.64557847812565,52.878326076439286,63.02204281567489,38.85315588499551,47.64707353657812,True,False,USA
488718,Diego Rico,8305,Getafe,ESP-La Liga,1.4,20.6,1.0,0.0,2.8,0.9,0.05,0.01,1.1,0.0,0.0,1.6,0.1,0.2,0.2,6.87,0.0,10.0,0.5,2.6,0.4,1531,20,Defender,0.7924528301886792,0.3809523809523809,0.0679611650485436,0.3636363636363636,0.0083333333333333,0.09,33.40622624231114,49.54391284815813,47.84848209966134,76.29406403345082,47.57304962740445,True,False,Spain
604982,Ruben Loftus-Cheek,8564,Milan,ITA-Serie A,0.3,26.6,3.0,0.0,1.3,0.9,0.08,0.28,1.8,1.0,0.27,0.4,0.5,0.1,0.4,6.7,0.0,9.0,2.6,1.0,0.8,1014,22,Midfielder,0.4374999999999999,0.2857142857142857,0.0112781954887218,0.4444444444444445,0.0622222222222222,0.1,66.36621829428434,51.97053182666391,48.26463041675305,25.35686640403621,47.56086825760598,True,False,England
873289,Marc Cucurella,8455,Chelsea,ENG-Premier League,1.8,45.2,4.0,0.0,3.4,2.7,0.13,0.08,1.5,3.0,0.05,1.0,0.2,0.3,0.1,7.11,0.0,25.0,0.7,2.0,0.0,1889,24,Defender,0.6666666666666666,0.3333333333333333,0.0398230088495575,0.0,0.0495238095238095,0.108,70.77033226207755,69.64871449305411,19.28385254682425,50.05005961020112,47.518532167204526,True,False,Spain
531327,Eric Smith,8152,FC St. Pauli,GER-Bundesliga,3.6,53.0,0.0,0.0,3.8,0.7,0.04,0.03,0.6,2.0,0.11,0.9,0.3,0.7,0.1,6.81,0.0,10.0,0.5,1.2,0.5,1665,19,Defender,0.7777777777777778,0.4285714285714285,0.0679245283018867,0.8333333333333334,0.0171428571428571,0.0699999999999999,43.1173759416684,38.643004008570045,64.49881643513719,47.91093890386344,47.3847168071196,True,False,Sweden
466672,Jefferson Lerma,9826,Crystal Palace,ENG-Premier League,2.3,37.2,2.0,0.0,3.6,0.9,0.07,0.08,1.5,2.0,0.0,1.2,0.5,0.2,0.0,6.76,0.0,10.0,1.0,1.4,0.2,1158,23,Midfielder,0.6341463414634146,0.4615384615384615,0.0618279569892473,0.1333333333333333,0.0373333333333333,0.09,52.07395984518626,52.47819476121364,42.48307588637777,41.4213058953625,47.36741108826853,True,False,Colombia
734042,Kyle Walker-Peters,8654,West Ham United,ENG-Premier League,1.1,36.0,0.0,0.0,2.5,0.3,0.03,0.11,0.8,0.0,0.09,0.7,0.3,0.3,0.4,6.54,0.0,5.0,0.5,3.2,0.9,955,18,Defender,0.8297872340425533,0.1794871794871794,0.0305555555555555,1.125,0.0235714285714285,0.06,43.69425582279356,31.63851164558712,62.8933236574746,61.7883837860253,47.31663145668372,True,False,England
813055,Mousa Tamari,9851,Rennes,FRA-Ligue 1,0.5,21.0,4.0,0.0,0.3,2.9,0.19,0.19,0.9,3.0,0.2,0.5,1.0,0.1,1.0,6.93,0.0,21.0,2.3,1.2,1.3,1365,21,Midfielder,0.6538461538461539,0.2941176470588235,0.0238095238095238,1.4444444444444444,0.095,0.1380952380952381,60.764371241965584,61.0310491395397,44.36035230492777,25.55298396571981,47.284574203422345,True,False,Jordan
950485,Maxence Lacroix,9826,Crystal Palace,ENG-Premier League,2.5,41.0,3.0,0.0,7.0,0.8,0.03,0.07,0.9,2.0,0.0,1.3,0.1,0.5,0.0,7.09,0.0,5.0,0.6,1.9,0.2,2340,26,Defender,0.7804878048780487,0.40625,0.0609756097560975,0.2222222222222222,0.021,0.16,38.24206061234364,50.03992155643099,46.179409427050935,61.7468812633907,47.18746422756615,True,False,France
846000,Maxence Caqueret,10171,Como,ITA-Serie A,0.4,51.8,2.0,0.0,0.3,1.4,0.14,0.1,1.3,4.0,0.1,0.7,0.3,0.3,0.4,6.91,0.0,18.0,1.2,2.5,1.2,939,20,Midfielder,0.7111111111111111,0.2187499999999999,0.0077220077220077,0.923076923076923,0.0583333333333333,0.0777777777777777,57.57174822033312,48.223080378740754,40.32560128550695,41.45510660722925,47.183199008180125,True,False,France
767013,Antoine Bernede,9876,Verona,ITA-Serie A,1.0,26.3,2.0,0.0,0.7,1.1,0.06,0.05,2.3,2.0,0.05,0.4,0.1,0.3,0.3,6.78,0.0,20.0,0.8,2.8,0.7,1810,24,Midfielder,0.5818181818181818,0.125,0.0380228136882129,0.3043478260869565,0.0272727272727272,0.055,54.2747641509434,43.201650943396224,46.0436320754717,43.94162735849056,47.16524453732257,True,False,France
867225,Mehmet Zeki Celik,8686,Roma,ITA-Serie A,1.4,38.2,2.0,0.0,2.1,1.3,0.07,0.07,1.2,2.0,0.05,0.6,0.2,0.2,0.3,7.1,0.0,16.0,0.9,2.2,0.4,1753,22,Defender,0.7000000000000001,0.2142857142857142,0.0366492146596858,0.3333333333333333,0.035,0.08125,51.29747218190615,44.24724410809316,41.39687867164282,52.79456942428641,47.12594754928721,True,False,Turkiye
427438,Hector Bellerin,8603,Real Betis,ESP-La Liga,1.2,41.8,4.0,0.0,4.4,1.9,0.15,0.01,0.8,2.0,0.0,0.6,0.3,0.1,0.3,6.98,0.0,18.0,0.3,1.2,0.4,1080,16,Defender,0.6923076923076923,0.3333333333333333,0.0287081339712918,0.5,0.009375,0.1055555555555555,44.81132075471698,72.46462264150944,43.05719339622641,33.21639150943396,47.1226549997187,True,False,Spain
1252070,Nathan Ngoy,8639,Lille,FRA-Ligue 1,3.2,54.9,2.0,0.0,3.6,0.6,0.04,0.05,0.8,1.0,0.0,1.7,0.2,0.4,0.1,6.67,0.0,3.0,0.8,1.5,0.3,1414,18,Defender,0.8,0.53125,0.058287795992714,0.3749999999999999,0.0222222222222222,0.1999999999999999,31.869103773584907,50.15919811320755,55.99941037735849,62.022405660377366,46.952009712746566,True,False,Belgium
935406,Luca Ranieri,8535,Fiorentina,ITA-Serie A,3.2,41.4,2.0,0.0,3.8,0.9,0.06,0.09,1.1,0.0,0.06,0.7,0.2,0.4,0.1,6.73,0.0,7.0,0.8,1.4,0.4,1410,22,Defender,0.6562499999999999,0.3333333333333333,0.0772946859903381,0.3636363636363636,0.036,0.1285714285714286,47.16624766742692,49.03707063376876,62.21192290413989,31.037057675029374,46.942373292499816,True,False,Italy
1210943,Jackson Tchatchoua,8602,Wolverhampton Wanderers,ENG-Premier League,0.8,20.0,2.0,0.0,3.0,1.1,0.07,0.02,0.4,0.0,0.0,0.7,0.0,0.5,0.2,6.38,0.0,14.0,0.1,1.5,0.2,1338,24,Midfielder,0.8461538461538461,0.3181818181818181,0.04,0.5,0.0155555555555555,0.0785714285714285,47.219076128274246,51.83299640610961,41.149543852374045,48.016950031100976,46.85511359198609,True,False,Cameroon
1251334,Jack Hinshelwood,10204,Brighton and Hove Albion,ENG-Premier League,1.7,39.1,3.0,0.0,1.8,1.5,0.07,0.13,0.9,2.0,0.24,0.8,0.5,0.1,0.4,6.89,0.0,17.0,0.9,1.3,0.1,1846,26,Midfielder,0.7000000000000001,0.3809523809523809,0.0434782608695652,0.1111111111111111,0.0455,0.088235294117647,66.19505494505495,50.66483516483516,29.865384615384624,44.25274725274725,46.81708808520627,False,False,England
161012,Daley Blind,7732,Girona,ESP-La Liga,4.7,60.9,1.0,0.0,4.7,0.8,0.04,0.0,0.6,0.0,0.0,1.2,0.0,0.6,0.0,6.85,0.0,9.0,0.0,2.0,0.4,1853,22,Defender,0.8421052631578947,0.3749999999999999,0.077175697865353,0.6666666666666667,0.001,0.0888888888888888,27.08097916234709,46.71629863846846,72.59918187158753,61.57726000414679,46.8040483287442,True,False,Netherlands
771630,Gideon Mensah,8583,Auxerre,FRA-Ligue 1,1.9,35.3,1.0,0.0,2.6,0.9,0.06,0.0,1.5,0.0,0.0,1.2,0.0,0.1,0.3,6.89,0.0,12.0,0.1,1.9,0.6,1406,19,Defender,0.6739130434782609,0.3870967741935484,0.0538243626062322,0.3999999999999999,0.001,0.075,29.98846672195729,43.1634356209828,65.86234795079135,65.75824175824177,46.78586038299825,True,False,Ghana
763970,Valentin Rosier,8371,Osasuna,ESP-La Liga,1.0,28.8,2.0,0.0,3.2,1.1,0.08,0.01,1.4,1.0,0.0,1.4,0.0,0.1,0.2,6.87,0.0,8.0,0.3,1.6,0.8,1313,17,Defender,0.6818181818181818,0.4666666666666666,0.0347222222222222,0.5714285714285715,0.0088888888888888,0.1375,30.692039878360635,53.66984587739304,56.37123764600179,58.7363803649181,46.78279249736886,True,False,France
658554,Dayot Upamecano,9823,Bayern München,GER-Bundesliga,2.8,74.8,2.0,0.0,2.7,0.7,0.05,0.07,0.9,1.0,0.07,0.8,0.1,0.3,0.2,7.24,0.0,6.0,0.5,1.9,0.2,1270,17,Defender,0.75,0.2962962962962963,0.0374331550802139,0.2222222222222222,0.0291666666666666,0.1166666666666666,44.47376719192757,48.66623470868754,40.978877254820645,56.3266163867579,46.72193905680023,True,False,France
210683,Aissa Mandi,8639,Lille,FRA-Ligue 1,4.8,59.5,0.0,0.0,3.6,0.8,0.05,0.06,0.8,0.0,0.06,1.6,0.1,0.6,0.1,7.08,0.0,7.0,0.4,1.4,0.2,1437,18,Defender,0.7894736842105263,0.5333333333333333,0.080672268907563,0.25,0.0272727272727272,0.1142857142857143,37.94059713871034,42.22758138088327,55.47209551454835,58.20996181491464,46.681887359797926,True,False,Algeria
785411,Marcos Senesi,8678,Bournemouth,ENG-Premier League,5.1,46.2,6.0,0.0,7.6,4.0,0.16,0.05,0.9,4.0,0.0,1.6,0.2,1.4,0.1,7.07,0.0,20.0,0.5,1.8,0.1,2210,25,Defender,0.7906976744186046,0.4705882352941176,0.1103896103896103,0.1111111111111111,0.038095238095238,0.2,47.30158010228765,68.85594201396088,31.4910887068906,45.9087229594305,46.652402281469655,True,False,Argentina
816325,Boubacar Kamara,10252,Aston Villa,ENG-Premier League,2.0,45.8,0.0,0.0,1.3,0.9,0.05,0.03,1.1,3.0,0.06,1.1,0.3,0.5,0.3,7.25,0.0,15.0,0.4,2.3,0.9,1418,18,Midfielder,0.7555555555555555,0.3235294117647059,0.0436681222707423,0.8181818181818181,0.01875,0.06,39.82343717603152,32.22639781602046,61.79978747667428,65.93988008846499,46.63059310867711,True,False,France
1075815,Patrick Osterhage,8358,Sport-Club Freiburg,GER-Bundesliga,0.9,30.5,0.0,0.0,1.3,0.8,0.07,0.08,1.2,0.0,0.09,1.4,0.2,0.8,0.2,6.52,0.0,5.0,0.6,1.0,0.4,1017,17,Midfielder,0.6666666666666667,0.5833333333333334,0.0295081967213114,0.3333333333333333,0.0373333333333333,0.16,52.25017710277144,52.92985002418965,37.23829825834543,44.38280116110305,46.61673946091903,True,False,Germany
860592,Sebastian Walukiewicz,7943,Sassuolo,ITA-Serie A,1.4,33.9,1.0,0.0,2.8,1.9,0.09,0.01,1.0,1.0,0.0,0.8,0.0,0.3,0.1,6.76,0.0,18.0,0.3,1.5,0.6,2048,24,Defender,0.6969696969696969,0.3478260869565218,0.0412979351032448,0.6,0.009,0.1055555555555555,38.91509433962264,57.39386792452831,56.5625,36.93396226415094,46.5981987235535,True,False,Poland
751998,Omar Alderete,8472,Sunderland,ENG-Premier League,2.7,35.5,1.0,0.0,6.5,0.7,0.04,0.06,0.8,1.0,0.05,1.3,0.3,0.8,0.1,7.01,0.0,7.0,0.8,0.9,0.7,1906,22,Defender,0.7333333333333334,0.5909090909090908,0.076056338028169,0.8749999999999999,0.0239999999999999,0.0999999999999999,39.534198113207545,36.96933962264151,78.45518867924528,41.329599056603776,46.55431702734759,True,False,Paraguay
1478148,Leon Avdullahu,8226,TSG 1899 Hoffenheim,GER-Bundesliga,2.9,53.3,1.0,0.0,1.7,1.2,0.06,0.02,0.8,1.0,0.0,1.1,0.0,0.2,0.8,7.09,0.0,14.0,0.5,1.3,0.3,1920,22,Midfielder,0.7500000000000001,0.4583333333333333,0.0544090056285178,0.3749999999999999,0.0149999999999999,0.0857142857142857,36.77771226415095,43.20165094339623,54.195165094339615,59.17747641509433,46.3950794980818,True,False,Kosovo
198559,Marten de Roon,8524,Atalanta,ITA-Serie A,3.3,52.4,0.0,0.0,2.5,1.0,0.05,0.04,1.3,1.0,0.05,0.6,0.2,0.2,0.3,7.12,0.0,14.0,0.6,2.7,0.1,1707,21,Midfielder,0.717391304347826,0.1818181818181818,0.0629770992366412,0.0769230769230769,0.0222222222222222,0.0714285714285714,46.14401910982101,43.45631176999101,40.21681266846361,60.200925253991294,46.320195835109125,True,False,Netherlands
1288450,Rico Lewis,8456,Manchester City,ENG-Premier League,1.0,52.4,0.0,0.0,1.9,1.0,0.05,0.07,0.6,2.0,0.05,0.6,0.1,0.3,0.6,6.92,0.0,7.0,0.5,1.4,0.4,1891,28,Defender,0.7692307692307692,0.3,0.0190839694656488,0.6666666666666667,0.0291666666666666,0.1428571428571428,45.17857142857142,43.516483516483525,44.94505494505495,53.3489010989011,46.21029821220861,False,False,England
1113690,Conor Bradley,8650,Liverpool,ENG-Premier League,1.0,39.9,3.0,0.0,2.8,0.9,0.09,0.02,1.7,1.0,0.0,1.3,0.0,0.4,0.3,6.79,0.0,4.0,0.6,1.8,0.7,932,15,Defender,0.6458333333333334,0.4193548387096774,0.025062656641604,0.4117647058823529,0.0163636363636363,0.225,31.11733490566038,64.10966981132074,46.54775943396226,54.28360849056604,46.082925359434576,True,False,Northern Ireland
857120,Ayumu Seko,9746,Le Havre,FRA-Ligue 1,2.3,26.9,1.0,0.0,3.7,1.1,0.06,0.05,1.0,0.0,0.0,1.1,0.2,0.1,0.3,6.91,0.0,9.0,0.7,1.7,0.1,1725,20,Defender,0.7368421052631579,0.3928571428571429,0.0855018587360594,0.1,0.0272727272727272,0.1222222222222222,45.15035377358491,49.33372641509434,36.872051886792455,57.53537735849056,46.06230294279026,True,False,Japan
1206287,Freddie Potts,8654,West Ham United,ENG-Premier League,2.0,33.8,2.0,0.0,2.4,1.1,0.09,0.02,1.1,1.0,0.0,1.2,0.1,0.2,0.0,6.69,0.0,7.0,0.2,2.2,0.2,1099,19,Midfielder,0.7555555555555556,0.3529411764705882,0.0591715976331361,0.1818181818181818,0.0163636363636363,0.1571428571428571,34.920400943396224,61.07311320754717,39.262971698113205,59.5813679245283,46.015502274983525,True,False,England
847983,Lisandro Martinez,10260,Manchester United,ENG-Premier League,2.9,63.4,1.0,0.0,4.6,0.5,0.05,0.01,0.8,0.0,0.0,1.0,0.0,0.7,0.1,0.0,0.0,4.0,0.4,1.2,1.1,905,14,Defender,0.7333333333333334,0.4545454545454545,0.0457413249211356,1.375,0.0083333333333333,0.125,29.711992017416545,48.38472769368996,69.72050590918515,49.41467965996268,45.99047928255035,True,False,Argentina
1347791,Yassin Belkhdim,8121,Angers,FRA-Ligue 1,1.0,26.9,4.0,0.0,1.1,1.2,0.06,0.08,1.1,2.0,0.1,1.4,0.5,0.3,0.4,7.07,0.0,14.0,1.3,2.7,0.3,1784,22,Midfielder,0.7884615384615385,0.3414634146341463,0.037174721189591,0.2727272727272727,0.0342857142857142,0.0857142857142857,47.93919327527818,46.75451828046168,27.97238924597416,78.63312512958738,45.96916457239884,True,False,France
686460,Santiago Colombatto,8670,Real Oviedo,ESP-La Liga,1.8,34.9,3.0,0.0,1.7,1.4,0.09,0.03,2.0,1.0,0.0,0.7,0.1,0.2,0.5,6.74,0.0,19.0,0.7,1.7,0.3,1475,19,Midfielder,0.5454545454545454,0.2916666666666667,0.0515759312320916,0.15,0.0225,0.0736842105263157,51.12028301886792,54.11556603773585,38.51709905660377,39.87028301886792,45.96759502731662,True,False,Argentina
790732,Tommaso Pobega,9857,Bologna,ITA-Serie A,1.3,23.8,2.0,0.0,1.6,0.6,0.05,0.13,2.1,1.0,0.17,1.3,0.7,0.6,0.5,6.63,0.0,6.0,1.7,2.2,0.3,1068,17,Midfielder,0.625,0.3714285714285714,0.0546218487394958,0.1428571428571428,0.0361111111111111,0.0999999999999999,55.708497477365405,39.13916822171539,33.55297100698044,61.88558297048862,45.88597606029238,True,False,Italy
1107620,Jarell Quansah,8178,Bayer 04 Leverkusen,GER-Bundesliga,1.9,61.7,1.0,0.0,4.1,0.8,0.05,0.05,0.8,0.0,0.13,1.0,0.3,0.4,0.1,7.21,0.0,7.0,0.4,1.1,0.8,1429,18,Defender,0.7241379310344827,0.4761904761904761,0.0307941653160453,1.0,0.025,0.1142857142857143,40.2564858490566,43.99174528301887,66.31191037735849,36.74823113207547,45.78663520903764,True,False,England
919742,Senne Lynen,8697,SV Werder Bremen,GER-Bundesliga,3.0,43.7,0.0,0.0,3.1,1.3,0.06,0.03,1.3,0.0,0.0,2.3,0.1,0.3,0.2,6.67,0.0,9.0,0.8,2.0,0.1,1857,21,Midfielder,0.7678571428571429,0.5348837209302325,0.068649885583524,0.0769230769230769,0.02,0.1444444444444444,36.63496095099868,46.14341004907043,39.15994540051144,76.84373056189094,45.76446070682128,True,False,Belgium
827315,Nicolás Dominguez,10203,Nottingham Forest,ENG-Premier League,1.0,37.1,2.0,0.0,2.4,1.6,0.07,0.07,1.5,1.0,0.0,1.3,0.4,0.5,0.4,6.79,0.0,13.0,1.0,3.9,0.1,1970,34,Midfielder,0.7761194029850746,0.25,0.0269541778975741,0.0666666666666666,0.035,0.123076923076923,55.260989010989,55.15934065934066,18.607142857142858,84.0,45.75158484722972,False,False,Argentina
1107910,Valentino Livramento,10261,Newcastle United,ENG-Premier League,1.5,40.0,1.0,0.0,2.7,0.6,0.05,0.01,0.4,1.0,0.0,0.5,0.0,0.2,0.2,7.14,0.0,10.0,0.2,1.6,0.9,1049,13,Defender,0.8400000000000001,0.238095238095238,0.0375,2.25,0.0083333333333333,0.06,31.144321480406383,43.06424942981547,67.5709188610132,53.64497373695486,45.69710065344852,True,False,England
1269497,Yannik Engelhardt,9788,Borussia Mönchengladbach,GER-Bundesliga,1.0,40.2,1.0,0.0,1.8,1.1,0.06,0.07,1.6,1.0,0.12,1.0,0.3,0.4,0.3,6.91,0.0,9.0,0.9,2.0,0.2,1561,20,Midfielder,0.6521739130434783,0.3333333333333333,0.0248756218905472,0.125,0.0323076923076923,0.1222222222222222,50.92456285852512,51.36350991775521,31.86652498444952,52.633332469417375,45.69068999452323,True,False,Germany
620618,Rodrigo Bentancur,8586,Tottenham Hotspur,ENG-Premier League,1.0,39.8,1.0,0.0,2.5,0.7,0.04,0.03,1.0,1.0,0.06,1.4,0.1,0.4,0.3,7.02,0.0,9.0,0.6,2.4,0.8,1415,20,Midfielder,0.7916666666666666,0.3684210526315789,0.0251256281407035,0.8,0.0171428571428571,0.0777777777777777,37.555463404520005,34.294543506807656,50.55615021770682,77.14062823968484,45.66761460639255,True,False,Uruguay
175311,Kiko,8305,Getafe,ESP-La Liga,1.3,24.0,1.0,0.0,2.2,0.8,0.05,0.01,1.0,1.0,0.0,1.8,0.1,0.1,0.3,6.8,0.0,12.0,0.3,2.1,0.3,1404,19,Defender,0.7959183673469388,0.4615384615384615,0.0541666666666666,0.3,0.0083333333333333,0.0666666666666666,31.1614486142788,44.82993814361739,48.3807493607022,76.42414817886517,45.58181304981645,True,False,Spain
820024,Sean Longstaff,8463,Leeds United,ENG-Premier League,1.2,33.7,6.0,0.0,1.0,1.3,0.13,0.08,1.0,2.0,0.1,1.0,0.2,0.5,0.5,0.0,0.0,21.0,1.2,3.5,0.0,939,16,Midfielder,0.8181818181818182,0.2222222222222222,0.0356083086053412,0.0,0.0495238095238095,0.0619047619047619,73.8502358490566,61.53891509433962,11.745283018867925,81.80424528301886,45.47933071333024,True,False,England
1451265,Malick Diouf,8654,West Ham United,ENG-Premier League,1.9,23.6,2.0,0.0,4.5,1.0,0.05,0.02,1.0,4.0,0.0,1.1,0.1,0.3,0.1,6.73,0.0,11.0,0.7,1.4,0.7,1648,20,Defender,0.7142857142857143,0.44,0.0805084745762711,0.7,0.0142857142857142,0.0909090909090909,32.208136792452834,44.78183962264151,71.59787735849056,43.31073113207547,45.31159010384324,True,False,Senegal
866516,Teun Koopmeiners,9885,Juventus,ITA-Serie A,2.0,55.2,0.0,0.0,2.1,1.1,0.07,0.07,1.7,0.0,0.0,1.2,0.3,0.4,0.3,6.83,0.0,16.0,1.4,1.5,0.1,1354,22,Midfielder,0.6136363636363636,0.4444444444444444,0.036231884057971,0.0588235294117647,0.035,0.06875,69.0538824383164,46.19459706959707,29.198467413090054,40.42988890040777,45.246474940884944,True,False,Netherlands
640238,Nacho Vidal,8670,Real Oviedo,ESP-La Liga,1.8,29.1,0.0,0.0,3.5,0.4,0.03,0.09,1.1,0.0,0.0,1.4,0.2,0.2,0.0,6.81,0.0,2.0,0.5,1.9,0.5,1156,15,Defender,0.7499999999999999,0.4242424242424242,0.0618556701030927,0.4545454545454545,0.0225,0.2,34.99410377358491,38.74410377358491,58.98584905660377,57.41155660377358,45.15820706588108,True,False,Spain
1598982,Gerard Martin,8634,Barcelona,ESP-La Liga,2.4,70.1,1.0,0.0,3.8,0.6,0.05,0.0,0.5,0.0,0.0,1.3,0.0,0.3,0.1,7.15,0.0,11.0,0.2,2.2,0.3,1091,20,Defender,0.875,0.3714285714285714,0.0342368045649072,0.6,0.001,0.0545454545454545,33.737667599695904,43.4855898818163,47.45152135600248,68.52306223650562,45.1077064794472,True,False,Spain
179410,Idrissa Gana Gueye,8668,Everton,ENG-Premier League,1.0,39.9,1.0,0.0,0.8,0.8,0.05,0.08,0.8,1.0,0.13,1.1,0.3,0.3,0.2,6.97,0.0,9.0,1.2,2.1,0.1,1405,17,Midfielder,0.8,0.34375,0.025062656641604,0.125,0.0307692307692307,0.0888888888888888,47.71600058746285,44.03811597207823,29.633881056050864,71.84563981615868,45.0592138158194,True,False,Senegal
689680,Jens Odgaard,9857,Bologna,ITA-Serie A,0.3,14.6,1.0,0.0,0.9,1.0,0.08,0.18,2.0,1.0,0.34,0.3,0.8,0.0,0.9,6.73,0.0,10.0,2.2,1.2,0.5,1045,19,Midfielder,0.4285714285714285,0.1999999999999999,0.0205479452054794,0.25,0.0553846153846153,0.1,68.30130364918101,50.5690873591817,36.216886101320064,27.367086529822384,45.02704711496232,True,False,Denmark
1513317,Adama Camara,6379,Paris FC,FRA-Ligue 1,1.6,34.9,1.0,0.0,2.0,0.6,0.04,0.11,1.2,0.0,0.06,1.1,0.2,0.5,0.2,6.8,0.0,9.0,0.9,2.1,0.4,1470,19,Midfielder,0.7272727272727273,0.34375,0.0458452722063037,0.3333333333333333,0.0293333333333333,0.0666666666666666,50.44221698113208,30.141509433962263,46.1438679245283,60.365566037735846,44.95891827833947,True,False,France
1131217,Pierre Kalulu,9885,Juventus,ITA-Serie A,2.1,53.7,8.0,0.0,1.8,2.3,0.09,0.06,1.2,3.0,0.08,0.7,0.1,0.2,0.2,7.25,0.0,28.0,0.4,1.6,0.2,2202,25,Defender,0.6571428571428571,0.3043478260869565,0.0391061452513966,0.1666666666666666,0.036,0.0821428571428571,54.51307536802819,51.64044681733361,35.6313411431336,37.211568698597,44.80137477179123,True,False,France
506776,Stefano Moreo,6479,Pisa,ITA-Serie A,0.5,12.5,3.0,0.0,2.4,1.0,0.07,0.25,1.1,1.0,0.34,0.9,0.8,0.3,0.5,6.88,0.0,14.0,2.4,0.8,0.3,1319,24,Midfielder,0.6071428571428571,0.5294117647058824,0.04,0.2727272727272727,0.0546875,0.0714285714285714,71.7128537735849,47.66509433962264,30.893278301886788,32.53832547169812,44.789297916585866,True,False,Italy
1293912,Pablo Marin,8560,Real Sociedad,ESP-La Liga,0.6,20.5,0.0,0.0,0.8,0.6,0.06,0.11,1.5,0.0,0.0,0.5,0.4,0.1,0.3,6.28,0.0,6.0,1.1,1.1,1.0,956,21,Midfielder,0.5161290322580645,0.3125,0.0292682926829268,0.6666666666666666,0.0388235294117647,0.0999999999999999,55.1507533347156,36.627470799640605,59.71001364987213,29.02928243140507,44.66797045277151,True,False,Spain
1105912,Riccardo Calafiori,9825,Arsenal,ENG-Premier League,1.1,33.8,0.0,0.0,3.1,0.4,0.03,0.18,1.7,2.0,0.07,0.9,0.3,0.1,0.3,7.21,0.0,4.0,1.6,2.0,0.9,1355,20,Defender,0.6304347826086957,0.3103448275862069,0.0325443786982248,0.5294117647058824,0.0257142857142857,0.1,45.72398317091713,31.95105916096482,56.5404615039049,48.6611505632732,44.636572964425696,True,False,Italy
193901,Stefan Bell,9905,1. FSV Mainz 05,GER-Bundesliga,2.9,25.3,3.0,0.0,8.9,0.6,0.05,0.15,1.3,1.0,0.17,1.6,0.4,0.9,0.1,6.86,0.0,5.0,1.0,1.0,0.1,1041,18,Defender,0.6666666666666666,0.6153846153846154,0.1146245059288537,0.0769230769230769,0.0375,0.12,46.84916891284816,47.45164662381643,40.61917288686156,42.66945711521184,44.512253496145625,True,False,Germany
1048023,Strahinja Pavlovic,8564,Milan,ITA-Serie A,2.3,53.9,0.0,0.0,3.8,1.0,0.05,0.1,0.6,1.0,0.1,0.5,0.2,0.5,0.1,7.22,0.0,11.0,0.7,1.4,0.5,1762,21,Defender,0.76,0.2631578947368421,0.0426716141001855,0.8333333333333334,0.0333333333333333,0.0909090909090909,48.76902774898058,32.485926809040016,55.91312461123781,42.90759986868477,44.43777746375348,True,False,Serbia
1403332,Aljoscha Kemlein,8149,1. FC Union Berlin,GER-Bundesliga,2.8,32.6,1.0,0.0,1.2,1.1,0.07,0.06,1.0,0.0,0.0,1.0,0.1,0.2,0.3,6.77,0.0,8.0,0.8,2.2,0.8,1297,20,Midfielder,0.7619047619047619,0.3125,0.0858895705521472,0.8,0.0323076923076923,0.1375,37.08894878706199,42.337730665560855,55.704925184878014,46.10329843112862,44.32768485976474,True,False,Germany
974618,Jan Paul van Hecke,10204,Brighton and Hove Albion,ENG-Premier League,4.2,63.5,1.0,0.0,5.1,0.9,0.04,0.09,0.9,2.0,0.13,1.1,0.3,0.8,0.1,7.09,0.0,7.0,0.7,1.4,0.1,2131,24,Defender,0.7352941176470589,0.44,0.0661417322834645,0.1111111111111111,0.0276923076923076,0.1285714285714286,43.988699979266016,44.91227797359873,44.74522686433064,43.33903517865782,44.27475180701906,True,False,Netherlands
524434,Joao Palhinha,8586,Tottenham Hotspur,ENG-Premier League,1.5,34.4,1.0,0.0,2.2,0.6,0.03,0.06,1.0,2.0,0.18,1.1,0.3,0.5,0.1,6.97,0.0,5.0,1.1,4.9,0.4,1517,23,Midfielder,0.8571428571428571,0.1833333333333333,0.0436046511627907,0.4,0.02,0.12,33.19575471698113,38.23702830188679,46.98408018867924,75.39209905660377,44.19759586507945,True,False,Portugal
445226,Jean-Philippe Gbamin,8550,Metz,FRA-Ligue 1,4.7,61.4,2.0,0.0,3.5,0.3,0.02,0.09,0.6,1.0,0.06,0.8,0.2,0.5,0.0,6.55,0.0,9.0,0.5,1.8,0.8,1559,19,Defender,0.8125,0.3076923076923077,0.0765472312703583,1.3333333333333337,0.0163636363636363,0.0333333333333333,37.92747641509435,24.15683962264151,87.25530660377359,50.16214622641509,44.12852357105529,True,False,Ivory Coast
561046,Ruben Aguilar,8588,Lens,FRA-Ligue 1,1.1,36.7,6.0,0.0,1.6,2.0,0.12,0.05,1.4,2.0,0.12,1.5,0.2,0.6,0.5,7.22,0.0,19.0,0.8,2.1,0.4,1501,20,Midfielder,0.72,0.4166666666666666,0.0299727520435967,0.2857142857142857,0.0352941176470588,0.1052631578947368,46.82119963369963,62.92814810975188,25.68134027921764,50.61391163867578,44.06587525612601,True,False,France
503659,Joachim Andersen,9879,Fulham,ENG-Premier League,5.5,64.9,3.0,0.0,7.2,1.5,0.06,0.05,1.0,1.0,0.0,1.0,0.1,0.7,0.0,6.91,0.0,6.0,0.5,1.5,0.2,2202,25,Defender,0.7142857142857143,0.4,0.0847457627118644,0.2,0.0272727272727272,0.25,35.90186346672196,53.0048552076854,50.36180368373764,39.51558504388693,43.902880201693975,True,False,Denmark
762028,Ylber Ramadani,9888,Lecce,ITA-Serie A,2.4,34.1,0.0,0.0,1.5,1.0,0.04,0.03,1.4,0.0,0.04,1.4,0.2,0.3,0.6,6.96,0.0,12.0,0.9,2.5,0.3,2076,24,Midfielder,0.7358490566037736,0.358974358974359,0.0703812316715542,0.2142857142857143,0.0171428571428571,0.0833333333333333,34.30666424770198,29.2192964268436,54.37653345082591,80.35218829912226,43.84129836716361,True,False,Albania
1052898,Destiny Udogie,8586,Tottenham Hotspur,ENG-Premier League,0.6,39.2,2.0,0.0,1.3,1.2,0.06,0.01,1.4,1.0,0.0,1.0,0.0,0.3,0.4,6.89,0.0,16.0,0.2,3.5,0.6,1931,25,Defender,0.7627118644067796,0.2222222222222222,0.0153061224489795,0.4285714285714286,0.0085714285714285,0.075,32.747252747252745,41.20879120879121,42.08791208791208,76.85714285714286,43.8002029591598,False,False,Italy
824623,Martin Frese,9876,Verona,ITA-Serie A,1.3,20.9,1.0,0.0,3.2,1.4,0.08,0.1,1.6,0.0,0.06,0.9,0.4,0.3,0.1,6.86,0.0,20.0,0.9,2.8,0.0,1477,19,Midfielder,0.6981132075471698,0.2432432432432432,0.062200956937799,0.0,0.0444444444444444,0.0699999999999999,69.66391509433963,46.10849056603774,19.610849056603776,55.7370283018868,43.7724092429936,True,False,Denmark
214972,Geoffrey Kondogbia,8592,Marseille,FRA-Ligue 1,1.7,73.8,0.0,0.0,2.8,1.1,0.05,0.02,0.8,0.0,0.0,1.0,0.0,0.3,0.4,7.11,0.0,5.0,0.4,2.7,0.4,2021,25,Midfielder,0.8222222222222223,0.2702702702702702,0.0230352303523035,0.5,0.0142857142857142,0.22,26.30494505494505,46.16483516483516,47.66483516483516,78.97527472527473,43.76599384443392,False,False,Central African Rep.
1327156,Jacques Ekomié,8121,Angers,FRA-Ligue 1,0.7,27.5,1.0,0.0,2.4,0.8,0.05,0.05,1.2,0.0,0.0,1.6,0.2,0.2,0.1,6.67,0.0,10.0,0.4,2.6,0.4,1498,22,Defender,0.7777777777777778,0.3809523809523809,0.0254545454545454,0.3333333333333333,0.025,0.08,43.794221698113205,36.82783018867924,33.876768867924525,74.5253537735849,43.74267936356049,True,False,Gabon
916710,Alessandro Zanoli,8600,Udinese,ITA-Serie A,0.6,19.5,3.0,0.0,2.5,1.1,0.07,0.01,1.1,2.0,0.07,0.5,0.1,0.3,0.3,6.94,0.0,15.0,0.2,1.7,1.0,1290,19,Midfielder,0.6666666666666666,0.2272727272727272,0.0307692307692307,0.9090909090909092,0.00875,0.0733333333333333,35.67979386965236,43.03372727901029,59.88686588568664,40.6502565830396,43.68421102636516,True,False,Italy
950829,Chris Richards,9826,Crystal Palace,ENG-Premier League,2.1,36.1,1.0,0.0,6.1,1.1,0.05,0.04,0.6,0.0,0.05,1.4,0.0,0.6,0.0,6.97,0.0,6.0,0.4,2.1,0.2,1973,22,Defender,0.853658536585366,0.3999999999999999,0.0581717451523545,0.3333333333333333,0.0222222222222222,0.1833333333333333,34.91419154744627,47.89631280669016,36.98106296219503,66.68289532794249,43.62885893477072,True,False,USA
664587,Lassana Coulibaly,9888,Lecce,ITA-Serie A,1.7,22.4,1.0,0.0,1.2,0.8,0.04,0.09,1.0,1.0,0.1,0.2,0.3,0.2,0.6,6.94,0.0,15.0,0.8,1.6,0.7,1736,21,Midfielder,0.6428571428571429,0.1111111111111111,0.0758928571428571,0.7,0.0276923076923076,0.0533333333333333,45.27504924320962,30.12874939525884,68.24020319303338,37.24587912087912,43.57412544827987,True,False,Mali
959407,James Hill,8678,Bournemouth,ENG-Premier League,2.5,28.7,2.0,0.0,7.3,0.8,0.07,0.02,0.9,3.0,0.0,1.9,0.1,0.6,0.0,7.12,0.0,5.0,0.4,1.8,0.1,1024,17,Defender,0.8043478260869564,0.5135135135135135,0.0871080139372822,0.1111111111111111,0.0155555555555555,0.16,29.55483490566038,56.450471698113205,38.829599056603776,64.66686320754718,43.50433562127678,True,False,England
707970,Djibril Sow,8302,Sevilla,ESP-La Liga,1.4,33.8,1.0,0.0,0.5,0.9,0.06,0.07,1.7,0.0,0.21,1.0,0.3,0.1,0.1,6.61,0.0,13.0,0.9,1.7,0.3,1309,20,Midfielder,0.6136363636363636,0.3703703703703703,0.0414201183431952,0.1764705882352941,0.0323076923076923,0.0692307692307692,55.33755356278942,38.62647729628862,36.92344408735918,43.06515654157164,43.47884705644007,True,False,Switzerland
413525,Laurent Abergel,8689,Lorient,FRA-Ligue 1,4.2,56.6,2.0,0.0,1.8,0.8,0.04,0.03,1.1,0.0,0.05,1.0,0.2,0.2,0.4,6.98,0.0,14.0,0.9,1.5,0.3,1826,21,Midfielder,0.6944444444444444,0.4,0.0742049469964664,0.2727272727272727,0.0171428571428571,0.0571428571428571,37.17570754716981,35.8372641509434,56.75412735849056,50.08844339622642,43.46186460388632,True,False,France
1276626,Samson Baidoo,8588,Lens,FRA-Ligue 1,2.9,48.0,1.0,0.0,3.9,0.4,0.02,0.09,0.9,1.0,0.12,1.3,0.2,1.2,0.2,7.3,0.0,3.0,0.9,1.6,0.4,1545,18,Defender,0.7631578947368421,0.4482758620689654,0.0604166666666666,0.4444444444444445,0.0163636363636363,0.1333333333333333,30.542452830188683,36.06721698113207,61.41214622641509,59.46639150943396,43.31788237523627,True,False,Austria
1208708,Omar El Hilali,8558,Espanyol,ESP-La Liga,2.0,35.1,2.0,0.0,2.4,1.5,0.08,0.0,1.3,2.0,0.0,1.2,0.0,0.4,0.1,6.8,0.0,10.0,0.1,2.5,0.2,1672,22,Defender,0.74,0.3243243243243243,0.0569800569800569,0.1538461538461538,0.001,0.15,24.141807484967867,58.9887604533831,45.85416234708688,65.847454039671,43.30875915998742,True,False,Morocco
961306,Nathan Collins,9937,Brentford,ENG-Premier League,3.1,44.3,4.0,0.0,6.7,0.8,0.03,0.07,0.6,2.0,0.04,1.2,0.2,1.4,0.0,6.96,0.0,8.0,0.5,1.0,0.1,2026,24,Defender,0.7857142857142857,0.5454545454545454,0.0699774266365688,0.1666666666666666,0.021,0.1,41.00091143133596,49.5590832123851,41.773165906420616,41.15269282604188,43.22379240099383,True,False,Ireland
1130330,Josh Doig,7943,Sassuolo,ITA-Serie A,0.6,27.4,4.0,0.0,2.7,0.8,0.04,0.03,0.7,0.0,0.0,1.2,0.2,0.7,0.1,6.64,0.0,12.0,0.5,1.6,0.5,1724,24,Defender,0.7999999999999999,0.4285714285714286,0.0218978102189781,0.7142857142857143,0.0171428571428571,0.0666666666666666,35.64268867924528,41.25,45.3066037735849,57.579599056603776,43.20571830316469,True,False,Scotland
950545,Oihan Sancet,8315,Athletic Club,ESP-La Liga,0.9,24.9,0.0,0.0,0.5,0.7,0.05,0.33,1.3,0.0,0.16,0.2,0.6,0.2,0.6,6.48,0.0,16.0,2.3,0.8,0.5,1152,17,Midfielder,0.4347826086956522,0.2,0.036144578313253,0.3846153846153846,0.0434210526315789,0.04375,71.6892364710761,33.72486004561477,52.99593095583662,21.27523066556085,43.17767095640453,True,False,Spain
1321605,Mario Martin,8305,Getafe,ESP-La Liga,1.0,19.0,0.0,0.0,0.9,0.5,0.03,0.07,2.9,0.0,0.12,0.4,0.2,0.2,0.6,6.35,0.0,7.0,1.3,2.7,0.6,1457,22,Midfielder,0.5166666666666667,0.1290322580645161,0.0526315789473684,0.2068965517241379,0.021,0.0714285714285714,43.73848831985625,31.0849315778561,50.48105864261524,52.08172213007119,43.10382296775718,True,False,Spain
678192,Jon Guridi,9866,Alavés,ESP-La Liga,0.8,23.1,2.0,0.0,0.6,1.1,0.05,0.18,1.5,1.0,0.13,0.6,0.5,0.0,0.5,6.55,0.0,17.0,1.0,1.7,0.3,2097,33,Midfielder,0.6052631578947368,0.2608695652173913,0.0346320346320346,0.1999999999999999,0.0391304347826087,0.0647058823529411,63.24175824175823,37.46703296703296,30.85164835164835,43.538461538461526,43.033603615380926,False,False,Spain
189982,Fabian Schär,10261,Newcastle United,ENG-Premier League,5.9,55.4,0.0,0.0,5.9,0.6,0.05,0.08,1.2,0.0,0.0,1.5,0.3,1.0,0.1,7.07,0.0,4.0,1.4,1.2,0.0,1091,16,Defender,0.6923076923076923,0.5555555555555555,0.1064981949458483,0.0,0.0307692307692307,0.15,43.297048863086594,42.00287684014099,41.74219883889696,44.85155764047274,42.88017850552411,True,False,Switzerland
1072056,Tommaso Barbieri,7801,Cremonese,ITA-Serie A,1.8,19.6,1.0,0.0,2.0,0.6,0.04,0.04,2.0,1.0,0.0,0.8,0.1,0.5,0.1,6.65,0.0,8.0,0.7,2.6,0.9,1240,18,Midfielder,0.6296296296296297,0.2352941176470588,0.0918367346938775,0.45,0.02,0.075,34.94988207547169,31.338443396226417,70.50117924528301,46.23820754716981,42.86495409751245,True,False,Italy
355358,Christian Günter,8358,Sport-Club Freiburg,GER-Bundesliga,1.7,24.5,1.0,0.0,1.9,1.8,0.18,0.03,0.6,2.0,0.0,0.5,0.0,0.3,0.3,6.36,0.0,14.0,0.7,0.8,0.0,909,15,Defender,0.6842105263157895,0.3846153846153846,0.0693877551020408,0.0,0.0257142857142857,0.1285714285714286,57.42373781878499,72.66137950100214,26.03742483931163,26.456773965028685,42.8016224544138,True,False,Germany
798029,Ladislav Krejci,8602,Wolverhampton Wanderers,ENG-Premier League,3.6,42.4,1.0,0.0,4.4,1.3,0.07,0.1,1.4,1.0,0.1,1.3,0.4,0.6,0.0,6.55,0.0,7.0,0.7,1.0,0.0,1799,21,Defender,0.6216216216216216,0.5652173913043479,0.0849056603773585,0.0,0.0411764705882353,0.1857142857142857,50.03138174718364,48.299597415163454,39.63696523602184,31.92791485244316,42.76789125448941,True,False,Czechia
789914,Edmond Tapsoba,8178,Bayer 04 Leverkusen,GER-Bundesliga,3.5,84.0,2.0,0.0,4.3,0.7,0.04,0.09,0.8,2.0,0.24,0.8,0.4,0.6,0.1,7.51,0.0,7.0,1.1,1.0,0.4,1496,17,Defender,0.6923076923076923,0.4444444444444445,0.0416666666666666,0.5,0.0276923076923076,0.0999999999999999,41.63522012578616,42.55746768954317,59.30100127859561,29.619008742829493,42.723007227950944,True,False,Burkina Faso
814663,Alejandro Catena,8371,Osasuna,ESP-La Liga,4.1,40.2,1.0,0.0,6.3,0.9,0.04,0.08,1.5,2.0,0.09,1.1,0.1,1.0,0.0,6.92,0.0,9.0,0.6,1.2,0.1,1935,22,Defender,0.6052631578947368,0.4782608695652174,0.1019900497512437,0.0666666666666666,0.0266666666666666,0.1,47.546262699564586,47.78605985209759,44.94158632248255,29.51734743244177,42.67148788285816,True,False,Spain
753724,Viti,8306,Las Palmas,ESP-La Liga,1.3,26.4,2.0,0.0,2.4,1.3,0.06,0.0,1.3,2.0,0.0,1.2,0.1,0.3,0.1,6.82,0.0,12.0,0.1,3.2,0.4,1986,29,Defender,0.7719298245614036,0.2727272727272727,0.0492424242424242,0.3076923076923077,0.001,0.1083333333333333,24.958791208791208,49.46703296703296,45.21978021978023,73.50274725274724,42.642126685880754,False,False,Spain
767789,Marco Friedl,8697,SV Werder Bremen,GER-Bundesliga,4.1,50.9,0.0,0.0,5.6,0.9,0.05,0.03,0.6,0.0,0.05,1.3,0.1,1.1,0.2,6.84,0.0,5.0,0.4,1.6,0.2,1760,20,Defender,0.8285714285714285,0.4482758620689654,0.0805500982318271,0.3333333333333333,0.01875,0.18,26.195422109337205,42.4187746216048,53.512466307277634,66.88920277835372,42.61299859740236,True,False,Austria
936164,Michel Ndary Adopo,8529,Cagliari,ITA-Serie A,0.6,25.6,1.0,0.0,1.4,0.4,0.02,0.07,1.1,1.0,0.05,0.9,0.4,0.2,0.4,6.73,0.0,18.0,0.9,1.7,0.5,2000,25,Midfielder,0.7027027027027027,0.3461538461538461,0.0234374999999999,0.4545454545454545,0.0155555555555555,0.0222222222222222,43.72200912295252,31.646381919966824,44.50315329324764,56.150031964890445,42.585205470999945,True,False,France
1487894,Nhoa Sangui,6379,Paris FC,FRA-Ligue 1,0.7,35.5,2.0,0.0,2.1,0.9,0.09,0.01,0.3,0.0,0.0,0.6,0.0,0.2,0.1,6.55,0.0,13.0,0.1,1.4,0.4,911,15,Defender,0.8695652173913044,0.3,0.0197183098591549,1.3333333333333337,0.009,0.0692307692307692,35.22995283018868,46.93985849056604,46.69221698113207,44.6373820754717,42.580418879881286,True,False,France
1458711,Murillo,10203,Nottingham Forest,ENG-Premier League,3.8,39.1,1.0,0.0,5.5,0.4,0.03,0.03,0.9,0.0,0.06,1.6,0.2,1.0,0.1,7.02,0.0,6.0,0.4,1.6,0.5,1551,18,Defender,0.7804878048780487,0.5,0.0971867007672634,0.5555555555555556,0.015,0.0666666666666666,29.23655746768954,29.017736194622987,76.86376045338311,57.71069182389937,42.57213350186834,True,False,Brazil
477588,Álex Moreno,7732,Girona,ESP-La Liga,0.6,31.3,5.0,0.0,3.7,1.6,0.08,0.07,1.1,3.0,0.0,1.0,0.2,0.3,0.3,6.85,0.0,11.0,0.7,1.2,1.4,1845,21,Defender,0.6666666666666666,0.4545454545454545,0.0191693290734824,1.2727272727272725,0.0373333333333333,0.1454545454545454,41.7950661759624,59.05665560854241,43.29336858110442,28.098188368235537,42.46153852590372,True,False,Spain
1073941,Lilian Brassier,9851,Rennes,FRA-Ligue 1,1.7,49.4,2.0,0.0,2.6,0.9,0.06,0.04,1.1,1.0,0.0,1.4,0.0,1.1,0.1,6.88,0.0,10.0,0.4,1.5,0.4,1352,17,Defender,0.725,0.4827586206896551,0.034412955465587,0.3636363636363636,0.0239999999999999,0.09,40.514418757343286,38.21502004285023,41.89614434307831,52.542591056742,42.41185013370324,True,False,France
1125187,Ramon Hendriks,10269,VfB Stuttgart,GER-Bundesliga,1.5,51.5,1.0,0.0,3.9,0.9,0.07,0.01,0.6,2.0,0.0,0.8,0.0,0.8,0.2,6.85,0.0,4.0,0.2,1.6,0.2,1141,19,Defender,0.8,0.3333333333333333,0.029126213592233,0.3333333333333333,0.00875,0.225,29.197810836961786,58.356166632110025,38.199573225516616,56.72296806966619,42.40266895977677,True,False,Netherlands
1539619,Juma Bah,9831,Nice,FRA-Ligue 1,2.1,55.3,1.0,0.0,7.0,0.6,0.05,0.04,1.5,0.0,0.0,1.1,0.1,1.1,0.2,6.6,0.0,3.0,0.4,1.4,0.6,1189,17,Defender,0.625,0.44,0.0379746835443038,0.3999999999999999,0.0222222222222222,0.1999999999999999,31.54481132075472,48.71462264150944,55.96698113207547,39.02122641509434,42.34833786226649,True,False,Sierra Leone
812415,Hugo Magnetti,8521,Brest,FRA-Ligue 1,1.8,33.0,1.0,0.0,1.9,0.9,0.05,0.02,1.4,0.0,0.05,1.6,0.2,0.0,0.3,6.87,0.0,11.0,0.9,2.1,0.5,1735,21,Midfielder,0.7254901960784315,0.4324324324324324,0.0545454545454545,0.3571428571428571,0.0142857142857142,0.0818181818181818,30.44187141474877,36.76290690441634,50.70712385099177,65.83977814638193,42.30179355792279,True,False,France
1306664,Danilo Veiga,9888,Lecce,ITA-Serie A,1.9,23.8,0.0,0.0,3.8,1.1,0.05,0.01,1.0,1.0,0.0,0.7,0.1,0.3,0.2,6.81,0.0,15.0,0.2,3.0,0.4,1900,23,Defender,0.7872340425531915,0.1891891891891891,0.0798319327731092,0.4,0.0083333333333333,0.0733333333333333,30.21816037735849,33.56721698113208,56.88974056603773,64.56073113207547,42.29718032983921,True,False,Portugal
1052330,Manuel Sánchez,8581,Levante,ESP-La Liga,0.9,24.1,1.0,0.0,2.9,0.8,0.04,0.03,0.9,1.0,0.05,1.2,0.1,0.2,0.3,6.71,0.0,11.0,0.4,2.6,0.4,1727,20,Defender,0.8085106382978723,0.3157894736842105,0.0373443983402489,0.4444444444444445,0.0171428571428571,0.0727272727272727,34.71403301886792,33.360849056603776,41.28242924528302,78.26650943396227,42.22963228806754,True,False,Spain
689987,Jakub Piotrowski,8600,Udinese,ITA-Serie A,1.0,22.2,1.0,0.0,2.1,0.4,0.03,0.14,1.6,1.0,0.08,1.0,0.4,0.3,0.3,6.66,0.0,10.0,1.9,2.5,0.5,1073,21,Midfielder,0.6862745098039216,0.2857142857142857,0.045045045045045,0.3125,0.0247058823529411,0.04,49.86733490566039,24.83490566037736,43.720518867924525,61.15860849056604,42.22535623451702,True,False,Poland
801120,Jens-Lys Cajuste,9902,Ipswich Town,ENG-Premier League,1.1,28.6,0.0,0.0,1.5,0.7,0.03,0.03,1.1,1.0,0.05,1.3,0.0,0.5,0.5,6.59,0.0,13.0,0.5,2.0,1.3,1976,30,Midfielder,0.7499999999999999,0.393939393939394,0.0384615384615384,1.1818181818181817,0.015,0.0538461538461538,33.02197802197802,22.28021978021978,69.07692307692307,72.87362637362637,42.16655447388701,False,False,Sweden
666954,Chidozie Awaziem,9830,Nantes,FRA-Ligue 1,6.0,53.5,1.0,0.0,7.7,1.1,0.06,0.03,0.9,1.0,0.06,1.0,0.2,0.7,0.0,6.84,0.0,8.0,0.4,1.1,0.2,1606,18,Defender,0.7000000000000001,0.4761904761904761,0.1121495327102803,0.2222222222222222,0.02,0.1375,36.07016509433963,51.23820754716981,52.97759433962264,31.326650943396228,42.145263468068414,True,False,Nigeria
625340,Mauro Arambarri,8305,Getafe,ESP-La Liga,1.1,17.2,1.0,0.0,0.9,0.5,0.02,0.19,1.4,1.0,0.21,0.7,0.5,0.2,0.7,7.02,0.0,13.0,1.7,2.0,0.7,2130,24,Midfielder,0.6585365853658538,0.2592592592592592,0.063953488372093,0.5,0.018095238095238,0.0384615384615384,50.21200497615592,22.91319372451448,57.0378395189716,47.44338326767572,42.12496691436417,True,False,Uruguay
1422593,Joshua King,9879,Fulham,ENG-Premier League,0.2,18.4,0.0,0.0,1.1,0.4,0.04,0.13,0.8,1.0,0.0,0.2,0.7,0.2,0.3,6.45,0.0,8.0,1.8,2.0,1.1,919,21,Midfielder,0.7333333333333334,0.0909090909090909,0.0108695652173913,1.375,0.0305882352941176,0.05,51.26768867924528,21.650943396226417,59.17452830188679,46.798349056603776,42.06318318040852,True,False,England
191869,Kieran Trippier,10261,Newcastle United,ENG-Premier League,2.6,50.4,1.0,0.0,2.7,1.6,0.13,0.0,1.3,0.0,0.0,0.5,0.0,0.1,0.0,6.8,0.0,21.0,0.1,1.4,0.2,1141,14,Defender,0.5937499999999999,0.2631578947368421,0.0515873015873015,0.1538461538461538,0.001,0.0761904761904762,41.04743330568802,52.62215771649735,41.6576387449029,33.13757429677241,42.00159374892437,True,False,England
1337884,Konstantinos Koulierakis,8721,VfL Wolfsburg,GER-Bundesliga,3.1,50.1,0.0,0.0,6.4,0.7,0.04,0.12,1.0,0.0,0.06,1.5,0.4,0.7,0.1,6.68,0.0,5.0,1.0,1.1,0.1,1582,19,Defender,0.7222222222222222,0.5769230769230769,0.06187624750499,0.1,0.0299999999999999,0.1399999999999999,41.40032137673648,36.487550971041536,45.02210328979197,46.78834922938697,41.977955416544425,True,False,Greece
1186015,Albian Hajdari,8226,TSG 1899 Hoffenheim,GER-Bundesliga,3.9,46.1,2.0,0.0,7.1,0.4,0.03,0.08,1.7,0.0,0.06,1.3,0.2,0.8,0.1,7.11,0.0,3.0,0.6,2.3,0.1,1559,19,Defender,0.6792452830188679,0.3611111111111111,0.0845986984815618,0.0588235294117647,0.0218181818181818,0.1333333333333333,34.25707547169812,42.659198113207545,40.19162735849056,58.10731132075471,41.8608758843892,True,False,Kosovo
1176780,Nnamdi Collins,9810,Eintracht Frankfurt,GER-Bundesliga,2.3,49.7,1.0,0.0,4.1,0.3,0.02,0.02,1.3,1.0,0.08,1.8,0.1,0.1,0.3,6.66,0.0,2.0,0.2,3.3,0.6,1073,18,Defender,0.796875,0.3529411764705882,0.0462776659959758,0.4615384615384615,0.01,0.15,21.97543023014721,42.312348814707306,57.11564379017209,73.4360140645518,41.83777575547432,True,False,Germany
956659,Himad Abdelli,8592,Marseille,FRA-Ligue 1,0.0,50.4,0.0,0.0,0.0,0.7,0.07,0.19,1.6,0.0,0.0,0.0,0.5,0.0,0.6,7.05,0.0,9.0,1.3,0.0,0.0,993,15,Midfielder,0.0,0.0,0.0,0.0,0.0511538461538461,0.0777777777777777,72.10758777386137,45.91094754302301,27.43361237818785,27.741529304029303,41.7897894906402,True,False,Algeria
1333066,Rahim Alhassane,8670,Real Oviedo,ESP-La Liga,1.3,30.6,2.0,0.0,3.8,0.8,0.05,0.0,0.4,0.0,0.0,1.5,0.0,0.4,0.1,6.67,0.0,14.0,0.1,1.8,0.4,1413,19,Defender,0.8918918918918919,0.4545454545454546,0.0424836601307189,1.0,0.001,0.0571428571428571,25.67806603773585,38.08372641509434,54.663915094339615,69.27771226415094,41.744325042539046,True,False,Niger
1119461,Loic Badé,8178,Bayer 04 Leverkusen,GER-Bundesliga,2.6,73.8,0.0,0.0,5.9,0.7,0.05,0.07,0.6,0.0,0.0,1.3,0.2,1.0,0.1,7.05,0.0,2.0,0.6,1.9,0.2,1309,18,Defender,0.8421052631578947,0.40625,0.035230352303523,0.3333333333333333,0.0291666666666666,0.35,30.816530167945263,34.914541433409354,53.06058642615246,60.71102875112309,41.709332202737706,True,False,France
729093,Mathias Olivera,9875,Napoli,ITA-Serie A,1.7,45.1,2.0,0.0,2.5,0.8,0.03,0.04,1.1,2.0,0.0,1.1,0.1,0.5,0.1,7.12,0.0,25.0,0.6,2.4,0.2,2371,32,Defender,0.7608695652173914,0.3142857142857143,0.0376940133037694,0.1818181818181818,0.0171428571428571,0.032,43.65384615384615,33.104395604395606,34.47802197802198,65.89285714285714,41.69955527498427,False,False,Uruguay
215584,David Lopez,7732,Girona,ESP-La Liga,3.1,69.3,1.0,0.0,4.1,1.3,0.05,0.03,0.4,1.0,0.04,0.5,0.1,0.4,0.1,6.77,0.0,4.0,0.4,1.2,0.2,2429,29,Defender,0.8095238095238094,0.2941176470588235,0.0447330447330447,0.5,0.01875,0.325,29.876373626373624,50.20879120879121,53.0576923076923,40.33516483516483,41.6981860214287,False,False,Spain
741049,Eljif Elmas,9875,Napoli,ITA-Serie A,0.6,32.2,1.0,0.0,1.0,1.4,0.1,0.15,0.8,2.0,0.0,0.4,0.4,0.1,0.5,6.84,0.0,18.0,1.2,1.4,0.9,1227,22,Midfielder,0.6923076923076923,0.2222222222222222,0.0186335403726708,1.125,0.06,0.0777777777777777,55.10436104775727,43.27742069251503,40.18802266915474,27.02900597829843,41.5729945250131,True,False,North Macedonia
1352713,Carlos Baleba,10204,Brighton and Hove Albion,ENG-Premier League,1.6,33.7,0.0,0.0,1.6,0.3,0.02,0.03,1.9,0.0,0.0,1.7,0.0,0.2,0.4,6.55,0.0,4.0,0.9,2.0,0.7,1191,21,Midfielder,0.6607142857142858,0.4594594594594594,0.0474777448071216,0.3684210526315789,0.0119999999999999,0.075,31.29077683322966,24.43014375561545,63.32960985555326,73.08247805653467,41.56911373190477,True,False,Cameroon
724196,Danilho Doekhi,8149,1. FC Union Berlin,GER-Bundesliga,1.9,26.4,0.0,0.0,5.0,1.4,0.06,0.14,1.0,0.0,0.18,1.2,0.2,0.5,0.1,7.0,0.0,6.0,1.4,1.5,0.0,1980,22,Defender,0.7297297297297297,0.4444444444444444,0.0719696969696969,0.0,0.042,0.2333333333333333,50.31625803441841,44.44406144170295,28.30960156196005,46.38893064482687,41.565427065020174,True,False,Netherlands
556972,Sasa Lukic,9879,Fulham,ENG-Premier League,0.5,29.9,1.0,0.0,1.9,1.4,0.1,0.13,2.8,2.0,0.07,0.8,0.2,0.5,0.2,6.78,0.0,22.0,0.9,2.6,0.1,1212,19,Midfielder,0.5483870967741936,0.2352941176470588,0.0167224080267558,0.0357142857142857,0.0565217391304347,0.0636363636363636,68.28845289930194,46.73646243693414,17.46835907802889,50.07438748358559,41.51492886584778,True,False,Serbia
1388678,Clement Akpa,8583,Auxerre,FRA-Ligue 1,3.4,40.2,1.0,0.0,4.0,0.8,0.04,0.01,0.6,0.0,0.0,1.0,0.0,0.4,0.1,6.64,0.0,8.0,0.3,1.4,0.6,1680,20,Defender,0.7999999999999999,0.4166666666666667,0.0845771144278606,1.0,0.008,0.1,21.170174165457183,39.151409910843874,75.76379673785334,57.57596413020942,41.47800477539456,True,False,Ivory Coast
115067,Nemanja Matic,7943,Sassuolo,ITA-Serie A,4.1,49.7,1.0,0.0,1.7,1.0,0.04,0.01,0.9,1.0,0.04,0.8,0.2,0.4,0.5,7.06,0.0,19.0,0.4,1.6,0.3,2011,23,Midfielder,0.7272727272727273,0.3333333333333333,0.0824949698189134,0.3333333333333333,0.008,0.0526315789473684,30.89622641509434,34.528301886792455,59.07134433962264,52.1314858490566,41.474357900548775,True,False,Serbia
304348,Rani Khedira,8149,1. FC Union Berlin,GER-Bundesliga,0.8,13.9,3.0,0.0,2.2,1.1,0.05,0.07,1.4,0.0,0.19,1.3,0.4,0.2,0.3,6.98,0.0,12.0,0.8,2.5,0.1,1850,21,Midfielder,0.7307692307692308,0.3421052631578947,0.0575539568345323,0.0714285714285714,0.0291666666666666,0.0916666666666666,46.732864226968,43.43131004215911,22.95705041813532,68.27045321031169,41.439359231553,True,False,Tunisia
1332850,Enzo Tchato,10249,Montpellier,FRA-Ligue 1,1.3,28.2,2.0,0.0,2.5,1.2,0.06,0.01,1.0,0.0,0.0,1.0,0.1,0.5,0.0,6.52,0.0,14.0,0.2,2.3,0.3,1902,27,Defender,0.7674418604651163,0.303030303030303,0.0460992907801418,0.3,0.0085714285714285,0.0857142857142857,31.332417582417587,43.52197802197802,41.00824175824175,59.88186813186813,41.414477214243874,False,False,Cameroon
1359649,Noah Sadiki,8472,Sunderland,ENG-Premier League,1.3,31.2,0.0,0.0,1.5,0.9,0.04,0.02,0.9,0.0,0.0,1.3,0.0,0.3,0.3,6.9,0.0,10.0,0.3,1.5,0.7,1845,21,Midfielder,0.7567567567567568,0.4642857142857143,0.0416666666666666,0.7777777777777777,0.0133333333333333,0.09,28.71462264150944,32.924528301886795,60.23584905660377,59.823113207547166,41.41411503629671,True,False,DR Congo
789066,Cristian Romero,8586,Tottenham Hotspur,ENG-Premier League,2.2,47.2,4.0,0.0,4.5,1.2,0.06,0.07,1.5,1.0,0.21,1.5,0.3,0.7,0.1,7.06,0.0,9.0,0.8,2.8,0.4,1712,21,Defender,0.7413793103448276,0.3488372093023256,0.0466101694915254,0.2666666666666666,0.0323076923076923,0.1333333333333333,36.95936139332365,50.57155815882231,33.967503801230215,48.9590374248393,41.40248453263255,True,False,Argentina
362694,Luke Shaw,10260,Manchester United,ENG-Premier League,1.9,45.8,1.0,0.0,2.1,1.4,0.06,0.02,1.3,1.0,0.0,1.1,0.1,0.2,0.1,6.89,0.0,15.0,0.2,2.1,0.2,2271,26,Defender,0.7111111111111111,0.34375,0.0414847161572052,0.1538461538461538,0.0149999999999999,0.0933333333333333,37.57370283018868,46.3502358490566,32.72995283018868,55.25058962264151,41.32205526688918,True,False,England
861805,Jaka Bijol,8463,Leeds United,ENG-Premier League,2.8,45.5,1.0,0.0,6.3,0.5,0.04,0.04,0.8,1.0,0.08,1.5,0.3,0.4,0.1,7.0,0.0,3.0,0.5,1.3,0.2,1075,13,Defender,0.7777777777777778,0.5357142857142857,0.0615384615384615,0.25,0.02,0.1666666666666666,28.69988207547169,45.070754716981135,46.762971698113205,54.62264150943396,41.28457389022415,True,False,Slovenia
159833,Kyle Walker,8191,Burnley,ENG-Premier League,2.5,30.8,3.0,0.0,3.0,1.0,0.04,0.01,1.0,2.0,0.0,1.3,0.0,0.3,0.2,6.67,0.0,8.0,0.1,1.4,0.4,2237,25,Defender,0.7297297297297297,0.4814814814814814,0.0811688311688311,0.4,0.008,0.125,21.22641509433962,51.155660377358494,61.11733490566037,52.037146226415096,41.2183133008653,True,False,England
1185748,Amadou Onana,10252,Aston Villa,ENG-Premier League,2.0,36.6,0.0,0.0,3.5,0.3,0.02,0.04,1.2,0.0,0.16,1.4,0.2,0.9,0.2,7.07,0.0,3.0,0.6,2.6,0.5,1146,17,Midfielder,0.7692307692307692,0.35,0.0546448087431694,0.4166666666666667,0.0133333333333333,0.0999999999999999,31.767680040085697,26.471447577579653,55.32777835372175,72.90716791070565,41.16991083106655,True,False,Belgium
795179,Gabriel,9825,Arsenal,ENG-Premier League,2.4,54.2,4.0,0.0,5.9,1.1,0.05,0.09,0.6,3.0,0.15,0.8,0.2,1.1,0.1,7.33,0.0,5.0,0.8,1.1,0.0,1806,21,Defender,0.76,0.4210526315789473,0.044280442804428,0.0,0.0321428571428571,0.22,49.20789705577442,54.55940286128966,29.37147522289032,33.751697594857966,41.15934055855576,True,False,Brazil
169586,Leandro Cabrera,8558,Espanyol,ESP-La Liga,2.9,34.2,1.0,0.0,5.1,1.1,0.05,0.1,0.8,0.0,0.13,0.7,0.4,0.6,0.1,6.82,0.0,6.0,1.2,1.1,0.2,2070,23,Defender,0.6923076923076923,0.3888888888888888,0.0847953216374269,0.25,0.0333333333333333,0.1833333333333333,42.586909945400514,44.25162416200152,45.87516414403206,30.95637224410809,41.09694720326942,True,False,Uruguay
492116,Jordan Lefort,8121,Angers,FRA-Ligue 1,3.2,51.2,2.0,0.0,5.5,0.8,0.04,0.02,0.6,1.0,0.0,1.4,0.0,0.5,0.0,6.83,0.0,5.0,0.3,1.2,0.2,1980,22,Defender,0.8125,0.5384615384615385,0.0625,0.3333333333333333,0.0133333333333333,0.16,24.200251399543856,49.98476052249637,53.26610771304168,51.1149915336236,41.03720432079603,True,False,Mauritania
872396,Pathé Ciss,8370,Rayo Vallecano,ESP-La Liga,3.7,53.0,0.0,0.0,2.9,0.3,0.02,0.13,1.3,0.0,0.08,1.4,0.5,0.6,0.1,6.83,0.0,7.0,0.9,2.5,0.3,1130,16,Midfielder,0.75,0.358974358974359,0.0698113207547169,0.2307692307692307,0.0173333333333333,0.0428571428571428,42.69254526919621,19.921798327458703,55.98682096205681,64.31035748842352,40.98409842956799,True,False,Senegal
423624,Patrick Mainka,94937,1. FC Heidenheim 1846,GER-Bundesliga,1.4,37.3,2.0,0.0,7.3,0.7,0.03,0.1,0.3,1.0,0.05,1.0,0.2,1.4,0.0,6.73,0.0,7.0,1.0,1.5,0.1,1980,22,Defender,0.8928571428571429,0.4,0.0375335120643431,0.3333333333333333,0.023076923076923,0.0999999999999999,38.96390559126408,37.12527645310664,36.15985468933582,58.10169586702606,40.92706485397208,True,False,Germany
765998,Amos Pieper,8697,SV Werder Bremen,GER-Bundesliga,4.5,57.6,0.0,0.0,7.2,0.4,0.04,0.04,0.7,0.0,0.0,1.8,0.3,0.9,0.1,6.94,0.0,2.0,0.8,2.2,0.0,960,12,Defender,0.851063829787234,0.45,0.078125,0.0,0.02,0.2,27.661617077890657,42.17734466791071,38.99429815467551,75.16886101320063,40.90637064815248,True,False,Germany
574642,Ellyes Skhiri,9810,Eintracht Frankfurt,GER-Bundesliga,1.9,44.1,0.0,0.0,1.3,0.4,0.04,0.03,0.8,0.0,0.0,1.7,0.0,0.2,0.2,6.56,0.0,5.0,0.5,0.9,0.2,934,14,Midfielder,0.7647058823529411,0.6538461538461539,0.0430839002267573,0.25,0.0171428571428571,0.08,38.55458221024259,34.32390801022876,40.797895500725694,55.82892736194624,40.90282271477376,True,False,Tunisia
637756,Carles Alena,9866,Alavés,ESP-La Liga,1.1,33.9,6.0,0.0,1.3,2.3,0.14,0.11,1.5,4.0,0.0,0.5,0.2,0.1,0.3,6.67,0.0,24.0,1.3,1.7,0.7,1466,24,Midfielder,0.5945945945945946,0.2272727272727272,0.0324483775811209,0.4666666666666666,0.0616,0.0958333333333333,55.46759451240584,49.46471767226484,35.68723650563273,24.05730786509088,40.847296538237856,True,False,Spain
540963,Sander Berge,9879,Fulham,ENG-Premier League,1.7,48.3,3.0,0.0,1.6,1.1,0.04,0.05,1.0,1.0,0.0,0.7,0.1,0.6,0.2,6.64,0.0,15.0,0.4,1.8,0.3,2166,26,Midfielder,0.7142857142857143,0.2799999999999999,0.0351966873706004,0.3,0.0222222222222222,0.0733333333333333,39.40918947404797,35.965426083350614,43.61762647729629,46.52815070149976,40.84220857416133,True,False,Norway
1239595,Dario Essugo,8306,Las Palmas,ESP-La Liga,2.0,37.4,0.0,0.0,1.9,0.7,0.03,0.03,1.7,0.0,0.05,1.9,0.2,0.5,0.3,6.8,0.0,13.0,1.1,2.7,0.6,1952,27,Midfielder,0.7301587301587301,0.4130434782608695,0.053475935828877,0.3529411764705882,0.015,0.0538461538461538,33.02197802197802,22.28021978021978,57.64835164835164,77.6868131868132,40.82131376396784,False,False,Portugal
1693531,Sascha Britschgi,10167,Parma,ITA-Serie A,0.7,20.1,3.0,0.0,1.8,1.2,0.07,0.02,0.8,2.0,0.0,0.4,0.2,0.2,0.3,6.63,0.0,14.0,0.7,1.7,0.3,1566,21,Midfielder,0.7241379310344827,0.1904761904761904,0.0348258706467661,0.3749999999999999,0.0155555555555555,0.0857142857142857,39.07724056603774,51.52122641509434,33.416863207547166,41.77771226415094,40.80882268519859,True,False,Switzerland
844943,Flynn Downes,8466,Southampton,ENG-Premier League,0.8,41.9,2.0,0.0,2.1,1.4,0.06,0.03,2.1,0.0,0.04,1.3,0.1,0.4,0.4,6.53,0.0,15.0,0.4,2.0,0.3,2154,27,Midfielder,0.611111111111111,0.393939393939394,0.0190930787589498,0.1428571428571428,0.02,0.0933333333333333,41.34615384615385,46.18681318681319,26.170329670329675,59.49450549450549,40.77628955176721,False,False,England
672469,Ben Chilwell,9848,Strasbourg,FRA-Ligue 1,1.2,39.0,4.0,0.0,3.1,0.9,0.06,0.0,0.9,2.0,0.0,1.2,0.1,0.3,0.2,6.73,0.0,7.0,0.1,1.5,0.6,1299,16,Defender,0.75,0.4444444444444444,0.0307692307692307,0.6666666666666666,0.001,0.1285714285714286,20.327240566037737,57.470518867924525,52.71816037735849,54.35731132075471,40.7217527579668,True,False,England
488412,Clément Lenglet,9906,Atlético de Madrid,ESP-La Liga,4.6,54.2,2.0,0.0,4.7,0.7,0.03,0.11,1.3,1.0,0.09,1.0,0.2,0.8,0.0,7.13,0.0,5.0,0.5,1.2,0.1,1976,23,Defender,0.6285714285714287,0.4545454545454545,0.084870848708487,0.0769230769230769,0.0235714285714285,0.1399999999999999,42.10164835164836,45.25274725274725,44.22802197802198,30.45054945054945,40.67657456719099,False,False,France
900523,Keven Schlotterbeck,8406,FC Augsburg,GER-Bundesliga,3.8,46.5,1.0,0.0,5.7,0.8,0.05,0.03,1.3,1.0,0.0,1.0,0.1,1.0,0.0,7.1,0.0,9.0,0.6,1.7,0.4,1476,17,Defender,0.675,0.3703703703703703,0.0817204301075268,0.3076923076923077,0.01875,0.0888888888888888,34.81168791899924,34.14068007464234,58.11185551869514,40.875509710415365,40.66252921923496,True,False,Germany
828159,Min-Jae Kim,9823,Bayern München,GER-Bundesliga,2.9,91.9,0.0,0.0,3.4,0.9,0.04,0.06,1.0,0.0,0.08,1.5,0.2,0.4,0.1,7.37,0.0,6.0,0.3,1.4,0.1,2289,27,Defender,0.7435897435897436,0.5172413793103449,0.0315560391730141,0.1,0.0239999999999999,0.15,38.98351648351648,41.91758241758242,32.47527472527473,54.835164835164825,40.60349328800151,False,False,South Korea
304345,Sead Kolasinac,8524,Atalanta,ITA-Serie A,1.1,51.5,5.0,0.0,2.5,1.5,0.07,0.04,1.8,2.0,0.0,1.2,0.1,0.3,0.4,7.12,0.0,17.0,0.5,1.9,0.1,1910,23,Defender,0.6326530612244898,0.3870967741935484,0.0213592233009708,0.0555555555555555,0.0254545454545454,0.088235294117647,49.2032967032967,53.96153846153846,18.06318681318681,57.934065934065934,40.49531081368524,False,False,Bosnia and Herzegovina
637716,Bernardo,8226,TSG 1899 Hoffenheim,GER-Bundesliga,1.7,37.8,1.0,0.0,5.2,0.6,0.04,0.01,1.8,0.0,0.0,1.6,0.0,0.5,0.2,7.23,0.0,6.0,0.4,2.8,0.3,1580,18,Defender,0.7096774193548387,0.3636363636363636,0.0449735449735449,0.1666666666666666,0.008,0.0999999999999999,26.64331933789481,41.91526712281429,41.57551489391111,70.10125095030754,40.46915359588336,True,False,Brazil
1258292,Nicolo Bertola,8600,Udinese,ITA-Serie A,2.5,31.4,2.0,0.0,4.1,0.7,0.04,0.03,1.1,1.0,0.0,1.0,0.2,0.7,0.2,6.77,0.0,8.0,0.7,1.9,0.2,1488,21,Defender,0.725,0.3448275862068966,0.0796178343949044,0.1818181818181818,0.0171428571428571,0.0875,31.235259433962263,38.40801886792453,45.4127358490566,54.77004716981131,40.41122833415406,True,False,Italy
651435,Toma Basic,8543,Lazio,ITA-Serie A,1.0,36.7,4.0,0.0,1.1,1.5,0.12,0.09,1.1,2.0,0.08,0.7,0.7,0.5,0.5,6.83,0.0,14.0,2.0,1.2,0.1,1180,16,Midfielder,0.6333333333333333,0.3684210526315789,0.0272479564032697,0.0909090909090909,0.0514285714285714,0.1071428571428571,69.53125,67.02830188679246,14.460495283018869,34.330778301886795,40.40183468154645,True,False,Croatia
889535,Yann Aurel Bisseck,8636,Internazionale,ITA-Serie A,1.3,55.3,0.0,0.0,4.1,0.5,0.04,0.17,1.3,1.0,0.15,0.8,0.7,0.4,0.1,7.32,0.0,5.0,1.6,1.3,0.5,1192,14,Defender,0.6176470588235293,0.3809523809523809,0.023508137432188,0.3846153846153846,0.0323809523809523,0.1,52.94135306517382,40.29829290206649,38.08791208791209,28.91871846706752,40.35457459500873,True,False,Germany
874621,Martin Payero,7801,Cremonese,ITA-Serie A,0.9,21.2,1.0,0.0,1.2,0.5,0.04,0.12,2.4,0.0,0.08,0.6,0.4,0.2,0.3,6.54,0.0,8.0,1.5,1.3,1.5,1146,17,Midfielder,0.4418604651162791,0.3157894736842105,0.0424528301886792,0.625,0.0299999999999999,0.0625,50.33903301886792,28.525943396226417,63.49646226415094,25.28596698113208,40.33153582110841,True,False,Argentina
303879,Lucas Torro,8371,Osasuna,ESP-La Liga,1.6,29.7,1.0,0.0,2.2,0.6,0.03,0.06,1.4,1.0,0.0,1.1,0.3,0.2,0.2,6.91,0.0,10.0,1.0,1.3,0.3,1575,22,Midfielder,0.6315789473684211,0.4583333333333333,0.0538720538720538,0.2142857142857143,0.02,0.06,42.10538478816781,34.39632144584974,40.26747270025572,46.17675720505909,40.3229754448925,True,False,Spain
575364,Alberto Grassi,7801,Cremonese,ITA-Serie A,1.5,34.9,0.0,0.0,3.1,0.4,0.04,0.04,0.7,0.0,0.0,1.9,0.3,0.5,0.3,6.55,0.0,2.0,0.4,1.1,0.3,1046,19,Midfielder,0.8108108108108107,0.6333333333333333,0.0429799426934097,0.4285714285714286,0.02,0.2,27.550117924528298,41.20283018867925,43.92393867924528,62.43808962264151,40.3212550147659,True,False,Italy
195750,Nicolás Tagliafico,9748,Lyon,FRA-Ligue 1,1.1,41.7,3.0,0.0,2.3,0.7,0.06,0.12,2.4,3.0,0.0,1.4,0.1,0.3,0.1,6.92,0.0,9.0,1.1,1.8,0.2,977,14,Defender,0.5714285714285715,0.4374999999999999,0.026378896882494,0.0833333333333333,0.04,0.0777777777777777,57.9096689474048,47.24002177068215,17.353704471628998,55.026504941599285,40.3055899310502,True,False,Argentina
500502,Adam Masina,9804,Torino,ITA-Serie A,3.1,49.1,1.0,0.0,4.2,0.7,0.03,0.03,1.1,2.0,0.05,1.3,0.1,0.7,0.1,6.87,0.0,4.0,0.4,1.5,0.3,1918,28,Defender,0.717948717948718,0.4642857142857143,0.0631364562118126,0.2727272727272727,0.015,0.175,24.8489010989011,44.04395604395605,53.6923076923077,51.780219780219774,40.26007057569037,False,False,Morocco
793907,Trevoh Chalobah,8455,Chelsea,ENG-Premier League,1.6,68.4,0.0,0.0,6.2,0.8,0.03,0.05,0.7,0.0,0.12,1.2,0.2,0.5,0.2,7.12,0.0,3.0,0.5,1.3,0.2,2192,25,Defender,0.78125,0.48,0.023391812865497,0.2857142857142857,0.01875,0.2666666666666666,33.29177897574124,39.38378602529546,39.72966341834266,54.902580516967305,40.10769831472952,True,False,England
1174296,Andre,8602,Wolverhampton Wanderers,ENG-Premier League,2.1,40.2,1.0,0.0,2.0,0.7,0.04,0.01,1.4,0.0,0.0,0.9,0.0,0.4,0.3,6.67,0.0,11.0,0.4,2.7,0.5,1777,24,Midfielder,0.72,0.25,0.0522388059701492,0.3571428571428571,0.008,0.0636363636363636,26.6441184601562,29.198778422835023,56.94984103946368,70.22403500587463,40.01214762025848,True,False,Brazil
711357,Ethan Pinnock,9937,Brentford,ENG-Premier League,2.2,42.5,2.0,0.0,6.5,0.7,0.03,0.05,0.4,0.0,0.09,1.1,0.3,0.8,0.0,6.68,0.0,8.0,0.5,1.6,0.1,1913,22,Defender,0.8709677419354839,0.4074074074074074,0.0517647058823529,0.25,0.01875,0.0875,35.27472527472528,34.81318681318682,39.87087912087912,57.74175824175824,40.00709255027944,False,False,Jamaica
769895,Matthijs de Ligt,10260,Manchester United,ENG-Premier League,1.6,41.3,2.0,0.0,5.2,0.8,0.06,0.11,0.5,0.0,0.08,1.2,0.2,0.5,0.1,6.97,0.0,3.0,0.8,1.5,0.1,1170,13,Defender,0.84375,0.4444444444444444,0.0387409200968523,0.2,0.0388235294117647,0.2666666666666666,43.70233343700324,41.28460847328772,26.183595099868683,56.7865522841938,39.94430323150253,True,False,Netherlands
1362622,Junior Mwanga,9848,Strasbourg,FRA-Ligue 1,0.0,35.8,0.0,0.0,1.3,1.2,0.07,0.0,0.0,0.0,0.0,0.0,0.0,0.4,0.2,6.91,0.0,16.0,0.0,0.0,0.9,1476,18,Midfielder,0.0,0.0,0.0,0.0,0.001,0.075,41.62537148386205,47.39144895984519,43.31786491810076,26.917837272790106,39.802213673521095,True,False,France
860314,Nahuel Tenaglia,9866,Alavés,ESP-La Liga,2.2,34.9,1.0,0.0,4.5,0.3,0.01,0.04,0.8,0.0,0.05,1.1,0.1,0.8,0.1,6.88,0.0,5.0,0.6,1.6,0.4,1980,22,Defender,0.7714285714285715,0.4074074074074074,0.0630372492836676,0.5,0.008,0.06,29.14290897781464,26.49634563549658,59.90829100145138,62.37809281913056,39.6766061230825,True,False,Argentina
940743,Daniel Vivian,8315,Athletic Club,ESP-La Liga,3.6,40.3,1.0,0.0,5.2,0.5,0.02,0.06,1.5,0.0,0.0,1.3,0.2,0.5,0.2,6.55,0.0,3.0,0.6,1.7,0.1,1648,19,Defender,0.6666666666666666,0.4333333333333333,0.0893300248138957,0.0666666666666666,0.0149999999999999,0.1666666666666666,30.6136611030479,35.61874524846223,46.657807208514754,53.66900787891353,39.524831725503766,True,False,Spain
1469758,Simon Ebonog,9746,Le Havre,FRA-Ligue 1,0.4,19.2,1.0,0.0,1.4,0.3,0.02,0.09,1.1,0.0,0.0,1.0,0.2,0.3,0.5,6.67,0.0,4.0,1.1,2.4,1.0,1032,19,Midfielder,0.7555555555555555,0.2941176470588235,0.0208333333333333,0.9090909090909092,0.0163636363636363,0.075,31.86910377358491,22.04009433962264,56.59492924528302,71.6126179245283,39.44633037968075,True,False,France
958464,Leonardo Balerdi,8592,Marseille,FRA-Ligue 1,3.6,69.4,0.0,0.0,4.1,0.2,0.02,0.09,1.1,1.0,0.0,1.1,0.2,0.5,0.3,6.91,0.0,4.0,0.8,2.3,0.4,1177,16,Defender,0.7555555555555555,0.3235294117647059,0.0518731988472622,0.3636363636363636,0.0163636363636363,0.05,32.09313877945954,20.14348780150667,62.83329013753541,69.44812184670674,39.43091699786272,True,False,Argentina
935622,Marcus Holmgren Pedersen,9804,Torino,ITA-Serie A,0.9,19.3,2.0,0.0,1.1,1.6,0.1,0.05,1.3,0.0,0.0,0.4,0.1,0.1,0.2,6.43,0.0,10.0,0.6,1.0,0.5,1475,19,Midfielder,0.5185185185185185,0.2857142857142857,0.0466321243523316,0.3846153846153846,0.0333333333333333,0.16,44.901815951344254,49.04881125164144,47.29860391181146,19.5756747183634,39.39052069455345,True,False,Norway
1186553,Alexsandro Ribeiro,8639,Lille,FRA-Ligue 1,4.0,73.0,1.0,0.0,4.8,1.0,0.03,0.05,0.9,1.0,0.03,0.9,0.1,0.4,0.1,7.25,0.0,9.0,0.7,1.1,0.2,2700,30,Defender,0.6896551724137931,0.45,0.0547945205479452,0.2222222222222222,0.01875,0.1111111111111111,36.14010989010989,38.93956043956044,48.77472527472528,34.72252747252747,39.37001459953938,False,False,Brazil
723564,Igor Silva,8689,Lorient,FRA-Ligue 1,1.2,39.0,0.0,0.0,3.3,0.7,0.07,0.02,0.7,0.0,0.09,1.1,0.1,0.4,0.2,6.96,0.0,7.0,0.5,1.5,0.3,1018,12,Defender,0.787878787878788,0.4230769230769231,0.0307692307692307,0.4285714285714286,0.0155555555555555,0.0999999999999999,32.01650943396226,38.443396226415096,37.85672169811321,56.583136792452834,39.16433763844923,True,False,Brazil
1463266,Louis Oppie,8152,FC St. Pauli,GER-Bundesliga,1.2,28.4,2.0,0.0,2.4,1.0,0.06,0.05,0.8,0.0,0.06,0.5,0.2,0.1,0.3,6.65,0.0,6.0,0.9,1.2,0.2,1404,18,Midfielder,0.6799999999999999,0.2941176470588235,0.0422535211267605,0.25,0.0272727272727272,0.1666666666666666,41.73054245283019,56.23231132075472,30.87264150943396,30.076650943396228,39.05458572286796,True,False,Germany
1406645,Pierre Ganiou,8588,Lens,FRA-Ligue 1,2.4,43.8,0.0,0.0,4.4,0.2,0.02,0.11,1.3,0.0,0.18,1.0,0.2,0.5,0.1,7.33,0.0,1.0,0.7,1.7,0.4,973,11,Defender,0.675,0.3703703703703703,0.0547945205479452,0.3076923076923077,0.0169230769230769,0.2,30.85200471698113,35.13561320754717,53.19870283018867,42.72405660377358,38.97908661051899,True,False,France
683473,Kelvin Amian,9830,Nantes,FRA-Ligue 1,1.2,29.8,4.0,0.0,3.3,1.2,0.06,0.02,1.1,1.0,0.0,0.3,0.1,0.5,0.1,6.41,0.0,7.0,0.5,1.3,0.2,1871,21,Defender,0.5925925925925926,0.1874999999999999,0.0402684563758389,0.1818181818181818,0.0149999999999999,0.1714285714285714,35.301247494643725,58.461365678346816,36.968778077268645,29.0446687746216,38.96066084138531,True,False,France
1253852,Castello Lukeba,178475,RB Leipzig,GER-Bundesliga,2.2,62.8,0.0,0.0,4.9,0.4,0.02,0.06,0.5,0.0,0.06,1.6,0.1,0.9,0.1,7.1,0.0,5.0,0.3,1.2,0.9,1446,17,Defender,0.8484848484848485,0.5714285714285715,0.0350318471337579,1.8,0.0149999999999999,0.08,25.62495680420209,24.49621604810284,74.6148489874905,57.65493036837376,38.92667417819674,True,False,France
513072,Jonathan Gradit,8588,Lens,FRA-Ligue 1,3.0,48.1,1.0,0.0,5.1,0.9,0.04,0.03,1.2,0.0,0.0,1.1,0.2,0.5,0.1,6.96,0.0,11.0,0.7,1.9,0.1,2115,25,Defender,0.7142857142857143,0.3666666666666667,0.0623700623700623,0.0833333333333333,0.0171428571428571,0.0818181818181818,34.58791208791209,33.66483516483517,39.5521978021978,54.49175824175824,38.90722410479961,False,False,France
521318,Manuel Akanji,8636,Internazionale,ITA-Serie A,2.6,62.1,1.0,0.0,3.4,1.1,0.05,0.06,0.9,0.0,0.05,1.2,0.1,0.4,0.1,7.16,0.0,4.0,0.7,1.5,0.0,1990,23,Defender,0.75,0.4444444444444444,0.0418679549114331,0.0,0.0272727272727272,0.275,42.56639194139194,49.889971663556565,26.613129794733567,39.96762906904416,38.89009745376296,True,False,Switzerland
411851,Robert Andrich,8178,Bayer 04 Leverkusen,GER-Bundesliga,2.9,61.2,0.0,0.0,2.6,1.0,0.06,0.02,1.3,0.0,0.06,1.1,0.1,0.4,0.2,6.86,0.0,7.0,0.3,1.8,0.1,1498,20,Defender,0.6904761904761906,0.3793103448275862,0.0473856209150326,0.0769230769230769,0.0149999999999999,0.1428571428571428,35.48439767779391,43.77709240445089,31.3667798396572,50.32531619324072,38.88640060973541,True,False,Germany
1030829,Jarrad Branthwaite,8668,Everton,ENG-Premier League,3.0,35.2,2.0,0.0,6.7,0.6,0.02,0.04,0.4,1.0,0.0,1.0,0.1,0.8,0.1,6.98,0.0,3.0,0.4,1.3,0.1,2510,30,Defender,0.8518518518518519,0.4347826086956522,0.0852272727272727,0.25,0.0133333333333333,0.1999999999999999,23.13186813186813,45.07692307692307,47.69505494505494,53.24175824175823,38.6919479129174,False,False,England
634110,Carlens Arcus,8121,Angers,FRA-Ligue 1,2.0,43.2,3.0,0.0,2.7,1.1,0.06,0.01,1.3,3.0,0.0,1.3,0.0,0.1,0.2,6.87,0.0,12.0,0.3,1.7,0.1,1815,21,Defender,0.6976744186046512,0.4333333333333333,0.0462962962962962,0.0769230769230769,0.0085714285714285,0.0916666666666666,29.320162934549728,49.220479991706405,31.72695072223373,55.52217240306862,38.67557227012203,True,False,Haiti
1187734,Flavien Boyomo,8371,Osasuna,ESP-La Liga,1.9,33.8,2.0,0.0,4.5,0.8,0.05,0.02,1.2,1.0,0.05,0.7,0.1,0.7,0.1,6.93,0.0,7.0,0.2,2.5,0.2,1645,20,Defender,0.7272727272727273,0.2187499999999999,0.0562130177514792,0.1666666666666666,0.0142857142857142,0.1142857142857143,26.487555290621327,45.68962091367752,39.13712938005391,53.84319925357661,38.56917638437401,True,False,Cameroon
201704,Remo Freuler,9857,Bologna,ITA-Serie A,2.7,47.4,0.0,0.0,1.3,0.7,0.05,0.01,0.9,1.0,0.0,0.5,0.0,0.2,0.4,6.68,0.0,11.0,0.3,2.7,0.1,1315,18,Midfielder,0.7804878048780487,0.15625,0.0569620253164557,0.1111111111111111,0.0083333333333333,0.0636363636363636,34.62201517036423,32.16943119773308,34.29004682424493,65.19286491810077,38.48562830112805,True,False,Switzerland
867080,Jeff Chabot,10269,VfB Stuttgart,GER-Bundesliga,3.9,64.8,0.0,0.0,7.5,0.5,0.03,0.05,1.4,0.0,0.0,1.5,0.2,0.7,0.2,7.3,0.0,4.0,0.8,1.2,0.2,1521,18,Defender,0.6585365853658538,0.5555555555555555,0.0601851851851851,0.1428571428571428,0.01875,0.125,33.00405176584422,36.19530548068284,43.39396295528371,44.82060785126823,38.44909450069151,True,False,Germany
278856,Willi Orban,178475,RB Leipzig,GER-Bundesliga,2.6,61.8,1.0,0.0,7.3,0.6,0.03,0.09,0.5,0.0,0.05,1.0,0.3,1.2,0.0,7.11,0.0,6.0,0.7,1.3,0.1,1960,22,Defender,0.8214285714285714,0.4347826086956522,0.0420711974110032,0.2,0.0225,0.0999999999999999,42.778764081830126,32.799925703227586,34.89389816158684,44.76640144446748,38.38968019677097,True,False,Hungary
822440,Michael Folorunsho,8529,Cagliari,ITA-Serie A,0.8,15.2,1.0,0.0,1.3,0.4,0.03,0.17,1.6,0.0,0.07,0.4,0.4,0.1,0.3,6.56,0.0,10.0,1.3,1.4,0.9,1313,16,Midfielder,0.5294117647058824,0.2222222222222222,0.0526315789473684,0.5625,0.0255,0.04,51.20872641509435,24.83490566037736,59.81721698113208,24.54304245283019,38.34961882849978,True,False,Italy
956659,Himad Abdelli,8121,Angers,FRA-Ligue 1,1.9,0.0,0.0,0.0,1.0,0.0,0.0,0.0,0.0,0.0,0.18,1.3,0.0,0.3,0.0,0.0,0.0,0.0,0.0,1.9,1.4,993,15,Midfielder,1.0,0.40625,0.0,0.0,0.001,0.0,29.713719849333057,25.19553873799157,55.66474445365954,59.46322741723685,38.32328861828636,True,False,Algeria
1067763,Trai Hume,8472,Sunderland,ENG-Premier League,1.1,22.5,1.0,0.0,3.1,0.9,0.04,0.06,0.8,1.0,0.0,0.8,0.2,0.3,0.3,6.83,0.0,17.0,0.9,2.0,0.1,2133,26,Defender,0.7777777777777778,0.2857142857142857,0.0488888888888888,0.125,0.0239999999999999,0.0529411764705882,48.76179245283019,33.33136792452831,22.732900943396224,60.71344339622641,38.27876087276778,True,False,Northern Ireland
1186444,Charlie Cresswell,9941,Toulouse,FRA-Ligue 1,3.0,43.7,1.0,0.0,6.5,0.8,0.04,0.11,1.2,2.0,0.14,1.0,0.4,1.1,0.0,7.14,0.0,8.0,1.2,1.0,0.0,1980,22,Defender,0.625,0.5,0.068649885583524,0.0,0.0293333333333333,0.1,48.288128930817614,44.46825972769369,32.967261904761905,26.85237836063308,38.23683331759124,True,False,England
260964,Berat Djimsiti,8524,Atalanta,ITA-Serie A,2.4,49.2,0.0,0.0,6.0,0.6,0.03,0.05,0.6,0.0,0.0,1.0,0.1,0.7,0.0,6.89,0.0,4.0,0.5,1.5,0.2,1738,22,Defender,0.8064516129032258,0.4,0.048780487804878,0.3333333333333333,0.01875,0.15,33.443612205404655,34.115168636395055,37.67062340175548,54.77023291174235,38.21557985740884,True,False,Albania
308517,Stanislav Lobotka,9875,Napoli,ITA-Serie A,1.5,64.2,0.0,0.0,1.2,0.9,0.05,0.02,0.5,1.0,0.06,0.5,0.2,0.1,0.3,7.18,0.0,13.0,0.3,1.1,0.2,1627,21,Midfielder,0.7619047619047619,0.3125,0.0233644859813084,0.4,0.0142857142857142,0.0692307692307692,33.814340140991085,37.491637293524086,40.66446368097311,43.36555739857626,38.18973331139883,True,False,Slovakia
1323827,Jon Gorrotxategi,8560,Real Sociedad,ESP-La Liga,1.4,44.1,2.0,0.0,1.7,0.4,0.02,0.04,1.2,3.0,0.05,1.7,0.1,0.5,0.4,6.89,0.0,12.0,0.6,2.0,0.4,1706,22,Midfielder,0.7551020408163265,0.4594594594594594,0.0317460317460317,0.3333333333333333,0.0133333333333333,0.0333333333333333,30.92570754716981,26.7747641509434,40.28596698113207,74.9616745283019,38.04377555991439,True,False,Spain
1327489,Kike Salas,8302,Sevilla,ESP-La Liga,3.2,53.4,0.0,0.0,8.2,0.2,0.02,0.07,1.5,0.0,0.09,1.9,0.4,0.8,0.2,7.26,0.0,3.0,0.9,2.4,0.2,1033,13,Defender,0.7413793103448276,0.4418604651162791,0.0599250936329588,0.1333333333333333,0.0155555555555555,0.0666666666666666,31.47103289791969,25.14713352685051,42.30772686433064,72.22919258414542,37.83057096758652,True,False,Spain
782502,Malang Sarr,8588,Lens,FRA-Ligue 1,3.8,50.5,1.0,0.0,4.2,0.4,0.02,0.04,0.7,1.0,0.0,2.4,0.1,0.7,0.1,7.56,0.0,1.0,0.6,2.1,0.1,1890,21,Defender,0.8653846153846153,0.5333333333333333,0.0752475247524752,0.1428571428571428,0.0133333333333333,0.4,20.342866645932684,41.044120187988106,44.24359406316953,70.00850957218881,37.69894089893455,True,False,France
1246009,Cher Ndour,8535,Fiorentina,ITA-Serie A,1.2,30.7,1.0,0.0,1.6,0.4,0.04,0.08,1.2,0.0,0.1,0.7,0.2,0.7,0.4,6.35,0.0,3.0,0.9,1.4,0.3,920,20,Midfielder,0.6363636363636362,0.3333333333333333,0.0390879478827361,0.25,0.0266666666666666,0.1333333333333333,38.6939858490566,41.42688679245283,33.94752358490566,36.28537735849056,37.60641795109796,True,False,Italy
1388071,Reda Belahyane,9876,Verona,ITA-Serie A,1.2,32.6,1.0,0.0,1.2,0.7,0.03,0.01,1.7,2.0,0.0,0.5,0.1,0.5,0.3,6.71,0.0,16.0,0.3,2.1,1.8,1848,28,Midfielder,0.6046511627906977,0.1923076923076923,0.0368098159509202,1.0588235294117647,0.0074999999999999,0.04375,27.15659340659341,26.34615384615385,71.25274725274724,42.95879120879121,37.59695796650141,False,False,Morocco
974268,Daniel Ballard,8472,Sunderland,ENG-Premier League,2.4,38.9,3.0,0.0,7.7,0.5,0.03,0.12,1.1,0.0,0.11,0.8,0.5,0.8,0.1,6.99,0.0,10.0,1.2,1.5,0.1,1673,22,Defender,0.676470588235294,0.3478260869565218,0.0616966580976863,0.0909090909090909,0.024,0.05,48.46698113207548,32.27004716981132,34.27181603773585,34.840801886792455,37.58249417720957,True,False,Northern Ireland
952057,Charles Vanhoutte,9831,Nice,FRA-Ligue 1,2.4,42.4,1.0,0.0,2.7,0.6,0.05,0.01,1.7,2.0,0.0,0.9,0.1,0.5,0.4,6.94,0.0,7.0,0.2,2.5,0.4,1281,17,Midfielder,0.6666666666666667,0.2647058823529412,0.0566037735849056,0.2352941176470588,0.0083333333333333,0.0857142857142857,22.36143867924528,35.50117924528302,50.7311320754717,59.98820754716981,37.52687778030835,True,False,Belgium
1096400,Levi Colwill,8455,Chelsea,ENG-Premier League,2.5,66.5,2.0,0.0,3.3,1.2,0.03,0.05,1.3,1.0,0.06,0.9,0.1,0.7,0.1,7.02,0.0,15.0,0.5,1.3,0.2,3149,35,Defender,0.6285714285714287,0.409090909090909,0.037593984962406,0.1538461538461538,0.01875,0.08,40.59065934065934,36.65934065934066,38.33791208791209,33.42032967032967,37.52176459183385,False,False,England
73024,Francesco Acerbi,8636,Internazionale,ITA-Serie A,1.6,56.0,1.0,0.0,6.3,0.8,0.07,0.03,1.0,1.0,0.0,1.4,0.1,1.2,0.0,7.18,0.0,3.0,0.3,0.7,0.1,974,13,Defender,0.6774193548387096,0.6666666666666667,0.0285714285714285,0.1,0.021,0.2666666666666666,32.94936588568664,54.99551627617666,27.77800383578686,40.759464199322686,37.44612569849,True,False,Italy
873827,Ander Guevara,9866,Alavés,ESP-La Liga,2.4,35.1,1.0,0.0,1.9,0.6,0.03,0.04,1.8,1.0,0.0,0.6,0.1,0.2,0.1,6.6,0.0,12.0,0.6,2.3,0.4,1945,33,Midfielder,0.6170212765957447,0.2068965517241379,0.0683760683760683,0.2222222222222222,0.0171428571428571,0.0499999999999999,35.96153846153846,24.615384615384624,53.5054945054945,42.280219780219774,37.314719229397575,False,False,Spain
750031,Pol Lozano,8558,Espanyol,ESP-La Liga,1.7,34.2,0.0,0.0,0.9,1.4,0.08,0.02,2.6,0.0,0.06,1.0,0.2,0.2,0.3,6.46,0.0,17.0,0.6,1.5,0.1,1575,22,Midfielder,0.4901960784313726,0.4,0.0497076023391812,0.0384615384615384,0.016,0.0823529411764705,38.57704402515724,39.01298465685259,30.17725395673509,43.54349384891838,37.27396235619455,True,False,Spain
1323305,Archie Gray,8586,Tottenham Hotspur,ENG-Premier League,1.5,28.6,1.0,0.0,2.8,0.5,0.04,0.12,1.0,0.0,0.19,1.1,0.4,0.3,0.2,6.56,0.0,4.0,0.7,0.9,0.5,933,16,Midfielder,0.6666666666666666,0.55,0.0524475524475524,0.5,0.0299999999999999,0.125,32.96485157923838,31.49880779597761,53.75914886999792,34.965391526712274,37.26744693120148,True,False,England
209405,Virgil van Dijk,8650,Liverpool,ENG-Premier League,4.2,69.0,0.0,0.0,7.9,0.7,0.03,0.07,0.4,0.0,0.08,0.6,0.2,0.5,0.0,7.24,0.0,8.0,0.7,0.6,0.1,2340,26,Defender,0.7499999999999999,0.5,0.0608695652173913,0.25,0.021,0.0875,39.59523377565831,30.3851078167116,45.12759606745456,34.56172679521736,37.26384847916583,True,False,Netherlands
865010,Nicolas Cozza,9830,Nantes,FRA-Ligue 1,1.4,27.0,0.0,0.0,3.7,0.4,0.03,0.01,0.7,0.0,0.0,0.8,0.0,0.2,0.3,6.49,0.0,7.0,0.3,1.4,0.5,1313,18,Defender,0.7586206896551724,0.3636363636363636,0.0518518518518518,0.7142857142857143,0.0074999999999999,0.0571428571428571,26.014626097173267,30.332287995023844,49.69001831501832,56.43327545096414,37.103588092209584,True,False,France
322003,Jesper Karlström,8600,Udinese,ITA-Serie A,1.6,31.3,1.0,0.0,1.9,0.8,0.03,0.02,1.0,0.0,0.04,0.9,0.1,0.3,0.4,6.85,0.0,12.0,0.5,1.7,0.3,2217,25,Midfielder,0.7222222222222222,0.3461538461538461,0.0511182108626198,0.3,0.0119999999999999,0.0666666666666666,30.82586046029442,30.46237646001797,42.75462626995645,52.49512751399544,37.10095470508364,True,False,Sweden
552718,Kristoffer Vassbakk Ajer,9937,Brentford,ENG-Premier League,1.4,26.2,1.0,0.0,6.2,0.6,0.04,0.05,1.3,1.0,0.0,0.9,0.2,0.9,0.1,6.74,0.0,2.0,0.6,2.0,0.1,1367,20,Defender,0.6904761904761905,0.3103448275862069,0.0534351145038167,0.0769230769230769,0.0222222222222222,0.3,33.020768539636464,40.8400373211694,32.32157111756168,46.39261956596862,37.07409689233104,True,False,Norway
402830,Guillermo Maripan,9804,Torino,ITA-Serie A,2.0,34.7,0.0,0.0,6.3,0.5,0.02,0.07,1.2,0.0,0.09,1.2,0.4,1.1,0.1,6.88,0.0,9.0,0.8,2.3,0.1,1981,23,Defender,0.7446808510638298,0.3428571428571428,0.0576368876080691,0.0833333333333333,0.0155555555555555,0.0555555555555555,34.045480855622365,30.287131107885823,33.520872209551456,60.81294923629829,36.98796320288119,True,False,Chile
1187389,Kilian Fischer,8721,VfL Wolfsburg,GER-Bundesliga,1.9,30.6,0.0,0.0,3.5,1.0,0.04,0.01,1.3,0.0,0.04,0.7,0.0,0.3,0.0,6.55,0.0,12.0,0.2,2.5,0.4,2306,32,Defender,0.7111111111111111,0.2187499999999999,0.0620915032679738,0.3076923076923077,0.008,0.0833333333333333,26.57967032967033,30.86263736263736,52.24725274725275,49.32142857142858,36.969717356417945,False,False,Germany
588687,Gianluca Mancini,8686,Roma,ITA-Serie A,2.1,42.7,4.0,0.0,3.9,1.0,0.04,0.05,2.3,2.0,0.0,1.6,0.2,0.4,0.1,7.25,0.0,15.0,0.5,1.8,0.1,2137,24,Defender,0.5964912280701755,0.4705882352941176,0.0491803278688524,0.0434782608695652,0.0222222222222222,0.0666666666666666,41.73061804547654,36.99305411569563,27.97826819407008,43.4462644273965,36.93704831171837,True,False,Italy
857269,Gleison Bremer,9885,Juventus,ITA-Serie A,2.3,46.9,0.0,0.0,3.9,0.9,0.07,0.12,0.9,2.0,0.23,0.8,0.4,0.6,0.1,7.29,0.0,6.0,0.8,0.9,0.0,1187,15,Defender,0.6538461538461539,0.4705882352941176,0.0490405117270788,0.0,0.0442105263157894,0.15,57.42924528301887,48.125,23.90330188679245,23.06603773584905,36.77406946162426,True,False,Brazil
276738,Antonio Rüdiger,8633,Real Madrid,ESP-La Liga,4.5,66.6,1.0,0.0,3.7,0.9,0.04,0.07,0.6,0.0,0.0,0.4,0.2,0.5,0.0,6.94,0.0,7.0,0.9,0.8,0.1,2291,29,Defender,0.6666666666666666,0.3333333333333333,0.0675675675675675,0.1666666666666666,0.0254545454545454,0.1285714285714286,42.513736263736256,43.4010989010989,45.89835164835165,17.884615384615383,36.63356270171428,False,False,Germany
1413996,Luka Vuskovic,9790,Hamburger SV,GER-Bundesliga,3.4,51.3,0.0,0.0,8.3,0.6,0.03,0.13,1.1,0.0,0.21,1.2,0.3,1.0,0.0,7.26,0.0,8.0,1.2,0.7,0.3,1710,19,Defender,0.6333333333333333,0.631578947368421,0.0662768031189083,0.2727272727272727,0.0243749999999999,0.075,46.875,24.091981132075475,54.55483490566037,25.798938679245285,36.58298949383983,True,False,Croatia
1163501,Filippo Terracciano,7801,Cremonese,ITA-Serie A,2.5,39.5,0.0,0.0,3.6,0.5,0.02,0.08,0.5,0.0,0.09,1.7,0.2,0.8,0.1,6.85,0.0,6.0,0.6,0.8,0.2,2102,24,Defender,0.8333333333333334,0.6799999999999999,0.0632911392405063,0.4,0.016,0.0833333333333333,33.07783018867925,21.57429245283019,51.37382075471698,53.7441037735849,36.56763521418665,True,False,Italy
700074,Jordan Torunarigha,9790,Hamburger SV,GER-Bundesliga,2.2,50.2,0.0,0.0,7.7,0.6,0.06,0.0,1.0,0.0,0.0,1.4,0.1,0.7,0.0,7.02,0.0,1.0,0.1,2.0,0.6,969,12,Defender,0.7727272727272726,0.4117647058823529,0.0438247011952191,0.6,0.001,0.6,13.163325471698112,46.7747641509434,63.55542452830189,62.14917452830188,36.54162163179932,True,False,Nigeria
1255209,Lucas Beraldo,9847,Paris Saint-Germain,FRA-Ligue 1,3.1,89.0,1.0,0.0,2.7,0.9,0.04,0.04,1.0,0.0,0.04,0.9,0.2,0.4,0.1,7.2,0.0,8.0,0.5,1.7,0.0,2011,25,Defender,0.7222222222222222,0.3461538461538461,0.0348314606741573,0.0,0.02,0.1125,35.494505494505496,40.68681318681318,26.442307692307693,48.47527472527472,36.31538495311276,False,False,Brazil
1054122,Boubacar Traore,8550,Metz,FRA-Ligue 1,2.0,34.7,0.0,0.0,1.0,0.3,0.02,0.07,1.5,0.0,0.08,0.6,0.2,0.1,0.2,6.5,0.0,4.0,1.3,2.7,1.2,1150,16,Midfielder,0.6875,0.1818181818181818,0.0576368876080691,0.7999999999999999,0.0155555555555555,0.075,28.773584905660385,17.25235849056604,76.77181603773585,51.13502358490566,36.30399814099594,True,False,Mali
956622,Oscar Valentin,8370,Rayo Vallecano,ESP-La Liga,0.9,33.7,1.0,0.0,2.8,0.9,0.06,0.07,1.2,0.0,0.07,1.2,0.2,0.5,0.1,6.81,0.0,3.0,0.8,3.1,0.0,1305,20,Midfielder,0.7818181818181817,0.2790697674418604,0.0267062314540059,0.0,0.0323076923076923,0.3,39.75121380192135,47.52027610754026,15.405116110304787,66.03529528647452,36.29913917622366,True,False,Spain
1440009,Moise Bombito,9831,Nice,FRA-Ligue 1,3.0,51.8,0.0,0.0,4.8,0.6,0.02,0.04,1.1,0.0,0.0,0.7,0.0,0.8,0.1,6.74,0.0,2.0,0.3,1.5,0.5,2195,27,Defender,0.6666666666666666,0.3181818181818181,0.0579150579150579,0.4545454545454545,0.0133333333333333,0.3,22.170329670329675,38.49450549450549,63.90384615384616,34.843406593406584,36.29837664646529,False,False,Canada
1327298,Saël Kumbedi,8721,VfL Wolfsburg,GER-Bundesliga,0.8,27.8,4.0,0.0,3.3,1.4,0.11,0.01,1.4,5.0,0.0,0.8,0.0,0.3,0.1,6.56,0.0,10.0,0.3,2.3,0.8,1075,15,Defender,0.6888888888888888,0.2580645161290323,0.0287769784172661,0.5714285714285715,0.0091666666666666,0.1399999999999999,25.81132507429677,57.17889107747598,36.21200065657613,34.29512233049969,36.27535100378361,True,False,France
640220,Marc Roca,8603,Real Betis,ESP-La Liga,2.2,39.3,2.0,0.0,2.0,0.8,0.05,0.07,2.0,1.0,0.0,0.8,0.3,0.3,0.7,6.8,0.0,10.0,0.7,2.0,0.5,1357,19,Midfielder,0.5833333333333334,0.2857142857142857,0.0559796437659033,0.25,0.0291666666666666,0.08,37.40255027990877,33.946644550418135,37.684091851544686,35.75345566383302,36.24705243541005,True,False,Spain
465750,Timothy Castagne,9879,Fulham,ENG-Premier League,1.5,32.3,0.0,0.0,3.7,0.5,0.04,0.07,1.0,0.0,0.0,1.8,0.2,0.5,0.2,6.68,0.0,7.0,0.5,1.8,0.1,1119,20,Defender,0.782608695652174,0.5,0.0464396284829721,0.1,0.0254545454545454,0.0714285714285714,36.69286491810077,25.04642684359665,29.672727037113827,72.07589933651253,36.19997831714994,True,False,Belgium
518346,Robin Gosens,8535,Fiorentina,ITA-Serie A,0.7,26.2,0.0,0.0,2.8,1.0,0.08,0.2,1.2,0.0,0.16,0.9,0.5,0.5,0.2,6.67,0.0,9.0,1.0,1.6,0.0,1135,16,Midfielder,0.6756756756756757,0.36,0.0267175572519083,0.0,0.0571428571428571,0.1111111111111111,64.5416061925496,46.54458670260558,11.67563411431336,45.42793213076232,36.15796151381922,True,False,Germany
882400,Jessy Deminguet,8550,Metz,FRA-Ligue 1,2.8,36.8,0.0,0.0,0.8,0.5,0.03,0.02,1.2,0.0,0.07,0.8,0.2,0.1,0.2,6.43,0.0,3.0,0.5,1.8,0.6,1297,21,Midfielder,0.6842105263157895,0.3076923076923077,0.0760869565217391,0.5,0.0119999999999999,0.1666666666666666,17.202240566037737,37.82429245283019,71.22641509433961,44.45459905660377,36.12948901798692,True,False,France
1381853,Tim Oermann,9911,VfL Bochum 1848,GER-Bundesliga,1.9,29.4,0.0,0.0,2.3,0.7,0.03,0.01,0.7,2.0,0.0,0.8,0.0,0.6,0.2,6.46,0.0,6.0,0.3,2.0,0.3,2125,28,Defender,0.7999999999999999,0.2857142857142857,0.064625850340136,0.4285714285714286,0.0074999999999999,0.1166666666666666,19.052197802197803,33.87362637362638,53.2857142857143,61.12362637362637,35.92059056207895,False,False,Germany
1435439,Javi Rodriguez,9910,Celta de Vigo,ESP-La Liga,2.2,58.7,0.0,0.0,3.4,0.5,0.03,0.03,1.2,0.0,0.0,0.9,0.1,0.4,0.1,6.7,0.0,7.0,0.5,1.6,0.3,1494,20,Defender,0.6756756756756757,0.36,0.0374787052810902,0.25,0.015,0.0714285714285714,33.51106244384546,26.302880295804822,45.15840331052596,44.192152187435205,35.91790200468607,True,False,Spain
955406,William Saliba,9825,Arsenal,ENG-Premier League,1.9,70.4,0.0,0.0,4.2,0.8,0.04,0.02,0.7,0.0,0.0,0.5,0.0,0.2,0.1,7.08,0.0,5.0,0.1,1.2,0.2,1805,22,Defender,0.7083333333333334,0.2941176470588235,0.0269886363636363,0.2857142857142857,0.0133333333333333,0.16,29.31472026401272,44.11979058677173,39.625034556638326,33.271252332573084,35.90792670139653,True,False,France
1178512,Chrislain Matsima,8406,FC Augsburg,GER-Bundesliga,2.4,41.3,1.0,0.0,6.1,0.4,0.03,0.03,0.6,1.0,0.07,2.1,0.1,1.3,0.0,6.84,0.0,4.0,0.4,1.1,0.1,1260,14,Defender,0.8421052631578947,0.65625,0.0581113801452784,0.1666666666666666,0.015,0.1,25.20187556154537,35.13006254751537,38.4960389453314,57.26114883544128,35.87365376923466,True,False,France
643724,Philipp Lienhart,8358,Sport-Club Freiburg,GER-Bundesliga,3.9,62.2,1.0,0.0,3.9,1.0,0.03,0.02,0.7,0.0,0.03,1.2,0.0,0.6,0.0,6.74,0.0,6.0,0.3,0.7,0.1,2771,32,Defender,0.7307692307692308,0.631578947368421,0.062700964630225,0.1428571428571428,0.0119999999999999,0.1666666666666666,23.392857142857142,45.0824175824176,43.69505494505495,39.46978021978022,35.77567149299087,False,False,Austria
1137407,Malick Thiaw,10261,Newcastle United,ENG-Premier League,2.6,47.0,1.0,0.0,6.2,0.7,0.03,0.12,0.6,0.0,0.19,0.9,0.4,0.9,0.0,7.1,0.0,5.0,1.0,1.2,0.2,1938,23,Defender,0.7777777777777778,0.4285714285714285,0.0553191489361702,0.3333333333333333,0.024,0.1399999999999999,34.003105777869926,31.521908908701352,45.41236436519455,33.54550245352132,35.770836155427574,True,False,Germany
935380,Enrico Del Prato,10167,Parma,ITA-Serie A,1.7,32.6,1.0,0.0,3.6,0.6,0.03,0.08,0.7,0.0,0.04,0.9,0.3,0.6,0.0,6.73,0.0,4.0,0.6,1.2,0.1,2033,24,Defender,0.7500000000000001,0.4285714285714285,0.0521472392638036,0.1428571428571428,0.0218181818181818,0.15,37.82504837929366,38.682450411224,31.39739702121777,34.59883198562444,35.66547732668653,True,False,Italy
1230286,Daouda Guindo,8521,Brest,FRA-Ligue 1,1.3,27.6,1.0,0.0,2.4,0.3,0.03,0.07,1.7,0.0,0.0,1.5,0.4,0.4,0.4,6.68,0.0,3.0,1.1,2.1,0.2,992,16,Defender,0.679245283018868,0.4166666666666666,0.0471014492753623,0.1176470588235294,0.021,0.0999999999999999,32.62087264150944,30.40683962264151,27.983490566037737,67.35849056603774,35.66115738056734,True,False,Mali
1191407,Aitor Paredes,8315,Athletic Club,ESP-La Liga,3.5,45.7,1.0,0.0,4.3,0.5,0.03,0.06,1.1,0.0,0.06,1.6,0.2,0.2,0.0,7.01,0.0,3.0,0.7,1.3,0.1,1449,17,Defender,0.7250000000000001,0.5517241379310345,0.0765864332603938,0.0909090909090909,0.02,0.1666666666666666,30.022137846430297,35.90985036975604,39.38439508604603,40.13960449927431,35.61078488706751,True,False,Spain
896402,José Copete,10267,Valencia CF,ESP-La Liga,2.6,43.5,0.0,0.0,5.9,0.6,0.03,0.08,1.0,0.0,0.0,1.2,0.0,0.8,0.2,6.68,0.0,5.0,0.6,1.3,0.4,1670,20,Defender,0.7142857142857143,0.48,0.0597701149425287,0.4,0.0218181818181818,0.12,29.268759935033525,24.36363086598936,55.2336071946921,44.30717827769715,35.600202619324385,True,False,Spain
729769,Tyler Adams,8678,Bournemouth,ENG-Premier League,1.5,45.1,0.0,0.0,1.9,0.3,0.02,0.04,1.6,1.0,0.15,1.6,0.4,0.4,0.3,6.95,0.0,2.0,0.6,2.6,0.3,1202,15,Midfielder,0.7241379310344827,0.3809523809523809,0.0332594235033259,0.1874999999999999,0.0133333333333333,0.15,28.51948562443845,30.768876563687883,28.966657163591123,77.05664696938283,35.59647821970968,True,False,USA
1313884,Rafa Marin,10205,Villarreal,ESP-La Liga,2.8,47.0,1.0,0.0,5.9,0.6,0.04,0.02,0.6,0.0,0.06,1.0,0.1,0.8,0.0,7.13,0.0,5.0,0.2,1.7,0.1,1395,16,Defender,0.8181818181818181,0.3703703703703703,0.0595744680851063,0.1666666666666666,0.0133333333333333,0.12,22.715212264150946,40.69575471698113,38.76474056603773,53.0748820754717,35.593389295433965,True,False,Spain
485634,Roberto Gagliardini,9876,Verona,ITA-Serie A,1.6,38.4,0.0,0.0,2.7,0.6,0.04,0.04,1.8,0.0,0.07,2.6,0.2,0.6,0.6,7.02,0.0,6.0,0.6,2.9,0.1,1257,18,Midfielder,0.7534246575342466,0.4727272727272727,0.0416666666666666,0.0555555555555555,0.02,0.0999999999999999,32.66509433962264,31.250000000000004,21.81308962264151,86.81603773584906,35.50887953463475,True,False,Italy
1201760,Marvin Senaya,8583,Auxerre,FRA-Ligue 1,2.0,26.7,0.0,0.0,3.8,0.4,0.02,0.05,1.2,0.0,0.0,1.7,0.2,0.4,0.2,6.76,0.0,4.0,0.8,2.6,0.2,1305,16,Defender,0.7818181818181817,0.3953488372093023,0.0749063670411985,0.1666666666666666,0.0142857142857142,0.1,24.351415094339625,25.33608490566038,41.15566037735849,79.19811320754718,35.501156274479776,True,False,Ghana
448865,Brendan Chardonnet,8521,Brest,FRA-Ligue 1,3.3,39.1,2.0,0.0,6.3,0.6,0.03,0.02,1.0,2.0,0.0,1.1,0.3,1.5,0.1,6.87,0.0,7.0,0.4,1.3,0.1,1737,20,Defender,0.7058823529411765,0.4583333333333333,0.0843989769820971,0.1,0.0119999999999999,0.0857142857142857,25.53815484829636,40.90160861151427,39.96965495196627,41.93415232566176,35.48445386016268,True,False,France
820140,Ibrahima Konaté,8650,Liverpool,ENG-Premier League,2.0,56.6,2.0,0.0,6.1,0.8,0.04,0.04,1.1,0.0,0.04,0.8,0.1,0.8,0.0,7.18,0.0,6.0,0.4,1.6,0.2,2151,25,Defender,0.6857142857142857,0.3333333333333333,0.0353356890459364,0.1818181818181818,0.02,0.1333333333333333,34.90859769161656,44.49559402861289,30.14532794249776,33.471300711866746,35.45671482112427,True,False,France
1622290,Nicolo Savona,10203,Nottingham Forest,ENG-Premier League,1.1,27.5,1.0,0.0,2.5,0.4,0.04,0.12,1.1,0.0,0.18,0.4,0.3,0.3,0.1,6.65,0.0,7.0,0.4,1.8,0.2,1026,14,Defender,0.6666666666666666,0.1818181818181818,0.04,0.1818181818181818,0.0299999999999999,0.0571428571428571,44.62110805860806,29.423336097864404,32.38579031031861,35.32328167115903,35.418969154090014,True,False,Italy
805352,Unai Nunez,9876,Verona,ITA-Serie A,3.0,30.7,0.0,0.0,4.4,0.4,0.03,0.03,1.9,0.0,0.0,1.6,0.1,0.9,0.1,6.6,0.0,5.0,0.5,1.7,0.6,1265,17,Defender,0.6346153846153847,0.4848484848484849,0.0977198697068403,0.3157894736842105,0.015,0.08,24.233490566037737,22.535377358490567,67.74764150943396,48.826650943396224,35.39940263949365,True,False,Spain
1053678,Mamadou Mbow,6379,Paris FC,FRA-Ligue 1,4.0,54.6,1.0,0.0,5.0,0.5,0.02,0.03,0.9,1.0,0.0,1.3,0.1,0.6,0.1,6.86,0.0,4.0,0.3,1.8,0.2,1816,21,Defender,0.775,0.4193548387096774,0.0732600732600732,0.2222222222222222,0.0119999999999999,0.125,18.3372641509434,35.501179245283026,50.25943396226415,61.0377358490566,35.3985227560194,True,False,Senegal
670928,Giuseppe Pezzella,7801,Cremonese,ITA-Serie A,0.6,16.4,0.0,0.0,3.6,1.5,0.09,0.01,1.5,1.0,0.0,0.4,0.0,0.6,0.2,6.69,0.0,18.0,0.2,1.5,0.4,1574,19,Midfielder,0.5588235294117647,0.2105263157894737,0.0365853658536585,0.2666666666666666,0.009,0.0833333333333333,38.91509433962264,45.1061320754717,33.55837264150944,24.18337264150944,35.37919278266451,True,False,Italy
1239749,Mandela Keita,10167,Parma,ITA-Serie A,1.4,31.3,0.0,0.0,0.8,0.3,0.01,0.01,1.0,1.0,0.0,1.2,0.0,0.5,0.4,7.08,0.0,10.0,0.5,2.6,1.1,1947,24,Midfielder,0.7916666666666666,0.3157894736842105,0.0447284345047923,1.1,0.005,0.03,20.01652239270164,20.22816884373488,67.9477935586426,73.71466151772756,35.35577368812729,True,False,Belgium
442602,Denis Vavro,8721,VfL Wolfsburg,GER-Bundesliga,5.4,47.1,0.0,0.0,8.5,0.5,0.02,0.05,0.3,0.0,0.07,1.4,0.3,1.2,0.1,7.0,0.0,7.0,0.9,0.8,0.1,2462,29,Defender,0.8800000000000001,0.6363636363636362,0.1146496815286624,0.3333333333333333,0.0142857142857142,0.0714285714285714,29.821428571428573,19.384615384615383,54.21703296703297,55.818681318681314,35.24623086878779,False,False,Slovakia
469700,Jonathan Tah,9823,Bayern München,GER-Bundesliga,1.9,79.8,1.0,0.0,4.9,0.9,0.05,0.04,1.2,1.0,0.11,1.2,0.3,0.7,0.0,7.38,0.0,5.0,0.5,1.1,0.1,1573,19,Defender,0.6571428571428571,0.5217391304347826,0.0238095238095238,0.0833333333333333,0.0222222222222222,0.18,33.46333108715185,50.85235676273411,25.679236643859284,35.75780548068284,35.23856554457375,True,False,Germany
198277,Nicolas Pallois,9830,Nantes,FRA-Ligue 1,2.9,31.5,1.0,0.0,7.0,0.4,0.02,0.02,1.0,2.0,0.0,1.2,0.0,0.8,0.1,6.81,0.0,3.0,0.1,2.7,0.1,2020,26,Defender,0.7959183673469388,0.3076923076923076,0.092063492063492,0.1,0.01,0.1333333333333333,17.884615384615383,36.47802197802198,42.59615384615385,73.59615384615385,35.23427357611439,False,False,France
1427819,Hugo Rincon,7732,Girona,ESP-La Liga,0.6,31.1,1.0,0.0,2.5,0.6,0.05,0.06,1.6,1.0,0.0,0.4,0.0,0.6,0.1,6.59,0.0,8.0,0.4,1.8,0.5,1217,21,Defender,0.5789473684210527,0.1818181818181818,0.0192926045016077,0.3125,0.0272727272727272,0.075,43.98584905660377,33.58490566037736,35.41863207547169,26.63325471698113,35.23081756971852,True,False,Spain
201690,Lewis Dunk,10204,Brighton and Hove Albion,ENG-Premier League,2.6,74.4,1.0,0.0,4.6,0.5,0.02,0.04,0.5,0.0,0.0,1.1,0.0,0.9,0.1,6.92,0.0,5.0,0.7,1.1,0.2,2205,25,Defender,0.8148148148148149,0.5,0.0349462365591397,0.4,0.0133333333333333,0.1,26.45388416614832,36.51773619462298,40.21616905107471,43.61621829428433,35.18864727796235,True,False,England
1200657,Yerson Mosquera,8602,Wolverhampton Wanderers,ENG-Premier League,1.0,27.4,1.0,0.0,4.5,0.4,0.02,0.09,1.3,0.0,0.0,1.0,0.3,0.6,0.0,6.71,0.0,8.0,1.1,2.7,0.4,1411,18,Defender,0.74,0.2702702702702702,0.0364963503649635,0.3076923076923077,0.0163636363636363,0.05,36.79245283018868,21.079009433962263,37.33195754716981,57.9186320754717,35.178233084247104,True,False,Colombia
38432,Dante,9831,Nice,FRA-Ligue 1,2.8,57.8,0.0,0.0,3.3,0.5,0.02,0.02,0.9,0.0,0.0,1.6,0.1,0.6,0.1,6.91,0.0,4.0,0.4,1.5,0.3,1965,25,Defender,0.775,0.5161290322580645,0.0484429065743944,0.3333333333333333,0.01,0.125,18.997252747252748,31.879120879120887,51.3956043956044,60.69505494505495,34.98210834571922,False,False,Brazil
458976,Hauke Wahl,8152,FC St. Pauli,GER-Bundesliga,2.4,50.1,0.0,0.0,5.0,0.7,0.04,0.02,0.5,0.0,0.06,0.7,0.2,0.4,0.1,6.73,0.0,3.0,0.3,1.7,0.0,1575,18,Defender,0.8275862068965517,0.2916666666666667,0.0479041916167664,0.0,0.0133333333333333,0.2333333333333333,24.96734397677794,45.83001589605363,30.79351544681733,48.50612516414403,34.97625768183262,True,False,Germany
261609,Dimitri Foulquier,10267,Valencia CF,ESP-La Liga,1.4,34.4,0.0,0.0,3.1,0.3,0.02,0.04,1.3,0.0,0.0,0.6,0.1,0.1,0.2,6.53,0.0,6.0,0.5,1.2,0.8,1148,15,Defender,0.5806451612903226,0.3333333333333333,0.0406976744186046,0.6153846153846154,0.0133333333333333,0.0499999999999999,28.4633526850508,31.08901790033865,53.384144550418135,32.535887068905936,34.975438596765485,True,False,Guadeloupe
792645,Pau Torres,10252,Aston Villa,ENG-Premier League,2.6,53.2,0.0,0.0,3.6,0.3,0.02,0.04,0.3,0.0,0.0,0.7,0.0,1.0,0.1,6.81,0.0,1.0,0.4,1.3,0.4,1209,15,Defender,0.8695652173913044,0.35,0.0488721804511278,1.3333333333333337,0.0133333333333333,0.3,18.11759192065796,35.24076473840625,69.38805808970903,39.335760937176026,34.951849977290905,True,False,Spain
848034,Santiago Bueno,8602,Wolverhampton Wanderers,ENG-Premier League,2.1,35.3,0.0,0.0,3.6,1.0,0.06,0.09,1.0,1.0,0.12,1.0,0.2,0.6,0.0,6.65,0.0,7.0,0.2,2.1,0.0,1563,18,Defender,0.7560975609756099,0.3225806451612903,0.0594900849858357,0.0,0.036,0.1428571428571428,38.297200048379295,32.90529753265603,23.7252401686364,52.340037321169405,34.820581738591706,True,False,Uruguay
1106074,Mario Gila,8543,Lazio,ITA-Serie A,4.8,59.6,0.0,0.0,3.8,0.4,0.02,0.04,0.7,0.0,0.0,0.9,0.1,0.5,0.0,7.0,0.0,4.0,0.5,1.7,0.2,2023,24,Defender,0.787878787878788,0.3461538461538461,0.0805369127516778,0.2857142857142857,0.0133333333333333,0.1,25.80687590711176,26.716730596447576,50.42076162830879,47.3712851613795,34.751362898807365,True,False,Spain
449283,Alessandro Deiola,8529,Cagliari,ITA-Serie A,2.1,34.4,0.0,0.0,3.3,0.3,0.03,0.03,1.6,2.0,0.0,1.2,0.3,0.7,0.0,6.87,0.0,5.0,0.6,2.4,0.2,961,12,Midfielder,0.6923076923076923,0.3333333333333333,0.0610465116279069,0.125,0.015,0.06,31.911154882853,25.16781567489115,37.92133181284125,52.10084490980717,34.63251143825033,True,False,Italy
749662,Fikayo Tomori,8564,Milan,ITA-Serie A,2.0,52.3,2.0,0.0,3.7,0.8,0.04,0.03,1.2,2.0,0.0,1.0,0.1,0.8,0.0,7.14,0.0,3.0,0.4,2.5,0.1,1785,22,Defender,0.7446808510638298,0.2857142857142857,0.0382409177820267,0.0833333333333333,0.0171428571428571,0.2666666666666666,22.883945849747736,47.030764047273486,26.546163349229385,60.42653258690995,34.53033227265877,True,False,England
424129,Leander Dendoncker,8670,Real Oviedo,ESP-La Liga,0.9,32.4,0.0,0.0,2.3,0.5,0.03,0.05,0.8,0.0,0.07,0.8,0.3,0.5,0.1,6.68,0.0,6.0,0.6,2.5,0.3,1318,18,Midfielder,0.8048780487804879,0.2424242424242424,0.0277777777777777,0.3749999999999999,0.01875,0.0833333333333333,32.38502358490566,24.47523584905661,32.80955188679245,62.14917452830189,34.512159454426985,True,False,Belgium
966021,Taylor Harwood-Bellis,8466,Southampton,ENG-Premier League,3.2,59.6,3.0,0.0,4.5,0.7,0.02,0.06,1.1,0.0,0.03,1.0,0.3,1.4,0.1,6.45,0.0,14.0,0.6,0.9,0.1,2828,34,Defender,0.6333333333333333,0.5263157894736842,0.0536912751677852,0.0909090909090909,0.0149999999999999,0.0499999999999999,37.527472527472526,29.472527472527474,38.925824175824175,31.747252747252748,34.4794098696393,False,False,England
592102,Moussa Niakhaté,9748,Lyon,FRA-Ligue 1,2.6,63.0,3.0,0.0,5.9,1.5,0.08,0.01,1.4,2.0,0.0,0.7,0.0,0.6,0.1,7.16,0.0,9.0,0.2,1.3,0.2,1678,20,Defender,0.5882352941176471,0.35,0.0412698412698412,0.1428571428571428,0.0088888888888888,0.1666666666666666,25.821432891008367,59.25273861358768,33.8150226345981,27.57985175202156,34.44823813143808,True,False,Senegal
775614,Ryan Yates,10203,Nottingham Forest,ENG-Premier League,0.5,29.2,0.0,0.0,2.8,0.5,0.02,0.11,2.5,1.0,0.09,1.2,0.4,0.5,0.2,6.76,0.0,18.0,1.6,2.0,0.4,1904,35,Midfielder,0.5614035087719298,0.3749999999999999,0.0171232876712328,0.16,0.0169230769230769,0.0277777777777777,47.70604395604395,20.346153846153847,28.692307692307697,51.16483516483516,34.42930753343908,False,False,England
860913,Jhon Lucumi,9857,Bologna,ITA-Serie A,4.8,56.4,0.0,0.0,3.8,0.3,0.02,0.06,0.8,0.0,0.07,1.3,0.1,0.6,0.1,6.91,0.0,4.0,0.5,1.5,0.2,1282,17,Defender,0.7777777777777778,0.4642857142857143,0.0851063829787234,0.25,0.0149999999999999,0.075,25.307618874835857,21.135271960743665,55.12679694519317,55.61676256133803,34.40401882307985,True,False,Colombia
787242,Evan N'Dicka,8686,Roma,ITA-Serie A,3.3,50.6,1.0,0.0,4.1,0.8,0.04,0.05,1.3,0.0,0.0,1.4,0.0,0.5,0.1,7.12,0.0,5.0,0.6,0.9,0.2,1746,20,Defender,0.638888888888889,0.6086956521739131,0.0652173913043478,0.1538461538461538,0.0222222222222222,0.16,30.071467447646693,38.1248012993296,38.279096689474045,32.286487490496924,34.3789702258014,True,False,Ivory Coast
526657,Lukas Klostermann,178475,RB Leipzig,GER-Bundesliga,1.8,51.5,0.0,0.0,6.8,0.7,0.03,0.02,0.6,0.0,0.05,1.2,0.1,0.8,0.1,6.75,0.0,2.0,0.2,1.3,0.2,1833,28,Defender,0.8064516129032258,0.48,0.0349514563106796,0.3333333333333333,0.0119999999999999,0.35,19.25824175824176,41.03296703296704,39.28296703296704,55.480769230769226,34.35957521317219,False,False,Germany
184521,Florian Lejeune,8370,Rayo Vallecano,ESP-La Liga,4.1,53.6,1.0,0.0,5.7,0.3,0.01,0.05,1.6,0.0,0.0,1.2,0.3,0.8,0.0,7.0,0.0,9.0,1.3,1.7,0.2,2061,23,Defender,0.6444444444444444,0.4137931034482758,0.0764925373134328,0.125,0.0083333333333333,0.0333333333333333,33.09154485451655,24.71270474808212,46.39836028751123,37.6741784159237,34.35418097079833,True,False,France
789578,Dara O'Shea,9902,Ipswich Town,ENG-Premier League,2.7,34.3,1.0,0.0,6.3,0.7,0.02,0.04,0.6,2.0,0.0,1.0,0.1,1.4,0.0,6.56,0.0,3.0,0.6,1.4,0.0,3123,35,Defender,0.7999999999999999,0.4166666666666667,0.0787172011661807,0.0,0.0133333333333333,0.2333333333333333,23.13186813186813,42.3956043956044,33.54120879120879,49.07142857142858,34.3284218064263,False,False,Ireland
1249284,Jon Aramburu,8560,Real Sociedad,ESP-La Liga,1.5,32.2,0.0,0.0,3.1,0.4,0.02,0.07,2.3,0.0,0.05,1.3,0.2,0.3,0.1,7.0,0.0,7.0,0.7,3.7,0.2,1820,22,Defender,0.684931506849315,0.26,0.046583850931677,0.0869565217391304,0.0155555555555555,0.0571428571428571,33.265386343216534,24.51187884442602,29.037813601492847,66.83158822309765,34.25147325856578,True,False,Venezuela
1339372,Cesare Casadei,9804,Torino,ITA-Serie A,0.9,26.1,3.0,0.0,1.5,1.3,0.07,0.16,2.4,0.0,0.17,0.5,0.7,0.1,0.3,6.81,0.0,14.0,1.6,1.5,0.6,1570,23,Midfielder,0.4545454545454545,0.25,0.0344827586206896,0.25,0.048695652173913,0.0928571428571428,49.017144412191584,41.17492570322759,28.391639021356003,20.0891474877324,34.24936514830788,True,False,Italy
880095,James Sands,8152,FC St. Pauli,GER-Bundesliga,1.0,31.8,2.0,0.0,1.5,0.7,0.04,0.05,1.2,0.0,0.05,2.0,0.2,0.3,0.2,6.88,0.0,9.0,0.8,2.0,0.1,1760,21,Midfielder,0.7692307692307692,0.5,0.0314465408805031,0.0833333333333333,0.0222222222222222,0.0777777777777777,39.25412735849056,36.62735849056604,14.885023584905658,72.06662735849056,34.1862307202805,True,False,USA
1362622,Junior Mwanga,9830,Nantes,FRA-Ligue 1,2.1,0.0,2.0,0.0,0.0,0.0,0.0,0.07,1.2,1.0,0.06,0.7,0.2,0.0,0.0,0.0,0.0,0.0,0.6,2.1,0.0,1476,18,Midfielder,0.7,0.25,0.0,0.0,0.001,0.0,31.415072741723687,29.415820029027586,33.01912277973599,48.84000708411086,34.176940889941726,True,False,France
611223,Benjamin Pavard,8592,Marseille,FRA-Ligue 1,1.8,56.9,3.0,0.0,3.0,0.7,0.05,0.04,0.7,2.0,0.07,1.0,0.2,0.6,0.2,6.88,0.0,8.0,0.5,1.1,0.0,1201,17,Defender,0.7500000000000001,0.4761904761904761,0.031634446397188,0.0,0.0222222222222222,0.0875,36.51064344460571,45.96030306171816,18.721447577579653,45.14869721473495,34.14565658308311,True,False,France
921543,Morten Frendrup,10233,Genoa,ITA-Serie A,1.1,31.1,1.0,0.0,2.7,0.7,0.03,0.02,1.4,0.0,0.04,1.2,0.1,0.4,0.6,7.05,0.0,9.0,0.4,2.9,0.2,2022,24,Midfielder,0.7454545454545454,0.2926829268292683,0.0353697749196141,0.1428571428571428,0.0119999999999999,0.0777777777777777,28.21843251088534,27.28359769161656,26.516250259174782,80.63588102149423,33.987480338361294,True,False,Denmark
844415,Éder Militao,8633,Real Madrid,ESP-La Liga,3.2,55.1,2.0,0.0,4.1,0.7,0.06,0.12,1.2,1.0,0.09,0.9,0.7,0.9,0.3,7.45,0.0,7.0,1.5,1.8,0.1,1002,13,Defender,0.6923076923076923,0.3333333333333333,0.058076225045372,0.0833333333333333,0.04,0.0999999999999999,40.45832901375354,34.115341419586706,26.16090002764531,35.61784245628585,33.891165562349784,True,False,Brazil
524437,Tomas Soucek,8654,West Ham United,ENG-Premier League,1.0,28.4,1.0,0.0,3.9,0.4,0.03,0.24,1.8,0.0,0.23,0.8,0.7,0.5,0.2,6.76,0.0,7.0,1.1,1.6,0.1,1171,23,Midfielder,0.5714285714285715,0.3333333333333333,0.0352112676056338,0.0555555555555555,0.0266666666666666,0.0571428571428571,52.89982030548068,28.864771235054253,22.788249879051765,34.354758449098064,33.78729409958196,True,False,Czechia
1073980,David Affengruber,10268,Elche,ESP-La Liga,2.1,53.6,0.0,0.0,5.6,0.5,0.03,0.02,1.1,0.0,0.0,1.5,0.0,0.9,0.1,6.91,0.0,5.0,0.3,2.1,0.3,1816,22,Defender,0.7659574468085106,0.4166666666666666,0.0391791044776119,0.2727272727272727,0.0119999999999999,0.1,19.870283018867926,29.31014150943396,42.14917452830189,67.60318396226414,33.76030746639849,True,False,Austria
872362,Marash Kumbulla,8558,Espanyol,ESP-La Liga,2.6,35.8,1.0,0.0,6.7,0.3,0.01,0.06,1.1,0.0,0.09,1.0,0.2,1.1,0.1,6.79,0.0,1.0,0.5,1.5,0.1,2975,35,Defender,0.6944444444444444,0.4,0.0726256983240223,0.0909090909090909,0.0085714285714285,0.3,21.565934065934066,39.74725274725275,39.848901098901095,43.538461538461526,33.71599371343358,False,False,Albania
1338016,Valentin Gomez,8603,Real Betis,ESP-La Liga,2.4,40.7,0.0,0.0,6.0,0.2,0.02,0.06,1.4,0.0,0.08,1.3,0.2,0.7,0.0,6.91,0.0,5.0,0.7,2.8,0.7,1101,17,Defender,0.7454545454545454,0.3170731707317074,0.0589680589680589,0.5,0.0149999999999999,0.04,27.77122641509434,12.346698113207548,68.54363207547169,64.7317216981132,33.66521831693613,True,False,Argentina
839750,Kervin Arriaga,8581,Levante,ESP-La Liga,1.9,37.1,1.0,0.0,2.8,0.4,0.03,0.02,1.5,1.0,0.08,0.8,0.2,0.8,0.2,6.62,0.0,3.0,0.6,2.2,0.4,1108,17,Midfielder,0.6666666666666666,0.2666666666666666,0.0512129380053908,0.2666666666666666,0.0119999999999999,0.1333333333333333,17.202240566037737,38.96816037735849,47.12558962264151,49.11261792452829,33.48927896991604,True,False,Honduras
968029,Lautaro Valenti,10167,Parma,ITA-Serie A,2.2,33.8,3.0,0.0,6.0,0.5,0.03,0.02,1.0,0.0,0.0,1.4,0.2,1.0,0.2,6.95,0.0,10.0,0.8,2.2,0.4,1532,18,Defender,0.782608695652174,0.3888888888888888,0.0650887573964497,0.4,0.0119999999999999,0.05,22.0999421176308,25.07929884580828,48.61254665146175,55.99908424908424,33.45564958937255,True,False,Argentina
266105,Clinton Mata,9748,Lyon,FRA-Ligue 1,2.0,54.7,0.0,0.0,5.0,0.6,0.03,0.01,1.1,0.0,0.0,0.7,0.0,1.0,0.1,6.91,0.0,1.0,0.1,1.5,0.2,1846,21,Defender,0.6666666666666666,0.3181818181818181,0.036563071297989,0.1818181818181818,0.0074999999999999,0.6,17.859561821825974,48.62717706821481,39.80255200774069,42.89612274517936,33.39968277100046,True,False,Angola
1407468,Santiago Mourino,10205,Villarreal,ESP-La Liga,1.7,40.8,0.0,0.0,4.8,0.3,0.02,0.04,2.3,1.0,0.0,1.3,0.0,0.3,0.3,7.3,0.0,5.0,0.5,4.0,0.4,1433,17,Defender,0.6973684210526316,0.2452830188679245,0.0416666666666666,0.1739130434782609,0.0133333333333333,0.06,26.72403068629484,21.127626304513097,38.89019196212592,67.55004665146174,33.317193992969905,True,False,Uruguay
770271,Mickael Nade,9853,St Etienne,FRA-Ligue 1,1.6,49.4,2.0,0.0,5.3,0.5,0.02,0.02,0.8,2.0,0.04,1.3,0.1,0.8,0.2,6.7,0.0,7.0,0.2,2.3,0.2,2278,26,Defender,0.8181818181818182,0.3611111111111111,0.0323886639676113,0.25,0.01,0.0714285714285714,22.087912087912088,26.81318681318681,34.30769230769231,75.8543956043956,33.12665121359793,False,False,France
178753,Nemanja Gudelj,8302,Sevilla,ESP-La Liga,2.2,37.6,0.0,0.0,4.9,0.3,0.02,0.04,1.8,0.0,0.06,0.8,0.3,0.7,0.1,6.64,0.0,2.0,1.0,1.7,0.3,1410,20,Midfielder,0.5813953488372093,0.32,0.0585106382978723,0.1666666666666666,0.0133333333333333,0.15,26.84824020319304,30.35862015343148,41.202298880364914,38.52314862810146,33.122260750421866,True,False,Serbia
1078729,Batista Mendy,8302,Sevilla,ESP-La Liga,2.0,32.2,0.0,0.0,1.3,0.3,0.02,0.07,2.0,0.0,0.06,0.9,0.3,0.3,0.3,6.68,0.0,9.0,0.9,1.8,0.5,1422,19,Midfielder,0.574468085106383,0.3333333333333333,0.062111801242236,0.25,0.0155555555555555,0.0333333333333333,34.831957547169814,15.67806603773585,53.60849056603773,42.78596698113208,33.11198008479464,True,False,France
628201,Robin Koch,9810,Eintracht Frankfurt,GER-Bundesliga,3.2,59.8,0.0,0.0,6.9,0.7,0.03,0.06,1.0,0.0,0.14,1.4,0.2,0.8,0.0,6.82,0.0,6.0,0.6,1.2,0.1,1952,22,Defender,0.7222222222222222,0.5384615384615385,0.0535117056856187,0.1,0.02,0.1166666666666666,33.61799364157854,29.063739719400093,33.60397660515585,37.24492881332504,33.08419022448152,True,False,Germany
600524,Reinildo,8472,Sunderland,ENG-Premier League,1.1,31.3,0.0,0.0,3.9,0.6,0.03,0.01,1.6,1.0,0.0,1.4,0.0,0.7,0.3,6.85,0.0,4.0,0.3,1.7,0.8,1428,17,Defender,0.6595744680851064,0.4516129032258065,0.0351437699680511,0.5,0.0074999999999999,0.15,13.797169811320757,37.2936320754717,54.08903301886792,55.22110849056604,32.85065261502603,True,False,Mozambique
1098607,Jake O'Brien,8668,Everton,ENG-Premier League,1.4,24.7,0.0,0.0,4.3,0.7,0.03,0.04,0.6,1.0,0.0,0.4,0.1,0.6,0.2,6.79,0.0,12.0,0.4,1.6,0.2,2189,26,Defender,0.7692307692307692,0.2,0.0566801619433198,0.3333333333333333,0.0171428571428571,0.0583333333333333,32.80526470384961,21.92534902204714,42.07932476328703,39.86597639781602,32.82141983154494,True,False,Ireland
833219,Juan Foyth,10205,Villarreal,ESP-La Liga,3.0,48.8,0.0,0.0,5.4,0.2,0.02,0.01,0.8,0.0,0.0,1.5,0.0,1.0,0.1,6.97,0.0,0.0,0.2,1.9,0.3,936,13,Defender,0.8095238095238094,0.4411764705882353,0.0614754098360655,0.3749999999999999,0.0066666666666666,0.0,22.4038245559472,18.337687469762944,54.730168809178245,63.518353894533135,32.81476772074627,True,False,Argentina
1039219,Samir Chergui,6379,Paris FC,FRA-Ligue 1,1.0,40.8,0.0,0.0,2.7,0.3,0.03,0.14,1.1,0.0,0.09,0.6,0.3,0.4,0.0,6.53,0.0,2.0,1.0,1.5,0.3,974,12,Defender,0.65625,0.2857142857142857,0.0245098039215686,0.2727272727272727,0.0247058823529411,0.15,40.05011792452831,35.3125,29.51356132075472,25.27712264150944,32.795494794597275,True,False,Algeria
1254147,Antoine Mendy,9831,Nice,FRA-Ligue 1,2.3,49.3,0.0,0.0,6.7,0.3,0.02,0.04,1.5,0.0,0.0,0.6,0.2,1.0,0.1,6.82,0.0,1.0,0.6,2.3,0.4,1233,14,Defender,0.6590909090909091,0.2068965517241379,0.0466531440162271,0.2666666666666666,0.0133333333333333,0.3,18.234080188679243,36.55070754716981,48.65271226415094,41.99587264150944,32.76477509776632,True,False,Senegal
1189223,Patrizio Masini,10233,Genoa,ITA-Serie A,1.3,27.2,0.0,0.0,3.1,0.3,0.02,0.11,2.4,0.0,0.0,1.7,0.3,0.5,0.5,6.77,0.0,7.0,1.0,4.7,0.2,1066,21,Midfielder,0.7272727272727273,0.265625,0.0477941176470588,0.0833333333333333,0.0169230769230769,0.0428571428571428,33.14156558849955,16.273446679107057,33.13464994125371,76.0354594305066,32.75334230250325,True,False,Italy
557799,Duje Caleta-Car,8560,Real Sociedad,ESP-La Liga,2.4,49.3,0.0,0.0,4.6,0.5,0.04,0.05,1.3,0.0,0.0,1.2,0.1,0.9,0.0,6.76,0.0,3.0,0.5,0.8,0.0,1145,15,Defender,0.6060606060606061,0.6,0.0486815415821501,0.0,0.0222222222222222,0.1666666666666666,36.86420105052181,41.81322136982515,27.075359389038635,25.47004371414749,32.70840377114257,True,False,Croatia
478447,Adam Marusic,8543,Lazio,ITA-Serie A,1.3,40.6,1.0,0.0,2.3,0.7,0.03,0.03,0.8,1.0,0.0,0.8,0.2,0.5,0.1,6.73,0.0,5.0,0.5,1.4,0.2,1940,23,Defender,0.7333333333333334,0.3636363636363636,0.0320197044334975,0.25,0.015,0.1399999999999999,29.84613656783468,34.20139608818854,32.39141440320685,35.69292107263805,32.666401189152374,True,False,Montenegro
1057703,Youssouf Ndayishimiye,9831,Nice,FRA-Ligue 1,1.8,54.5,0.0,0.0,5.3,0.4,0.02,0.04,0.9,0.0,0.14,1.0,0.2,0.9,0.3,7.26,0.0,5.0,0.5,1.9,0.3,1934,23,Defender,0.7631578947368421,0.3448275862068966,0.0330275229357798,0.3333333333333333,0.0133333333333333,0.08,25.288461538461537,20.21978021978022,41.97802197802199,63.3076923076923,32.611263056832314,False,False,Burundi
1133081,Sinaly Diomandé,8583,Auxerre,FRA-Ligue 1,3.4,35.0,0.0,0.0,4.8,0.1,0.01,0.1,1.3,0.0,0.09,1.7,0.1,0.5,0.0,6.78,0.0,1.0,0.3,1.3,0.3,1054,12,Defender,0.6976744186046512,0.5666666666666667,0.0971428571428571,0.2307692307692307,0.009090909090909,0.1,23.937102598659205,19.96381056050868,55.924809074573226,48.68080897090331,32.59530275621741,True,False,Ivory Coast
1178332,Ismaël Doukouré,9848,Strasbourg,FRA-Ligue 1,1.4,55.7,2.0,0.0,2.3,0.4,0.03,0.03,0.8,1.0,0.0,1.1,0.1,0.5,0.2,6.63,0.0,5.0,0.3,1.0,0.4,1310,16,Defender,0.7241379310344827,0.5238095238095238,0.0251346499102333,0.5,0.015,0.08,24.722510194208308,28.98379293662313,43.47063981615869,39.5465045960329,32.54147264377586,True,False,France
822789,Alberto Dossena,10171,Como,ITA-Serie A,2.0,43.8,2.0,0.0,4.3,0.4,0.02,0.04,1.1,2.0,0.0,1.1,0.2,0.5,0.0,6.73,0.0,5.0,0.6,1.6,0.2,1828,23,Defender,0.7105263157894737,0.4074074074074074,0.045662100456621,0.1818181818181818,0.0133333333333333,0.08,25.288461538461537,27.64835164835165,38.722527472527474,45.777472527472526,32.39032607857352,False,False,Italy
667788,Benedikt Gimber,94937,1. FC Heidenheim 1846,GER-Bundesliga,2.3,34.4,1.0,0.0,5.1,0.3,0.03,0.02,1.8,0.0,0.0,0.6,0.2,0.4,0.0,6.19,0.0,1.0,0.4,2.2,0.4,1025,15,Defender,0.6086956521739131,0.2142857142857142,0.066860465116279,0.2222222222222222,0.0119999999999999,0.3,16.07356676342525,42.89402342940079,49.15035161379501,38.42352183979543,32.33954942793825,True,False,Germany
1053838,Morato,10203,Nottingham Forest,ENG-Premier League,3.1,47.5,0.0,0.0,5.6,0.1,0.01,0.08,1.1,0.0,0.0,0.8,0.1,0.7,0.0,0.0,0.0,1.0,0.4,2.3,0.4,939,14,Defender,0.7380952380952381,0.2580645161290323,0.0652631578947368,0.3636363636363636,0.0088888888888888,0.1,21.12323113207547,20.170990566037737,60.545400943396224,50.076650943396224,32.289197917584026,True,False,Brazil
355356,Marc-Oliver Kempf,10171,Como,ITA-Serie A,1.2,59.1,2.0,0.0,5.5,0.7,0.04,0.15,1.1,0.0,0.19,0.3,0.3,0.9,0.0,7.01,0.0,6.0,0.9,0.8,0.1,1398,22,Defender,0.5,0.2727272727272727,0.0203045685279187,0.0909090909090909,0.031578947368421,0.1166666666666666,46.806037908632256,45.635626166286535,22.844024293316743,18.450126131729903,32.27078936805966,True,False,Germany
671203,Mario Hermoso,8686,Roma,ITA-Serie A,2.8,51.5,0.0,0.0,3.3,0.4,0.03,0.04,1.9,0.0,0.07,1.6,0.2,0.2,0.3,7.1,0.0,8.0,0.6,1.4,0.2,1298,17,Defender,0.6122448979591836,0.5333333333333333,0.0543689320388349,0.1052631578947368,0.0171428571428571,0.05,31.64799528301887,19.19221698113208,39.58136792452829,48.31957547169812,32.14270849212665,True,False,Spain
420731,Gautier Lloris,9746,Le Havre,FRA-Ligue 1,2.9,52.7,1.0,0.0,5.8,0.3,0.02,0.04,1.2,1.0,0.06,1.7,0.2,0.7,0.1,6.94,0.0,3.0,0.4,1.4,0.1,1527,19,Defender,0.7209302325581395,0.5483870967741936,0.0550284629981024,0.0833333333333333,0.0133333333333333,0.0999999999999999,21.941672714078376,29.85008466376391,35.77895414334094,54.636300020733984,32.138120757306176,True,False,France
914103,Johan Vásquez,10233,Genoa,ITA-Serie A,3.1,47.0,0.0,0.0,4.7,0.5,0.02,0.04,0.8,0.0,0.0,1.1,0.2,0.9,0.1,6.73,0.0,6.0,0.8,1.5,0.2,2233,25,Defender,0.7647058823529411,0.4230769230769231,0.0659574468085106,0.25,0.0133333333333333,0.0833333333333333,25.91756513926325,19.13560888796738,45.067074434998965,55.19962938005392,32.0915656153942,True,False,Mexico
1429607,Kojo Peprah Oppong,9831,Nice,FRA-Ligue 1,1.3,50.2,1.0,0.0,5.2,0.3,0.02,0.06,1.2,0.0,0.05,1.0,0.1,0.7,0.0,6.92,0.0,6.0,0.5,1.7,0.6,1690,20,Defender,0.6923076923076923,0.3703703703703703,0.0258964143426294,0.5,0.0149999999999999,0.0499999999999999,29.068396226415093,18.84433962264151,49.66981132075471,40.86969339622641,31.92456259235557,True,False,Ghana
1669629,Honest Ahanor,8524,Atalanta,ITA-Serie A,0.9,42.0,0.0,0.0,3.5,0.6,0.05,0.14,1.3,0.0,0.0,1.3,0.2,0.8,0.0,6.82,0.0,0.0,0.9,2.4,0.3,1008,15,Defender,0.74,0.3513513513513513,0.0214285714285714,0.2307692307692307,0.0368421052631579,0.0,46.55070754716981,14.516509433962264,26.37971698113208,61.54186320754716,31.915018254476923,True,False,Italy
710159,Ezri Konsa,10252,Aston Villa,ENG-Premier League,1.4,58.3,1.0,0.0,3.7,0.5,0.02,0.04,0.4,0.0,0.0,0.6,0.1,0.8,0.1,6.88,0.0,4.0,0.3,0.6,0.3,2226,25,Defender,0.7499999999999999,0.5,0.0240137221269296,0.7499999999999999,0.0133333333333333,0.125,23.16493451517036,33.85976052249637,42.41503818508536,33.46745628585251,31.89148924936105,True,False,England
353519,Kevin Akpoguma,8226,TSG 1899 Hoffenheim,GER-Bundesliga,2.6,48.0,0.0,0.0,4.4,0.6,0.03,0.0,1.0,0.0,0.0,1.2,0.0,1.5,0.0,6.53,0.0,7.0,0.2,2.2,0.3,2216,32,Defender,0.7727272727272727,0.3529411764705882,0.0541666666666666,0.3,0.001,0.0857142857142857,15.975274725274724,26.06043956043956,51.26923076923077,63.31318681318681,31.82679962663924,False,False,Nigeria
195305,Marc Bartra,8603,Real Betis,ESP-La Liga,3.4,41.8,0.0,0.0,7.1,0.4,0.02,0.01,0.7,0.0,0.06,1.4,0.2,1.2,0.1,6.93,0.0,4.0,0.5,2.3,0.3,1586,20,Defender,0.8409090909090909,0.3783783783783784,0.0813397129186603,0.4285714285714286,0.0066666666666666,0.1,14.661452933858596,22.121492501209485,62.82666822171539,68.54827130416753,31.82672986730452,True,False,Spain
793255,Florentino,8191,Burnley,ENG-Premier League,2.0,38.0,0.0,0.0,2.6,0.4,0.02,0.03,1.7,2.0,0.0,1.6,0.1,0.4,0.1,6.78,0.0,9.0,0.5,4.3,0.3,1587,22,Midfielder,0.7763157894736842,0.2711864406779661,0.0526315789473684,0.1764705882352941,0.0119999999999999,0.0444444444444444,24.39563679245283,16.49174528301887,41.44457547169811,77.39976415094338,31.814503763623133,True,False,Portugal
1532137,Pau Cubarsi,8634,Barcelona,ESP-La Liga,2.0,84.1,1.0,0.0,3.8,0.5,0.03,0.03,0.9,0.0,0.05,1.0,0.1,0.5,0.0,7.25,0.0,4.0,0.5,1.5,0.1,1746,20,Defender,0.7352941176470589,0.4,0.0237812128418549,0.1111111111111111,0.015,0.125,25.188139297809112,40.64353963646417,29.97950359389039,35.565964302992604,31.770184272624427,True,False,Spain
924485,Mark McKenzie,9941,Toulouse,FRA-Ligue 1,1.6,36.8,2.0,0.0,4.0,0.8,0.04,0.02,1.2,2.0,0.0,0.7,0.1,0.5,0.1,6.92,0.0,11.0,0.3,1.8,0.2,1637,20,Defender,0.6756756756756757,0.2799999999999999,0.0434782608695652,0.1666666666666666,0.0133333333333333,0.0727272727272727,27.24989633008501,29.552906213283567,32.34386446886447,41.30362758310872,31.54315438480454,True,False,USA
604088,Thilo Kehrer,9829,Monaco,FRA-Ligue 1,2.7,53.2,0.0,0.0,3.1,0.2,0.02,0.1,1.2,0.0,0.0,1.4,0.1,1.0,0.0,6.81,0.0,3.0,0.9,2.2,0.1,1378,16,Defender,0.75,0.3888888888888888,0.0507518796992481,0.0833333333333333,0.0166666666666666,0.0666666666666666,31.157064240790657,18.427353307070288,32.22774984449512,58.76200411223996,31.28308072898736,True,False,Germany
1192393,Victor Chust,10268,Elche,ESP-La Liga,2.1,57.6,0.0,0.0,3.0,0.4,0.03,0.02,1.5,0.0,0.0,0.8,0.1,0.8,0.1,6.75,0.0,2.0,0.3,2.5,0.3,1389,18,Defender,0.6875,0.2424242424242424,0.0364583333333333,0.1999999999999999,0.0119999999999999,0.2,16.05247641509434,38.74410377358491,38.15153301886792,50.26827830188679,31.214100011236752,True,False,Spain
956682,Sven Botman,10261,Newcastle United,ENG-Premier League,2.5,51.3,2.0,0.0,6.4,0.3,0.03,0.11,0.7,1.0,0.08,0.7,0.3,0.9,0.1,6.86,0.0,5.0,0.7,0.8,0.1,1063,15,Defender,0.6818181818181818,0.4666666666666666,0.0487329434697855,0.1428571428571428,0.0235714285714285,0.06,41.11143867924528,26.326650943396228,33.78832547169812,22.995283018867923,31.17504760931096,True,False,Netherlands
939780,Isak Hien,8524,Atalanta,ITA-Serie A,2.9,47.5,0.0,0.0,4.7,0.3,0.02,0.04,1.7,0.0,0.06,1.1,0.2,0.7,0.0,6.81,0.0,1.0,0.4,2.1,0.2,1518,20,Defender,0.6530612244897959,0.34375,0.0610526315789473,0.1176470588235294,0.0133333333333333,0.3,18.053489356555392,31.868969866611376,40.234328564517234,49.36675824175824,31.091842860242245,True,False,Sweden
425962,Niklas Stark,8697,SV Werder Bremen,GER-Bundesliga,2.9,46.5,0.0,0.0,5.2,0.3,0.01,0.05,1.3,1.0,0.0,1.5,0.1,1.2,0.1,6.74,0.0,1.0,0.5,1.4,0.0,2109,26,Defender,0.6904761904761905,0.5172413793103449,0.0623655913978494,0.0,0.0083333333333333,0.3,19.505494505494507,35.89010989010989,32.28846153846154,48.72252747252745,30.94557712090785,False,False,Germany
1358581,Leny Yoro,10260,Manchester United,ENG-Premier League,2.2,45.8,0.0,0.0,4.0,0.3,0.02,0.05,0.8,0.0,0.0,1.3,0.1,0.5,0.2,6.55,0.0,3.0,0.4,1.9,0.1,1165,23,Defender,0.8,0.40625,0.0480349344978166,0.125,0.0142857142857142,0.0999999999999999,22.05771822517105,22.647271753403828,32.03983084525537,71.33105691478333,30.82481179677781,True,False,France
693678,Wout Faes,8197,Leicester City,ENG-Premier League,2.6,43.8,0.0,0.0,5.9,0.4,0.01,0.05,0.7,0.0,0.03,0.8,0.0,1.1,0.0,6.37,0.0,4.0,0.4,1.3,0.2,2812,34,Defender,0.7500000000000001,0.3809523809523809,0.0593607305936073,0.2857142857142857,0.0083333333333333,0.1,22.1978021978022,24.164835164835164,48.260989010989,38.7554945054945,30.77901117741818,False,False,Belgium
919435,Sepp van den Berg,9937,Brentford,ENG-Premier League,1.9,40.1,3.0,0.0,6.5,0.5,0.02,0.08,0.5,1.0,0.0,0.9,0.2,0.6,0.0,6.8,0.0,4.0,0.6,0.7,0.0,1853,21,Defender,0.7619047619047619,0.5625,0.0473815461346633,0.0,0.016,0.125,31.35511697422075,37.74919655815882,22.0316970765084,35.20756444813048,30.77574963460184,True,False,Netherlands
1199283,Eric Martel,8722,1. FC Köln,GER-Bundesliga,1.0,43.7,4.0,0.0,5.1,0.9,0.05,0.04,1.5,2.0,0.05,1.2,0.1,0.8,0.2,6.88,0.0,11.0,0.5,1.2,0.1,1718,21,Midfielder,0.6153846153846154,0.5,0.022883295194508,0.0666666666666666,0.0222222222222222,0.0818181818181818,41.27358490566039,46.69811320754717,12.355542452830187,36.624410377358494,30.742987867766573,True,False,Germany
1353289,Ivan Smolcic,10171,Como,ITA-Serie A,1.5,42.7,1.0,0.0,3.2,0.4,0.03,0.05,1.5,0.0,0.0,1.4,0.2,0.5,0.2,6.96,0.0,7.0,0.5,2.2,0.1,997,18,Defender,0.7058823529411765,0.3888888888888888,0.0351288056206089,0.0666666666666666,0.01875,0.0571428571428571,33.54952830188679,24.038915094339625,19.212853773584904,64.9439858490566,30.64364331767125,True,False,Croatia
1250443,Maxime Estève,8191,Burnley,ENG-Premier League,1.4,36.1,1.0,0.0,6.6,0.6,0.03,0.02,0.4,0.0,0.0,1.3,0.0,0.9,0.1,6.46,0.0,7.0,0.3,1.3,0.1,1971,23,Defender,0.8666666666666667,0.5,0.038781163434903,0.25,0.0119999999999999,0.0857142857142857,22.33195754716981,30.795990566037737,27.001768867924525,57.010613207547166,30.60841061844437,True,False,France
420568,Diego Llorente,8603,Real Betis,ESP-La Liga,3.1,49.2,0.0,0.0,5.4,0.4,0.01,0.05,0.7,0.0,0.07,1.5,0.2,0.7,0.0,7.07,0.0,6.0,0.4,1.3,0.2,2522,30,Defender,0.7999999999999999,0.5357142857142857,0.0630081300813008,0.2857142857142857,0.0083333333333333,0.0666666666666666,24.258241758241763,15.31318681318681,50.667582417582416,54.82692307692307,30.598878668524392,False,False,Spain
1287489,Bamo Meité,8689,Lorient,FRA-Ligue 1,1.4,36.0,2.0,0.0,5.4,0.4,0.03,0.04,1.3,2.0,0.0,0.6,0.1,0.8,0.1,6.92,0.0,5.0,0.3,1.2,0.5,1287,16,Defender,0.5806451612903226,0.3333333333333333,0.0388888888888888,0.3846153846153846,0.0171428571428571,0.08,28.06603773584905,31.014150943396228,47.735849056603776,19.12735849056604,30.435922383957944,True,False,Ivory Coast
954962,David Carmo,8670,Real Oviedo,ESP-La Liga,5.2,45.0,0.0,0.0,7.9,0.4,0.02,0.06,1.3,0.0,0.07,1.1,0.2,1.0,0.1,6.71,0.0,6.0,0.6,1.6,0.1,1362,17,Defender,0.675,0.4074074074074074,0.1155555555555555,0.0769230769230769,0.0149999999999999,0.0666666666666666,29.068396226415093,17.25825471698113,42.815448113207545,42.98643867924528,30.39778624551596,True,False,Angola
1200631,Lesley Ugochukwu,8191,Burnley,ENG-Premier League,1.1,25.2,0.0,0.0,1.0,0.3,0.01,0.11,1.2,1.0,0.16,0.8,0.4,0.9,0.2,6.56,0.0,8.0,0.9,2.2,0.4,1723,25,Midfielder,0.7142857142857143,0.2666666666666666,0.0436507936507936,0.3333333333333333,0.0091666666666666,0.0375,33.09257075471699,12.523584905660378,41.52712264150943,53.726415094339615,30.26717241540365,True,False,France
561869,Haris Belkebla,8121,Angers,FRA-Ligue 1,1.1,37.3,0.0,0.0,1.3,0.3,0.02,0.01,0.7,0.0,0.0,0.9,0.0,0.4,0.2,6.96,0.0,10.0,0.2,2.3,0.7,1843,21,Midfielder,0.8205128205128206,0.28125,0.0294906166219839,1.0,0.0066666666666666,0.03,16.14872745179349,17.355302716151773,55.49670848019904,72.9057510885341,30.263468695750586,True,False,Algeria
496042,Yerry Mina,8529,Cagliari,ITA-Serie A,1.9,43.7,0.0,0.0,6.3,0.2,0.02,0.04,1.4,0.0,0.07,0.8,0.1,0.9,0.1,6.8,0.0,1.0,0.3,1.4,0.1,1303,16,Defender,0.6111111111111112,0.3636363636363636,0.0434782608695652,0.0714285714285714,0.0133333333333333,0.2,23.12217067523672,37.324841039463685,27.236419241136225,38.72152964959569,30.101357116899106,True,False,Colombia
1641063,Noahkai Banks,8406,FC Augsburg,GER-Bundesliga,2.8,42.0,0.0,0.0,4.8,0.3,0.02,0.06,1.4,0.0,0.06,0.8,0.3,0.8,0.1,6.91,0.0,5.0,0.4,2.4,0.2,1388,18,Defender,0.6956521739130436,0.25,0.0666666666666666,0.1428571428571428,0.0149999999999999,0.06,27.77122641509434,14.94693396226415,43.78242924528301,50.32134433962264,30.01870529999181,True,False,USA
784448,Thibault De Smet,6379,Paris FC,FRA-Ligue 1,1.4,39.3,1.0,0.0,3.2,0.4,0.04,0.02,1.0,1.0,0.0,0.5,0.0,0.2,0.3,6.52,0.0,4.0,0.4,1.8,0.2,946,14,Defender,0.6969696969696969,0.2173913043478261,0.0356234096692111,0.2,0.0133333333333333,0.1,21.373820754716984,35.48349056603774,28.596698113207545,42.97759433962264,30.00534508781441,True,False,Belgium
1580528,Raul Asencio,8633,Real Madrid,ESP-La Liga,1.9,53.1,0.0,0.0,3.2,0.5,0.04,0.06,0.8,0.0,0.15,0.5,0.2,0.7,0.1,6.96,0.0,4.0,0.9,1.0,0.1,1166,17,Defender,0.6521739130434783,0.3333333333333333,0.0357815442561205,0.125,0.0239999999999999,0.125,29.37936277558919,31.14214873177137,31.996125336927225,27.16548742138365,29.97972901121976,True,False,Spain
474589,José Giménez,9906,Atlético de Madrid,ESP-La Liga,4.4,56.2,1.0,0.0,5.2,0.3,0.01,0.02,0.6,1.0,0.0,1.2,0.0,0.9,0.0,6.81,0.0,2.0,0.2,1.2,0.1,1994,27,Defender,0.7999999999999999,0.5,0.0782918149466192,0.1666666666666666,0.0066666666666666,0.15,12.486263736263735,35.93956043956044,46.90934065934066,49.88736263736264,29.87004539558564,False,False,Uruguay
917802,Wesley Fofana,8455,Chelsea,ENG-Premier League,1.8,59.3,1.0,0.0,7.4,0.5,0.05,0.02,1.2,1.0,0.0,2.1,0.0,1.2,0.1,7.08,0.0,1.0,0.2,1.3,0.7,954,15,Defender,0.7391304347826086,0.6176470588235293,0.0303541315345699,0.5833333333333334,0.0142857142857142,0.5,16.71619064897367,37.07917789757413,40.67937487041261,36.846222959430506,29.843233818911305,True,False,France
719219,Konstantinos Mavropanos,8654,West Ham United,ENG-Premier League,3.5,37.0,0.0,0.0,7.3,0.3,0.02,0.06,0.5,0.0,0.0,1.5,0.2,0.7,0.1,6.72,0.0,0.0,0.7,1.3,0.0,1537,19,Defender,0.8484848484848485,0.5357142857142857,0.0945945945945946,0.0,0.0149999999999999,0.0,25.65072309765706,13.823035455110928,44.26364123298086,59.67745697698528,29.823223636237,True,False,Greece
343766,Anthony Jung,8697,SV Werder Bremen,GER-Bundesliga,2.5,63.6,0.0,0.0,3.5,0.5,0.02,0.0,0.4,0.0,0.0,1.2,0.0,0.7,0.0,6.67,0.0,2.0,0.0,1.6,0.3,1898,28,Defender,0.875,0.4285714285714286,0.0393081761006289,0.7499999999999999,0.001,0.25,8.85989010989011,38.13186813186813,57.21978021978023,59.760989010989015,29.800299083678883,False,False,Germany
562892,Rico Henry,9937,Brentford,ENG-Premier League,1.2,22.8,0.0,0.0,2.6,0.5,0.04,0.01,1.0,0.0,0.0,0.6,0.0,0.4,0.2,6.51,0.0,2.0,0.4,1.0,0.9,1127,22,Defender,0.6153846153846154,0.3749999999999999,0.0526315789473684,0.9,0.008,0.25,13.826650943396228,42.10495283018868,67.88620283018867,21.19693396226415,29.61408951030144,True,False,Jamaica
766611,Nikola Milenkovic,10203,Nottingham Forest,ENG-Premier League,2.3,36.1,1.0,0.0,5.8,0.4,0.02,0.03,0.5,0.0,0.0,0.9,0.0,0.9,0.0,6.68,0.0,1.0,0.5,0.7,0.0,2340,26,Defender,0.7619047619047619,0.5625,0.0637119113573407,0.0,0.0119999999999999,0.4,21.989771235054253,35.370127513995435,29.64819614347916,36.92826041882645,29.600340611343235,True,False,Serbia
210389,Maxime Colin,8550,Metz,FRA-Ligue 1,1.5,43.1,0.0,0.0,2.2,0.3,0.02,0.03,0.6,0.0,0.0,1.3,0.1,0.6,0.2,6.32,0.0,4.0,0.5,2.0,0.3,1111,15,Defender,0.8461538461538461,0.393939393939394,0.0348027842227378,0.5,0.0119999999999999,0.075,18.3372641509434,17.25235849056604,43.26945754716981,72.75943396226415,29.48734736159772,True,False,France
708457,Léo Pétrot,10268,Elche,ESP-La Liga,1.5,46.8,1.0,0.0,4.1,0.2,0.02,0.04,0.9,0.0,0.0,0.8,0.0,0.8,0.1,6.71,0.0,2.0,0.5,2.5,0.2,928,21,Defender,0.7857142857142856,0.2424242424242424,0.032051282051282,0.2222222222222222,0.0133333333333333,0.1,19.1185141509434,28.14268867924528,29.03301886792453,60.58667452830189,29.442596684605164,True,False,France
1137670,Willian Pacho,9847,Paris Saint-Germain,FRA-Ligue 1,1.1,71.9,0.0,0.0,2.9,0.4,0.03,0.06,0.3,0.0,0.0,1.3,0.0,0.6,0.1,7.13,0.0,2.0,0.5,2.2,0.0,1285,16,Defender,0.9210526315789476,0.3714285714285714,0.015299026425591,0.0,0.02,0.2,25.54683720367682,37.98874317506394,12.991965581588223,73.43835959637846,29.42511591518517,True,False,Ecuador
883823,Elisha Owusu,8583,Auxerre,FRA-Ligue 1,1.2,28.2,0.0,0.0,1.8,0.4,0.03,0.0,1.7,0.0,0.0,1.3,0.0,0.4,0.6,6.76,0.0,6.0,0.2,2.6,0.4,1269,17,Midfielder,0.6964285714285714,0.3333333333333333,0.0425531914893617,0.2352941176470588,0.001,0.0666666666666666,16.809687953555876,21.042029511369133,38.391340970350406,74.20402671228142,29.416000000465967,True,False,Ghana
888921,Lewis Ferguson,9857,Bologna,ITA-Serie A,2.8,54.3,1.0,0.0,1.8,1.1,0.09,0.05,2.2,0.0,0.08,0.4,0.2,0.6,0.2,6.55,0.0,12.0,0.8,1.4,0.1,1123,18,Midfielder,0.4499999999999999,0.2222222222222222,0.0515653775322283,0.0454545454545454,0.0321428571428571,0.0916666666666666,41.351704506185634,40.58839588084872,23.267818266639026,15.782936795908496,29.401871547026712,True,False,Scotland
1337979,Étienne Youté Kinkoué,9746,Le Havre,FRA-Ligue 1,2.4,43.4,0.0,0.0,5.9,0.3,0.01,0.05,0.5,0.0,0.0,1.1,0.1,0.9,0.1,6.33,0.0,3.0,0.5,0.7,0.1,2320,28,Defender,0.782608695652174,0.6111111111111112,0.0552995391705069,0.2,0.0083333333333333,0.0999999999999999,21.08516483516484,22.07142857142857,40.20604395604396,46.49725274725275,29.35681970389786,False,False,France
439148,Morten Thorsby,7801,Cremonese,ITA-Serie A,0.4,17.5,0.0,0.0,2.2,0.4,0.04,0.2,1.7,0.0,0.3,0.0,0.7,0.6,0.5,6.87,0.0,9.0,1.7,1.2,0.3,911,15,Midfielder,0.4137931034482758,0.0,0.0228571428571428,0.1764705882352941,0.0333333333333333,0.0444444444444444,55.57193396226416,21.85141509433962,22.67393867924528,22.39091981132076,29.32396374691692,True,False,Norway
617310,Nayef Aguerd,8592,Marseille,FRA-Ligue 1,1.8,81.1,1.0,0.0,4.3,0.3,0.02,0.03,1.3,0.0,0.07,1.4,0.1,0.7,0.1,7.33,0.0,3.0,0.4,1.4,0.1,1219,14,Defender,0.6829268292682927,0.5,0.0221948212083847,0.0769230769230769,0.0119999999999999,0.0999999999999999,22.26073847536112,23.994773308452555,34.07132058193379,44.84600698044094,29.022380443610672,True,False,Morocco
362121,Edoardo Goldaniga,10171,Como,ITA-Serie A,2.2,45.2,0.0,0.0,3.5,0.4,0.01,0.07,1.6,0.0,0.04,1.2,0.2,0.4,0.1,6.65,0.0,4.0,0.4,1.2,0.1,2531,32,Defender,0.6,0.5,0.0486725663716814,0.0625,0.00875,0.1,26.19505494505495,24.164835164835164,32.60989010989012,36.612637362637365,28.99514534014305,False,False,Italy
1056071,Victor Parada,9866,Alavés,ESP-La Liga,1.0,25.2,1.0,0.0,3.1,0.7,0.06,0.04,1.6,1.0,0.0,0.3,0.1,0.3,0.0,6.48,0.0,9.0,0.4,1.2,0.4,1086,17,Defender,0.4838709677419354,0.1999999999999999,0.0396825396825396,0.25,0.0239999999999999,0.0777777777777777,41.49469339622642,37.23466981132076,36.00530660377358,9.38679245283019,28.95540982700821,True,False,Spain
877401,Calvin Bassey,9879,Fulham,ENG-Premier League,1.9,54.9,0.0,0.0,4.2,0.2,0.01,0.06,0.9,0.0,0.06,0.8,0.1,0.9,0.1,6.54,0.0,4.0,0.4,2.1,0.4,1452,18,Defender,0.7631578947368421,0.2758620689655172,0.0346083788706739,0.4444444444444445,0.0085714285714285,0.05,19.343704644412192,16.754449167185015,51.64740566037736,50.18264047273482,28.86471433754993,True,False,Nigeria
922877,Logan Costa,10205,Villarreal,ESP-La Liga,3.7,46.9,0.0,0.0,3.8,0.5,0.02,0.02,0.7,1.0,0.07,0.7,0.2,0.5,0.0,6.85,0.0,4.0,0.4,1.3,0.0,2585,32,Defender,0.7407407407407407,0.35,0.0788912579957356,0.0,0.01,0.125,18.997252747252748,31.879120879120887,36.21703296703296,35.239010989010985,28.748605522525786,False,False,Cape Verde
812549,Marius Marin,6479,Pisa,ITA-Serie A,1.8,19.8,0.0,0.0,1.6,0.5,0.04,0.01,2.3,0.0,0.0,0.6,0.0,0.3,0.4,6.43,0.0,1.0,0.2,3.0,0.1,1031,19,Midfielder,0.6101694915254237,0.1666666666666666,0.0909090909090909,0.0434782608695652,0.008,0.5,12.942216981132075,42.37028301886793,31.36202830188679,51.55070754716981,28.6362342205624,True,False,Romania
796974,Pascal Struijk,8463,Leeds United,ENG-Premier League,2.0,51.7,1.0,0.0,7.0,0.5,0.02,0.11,0.7,1.0,0.0,1.0,0.2,0.7,0.0,6.9,0.0,8.0,1.0,1.2,0.0,1988,23,Defender,0.7586206896551724,0.4545454545454545,0.0386847195357833,0.0,0.0169230769230769,0.0625,39.13620283018868,23.16627358490566,19.10966981132076,38.646816037735846,28.623562867441265,True,False,Netherlands
1643851,Karim Coulibaly,8697,SV Werder Bremen,GER-Bundesliga,2.8,54.6,0.0,0.0,4.9,0.4,0.02,0.03,0.8,0.0,0.05,1.0,0.1,0.8,0.1,6.47,0.0,6.0,0.3,1.2,0.3,1733,21,Defender,0.7333333333333334,0.4545454545454545,0.0512820512820512,0.3749999999999999,0.0119999999999999,0.0666666666666666,20.975825471698112,17.25825471698113,52.809551886792455,39.35141509433962,28.538761912616064,True,False,Germany
614006,Ruben Dias,8456,Manchester City,ENG-Premier League,1.8,69.1,0.0,0.0,4.9,0.5,0.02,0.03,0.6,0.0,0.1,1.0,0.2,0.8,0.1,7.23,0.0,3.0,0.4,0.4,0.0,1825,22,Defender,0.7,0.7142857142857143,0.0260492040520984,0.0,0.0119999999999999,0.1666666666666666,24.939309903932543,38.78040120257101,22.47360736747529,31.5881539843804,28.44732605715792,True,False,Portugal
1173779,Tim Siersleben,94937,1. FC Heidenheim 1846,GER-Bundesliga,3.3,37.9,0.0,0.0,6.4,0.4,0.03,0.04,1.1,0.0,0.0,1.6,0.3,0.7,0.2,6.52,0.0,2.0,0.4,1.9,0.0,1006,13,Defender,0.7608695652173914,0.4571428571428572,0.0870712401055408,0.0,0.0171428571428571,0.2,19.25156800746424,34.52720471352547,24.8539031722994,47.31202484622296,28.42648390989704,True,False,Germany
839232,Fernando Calero,8558,Espanyol,ESP-La Liga,3.4,48.4,1.0,0.0,5.7,0.1,0.01,0.1,0.4,0.0,0.0,1.3,0.1,1.5,0.0,6.79,0.0,3.0,0.5,1.2,0.1,1495,19,Defender,0.8620689655172414,0.52,0.0702479338842975,0.25,0.009090909090909,0.0333333333333333,25.810731132075475,12.081367924528305,45.63974056603774,51.63325471698113,28.280742778895902,True,False,Spain
1250485,Tarik Muharemovic,7943,Sassuolo,ITA-Serie A,3.1,43.3,1.0,0.0,7.4,0.3,0.01,0.04,0.9,2.0,0.09,1.6,0.2,0.9,0.0,6.95,0.0,5.0,0.6,1.4,0.2,1935,22,Defender,0.7692307692307693,0.5333333333333333,0.0715935334872979,0.2222222222222222,0.008,0.06,17.924528301886795,17.258254716981135,48.27240566037736,53.130896226415096,28.266868810707283,True,False,Bosnia and Herzegovina
656491,Rasmus Nicolaisen,9941,Toulouse,FRA-Ligue 1,1.8,36.9,0.0,0.0,5.7,0.4,0.02,0.03,1.3,0.0,0.0,1.6,0.2,0.5,0.2,6.77,0.0,1.0,0.6,0.9,0.2,1668,22,Defender,0.6578947368421053,0.64,0.048780487804878,0.1538461538461538,0.0119999999999999,0.4,14.976415094339622,36.8691037735849,33.867924528301884,41.12323113207548,28.15480979727877,True,False,Denmark
1473534,Jérémy Jacquet,9851,Rennes,FRA-Ligue 1,3.1,52.3,0.0,0.0,4.9,0.5,0.03,0.06,1.1,0.0,0.0,1.0,0.2,0.9,0.0,6.85,0.0,9.0,0.6,1.5,0.2,1673,19,Defender,0.6944444444444444,0.4,0.0592734225621415,0.1818181818181818,0.02,0.0555555555555555,27.674424631971803,26.24307139401479,31.870412606261667,26.99166321100283,28.14946183614226,True,False,France
1386006,Daniele Ghilardi,9876,Verona,ITA-Serie A,1.9,27.4,0.0,0.0,4.5,0.4,0.02,0.03,1.5,0.0,0.0,1.3,0.2,0.7,0.0,6.72,0.0,6.0,0.5,1.9,0.1,2031,24,Defender,0.6808510638297872,0.40625,0.0693430656934306,0.0666666666666666,0.0119999999999999,0.0666666666666666,23.530219780219777,17.423076923076923,34.72802197802198,50.48626373626374,28.02680983923233,False,False,Italy
1536998,Alpha Toure,8550,Metz,FRA-Ligue 1,0.6,36.7,0.0,0.0,1.6,0.3,0.02,0.04,1.5,1.0,0.0,0.6,0.1,0.3,0.1,6.54,0.0,6.0,0.9,2.5,0.7,1029,22,Midfielder,0.673913043478261,0.1935483870967742,0.0163487738419618,0.4666666666666666,0.0133333333333333,0.0499999999999999,24.233490566037734,14.056603773584904,44.81721698113208,45.0501179245283,27.918706976342424,True,False,Senegal
612863,Andre-Frank Zambo Anguissa,9875,Napoli,ITA-Serie A,0.0,0.0,1.0,0.0,0.0,1.0,0.0,0.0,0.0,1.0,0.0,0.0,0.0,0.0,0.0,0.0,0.0,10.0,0.0,0.0,0.0,932,11,Midfielder,0.0,0.0,0.0,0.0,0.001,0.1,33.225106261662866,41.758423180592985,21.283429228004696,17.812957875457872,27.783281898653684,True,False,Cameroon
1013277,Toti Gomes,8602,Wolverhampton Wanderers,ENG-Premier League,2.2,46.8,0.0,0.0,5.3,0.2,0.02,0.0,0.8,0.0,0.0,0.8,0.1,0.7,0.0,0.0,0.0,5.0,0.2,1.3,0.8,953,13,Defender,0.7241379310344827,0.3809523809523809,0.047008547008547,1.0,0.001,0.04,15.345177621121016,16.090106434446056,69.62894377634944,41.672113656783466,27.67565210956173,True,False,Portugal
1079554,Anthony Rouault,9851,Rennes,FRA-Ligue 1,2.1,48.7,0.0,0.0,5.1,0.2,0.02,0.06,1.2,0.0,0.08,1.1,0.1,1.1,0.0,6.78,0.0,5.0,0.4,1.3,0.2,1097,14,Defender,0.6666666666666666,0.4583333333333333,0.0431211498973305,0.1666666666666666,0.0149999999999999,0.04,28.69272237196766,16.379483723823345,35.934480613725896,35.87047308037874,27.58873851382124,True,False,France
831474,Marin Pongracic,8535,Fiorentina,ITA-Serie A,2.5,55.6,1.0,0.0,3.0,0.4,0.02,0.03,2.2,0.0,0.0,1.2,0.0,0.8,0.1,6.83,0.0,5.0,0.3,1.0,0.6,2069,23,Defender,0.5,0.5454545454545454,0.0449640287769784,0.2727272727272727,0.0119999999999999,0.08,17.1117777662589,22.642252401686363,59.5023239339277,27.090218743520627,27.473527864828963,True,False,Croatia
1140003,Ilya Zabarnyi,9847,Paris Saint-Germain,FRA-Ligue 1,2.1,75.5,0.0,0.0,3.5,0.3,0.02,0.02,0.8,0.0,0.06,0.6,0.1,0.3,0.1,7.06,0.0,4.0,0.1,1.2,0.2,1397,17,Defender,0.6923076923076923,0.3333333333333333,0.0278145695364238,0.25,0.01,0.075,20.993589743589745,20.041865367337067,41.116559541087845,36.542284366576816,27.426720287216025,True,False,Ukraine
846392,Montassar Talbi,8689,Lorient,FRA-Ligue 1,2.0,44.5,0.0,0.0,6.1,0.4,0.02,0.02,0.1,1.0,0.0,0.9,0.1,0.8,0.0,6.91,0.0,5.0,0.4,0.7,0.1,1890,21,Defender,0.9411764705882352,0.5625,0.0449438202247191,1.0,0.01,0.08,16.96639150943396,19.63443396226415,48.82959905660377,39.18337264150943,27.09708627926521,True,False,Tunisia
831044,Hjalmar Ekdal,8191,Burnley,ENG-Premier League,1.7,30.8,0.0,0.0,7.3,0.3,0.02,0.02,0.4,0.0,0.0,0.7,0.1,0.6,0.0,6.44,0.0,3.0,0.4,1.5,0.2,1179,15,Defender,0.8461538461538461,0.3181818181818181,0.0551948051948051,0.5,0.01,0.0999999999999999,14.298349056603774,22.71816037735849,46.762971698113205,44.23349056603774,27.058569097369297,True,False,Sweden
1225995,Robin Hranac,8226,TSG 1899 Hoffenheim,GER-Bundesliga,2.2,42.9,0.0,0.0,6.6,0.3,0.02,0.06,1.0,0.0,0.0,0.6,0.1,0.9,0.1,6.95,0.0,1.0,0.3,1.1,0.1,1767,20,Defender,0.6296296296296297,0.3529411764705882,0.0512820512820512,0.1,0.0149999999999999,0.3,23.0689858490566,36.55070754716981,30.86379716981132,19.8997641509434,27.02492036009368,True,False,Czechia
865931,Max Kilman,8654,West Ham United,ENG-Premier League,1.6,34.9,0.0,0.0,6.4,0.3,0.02,0.03,0.9,0.0,0.0,0.5,0.1,1.4,0.0,6.36,0.0,4.0,0.4,0.9,0.2,1559,21,Defender,0.6086956521739131,0.3571428571428571,0.0458452722063037,0.2222222222222222,0.0119999999999999,0.075,25.10487939733223,20.92648075195245,44.22973685119912,22.140105570530096,26.950449789896005,True,False,England
1419969,Rodrigo Mendoza,9906,Atlético de Madrid,ESP-La Liga,1.9,40.5,0.0,0.0,0.7,0.9,0.09,0.07,2.1,0.0,0.0,0.0,0.0,0.0,0.4,6.51,0.0,0.0,1.2,1.3,0.0,901,18,Midfielder,0.3823529411764705,0.0,0.0469135802469135,0.0,0.039375,0.0,46.4622641509434,21.468160377358487,20.430424528301888,22.214033018867926,26.91371498839665,True,False,Spain
1189288,Federico Gatti,9885,Juventus,ITA-Serie A,0.9,56.7,1.0,0.0,3.1,0.3,0.01,0.1,0.8,0.0,0.04,0.7,0.4,0.7,0.0,7.03,0.0,7.0,1.0,1.1,0.3,2197,30,Defender,0.6923076923076923,0.3888888888888888,0.0158730158730158,0.3749999999999999,0.009090909090909,0.0428571428571428,33.22802197802197,16.17032967032967,34.10989010989011,27.4478021978022,26.88763849338857,False,False,Italy
776591,Abdul Mumin,8370,Rayo Vallecano,ESP-La Liga,2.2,40.1,0.0,0.0,5.4,0.1,0.01,0.03,1.0,1.0,0.09,1.0,0.2,1.3,0.1,7.0,0.0,1.0,0.4,1.6,0.2,2020,24,Defender,0.7222222222222222,0.3846153846153846,0.054862842892768,0.2,0.0074999999999999,0.1,14.381868131868131,22.010989010989007,42.777472527472526,48.835164835164825,26.825930296952453,False,False,Ghana
1200630,Koni De Winter,8564,Milan,ITA-Serie A,1.5,56.4,0.0,0.0,4.5,0.4,0.03,0.04,1.4,0.0,0.08,0.2,0.1,0.5,0.1,6.96,0.0,2.0,0.4,1.4,0.2,1096,17,Defender,0.5333333333333333,0.125,0.026595744680851,0.1428571428571428,0.0171428571428571,0.2,25.451201707097933,30.08764427396503,29.34446921003525,22.45863570391872,26.820555771925275,True,False,Belgium
941953,Saul Coco,9804,Torino,ITA-Serie A,2.3,36.9,0.0,0.0,5.1,0.3,0.01,0.03,1.3,1.0,0.05,1.1,0.2,1.4,0.0,6.78,0.0,7.0,0.6,1.7,0.3,1980,22,Defender,0.6829268292682927,0.3928571428571429,0.062330623306233,0.2307692307692307,0.0074999999999999,0.0428571428571428,17.336439111203262,19.55840071877808,43.9168005736402,40.98000466514617,26.772774409216566,True,False,Equatorial Guinea
479217,David Costas,8670,Real Oviedo,ESP-La Liga,3.8,38.0,1.0,0.0,5.1,0.2,0.01,0.03,0.8,0.0,0.0,1.2,0.0,0.7,0.0,6.74,0.0,4.0,0.1,1.4,0.4,1430,17,Defender,0.7647058823529412,0.4615384615384615,0.0999999999999999,0.5,0.0074999999999999,0.05,13.664504716981137,14.663915094339623,68.93573113207546,47.35259433962264,26.72517175170406,True,False,Spain
740944,Leo Østigard,10233,Genoa,ITA-Serie A,2.9,52.0,1.0,0.0,7.9,0.6,0.03,0.17,1.4,1.0,0.22,0.6,0.5,1.1,0.1,7.01,0.0,5.0,0.9,1.4,0.1,1633,19,Defender,0.5882352941176471,0.3,0.0557692307692307,0.0714285714285714,0.0255,0.12,32.16793230354551,32.05728626719193,24.792975499343424,17.29630157578271,26.599988280957003,True,False,Norway
740944,Leo Østigard,10233,Genoa,ITA-Serie A,2.9,52.0,1.0,0.0,7.9,0.6,0.03,0.17,1.4,1.0,0.22,0.6,0.5,1.1,0.1,7.01,0.0,5.0,0.9,1.4,0.1,1633,19,Defender,0.5882352941176471,0.3,0.0557692307692307,0.0714285714285714,0.0255,0.12,31.84741948303269,32.20197491188057,24.792975499343424,17.29630157578271,26.55007265759794,True,False,Norway
1206806,Kialonda Gaspar,9888,Lecce,ITA-Serie A,2.3,32.9,0.0,0.0,7.0,0.2,0.01,0.04,0.6,0.0,0.0,0.8,0.0,1.0,0.0,6.65,0.0,0.0,0.4,1.1,0.0,1825,21,Defender,0.76,0.4210526315789473,0.0699088145896656,0.0,0.008,0.0,19.4525580551524,16.723374110166564,40.92692998825074,40.916480924735644,26.17616016944715,True,False,Angola
39591,Axel Witsel,7732,Girona,ESP-La Liga,1.1,42.8,0.0,0.0,2.5,0.4,0.03,0.1,1.4,0.0,0.06,1.0,0.1,0.3,0.3,6.8,0.0,8.0,0.8,1.3,0.1,1389,18,Midfielder,0.6216216216216216,0.4347826086956522,0.0257009345794392,0.0714285714285714,0.023076923076923,0.05,43.63207547169812,19.19221698113208,14.08313679245283,37.69752358490566,26.01120438081888,True,False,Belgium
362195,Alessio Romagnoli,8543,Lazio,ITA-Serie A,1.8,60.0,0.0,0.0,4.3,0.3,0.02,0.05,0.7,0.0,0.0,1.2,0.1,0.7,0.1,6.87,0.0,3.0,0.3,1.1,0.1,1753,21,Defender,0.7666666666666666,0.5217391304347826,0.03,0.1428571428571428,0.0142857142857142,0.0999999999999999,25.72530064275348,19.559359665491744,22.70680852166701,44.5450229801645,25.98637239414997,True,False,Italy
544693,Amir Rrahmani,9875,Napoli,ITA-Serie A,1.9,77.4,0.0,0.0,3.6,0.2,0.02,0.04,1.1,1.0,0.07,1.2,0.1,0.6,0.0,7.27,0.0,3.0,0.5,1.3,0.1,1360,16,Defender,0.6944444444444444,0.48,0.024547803617571,0.0909090909090909,0.0133333333333333,0.0666666666666666,26.71273498514065,18.643470523187503,28.43462315985901,33.606948476052246,25.9653919114325,True,False,Kosovo
279820,Matteo Bianchetti,7801,Cremonese,ITA-Serie A,3.3,39.3,1.0,0.0,5.2,0.3,0.02,0.02,1.0,2.0,0.0,0.6,0.1,0.9,0.1,6.66,0.0,3.0,0.3,1.9,0.0,1568,19,Defender,0.7142857142857143,0.24,0.0839694656488549,0.0,0.01,0.0999999999999999,14.298349056603774,27.505896226415096,34.08608490566037,41.7688679245283,25.927284894514973,True,False,Italy
873573,Sam Beukema,9875,Napoli,ITA-Serie A,2.4,62.6,0.0,0.0,3.9,0.1,0.01,0.1,0.9,0.0,0.09,0.8,0.2,0.9,0.0,6.88,0.0,3.0,0.4,1.0,0.1,963,14,Defender,0.6666666666666666,0.4444444444444445,0.0383386581469648,0.1111111111111111,0.009090909090909,0.0333333333333333,28.64488302577925,17.243373764600182,30.502289377289376,30.320085182113484,25.92381234634612,True,False,Netherlands
823018,Alessandro Buongiorno,9875,Napoli,ITA-Serie A,1.0,55.1,0.0,0.0,4.0,0.3,0.02,0.07,1.7,1.0,0.0,1.3,0.1,0.5,0.0,6.87,0.0,1.0,0.2,1.2,0.0,1470,21,Defender,0.5952380952380952,0.52,0.0181488203266787,0.0,0.0155555555555555,0.3,26.78156748911466,36.94772444536596,11.3651945538738,44.19599661344944,25.895155696723503,True,False,Italy
956921,Abdelkabir Abqar,9866,Alavés,ESP-La Liga,3.0,25.9,0.0,0.0,5.3,0.4,0.01,0.03,1.7,1.0,0.0,1.4,0.0,0.7,0.1,6.8,0.0,8.0,0.4,1.3,0.1,2467,29,Defender,0.6136363636363636,0.5185185185185185,0.1158301158301158,0.0588235294117647,0.0074999999999999,0.05,21.14010989010989,13.95054945054945,41.95879120879121,41.41483516483516,25.87122123705118,False,False,Morocco
793907,Trevoh Chalobah,8455,Chelsea,ENG-Premier League,1.6,68.4,0.0,0.0,6.2,0.8,0.03,0.05,0.7,0.0,0.12,1.2,0.2,0.5,0.2,7.12,0.0,3.0,0.5,1.3,0.2,2192,25,Defender,0.78125,0.48,0.023391812865497,0.2857142857142857,0.01875,0.2666666666666666,20.306430990393253,28.41125855276799,22.54651323519248,37.995987110373896,25.696861956573382,True,False,England
1190029,Thomas Kristensen,8600,Udinese,ITA-Serie A,2.3,38.4,0.0,0.0,7.7,0.2,0.01,0.02,1.1,0.0,0.07,0.9,0.2,0.9,0.0,6.83,0.0,3.0,0.4,1.1,0.2,1345,15,Defender,0.6451612903225806,0.45,0.0598958333333333,0.1818181818181818,0.0066666666666666,0.0666666666666666,16.819990151358077,20.470549104983068,46.72491188057226,30.063463266293454,25.616808331909063,True,False,Denmark
1097466,Micky van de Ven,8586,Tottenham Hotspur,ENG-Premier League,2.3,48.1,1.0,0.0,4.2,0.3,0.01,0.1,0.7,1.0,0.17,0.8,0.3,0.7,0.0,6.81,0.0,5.0,0.6,1.2,0.3,2150,24,Defender,0.7407407407407407,0.4,0.0478170478170478,0.4285714285714286,0.009090909090909,0.06,20.693724514479232,25.38462402377497,35.897535247771096,23.29669465754371,25.5928883456526,True,False,Netherlands
609516,Robin Le Normand,9906,Atlético de Madrid,ESP-La Liga,1.6,51.3,0.0,0.0,5.0,0.3,0.02,0.03,1.1,0.0,0.08,0.8,0.1,0.3,0.2,6.77,0.0,1.0,0.2,1.4,0.0,1188,18,Defender,0.6666666666666666,0.3636363636363636,0.0311890838206627,0.0,0.0119999999999999,0.3,22.291969037252056,41.57959257723409,16.933236574746008,28.53495835925081,25.55200768110841,True,False,Spain
1002668,David Nemeth,8152,FC St. Pauli,GER-Bundesliga,2.3,40.1,0.0,0.0,3.8,0.3,0.01,0.01,0.9,1.0,0.0,0.8,0.0,0.5,0.1,6.75,0.0,3.0,0.2,1.8,0.2,2141,24,Defender,0.7428571428571429,0.3076923076923077,0.0573566084788029,0.2222222222222222,0.005,0.0999999999999999,11.510989010989013,22.07142857142857,44.535714285714285,50.0521978021978,25.489020037394923,False,False,Austria
1355636,Arthur Chaves,8226,TSG 1899 Hoffenheim,GER-Bundesliga,1.6,39.3,0.0,0.0,5.4,0.4,0.01,0.03,1.6,0.0,0.04,1.5,0.1,0.8,0.1,6.65,0.0,5.0,0.4,2.1,0.1,2188,26,Defender,0.6923076923076923,0.4166666666666666,0.0407124681933842,0.0625,0.0074999999999999,0.08,18.11813186813187,18.10989010989011,26.546703296703296,60.17307692307691,25.33938508060887,False,False,Brazil
359191,Omar Mascarell,8661,Mallorca,ESP-La Liga,3.3,32.8,1.0,0.0,3.0,0.2,0.01,0.0,1.4,1.0,0.08,1.6,0.1,0.6,0.2,6.64,0.0,5.0,0.1,2.1,0.2,1159,17,Midfielder,0.7254901960784315,0.4324324324324324,0.1006097560975609,0.1428571428571428,0.001,0.04,9.651625889833438,18.414869721473494,53.16376390904693,63.27394775036286,25.311694672529367,True,False,Equatorial Guinea
1384881,Álex Valle,10171,Como,ITA-Serie A,0.9,41.5,2.0,0.0,2.4,0.6,0.04,0.04,1.8,3.0,0.0,1.2,0.0,0.2,0.2,6.93,0.0,8.0,0.4,2.3,0.2,1460,20,Defender,0.6603773584905661,0.3428571428571428,0.0216867469879518,0.1111111111111111,0.02,0.075,27.93362101734743,27.689983758379984,13.981261662865435,40.76131729905314,25.28454130395419,True,False,Spain
523193,Josh Laurent,8191,Burnley,ENG-Premier League,0.9,26.5,0.0,0.0,2.6,0.3,0.02,0.04,1.4,0.0,0.07,1.5,0.2,0.5,0.1,6.33,0.0,6.0,0.8,2.4,0.2,1262,23,Midfielder,0.7358490566037736,0.3846153846153846,0.0339622641509433,0.1428571428571428,0.0133333333333333,0.0499999999999999,24.233490566037734,14.056603773584904,21.66863207547169,67.39091981132076,25.233241467312684,True,False,England
1383070,Daniel Elfadli,9790,Hamburger SV,GER-Bundesliga,1.1,48.0,0.0,0.0,3.8,0.4,0.03,0.01,1.5,0.0,0.0,1.4,0.1,0.6,0.0,6.54,0.0,2.0,0.2,1.6,0.3,1021,15,Defender,0.6666666666666666,0.4666666666666666,0.0229166666666666,0.1999999999999999,0.0074999999999999,0.2,11.320754716981131,38.74410377358491,27.119693396226413,43.88856132075471,25.11918137680355,True,False,Germany
517346,Nico Elvedi,9788,Borussia Mönchengladbach,GER-Bundesliga,1.6,50.8,0.0,0.0,8.3,0.7,0.03,0.01,0.5,0.0,0.0,0.9,0.0,0.9,0.0,6.84,0.0,5.0,0.2,1.3,0.0,1980,22,Defender,0.8148148148148149,0.409090909090909,0.0314960629921259,0.0,0.0074999999999999,0.1399999999999999,20.09695296841524,30.42166010090538,15.638140161725069,49.31744591886101,25.054237097640023,True,False,Switzerland
1097009,Oliver Sørensen,10167,Parma,ITA-Serie A,0.9,21.8,0.0,0.0,1.6,0.3,0.02,0.1,0.7,0.0,0.06,1.0,0.2,0.1,0.1,6.46,0.0,7.0,0.9,1.0,0.1,1475,24,Midfielder,0.7407407407407407,0.5,0.0412844036697247,0.1428571428571428,0.0166666666666666,0.0428571428571428,36.954599056603776,14.528301886792455,19.57841981132076,37.44103773584906,25.030426339474264,True,False,Denmark
1047671,Vini Souza,8721,VfL Wolfsburg,GER-Bundesliga,0.9,26.2,0.0,0.0,5.2,0.4,0.03,0.01,2.0,0.0,0.0,1.3,0.1,0.9,0.2,6.65,0.0,3.0,0.3,2.7,0.2,914,14,Midfielder,0.6666666666666666,0.325,0.0343511450381679,0.1,0.0074999999999999,0.1333333333333333,12.470518867924527,34.180424528301884,19.93514150943396,63.62028301886792,24.993879421363232,True,False,Brazil
1098365,Jorge Herrando,8371,Osasuna,ESP-La Liga,1.5,28.7,1.0,0.0,6.7,0.8,0.06,0.02,1.5,1.0,0.0,1.0,0.0,0.6,0.0,6.65,0.0,2.0,0.2,2.0,0.2,1116,20,Defender,0.6666666666666666,0.3333333333333333,0.0522648083623693,0.1333333333333333,0.0149999999999999,0.4,16.98489010989011,35.95449754647868,23.11255097104154,31.073817299053143,24.968820111935,True,False,Spain
640231,Antonio Raillo,8661,Mallorca,ESP-La Liga,2.1,40.8,0.0,0.0,5.1,0.3,0.02,0.02,1.1,1.0,0.0,0.8,0.1,1.4,0.1,6.76,0.0,6.0,0.5,1.0,0.0,1620,18,Defender,0.6206896551724137,0.4444444444444445,0.0514705882352941,0.0,0.01,0.0499999999999999,26.08596395742622,22.38205819337895,27.6826491118944,22.7214734950584,24.787702920244588,True,False,Spain
426393,Adrien Tamèze,9804,Torino,ITA-Serie A,2.4,33.0,0.0,0.0,2.9,0.3,0.02,0.02,1.2,0.0,0.0,1.6,0.0,0.5,0.2,6.26,0.0,8.0,0.4,1.2,0.0,1104,21,Defender,0.7,0.5714285714285715,0.0727272727272727,0.0,0.01,0.0375,20.548349056603776,15.0,29.47523584905661,49.15389150943396,24.747526538175464,True,False,France
1375810,Terry Yegbe,8550,Metz,FRA-Ligue 1,3.1,47.3,1.0,0.0,6.1,0.2,0.02,0.04,0.9,1.0,0.0,1.0,0.1,0.7,0.1,6.22,0.0,3.0,0.3,0.7,0.1,1338,16,Defender,0.6538461538461539,0.5882352941176471,0.0655391120507399,0.1111111111111111,0.0133333333333333,0.0666666666666666,20.26827830188679,18.87382075471698,38.982900943396224,26.50353773584905,24.73940910806767,True,False,Ghana
1605748,Matias Moreno,8581,Levante,ESP-La Liga,1.9,35.3,0.0,0.0,5.5,0.2,0.01,0.04,0.9,0.0,0.0,1.5,0.0,0.9,0.0,6.8,0.0,2.0,0.4,1.5,0.1,1221,16,Defender,0.7692307692307693,0.5,0.0538243626062322,0.1111111111111111,0.008,0.1,14.106721698113208,20.87853773584905,29.870283018867923,54.15389150943397,24.56340776317425,True,False,Argentina
504606,Lucas Hernández,9847,Paris Saint-Germain,FRA-Ligue 1,1.7,74.0,0.0,0.0,2.6,0.3,0.03,0.01,1.3,1.0,0.0,1.0,0.1,0.6,0.3,7.0,0.0,8.0,0.4,1.2,0.3,980,15,Defender,0.6285714285714287,0.4545454545454545,0.0229729729729729,0.2307692307692307,0.0074999999999999,0.0375,18.72051886792453,17.900943396226417,33.19280660377358,36.3561320754717,24.39444111454503,True,False,France
698653,Igor Zubeldia,8560,Real Sociedad,ESP-La Liga,1.7,41.5,1.0,0.0,7.1,0.4,0.02,0.01,1.6,1.0,0.0,1.0,0.1,0.6,0.0,6.88,0.0,5.0,0.3,1.6,0.1,1665,19,Defender,0.6190476190476191,0.3846153846153846,0.0409638554216867,0.0625,0.0066666666666666,0.08,15.31303994747391,28.231995991429955,28.16637725482065,33.86347104153708,24.35470440455066,True,False,Spain
1318686,Alessandro Circati,10167,Parma,ITA-Serie A,3.1,46.3,0.0,0.0,5.2,0.4,0.02,0.03,1.1,0.0,0.05,0.8,0.1,1.2,0.0,6.94,0.0,6.0,0.2,1.3,0.1,1706,20,Defender,0.65625,0.3809523809523809,0.0669546436285097,0.0909090909090909,0.0119999999999999,0.0666666666666666,20.975825471698112,17.25825471698113,38.32841981132075,25.454009433962263,24.143287482214763,True,False,Australia
1436942,Lucas Høgsberg,9848,Strasbourg,FRA-Ligue 1,2.0,59.1,0.0,0.0,3.1,0.5,0.04,0.02,0.9,0.0,0.0,0.6,0.1,0.8,0.0,6.48,0.0,1.0,0.3,1.1,0.1,1148,14,Defender,0.6538461538461539,0.3529411764705882,0.0338409475465313,0.1111111111111111,0.0133333333333333,0.5,18.01297169811321,42.37028301886793,24.879127358490564,17.85377358490566,24.140471131310765,True,False,Denmark
979752,Bafodé Diakité,8678,Bournemouth,ENG-Premier League,2.4,46.5,0.0,0.0,5.9,0.2,0.01,0.0,0.6,0.0,0.0,0.8,0.0,0.4,0.1,6.66,0.0,3.0,0.1,1.4,0.0,1275,18,Defender,0.7857142857142857,0.3636363636363636,0.0516129032258064,0.0,0.001,0.0666666666666666,15.505714804063862,21.52549415992812,31.401936899578413,38.78364088741447,24.11874159782241,True,False,France
411617,Aymeric Laporte,8315,Athletic Club,ESP-La Liga,3.3,50.3,1.0,0.0,6.2,0.2,0.01,0.03,0.3,1.0,0.0,1.1,0.1,1.0,0.0,6.89,0.0,3.0,0.5,0.9,0.1,1040,13,Defender,0.8695652173913044,0.55,0.0656063618290258,0.3333333333333333,0.0074999999999999,0.0666666666666666,12.337853773584907,16.39740566037736,48.1692216981132,44.221698113207545,24.03727108037898,True,False,Spain
521846,Martin Valjent,8661,Mallorca,ESP-La Liga,2.7,38.7,0.0,0.0,5.9,0.2,0.01,0.02,0.9,0.0,0.0,0.5,0.3,0.5,0.1,6.65,0.0,2.0,0.5,1.2,0.2,2160,24,Defender,0.6538461538461539,0.2941176470588235,0.0697674418604651,0.2222222222222222,0.0066666666666666,0.1,12.807143721058816,24.54539878360633,48.42405314810975,24.90912468035109,24.00298124200728,True,False,Slovakia
421365,Djené,8305,Getafe,ESP-La Liga,1.9,23.7,0.0,0.0,5.4,0.1,0.01,0.01,0.9,0.0,0.0,0.8,0.0,0.4,0.1,6.78,0.0,1.0,0.2,1.3,0.4,1754,23,Defender,0.7000000000000001,0.3809523809523809,0.080168776371308,0.4444444444444445,0.005,0.1,10.698022496371552,22.96014755684567,53.05588240375977,31.569735296150395,23.992322711634245,True,False,Togo
894802,Moritz Jenz,8721,VfL Wolfsburg,GER-Bundesliga,1.4,47.7,0.0,0.0,6.8,0.2,0.01,0.04,1.3,0.0,0.07,0.6,0.1,0.7,0.1,6.62,0.0,2.0,0.4,1.9,0.0,1260,14,Defender,0.6578947368421053,0.24,0.0293501048218029,0.0,0.008,0.1,20.41180713940148,26.078365816573363,16.549415992812218,43.78809869375908,23.98840740274723,True,False,Germany
1123969,Andrea Carboni,6504,Monza,ITA-Serie A,1.8,39.9,1.0,0.0,4.3,0.2,0.01,0.01,1.2,1.0,0.0,1.1,0.0,0.7,0.2,6.6,0.0,4.0,0.3,2.5,0.2,2196,26,Defender,0.75,0.3055555555555556,0.0451127819548872,0.1666666666666666,0.005,0.05,12.623626373626374,14.554945054945057,36.8434065934066,68.46703296703296,23.976960539090207,False,False,Italy
844425,Marc Guehi,9826,Crystal Palace,ENG-Premier League,0.0,0.0,4.0,0.0,0.0,0.0,0.0,0.0,0.0,2.0,0.08,0.0,0.0,0.0,0.2,0.0,0.0,0.0,0.0,0.0,0.0,2160,24,Defender,0.0,0.0,0.0,0.0,0.001,0.0,18.43166856728177,31.47631142442464,24.32372226829774,24.319851924804755,23.87069415429155,True,False,England
1079103,Jacob Greaves,9902,Ipswich Town,ENG-Premier League,1.0,38.7,0.0,0.0,5.9,0.2,0.01,0.05,0.7,0.0,0.04,0.9,0.2,1.1,0.1,6.47,0.0,5.0,0.4,1.6,0.2,2205,25,Defender,0.78125,0.36,0.0258397932816537,0.2857142857142857,0.0083333333333333,0.04,23.24175824175824,10.445054945054943,29.722527472527474,52.83241758241758,23.848436233125533,False,False,England
1112072,Jon Pacheco,9866,Alavés,ESP-La Liga,3.0,43.2,1.0,0.0,5.4,0.2,0.01,0.02,0.6,0.0,0.0,0.7,0.1,1.1,0.1,6.87,0.0,5.0,0.2,2.0,0.1,1500,18,Defender,0.8181818181818181,0.2592592592592592,0.0694444444444444,0.1666666666666666,0.0066666666666666,0.04,12.2936320754717,14.658018867924527,41.42393867924528,55.27712264150943,23.509577036736594,True,False,Spain
938247,Mohammed Salisu,9829,Monaco,FRA-Ligue 1,2.1,59.5,0.0,0.0,7.0,0.2,0.02,0.06,1.4,0.0,0.08,1.4,0.2,1.8,0.2,7.07,0.0,2.0,0.7,2.1,0.2,1080,12,Defender,0.7142857142857142,0.3999999999999999,0.0352941176470588,0.1428571428571428,0.0149999999999999,0.1,17.997334819268783,19.037001520492087,23.202959776072984,44.62531100974497,23.321914185000526,True,False,Ghana
290410,Michael Keane,8668,Everton,ENG-Premier League,2.2,32.5,0.0,0.0,7.3,0.2,0.01,0.09,0.6,0.0,0.15,1.1,0.2,0.9,0.0,7.04,0.0,1.0,0.9,1.2,0.1,1859,22,Defender,0.793103448275862,0.4782608695652174,0.0676923076923077,0.1666666666666666,0.009,0.2,16.713771684290553,23.32408079342042,26.72693776349437,31.512103462575155,23.19029392818495,True,False,England
1396089,Matteo Prati,9804,Torino,ITA-Serie A,2.7,31.3,0.0,0.0,3.1,0.5,0.04,0.07,1.3,0.0,0.0,0.0,0.0,0.5,0.0,6.55,0.0,0.0,1.4,1.7,0.0,1347,22,Midfielder,0.5666666666666667,0.0,0.0862619808306709,0.0,0.0254545454545454,0.0,34.06544811320755,12.270047169811322,32.222877358490564,18.90625,23.13491716288973,True,False,Italy
188058,Daniel Burn,10261,Newcastle United,ENG-Premier League,1.1,33.7,0.0,0.0,6.1,0.3,0.02,0.01,1.7,2.0,0.0,1.0,0.0,0.4,0.1,6.74,0.0,6.0,0.2,1.6,0.1,1441,18,Defender,0.6046511627906977,0.3846153846153846,0.0326409495548961,0.0588235294117647,0.0066666666666666,0.0499999999999999,21.067929711797635,24.34909116041192,18.75906679798189,32.17260608887967,23.09443293308381,True,False,England
1188375,Natan,8603,Real Betis,ESP-La Liga,2.0,39.3,0.0,0.0,7.8,0.1,0.0,0.01,0.7,0.0,0.0,1.2,0.0,0.6,0.1,6.8,0.0,5.0,0.4,1.0,0.1,1897,22,Defender,0.7586206896551724,0.5454545454545454,0.0508905852417302,0.1428571428571428,0.001,0.02,11.505222371967657,21.11612758310872,33.0016803165388,45.62439525882922,22.955962779756025,True,False,Brazil
750880,Ardian Ismajli,9804,Torino,ITA-Serie A,2.3,37.6,1.0,0.0,6.5,0.3,0.02,0.02,1.3,1.0,0.0,1.5,0.2,0.8,0.0,6.9,0.0,4.0,0.4,1.8,0.1,1142,16,Defender,0.717391304347826,0.4545454545454546,0.0611702127659574,0.0769230769230769,0.01,0.075,12.79761904761905,16.915007948026815,31.628935137189853,53.83331173543437,22.93180115031773,True,False,Albania
462863,Karol Mets,8152,FC St. Pauli,GER-Bundesliga,2.5,48.5,0.0,0.0,5.0,0.5,0.03,0.01,0.6,0.0,0.0,1.1,0.0,0.3,0.2,6.64,0.0,2.0,0.2,1.5,0.1,1349,16,Defender,0.8125,0.4230769230769231,0.0515463917525773,0.1666666666666666,0.0074999999999999,0.25,9.575558089709034,35.80993848918377,25.57520820374594,40.85565692169466,22.753874395964992,True,False,Estonia
361712,Adam Dzwigala,8152,FC St. Pauli,GER-Bundesliga,2.1,35.0,0.0,0.0,5.5,0.2,0.02,0.01,1.4,1.0,0.09,1.5,0.1,0.3,0.0,6.9,0.0,4.0,0.2,3.6,0.2,992,14,Defender,0.7846153846153846,0.2941176470588235,0.06,0.1428571428571428,0.0066666666666666,0.05,10.893278301886792,12.352594339622645,38.720518867924525,73.45224056603774,22.60858730049693,True,False,Poland
1580952,Vitor Reis,7732,Girona,ESP-La Liga,2.3,48.6,2.0,0.0,6.2,0.3,0.01,0.02,0.9,1.0,0.05,0.9,0.1,1.4,0.0,6.81,0.0,6.0,0.4,1.1,0.2,1968,23,Defender,0.6896551724137931,0.45,0.0473251028806584,0.2222222222222222,0.0066666666666666,0.0499999999999999,13.590801886792452,20.058962264150946,39.20990566037736,27.656250000000004,22.50392375316768,True,False,Brazil
1529222,Pietro Comuzzo,8535,Fiorentina,ITA-Serie A,2.0,49.7,0.0,0.0,5.9,0.2,0.01,0.07,1.3,0.0,0.07,1.3,0.1,0.9,0.0,6.68,0.0,3.0,0.6,1.9,0.0,1368,18,Defender,0.7111111111111111,0.40625,0.0402414486921529,0.0,0.00875,0.0666666666666666,20.250837998479508,11.580439214873175,23.79513096965927,54.555355415025225,22.35391835704596,True,False,Italy
1800345,Tylel Tati,9830,Nantes,FRA-Ligue 1,1.6,43.7,0.0,0.0,4.3,0.2,0.01,0.02,1.1,0.0,0.0,1.0,0.0,0.8,0.0,6.3,0.0,1.0,0.2,1.0,0.5,1595,18,Defender,0.6451612903225806,0.5,0.0366132723112128,0.4545454545454545,0.0066666666666666,0.2,7.591391509433962,32.65919811320755,50.96698113207547,24.516509433962263,22.24906430460006,True,False,France
955214,Jean-Clair Todibo,8654,West Ham United,ENG-Premier League,1.3,34.8,0.0,0.0,4.7,0.3,0.02,0.01,0.4,1.0,0.0,0.8,0.0,0.7,0.0,6.63,0.0,5.0,0.1,2.0,0.2,1521,18,Defender,0.875,0.2857142857142857,0.0373563218390804,0.5,0.0066666666666666,0.06,11.105164489598453,12.186234363121155,41.25963266293454,60.47318404865575,22.14719791499968,True,False,France
1209987,Warren Bondo,7801,Cremonese,ITA-Serie A,1.4,32.2,0.0,0.0,0.4,0.3,0.02,0.01,2.1,0.0,0.0,0.5,0.0,0.2,0.1,6.48,0.0,3.0,0.3,1.6,0.8,1396,20,Midfielder,0.5,0.238095238095238,0.0434782608695652,0.3809523809523809,0.0066666666666666,0.0999999999999999,9.566627358490567,22.71816037735849,55.50117924528302,22.79186320754717,21.92564944462525,True,False,France
1244272,Arouna Sangante,9746,Le Havre,FRA-Ligue 1,2.6,48.4,0.0,0.0,5.2,0.6,0.03,0.02,1.5,1.0,0.05,1.2,0.3,0.7,0.1,6.88,0.0,5.0,0.3,1.2,0.2,1638,20,Defender,0.6153846153846154,0.5,0.0537190082644628,0.1333333333333333,0.0119999999999999,0.12,15.27524362430023,24.310517312875803,28.395569838966065,23.94331415439905,21.917675546359693,True,False,Senegal
1079554,Anthony Rouault,9851,Rennes,FRA-Ligue 1,2.1,48.7,0.0,0.0,5.1,0.2,0.02,0.06,1.2,0.0,0.08,1.1,0.1,1.1,0.0,6.78,0.0,5.0,0.4,1.3,0.2,1097,14,Defender,0.6666666666666666,0.4583333333333333,0.0431211498973305,0.1666666666666666,0.0149999999999999,0.04,20.015982445227728,18.963732808072432,25.431733360978644,24.04355000345566,21.748922162646373,True,False,France
1187767,Urko González,8558,Espanyol,ESP-La Liga,0.7,27.9,0.0,0.0,2.2,0.4,0.02,0.03,1.1,1.0,0.0,1.2,0.1,0.4,0.3,6.61,0.0,7.0,0.7,2.1,0.2,1465,23,Midfielder,0.7499999999999999,0.3636363636363636,0.025089605734767,0.1818181818181818,0.0119999999999999,0.0571428571428571,19.105458221024257,18.70968104222821,15.541796254060406,46.7459871103739,21.5867868468622,True,False,Spain
1487877,Finn Jeltsch,10269,VfB Stuttgart,GER-Bundesliga,1.2,58.3,0.0,0.0,4.7,0.3,0.02,0.01,0.7,1.0,0.0,1.1,0.0,0.8,0.0,7.03,0.0,5.0,0.2,1.2,0.3,1083,16,Defender,0.7666666666666666,0.4782608695652174,0.0205831903945111,0.4285714285714286,0.0066666666666666,0.06,12.234669811320757,14.94693396226415,36.12323113207548,41.83077830188679,21.560634697883017,True,False,Germany
1436436,Alessandro Marcandalli,10233,Genoa,ITA-Serie A,1.5,31.1,1.0,0.0,4.2,0.4,0.03,0.01,0.9,2.0,0.0,0.7,0.1,0.5,0.1,6.7,0.0,7.0,0.2,0.9,0.1,1444,19,Defender,0.64,0.4374999999999999,0.0482315112540192,0.1111111111111111,0.0074999999999999,0.0571428571428571,17.600235849056602,24.038915094339625,25.27122641509434,20.0,21.367161913861604,True,False,Italy
951765,Armel Bella-Kotchap,9876,Verona,ITA-Serie A,1.5,28.1,0.0,0.0,6.3,0.3,0.02,0.01,1.6,0.0,0.0,2.3,0.0,1.1,0.1,6.78,0.0,1.0,0.2,1.0,0.1,1119,15,Defender,0.6734693877551019,0.6969696969696969,0.0533807829181494,0.0625,0.0066666666666666,0.3,7.532429245283019,36.55070754716981,24.377948113207545,41.52417452830189,21.09667215839536,True,False,Germany
1419969,Rodrigo Mendoza,10268,Elche,ESP-La Liga,0.0,0.0,1.0,0.0,0.0,0.0,0.0,0.0,0.0,0.0,0.1,0.4,0.2,0.0,0.0,0.0,0.0,10.0,0.0,0.0,1.5,901,18,Midfielder,1.0,1.0,0.0,0.0,0.001,0.0,12.839033018867925,17.22877358490566,35.00884433962264,28.66745283018868,20.851896021613907,True,False,Spain
935550,Torbjørn Heggem,9857,Bologna,ITA-Serie A,4.0,44.0,0.0,0.0,4.4,0.1,0.01,0.05,1.4,0.0,0.0,0.9,0.1,0.3,0.0,6.65,0.0,3.0,0.5,1.3,0.4,1819,21,Defender,0.6111111111111112,0.409090909090909,0.0909090909090909,0.2857142857142857,0.0083333333333333,0.0333333333333333,17.83608490566038,7.293632075471699,62.010613207547166,24.79068396226415,20.801757563119555,True,False,Norway
1190113,Otavio,6379,Paris FC,FRA-Ligue 1,3.6,59.1,0.0,0.0,6.5,0.2,0.01,0.01,1.1,0.0,0.0,1.3,0.1,0.8,0.2,6.82,0.0,3.0,0.6,2.0,0.3,1634,19,Defender,0.7499999999999999,0.393939393939394,0.0609137055837563,0.2727272727272727,0.005,0.0666666666666666,7.119693396226415,11.609669811320757,53.90624999999999,64.63738207547169,20.74674105604684,True,False,Brazil
693736,Unai Elgezabal,8581,Levante,ESP-La Liga,1.3,32.7,0.0,0.0,6.6,0.4,0.03,0.06,1.0,0.0,0.09,0.3,0.1,1.5,0.1,6.35,0.0,2.0,0.3,0.8,0.0,958,12,Defender,0.5238095238095238,0.2727272727272727,0.0397553516819571,0.0,0.02,0.2,29.37794811320754,38.74410377358491,13.755896226415096,8.84433962264151,20.48392361153457,True,False,Spain
497662,Carl Starfelt,9910,Celta de Vigo,ESP-La Liga,1.9,59.1,0.0,0.0,6.3,0.1,0.01,0.04,1.3,0.0,0.0,1.1,0.1,0.5,0.0,6.75,0.0,1.0,0.3,1.4,0.1,1312,17,Defender,0.6578947368421053,0.44,0.0321489001692047,0.0769230769230769,0.008,0.1,14.35515153085908,17.095678692376808,21.3094762941461,41.307713905591264,20.4490599099786,True,False,Sweden
195416,Antonio Caracciolo,6479,Pisa,ITA-Serie A,1.8,29.7,0.0,0.0,6.2,0.1,0.0,0.03,1.1,0.0,0.0,1.4,0.1,0.8,0.0,6.58,0.0,1.0,0.6,1.9,0.1,1995,23,Defender,0.7499999999999999,0.4242424242424242,0.0606060606060606,0.0909090909090909,0.001,0.1,7.886202830188679,19.074292452830186,29.725825471698112,57.41155660377358,20.38242427112524,True,False,Italy
1428427,Nobel Mendy,8370,Rayo Vallecano,ESP-La Liga,2.6,41.5,0.0,0.0,6.5,0.1,0.0,0.13,1.6,0.0,0.16,1.0,0.2,0.9,0.0,6.81,0.0,2.0,0.8,1.1,0.2,1129,14,Defender,0.5675675675675675,0.4761904761904761,0.0626506024096385,0.125,0.001,0.05,23.054245283018865,6.798349056603774,41.5566037735849,22.15801886792453,19.529554440112,True,False,Senegal
1282000,Soumaila Coulibaly,8521,Brest,FRA-Ligue 1,2.5,46.0,0.0,0.0,5.2,0.1,0.01,0.03,1.6,0.0,0.0,0.9,0.2,0.6,0.0,6.56,0.0,1.0,0.5,0.9,0.3,1064,12,Defender,0.5294117647058824,0.5,0.0543478260869565,0.1874999999999999,0.0074999999999999,0.1,10.30365566037736,20.170990566037737,45.55129716981132,16.818985849056606,19.492356953102863,True,False,France
1311985,César Tárrega,10267,Valencia CF,ESP-La Liga,2.4,44.1,0.0,0.0,6.5,0.1,0.01,0.01,1.4,0.0,0.0,0.9,0.1,0.9,0.0,6.73,0.0,2.0,0.4,1.6,0.4,1684,21,Defender,0.6410256410256411,0.36,0.0544217687074829,0.2857142857142857,0.005,0.05,11.695154295390145,9.521606538115972,51.06402049208653,30.26835389453313,19.42253248885958,True,False,Spain
717174,Joe Rodon,8463,Leeds United,ENG-Premier League,1.3,42.7,1.0,0.0,5.7,0.3,0.01,0.04,0.4,0.0,0.09,1.1,0.2,0.6,0.0,6.68,0.0,4.0,0.6,1.2,0.0,2100,24,Defender,0.8518518518518519,0.4782608695652174,0.0304449648711943,0.0,0.008,0.075,16.58313679245283,19.56367924528302,11.03183962264151,47.78596698113207,19.28788904347012,True,False,Wales
897315,Simone Canestrelli,6479,Pisa,ITA-Serie A,1.8,27.3,0.0,0.0,6.0,0.2,0.01,0.04,1.1,0.0,0.0,0.8,0.0,0.7,0.0,6.57,0.0,7.0,0.4,1.3,0.0,2205,25,Defender,0.65625,0.3809523809523809,0.0659340659340659,0.0,0.008,0.0285714285714285,20.38620283018868,11.132075471698114,24.239386792452827,25.454009433962263,19.1305116341701,True,False,Italy
937412,Jay Idzes,7943,Sassuolo,ITA-Serie A,1.2,37.1,1.0,0.0,5.1,0.5,0.02,0.0,1.0,0.0,0.0,1.3,0.0,0.6,0.0,6.67,0.0,1.0,0.2,0.9,0.2,2159,24,Defender,0.6875,0.5909090909090908,0.0323450134770889,0.2,0.001,0.5,5.11497641509434,41.798349056603776,26.0436320754717,33.2252358490566,18.886951935147813,True,False,Indonesia
799230,Federico Baschirotto,7801,Cremonese,ITA-Serie A,2.3,39.0,0.0,0.0,6.7,0.1,0.01,0.04,1.6,0.0,0.08,0.9,0.2,1.2,0.0,6.64,0.0,1.0,0.5,1.0,0.0,2250,25,Defender,0.5428571428571428,0.4736842105263158,0.0589743589743589,0.0,0.008,0.1,13.222287735849058,20.170990566037737,26.432783018867923,18.08962264150944,18.60353226859395,True,False,Italy
879609,Alex Suárez,8306,Las Palmas,ESP-La Liga,2.3,41.4,0.0,0.0,3.7,0.2,0.01,0.02,1.0,0.0,0.0,0.5,0.1,0.9,0.0,6.31,0.0,3.0,0.2,1.5,0.0,2468,30,Defender,0.6666666666666666,0.25,0.0555555555555555,0.0,0.0066666666666666,0.0666666666666666,13.447802197802195,12.774725274725276,28.75,27.664835164835164,18.54506524919487,False,False,Spain
1426170,Mamadou Sarr,9848,Strasbourg,FRA-Ligue 1,2.1,64.3,0.0,0.0,4.5,0.1,0.01,0.0,1.1,0.0,0.0,0.6,0.0,0.2,0.0,6.79,0.0,1.0,0.1,1.0,0.3,1305,15,Defender,0.5925925925925926,0.3749999999999999,0.0326594090202177,0.2727272727272727,0.001,0.1,8.073575402584837,19.104836201534315,42.96412588983344,21.14924148178865,18.439156725212264,True,False,Senegal
149219,Christian Kabasele,8600,Udinese,ITA-Serie A,2.5,28.6,0.0,0.0,6.4,0.1,0.0,0.06,1.5,0.0,0.14,1.6,0.3,0.9,0.0,6.79,0.0,1.0,0.4,0.5,0.1,1282,18,Defender,0.5833333333333334,0.7619047619047619,0.0874125874125874,0.0666666666666666,0.001,0.1,12.569178070357315,18.58982134217983,26.32992518487801,20.65321981477642,18.41708224120537,True,False,Belgium
1523234,Jon Martin,8560,Real Sociedad,ESP-La Liga,1.3,46.1,0.0,0.0,5.6,0.1,0.01,0.07,0.8,0.0,0.0,1.4,0.2,1.3,0.0,7.04,0.0,2.0,0.7,1.1,0.4,1350,15,Defender,0.7575757575757576,0.5599999999999999,0.0281995661605206,0.5,0.00875,0.05,15.999896330085008,8.038090054599488,31.03118304651323,31.417763839933645,18.19315438659096,True,False,Spain
844996,Matteo Gabbia,8564,Milan,ITA-Serie A,3.2,49.8,0.0,0.0,5.9,0.1,0.01,0.06,0.8,0.0,0.0,0.5,0.1,0.6,0.0,7.02,0.0,2.0,0.8,0.7,0.0,1991,24,Defender,0.6,0.4166666666666667,0.0642570281124498,0.0,0.0085714285714285,0.05,19.080123885548414,12.765196281705714,31.54892356071601,13.17053269057986,18.169711680241218,True,False,Italy
819215,Lloyd Kelly,9885,Juventus,ITA-Serie A,2.8,53.4,0.0,0.0,4.0,0.2,0.01,0.02,1.4,0.0,0.05,0.5,0.1,0.6,0.5,7.12,0.0,3.0,0.5,1.5,0.6,1903,22,Defender,0.5882352941176471,0.25,0.0524344569288389,0.4285714285714286,0.0066666666666666,0.0666666666666666,8.445448026815951,14.305713940147902,45.27450065657612,24.458251261317297,18.13479664365764,True,False,England
115591,Ricardo Rodriguez,8603,Real Betis,ESP-La Liga,1.5,31.6,1.0,0.0,4.6,0.3,0.02,0.01,0.4,1.0,0.0,0.5,0.0,0.2,0.1,6.71,0.0,5.0,0.2,1.1,0.1,1045,16,Defender,0.8,0.3125,0.0474683544303797,0.25,0.0066666666666666,0.06,11.585933720367684,19.56853445296841,22.06695348676481,24.86116006634874,18.07626752054355,True,False,Switzerland
604330,Sebastiano Luperto,7801,Cremonese,ITA-Serie A,1.7,39.6,3.0,0.0,5.1,0.4,0.02,0.0,1.1,1.0,0.0,0.9,0.0,0.6,0.0,6.74,0.0,4.0,0.0,1.0,0.0,1887,21,Defender,0.6333333333333333,0.4736842105263158,0.0429292929292929,0.0,0.001,0.1,8.475825471698114,36.47995283018868,17.97759433962264,21.686320754716984,17.778218444727305,True,False,Italy
1298907,Cristhian Mosquera,10267,Valencia CF,ESP-La Liga,2.0,49.4,0.0,0.0,3.3,0.3,0.01,0.01,0.4,0.0,0.03,0.9,0.1,0.7,0.0,6.85,0.0,0.0,0.1,1.5,0.1,3320,37,Defender,0.8571428571428572,0.375,0.0404858299595141,0.25,0.005,0.0,9.505494505494504,6.1923076923076925,35.89835164835165,51.34615384615385,16.681141140106284,False,False,Spain
1178325,Ousmane Camara,8121,Angers,FRA-Ligue 1,1.6,43.2,0.0,0.0,6.1,0.1,0.01,0.01,0.6,0.0,0.05,1.1,0.1,1.0,0.1,7.01,0.0,3.0,0.2,1.7,0.2,1774,21,Defender,0.8235294117647058,0.3928571428571429,0.037037037037037,0.3333333333333333,0.005,0.0333333333333333,7.119693396226415,7.293632075471699,36.073113207547166,59.17452830188679,16.41334950745308,True,False,Mali
1574492,Tiago Gabriel,9888,Lecce,ITA-Serie A,2.0,34.9,0.0,0.0,6.8,0.1,0.0,0.1,0.9,0.0,0.04,1.1,0.1,0.6,0.0,6.88,0.0,0.0,0.6,1.8,0.0,2146,25,Defender,0.7631578947368421,0.3793103448275862,0.0573065902578796,0.0,0.001,0.0,18.97110849056604,3.337264150943396,24.13325471698113,52.52063679245283,15.995411928565092,True,False,Portugal
1396089,Matteo Prati,8529,Cagliari,ITA-Serie A,0.0,0.0,4.0,0.0,0.0,0.0,0.0,0.0,0.0,0.0,0.07,1.0,0.1,0.0,0.2,0.0,0.0,8.0,0.0,0.0,0.1,1347,22,Midfielder,1.0,1.0,0.0,0.0,0.001,0.0,10.421580188679243,23.785377358490567,6.179245283018867,47.8125,15.24402783251298,True,False,Italy
1531887,Pau Navarro,10205,Villarreal,ESP-La Liga,1.4,40.5,1.0,0.0,4.1,0.1,0.01,0.0,2.2,0.0,0.0,0.6,0.1,0.7,0.0,6.95,0.0,3.0,0.1,3.9,0.4,1003,12,Defender,0.6716417910447761,0.1333333333333333,0.0345679012345679,0.1818181818181818,0.001,0.0333333333333333,4.892161690510747,18.7868460156196,25.41404468173336,31.883565726726104,15.04165190490846,True,False,Spain
776594,Victor Nelsson,9876,Verona,ITA-Serie A,1.0,28.7,0.0,0.0,7.6,0.2,0.01,0.01,1.2,0.0,0.0,1.9,0.0,0.8,0.0,6.62,0.0,1.0,0.2,1.4,0.0,2146,25,Defender,0.7333333333333333,0.5757575757575758,0.0348432055749128,0.0,0.005,0.2,5.085495283018868,32.65919811320755,9.628537735849056,49.79952830188679,14.987751579437187,True,False,Denmark
1392232,Marc Aguado,10268,Elche,ESP-La Liga,0.7,43.3,0.0,0.0,1.6,0.4,0.02,0.0,0.7,1.0,0.0,1.8,0.0,0.8,0.3,6.84,0.0,3.0,0.1,2.0,0.0,1589,23,Midfielder,0.8444444444444444,0.4736842105263158,0.0161662817551963,0.0,0.001,0.1333333333333333,7.149174528301887,31.279481132075468,4.492924528301886,80.00884433962264,14.92284180888005,True,False,Spain
197352,Juan Jesus,9875,Napoli,ITA-Serie A,2.7,67.8,0.0,0.0,3.0,0.1,0.01,0.02,2.3,0.0,0.0,1.4,0.0,0.7,0.0,6.81,0.0,3.0,0.2,2.2,0.0,1247,17,Defender,0.6101694915254237,0.3888888888888888,0.0398230088495575,0.0,0.0066666666666666,0.0333333333333333,7.918891250259175,11.408208929435345,17.632991222613864,35.08128585251226,14.272507461719275,True,False,Brazil
753593,Marcao,8302,Sevilla,ESP-La Liga,2.5,39.1,0.0,0.0,5.7,0.1,0.01,0.07,2.1,0.0,0.0,0.5,0.2,0.5,0.0,0.0,0.0,0.0,1.0,1.2,0.1,937,13,Defender,0.4473684210526316,0.2941176470588235,0.0639386189258312,0.0476190476190476,0.00875,0.0,18.838443396226413,4.433962264150944,33.629127358490564,11.642099056603774,13.775160257856475,True,False,Brazil
1343750,Renato Veiga,10205,Villarreal,ESP-La Liga,3.1,49.6,0.0,0.0,5.4,0.2,0.01,0.01,0.8,0.0,0.0,0.7,0.2,1.2,0.1,6.64,0.0,2.0,0.5,0.8,0.0,1563,21,Defender,0.6521739130434783,0.4666666666666666,0.0625,0.0,0.005,0.1,5.687828288064137,20.62964786785541,22.568132732047825,15.211002833644343,13.486907319592836,True,False,Portugal
570434,Diego Carlos,10171,Como,ITA-Serie A,2.8,58.4,0.0,0.0,5.8,0.1,0.01,0.02,1.4,0.0,0.0,0.7,0.1,0.7,0.0,6.9,0.0,2.0,0.1,1.4,0.0,1331,16,Defender,0.6,0.3333333333333333,0.047945205479452,0.0,0.0066666666666666,0.05,8.475825471698114,7.895047169811321,26.202830188679243,21.76297169811321,13.33288011058969,True,False,Brazil
566425,Domingos Duarte,8305,Getafe,ESP-La Liga,2.4,22.8,0.0,0.0,6.5,0.1,0.01,0.03,1.1,0.0,0.0,1.0,0.0,0.4,0.0,6.67,0.0,0.0,0.4,0.9,0.0,1805,21,Defender,0.6333333333333333,0.5263157894736842,0.1052631578947368,0.0,0.0074999999999999,0.0,8.798012129380055,5.177586564379017,32.731192549588776,26.209024466099937,13.313058413556757,True,False,Portugal
821728,Jorge Cuenca,9879,Fulham,ENG-Premier League,0.0,0.0,1.0,0.0,0.0,0.6,0.0,0.0,0.0,0.0,0.0,0.0,0.0,0.0,0.0,0.0,0.0,3.0,0.0,0.0,0.0,931,12,Defender,0.0,0.0,0.0,0.0,0.001,0.1999999999999999,4.171580188679245,37.53537735849057,2.6916273584905657,2.03125,5.607338636108474,True,False,Spain
439148,Morten Thorsby,10233,Genoa,ITA-Serie A,0.0,0.0,3.0,0.0,0.0,0.0,0.0,0.0,0.0,1.0,0.0,0.3,0.0,0.0,0.0,0.0,0.0,0.0,0.0,0.0,0.0,911,15,Midfielder,1.0,1.0,0.0,0.0,0.001,0.0,1.459316037735849,14.4811320754717,2.6916273584905657,27.76827830188679,5.440752363521454,True,False,Norway
604330,Sebastiano Luperto,8529,Cagliari,ITA-Serie A,0.0,0.0,0.0,0.0,0.0,0.0,0.0,0.02,0.0,0.0,0.05,0.0,0.1,0.0,0.0,0.0,0.0,0.0,0.3,0.0,0.0,1887,21,Defender,0.0,0.0,0.0,0.0,0.001,0.0,4.982311320754717,3.337264150943396,2.6916273584905657,2.03125,3.229485309067797,True,False,Italy
690149,Axel Tuanzebe,8191,Burnley,ENG-Premier League,0.0,0.0,0.0,0.0,0.0,0.1,0.0,0.0,0.0,0.0,0.0,0.0,0.0,0.0,0.0,0.0,0.0,0.0,0.0,0.0,0.0,932,11,Defender,0.0,0.0,0.0,0.0,0.001,0.0,1.459316037735849,3.337264150943396,2.6916273584905657,2.03125,2.2343379476551544,True,False,DR Congo
671529,Konstantinos Tsimikas,8686,Roma,ITA-Serie A,0.9,28.9,0.0,0.0,2.2,0.1,0.03,0.07,1.3,0.0,0.0,1.3,0.0,0.4,0.7,0.0,0.0,1.0,1.1,1.5,1.1,408,13,Defender,0.6829268292682927,0.4642857142857143,0.0311418685121107,0.8461538461538461,0.021,0.1,30.479735318444995,29.491315136476427,63.74483043837883,67.14433416046319,42.57356410226351,True,True,Greece
963964,Harvey Elliott,10252,Aston Villa,ENG-Premier League,0.0,0.0,0.0,0.0,0.0,0.1,0.0,0.0,0.0,0.0,0.0,0.0,0.0,0.0,0.0,0.0,0.0,1.0,0.0,0.0,0.0,110,5,Midfielder,0.0,0.0,0.0,0.0,0.001,0.1,9.510700452032866,23.43877682334396,7.192664264496134,6.519439454336447,10.304145570773883,True,True,England
