player_id,player,team_id,team,league,accurate_long_balls,accurate_pass,big_chance_created,clean_sheet,effective_clearance,expected_assists,expected_assists_per_90,expected_goals_per_90,fouls,goal_assist,goals_per_90,interception,ontarget_scoring_att,outfielder_block,poss_won_att_3rd,rating,saves,total_att_assist,total_scoring_att,total_tackle,won_contest,minutes_played,matches_played,position,clean_defend_rate,interception_share,progressive_pass_share,carry_to_foul_ratio,chance_quality,shot_accuracy,xg_per_shot,half_space_creation,goal_threat,carry_between_lines,pressing_trap,composite_score,has_primary_season
1737700,Lennart Karl,9823,Bayern München,GER-Bundesliga,1.8,47.7,5.0,0.0,0.1,4.1,0.3,0.52,0.4,4.0,0.37,1.0,1.5,0.1,1.0,7.1,0.0,21.0,2.9,1.8,1.5,1221,25,Midfielder,0.875,0.35714285714285715,0.03773584905660377,3.75,0.1952380952380952,0.5172413793103449,0.17931034482758623,87.78370786516852,93.74719101123596,91.85112359550561,88.4438202247191,90.38957806675046,True
1156141,Jamal Musiala,9823,Bayern München,GER-Bundesliga,0.6,38.5,9.0,0.0,0.2,5.9,0.3,0.47,1.0,2.0,0.6,0.4,1.6,0.0,0.7,7.77,0.0,41.0,3.4,1.8,3.6,1804,25,Midfielder,0.6875,0.18181818181818182,0.015584415584415584,3.6,0.14390243902439026,0.4705882352941177,0.13823529411764707,90.43243243243244,85.86486486486486,92.21283783783785,67.98648648648648,84.72927745081353,False
1735453,Yan Diomande,178475,RB Leipzig,GER-Bundesliga,1.1,33.0,17.0,0.0,0.3,10.0,0.38,0.25,0.7,7.0,0.45,0.6,0.9,0.0,1.0,7.61,0.0,55.0,1.9,1.1,4.3,2396,32,Attacker,0.7083333333333333,0.3529411764705882,0.03333333333333333,6.142857142857143,0.18181818181818182,0.4736842105263158,0.13157894736842105,98.28089887640449,77.82584269662921,89.28089887640448,69.82022471910113,84.52936002255498,True
1029063,Michael Olise,9823,Bayern München,GER-Bundesliga,1.0,50.7,27.0,0.0,0.4,16.5,0.65,0.45,1.3,19.0,0.59,0.5,2.0,0.0,1.1,8.14,0.0,79.0,3.9,0.9,2.5,2288,31,Attacker,0.5185185185185185,0.35714285714285715,0.01972386587771203,1.923076923076923,0.2088607594936709,0.5128205128205129,0.11538461538461539,97.96396396396396,80.46874683672435,94.07970189290414,59.8898420892803,83.67030097396835,True
1297165,Bradley Barcola,9847,Paris Saint-Germain,FRA-Ligue 1,0.6,31.3,11.0,0.0,0.3,4.5,0.24,0.56,1.0,1.0,0.53,0.6,1.5,0.1,1.2,7.36,0.0,38.0,3.5,1.6,1.9,1692,28,Attacker,0.6875,0.2727272727272727,0.019169329073482427,1.9,0.11842105263157894,0.42857142857142855,0.16,86.49627998785301,90.37858082801903,78.31138020042513,70.88475554205891,81.97518342198562,True
692984,Ousmane Dembélé,9847,Paris Saint-Germain,FRA-Ligue 1,2.6,53.1,9.0,0.0,0.3,4.5,0.39,0.57,0.3,7.0,0.87,0.0,1.6,0.0,0.9,7.47,0.0,41.0,3.9,0.5,2.1,1035,21,Attacker,0.625,0.0,0.04896421845574388,7.000000000000001,0.10975609756097561,0.4102564102564103,0.14615384615384613,84.89061392853527,88.33702803927524,95.025926207106,53.68023079259034,80.46685009293904,True
696679,Raphinha,8634,Barcelona,ESP-La Liga,1.6,33.1,11.0,0.0,0.7,5.6,0.38,0.68,0.7,3.0,0.75,0.3,1.4,0.1,0.7,7.7,0.0,39.0,4.1,1.0,1.4,1325,21,Attacker,0.65,0.23076923076923075,0.04833836858006042,2.0,0.14358974358974358,0.34146341463414637,0.1658536585365854,91.56412592367649,82.83959661909098,81.77348415831561,61.8287276040085,80.25429563714027,True
696263,Romain Del Castillo,8521,Brest,FRA-Ligue 1,1.1,25.9,11.0,0.0,0.8,6.0,0.21,0.28,1.0,3.0,0.28,1.0,0.4,0.0,0.9,7.21,0.0,53.0,1.1,2.1,1.0,2579,31,Attacker,0.7560975609756099,0.3225806451612903,0.042471042471042476,1.0,0.11320754716981132,0.36363636363636365,0.2545454545454546,81.97333991294666,83.7450652900091,67.53482133819212,86.66330094139083,79.39452955410738,True
1404415,Fermín López,8634,Barcelona,ESP-La Liga,1.7,38.9,15.0,0.0,0.3,4.5,0.23,0.35,1.7,9.0,0.31,0.3,1.2,0.0,0.9,7.34,0.0,34.0,3.3,2.4,2.2,1752,29,Midfielder,0.6136363636363636,0.11111111111111112,0.043701799485861184,1.2941176470588236,0.1323529411764706,0.36363636363636365,0.10606060606060606,90.48007136349833,71.08335863953842,82.65827765968216,70.46024395181699,79.21697999588176,True
1467236,Lamine Yamal,8634,Barcelona,ESP-La Liga,1.3,43.4,26.0,0.0,0.1,10.1,0.4,0.51,1.1,11.0,0.63,0.4,1.5,0.0,0.8,8.33,0.0,72.0,4.6,1.4,5.3,2268,28,Attacker,0.6206896551724137,0.22222222222222227,0.029953917050691246,4.8181818181818175,0.14027777777777778,0.32608695652173914,0.11086956521739132,96.47566808381414,62.189796538111146,93.53585889260046,64.19511084117825,79.06787147314418,True
999690,Ilan Kebbal,6379,Paris FC,FRA-Ligue 1,3.2,49.8,7.0,0.0,0.3,6.0,0.24,0.27,0.6,4.0,0.37,0.3,0.8,0.0,1.0,7.43,0.0,58.0,2.0,1.3,1.3,2206,28,Midfielder,0.7272727272727273,0.18749999999999997,0.06425702811244981,2.166666666666667,0.10344827586206896,0.4,0.135,76.45786516853931,74.6994382022472,88.5561797752809,74.1179775280899,78.3692001896904,True
1339208,Désiré Doué,9847,Paris Saint-Germain,FRA-Ligue 1,1.3,48.4,5.0,0.0,0.3,3.0,0.2,0.53,1.6,4.0,0.46,0.8,1.3,0.1,1.0,7.42,0.0,29.0,3.7,2.1,2.1,1356,23,Attacker,0.6444444444444445,0.27586206896551724,0.026859504132231406,1.3125,0.10344827586206896,0.35135135135135137,0.14324324324324325,74.55886223301952,71.5904064176536,89.90885970239903,76.4314961028444,77.72640535070785,True
254308,Florian Thauvin,8588,Lens,FRA-Ligue 1,1.5,32.9,16.0,0.0,0.3,8.9,0.33,0.4,0.7,5.0,0.38,0.4,1.0,0.1,1.0,7.39,0.0,77.0,2.7,0.9,1.8,2399,32,Midfielder,0.65,0.3076923076923077,0.04559270516717325,2.5714285714285716,0.1155844155844156,0.37037037037037035,0.14814814814814814,86.5814606741573,81.01277963356614,82.42177852009313,56.6541907075615,77.27210786661023,True
385437,Serge Gnabry,9823,Bayern München,GER-Bundesliga,1.1,42.7,9.0,0.0,0.2,5.1,0.37,0.46,0.7,6.0,0.59,0.3,1.2,0.1,0.6,7.36,0.0,22.0,3.7,1.3,1.2,1228,21,Midfielder,0.6956521739130436,0.18749999999999997,0.02576112412177986,1.7142857142857144,0.2318181818181818,0.3243243243243243,0.12432432432432432,95.24627998785301,73.2400040489928,78.46107905658467,58.62799878530215,77.11273022242861,True
614449,Nadiem Amiri,9905,1. FSV Mainz 05,GER-Bundesliga,2.8,38.6,14.0,0.0,0.4,7.1,0.32,0.41,0.9,2.0,0.49,0.9,1.0,0.1,0.6,7.56,0.0,61.0,2.3,1.3,1.1,2022,25,Midfielder,0.7096774193548387,0.40909090909090906,0.07253886010362694,1.2222222222222223,0.11639344262295082,0.4347826086956522,0.1782608695652174,90.3900951513311,78.39514373924486,74.85770320882679,61.59436683874886,77.06831552945307,True
174472,Iago Aspas,9910,Celta de Vigo,ESP-La Liga,3.0,40.3,8.0,0.0,0.2,3.8,0.33,0.39,0.3,3.0,0.44,1.0,1.0,0.0,0.8,6.82,0.0,30.0,2.4,1.1,1.0,1033,30,Attacker,0.8750000000000001,0.47619047619047616,0.07444168734491316,3.3333333333333335,0.12666666666666665,0.4166666666666667,0.1625,82.45843455815366,85.2648167830752,75.24576121064884,63.18840469683166,77.05680176174587,True
1305618,Maghnes Akliouche,9829,Monaco,FRA-Ligue 1,1.6,35.1,8.0,0.0,0.5,5.3,0.2,0.28,1.1,6.0,0.23,0.7,0.7,0.1,1.0,7.26,0.0,42.0,1.8,1.5,0.9,2343,30,Attacker,0.6666666666666666,0.3181818181818181,0.045584045584045586,0.8181818181818181,0.1261904761904762,0.38888888888888884,0.15555555555555556,87.06296183824274,74.24109221581132,71.78017764955966,73.3933849579917,77.04485377189492,True
516846,Julian Brandt,9789,Borussia Dortmund,GER-Bundesliga,1.0,34.3,8.0,0.0,0.6,5.3,0.3,0.32,0.5,4.0,0.4,0.3,1.0,0.0,1.0,7.21,0.0,30.0,2.1,0.7,1.0,1586,28,Midfielder,0.6666666666666666,0.3,0.02915451895043732,2.0,0.17666666666666667,0.47619047619047616,0.15238095238095237,89.7904646219253,75.17559975706043,74.19936228363194,65.72077133313088,76.93586918583864,True
749488,Romano Schmid,8697,SV Werder Bremen,GER-Bundesliga,2.1,33.2,17.0,0.0,0.4,10.2,0.32,0.24,0.6,8.0,0.12,0.3,0.7,0.1,1.1,7.28,0.0,88.0,1.7,1.4,1.1,2899,33,Midfielder,0.7391304347826088,0.17647058823529413,0.06325301204819277,1.8333333333333335,0.1159090909090909,0.4117647058823529,0.1411764705882353,86.4943187569592,66.18731653001316,77.4313948780241,74.26480412997267,76.32658767313447,True
961995,Bukayo Saka,9825,Arsenal,ENG-Premier League,0.6,24.0,11.0,0.0,0.4,6.9,0.29,0.31,1.3,4.0,0.3,0.6,1.1,0.0,1.1,7.5,0.0,60.0,2.9,1.5,2.1,2135,30,Attacker,0.6176470588235293,0.2857142857142857,0.024999999999999998,1.6153846153846154,0.115,0.37931034482758624,0.10689655172413794,88.81645409454399,66.97108766069441,77.55490181192427,69.4950905962142,76.17509514863507,True
1457626,Ibrahim Maza,8178,Bayer 04 Leverkusen,GER-Bundesliga,1.2,36.6,9.0,0.0,0.7,4.2,0.22,0.21,1.0,4.0,0.15,0.8,0.8,0.1,0.6,7.22,0.0,27.0,2.4,2.0,2.3,1762,27,Midfielder,0.7368421052631579,0.28571428571428575,0.032786885245901634,2.3,0.15555555555555556,0.33333333333333337,0.0875,90.47752808988764,54.0308988764045,88.65449438202246,73.83707865168539,75.98062412697908,True
965764,Iliman Ndiaye,8668,Everton,ENG-Premier League,0.2,25.9,7.0,0.0,0.6,4.4,0.15,0.23,1.0,3.0,0.21,0.6,0.8,0.1,0.9,7.28,0.0,29.0,1.4,2.3,2.4,2606,30,Attacker,0.7435897435897436,0.20689655172413793,0.007722007722007723,2.4,0.1517241379310345,0.5714285714285715,0.1642857142857143,63.535681749164894,83.2539477679927,80.19657860107297,82.11273914363801,75.84510998064117,True
892679,Chris Führich,10269,VfB Stuttgart,GER-Bundesliga,1.4,38.7,14.0,0.0,0.5,7.6,0.42,0.22,0.3,6.0,0.39,0.2,1.2,0.0,1.0,7.18,0.0,44.0,2.4,0.8,1.5,1632,32,Attacker,0.7692307692307692,0.2,0.03617571059431524,5.0,0.17272727272727273,0.5,0.09166666666666667,95.91352869723657,59.31647940074907,87.74993673448729,60.21725377062456,75.79031192718364,True
860914,Luis Díaz,9823,Bayern München,GER-Bundesliga,1.5,40.5,14.0,0.0,0.1,7.1,0.27,0.55,1.3,13.0,0.57,0.5,1.3,0.1,1.0,7.74,0.0,62.0,3.2,0.8,2.3,2360,31,Attacker,0.5,0.3846153846153846,0.037037037037037035,1.769230769230769,0.11451612903225807,0.40625,0.171875,78.60514728211358,86.62922613624862,83.65023028646623,53.07652596416642,75.62209200448572,True
688295,Christian Pulisic,8564,Milan,ITA-Serie A,0.4,32.0,9.0,0.0,0.6,4.1,0.24,0.44,0.6,3.0,0.46,0.2,1.4,0.1,0.7,7.12,0.0,37.0,2.9,0.8,1.6,1552,28,Attacker,0.625,0.2,0.0125,2.666666666666667,0.1108108108108108,0.48275862068965514,0.15172413793103448,78.20677700172082,88.1727654620913,80.59364561190404,53.71894928636502,75.3195357248801,True
493165,James Maddison,8586,Tottenham Hotspur,ENG-Premier League,2.0,49.3,6.0,0.0,0.8,5.9,0.29,0.29,1.6,7.0,0.45,0.6,0.8,0.2,0.7,7.29,0.0,41.0,1.9,1.5,1.6,1816,31,Midfielder,0.5675675675675675,0.2857142857142857,0.04056795131845842,1.0,0.14390243902439026,0.4210526315789474,0.15263157894736842,84.94256756756755,78.39527027027026,80.03716216216216,54.97297297297297,75.19047805457859,False
1253890,Arda Güler,8633,Real Madrid,ESP-La Liga,3.2,54.4,14.0,0.0,0.4,7.2,0.32,0.2,0.9,9.0,0.18,0.4,0.9,0.1,0.5,7.47,0.0,70.0,2.2,2.1,1.2,2010,32,Midfielder,0.7352941176470589,0.16,0.05882352941176471,1.3333333333333333,0.10285714285714286,0.40909090909090906,0.09090909090909091,83.64352414211965,61.50407429901812,83.60693136957181,71.32313493268549,75.01745459296791,True
184138,Antoine Griezmann,9906,Atlético de Madrid,ESP-La Liga,2.1,37.9,7.0,0.0,0.8,3.1,0.22,0.5,0.3,2.0,0.49,0.4,1.5,0.1,0.5,6.84,0.0,26.0,2.9,0.9,0.6,1288,32,Attacker,0.8125,0.3076923076923077,0.0554089709762533,2.0,0.11923076923076924,0.5172413793103449,0.1724137931034483,84.27663478084827,86.53535276849884,66.71586192934507,60.28722542767486,74.83639911800472,True
1152455,Florian Wirtz,8650,Liverpool,ENG-Premier League,1.5,45.2,5.0,0.0,0.5,5.1,0.2,0.24,0.8,3.0,0.19,0.4,0.6,0.1,0.8,7.18,0.0,60.0,1.9,1.3,1.4,2371,32,Attacker,0.68,0.23529411764705882,0.0331858407079646,1.7499999999999998,0.08499999999999999,0.3157894736842105,0.12631578947368421,73.98204524749468,68.74488814657354,90.05401609474643,66.21611499139588,74.62193614597307,True
1104053,Rayan Cherki,8456,Manchester City,ENG-Premier League,1.6,56.4,19.0,0.0,0.4,8.5,0.45,0.21,0.8,12.0,0.21,0.4,0.7,0.1,0.8,7.43,0.0,60.0,2.8,1.4,2.6,1720,31,Midfielder,0.6923076923076923,0.22222222222222227,0.028368794326241138,3.25,0.14166666666666666,0.25,0.075,96.06217734588519,49.52585028849074,95.37717633363701,59.847302358538315,73.91689988078879,True
173461,Andrej Kramaric,8226,TSG 1899 Hoffenheim,GER-Bundesliga,1.0,34.3,7.0,0.0,0.4,5.0,0.21,0.47,0.2,6.0,0.58,0.3,1.3,0.1,0.8,7.25,0.0,36.0,2.6,0.3,0.8,2167,33,Midfielder,0.7499999999999999,0.5,0.02915451895043732,4.0,0.1388888888888889,0.5,0.18076923076923077,80.54496912642979,88.02692580220672,69.8232361575058,55.27996254681648,73.70194532711773,True
1327150,Arijon Ibrahimovic,94937,1. FC Heidenheim 1846,GER-Bundesliga,1.7,24.2,11.0,0.0,0.9,6.3,0.27,0.25,0.5,4.0,0.09,1.0,0.8,0.2,0.5,6.94,0.0,55.0,1.9,1.4,0.9,2116,31,Midfielder,0.8275862068965517,0.4166666666666667,0.07024793388429752,1.8,0.11454545454545455,0.4210526315789474,0.13157894736842105,85.73033707865169,74.82584269662921,66.51966292134831,64.9438202247191,73.56959069663792,True
575735,Nicolas Pépé,10205,Villarreal,ESP-La Liga,0.7,26.5,12.0,0.0,0.9,6.2,0.24,0.32,0.9,6.0,0.31,0.6,0.9,0.0,0.7,7.26,0.0,52.0,2.3,1.2,2.3,2306,35,Midfielder,0.6666666666666666,0.33333333333333337,0.02641509433962264,2.5555555555555554,0.11923076923076924,0.391304347826087,0.1391304347826087,86.51303269561697,73.69532594392145,79.01079309646725,51.88571717785201,73.3526177183682,True
1083323,Pedri,8634,Barcelona,ESP-La Liga,4.1,79.7,8.0,0.0,1.0,5.0,0.22,0.07,0.4,8.0,0.09,1.0,0.4,0.1,0.8,7.77,0.0,59.0,0.9,2.2,1.7,2017,28,Midfielder,0.888888888888889,0.3125,0.051442910915934746,4.25,0.0847457627118644,0.4444444444444445,0.07777777777777778,76.15382376758781,46.040122988156696,93.62553143030671,89.01485474238284,72.95124442367181,True
1096353,Cole Palmer,8455,Chelsea,ENG-Premier League,1.7,32.8,3.0,0.0,0.6,2.4,0.12,0.51,0.7,1.0,0.45,0.8,1.1,0.0,1.1,7.05,0.0,23.0,2.9,1.2,1.1,1786,24,Midfielder,0.7407407407407407,0.4,0.05182926829268293,1.5714285714285716,0.10434782608695652,0.37931034482758624,0.17586206896551726,63.5869268144549,83.05115649357221,76.38318655734386,69.90219151736007,72.52610815130723,True
629805,Ritsu Doan,9810,Eintracht Frankfurt,GER-Bundesliga,0.8,25.9,12.0,0.0,0.6,5.5,0.21,0.13,1.0,5.0,0.2,0.7,0.6,0.0,0.7,6.97,0.0,37.0,1.5,1.6,1.3,2289,30,Midfielder,0.6969696969696969,0.30434782608695654,0.030888030888030892,1.3,0.14864864864864866,0.39999999999999997,0.08666666666666667,89.73132402064986,56.087331713736205,72.76978945237373,71.2048790363397,72.29181821593004,True
784246,Dani Raba,7854,Leganés,ESP-La Liga,1.0,19.0,12.0,0.0,0.8,4.6,0.22,0.36,1.9,6.0,0.38,0.7,0.8,0.1,0.8,7.3,0.0,47.0,2.1,1.8,2.2,1890,29,Attacker,0.5681818181818181,0.27999999999999997,0.05263157894736842,1.1578947368421053,0.0978723404255319,0.38095238095238093,0.1714285714285714,76.8445945945946,80.4189189189189,67.0641891891892,63.358108108108105,72.27808949371749,False
1226147,Giuliano Simeone,9906,Atlético de Madrid,ESP-La Liga,0.4,33.2,9.0,0.0,0.5,4.9,0.22,0.22,0.9,6.0,0.18,0.8,0.6,0.1,0.5,7.18,0.0,29.0,1.5,1.8,1.2,2019,29,Midfielder,0.7428571428571429,0.3076923076923077,0.012048192771084336,1.3333333333333333,0.16896551724137931,0.39999999999999997,0.14666666666666667,91.900622532645,63.324627998785296,73.38988004858791,57.485221176232415,72.0624434097706,True
1593857,Ibrahim Mbaye,9847,Paris Saint-Germain,FRA-Ligue 1,0.5,44.3,2.0,0.0,0.4,2.0,0.19,0.3,0.9,2.0,0.28,0.5,0.9,0.0,0.9,6.85,0.0,20.0,2.1,1.3,1.9,965,23,Attacker,0.6666666666666666,0.2777777777777778,0.011286681715575621,2.111111111111111,0.1,0.42857142857142855,0.14285714285714285,57.64887640449438,79.16853932584269,90.85393258426966,66.97752808988764,72.0521870557927,True
1607566,Franco Mastantuono,8633,Real Madrid,ESP-La Liga,1.0,39.2,5.0,0.0,0.3,2.3,0.22,0.28,1.7,0.0,0.1,0.3,0.7,0.0,0.8,6.7,0.0,15.0,2.8,1.9,2.1,943,21,Attacker,0.5641025641025641,0.13636363636363638,0.02551020408163265,1.2352941176470589,0.15333333333333332,0.25,0.10000000000000002,83.77247191011234,53.396067415730336,84.89606741573033,66.48314606741573,71.70871219710484,True
604126,Giovani Lo Celso,8603,Real Betis,ESP-La Liga,2.3,49.2,6.0,0.0,0.4,2.3,0.16,0.17,0.6,3.0,0.14,0.4,0.8,0.0,1.0,7.06,0.0,30.0,2.0,1.3,1.0,1315,22,Midfielder,0.7391304347826086,0.23529411764705882,0.04674796747967479,1.6666666666666667,0.07666666666666666,0.4,0.085,66.13546411580118,65.8334851705638,81.7071439416945,76.14702905152343,71.63704014691619,True
974753,Julián Álvarez,9906,Atlético de Madrid,ESP-La Liga,1.2,27.2,10.0,0.0,0.2,5.1,0.24,0.36,0.7,4.0,0.38,0.1,1.2,0.0,0.7,7.11,0.0,47.0,2.6,1.0,1.2,1902,29,Attacker,0.6111111111111112,0.09090909090909091,0.04411764705882353,1.7142857142857144,0.10851063829787233,0.4615384615384615,0.13846153846153844,81.98299423018523,87.03989523231094,70.46262273509464,46.43076222289705,71.51507301411088,True
1087966,Evann Guessand,9831,Nice,FRA-Ligue 1,0.1,14.5,12.0,0.0,0.5,5.3,0.19,0.32,1.6,8.0,0.42,0.5,0.9,0.1,0.8,7.31,0.0,32.0,2.2,1.5,1.7,2572,33,Attacker,0.5555555555555556,0.25,0.006896551724137932,1.0625,0.165625,0.40909090909090906,0.14545454545454545,89.33108108108108,78.1081081081081,59.04054054054054,58.25,71.50255715495075,False
950473,Mason Greenwood,8592,Marseille,FRA-Ligue 1,2.8,37.6,12.0,0.0,0.1,5.5,0.21,0.54,0.8,6.0,0.61,0.2,1.8,0.0,0.4,7.58,0.0,55.0,4.2,0.5,1.9,2379,31,Attacker,0.4666666666666666,0.28571428571428575,0.07446808510638298,2.3749999999999996,0.1,0.42857142857142855,0.1285714285714286,83.42109525255593,84.46358437088774,86.0938227553396,36.489244862840366,71.48684268525243,True
1613676,Saïd El Mala,8722,1. FC Köln,GER-Bundesliga,0.2,11.6,8.0,0.0,0.2,2.3,0.11,0.52,0.7,4.0,0.58,0.4,1.4,0.0,1.0,6.9,0.0,21.0,3.5,1.1,2.0,1877,33,Attacker,0.6818181818181818,0.26666666666666666,0.017241379310344827,2.857142857142857,0.10952380952380951,0.39999999999999997,0.14857142857142858,66.76685393258427,83.13483146067416,69.81179775280899,67.24157303370787,71.42065147591087,True
1209399,Abdessamad Ezzalzouli,8603,Real Betis,ESP-La Liga,0.6,25.5,11.0,0.0,0.5,3.3,0.14,0.36,1.1,8.0,0.39,0.7,1.0,0.0,1.1,7.56,0.0,29.0,3.0,2.1,1.7,2096,27,Attacker,0.717948717948718,0.25,0.023529411764705882,1.5454545454545452,0.11379310344827585,0.3333333333333333,0.12,62.109917501771434,71.0556230387691,76.1661478894625,81.24172487093836,71.32540127859747,True
953812,Sofiane Diop,9831,Nice,FRA-Ligue 1,2.0,28.5,6.0,0.0,0.5,4.1,0.18,0.29,1.0,2.0,0.35,0.8,0.7,0.1,0.6,6.92,0.0,30.0,2.2,1.0,1.3,2072,32,Midfielder,0.6428571428571429,0.4444444444444445,0.07017543859649122,1.3,0.13666666666666666,0.3181818181818181,0.1318181818181818,78.83253618787326,75.58896396396395,68.56079815770828,59.89690252049803,71.30600197944653,True
959594,Karim Adeyemi,9789,Borussia Dortmund,GER-Bundesliga,0.3,15.7,5.0,0.0,0.1,3.0,0.22,0.37,1.6,3.0,0.53,0.6,1.1,0.0,0.9,6.95,0.0,14.0,2.3,0.4,2.0,1189,27,Midfielder,0.3846153846153846,0.6,0.01910828025477707,1.25,0.21428571428571427,0.47826086956521746,0.16086956521739132,87.22422563012451,81.82123696730439,67.89568782265411,46.612916287073595,71.13272561837144,True
1073143,Azzedine Ounahi,7732,Girona,ESP-La Liga,1.5,40.7,11.0,0.0,0.5,3.9,0.22,0.17,0.9,2.0,0.28,0.9,0.9,0.1,0.7,7.28,0.0,30.0,2.6,1.2,3.2,1586,22,Midfielder,0.7000000000000001,0.42857142857142855,0.036855036855036855,3.555555555555556,0.13,0.34615384615384615,0.06538461538461539,88.22752808988764,44.73033707865168,93.6179775280899,63.71910112359551,70.79873826247434,True
1067260,Jakub Kaminski,8722,1. FC Köln,GER-Bundesliga,1.0,24.5,10.0,0.0,1.1,6.3,0.19,0.22,0.4,3.0,0.22,0.6,0.8,0.2,0.5,7.13,0.0,49.0,1.9,1.4,0.7,2930,33,Midfielder,0.8333333333333334,0.3,0.04081632653061224,1.7499999999999998,0.12857142857142856,0.4210526315789474,0.11578947368421053,84.79494382022472,69.77247191011236,61.73033707865168,65.19662921348315,70.77855713314884,True
1400227,Yankuba Minteh,10204,Brighton and Hove Albion,ENG-Premier League,0.6,16.1,11.0,0.0,0.6,4.7,0.19,0.15,1.2,4.0,0.12,0.6,0.4,0.0,0.7,7.12,0.0,42.0,1.6,2.1,2.5,2264,32,Attacker,0.6923076923076923,0.2222222222222222,0.03726708074534161,2.0833333333333335,0.11190476190476191,0.25,0.09374999999999999,83.75761716772952,52.42346138273104,71.82254023686609,78.15753112663225,70.70466583652666,True
942358,Félix Correia,8639,Lille,FRA-Ligue 1,1.6,29.6,9.0,0.0,0.5,4.8,0.22,0.23,0.6,5.0,0.18,0.9,0.4,0.1,0.7,6.92,0.0,37.0,1.5,1.3,0.7,2006,33,Attacker,0.7857142857142857,0.40909090909090906,0.05405405405405406,1.1666666666666667,0.12972972972972974,0.26666666666666666,0.15333333333333335,86.52528089887639,62.03370786516853,61.74438202247191,71.89325842696628,70.51586474527336,True
1071186,Angelo Stiller,10269,VfB Stuttgart,GER-Bundesliga,2.6,68.1,9.0,0.0,1.6,7.2,0.25,0.1,0.5,5.0,0.07,0.9,0.3,0.2,0.5,7.31,0.0,54.0,0.6,1.6,0.5,2654,33,Midfielder,0.8333333333333334,0.36,0.03817914831130691,1.0,0.13333333333333333,0.5,0.16666666666666669,90.23821996153457,57.17096872153051,67.42589077841886,66.93498835914566,70.50961695059662,True
1412132,Kenan Yildiz,9885,Juventus,ITA-Serie A,1.0,32.9,15.0,0.0,0.2,9.4,0.31,0.26,0.7,6.0,0.33,0.2,1.2,0.0,0.7,7.5,0.0,73.0,3.0,0.8,2.5,2749,35,Midfielder,0.5882352941176471,0.2,0.030395136778115502,3.5714285714285716,0.12876712328767123,0.39999999999999997,0.08666666666666667,82.59045703006377,57.96894928636501,86.53049397712319,54.97545298107096,70.50239606957436,True
1367924,Can Uzun,9810,Eintracht Frankfurt,GER-Bundesliga,2.0,37.5,4.0,0.0,0.4,3.0,0.24,0.29,1.2,4.0,0.65,0.2,1.5,0.2,1.0,7.14,0.0,20.0,3.3,1.2,1.0,1104,20,Midfielder,0.5384615384615385,0.14285714285714288,0.05333333333333334,0.8333333333333334,0.15,0.4545454545454546,0.08787878787878788,81.12078651685393,68.76123595505618,69.6938202247191,58.52808988764045,70.20159867436891,True
1095432,Charles De Ketelaere,8524,Atalanta,ITA-Serie A,1.5,33.1,17.0,0.0,0.5,8.4,0.37,0.15,1.0,5.0,0.13,0.1,0.7,0.1,0.8,7.14,0.0,60.0,1.9,1.0,2.0,2078,29,Midfielder,0.5238095238095238,0.09090909090909091,0.045317220543806644,2.0,0.14,0.3684210526315789,0.07894736842105263,91.30082751290615,59.82190758173905,83.1852793805041,45.763336370077944,69.8992690461107,True
888912,Mikkel Damsgaard,9937,Brentford,ENG-Premier League,1.5,31.4,12.0,0.0,0.7,4.8,0.22,0.12,0.9,4.0,0.18,1.1,0.5,0.1,1.1,6.97,0.0,38.0,1.3,2.6,0.7,1960,31,Midfielder,0.8043478260869564,0.2972972972972973,0.04777070063694268,0.7777777777777777,0.12631578947368421,0.3846153846153846,0.0923076923076923,85.7852515436785,45.4451867597935,65.09884603704829,95.17559975706043,69.74196969893727,True
815006,Phil Foden,8456,Manchester City,ENG-Premier League,2.1,46.5,10.0,0.0,0.6,4.6,0.21,0.29,0.8,5.0,0.32,0.4,0.9,0.1,0.5,7.38,0.0,51.0,2.5,1.6,1.0,1960,31,Midfielder,0.7142857142857143,0.2,0.04516129032258065,1.25,0.09019607843137255,0.36,0.11599999999999999,75.93830347201133,62.90216621115496,76.07933495293045,62.19331410061747,69.64181552417172,True
693171,Ludovic Blas,9851,Rennes,FRA-Ligue 1,1.2,31.5,10.0,0.0,0.5,5.6,0.34,0.3,1.5,4.0,0.31,1.0,0.8,0.1,0.9,6.89,0.0,44.0,2.7,1.2,1.5,1462,31,Midfielder,0.5945945945945946,0.45454545454545453,0.03809523809523809,1.0,0.12727272727272726,0.2962962962962963,0.1111111111111111,85.84405051118533,61.0228894624962,73.84058356108919,55.753062050814854,69.63278692411612,True
288406,Alejandro Grimaldo,8178,Bayer 04 Leverkusen,GER-Bundesliga,1.9,57.3,16.0,0.0,1.9,9.5,0.35,0.24,0.4,8.0,0.3,0.7,0.7,0.2,0.3,7.71,0.0,68.0,2.1,1.7,0.9,2434,28,Midfielder,0.8571428571428572,0.2916666666666667,0.03315881326352531,2.25,0.13970588235294118,0.3333333333333333,0.11428571428571428,91.5844468063569,51.79666464217026,79.26390575969226,56.83462394979248,69.63273155060716,True
846033,Vinícius Júnior,8633,Real Madrid,ESP-La Liga,1.2,30.2,6.0,0.0,0.0,5.2,0.17,0.44,1.2,5.0,0.49,0.1,1.5,0.0,0.8,7.65,0.0,68.0,3.2,0.9,2.8,2748,35,Attacker,0.45454545454545453,0.1,0.039735099337748346,2.3333333333333335,0.07647058823529412,0.46875,0.13749999999999998,68.20265209029253,81.12406367041199,83.85235094645206,46.863877922866685,69.57837130841637,True
886016,Kiernan Dewsbury-Hall,8668,Everton,ENG-Premier League,0.8,28.9,9.0,0.0,1.0,4.9,0.18,0.16,1.1,4.0,0.29,0.4,0.5,0.1,0.8,7.2,0.0,34.0,1.4,1.8,0.9,2461,29,Midfielder,0.6666666666666666,0.18181818181818182,0.027681660899653984,0.8181818181818181,0.14411764705882354,0.35714285714285715,0.1142857142857143,86.13202247191012,58.80337078651685,61.66573033707865,72.3820224719101,69.55639443853184,True
701154,Kylian Mbappé,8633,Real Madrid,ESP-La Liga,1.2,29.9,8.0,0.0,0.0,6.1,0.23,0.86,0.5,5.0,0.89,0.1,2.3,0.0,0.7,8.07,0.0,64.0,5.0,0.1,2.8,2424,29,Attacker,0.28571428571428575,0.5,0.04013377926421405,5.6,0.0953125,0.45999999999999996,0.172,78.34706194959004,92.40703765563315,85.59106437898572,31.339583965988464,69.49584320106783,True
1077894,Jude Bellingham,8633,Real Madrid,ESP-La Liga,3.2,49.8,4.0,0.0,0.9,2.1,0.11,0.36,1.5,4.0,0.26,0.7,1.2,0.1,1.0,7.52,0.0,36.0,2.5,2.4,1.8,1756,26,Midfielder,0.6739130434782609,0.22580645161290325,0.06425702811244981,1.2,0.058333333333333334,0.48,0.144,46.95277862131794,83.42468873367748,85.45823210851302,75.3224769713534,69.20626844427424,True
1202110,Nico Williams,8315,Athletic Club,ESP-La Liga,0.4,23.4,5.0,0.0,0.5,5.0,0.27,0.29,1.4,3.0,0.32,0.4,0.9,0.0,1.1,7.02,0.0,34.0,2.5,0.8,3.6,1687,25,Attacker,0.46153846153846156,0.3333333333333333,0.017094017094017096,2.5714285714285716,0.14705882352941177,0.36,0.11599999999999999,79.84392398015993,62.53167071565948,80.02428130377568,52.14459965583561,69.01522098462523,True
325916,Paulo Dybala,8686,Roma,ITA-Serie A,2.2,38.2,7.0,0.0,0.2,4.0,0.3,0.33,0.8,3.0,0.15,0.2,1.1,0.0,0.9,6.93,0.0,46.0,2.8,0.6,0.8,1177,20,Attacker,0.5,0.25,0.05759162303664921,1.0,0.08695652173913043,0.3928571428571429,0.11785714285714287,76.40195110841178,73.3477958295374,68.13870331005161,55.37794817289199,68.9118548969952,True
523825,Jarrod Bowen,8654,West Ham United,ENG-Premier League,0.4,15.5,14.0,0.0,1.0,5.0,0.14,0.19,0.5,10.0,0.22,0.8,0.7,0.2,0.6,7.18,0.0,43.0,2.1,1.3,1.5,3225,36,Attacker,0.8076923076923077,0.38095238095238093,0.025806451612903226,3.0,0.11627906976744186,0.3333333333333333,0.09047619047619047,79.92599200323919,57.525496001619594,68.11270118433039,69.54836015791072,68.79167883575046,True
966146,Zuriko Davitashvili,9853,St Etienne,FRA-Ligue 1,0.4,23.3,9.0,0.0,0.5,5.6,0.18,0.27,0.7,8.0,0.29,0.5,0.9,0.0,0.8,7.15,0.0,53.0,2.3,0.8,1.6,2761,33,Attacker,0.65,0.3846153846153846,0.017167381974248927,2.285714285714286,0.10566037735849056,0.391304347826087,0.1173913043478261,74.63513513513513,69.33783783783784,73.40878378378378,55.43243243243243,68.75675396167375,False
1126058,Malik Tillman,8178,Bayer 04 Leverkusen,GER-Bundesliga,0.7,35.2,7.0,0.0,0.7,2.4,0.14,0.25,0.9,0.0,0.33,0.9,0.7,0.3,0.9,7.08,0.0,24.0,1.8,2.1,0.6,1615,28,Midfielder,0.7692307692307693,0.3,0.019886363636363633,0.6666666666666666,0.09999999999999999,0.38888888888888884,0.1388888888888889,65.36797752808988,72.71067415730337,56.31460674157303,87.28651685393258,68.52574312031965,True
1347574,Nico Paz,10171,Como,ITA-Serie A,0.9,36.0,13.0,0.0,0.4,4.5,0.14,0.27,1.7,6.0,0.37,0.9,1.5,0.1,0.8,7.67,0.0,51.0,3.8,2.8,2.2,2882,35,Midfielder,0.6851851851851852,0.24324324324324326,0.025,1.2941176470588236,0.08823529411764706,0.39473684210526316,0.07105263157894738,63.08156189897763,57.398673954853734,82.57434963052941,76.41284542969936,68.47637491290389,True
179515,Téji Savanier,10249,Montpellier,FRA-Ligue 1,7.2,38.1,16.0,0.0,0.8,7.7,0.3,0.16,0.8,5.0,0.08,0.6,0.7,0.0,0.7,7.04,0.0,70.0,1.8,1.2,1.1,2339,31,Midfielder,0.6923076923076923,0.33333333333333337,0.1889763779527559,1.375,0.11,0.38888888888888884,0.08888888888888889,85.49662162162161,54.18918918918919,73.81756756756756,59.79729729729729,68.460346522049,False
1185336,Francisco Conceição,9885,Juventus,ITA-Serie A,0.8,31.7,5.0,0.0,0.2,4.8,0.22,0.33,1.4,4.0,0.14,0.3,1.0,0.0,1.1,7.2,0.0,37.0,3.1,1.5,2.4,1959,29,Midfielder,0.5625,0.16666666666666666,0.02523659305993691,1.7142857142857144,0.12972972972972974,0.3225806451612903,0.10645161290322581,82.1607829739852,54.77631845328474,81.21311620609372,55.52032088268044,68.44543973061703,True
1173787,Xavi Simons,8586,Tottenham Hotspur,ENG-Premier League,1.8,34.1,7.0,0.0,0.6,3.9,0.2,0.16,1.1,5.0,0.1,0.8,0.5,0.1,1.1,6.92,0.0,34.0,2.2,1.7,1.4,1757,28,Midfielder,0.6944444444444444,0.32,0.05278592375366569,1.2727272727272725,0.11470588235294117,0.22727272727272727,0.07272727272727272,80.5806508755947,46.10112359550561,78.41154216013767,72.81761817997773,68.20864177582246,True
194165,Harry Kane,9823,Bayern München,GER-Bundesliga,3.0,22.5,17.0,0.0,1.3,4.2,0.16,1.03,1.0,5.0,1.3,0.3,2.5,0.2,0.5,8.09,0.0,39.0,4.5,0.7,1.2,2292,30,Attacker,0.5,0.3,0.13333333333333333,1.2,0.1076923076923077,0.5555555555555556,0.2288888888888889,81.79088217430915,96.36339710497013,64.79198299423018,35.808507946148396,68.15018768912965,True
422685,Bruno Fernandes,10260,Manchester United,ENG-Premier League,4.1,48.1,30.0,0.0,1.3,11.3,0.35,0.33,0.8,19.0,0.25,0.6,0.7,0.2,0.5,8.0,0.0,124.0,2.5,1.6,0.5,2886,33,Midfielder,0.7333333333333334,0.2727272727272727,0.08523908523908523,0.625,0.09112903225806453,0.27999999999999997,0.132,78.14916742585281,62.66645156392347,60.59151989067718,70.87136855957081,68.05079577234892,True
1251666,Ernest Poku,8178,Bayer 04 Leverkusen,GER-Bundesliga,0.4,28.1,4.0,0.0,0.9,4.3,0.26,0.18,0.2,5.0,0.3,0.5,0.5,0.1,0.4,6.75,0.0,27.0,1.6,0.8,1.7,1484,29,Midfielder,0.8666666666666667,0.3846153846153846,0.014234875444839857,8.5,0.15925925925925924,0.3125,0.11249999999999999,82.61516853932585,55.365168539325836,82.98595505617976,51.05056179775281,67.96390885694409,True
942368,Jérémy Doku,8456,Manchester City,ENG-Premier League,0.7,32.9,13.0,0.0,0.1,6.1,0.32,0.14,1.2,5.0,0.27,0.7,0.7,0.0,1.1,7.39,0.0,57.0,1.9,1.2,4.4,1695,28,Attacker,0.6129032258064516,0.3684210526315789,0.02127659574468085,3.666666666666667,0.10701754385964912,0.3684210526315789,0.0736842105263158,83.23856159530317,39.83391537605021,89.4395687822654,69.09952930458549,67.91067717968582,True
614834,Dani Olmo,8634,Barcelona,ESP-La Liga,1.8,45.0,10.0,0.0,1.0,5.4,0.24,0.34,1.2,8.0,0.32,0.6,0.9,0.0,0.6,7.4,0.0,47.0,3.1,1.5,0.7,2000,31,Midfielder,0.6363636363636365,0.2857142857142857,0.04,0.5833333333333334,0.11489361702127661,0.2903225806451613,0.10967741935483871,84.92089280291526,68.75690859398723,66.71948071667173,48.54152748253872,67.81399079197374,True
940976,Kang-In Lee,9847,Paris Saint-Germain,FRA-Ligue 1,3.4,56.2,12.0,0.0,0.4,5.5,0.33,0.16,1.1,4.0,0.18,0.2,0.9,0.1,0.6,7.23,0.0,56.0,2.2,1.0,1.6,1490,26,Midfielder,0.5217391304347826,0.16666666666666669,0.06049822064056939,1.4545454545454546,0.09821428571428571,0.40909090909090906,0.07272727272727272,82.66294665451967,52.75771839254984,88.53058254884097,48.93663326247596,67.68071125510575,True
674014,David Brooks,8678,Bournemouth,ENG-Premier League,0.9,25.7,8.0,0.0,1.1,3.3,0.25,0.39,0.8,3.0,0.08,0.3,0.9,0.0,0.5,6.63,0.0,25.0,3.5,1.4,1.3,1193,30,Attacker,0.6799999999999999,0.17647058823529413,0.03501945525291829,1.625,0.132,0.2571428571428572,0.11142857142857143,78.38217430914061,63.042476465229264,68.79930914060127,57.91454094543982,67.6280789800316,True
969870,Adam Hlozek,8226,TSG 1899 Hoffenheim,GER-Bundesliga,0.7,16.4,7.0,0.0,0.9,3.2,0.15,0.27,0.7,3.0,0.38,0.2,1.2,0.0,0.7,7.01,0.0,22.0,2.8,1.1,1.6,1874,27,Attacker,0.65,0.15384615384615385,0.042682926829268296,2.285714285714286,0.14545454545454548,0.4285714285714286,0.09642857142857145,77.94932432432431,67.51689189189189,67.4695945945946,54.91216216216216,67.62504247818595,False
292462,Mohamed Salah,8650,Liverpool,ENG-Premier League,0.8,25.1,10.0,0.0,0.3,4.9,0.21,0.34,0.4,6.0,0.3,0.2,0.7,0.0,0.8,7.04,0.0,48.0,2.8,0.7,0.7,2074,26,Attacker,0.6923076923076923,0.22222222222222227,0.03187250996015936,1.7499999999999998,0.10208333333333335,0.25,0.12142857142857144,79.31253163275635,71.0787276040085,65.09001417147483,52.14535884198805,67.53970798823005,True
1444231,Matias Fernandez-Pardo,8639,Lille,FRA-Ligue 1,0.6,19.4,5.0,0.0,0.1,4.6,0.18,0.34,0.6,5.0,0.31,0.3,1.1,0.0,0.7,7.18,0.0,35.0,2.6,0.7,1.3,2289,28,Attacker,0.625,0.3,0.030927835051546393,2.166666666666667,0.13142857142857142,0.4230769230769231,0.13076923076923078,75.35112359550561,78.49169956473327,68.14904089482741,46.672993217937034,67.45449896549161,True
1073498,Patrick Wimmer,8721,VfL Wolfsburg,GER-Bundesliga,0.8,17.7,4.0,0.0,1.2,2.2,0.12,0.17,1.5,3.0,0.22,1.4,0.4,0.1,0.8,6.86,0.0,16.0,1.3,2.6,2.1,1634,25,Attacker,0.7272727272727273,0.35,0.04519774011299436,1.4000000000000001,0.1375,0.3076923076923077,0.13076923076923078,69.82214799068731,53.338963963963955,68.66090950501062,83.87022978034214,67.43076085779839,True
923312,Bryan Mbeumo,10260,Manchester United,ENG-Premier League,0.5,22.0,5.0,0.0,0.5,5.0,0.18,0.32,0.8,3.0,0.33,0.3,1.1,0.0,0.7,7.13,0.0,46.0,2.4,0.9,0.6,2467,31,Attacker,0.6,0.25,0.022727272727272728,0.7499999999999999,0.10869565217391304,0.45833333333333337,0.13333333333333333,77.04698096973378,81.48370280392753,54.54396953132908,55.826525964166414,67.19689141572417,True
1070052,Amad,10260,Manchester United,ENG-Premier League,1.0,31.1,5.0,0.0,1.2,3.7,0.15,0.22,0.8,2.0,0.08,0.6,0.8,0.1,0.4,7.17,0.0,39.0,2.0,1.5,1.5,2164,30,Midfielder,0.7241379310344827,0.2857142857142857,0.03215434083601286,1.875,0.09487179487179488,0.4,0.11,62.869369369369366,63.90486132199616,81.1639462496204,62.3306508755947,67.17324465416887,True
696365,Marcus Rashford,8634,Barcelona,ESP-La Liga,1.2,33.6,7.0,0.0,0.8,4.4,0.24,0.41,0.5,7.0,0.43,0.1,1.6,0.2,0.6,7.21,0.0,42.0,4.1,0.4,1.6,1671,31,Attacker,0.5,0.2,0.03571428571428571,3.2,0.10476190476190476,0.39024390243902446,0.1,78.68435570401861,73.4565872051827,78.53860461585181,38.951184330397815,67.16594559806461,True
708435,Gaëtan Perrin,8583,Auxerre,FRA-Ligue 1,1.7,22.3,19.0,0.0,0.1,4.7,0.16,0.2,0.8,11.0,0.33,0.4,0.9,0.0,0.7,7.29,0.0,73.0,2.0,1.6,2.0,2704,34,Attacker,0.7142857142857143,0.2,0.07623318385650224,2.5,0.06438356164383562,0.45,0.1,60.6081081081081,65.92567567567568,75.95945945945944,68.69594594594594,67.15131994728446,False
574629,Alex Berenguer,8315,Athletic Club,ESP-La Liga,1.1,24.6,7.0,0.0,0.7,5.5,0.24,0.19,1.1,3.0,0.09,0.6,0.9,0.0,0.9,6.69,0.0,49.0,1.9,1.2,1.0,2082,30,Attacker,0.6206896551724137,0.33333333333333337,0.044715447154471545,0.9090909090909091,0.11224489795918367,0.4736842105263158,0.1,76.7427624253467,67.32515942909201,61.9500961635793,59.7635388197186,66.9658419295378,True
848289,Takefusa Kubo,8560,Real Sociedad,ESP-La Liga,0.4,23.2,7.0,0.0,0.6,3.5,0.21,0.14,0.5,4.0,0.12,0.7,0.7,0.0,0.5,7.05,0.0,32.0,1.7,1.7,2.2,1508,24,Midfielder,0.8275862068965517,0.2916666666666667,0.017241379310344827,4.4,0.109375,0.4117647058823529,0.0823529411764706,71.82116104868913,50.47940074906367,80.86836977426866,67.60436278975605,66.92584926556036,True
906937,Anthony Gordon,10261,Newcastle United,ENG-Premier League,0.8,21.0,5.0,0.0,0.6,3.4,0.17,0.44,0.6,2.0,0.3,0.1,1.0,0.0,0.5,6.96,0.0,26.0,2.4,0.9,1.6,1814,26,Attacker,0.625,0.1,0.0380952380952381,2.666666666666667,0.13076923076923078,0.4166666666666667,0.18333333333333335,73.4635717177852,80.49259793501365,74.06768144549044,40.57057900597226,66.88211937683187,True
690516,Ademola Lookman,8524,Atalanta,ITA-Serie A,0.3,25.3,12.0,0.0,0.2,7.9,0.31,0.41,1.2,5.0,0.6,0.1,1.4,0.0,0.4,7.39,0.0,61.0,3.3,1.3,1.5,2263,31,Midfielder,0.5384615384615385,0.07142857142857142,0.011857707509881422,1.25,0.12950819672131147,0.42424242424242425,0.12424242424242424,90.18243243243244,78.85135135135135,68.60472972972973,33.62837837837838,66.86033806722773,False
688300,Samuel Chukwueze,9879,Fulham,ENG-Premier League,1.3,25.3,4.0,0.0,0.8,3.3,0.28,0.18,0.4,4.0,0.25,0.6,0.6,0.1,0.8,6.8,0.0,23.0,2.1,0.5,1.5,1064,22,Attacker,0.7333333333333334,0.5454545454545454,0.05138339920948617,3.75,0.14347826086956522,0.2857142857142857,0.0857142857142857,75.70773863751391,45.99721631744104,81.03287276040085,69.43309039376454,66.81955479771591,True
1310270,Kamory Doumbia,8521,Brest,FRA-Ligue 1,1.4,28.1,10.0,0.0,0.3,2.5,0.13,0.25,1.5,3.0,0.27,1.1,0.7,0.0,1.3,7.09,0.0,26.0,2.1,3.2,0.9,1692,23,Midfielder,0.7413793103448276,0.25581395348837205,0.049822064056939494,0.6,0.09615384615384616,0.3333333333333333,0.11904761904761904,58.4875493470999,65.9336977426865,61.96477376252657,90.97046765866992,66.79011452727534,True
1342757,João Neves,9847,Paris Saint-Germain,FRA-Ligue 1,2.6,66.5,4.0,0.0,0.4,2.0,0.14,0.2,0.9,1.0,0.36,0.5,0.4,0.4,0.6,7.24,0.0,14.0,1.8,1.9,0.6,1265,20,Midfielder,0.7272727272727273,0.20833333333333334,0.039097744360902256,0.6666666666666666,0.14285714285714285,0.22222222222222224,0.11111111111111112,73.94450349225629,53.392208219455405,66.2779507035125,75.86524445794109,66.66410918670324,True
1079539,Dilane Bakwa,9848,Strasbourg,FRA-Ligue 1,1.8,26.8,12.0,0.0,0.9,6.0,0.21,0.16,1.0,8.0,0.22,0.5,0.8,0.0,0.7,7.38,0.0,47.0,1.9,0.9,1.8,2509,30,Midfielder,0.5833333333333334,0.35714285714285715,0.06716417910447761,1.8,0.1276595744680851,0.4210526315789474,0.08421052631578949,85.57094594594594,56.141891891891895,76.13513513513513,47.898648648648646,66.60097602077145,False
813055,Mousa Tamari,9851,Rennes,FRA-Ligue 1,0.5,21.0,7.0,0.0,0.3,3.9,0.16,0.21,0.7,6.0,0.25,0.5,0.9,0.1,1.4,7.06,0.0,33.0,2.5,1.0,1.3,2157,32,Midfielder,0.6818181818181818,0.3333333333333333,0.023809523809523808,1.8571428571428574,0.11818181818181818,0.36,0.08399999999999999,72.56527735600768,56.84746684887134,70.37755592671323,66.0549397712319,66.48689362063956,True
400625,Vincenzo Grifo,8358,Sport-Club Freiburg,GER-Bundesliga,3.1,34.0,11.0,0.0,1.1,4.7,0.25,0.31,0.5,4.0,0.37,0.7,0.6,0.1,0.2,6.87,0.0,40.0,1.6,0.4,0.5,1686,32,Attacker,0.6875,0.6363636363636362,0.0911764705882353,1.0,0.11750000000000001,0.37499999999999994,0.19374999999999998,87.22006275938861,78.5300637716368,63.02826703107601,38.2207460269258,66.41827308814209,True
1463448,Tom Louchet,9831,Nice,FRA-Ligue 1,1.3,27.6,8.0,0.0,1.8,2.7,0.18,0.2,1.1,2.0,0.2,0.7,0.4,0.3,0.4,6.73,0.0,20.0,1.4,2.3,0.8,1361,26,Midfielder,0.7317073170731708,0.2333333333333333,0.04710144927536232,0.7272727272727273,0.135,0.28571428571428575,0.14285714285714288,83.61797752808988,60.21348314606742,56.72752808988764,64.48314606741573,66.36682536631929,True
850354,Bruno Guimarães,10261,Newcastle United,ENG-Premier League,2.9,45.1,7.0,0.0,1.4,4.6,0.18,0.21,1.5,5.0,0.35,0.6,0.8,0.1,0.7,7.57,0.0,45.0,1.5,2.2,0.6,2299,27,Midfielder,0.6511627906976744,0.21428571428571425,0.06430155210643015,0.39999999999999997,0.10222222222222221,0.5333333333333333,0.13999999999999999,72.46783581334144,69.13323716975403,54.86744609778318,69.84661909100112,66.31672565135683,True
1047667,Maximilian Beier,9789,Borussia Dortmund,GER-Bundesliga,0.7,18.4,9.0,0.0,1.0,4.9,0.23,0.33,1.4,6.0,0.41,0.6,0.9,0.1,0.8,7.08,0.0,24.0,2.2,1.2,0.8,1967,31,Midfielder,0.5625,0.33333333333333337,0.03804347826086957,0.5714285714285715,0.2041666666666667,0.40909090909090906,0.15,82.97431420184229,78.4553725073388,49.32016145358841,55.18263488207308,66.2148474409356,True
1073742,Julio Enciso,9848,Strasbourg,FRA-Ligue 1,0.6,25.7,6.0,0.0,0.4,4.6,0.23,0.37,0.9,3.0,0.15,0.3,1.1,0.0,0.5,6.9,0.0,24.0,2.9,1.0,2.5,1802,26,Midfielder,0.5909090909090908,0.23076923076923075,0.023346303501945526,2.7777777777777777,0.19166666666666665,0.37931034482758624,0.12758620689655173,72.39615598744813,66.66752707763943,80.6137260856362,44.66924789958498,66.1450296583932,True
1331097,Pablo Pagis,8689,Lorient,FRA-Ligue 1,2.1,25.5,8.0,0.0,1.0,3.3,0.18,0.4,1.1,5.0,0.53,0.8,1.0,0.1,0.7,7.34,0.0,44.0,3.0,1.4,1.2,1703,27,Midfielder,0.6666666666666666,0.36363636363636365,0.08235294117647059,1.0909090909090908,0.075,0.3333333333333333,0.13333333333333333,62.676966292134836,71.26404494382022,67.66011235955055,63.23033707865169,66.08734207739548,True
970692,Bryan Gil,7732,Girona,ESP-La Liga,0.5,24.8,6.0,0.0,0.6,2.6,0.16,0.12,1.0,3.0,0.0,0.6,0.4,0.1,0.6,6.54,0.0,21.0,1.4,1.9,1.8,1472,27,Attacker,0.7142857142857143,0.24,0.020161290322580645,1.8,0.12380952380952381,0.28571428571428575,0.08571428571428572,74.86934406316428,44.93859449336977,78.32643739244863,70.89586496608969,65.92457736440431,True
1302715,Martial Godo,9848,Strasbourg,FRA-Ligue 1,0.4,20.9,1.0,0.0,0.5,2.3,0.14,0.46,0.9,1.0,0.48,0.8,0.9,0.1,1.3,7.11,0.0,21.0,2.3,1.0,1.3,1497,27,Attacker,0.6666666666666666,0.4444444444444445,0.019138755980861247,1.4444444444444444,0.10952380952380951,0.391304347826087,0.2,50.98033707865168,86.11235955056179,68.6320224719101,65.47752808988764,65.81688704401746,True
1367047,Afonso Moreira,9748,Lyon,FRA-Ligue 1,0.7,23.5,10.0,0.0,0.7,5.6,0.31,0.14,1.5,7.0,0.22,0.7,0.7,0.0,0.7,7.18,0.0,31.0,2.0,1.7,1.3,1627,26,Attacker,0.6153846153846154,0.2916666666666667,0.02978723404255319,0.8666666666666667,0.18064516129032257,0.35,0.07,95.0196629213483,44.03932584269663,64.78370786516854,63.36516853932583,65.69628024503474,True
1574189,Senny Mayulu,9847,Paris Saint-Germain,FRA-Ligue 1,1.1,36.7,7.0,0.0,0.3,3.1,0.17,0.22,1.4,4.0,0.22,0.6,0.6,0.0,0.9,7.24,0.0,39.0,1.9,2.6,0.9,1649,25,Midfielder,0.6956521739130436,0.18749999999999997,0.02997275204359673,0.6428571428571429,0.0794871794871795,0.3157894736842105,0.11578947368421053,61.67134831460674,59.00280898876404,63.89044943820224,84.91011235955057,65.59852494985482,True
864157,Jan-Niklas Beste,8358,Sport-Club Freiburg,GER-Bundesliga,0.9,19.2,4.0,0.0,1.3,4.2,0.23,0.16,0.9,2.0,0.05,0.9,0.7,0.1,0.3,6.92,0.0,35.0,1.3,2.2,0.8,1649,27,Attacker,0.775,0.2903225806451613,0.046875,0.888888888888889,0.12000000000000001,0.5384615384615384,0.12307692307692307,75.1629213483146,72.32303370786516,53.25,61.08988764044943,65.52303755397978,True
1044470,Hákon Arnar Haraldsson,8639,Lille,FRA-Ligue 1,1.3,37.8,5.0,0.0,0.3,4.9,0.19,0.29,1.0,1.0,0.3,0.4,0.6,0.0,0.9,7.2,0.0,51.0,1.8,0.9,0.8,2393,31,Midfielder,0.5652173913043479,0.3076923076923077,0.0343915343915344,0.8,0.09607843137254903,0.3333333333333333,0.1611111111111111,64.723137463306,68.34117825690859,69.20747292236057,58.5835104767689,65.40061169417046,True
1342754,Diego Moreira,9848,Strasbourg,FRA-Ligue 1,1.5,34.3,11.0,0.0,1.2,3.9,0.18,0.07,0.8,4.0,0.14,0.9,0.4,0.2,0.6,7.12,0.0,33.0,1.1,2.0,1.6,1951,26,Midfielder,0.7837837837837838,0.3103448275862069,0.04373177842565598,2.0,0.11818181818181818,0.36363636363636365,0.06363636363636364,86.97103704828423,35.74560937341836,83.59675827512905,66.5796892398016,65.36327177479173,True
1393672,Jean-Mattéo Bahoya,9810,Eintracht Frankfurt,GER-Bundesliga,0.4,24.3,6.0,0.0,0.9,3.3,0.22,0.14,0.9,4.0,0.21,0.9,0.5,0.1,0.3,6.99,0.0,31.0,1.9,2.1,2.8,1312,26,Attacker,0.7692307692307693,0.3,0.01646090534979424,3.1111111111111107,0.1064516129032258,0.2631578947368421,0.0736842105263158,75.25017714343556,45.60109828930053,78.7781405000506,64.9445034922563,65.20876801401435,True
1074968,Jamie Leweling,10269,VfB Stuttgart,GER-Bundesliga,0.9,22.3,10.0,0.0,1.1,5.2,0.2,0.16,0.7,9.0,0.28,0.5,0.7,0.1,0.6,7.19,0.0,39.0,1.8,0.8,1.2,2285,31,Attacker,0.65,0.3846153846153846,0.04035874439461883,1.7142857142857144,0.13333333333333333,0.38888888888888884,0.08888888888888889,85.9202854539933,52.01577841886831,71.30843202753316,50.91993116712218,65.15162799349739,True
750027,Brahim Díaz,8633,Real Madrid,ESP-La Liga,0.6,35.0,7.0,0.0,0.3,2.4,0.18,0.09,1.5,6.0,0.0,0.2,0.5,0.0,0.7,6.82,0.0,28.0,1.1,1.2,1.9,1159,28,Attacker,0.48275862068965514,0.14285714285714288,0.017142857142857144,1.2666666666666666,0.08571428571428572,0.45454545454545453,0.0818181818181818,62.91144093531733,65.52267435975301,81.99815264702904,51.11061342241118,65.14334112437635,True
660326,Matthieu Udol,8588,Lens,FRA-Ligue 1,1.3,32.7,22.0,0.0,1.9,9.1,0.28,0.14,0.9,7.0,0.03,1.5,0.5,0.2,0.5,7.3,0.0,54.0,1.4,1.5,0.5,2958,33,Midfielder,0.7692307692307693,0.5,0.039755351681957186,0.5555555555555556,0.1685185185185185,0.35714285714285715,0.10000000000000002,96.75842696629212,54.85112359550561,48.401685393258425,64.0505617977528,65.01637200248763,True
1250253,Dango Ouattara,9937,Brentford,ENG-Premier League,0.8,12.3,12.0,0.0,2.0,4.1,0.18,0.27,1.2,3.0,0.21,1.0,0.7,0.0,0.4,6.94,0.0,26.0,2.1,1.0,1.0,2099,30,Attacker,0.625,0.5,0.06504065040650406,0.8333333333333334,0.1576923076923077,0.3333333333333333,0.1285714285714286,82.40917602996255,67.16070705536998,56.19722390930256,52.47021459661909,65.01038981232142,True
789630,Marcus Tavernier,8678,Bournemouth,ENG-Premier League,0.9,30.0,6.0,0.0,1.3,4.0,0.14,0.31,1.0,4.0,0.21,0.5,0.8,0.2,0.8,7.2,0.0,45.0,2.4,1.3,1.3,2558,32,Midfielder,0.6428571428571429,0.2777777777777778,0.030000000000000002,1.3,0.08888888888888889,0.33333333333333337,0.12916666666666668,61.170690353274615,64.05224466039071,70.75202449640652,65.26897965381112,65.00888024286236,True
1175939,Paul Nebel,9905,1. FSV Mainz 05,GER-Bundesliga,0.5,26.2,9.0,0.0,1.0,3.7,0.17,0.21,1.3,2.0,0.23,0.5,0.3,0.1,0.6,6.95,0.0,40.0,1.4,2.2,0.9,1986,29,Midfielder,0.675,0.18518518518518517,0.019083969465648856,0.6923076923076923,0.0925,0.2142857142857143,0.15,75.03930053649155,61.38393309039376,57.54967608057495,65.45110841178257,64.9822033899153,True
940608,Juan Cruz,7854,Leganés,ESP-La Liga,0.7,16.5,10.0,0.0,1.0,3.7,0.15,0.1,0.6,4.0,0.2,0.5,0.6,0.1,0.5,6.88,0.0,25.0,1.3,1.3,1.6,2265,34,Attacker,0.75,0.2777777777777778,0.04242424242424242,2.666666666666667,0.14800000000000002,0.4615384615384615,0.07692307692307693,82.31756756756756,51.30743243243243,68.64527027027027,57.155405405405396,64.97659451898214,False
1102708,Germán Valera,10268,Elche,ESP-La Liga,0.8,32.3,13.0,0.0,1.4,5.2,0.17,0.08,1.2,5.0,0.13,0.7,0.3,0.3,0.5,7.13,0.0,44.0,0.8,1.7,1.2,2690,34,Midfielder,0.6666666666666667,0.2916666666666667,0.024767801857585144,1.0,0.11818181818181818,0.37499999999999994,0.09999999999999999,82.32303370786518,48.247191011235955,71.68258426966291,58.35393258426966,64.95189967949501,True
955411,Yann Gboho,9941,Toulouse,FRA-Ligue 1,0.6,22.6,3.0,0.0,0.1,4.6,0.16,0.2,0.6,3.0,0.28,0.5,0.6,0.0,1.1,7.25,0.0,56.0,2.0,0.9,2.7,2608,31,Attacker,0.7,0.35714285714285715,0.026548672566371678,4.500000000000001,0.08214285714285714,0.3,0.1,59.13085838647637,60.104843607652604,78.29810709585989,64.87319060633668,64.88174029516843,True
952322,Brenden Aaronson,8463,Leeds United,ENG-Premier League,0.3,19.7,9.0,0.0,0.6,3.3,0.13,0.17,0.7,5.0,0.16,0.6,0.6,0.2,0.5,6.7,0.0,32.0,1.7,1.9,1.1,2316,35,Midfielder,0.78125,0.24,0.015228426395939087,1.5714285714285716,0.103125,0.35294117647058826,0.1,68.23876404494382,56.10112359550562,65.53932584269663,70.65730337078651,64.77525624331709,True
1076647,Lucas Da Cunha,10171,Como,ITA-Serie A,2.0,58.7,10.0,0.0,0.6,4.8,0.17,0.2,1.1,4.0,0.14,0.6,0.5,0.0,0.4,7.26,0.0,41.0,1.3,1.9,0.8,2568,34,Midfielder,0.6944444444444444,0.24,0.034071550255536626,0.7272727272727273,0.11707317073170731,0.3846153846153846,0.15384615384615385,73.80407936025914,59.470847251746136,63.48334851705638,60.519359246887326,64.72081274326439,True
317062,Adrien Thomasson,8588,Lens,FRA-Ligue 1,1.2,37.5,11.0,0.0,0.9,7.3,0.25,0.24,1.8,9.0,0.1,0.6,0.4,0.1,0.5,7.55,0.0,81.0,1.5,3.3,0.6,2661,31,Midfielder,0.6842105263157895,0.15384615384615385,0.032,0.3333333333333333,0.09012345679012346,0.26666666666666666,0.16,73.02077639437191,61.93115446907581,51.694225124000404,75.44311165097682,64.69871480721821,True
343748,Leon Goretzka,9823,Bayern München,GER-Bundesliga,2.3,68.2,3.0,0.0,2.0,3.7,0.18,0.23,0.7,2.0,0.24,1.2,0.5,0.4,0.5,7.26,0.0,20.0,1.6,1.3,0.5,1871,30,Midfielder,0.78125,0.48,0.03372434017595308,0.7142857142857143,0.185,0.3125,0.14375,72.84374683672435,60.79517157607044,60.56156999696325,63.4471100313797,64.67204668736052,True
1002618,Ander Barrenetxea,8560,Real Sociedad,ESP-La Liga,1.4,29.7,11.0,0.0,0.6,4.7,0.24,0.13,1.9,5.0,0.15,0.8,0.6,0.2,1.0,7.01,0.0,44.0,1.7,1.5,2.8,1769,30,Attacker,0.5476190476190477,0.3478260869565218,0.04713804713804714,1.4736842105263157,0.10681818181818183,0.35294117647058826,0.07647058823529412,78.33075210041501,43.38269308634477,76.26500657961333,64.94379491851402,64.65433908283879,True
1402900,Samuel Mbangula,8697,SV Werder Bremen,GER-Bundesliga,0.7,32.0,2.0,0.0,0.2,1.8,0.14,0.13,0.3,2.0,0.23,0.3,0.5,0.1,0.4,6.82,0.0,14.0,1.3,1.3,2.3,1150,25,Attacker,0.8421052631578947,0.18749999999999997,0.021875,7.666666666666666,0.1285714285714286,0.3846153846153846,0.1,60.912921348314605,56.171348314606746,87.48033707865167,57.758426966292134,64.65352735613709,True
1310103,Anton Kade,8406,FC Augsburg,GER-Bundesliga,0.6,17.1,4.0,0.0,1.0,2.9,0.16,0.33,1.1,0.0,0.33,0.7,1.1,0.1,0.4,6.84,0.0,26.0,2.3,1.6,1.1,1656,27,Midfielder,0.676470588235294,0.30434782608695654,0.03508771929824561,1.0,0.11153846153846153,0.47826086956521746,0.14347826086956522,66.2752808988764,83.49719101123596,58.3314606741573,51.438202247191015,64.64818085752184,True
848844,Rafael Leão,8564,Milan,ITA-Serie A,0.7,23.4,9.0,0.0,0.3,3.0,0.15,0.48,0.9,3.0,0.44,0.2,1.2,0.0,0.5,7.06,0.0,20.0,3.1,0.3,1.2,1837,28,Attacker,0.35714285714285715,0.4,0.029914529914529916,1.3333333333333333,0.15,0.3870967741935484,0.15483870967741933,82.33943212875796,79.1547854033809,71.85707055369976,30.377568579815772,64.55496250400833,True
1242587,Amine Sbaï,8121,Angers,FRA-Ligue 1,0.8,20.7,4.0,0.0,0.1,2.7,0.14,0.19,0.8,1.0,0.1,0.4,0.8,0.0,0.6,6.53,0.0,25.0,1.7,1.0,1.8,1742,24,Attacker,0.6363636363636362,0.28571428571428575,0.03864734299516909,2.25,0.10800000000000001,0.4705882352941177,0.11176470588235295,61.949438202247194,69.7134831460674,75.31741573033707,50.258426966292134,64.25486834854264,True
1077915,Largie Ramazani,10267,Valencia CF,ESP-La Liga,0.7,17.5,3.0,0.0,0.6,1.9,0.15,0.52,1.3,1.0,0.46,1.1,1.4,0.0,0.5,6.63,0.0,15.0,3.6,1.0,1.6,1170,25,Midfielder,0.6176470588235293,0.5238095238095238,0.04,1.2307692307692308,0.12666666666666665,0.38888888888888884,0.14444444444444446,66.04775280898876,81.7752808988764,66.74157303370785,43.252808988764045,64.1822441074555,True
844437,Amine Gouiri,8592,Marseille,FRA-Ligue 1,0.5,22.2,6.0,0.0,0.2,2.7,0.2,0.41,1.0,3.0,0.51,0.2,1.2,0.1,0.6,7.04,0.0,30.0,2.5,0.8,1.2,1238,21,Attacker,0.5,0.2,0.022522522522522525,1.2,0.09000000000000001,0.48,0.16399999999999998,65.73299423018524,89.11204322299828,62.84759337989674,42.11526976414617,64.16219390139612,True
1011117,Robert Navarro,8315,Athletic Club,ESP-La Liga,0.5,22.5,3.0,0.0,0.7,1.5,0.12,0.3,1.2,1.0,0.47,0.5,0.8,0.1,0.9,6.58,0.0,19.0,1.6,1.2,1.6,1159,30,Attacker,0.5862068965517241,0.29411764705882354,0.022222222222222223,1.3333333333333335,0.07894736842105263,0.5,0.18749999999999997,47.91647687012855,75.21681091203563,74.45091861524445,67.55552181394877,64.13925014659189,True
1248482,Antonio Nusa,178475,RB Leipzig,GER-Bundesliga,0.8,20.6,8.0,0.0,0.3,5.1,0.23,0.19,0.4,3.0,0.18,0.4,0.9,0.0,0.4,7.19,0.0,32.0,2.7,1.1,3.0,2008,30,Attacker,0.7894736842105263,0.26666666666666666,0.038834951456310676,7.5,0.159375,0.3333333333333333,0.07037037037037036,84.4150344164389,40.51162820123494,79.19440226743598,57.911175220163976,64.12789170531791,True
1086012,Ansu Fati,9829,Monaco,FRA-Ligue 1,1.3,28.4,3.0,0.0,0.7,1.3,0.12,0.85,0.8,0.0,0.9,0.4,1.9,0.0,0.4,6.93,0.0,14.0,3.5,1.3,1.2,996,24,Midfielder,0.68,0.23529411764705882,0.045774647887323945,1.4999999999999998,0.09285714285714286,0.5428571428571428,0.24285714285714285,49.19662921348314,98.45505617977528,73.07303370786516,47.30898876404494,64.09411094750497,True
1401248,Rémy Lascary,8521,Brest,FRA-Ligue 1,0.6,13.9,4.0,0.0,0.2,1.9,0.14,0.38,2.2,1.0,0.38,0.5,1.1,0.2,0.6,6.52,0.0,13.0,2.3,1.2,1.5,1169,26,Attacker,0.43589743589743585,0.29411764705882354,0.043165467625899276,0.6818181818181818,0.14615384615384613,0.47826086956521746,0.16521739130434784,71.60393258426966,87.78370786516854,55.45224719101124,43.533707865168545,63.985189732073934,True
1084981,Noni Madueke,9825,Arsenal,ENG-Premier League,0.8,22.5,5.0,0.0,0.6,2.5,0.2,0.08,1.2,1.0,0.16,0.4,0.6,0.1,0.7,6.65,0.0,19.0,1.7,1.7,2.1,1134,25,Attacker,0.6363636363636365,0.19047619047619047,0.035555555555555556,1.7500000000000002,0.13157894736842105,0.35294117647058826,0.047058823529411764,73.75895839659884,46.85207257819618,75.35489422006275,62.118736714242324,63.96597492966007,True
670009,Dimitrios Giannoulis,8406,FC Augsburg,GER-Bundesliga,1.4,22.2,8.0,0.0,3.1,4.1,0.19,0.06,0.8,5.0,0.09,0.9,0.3,0.5,0.6,7.13,0.0,34.0,0.5,1.3,0.9,1901,27,Midfielder,0.7333333333333334,0.40909090909090906,0.06306306306306306,1.125,0.12058823529411763,0.6,0.12,80.67687772041704,51.518587407632346,62.796512804939766,60.51300738941188,63.954239734014045,True
1203665,Alejandro Garnacho,8455,Chelsea,ENG-Premier League,0.9,29.2,6.0,0.0,0.4,3.7,0.26,0.25,0.6,4.0,0.07,0.3,0.5,0.0,0.6,6.88,0.0,29.0,2.3,1.0,1.0,1267,23,Attacker,0.6842105263157895,0.23076923076923075,0.03082191780821918,1.6666666666666667,0.12758620689655173,0.2173913043478261,0.10869565217391305,70.05963407227452,53.44371899989877,70.5431091203563,61.480868508958395,63.89636839471412,True
1109171,Yan Couto,9789,Borussia Dortmund,GER-Bundesliga,1.5,34.0,4.0,0.0,1.7,3.0,0.27,0.06,1.5,2.0,0.09,0.6,0.3,0.1,0.5,0.0,0.0,17.0,0.7,1.8,1.2,991,18,Midfielder,0.6153846153846154,0.25,0.04411764705882353,0.7999999999999999,0.17647058823529413,0.4285714285714286,0.08571428571428572,83.7752808988764,47.59550561797752,69.69662921348313,54.86516853932584,63.824664586839866,True
460632,Joshua Kimmich,9823,Bayern München,GER-Bundesliga,6.4,96.4,15.0,0.0,0.7,10.0,0.41,0.1,0.3,6.0,0.08,0.9,0.4,0.2,0.3,7.62,0.0,52.0,1.1,1.2,0.5,2190,28,Midfielder,0.8750000000000001,0.42857142857142855,0.06639004149377593,1.6666666666666667,0.19230769230769232,0.36363636363636365,0.09090909090909091,96.03378378378379,39.91246583662314,67.92997773053952,57.1138526166616,63.733535598020424,True
445856,Wesley Saïd,8588,Lens,FRA-Ligue 1,1.2,26.1,10.0,0.0,0.9,3.8,0.18,0.44,1.7,2.0,0.47,0.5,1.2,0.0,0.5,7.18,0.0,26.0,2.6,1.0,1.2,1920,28,Midfielder,0.46875,0.3333333333333333,0.045977011494252866,0.7058823529411765,0.14615384615384613,0.4615384615384615,0.1692307692307692,75.54299524243343,86.80604059115295,54.7190378580828,40.311367547322604,63.637903900428434,True
884919,Robin Hack,9788,Borussia Mönchengladbach,GER-Bundesliga,1.4,26.5,10.0,0.0,0.8,3.8,0.16,0.22,0.8,7.0,0.16,0.4,1.0,0.1,0.7,6.91,0.0,33.0,2.4,0.9,1.0,2188,33,Attacker,0.6190476190476191,0.3076923076923077,0.05283018867924528,1.25,0.11515151515151514,0.4166666666666667,0.09166666666666667,76.12162162162161,62.314189189189186,62.95945945945945,50.594594594594604,63.63341313607837,False
771401,Anthony Caci,9905,1. FSV Mainz 05,GER-Bundesliga,1.5,31.5,6.0,0.0,1.4,7.9,0.26,0.1,1.2,7.0,0.03,0.9,0.4,0.3,0.5,7.25,0.0,50.0,1.1,2.0,1.0,2703,33,Midfielder,0.7073170731707318,0.3103448275862069,0.047619047619047616,0.8333333333333334,0.158,0.36363636363636365,0.09090909090909091,85.65202702702703,47.21283783783784,61.148648648648646,62.02027027027028,63.59745941319758,False
534670,Martin Ødegaard,9825,Arsenal,ENG-Premier League,2.5,44.7,6.0,0.0,0.4,3.6,0.25,0.07,0.6,6.0,0.07,0.5,0.6,0.0,1.3,7.0,0.0,38.0,1.5,1.3,0.6,1281,23,Midfielder,0.75,0.2777777777777778,0.05592841163310962,1.0,0.09473684210526316,0.39999999999999997,0.04666666666666667,75.38041552788742,42.87482285656443,70.72761666160541,70.62207713331308,63.593612484486066,True
1021586,Gabriel Martinelli,9825,Arsenal,ENG-Premier League,0.3,14.9,3.0,0.0,0.9,1.0,0.09,0.35,0.9,3.0,0.09,0.1,1.1,0.1,1.3,6.46,0.0,11.0,2.6,1.1,1.6,982,28,Attacker,0.5714285714285715,0.08333333333333333,0.020134228187919462,1.777777777777778,0.09090909090909091,0.4230769230769231,0.1346153846153846,53.99913958902723,79.50902166211155,66.97837584775787,57.457257819617375,63.5583752064054,True
1050178,Lazar Samardzic,8524,Atalanta,ITA-Serie A,4.4,37.7,2.0,0.0,0.7,2.5,0.24,0.26,1.6,1.0,0.19,0.7,0.7,0.0,0.8,6.68,0.0,27.0,2.1,1.1,1.3,961,25,Midfielder,0.5294117647058824,0.38888888888888884,0.11671087533156499,0.8125,0.09259259259259259,0.3333333333333333,0.12380952380952381,62.61104362789755,58.477477477477485,77.63584370887742,56.15947970442352,63.55396124744324,True
1215064,Martin Baturina,10171,Como,ITA-Serie A,0.7,42.5,7.0,0.0,0.1,4.3,0.28,0.1,0.9,3.0,0.38,0.3,0.6,0.1,1.0,7.17,0.0,52.0,1.5,1.2,1.3,1404,27,Attacker,0.625,0.19999999999999998,0.016470588235294115,1.4444444444444444,0.08269230769230769,0.39999999999999997,0.06666666666666667,68.92696629213482,43.887640449438194,83.34550561797752,63.41573033707866,63.49832267035712,True
1137705,Enzo Fernández,8455,Chelsea,ENG-Premier League,2.8,51.3,10.0,0.0,0.8,6.7,0.21,0.34,1.0,3.0,0.28,0.6,0.9,0.0,0.4,7.27,0.0,64.0,2.1,1.6,0.3,2941,34,Midfielder,0.6875,0.2727272727272727,0.05458089668615984,0.3,0.1046875,0.42857142857142855,0.1619047619047619,74.81885818402672,76.64296740560785,47.493129365320364,56.36683874886123,63.48685783461244,True
1180718,Mohamed-Ali Cho,9831,Nice,FRA-Ligue 1,0.8,19.0,7.0,0.0,0.3,2.8,0.15,0.18,0.8,3.0,0.22,0.2,0.8,0.1,0.6,6.67,0.0,21.0,1.6,0.8,1.0,1636,23,Attacker,0.5555555555555556,0.2,0.042105263157894736,1.25,0.13333333333333333,0.5,0.11249999999999999,78.61682609575867,68.95843455815366,60.97287174815264,43.52884907379289,63.43677553729781,True
1199383,Ange-Yoan Bonny,8636,Internazionale,ITA-Serie A,0.4,16.8,7.0,0.0,0.3,1.9,0.16,0.31,1.4,4.0,0.44,0.1,0.8,0.0,0.6,6.54,0.0,17.0,1.8,1.4,1.7,1029,31,Attacker,0.5172413793103449,0.06666666666666667,0.023809523809523808,1.2142857142857144,0.11176470588235293,0.4444444444444445,0.17222222222222222,63.729400749063664,80.32256554307116,63.9619900799676,46.083358639538424,63.34329634246761,True
352879,Adrien Rabiot,8564,Milan,ITA-Serie A,1.6,40.4,6.0,0.0,1.5,2.9,0.11,0.15,1.2,4.0,0.23,0.6,0.4,0.2,0.4,7.48,0.0,23.0,1.6,2.1,0.8,2370,27,Midfielder,0.6923076923076923,0.2222222222222222,0.039603960396039604,0.6666666666666667,0.12608695652173912,0.25,0.09374999999999999,70.69407328676992,56.31647940074905,62.90169804636097,62.6290363397105,63.31323643681413,True
818975,Eberechi Eze,9825,Arsenal,ENG-Premier League,0.8,26.1,4.0,0.0,0.5,2.6,0.13,0.21,0.8,2.0,0.35,0.5,0.8,0.0,0.8,6.97,0.0,15.0,2.9,0.9,1.4,1812,31,Midfielder,0.6363636363636362,0.35714285714285715,0.03065134099616858,1.7499999999999998,0.17333333333333334,0.27586206896551724,0.07241379310344828,69.33001822046766,48.15298866282012,77.552485069339,60.11628201234942,63.26005401720973,True
521148,Jacob Murphy,10261,Newcastle United,ENG-Premier League,1.1,20.0,10.0,0.0,0.9,2.7,0.16,0.18,0.5,2.0,0.17,0.2,0.7,0.2,0.4,6.63,0.0,22.0,2.3,0.9,1.1,1558,31,Attacker,0.6875,0.18181818181818182,0.05500000000000001,2.2,0.12272727272727274,0.30434782608695654,0.0782608695652174,84.33895131086142,53.174612815062254,69.4140980868509,45.39842089280291,63.24185698434754,True
640122,Brais Méndez,8560,Real Sociedad,ESP-La Liga,2.1,38.1,5.0,0.0,0.5,2.6,0.14,0.32,2.4,2.0,0.33,0.3,0.9,0.2,0.8,6.93,0.0,24.0,2.0,1.9,1.1,1615,28,Midfielder,0.47826086956521735,0.13636363636363638,0.05511811023622047,0.45833333333333337,0.10833333333333334,0.45,0.16,59.63995596720315,76.90927725478288,58.009489826905565,59.970923170361374,63.18569766756309,True
150250,Pedro,8543,Lazio,ITA-Serie A,1.8,37.9,5.0,0.0,0.4,1.2,0.12,0.24,0.9,2.0,0.4,0.3,0.9,0.0,0.7,6.69,0.0,17.0,2.0,1.0,1.3,901,27,Attacker,0.5909090909090908,0.23076923076923075,0.0474934036939314,1.4444444444444444,0.07058823529411765,0.45,0.12,50.127872254276745,77.60685545095657,77.81708674967102,52.8406215203968,63.07556194107283,True
318615,Leandro Trossard,9825,Arsenal,ENG-Premier League,1.5,26.1,8.0,0.0,0.7,3.5,0.16,0.25,0.6,6.0,0.28,0.4,0.7,0.1,0.4,7.11,0.0,35.0,2.4,1.3,1.1,1917,30,Attacker,0.7391304347826086,0.23529411764705882,0.05747126436781609,1.8333333333333335,0.1,0.2916666666666667,0.10416666666666667,71.11427016904544,56.38288288288288,69.63986739548537,52.921449539427066,62.923761567624624,True
1793640,Khalis Merah,9748,Lyon,FRA-Ligue 1,0.8,33.3,3.0,0.0,0.2,1.3,0.11,0.08,0.9,1.0,0.0,0.6,0.2,0.0,0.6,6.66,0.0,12.0,0.5,2.1,0.8,1139,22,Midfielder,0.75,0.2222222222222222,0.024024024024024027,0.888888888888889,0.10833333333333334,0.4,0.16,53.97471910112359,63.31460674157303,63.98595505617977,76.11235955056179,62.78346736622518,True
1265963,Igor Paixão,8592,Marseille,FRA-Ligue 1,1.3,26.0,4.0,0.0,1.0,2.5,0.12,0.28,0.9,5.0,0.28,0.7,1.0,0.1,0.7,7.02,0.0,27.0,2.5,1.2,1.2,1909,29,Attacker,0.6785714285714286,0.3684210526315789,0.05,1.3333333333333333,0.09259259259259259,0.4,0.11200000000000002,52.688202247191,70.17696629213482,70.39606741573033,61.561797752808985,62.77865689221893,True
921341,Alexis Saelemaekers,8564,Milan,ITA-Serie A,0.8,36.1,5.0,0.0,0.7,4.7,0.16,0.1,0.8,3.0,0.07,0.9,0.3,0.1,0.7,7.36,0.0,49.0,1.4,2.4,1.6,2707,34,Midfielder,0.8048780487804879,0.27272727272727276,0.0221606648199446,2.0,0.09591836734693877,0.2142857142857143,0.07142857142857144,60.70022269460471,40.00704777811519,82.86323261463711,80.6979198299423,62.582678603843206,True
1117069,Georges Mikautadze,10205,Villarreal,ESP-La Liga,0.6,12.6,7.0,0.0,0.3,2.5,0.11,0.46,0.6,6.0,0.53,0.2,1.3,0.0,0.4,7.09,0.0,26.0,2.8,0.3,1.4,2028,31,Attacker,0.45454545454545453,0.4,0.047619047619047616,2.3333333333333335,0.09615384615384616,0.46428571428571436,0.1642857142857143,70.16522421297701,89.82019941289605,66.22466848871342,31.19480716671728,62.55348182860011,True
331542,Jonas Hofmann,8178,Bayer 04 Leverkusen,GER-Bundesliga,1.6,41.0,5.0,0.0,1.2,2.3,0.21,0.15,0.5,2.0,0.18,0.2,0.6,0.0,0.6,6.88,0.0,15.0,2.0,1.2,0.6,981,22,Midfielder,0.7368421052631579,0.14285714285714288,0.03902439024390244,1.2,0.15333333333333332,0.3,0.075,83.10393258426964,41.51966292134831,67.34831460674157,62.02247191011236,62.52323269632072,True
1624586,Bazoumana Touré,8226,TSG 1899 Hoffenheim,GER-Bundesliga,0.9,19.4,11.0,0.0,0.8,5.6,0.22,0.16,1.8,9.0,0.2,0.2,0.5,0.1,0.8,7.22,0.0,44.0,1.8,1.3,1.7,2249,29,Attacker,0.4545454545454546,0.13333333333333333,0.04639175257731959,0.9444444444444444,0.12727272727272726,0.2777777777777778,0.08888888888888889,87.46067415730337,44.53370786516854,66.18258426966293,53.674157303370784,62.4964052017723,True
1314412,Rômulo,178475,RB Leipzig,GER-Bundesliga,0.4,17.0,6.0,0.0,1.2,2.9,0.12,0.59,0.8,4.0,0.37,0.4,1.1,0.2,0.8,7.09,0.0,25.0,2.6,1.2,0.5,2187,29,Attacker,0.6666666666666666,0.25,0.023529411764705882,0.625,0.11599999999999999,0.4230769230769231,0.2269230769230769,67.29775280898876,92.26685393258425,38.04213483146067,63.34831460674157,62.384231579390516,True
1520063,Johan Manzambi,8358,Sport-Club Freiburg,GER-Bundesliga,1.4,34.5,5.0,0.0,1.6,4.8,0.21,0.17,1.0,3.0,0.22,1.2,0.5,0.1,0.4,7.03,0.0,18.0,2.2,1.5,1.3,2022,26,Midfielder,0.7297297297297297,0.4444444444444444,0.04057971014492753,1.3,0.26666666666666666,0.22727272727272727,0.07727272727272727,85.48314606741572,37.89887640449438,78.10955056179776,54.640449438202246,62.35906863217067,True
1280082,Matias Soulé,8686,Roma,ITA-Serie A,1.5,34.5,5.0,0.0,0.5,3.8,0.16,0.16,0.3,5.0,0.26,0.4,0.6,0.1,1.5,7.08,0.0,42.0,2.1,0.8,1.4,2082,31,Midfielder,0.8,0.3333333333333333,0.043478260869565216,4.666666666666667,0.09047619047619047,0.2857142857142857,0.07619047619047618,60.14962293754428,40.974757060431216,85.59497418767081,74.73770118433039,62.33313687243157,True
1047676,Yéremi Pino,9826,Crystal Palace,ENG-Premier League,1.6,26.8,13.0,0.0,0.9,5.7,0.26,0.19,1.3,1.0,0.09,0.4,0.5,0.0,0.8,6.69,0.0,44.0,1.9,1.6,0.8,2001,32,Midfielder,0.6060606060606061,0.2,0.05970149253731343,0.6153846153846154,0.12954545454545455,0.2631578947368421,0.1,84.72088521105375,52.273838445186755,52.94675574450855,59.91327563518575,62.29206021720388,True
863098,Matheus Cunha,10260,Manchester United,ENG-Premier League,0.8,25.3,3.0,0.0,0.7,2.8,0.1,0.25,1.0,2.0,0.33,0.8,1.3,0.1,0.7,7.25,0.0,30.0,3.2,1.4,1.5,2423,32,Attacker,0.6875,0.36363636363636365,0.03162055335968379,1.5,0.09333333333333332,0.40625,0.078125,54.915426662617676,60.37257060431218,74.56685899382529,62.20179167931977,62.23221615438112,True
650616,Mathias Jensen,9937,Brentford,ENG-Premier League,4.0,36.8,11.0,0.0,1.5,5.8,0.25,0.1,0.8,1.0,0.13,0.9,0.3,0.2,0.4,6.79,0.0,29.0,1.2,1.7,0.8,2106,34,Midfielder,0.7647058823529411,0.34615384615384615,0.10869565217391305,1.0,0.19999999999999998,0.25,0.08333333333333334,95.20786516853933,35.01123595505618,67.9129213483146,60.33707865168538,62.19545762953216,True
1197030,Hugo Ekitiké,8650,Liverpool,ENG-Premier League,0.1,15.3,3.0,0.0,1.3,2.7,0.13,0.49,1.7,4.0,0.55,0.1,0.9,0.1,0.7,7.08,0.0,21.0,3.2,0.5,1.9,1810,28,Attacker,0.2608695652173913,0.16666666666666669,0.006535947712418301,1.1176470588235294,0.1285714285714286,0.28125,0.15312499999999998,69.67203158214393,77.3669905860917,65.00087306407532,37.46080068832878,62.087143163746575,True
900433,Khvicha Kvaratskhelia,9847,Paris Saint-Germain,FRA-Ligue 1,1.6,48.0,9.0,0.0,0.3,4.7,0.3,0.5,1.1,4.0,0.51,0.6,1.8,0.2,0.9,7.33,0.0,34.0,4.1,1.5,2.7,1425,27,Attacker,0.65625,0.2857142857142857,0.03333333333333333,2.4545454545454546,0.13823529411764707,0.4390243902439025,0.12195121951219513,79.81794716064378,55.50809798562607,63.916160542565045,46.99736815467153,62.02069521682249,True
1027194,Alexander Prass,8226,TSG 1899 Hoffenheim,GER-Bundesliga,1.2,27.4,4.0,0.0,1.3,3.2,0.23,0.08,1.8,2.0,0.21,0.5,0.8,0.2,0.9,6.72,0.0,17.0,1.3,2.3,1.1,1262,31,Midfielder,0.6086956521739131,0.17857142857142858,0.043795620437956206,0.6111111111111112,0.18823529411764706,0.6153846153846154,0.061538461538461535,81.1520523332321,39.15221682356514,62.318769612308934,73.06797246684887,61.99819852297482,True
823293,Aron Dønnum,9941,Toulouse,FRA-Ligue 1,2.9,29.5,10.0,0.0,0.6,6.7,0.25,0.18,1.5,4.0,0.15,1.0,0.5,0.1,0.6,7.22,0.0,62.0,1.5,1.7,0.9,2424,28,Midfielder,0.6428571428571429,0.37037037037037035,0.0983050847457627,0.6,0.10806451612903226,0.3333333333333333,0.12,81.23088116206094,47.68503897155583,61.0852819111246,58.0951260249013,61.91900516282995,True
1049999,Enzo Le Fée,8472,Sunderland,ENG-Premier League,1.0,27.7,10.0,0.0,1.2,5.0,0.16,0.16,0.9,5.0,0.13,0.9,0.3,0.4,0.7,7.08,0.0,48.0,1.0,2.7,0.4,2755,34,Midfielder,0.8,0.25,0.036101083032490974,0.4444444444444445,0.10416666666666667,0.3,0.16,73.96067415730336,61.04494382022471,38.384831460674164,87.61797752808988,61.8972333079628,True
862608,Kaoru Mitoma,10204,Brighton and Hove Albion,ENG-Premier League,0.6,24.7,4.0,0.0,0.9,2.8,0.15,0.21,1.6,1.0,0.16,0.5,0.7,0.1,0.6,6.86,0.0,30.0,1.7,0.9,1.5,1721,25,Attacker,0.4666666666666666,0.35714285714285715,0.024291497975708502,0.9375,0.09333333333333332,0.4117647058823529,0.12352941176470589,61.674789958497826,74.11020852312988,69.65382376758781,42.869673043830346,61.89678438822148,True
1436305,Lamine Camara,9829,Monaco,FRA-Ligue 1,2.8,50.0,8.0,0.0,0.8,4.3,0.22,0.09,1.3,4.0,0.05,1.9,0.1,0.3,1.0,7.47,0.0,32.0,1.1,2.7,0.8,1761,23,Midfielder,0.7796610169491526,0.41304347826086957,0.055999999999999994,0.6153846153846154,0.134375,0.09090909090909091,0.0818181818181818,83.27435722239092,34.40615193845531,58.85595708067618,87.65553193643082,61.846607912569795,True
1169596,Raúl Moro,10281,Real Valladolid,ESP-La Liga,1.5,17.1,8.0,0.0,0.7,5.5,0.21,0.16,0.2,5.0,0.15,0.4,0.6,0.0,0.3,6.94,0.0,44.0,1.8,0.8,2.2,2346,33,Attacker,0.8571428571428572,0.3333333333333333,0.08771929824561403,11.0,0.125,0.3333333333333333,0.08888888888888889,81.33445945945945,47.92567567567568,74.97635135135134,44.22297297297297,61.81375111125304,False
312765,Jack Grealish,8668,Everton,ENG-Premier League,1.0,26.6,5.0,0.0,0.6,3.6,0.2,0.12,0.7,6.0,0.11,0.7,0.4,0.3,0.9,7.21,0.0,38.0,1.4,1.2,1.3,1631,20,Attacker,0.7307692307692308,0.3684210526315789,0.03759398496240601,1.8571428571428574,0.09473684210526316,0.28571428571428575,0.08571428571428572,66.58707865168539,41.396067415730336,75.1629213483146,71.37640449438202,61.79717272145622,True
586388,Aleksandr Golovin,9829,Monaco,FRA-Ligue 1,1.1,32.8,2.0,0.0,0.6,1.9,0.1,0.2,1.6,5.0,0.27,1.3,1.0,0.3,0.9,7.14,0.0,24.0,1.8,1.4,1.0,1661,25,Attacker,0.6279069767441859,0.48148148148148145,0.03353658536585367,0.625,0.07916666666666666,0.5555555555555556,0.11111111111111112,48.702082700678204,66.89133515538009,66.87740408948274,71.62696123089383,61.65124956446162,True
933576,Antoine Semenyo,8456,Manchester City,ENG-Premier League,0.8,20.8,8.0,0.0,0.8,3.0,0.09,0.32,1.6,4.0,0.47,0.3,1.1,0.2,0.7,7.36,0.0,37.0,2.4,1.3,1.6,3086,35,Attacker,0.5,0.18749999999999997,0.038461538461538464,1.0,0.08108108108108109,0.45833333333333337,0.13333333333333333,55.89129719607248,70.80239649762122,66.61496608968518,54.41610993015487,61.62454098807779,True
1524548,Mamadou Coulibaly,9829,Monaco,FRA-Ligue 1,2.2,37.1,3.0,0.0,1.3,1.8,0.12,0.1,2.1,3.0,0.2,1.3,0.3,0.1,0.5,6.83,0.0,12.0,0.8,2.3,1.0,1359,24,Midfielder,0.631578947368421,0.36111111111111116,0.05929919137466307,0.47619047619047616,0.15,0.37499999999999994,0.125,65.33988764044943,57.508426966292134,61.08988764044945,61.87640449438202,61.55789105247545,True
1215652,Omari Hutchinson,10203,Nottingham Forest,ENG-Premier League,0.6,23.6,6.0,0.0,0.5,3.6,0.21,0.11,1.2,4.0,0.06,0.6,0.6,0.0,0.8,6.74,0.0,29.0,1.5,1.1,2.3,1536,29,Attacker,0.5862068965517241,0.3529411764705882,0.02542372881355932,1.9166666666666665,0.12413793103448276,0.39999999999999997,0.07333333333333333,69.18991041603401,46.688645105779926,76.51647433950804,55.53446705132098,61.54133422942051,True
895362,Rodrygo,8633,Real Madrid,ESP-La Liga,0.6,41.8,5.0,0.0,0.3,4.2,0.19,0.19,0.4,5.0,0.28,0.5,0.9,0.0,0.4,7.36,0.0,49.0,2.5,1.0,2.3,1937,30,Attacker,0.7894736842105263,0.3333333333333333,0.014354066985645933,5.749999999999999,0.08571428571428572,0.36,0.076,59.766891891891895,49.611486486486484,92.92567567567566,50.108108108108105,61.49634357404839,False
1156569,Sebastian Nanasi,9848,Strasbourg,FRA-Ligue 1,0.8,29.4,3.0,0.0,1.2,1.5,0.14,0.34,0.8,2.0,0.47,0.6,0.8,0.3,0.4,6.92,0.0,16.0,1.5,1.1,0.5,957,18,Midfielder,0.68,0.3529411764705882,0.0272108843537415,0.625,0.09375,0.5333333333333333,0.22666666666666668,63.4233854641158,88.93740510173093,52.93793653203765,43.953765563316125,61.303731350476866,True
1514456,Pathé Mboup,8521,Brest,FRA-Ligue 1,0.4,15.8,2.0,0.0,0.5,1.0,0.09,0.27,3.1,0.0,0.09,1.0,0.9,0.1,1.0,6.32,0.0,9.0,2.0,1.8,2.4,966,27,Attacker,0.47457627118644063,0.35714285714285715,0.02531645569620253,0.7741935483870968,0.1111111111111111,0.45,0.135,47.50280898876404,78.23876404494382,61.721910112359545,65.2865168539326,61.22740060805147,True
246438,Gerard Moreno,10205,Villarreal,ESP-La Liga,2.4,29.5,4.0,0.0,1.2,2.2,0.15,0.43,1.0,0.0,0.68,0.3,1.1,0.1,0.4,7.18,0.0,22.0,2.7,1.0,1.2,1323,21,Attacker,0.5652173913043479,0.23076923076923075,0.08135593220338982,1.2,0.1,0.40740740740740744,0.15925925925925924,60.985955056179776,83.92415730337078,71.37921348314606,34.078651685393254,61.154738912231835,True
613260,Jean-Luc Dompé,9790,Hamburger SV,GER-Bundesliga,0.5,18.4,7.0,0.0,0.1,4.0,0.32,0.16,0.2,0.0,0.24,0.0,1.0,0.0,0.3,6.89,0.0,33.0,2.0,0.4,1.7,1136,20,Attacker,0.6666666666666666,0.0,0.027173913043478264,8.5,0.12121212121212122,0.5,0.08,84.59831460674157,60.050561797752806,75.41853932584269,29.35393258426966,61.057718136411594,True
1305543,Kévin Danois,8583,Auxerre,FRA-Ligue 1,2.9,41.7,10.0,0.0,0.5,4.6,0.15,0.07,1.0,1.0,0.1,1.2,0.3,0.1,0.6,7.2,0.0,52.0,0.8,2.5,1.1,2745,32,Midfielder,0.7872340425531915,0.3243243243243243,0.06954436450839328,1.1,0.08846153846153845,0.37499999999999994,0.08750000000000001,57.60484360765258,40.70465128049398,74.71793703816175,84.00784492357526,60.7811477953067,True
473852,Corentin Tolisso,9748,Lyon,FRA-Ligue 1,3.5,43.0,9.0,0.0,1.4,3.5,0.14,0.42,1.7,4.0,0.45,0.7,1.1,0.4,0.6,7.29,0.0,33.0,2.0,1.3,0.2,2216,29,Midfielder,0.5405405405405405,0.35,0.08139534883720931,0.11764705882352942,0.10606060606060606,0.55,0.21,75.72942605526875,84.04233728110133,35.16570503087357,57.6856210142727,60.76412896546252,True
843040,Pedro Neto,8455,Chelsea,ENG-Premier League,1.0,28.1,11.0,0.0,0.5,6.7,0.24,0.16,0.5,4.0,0.18,0.2,0.4,0.0,0.5,7.0,0.0,49.0,1.6,0.6,1.6,2489,32,Attacker,0.6153846153846154,0.25,0.03558718861209964,3.2,0.13673469387755102,0.25,0.09999999999999999,85.73043830347201,41.90273560076931,77.40726541147889,42.56523939670007,60.74458295859917,True
1171140,Jaidon Anthony,8191,Burnley,ENG-Premier League,0.9,22.9,6.0,0.0,0.9,2.8,0.1,0.18,0.8,2.0,0.28,0.5,0.8,0.2,0.7,6.87,0.0,35.0,1.8,1.4,1.1,2560,35,Attacker,0.7037037037037036,0.2631578947368421,0.039301310043668124,1.375,0.08,0.4444444444444445,0.09999999999999999,49.7191011235955,64.3061797752809,66.86797752808988,67.07303370786516,60.62256321112766,True
900433,Khvicha Kvaratskhelia,9847,Paris Saint-Germain,FRA-Ligue 1,1.6,48.0,9.0,0.0,0.3,4.7,0.3,0.5,1.1,4.0,0.51,0.6,1.8,0.2,0.9,7.33,0.0,34.0,4.1,1.5,2.7,1425,27,Attacker,0.65625,0.2857142857142857,0.03333333333333333,2.4545454545454546,0.13823529411764707,0.4390243902439025,0.12195121951219513,73.90803725073387,55.50809798562607,63.916160542565045,46.99736815467153,60.60576878647641,True
704151,Arnaut Danjuma,10267,Valencia CF,ESP-La Liga,1.1,16.8,6.0,0.0,0.3,3.5,0.19,0.26,1.2,2.0,0.17,0.1,0.8,0.1,0.7,6.57,0.0,17.0,2.0,0.7,1.5,1627,30,Attacker,0.39999999999999997,0.12500000000000003,0.06547619047619048,1.25,0.20588235294117646,0.4,0.13,75.12105223200729,74.35643789857274,64.60809545500557,31.397003745318354,60.60486924034527,True
933768,Curtis Jones,8650,Liverpool,ENG-Premier League,2.8,71.0,4.0,0.0,1.2,2.7,0.13,0.1,0.8,2.0,0.0,0.9,0.3,0.2,0.4,6.92,0.0,20.0,1.1,1.9,1.0,1839,33,Midfielder,0.7777777777777778,0.32142857142857145,0.039436619718309855,1.25,0.135,0.2727272727272727,0.09090909090909091,55.29650015183723,49.24907632351452,74.02550865472215,69.91932381820023,60.55829089363449,True
806552,Cody Gakpo,8650,Liverpool,ENG-Premier League,0.5,19.4,10.0,0.0,0.7,4.6,0.16,0.28,1.4,5.0,0.24,0.4,0.7,0.1,0.7,7.2,0.0,51.0,2.9,0.9,1.2,2657,35,Attacker,0.48148148148148145,0.3076923076923077,0.025773195876288662,0.8571428571428572,0.09019607843137255,0.24137931034482757,0.09655172413793105,69.77746988561594,59.29971403988258,61.96381212673347,48.63298410770321,60.505998322875136,True
883080,Morgan Rogers,10252,Aston Villa,ENG-Premier League,1.0,21.8,13.0,0.0,0.9,4.3,0.12,0.19,1.3,6.0,0.27,0.4,0.9,0.1,0.7,7.0,0.0,47.0,2.3,1.2,1.2,3285,37,Midfielder,0.5517241379310345,0.25,0.04587155963302752,0.923076923076923,0.09148936170212765,0.391304347826087,0.08260869565217392,67.49458447211255,58.371431825083505,64.41800789553598,49.05979856260755,60.357013114728986,True
923196,Lassine Sinayoko,8583,Auxerre,FRA-Ligue 1,0.5,18.7,6.0,0.0,0.8,3.3,0.11,0.38,0.9,4.0,0.33,0.8,1.2,0.0,0.8,7.11,0.0,40.0,3.0,1.4,1.0,2690,31,Attacker,0.7096774193548387,0.36363636363636365,0.026737967914438502,1.1111111111111112,0.08249999999999999,0.39999999999999997,0.12666666666666668,54.88163022573135,69.90903684583459,57.653962951715755,60.98876404494382,60.28630804653731,True
1026135,Tajon Buchanan,10205,Villarreal,ESP-La Liga,0.5,18.9,5.0,0.0,0.8,1.9,0.1,0.1,0.9,1.0,0.35,1.1,0.6,0.1,0.8,6.75,0.0,16.0,1.4,1.3,1.1,1776,33,Midfielder,0.7272727272727273,0.4583333333333333,0.026455026455026457,1.2222222222222223,0.11875,0.4285714285714286,0.07142857142857144,63.04775280898876,48.20505617977527,62.30898876404494,70.61235955056179,60.12953597858082,True
1242757,William Mikelbrencis,9790,Hamburger SV,GER-Bundesliga,0.7,16.6,4.0,0.0,2.5,2.1,0.14,0.08,1.2,4.0,0.0,0.3,0.4,0.2,0.5,6.6,0.0,16.0,0.8,2.2,0.9,1370,25,Midfielder,0.6756756756756757,0.12,0.04216867469879518,0.75,0.13125,0.5,0.09999999999999999,69.24438202247191,57.061797752808985,50.26966292134831,64.87640449438203,60.109840213561974,True
690107,Alexander Isak,10261,Newcastle United,ENG-Premier League,0.5,16.5,11.0,0.0,0.6,3.6,0.12,0.66,0.9,6.0,0.75,0.1,1.5,0.1,0.6,7.4,0.0,42.0,3.2,0.4,1.4,2769,34,Attacker,0.35714285714285715,0.2,0.030303030303030304,1.5555555555555554,0.08571428571428572,0.46875,0.20625,61.0,94.35135135135134,62.37837837837838,31.763513513513512,60.03855193070763,False
1345875,Farès Chaïbi,9810,Eintracht Frankfurt,GER-Bundesliga,1.4,31.4,11.0,0.0,1.5,3.9,0.2,0.14,0.6,9.0,0.1,0.7,0.4,0.1,0.6,7.09,0.0,39.0,1.7,1.5,0.6,1752,27,Midfielder,0.7857142857142857,0.3181818181818181,0.044585987261146494,1.0,0.09999999999999999,0.23529411764705885,0.0823529411764706,75.36804079360259,41.85431217734588,57.490231804838544,70.55420589128455,60.005950116502916,True
689065,Alexis Claude-Maurice,8406,FC Augsburg,GER-Bundesliga,0.3,26.4,5.0,0.0,0.5,3.2,0.14,0.29,1.0,4.0,0.21,0.3,1.1,0.0,0.5,7.11,0.0,32.0,3.0,1.8,1.9,2107,29,Midfielder,0.6774193548387097,0.14285714285714285,0.011363636363636364,1.9,0.1,0.3666666666666667,0.09666666666666666,52.40434254479197,59.19684431622633,76.7804054054054,54.890272294766675,59.99243632856304,True
887704,Keito Nakamura,9837,Reims,FRA-Ligue 1,0.9,18.6,5.0,0.0,0.6,3.4,0.11,0.31,1.0,2.0,0.37,0.4,1.1,0.0,0.8,6.92,0.0,25.0,2.8,0.8,1.0,2661,32,Attacker,0.5454545454545455,0.3333333333333333,0.04838709677419355,1.0,0.136,0.3928571428571429,0.11071428571428572,66.90878378378378,70.1554054054054,53.32770270270269,48.52027027027028,59.9905835391059,False
1134206,Mohamed Amoura,8721,VfL Wolfsburg,GER-Bundesliga,0.8,16.1,7.0,0.0,0.9,2.5,0.12,0.4,1.0,3.0,0.37,0.3,0.9,0.0,0.5,6.89,0.0,25.0,2.8,1.8,0.7,1926,29,Attacker,0.6774193548387097,0.14285714285714285,0.049689440993788817,0.7,0.1,0.32142857142857145,0.14285714285714288,62.049903836420675,71.93121773458851,49.17382832270473,57.95783986233425,59.92494309058658,True
1202525,Bryan Zaragoza,9910,Celta de Vigo,ESP-La Liga,1.0,20.5,4.0,0.0,0.4,2.9,0.23,0.16,0.6,1.0,0.08,0.2,1.0,0.0,0.6,6.85,0.0,18.0,2.1,0.8,2.1,1135,19,Attacker,0.625,0.2,0.04878048780487805,3.5000000000000004,0.1611111111111111,0.47619047619047616,0.07619047619047618,80.43873367749772,50.60194604717076,76.02316783075209,35.10117420791578,59.838705784487296,True
1308414,Hugo Álvarez,9910,Celta de Vigo,ESP-La Liga,0.9,35.1,5.0,0.0,0.6,1.8,0.13,0.18,1.1,2.0,0.28,0.7,0.6,0.0,0.6,6.81,0.0,24.0,0.9,1.0,1.0,1296,26,Attacker,0.6071428571428572,0.4117647058823529,0.02564102564102564,0.9090909090909091,0.075,0.6666666666666666,0.19999999999999998,51.95281658062556,74.43371039578905,73.646434355704,43.1469278267031,59.75896309606464,True
73167,Henrikh Mkhitaryan,8636,Internazionale,ITA-Serie A,2.0,50.3,5.0,0.0,1.1,2.7,0.17,0.25,1.6,1.0,0.25,0.9,0.7,0.3,0.8,6.99,0.0,19.0,2.3,2.0,0.8,1429,28,Midfielder,0.6444444444444444,0.3103448275862069,0.039761431411530816,0.5,0.14210526315789473,0.30434782608695654,0.10869565217391305,77.2837584775787,45.16970341127644,55.06577082700678,63.81883287782163,59.751454611223885,True
678234,Mikel Oyarzabal,8560,Real Sociedad,ESP-La Liga,0.6,19.7,12.0,0.0,0.9,3.3,0.11,0.51,0.9,3.0,0.51,0.1,1.2,0.1,0.7,7.31,0.0,41.0,2.6,0.9,1.1,2668,32,Attacker,0.5263157894736842,0.1,0.030456852791878174,1.2222222222222223,0.08048780487804878,0.4615384615384615,0.19615384615384615,55.98029911934406,90.72135337584776,52.12277305395282,46.26571515335561,59.72369634824818,True
1061249,Vitinha,9847,Paris Saint-Germain,FRA-Ligue 1,7.5,109.8,8.0,0.0,1.0,3.7,0.16,0.04,0.6,7.0,0.04,1.1,0.4,0.2,0.7,7.6,0.0,34.0,1.4,1.1,0.5,2053,28,Midfielder,0.7857142857142857,0.5,0.06830601092896176,0.8333333333333334,0.10882352941176471,0.28571428571428575,0.028571428571428574,73.3712420285454,33.98071667172791,72.72198603097479,69.33426966292134,59.71341602512776,True
868344,Tijjani Reijnders,8456,Manchester City,ENG-Premier League,0.7,39.5,4.0,0.0,1.2,2.3,0.13,0.23,1.0,2.0,0.29,0.6,0.9,0.1,0.9,6.98,0.0,17.0,2.6,0.6,1.1,1559,27,Midfielder,0.5454545454545454,0.5,0.01772151898734177,1.1,0.13529411764705881,0.34615384615384615,0.08846153846153847,62.66015031885818,55.212774572325124,74.60937341836217,45.699741876708174,59.53720193941574,True
875672,Hamed Traorè,8583,Auxerre,FRA-Ligue 1,1.0,19.4,4.0,0.0,0.5,2.8,0.12,0.33,1.3,2.0,0.43,0.3,1.2,0.0,0.4,7.12,0.0,27.0,2.9,1.8,1.5,2106,26,Midfielder,0.6176470588235293,0.14285714285714285,0.051546391752577324,1.1538461538461537,0.1037037037037037,0.41379310344827586,0.11379310344827587,56.61824324324325,73.62162162162163,62.71283783783783,45.93243243243243,59.48415055227807,False
638070,Luis Rioja,10267,Valencia CF,ESP-La Liga,1.0,22.9,7.0,0.0,1.2,4.5,0.16,0.07,0.4,6.0,0.07,0.6,0.1,0.0,0.7,6.88,0.0,36.0,1.4,1.2,1.2,2472,35,Midfielder,0.8181818181818182,0.33333333333333337,0.04366812227074236,2.9999999999999996,0.125,0.07142857142857144,0.05000000000000001,77.75842696629213,31.469860309747947,71.71939214495394,69.4248152647029,59.41690697136866,True
31097,Luka Modric,8564,Milan,ITA-Serie A,5.6,64.2,6.0,0.0,1.1,4.7,0.15,0.05,0.7,3.0,0.06,1.3,0.3,0.3,0.5,7.6,0.0,50.0,0.6,1.6,0.5,2788,33,Midfielder,0.8055555555555556,0.44827586206896547,0.08722741433021806,0.7142857142857143,0.094,0.5,0.08333333333333334,69.26862536693997,42.425840166008705,62.18236916691973,67.52181394878023,59.343645273829964,True
1318400,Kevin,9879,Fulham,ENG-Premier League,1.6,22.9,1.0,0.0,0.7,1.4,0.14,0.11,1.2,1.0,0.1,0.9,1.0,0.0,0.6,6.6,0.0,13.0,2.2,2.0,3.9,932,24,Attacker,0.7073170731707318,0.3103448275862069,0.06986899563318778,3.25,0.10769230769230768,0.45454545454545453,0.049999999999999996,49.95786516853932,45.55337078651685,80.98595505617976,71.67977528089888,59.209725164140664,True
157723,Christian Eriksen,8721,VfL Wolfsburg,GER-Bundesliga,1.9,33.5,13.0,0.0,1.6,7.0,0.27,0.18,0.5,8.0,0.12,0.7,0.5,0.3,0.6,7.02,0.0,57.0,1.4,1.4,0.3,2330,30,Midfielder,0.8076923076923077,0.33333333333333337,0.05671641791044776,0.6,0.12280701754385964,0.35714285714285715,0.1285714285714286,78.92602996254682,54.27881111448527,38.93306508755946,72.33209332928435,59.19288598925694,True
1340895,Bilal El Khannouss,10269,VfB Stuttgart,GER-Bundesliga,2.6,41.3,8.0,0.0,0.5,5.7,0.32,0.17,1.0,5.0,0.22,0.6,0.8,0.2,0.5,7.23,0.0,45.0,2.3,1.5,1.0,1634,25,Midfielder,0.6774193548387097,0.2857142857142857,0.06295399515738499,1.0,0.12666666666666668,0.3478260869565218,0.07391304347826089,76.35572932483045,37.43923980159935,73.23649913958903,54.829284340520296,59.17914057114799,True
439366,Abdoulaye Touré,9746,Le Havre,FRA-Ligue 1,3.0,33.3,2.0,0.0,1.5,1.1,0.04,0.36,1.2,1.0,0.39,1.3,0.6,0.7,0.6,7.14,0.0,7.0,1.8,2.4,0.7,2329,28,Midfielder,0.7551020408163265,0.35135135135135137,0.0900900900900901,0.5833333333333334,0.15714285714285717,0.3333333333333333,0.19999999999999998,44.95945945945945,77.01351351351352,51.013513513513516,76.80405405405406,59.086218564782854,False
743533,Federico Valverde,8633,Real Madrid,ESP-La Liga,2.2,55.1,8.0,0.0,1.7,4.7,0.16,0.1,0.6,8.0,0.17,0.8,0.7,0.3,0.4,7.61,0.0,43.0,1.7,1.4,0.7,2656,32,Midfielder,0.7857142857142857,0.36363636363636365,0.039927404718693285,1.1666666666666667,0.10930232558139535,0.4117647058823529,0.05882352941176471,66.17912997266929,41.497089786415636,70.6951867597935,61.86425751594291,59.06852805071749,True
956659,Himad Abdelli,8592,Marseille,FRA-Ligue 1,1.9,51.8,0.0,0.0,1.0,0.8,0.07,0.18,1.6,0.0,0.17,1.3,0.5,0.3,0.7,6.96,0.0,9.0,1.3,2.0,1.3,1079,21,Midfielder,0.6734693877551019,0.393939393939394,0.03667953667953668,0.8125,0.08888888888888889,0.3846153846153846,0.13846153846153844,36.17849731754226,67.743635489422,80.23155177649559,70.52011843303978,59.02026930332343,True
1021382,João Pedro,8455,Chelsea,ENG-Premier League,0.4,17.9,6.0,0.0,0.9,2.0,0.07,0.5,1.3,5.0,0.52,0.2,1.0,0.2,0.6,7.19,0.0,29.0,2.5,0.9,1.3,2584,34,Attacker,0.4583333333333333,0.18181818181818182,0.022346368715083803,1.0,0.06896551724137931,0.4,0.2,49.93174916489522,87.406050713635,61.71075007591861,43.397079663933596,58.88175093046305,True
1296763,Lewis Miley,10261,Newcastle United,ENG-Premier League,1.3,45.5,3.0,0.0,2.0,2.1,0.13,0.08,0.3,4.0,0.06,1.2,0.2,0.2,0.1,7.14,0.0,15.0,0.7,1.7,0.7,1493,23,Midfielder,0.90625,0.41379310344827586,0.028571428571428574,2.3333333333333335,0.14,0.28571428571428575,0.1142857142857143,65.51685393258425,43.69662921348314,76.78932584269663,51.73033707865168,58.761404808969665,True
604785,Alex Iwobi,9879,Fulham,ENG-Premier League,2.6,44.7,4.0,0.0,0.7,4.4,0.17,0.06,0.3,3.0,0.16,0.5,0.5,0.1,0.3,7.0,0.0,41.0,1.2,1.0,0.6,2277,27,Midfielder,0.8333333333333333,0.3333333333333333,0.058165548098434,2.0,0.10731707317073172,0.4166666666666667,0.05,71.51508249822857,41.36166362992205,74.9479198299423,50.013589432128754,58.74572847233899,True
1175708,Ansgar Knauff,9810,Eintracht Frankfurt,GER-Bundesliga,0.2,16.8,4.0,0.0,0.6,1.8,0.13,0.27,1.8,1.0,0.29,0.6,1.0,0.0,0.5,6.59,0.0,17.0,2.4,0.9,0.8,1249,27,Attacker,0.4545454545454546,0.39999999999999997,0.011904761904761904,0.4444444444444445,0.10588235294117647,0.4166666666666667,0.11250000000000002,68.95762475959106,73.60660238890574,47.10727300334042,45.31205081485981,58.589341352504555,True
1181101,Tyrhys Dolan,8558,Espanyol,ESP-La Liga,0.2,17.3,6.0,0.0,0.5,3.7,0.14,0.09,1.4,4.0,0.08,0.7,0.4,0.1,0.6,6.8,0.0,30.0,1.2,2.0,1.3,2310,34,Attacker,0.6585365853658538,0.25925925925925924,0.011560693641618497,0.9285714285714287,0.12333333333333334,0.33333333333333337,0.075,72.50842696629213,39.51966292134831,60.488764044943814,66.75842696629213,58.5652160277725,True
638622,Frenkie de Jong,8634,Barcelona,ESP-La Liga,2.5,78.1,9.0,0.0,0.8,3.7,0.21,0.07,0.6,5.0,0.06,1.0,0.1,0.2,0.3,7.36,0.0,35.0,0.4,2.5,0.3,1603,24,Midfielder,0.853658536585366,0.2857142857142857,0.03201024327784891,0.5,0.10571428571428572,0.25,0.17500000000000002,68.89888905759692,52.12315264702905,49.82982842392954,64.02070047575664,58.392593800225626,True
276739,Kevin Stöger,9788,Borussia Mönchengladbach,GER-Bundesliga,2.4,44.7,6.0,0.0,1.2,2.8,0.2,0.17,1.6,1.0,0.07,1.0,0.5,0.1,0.3,6.66,0.0,25.0,1.6,2.6,0.2,1257,28,Midfielder,0.6923076923076923,0.2777777777777778,0.05369127516778523,0.125,0.11199999999999999,0.3125,0.10625,72.30330752100416,61.39292944630023,44.62165958092925,55.5882933495293,58.36602762827801,True
1624039,Jesús Rodríguez,10171,Como,ITA-Serie A,0.4,18.9,8.0,0.0,0.6,3.8,0.21,0.22,1.2,7.0,0.06,0.3,0.6,0.0,0.6,6.86,0.0,33.0,2.4,1.3,2.1,1633,29,Attacker,0.5714285714285715,0.18749999999999997,0.021164021164021166,1.7500000000000002,0.11515151515151514,0.25,0.09166666666666667,61.64339761109423,48.91722340317846,72.90298866282012,50.737625265715145,58.35576682781751,True
1184694,Alberto Moleiro,10205,Villarreal,ESP-La Liga,0.6,22.9,9.0,0.0,0.5,3.6,0.14,0.22,1.2,5.0,0.39,0.3,0.8,0.1,0.4,7.0,0.0,36.0,1.7,1.1,1.2,2310,35,Midfielder,0.5384615384615385,0.21428571428571425,0.026200873362445417,1.0,0.1,0.4705882352941177,0.12941176470588237,64.40906215203968,67.47814809191213,69.51846087660694,33.65791071970847,58.333407928528835,True
846005,Dominik Szoboszlai,8650,Liverpool,ENG-Premier League,3.6,53.3,13.0,0.0,1.7,6.4,0.18,0.13,1.1,7.0,0.17,0.8,0.6,0.2,0.5,7.49,0.0,74.0,2.0,1.5,0.7,3143,35,Midfielder,0.676470588235294,0.3478260869565218,0.0675422138836773,0.6363636363636362,0.08648648648648649,0.3,0.065,73.63762779633565,45.154026217228456,61.70911782569086,52.73719506022877,58.31963496228339,True
762721,Lovro Majer,8721,VfL Wolfsburg,GER-Bundesliga,1.2,28.7,4.0,0.0,1.2,2.5,0.17,0.2,2.0,3.0,0.13,0.6,0.5,0.1,0.9,6.68,0.0,22.0,1.8,1.7,0.8,1372,27,Midfielder,0.5348837209302325,0.2608695652173913,0.04181184668989547,0.4,0.11363636363636363,0.2777777777777778,0.11111111111111112,68.22191011235955,52.73314606741573,48.85955056179775,64.6179775280899,58.211142357733756,True
853108,Jean-Philippe Krasso,6379,Paris FC,FRA-Ligue 1,0.7,15.1,4.0,0.0,0.6,2.4,0.2,0.28,1.7,2.0,0.17,0.1,0.8,0.1,0.5,6.52,0.0,23.0,2.2,1.1,1.5,1090,25,Attacker,0.41379310344827586,0.08333333333333333,0.046357615894039736,0.8823529411764706,0.10434782608695652,0.36363636363636365,0.1272727272727273,67.23876404494382,69.61235955056179,59.71067415730337,36.2247191011236,58.1797035699028,True
1640832,Arsène Kouassi,8689,Lorient,FRA-Ligue 1,0.5,25.2,8.0,0.0,1.8,3.4,0.12,0.02,0.5,6.0,0.07,0.8,0.2,0.1,0.4,7.18,0.0,30.0,0.3,0.9,1.3,2522,30,Midfielder,0.7727272727272727,0.47058823529411764,0.01984126984126984,2.6,0.11333333333333333,0.6666666666666667,0.06666666666666667,69.44101123595505,41.174157303370784,75.83426966292134,49.09550561797752,58.118676441261215,True
654096,Declan Rice,9825,Arsenal,ENG-Premier League,2.4,53.6,17.0,0.0,2.2,6.9,0.21,0.09,0.8,5.0,0.12,1.1,0.4,0.4,0.4,7.55,0.0,63.0,1.2,1.9,0.4,3009,35,Midfielder,0.7894736842105263,0.3666666666666667,0.04477611940298507,0.5,0.10952380952380952,0.33333333333333337,0.075,80.09732766474339,39.42076627188987,51.281936430812834,67.22206194959004,57.9442229811812,True
625175,Grischa Prömel,8226,TSG 1899 Hoffenheim,GER-Bundesliga,1.4,39.0,3.0,0.0,2.4,3.0,0.15,0.27,1.2,2.0,0.37,0.8,0.7,0.3,0.6,6.98,0.0,16.0,2.2,1.8,0.3,1721,32,Midfielder,0.6842105263157895,0.3076923076923077,0.035897435897435895,0.25,0.1875,0.3181818181818181,0.12272727272727273,72.22191011235954,63.457865168539314,36.28651685393258,66.58988764044943,57.92153096591886,True
1367615,Warren Zaïre-Emery,9847,Paris Saint-Germain,FRA-Ligue 1,1.5,70.8,8.0,0.0,0.8,3.5,0.13,0.05,1.2,4.0,0.11,0.5,0.3,0.3,0.6,7.41,0.0,41.0,0.7,1.8,1.1,2395,31,Midfielder,0.6571428571428571,0.2173913043478261,0.021186440677966104,0.9166666666666667,0.08536585365853659,0.4285714285714286,0.07142857142857144,51.04718341937443,45.196338192124706,76.46109170968721,67.27125721226844,57.88864447738381,True
614207,Maxime Lopez,6379,Paris FC,FRA-Ligue 1,3.3,70.4,12.0,0.0,0.5,4.5,0.21,0.06,1.2,3.0,0.0,0.5,0.3,0.1,0.6,6.98,0.0,43.0,0.6,1.1,0.4,1937,25,Midfielder,0.5714285714285715,0.3125,0.04687499999999999,0.33333333333333337,0.10465116279069768,0.5,0.1,79.96629213483145,55.13483146067416,48.32584269662921,47.2247191011236,57.82389419763066,True
966019,Felix Nmecha,9789,Borussia Dortmund,GER-Bundesliga,1.6,38.6,3.0,0.0,1.1,4.2,0.18,0.14,1.2,3.0,0.09,1.1,0.3,0.1,0.5,7.22,0.0,20.0,1.3,1.5,1.3,2094,28,Midfielder,0.6842105263157895,0.4230769230769231,0.04145077720207254,1.0833333333333335,0.21000000000000002,0.23076923076923075,0.1076923076923077,59.12840368458345,42.45678965482336,75.08035985423625,59.339482741168126,57.81971836955234,True
935379,Dejan Kulusevski,8586,Tottenham Hotspur,ENG-Premier League,0.5,24.1,9.0,0.0,0.3,3.9,0.15,0.16,1.8,4.0,0.26,0.5,0.7,0.2,1.0,6.92,0.0,65.0,1.8,1.7,1.4,2391,32,Midfielder,0.55,0.22727272727272727,0.02074688796680498,0.7777777777777777,0.06,0.38888888888888884,0.08888888888888889,54.391891891891895,54.18918918918919,60.28378378378378,64.75675675675676,57.73584900889098,False
1114635,Luis Henrique,8636,Internazionale,ITA-Serie A,1.2,39.9,5.0,0.0,0.9,1.8,0.11,0.05,0.3,2.0,0.06,0.4,0.4,0.1,0.4,7.04,0.0,22.0,0.9,1.1,0.7,1496,28,Midfielder,0.8333333333333333,0.26666666666666666,0.03007518796992481,2.3333333333333335,0.08181818181818182,0.4444444444444445,0.05555555555555556,56.24086445996557,49.26519637615144,78.90921398927016,49.42514424536896,57.70615916081884,True
364520,Domenico Berardi,7943,Sassuolo,ITA-Serie A,1.7,22.4,7.0,0.0,1.2,3.1,0.15,0.29,1.4,4.0,0.4,1.1,0.9,0.0,0.6,7.19,0.0,32.0,1.8,1.3,0.5,1806,24,Attacker,0.6315789473684211,0.4583333333333333,0.07589285714285715,0.35714285714285715,0.096875,0.5,0.1611111111111111,66.35112359550561,85.25842696629213,34.53370786516854,54.50561797752809,57.68831708724864,True
362212,Piotr Zielinski,8636,Internazionale,ITA-Serie A,2.3,61.6,7.0,0.0,1.2,2.9,0.14,0.11,0.8,3.0,0.28,0.2,0.5,0.1,0.5,7.32,0.0,29.0,1.3,1.4,0.8,1927,32,Midfielder,0.6666666666666666,0.12500000000000003,0.037337662337662336,1.0,0.09999999999999999,0.3846153846153846,0.0846153846153846,52.41536339710496,56.80054914465027,70.18174916489522,52.8988510982893,57.63297109763813,True
690230,Lautaro Martínez,8636,Internazionale,ITA-Serie A,0.7,19.1,12.0,0.0,0.8,2.6,0.12,0.55,1.9,6.0,0.75,0.3,1.6,0.0,1.1,7.55,0.0,37.0,3.9,1.0,0.9,2049,28,Attacker,0.40625,0.23076923076923075,0.03664921465968586,0.4736842105263158,0.07027027027027027,0.4102564102564103,0.14102564102564105,62.052269966595794,80.23299423018524,40.94700880655937,52.04172993217938,57.57599373015043,True
671686,Aleix Febas,10268,Elche,ESP-La Liga,1.3,50.6,3.0,0.0,0.6,3.1,0.09,0.06,1.0,2.0,0.06,0.7,0.2,0.1,0.6,7.24,0.0,27.0,0.7,2.1,1.5,3082,35,Midfielder,0.7368421052631579,0.25,0.025691699604743084,1.5,0.11481481481481481,0.28571428571428575,0.08571428571428572,52.93258426966292,33.58988764044943,88.46067415730336,74.76404494382022,57.55660728627193,True
848266,Weston McKennie,9885,Juventus,ITA-Serie A,1.0,31.5,6.0,0.0,1.5,5.7,0.19,0.25,1.3,5.0,0.17,0.7,0.5,0.3,0.4,7.23,0.0,44.0,1.4,1.3,0.5,2661,34,Midfielder,0.6060606060606061,0.35,0.031746031746031744,0.3846153846153846,0.12954545454545455,0.35714285714285715,0.17857142857142858,75.191618584877,67.08080271282518,46.55073894118838,41.41461686405507,57.5324365566981,True
620027,Xaver Schlager,178475,RB Leipzig,GER-Bundesliga,1.5,45.1,2.0,0.0,1.4,2.5,0.12,0.1,1.2,1.0,0.15,0.4,0.3,0.1,0.5,7.12,0.0,21.0,1.0,1.8,1.1,1837,26,Midfielder,0.6470588235294118,0.18181818181818182,0.03325942350332594,0.9166666666666667,0.11904761904761904,0.3,0.1,55.56460674157302,44.60674157303371,76.32584269662922,57.64606741573034,57.36030310388592,True
1272740,Williot Swedberg,9910,Celta de Vigo,ESP-La Liga,0.2,16.8,4.0,0.0,0.4,1.3,0.1,0.28,2.2,5.0,0.32,0.2,0.9,0.2,0.6,6.59,0.0,10.0,1.6,2.2,0.7,1129,27,Attacker,0.5217391304347826,0.08333333333333333,0.011904761904761904,0.3181818181818181,0.13,0.5625,0.17500000000000002,63.83081536592773,87.17117117117117,34.58159985828525,54.416514829436174,57.340272543781246,True
468931,Thomas Lemar,7732,Girona,ESP-La Liga,1.7,40.9,1.0,0.0,0.1,1.5,0.11,0.14,1.4,1.0,0.22,0.4,0.6,0.1,0.7,6.64,0.0,19.0,1.2,1.9,1.4,1246,26,Midfielder,0.6216216216216216,0.1739130434782609,0.04156479217603912,1.0,0.07894736842105263,0.5,0.11666666666666668,33.716292134831455,68.68258426966293,80.00280898876404,66.80337078651685,57.31912916838253,True
715301,Jonathan Clauss,9831,Nice,FRA-Ligue 1,1.9,36.4,16.0,0.0,2.3,6.8,0.25,0.05,0.8,6.0,0.04,1.7,0.2,0.2,0.4,7.28,0.0,61.0,0.8,2.3,1.0,2453,29,Midfielder,0.8333333333333334,0.425,0.0521978021978022,1.25,0.11147540983606558,0.25,0.0625,86.56966798258934,27.416109930154875,61.6821161048689,70.18503897155583,57.2136834726417,True
915797,Noah Okafor,8463,Leeds United,ENG-Premier League,1.3,14.5,4.0,0.0,0.9,1.3,0.08,0.3,1.0,1.0,0.46,0.7,0.9,0.1,0.6,6.94,0.0,20.0,2.0,1.3,2.2,1568,28,Attacker,0.6666666666666666,0.35,0.0896551724137931,2.2,0.065,0.45,0.15,35.365168539325836,81.93539325842696,71.10955056179776,57.13483146067415,57.187719564090386,True
1053714,Nicola Zalewski,8524,Atalanta,ITA-Serie A,1.8,25.4,11.0,0.0,1.1,4.5,0.22,0.14,0.9,4.0,0.1,0.7,0.3,0.0,0.4,7.01,0.0,36.0,1.8,1.3,1.3,1843,32,Midfielder,0.6896551724137931,0.35,0.07086614173228346,1.4444444444444444,0.125,0.16666666666666666,0.07777777777777778,82.06926308330803,31.52557192023484,70.30364915477274,54.053750379593076,57.17807592242429,True
1161211,Fabian Rieder,8406,FC Augsburg,GER-Bundesliga,1.8,22.8,9.0,0.0,0.6,4.5,0.18,0.17,1.8,3.0,0.24,0.6,0.5,0.1,0.6,7.0,0.0,42.0,1.5,1.4,0.8,2262,31,Midfielder,0.5263157894736842,0.3,0.07894736842105263,0.4444444444444445,0.10714285714285714,0.3333333333333333,0.11333333333333334,76.26123595505618,56.418539325842694,45.73033707865169,49.90449438202248,57.17756338274437,True
1209980,Carlos Álvarez,8581,Levante,ESP-La Liga,1.0,25.2,6.0,0.0,0.3,4.1,0.2,0.13,1.0,1.0,0.14,0.6,0.5,0.0,0.5,6.71,0.0,40.0,1.4,1.0,0.9,1897,30,Midfielder,0.6153846153846154,0.37499999999999994,0.03968253968253968,0.9,0.1025,0.35714285714285715,0.09285714285714286,72.0561797752809,51.42977528089887,60.08426966292134,43.01685393258427,57.08512446011692,True
1146376,Eren Dinkçi,94937,1. FC Heidenheim 1846,GER-Bundesliga,1.2,18.6,0.0,0.0,1.0,1.9,0.13,0.27,0.7,1.0,0.21,0.7,0.6,0.0,0.5,6.75,0.0,10.0,1.8,1.7,0.8,1307,21,Midfielder,0.7741935483870969,0.2916666666666667,0.06451612903225806,1.142857142857143,0.19,0.3333333333333333,0.15,50.18992306913655,56.31971859499949,58.99764652292742,67.49956979451362,57.07145580829291,True
541820,Nicolò Barella,8636,Internazionale,ITA-Serie A,2.7,53.7,14.0,0.0,0.4,6.6,0.24,0.11,1.2,8.0,0.11,0.3,0.2,0.1,0.8,7.47,0.0,71.0,1.3,1.9,0.9,2479,33,Midfielder,0.6470588235294118,0.13636363636363638,0.05027932960893855,0.75,0.09295774647887324,0.15384615384615385,0.0846153846153846,73.01634780848264,29.092443567162665,70.61437139386577,70.14680129567769,57.06843076748906,True
763974,Gauthier Hein,8550,Metz,FRA-Ligue 1,4.2,49.0,7.0,0.0,0.2,4.3,0.17,0.32,0.6,7.0,0.32,0.3,0.5,0.1,0.6,7.01,0.0,54.0,1.7,0.7,0.3,2264,28,Midfielder,0.625,0.3,0.08571428571428572,0.5,0.07962962962962962,0.29411764705882354,0.18823529411764706,61.71067415730337,72.1938202247191,48.7247191011236,45.7247191011236,56.977139034431424,True
605654,Fabián Ruiz,9847,Paris Saint-Germain,FRA-Ligue 1,4.9,91.3,2.0,0.0,0.6,1.8,0.16,0.11,0.1,3.0,0.09,0.9,0.3,0.0,0.5,6.99,0.0,18.0,1.6,1.2,0.2,1039,19,Midfielder,0.9545454545454545,0.42857142857142855,0.053669222343921144,2.0,0.1,0.18749999999999997,0.06874999999999999,65.87732817086749,36.42337281101326,69.30648344974186,62.688227553396096,56.96347785577365,True
1197347,Nicolas Jackson,9823,Bayern München,GER-Bundesliga,0.2,23.2,4.0,0.0,0.4,1.6,0.14,0.63,1.4,1.0,0.63,0.4,1.8,0.0,0.8,6.96,0.0,18.0,3.3,0.7,1.0,997,22,Attacker,0.44000000000000006,0.36363636363636365,0.008620689655172414,0.7142857142857143,0.08888888888888889,0.5454545454545455,0.19090909090909092,49.62911225832574,93.44961534568274,48.86948324729224,45.50516246583663,56.91633175213163,True
1219540,Fisnik Asllani,8226,TSG 1899 Hoffenheim,GER-Bundesliga,0.5,17.0,7.0,0.0,0.8,3.7,0.14,0.32,1.0,7.0,0.39,0.3,1.1,0.0,1.0,7.12,0.0,34.0,2.8,0.6,0.6,2289,32,Attacker,0.47368421052631576,0.33333333333333337,0.029411764705882353,0.6,0.10882352941176471,0.3928571428571429,0.1142857142857143,69.57584269662921,71.43258426966293,40.205056179775276,48.921348314606746,56.909069548531726,True
770321,Mahdi Camara,9851,Rennes,FRA-Ligue 1,0.6,35.1,3.0,0.0,1.4,2.2,0.08,0.1,1.3,1.0,0.11,1.1,0.4,0.3,0.5,7.13,0.0,21.0,0.9,2.0,0.8,2570,31,Midfielder,0.7045454545454545,0.3548387096774194,0.017094017094017092,0.6153846153846154,0.10476190476190476,0.4444444444444445,0.11111111111111112,47.16918463407227,57.197983095454994,60.097352970948464,69.67721935418565,56.855788585913906,True
1033099,Hicham Boudaoui,9831,Nice,FRA-Ligue 1,1.2,30.3,3.0,0.0,1.3,2.0,0.11,0.08,1.0,2.0,0.05,0.9,0.4,0.5,0.4,6.77,0.0,16.0,1.0,1.4,0.8,1649,24,Midfielder,0.6969696969696969,0.391304347826087,0.039603960396039604,0.8,0.125,0.4,0.08,61.48288035226236,47.93587407632352,59.01732209737827,59.712572122684485,56.852485344209974,True
930035,Linton Maina,8722,1. FC Köln,GER-Bundesliga,0.6,22.8,6.0,0.0,0.6,2.1,0.2,0.12,0.7,0.0,0.18,0.4,0.7,0.2,0.5,6.54,0.0,16.0,1.8,0.8,0.8,976,23,Midfielder,0.6315789473684211,0.3333333333333333,0.02631578947368421,1.142857142857143,0.13125,0.38888888888888884,0.06666666666666667,81.14044943820224,45.300561797752806,59.12078651685393,42.12359550561798,56.837799699031095,True
637745,Jonathan Ikoné,6379,Paris FC,FRA-Ligue 1,0.6,27.2,5.0,0.0,0.6,1.0,0.09,0.26,1.0,1.0,0.26,0.3,0.5,0.1,0.5,6.65,0.0,12.0,2.0,1.4,1.5,1035,22,Attacker,0.6296296296296295,0.17647058823529413,0.022058823529411766,1.5,0.08333333333333333,0.25,0.13,47.061797752808985,58.54775280898877,75.95505617977527,50.48314606741573,56.81284871972051,True
956925,Georginio Rutter,10204,Brighton and Hove Albion,ENG-Premier League,0.8,15.3,8.0,0.0,1.3,2.6,0.13,0.13,1.5,3.0,0.15,0.5,0.7,0.1,0.9,6.62,0.0,24.0,2.0,1.6,1.4,1749,30,Attacker,0.5833333333333334,0.23809523809523808,0.05228758169934641,0.9333333333333332,0.10833333333333334,0.35,0.065,63.005124506529,43.72881870634679,57.62772041704625,66.16135236359956,56.79151227718106,True
1135655,Adam Karabec,9748,Lyon,FRA-Ligue 1,0.6,21.6,2.0,0.0,0.2,2.0,0.19,0.16,1.4,0.0,0.1,0.1,0.5,0.1,0.7,6.59,0.0,21.0,0.9,0.4,1.1,923,21,Attacker,0.2631578947368421,0.2,0.027777777777777776,0.7857142857142858,0.09523809523809523,0.5555555555555556,0.17777777777777778,55.48595505617977,80.24999999999999,58.80337078651685,36.41573033707865,56.751133519725464,True
541555,Mattia Zaccagni,8543,Lazio,ITA-Serie A,0.9,27.2,4.0,0.0,0.4,2.7,0.12,0.17,1.3,0.0,0.13,0.8,0.6,0.0,0.5,7.0,0.0,35.0,1.4,1.6,1.0,2114,26,Attacker,0.6486486486486487,0.3333333333333333,0.03308823529411765,0.7692307692307692,0.07714285714285715,0.4285714285714286,0.12142857142857144,48.63138981678308,68.01920740965686,64.21686152444579,48.790363397104976,56.72989448679267,True
564847,Viktor Tsigankov,7732,Girona,ESP-La Liga,1.1,28.2,4.0,0.0,1.0,3.7,0.14,0.24,0.7,5.0,0.22,0.7,0.7,0.1,0.1,7.2,0.0,49.0,1.7,1.1,0.8,2461,30,Attacker,0.72,0.38888888888888884,0.03900709219858156,1.142857142857143,0.07551020408163266,0.4117647058823529,0.1411764705882353,60.692137362081176,64.16479400749064,60.354577892499236,40.64032290717684,56.719568067001205,True
1398377,Lucas Stassin,9853,St Etienne,FRA-Ligue 1,0.4,17.3,7.0,0.0,0.4,3.1,0.15,0.38,1.5,4.0,0.58,0.1,1.1,0.0,0.4,6.92,0.0,18.0,2.1,0.8,1.0,1867,28,Attacker,0.375,0.11111111111111112,0.023121387283236993,0.6666666666666666,0.17222222222222222,0.5238095238095238,0.18095238095238095,80.10135135135134,90.87837837837837,46.73648648648648,23.797297297297302,56.679581826825704,False
1037539,Pavel Sulc,9748,Lyon,FRA-Ligue 1,0.4,15.8,5.0,0.0,0.7,1.8,0.11,0.53,1.7,3.0,0.67,0.4,1.0,0.0,0.5,7.08,0.0,19.0,2.6,1.5,0.9,1478,26,Attacker,0.5277777777777778,0.2105263157894737,0.02531645569620253,0.5294117647058824,0.09473684210526316,0.3846153846153846,0.20384615384615384,55.35955056179775,86.92415730337079,44.674157303370784,46.18539325842696,56.644521228941144,True
891743,Mohammed Kudus,8586,Tottenham Hotspur,ENG-Premier League,1.1,22.1,3.0,0.0,0.3,2.4,0.14,0.11,1.3,5.0,0.12,0.2,0.5,0.0,0.7,6.99,0.0,23.0,1.5,1.7,3.0,1545,19,Attacker,0.5937499999999999,0.10526315789473685,0.0497737556561086,2.3076923076923075,0.10434782608695652,0.3333333333333333,0.07333333333333333,52.87791021358438,44.28360664034821,79.16573033707866,56.12417754833484,56.62488521482707,True
683450,Pablo Fornals,8603,Real Betis,ESP-La Liga,2.9,48.2,10.0,0.0,0.6,5.9,0.19,0.12,1.0,6.0,0.26,1.1,0.5,0.1,0.9,7.43,0.0,82.0,1.4,1.3,0.8,2785,36,Midfielder,0.7058823529411765,0.4583333333333333,0.060165975103734434,0.8,0.07195121951219513,0.35714285714285715,0.08571428571428572,58.1719556635287,42.40211559874481,61.149420487903626,70.83019536390323,56.61125139415321,True
414245,Federico Bernardeschi,9857,Bologna,ITA-Serie A,3.9,37.5,4.0,0.0,0.7,2.2,0.18,0.21,1.1,2.0,0.26,0.5,0.9,0.2,0.7,6.8,0.0,26.0,2.9,0.6,1.8,1052,27,Attacker,0.5,0.45454545454545453,0.104,1.6363636363636362,0.08461538461538462,0.3103448275862069,0.07241379310344828,57.56460674157303,45.64606741573034,85.36516853932585,43.00561797752809,56.54871213101741,True
384413,Rubén Garcia,8371,Osasuna,ESP-La Liga,1.8,26.2,7.0,0.0,0.9,4.6,0.19,0.08,1.4,5.0,0.08,0.7,0.4,0.1,0.8,6.85,0.0,40.0,1.1,2.1,0.7,2155,33,Attacker,0.6666666666666667,0.25,0.06870229007633588,0.5,0.11499999999999999,0.36363636363636365,0.07272727272727272,75.04324830448425,45.58314353679521,42.92582751290615,67.62007794311165,56.42731139065181,True
1044029,Nicolò Cambiaghi,9857,Bologna,ITA-Serie A,0.6,19.6,5.0,0.0,0.3,2.4,0.14,0.13,1.9,4.0,0.18,0.5,0.4,0.0,0.9,6.72,0.0,18.0,1.4,1.8,0.9,1520,28,Attacker,0.5476190476190477,0.2173913043478261,0.03061224489795918,0.4736842105263158,0.13333333333333333,0.28571428571428575,0.09285714285714286,72.82022471910112,44.38483146067416,46.396067415730336,66.35393258426967,56.42581938221641,True
1250492,Matthis Abline,9830,Nantes,FRA-Ligue 1,0.3,10.5,7.0,0.0,0.4,4.2,0.15,0.29,1.2,4.0,0.22,0.3,0.8,0.0,0.5,6.82,0.0,30.0,3.1,0.7,1.8,2497,32,Attacker,0.45454545454545453,0.3,0.02857142857142857,1.5,0.14,0.25806451612903225,0.09354838709677418,75.36892651078044,56.936241016297195,59.681976920740965,33.574349630529404,56.38547177681388,True
971787,Haissem Hassan,8670,Real Oviedo,ESP-La Liga,2.0,18.2,2.0,0.0,0.5,3.2,0.16,0.08,0.5,3.0,0.0,0.3,0.4,0.0,0.8,6.57,0.0,20.0,1.6,1.9,2.9,1819,35,Attacker,0.8148148148148148,0.13636363636363638,0.10989010989010989,5.8,0.16,0.25,0.049999999999999996,68.34550561797752,23.095505617977526,77.6629213483146,85.17415730337079,56.22246161844595,True
760359,Harvey Barnes,10261,Newcastle United,ENG-Premier League,0.3,21.3,3.0,0.0,0.8,2.5,0.12,0.34,0.8,0.0,0.34,0.1,1.0,0.0,0.5,6.61,0.0,20.0,2.6,0.6,0.6,1841,35,Attacker,0.4666666666666666,0.14285714285714288,0.01408450704225352,0.7499999999999999,0.125,0.3846153846153846,0.13076923076923078,70.27877315517765,72.88931065897357,53.092974997469376,31.203411276444985,56.20991033914605,True
1174726,Rocco Reitz,9788,Borussia Mönchengladbach,GER-Bundesliga,1.9,32.9,7.0,0.0,1.7,4.9,0.17,0.09,1.2,4.0,0.0,1.7,0.5,0.2,0.4,7.06,0.0,28.0,1.6,2.3,0.8,2636,31,Midfielder,0.7692307692307692,0.425,0.057750759878419454,0.6666666666666667,0.17500000000000002,0.3125,0.056249999999999994,79.08221986030973,31.096252151027432,58.92260097175827,66.25693390019232,56.15874734532085,True
561164,Lucas Boyé,9866,Alavés,ESP-La Liga,0.2,13.8,5.0,0.0,0.9,1.7,0.08,0.44,2.6,1.0,0.53,0.3,1.0,0.3,1.0,6.73,0.0,25.0,2.8,1.6,1.8,1867,27,Attacker,0.4222222222222223,0.15789473684210525,0.014492753623188406,0.6923076923076923,0.068,0.35714285714285715,0.15714285714285717,39.25561797752808,78.6629213483146,57.1376404494382,60.78651685393258,55.989306789925294,True
467486,Moses Simon,6379,Paris FC,FRA-Ligue 1,0.5,18.0,7.0,0.0,0.7,3.7,0.17,0.12,0.7,3.0,0.14,0.4,0.5,0.0,0.5,6.7,0.0,31.0,1.5,0.6,1.3,1950,28,Attacker,0.5882352941176471,0.4,0.027777777777777776,1.8571428571428574,0.11935483870967742,0.3333333333333333,0.08,77.67696629213484,43.421348314606746,68.18539325842696,36.69662921348315,55.957921553378725,True
1382000,Petar Sucic,8636,Internazionale,ITA-Serie A,2.8,50.3,5.0,0.0,1.0,2.7,0.15,0.09,1.5,2.0,0.11,0.4,0.3,0.1,0.6,6.93,0.0,25.0,1.1,2.1,0.8,1601,32,Midfielder,0.625,0.16,0.055666003976143144,0.5333333333333333,0.10800000000000001,0.2727272727272727,0.0818181818181818,66.64606741573034,34.98033707865169,64.25842696629213,64.85393258426967,55.90596413793649,True
304733,Hakan Çalhanoglu,8636,Internazionale,ITA-Serie A,3.5,68.8,7.0,0.0,0.9,3.5,0.19,0.31,1.5,4.0,0.49,0.9,0.9,0.3,0.4,7.8,0.0,41.0,2.7,1.9,0.3,1649,22,Midfielder,0.6511627906976744,0.32142857142857145,0.050872093023255814,0.19999999999999998,0.08536585365853659,0.3333333333333333,0.1148148148148148,71.82560228768095,60.64896497621216,38.34334193744306,55.49164895232311,55.893029273965446,True
501543,Franck Honorat,9788,Borussia Mönchengladbach,GER-Bundesliga,0.4,19.4,10.0,0.0,1.1,6.7,0.31,0.04,0.5,6.0,0.09,0.3,0.2,0.2,0.4,6.89,0.0,45.0,0.8,1.0,0.8,1964,27,Attacker,0.7222222222222222,0.23076923076923075,0.02061855670103093,1.6,0.1488888888888889,0.25,0.049999999999999996,88.50489675068327,33.56675776900496,58.30061241016298,49.99304079360258,55.81715907076737,True
488139,Bernardo Silva,8456,Manchester City,ENG-Premier League,2.1,62.5,7.0,0.0,1.1,4.0,0.13,0.07,1.2,4.0,0.06,0.7,0.2,0.2,0.6,7.18,0.0,46.0,0.9,1.6,0.7,2771,36,Midfielder,0.6571428571428571,0.30434782608695654,0.033600000000000005,0.5833333333333334,0.08695652173913043,0.22222222222222224,0.07777777777777778,60.2919576880251,37.309899787427874,66.48739750986942,66.10431217734588,55.81676059071873,True
1209228,Daniel Svensson,9789,Borussia Dortmund,GER-Bundesliga,0.5,25.8,4.0,0.0,2.8,5.2,0.2,0.07,1.0,2.0,0.08,0.8,0.2,0.3,0.3,6.98,0.0,32.0,0.5,1.4,0.5,2362,32,Midfielder,0.6875,0.36363636363636365,0.01937984496124031,0.5,0.1625,0.4,0.14,79.7247191011236,59.067415730337075,41.87921348314606,43.56179775280899,55.8001902911109,True
1690093,Jan Virgili,8661,Mallorca,ESP-La Liga,0.3,15.1,7.0,0.0,0.5,2.3,0.12,0.12,1.1,4.0,0.1,0.4,0.8,0.1,0.7,6.63,0.0,29.0,1.7,0.8,2.4,1739,29,Attacker,0.5217391304347826,0.3333333333333333,0.019867549668874173,2.1818181818181817,0.0793103448275862,0.4705882352941177,0.07058823529411765,54.317415730337075,52.29213483146067,71.82303370786515,45.58426966292134,55.70828123033126,True
794253,Justin Kluivert,8678,Bournemouth,ENG-Premier League,1.2,26.5,3.0,0.0,0.2,1.5,0.15,0.22,1.5,0.0,0.2,0.4,0.4,0.1,1.0,0.0,0.0,21.0,1.6,1.0,1.1,920,18,Midfielder,0.48275862068965514,0.28571428571428575,0.045283018867924525,0.7333333333333334,0.07142857142857142,0.25,0.13749999999999998,48.940682255289005,67.12086243546918,60.18422917299322,48.47408644599656,55.66574041858513,True
1215057,Vítinha,10233,Genoa,ITA-Serie A,0.6,9.9,5.0,0.0,1.1,2.0,0.08,0.25,1.4,1.0,0.21,0.6,0.8,0.2,0.8,6.7,0.0,17.0,2.6,1.5,1.4,2152,34,Attacker,0.6,0.2857142857142857,0.0606060606060606,1.0,0.11764705882352941,0.3076923076923077,0.09615384615384615,62.63523635995546,44.31932634882073,56.199172487093826,61.16631237979553,55.64534555197923,True
494417,Harry Wilson,9879,Fulham,ENG-Premier League,1.3,20.9,8.0,0.0,1.6,4.8,0.16,0.19,0.4,6.0,0.34,0.5,0.8,0.1,0.3,7.16,0.0,38.0,2.5,0.9,0.6,2662,34,Attacker,0.7777777777777778,0.35714285714285715,0.06220095693779905,1.4999999999999998,0.12631578947368421,0.32,0.076,62.284985828525144,54.0837888450248,53.10929749974694,51.23517056382224,55.563304257399714,True
557805,Mathias Honsak,94937,1. FC Heidenheim 1846,GER-Bundesliga,0.7,15.6,2.0,0.0,2.0,1.7,0.12,0.23,0.8,1.0,0.15,1.3,0.6,0.1,0.4,6.57,0.0,11.0,2.3,1.5,1.1,1231,26,Attacker,0.7777777777777778,0.46428571428571436,0.04487179487179487,1.375,0.15454545454545454,0.2608695652173913,0.1,60.577335762729014,55.73338647636399,54.73561342241118,49.536238485676684,55.56150631357898,True
1025462,Fábio Vieira,9790,Hamburger SV,GER-Bundesliga,2.5,28.5,7.0,0.0,0.8,4.0,0.17,0.19,0.7,5.0,0.25,0.5,0.7,0.1,0.3,7.21,0.0,37.0,2.4,0.8,1.3,2138,28,Midfielder,0.65,0.3846153846153846,0.08771929824561403,1.8571428571428574,0.10810810810810811,0.2916666666666667,0.07916666666666668,73.23314606741573,45.578651685393254,76.47752808988763,31.34269662921348,55.48983178706656,True
1159233,Alieu Fadera,7943,Sassuolo,ITA-Serie A,0.8,18.6,1.0,0.0,0.6,1.2,0.11,0.19,3.3,1.0,0.18,0.6,0.4,0.0,0.5,6.43,0.0,7.0,1.2,3.3,1.0,975,28,Attacker,0.5416666666666667,0.15384615384615385,0.04301075268817204,0.30303030303030304,0.17142857142857143,0.33333333333333337,0.15833333333333335,57.13483146067414,67.14606741573033,41.28651685393258,60.174157303370784,55.4191034177351,True
621562,Marcus Thuram,8636,Internazionale,ITA-Serie A,0.2,17.1,7.0,0.0,0.5,2.6,0.12,0.44,2.0,6.0,0.61,0.0,1.4,0.1,0.7,7.28,0.0,29.0,3.5,1.1,0.8,1913,29,Attacker,0.3548387096774194,0.0,0.011695906432748537,0.4,0.0896551724137931,0.39999999999999997,0.12571428571428572,61.17185443870837,79.86501670209535,41.48129871444478,43.228413807065486,55.3568777424457,True
1609213,Mateus Mané,8602,Wolverhampton Wanderers,ENG-Premier League,0.4,14.9,4.0,0.0,1.3,2.6,0.14,0.1,1.3,1.0,0.11,0.3,0.8,0.1,0.6,6.56,0.0,21.0,2.0,1.3,1.6,1610,25,Midfielder,0.5517241379310345,0.18749999999999997,0.026845637583892617,1.2307692307692308,0.12380952380952381,0.4,0.05,67.29775280898876,41.23314606741573,64.49999999999999,49.19662921348314,55.333582002783004,True
609504,Oliver Burke,8149,1. FC Union Berlin,GER-Bundesliga,0.2,13.3,3.0,0.0,0.2,1.9,0.11,0.27,0.6,1.0,0.34,0.3,0.8,0.1,0.8,6.65,0.0,20.0,1.8,0.7,0.6,1589,28,Attacker,0.625,0.3,0.015037593984962405,1.0,0.095,0.4444444444444445,0.15,48.901685393258425,80.27247191011236,45.01685393258427,53.52247191011236,55.20645050385163,True
1106563,Nick Woltemade,10261,Newcastle United,ENG-Premier League,0.4,12.4,5.0,0.0,1.1,1.3,0.07,0.33,1.0,3.0,0.36,0.2,0.6,0.1,0.6,6.63,0.0,17.0,1.6,1.1,0.7,1760,31,Attacker,0.5652173913043479,0.15384615384615385,0.03225806451612903,0.7,0.07647058823529412,0.37499999999999994,0.20625,49.44196021864561,86.17915527887438,49.70577740662011,42.314682660188275,55.1415789530487,True
980793,Khéphren Thuram-Ulien,9885,Juventus,ITA-Serie A,1.6,48.4,4.0,0.0,1.1,3.5,0.13,0.11,1.4,2.0,0.11,0.5,0.6,0.3,0.5,7.14,0.0,23.0,1.8,2.2,0.8,2362,33,Midfielder,0.6585365853658538,0.18518518518518517,0.03305785123966942,0.5714285714285715,0.15217391304347827,0.3333333333333333,0.06111111111111111,61.58949539427067,38.95595455005567,69.60858892600466,53.82774066201032,55.126750607071756,True
947884,Wouter Burger,8226,TSG 1899 Hoffenheim,GER-Bundesliga,2.6,38.4,9.0,0.0,2.7,5.0,0.19,0.13,2.1,5.0,0.15,0.6,0.5,0.2,0.7,7.31,0.0,48.0,1.3,2.7,0.2,2350,29,Midfielder,0.6111111111111112,0.1818181818181818,0.06770833333333334,0.09523809523809523,0.10416666666666667,0.3846153846153846,0.1,76.08426966292134,56.171348314606746,29.471910112359552,72.19662921348315,55.05827875436953,True
941213,Crysencio Summerville,8654,West Ham United,ENG-Premier League,0.3,18.7,3.0,0.0,1.2,2.8,0.11,0.2,1.9,1.0,0.2,0.6,0.6,0.2,0.5,6.99,0.0,25.0,2.0,1.6,1.6,2300,29,Attacker,0.5365853658536587,0.2727272727272727,0.016042780748663103,0.8421052631578948,0.11199999999999999,0.3,0.1,55.370786516853926,52.924157303370784,63.328651685393254,48.08988764044944,55.043812719568095,True
434325,Thomas Partey,9825,Arsenal,ENG-Premier League,1.9,52.4,3.0,0.0,1.4,2.6,0.08,0.07,1.4,2.0,0.13,1.1,0.3,0.3,0.4,7.38,0.0,20.0,0.8,2.9,0.8,2799,35,Midfielder,0.7407407407407407,0.275,0.03625954198473282,0.5714285714285715,0.13,0.37499999999999994,0.08750000000000001,53.486486486486484,43.56418918918919,62.043918918918926,65.9391891891892,54.986889832854374,False
1209441,Iván Romero,8581,Levante,ESP-La Liga,0.5,15.6,5.0,0.0,0.3,1.9,0.08,0.36,1.7,1.0,0.3,0.5,0.7,0.1,0.7,6.86,0.0,24.0,2.4,1.3,1.5,2111,30,Attacker,0.5142857142857143,0.2777777777777778,0.032051282051282055,0.8823529411764706,0.07916666666666666,0.2916666666666667,0.15,43.16853932584269,69.66573033707864,60.14887640449438,52.34269662921348,54.93929766247241,True
841672,Nicolás González,9906,Atlético de Madrid,ESP-La Liga,1.4,25.1,3.0,0.0,1.7,2.0,0.12,0.26,1.7,0.0,0.31,0.7,1.2,0.2,0.5,6.96,0.0,12.0,2.7,1.5,1.5,1453,24,Midfielder,0.5641025641025641,0.3181818181818181,0.05577689243027888,0.8823529411764706,0.16666666666666666,0.4444444444444444,0.0962962962962963,51.50248000809798,67.33910314809192,61.5368331814961,40.554028747848974,54.89159637778554,True
356406,John McGinn,10252,Aston Villa,ENG-Premier League,1.7,25.8,7.0,0.0,0.6,4.0,0.17,0.12,1.3,4.0,0.21,0.5,0.5,0.2,0.9,7.0,0.0,41.0,1.1,1.2,0.8,2153,29,Attacker,0.5666666666666667,0.29411764705882354,0.06589147286821705,0.6153846153846154,0.0975609756097561,0.45454545454545453,0.10909090909090907,63.66576829638627,54.78155683773661,50.864713027634366,48.20075412491142,54.8334162322487,True
1565010,Arthur Avom,8689,Lorient,FRA-Ligue 1,3.3,45.1,4.0,0.0,1.1,3.2,0.14,0.05,1.0,1.0,0.09,1.3,0.3,0.1,0.6,7.0,0.0,31.0,0.9,2.4,0.9,2091,30,Midfielder,0.7872340425531915,0.35135135135135137,0.07317073170731707,0.9,0.1032258064516129,0.3333333333333333,0.05555555555555556,60.317415730337075,26.924157303370787,72.58988764044943,81.03370786516854,54.779809920975794,True
789502,Morgan Gibbs-White,10203,Nottingham Forest,ENG-Premier League,1.2,28.4,5.0,0.0,1.0,2.8,0.09,0.29,0.8,4.0,0.4,0.3,0.9,0.1,0.6,7.11,0.0,46.0,2.3,0.6,0.8,2930,35,Midfielder,0.5294117647058824,0.33333333333333337,0.04225352112676056,1.0,0.0608695652173913,0.391304347826087,0.12608695652173912,48.571996153456816,68.70343658265007,61.464571312885916,42.33687620204474,54.65883580492553,True
536455,Gonçalo Guedes,8560,Real Sociedad,ESP-La Liga,1.2,20.7,6.0,0.0,0.3,2.9,0.14,0.19,0.9,4.0,0.4,0.2,0.9,0.0,0.6,6.89,0.0,24.0,2.3,1.2,0.9,1821,31,Attacker,0.6086956521739131,0.14285714285714288,0.057971014492753624,1.0,0.12083333333333333,0.391304347826087,0.08260869565217392,57.71867091810912,57.022332725984405,53.637880858386474,48.86329588014981,54.64753738653163,True
837089,Edu Expósito,8558,Espanyol,ESP-La Liga,2.3,27.5,11.0,0.0,1.2,6.7,0.25,0.08,1.0,6.0,0.04,0.8,0.5,0.1,0.5,7.14,0.0,78.0,1.6,1.8,1.2,2388,34,Midfielder,0.7222222222222222,0.3076923076923077,0.08363636363636363,1.2,0.0858974358974359,0.3125,0.049999999999999996,71.80929243850592,29.290730337078646,68.38738738738738,59.717506832675376,54.63879100528539,True
1078846,Andrea Cambiaso,9885,Juventus,ITA-Serie A,1.7,43.6,11.0,0.0,0.6,5.3,0.18,0.1,1.0,4.0,0.1,0.7,0.4,0.2,0.4,7.08,0.0,54.0,0.8,2.0,0.3,2662,34,Midfielder,0.7297297297297297,0.25925925925925924,0.03899082568807339,0.3,0.09814814814814815,0.5,0.125,60.42262627796335,49.817833282720926,51.68253365725275,55.88017511893916,54.51218484342665,True
955271,Thiago Almada,9906,Atlético de Madrid,ESP-La Liga,1.9,41.4,3.0,0.0,0.4,2.4,0.17,0.26,0.9,1.0,0.21,0.4,0.7,0.1,0.9,6.71,0.0,26.0,1.5,1.9,1.4,1267,26,Midfielder,0.71875,0.1739130434782609,0.04589371980676329,1.5555555555555554,0.0923076923076923,0.4666666666666666,0.17333333333333334,50.238473023585385,56.5474238283227,57.38432533657252,54.80635691871647,54.43505201274611,True
751649,Jack Harrison,8668,Everton,ENG-Premier League,0.6,16.2,6.0,0.0,1.3,3.1,0.14,0.15,0.6,0.0,0.04,0.4,0.3,0.1,0.4,6.44,0.0,33.0,1.3,1.4,1.0,2083,34,Attacker,0.75,0.22222222222222227,0.037037037037037035,1.6666666666666667,0.09393939393939395,0.23076923076923075,0.11538461538461538,60.22972972972972,46.97635135135133,57.25675675675675,52.581081081081074,54.39208202843212,False
1272440,Valentín Barco,9848,Strasbourg,FRA-Ligue 1,2.8,55.8,13.0,0.0,0.5,6.3,0.27,0.14,1.0,4.0,0.09,0.6,0.4,0.0,0.5,7.24,0.0,36.0,1.2,2.3,1.0,2111,26,Midfielder,0.7435897435897436,0.20689655172413793,0.05017921146953405,1.0,0.175,0.33333333333333337,0.11666666666666668,79.48286769915984,38.63543880959611,52.99106690960624,48.67527077639437,54.367687607359116,True
1310440,Javi Rueda,9910,Celta de Vigo,ESP-La Liga,1.3,26.1,7.0,0.0,2.3,2.7,0.19,0.09,1.7,6.0,0.14,1.3,0.2,0.4,0.2,6.92,0.0,13.0,0.8,1.3,1.3,1270,24,Midfielder,0.6046511627906977,0.5,0.04980842911877394,0.7647058823529412,0.2076923076923077,0.25,0.11249999999999999,87.70505617977528,41.44101123595505,64.71629213483145,29.926966292134832,54.35392628192113,True
1354561,Diego Gómez,10204,Brighton and Hove Albion,ENG-Premier League,0.7,24.6,4.0,0.0,1.2,1.7,0.07,0.24,2.1,1.0,0.22,0.7,0.6,0.1,0.8,6.95,0.0,21.0,1.6,3.4,0.8,2052,30,Midfielder,0.6612903225806451,0.17073170731707318,0.028455284552845524,0.38095238095238093,0.08095238095238096,0.37499999999999994,0.15,38.45224719101124,72.37359550561798,44.82584269662921,81.24719101123596,54.35197647238316,True
242156,Djibril Sidibé,9941,Toulouse,FRA-Ligue 1,1.3,30.2,4.0,0.0,2.0,1.8,0.08,0.12,1.3,4.0,0.13,0.7,0.2,0.2,0.3,6.87,0.0,15.0,0.3,2.0,0.4,2147,32,Midfielder,0.675,0.25925925925925924,0.043046357615894044,0.3076923076923077,0.12000000000000001,0.6666666666666667,0.4,63.88597023990281,61.40591152950703,39.67268954347606,54.21274926612005,54.339719394292764,True
464981,Matús Bero,9911,VfL Bochum 1848,GER-Bundesliga,1.8,27.4,5.0,0.0,1.2,3.8,0.13,0.14,1.8,2.0,0.18,0.6,0.5,0.3,0.8,7.08,0.0,54.0,1.1,2.3,0.7,2569,30,Midfielder,0.6170212765957447,0.20689655172413793,0.06569343065693431,0.38888888888888884,0.07037037037037036,0.45454545454545453,0.1272727272727273,47.16216216216216,67.55067567567568,41.331081081081074,72.05405405405405,54.335843329787906,False
574645,Mikel Merino,9825,Arsenal,ENG-Premier League,0.6,24.2,4.0,0.0,1.7,1.5,0.13,0.27,1.9,3.0,0.36,0.9,0.7,0.2,0.7,6.97,0.0,12.0,1.9,2.3,0.5,999,21,Midfielder,0.6274509803921569,0.28125000000000006,0.024793388429752067,0.2631578947368421,0.125,0.3684210526315789,0.14210526315789476,53.990763235145245,74.72541502176334,31.186683874886118,73.53327765968216,54.30652433214689,True
777028,André Almeida,10267,Valencia CF,ESP-La Liga,3.0,45.1,4.0,0.0,0.4,1.8,0.16,0.05,1.0,1.0,0.0,0.9,0.3,0.1,0.3,0.0,0.0,17.0,0.8,2.0,1.3,1008,20,Midfielder,0.7435897435897436,0.3103448275862069,0.06651884700665188,1.3,0.10588235294117647,0.37499999999999994,0.0625,65.894726186861,29.86801548739751,76.25542818098997,55.9398471505213,54.27111388790277,True
1134467,Yuito Suzuki,8358,Sport-Club Freiburg,GER-Bundesliga,0.8,17.3,2.0,0.0,0.6,2.6,0.14,0.21,1.0,2.0,0.22,0.6,0.8,0.1,0.5,6.76,0.0,25.0,2.1,1.1,1.0,1636,25,Midfielder,0.6296296296296297,0.3529411764705882,0.046242774566473986,1.0,0.10400000000000001,0.38095238095238093,0.09999999999999999,52.890449438202246,60.58988764044944,56.92977528089887,46.0,54.20004507789593,True
1320176,Wesley,8686,Roma,ITA-Serie A,0.9,30.6,9.0,0.0,2.3,3.7,0.14,0.06,1.3,0.0,0.19,0.9,0.5,0.2,0.4,7.21,0.0,33.0,0.9,2.0,0.5,2387,29,Midfielder,0.6904761904761905,0.3103448275862069,0.029411764705882353,0.3846153846153846,0.11212121212121212,0.5555555555555556,0.06666666666666667,73.37078651685394,46.174157303370784,41.449438202247194,58.483146067415724,54.14302352021511,True
638010,Isi Palazón,8370,Rayo Vallecano,ESP-La Liga,1.8,28.6,9.0,0.0,0.9,4.0,0.16,0.21,1.4,3.0,0.12,0.1,0.6,0.2,0.4,6.74,0.0,39.0,2.1,1.2,0.9,2262,31,Midfielder,0.48148148148148145,0.07692307692307693,0.06293706293706293,0.6428571428571429,0.10256410256410256,0.2857142857142857,0.09999999999999999,72.4762754327361,47.571856969328884,57.49200323919425,38.00116408543374,54.107507285495345,True
1113694,Jonathan Rowe,9857,Bologna,ITA-Serie A,0.4,17.0,4.0,0.0,0.2,1.5,0.1,0.24,1.4,1.0,0.19,0.4,0.9,0.0,0.7,6.77,0.0,19.0,2.8,1.2,2.8,1433,26,Attacker,0.5333333333333333,0.25,0.023529411764705882,2.0,0.07894736842105263,0.32142857142857145,0.08571428571428572,43.85955056179775,52.93258426966291,73.61235955056179,51.60112359550562,54.05296777535472,True
942372,Álex Baena,9906,Atlético de Madrid,ESP-La Liga,1.4,33.3,13.0,0.0,0.6,5.7,0.36,0.11,1.6,3.0,0.12,0.9,0.4,0.2,0.4,6.91,0.0,42.0,1.5,1.0,0.8,1450,25,Midfielder,0.5428571428571428,0.4736842105263158,0.042042042042042045,0.5,0.13571428571428573,0.26666666666666666,0.07333333333333333,93.43703816175726,40.53640297600972,51.446679825893305,36.06065897358032,53.996186786475796,True
1180321,Devyne Rensch,8686,Roma,ITA-Serie A,0.6,32.7,3.0,0.0,2.7,2.2,0.19,0.02,0.3,4.0,0.09,1.1,0.2,0.4,0.0,0.0,0.0,9.0,0.4,2.5,0.3,1037,22,Midfielder,0.9230769230769231,0.3055555555555556,0.018348623853211007,1.0,0.24444444444444446,0.5,0.049999999999999996,77.31460674157302,35.05898876404495,50.76123595505618,58.12359550561797,53.94259722427559,True
731600,Idrissa Touré,6479,Pisa,ITA-Serie A,1.0,17.3,6.0,0.0,3.1,3.5,0.14,0.11,0.9,0.0,0.04,0.9,0.3,0.3,0.2,6.73,0.0,20.0,1.2,1.7,0.8,2261,31,Midfielder,0.7428571428571429,0.34615384615384615,0.057803468208092484,0.888888888888889,0.175,0.25,0.09166666666666667,79.07584269662921,39.04213483146067,51.227528089887635,48.550561797752806,53.940036978407946,True
150565,Pierre-Emerick Aubameyang,8592,Marseille,FRA-Ligue 1,0.3,16.0,8.0,0.0,0.5,3.8,0.17,0.56,0.9,5.0,0.41,0.2,1.3,0.0,0.4,6.95,0.0,26.0,2.4,0.4,0.5,1956,29,Attacker,0.4000000000000001,0.3333333333333333,0.01875,0.5555555555555556,0.14615384615384613,0.5416666666666667,0.23333333333333336,84.26685393258427,97.26404494382021,35.20505617977528,22.48314606741573,53.914774426523,True
1284434,Diego López,10267,Valencia CF,ESP-La Liga,0.5,20.0,3.0,0.0,0.6,1.5,0.08,0.13,0.9,0.0,0.22,0.5,0.4,0.1,0.7,6.55,0.0,15.0,1.3,1.0,0.7,1636,32,Midfielder,0.625,0.3333333333333333,0.025,0.7777777777777777,0.1,0.3076923076923077,0.1,56.44473124810204,55.265512703714954,50.318883490231805,53.08879947363093,53.89319160034647,True
940087,Gonçalo Ramos,9847,Paris Saint-Germain,FRA-Ligue 1,0.1,19.3,2.0,0.0,0.7,1.4,0.1,0.65,1.5,1.0,0.43,0.3,1.8,0.0,0.9,6.73,0.0,16.0,4.1,0.9,1.2,1246,29,Attacker,0.4444444444444444,0.25,0.0051813471502590676,0.7999999999999999,0.0875,0.4390243902439025,0.1585365853658537,44.46037048284239,92.59770725781961,42.93945490434254,48.41922259337989,53.859172402290675,True
1353000,Adam Daghim,8721,VfL Wolfsburg,GER-Bundesliga,0.3,17.9,6.0,0.0,2.0,2.7,0.19,0.12,1.1,3.0,0.14,0.9,0.4,0.1,0.2,6.58,0.0,17.0,1.7,1.8,1.1,1269,26,Attacker,0.7105263157894737,0.3333333333333333,0.01675977653631285,1.0,0.15882352941176472,0.23529411764705885,0.07058823529411765,84.07022471910112,31.74719101123595,59.19101123595505,47.438202247191015,53.84043661504335,True
1072054,Daniel Maldini,8543,Lazio,ITA-Serie A,0.4,23.2,2.0,0.0,0.4,1.0,0.1,0.31,1.7,1.0,0.2,0.3,0.6,0.1,0.9,0.0,0.0,11.0,2.1,1.4,1.2,905,19,Attacker,0.5,0.17647058823529413,0.017241379310344827,0.7058823529411765,0.09090909090909091,0.2857142857142857,0.14761904761904762,38.78320174106691,70.4004960016196,63.839419475655426,50.74972163174411,53.80789378620306,True
1338192,Pablo Barrios,9906,Atlético de Madrid,ESP-La Liga,2.4,50.6,3.0,0.0,0.6,2.1,0.11,0.1,0.6,1.0,0.05,1.5,0.3,0.1,0.6,7.18,0.0,20.0,1.2,1.6,1.8,1666,23,Midfielder,0.8378378378378378,0.48387096774193544,0.04743083003952569,3.0,0.10500000000000001,0.25,0.08333333333333334,49.59761868610183,29.825058204271688,86.46915173600566,70.2519232715862,53.80597628522316,True
846761,Zakaria Aboukhlal,9941,Toulouse,FRA-Ligue 1,0.1,10.0,2.0,0.0,0.4,2.0,0.09,0.49,1.7,2.0,0.33,0.3,1.4,0.0,0.8,6.81,0.0,12.0,3.0,1.0,0.8,1907,26,Midfielder,0.43333333333333335,0.23076923076923075,0.01,0.4705882352941177,0.16666666666666666,0.4666666666666666,0.16333333333333333,56.5472972972973,89.10810810810808,33.452702702702695,47.831081081081074,53.73443708560601,False
1185902,Jens Castrop,9788,Borussia Mönchengladbach,GER-Bundesliga,1.0,21.2,0.0,0.0,1.7,1.7,0.1,0.21,1.8,1.0,0.17,1.0,0.7,0.1,0.3,6.87,0.0,18.0,1.7,3.3,1.4,1592,26,Midfielder,0.7049180327868853,0.23255813953488372,0.04716981132075472,0.7777777777777777,0.09444444444444444,0.4117647058823529,0.12352941176470589,35.02247191011235,70.35112359550563,62.41853932584269,60.1629213483146,53.680429477208826,True
359193,Lucas Vázquez,8633,Real Madrid,ESP-La Liga,1.3,51.8,8.0,0.0,1.3,3.9,0.16,0.06,1.2,5.0,0.04,0.7,0.1,0.2,0.1,7.06,0.0,33.0,0.6,2.4,0.8,2193,32,Midfielder,0.7209302325581395,0.22580645161290325,0.0250965250965251,0.6666666666666667,0.11818181818181818,0.16666666666666669,0.1,74.78378378378378,31.793918918918916,63.77027027027026,50.43918918918919,53.633535923906436,False
939542,Dwight McNeil,8668,Everton,ENG-Premier League,0.5,20.1,1.0,0.0,1.0,1.9,0.15,0.11,0.8,1.0,0.0,0.8,0.4,0.2,0.9,6.62,0.0,15.0,1.9,1.8,0.5,1166,21,Attacker,0.7647058823529411,0.3076923076923077,0.02487562189054726,0.625,0.12666666666666665,0.2105263157894737,0.05789473684210526,67.06445490434254,30.048132402064983,53.6532923372811,78.93167324628,53.61069616778948,True
1233655,Alex Scott,8678,Bournemouth,ENG-Premier League,1.7,37.1,4.0,0.0,2.4,2.9,0.1,0.12,1.5,1.0,0.1,1.2,0.4,0.5,0.4,7.16,0.0,26.0,1.4,1.9,0.9,2769,36,Midfielder,0.6739130434782609,0.38709677419354843,0.045822102425876005,0.6,0.11153846153846153,0.28571428571428575,0.08571428571428572,57.05337078651685,41.396067415730336,62.78089887640449,55.36516853932584,53.60784774693688,True
957203,Éderson,8524,Atalanta,ITA-Serie A,3.2,48.5,3.0,0.0,1.6,1.6,0.07,0.18,1.4,1.0,0.08,1.0,0.5,0.3,0.4,7.14,0.0,25.0,1.5,2.3,0.6,2145,29,Midfielder,0.7021276595744681,0.30303030303030304,0.06597938144329897,0.4285714285714286,0.064,0.3333333333333333,0.12,43.69209940277356,56.86521915173601,57.905253568174906,61.36838242737119,53.59212532382814,True
661519,Deniz Undav,10269,VfB Stuttgart,GER-Bundesliga,0.7,18.1,7.0,0.0,0.3,3.7,0.15,0.68,1.3,5.0,0.79,0.2,1.9,0.0,0.9,7.45,0.0,34.0,5.0,0.7,0.4,2157,28,Attacker,0.409090909090909,0.22222222222222227,0.03867403314917126,0.3076923076923077,0.10882352941176471,0.38,0.136,75.76848618281203,82.46096517866181,27.661833181496103,42.146674764652296,53.49726617450287,True
1284429,Javier Guerra,10267,Valencia CF,ESP-La Liga,2.3,36.4,6.0,0.0,1.1,2.7,0.13,0.1,1.3,6.0,0.05,1.1,0.4,0.3,0.3,6.82,0.0,29.0,1.1,1.3,1.0,1890,34,Midfielder,0.6486486486486487,0.4583333333333333,0.06318681318681318,0.7692307692307692,0.09310344827586207,0.36363636363636365,0.09090909090909091,63.121684887134315,38.87079916995647,66.43541856463204,47.28558052434457,53.45706445543164,True
747718,Christoph Baumgartner,178475,RB Leipzig,GER-Bundesliga,1.2,27.2,5.0,0.0,1.4,3.8,0.13,0.5,2.0,8.0,0.43,0.7,1.1,0.1,0.4,7.39,0.0,36.0,2.6,1.8,0.4,2699,32,Midfielder,0.5555555555555556,0.27999999999999997,0.04411764705882353,0.2,0.10555555555555556,0.4230769230769231,0.1923076923076923,54.36799018119242,81.19967861119547,34.530013159226634,53.348567668792384,53.45216494663129,True
1362516,Santiago Hidalgo,9941,Toulouse,FRA-Ligue 1,0.6,14.6,5.0,0.0,0.8,1.4,0.1,0.19,2.8,6.0,0.28,0.4,0.8,0.1,1.1,6.64,0.0,12.0,2.2,2.6,0.8,1303,28,Attacker,0.5172413793103449,0.13333333333333333,0.0410958904109589,0.28571428571428575,0.11666666666666665,0.36363636363636365,0.08636363636363635,62.24157303370785,54.983146067415724,33.008426966292134,75.0112359550562,53.45188629240777,True
637744,Marcus Edwards,8191,Burnley,ENG-Premier League,0.5,22.7,5.0,0.0,0.3,1.7,0.15,0.13,0.6,3.0,0.09,0.2,0.5,0.0,0.7,0.0,0.0,18.0,1.9,0.9,1.1,1049,22,Attacker,0.6470588235294118,0.18181818181818182,0.022026431718061675,1.8333333333333335,0.09444444444444444,0.2631578947368421,0.06842105263157895,61.317415730337075,34.76966292134831,68.88483146067415,54.1629213483146,53.437556236597125,True
355901,Morgan Sanson,9831,Nice,FRA-Ligue 1,2.6,26.4,3.0,0.0,0.8,1.3,0.07,0.13,1.8,2.0,0.0,1.3,0.2,0.4,0.6,6.43,0.0,11.0,0.9,1.4,1.2,1686,30,Midfielder,0.6000000000000001,0.48148148148148145,0.0984848484848485,0.6666666666666666,0.11818181818181818,0.22222222222222224,0.14444444444444446,49.825842696629216,50.48033707865169,61.59269662921348,53.02247191011236,53.36926922413231,True
693599,Exequiel Palacios,8178,Bayer 04 Leverkusen,GER-Bundesliga,1.8,88.6,1.0,0.0,1.8,1.2,0.11,0.04,0.4,1.0,0.0,0.5,0.2,0.3,0.6,7.16,0.0,11.0,0.7,1.9,0.3,1007,17,Midfielder,0.8571428571428572,0.20833333333333334,0.02031602708803612,0.7499999999999999,0.10909090909090909,0.28571428571428575,0.05714285714285715,49.7452803927523,37.55520548638526,59.27820376556331,80.65019232715862,53.362717861585786,True
671865,Santi Comesaña,10205,Villarreal,ESP-La Liga,1.5,37.7,3.0,0.0,2.0,3.5,0.13,0.16,1.6,6.0,0.11,1.1,0.3,0.6,0.5,6.99,0.0,27.0,1.0,1.7,0.4,2349,33,Midfielder,0.6363636363636362,0.3928571428571429,0.03978779840848806,0.25,0.12962962962962962,0.3,0.16,57.43960674157304,57.038971555825476,42.11190403887033,59.05339609272193,53.352718627654276,True
1553105,Víctor Muñoz,8371,Osasuna,ESP-La Liga,0.2,16.7,2.0,0.0,0.7,2.7,0.09,0.2,1.1,2.0,0.17,0.3,1.0,0.0,0.8,6.88,0.0,26.0,2.7,0.8,2.6,2578,33,Attacker,0.5,0.2727272727272727,0.011976047904191617,2.3636363636363633,0.10384615384615385,0.37037037037037035,0.07407407407407407,44.73033707865168,51.626404494382015,73.98595505617978,48.02808988764045,53.33164815345228,True
798659,Joe Aribo,8466,Southampton,ENG-Premier League,0.7,41.2,3.0,0.0,1.2,1.3,0.06,0.12,0.9,0.0,0.13,0.9,0.3,0.5,0.5,6.62,0.0,16.0,0.8,2.1,0.9,2018,32,Midfielder,0.7692307692307693,0.3,0.01699029126213592,1.0,0.08125,0.37499999999999994,0.15,31.871621621621614,62.45945945945945,67.79729729729729,69.62162162162161,53.244251462146856,False
528811,Jens Stage,8697,SV Werder Bremen,GER-Bundesliga,2.1,30.5,4.0,0.0,1.5,2.9,0.11,0.23,1.2,2.0,0.38,0.7,0.8,0.3,0.4,7.18,0.0,24.0,2.0,1.4,0.4,2378,28,Midfielder,0.6363636363636362,0.33333333333333337,0.06885245901639345,0.33333333333333337,0.12083333333333333,0.4,0.115,68.47535175625062,69.06874430610385,33.499734284846646,46.4486030974795,53.105015966526665,True
1292354,Théo Le Bris,8689,Lorient,FRA-Ligue 1,0.5,25.6,2.0,0.0,2.0,1.7,0.08,0.08,0.4,2.0,0.09,0.8,0.3,0.1,0.3,6.9,0.0,13.0,0.8,1.9,0.5,1898,28,Midfielder,0.8709677419354839,0.2962962962962963,0.01953125,1.25,0.13076923076923078,0.37499999999999994,0.09999999999999999,51.317415730337075,48.247191011235955,54.35393258426966,61.1067415730337,53.08514522580457,True
474658,Álvaro Garcia,8370,Rayo Vallecano,ESP-La Liga,1.0,15.3,15.0,0.0,1.2,5.2,0.23,0.28,0.8,5.0,0.17,0.6,0.8,0.1,0.5,6.84,0.0,41.0,2.1,1.2,0.2,2060,31,Attacker,0.6923076923076923,0.33333333333333337,0.06535947712418301,0.25,0.12682926829268293,0.38095238095238093,0.13333333333333333,84.75053143030671,69.76145105779936,21.79032543779735,56.89943314100617,53.08039212214164,True
439369,Ryan Christie,8678,Bournemouth,ENG-Premier League,2.3,39.1,2.0,0.0,1.6,0.8,0.08,0.18,1.6,0.0,0.18,1.1,0.7,0.4,1.0,6.64,0.0,11.0,2.3,2.5,1.7,986,26,Midfielder,0.6923076923076923,0.3055555555555556,0.0588235294117647,1.0625,0.07272727272727274,0.30434782608695654,0.0782608695652174,36.281658062556936,42.736549751999185,73.92787731551776,80.78011438404697,52.99915605067283,True
562719,Valentin Rongier,9851,Rennes,FRA-Ligue 1,1.8,59.1,8.0,0.0,2.0,4.0,0.14,0.03,1.6,5.0,0.07,1.3,0.3,0.3,0.6,7.58,0.0,41.0,0.7,2.4,0.6,2655,30,Midfielder,0.6981132075471698,0.35135135135135137,0.030456852791878174,0.37499999999999994,0.0975609756097561,0.4285714285714286,0.04285714285714286,61.166945034922556,36.82699412896042,53.345151331106386,66.52844417451159,52.95071350540491,True
797901,Jorge de Frutos,8370,Rayo Vallecano,ESP-La Liga,0.2,10.7,3.0,0.0,0.5,2.5,0.1,0.38,1.3,1.0,0.38,0.4,1.0,0.0,0.5,6.87,0.0,28.0,2.3,1.1,1.0,2348,34,Attacker,0.5357142857142857,0.26666666666666666,0.01869158878504673,0.7692307692307692,0.08928571428571429,0.4347826086956522,0.16521739130434784,45.070110841178256,78.95374025711105,48.262994736309345,45.69083409251949,52.890679782100975,True
365672,Sofiane Boufal,9746,Le Havre,FRA-Ligue 1,1.0,23.4,5.0,0.0,0.4,1.6,0.16,0.14,2.2,3.0,0.1,0.3,0.3,0.0,0.6,6.9,0.0,25.0,1.5,2.0,1.9,943,16,Midfielder,0.5111111111111111,0.13043478260869565,0.042735042735042736,0.8636363636363635,0.064,0.19999999999999998,0.09333333333333334,51.249999999999986,39.179775280898866,68.69662921348315,57.91011235955056,52.83946169328707,True
1164506,Tiago Tomás,10269,VfB Stuttgart,GER-Bundesliga,0.4,21.2,2.0,0.0,0.8,1.1,0.1,0.53,1.1,3.0,0.45,0.4,0.9,0.2,0.3,6.74,0.0,11.0,3.1,1.3,1.2,1009,26,Attacker,0.6071428571428571,0.23529411764705882,0.01886792452830189,1.0909090909090908,0.1,0.2903225806451613,0.17096774193548386,41.95461332118635,76.73170361372608,61.56092468873368,38.66747646522928,52.82908351952361,True
846383,Callum Hudson-Odoi,10203,Nottingham Forest,ENG-Premier League,1.2,28.6,5.0,0.0,0.7,3.0,0.15,0.14,0.6,4.0,0.15,0.4,0.5,0.1,0.4,6.85,0.0,44.0,1.5,0.7,1.5,1844,30,Attacker,0.6470588235294118,0.36363636363636365,0.04195804195804195,2.5,0.06818181818181818,0.3333333333333333,0.09333333333333334,45.85224972163174,49.15298866282012,79.36762324121875,42.977376252657145,52.82682391119652,True
1226189,Martim Neto,10268,Elche,ESP-La Liga,0.7,35.2,4.0,0.0,0.9,2.7,0.18,0.06,1.2,5.0,0.13,0.1,0.3,0.1,0.3,6.79,0.0,25.0,0.8,1.4,1.4,1352,25,Midfielder,0.5555555555555555,0.06666666666666667,0.019886363636363633,1.1666666666666667,0.10800000000000001,0.37499999999999994,0.075,66.9438202247191,38.573033707865164,78.49438202247191,33.31460674157304,52.786234011631635,True
500520,Nabil Bentaleb,8639,Lille,FRA-Ligue 1,3.6,56.4,4.0,0.0,2.8,2.1,0.15,0.09,1.0,2.0,0.15,1.1,0.4,0.4,0.4,6.86,0.0,11.0,1.2,1.2,0.4,1233,25,Midfielder,0.6969696969696969,0.47826086956521746,0.06382978723404256,0.4,0.19090909090909092,0.33333333333333337,0.075,75.92977528089888,39.51966292134831,49.72191011235955,47.30898876404494,52.777963241965004,True
239219,Mateo Kovacic,8456,Manchester City,ENG-Premier League,1.8,71.2,6.0,0.0,0.9,3.2,0.13,0.08,1.0,2.0,0.25,1.0,0.5,0.0,0.6,7.33,0.0,33.0,1.8,2.8,0.9,2202,31,Midfielder,0.7916666666666666,0.2631578947368421,0.025280898876404494,0.9,0.09696969696969697,0.2777777777777778,0.044444444444444446,60.18243243243243,23.48986486486486,71.50337837837837,81.4054054054054,52.756179808226726,False
282281,Denis Suárez,9866,Alavés,ESP-La Liga,1.8,44.8,2.0,0.0,0.8,1.5,0.1,0.06,1.2,2.0,0.07,0.4,0.2,0.2,0.5,6.59,0.0,20.0,0.5,1.5,1.6,1321,28,Midfielder,0.6129032258064516,0.2105263157894737,0.04017857142857143,1.3333333333333335,0.075,0.4,0.12,35.174157303370784,54.05337078651685,86.44662921348313,50.31460674157303,52.674283681407466,True
1032811,Federico Viñas,8670,Real Oviedo,ESP-La Liga,0.4,13.6,5.0,0.0,1.0,1.9,0.07,0.33,1.7,1.0,0.34,0.5,0.8,0.2,0.3,6.99,0.0,27.0,2.1,1.9,1.8,2372,32,Attacker,0.5853658536585367,0.20833333333333334,0.029411764705882356,1.0588235294117647,0.07037037037037036,0.38095238095238093,0.15714285714285714,37.800561797752806,78.10955056179775,63.20786516853933,42.146067415730336,52.670774335499836,True
954621,Youssouf Fofana,8564,Milan,ITA-Serie A,0.9,27.7,5.0,0.0,0.7,3.4,0.15,0.16,0.8,3.0,0.09,0.7,0.7,0.2,0.6,6.81,0.0,36.0,1.9,1.7,0.6,2081,31,Midfielder,0.7499999999999999,0.2916666666666667,0.03249097472924188,0.7499999999999999,0.09444444444444444,0.3684210526315789,0.08421052631578949,59.91769156797246,38.948767587812526,51.469569288389515,65.05574956979451,52.654406572230585,True
1200941,Abderrahman Rebbach,9866,Alavés,ESP-La Liga,1.3,21.9,8.0,0.0,1.4,2.7,0.18,0.15,2.3,3.0,0.07,1.0,0.7,0.0,0.3,6.62,0.0,27.0,2.2,2.5,1.0,1357,28,Attacker,0.603448275862069,0.2857142857142857,0.05936073059360731,0.4347826086956522,0.1,0.3181818181818181,0.06818181818181818,72.98033707865169,40.88483146067416,48.943820224719104,48.34831460674157,52.620266881681395,True
605224,Federico Dimarco,8636,Internazionale,ITA-Serie A,1.3,39.7,33.0,0.0,1.0,11.0,0.38,0.17,1.4,17.0,0.21,1.0,0.7,0.1,0.7,7.79,0.0,93.0,2.2,1.7,0.2,2624,33,Midfielder,0.6585365853658538,0.37037037037037035,0.0327455919395466,0.14285714285714288,0.11827956989247312,0.3181818181818181,0.07727272727272727,87.45737169754022,45.422525053143026,30.805635691871647,57.49223099503998,52.593990176977115,True
1079557,Amine Adli,8678,Bournemouth,ENG-Premier League,0.2,26.5,1.0,0.0,1.4,1.6,0.14,0.22,2.5,1.0,0.25,0.5,0.8,0.2,0.4,6.71,0.0,16.0,1.7,2.9,0.7,1065,30,Attacker,0.5762711864406779,0.14705882352941177,0.007547169811320755,0.27999999999999997,0.1,0.4705882352941177,0.12941176470588237,47.55898876404494,75.55337078651685,40.04213483146067,54.674157303370784,52.59191323882356,True
1180696,Fodé Doucouré,9746,Le Havre,FRA-Ligue 1,1.2,25.2,2.0,0.0,1.5,2.2,0.17,0.16,1.1,1.0,0.23,0.6,0.6,0.1,0.2,6.64,0.0,17.0,1.5,2.5,0.4,1169,25,Attacker,0.7380952380952381,0.1935483870967742,0.047619047619047616,0.36363636363636365,0.12941176470588237,0.39999999999999997,0.10666666666666667,65.10112359550561,60.64044943820224,33.44101123595506,56.26966292134831,52.58863051250734,True
1231029,Rafik Belghali,9876,Verona,ITA-Serie A,0.8,18.3,2.0,0.0,1.1,3.0,0.15,0.11,1.0,0.0,0.1,0.9,0.3,0.3,0.3,6.78,0.0,27.0,1.0,1.0,2.0,1779,24,Midfielder,0.6551724137931034,0.4736842105263158,0.04371584699453552,2.0,0.1111111111111111,0.3,0.11,57.23595505617977,47.6938202247191,73.52808988764045,34.39325842696629,52.58043725902804,True
1284430,Fran Pérez,8370,Rayo Vallecano,ESP-La Liga,0.4,18.2,3.0,0.0,0.3,1.2,0.09,0.12,1.3,1.0,0.15,0.1,0.6,0.1,1.0,6.48,0.0,13.0,1.2,1.0,1.0,1217,28,Attacker,0.4583333333333333,0.09090909090909091,0.02197802197802198,0.7692307692307692,0.0923076923076923,0.5,0.1,44.00561797752809,62.94101123595506,54.008426966292134,52.848314606741575,52.54210605948307,True
282472,Sergi Darder,8661,Mallorca,ESP-La Liga,2.7,31.2,12.0,0.0,0.6,4.8,0.17,0.07,0.7,5.0,0.04,0.9,0.4,0.2,0.4,7.0,0.0,56.0,1.2,0.9,1.2,2509,36,Midfielder,0.72,0.5,0.08653846153846155,1.7142857142857144,0.08571428571428572,0.33333333333333337,0.05833333333333334,69.81445490434254,29.412238080777403,73.68822755339609,46.020346188885505,52.4511636353198,True
1103837,Issa Soumaré,9746,Le Havre,FRA-Ligue 1,0.7,13.5,9.0,0.0,1.4,3.2,0.1,0.43,1.7,5.0,0.22,0.3,0.8,0.2,0.5,7.05,0.0,29.0,2.3,1.1,0.7,2859,33,Attacker,0.4516129032258065,0.21428571428571425,0.05185185185185185,0.4117647058823529,0.11034482758620691,0.3478260869565218,0.18695652173913044,55.68025609879542,73.68206549245876,38.66265563316125,45.749569794513626,52.41446272103932,True
1453218,Mert Kömür,8406,FC Augsburg,GER-Bundesliga,0.5,22.1,5.0,0.0,1.4,2.1,0.13,0.22,1.7,4.0,0.13,0.4,1.0,0.0,0.6,6.73,0.0,23.0,2.8,1.0,1.1,1407,27,Midfielder,0.4516129032258065,0.28571428571428575,0.02262443438914027,0.6470588235294118,0.09130434782608696,0.35714285714285715,0.07857142857142858,56.83426966292134,53.43539325842696,56.49719101123595,41.20786516853933,52.401422263375316,True
1024292,Marco Grüll,8697,SV Werder Bremen,GER-Bundesliga,0.4,20.7,1.0,0.0,1.0,3.0,0.14,0.16,1.5,1.0,0.14,0.6,0.5,0.3,0.7,6.75,0.0,33.0,1.9,1.7,1.0,1974,32,Attacker,0.6052631578947368,0.2608695652173913,0.019323671497584544,0.6666666666666666,0.09090909090909091,0.2631578947368421,0.08421052631578949,50.366788136451056,54.54027482538718,51.537731551776496,53.999443263488196,52.40006054836689,True
967622,Antony,8603,Real Betis,ESP-La Liga,0.8,35.6,9.0,0.0,0.7,5.6,0.22,0.34,0.7,6.0,0.32,0.9,1.3,0.0,0.6,7.44,0.0,51.0,3.3,1.4,0.9,2284,30,Attacker,0.7666666666666666,0.391304347826087,0.02247191011235955,1.2857142857142858,0.10980392156862745,0.393939393939394,0.10303030303030304,65.46980969733778,47.45004555116915,49.10904443769612,45.76141309849175,52.331325881689345,True
818893,Nicolò Zaniolo,8600,Udinese,ITA-Serie A,1.1,17.9,7.0,0.0,0.0,3.7,0.15,0.22,2.5,6.0,0.2,0.2,0.9,0.0,1.0,6.87,0.0,51.0,2.9,1.1,1.3,2269,32,Attacker,0.34210526315789475,0.15384615384615385,0.06145251396648046,0.52,0.07254901960784314,0.3103448275862069,0.07586206896551724,56.75561797752809,47.69101123595506,52.85955056179775,51.38202247191012,52.330501333711204,True
1097446,Noah Cadiou,8689,Lorient,FRA-Ligue 1,2.7,48.4,0.0,0.0,1.9,1.5,0.08,0.09,1.3,1.0,0.15,1.2,0.5,0.7,0.4,6.89,0.0,10.0,0.9,1.2,0.7,1782,27,Midfielder,0.6486486486486486,0.5,0.05578512396694216,0.5384615384615384,0.15,0.5555555555555556,0.09999999999999999,46.62359550561797,59.82022471910112,61.297752808988754,42.674157303370784,52.202087207456515,True
1341387,Wilson Odobert,8586,Tottenham Hotspur,ENG-Premier League,0.6,25.3,2.0,0.0,1.2,1.2,0.11,0.17,0.2,2.0,0.0,0.1,0.7,0.0,0.6,6.56,0.0,20.0,2.0,0.9,2.2,980,24,Attacker,0.8333333333333334,0.1,0.023715415019762844,11.0,0.06,0.35,0.085,31.929775280898873,51.25561797752808,82.41573033707866,63.067415730337075,52.19845661425576,True
684983,Atakan Karazor,10269,VfB Stuttgart,GER-Bundesliga,0.9,44.3,3.0,0.0,2.5,1.7,0.08,0.03,1.0,1.0,0.0,0.8,0.1,0.4,0.3,6.89,0.0,12.0,0.3,2.0,0.4,1890,28,Midfielder,0.7368421052631579,0.28571428571428575,0.02031602708803612,0.4,0.14166666666666666,0.33333333333333337,0.1,59.602869723656234,46.29929648749874,45.95414515639234,58.08730640753112,52.164034043515194,True
1050166,Anthony Elanga,10261,Newcastle United,ENG-Premier League,0.5,23.5,2.0,0.0,0.4,1.7,0.12,0.1,0.6,1.0,0.0,0.2,0.3,0.0,0.1,6.39,0.0,15.0,1.1,1.0,0.9,1284,30,Attacker,0.6666666666666667,0.16666666666666669,0.02127659574468085,1.5,0.11333333333333333,0.2727272727272727,0.09090909090909091,59.99625468164794,48.34254479198299,63.45513209839052,35.904013564125925,52.01934830470793,True
1089691,Elliot Anderson,10203,Nottingham Forest,ENG-Premier League,3.3,54.6,6.0,0.0,1.3,3.7,0.1,0.08,1.5,2.0,0.11,1.0,0.3,0.4,0.7,7.49,0.0,49.0,1.2,2.8,1.3,3179,36,Midfielder,0.7169811320754716,0.2631578947368421,0.06043956043956043,0.8666666666666667,0.07551020408163266,0.25,0.06666666666666667,52.60693136957182,24.420665047069537,75.31863042818098,82.84148193136957,52.014860494786866,True
704523,Christopher Nkunku,8564,Milan,ITA-Serie A,0.6,20.5,3.0,0.0,0.5,1.2,0.09,0.61,0.7,3.0,0.44,0.1,1.0,0.0,0.6,6.76,0.0,14.0,1.9,0.4,0.6,1214,30,Attacker,0.4166666666666667,0.2,0.029268292682926828,0.8571428571428572,0.08571428571428572,0.5263157894736842,0.32105263157894737,37.368724061139794,95.95670108310556,50.96980969733778,40.603806053244256,51.97720353200392,True
1327406,Álvaro Rodriguez,10268,Elche,ESP-La Liga,0.6,14.1,7.0,0.0,1.1,2.7,0.12,0.38,1.4,5.0,0.26,0.1,1.0,0.0,0.4,6.92,0.0,33.0,3.2,0.9,1.6,2039,32,Attacker,0.4166666666666667,0.1,0.0425531914893617,1.142857142857143,0.08181818181818182,0.3125,0.11875,55.280898876404486,66.1994382022472,63.39325842696629,27.30337078651685,51.96849345404165,True
659272,Julian Ryerson,9789,Borussia Dortmund,GER-Bundesliga,1.1,30.1,21.0,0.0,1.6,9.5,0.39,0.04,1.1,14.0,0.0,0.6,0.0,0.2,0.7,7.26,0.0,53.0,0.5,1.4,1.0,2184,30,Midfielder,0.6451612903225806,0.3,0.036544850498338874,0.9090909090909091,0.1792452830188679,0.0,0.08,92.87183672436481,18.370267739649766,69.55791325032898,55.09560684279785,51.904392488923634,True
844544,Pape Gueye,10205,Villarreal,ESP-La Liga,3.7,36.1,3.0,0.0,2.3,2.7,0.12,0.18,1.5,2.0,0.18,1.4,0.5,0.4,0.6,7.11,0.0,23.0,2.0,1.7,0.7,1996,28,Midfielder,0.6739130434782609,0.4516129032258065,0.10249307479224377,0.4666666666666666,0.11739130434782609,0.25,0.09,55.986246077538205,41.69917248709384,48.3041299726693,66.44898269055572,51.87403098330748,True
1002617,Saud Abdulhamid,8588,Lens,FRA-Ligue 1,0.8,36.2,5.0,0.0,1.2,3.3,0.23,0.06,1.7,4.0,0.14,0.8,0.2,0.1,0.4,6.93,0.0,23.0,0.6,2.4,0.3,1300,24,Midfielder,0.6530612244897959,0.25,0.022099447513812154,0.17647058823529413,0.14347826086956522,0.33333333333333337,0.1,82.8876404494382,43.0,32.39325842696629,58.280898876404486,51.83617580708338,True
1561552,Ayyoub Bouaddi,8639,Lille,FRA-Ligue 1,1.3,33.1,2.0,0.0,1.1,1.4,0.06,0.07,1.5,1.0,0.0,1.0,0.2,0.3,0.6,7.03,0.0,19.0,0.6,2.3,1.2,2239,29,Midfielder,0.6875,0.30303030303030304,0.03927492447129909,0.7999999999999999,0.07368421052631578,0.33333333333333337,0.11666666666666668,37.597859095050104,43.62410162971961,68.26275432736105,73.63698248810609,51.8138313895573,True
977618,Víctor García,8581,Levante,ESP-La Liga,0.8,19.4,2.0,0.0,1.3,1.1,0.09,0.17,1.1,1.0,0.17,0.9,0.7,0.3,0.4,6.78,0.0,14.0,1.6,1.9,1.1,1040,21,Attacker,0.717948717948718,0.32142857142857145,0.04123711340206186,1.0,0.07857142857142858,0.43749999999999994,0.10625,34.30898876404494,64.91011235955055,60.657303370786515,59.57865168539326,51.813075818889224,True
1054786,Aimar Oroz,8371,Osasuna,ESP-La Liga,1.4,29.0,4.0,0.0,0.6,3.0,0.13,0.08,1.3,2.0,0.0,0.4,0.2,0.0,0.8,6.79,0.0,35.0,1.3,1.6,1.3,2012,29,Midfielder,0.6060606060606061,0.2,0.04827586206896552,1.0,0.08571428571428572,0.15384615384615385,0.061538461538461535,51.81957941087154,31.388741269359247,71.98265259641663,64.19705941896953,51.80260848766242,True
1353457,Arthur,8178,Bayer 04 Leverkusen,GER-Bundesliga,1.1,30.4,2.0,0.0,2.2,1.4,0.12,0.07,1.4,3.0,0.08,1.4,0.2,0.1,0.6,6.8,0.0,12.0,0.8,1.6,1.1,1104,19,Midfielder,0.6818181818181818,0.4666666666666666,0.03618421052631579,0.7857142857142858,0.11666666666666665,0.25,0.08750000000000001,54.67977528089887,32.67134831460674,65.2247191011236,63.58988764044945,51.78100158798541,True
1392779,Etta Eyong,8581,Levante,ESP-La Liga,0.4,10.3,4.0,0.0,1.0,1.6,0.09,0.47,1.7,4.0,0.38,0.3,1.3,0.1,1.0,6.69,0.0,14.0,2.6,1.5,0.5,1663,31,Attacker,0.5142857142857143,0.16666666666666666,0.038834951456310676,0.29411764705882354,0.1142857142857143,0.5,0.18076923076923077,56.306179775280896,92.31741573033709,22.64887640449438,62.15168539325843,51.75352981659086,True
402419,Przemyslaw Frankowski,9851,Rennes,FRA-Ligue 1,1.8,39.6,2.0,0.0,2.6,2.5,0.19,0.04,1.0,2.0,0.07,0.6,0.2,0.1,0.6,7.14,0.0,29.0,0.7,3.0,0.3,1215,19,Midfielder,0.782608695652174,0.16666666666666666,0.045454545454545456,0.3,0.08620689655172414,0.28571428571428575,0.05714285714285715,62.8811241016297,39.10813341431319,39.90701234942808,75.46302763437595,51.69303247708275,True
1287373,Jobe Bellingham,9789,Borussia Dortmund,GER-Bundesliga,1.9,46.5,2.0,0.0,1.3,1.2,0.07,0.05,0.7,1.0,0.0,2.0,0.3,0.4,0.5,6.87,0.0,7.0,0.9,2.2,0.7,1701,31,Midfielder,0.8571428571428571,0.47619047619047616,0.040860215053763436,1.0,0.17142857142857143,0.3333333333333333,0.05555555555555556,53.401685393258425,26.924157303370787,69.80898876404494,76.18539325842697,51.65997580624181,True
881771,Ferran Torres,8634,Barcelona,ESP-La Liga,0.3,15.4,4.0,0.0,0.5,1.7,0.08,0.62,0.6,1.0,0.76,0.1,1.7,0.0,0.4,7.09,0.0,22.0,3.2,0.3,0.3,1893,32,Attacker,0.4,0.25,0.01948051948051948,0.5,0.07727272727272727,0.53125,0.19374999999999998,53.12494938758983,94.32011084117825,38.6396902520498,33.38194655329487,51.606139851180544,True
675023,Danel Sinani,8152,FC St. Pauli,GER-Bundesliga,1.1,30.8,5.0,0.0,0.6,4.8,0.21,0.22,1.7,3.0,0.22,0.3,0.8,0.0,0.7,6.9,0.0,46.0,2.2,1.1,0.5,2068,30,Midfielder,0.4516129032258065,0.21428571428571425,0.03571428571428572,0.29411764705882354,0.10434782608695652,0.36363636363636365,0.09999999999999999,70.31564429598137,51.75897104970139,38.86435874076323,45.812835307217334,51.5462774910739,True
604105,Iñaki Williams,8315,Athletic Club,ESP-La Liga,0.3,14.8,5.0,0.0,0.6,2.9,0.13,0.24,1.2,4.0,0.09,0.2,0.8,0.1,0.7,6.55,0.0,22.0,2.3,0.5,0.4,1992,28,Attacker,0.3684210526315789,0.28571428571428575,0.020270270270270268,0.33333333333333337,0.1318181818181818,0.3478260869565218,0.10434782608695653,73.67716874177547,63.06305040996052,35.60957586800283,37.064530822957785,51.50234736872278,True
1083796,Kevin Schade,9937,Brentford,ENG-Premier League,0.2,11.8,7.0,0.0,1.0,2.1,0.07,0.38,1.6,3.0,0.24,0.6,0.8,0.1,0.3,6.85,0.0,28.0,1.7,1.4,0.7,2640,33,Attacker,0.5555555555555556,0.3,0.01694915254237288,0.43749999999999994,0.075,0.4705882352941177,0.2235294117647059,44.06822552889969,88.36385261666162,41.43567162668287,43.27715355805244,51.45192916010425,True
896377,Lameck Banda,9888,Lecce,ITA-Serie A,0.3,14.7,6.0,0.0,0.7,2.5,0.14,0.11,2.4,3.0,0.22,0.4,0.6,0.0,0.5,6.53,0.0,22.0,1.8,1.5,1.7,1632,30,Attacker,0.4418604651162791,0.2105263157894737,0.020408163265306124,0.7083333333333334,0.11363636363636363,0.3333333333333333,0.06111111111111111,69.48033707865167,36.83426966292134,57.63483146067416,43.050561797752806,51.41485464569182,True
442728,Tim Kleindienst,9788,Borussia Mönchengladbach,GER-Bundesliga,0.4,14.8,11.0,0.0,2.1,4.0,0.13,0.44,2.5,7.0,0.53,0.4,1.3,0.3,0.7,7.26,0.0,29.0,2.5,1.0,0.5,2741,31,Attacker,0.358974358974359,0.28571428571428575,0.02702702702702703,0.2,0.13793103448275862,0.52,0.176,79.06756756756756,91.68918918918921,19.91554054054054,42.58783783783783,51.3610849899895,False
881735,Anton Stach,8463,Leeds United,ENG-Premier League,1.6,27.9,9.0,0.0,2.0,4.4,0.17,0.11,1.4,3.0,0.2,0.8,0.5,0.4,0.9,7.32,0.0,62.0,2.1,2.4,0.8,2304,28,Midfielder,0.6956521739130436,0.25,0.057347670250896064,0.5714285714285715,0.07096774193548387,0.23809523809523808,0.05238095238095238,61.35674157303371,26.966292134831455,53.471910112359545,83.62921348314607,51.353142167326375,True
637746,Odsonne Édouard,8588,Lens,FRA-Ligue 1,0.2,11.4,3.0,0.0,1.1,1.7,0.09,0.57,1.0,3.0,0.59,0.1,1.5,0.2,0.7,6.93,0.0,20.0,3.0,0.5,0.8,1818,29,Attacker,0.37499999999999994,0.16666666666666669,0.017543859649122806,0.8,0.08499999999999999,0.5,0.18999999999999997,41.075842696629216,94.67696629213482,45.50280898876404,38.58988764044944,51.27920489570335,True
465960,Youri Tielemans,10252,Aston Villa,ENG-Premier League,2.9,45.9,5.0,0.0,0.9,3.0,0.15,0.06,1.2,4.0,0.0,0.9,0.3,0.7,0.4,7.15,0.0,30.0,1.1,2.7,0.4,1845,24,Midfielder,0.75,0.25,0.06318082788671024,0.33333333333333337,0.1,0.2727272727272727,0.054545454545454536,66.75852819111246,29.57491902014374,52.50334041907075,66.67165198906771,51.276443375496775,True
860752,Rubén Vargas,8302,Sevilla,ESP-La Liga,1.5,22.3,4.0,0.0,0.8,2.2,0.13,0.18,0.8,6.0,0.18,0.4,0.5,0.1,0.6,7.04,0.0,25.0,2.2,0.9,1.2,1528,22,Attacker,0.6190476190476191,0.3076923076923077,0.06726457399103139,1.4999999999999998,0.08800000000000001,0.22727272727272727,0.0818181818181818,52.137640449438194,40.02247191011236,68.37078651685393,47.2247191011236,51.2003476217877,True
1329255,Louis Mouton,8121,Angers,FRA-Ligue 1,1.3,25.2,4.0,0.0,0.7,2.5,0.12,0.14,0.9,1.0,0.09,0.7,0.4,0.2,0.6,6.53,0.0,22.0,1.7,1.9,0.6,1904,32,Midfielder,0.7428571428571429,0.2692307692307693,0.05158730158730159,0.6666666666666666,0.11363636363636363,0.23529411764705885,0.0823529411764706,53.502302864662404,36.538996862030565,51.63804534871951,72.15596214191719,51.17970646583008,True
1131957,Jon Olasagasti,8581,Levante,ESP-La Liga,1.7,27.5,5.0,0.0,1.3,2.9,0.17,0.09,1.2,4.0,0.06,0.7,0.5,0.5,0.6,6.74,0.0,30.0,1.4,1.5,0.6,1562,31,Midfielder,0.6470588235294118,0.3181818181818181,0.061818181818181814,0.5,0.09666666666666666,0.35714285714285715,0.0642857142857143,64.73876404494382,37.94101123595505,46.300561797752806,58.567415730337075,51.056886087818654,True
974755,Lucas Beltrán,10267,Valencia CF,ESP-La Liga,0.6,20.2,4.0,0.0,0.9,1.5,0.1,0.27,1.7,2.0,0.07,0.3,0.6,0.1,0.5,6.48,0.0,13.0,2.2,1.4,1.1,1366,27,Attacker,0.5,0.17647058823529413,0.0297029702970297,0.6470588235294118,0.11538461538461539,0.2727272727272727,0.12272727272727273,51.33273863751392,62.6312126733475,49.45525862941593,40.605046057293244,51.00175919837008,True
1473580,Aleksandar Pavlovic,9823,Bayern München,GER-Bundesliga,4.3,93.0,3.0,0.0,1.0,2.3,0.14,0.1,1.2,1.0,0.18,0.9,0.3,0.5,0.4,7.13,0.0,21.0,0.6,1.6,0.2,1460,24,Midfielder,0.6756756756756757,0.36,0.046236559139784944,0.16666666666666669,0.10952380952380951,0.5,0.16666666666666669,58.3574248405709,56.39168944225124,39.283872355501565,50.65036947059419,50.945133967163265,True
724368,Keinan Davis,8600,Udinese,ITA-Serie A,0.3,13.2,6.0,0.0,1.1,2.2,0.1,0.46,1.8,4.0,0.47,0.1,1.1,0.1,0.7,7.02,0.0,28.0,2.2,0.5,1.4,1928,28,Attacker,0.25,0.16666666666666669,0.022727272727272728,0.7777777777777777,0.07857142857142858,0.5,0.20909090909090908,38.303661807875294,81.91150420083004,54.96462192529608,39.08935621014273,50.90270110756281,True
1116391,Hugo Bueno,8602,Wolverhampton Wanderers,ENG-Premier League,1.0,26.1,6.0,0.0,2.6,3.5,0.13,0.03,0.7,2.0,0.04,1.5,0.2,0.2,0.2,6.82,0.0,37.0,0.6,2.6,1.2,2343,33,Midfielder,0.8541666666666666,0.3658536585365854,0.038314176245210725,1.7142857142857144,0.0945945945945946,0.33333333333333337,0.05,60.33707865168539,24.713483146067418,72.38483146067415,62.53932584269663,50.880492283765996,True
1356312,Mateus Fernandes,8654,West Ham United,ENG-Premier League,3.3,40.0,3.0,0.0,1.0,2.7,0.09,0.06,1.5,3.0,0.09,1.0,0.2,0.3,0.5,7.22,0.0,34.0,0.8,3.1,0.9,2844,34,Midfielder,0.7321428571428571,0.24390243902439027,0.08249999999999999,0.6,0.07941176470588236,0.25,0.075,46.26572780645814,32.47516195971252,66.83097985626075,72.45996558356109,50.78433065965558,True
557677,Nikola Vlasic,9804,Torino,ITA-Serie A,1.2,27.9,3.0,0.0,0.9,3.2,0.1,0.22,1.3,3.0,0.25,0.6,0.5,0.1,0.5,7.17,0.0,50.0,1.4,2.0,0.8,2873,35,Midfielder,0.6666666666666666,0.23076923076923075,0.043010752688172046,0.6153846153846154,0.064,0.35714285714285715,0.15714285714285717,33.55464874987347,65.52921601376657,55.373418362182406,61.5907480514222,50.76483530422996,True
889536,Timothy Weah,8592,Marseille,FRA-Ligue 1,1.3,34.9,7.0,0.0,0.9,2.9,0.12,0.07,1.3,2.0,0.08,0.7,0.4,0.1,0.2,6.96,0.0,29.0,1.1,1.9,0.6,2175,28,Midfielder,0.6666666666666666,0.2692307692307693,0.03724928366762178,0.4615384615384615,0.09999999999999999,0.36363636363636365,0.06363636363636364,51.777533151128644,48.062050814859795,50.71660846239498,52.66616054256503,50.73257006282312,True
771294,Ismaïla Sarr,9826,Crystal Palace,ENG-Premier League,0.3,14.0,3.0,0.0,1.1,1.0,0.05,0.44,0.5,1.0,0.35,0.4,0.9,0.1,0.4,6.88,0.0,18.0,2.0,0.8,0.4,2042,26,Midfielder,0.7058823529411765,0.3333333333333333,0.02142857142857143,0.8,0.05555555555555555,0.45,0.22,46.027887437999794,90.41256706144345,38.64537149509059,40.05299119344063,50.73000152973833,True
859282,Daniel Muñoz,9826,Crystal Palace,ENG-Premier League,1.0,24.4,8.0,0.0,3.6,3.9,0.16,0.09,1.3,2.0,0.16,1.0,0.4,0.0,0.2,7.17,0.0,24.0,1.0,2.8,0.1,2268,27,Midfielder,0.7450980392156863,0.2631578947368421,0.04098360655737705,0.07692307692307693,0.1625,0.4,0.09,73.17656139285353,57.85882933495293,23.35489422006276,65.35459054560177,50.705340761208,True
655575,Jacob Bruun Larsen,8191,Burnley,ENG-Premier League,0.3,20.7,2.0,0.0,1.2,1.2,0.1,0.12,0.1,1.0,0.0,0.5,0.4,0.1,0.4,6.3,0.0,12.0,1.4,1.1,0.9,1010,26,Attacker,0.9411764705882353,0.3125,0.014492753623188406,9.0,0.09999999999999999,0.28571428571428575,0.08571428571428572,44.37640449438202,41.396067415730336,67.58988764044943,55.51685393258426,50.66882175744921,True
148830,Benjamin André,8639,Lille,FRA-Ligue 1,2.5,45.9,2.0,0.0,1.6,2.3,0.09,0.11,1.4,2.0,0.08,1.3,0.2,0.2,0.9,7.43,0.0,23.0,1.0,2.6,0.5,2243,26,Midfielder,0.7358490566037735,0.3333333333333333,0.054466230936819175,0.35714285714285715,0.09999999999999999,0.2,0.11,48.923322198603096,37.61526976414616,45.55087812531632,88.30233323210852,50.64242010960713,True
750734,Dodô,8535,Fiorentina,ITA-Serie A,1.4,33.6,8.0,0.0,1.6,4.8,0.14,0.07,0.6,2.0,0.03,0.9,0.1,0.1,0.2,7.13,0.0,48.0,0.8,0.9,1.4,2959,34,Midfielder,0.75,0.5,0.041666666666666664,2.3333333333333335,0.09999999999999999,0.125,0.08750000000000001,68.04371646927827,24.50735145257617,81.24506529000911,44.4424536896447,50.602195050274695,True
1372921,Andrey Santos,8455,Chelsea,ENG-Premier League,1.1,52.5,1.0,0.0,1.4,0.9,0.07,0.14,0.9,0.0,0.0,1.5,0.1,0.5,0.5,6.66,0.0,8.0,0.8,2.5,0.2,1165,26,Midfielder,0.8163265306122448,0.375,0.020952380952380955,0.22222222222222224,0.1125,0.125,0.17500000000000002,40.494521206599856,54.00733879947362,43.836015791071965,77.91889361271383,50.596258081034165,True
1302666,Derry Scherhant,8358,Sport-Club Freiburg,GER-Bundesliga,0.4,12.0,1.0,0.0,1.3,2.4,0.18,0.17,1.3,1.0,0.3,0.5,0.9,0.3,0.3,6.52,0.0,21.0,2.5,1.3,1.9,1202,30,Attacker,0.5806451612903226,0.2777777777777778,0.03333333333333333,1.4615384615384615,0.11428571428571428,0.36,0.068,57.508426966292134,46.938202247191015,65.70224719101122,33.02808988764045,50.57929912519481,True
1254297,Andy Diouf,8588,Lens,FRA-Ligue 1,0.4,34.1,3.0,0.0,0.6,3.3,0.13,0.12,1.7,2.0,0.04,0.6,0.2,0.0,0.8,6.85,0.0,33.0,1.6,1.5,1.7,2233,34,Midfielder,0.5526315789473685,0.2857142857142857,0.011730205278592375,1.0,0.09999999999999999,0.125,0.075,52.37499999999999,29.716216216216214,73.66891891891892,58.08783783783784,50.53865789870203,False
1022649,Dan Ndoye,10203,Nottingham Forest,ENG-Premier League,0.5,16.9,2.0,0.0,0.9,1.5,0.12,0.08,1.2,1.0,0.08,0.8,0.3,0.2,0.3,6.55,0.0,14.0,1.1,1.8,1.0,1176,24,Attacker,0.6842105263157895,0.3076923076923077,0.02958579881656805,0.8333333333333334,0.10714285714285714,0.2727272727272727,0.07272727272727272,54.94664186658568,43.91750177143435,58.30820427168741,44.27836825589634,50.50245515057979,True
1323510,Alberto Reina,8670,Real Oviedo,ESP-La Liga,2.0,31.7,7.0,0.0,0.5,2.4,0.1,0.13,1.4,1.0,0.16,0.6,0.4,0.2,0.4,6.64,0.0,34.0,0.9,1.6,0.5,2300,35,Midfielder,0.6111111111111112,0.2727272727272727,0.06309148264984227,0.35714285714285715,0.07058823529411765,0.4444444444444445,0.14444444444444446,48.24157303370786,70.40168539325843,41.51123595505618,45.62359550561798,50.5011793067204,True
1073905,Rassoul Ndiaye,9746,Le Havre,FRA-Ligue 1,1.1,25.3,5.0,0.0,0.7,2.7,0.1,0.11,0.8,4.0,0.14,0.5,0.3,0.1,0.5,7.03,0.0,28.0,1.2,2.4,0.8,2483,32,Midfielder,0.7837837837837838,0.1724137931034483,0.04347826086956522,1.0,0.09642857142857143,0.25,0.09166666666666667,46.068187569592055,40.92561241016297,49.053725073387994,77.8859955461079,50.463690482369046,True
1102732,Ferrán Jutglà,9910,Celta de Vigo,ESP-La Liga,0.7,17.4,2.0,0.0,1.1,1.2,0.07,0.38,1.4,3.0,0.51,0.4,1.5,0.1,0.6,6.91,0.0,13.0,2.6,0.6,1.2,1580,28,Attacker,0.4166666666666667,0.4,0.040229885057471264,0.8571428571428572,0.0923076923076923,0.5769230769230769,0.14615384615384616,35.52808988764045,87.78651685393257,57.79494382022471,35.79775280898876,50.38161983743984,True
459658,Ruslan Malinovsky,10233,Genoa,ITA-Serie A,3.5,40.0,8.0,0.0,0.7,3.1,0.13,0.18,1.5,3.0,0.25,0.6,0.6,0.2,0.6,6.84,0.0,36.0,2.1,1.3,0.5,2160,33,Midfielder,0.5588235294117647,0.3157894736842105,0.0875,0.3333333333333333,0.08611111111111111,0.2857142857142857,0.0857142857142857,60.23876404494382,45.103932584269664,46.0252808988764,49.51685393258427,50.37512523640757,True
1137364,Justin Njinmah,8697,SV Werder Bremen,GER-Bundesliga,0.2,15.5,1.0,0.0,0.6,1.1,0.05,0.32,0.4,0.0,0.24,0.3,1.1,0.0,0.5,6.64,0.0,16.0,2.9,1.1,1.0,1865,32,Attacker,0.7777777777777778,0.21428571428571425,0.012903225806451613,2.5,0.06875,0.37931034482758624,0.11034482758620691,32.59955461079056,66.55256098795424,59.87711306812431,54.73357627290212,50.317687244361395,True
415539,Matteo Politano,9875,Napoli,ITA-Serie A,1.0,31.3,11.0,0.0,0.6,4.6,0.2,0.09,0.8,5.0,0.08,0.2,0.5,0.1,0.4,6.96,0.0,36.0,1.9,0.6,1.4,2133,33,Midfielder,0.5,0.25,0.03194888178913738,1.7499999999999998,0.12777777777777777,0.2631578947368421,0.04736842105263158,79.71059823868812,25.366421196477376,75.30722998279178,35.790565846745615,50.29010028639204,True
543306,Federico Bonazzoli,7801,Cremonese,ITA-Serie A,1.6,25.8,3.0,0.0,0.3,1.6,0.06,0.33,0.9,1.0,0.34,0.3,1.1,0.0,0.6,6.81,0.0,13.0,2.7,1.0,0.4,2378,33,Attacker,0.5909090909090908,0.23076923076923075,0.06201550387596899,0.4444444444444445,0.12307692307692308,0.40740740740740744,0.12222222222222222,48.68539325842696,75.54775280898876,36.76685393258427,46.58426966292134,50.209623873638485,True
951712,Nicolò Fagioli,8535,Fiorentina,ITA-Serie A,3.9,53.0,11.0,0.0,0.9,3.7,0.13,0.09,0.8,3.0,0.07,0.5,0.3,0.4,0.6,7.18,0.0,61.0,1.2,1.7,0.7,2500,32,Midfielder,0.7333333333333334,0.22727272727272727,0.07358490566037736,0.8749999999999999,0.060655737704918035,0.25,0.075,55.39819313695718,28.048334851705636,66.30591406012753,63.35522320072881,50.2076625004423,True
1607493,Dehmaine Tabibou,9830,Nantes,FRA-Ligue 1,1.4,21.3,3.0,0.0,1.4,1.9,0.14,0.14,1.7,0.0,0.07,1.2,0.5,0.0,0.4,6.62,0.0,20.0,2.1,2.2,1.4,1251,27,Midfielder,0.6666666666666666,0.3529411764705882,0.06572769953051642,0.8235294117647058,0.095,0.23809523809523808,0.06666666666666667,53.54213483146068,32.806179775280896,63.58988764044943,57.67415730337078,50.19273789418488,True
1079892,Rayan Philippe,9790,Hamburger SV,GER-Bundesliga,0.4,10.0,2.0,0.0,0.7,1.4,0.1,0.37,1.8,0.0,0.37,0.3,1.1,0.0,0.5,6.56,0.0,14.0,2.7,1.5,0.9,1222,27,Attacker,0.5,0.16666666666666666,0.04,0.5,0.09999999999999999,0.40740740740740744,0.137037037037037,44.37640449438202,79.30337078651685,39.82022471910112,45.073033707865164,50.093090909253675,True
540307,Lorenzo Pellegrini,8686,Roma,ITA-Serie A,1.7,32.1,4.0,0.0,0.9,3.0,0.19,0.32,1.2,2.0,0.24,0.9,0.7,0.2,0.4,6.92,0.0,28.0,2.0,0.7,0.3,1475,24,Midfielder,0.5714285714285715,0.5625,0.0529595015576324,0.25,0.10714285714285714,0.35,0.16,63.589811721834195,71.59836521915173,34.43453284745419,35.70148800485879,50.064265701492545,True
523749,Jae-Sung Lee,9905,1. FSV Mainz 05,GER-Bundesliga,1.0,21.3,7.0,0.0,1.4,3.2,0.13,0.13,0.8,2.0,0.17,1.0,0.4,0.0,0.2,6.82,0.0,22.0,1.2,1.5,0.2,2176,27,Midfielder,0.7575757575757576,0.4,0.046948356807511735,0.25,0.14545454545454548,0.33333333333333337,0.10833333333333334,77.87516449033302,56.10751341228869,26.544513614738335,49.14012045753619,49.99837447041632,True
1664716,Dayann Methalie,9941,Toulouse,FRA-Ligue 1,0.5,17.7,3.0,0.0,1.5,2.2,0.11,0.04,2.7,1.0,0.1,1.2,0.3,0.1,0.3,6.6,0.0,9.0,0.7,2.6,1.3,1882,27,Midfielder,0.5846153846153845,0.3157894736842105,0.02824858757062147,0.48148148148148145,0.24444444444444446,0.4285714285714286,0.05714285714285715,66.81460674157302,35.73876404494382,50.98595505617977,47.943820224719104,49.97530740683616,True
864006,Mattéo Tramoni,6479,Pisa,ITA-Serie A,0.8,14.7,4.0,0.0,0.6,2.3,0.13,0.18,0.8,2.0,0.11,0.9,0.5,0.1,1.0,6.61,0.0,28.0,1.6,1.8,0.4,1609,27,Midfielder,0.7714285714285715,0.3333333333333333,0.054421768707483,0.5,0.08214285714285714,0.3125,0.11249999999999999,49.79775280898876,55.365168539325836,29.339887640449437,85.15730337078652,49.87478904529517,True
967871,Iván Martin,7732,Girona,ESP-La Liga,2.3,44.4,2.0,0.0,1.0,2.0,0.07,0.03,1.0,1.0,0.0,0.6,0.2,0.2,0.5,6.85,0.0,22.0,0.5,2.2,1.1,2358,33,Midfielder,0.736842105263158,0.21428571428571425,0.0518018018018018,1.1,0.09090909090909091,0.4,0.06,37.0670487903634,37.10777912744205,78.15923929547525,63.83500354286872,49.8103395154663,True
1050158,Fábio Silva,8306,Las Palmas,ESP-La Liga,0.4,14.4,4.0,0.0,1.2,1.8,0.09,0.42,1.9,3.0,0.48,0.2,1.2,0.0,0.5,7.09,0.0,16.0,2.3,0.6,1.0,1877,24,Attacker,0.2962962962962963,0.25,0.02777777777777778,0.5263157894736842,0.1125,0.5217391304347826,0.1826086956521739,54.206081081081074,91.81418918918918,40.7804054054054,26.14189189189189,49.77624616261848,False
215242,Leonardo Spinazzola,9875,Napoli,ITA-Serie A,2.4,36.3,2.0,0.0,1.5,3.3,0.16,0.06,0.4,3.0,0.15,0.2,0.3,0.1,0.4,6.94,0.0,31.0,1.0,1.1,0.7,1822,31,Midfielder,0.7647058823529411,0.15384615384615385,0.06611570247933884,1.7499999999999998,0.1064516129032258,0.3,0.06,63.91300992003238,25.387058406721323,75.39390373519586,47.16631237979552,49.76113974693234,True
477615,Sandro Ramírez,8306,Las Palmas,ESP-La Liga,0.7,17.7,6.0,0.0,0.9,3.2,0.14,0.18,1.1,3.0,0.4,0.7,0.9,0.0,0.4,6.93,0.0,28.0,2.3,1.2,0.7,2045,31,Attacker,0.6333333333333333,0.3684210526315789,0.03954802259887005,0.6363636363636362,0.1142857142857143,0.391304347826087,0.0782608695652174,67.37162162162161,52.878378378378365,40.125,38.25,49.74422642881721,False
184533,Koke,9906,Atlético de Madrid,ESP-La Liga,4.2,71.5,3.0,0.0,1.1,4.1,0.18,0.02,0.9,2.0,0.09,0.8,0.2,0.1,0.6,7.02,0.0,31.0,0.5,2.2,0.1,2040,32,Midfielder,0.7692307692307693,0.26666666666666666,0.058741258741258746,0.11111111111111112,0.132258064516129,0.4,0.04,65.74304079360259,34.333004352667274,38.66685646320477,70.47254276748659,49.627408044936395,True
1113724,Tyler Morton,9748,Lyon,FRA-Ligue 1,3.6,47.5,3.0,0.0,1.5,3.8,0.13,0.06,1.0,2.0,0.07,0.8,0.3,0.5,0.5,7.13,0.0,28.0,1.0,1.7,0.5,2524,29,Midfielder,0.7142857142857143,0.32,0.07578947368421053,0.5,0.1357142857142857,0.3,0.06,64.80898876404494,26.9691011235955,54.38483146067415,62.70224719101123,49.49180115324693,True
1355574,Giovane Nascimento,9875,Napoli,ITA-Serie A,0.7,15.2,6.0,0.0,0.5,1.9,0.09,0.18,1.2,5.0,0.14,0.3,1.3,0.1,0.6,6.52,0.0,32.0,2.7,0.7,1.7,1873,33,Attacker,0.45454545454545453,0.3,0.046052631578947366,1.4166666666666667,0.059375,0.48148148148148145,0.06666666666666667,41.14606741573033,56.78089887640449,66.67977528089888,37.78651685393259,49.466931332536944,True
725398,Mathias Pereira Lage,8152,FC St. Pauli,GER-Bundesliga,0.6,14.3,4.0,0.0,1.5,1.5,0.07,0.19,1.4,2.0,0.09,0.7,0.7,0.1,0.5,6.69,0.0,24.0,1.9,1.7,0.7,2030,28,Midfielder,0.631578947368421,0.2916666666666667,0.04195804195804195,0.5,0.0625,0.3684210526315789,0.1,50.25431470796639,59.458232108512995,34.56097530114384,59.69339001923271,49.401114935052696,True
750032,Mason Mount,10260,Manchester United,ENG-Premier League,2.1,29.6,1.0,0.0,0.8,1.5,0.14,0.14,1.5,0.0,0.29,0.7,0.5,0.1,0.9,0.0,0.0,13.0,1.7,1.8,0.5,935,21,Midfielder,0.625,0.27999999999999997,0.07094594594594594,0.3333333333333333,0.11538461538461539,0.29411764705882354,0.0823529411764706,53.14325842696629,42.83707865168539,38.77808988764045,70.98876404494382,49.314421339423276,True
1255855,Yassine Kechta,9746,Le Havre,FRA-Ligue 1,0.9,22.7,5.0,0.0,1.3,2.0,0.14,0.12,2.4,1.0,0.14,1.1,0.6,0.2,0.7,6.48,0.0,15.0,1.4,2.1,0.5,1259,29,Midfielder,0.5714285714285715,0.34375,0.039647577092511016,0.20833333333333334,0.13333333333333333,0.4285714285714286,0.08571428571428572,58.13014981273408,52.2734208928029,31.29720872557951,63.007566555319364,49.277152745657084,True
952095,Óscar Mingueza,9910,Celta de Vigo,ESP-La Liga,2.6,48.3,7.0,0.0,1.7,4.4,0.21,0.03,0.7,4.0,0.05,0.4,0.2,0.2,0.1,6.87,0.0,29.0,0.7,1.9,0.7,1921,32,Midfielder,0.7666666666666666,0.1739130434782609,0.053830227743271224,1.0,0.1517241379310345,0.28571428571428575,0.04285714285714286,88.51889108209332,18.12842899078854,69.35300890778417,46.459383540844215,49.24723448628993,True
1286471,Roger Brugué,8581,Levante,ESP-La Liga,0.3,18.2,2.0,0.0,1.7,1.3,0.12,0.3,1.0,1.0,0.09,0.4,0.8,0.1,0.2,6.37,0.0,8.0,2.4,0.9,0.8,987,18,Midfielder,0.5652173913043479,0.3076923076923077,0.016483516483516484,0.8,0.1625,0.33333333333333337,0.125,62.348314606741575,67.83426966292134,50.7443820224719,22.308988764044944,49.243926312268535,True
642551,Aleix García,8178,Bayer 04 Leverkusen,GER-Bundesliga,6.0,95.0,13.0,0.0,1.0,6.0,0.21,0.08,0.3,7.0,0.1,0.8,0.2,0.2,0.3,7.47,0.0,47.0,1.0,0.9,0.1,2592,32,Midfielder,0.8500000000000001,0.47058823529411764,0.06315789473684211,0.33333333333333337,0.1276595744680851,0.2,0.08,86.52757111043627,29.550055673651176,42.78212622735094,47.63437594898269,49.22498777175266,True
1580704,Christantus Uche,8305,Getafe,ESP-La Liga,0.3,13.7,7.0,0.0,0.7,3.1,0.11,0.13,2.0,6.0,0.14,0.4,0.5,0.1,0.9,6.66,0.0,29.0,1.8,1.3,1.2,2501,33,Attacker,0.4594594594594595,0.23529411764705882,0.021897810218978103,0.6,0.10689655172413794,0.2777777777777778,0.07222222222222223,63.5,35.95270270270271,45.58108108108109,54.77027027027028,49.22323308072933,False
706297,Jean-Philippe Mateta,9826,Crystal Palace,ENG-Premier League,0.5,8.1,2.0,0.0,1.9,1.3,0.05,0.58,0.8,0.0,0.45,0.2,1.3,0.2,0.5,6.7,0.0,9.0,2.6,0.4,0.6,2180,30,Attacker,0.4285714285714286,0.3333333333333333,0.0617283950617284,0.7499999999999999,0.14444444444444446,0.5,0.22307692307692306,46.818706346796226,94.14377720417046,37.74911428282214,32.71191416135236,49.174687725318634,True
708890,Carlos Soler,8560,Real Sociedad,ESP-La Liga,2.3,39.9,8.0,0.0,1.1,3.8,0.16,0.11,1.1,3.0,0.17,0.6,0.8,0.4,0.3,6.96,0.0,44.0,1.4,1.4,0.5,2146,31,Midfielder,0.6451612903225806,0.3,0.05764411027568922,0.45454545454545453,0.08636363636363636,0.5714285714285715,0.07857142857142858,59.947046765866986,53.344695819414916,46.49557141411074,35.383211863548944,49.17173093763692,True
665188,Albert Gudmundsson,8535,Fiorentina,ITA-Serie A,1.3,28.6,7.0,0.0,0.5,2.3,0.09,0.23,1.4,4.0,0.21,0.1,0.6,0.1,0.5,6.72,0.0,31.0,1.7,0.3,0.8,2156,31,Attacker,0.22222222222222227,0.25,0.045454545454545456,0.5714285714285715,0.07419354838709677,0.35294117647058826,0.13529411764705884,41.49797550359347,74.5738814657354,57.82405860917097,30.75837635388197,49.16709896371791,True
1322858,Pablo Durán,9910,Celta de Vigo,ESP-La Liga,1.0,16.5,3.0,0.0,1.0,1.5,0.1,0.27,1.0,2.0,0.13,0.3,0.9,0.1,0.8,6.52,0.0,10.0,2.4,0.8,0.5,1377,28,Attacker,0.5238095238095238,0.2727272727272727,0.06060606060606061,0.5,0.15,0.375,0.11250000000000002,50.75227755845733,67.50013918412795,34.539401761311865,48.940783480109324,49.1445897833276,True
889785,Jonas Wind,8721,VfL Wolfsburg,GER-Bundesliga,0.9,19.6,9.0,0.0,0.6,4.9,0.22,0.26,0.7,3.0,0.41,0.3,0.6,0.1,0.5,6.87,0.0,34.0,1.8,0.5,0.3,1971,31,Attacker,0.5333333333333333,0.37499999999999994,0.04591836734693877,0.4285714285714286,0.14411764705882354,0.3333333333333333,0.14444444444444446,87.40540540540538,66.75,26.513513513513512,30.33783783783784,49.072484996713186,False
423812,Phillipp Mwene,9905,1. FSV Mainz 05,GER-Bundesliga,1.5,18.7,3.0,0.0,1.9,2.8,0.13,0.09,1.0,2.0,0.05,0.6,0.1,0.4,0.5,6.68,0.0,17.0,0.5,1.2,0.4,1982,28,Midfielder,0.6428571428571428,0.33333333333333337,0.08021390374331551,0.4,0.16470588235294117,0.2,0.18,67.62278570705536,41.82837331713736,38.25558001822046,50.19053041805851,48.99973326594817,True
1418073,Samuel Amo-Ameyaw,9848,Strasbourg,FRA-Ligue 1,1.0,31.8,2.0,0.0,0.1,1.2,0.1,0.08,1.3,2.0,0.17,0.3,0.4,0.0,0.9,6.64,0.0,13.0,1.5,1.8,2.4,1042,25,Midfielder,0.6176470588235293,0.14285714285714285,0.031446540880503145,1.846153846153846,0.0923076923076923,0.26666666666666666,0.05333333333333334,41.82022471910112,25.59831460674157,84.14325842696628,70.24719101123596,48.87079182983831,True
935769,Armand Laurienté,7943,Sassuolo,ITA-Serie A,0.6,22.4,14.0,0.0,0.4,4.4,0.16,0.11,1.5,9.0,0.22,0.3,0.9,0.0,0.5,6.94,0.0,52.0,2.4,0.9,1.0,2461,36,Attacker,0.4444444444444444,0.25,0.026785714285714288,0.6666666666666666,0.08461538461538462,0.375,0.04583333333333334,68.03651685393258,38.4438202247191,55.43539325842696,34.15168539325843,48.82682302688578,True
845943,Cristian Cásseres,9941,Toulouse,FRA-Ligue 1,2.9,42.2,6.0,0.0,1.3,4.0,0.14,0.06,1.4,3.0,0.07,1.3,0.2,0.3,0.6,7.32,0.0,38.0,0.9,2.8,0.6,2499,30,Midfielder,0.7454545454545454,0.3170731707317074,0.06872037914691942,0.4285714285714286,0.10526315789473684,0.22222222222222224,0.06666666666666667,66.78590950501062,22.86359955461079,51.672056888349026,73.26482943617775,48.80728509017655,True
466113,Jari Vandeputte,7801,Cremonese,ITA-Serie A,2.3,33.1,10.0,0.0,1.7,4.4,0.21,0.1,1.6,5.0,0.05,0.9,0.4,0.1,0.3,6.9,0.0,53.0,1.0,1.8,0.3,1871,30,Midfielder,0.6279069767441859,0.3333333333333333,0.06948640483383685,0.18749999999999997,0.08301886792452831,0.4,0.1,69.67415730337078,54.938202247191015,30.48595505617977,44.03370786516854,48.71605711747299,True
764507,Florian Neuhaus,9788,Borussia Mönchengladbach,GER-Bundesliga,2.1,37.9,1.0,0.0,1.2,1.5,0.15,0.1,0.9,1.0,0.0,0.9,0.6,0.4,0.5,6.56,0.0,9.0,2.1,1.2,0.6,934,17,Midfielder,0.7000000000000001,0.42857142857142855,0.0554089709762533,0.6666666666666666,0.16666666666666666,0.2857142857142857,0.047619047619047616,63.19101123595505,27.70224719101124,57.848314606741575,53.853932584269664,48.7126216923729,True
1199382,Josué Casimir,8583,Auxerre,FRA-Ligue 1,0.8,21.2,1.0,0.0,0.7,1.4,0.09,0.17,2.0,0.0,0.06,0.7,0.7,0.0,0.4,6.41,0.0,10.0,1.3,1.9,0.5,1503,30,Midfielder,0.5652173913043478,0.2692307692307693,0.03773584905660378,0.25,0.13999999999999999,0.5384615384615384,0.13076923076923078,49.97589583965988,69.00555471201538,35.86462445591659,44.44923575260653,48.706690432665624,True
1021929,Jacob Ramsey,10261,Newcastle United,ENG-Premier League,0.6,38.4,1.0,0.0,0.6,1.2,0.09,0.08,1.1,2.0,0.14,0.6,0.3,0.2,0.8,6.71,0.0,20.0,1.1,2.2,1.1,1264,26,Midfielder,0.717948717948718,0.21428571428571425,0.015625,1.0,0.06,0.2727272727272727,0.07272727272727272,36.021067415730336,30.570654924587505,74.16166869116307,80.66831156999696,48.660730673191324,True
673689,Pepelu,10267,Valencia CF,ESP-La Liga,3.7,49.1,1.0,0.0,2.5,2.1,0.09,0.15,1.3,0.0,0.08,0.9,0.1,0.3,0.2,7.06,0.0,21.0,1.0,2.5,0.3,2126,29,Midfielder,0.7234042553191489,0.2647058823529412,0.07535641547861507,0.23076923076923075,0.1,0.1,0.15,42.966684381010225,55.57343860714647,40.43601326045146,62.59808685089584,48.65871822994999,True
1451196,Niccolò Pisilli,8686,Roma,ITA-Serie A,1.5,48.4,2.0,0.0,1.1,1.1,0.08,0.13,1.2,3.0,0.15,1.6,0.4,0.1,0.7,6.85,0.0,11.0,1.4,1.9,0.5,1194,23,Midfielder,0.7446808510638298,0.4571428571428572,0.030991735537190084,0.4166666666666667,0.1,0.28571428571428575,0.09285714285714286,39.20861170158923,45.973896649458446,46.637729021155984,75.85884198805547,48.62144467320651,True
867414,Sandro Tonali,10261,Newcastle United,ENG-Premier League,2.6,46.3,6.0,0.0,1.3,2.9,0.1,0.06,0.9,2.0,0.0,1.1,0.3,0.3,0.5,7.04,0.0,31.0,1.3,1.2,0.7,2490,34,Midfielder,0.71875,0.47826086956521746,0.05615550755939525,0.7777777777777777,0.0935483870967742,0.23076923076923075,0.04615384615384615,53.44774268650673,31.2003112663225,62.52558457333739,53.537832776596815,48.60323086443927,True
556029,Marius Wolf,8406,FC Augsburg,GER-Bundesliga,1.2,18.7,6.0,0.0,2.4,1.8,0.17,0.1,0.8,1.0,0.09,0.9,0.5,0.0,0.4,6.46,0.0,19.0,1.3,1.5,0.5,952,28,Midfielder,0.7499999999999999,0.375,0.06417112299465241,0.625,0.09473684210526316,0.3846153846153846,0.07692307692307693,62.9064935722239,36.22239093025609,44.67745976313392,52.89280291527482,48.59083433856979,True
1202587,Ramon Terrats,8558,Espanyol,ESP-La Liga,1.0,17.7,4.0,0.0,0.6,1.0,0.1,0.13,1.4,2.0,0.09,1.0,0.3,0.5,0.7,6.34,0.0,16.0,1.3,2.0,0.7,978,28,Midfielder,0.6818181818181818,0.3333333333333333,0.05649717514124294,0.5,0.0625,0.23076923076923075,0.1,40.07181901002125,48.329259034315214,49.937354489320775,63.02740662010325,48.57541522439129,True
1093285,Fabiano Parisi,8535,Fiorentina,ITA-Serie A,1.4,32.0,3.0,0.0,1.3,1.6,0.1,0.08,0.8,1.0,0.06,1.2,0.4,0.4,0.2,6.97,0.0,19.0,1.4,1.3,1.9,1495,22,Midfielder,0.7575757575757576,0.48,0.04375,2.3749999999999996,0.08421052631578947,0.28571428571428575,0.05714285714285715,48.25339103148091,32.44738839963559,72.76172942605527,49.01409555623039,48.57281131110294,True
621515,Daichi Kamada,9826,Crystal Palace,ENG-Premier League,1.5,32.6,5.0,0.0,1.1,3.1,0.15,0.08,1.5,0.0,0.0,0.5,0.2,0.1,0.6,6.84,0.0,19.0,0.9,2.9,0.6,1773,26,Midfielder,0.693877551020408,0.14705882352941177,0.046012269938650305,0.39999999999999997,0.1631578947368421,0.22222222222222224,0.08888888888888889,65.89577639437191,27.47480767284138,42.1832295778925,74.5032645004555,48.5412500454432,True
1428426,Arthur Atta,8600,Udinese,ITA-Serie A,1.2,29.9,5.0,0.0,1.3,2.2,0.08,0.15,0.9,3.0,0.19,0.7,0.7,0.0,0.5,7.02,0.0,32.0,2.0,0.9,2.3,2383,30,Midfielder,0.64,0.43749999999999994,0.04013377926421405,2.5555555555555554,0.06875,0.35,0.075,38.100554205891285,39.99218038262982,83.85204727199108,44.50118939163883,48.45358327875094,True
982677,Folarin Balogun,9829,Monaco,FRA-Ligue 1,0.1,11.7,8.0,0.0,0.3,1.9,0.08,0.55,1.7,4.0,0.54,0.2,1.3,0.1,0.8,7.06,0.0,22.0,3.0,0.2,0.6,2169,29,Attacker,0.19047619047619047,0.5,0.008547008547008548,0.35294117647058826,0.08636363636363636,0.43333333333333335,0.18333333333333335,51.882022471910105,90.84269662921348,28.88202247191011,37.865168539325836,48.404133813045156,True
1000428,Ísak Bergmann Jóhannesson,8722,1. FC Köln,GER-Bundesliga,2.5,37.9,2.0,0.0,1.1,3.7,0.19,0.07,0.7,2.0,0.05,0.4,0.2,0.3,0.1,6.71,0.0,33.0,0.6,1.4,0.3,1791,30,Midfielder,0.72,0.22222222222222227,0.06596306068601583,0.4285714285714286,0.11212121212121212,0.33333333333333337,0.11666666666666668,61.955056179775276,48.348314606741575,42.31460674157303,39.59550561797752,48.402758972796555,True
1362622,Junior Mwanga,9848,Strasbourg,FRA-Ligue 1,2.0,37.2,2.0,0.0,1.5,1.2,0.06,0.07,1.4,1.0,0.05,0.7,0.2,0.4,0.2,6.82,0.0,18.0,0.5,2.1,1.0,1642,20,Midfielder,0.6666666666666667,0.25,0.05376344086021505,0.7142857142857143,0.06666666666666667,0.4,0.14,36.02544538920943,51.030304180585084,60.52667274015588,53.25,48.3827411023771,True
1185211,Mamadou Sangaré,8588,Lens,FRA-Ligue 1,3.2,48.4,3.0,0.0,1.1,2.0,0.08,0.13,1.4,4.0,0.12,1.5,0.5,0.2,1.0,7.69,0.0,38.0,2.0,3.3,1.2,2327,29,Midfielder,0.7741935483870969,0.3125,0.06611570247933884,0.8571428571428572,0.05263157894736842,0.25,0.065,29.16011235955056,32.43539325842697,77.59831460674155,94.35955056179776,48.37397711281825,True
1326043,Joel Roca,7732,Girona,ESP-La Liga,0.2,20.1,1.0,0.0,0.8,1.2,0.08,0.25,0.8,1.0,0.2,0.1,1.0,0.1,0.3,6.57,0.0,13.0,3.2,1.5,2.4,1339,30,Attacker,0.6666666666666666,0.0625,0.009950248756218905,2.9999999999999996,0.0923076923076923,0.3125,0.078125,33.67696629213483,50.292134831460665,77.57865168539324,42.71910112359551,48.09887121598295,True
116555,Duván Zapata,9804,Torino,ITA-Serie A,0.7,14.5,4.0,0.0,1.4,1.1,0.1,0.35,1.3,1.0,0.27,0.1,1.4,0.1,0.8,6.46,0.0,10.0,3.0,0.3,0.5,982,26,Attacker,0.23529411764705882,0.25,0.04827586206896552,0.3846153846153846,0.11000000000000001,0.4666666666666666,0.11666666666666665,56.699438202247194,78.51966292134831,28.775280898876403,38.674157303370784,48.09027916758603,True
598355,Denis Zakaria,9829,Monaco,FRA-Ligue 1,0.8,46.4,1.0,0.0,2.9,0.9,0.04,0.08,1.2,1.0,0.09,1.6,0.1,0.6,0.1,7.04,0.0,6.0,0.8,1.7,0.4,1943,23,Midfielder,0.7333333333333333,0.4848484848484849,0.017241379310344827,0.33333333333333337,0.15,0.125,0.09999999999999999,46.354400749063664,45.7377644498431,51.639298005871034,49.409024192732055,48.073125895851426,True
1460534,Junior Kroupi,8678,Bournemouth,ENG-Premier League,0.8,17.5,3.0,0.0,1.9,1.3,0.08,0.47,1.5,0.0,0.7,0.5,1.2,0.0,1.1,6.92,0.0,21.0,2.6,0.5,0.8,1534,31,Midfielder,0.4,0.5,0.045714285714285714,0.5333333333333333,0.06190476190476191,0.4615384615384615,0.18076923076923077,31.028089887640448,90.56460674157304,44.050561797752806,46.797752808988776,48.06168595981807,True
1092731,Joel Chima Fujita,8152,FC St. Pauli,GER-Bundesliga,1.1,30.7,5.0,0.0,0.6,3.9,0.14,0.04,1.2,3.0,0.03,1.1,0.2,0.1,0.6,6.97,0.0,30.0,1.0,2.4,1.5,2581,31,Midfielder,0.7446808510638298,0.31428571428571433,0.035830618892508145,1.25,0.13,0.2,0.04,72.07303370786516,12.5,76.48033707865167,78.0505617977528,47.96472944944785,True
939569,Jonathan David,9885,Juventus,ITA-Serie A,0.3,20.9,5.0,0.0,0.3,1.7,0.09,0.45,1.5,4.0,0.31,0.3,0.8,0.0,0.8,6.74,0.0,33.0,2.1,0.9,0.3,1754,34,Attacker,0.4444444444444444,0.25,0.014354066985645933,0.19999999999999998,0.051515151515151514,0.38095238095238093,0.21428571428571427,44.581232918311564,88.13871596315418,29.33910314809191,46.03565644295981,47.92011800695973,True
1233404,Pablo Torre,8661,Mallorca,ESP-La Liga,2.0,37.9,3.0,0.0,0.8,2.5,0.16,0.08,1.7,4.0,0.19,0.5,0.6,0.1,0.4,6.74,0.0,30.0,1.3,1.2,0.9,1457,33,Midfielder,0.5,0.29411764705882354,0.052770448548812667,0.5294117647058824,0.08333333333333333,0.4615384615384615,0.061538461538461535,51.418539325842694,44.75,61.662921348314605,34.264044943820224,47.91902033846905,True
1095445,Arnaud Kalimuendo-Muinga,9810,Eintracht Frankfurt,GER-Bundesliga,0.5,16.4,3.0,0.0,0.5,1.2,0.08,0.26,0.6,1.0,0.39,0.3,1.0,0.1,0.1,6.88,0.0,20.0,2.0,0.7,1.4,1375,18,Attacker,0.625,0.3,0.030487804878048783,2.3333333333333335,0.06,0.5,0.13,37.41352869723656,84.1765866990586,59.40317845935822,26.250784492357525,47.916744855500205,True
1016132,Kouadio Koné,8686,Roma,ITA-Serie A,1.3,45.4,4.0,0.0,1.0,2.5,0.09,0.08,1.7,3.0,0.07,0.7,0.2,0.1,0.4,7.18,0.0,25.0,0.8,1.8,1.1,2441,28,Midfielder,0.5952380952380952,0.27999999999999997,0.028634361233480177,0.6470588235294118,0.1,0.25,0.09999999999999999,43.10885464115801,38.41446502682458,70.70428434052029,44.90429193238182,47.78731677309246,True
1030212,Sebastiano Esposito,8529,Cagliari,ITA-Serie A,2.1,24.4,11.0,0.0,0.8,4.3,0.15,0.16,1.5,5.0,0.21,0.5,0.5,0.1,0.4,7.08,0.0,65.0,1.9,1.7,0.6,2528,34,Attacker,0.5945945945945946,0.22727272727272727,0.08606557377049182,0.39999999999999997,0.06615384615384615,0.2631578947368421,0.08421052631578949,48.75745267739649,46.774509059621415,42.42647282113574,55.251012248203246,47.78503314424129,True
1431818,Lilian Rao-Lisoa,8121,Angers,FRA-Ligue 1,1.1,21.9,8.0,0.0,2.1,2.6,0.12,0.04,1.3,4.0,0.1,0.7,0.3,0.1,0.3,6.74,0.0,21.0,0.8,2.3,0.7,1877,31,Attacker,0.6976744186046512,0.2333333333333333,0.05022831050228311,0.5384615384615384,0.12380952380952381,0.37499999999999994,0.049999999999999996,67.96215457030063,24.053573236157508,53.059077335762716,58.21887336774977,47.77247311620437,True
1169595,Ilyas Chaira,8670,Real Oviedo,ESP-La Liga,0.4,20.3,3.0,0.0,0.4,1.3,0.05,0.26,2.0,2.0,0.23,0.2,1.3,0.2,0.6,6.67,0.0,17.0,3.0,1.9,1.2,2344,34,Attacker,0.5121951219512195,0.09523809523809523,0.019704433497536946,0.6,0.07647058823529412,0.43333333333333335,0.08666666666666667,28.924157303370784,65.73314606741573,55.15730337078651,56.646067415730336,47.737429326943,True
1185568,Benedict Hollerbach,8149,1. FC Union Berlin,GER-Bundesliga,0.6,15.3,3.0,0.0,0.4,2.3,0.08,0.25,1.5,0.0,0.32,0.1,0.8,0.0,0.6,6.6,0.0,27.0,2.7,1.5,1.5,2554,34,Attacker,0.5161290322580645,0.0625,0.0392156862745098,1.0,0.08518518518518518,0.2962962962962963,0.09259259259259259,38.04391891891892,52.37837837837838,56.96621621621622,47.57432432432432,47.670801693983044,False
684981,Aarón Martín,10233,Genoa,ITA-Serie A,1.7,24.1,11.0,0.0,1.8,5.3,0.23,0.06,1.3,5.0,0.04,0.4,0.2,0.5,0.3,7.0,0.0,60.0,0.5,1.8,0.5,2100,31,Midfielder,0.6285714285714287,0.18181818181818182,0.07053941908713693,0.3846153846153846,0.08833333333333333,0.4,0.12,71.98572730033403,41.666211154975194,33.68408998886527,46.862435469177036,47.65857991134852,True
661761,Riccardo Orsolini,9857,Bologna,ITA-Serie A,1.7,16.7,1.0,0.0,0.7,1.1,0.05,0.4,0.9,1.0,0.39,0.3,1.3,0.0,0.4,7.01,0.0,26.0,3.4,0.9,1.4,2094,34,Attacker,0.5714285714285714,0.25,0.10179640718562874,1.5555555555555554,0.04230769230769231,0.3823529411764706,0.11764705882352942,30.21545703006377,74.39582700678206,65.91395890272294,36.058912845429695,47.65437403727093,True
950474,James Garner,8668,Everton,ENG-Premier League,1.5,40.3,12.0,0.0,2.3,5.5,0.15,0.05,1.0,7.0,0.06,1.6,0.4,0.3,0.4,7.42,0.0,52.0,1.2,3.2,0.5,3234,36,Midfielder,0.8275862068965517,0.3333333333333333,0.03722084367245658,0.5,0.10576923076923077,0.33333333333333337,0.04166666666666667,64.16158011944528,24.44698350035429,46.655468670918104,71.9659884603705,47.63102562935711,True
527103,Breel Embolo,9851,Rennes,FRA-Ligue 1,0.2,12.0,2.0,0.0,0.9,1.2,0.06,0.4,2.3,3.0,0.39,0.2,0.8,0.2,0.7,6.82,0.0,15.0,1.8,0.9,0.7,1827,30,Attacker,0.3235294117647059,0.18181818181818182,0.016666666666666666,0.30434782608695654,0.08,0.4444444444444445,0.22222222222222224,44.3284492357526,87.88455309241824,31.281961737017912,41.55752100415021,47.5922591127605,True
833638,Nikola Krstovic,8524,Atalanta,ITA-Serie A,0.5,18.8,5.0,0.0,0.8,2.1,0.11,0.73,2.3,5.0,0.53,0.2,1.8,0.2,1.2,7.04,0.0,20.0,5.1,0.7,0.8,1696,32,Attacker,0.28125,0.22222222222222227,0.026595744680851064,0.3478260869565218,0.10500000000000001,0.35294117647058826,0.1431372549019608,48.82408391537604,71.48085585585585,33.085307217329685,43.30557242635894,47.57241694839787,True
1015185,Eduardo Camavinga,8633,Real Madrid,ESP-La Liga,3.4,59.1,2.0,0.0,1.4,2.1,0.12,0.07,1.9,0.0,0.06,0.8,0.1,0.7,0.5,7.08,0.0,15.0,0.8,3.8,0.8,1506,28,Midfielder,0.7076923076923076,0.1739130434782609,0.05752961082910321,0.4210526315789474,0.14,0.125,0.08750000000000001,45.878682052839345,26.14361271383743,65.47919829942302,71.2025761716773,47.57180830353983,True
208494,Casemiro,10260,Manchester United,ENG-Premier League,2.9,45.0,4.0,0.0,2.6,3.0,0.11,0.19,1.6,2.0,0.32,1.1,0.6,1.0,0.3,7.36,0.0,34.0,1.8,3.2,0.2,2507,33,Midfielder,0.728813559322034,0.25581395348837205,0.06444444444444444,0.125,0.08823529411764706,0.3333333333333333,0.10555555555555556,48.77096619091001,48.53225275837635,33.301637311468774,69.54074299018119,47.535742560031245,True
612863,Frank Anguissa,9875,Napoli,ITA-Serie A,0.8,44.3,1.0,0.0,0.8,1.3,0.09,0.18,1.3,1.0,0.29,0.9,0.6,0.2,0.2,7.05,0.0,13.0,1.6,1.3,0.6,1256,18,Midfielder,0.6285714285714287,0.40909090909090906,0.018058690744920995,0.4615384615384615,0.1,0.37499999999999994,0.11249999999999999,41.27524293956878,56.810633667375235,56.69053041805851,37.67279076829639,47.52230404970841,True
266523,Pierre-Emile Højbjerg,8592,Marseille,FRA-Ligue 1,2.5,66.9,5.0,0.0,1.4,2.7,0.09,0.1,1.2,4.0,0.1,0.9,0.4,0.2,0.6,7.31,0.0,37.0,1.5,1.3,0.6,2633,31,Midfielder,0.6470588235294118,0.40909090909090906,0.03736920777279521,0.5,0.07297297297297298,0.26666666666666666,0.06666666666666667,48.88123797955259,34.74019384553092,52.70022269460471,58.77702702702703,47.4509983211716,True
1344677,Mateo Joseph,8661,Mallorca,ESP-La Liga,0.1,13.0,3.0,0.0,1.3,0.9,0.05,0.27,1.0,3.0,0.11,0.6,0.7,0.2,0.5,6.56,0.0,14.0,1.7,1.5,1.0,1703,29,Attacker,0.6774193548387097,0.2857142857142857,0.007692307692307693,1.0,0.0642857142857143,0.4117647058823529,0.15882352941176472,24.873595505617978,79.25842696629213,53.72752808988764,56.19662921348314,47.42138137237428,True
800615,Filip Ugrinic,10267,Valencia CF,ESP-La Liga,1.7,34.0,6.0,0.0,1.9,2.6,0.17,0.06,1.1,3.0,0.0,0.5,0.1,0.3,0.5,6.81,0.0,21.0,1.2,1.7,1.0,1344,25,Midfielder,0.6666666666666666,0.22727272727272727,0.049999999999999996,0.9090909090909091,0.12380952380952381,0.08333333333333334,0.05,76.65730337078651,15.643258426966291,68.8314606741573,57.91573033707864,47.41916696017836,True
1107280,Pape Sarr,8586,Tottenham Hotspur,ENG-Premier League,1.3,35.1,2.0,0.0,3.1,1.1,0.07,0.1,1.8,3.0,0.13,1.1,0.4,0.7,0.3,6.8,0.0,8.0,1.1,2.2,0.8,1352,24,Midfielder,0.6470588235294118,0.3333333333333333,0.037037037037037035,0.4444444444444445,0.1375,0.36363636363636365,0.09090909090909091,37.2432938556534,52.44287124202854,51.11804079360258,54.60583054965077,47.40535398550825,True
1016093,Gustav Isaksen,8543,Lazio,ITA-Serie A,0.9,23.1,0.0,0.0,0.3,1.1,0.07,0.29,1.0,1.0,0.28,0.4,1.1,0.2,0.7,6.74,0.0,17.0,2.7,0.9,1.5,1579,29,Attacker,0.5652173913043479,0.3076923076923077,0.03896103896103896,1.5,0.06470588235294118,0.40740740740740744,0.1074074074074074,26.854577892499236,68.36561139791475,73.15932786719303,40.589938252859596,47.33321778558387,True
949673,Woo-Yeong Jeong,8149,1. FC Union Berlin,GER-Bundesliga,0.4,19.0,0.0,0.0,1.3,0.8,0.06,0.16,1.0,1.0,0.23,0.5,0.5,0.0,0.5,6.53,0.0,6.0,1.6,1.4,0.5,1168,27,Midfielder,0.6551724137931034,0.2631578947368421,0.021052631578947368,0.5,0.13333333333333333,0.3125,0.09999999999999999,46.64104413402166,49.89781354388095,41.74926612005263,52.93392549853224,47.321651190504966,True
1214915,Brooke Norton-Cuffy,10233,Genoa,ITA-Serie A,1.1,23.5,2.0,0.0,1.6,1.8,0.08,0.07,0.9,1.0,0.08,0.4,0.2,0.2,0.4,6.83,0.0,21.0,0.7,1.7,1.3,2184,26,Midfielder,0.7000000000000001,0.19047619047619047,0.04680851063829788,1.4444444444444444,0.08571428571428572,0.28571428571428575,0.10000000000000002,35.3314606741573,39.60674157303371,70.72191011235955,55.365168539325836,47.307127364304485,True
1124825,Tim Lemperle,8226,TSG 1899 Hoffenheim,GER-Bundesliga,0.2,16.6,2.0,0.0,1.2,2.3,0.11,0.39,2.6,2.0,0.38,0.3,1.0,0.0,1.0,6.98,0.0,27.0,2.4,0.9,0.7,1913,28,Attacker,0.3157894736842105,0.25,0.012048192771084336,0.2692307692307692,0.08518518518518518,0.4166666666666667,0.1625,40.64044943820224,84.3820224719101,31.2752808988764,48.247191011235955,47.287324737600635,True
624166,Manuel Locatelli,9885,Juventus,ITA-Serie A,5.5,74.1,5.0,0.0,2.3,4.7,0.15,0.08,1.7,2.0,0.03,1.2,0.4,0.7,0.5,7.57,0.0,45.0,1.3,3.1,0.3,2824,34,Midfielder,0.7166666666666667,0.27906976744186046,0.07422402159244265,0.17647058823529413,0.10444444444444445,0.3076923076923077,0.061538461538461535,59.33491497115093,33.53078499848163,39.95203208826805,63.810886729426066,47.2843803331686,True
626890,Marius Bülter,8722,1. FC Köln,GER-Bundesliga,1.0,16.5,7.0,0.0,1.0,4.5,0.27,0.25,1.0,4.0,0.3,0.4,1.0,0.2,0.4,6.66,0.0,25.0,2.4,0.3,0.4,1510,31,Attacker,0.4117647058823529,0.5714285714285715,0.06060606060606061,0.4,0.18,0.4166666666666667,0.10416666666666667,91.00842696629213,68.33707865168539,27.441011235955052,21.99438202247191,47.25534795791777,True
1173678,Johnny Cardoso,8603,Real Betis,ESP-La Liga,1.5,39.9,2.0,0.0,2.6,0.8,0.03,0.09,1.6,1.0,0.13,2.0,0.3,0.5,0.5,7.07,0.0,9.0,0.8,2.3,1.1,2143,28,Midfielder,0.7288135593220338,0.46511627906976744,0.03759398496240601,0.6875,0.08888888888888889,0.37499999999999994,0.11249999999999999,25.66216216216216,52.905405405405396,65.86824324324323,67.67567567567568,47.25181831527983,False
699461,Jean-Victor Makengo,8689,Lorient,FRA-Ligue 1,0.7,23.1,1.0,0.0,1.2,1.6,0.08,0.16,0.5,2.0,0.21,0.5,0.7,0.1,0.5,6.9,0.0,23.0,1.9,1.4,1.2,1746,30,Midfielder,0.7916666666666666,0.2631578947368421,0.0303030303030303,2.4,0.06956521739130435,0.3684210526315789,0.08421052631578949,24.92696629213483,51.870786516853926,72.55337078651684,63.932584269662925,47.210694231436655,True
183353,Kike García,8558,Espanyol,ESP-La Liga,0.5,13.2,4.0,0.0,1.0,2.2,0.12,0.45,1.6,1.0,0.38,0.3,1.4,0.1,0.9,6.55,0.0,19.0,3.2,0.6,0.5,1640,35,Attacker,0.36,0.33333333333333337,0.03787878787878788,0.3125,0.11578947368421054,0.43749999999999994,0.140625,53.279038870331,84.0944427573641,24.225554205891285,43.60221176232412,47.11171055019278,True
923298,Pablo Martínez,8581,Levante,ESP-La Liga,1.9,26.5,9.0,0.0,1.4,3.6,0.19,0.1,1.5,4.0,0.05,1.0,0.2,0.5,0.6,6.78,0.0,29.0,1.5,0.9,0.7,1689,25,Midfielder,0.5588235294117647,0.5263157894736842,0.07169811320754717,0.4666666666666666,0.12413793103448276,0.13333333333333333,0.06666666666666667,82.96629213483146,25.51685393258427,46.806179775280896,43.61797752808989,47.08539198602249,True
1168311,Yasin Ayari,10204,Brighton and Hove Albion,ENG-Premier League,1.9,38.7,2.0,0.0,1.1,1.1,0.05,0.13,1.1,3.0,0.14,1.2,0.5,0.2,0.7,7.05,0.0,15.0,1.9,2.2,0.8,1916,28,Midfielder,0.7555555555555556,0.3529411764705882,0.049095607235142114,0.7272727272727273,0.07333333333333333,0.2631578947368421,0.06842105263157895,34.232981577082704,36.760856361979954,60.34732766474338,75.85545095657456,47.080567878878526,True
556524,Lucas Höler,8358,Sport-Club Freiburg,GER-Bundesliga,0.3,17.1,2.0,0.0,1.8,1.9,0.09,0.2,1.3,1.0,0.13,0.5,0.7,0.1,0.6,6.72,0.0,24.0,1.5,1.1,0.4,2025,32,Midfielder,0.5517241379310345,0.3125,0.017543859649122806,0.3076923076923077,0.07916666666666666,0.4666666666666666,0.13333333333333333,38.22919829942301,81.00404899281304,31.73317137362081,52.622102439518166,46.93072328496837,True
759817,Miro Muheim,9790,Hamburger SV,GER-Bundesliga,2.8,30.9,6.0,0.0,2.2,4.2,0.16,0.04,1.4,4.0,0.0,1.0,0.3,0.2,0.2,7.2,0.0,41.0,0.9,2.3,0.8,2410,28,Midfielder,0.7021276595744681,0.30303030303030304,0.09061488673139158,0.5714285714285715,0.10243902439024391,0.3333333333333333,0.044444444444444446,68.33988764044943,23.14887640449438,55.35955056179775,51.887640449438194,46.810758734146276,True
1174672,João Gomes,8602,Wolverhampton Wanderers,ENG-Premier League,1.2,39.9,2.0,0.0,1.3,2.1,0.07,0.04,2.2,1.0,0.03,1.1,0.2,0.2,0.4,6.96,0.0,16.0,0.6,3.5,1.4,2743,34,Midfielder,0.676470588235294,0.23913043478260873,0.03007518796992481,0.6363636363636362,0.13125,0.33333333333333337,0.06666666666666667,39.94060633667376,29.769156797246684,67.3550334041907,66.31901002125721,46.804342676591254,True
902651,Raoul Bellanova,8524,Atalanta,ITA-Serie A,1.1,31.2,3.0,0.0,1.5,2.3,0.16,0.03,0.3,1.0,0.0,0.5,0.3,0.2,0.3,6.77,0.0,20.0,0.9,1.2,0.6,1329,23,Midfielder,0.85,0.29411764705882354,0.03525641025641026,2.0,0.11499999999999999,0.3333333333333333,0.03333333333333333,71.57047778115194,20.79529810709586,64.04417198096972,45.87344366838749,46.75667664963909,True
1308909,Cristian Volpato,7943,Sassuolo,ITA-Serie A,1.6,26.5,6.0,0.0,0.9,1.6,0.14,0.12,1.6,4.0,0.17,0.4,0.6,0.1,0.0,6.82,0.0,23.0,1.7,1.4,2.0,1038,22,Attacker,0.5294117647058824,0.22222222222222227,0.06037735849056604,1.25,0.06956521739130435,0.35294117647058826,0.07058823529411765,52.2752808988764,42.651685393258425,76.00561797752809,23.926966292134832,46.6618456749238,True
244811,Davide Zappacosta,8524,Atalanta,ITA-Serie A,1.0,33.7,2.0,0.0,1.3,4.6,0.17,0.08,0.6,3.0,0.11,0.7,0.3,0.1,0.4,6.99,0.0,37.0,1.3,0.7,0.9,2447,33,Midfielder,0.7,0.5,0.029673590504451036,1.5,0.12432432432432432,0.23076923076923075,0.061538461538461535,64.42463812126734,26.77358538313594,63.88521105375039,38.805294058103044,46.64128520643639,True
1177312,Sékou Mara,8583,Auxerre,FRA-Ligue 1,0.7,13.0,2.0,0.0,0.5,1.1,0.09,0.24,2.1,2.0,0.24,0.2,0.9,0.0,0.4,6.5,0.0,8.0,2.5,0.9,1.2,1147,26,Attacker,0.34375,0.18181818181818182,0.05384615384615384,0.5714285714285714,0.1375,0.36,0.096,54.69943820224719,59.52247191011236,48.35955056179775,25.769662921348313,46.60230640823762,True
950596,Marco Brescianini,8535,Fiorentina,ITA-Serie A,1.2,29.3,2.0,0.0,2.2,0.8,0.08,0.18,1.6,0.0,0.2,0.2,0.4,0.4,0.4,0.0,0.0,9.0,1.3,1.3,0.8,903,24,Midfielder,0.48387096774193544,0.13333333333333333,0.040955631399317405,0.5,0.08888888888888889,0.3076923076923077,0.13846153846153844,38.125822451665144,65.6696907581739,48.63970290515234,38.37468367243648,46.479740984862296,True
1113785,Hannibal Mejbri,8191,Burnley,ENG-Premier League,1.3,28.7,5.0,0.0,0.5,1.8,0.14,0.05,1.7,4.0,0.08,0.7,0.3,0.2,0.7,6.64,0.0,18.0,1.3,2.2,1.5,1095,25,Midfielder,0.6304347826086957,0.24137931034482754,0.04529616724738676,0.8823529411764706,0.1,0.23076923076923075,0.038461538461538464,62.457865168539314,15.103932584269662,70.90168539325842,70.91573033707864,46.372585012839544,True
161291,Youssef El Arabi,9830,Nantes,FRA-Ligue 1,1.1,16.0,1.0,0.0,1.1,1.0,0.09,0.24,2.1,0.0,0.29,0.3,0.9,0.1,0.6,6.55,0.0,9.0,1.4,1.2,0.6,938,25,Attacker,0.41666666666666663,0.19999999999999998,0.06875,0.2857142857142857,0.1111111111111111,0.6428571428571429,0.17142857142857143,43.27247191011235,85.46629213483146,28.912921348314605,42.99438202247191,46.31989465935373,True
479020,Ayoze Pérez,10205,Villarreal,ESP-La Liga,0.3,15.7,2.0,0.0,0.7,0.6,0.06,0.44,1.5,3.0,0.28,0.4,0.8,0.0,0.3,6.56,0.0,14.0,1.8,1.9,0.9,957,23,Attacker,0.6052631578947368,0.1739130434782609,0.01910828025477707,0.6,0.04285714285714286,0.4444444444444445,0.24444444444444444,25.40974541957688,90.06234183621824,51.27740662010325,43.16565441846341,46.20033046573113,True
934156,Jurgen Ekkelenkamp,8600,Udinese,ITA-Serie A,0.3,20.8,4.0,0.0,1.1,1.8,0.07,0.2,0.9,3.0,0.2,0.6,0.6,0.2,0.4,6.93,0.0,27.0,1.3,1.9,0.7,2203,31,Midfielder,0.7352941176470589,0.24,0.014423076923076922,0.7777777777777777,0.06666666666666667,0.4615384615384615,0.15384615384615385,31.36123342443567,67.61273914363802,44.23563872861626,53.8477325640247,46.142554397556296,True
1120224,Tyrick Mitchell,9826,Crystal Palace,ENG-Premier League,1.0,22.4,4.0,0.0,2.7,2.4,0.07,0.04,0.7,2.0,0.03,1.0,0.2,0.3,0.2,7.06,0.0,29.0,0.5,2.8,0.4,3118,36,Midfielder,0.8444444444444444,0.2631578947368421,0.044642857142857144,0.5714285714285715,0.08275862068965517,0.4,0.08,46.600301143840476,42.31959206397409,38.51566454094544,63.40836623139993,46.13076393677513,True
448540,Serhou Guirassy,9789,Borussia Dortmund,GER-Bundesliga,0.3,16.6,1.0,0.0,1.4,3.5,0.14,0.63,1.5,1.0,0.64,0.0,1.4,0.1,0.4,7.21,0.0,20.0,3.0,0.1,0.5,2265,32,Attacker,0.0625,0.0,0.018072289156626505,0.3333333333333333,0.175,0.4666666666666666,0.21,64.1629846138273,93.71811418159733,29.409391132705736,20.333232108513005,46.12156596574278,True
590494,Umar Sadiq,10267,Valencia CF,ESP-La Liga,0.2,10.3,3.0,0.0,0.3,1.5,0.13,0.3,2.8,2.0,0.35,0.1,0.8,0.1,0.6,6.46,0.0,10.0,2.5,0.7,1.2,1027,23,Attacker,0.22222222222222224,0.12500000000000003,0.019417475728155338,0.4285714285714286,0.15,0.32,0.12,50.02730539528292,64.82046512804939,42.899635590646824,28.829967608057498,46.00154317099235,True
921825,Jon Moncayola,8371,Osasuna,ESP-La Liga,2.7,33.7,9.0,0.0,1.5,3.5,0.11,0.06,1.2,4.0,0.0,0.6,0.2,0.2,0.3,6.96,0.0,37.0,0.7,1.6,0.4,2889,34,Midfielder,0.6470588235294118,0.2727272727272727,0.08011869436201781,0.33333333333333337,0.0945945945945946,0.28571428571428575,0.08571428571428572,66.15644295981373,37.970961129668986,33.96655784998482,49.49526773964976,45.994951108492636,True
820024,Sean Longstaff,8463,Leeds United,ENG-Premier League,1.4,34.0,6.0,0.0,1.0,1.8,0.16,0.12,1.2,2.0,0.18,1.1,0.4,0.6,0.5,0.0,0.0,25.0,1.5,3.4,0.2,976,22,Midfielder,0.7894736842105263,0.24444444444444446,0.041176470588235294,0.16666666666666669,0.07200000000000001,0.26666666666666666,0.08,56.10955056179775,37.80898876404494,28.502808988764045,79.01685393258427,45.95953911653337,True
446266,Mario Pasalic,8524,Atalanta,ITA-Serie A,3.8,57.4,7.0,0.0,1.2,2.7,0.13,0.1,1.0,4.0,0.15,0.5,0.3,0.1,0.4,6.82,0.0,37.0,0.9,1.2,0.3,1815,31,Midfielder,0.6296296296296295,0.29411764705882354,0.06620209059233449,0.3,0.07297297297297298,0.3333333333333333,0.11111111111111112,49.06794716064379,53.4790717683976,41.253125316327555,38.94938758983703,45.840534469336355,True
890263,Jordan Teze,9829,Monaco,FRA-Ligue 1,2.1,40.4,6.0,0.0,2.2,5.1,0.19,0.02,1.2,2.0,0.04,1.0,0.2,0.4,0.4,7.04,0.0,34.0,0.5,2.2,0.1,2427,32,Midfielder,0.7272727272727273,0.3125,0.051980198019801985,0.08333333333333334,0.15,0.4,0.04,83.30337078651685,27.469101123595507,28.82022471910112,63.35393258426966,45.834124582828245,True
93447,Robert Lewandowski,8634,Barcelona,ESP-La Liga,0.3,14.1,4.0,0.0,1.1,1.1,0.07,0.82,0.7,2.0,0.79,0.2,1.7,0.0,0.7,6.92,0.0,13.0,3.6,0.3,0.5,1481,29,Attacker,0.4166666666666667,0.4,0.02127659574468085,0.7142857142857143,0.08461538461538462,0.4722222222222222,0.22777777777777775,36.21176232412188,94.33518068630427,37.6052485069339,33.50197388399636,45.72455785618349,True
889534,Emile Smith Rowe,9879,Fulham,ENG-Premier League,0.4,39.5,1.0,0.0,0.9,1.1,0.05,0.24,0.5,0.0,0.15,1.1,0.5,0.1,0.4,6.67,0.0,18.0,1.7,1.6,0.7,1777,35,Midfielder,0.84375,0.40740740740740744,0.010126582278481013,1.4,0.061111111111111116,0.29411764705882354,0.1411764705882353,22.55783733171374,61.69051776495596,67.42296791173196,55.67653608664845,45.69621720161138,True
847357,Mehdi Léris,6479,Pisa,ITA-Serie A,1.1,18.7,5.0,0.0,1.9,1.9,0.1,0.08,1.4,3.0,0.1,0.9,0.4,0.4,0.5,6.79,0.0,27.0,1.2,2.9,0.7,1766,32,Midfielder,0.7307692307692308,0.2368421052631579,0.05882352941176471,0.5,0.07037037037037036,0.33333333333333337,0.06666666666666667,44.09269662921348,35.54775280898876,41.69943820224719,73.57303370786516,45.644590985201,True
1199959,Ezequiél Fernández,8178,Bayer 04 Leverkusen,GER-Bundesliga,3.2,67.4,1.0,0.0,1.6,1.1,0.1,0.06,1.3,1.0,0.0,1.1,0.1,0.3,0.5,6.88,0.0,8.0,1.0,2.8,0.8,987,20,Midfielder,0.75,0.2820512820512821,0.04747774480712166,0.6153846153846154,0.1375,0.1,0.06,52.27808988764044,17.480337078651683,67.91853932584269,75.12359550561797,45.6337040514742,True
1109046,Ilaix Moriba,9910,Celta de Vigo,ESP-La Liga,1.1,33.0,4.0,0.0,1.2,1.7,0.07,0.05,1.4,2.0,0.04,0.9,0.2,0.2,0.4,6.8,0.0,15.0,0.7,3.1,0.5,2308,34,Midfielder,0.7407407407407407,0.225,0.03333333333333333,0.35714285714285715,0.11333333333333333,0.28571428571428575,0.07142857142857144,53.1277330701488,28.536061342241116,43.593810102237065,68.80666059317745,45.58554970134941,True
978680,Han-Noah Massengo,8406,FC Augsburg,GER-Bundesliga,1.1,35.0,3.0,0.0,1.6,1.6,0.06,0.05,0.9,1.0,0.08,1.4,0.2,0.3,0.6,6.91,0.0,16.0,0.8,1.5,1.0,2400,32,Midfielder,0.7631578947368421,0.48275862068965514,0.03142857142857143,1.1111111111111112,0.1,0.25,0.0625,42.122899584978235,28.22692074096568,66.48771383743293,57.73251341228869,45.49784183538733,True
956683,Ryan Gravenberch,8650,Liverpool,ENG-Premier League,0.7,50.2,4.0,0.0,1.6,2.2,0.07,0.06,1.1,3.0,0.15,1.5,0.4,0.4,0.3,7.25,0.0,28.0,1.1,1.7,0.9,2913,35,Midfielder,0.7441860465116278,0.46875,0.01394422310756972,0.8181818181818181,0.07857142857142858,0.36363636363636365,0.054545454545454536,44.558318149610294,25.65722745217127,72.4553725073388,53.4774521712724,45.46035869100484,True
1473806,Marco Palestra,8529,Cagliari,ITA-Serie A,0.8,21.6,7.0,0.0,1.2,3.3,0.1,0.05,1.2,4.0,0.03,0.6,0.2,0.1,0.1,7.03,0.0,29.0,0.8,1.6,2.0,2967,35,Midfielder,0.6470588235294118,0.2727272727272727,0.037037037037037035,1.6666666666666667,0.11379310344827585,0.25,0.0625,65.05337078651685,21.620786516853933,74.65168539325842,35.8876404494382,45.38869527702743,True
797594,Azor Matusiwa,9851,Rennes,FRA-Ligue 1,2.3,41.9,2.0,0.0,2.1,1.6,0.07,0.05,1.3,3.0,0.04,1.5,0.1,0.4,0.6,7.13,0.0,17.0,0.5,2.8,0.7,2078,29,Midfielder,0.7678571428571429,0.3488372093023256,0.0548926014319809,0.5384615384615384,0.09411764705882353,0.2,0.1,35.47635135135135,31.885135135135133,55.189189189189186,79.9054054054054,45.37926788114818,False
640123,Toni Martínez,9866,Alavés,ESP-La Liga,0.4,13.3,6.0,0.0,1.3,2.2,0.08,0.35,1.6,3.0,0.42,0.1,1.2,0.1,0.8,7.02,0.0,24.0,3.1,1.0,0.6,2553,35,Attacker,0.40740740740740744,0.09090909090909091,0.03007518796992481,0.37499999999999994,0.09166666666666667,0.3870967741935484,0.1129032258064516,42.52262374734284,66.6364004453892,32.42496710193339,46.94022674359752,45.34640067804012,True
604982,Ruben Loftus-Cheek,8564,Milan,ITA-Serie A,0.4,27.2,3.0,0.0,1.3,1.1,0.09,0.25,1.8,1.0,0.24,0.4,0.5,0.1,0.4,6.61,0.0,10.0,2.3,1.0,1.0,1122,27,Midfielder,0.43749999999999994,0.28571428571428575,0.014705882352941178,0.5555555555555556,0.11000000000000001,0.2173913043478261,0.10869565217391305,45.67222137868205,44.55970999088976,57.10336319465532,34.31637817592874,45.33117125054444,True
1033111,Kaishu Sano,9905,1. FSV Mainz 05,GER-Bundesliga,1.5,30.2,6.0,0.0,1.4,3.4,0.1,0.04,0.4,2.0,0.03,2.0,0.2,0.4,0.2,7.31,0.0,24.0,0.7,1.5,0.8,2969,33,Midfielder,0.8974358974358975,0.5714285714285714,0.049668874172185434,2.0,0.14166666666666666,0.28571428571428575,0.05714285714285715,57.907581739042406,18.78831359449337,69.63920943415324,55.15135641259237,45.32285678233464,True
1106742,Sergio Carreira,9910,Celta de Vigo,ESP-La Liga,1.9,43.5,0.0,0.0,2.2,1.7,0.06,0.05,0.6,1.0,0.07,0.9,0.2,0.1,0.1,6.93,0.0,18.0,0.5,1.1,0.8,2513,32,Midfielder,0.7692307692307692,0.45,0.04367816091954023,1.3333333333333335,0.09444444444444444,0.4,0.1,40.510211053750375,37.417084219050516,68.33802763437593,40.540059722643996,45.2667509611685,True
1024672,Nicolas Seiwald,178475,RB Leipzig,GER-Bundesliga,2.0,42.5,3.0,0.0,2.2,1.9,0.06,0.06,0.6,2.0,0.0,1.9,0.2,0.3,0.4,7.16,0.0,14.0,0.7,2.1,0.3,2630,32,Midfielder,0.8695652173913044,0.475,0.047058823529411764,0.5,0.1357142857142857,0.28571428571428575,0.08571428571428572,57.42957283125821,24.9540692377771,42.50092367648547,71.40267233525661,45.171915297930575,True
602523,Maximilian Eggestein,8358,Sport-Club Freiburg,GER-Bundesliga,1.2,36.3,2.0,0.0,1.8,1.7,0.05,0.12,0.5,1.0,0.09,0.9,0.4,0.5,0.4,6.84,0.0,18.0,1.3,1.9,0.4,2970,33,Midfielder,0.8484848484848485,0.32142857142857145,0.03305785123966942,0.8,0.09444444444444444,0.3076923076923077,0.0923076923076923,36.70026065391234,40.82169247899585,48.83017005769815,63.49881060836117,45.1698526272258,True
1513317,Adama Camara,6379,Paris FC,FRA-Ligue 1,1.6,32.5,4.0,0.0,2.6,1.5,0.06,0.08,1.1,0.0,0.04,1.6,0.2,0.5,0.2,6.85,0.0,15.0,0.7,2.3,0.4,2081,28,Midfielder,0.78,0.4102564102564103,0.04923076923076923,0.36363636363636365,0.1,0.28571428571428575,0.1142857142857143,44.48876404494382,43.69662921348314,38.817415730337075,57.98876404494382,45.13490279973657,True
213516,Dani Rodríguez,8661,Mallorca,ESP-La Liga,0.9,19.0,7.0,0.0,1.0,3.4,0.14,0.11,2.1,7.0,0.17,0.5,0.4,0.1,0.4,6.71,0.0,33.0,1.3,2.0,0.7,2175,37,Attacker,0.5434782608695653,0.2,0.04736842105263158,0.3333333333333333,0.10303030303030303,0.3076923076923077,0.0846153846153846,66.17229729729729,40.74324324324324,32.58445945945946,43.25675675675675,45.10037822132258,False
737066,Erling Haaland,8456,Manchester City,ENG-Premier League,0.1,7.5,8.0,0.0,1.2,2.3,0.07,0.79,0.7,8.0,0.82,0.2,1.8,0.0,0.4,7.67,0.0,24.0,3.9,0.5,0.5,2868,34,Attacker,0.5,0.28571428571428575,0.013333333333333334,0.7142857142857143,0.09583333333333333,0.46153846153846156,0.20256410256410257,47.5133237169754,95.45811823059012,30.585712116610992,26.528115193845526,45.09400086522926,True
843099,Scott McTominay,9875,Napoli,ITA-Serie A,1.1,36.5,1.0,0.0,1.5,1.4,0.05,0.35,0.8,3.0,0.31,0.7,1.1,0.4,0.8,7.27,0.0,21.0,3.3,1.0,0.8,2613,31,Midfielder,0.6799999999999999,0.4117647058823529,0.030136986301369864,1.0,0.06666666666666667,0.33333333333333337,0.10606060606060606,21.60841178256909,65.68254631035529,64.70909251948578,53.53816175726288,45.0011246721733,True
1293912,Pablo Marín,8560,Real Sociedad,ESP-La Liga,0.5,18.1,2.0,0.0,0.8,1.3,0.08,0.08,1.4,1.0,0.0,0.4,0.3,0.1,0.2,6.33,0.0,11.0,0.8,1.2,1.0,1382,32,Midfielder,0.5333333333333333,0.25,0.027624309392265192,0.7142857142857143,0.11818181818181818,0.37499999999999994,0.09999999999999999,40.06837736613017,44.26952373722037,57.9130731855451,39.85914566251645,44.9952313450496,True
639671,Patrick Cutrone,10171,Como,ITA-Serie A,0.2,14.5,5.0,0.0,0.2,2.1,0.09,0.31,1.0,4.0,0.31,0.2,1.1,0.0,0.9,6.64,0.0,19.0,3.1,0.7,0.4,2053,33,Attacker,0.47368421052631576,0.22222222222222227,0.013793103448275864,0.4,0.1105263157894737,0.3548387096774194,0.09999999999999999,56.47972972972972,62.641891891891895,23.30743243243243,47.918918918918926,44.95303414492011,False
1296650,Adam Wharton,9826,Crystal Palace,ENG-Premier League,2.4,34.4,14.0,0.0,1.5,7.2,0.26,0.05,1.2,5.0,0.0,0.9,0.1,0.1,0.5,6.99,0.0,40.0,1.0,2.5,0.5,2455,32,Midfielder,0.7391304347826088,0.2647058823529412,0.06976744186046512,0.4166666666666667,0.18,0.1,0.05,82.49061139791478,15.995951007186962,39.54358993825286,76.7367395485373,44.89454403477385,True
654908,Richarlison,8586,Tottenham Hotspur,ENG-Premier League,0.5,9.1,4.0,0.0,2.4,1.3,0.07,0.38,1.1,4.0,0.5,0.3,1.2,0.1,0.7,6.84,0.0,18.0,2.8,1.3,0.5,1794,30,Attacker,0.5925925925925926,0.18749999999999997,0.054945054945054944,0.45454545454545453,0.07222222222222223,0.4285714285714286,0.13571428571428573,35.34550561797752,81.02247191011236,27.867977528089888,55.6629213483146,44.8787956508844,True
1188890,Nicolai Remberg,9790,Hamburger SV,GER-Bundesliga,1.8,36.9,5.0,0.0,3.4,1.4,0.04,0.03,1.4,2.0,0.0,1.4,0.3,0.5,0.2,7.04,0.0,13.0,0.5,1.9,0.5,2790,31,Midfielder,0.7021276595744681,0.42424242424242425,0.04878048780487805,0.35714285714285715,0.10769230769230768,0.6,0.06,46.25561797752808,40.28651685393258,45.252808988764045,48.061797752808985,44.78274022458245,True
817724,Danny Namaso,8583,Auxerre,FRA-Ligue 1,0.8,21.2,5.0,0.0,0.8,2.0,0.07,0.2,2.2,3.0,0.11,0.4,0.6,0.1,0.7,6.78,0.0,32.0,2.3,1.2,1.2,2453,29,Attacker,0.42105263157894735,0.25,0.03773584905660378,0.5454545454545454,0.0625,0.2608695652173913,0.08695652173913045,35.460674157303366,45.98595505617977,54.632022471910105,47.758426966292134,44.74579425311201,True
1302005,Igor Thiago,9937,Brentford,ENG-Premier League,0.3,12.0,6.0,0.0,1.7,1.8,0.05,0.59,2.0,1.0,0.64,0.3,1.2,0.2,0.4,7.19,0.0,23.0,2.3,1.0,0.8,3104,36,Attacker,0.393939393939394,0.23076923076923075,0.024999999999999998,0.4,0.0782608695652174,0.5217391304347826,0.2565217391304348,38.29494382022472,97.66573033707863,35.69662921348314,28.078651685393254,44.68996694896115,True
593129,Pere Milla,8558,Espanyol,ESP-La Liga,0.9,17.5,4.0,0.0,0.7,2.3,0.11,0.32,1.1,0.0,0.34,0.8,1.0,0.1,0.8,6.77,0.0,33.0,2.7,1.6,0.3,1865,31,Attacker,0.6857142857142857,0.3333333333333333,0.05142857142857143,0.2727272727272727,0.06969696969696969,0.37037037037037035,0.11851851851851851,42.38483146067415,70.10955056179776,20.769662921348313,71.75842696629213,44.682696916609515,True
1246009,Cher Ndour,8535,Fiorentina,ITA-Serie A,0.9,29.8,1.0,0.0,1.7,1.2,0.06,0.13,1.3,0.0,0.1,0.6,0.4,0.5,0.4,6.51,0.0,6.0,1.2,1.5,0.4,1759,31,Midfielder,0.6176470588235293,0.2857142857142857,0.030201342281879196,0.3076923076923077,0.19999999999999998,0.33333333333333337,0.10833333333333334,47.81460674157303,53.146067415730336,34.668539325842694,44.561797752808985,44.66963323430124,True
1012842,Gianluca Gaetano,8529,Cagliari,ITA-Serie A,2.7,37.6,2.0,0.0,1.3,1.7,0.09,0.09,1.4,3.0,0.1,0.9,0.5,0.1,0.1,6.84,0.0,24.0,1.5,1.4,0.8,1732,31,Midfielder,0.6216216216216216,0.391304347826087,0.07180851063829788,0.5714285714285715,0.07083333333333333,0.3333333333333333,0.06,43.28885767790262,44.797499746937945,59.91039072780645,32.04340014171475,44.59123884865933,True
1282285,Tijjani Noslin,8543,Lazio,ITA-Serie A,1.7,24.3,1.0,0.0,0.7,0.9,0.09,0.42,1.4,1.0,0.37,0.2,1.0,0.3,0.5,6.61,0.0,13.0,3.0,0.6,1.5,969,27,Attacker,0.36363636363636365,0.25,0.06995884773662552,1.0714285714285714,0.06923076923076923,0.3333333333333333,0.13999999999999999,26.912921348314605,72.66011235955055,70.12359550561797,29.331460674157306,44.59077813421397,True
1057433,Tanner Tessmann,9748,Lyon,FRA-Ligue 1,2.3,43.3,3.0,0.0,2.5,1.3,0.06,0.1,1.0,0.0,0.05,0.6,0.4,0.6,0.3,6.91,0.0,13.0,1.2,1.3,0.4,1951,29,Midfielder,0.6551724137931034,0.3157894736842105,0.053117782909930716,0.4,0.1,0.33333333333333337,0.08333333333333334,39.37965634173499,43.82361575058204,51.4140095151331,45.6384502480008,44.52922887612501,True
610184,Emiliano Buendía,10252,Aston Villa,ENG-Premier League,1.2,27.3,4.0,0.0,1.1,2.2,0.12,0.18,2.2,2.0,0.32,0.6,0.6,0.2,0.8,6.71,0.0,27.0,2.5,2.2,0.5,1669,35,Attacker,0.56,0.21428571428571425,0.04395604395604395,0.22727272727272727,0.08148148148148149,0.24,0.072,48.067415730337075,37.43820224719101,33.86235955056179,69.39887640449437,44.52293344571925,True
747767,Loïs Openda,178475,RB Leipzig,GER-Bundesliga,0.4,13.6,7.0,0.0,0.4,2.3,0.08,0.33,1.1,5.0,0.33,0.2,1.2,0.0,0.5,7.05,0.0,29.0,2.9,0.3,0.8,2463,33,Attacker,0.3125,0.4,0.029411764705882356,0.7272727272727273,0.0793103448275862,0.41379310344827586,0.11379310344827587,46.47297297297297,73.62162162162163,41.12837837837838,24.560810810810818,44.51387666578449,False
1251334,Jack Hinshelwood,10204,Brighton and Hove Albion,ENG-Premier League,0.5,27.6,2.0,0.0,1.3,2.0,0.11,0.26,1.9,3.0,0.23,0.3,0.8,0.3,0.5,6.78,0.0,12.0,1.9,1.0,0.2,1594,25,Midfielder,0.40625,0.23076923076923075,0.018115942028985508,0.10526315789473685,0.16666666666666666,0.4210526315789474,0.1368421052631579,53.07407126227351,74.3188834902318,24.332283125822453,38.30081485980363,44.50684746350696,True
715069,Pedro Díaz,8370,Rayo Vallecano,ESP-La Liga,1.1,31.9,3.0,0.0,0.8,1.6,0.08,0.09,1.0,1.0,0.0,0.3,0.3,0.1,0.6,6.58,0.0,22.0,2.2,1.8,0.7,1755,32,Midfielder,0.6774193548387097,0.14285714285714285,0.03448275862068966,0.7,0.07272727272727274,0.13636363636363635,0.0409090909090909,39.145029861321994,25.410327462293754,64.61886324526773,68.19837534163378,44.50411695754947,True
765158,Alimami Gory,6379,Paris FC,FRA-Ligue 1,0.6,16.7,1.0,0.0,1.3,0.6,0.06,0.22,1.0,1.0,0.28,0.8,0.3,0.1,0.4,6.47,0.0,4.0,1.5,1.8,0.4,954,23,Midfielder,0.7222222222222222,0.3076923076923077,0.03592814371257485,0.4,0.15,0.19999999999999998,0.14666666666666667,45.43539325842696,55.87359550561797,27.66011235955056,58.48314606741573,44.451822621640495,True
1323398,Abel Bretones,8371,Osasuna,ESP-La Liga,1.4,20.9,3.0,0.0,2.9,1.7,0.1,0.04,1.0,2.0,0.06,1.0,0.2,0.3,0.2,6.74,0.0,13.0,0.6,1.9,0.8,1552,27,Midfielder,0.7435897435897436,0.3448275862068966,0.06698564593301436,0.8,0.13076923076923078,0.33333333333333337,0.06666666666666667,49.93359651786617,28.6103730134629,52.45455005567365,52.65763235145257,44.45153794980079,True
113836,Danny Welbeck,10204,Brighton and Hove Albion,ENG-Premier League,0.2,15.3,4.0,0.0,1.2,1.4,0.06,0.51,1.1,1.0,0.55,0.4,1.1,0.0,0.6,6.83,0.0,20.0,2.3,1.0,0.5,2139,35,Attacker,0.5599999999999999,0.28571428571428575,0.013071895424836602,0.45454545454545453,0.06999999999999999,0.47826086956521746,0.22173913043478263,27.171158518068626,90.15492458750884,36.35338850086041,49.35560279380504,44.44094926601088,True
675088,Rodri,8456,Manchester City,ENG-Premier League,5.4,87.3,2.0,0.0,2.5,2.5,0.16,0.05,0.8,0.0,0.06,0.8,0.1,0.2,0.5,7.47,0.0,23.0,0.8,2.5,0.4,1423,20,Midfielder,0.8048780487804879,0.24242424242424246,0.06185567010309279,0.5,0.10869565217391304,0.125,0.0625,57.70786516853932,17.05337078651685,53.96348314606742,77.06179775280899,44.33185274835271,True
1146500,Matteo Cancellieri,8543,Lazio,ITA-Serie A,0.5,18.1,3.0,0.0,1.4,1.6,0.09,0.23,2.0,2.0,0.23,1.3,0.8,0.1,0.2,6.81,0.0,17.0,2.1,2.0,0.7,1588,28,Attacker,0.6226415094339622,0.393939393939394,0.027624309392265192,0.35,0.09411764705882353,0.38095238095238093,0.10952380952380952,34.473314606741575,60.72299827917806,43.950792084219046,44.016702095353786,44.31475895269232,True
623716,Josh Cullen,8191,Burnley,ENG-Premier League,2.5,43.1,4.0,0.0,2.1,1.4,0.08,0.05,0.9,2.0,0.12,1.3,0.4,0.7,0.2,6.89,0.0,13.0,0.7,1.8,0.1,1519,18,Midfielder,0.775,0.41935483870967744,0.058004640371229696,0.11111111111111112,0.10769230769230768,0.5714285714285715,0.07142857142857144,51.54775280898876,46.11235955056179,30.443820224719097,52.29213483146067,44.07368051376394,True
1481909,Ebenezer Akinsanmiro,6479,Pisa,ITA-Serie A,1.3,26.9,3.0,0.0,0.9,1.3,0.08,0.06,1.9,1.0,0.0,1.7,0.2,0.4,0.7,6.83,0.0,16.0,0.9,2.6,1.4,1340,22,Midfielder,0.6935483870967742,0.3953488372093023,0.048327137546468404,0.7368421052631579,0.08125,0.22222222222222224,0.06666666666666667,37.39887640449438,22.34269662921348,65.97191011235955,79.39325842696628,44.04919270943208,True
921921,Kristian Thorstvedt,7943,Sassuolo,ITA-Serie A,0.7,31.7,3.0,0.0,1.6,1.8,0.07,0.25,1.2,4.0,0.16,1.2,0.5,0.5,0.2,7.11,0.0,30.0,1.7,1.7,0.6,2278,30,Midfielder,0.7073170731707318,0.41379310344827586,0.022082018927444793,0.5,0.060000000000000005,0.29411764705882354,0.14705882352941177,28.216292134831463,64.82022471910112,49.19943820224719,45.80337078651685,43.979181249233385,True
1206287,Freddie Potts,8654,West Ham United,ENG-Premier League,2.1,34.3,2.0,0.0,2.4,1.1,0.08,0.02,1.2,1.0,0.0,1.3,0.1,0.2,0.0,6.61,0.0,8.0,0.2,2.2,0.2,1167,22,Midfielder,0.7446808510638298,0.37142857142857144,0.06122448979591837,0.16666666666666669,0.1375,0.5,0.09999999999999999,52.59550561797752,48.42977528089888,28.839887640449433,50.40449438202247,43.959723017583705,True
769166,Jean-Ricner Bellegarde,8602,Wolverhampton Wanderers,ENG-Premier League,1.9,24.5,2.0,0.0,1.5,1.1,0.08,0.07,1.4,1.0,0.07,0.7,0.5,0.2,0.4,6.42,0.0,13.0,1.5,2.0,1.3,1240,25,Midfielder,0.6585365853658538,0.25925925925925924,0.07755102040816327,0.9285714285714287,0.08461538461538462,0.3333333333333333,0.04666666666666667,46.10546360967709,27.957397003745317,57.5882300840166,51.32237574653305,43.943504053642705,True
780432,Ethan Ampadu,8463,Leeds United,ENG-Premier League,2.4,42.5,1.0,0.0,2.4,2.2,0.07,0.08,1.4,1.0,0.03,1.5,0.2,0.5,0.5,7.22,0.0,18.0,0.8,2.4,0.3,2943,33,Midfielder,0.7358490566037736,0.38461538461538464,0.05647058823529411,0.2142857142857143,0.12222222222222223,0.25,0.09999999999999999,42.56460674157303,36.46629213483146,36.94101123595505,71.75280898876404,43.87654938810797,True
1408580,Joaquín Panichelli,9848,Strasbourg,FRA-Ligue 1,0.1,13.9,5.0,0.0,1.3,1.5,0.06,0.58,1.8,1.0,0.66,0.5,1.3,0.3,0.7,7.25,0.0,22.0,2.4,1.1,0.5,2195,27,Attacker,0.47058823529411764,0.3125,0.007194244604316547,0.2777777777777778,0.06818181818181818,0.5416666666666667,0.24166666666666667,34.65449438202246,97.61797752808987,24.345505617977526,47.92696629213483,43.85620103678995,True
1339269,Hugo Larsson,9810,Eintracht Frankfurt,GER-Bundesliga,2.3,44.2,1.0,0.0,1.9,1.4,0.07,0.07,0.3,2.0,0.1,1.5,0.3,0.2,0.1,6.93,0.0,19.0,0.6,0.9,0.2,1820,25,Midfielder,0.888888888888889,0.625,0.05203619909502262,0.6666666666666667,0.07368421052631578,0.5,0.11666666666666668,27.485170563822248,64.1216469278267,48.17478995849782,48.83158720518271,43.84558042507348,True
50047,Alexis Sánchez,8302,Sevilla,ESP-La Liga,0.9,23.1,1.0,0.0,0.3,1.6,0.12,0.24,1.1,2.0,0.3,0.5,0.6,0.0,0.5,6.69,0.0,24.0,1.8,1.5,0.5,1197,26,Attacker,0.6451612903225806,0.25,0.03896103896103896,0.45454545454545453,0.06666666666666667,0.3333333333333333,0.13333333333333333,31.00280898876404,65.10955056179776,38.418539325842694,52.99438202247191,43.83415776822271,True
1119643,Jan Thielmann,8722,1. FC Köln,GER-Bundesliga,1.5,17.7,1.0,0.0,2.6,1.4,0.08,0.13,0.6,1.0,0.18,0.9,0.6,0.2,0.4,6.71,0.0,14.0,1.6,1.1,0.5,1537,25,Midfielder,0.7692307692307692,0.45,0.08474576271186442,0.8333333333333334,0.09999999999999999,0.37499999999999994,0.08125,36.233146067415724,49.328651685393254,42.94382022471909,51.6067415730337,43.830162564453076,True
1075815,Patrick Osterhage,8358,Sport-Club Freiburg,GER-Bundesliga,0.9,30.0,0.0,0.0,1.1,0.8,0.06,0.07,1.0,0.0,0.08,1.3,0.2,0.8,0.2,6.54,0.0,6.0,0.5,1.1,0.5,1188,20,Midfielder,0.7058823529411765,0.5416666666666666,0.030000000000000002,0.5,0.13333333333333333,0.4,0.14,44.29194503492257,46.92670057698147,42.729236258730644,40.78378378378378,43.805759693040656,True
921594,Domagoj Bradaric,9876,Verona,ITA-Serie A,0.7,18.3,4.0,0.0,1.8,2.4,0.11,0.03,0.4,1.0,0.0,0.4,0.3,0.1,0.3,6.59,0.0,27.0,0.6,1.4,0.3,1945,27,Midfielder,0.8181818181818182,0.22222222222222227,0.03825136612021857,0.7499999999999999,0.08888888888888889,0.5,0.05,47.03885767790262,41.76711964773762,37.930812835307215,49.46449539427068,43.707142656936846,True
1336582,Máximo Perrone,10171,Como,ITA-Serie A,2.4,65.9,4.0,0.0,0.9,2.7,0.1,0.07,1.4,4.0,0.11,0.7,0.3,0.1,0.3,7.12,0.0,29.0,0.6,1.9,0.3,2568,34,Midfielder,0.65,0.2692307692307693,0.03641881638846737,0.2142857142857143,0.09310344827586207,0.5,0.11666666666666668,41.30845733373823,48.309709990889765,38.35898117218342,48.521991092215806,43.54865929652551,True
599353,Ché Adams,9804,Torino,ITA-Serie A,1.7,18.9,6.0,0.0,0.5,2.1,0.1,0.26,0.8,2.0,0.25,0.0,0.7,0.0,0.4,6.68,0.0,26.0,2.4,0.7,0.6,1831,31,Attacker,0.4666666666666666,0.0,0.08994708994708996,0.7499999999999999,0.08076923076923077,0.2916666666666667,0.10833333333333334,52.51620862435468,63.49363548942201,37.91465482336269,24.28864257515943,43.50638347559137,True
836726,András Schäfer,8149,1. FC Union Berlin,GER-Bundesliga,0.5,23.0,0.0,0.0,1.2,0.8,0.06,0.13,2.1,0.0,0.07,1.6,0.6,0.5,0.3,6.52,0.0,4.0,1.7,2.5,0.6,1330,27,Midfielder,0.6612903225806451,0.39024390243902446,0.021739130434782608,0.2857142857142857,0.2,0.35294117647058826,0.07647058823529412,46.11157505820427,35.768954347606034,38.17265158416844,59.46538111144853,43.43206429691369,True
909907,Cameron Puertas,8697,SV Werder Bremen,GER-Bundesliga,1.7,36.4,5.0,0.0,1.1,2.3,0.12,0.09,1.8,2.0,0.05,0.9,0.4,0.4,0.4,6.92,0.0,27.0,1.9,2.9,0.7,1783,27,Midfielder,0.6785714285714286,0.2368421052631579,0.046703296703296704,0.38888888888888884,0.08518518518518518,0.2105263157894737,0.04736842105263158,52.744382022471896,21.60674157303371,51.342696629213485,62.882022471910105,43.41353506968994,True
1419969,Rodrigo Mendoza,9906,Atlético de Madrid,ESP-La Liga,1.8,40.1,2.0,0.0,1.0,1.1,0.08,0.12,2.2,1.0,0.07,0.3,0.3,0.1,0.5,6.56,0.0,15.0,1.2,1.2,1.5,1231,24,Midfielder,0.4054054054054054,0.19999999999999998,0.04488778054862843,0.6818181818181818,0.07333333333333333,0.25,0.1,30.769662921348313,42.34550561797753,75.05337078651685,37.42134831460674,43.311685916492976,True
506776,Stefano Moreo,6479,Pisa,ITA-Serie A,0.7,12.7,5.0,0.0,2.1,1.9,0.08,0.22,0.9,1.0,0.25,0.8,0.8,0.2,0.4,6.77,0.0,23.0,2.0,0.7,0.5,2155,35,Attacker,0.625,0.5333333333333333,0.05511811023622047,0.5555555555555556,0.08260869565217391,0.4,0.11,44.56460674157303,66.3623595505618,32.912921348314605,34.264044943820224,43.29989194167323,True
956913,Marvin Pieringer,94937,1. FC Heidenheim 1846,GER-Bundesliga,0.3,14.2,3.0,0.0,1.7,1.4,0.08,0.29,2.1,1.0,0.22,0.6,0.4,0.1,0.4,6.73,0.0,14.0,1.7,1.1,0.9,1608,26,Attacker,0.4473684210526316,0.3529411764705882,0.02112676056338028,0.42857142857142855,0.09999999999999999,0.23529411764705885,0.17058823529411765,46.61042362587306,67.26914414414415,35.19913452778621,28.926510780443362,43.29034999562597,True
831489,Alexis Mac Allister,8650,Liverpool,ENG-Premier League,1.7,42.3,4.0,0.0,1.2,1.6,0.06,0.12,1.2,4.0,0.07,0.7,0.4,0.3,0.4,6.88,0.0,32.0,1.7,1.7,0.3,2572,36,Midfielder,0.6666666666666667,0.2916666666666667,0.04018912529550828,0.25,0.05,0.23529411764705885,0.07058823529411765,43.80933039781354,36.19294716064379,40.1999696325539,58.31126632250227,43.28454908310819,True
1031325,Martín Zubimendi,9825,Arsenal,ENG-Premier League,1.6,50.4,1.0,0.0,2.3,2.2,0.07,0.09,1.0,1.0,0.15,1.2,0.3,0.2,0.2,7.2,0.0,18.0,0.8,2.1,0.2,2910,36,Midfielder,0.7674418604651163,0.36363636363636365,0.03174603174603175,0.2,0.12222222222222223,0.37499999999999994,0.11249999999999999,33.54532341330094,49.912579714546006,41.73028646624152,55.40411478894625,43.25769206935637,True
674499,Niklas Dorsch,94937,1. FC Heidenheim 1846,GER-Bundesliga,3.3,34.2,5.0,0.0,1.6,2.6,0.11,0.02,1.2,1.0,0.0,0.8,0.1,0.2,0.2,6.78,0.0,23.0,0.6,2.4,0.5,2197,31,Midfielder,0.7272727272727273,0.25,0.09649122807017542,0.4166666666666667,0.11304347826086956,0.16666666666666669,0.03333333333333333,62.08019536390322,21.394814758578804,46.18133161251139,55.6282012349428,43.215413357008465,True
1254218,Hugo Sotelo,9910,Celta de Vigo,ESP-La Liga,2.8,61.6,5.0,0.0,1.1,2.2,0.15,0.01,1.8,2.0,0.0,0.9,0.1,0.6,0.2,7.02,0.0,26.0,0.1,2.0,0.1,1342,20,Midfielder,0.6170212765957447,0.3103448275862069,0.04545454545454545,0.05555555555555556,0.08461538461538462,1.0,0.09999999999999999,56.19141613523635,35.05864713027635,39.89495394270674,40.922891993116714,43.02516425491854,True
637756,Carles Aleñá,9866,Alavés,ESP-La Liga,1.0,32.7,6.0,0.0,1.0,3.4,0.15,0.12,1.7,4.0,0.0,0.5,0.2,0.1,0.3,6.59,0.0,38.0,1.4,1.7,0.6,1995,34,Midfielder,0.5641025641025641,0.22727272727272727,0.030581039755351678,0.35294117647058826,0.08947368421052632,0.14285714285714288,0.08571428571428572,48.43997368154672,33.15315315315315,48.19788187063468,42.859828930053645,42.93974434588252,True
522234,Gerard Gumbau,8370,Rayo Vallecano,ESP-La Liga,1.9,30.5,5.0,0.0,2.2,2.1,0.18,0.06,2.9,3.0,0.0,0.8,0.4,0.5,0.7,6.7,0.0,21.0,1.4,2.4,0.5,1081,27,Midfielder,0.5245901639344263,0.25,0.06229508196721311,0.1724137931034483,0.1,0.28571428571428575,0.04285714285714286,67.45224719101122,22.04775280898876,34.28370786516854,66.3820224719101,42.92616119540365,True
535936,Joelinton,10261,Newcastle United,ENG-Premier League,1.0,32.0,3.0,0.0,1.8,1.3,0.06,0.11,2.2,1.0,0.09,1.4,0.5,0.1,0.5,6.95,0.0,17.0,1.5,2.0,0.7,1953,27,Midfielder,0.6071428571428572,0.4117647058823529,0.03125,0.3181818181818181,0.07647058823529412,0.3333333333333333,0.07333333333333333,36.09692276546209,41.31964267638424,43.04315973276647,57.43397611094241,42.81441419342017,True
860260,Derrick Köhn,8149,1. FC Union Berlin,GER-Bundesliga,1.5,20.1,5.0,0.0,1.9,3.8,0.18,0.1,1.6,2.0,0.05,0.4,0.2,0.2,0.2,6.65,0.0,25.0,1.3,1.6,0.5,1902,29,Midfielder,0.5555555555555556,0.2,0.07462686567164178,0.3125,0.152,0.15384615384615385,0.07692307692307693,72.65778418868305,28.536807875291018,42.31389816783075,32.50184735297095,42.77976169564785,True
638090,Luis Milla,8305,Getafe,ESP-La Liga,2.3,29.9,12.0,0.0,1.5,6.2,0.18,0.03,0.8,10.0,0.0,1.2,0.1,0.2,0.6,7.35,0.0,77.0,0.7,1.6,0.6,3093,35,Midfielder,0.7777777777777778,0.4285714285714286,0.07692307692307693,0.7499999999999999,0.08051948051948052,0.14285714285714288,0.04285714285714286,61.752935519789446,15.933077740662009,52.7616155481324,65.20361372608563,42.776579583661956,True
935728,Ao Tanaka,8463,Leeds United,ENG-Premier League,1.5,40.3,1.0,0.0,1.1,1.4,0.11,0.12,1.0,0.0,0.15,1.5,0.4,0.2,0.7,6.85,0.0,18.0,1.3,1.8,0.2,1176,26,Midfielder,0.7674418604651163,0.4545454545454546,0.03722084367245658,0.2,0.07777777777777778,0.3076923076923077,0.0923076923076923,33.382022471910105,45.252808988764045,33.4747191011236,77.9438202247191,42.70716590054025,True
688273,Vitaly Janelt,9937,Brentford,ENG-Premier League,2.9,45.0,6.0,0.0,2.2,1.9,0.13,0.06,1.3,4.0,0.07,2.0,0.2,0.6,0.4,6.95,0.0,19.0,0.8,1.7,0.3,1284,23,Midfielder,0.74,0.5405405405405405,0.06444444444444444,0.23076923076923075,0.09999999999999999,0.25,0.075,65.51448780240914,25.82989168944225,33.753302459763134,56.168843000303674,42.64911411604186,True
578756,Deiver Machado,9830,Nantes,FRA-Ligue 1,0.8,22.9,3.0,0.0,2.3,1.0,0.08,0.06,1.9,1.0,0.0,0.8,0.2,0.1,0.4,6.54,0.0,7.0,1.0,1.6,0.5,1186,19,Midfielder,0.5581395348837209,0.3333333333333333,0.03493449781659389,0.2631578947368421,0.14285714285714285,0.2,0.06,62.25390980868508,26.920411985018728,41.49660896851908,44.44047980564835,42.64118989181187,True
1288119,Ismaël Koné,7943,Sassuolo,ITA-Serie A,2.1,33.1,1.0,0.0,1.0,1.8,0.06,0.16,0.9,0.0,0.21,0.5,0.3,0.1,0.2,6.89,0.0,22.0,0.7,1.0,0.8,2619,33,Midfielder,0.625,0.3333333333333333,0.0634441087613293,0.888888888888889,0.08181818181818182,0.4285714285714286,0.2285714285714286,24.691011235955052,77.77808988764045,63.71629213483145,27.567415730337082,42.62042894756394,True
207236,Granit Xhaka,8472,Sunderland,ENG-Premier League,4.3,46.4,9.0,0.0,2.7,3.4,0.11,0.03,0.7,6.0,0.03,1.0,0.2,0.7,0.3,7.25,0.0,34.0,0.7,1.6,0.4,2723,32,Midfielder,0.787878787878788,0.3846153846153846,0.09267241379310345,0.5714285714285715,0.09999999999999999,0.28571428571428575,0.04285714285714286,63.32303370786516,17.46629213483146,52.85112359550561,54.71910112359551,42.60004333954734,True
1292833,Tyler Dibling,8466,Southampton,ENG-Premier League,0.7,23.7,3.0,0.0,0.8,1.5,0.07,0.12,1.4,0.0,0.1,0.4,0.4,0.2,0.2,6.47,0.0,20.0,1.3,1.6,2.2,1874,33,Attacker,0.5882352941176471,0.2,0.029535864978902954,1.5714285714285716,0.075,0.3076923076923077,0.0923076923076923,31.564189189189182,43.84121621621622,74.48648648648648,31.891891891891888,42.55831930669593,False
575364,Alberto Grassi,7801,Cremonese,ITA-Serie A,1.7,38.8,0.0,0.0,3.1,0.8,0.04,0.06,0.8,0.0,0.0,1.7,0.2,0.5,0.4,6.6,0.0,6.0,0.7,1.2,0.5,1593,28,Midfielder,0.7837837837837838,0.5862068965517241,0.043814432989690726,0.625,0.13333333333333333,0.28571428571428575,0.08571428571428572,35.848314606741575,33.58988764044943,54.626404494382015,54.15168539325842,42.55649091725327,True
846966,Javi Puado,8558,Espanyol,ESP-La Liga,0.6,15.3,5.0,0.0,0.5,2.1,0.06,0.35,0.7,4.0,0.36,0.2,0.7,0.1,0.3,6.91,0.0,22.0,2.1,0.7,0.6,2987,35,Attacker,0.5625,0.22222222222222227,0.0392156862745098,0.8571428571428572,0.09545454545454546,0.3333333333333333,0.16666666666666666,43.969594594594604,73.5608108108108,39.53716216216216,22.351351351351344,42.53236144316639,False
947901,Jonathan Burkardt,9810,Eintracht Frankfurt,GER-Bundesliga,0.5,10.2,1.0,0.0,0.8,0.8,0.05,0.71,0.8,1.0,0.76,0.1,1.3,0.0,0.3,6.94,0.0,9.0,2.6,0.5,0.4,1310,21,Attacker,0.4285714285714286,0.16666666666666669,0.04901960784313726,0.5,0.08888888888888889,0.5,0.27307692307692305,38.309254479198295,95.0081359449337,30.67924385059216,27.37701184330398,42.52258726491429,True
795371,Ibrahim Sangaré,10203,Nottingham Forest,ENG-Premier League,1.7,35.3,2.0,0.0,2.2,1.8,0.08,0.05,1.8,2.0,0.09,0.9,0.2,0.7,0.3,6.95,0.0,12.0,0.7,2.6,0.5,1995,26,Midfielder,0.6603773584905661,0.2571428571428572,0.0481586402266289,0.2777777777777778,0.15,0.28571428571428575,0.07142857142857144,54.32584269662921,26.98314606741573,41.21629213483146,54.04494382022472,42.52000740181448,True
1289942,Samuele Angori,6479,Pisa,ITA-Serie A,1.7,19.1,5.0,0.0,2.1,3.8,0.14,0.05,0.6,2.0,0.0,0.8,0.1,0.3,0.1,6.72,0.0,34.0,0.5,1.7,0.3,2424,33,Midfielder,0.8064516129032258,0.32,0.08900523560209424,0.5,0.11176470588235293,0.2,0.1,66.54775280898876,30.17696629213483,30.606741573033705,50.04494382022472,42.48007044104831,True
730901,Yangel Herrera,7732,Girona,ESP-La Liga,1.4,34.1,5.0,0.0,1.9,1.3,0.05,0.14,2.9,3.0,0.16,1.2,0.6,0.3,0.3,6.99,0.0,17.0,1.6,2.6,0.8,2263,29,Midfielder,0.5671641791044777,0.3157894736842105,0.04105571847507331,0.27586206896551724,0.07647058823529412,0.37499999999999994,0.08750000000000001,33.82432432432432,51.013513513513516,44.72297297297297,44.30405405405404,42.42397987583225,False
488415,Hassane Kamara,8600,Udinese,ITA-Serie A,1.5,28.4,6.0,0.0,2.8,1.9,0.1,0.03,0.8,2.0,0.0,1.2,0.3,0.2,0.2,6.93,0.0,22.0,0.8,1.6,0.9,1790,25,Midfielder,0.7777777777777778,0.4285714285714286,0.05281690140845071,1.125,0.08636363636363636,0.37499999999999994,0.0375,51.8175802206701,20.999784897256806,61.32989168944224,47.536542160137664,42.38580317156783,True
1283034,Loum Tchaouna,8191,Burnley,ENG-Premier League,1.0,18.2,1.0,0.0,0.8,0.9,0.07,0.1,0.7,0.0,0.16,0.2,0.7,0.1,0.5,6.32,0.0,10.0,1.7,1.5,0.6,1113,27,Attacker,0.7083333333333334,0.11764705882352942,0.054945054945054944,0.8571428571428572,0.09,0.4117647058823529,0.05882352941176471,30.373595505617978,43.688202247191015,46.75280898876404,59.34831460674157,42.36171268672751,True
275034,Silvan Widmer,9905,1. FSV Mainz 05,GER-Bundesliga,1.0,20.4,4.0,0.0,3.1,2.9,0.15,0.13,0.8,1.0,0.1,0.7,0.2,0.4,0.2,6.72,0.0,8.0,1.0,1.9,0.1,1751,26,Midfielder,0.7647058823529412,0.2692307692307693,0.04901960784313726,0.125,0.3625,0.2,0.13,76.83426966292136,47.2247191011236,15.508426966292133,53.01685393258427,42.33831443049238,True
1368654,Chemsdine Talbi,8472,Sunderland,ENG-Premier League,0.8,19.0,0.0,0.0,1.0,1.2,0.07,0.13,0.3,1.0,0.24,0.1,0.6,0.1,0.2,6.56,0.0,12.0,1.5,0.6,0.9,1531,27,Attacker,0.7,0.14285714285714288,0.042105263157894736,3.0,0.09999999999999999,0.39999999999999997,0.08666666666666667,30.38202247191011,53.83707865168539,65.26966292134831,30.01123595505618,42.334067153834724,True
660327,Ibrahima Sissoko,9911,VfL Bochum 1848,GER-Bundesliga,1.5,27.2,2.0,0.0,2.0,2.7,0.09,0.06,2.6,1.0,0.07,1.2,0.3,0.4,0.4,6.96,0.0,27.0,0.9,2.3,1.1,2624,32,Midfielder,0.5737704918032788,0.34285714285714286,0.05514705882352941,0.4230769230769231,0.1,0.3333333333333333,0.06666666666666667,43.3277027027027,31.324324324324323,50.287162162162154,48.02027027027028,42.33010334668487,False
540097,Patrik Schick,8178,Bayer 04 Leverkusen,GER-Bundesliga,0.3,15.4,5.0,0.0,0.9,2.8,0.13,0.76,0.9,3.0,0.76,0.1,1.5,0.0,0.3,7.26,0.0,14.0,3.2,0.3,0.5,1905,27,Attacker,0.3076923076923077,0.25,0.01948051948051948,0.5555555555555556,0.19999999999999998,0.46875,0.2375,57.9468949286365,95.24443263488206,31.786061342241123,13.668691163073184,42.29835872500591,True
1002673,Jan Schöppner,94937,1. FC Heidenheim 1846,GER-Bundesliga,1.0,18.5,5.0,0.0,3.9,1.3,0.05,0.08,0.8,3.0,0.12,1.3,0.3,0.5,0.2,6.61,0.0,13.0,1.0,1.2,0.5,2170,30,Midfielder,0.7575757575757576,0.52,0.05405405405405406,0.625,0.1,0.3,0.08,45.62755592671323,38.317377771029456,38.717127239599144,47.71467253770624,42.29833553608502,True
75307,Dani Parejo,10205,Villarreal,ESP-La Liga,3.5,50.0,3.0,0.0,1.0,1.3,0.09,0.01,1.1,0.0,0.0,0.8,0.0,0.5,0.1,6.73,0.0,22.0,0.1,2.7,0.6,1306,30,Midfielder,0.7608695652173914,0.2285714285714286,0.07,0.5454545454545454,0.05909090909090909,0.0,0.09999999999999999,32.50650369470594,33.57747494685697,54.26799271181293,61.25232817086749,42.282781241438535,True
950545,Oihan Sancet,8315,Athletic Club,ESP-La Liga,1.1,24.2,0.0,0.0,0.4,1.6,0.08,0.32,1.4,0.0,0.2,0.2,0.7,0.1,0.7,6.61,0.0,27.0,2.4,1.2,0.8,1803,28,Midfielder,0.5,0.14285714285714288,0.04545454545454546,0.5714285714285715,0.05925925925925926,0.2916666666666667,0.13333333333333333,20.585724769713533,72.70169045449946,56.09728970543576,44.136957181901,42.23299913985011,True
1526560,Patrick Dorgu,10260,Manchester United,ENG-Premier League,0.4,24.0,5.0,0.0,2.0,1.5,0.1,0.12,1.5,3.0,0.2,0.9,0.5,0.2,0.2,7.13,0.0,25.0,1.4,3.1,0.7,1373,24,Midfielder,0.7272727272727273,0.225,0.016666666666666666,0.4666666666666666,0.06,0.35714285714285715,0.08571428571428572,31.547031582143934,46.721935418564634,42.84354438708372,56.49574855754631,42.21261510609164,True
914458,Aurélien Tchouaméni,8633,Real Madrid,ESP-La Liga,2.3,60.2,4.0,0.0,1.9,2.9,0.1,0.09,1.0,0.0,0.04,1.6,0.2,0.5,0.4,7.38,0.0,24.0,1.5,2.3,0.1,2552,32,Midfielder,0.7959183673469387,0.4102564102564103,0.038205980066445176,0.1,0.12083333333333333,0.13333333333333333,0.06,55.28454296993623,25.59048233626885,36.82145207004757,62.21163579309646,42.17938925202944,True
215151,Marcel Sabitzer,9789,Borussia Dortmund,GER-Bundesliga,1.4,32.8,4.0,0.0,2.1,2.2,0.11,0.06,1.0,2.0,0.05,0.9,0.2,0.3,0.5,6.97,0.0,15.0,1.0,1.5,0.1,1822,26,Midfielder,0.7058823529411765,0.375,0.042682926829268296,0.1,0.14666666666666667,0.2,0.06,62.23529709484765,27.34270928231602,29.79420994027736,62.15839153760502,42.136100220506734,True
660462,Pierre Lees-Melou,6379,Paris FC,FRA-Ligue 1,3.6,38.3,3.0,0.0,1.7,1.9,0.09,0.06,1.4,2.0,0.05,1.1,0.3,0.4,0.6,7.11,0.0,16.0,1.4,3.0,0.5,1876,23,Midfielder,0.7454545454545454,0.26829268292682934,0.09399477806788513,0.35714285714285715,0.11875,0.2142857142857143,0.04285714285714286,54.56460674157304,16.65449438202247,46.21348314606742,80.67977528089887,42.07278719216358,True
1185609,Robin Fellhauer,8406,FC Augsburg,GER-Bundesliga,1.1,21.7,3.0,0.0,2.2,2.4,0.08,0.09,0.8,2.0,0.1,0.8,0.3,0.3,0.4,7.04,0.0,29.0,1.0,1.9,0.4,2720,33,Midfielder,0.7714285714285715,0.2962962962962963,0.05069124423963134,0.5,0.08275862068965517,0.3,0.09,37.98876404494382,40.43820224719101,35.3567415730337,63.87640449438202,42.05141947262442,True
1076756,Brennan Johnson,9826,Crystal Palace,ENG-Premier League,0.5,13.1,1.0,0.0,1.7,1.3,0.07,0.13,1.0,1.0,0.11,0.2,0.3,0.1,0.5,6.59,0.0,19.0,1.2,1.5,0.5,1677,33,Attacker,0.6296296296296295,0.11764705882352942,0.03816793893129771,0.5,0.06842105263157895,0.25,0.10833333333333334,31.335383135944934,57.24183874886122,36.06083611701589,53.15763235145258,41.93831434674391,True
1020963,Nicolò Rovella,8543,Lazio,ITA-Serie A,3.5,60.9,6.0,0.0,1.4,2.1,0.07,0.05,1.4,3.0,0.0,1.6,0.3,0.1,0.3,7.15,0.0,31.0,0.9,2.8,0.6,2728,33,Midfielder,0.7586206896551724,0.36363636363636365,0.05747126436781609,0.4285714285714286,0.06774193548387097,0.3333333333333333,0.05555555555555556,37.78716216216216,27.138513513513512,53.70270270270269,62.0,41.93505054814526,False
388523,André Silva,10268,Elche,ESP-La Liga,0.3,19.0,1.0,0.0,0.9,1.3,0.07,0.53,1.2,0.0,0.51,0.2,1.4,0.1,0.6,6.85,0.0,19.0,2.8,0.7,0.7,1772,29,Attacker,0.4285714285714286,0.22222222222222227,0.015789473684210527,0.5833333333333334,0.06842105263157895,0.5,0.1892857142857143,22.134831460674157,94.00842696629213,44.3876404494382,36.99438202247191,41.90416899610037,True
839038,Elvis Rexhbeçaj,8406,FC Augsburg,GER-Bundesliga,1.0,25.5,1.0,0.0,1.6,1.2,0.09,0.04,1.1,0.0,0.16,0.4,0.4,0.1,0.8,6.43,0.0,10.0,0.9,1.5,0.4,1109,26,Midfielder,0.6333333333333333,0.2105263157894737,0.0392156862745098,0.36363636363636365,0.12,0.4444444444444445,0.044444444444444446,47.31583409251948,28.777621722846444,36.061544690758176,67.07369166919729,41.863660372580526,True
262592,Moi Gómez,8371,Osasuna,ESP-La Liga,4.1,56.8,4.0,0.0,0.7,1.7,0.14,0.03,1.5,2.0,0.0,0.9,0.2,0.1,0.8,6.84,0.0,16.0,0.9,1.6,0.9,1144,24,Midfielder,0.625,0.36,0.0721830985915493,0.6,0.10625,0.22222222222222224,0.03333333333333333,61.300561797752806,11.115168539325841,69.11797752808988,66.12921348314607,41.8499339001557,True
861197,Lukas Nmecha,8463,Leeds United,ENG-Premier League,0.5,11.1,1.0,0.0,1.0,1.0,0.09,0.64,1.5,1.0,0.57,0.3,1.5,0.1,0.6,6.39,0.0,7.0,2.7,1.0,0.3,953,29,Attacker,0.46428571428571436,0.23076923076923075,0.04504504504504505,0.19999999999999998,0.14285714285714285,0.5555555555555555,0.23703703703703702,51.275280898876396,98.00561797752809,13.8876404494382,41.67977528089887,41.72797861216506,True
1137668,Moisés Caicedo,8455,Chelsea,ENG-Premier League,2.0,61.1,4.0,0.0,1.0,2.3,0.08,0.05,1.7,1.0,0.1,1.9,0.2,0.5,0.3,7.12,0.0,16.0,0.9,3.0,0.5,2627,31,Midfielder,0.7424242424242424,0.38775510204081626,0.03273322422258593,0.29411764705882354,0.14375,0.22222222222222224,0.05555555555555556,56.68253365725275,15.529342544791982,51.9904975199919,67.99898775179673,41.62023487160732,True
942379,Miguel Gutiérrez,9875,Napoli,ITA-Serie A,2.3,41.6,2.0,0.0,1.4,1.3,0.08,0.05,1.2,1.0,0.07,0.5,0.3,0.1,0.3,6.88,0.0,21.0,0.9,2.1,0.5,1382,26,Midfielder,0.6842105263157895,0.1923076923076923,0.05528846153846153,0.4166666666666667,0.06190476190476191,0.3333333333333333,0.05555555555555556,41.362562000202445,27.00236613017512,56.31794716064379,49.25027836825589,41.5887748354069,True
939061,Giorgi Tsitaishvili,8550,Metz,FRA-Ligue 1,0.9,21.3,4.0,0.0,1.2,4.8,0.17,0.05,0.8,2.0,0.11,0.5,0.3,0.1,0.3,6.8,0.0,44.0,1.1,0.7,1.5,2457,33,Attacker,0.6,0.4166666666666667,0.04225352112676056,1.875,0.10909090909090909,0.2727272727272727,0.045454545454545456,66.64887640449439,19.544943820224717,73.28370786516854,25.91573033707865,41.577752094594736,True
840241,Ermedin Demirovic,10269,VfB Stuttgart,GER-Bundesliga,0.1,11.3,4.0,0.0,0.7,2.0,0.13,0.47,2.2,3.0,0.76,0.1,1.3,0.1,0.8,7.14,0.0,17.0,2.5,0.8,0.4,1412,24,Attacker,0.2903225806451613,0.11111111111111112,0.008849557522123894,0.18181818181818182,0.11764705882352941,0.52,0.188,58.8512121672234,93.9695313290819,14.551207105982385,32.96730438303472,41.54462393399256,True
1039403,Santiago Pierotti,9888,Lecce,ITA-Serie A,0.3,16.9,2.0,0.0,0.8,1.5,0.05,0.11,2.4,1.0,0.04,0.7,0.3,0.2,0.8,6.44,0.0,21.0,1.1,2.9,1.3,2454,35,Attacker,0.6,0.19444444444444445,0.01775147928994083,0.5416666666666667,0.07142857142857142,0.2727272727272727,0.09999999999999999,26.113004858791374,41.21996153456828,46.91608462394979,71.32068023079258,41.42928956119672,True
1359911,Miguel Román,9910,Celta de Vigo,ESP-La Liga,2.9,45.1,4.0,0.0,1.6,1.4,0.1,0.06,1.4,0.0,0.07,0.8,0.1,0.5,0.4,6.89,0.0,17.0,0.5,1.9,0.2,1310,19,Midfielder,0.6585365853658538,0.2962962962962963,0.06430155210643015,0.14285714285714288,0.08235294117647059,0.2,0.12,45.29494382022472,36.508426966292134,33.75561797752809,54.0,41.30270216305822,True
321140,Valentino Lazaro,9804,Torino,ITA-Serie A,1.8,26.7,7.0,0.0,2.0,3.9,0.16,0.02,1.5,2.0,0.0,0.9,0.1,0.3,0.4,6.74,0.0,31.0,0.3,1.9,0.4,2258,31,Midfielder,0.6511627906976744,0.32142857142857145,0.06741573033707865,0.26666666666666666,0.12580645161290321,0.33333333333333337,0.06666666666666667,73.51081840267233,24.19044184634072,33.36793956878227,43.87453183520599,41.21840424598673,True
609505,Borja Iglesias,9910,Celta de Vigo,ESP-La Liga,0.9,16.3,3.0,0.0,0.8,1.6,0.08,0.53,1.7,2.0,0.71,0.1,1.3,0.3,0.4,6.81,0.0,17.0,2.3,0.4,0.6,1769,33,Attacker,0.22727272727272727,0.2,0.05521472392638037,0.35294117647058826,0.09411764705882353,0.5652173913043479,0.23043478260869568,41.37249468569693,96.52902621722846,28.914465026824576,21.859499949387594,41.15142028310054,True
643448,Kristijan Jakic,8406,FC Augsburg,GER-Bundesliga,2.6,31.5,2.0,0.0,2.9,1.5,0.08,0.08,0.9,1.0,0.11,0.9,0.3,0.4,0.4,6.77,0.0,13.0,1.0,1.9,0.3,1653,26,Midfielder,0.7567567567567568,0.32142857142857145,0.08253968253968254,0.3333333333333333,0.11538461538461539,0.3,0.08,43.185962648041304,29.52008047373216,38.16061848365219,63.67380301649965,41.146052400164066,True
1252373,Roberto Fernández,8558,Espanyol,ESP-La Liga,0.1,9.5,6.0,0.0,1.0,2.7,0.11,0.32,1.5,3.0,0.24,0.3,0.8,0.2,0.7,6.49,0.0,18.0,2.2,0.4,0.4,2294,36,Attacker,0.3181818181818181,0.4285714285714286,0.010526315789473684,0.26666666666666666,0.15000000000000002,0.36363636363636365,0.14545454545454545,52.784327867193035,73.5426409555623,21.592709282316022,30.532695616965274,41.107031724216995,True
540088,Ollie Watkins,10252,Aston Villa,ENG-Premier League,0.1,10.8,4.0,0.0,0.5,1.3,0.04,0.46,1.1,3.0,0.46,0.2,1.2,0.0,0.5,6.91,0.0,23.0,2.6,0.7,0.8,2762,36,Attacker,0.44999999999999996,0.22222222222222227,0.009259259259259259,0.7272727272727273,0.05652173913043478,0.4615384615384615,0.17692307692307693,31.9571439416945,90.64025964166414,34.2479501973884,28.018473529709485,41.100604823804126,True
1185748,Amadou Onana,10252,Aston Villa,ENG-Premier League,2.2,37.8,0.0,0.0,3.0,0.7,0.04,0.09,1.0,0.0,0.1,1.3,0.4,0.9,0.3,6.93,0.0,7.0,1.0,2.4,0.4,1747,24,Midfielder,0.7872340425531915,0.35135135135135137,0.05820105820105821,0.4,0.09999999999999999,0.4,0.09,23.364662415224206,52.28112663225022,47.23439872456726,59.63956372102439,41.09846267492307,True
290201,Philipp Hofmann,9911,VfL Bochum 1848,GER-Bundesliga,0.6,17.3,7.0,0.0,1.3,2.6,0.1,0.22,1.4,2.0,0.12,0.2,0.7,0.0,0.6,6.64,0.0,27.0,2.1,0.7,0.4,2285,32,Attacker,0.391304347826087,0.22222222222222227,0.03468208092485549,0.28571428571428575,0.0962962962962963,0.3333333333333333,0.10476190476190476,57.98986486486486,57.361486486486484,22.070945945945947,34.986486486486484,41.057833693205446,False
839750,Kervin Arriaga,8581,Levante,ESP-La Liga,1.7,36.5,2.0,0.0,3.3,1.0,0.06,0.03,1.3,3.0,0.13,0.9,0.3,0.8,0.1,6.74,0.0,6.0,0.8,2.1,0.5,1391,25,Midfielder,0.6976744186046512,0.3,0.04657534246575342,0.3846153846153846,0.16666666666666666,0.37499999999999994,0.0375,50.924157303370784,25.14325842696629,45.89887640449438,47.36516853932584,40.99443224886431,True
1386775,Lucas Bergvall,8586,Tottenham Hotspur,ENG-Premier League,0.9,23.2,0.0,0.0,1.2,0.4,0.04,0.13,2.2,3.0,0.09,0.2,0.5,0.2,0.4,6.56,0.0,5.0,1.1,2.0,1.4,966,23,Midfielder,0.5,0.09090909090909091,0.03879310344827586,0.6363636363636362,0.08,0.45454545454545453,0.11818181818181818,18.086585180686303,49.330612916287066,67.52567314505517,58.867749772244146,40.90993777062204,True
1323305,Archie Gray,8586,Tottenham Hotspur,ENG-Premier League,1.3,27.3,3.0,0.0,2.6,1.2,0.07,0.09,0.7,2.0,0.12,1.0,0.3,0.2,0.1,6.53,0.0,8.0,0.7,0.7,0.4,1471,23,Midfielder,0.7083333333333334,0.5882352941176471,0.047619047619047616,0.5714285714285715,0.15,0.4285714285714286,0.1285714285714286,40.32891740054661,52.00994533859702,43.68997368154671,28.484436683874886,40.90002197006126,True
827315,Nicolás Dominguez,10203,Nottingham Forest,ENG-Premier League,1.3,32.6,2.0,0.0,1.2,0.7,0.06,0.1,1.3,1.0,0.08,0.6,0.4,0.4,0.7,6.66,0.0,10.0,1.3,4.2,0.4,1080,25,Midfielder,0.7868852459016393,0.125,0.03987730061349693,0.3076923076923077,0.06999999999999999,0.3076923076923077,0.07692307692307693,31.44380757161656,39.157455208017005,33.28492256301245,82.85588116206094,40.8969301458332,True
1622889,Louis Leroux,9830,Nantes,FRA-Ligue 1,1.1,21.2,0.0,0.0,2.2,1.3,0.08,0.1,0.7,1.0,0.06,0.2,0.2,0.1,0.2,6.61,0.0,16.0,0.9,2.3,0.7,1443,23,Midfielder,0.78125,0.08,0.0518867924528302,1.0,0.08125,0.22222222222222224,0.11111111111111112,25.70224719101123,40.471910112359545,53.865168539325836,58.056179775280896,40.773355240853675,True
1130991,Isaac Romero,8302,Sevilla,ESP-La Liga,1.0,14.6,2.0,0.0,1.1,0.5,0.03,0.33,1.7,0.0,0.25,0.4,0.8,0.1,0.9,6.44,0.0,14.0,2.4,1.0,0.6,1414,27,Attacker,0.4516129032258065,0.28571428571428575,0.0684931506849315,0.35294117647058826,0.03571428571428571,0.33333333333333337,0.1375,27.675498532240102,70.5907733576273,33.55362384856767,46.28370786516854,40.67580038983083,True
369742,Jackson Irvine,8152,FC St. Pauli,GER-Bundesliga,1.2,27.7,3.0,0.0,2.8,1.3,0.08,0.07,1.1,1.0,0.0,1.4,0.2,0.4,0.2,6.77,0.0,11.0,1.1,1.8,0.6,1535,23,Midfielder,0.7441860465116278,0.43749999999999994,0.04332129963898917,0.5454545454545454,0.11818181818181818,0.18181818181818182,0.06363636363636364,51.209902318048385,26.819566757769007,39.66733728110132,49.81961737017917,40.64503140860535,True
846000,Maxence Caqueret,10171,Como,ITA-Serie A,0.8,48.5,3.0,0.0,0.3,2.2,0.14,0.14,1.5,5.0,0.13,0.8,0.3,0.2,0.4,6.87,0.0,23.0,1.1,2.0,1.0,1408,28,Midfielder,0.6511627906976744,0.28571428571428575,0.016494845360824743,0.6666666666666666,0.09565217391304348,0.2727272727272727,0.1272727272727273,41.28908543374835,35.59611296689948,48.264475149306605,37.40186253669399,40.55895584719202,True
689680,Jens Odgaard,9857,Bologna,ITA-Serie A,0.3,15.7,1.0,0.0,1.1,1.3,0.09,0.16,1.8,1.0,0.33,0.3,0.9,0.0,0.9,6.68,0.0,14.0,2.3,1.3,0.5,1357,25,Midfielder,0.47058823529411764,0.18749999999999997,0.01910828025477707,0.2777777777777778,0.09285714285714286,0.391304347826087,0.06956521739130435,38.45411985018726,51.8672056888349,27.58552232007288,51.5507136349833,40.441133039873996,True
951714,Adrián Bernabé,10167,Parma,ITA-Serie A,2.7,38.8,7.0,0.0,0.9,3.1,0.11,0.08,0.5,1.0,0.11,0.6,0.4,0.2,0.4,7.01,0.0,55.0,1.8,1.4,0.5,2493,32,Midfielder,0.8,0.3,0.0695876288659794,1.0,0.056363636363636366,0.22222222222222224,0.044444444444444446,39.46950602287681,19.796563417349933,66.14070250025306,55.30714141107401,40.429596036273615,True
674242,Budu Zivzivadze,94937,1. FC Heidenheim 1846,GER-Bundesliga,0.7,12.6,1.0,0.0,0.9,0.7,0.06,0.37,1.1,0.0,0.51,0.1,1.0,0.2,0.7,6.57,0.0,6.0,2.0,1.0,1.0,1056,19,Attacker,0.5,0.09090909090909091,0.05555555555555555,0.9090909090909091,0.11666666666666665,0.5,0.185,36.90725275837635,60.974390120457535,35.58844518675979,32.47676890373519,40.41682544244926,True
1055327,Antonio Sánchez,8661,Mallorca,ESP-La Liga,1.2,25.0,3.0,0.0,1.9,0.9,0.08,0.04,1.3,0.0,0.0,1.0,0.3,0.3,0.3,6.26,0.0,10.0,0.5,1.7,0.4,1032,29,Midfielder,0.675,0.37037037037037035,0.048,0.3076923076923077,0.09,0.6,0.08,41.972631339204376,38.59539174005466,36.741547727502784,45.45095657455207,40.39444910759507,True
282462,Íñigo Ruíz de Galarreta,8315,Athletic Club,ESP-La Liga,2.5,40.6,6.0,0.0,0.9,3.0,0.13,0.03,2.1,2.0,0.04,0.8,0.1,0.2,0.9,6.96,0.0,27.0,0.9,2.6,1.3,2081,32,Midfielder,0.6181818181818183,0.23529411764705882,0.06157635467980296,0.6190476190476191,0.1111111111111111,0.11111111111111112,0.03333333333333333,63.23605628100009,8.789616864055064,66.75809798562607,74.03874379997977,40.39240538438532,True
1321605,Mario Martín,8305,Getafe,ESP-La Liga,0.9,18.1,1.0,0.0,1.1,1.0,0.05,0.1,3.0,1.0,0.09,0.7,0.3,0.2,0.4,6.35,0.0,8.0,1.2,2.5,0.6,1960,33,Midfielder,0.5161290322580645,0.21874999999999997,0.049723756906077346,0.19999999999999998,0.125,0.25,0.08333333333333334,38.99000404899281,39.45456270877619,36.54474137058406,49.41039072780646,40.34411317702536,True
1110045,Gaetano Oristanio,7881,Venezia,ITA-Serie A,0.8,11.3,2.0,0.0,0.2,2.2,0.08,0.17,1.9,3.0,0.12,0.2,0.5,0.0,0.6,6.48,0.0,33.0,1.7,0.7,2.1,2333,37,Attacker,0.3214285714285714,0.22222222222222227,0.07079646017699115,1.105263157894737,0.06666666666666667,0.29411764705882354,0.1,27.27027027027027,49.398648648648646,60.3277027027027,33.66891891891892,40.24487946725638,False
593118,Denzel Dumfries,8636,Internazionale,ITA-Serie A,0.2,20.5,1.0,0.0,1.4,0.9,0.06,0.23,1.4,1.0,0.2,0.5,0.3,0.0,0.5,6.78,0.0,13.0,1.6,1.1,0.4,1327,20,Midfielder,0.5333333333333333,0.3125,0.00975609756097561,0.28571428571428575,0.06923076923076923,0.18749999999999997,0.14375,37.1904671525458,64.12687265917602,27.66555319364308,40.38242737119142,40.235817448559395,True
266520,Christian Nørgaard,9937,Brentford,ENG-Premier League,2.1,36.7,3.0,0.0,2.0,1.4,0.04,0.14,1.4,4.0,0.16,1.6,0.5,0.6,0.4,7.24,0.0,18.0,1.2,2.5,0.2,2829,34,Midfielder,0.7454545454545454,0.39024390243902446,0.05722070844686648,0.14285714285714288,0.07777777777777778,0.4166666666666667,0.11666666666666668,26.479729729729726,62.81081081081081,28.90202702702702,64.3581081081081,40.11764156760138,False
1184777,Jofre Carreras,8558,Espanyol,ESP-La Liga,0.5,13.7,2.0,0.0,0.9,1.9,0.08,0.1,1.2,3.0,0.12,0.6,0.5,0.0,0.7,6.63,0.0,24.0,1.7,0.9,1.6,2175,37,Midfielder,0.5555555555555555,0.39999999999999997,0.03649635036496351,1.3333333333333335,0.07916666666666666,0.29411764705882354,0.05882352941176471,31.574324324324323,31.236486486486484,60.78716216216216,46.17567567567568,40.02223919647567,False
1288111,Mathys Tel,8586,Tottenham Hotspur,ENG-Premier League,0.8,17.5,3.0,0.0,0.8,2.1,0.16,0.17,1.2,1.0,0.31,0.4,0.6,0.1,0.7,6.63,0.0,25.0,2.4,1.4,2.8,1179,29,Attacker,0.6,0.22222222222222227,0.045714285714285714,2.3333333333333335,0.084,0.25,0.07083333333333335,48.012906164591556,25.6410567871242,50.81878226541147,39.1396902520498,39.96418113982484,True
667790,Suat Serdar,9876,Verona,ITA-Serie A,2.0,23.1,2.0,0.0,1.3,0.8,0.07,0.17,1.5,0.0,0.16,0.7,0.6,0.4,0.5,6.61,0.0,13.0,1.5,2.5,0.7,1108,20,Midfielder,0.6808510638297872,0.21874999999999997,0.08658008658008658,0.4666666666666666,0.06153846153846154,0.39999999999999997,0.11333333333333334,21.293400141714752,53.09172234031784,46.55719202348416,59.17443567162669,39.91661708967391,True
836797,Alex Král,8558,Espanyol,ESP-La Liga,1.2,19.7,3.0,0.0,1.5,1.6,0.05,0.05,1.0,1.0,0.0,0.9,0.1,0.5,0.2,6.73,0.0,12.0,0.7,1.8,1.0,2710,37,Midfielder,0.7297297297297297,0.3333333333333333,0.06091370558375635,1.0,0.13333333333333333,0.14285714285714288,0.07142857142857144,47.408783783783775,20.70945945945946,54.280405405405396,47.33783783783784,39.856787326720884,False
686315,Phillip Tietz,9905,1. FSV Mainz 05,GER-Bundesliga,0.3,14.2,2.0,0.0,1.8,1.7,0.09,0.4,1.7,2.0,0.26,0.4,1.2,0.1,0.6,6.73,0.0,19.0,2.6,0.4,0.5,1723,28,Attacker,0.32,0.5,0.02112676056338028,0.29411764705882354,0.08947368421052632,0.4615384615384615,0.15384615384615385,34.659758072679416,81.19570553699766,28.497482032594387,30.687392448628405,39.849652875535305,True
524434,João Palhinha,8586,Tottenham Hotspur,ENG-Premier League,1.6,33.9,1.0,0.0,2.3,0.6,0.03,0.1,1.1,2.0,0.18,1.2,0.4,0.5,0.2,6.91,0.0,6.0,1.2,4.6,0.4,2039,31,Midfielder,0.8405797101449275,0.20689655172413793,0.04719764011799411,0.36363636363636365,0.09999999999999999,0.33333333333333337,0.08333333333333334,26.42134831460674,43.47191011235955,40.04775280898876,64.52808988764045,39.69474108476153,True
466672,Jefferson Lerma,9826,Crystal Palace,ENG-Premier League,2.4,36.7,3.0,0.0,2.9,1.3,0.07,0.1,1.3,2.0,0.0,1.2,0.4,0.2,0.3,6.75,0.0,12.0,1.1,1.5,0.2,1618,29,Midfielder,0.675,0.4444444444444444,0.0653950953678474,0.15384615384615385,0.10833333333333334,0.36363636363636365,0.09090909090909091,49.2912744204879,38.59489826905557,29.740598744812228,42.54107197084725,39.679172088822455,True
179410,Idrissa Gana Gueye,8668,Everton,ENG-Premier League,0.9,39.8,2.0,0.0,1.0,1.8,0.08,0.09,0.9,3.0,0.09,1.2,0.3,0.3,0.2,7.03,0.0,13.0,1.2,1.8,0.3,2101,25,Midfielder,0.7692307692307693,0.39999999999999997,0.022613065326633167,0.3333333333333333,0.13846153846153847,0.25,0.075,49.05061241016298,23.698109626480413,39.6331992104464,55.024015588622326,39.67317839268525,True
1292810,Kobbie Mainoo,10260,Manchester United,ENG-Premier League,1.1,51.2,1.0,0.0,1.3,1.2,0.07,0.02,0.7,2.0,0.06,1.0,0.2,0.5,0.5,6.99,0.0,18.0,0.7,2.1,1.0,1473,26,Midfielder,0.8157894736842106,0.3225806451612903,0.021484375,1.4285714285714286,0.06666666666666667,0.28571428571428575,0.028571428571428574,34.639108209332925,13.915515234335459,78.05342139892701,76.26371596315417,39.56456655324165,True
1191093,Lorenzo Bernasconi,8524,Atalanta,ITA-Serie A,1.3,34.2,5.0,0.0,2.1,3.5,0.2,0.02,0.5,3.0,0.0,0.8,0.1,0.3,0.0,7.02,0.0,27.0,0.5,1.7,0.5,1569,23,Midfielder,0.8333333333333334,0.32,0.038011695906432746,1.0,0.12962962962962962,0.2,0.04,78.46348314606742,9.924157303370787,58.376404494382015,48.93820224719101,39.54236338003476,True
1285866,Habib Diarra,8472,Sunderland,ENG-Premier League,0.3,23.0,0.0,0.0,0.9,0.6,0.04,0.22,1.3,1.0,0.13,0.3,0.5,0.0,0.6,6.65,0.0,5.0,1.6,0.9,0.4,1365,18,Midfielder,0.48,0.25,0.013043478260869565,0.3076923076923077,0.12,0.3125,0.13749999999999998,32.70224719101124,63.03370786516854,29.764044943820224,40.76966292134831,39.332984848414625,True
557346,Sandi Lovric,8600,Udinese,ITA-Serie A,1.8,28.0,5.0,0.0,0.9,2.4,0.09,0.1,2.1,3.0,0.08,0.9,0.5,0.2,0.5,6.74,0.0,32.0,1.9,1.8,0.8,2326,36,Midfielder,0.5625,0.3333333333333333,0.0642857142857143,0.38095238095238093,0.075,0.2631578947368421,0.052631578947368425,42.645270270270274,27.060810810810807,43.93243243243243,48.23648648648649,39.3022947511805,False
882400,Jessy Deminguet,8550,Metz,FRA-Ligue 1,2.5,34.8,1.0,0.0,0.8,0.9,0.04,0.04,1.3,0.0,0.09,1.0,0.3,0.1,0.2,6.39,0.0,4.0,0.8,2.0,0.4,2012,31,Midfielder,0.6976744186046512,0.3333333333333333,0.07183908045977012,0.3076923076923077,0.225,0.37499999999999994,0.049999999999999996,44.5308988764045,28.820224719101127,38.67977528089887,48.95505617977528,39.29644610784123,True
792756,Michel Aebischer,6479,Pisa,ITA-Serie A,2.9,41.0,7.0,0.0,1.0,2.2,0.07,0.02,1.3,1.0,0.03,1.1,0.2,0.2,0.4,6.92,0.0,30.0,0.6,2.0,0.5,2749,33,Midfielder,0.7045454545454545,0.3548387096774194,0.07073170731707316,0.3846153846153846,0.07333333333333333,0.33333333333333337,0.03333333333333333,43.07022471910112,20.269662921348313,48.51123595505618,59.81460674157303,39.24522363418097,True
530197,Manolis Saliakas,8152,FC St. Pauli,GER-Bundesliga,2.4,31.2,1.0,0.0,2.1,1.4,0.12,0.05,0.3,3.0,0.08,1.1,0.2,0.1,0.6,7.05,0.0,12.0,1.3,2.4,0.4,1110,17,Midfielder,0.9210526315789475,0.31428571428571433,0.07692307692307693,1.3333333333333335,0.11666666666666665,0.15384615384615385,0.038461538461538464,52.77372456726389,14.701336167628304,44.61361220771334,73.00756655531936,39.228793151782305,True
1269497,Yannik Engelhardt,9788,Borussia Mönchengladbach,GER-Bundesliga,1.0,41.1,1.0,0.0,1.6,1.4,0.05,0.08,1.5,2.0,0.07,1.2,0.2,0.4,0.3,6.91,0.0,12.0,0.8,1.6,0.2,2401,30,Midfielder,0.6511627906976744,0.4285714285714286,0.024330900243309,0.13333333333333333,0.11666666666666665,0.25,0.09999999999999999,40.37801143840469,34.22640196376151,39.32379289401761,44.00564328373317,39.15608967714699,True
852071,Juan Hernández,8603,Real Betis,ESP-La Liga,1.1,16.5,8.0,0.0,0.9,2.4,0.08,0.39,0.8,3.0,0.4,0.3,0.9,0.1,0.8,7.12,0.0,33.0,3.1,1.0,1.0,2502,31,Attacker,0.6190476190476191,0.23076923076923075,0.06666666666666667,1.25,0.07272727272727272,0.2903225806451613,0.12580645161290321,34.492155076424744,45.04929648749873,39.91616054256503,38.510476768903736,39.096787296287886,True
933817,Riccardo Sottil,9888,Lecce,ITA-Serie A,0.8,17.3,6.0,0.0,0.4,2.7,0.23,0.06,0.8,2.0,0.08,0.2,0.3,0.0,0.3,6.47,0.0,24.0,1.7,0.3,1.1,1072,21,Attacker,0.3846153846153846,0.4,0.046242774566473986,1.375,0.1125,0.17647058823529413,0.03529411764705882,67.45101984006477,17.88180736916692,61.7975503593481,25.78644093531734,39.06793937578773,True
298915,Maximilian Arnold,8721,VfL Wolfsburg,GER-Bundesliga,3.8,42.3,11.0,0.0,3.6,4.1,0.2,0.02,0.8,4.0,0.05,1.2,0.2,0.6,0.1,6.87,0.0,29.0,0.7,1.1,0.2,1854,25,Midfielder,0.7419354838709677,0.5217391304347826,0.08983451536643026,0.25,0.14137931034482756,0.28571428571428575,0.028571428571428574,80.8936380200425,20.793893612713838,32.09072274521713,36.81784593582346,39.0539363778503,True
1130583,Samú,8661,Mallorca,ESP-La Liga,2.3,32.7,1.0,0.0,3.1,1.1,0.04,0.14,2.2,2.0,0.25,0.9,0.5,0.5,0.4,7.01,0.0,14.0,1.3,2.2,0.5,2553,32,Midfielder,0.5849056603773585,0.2903225806451613,0.07033639143730885,0.22727272727272727,0.07857142857142858,0.3846153846153846,0.1076923076923077,28.978831359449334,47.87689796538111,37.06593531733981,50.35557748759996,39.02195450903075,True
666857,Yoane Wissa,9937,Brentford,ENG-Premier League,0.5,13.7,3.0,0.0,0.6,1.8,0.06,0.57,1.0,4.0,0.58,0.2,1.3,0.2,0.6,7.27,0.0,28.0,2.8,0.7,0.5,2927,35,Attacker,0.47368421052631576,0.22222222222222227,0.03649635036496351,0.5,0.0642857142857143,0.46428571428571436,0.20357142857142857,25.72297297297297,93.20608108108108,28.388513513513516,36.4054054054054,38.99206608605486,False
1385856,Davide Bartesaghi,8564,Milan,ITA-Serie A,1.6,34.3,4.0,0.0,2.5,3.9,0.16,0.04,0.7,0.0,0.08,0.4,0.2,0.4,0.0,6.93,0.0,42.0,0.8,1.8,0.4,2262,29,Midfielder,0.7586206896551724,0.18181818181818182,0.046647230320699715,0.5714285714285715,0.09285714285714286,0.25,0.049999999999999996,58.90168539325842,17.039325842696627,46.9691011235955,46.747191011235955,38.97674651667663,True
772193,Ragnar Ache,8722,1. FC Köln,GER-Bundesliga,0.2,9.7,6.0,0.0,2.0,1.0,0.05,0.54,0.9,4.0,0.37,0.2,1.1,0.2,0.4,6.89,0.0,28.0,2.7,0.7,0.5,1725,29,Attacker,0.5,0.22222222222222227,0.02061855670103093,0.5555555555555556,0.03571428571428571,0.40740740740740744,0.2,29.387640449438198,89.70505617977526,31.058988764044944,27.87640449438202,38.971563120907824,True
1705081,Christian Kofane,8178,Bayer 04 Leverkusen,GER-Bundesliga,0.0,12.2,3.0,0.0,1.2,1.1,0.08,0.5,2.2,4.0,0.36,0.1,1.4,0.1,0.7,6.81,0.0,17.0,3.4,0.9,0.5,1235,29,Attacker,0.3125,0.1,0.0,0.22727272727272727,0.06470588235294118,0.4117647058823529,0.14705882352941177,31.67696629213483,84.37078651685393,21.811797752808985,41.42134831460674,38.89455535760391,True
1180481,Johann Lepenant,9830,Nantes,FRA-Ligue 1,1.8,27.3,4.0,0.0,0.9,1.9,0.08,0.04,1.2,1.0,0.0,1.1,0.3,0.1,0.6,6.94,0.0,33.0,0.9,3.3,0.4,2175,27,Midfielder,0.7857142857142857,0.25,0.06593406593406594,0.33333333333333337,0.05757575757575757,0.3333333333333333,0.044444444444444446,40.91254175523838,23.319971657050306,36.609828930053645,72.82450146775989,38.80108517551923,True
1210943,Jackson Tchatchoua,8602,Wolverhampton Wanderers,ENG-Premier League,0.7,20.2,3.0,0.0,2.8,1.7,0.08,0.02,0.4,1.0,0.0,0.7,0.0,0.4,0.2,6.5,0.0,21.0,0.1,1.4,0.2,1837,31,Midfielder,0.84,0.33333333333333337,0.03465346534653465,0.5,0.08095238095238096,0.0,0.19999999999999998,39.87726490535479,35.08905253568175,33.4462116610993,49.21102844417451,38.548700396814176,True
850295,Alessio Zerbin,7801,Cremonese,ITA-Serie A,0.9,18.3,4.0,0.0,1.4,2.0,0.11,0.09,1.9,3.0,0.0,0.2,0.4,0.2,0.1,6.39,0.0,17.0,1.2,2.1,0.4,1599,31,Midfielder,0.5476190476190477,0.08695652173913043,0.04918032786885246,0.2105263157894737,0.11764705882352941,0.33333333333333337,0.075,61.182584269662925,39.51966292134831,22.778089887640448,35.97191011235955,38.526865657691594,True
975242,Simon Sohm,9857,Bologna,ITA-Serie A,1.2,30.7,3.0,0.0,0.7,1.5,0.1,0.05,1.6,1.0,0.0,0.5,0.1,0.3,0.1,6.48,0.0,15.0,0.6,1.3,0.7,1430,28,Midfielder,0.5294117647058824,0.2777777777777778,0.03908794788273615,0.43749999999999994,0.1,0.16666666666666669,0.08333333333333334,45.44523737220366,32.6545956068428,49.026495596720316,27.350212572122683,38.52409492542642,True
640492,Rafa Mir,10268,Elche,ESP-La Liga,0.7,16.5,3.0,0.0,0.9,1.1,0.06,0.4,1.9,0.0,0.4,0.2,1.8,0.0,0.7,6.77,0.0,9.0,3.4,0.8,0.2,1809,27,Attacker,0.3448275862068966,0.2,0.04242424242424242,0.10526315789473685,0.12222222222222223,0.5294117647058824,0.11764705882352942,48.50842696629213,82.4943820224719,12.811797752808987,40.662921348314605,38.33482497127433,True
1336529,Oscar Højlund,9810,Eintracht Frankfurt,GER-Bundesliga,1.6,41.7,2.0,0.0,1.4,0.8,0.07,0.04,2.2,1.0,0.08,0.6,0.2,0.4,0.2,6.36,0.0,7.0,0.6,2.4,0.4,1091,24,Midfielder,0.5769230769230769,0.19999999999999998,0.03836930455635491,0.18181818181818182,0.1142857142857143,0.33333333333333337,0.06666666666666667,44.23876404494382,29.491573033707866,38.44101123595506,42.23033707865169,38.23745601995005,True
1359649,Noah Sadiki,8472,Sunderland,ENG-Premier League,1.2,29.3,0.0,0.0,1.4,1.4,0.05,0.05,1.0,1.0,0.0,1.1,0.2,0.4,0.5,6.82,0.0,17.0,0.6,1.5,0.9,2727,31,Midfielder,0.7222222222222222,0.4230769230769231,0.040955631399317405,0.9,0.08235294117647059,0.33333333333333337,0.08333333333333334,19.41011235955056,36.25561797752809,63.10112359550561,60.258426966292134,38.217746378284296,True
424614,Caleb Ekuban,10233,Genoa,ITA-Serie A,0.2,9.7,1.0,0.0,0.5,0.8,0.08,0.35,1.5,1.0,0.37,0.5,0.9,0.1,1.0,6.37,0.0,11.0,2.7,0.4,0.6,970,30,Attacker,0.375,0.5555555555555556,0.02061855670103093,0.39999999999999997,0.07272727272727274,0.3333333333333333,0.12962962962962962,26.185393258426963,69.29775280898876,28.994382022471907,44.64044943820225,38.117261705716025,True
812839,Martijn Kaars,8152,FC St. Pauli,GER-Bundesliga,0.4,17.6,2.0,0.0,0.5,1.1,0.08,0.25,0.6,1.0,0.22,0.0,0.7,0.0,0.2,6.33,0.0,9.0,1.6,0.5,0.3,1255,28,Attacker,0.45454545454545453,0.0,0.022727272727272728,0.5,0.12222222222222223,0.43749999999999994,0.15625,49.174157303370784,79.55898876404494,28.988764044943817,14.45505617977528,38.04124947801878,True
562724,Lewis Cook,8678,Bournemouth,ENG-Premier League,1.9,34.1,6.0,0.0,2.0,3.8,0.11,0.03,1.5,3.0,0.03,1.2,0.1,0.3,0.3,7.09,0.0,48.0,0.4,2.4,0.4,2978,36,Midfielder,0.7058823529411764,0.33333333333333337,0.055718475073313775,0.26666666666666666,0.07916666666666666,0.25,0.075,50.155405405405396,22.777027027027028,34.29391891891892,54.13513513513513,38.01628782413162,False
874621,Martín Payero,7801,Cremonese,ITA-Serie A,0.7,21.4,1.0,0.0,1.1,1.0,0.06,0.11,2.3,0.0,0.06,0.6,0.5,0.2,0.4,6.43,0.0,12.0,1.4,1.2,1.4,1458,25,Midfielder,0.43902439024390244,0.33333333333333337,0.03271028037383177,0.6086956521739131,0.08333333333333333,0.35714285714285715,0.07857142857142858,25.39887640449438,45.09831460674157,59.16853932584269,32.140449438202246,37.967983358688535,True
707970,Djibril Sow,8302,Sevilla,ESP-La Liga,1.7,33.9,2.0,0.0,0.4,1.8,0.08,0.08,1.6,4.0,0.22,0.8,0.4,0.1,0.1,6.74,0.0,22.0,0.8,1.7,0.3,2015,31,Midfielder,0.6097560975609757,0.32,0.05014749262536873,0.18749999999999997,0.08181818181818182,0.5,0.09999999999999999,29.641018827816577,52.66732462799879,34.700387184937746,40.82192023484158,37.950326683917844,True
577911,Rolando Mandragora,8535,Fiorentina,ITA-Serie A,1.3,30.9,3.0,0.0,1.3,2.5,0.1,0.18,1.4,3.0,0.23,0.5,0.6,0.2,0.3,7.03,0.0,34.0,2.4,1.7,0.2,2322,32,Midfielder,0.6111111111111112,0.22727272727272727,0.04207119741100324,0.14285714285714288,0.07352941176470588,0.25,0.075,46.504782872760394,41.922740155886224,27.680686304281807,36.50442858588926,37.92058477388408,True
845994,Hans Nicolussi Caviglia,10167,Parma,ITA-Serie A,2.6,41.6,4.0,0.0,1.7,1.7,0.12,0.06,1.5,4.0,0.0,0.4,0.1,0.2,0.2,6.65,0.0,17.0,1.2,1.6,0.8,1298,24,Midfielder,0.5714285714285714,0.2,0.0625,0.5333333333333333,0.09999999999999999,0.08333333333333334,0.05,48.90755643283733,20.732893005364915,53.929863852616656,35.45115902419273,37.919376235171804,True
1276315,Dermane Karim,8689,Lorient,FRA-Ligue 1,1.3,30.2,1.0,0.0,0.3,1.0,0.07,0.08,1.3,2.0,0.07,0.7,0.1,0.1,0.8,6.71,0.0,16.0,1.0,1.6,1.3,1340,29,Midfielder,0.638888888888889,0.30434782608695654,0.043046357615894044,1.0,0.0625,0.1,0.08,20.56179775280899,26.3876404494382,71.56179775280899,67.2752808988764,37.88871522081496,True
941656,Samuele Ricci,8564,Milan,ITA-Serie A,2.6,40.9,5.0,0.0,1.7,1.9,0.13,0.11,1.1,4.0,0.07,0.6,0.4,0.4,0.3,6.74,0.0,19.0,1.3,1.1,0.4,1275,30,Midfielder,0.6071428571428571,0.3529411764705882,0.06356968215158924,0.36363636363636365,0.09999999999999999,0.3076923076923077,0.0846153846153846,45.39508047373215,35.29529810709585,39.56019080878632,29.82290717683976,37.86661119516928,True
1469758,Simon Ebonog,9746,Le Havre,FRA-Ligue 1,0.4,18.9,1.0,0.0,1.1,0.7,0.04,0.09,1.5,0.0,0.05,1.2,0.2,0.2,0.4,6.58,0.0,7.0,1.1,2.0,0.9,1744,29,Midfielder,0.6808510638297872,0.37499999999999994,0.021164021164021166,0.6,0.09999999999999999,0.18181818181818182,0.0818181818181818,27.856741573033705,29.907303370786515,49.3314606741573,57.62359550561797,37.828966201218996,True
1243571,Andréas Hountondji,8152,FC St. Pauli,GER-Bundesliga,0.2,8.4,1.0,0.0,0.4,0.5,0.05,0.31,0.8,0.0,0.35,0.1,1.1,0.2,0.3,6.23,0.0,6.0,1.7,0.6,0.8,1030,20,Attacker,0.4666666666666666,0.14285714285714288,0.023809523809523808,1.0,0.08333333333333333,0.6470588235294118,0.18235294117647058,23.373595505617978,89.82584269662922,47.16573033707865,19.848314606741575,37.75020811379788,True
1238154,Pablo Ibánez,9866,Alavés,ESP-La Liga,1.0,35.3,1.0,0.0,1.1,1.3,0.05,0.17,1.5,1.0,0.04,0.8,0.5,0.4,0.5,6.72,0.0,19.0,1.9,2.1,1.3,2152,35,Midfielder,0.6590909090909092,0.27586206896551724,0.028328611898017,0.8666666666666667,0.06842105263157895,0.2631578947368421,0.08947368421052633,17.66504706954145,40.742281607450145,64.86831916185848,52.310785504605725,37.44313344966403,True
915111,Shuto Machino,9788,Borussia Mönchengladbach,GER-Bundesliga,0.7,17.6,0.0,0.0,1.0,1.6,0.14,0.25,1.1,1.0,0.26,0.3,0.9,0.1,0.3,6.47,0.0,14.0,2.2,0.6,0.3,1047,31,Attacker,0.44999999999999996,0.33333333333333337,0.039772727272727265,0.2727272727272727,0.1142857142857143,0.40909090909090906,0.11363636363636363,50.964128454297,72.86325792084219,25.251670209535376,16.778342949691265,37.43939891543551,True
901495,Albert Sambi Lokonga,9790,Hamburger SV,GER-Bundesliga,1.9,34.6,0.0,0.0,1.1,1.4,0.08,0.1,1.1,0.0,0.28,0.8,0.6,0.6,0.3,6.87,0.0,23.0,0.9,1.6,0.4,1622,25,Midfielder,0.6857142857142857,0.3333333333333333,0.054913294797687855,0.36363636363636365,0.0608695652173913,0.6666666666666666,0.11111111111111112,19.07584269662921,64.9438202247191,40.73876404494382,46.47752808988764,37.4308892089623,True
1082102,Igor Jesus,10203,Nottingham Forest,ENG-Premier League,0.5,12.4,5.0,0.0,1.2,1.2,0.05,0.27,1.7,4.0,0.25,0.1,0.8,0.2,0.7,6.54,0.0,15.0,2.8,0.9,0.5,2140,35,Attacker,0.37037037037037035,0.1,0.04032258064516129,0.29411764705882354,0.08,0.28571428571428575,0.09642857142857145,36.89606741573033,53.92134831460674,23.912921348314605,42.23033707865168,37.39532207342543,True
1210647,Beñat Turrientes,8560,Real Sociedad,ESP-La Liga,1.9,40.0,1.0,0.0,1.8,0.6,0.04,0.06,1.9,3.0,0.0,0.5,0.5,0.4,0.5,6.79,0.0,11.0,1.5,2.9,1.5,1167,25,Midfielder,0.6415094339622641,0.14705882352941177,0.0475,0.7894736842105263,0.05454545454545454,0.3333333333333333,0.04,21.158657252758374,26.131744103654217,74.93963204777812,56.92805445895334,37.29766876224318,True
1368557,Gift Orban,9876,Verona,ITA-Serie A,0.6,11.9,3.0,0.0,0.4,1.4,0.06,0.47,1.0,2.0,0.31,0.2,1.2,0.0,0.4,6.59,0.0,20.0,3.8,0.2,0.8,2036,28,Attacker,0.28571428571428575,0.5,0.050420168067226885,0.8,0.06999999999999999,0.3157894736842105,0.12368421052631579,28.668539325842694,69.81741573033709,45.721910112359545,19.51685393258427,37.267105765040036,True
1112702,Arkadiusz Pyrka,8152,FC St. Pauli,GER-Bundesliga,1.0,23.5,6.0,0.0,3.0,2.0,0.07,0.04,0.6,1.0,0.0,0.8,0.1,0.4,0.6,6.84,0.0,24.0,0.7,1.3,0.5,2490,30,Midfielder,0.7777777777777778,0.38095238095238093,0.0425531914893617,0.8333333333333334,0.08333333333333333,0.14285714285714288,0.05714285714285715,44.80337078651685,14.587078651685394,47.81460674157302,66.75842696629213,37.25432114358107,True
867789,Emanuele Valeri,10167,Parma,ITA-Serie A,1.8,18.9,4.0,0.0,1.5,4.0,0.14,0.02,0.8,2.0,0.0,0.8,0.2,0.1,0.3,6.78,0.0,48.0,0.7,1.6,0.5,2550,32,Midfielder,0.7500000000000001,0.3333333333333333,0.09523809523809525,0.625,0.08333333333333333,0.28571428571428575,0.028571428571428574,54.345948476566456,18.760109828930055,36.389968620305694,51.15654418463407,37.22928160612263,True
784241,Manu Morlanes,8661,Mallorca,ESP-La Liga,2.0,42.6,2.0,0.0,1.2,1.1,0.06,0.1,1.4,0.0,0.11,0.9,0.2,0.1,0.2,6.69,0.0,16.0,0.6,2.9,0.4,1604,30,Midfielder,0.7307692307692308,0.2368421052631579,0.046948356807511735,0.28571428571428575,0.06875,0.33333333333333337,0.16666666666666669,21.108930559773253,45.51801801801801,39.025609879542465,63.885666565441845,37.222352361807935,True
1421505,Gvidas Gineitis,9804,Torino,ITA-Serie A,1.2,22.4,5.0,0.0,1.4,2.3,0.12,0.05,2.2,1.0,0.0,1.2,0.3,0.5,0.3,6.76,0.0,26.0,1.4,2.2,0.9,1718,28,Midfielder,0.6071428571428571,0.3529411764705882,0.053571428571428575,0.40909090909090906,0.08846153846153845,0.2142857142857143,0.03571428571428572,55.255744508553484,17.775673145055165,41.64332169247899,44.20126024901305,37.080280930487326,True
1193815,Julian Niehues,94937,1. FC Heidenheim 1846,GER-Bundesliga,2.1,32.5,1.0,0.0,2.6,0.9,0.06,0.08,0.6,0.0,0.19,1.4,0.3,0.5,0.1,6.71,0.0,7.0,1.2,1.1,0.3,1389,24,Midfielder,0.8064516129032258,0.5599999999999999,0.06461538461538462,0.5,0.1285714285714286,0.25,0.06666666666666667,41.79775280898876,27.087078651685392,40.44943820224719,40.943820224719104,37.04266448691631,True
942193,Mikael Egill Ellertsson,10233,Genoa,ITA-Serie A,0.4,15.5,5.0,0.0,1.4,1.7,0.06,0.08,1.0,1.0,0.03,0.5,0.2,0.3,0.3,6.52,0.0,15.0,0.9,1.5,0.4,2589,34,Midfielder,0.6666666666666666,0.25,0.025806451612903226,0.4,0.11333333333333333,0.22222222222222224,0.08888888888888889,48.429079360259124,27.456789654823364,30.000050612410163,46.6573286769916,37.00486072202069,True
916710,Alessandro Zanoli,8600,Udinese,ITA-Serie A,0.6,19.5,3.0,0.0,2.5,1.1,0.07,0.01,1.1,2.0,0.07,0.5,0.1,0.3,0.3,6.94,0.0,15.0,0.2,1.7,1.0,1290,19,Midfielder,0.6666666666666666,0.22727272727272727,0.030769230769230767,0.9090909090909091,0.07333333333333333,0.5,0.049999999999999996,26.051599352161148,29.46349579916996,56.76547474440732,48.704600668083806,36.99188409109884,True
749736,Kai Havertz,9825,Arsenal,ENG-Premier League,0.0,19.2,3.0,0.0,1.5,1.7,0.08,0.47,1.8,3.0,0.43,0.3,1.0,0.2,0.3,7.08,0.0,17.0,2.5,0.8,0.4,1874,23,Attacker,0.3793103448275862,0.2727272727272727,0.0,0.22222222222222224,0.09999999999999999,0.4,0.188,43.97972972972972,86.22972972972973,22.14527027027027,18.7027027027027,36.948017732874895,False
1157236,Yehor Yarmoliuk,9937,Brentford,ENG-Premier League,2.1,37.5,1.0,0.0,1.3,1.4,0.05,0.04,1.3,2.0,0.03,1.0,0.1,0.4,0.5,6.77,0.0,14.0,0.6,2.4,0.5,2576,36,Midfielder,0.7234042553191489,0.29411764705882354,0.056,0.3846153846153846,0.09999999999999999,0.16666666666666669,0.06666666666666667,31.72890727806458,17.930142220872558,50.98370280392752,75.83429496912643,36.869176924109155,True
1324358,Frank Magri,9941,Toulouse,FRA-Ligue 1,0.1,10.7,1.0,0.0,0.9,0.9,0.07,0.32,2.0,1.0,0.36,0.2,0.9,0.1,0.4,6.72,0.0,14.0,2.3,0.6,0.7,1264,17,Attacker,0.28571428571428575,0.25,0.009345794392523366,0.35,0.0642857142857143,0.391304347826087,0.1391304347826087,35.795487903633976,77.08834396193947,23.29465279886628,26.912693592468873,36.78757485070974,True
1347791,Yassin Belkhdim,8121,Angers,FRA-Ligue 1,0.9,25.5,4.0,0.0,1.0,1.3,0.05,0.1,1.2,2.0,0.08,1.5,0.6,0.3,0.3,6.94,0.0,15.0,1.4,2.5,0.2,2149,27,Attacker,0.7692307692307692,0.375,0.03529411764705882,0.16666666666666669,0.08666666666666667,0.4285714285714286,0.07142857142857144,34.8089761109424,48.30674916489522,20.035162971960723,60.31850389715557,36.73226085658046,True
1352713,Carlos Baleba,10204,Brighton and Hove Albion,ENG-Premier League,1.9,34.7,1.0,0.0,1.6,0.7,0.04,0.04,1.7,0.0,0.0,1.6,0.1,0.2,0.6,6.6,0.0,6.0,1.0,2.0,0.7,1549,29,Midfielder,0.679245283018868,0.4444444444444445,0.0547550432276657,0.4117647058823529,0.11666666666666665,0.1,0.04,30.011931875695918,17.15769561696528,56.984550561797754,73.9979501973884,36.693247063757404,True
1515977,Ilyas Ansah,8149,1. FC Union Berlin,GER-Bundesliga,0.2,10.2,1.0,0.0,0.8,1.0,0.05,0.15,1.1,1.0,0.24,0.2,0.5,0.1,0.7,6.43,0.0,15.0,1.5,0.8,1.2,1837,32,Midfielder,0.47619047619047616,0.2,0.019607843137254905,1.0909090909090908,0.06666666666666667,0.3333333333333333,0.09999999999999999,17.297752808988765,50.932584269662925,55.828651685393254,44.050561797752806,36.61427248307823,True
816325,Boubacar Kamara,10252,Aston Villa,ENG-Premier League,2.0,45.8,0.0,0.0,1.3,0.9,0.05,0.03,1.1,3.0,0.06,1.1,0.3,0.5,0.3,7.25,0.0,15.0,0.4,2.3,0.9,1418,18,Midfielder,0.7555555555555555,0.3235294117647059,0.04366812227074236,0.8181818181818181,0.060000000000000005,0.7499999999999999,0.075,15.088268043324225,43.38886780038465,62.26805597732564,56.889715558254885,36.51820950977223,True
1385894,Soungoutou Magassa,8654,West Ham United,ENG-Premier League,1.7,30.1,1.0,0.0,1.3,0.3,0.03,0.04,1.6,0.0,0.09,1.5,0.2,0.4,0.4,6.63,0.0,5.0,0.6,3.7,0.5,979,22,Midfielder,0.7647058823529411,0.28846153846153844,0.05647840531561461,0.3125,0.06,0.33333333333333337,0.06666666666666667,19.909454398218443,31.690327968417858,48.11802814050005,76.48337382326146,36.49554503884758,True
308517,Stanislav Lobotka,9875,Napoli,ITA-Serie A,1.7,62.8,0.0,0.0,1.1,1.7,0.07,0.02,0.5,1.0,0.04,0.6,0.2,0.1,0.4,7.06,0.0,21.0,0.3,1.0,0.2,2308,30,Midfielder,0.7619047619047619,0.37499999999999994,0.027070063694267517,0.4,0.08095238095238096,0.6666666666666667,0.06666666666666667,27.258009413908287,30.010249013058,44.749013058001815,55.387109019131486,36.420277097457635,True
1428153,Ngal Ayel Mukau,8639,Lille,FRA-Ligue 1,1.0,31.6,0.0,0.0,0.5,1.0,0.06,0.13,1.6,0.0,0.06,0.8,0.3,0.1,0.8,6.66,0.0,13.0,1.2,1.7,0.8,1494,29,Midfielder,0.6097560975609757,0.32,0.03164556962025316,0.5,0.07692307692307693,0.25,0.10833333333333334,16.834130478793394,38.872469379491854,54.22032847454195,64.75278368255896,36.3965286102696,True
574642,Ellyes Skhiri,9810,Eintracht Frankfurt,GER-Bundesliga,2.1,50.5,0.0,0.0,2.1,0.7,0.04,0.04,0.7,0.0,0.0,1.7,0.0,0.4,0.2,6.46,0.0,6.0,0.5,1.3,0.3,1352,24,Midfielder,0.8108108108108107,0.5666666666666667,0.041584158415841586,0.4285714285714286,0.11666666666666665,0.0,0.08,33.19507288187063,25.19346593784796,46.85793096467253,48.10863953841482,36.37344700544665,True
737339,Dany Mota,6504,Monza,ITA-Serie A,0.7,17.0,3.0,0.0,1.0,1.7,0.07,0.22,1.3,2.0,0.21,0.4,0.5,0.0,0.5,6.52,0.0,22.0,1.8,0.6,0.6,2111,31,Attacker,0.4347826086956522,0.4,0.041176470588235294,0.4615384615384615,0.07727272727272727,0.2777777777777778,0.12222222222222222,32.25,56.24324324324325,32.52027027027027,28.594594594594597,36.2553272908027,False
469615,Giovanni Simeone,9804,Torino,ITA-Serie A,0.3,12.0,2.0,0.0,0.7,0.7,0.03,0.41,1.1,0.0,0.48,0.2,1.2,0.1,0.7,6.84,0.0,19.0,3.2,0.6,1.0,2065,30,Attacker,0.42105263157894735,0.25,0.024999999999999998,0.9090909090909091,0.03684210526315789,0.37499999999999994,0.128125,13.50561797752809,75.1067415730337,51.74157303370786,40.47752808988764,36.139053342633986,True
651435,Toma Basic,8543,Lazio,ITA-Serie A,1.4,38.2,4.0,0.0,1.1,1.7,0.1,0.08,1.1,3.0,0.11,0.6,0.6,0.4,0.4,6.86,0.0,19.0,1.7,1.1,0.1,1566,21,Midfielder,0.6071428571428571,0.3529411764705882,0.03664921465968586,0.09090909090909091,0.08947368421052632,0.35294117647058826,0.047058823529411764,48.24438202247191,32.26966292134831,27.738764044943817,37.466292134831455,36.11873663945891,True
711231,Gorka Guruzeta,8315,Athletic Club,ESP-La Liga,0.7,13.3,7.0,0.0,0.7,1.8,0.07,0.4,1.8,3.0,0.37,0.4,1.3,0.1,0.7,6.73,0.0,24.0,3.1,0.8,0.3,2215,33,Attacker,0.4000000000000001,0.3333333333333333,0.05263157894736842,0.16666666666666666,0.075,0.41935483870967744,0.12903225806451613,33.31484715052131,73.78680787529102,16.61873671424233,43.607019941289614,36.04514788809631,True
1199272,Rasmus Højlund,9875,Napoli,ITA-Serie A,0.3,12.7,4.0,0.0,0.5,2.3,0.08,0.33,1.3,4.0,0.35,0.0,0.8,0.1,0.4,6.75,0.0,30.0,2.0,0.1,0.4,2581,31,Attacker,0.07142857142857142,0.0,0.023622047244094488,0.3076923076923077,0.07666666666666666,0.4,0.165,35.748367749772235,80.63781759287377,22.366560380605325,23.362435469177044,35.786150151290535,True
620618,Rodrigo Bentancur,8586,Tottenham Hotspur,ENG-Premier League,0.9,40.5,1.0,0.0,2.4,0.8,0.04,0.04,0.9,1.0,0.05,1.7,0.2,0.4,0.3,7.11,0.0,10.0,0.7,2.7,0.8,1720,24,Midfielder,0.830188679245283,0.3863636363636363,0.022222222222222223,0.888888888888889,0.08,0.28571428571428575,0.05714285714285715,22.681597327664743,22.601376657556433,60.456852920336054,65.3198451260249,35.777190002023964,True
561046,Ruben Aguilar,8588,Lens,FRA-Ligue 1,1.0,38.1,8.0,0.0,1.4,2.7,0.15,0.05,1.3,2.0,0.11,1.5,0.2,0.5,0.5,7.14,0.0,25.0,0.7,2.0,0.4,1685,25,Midfielder,0.7291666666666667,0.42857142857142855,0.026246719160104987,0.3076923076923077,0.10800000000000001,0.28571428571428575,0.07142857142857144,62.64538414819314,18.925700981880755,28.037883389006982,46.102237068529206,35.72814125573016,True
440330,Alexander Sørloth,9906,Atlético de Madrid,ESP-La Liga,0.2,13.3,2.0,0.0,1.1,0.9,0.04,0.47,1.3,0.0,0.61,0.0,1.6,0.1,0.3,6.82,0.0,10.0,3.1,0.6,0.5,1907,33,Attacker,0.3157894736842105,0.0,0.015037593984962405,0.3846153846153846,0.09,0.5161290322580645,0.15161290322580645,24.21192681445491,92.42833282720922,30.864763640044533,22.942200627593888,35.57564962203666,True
1127054,Tomás Suslov,9876,Verona,ITA-Serie A,1.6,15.5,4.0,0.0,0.6,1.7,0.07,0.07,2.3,1.0,0.0,0.8,0.3,0.1,0.5,6.62,0.0,27.0,1.4,2.3,1.5,2097,31,Midfielder,0.5740740740740741,0.2580645161290323,0.1032258064516129,0.6521739130434783,0.06296296296296296,0.2142857142857143,0.05000000000000001,30.912162162162158,20.695945945945944,51.611486486486484,54.195945945945944,35.562320146498195,False
1586552,Chema Andres,10269,VfB Stuttgart,GER-Bundesliga,0.8,44.3,1.0,0.0,2.8,1.1,0.08,0.07,1.3,0.0,0.15,2.1,0.3,0.6,0.4,7.15,0.0,15.0,0.9,2.1,0.1,1216,24,Midfielder,0.7636363636363637,0.5,0.018058690744920995,0.07692307692307693,0.07333333333333333,0.3333333333333333,0.07777777777777778,26.539325842696627,36.323033707865164,29.997191011235955,65.30898876404494,35.438655213753286,True
971790,Lucien Agoumé,8302,Sevilla,ESP-La Liga,2.2,35.4,8.0,0.0,1.4,1.5,0.05,0.03,1.9,3.0,0.04,1.6,0.1,0.2,0.3,6.96,0.0,27.0,0.5,2.3,0.4,2571,32,Midfielder,0.6724137931034483,0.4102564102564103,0.06214689265536724,0.2105263157894737,0.05555555555555555,0.2,0.06,33.494926105881156,20.55416793197692,42.88967759894726,59.43923980159934,35.36889787333485,True
586474,Kingsley Ehizibue,8600,Udinese,ITA-Serie A,1.0,18.9,2.0,0.0,2.6,1.0,0.05,0.06,1.8,0.0,0.1,0.6,0.1,0.2,0.1,6.6,0.0,8.0,0.4,2.0,0.4,1720,31,Midfielder,0.5909090909090908,0.23076923076923075,0.052910052910052914,0.22222222222222224,0.125,0.25,0.15,40.217886425751594,37.55502834294969,24.430673651179273,42.927978540338096,35.361016814354855,True
790732,Tommaso Pobega,9857,Bologna,ITA-Serie A,1.5,24.5,2.0,0.0,1.7,0.7,0.05,0.11,2.1,1.0,0.14,1.2,0.6,0.8,0.4,6.63,0.0,6.0,1.7,2.4,0.3,1301,24,Midfielder,0.631578947368421,0.33333333333333337,0.061224489795918366,0.14285714285714285,0.11666666666666665,0.35294117647058826,0.06470588235294118,33.49440732867699,42.73177953234133,22.625126531025405,52.768777204170455,35.34293355953383,True
156008,Jordan Henderson,9937,Brentford,ENG-Premier League,3.4,41.7,8.0,0.0,1.7,2.4,0.12,0.02,0.6,3.0,0.05,0.8,0.0,0.3,0.3,6.71,0.0,18.0,0.3,1.3,0.1,1835,30,Midfielder,0.7777777777777778,0.38095238095238093,0.08153477218225419,0.16666666666666669,0.13333333333333333,0.0,0.06666666666666667,75.14325842696628,12.269662921348313,31.480337078651687,49.2752808988764,35.319197737371105,True
972120,Boulaye Dia,8543,Lazio,ITA-Serie A,0.5,19.4,3.0,0.0,1.3,0.5,0.04,0.17,1.4,2.0,0.08,0.2,0.5,0.2,0.2,6.26,0.0,12.0,0.9,0.9,0.4,1159,25,Attacker,0.44000000000000006,0.18181818181818182,0.025773195876288662,0.28571428571428575,0.041666666666666664,0.5555555555555556,0.18888888888888888,24.364548537301346,83.36680078955358,32.37605020751088,23.458548436076526,35.30953414803066,True
471153,Ludovic Ajorque,8521,Brest,FRA-Ligue 1,1.0,17.3,4.0,0.0,1.4,2.0,0.07,0.3,2.1,9.0,0.26,0.4,0.6,0.2,0.7,7.17,0.0,40.0,1.8,0.9,0.4,2733,31,Attacker,0.38235294117647056,0.3076923076923077,0.057803468208092484,0.19047619047619047,0.05,0.3333333333333333,0.16666666666666666,27.521371090191312,79.19786921753213,18.915274825387183,40.27722947666768,35.22041557236859,True
812415,Hugo Magnetti,8521,Brest,FRA-Ligue 1,1.6,31.5,2.0,0.0,1.8,1.9,0.06,0.02,1.0,1.0,0.03,1.5,0.2,0.1,0.4,6.9,0.0,17.0,0.7,2.4,0.6,2680,32,Midfielder,0.7959183673469387,0.38461538461538464,0.050793650793650794,0.6,0.11176470588235293,0.28571428571428575,0.028571428571428574,37.01765107804434,15.280380099200324,45.386387792286655,67.37939062658164,35.19597635684028,True
1280132,Nico González,8456,Manchester City,ENG-Premier League,1.9,68.3,1.0,0.0,2.6,1.0,0.06,0.04,1.8,0.0,0.06,1.3,0.1,0.4,0.7,7.13,0.0,10.0,0.8,2.4,0.7,1477,24,Midfielder,0.6727272727272727,0.35135135135135137,0.027818448023426062,0.38888888888888884,0.1,0.125,0.049999999999999996,32.674157303370784,12.47191011235955,58.758426966292134,75.83707865168539,35.19560385771725,True
1098096,Evanilson,8678,Bournemouth,ENG-Premier League,0.1,11.4,3.0,0.0,0.9,1.4,0.05,0.34,0.8,1.0,0.21,0.2,0.8,0.1,0.5,6.74,0.0,30.0,2.3,0.4,0.5,2597,34,Attacker,0.4285714285714286,0.3333333333333333,0.008771929824561403,0.625,0.04666666666666666,0.3478260869565218,0.14782608695652177,22.92375240408948,78.49172487093836,26.89775027836825,34.103806053244256,35.13833995514125,True
299799,Bryan Cristante,8686,Roma,ITA-Serie A,3.5,49.9,2.0,0.0,1.9,2.5,0.08,0.06,1.8,1.0,0.06,0.8,0.2,0.2,0.5,7.16,0.0,25.0,1.3,2.1,0.4,2923,35,Midfielder,0.6170212765957447,0.27586206896551724,0.07014028056112225,0.22222222222222224,0.1,0.15384615384615385,0.04615384615384615,37.600503593481115,19.919070756149406,40.2349681141816,54.46740560785505,35.136105326944026,True
616531,Javi Muñoz,8306,Las Palmas,ESP-La Liga,2.0,29.8,4.0,0.0,1.1,2.3,0.08,0.04,1.0,3.0,0.03,1.1,0.2,0.1,0.4,6.81,0.0,29.0,0.9,1.6,0.7,2590,35,Midfielder,0.7297297297297297,0.40740740740740744,0.06711409395973154,0.7,0.0793103448275862,0.22222222222222224,0.044444444444444446,39.09459459459459,15.030405405405403,50.80405405405404,53.655405405405396,35.01668072091969,False
39591,Axel Witsel,7732,Girona,ESP-La Liga,1.5,47.7,2.0,0.0,2.0,1.2,0.04,0.09,1.2,2.0,0.04,1.0,0.2,0.4,0.4,6.97,0.0,17.0,0.7,1.2,0.3,2419,30,Midfielder,0.6470588235294118,0.45454545454545453,0.031446540880503145,0.25,0.07058823529411765,0.28571428571428575,0.1285714285714286,21.27247191011236,48.12078651685393,39.488764044943814,42.455056179775276,34.964943932233766,True
1310480,Sergi Altimira,8603,Real Betis,ESP-La Liga,2.6,53.3,0.0,0.0,1.5,0.8,0.06,0.03,1.1,2.0,0.08,1.6,0.2,0.3,0.5,6.87,0.0,11.0,0.5,3.9,0.3,1182,24,Midfielder,0.8333333333333334,0.29090909090909095,0.04878048780487805,0.2727272727272727,0.07272727272727274,0.4,0.06,17.76756250632655,31.61340975807268,46.04054054054054,76.42101933394068,34.85650663637361,True
1280225,Estéban Lepaul,9851,Rennes,FRA-Ligue 1,0.5,13.5,3.0,0.0,0.6,1.2,0.04,0.52,0.8,5.0,0.69,0.1,1.3,0.0,0.6,7.24,0.0,22.0,2.8,0.2,0.3,2612,33,Attacker,0.27272727272727276,0.3333333333333333,0.037037037037037035,0.37499999999999994,0.05454545454545454,0.46428571428571436,0.18571428571428572,32.17558710395789,85.27225680736916,20.336509262071058,25.158872355501572,34.84714639712721,True
956622,Óscar Valentín,8370,Rayo Vallecano,ESP-La Liga,1.0,33.7,1.0,0.0,2.4,1.3,0.06,0.05,1.3,0.0,0.05,1.2,0.2,0.6,0.1,6.78,0.0,10.0,0.6,2.9,0.2,1962,31,Midfielder,0.7592592592592593,0.29268292682926833,0.029673590504451036,0.15384615384615385,0.13,0.33333333333333337,0.08333333333333334,35.88432533657252,31.63437594898269,27.04546259742889,51.63445186759793,34.843580089798365,True
729769,Tyler Adams,8678,Bournemouth,ENG-Premier League,1.6,44.6,2.0,0.0,2.2,0.6,0.03,0.03,1.7,2.0,0.11,1.7,0.3,0.5,0.3,6.91,0.0,7.0,0.5,2.4,0.3,1598,23,Midfielder,0.7068965517241379,0.41463414634146345,0.03587443946188341,0.17647058823529413,0.08571428571428572,0.6,0.06,19.927523028646622,42.97141664136046,34.39243597530115,61.98656240510172,34.73010997777293,True
689987,Jakub Piotrowski,8600,Udinese,ITA-Serie A,1.0,24.4,1.0,0.0,1.9,0.8,0.04,0.15,1.5,1.0,0.05,0.9,0.5,0.4,0.4,6.64,0.0,11.0,2.0,2.5,0.7,1643,32,Midfielder,0.693877551020408,0.2647058823529412,0.04098360655737705,0.4666666666666666,0.07272727272727274,0.25,0.075,17.808988764044944,37.03651685393258,45.03651685393258,62.882022471910105,34.709296469707986,True
1425769,Alejandro Rego,8315,Athletic Club,ESP-La Liga,1.6,30.3,1.0,0.0,1.2,1.3,0.1,0.03,3.0,1.0,0.07,1.7,0.2,0.4,0.5,6.56,0.0,11.0,0.8,3.0,0.6,1216,27,Midfielder,0.6103896103896104,0.36170212765957444,0.052805280528052806,0.19999999999999998,0.11818181818181818,0.25,0.0375,47.89325842696629,13.362359550561797,37.823033707865164,63.08988764044944,34.67241919552423,True
1463266,Louis Oppie,8152,FC St. Pauli,GER-Bundesliga,1.2,28.8,3.0,0.0,2.4,1.8,0.1,0.05,0.9,0.0,0.06,0.6,0.2,0.1,0.3,6.62,0.0,9.0,0.9,1.4,0.2,1526,22,Midfielder,0.6896551724137931,0.3,0.041666666666666664,0.22222222222222224,0.2,0.22222222222222224,0.05555555555555556,64.71067415730336,17.957865168539325,26.219101123595504,43.71348314606742,34.64447513647739,True
1040889,Junior Dina Ebimbe,8521,Brest,FRA-Ligue 1,0.5,16.3,2.0,0.0,1.0,0.7,0.06,0.28,1.7,0.0,0.39,0.5,0.7,0.0,0.6,6.48,0.0,8.0,2.1,1.9,0.2,1167,27,Attacker,0.5853658536585367,0.20833333333333334,0.03067484662576687,0.11764705882352942,0.0875,0.3333333333333333,0.13333333333333333,31.32022471910112,67.21348314606742,13.01123595505618,59.62921348314607,34.61648888425362,True
845998,Antonio Blanco,9866,Alavés,ESP-La Liga,3.1,46.3,2.0,0.0,1.2,1.9,0.06,0.04,2.1,3.0,0.06,1.6,0.4,0.3,0.3,7.09,0.0,22.0,1.2,2.8,0.7,2936,34,Midfielder,0.676923076923077,0.36363636363636365,0.06695464362850972,0.3333333333333333,0.08636363636363636,0.33333333333333337,0.03333333333333333,34.684646725377064,18.222454195768805,47.4740990990991,51.3936633262476,34.55325756634102,True
1132607,Peque Fernández,8302,Sevilla,ESP-La Liga,1.6,27.3,0.0,0.0,0.2,0.7,0.07,0.1,1.2,1.0,0.2,0.1,0.6,0.0,0.1,6.66,0.0,15.0,1.4,1.1,1.6,914,25,Midfielder,0.5,0.08333333333333333,0.05860805860805861,1.3333333333333335,0.04666666666666666,0.4285714285714286,0.07142857142857144,18.603768093936633,46.936253669399726,65.80445895333536,26.482665249519176,34.5075042066693,True
747926,Moise Kean,8535,Fiorentina,ITA-Serie A,0.0,6.8,0.0,0.0,0.7,0.2,0.01,0.66,1.3,1.0,0.35,0.3,1.2,0.0,0.6,6.79,0.0,3.0,4.3,0.3,1.1,2041,26,Attacker,0.3157894736842105,0.5,0.0,0.8461538461538461,0.06666666666666667,0.27906976744186046,0.15348837209302327,13.724529304585483,79.96421702601477,51.5445642271485,29.031076019840068,34.481925137028085,True
517052,Vedat Muriqi,8661,Mallorca,ESP-La Liga,0.6,12.8,2.0,0.0,1.7,1.2,0.04,0.52,1.2,1.0,0.67,0.1,1.4,0.2,0.6,7.18,0.0,17.0,3.2,0.3,0.5,2954,35,Attacker,0.25,0.25,0.04687499999999999,0.4166666666666667,0.07058823529411765,0.43749999999999994,0.1625,24.48570199412896,85.10009869419981,25.651407025002527,26.80261160036441,34.44050448554619,True
1553099,Mikel Jauregizar,8315,Athletic Club,ESP-La Liga,1.8,35.0,1.0,0.0,0.9,2.4,0.08,0.05,1.5,0.0,0.07,1.5,0.3,0.1,0.7,6.82,0.0,27.0,1.2,2.1,0.3,2687,34,Midfielder,0.7058823529411765,0.41666666666666663,0.05142857142857143,0.19999999999999998,0.08888888888888889,0.25,0.04166666666666667,27.01618331814961,20.954056584674564,38.83547170766271,78.61491547727503,34.37259832498194,True
292313,Raul Jiménez,9879,Fulham,ENG-Premier League,0.6,13.6,2.0,0.0,1.3,0.9,0.04,0.47,1.9,3.0,0.38,0.3,0.8,0.1,0.3,6.79,0.0,25.0,3.0,1.4,0.4,2158,34,Attacker,0.47222222222222227,0.17647058823529413,0.04411764705882353,0.2105263157894737,0.036000000000000004,0.26666666666666666,0.15666666666666665,24.98706852920336,71.48017258831867,25.868066099807674,31.653178459358234,34.36651122588803,True
1079548,Joris Chotard,8521,Brest,FRA-Ligue 1,2.6,31.1,0.0,0.0,2.9,1.4,0.04,0.04,0.9,1.0,0.07,1.5,0.3,0.5,0.2,6.83,0.0,11.0,0.8,2.2,0.1,2761,32,Midfielder,0.8043478260869564,0.4054054054054054,0.08360128617363344,0.11111111111111112,0.12727272727272726,0.37499999999999994,0.049999999999999996,35.707080676181796,25.8981678307521,28.85436278975605,56.90201437392449,34.29430167414552,True
556972,Sasa Lukic,9879,Fulham,ENG-Premier League,0.5,31.4,2.0,0.0,1.8,1.8,0.1,0.12,2.7,2.0,0.05,0.9,0.3,0.5,0.3,6.78,0.0,27.0,1.0,2.4,0.3,1644,25,Midfielder,0.5499999999999999,0.27272727272727276,0.01592356687898089,0.1111111111111111,0.06666666666666667,0.3,0.12,29.569630023281707,39.53674460977832,28.95490434254479,44.27075108816681,34.28924365931311,True
824623,Martin Frese,9876,Verona,ITA-Serie A,1.2,20.6,4.0,0.0,3.3,2.3,0.09,0.07,1.8,0.0,0.08,1.1,0.4,0.4,0.2,6.89,0.0,29.0,0.8,3.0,0.0,2258,29,Midfielder,0.6949152542372882,0.26829268292682934,0.058252427184466014,0.0,0.0793103448275862,0.5,0.08750000000000001,42.306179775280896,53.26685393258427,11.842696629213483,54.48314606741573,34.28865828331275,True
822440,Michael Folorunsho,8529,Cagliari,ITA-Serie A,0.9,14.5,2.0,0.0,1.2,1.1,0.05,0.15,1.6,0.0,0.09,0.4,0.4,0.1,0.3,6.53,0.0,14.0,1.6,1.1,1.0,1989,26,Midfielder,0.48387096774193544,0.26666666666666666,0.06206896551724138,0.625,0.07857142857142858,0.25,0.09374999999999999,25.519662921348313,42.97471910112359,48.00561797752809,26.42134831460674,34.28307377302044,True
571615,Unai López,8370,Rayo Vallecano,ESP-La Liga,4.3,50.9,3.0,0.0,1.3,1.4,0.08,0.05,2.0,4.0,0.0,1.2,0.2,0.2,0.4,6.9,0.0,33.0,1.3,1.6,0.7,1536,27,Midfielder,0.5833333333333334,0.4285714285714286,0.08447937131630648,0.35,0.04242424242424242,0.15384615384615385,0.038461538461538464,24.721163579309643,22.282417248709383,59.948084320275335,47.66406012754327,34.27624845536392,True
1203512,Tim Iroegbunam,8668,Everton,ENG-Premier League,0.6,23.8,3.0,0.0,0.5,0.7,0.04,0.04,1.6,2.0,0.0,1.4,0.1,0.6,0.3,6.75,0.0,7.0,0.8,4.2,0.9,1328,27,Midfielder,0.7777777777777778,0.25,0.025210084033613443,0.5625,0.09999999999999999,0.125,0.049999999999999996,36.0814606741573,12.47191011235955,52.19943820224718,66.26404494382022,34.264194135351524,True
641595,Nikola Moro,9857,Bologna,ITA-Serie A,7.5,56.8,2.0,0.0,1.6,2.2,0.11,0.05,0.8,0.0,0.1,0.8,0.2,0.3,0.4,7.01,0.0,26.0,1.1,1.5,0.6,1752,28,Midfielder,0.7419354838709677,0.3478260869565218,0.13204225352112678,0.7499999999999999,0.08461538461538462,0.18181818181818182,0.045454545454545456,33.31930104261564,13.132174309140602,58.38719759084927,60.731703613726076,34.24959378184935,True
1478148,Leon Avdullahu,8226,TSG 1899 Hoffenheim,GER-Bundesliga,3.1,58.0,2.0,0.0,1.5,2.4,0.08,0.02,0.8,1.0,0.0,1.1,0.1,0.2,0.7,7.12,0.0,22.0,0.5,1.5,0.3,2748,32,Midfielder,0.7647058823529411,0.4230769230769231,0.05344827586206897,0.37499999999999994,0.10909090909090909,0.2,0.04,44.78932584269663,9.924157303370787,46.073033707865164,73.34269662921348,34.15535823232385,True
1123587,Sambou Soumano,8689,Lorient,FRA-Ligue 1,0.2,12.9,2.0,0.0,1.3,0.8,0.08,0.53,1.6,2.0,0.39,0.4,1.0,0.0,0.3,6.39,0.0,10.0,2.7,0.5,0.5,918,30,Attacker,0.36,0.4444444444444445,0.015503875968992248,0.3125,0.08,0.37037037037037035,0.1962962962962963,32.912921348314605,85.07303370786516,25.278089887640448,16.39325842696629,33.984198370118534,True
437329,Mbwana Samatta,9746,Le Havre,FRA-Ligue 1,0.5,11.2,2.0,0.0,0.4,1.1,0.07,0.24,2.0,1.0,0.12,0.2,1.0,0.0,0.5,6.41,0.0,18.0,2.6,0.7,0.7,1454,26,Attacker,0.31034482758620685,0.22222222222222227,0.044642857142857144,0.35,0.061111111111111116,0.3846153846153846,0.0923076923076923,24.51685393258427,61.44101123595506,30.764044943820224,29.44943820224719,33.86727644741407,True
424129,Leander Dendoncker,8670,Real Oviedo,ESP-La Liga,0.9,32.2,0.0,0.0,2.3,0.5,0.03,0.05,0.8,0.0,0.07,0.8,0.3,0.5,0.1,0.0,0.0,6.0,0.6,2.4,0.3,1332,19,Midfielder,0.8,0.25,0.02795031055900621,0.37499999999999994,0.08333333333333333,0.5,0.08333333333333334,16.775280898876403,48.390449438202246,36.196629213483135,57.157303370786515,33.85885228448585,True
1224237,Mateo Pellegrino,10167,Parma,ITA-Serie A,0.4,9.0,4.0,0.0,1.2,1.0,0.03,0.26,2.6,1.0,0.26,0.1,0.7,0.2,0.8,6.61,0.0,20.0,2.2,0.5,0.7,2811,35,Attacker,0.18749999999999997,0.16666666666666669,0.044444444444444446,0.2692307692307692,0.05,0.3181818181818181,0.11818181818181818,22.58426966292135,62.0814606741573,26.387640449438198,39.70224719101124,33.845072921633154,True
936164,Michel Ndary Adopo,8529,Cagliari,ITA-Serie A,0.6,26.3,3.0,0.0,1.2,1.1,0.03,0.07,1.0,2.0,0.03,0.8,0.3,0.2,0.4,6.71,0.0,25.0,0.8,1.6,0.4,2893,36,Midfielder,0.7058823529411765,0.3333333333333333,0.022813688212927754,0.4,0.044000000000000004,0.37499999999999994,0.08750000000000001,20.37686000607349,34.81951614535884,40.46053497317542,55.895763741269356,33.84001490013508,True
1231648,Vladyslav Vanat,7732,Girona,ESP-La Liga,0.1,9.8,3.0,0.0,0.7,1.3,0.06,0.39,1.3,1.0,0.41,0.1,0.8,0.0,0.3,6.69,0.0,12.0,1.2,0.2,0.4,1960,27,Attacker,0.18750000000000003,0.3333333333333333,0.01020408163265306,0.3076923076923077,0.10833333333333334,0.6666666666666667,0.325,43.73033707865169,95.12921348314606,19.56741573033708,12.53370786516854,33.830826323721176,True
1210893,Igor Matanovic,8358,Sport-Club Freiburg,GER-Bundesliga,0.4,11.3,2.0,0.0,2.1,0.8,0.05,0.56,2.5,1.0,0.61,0.5,1.2,0.1,0.5,6.74,0.0,17.0,3.1,1.4,0.6,1475,30,Attacker,0.43181818181818177,0.2631578947368421,0.035398230088495575,0.24,0.047058823529411764,0.3870967741935484,0.1806451612903226,17.634831460674157,86.40449438202246,24.536516853932582,41.31460674157303,33.78465044177764,True
295067,Will Hughes,9826,Crystal Palace,ENG-Premier League,1.4,32.0,1.0,0.0,1.6,1.9,0.11,0.07,1.3,0.0,0.0,0.9,0.0,0.4,0.0,6.56,0.0,20.0,1.0,1.5,0.6,1478,30,Midfielder,0.6486486486486486,0.375,0.04375,0.4615384615384615,0.095,0.0,0.07,42.96482437493673,18.359259540439314,39.72903380908999,40.67916793197693,33.693731884672104,True
992060,Tom Krauß,8722,1. FC Köln,GER-Bundesliga,1.5,36.2,2.0,0.0,2.4,1.5,0.07,0.02,1.2,2.0,0.0,1.4,0.1,0.5,0.5,7.04,0.0,15.0,0.5,3.6,0.5,1786,26,Midfielder,0.8064516129032258,0.27999999999999997,0.04143646408839779,0.4166666666666667,0.1,0.2,0.04,39.18539325842696,9.924157303370787,46.96348314606742,79.67415730337079,33.520789857588426,True
1050163,Lorenzo Colombo,10233,Genoa,ITA-Serie A,0.2,12.9,1.0,0.0,0.8,0.9,0.04,0.34,1.7,1.0,0.29,0.0,1.1,0.1,0.5,6.47,0.0,17.0,2.7,0.7,0.7,2171,36,Attacker,0.2916666666666667,0.0,0.015503875968992248,0.4117647058823529,0.052941176470588235,0.40740740740740744,0.1259259259259259,16.42590343152141,72.60979097074602,36.549676080574955,33.25025306205081,33.49557598893417,True
866516,Teun Koopmeiners,9885,Juventus,ITA-Serie A,2.1,53.3,0.0,0.0,2.0,1.2,0.06,0.08,1.6,0.0,0.0,0.9,0.4,0.4,0.3,6.72,0.0,16.0,1.4,1.6,0.2,1754,31,Midfielder,0.6097560975609757,0.36,0.039399624765478425,0.125,0.075,0.28571428571428575,0.05714285714285715,28.969746431825083,32.962028039275225,36.28038009920032,38.41904544994433,33.48992388172341,True
741049,Eljif Elmas,9875,Napoli,ITA-Serie A,0.6,34.1,1.0,0.0,0.9,1.7,0.09,0.15,1.0,2.0,0.06,0.3,0.4,0.3,0.4,6.75,0.0,21.0,1.3,1.3,0.7,1633,31,Midfielder,0.6153846153846154,0.18749999999999997,0.01759530791788856,0.7,0.08095238095238096,0.3076923076923077,0.11538461538461538,30.119938758983704,36.466899483753416,39.785074400242934,28.33444680635692,33.45984513780526,True
952057,Charles Vanhoutte,9831,Nice,FRA-Ligue 1,2.6,42.1,2.0,0.0,2.3,0.9,0.05,0.01,1.8,2.0,0.0,1.0,0.1,0.5,0.4,6.87,0.0,15.0,0.2,2.3,0.4,1733,25,Midfielder,0.6470588235294118,0.30303030303030304,0.06175771971496437,0.22222222222222224,0.060000000000000005,0.5,0.049999999999999996,19.91573033707865,34.31179775280899,39.76685393258427,56.79775280898876,33.447701494255796,True
881500,Lyle Foster,8191,Burnley,ENG-Premier League,0.5,12.9,2.0,0.0,1.3,0.5,0.03,0.21,1.4,2.0,0.2,0.3,0.4,0.2,0.6,6.24,0.0,10.0,1.3,1.0,0.7,1372,26,Attacker,0.48148148148148145,0.23076923076923075,0.03875968992248062,0.5,0.05,0.3076923076923077,0.16153846153846152,15.0,65.48595505617978,36.87921348314606,42.37078651685393,33.417436916149384,True
688278,Pervis Estupinán,8564,Milan,ITA-Serie A,0.6,39.7,2.0,0.0,2.0,1.5,0.13,0.03,1.4,1.0,0.09,1.0,0.1,0.0,0.3,0.0,0.0,13.0,0.8,1.3,0.2,1036,19,Midfielder,0.6216216216216216,0.4347826086956522,0.015113350125944582,0.14285714285714288,0.11538461538461539,0.125,0.0375,54.24302814050005,12.25969227654621,39.54324830448426,45.12038161757263,33.30931552859038,True
613334,M'Bala Nzola,7943,Sassuolo,ITA-Serie A,0.4,13.7,1.0,0.0,0.7,0.6,0.04,0.42,1.8,1.0,0.25,0.2,0.7,0.1,0.8,6.52,0.0,19.0,2.3,0.5,1.2,1433,28,Attacker,0.27999999999999997,0.28571428571428575,0.029197080291970805,0.6666666666666666,0.031578947368421054,0.30434782608695654,0.1826086956521739,10.23876404494382,75.40449438202246,51.3623595505618,40.52808988764045,33.238088301702234,True
198559,Marten de Roon,8524,Atalanta,ITA-Serie A,3.4,54.8,1.0,0.0,2.2,1.9,0.07,0.03,1.2,2.0,0.04,0.8,0.1,0.2,0.3,7.08,0.0,21.0,0.5,2.7,0.1,2560,32,Midfielder,0.7446808510638298,0.2285714285714286,0.06204379562043796,0.08333333333333334,0.09047619047619047,0.2,0.06,38.03875645308229,17.7084472112562,33.74014323312076,58.400571920234846,33.222565324143055,True
785511,Fran Beltrán,7732,Girona,ESP-La Liga,2.6,56.1,2.0,0.0,1.4,1.0,0.06,0.04,1.2,0.0,0.06,0.9,0.2,0.4,0.5,6.79,0.0,12.0,0.9,1.9,0.4,1478,25,Midfielder,0.7,0.32142857142857145,0.04634581105169341,0.33333333333333337,0.08333333333333333,0.22222222222222224,0.044444444444444446,36.98591709687215,13.262488612207713,45.815492458750875,58.58523129871444,33.10380332375207,True
362120,Danilo Cataldi,8543,Lazio,ITA-Serie A,2.1,42.2,2.0,0.0,2.0,1.4,0.06,0.13,1.0,3.0,0.14,0.9,0.3,0.4,0.3,7.02,0.0,23.0,1.2,1.5,0.3,1992,27,Midfielder,0.7058823529411765,0.375,0.04976303317535545,0.3,0.0608695652173913,0.25,0.10833333333333334,17.598921955663528,43.53800992003239,37.900609879542465,50.40791071970847,33.000783595083995,True
823825,Randal Kolo Muani,8586,Tottenham Hotspur,ENG-Premier League,0.2,12.3,2.0,0.0,1.0,1.8,0.1,0.12,2.2,1.0,0.06,0.2,0.2,0.1,0.7,6.34,0.0,19.0,1.1,1.6,1.4,1584,28,Attacker,0.45,0.11111111111111112,0.016260162601626015,0.6363636363636362,0.09473684210526316,0.18181818181818182,0.10909090909090907,32.12572122684482,28.09798562607551,35.88245267739649,37.3082295778925,32.908350991595135,True
620026,Hee-Chan Hwang,8602,Wolverhampton Wanderers,ENG-Premier League,0.8,17.7,1.0,0.0,1.1,0.9,0.07,0.16,1.9,1.0,0.14,0.6,0.4,0.0,0.3,6.32,0.0,10.0,1.2,0.6,0.6,1283,24,Attacker,0.38709677419354843,0.5,0.04519774011299436,0.3157894736842105,0.09,0.33333333333333337,0.13333333333333333,30.373595505617978,61.168539325842694,32.22752808988764,17.45505617977528,32.87167905953289,True
1384883,Marc Casadó,8634,Barcelona,ESP-La Liga,1.9,73.4,0.0,0.0,0.7,0.7,0.06,0.1,2.2,1.0,0.0,0.7,0.0,0.3,0.1,6.78,0.0,13.0,1.0,1.7,0.2,969,22,Midfielder,0.5217391304347826,0.2916666666666667,0.025885558583106264,0.09090909090909091,0.05384615384615384,0.0,0.1,29.898332321085125,30.173891588217433,35.89309393663326,37.785378074703914,32.8714906735325,True
664500,Viktor Gyökeres,9825,Arsenal,ENG-Premier League,0.0,7.9,3.0,0.0,0.8,1.8,0.07,0.5,1.4,1.0,0.57,0.0,0.9,0.1,0.7,6.84,0.0,19.0,2.2,0.2,0.2,2206,34,Attacker,0.12500000000000003,0.0,0.0,0.14285714285714288,0.09473684210526316,0.40909090909090906,0.22727272727272727,40.721910112359545,89.8511235955056,8.963483146067416,34.376404494382015,32.86250098295984,True
1287783,Seydouba Cissé,7854,Leganés,ESP-La Liga,1.8,35.4,1.0,0.0,1.5,0.9,0.03,0.11,1.4,1.0,0.11,0.4,0.2,0.0,0.5,6.84,0.0,17.0,0.9,2.2,1.1,2451,34,Midfielder,0.65,0.15384615384615385,0.05084745762711865,0.7857142857142858,0.052941176470588235,0.22222222222222224,0.12222222222222222,9.760135135135133,44.70945945945946,65.09459459459458,58.594594594594604,32.83933442729865,False
214972,Geoffrey Kondogbia,8592,Marseille,FRA-Ligue 1,1.7,73.8,0.0,0.0,2.8,1.1,0.05,0.02,0.8,0.0,0.0,1.0,0.0,0.3,0.4,7.11,0.0,5.0,0.4,2.7,0.4,2021,25,Midfielder,0.8222222222222223,0.27027027027027023,0.023035230352303523,0.5,0.22000000000000003,0.0,0.049999999999999996,42.189189189189186,8.391891891891891,51.43918918918919,69.93243243243244,32.75552610623231,False
1598170,Samir El Mourabet,9848,Strasbourg,FRA-Ligue 1,2.2,55.2,5.0,0.0,0.9,2.4,0.1,0.01,1.0,2.0,0.04,1.1,0.0,0.5,0.7,6.92,0.0,27.0,0.5,3.3,0.7,2045,32,Midfielder,0.8148148148148149,0.25,0.03985507246376812,0.7,0.08888888888888889,0.0,0.02,51.03370786516854,4.247191011235954,66.32865168539325,89.58988764044943,32.75364789000577,True
1121170,Ransford Königsdörffer,9790,Hamburger SV,GER-Bundesliga,0.3,11.6,0.0,0.0,1.3,1.7,0.06,0.29,1.0,0.0,0.19,0.2,0.8,0.0,0.4,6.58,0.0,19.0,2.5,0.2,0.6,2351,33,Attacker,0.28571428571428575,0.5,0.02586206896551724,0.6,0.08947368421052632,0.32,0.11599999999999999,24.38483146067415,63.07584269662921,36.34550561797752,19.51685393258427,32.68107502155429,True
1403332,Aljoscha Kemlein,8149,1. FC Union Berlin,GER-Bundesliga,2.8,33.1,3.0,0.0,1.3,2.3,0.11,0.06,1.0,2.0,0.0,0.8,0.1,0.2,0.2,6.75,0.0,14.0,0.8,1.8,0.8,1877,29,Midfielder,0.7222222222222222,0.3076923076923077,0.08459214501510573,0.8,0.16428571428571428,0.125,0.075,47.360322401052734,15.753416337686,42.3393815163478,32.97115092620711,32.52977292192346,True
841395,Aiyegun Tosin,8689,Lorient,FRA-Ligue 1,0.6,13.0,1.0,0.0,0.6,0.6,0.05,0.53,0.9,0.0,0.43,0.2,1.0,0.0,0.3,6.47,0.0,11.0,2.6,0.4,1.0,1045,26,Attacker,0.4000000000000001,0.3333333333333333,0.04615384615384615,1.1111111111111112,0.05454545454545454,0.3846153846153846,0.20384615384615384,14.525280898876405,86.92415730337079,55.0252808988764,16.460674157303373,32.49769623415378,True
304354,Janik Haberer,8149,1. FC Union Berlin,GER-Bundesliga,2.0,24.4,3.0,0.0,2.3,2.5,0.14,0.03,1.3,1.0,0.0,0.4,0.1,0.2,0.4,6.52,0.0,21.0,0.6,1.9,0.3,1652,28,Midfielder,0.638888888888889,0.1739130434782609,0.0819672131147541,0.23076923076923075,0.11904761904761904,0.16666666666666669,0.05,61.95305698957384,14.269523737220368,23.658973580321895,51.20298107095859,32.477247576551825,True
664587,Lassana Coulibaly,9888,Lecce,ITA-Serie A,1.4,21.8,1.0,0.0,1.1,1.1,0.04,0.1,1.2,1.0,0.11,0.3,0.3,0.2,0.5,6.88,0.0,19.0,0.9,1.7,0.9,2515,31,Midfielder,0.625,0.15,0.06422018348623852,0.75,0.05789473684210527,0.3333333333333333,0.11111111111111112,12.886868610183216,45.73582852515437,49.99478692175322,49.22826196983501,32.45506169021671,True
844943,Flynn Downes,8466,Southampton,ENG-Premier League,0.8,41.9,2.0,0.0,2.1,1.4,0.06,0.03,2.1,0.0,0.04,1.3,0.1,0.4,0.4,6.53,0.0,15.0,0.4,2.0,0.3,2154,27,Midfielder,0.611111111111111,0.393939393939394,0.01909307875894988,0.14285714285714285,0.09333333333333332,0.25,0.075,32.66216216216216,22.777027027027028,33.527027027027025,47.63513513513514,32.39828190107381,False
1073977,Benjamin Sesko,10260,Manchester United,ENG-Premier League,0.2,11.6,0.0,0.0,0.8,0.3,0.02,0.51,0.9,1.0,0.61,0.2,1.9,0.1,0.3,6.8,0.0,9.0,3.4,0.3,0.6,1635,30,Attacker,0.35714285714285715,0.4,0.017241379310344827,0.6666666666666666,0.03333333333333333,0.5588235294117647,0.15,16.55702753315113,88.68253365725276,46.08186557343861,16.19690758173904,32.39091141852937,True
46469,Olivier Giroud,8639,Lille,FRA-Ligue 1,0.4,13.3,2.0,0.0,0.8,1.6,0.09,0.47,1.6,1.0,0.4,0.2,0.9,0.3,0.5,6.72,0.0,19.0,2.3,0.6,0.2,1565,29,Attacker,0.3333333333333333,0.25,0.03007518796992481,0.125,0.08421052631578947,0.391304347826087,0.20434782608695654,36.68820224719101,86.60393258426967,11.334269662921347,28.89325842696629,32.32213370381904,True
994403,Cyril Ngonge,9804,Torino,ITA-Serie A,1.5,16.1,0.0,0.0,0.8,0.6,0.06,0.17,1.8,1.0,0.09,0.2,1.1,0.0,0.4,0.0,0.0,12.0,2.2,1.0,1.7,992,20,Attacker,0.39999999999999997,0.16666666666666669,0.09316770186335403,0.9444444444444444,0.049999999999999996,0.5,0.07727272727272727,12.075842696629213,60.01123595505618,62.896067415730336,28.146067415730336,32.260626319150305,True
1282008,Santiago Castro,9857,Bologna,ITA-Serie A,1.0,11.1,4.0,0.0,1.1,0.8,0.03,0.28,1.4,2.0,0.29,0.0,0.8,0.1,0.4,6.73,0.0,27.0,2.4,0.4,0.6,2207,33,Attacker,0.22222222222222227,0.0,0.0900900900900901,0.4285714285714286,0.02962962962962963,0.33333333333333337,0.11666666666666668,22.50175878125316,64.80444630023281,30.55806508755947,24.384375948982694,32.15658586215535,True
1199283,Eric Martel,8722,1. FC Köln,GER-Bundesliga,1.2,43.3,4.0,0.0,4.4,1.1,0.04,0.08,1.5,2.0,0.07,1.2,0.1,0.7,0.2,6.89,0.0,15.0,0.8,1.6,0.1,2474,30,Midfielder,0.6511627906976744,0.4285714285714286,0.02771362586605081,0.06666666666666667,0.07333333333333333,0.125,0.09999999999999999,29.97752808988764,31.89887640449438,29.589887640449437,38.99438202247191,31.986655243595475,True
540963,Sander Berge,9879,Fulham,ENG-Premier League,1.7,47.7,3.0,0.0,1.6,1.5,0.05,0.04,1.0,1.0,0.0,0.8,0.1,0.5,0.2,6.7,0.0,18.0,0.4,1.8,0.3,2776,33,Midfielder,0.7222222222222222,0.3076923076923077,0.03563941299790356,0.3,0.08333333333333333,0.25,0.09999999999999999,22.71306559368357,27.50088571717785,41.180660998076725,46.82700678206296,31.951555428629515,True
1057703,Youssouf Ndayishimiye,9831,Nice,FRA-Ligue 1,1.8,54.5,0.0,0.0,5.3,0.4,0.02,0.04,0.9,0.0,0.14,1.0,0.2,0.9,0.3,7.26,0.0,5.0,0.5,1.9,0.3,1934,23,Midfielder,0.7631578947368421,0.3448275862068966,0.03302752293577982,0.3333333333333333,0.08,0.4,0.08,14.402027027027026,40.13851351351351,42.570945945945944,55.31081081081081,31.9343247749804,False
1422593,Joshua King,9879,Fulham,ENG-Premier League,0.2,18.3,0.0,0.0,1.0,0.6,0.04,0.17,0.9,2.0,0.07,0.2,0.7,0.4,0.3,6.5,0.0,13.0,1.8,1.9,1.1,1263,30,Midfielder,0.7000000000000001,0.09523809523809523,0.01092896174863388,1.2222222222222223,0.04615384615384615,0.38888888888888884,0.09444444444444444,8.064606741573034,57.943820224719104,61.76966292134831,52.19101123595506,31.910946785264972,True
750030,Andrea Pinamonti,7943,Sassuolo,ITA-Serie A,0.3,12.0,4.0,0.0,0.6,1.1,0.04,0.3,0.4,3.0,0.29,0.0,1.0,0.1,0.4,6.55,0.0,17.0,2.5,0.3,0.2,2455,34,Attacker,0.4285714285714286,0.0,0.024999999999999998,0.5,0.06470588235294118,0.4,0.12,26.890449438202246,73.28370786516854,22.483146067415728,22.46629213483146,31.87145040940757,True
1189223,Patrizio Masini,10233,Genoa,ITA-Serie A,1.3,26.7,1.0,0.0,3.0,0.9,0.06,0.11,2.5,1.0,0.0,1.7,0.3,0.5,0.4,6.77,0.0,9.0,1.1,4.3,0.1,1317,27,Midfielder,0.7058823529411765,0.2833333333333333,0.04868913857677903,0.04,0.1,0.2727272727272727,0.09999999999999999,25.345834598643588,31.727844417451156,24.592899078854135,62.27803927523028,31.849420799644903,True
286119,Jamie Vardy,7801,Cremonese,ITA-Serie A,0.1,8.3,4.0,0.0,1.1,0.8,0.04,0.21,0.8,2.0,0.28,0.1,0.6,0.1,0.5,6.52,0.0,15.0,1.4,0.5,0.3,1929,27,Attacker,0.4285714285714286,0.16666666666666669,0.012048192771084336,0.37499999999999994,0.05333333333333334,0.4285714285714286,0.15,24.452247191011235,75.9494382022472,18.70224719101123,30.08988764044944,31.643487067212128,True
1669628,Jeff Ekhator,10233,Genoa,ITA-Serie A,0.2,10.3,1.0,0.0,0.5,0.4,0.04,0.23,2.0,0.0,0.29,0.2,0.4,0.0,0.7,6.33,0.0,10.0,1.8,1.2,1.2,918,29,Attacker,0.4117647058823529,0.14285714285714288,0.019417475728155338,0.6,0.04,0.22222222222222224,0.12777777777777777,10.887640449438202,54.471910112359545,47.52247191011235,47.47191011235955,31.5962381988599,True
1156568,Amin Sarr,9876,Verona,ITA-Serie A,0.2,17.5,1.0,0.0,0.9,0.9,0.08,0.11,2.2,1.0,0.0,0.3,0.4,0.0,0.4,6.16,0.0,13.0,1.5,1.3,0.9,1038,32,Attacker,0.42105263157894735,0.18749999999999997,0.011428571428571429,0.40909090909090906,0.06923076923076923,0.26666666666666666,0.07333333333333333,21.8141006174714,41.41478135438809,37.76551270371495,30.632402064986334,31.435479831888188,True
678192,Jon Guridi,9866,Alavés,ESP-La Liga,0.8,27.3,0.0,0.0,1.4,0.3,0.03,0.15,1.2,0.0,0.0,0.5,0.3,0.2,0.3,6.49,0.0,7.0,1.2,1.9,0.7,1069,26,Midfielder,0.6666666666666667,0.20833333333333334,0.029304029304029304,0.5833333333333334,0.04285714285714286,0.25,0.125,10.801042615649356,59.96112966899483,41.15759439214495,49.355071363498325,31.389616373963324,True
1113809,Mika Biereth,9829,Monaco,FRA-Ligue 1,0.1,10.2,4.0,0.0,0.4,1.5,0.13,0.28,1.4,2.0,0.17,0.0,0.6,0.2,0.9,6.31,0.0,20.0,1.6,0.9,0.3,1049,31,Attacker,0.391304347826087,0.0,0.009803921568627453,0.2142857142857143,0.075,0.37499999999999994,0.17500000000000002,50.29978995849782,52.37139386577589,10.10342646016803,32.72770523332321,31.21358607224415,True
767013,Antoine Bernede,9876,Verona,ITA-Serie A,1.1,26.8,3.0,0.0,0.7,1.5,0.06,0.05,2.2,2.0,0.04,0.5,0.2,0.2,0.3,6.72,0.0,30.0,0.8,2.7,0.7,2270,31,Midfielder,0.5925925925925926,0.15625,0.041044776119402986,0.3181818181818181,0.05,0.25,0.0625,24.146067415730336,21.620786516853933,42.03089887640449,48.80337078651685,31.056601403506605,True
184321,Callum Wilson,8654,West Ham United,ENG-Premier League,0.1,7.2,0.0,0.0,0.3,0.4,0.03,0.58,0.9,1.0,0.49,0.2,1.1,0.2,0.6,6.38,0.0,7.0,2.8,0.2,1.0,1108,30,Attacker,0.3076923076923077,0.5,0.01388888888888889,1.1111111111111112,0.05714285714285715,0.3928571428571429,0.20714285714285713,8.359550561797752,88.69662921348313,52.22752808988764,31.179775280898877,31.037099000894703,True
1113903,Liam Delap,8455,Chelsea,ENG-Premier League,0.1,10.5,0.0,0.0,1.0,0.2,0.02,0.4,2.0,0.0,0.09,0.1,1.0,0.0,0.4,6.3,0.0,3.0,3.1,0.4,0.9,1008,26,Attacker,0.2,0.2,0.009523809523809525,0.45,0.06666666666666667,0.3225806451612903,0.12903225806451613,14.476756250632654,73.75029102135844,40.63715963154165,23.197616155481324,30.935833458979964,True
867225,Zeki Çelik,8686,Roma,ITA-Serie A,1.1,38.0,2.0,0.0,2.3,1.9,0.07,0.05,1.2,2.0,0.04,0.6,0.1,0.2,0.3,7.02,0.0,24.0,0.7,2.1,0.3,2550,32,Midfielder,0.6923076923076923,0.2222222222222222,0.028947368421052635,0.25,0.07916666666666666,0.14285714285714288,0.07142857142857144,25.095163984208927,22.17404342544792,35.63776698046361,53.404595606842804,30.890972577632255,True
1541825,Adrián Liso,8305,Getafe,ESP-La Liga,0.1,10.2,0.0,0.0,0.4,0.3,0.02,0.11,2.0,0.0,0.17,0.2,0.6,0.1,0.7,6.33,0.0,4.0,1.4,1.5,0.8,1627,27,Attacker,0.45945945945945943,0.11764705882352942,0.009803921568627453,0.4,0.075,0.4285714285714286,0.07857142857142858,12.52808988764045,52.05898876404494,34.53370786516854,53.62359550561798,30.826298461480285,True
1320949,Emersonn,9941,Toulouse,FRA-Ligue 1,0.2,11.1,1.0,0.0,1.1,0.8,0.05,0.44,2.4,2.0,0.36,0.4,1.1,0.1,0.7,6.56,0.0,18.0,3.1,1.2,0.6,1504,27,Attacker,0.4,0.25,0.018018018018018018,0.25,0.044444444444444446,0.3548387096774194,0.14193548387096774,12.991573033707866,76.3005617977528,24.64325842696629,47.10112359550562,30.708686581873035,True
873270,Anastasios Douvikas,10171,Como,ITA-Serie A,0.4,10.3,2.0,0.0,0.6,1.4,0.06,0.44,1.5,1.0,0.55,0.2,1.2,0.2,0.3,6.79,0.0,22.0,2.5,0.6,0.5,2113,36,Attacker,0.3478260869565218,0.25,0.038834951456310676,0.3333333333333333,0.06363636363636363,0.48,0.176,22.668539325842694,90.3005617977528,24.182584269662918,16.93258426966292,30.702235647000645,True
1307957,Romano Floriani Mussolini,7801,Cremonese,ITA-Serie A,0.3,17.4,4.0,0.0,3.0,0.7,0.06,0.03,1.6,1.0,0.0,0.4,0.1,0.4,0.1,6.33,0.0,9.0,0.4,2.2,0.5,1089,26,Midfielder,0.6190476190476191,0.15384615384615385,0.017241379310344827,0.3125,0.07777777777777778,0.25,0.075,34.95224719101124,22.21067415730337,28.73314606741573,40.87640449438202,30.660081074607834,True
1398392,Thierno Barry,8668,Everton,ENG-Premier League,0.0,10.3,2.0,0.0,1.1,0.5,0.02,0.4,2.1,0.0,0.4,0.2,0.7,0.1,0.4,6.48,0.0,11.0,1.8,0.3,0.4,1814,36,Attacker,0.1923076923076923,0.4,0.0,0.19047619047619047,0.045454545454545456,0.38888888888888884,0.22222222222222224,24.695174106690956,83.53135438809595,19.864080372507335,20.752834294969123,30.63222956981786,True
935622,Marcus Holmgren Pedersen,9804,Torino,ITA-Serie A,0.9,18.2,4.0,0.0,1.0,1.8,0.08,0.08,1.4,2.0,0.05,0.5,0.1,0.1,0.2,6.52,0.0,18.0,0.7,1.0,0.4,1989,27,Midfielder,0.5172413793103449,0.3333333333333333,0.049450549450549455,0.28571428571428575,0.1,0.14285714285714288,0.1142857142857143,35.06771940479805,37.746545703006376,27.177345885211054,22.143663326247594,30.569843457645177,True
919742,Senne Lynen,8697,SV Werder Bremen,GER-Bundesliga,3.1,46.3,1.0,0.0,3.2,1.6,0.06,0.04,1.3,0.0,0.0,2.6,0.1,0.3,0.2,6.8,0.0,15.0,0.8,2.1,0.2,2667,30,Midfielder,0.7833333333333333,0.5531914893617021,0.06695464362850972,0.15384615384615385,0.10666666666666667,0.125,0.049999999999999996,35.15169804636096,12.552219354185645,35.639500455511694,62.154570300637715,30.55916887187058,True
1276505,Giovanni Fabbian,8535,Fiorentina,ITA-Serie A,0.9,17.8,3.0,0.0,1.3,0.9,0.07,0.18,1.5,0.0,0.17,0.5,0.4,0.1,0.3,6.36,0.0,8.0,1.5,0.8,0.3,1077,28,Midfielder,0.46428571428571436,0.3846153846153846,0.05056179775280899,0.19999999999999998,0.1125,0.26666666666666666,0.12,38.56100060734892,52.18445692883895,15.946679825893307,24.632857576677804,30.493010851038083,True
1367618,Francesco Pio Esposito,8636,Internazionale,ITA-Serie A,0.6,15.7,2.0,0.0,0.7,1.4,0.08,0.39,1.7,3.0,0.37,0.3,1.4,0.1,0.6,6.76,0.0,21.0,3.4,0.4,0.2,1445,33,Attacker,0.2916666666666667,0.4285714285714286,0.03821656050955414,0.11764705882352942,0.06666666666666667,0.4117647058823529,0.11470588235294119,28.21348314606741,75.91573033707866,12.623595505617978,32.30898876404495,30.365497160262482,True
1339372,Cesare Casadei,9804,Torino,ITA-Serie A,0.8,25.2,3.0,0.0,1.8,1.5,0.07,0.19,2.3,0.0,0.24,0.5,0.7,0.1,0.3,6.74,0.0,16.0,1.6,1.6,0.6,1914,31,Midfielder,0.47727272727272724,0.23809523809523808,0.03174603174603175,0.2608695652173913,0.09375,0.43749999999999994,0.11875,29.5140069845126,47.52682457738637,24.7513665350744,23.33070148800486,30.354879078329883,True
1396089,Matteo Prati,9804,Torino,ITA-Serie A,2.7,31.8,5.0,0.0,2.9,1.0,0.05,0.07,1.4,0.0,0.05,0.9,0.0,0.4,0.3,6.54,0.0,11.0,1.5,1.8,0.3,1809,31,Midfielder,0.6585365853658538,0.3333333333333333,0.0849056603773585,0.2142857142857143,0.09090909090909091,0.0,0.04666666666666667,41.45786516853932,14.825842696629211,30.384831460674157,46.49438202247191,30.3515749252899,True
883824,Willem Geubbels,6379,Paris FC,FRA-Ligue 1,0.2,12.9,0.0,0.0,1.2,0.7,0.06,0.53,1.7,0.0,0.48,0.6,0.8,0.3,0.8,6.46,0.0,6.0,2.8,0.3,0.1,944,23,Attacker,0.34615384615384615,0.6666666666666667,0.015503875968992248,0.05882352941176471,0.11666666666666665,0.28571428571428575,0.1892857142857143,35.297752808988754,76.51404494382022,7.856741573033707,39.98876404494382,30.161825360787258,True
1183148,Emanuel Emegha,9848,Strasbourg,FRA-Ligue 1,0.1,10.6,4.0,0.0,1.2,0.7,0.03,0.65,1.4,3.0,0.55,0.0,1.4,0.2,0.8,7.24,0.0,18.0,2.4,0.2,0.3,2302,27,Attacker,0.12500000000000003,0.0,0.009433962264150945,0.2142857142857143,0.03888888888888889,0.5833333333333334,0.27083333333333337,19.418918918918916,98.55743243243244,12.983108108108105,37.7972972972973,30.111103900656357,False
1179835,Giorgi Gocholeishvili,9790,Hamburger SV,GER-Bundesliga,1.9,17.7,1.0,0.0,2.5,0.5,0.04,0.07,1.3,1.0,0.0,0.8,0.2,0.1,0.6,6.49,0.0,10.0,1.4,2.4,1.7,931,24,Midfielder,0.7111111111111111,0.25,0.10734463276836158,1.3076923076923077,0.05,0.14285714285714288,0.05000000000000001,12.205056179775282,18.519662921348313,68.42696629213482,75.32022471910112,29.995723884649063,True
762028,Ylber Ramadani,9888,Lecce,ITA-Serie A,2.5,33.2,1.0,0.0,1.7,1.6,0.05,0.03,1.2,0.0,0.03,1.4,0.1,0.3,0.6,6.96,0.0,16.0,1.0,2.6,0.4,3040,35,Midfielder,0.7692307692307692,0.35,0.0753012048192771,0.33333333333333337,0.1,0.1,0.03,22.51929598137463,13.435152849478692,42.74063670411985,78.83573742281608,29.845713752862498,True
1080983,Ilia Gruev,8463,Leeds United,ENG-Premier League,1.3,35.6,2.0,0.0,1.3,0.9,0.06,0.03,1.1,3.0,0.0,1.0,0.1,0.4,0.3,6.61,0.0,11.0,0.5,1.6,0.4,1322,23,Midfielder,0.7027027027027027,0.3846153846153846,0.03651685393258427,0.36363636363636365,0.08181818181818182,0.2,0.06,28.92134831460674,15.174157303370784,41.44662921348315,48.07865168539326,29.812916669028315,True
721089,Gianluca Scamacca,8524,Atalanta,ITA-Serie A,0.5,15.2,1.0,0.0,1.0,0.8,0.06,0.46,1.8,1.0,0.69,0.2,1.5,0.1,0.3,6.93,0.0,17.0,3.9,0.5,0.9,1310,23,Attacker,0.27999999999999997,0.28571428571428575,0.03289473684210526,0.5,0.047058823529411764,0.38461538461538464,0.11794871794871796,15.429775280898875,75.56179775280899,43.12359550561797,15.247191011235955,29.60739242275236,True
1091907,Fisayo Dele-Bashiru,8543,Lazio,ITA-Serie A,0.2,30.5,1.0,0.0,0.8,0.3,0.02,0.06,0.6,0.0,0.0,0.2,0.1,0.0,0.3,6.38,0.0,9.0,0.7,1.5,0.4,1072,22,Midfielder,0.7391304347826088,0.11764705882352942,0.006557377049180328,0.6666666666666667,0.03333333333333333,0.14285714285714288,0.08571428571428572,13.711724364814252,29.73394321287579,54.92404342544791,41.985069339001925,29.444240043761326,True
1553515,Djaoui Cissé,9851,Rennes,FRA-Ligue 1,1.8,37.9,0.0,0.0,0.5,1.1,0.1,0.07,1.6,0.0,0.0,0.5,0.5,0.5,0.7,6.56,0.0,13.0,2.2,3.0,0.8,982,24,Midfielder,0.6862745098039216,0.14285714285714285,0.0474934036939314,0.5,0.08461538461538462,0.22727272727272727,0.03181818181818182,31.013931065897353,12.438809596112966,39.843126834699866,54.139690252049796,29.37333490583012,True
1610744,Carlos Espí,8581,Levante,ESP-La Liga,0.1,9.4,1.0,0.0,1.0,0.3,0.02,0.43,2.1,0.0,0.7,0.5,1.6,0.1,0.7,6.93,0.0,8.0,3.6,0.9,0.9,1159,23,Attacker,0.39999999999999997,0.35714285714285715,0.010638297872340425,0.42857142857142855,0.0375,0.4444444444444445,0.11944444444444444,8.115168539325843,80.03651685393258,37.32584269662921,42.668539325842694,29.35183576690574,True
439148,Morten Thorsby,7801,Cremonese,ITA-Serie A,0.5,19.9,3.0,0.0,2.2,0.5,0.04,0.16,1.7,1.0,0.22,0.3,0.6,0.4,0.4,6.66,0.0,9.0,1.5,1.5,0.2,1248,22,Midfielder,0.5142857142857143,0.16666666666666666,0.02512562814070352,0.11764705882352942,0.05555555555555555,0.39999999999999997,0.10666666666666667,21.235955056179776,60.64044943820224,16.43258426966292,39.3876404494382,29.29615347371988,True
603537,Angeliño,8686,Roma,ITA-Serie A,2.6,37.5,7.0,0.0,2.5,4.0,0.11,0.03,0.9,1.0,0.06,0.8,0.1,0.3,0.1,7.1,0.0,50.0,0.7,1.3,0.3,3179,38,Midfielder,0.7000000000000001,0.38095238095238093,0.06933333333333333,0.3333333333333333,0.08,0.14285714285714288,0.04285714285714286,52.73986486486486,10.138513513513514,36.611486486486484,34.50675675675676,29.283328805553516,False
1079485,Beto,8668,Everton,ENG-Premier League,0.1,7.6,1.0,0.0,2.4,0.2,0.01,0.53,1.9,1.0,0.55,0.1,1.0,0.3,0.5,6.52,0.0,12.0,2.5,0.9,0.8,1486,35,Attacker,0.3448275862068966,0.1,0.013157894736842106,0.4210526315789474,0.016666666666666666,0.4,0.21200000000000002,8.393448223504404,89.10063012450654,36.92265158416843,33.05483854641158,28.861742466443793,True
924431,Gianluca Busio,7881,Venezia,ITA-Serie A,1.2,24.5,1.0,0.0,1.7,1.8,0.06,0.09,0.9,0.0,0.07,0.7,0.2,0.3,0.3,6.76,0.0,28.0,1.3,1.6,0.5,2524,33,Midfielder,0.71875,0.30434782608695654,0.04897959183673469,0.5555555555555556,0.0642857142857143,0.15384615384615385,0.06923076923076922,17.777027027027025,25.52027027027027,38.92567567567568,47.24324324324325,28.78101050273688,False
1072056,Tommaso Barbieri,7801,Cremonese,ITA-Serie A,2.0,21.2,2.0,0.0,1.7,0.9,0.05,0.04,2.1,1.0,0.0,0.7,0.1,0.4,0.1,6.58,0.0,10.0,0.8,2.5,0.9,1636,27,Midfielder,0.6037735849056604,0.21874999999999997,0.09433962264150944,0.42857142857142855,0.09,0.125,0.049999999999999996,30.29775280898876,12.47191011235955,46.275280898876396,41.61797752808989,28.747483185175245,True
793066,David Neres,9875,Napoli,ITA-Serie A,0.0,0.0,9.0,0.0,0.0,3.2,0.0,0.0,0.0,3.0,0.0,0.0,0.0,0.0,0.0,0.0,0.0,21.0,0.0,0.0,0.0,925,16,Attacker,0.0,0.0,0.0,0.0,0.1523809523809524,0.0,0.0,65.53489725680737,16.81947818605122,28.385957586800288,16.43217937038162,28.695238394213675,True
1291325,Lucas Pires,8191,Burnley,ENG-Premier League,0.9,29.5,1.0,0.0,2.6,1.3,0.09,0.02,1.0,0.0,0.0,1.2,0.1,0.4,0.4,0.0,0.0,18.0,0.8,1.8,1.1,1226,18,Midfielder,0.75,0.39999999999999997,0.030508474576271188,1.1,0.07222222222222223,0.125,0.024999999999999998,28.014044943820224,6.691011235955056,69.19662921348313,60.9438202247191,28.680905313955517,True
817500,Mostafa Mohamed,9830,Nantes,FRA-Ligue 1,0.1,9.1,2.0,0.0,1.0,0.8,0.06,0.23,1.4,0.0,0.31,0.6,0.6,0.2,0.3,6.41,0.0,9.0,2.7,0.8,0.2,1151,24,Attacker,0.5,0.4285714285714286,0.01098901098901099,0.14285714285714288,0.08888888888888889,0.2222222222222222,0.08518518518518518,24.757819617370178,54.5219278267031,17.36596568478591,29.63776698046361,28.612140545253116,True
1054122,Boubacar Traoré,8550,Metz,FRA-Ligue 1,1.8,34.9,0.0,0.0,1.1,0.3,0.02,0.06,1.9,0.0,0.07,0.9,0.2,0.1,0.4,6.6,0.0,4.0,1.2,3.1,1.2,1366,19,Midfielder,0.6779661016949152,0.225,0.05157593123209169,0.631578947368421,0.075,0.16666666666666669,0.05,12.52808988764045,17.328651685393258,67.35955056179775,63.32022471910112,28.606513883591642,True
1366602,Dzenan Pejcinovic,8721,VfL Wolfsburg,GER-Bundesliga,0.7,15.7,2.0,0.0,0.9,0.5,0.03,0.48,1.3,0.0,0.46,0.1,1.3,0.2,0.6,6.64,0.0,11.0,3.0,0.7,0.3,1365,29,Attacker,0.38095238095238093,0.12500000000000003,0.044585987261146494,0.23076923076923075,0.045454545454545456,0.43333333333333335,0.16,14.23314606741573,87.30337078651684,18.109550561797754,35.69662921348315,28.5923851053709,True
686460,Santiago Colombatto,8670,Real Oviedo,ESP-La Liga,1.6,37.3,3.0,0.0,1.7,2.0,0.09,0.03,1.9,1.0,0.0,0.6,0.1,0.3,0.6,6.65,0.0,24.0,0.7,1.9,0.2,1940,30,Midfielder,0.5681818181818181,0.24,0.04289544235924934,0.10526315789473685,0.08333333333333333,0.14285714285714288,0.04285714285714286,40.3876404494382,10.320224719101123,28.907303370786515,59.00561797752809,28.492292923037823,True
304348,Rani Khedira,8149,1. FC Union Berlin,GER-Bundesliga,0.7,13.9,4.0,0.0,2.1,1.4,0.04,0.06,1.7,1.0,0.16,1.2,0.3,0.2,0.3,6.85,0.0,16.0,0.7,1.9,0.1,2835,32,Midfielder,0.6458333333333333,0.38709677419354843,0.05035971223021582,0.05882352941176471,0.0875,0.4285714285714286,0.08571428571428572,31.248215912541756,41.00736410567871,11.77159884603705,47.00488409758072,28.43154709052869,True
524437,Tomás Soucek,8654,West Ham United,ENG-Premier League,1.3,28.0,1.0,0.0,3.5,0.5,0.02,0.21,1.6,0.0,0.22,0.7,0.5,0.6,0.1,6.87,0.0,10.0,1.0,1.7,0.1,2045,33,Midfielder,0.6,0.2916666666666667,0.04642857142857143,0.0625,0.05,0.5,0.21,14.610284441745115,76.66446502682457,19.93087610081992,32.843531733981166,28.10073609638798,True
625340,Mauro Arambarri,8305,Getafe,ESP-La Liga,1.0,16.2,1.0,0.0,0.9,0.8,0.02,0.21,1.7,2.0,0.18,0.7,0.6,0.2,0.6,6.94,0.0,21.0,1.7,1.9,0.9,3075,35,Midfielder,0.6046511627906976,0.2692307692307693,0.0617283950617284,0.5294117647058824,0.0380952380952381,0.35294117647058826,0.12352941176470589,6.734348112157101,64.91694503492256,40.344379491851406,53.29646219252961,28.077835385479883,True
1072864,Tolu Arokodare,8602,Wolverhampton Wanderers,ENG-Premier League,0.1,10.6,1.0,0.0,2.6,0.4,0.03,0.35,1.1,1.0,0.2,0.3,1.0,0.1,0.4,6.59,0.0,12.0,3.0,0.4,1.2,1365,31,Attacker,0.38888888888888884,0.4285714285714286,0.009433962264150945,1.0909090909090908,0.03333333333333333,0.3333333333333333,0.11666666666666665,8.960674157303371,66.48595505617978,56.18258426966291,22.095505617977526,28.031471743584426,True
872396,Pathé Ciss,8370,Rayo Vallecano,ESP-La Liga,4.1,47.8,0.0,0.0,3.6,0.3,0.02,0.16,1.4,0.0,0.1,1.7,0.3,0.7,0.1,6.95,0.0,11.0,0.9,2.5,0.4,1876,27,Midfielder,0.7500000000000001,0.4047619047619047,0.08577405857740586,0.28571428571428575,0.02727272727272727,0.3333333333333333,0.17777777777777778,7.065353274622937,56.98741016297195,44.27998785302157,50.28360664034821,27.89472292932652,True
169200,Kevin De Bruyne,9875,Napoli,ITA-Serie A,0.0,0.0,4.0,0.0,0.0,3.1,0.0,0.0,0.0,1.0,0.0,0.0,0.0,0.0,0.0,0.0,0.0,31.0,0.0,0.0,0.0,1058,16,Midfielder,0.0,0.0,0.0,0.0,0.1,0.0,0.0,53.83554762627796,20.220379086952118,21.909606235448933,20.288035226237476,27.69329965820322,True
655696,Artem Dovbyk,8686,Roma,ITA-Serie A,0.0,11.9,5.0,0.0,0.4,1.5,0.06,0.45,1.1,2.0,0.44,0.1,1.0,0.1,0.3,6.79,0.0,25.0,2.3,0.1,0.3,2430,32,Attacker,0.15384615384615385,0.5,0.0,0.2727272727272727,0.06,0.4347826086956522,0.1956521739130435,30.915540540540537,89.38175675675673,15.050675675675672,11.547297297297296,27.653515122735296,False
958640,Akor Adams,8302,Sevilla,ESP-La Liga,0.3,10.0,1.0,0.0,1.1,1.0,0.05,0.46,1.6,3.0,0.46,0.0,1.3,0.1,0.7,6.71,0.0,11.0,2.7,0.3,0.6,1943,30,Attacker,0.15789473684210525,0.0,0.03,0.37499999999999994,0.09090909090909091,0.48148148148148145,0.17037037037037037,20.60013665350744,61.12794817289199,19.867471403988258,24.083510476768904,27.643981419034308,True
1209987,Warren Bondo,7801,Cremonese,ITA-Serie A,1.3,35.5,0.0,0.0,0.5,0.4,0.02,0.01,2.0,0.0,0.0,0.4,0.1,0.2,0.2,6.44,0.0,3.0,0.4,1.6,0.8,1769,27,Midfielder,0.5,0.2,0.036619718309859155,0.4,0.13333333333333333,0.25,0.024999999999999998,33.193820224719104,10.51123595505618,54.0,30.213483146067414,27.59746661448659,True
1392232,Marc Aguado,10268,Elche,ESP-La Liga,0.9,43.7,0.0,0.0,1.8,0.6,0.02,0.01,0.8,2.0,0.04,1.6,0.1,0.8,0.4,6.88,0.0,9.0,0.1,1.8,0.0,2340,33,Midfielder,0.8095238095238095,0.47058823529411764,0.020594965675057208,0.0,0.06666666666666667,1.0,0.09999999999999999,9.480337078651685,49.94101123595506,27.264044943820224,64.3314606741573,27.43113146161309,True
640220,Marc Roca,8603,Real Betis,ESP-La Liga,2.1,40.5,3.0,0.0,1.7,1.2,0.06,0.06,1.8,1.0,0.05,1.1,0.2,0.3,0.6,6.8,0.0,17.0,0.7,1.7,0.5,1925,27,Midfielder,0.6086956521739131,0.3928571428571429,0.05185185185185186,0.2777777777777778,0.07058823529411765,0.28571428571428575,0.08571428571428572,22.56308836926814,23.330195363903226,30.313164287883385,39.637817592873766,27.41756756997003,True
450976,Yannick Gerhardt,8721,VfL Wolfsburg,GER-Bundesliga,0.8,31.7,0.0,0.0,2.9,0.6,0.05,0.07,1.7,0.0,0.09,0.8,0.1,0.7,0.0,0.0,0.0,6.0,0.9,1.2,0.0,1046,18,Midfielder,0.5405405405405405,0.4,0.02523659305993691,0.0,0.09999999999999999,0.11111111111111112,0.07777777777777778,33.943579815770825,25.646611499139585,20.537934001417145,30.896877214292942,27.390937499632113,True
825806,Lars Ritzka,8152,FC St. Pauli,GER-Bundesliga,1.4,25.7,2.0,0.0,3.2,0.6,0.06,0.04,1.0,0.0,0.0,1.5,0.1,0.5,0.0,6.46,0.0,6.0,0.4,3.7,0.0,970,21,Midfielder,0.8387096774193549,0.28846153846153844,0.054474708171206226,0.0,0.09999999999999999,0.25,0.09999999999999999,26.856526470290515,24.511020852312985,15.34639133515538,66.34785909505011,27.3477910031925,True
921543,Morten Frendrup,10233,Genoa,ITA-Serie A,1.3,33.2,1.0,0.0,2.7,0.9,0.03,0.01,1.2,0.0,0.03,1.2,0.1,0.4,0.6,7.05,0.0,14.0,0.2,2.8,0.2,2909,34,Midfielder,0.7692307692307692,0.3,0.0391566265060241,0.16666666666666669,0.0642857142857143,0.5,0.049999999999999996,11.31678307521004,31.920703006377167,27.80108057495698,80.62078651685393,27.191917535055307,True
181276,Romelu Lukaku,9875,Napoli,ITA-Serie A,0.2,11.0,8.0,0.0,0.5,2.6,0.08,0.41,1.5,10.0,0.44,0.0,0.8,0.1,0.3,6.96,0.0,35.0,2.0,0.1,0.2,2870,36,Attacker,0.0625,0.0,0.018181818181818184,0.13333333333333333,0.07428571428571429,0.4,0.205,46.14527027027028,86.22972972972973,9.06418918918919,11.385135135135135,27.148903434177694,False
1875615,Kareem Tunde,8581,Levante,ESP-La Liga,0.4,13.5,1.0,0.0,0.2,0.3,0.03,0.09,1.3,1.0,0.0,1.1,0.2,0.0,0.5,6.58,0.0,6.0,1.5,1.6,1.2,1098,19,Attacker,0.675,0.40740740740740744,0.02962962962962963,0.923076923076923,0.049999999999999996,0.13333333333333333,0.06,10.396067415730338,22.488764044943817,56.06460674157303,57.39325842696629,27.039365387682395,True
1738340,Rudy Matondo,6379,Paris FC,FRA-Ligue 1,0.7,29.6,0.0,0.0,1.3,0.3,0.02,0.07,1.8,0.0,0.14,0.8,0.4,0.2,0.1,6.5,0.0,5.0,0.9,1.8,1.0,1276,26,Midfielder,0.5909090909090908,0.3076923076923077,0.023648648648648646,0.5555555555555556,0.06,0.4444444444444445,0.07777777777777778,7.612359550561797,47.27808988764045,58.02808988764045,34.18539325842697,26.964877596446314,True
1047671,Vini Souza,8721,VfL Wolfsburg,GER-Bundesliga,1.2,28.5,0.0,0.0,3.6,0.6,0.03,0.03,2.1,0.0,0.0,1.3,0.1,0.5,0.3,6.88,0.0,7.0,0.4,2.9,0.4,1679,23,Midfielder,0.6666666666666666,0.30952380952380953,0.042105263157894736,0.19047619047619047,0.08571428571428572,0.25,0.075,17.817415730337075,22.21067415730337,29.994382022471907,55.41011235955055,26.907393811573673,True
880095,James Sands,8152,FC St. Pauli,GER-Bundesliga,0.9,30.8,2.0,0.0,1.9,0.7,0.03,0.05,1.2,0.0,0.05,1.9,0.2,0.3,0.2,6.87,0.0,10.0,0.7,1.9,0.1,1941,24,Midfielder,0.76,0.5,0.02922077922077922,0.08333333333333334,0.06999999999999999,0.28571428571428575,0.07142857142857144,19.52247191011236,26.98314606741573,22.179775280898873,52.67977528089887,26.653341035667133,True
201704,Remo Freuler,9857,Bologna,ITA-Serie A,2.4,48.3,0.0,0.0,1.4,1.0,0.05,0.04,0.8,2.0,0.04,0.8,0.0,0.2,0.3,6.91,0.0,20.0,0.3,2.4,0.1,2061,27,Midfielder,0.8,0.25,0.04968944099378882,0.125,0.05,0.0,0.13333333333333333,11.648762526571517,29.590608867294264,31.95641006174714,62.41152950703512,26.476762172843856,True
449283,Alessandro Deiola,8529,Cagliari,ITA-Serie A,1.8,31.0,0.0,0.0,2.4,0.3,0.02,0.09,1.5,2.0,0.0,0.9,0.4,0.5,0.1,6.69,0.0,6.0,1.3,2.2,0.2,1289,18,Midfielder,0.673913043478261,0.2903225806451613,0.05806451612903226,0.13333333333333333,0.049999999999999996,0.3076923076923077,0.06923076923076922,14.884451867597933,39.640057192023484,22.95686557343861,43.93286263791882,26.311128171289177,True
251269,Ante Budimir,8371,Osasuna,ESP-La Liga,0.1,7.3,1.0,0.0,1.5,1.5,0.05,0.54,1.5,0.0,0.55,0.2,1.3,0.2,0.3,6.93,0.0,13.0,3.1,0.6,0.1,2773,35,Attacker,0.3478260869565218,0.25,0.013698630136986302,0.06666666666666667,0.11538461538461539,0.41935483870967744,0.17419354838709677,32.20160188278166,87.22659176029963,7.613131389816782,20.306407531126634,26.268962443568505,True
166733,Christopher Trimmel,8149,1. FC Union Berlin,GER-Bundesliga,2.9,21.4,10.0,0.0,3.6,6.2,0.31,0.0,1.3,3.0,0.0,0.4,0.0,0.4,0.1,6.97,0.0,52.0,0.2,1.8,0.0,1804,28,Midfielder,0.6285714285714287,0.18181818181818182,0.1355140186915888,0.0,0.11923076923076924,0.0,0.0,74.8312455714141,10.041325032898067,12.773370280392752,43.33054965077437,26.09803827018858,True
115067,Nemanja Matic,7943,Sassuolo,ITA-Serie A,3.6,49.6,1.0,0.0,1.6,1.4,0.05,0.01,0.8,1.0,0.03,0.9,0.1,0.3,0.4,6.93,0.0,20.0,0.4,1.5,0.4,2581,32,Midfielder,0.7499999999999999,0.375,0.07258064516129033,0.5,0.06999999999999999,0.25,0.024999999999999998,18.418539325842694,10.51123595505618,51.637640449438194,56.39325842696629,25.91057418199511,True
303879,Lucas Torró,8371,Osasuna,ESP-La Liga,1.6,29.6,1.0,0.0,1.8,0.7,0.03,0.05,1.5,1.0,0.0,1.1,0.2,0.2,0.1,6.82,0.0,13.0,0.9,1.4,0.4,2181,32,Midfielder,0.625,0.44000000000000006,0.05405405405405406,0.26666666666666666,0.05384615384615384,0.22222222222222224,0.05555555555555556,21.134337989675064,21.38069389614333,29.72771788642575,37.243268549448324,25.852467092016294,True
1078113,Walid Cheddira,9888,Lecce,ITA-Serie A,0.1,11.0,0.0,0.0,0.3,0.8,0.06,0.21,2.1,1.0,0.17,0.1,0.7,0.2,0.3,6.26,0.0,10.0,2.3,0.3,0.7,1051,31,Attacker,0.16,0.25,0.009090909090909092,0.3333333333333333,0.08,0.30434782608695654,0.09130434782608696,20.550561797752806,51.396067415730336,29.884831460674157,12.887640449438202,25.850977350541047,True
612150,Dominic Calvert-Lewin,8463,Leeds United,ENG-Premier League,0.1,8.6,2.0,0.0,1.2,1.1,0.04,0.54,1.5,1.0,0.46,0.1,1.1,0.3,0.6,6.83,0.0,18.0,2.5,0.4,0.2,2567,33,Attacker,0.25,0.2,0.011627906976744188,0.13333333333333333,0.061111111111111116,0.44000000000000006,0.21600000000000003,18.519662921348313,92.56460674157303,8.912921348314606,31.70224719101124,25.68172501868065,True
821100,Jørgen Strand Larsen,9826,Crystal Palace,ENG-Premier League,0.3,12.1,1.0,0.0,1.4,0.9,0.04,0.21,2.0,1.0,0.17,0.2,0.5,0.3,0.3,6.22,0.0,10.0,1.7,0.4,0.4,2178,34,Attacker,0.23076923076923078,0.3333333333333333,0.024793388429752067,0.2,0.09,0.29411764705882354,0.12352941176470589,25.267828221479906,69.82849984816276,15.8068630428181,13.58092924385059,25.590329191779144,True
408943,Takumi Minamino,9829,Monaco,FRA-Ligue 1,0.0,0.0,3.0,0.0,0.0,2.0,0.0,0.0,0.0,2.0,0.0,0.0,0.0,0.0,0.0,0.0,0.0,9.0,0.0,0.0,0.0,949,15,Midfielder,0.0,0.0,0.0,0.0,0.2222222222222222,0.0,0.0,58.9332295778925,26.67871242028545,11.931002631845326,17.520017208219453,25.440487541356003,True
1017401,Roberto Piccoli,8535,Fiorentina,ITA-Serie A,0.0,7.9,1.0,0.0,0.7,1.0,0.06,0.37,1.8,1.0,0.18,0.2,0.8,0.0,0.4,6.4,0.0,15.0,2.5,0.4,0.5,1484,30,Attacker,0.25,0.3333333333333333,0.0,0.2777777777777778,0.06666666666666667,0.32,0.148,16.343734183621823,70.08389006984511,19.28930053649155,19.55519283328272,25.409228425698892,True
750031,Pol Lozano,8558,Espanyol,ESP-La Liga,1.5,34.2,2.0,0.0,1.0,2.2,0.09,0.03,2.7,1.0,0.09,0.9,0.2,0.3,0.2,6.54,0.0,23.0,0.7,1.6,0.1,2116,32,Midfielder,0.4807692307692307,0.36,0.043859649122807015,0.037037037037037035,0.09565217391304348,0.28571428571428575,0.04285714285714286,32.01410820933293,15.373924486284034,24.07560228768094,34.10044032796842,25.133032680908666,True
1748405,Prosper Peter,8121,Angers,FRA-Ligue 1,0.1,9.9,1.0,0.0,0.6,0.5,0.04,0.39,2.1,0.0,0.36,0.3,1.0,0.0,0.5,6.3,0.0,11.0,1.6,0.5,0.4,1266,29,Attacker,0.27586206896551724,0.37499999999999994,0.010101010101010102,0.19047619047619047,0.045454545454545456,0.625,0.24375,11.438202247191011,94.63483146067415,15.685393258426965,27.342696629213485,24.98976697082584,True
1178314,Nikola Stulic,9888,Lecce,ITA-Serie A,0.2,11.2,2.0,0.0,0.7,1.3,0.07,0.21,2.0,0.0,0.16,0.1,0.4,0.2,0.6,6.28,0.0,20.0,1.7,0.6,0.2,1699,32,Attacker,0.25925925925925924,0.14285714285714288,0.01785714285714286,0.1,0.065,0.23529411764705885,0.12352941176470589,25.401685393258425,53.16011235955057,9.095505617977528,33.21910112359551,24.936730937663125,True
1388071,Reda Belahyane,8543,Lazio,ITA-Serie A,1.2,32.6,1.0,0.0,1.2,0.7,0.03,0.01,1.7,2.0,0.0,0.5,0.1,0.5,0.3,6.71,0.0,16.0,0.3,2.1,1.8,1848,28,Midfielder,0.6046511627906977,0.1923076923076923,0.03680981595092024,1.0588235294117647,0.04375,0.33333333333333337,0.03333333333333333,8.672297297297296,19.05743243243243,74.08445945945945,43.37162162162162,24.907449338047215,False
1693531,Sascha Britschgi,10167,Parma,ITA-Serie A,0.7,20.1,3.0,0.0,1.7,1.3,0.06,0.02,0.8,2.0,0.0,0.4,0.1,0.2,0.3,6.52,0.0,17.0,0.6,1.5,0.4,2023,28,Midfielder,0.7037037037037036,0.2105263157894737,0.03482587064676616,0.5,0.07647058823529412,0.16666666666666669,0.03333333333333333,30.949438202247187,8.303370786516854,34.0252808988764,46.56179775280899,24.74946507972751,True
359191,Omar Mascarell,8661,Mallorca,ESP-La Liga,3.2,36.9,2.0,0.0,3.3,0.4,0.02,0.01,1.6,2.0,0.08,1.4,0.1,0.7,0.2,6.74,0.0,8.0,0.3,1.9,0.2,2192,29,Midfielder,0.6734693877551019,0.42424242424242425,0.0867208672086721,0.125,0.05,0.33333333333333337,0.03333333333333333,17.359563214900295,17.879846138273106,33.50092367648548,43.26875189796538,24.74295990439339,True
413525,Laurent Abergel,8689,Lorient,FRA-Ligue 1,3.9,56.3,2.0,0.0,1.7,0.9,0.04,0.03,1.0,0.0,0.04,1.1,0.2,0.2,0.4,6.91,0.0,15.0,0.9,1.4,0.3,2258,27,Midfielder,0.7142857142857143,0.44000000000000006,0.06927175843694494,0.3,0.060000000000000005,0.22222222222222224,0.03333333333333333,18.224719101123597,11.115168539325841,42.96629213483146,51.99438202247191,24.61220475524083,True
1230848,Bamba Dieng,8689,Lorient,FRA-Ligue 1,0.1,10.7,2.0,0.0,1.1,0.2,0.01,0.62,1.2,1.0,0.79,0.2,1.8,0.1,0.2,6.9,0.0,11.0,3.5,0.6,0.5,1139,21,Attacker,0.4,0.25,0.009345794392523366,0.4166666666666667,0.018181818181818184,0.5142857142857143,0.17714285714285713,10.752808988764045,94.62640449438202,27.69943820224719,13.528089887640451,24.565448649189904,True
1097009,Oliver Sørensen,10167,Parma,ITA-Serie A,0.9,20.8,1.0,0.0,1.6,0.5,0.03,0.08,0.7,1.0,0.05,0.9,0.2,0.1,0.1,6.43,0.0,10.0,0.7,0.9,0.3,1797,32,Midfielder,0.72,0.5,0.04326923076923077,0.4285714285714286,0.05,0.28571428571428575,0.1142857142857143,10.769662921348315,43.69662921348314,29.758426966292134,32.162921348314605,24.527100335388084,True
1078729,Batista Mendy,8302,Sevilla,ESP-La Liga,1.9,31.4,0.0,0.0,1.3,0.5,0.03,0.06,2.1,0.0,0.06,1.0,0.3,0.3,0.4,6.65,0.0,9.0,0.9,1.9,0.6,1619,27,Midfielder,0.58,0.3448275862068966,0.06050955414012739,0.2857142857142857,0.05555555555555555,0.3333333333333333,0.06666666666666667,8.103932584269662,31.308988764044944,41.13202247191011,47.949438202247194,24.334796946543236,True
1239749,Mandela Keita,10167,Parma,ITA-Serie A,1.3,32.7,0.0,0.0,1.0,0.4,0.01,0.02,0.9,1.0,0.03,1.4,0.1,0.3,0.3,6.96,0.0,11.0,0.5,2.3,0.8,2829,35,Midfielder,0.8043478260869565,0.3783783783783784,0.039755351681957186,0.888888888888889,0.03636363636363637,0.2,0.04,7.5885464115801184,18.832321085130072,59.70461332118635,61.0610891790667,24.20630063362674,True
1435689,Semih Kiliçsoy,8529,Cagliari,ITA-Serie A,1.2,17.1,0.0,0.0,0.0,0.2,0.02,0.17,1.3,0.0,0.37,0.1,0.7,0.1,0.6,6.4,0.0,11.0,1.6,0.5,1.3,976,22,Attacker,0.3157894736842105,0.16666666666666669,0.07017543859649122,1.0,0.018181818181818184,0.43749999999999994,0.10625,3.8174157303370784,64.91011235955055,61.280898876404486,33.26966292134831,23.924886697574813,True
1791727,Alexis Vossah,9941,Toulouse,FRA-Ligue 1,0.4,24.9,1.0,0.0,1.7,0.5,0.04,0.05,1.5,1.0,0.08,0.7,0.2,0.2,0.4,6.45,0.0,7.0,0.7,0.9,0.3,1093,23,Midfielder,0.5161290322580645,0.43749999999999994,0.016064257028112452,0.19999999999999998,0.07142857142857142,0.28571428571428575,0.07142857142857144,17.31741573033708,26.98314606741573,24.606741573033705,30.50561797752809,23.656885259892196,True
812549,Marius Marin,6479,Pisa,ITA-Serie A,2.4,24.1,0.0,0.0,1.6,0.6,0.04,0.01,2.5,0.0,0.0,0.9,0.0,0.3,0.5,6.48,0.0,2.0,0.2,3.1,0.1,1287,23,Midfielder,0.6153846153846154,0.225,0.0995850622406639,0.04,0.3,0.0,0.049999999999999996,41.29494382022471,7.5308988764044935,16.68820224719101,63.662921348314605,23.461753587266305,True
1296413,Henrik Meister,6479,Pisa,ITA-Serie A,0.1,6.0,1.0,0.0,0.4,0.1,0.01,0.22,1.6,0.0,0.12,0.0,0.5,0.0,0.4,6.12,0.0,5.0,1.2,0.3,0.8,1482,27,Attacker,0.15789473684210525,0.0,0.016666666666666666,0.5,0.02,0.4166666666666667,0.18333333333333335,6.601123595505618,79.30898876404493,36.668539325842694,18.85955056179775,23.275318509943787,True
929838,Hugo Duro,10267,Valencia CF,ESP-La Liga,0.4,12.9,2.0,0.0,1.0,0.8,0.04,0.41,1.0,0.0,0.44,0.2,0.6,0.3,0.3,6.55,0.0,16.0,1.7,0.7,0.1,1828,34,Attacker,0.47368421052631576,0.22222222222222227,0.031007751937984496,0.1,0.05,0.35294117647058826,0.2411764705882353,14.536883793906265,81.50169551574045,10.033657252758376,27.779987853021563,23.208350902355846,True
815366,Nahuel Estévez,10167,Parma,ITA-Serie A,2.7,36.5,2.0,0.0,4.2,0.7,0.06,0.05,1.0,1.0,0.0,0.5,0.1,0.4,0.2,6.51,0.0,13.0,0.8,1.5,0.0,1013,31,Midfielder,0.6666666666666666,0.25,0.07397260273972603,0.0,0.05384615384615384,0.125,0.0625,20.662921348314605,17.05337078651685,23.758426966292134,38.47191011235955,23.093685445756254,True
801120,Jens-Lys Cajuste,9902,Ipswich Town,ENG-Premier League,1.1,28.6,0.0,0.0,1.5,0.7,0.03,0.03,1.1,1.0,0.05,1.3,0.0,0.5,0.5,6.59,0.0,13.0,0.5,2.0,1.3,1976,30,Midfielder,0.7499999999999999,0.393939393939394,0.038461538461538464,1.1818181818181817,0.05384615384615384,0.0,0.06,7.331081081081081,12.837837837837837,67.4054054054054,66.33783783783784,22.81388888410748,False
1212630,Lorenzo Lucca,8600,Udinese,ITA-Serie A,0.4,9.1,1.0,0.0,1.0,0.8,0.03,0.29,2.5,1.0,0.46,0.3,1.0,0.0,0.5,6.78,0.0,14.0,2.5,0.4,0.5,2361,33,Attacker,0.21874999999999997,0.4285714285714286,0.04395604395604396,0.2,0.05714285714285715,0.4,0.11599999999999999,10.729729729729728,70.97635135135135,17.097972972972972,24.236486486486488,22.755434952791177,False
364104,Stefano Sabelli,10233,Genoa,ITA-Serie A,2.2,28.2,2.0,0.0,2.6,1.7,0.08,0.01,1.1,2.0,0.0,1.0,0.0,0.3,0.3,6.74,0.0,18.0,0.3,2.5,0.2,2059,34,Midfielder,0.7608695652173914,0.2857142857142857,0.07801418439716312,0.18181818181818182,0.09444444444444444,0.0,0.03333333333333333,38.17229729729729,5.293918918918919,23.72635135135135,60.641891891891895,22.689822493625233,False
485634,Roberto Gagliardini,9876,Verona,ITA-Serie A,1.9,39.1,0.0,0.0,2.6,0.8,0.03,0.05,1.8,0.0,0.04,2.3,0.1,0.6,0.4,7.11,0.0,16.0,0.6,3.0,0.3,2126,28,Midfielder,0.7464788732394366,0.43396226415094336,0.04859335038363171,0.16666666666666666,0.05,0.16666666666666669,0.08333333333333334,7.297752808988764,24.289325842696627,33.82022471910112,69.26966292134831,22.683671378474564,True
789243,Youssef Maleh,7801,Cremonese,ITA-Serie A,1.5,27.2,1.0,0.0,1.8,0.5,0.03,0.06,2.2,0.0,0.06,0.8,0.2,0.2,0.6,6.38,0.0,9.0,1.2,2.2,0.4,1467,21,Midfielder,0.5769230769230769,0.26666666666666666,0.05514705882352941,0.18181818181818182,0.05555555555555555,0.16666666666666669,0.05,11.575842696629213,17.328651685393258,28.783707865168537,62.42696629213483,22.522578468691574,True
1323863,Iker Muñoz,8371,Osasuna,ESP-La Liga,2.3,35.2,0.0,0.0,2.3,0.3,0.03,0.03,1.7,0.0,0.0,1.1,0.3,0.2,0.5,0.0,0.0,5.0,0.8,1.2,0.4,917,18,Midfielder,0.575,0.47826086956521746,0.06534090909090907,0.23529411764705885,0.06,0.37499999999999994,0.0375,8.831460674157302,25.14325842696629,36.59269662921348,43.45505617977528,22.50980944576918,True
836436,Gabriel Strefezza,10167,Parma,ITA-Serie A,0.0,0.0,3.0,0.0,0.0,1.0,0.0,0.0,0.0,2.0,0.0,0.0,0.0,0.0,0.0,0.0,0.0,14.0,0.0,0.0,0.0,956,13,Attacker,0.0,0.0,0.0,0.0,0.07142857142857142,0.0,0.0,30.469151736005667,16.521054762627795,21.571768397611095,22.080828019030264,22.48754575613595,True
1369279,Luca Lipani,7943,Sassuolo,ITA-Serie A,1.8,34.0,1.0,0.0,2.4,0.4,0.04,0.08,2.6,1.0,0.0,1.2,0.3,0.2,0.2,6.42,0.0,10.0,1.2,2.5,0.2,918,22,Midfielder,0.5873015873015872,0.3243243243243243,0.052941176470588235,0.07692307692307693,0.04,0.25,0.06666666666666667,10.887640449438202,27.087078651685392,26.26123595505618,43.35955056179775,22.465517034801415,True
169719,Chris Wood,10203,Nottingham Forest,ENG-Premier League,0.4,9.5,3.0,0.0,0.8,1.5,0.05,0.4,0.8,3.0,0.6,0.2,1.1,0.2,0.3,7.06,0.0,22.0,2.1,0.2,0.1,2976,36,Attacker,0.3333333333333333,0.5,0.042105263157894736,0.125,0.06818181818181818,0.5238095238095238,0.19047619047619047,24.98986486486486,92.03716216216215,7.0709459459459465,13.33108108108108,22.267036982121454,False
474448,Antonio Sanabria,7801,Cremonese,ITA-Serie A,0.3,13.9,3.0,0.0,1.4,0.2,0.02,0.28,1.4,1.0,0.1,0.1,0.4,0.0,0.0,6.19,0.0,6.0,1.1,0.2,0.7,941,25,Attacker,0.17647058823529416,0.3333333333333333,0.021582733812949638,0.5,0.03333333333333333,0.36363636363636365,0.2545454545454546,15.96629213483146,79.28651685393257,37.6376404494382,3.837078651685393,22.205818907983367,True
1047670,Andrej Ilic,8149,1. FC Union Berlin,GER-Bundesliga,0.1,9.2,7.0,0.0,1.2,2.1,0.09,0.43,1.5,9.0,0.12,0.0,1.0,0.2,0.4,6.68,0.0,29.0,2.9,0.1,0.3,2170,31,Attacker,0.0625,0.0,0.010869565217391306,0.19999999999999998,0.07241379310344828,0.3448275862068966,0.1482758620689655,32.126151432331206,51.710345176637304,9.464849681141814,12.873772649053548,22.203506555507037,True
1323827,Jon Gorrotxategi,8560,Real Sociedad,ESP-La Liga,1.5,46.2,2.0,0.0,1.8,0.6,0.02,0.03,1.3,3.0,0.04,1.4,0.0,0.5,0.3,6.78,0.0,18.0,0.5,1.8,0.4,2215,30,Midfielder,0.7111111111111111,0.43749999999999994,0.032467532467532464,0.3076923076923077,0.03333333333333333,0.0,0.06,11.97191011235955,11.719101123595504,44.10674157303371,51.752808988764045,22.109841988044767,True
1200631,Lesley Ugochukwu,8191,Burnley,ENG-Premier League,0.9,24.7,0.0,0.0,0.9,0.3,0.01,0.1,1.1,1.0,0.12,0.7,0.3,0.8,0.2,6.49,0.0,9.0,0.9,2.0,0.6,2204,33,Midfielder,0.7105263157894737,0.25925925925925924,0.03643724696356276,0.5454545454545454,0.03333333333333333,0.3333333333333333,0.11111111111111112,3.502808988764045,49.43820224719101,45.32584269662921,50.21910112359551,21.933142634432713,True
178753,Nemanja Gudelj,8302,Sevilla,ESP-La Liga,2.1,37.7,1.0,0.0,5.0,0.4,0.02,0.05,1.5,0.0,0.08,1.0,0.3,0.7,0.1,6.73,0.0,6.0,1.2,1.3,0.2,2290,32,Midfielder,0.6052631578947368,0.4347826086956522,0.055702917771883284,0.13333333333333333,0.06666666666666667,0.25,0.04166666666666667,12.726047676890373,20.481083611701592,31.420298107095864,32.84087458244762,21.71859938739328,True
167008,Pascal Groß,10204,Brighton and Hove Albion,ENG-Premier League,0.0,0.0,4.0,0.0,0.0,3.2,0.0,0.0,0.0,3.0,0.0,0.0,0.0,0.0,0.0,0.0,0.0,35.0,0.0,0.0,0.0,1456,17,Midfielder,0.0,0.0,0.0,0.0,0.09142857142857143,0.0,0.0,48.81806103856665,14.653937645510679,12.919741370584065,20.141638829841078,21.711766437121025,True
601145,Habibou Mouhamadou Diallo,8550,Metz,FRA-Ligue 1,0.4,8.4,0.0,0.0,1.4,0.5,0.02,0.32,1.3,1.0,0.19,0.1,0.6,0.2,0.4,6.49,0.0,11.0,1.8,0.4,0.6,1910,25,Attacker,0.2777777777777778,0.2,0.047619047619047616,0.4615384615384615,0.045454545454545456,0.3333333333333333,0.17777777777777778,5.311797752808988,74.39044943820224,30.90449438202247,20.49438202247191,20.90663470567526,True
1011022,Cheikh Niasse,9876,Verona,ITA-Serie A,0.6,27.0,0.0,0.0,1.7,0.8,0.07,0.02,1.8,1.0,0.0,1.3,0.1,0.5,0.2,0.0,0.0,11.0,0.6,1.9,0.4,978,20,Midfielder,0.64,0.40625,0.022222222222222223,0.22222222222222224,0.07272727272727274,0.16666666666666669,0.03333333333333333,20.334269662921347,8.303370786516854,29.924157303370784,42.11235955056179,20.709498344512674,True
873827,Ander Guevara,9866,Alavés,ESP-La Liga,2.4,35.1,1.0,0.0,1.9,0.6,0.03,0.04,1.8,1.0,0.0,0.6,0.1,0.2,0.1,6.6,0.0,12.0,0.6,2.3,0.4,1945,33,Midfielder,0.6170212765957447,0.20689655172413793,0.06837606837606837,0.22222222222222224,0.049999999999999996,0.16666666666666669,0.06666666666666667,9.145270270270268,18.739864864864863,34.064189189189186,40.08108108108108,20.4273945159138,False
1174296,André,8602,Wolverhampton Wanderers,ENG-Premier League,1.9,39.9,1.0,0.0,1.7,1.0,0.03,0.02,1.4,0.0,0.03,1.0,0.0,0.4,0.3,6.77,0.0,18.0,0.5,2.6,0.7,2586,33,Midfielder,0.72,0.2777777777777778,0.047619047619047616,0.5,0.05555555555555555,0.0,0.04,10.064075311266322,7.110031379694301,55.179800587103955,63.23327259844114,20.390797243501076,True
982633,Jordan Zemura,8600,Udinese,ITA-Serie A,0.0,0.0,2.0,0.0,0.0,1.0,0.0,0.0,0.0,1.0,0.0,0.0,0.0,0.0,0.0,0.0,0.0,11.0,0.0,0.0,0.0,1018,15,Midfielder,0.0,0.0,0.0,0.0,0.09090909090909091,0.0,0.0,36.05502834294969,11.06046917704221,21.562759388602085,17.355602793805044,20.386710907226,True
523193,Josh Laurent,8191,Burnley,ENG-Premier League,0.8,25.9,0.0,0.0,2.0,0.5,0.03,0.04,1.5,0.0,0.05,1.4,0.2,0.4,0.1,6.32,0.0,12.0,0.7,2.3,0.5,1740,32,Midfielder,0.7115384615384616,0.3783783783783784,0.030888030888030892,0.3333333333333333,0.041666666666666664,0.28571428571428575,0.05714285714285715,6.0786516853932575,21.73314606741573,36.216292134831455,50.34831460674157,19.93176742262246,True
322003,Jesper Karlström,8600,Udinese,ITA-Serie A,1.5,31.1,1.0,0.0,2.2,1.0,0.03,0.02,1.2,0.0,0.03,1.0,0.1,0.5,0.3,6.9,0.0,16.0,0.5,1.6,0.3,3003,34,Midfielder,0.6842105263157895,0.3846153846153846,0.04823151125401929,0.25,0.0625,0.2,0.04,12.796727907682964,11.480969733778721,30.42136096770928,44.62043222998279,19.85298151217317,True
1536998,Alpha Touré,8550,Metz,FRA-Ligue 1,0.8,35.3,0.0,0.0,1.5,0.4,0.02,0.06,1.6,1.0,0.0,0.5,0.1,0.2,0.2,6.49,0.0,9.0,1.0,2.0,0.9,1515,29,Midfielder,0.6097560975609757,0.2,0.022662889518413602,0.5625,0.044444444444444446,0.1,0.06,5.174157303370786,17.480337078651683,60.99719101123594,40.764044943820224,19.641391506403277,True
388903,Haris Tabakovic,9788,Borussia Mönchengladbach,GER-Bundesliga,0.1,12.4,1.0,0.0,2.2,0.9,0.03,0.49,1.7,2.0,0.47,0.0,1.0,0.2,0.3,6.74,0.0,16.0,2.5,0.4,0.2,2320,31,Attacker,0.19047619047619047,0.0,0.008064516129032258,0.11764705882352942,0.05625,0.4,0.196,11.713483146067416,87.63764044943821,10.365168539325841,13.780898876404494,19.4101140559738,True
1030646,Gennaro Borrelli,8529,Cagliari,ITA-Serie A,0.5,11.3,1.0,0.0,1.3,0.4,0.03,0.19,3.3,1.0,0.3,0.2,0.6,0.2,0.2,6.46,0.0,12.0,1.9,1.1,0.5,1199,26,Attacker,0.28260869565217395,0.15384615384615385,0.04424778761061947,0.15151515151515152,0.03333333333333333,0.3157894736842105,0.1,8.960674157303371,53.674157303370784,19.10955056179775,17.640449438202246,19.39804942648632,True
213501,Álvaro Morata,10171,Como,ITA-Serie A,1.0,16.8,1.0,0.0,0.8,0.5,0.05,0.44,1.6,1.0,0.0,0.1,0.7,0.0,0.3,6.26,0.0,10.0,2.2,1.3,0.2,908,24,Attacker,0.46666666666666673,0.07142857142857142,0.05952380952380952,0.125,0.05,0.3181818181818181,0.19999999999999998,13.912693592468875,52.83768600060734,10.054737321591254,20.038566656544184,19.263062182829092,True
888921,Lewis Ferguson,9857,Bologna,ITA-Serie A,2.9,52.8,1.0,0.0,1.7,1.2,0.08,0.04,2.0,0.0,0.06,0.7,0.1,0.5,0.3,6.52,0.0,14.0,0.8,1.5,0.2,1416,25,Midfielder,0.5238095238095238,0.3181818181818181,0.054924242424242424,0.1,0.08571428571428572,0.125,0.049999999999999996,24.771244559165908,9.25154367850997,23.74200323919425,23.3644093531734,18.937742204320863,True
1239595,Dário Essugo,8306,Las Palmas,ESP-La Liga,2.0,37.4,0.0,0.0,1.9,0.7,0.03,0.03,1.7,0.0,0.05,1.9,0.2,0.5,0.3,6.8,0.0,13.0,1.1,2.7,0.6,1952,27,Midfielder,0.7301587301587301,0.41304347826086957,0.053475935828877004,0.35294117647058826,0.05384615384615384,0.18181818181818182,0.027272727272727268,7.331081081081081,10.010135135135135,44.523648648648646,58.79729729729729,18.865987892391956,False
279879,Jean-Daniel Akpa Akpro,9876,Verona,ITA-Serie A,0.3,17.0,0.0,0.0,1.5,0.2,0.02,0.06,2.5,0.0,0.06,1.3,0.3,0.5,0.3,6.75,0.0,10.0,0.8,2.5,1.3,1388,20,Midfielder,0.6031746031746031,0.34210526315789475,0.01764705882352941,0.52,0.02,0.37499999999999994,0.075,5.316972871748153,26.65229274218038,35.43488713432533,33.038566656544184,18.420227090689995,True
1155130,Luca Netz,9788,Borussia Mönchengladbach,GER-Bundesliga,0.0,0.0,4.0,0.0,0.0,1.5,0.0,0.0,0.0,2.0,0.0,0.0,0.0,0.0,0.0,0.0,0.0,10.0,0.0,0.0,0.0,938,15,Midfielder,0.0,0.0,0.0,0.0,0.15,0.0,0.0,42.93312835307217,6.072856564429599,18.853299929142626,20.10335054155279,18.41562868114716,True
966027,Conor Gallagher,8586,Tottenham Hotspur,ENG-Premier League,0.0,0.0,1.0,0.0,0.0,0.7,0.0,0.0,0.0,1.0,0.0,0.0,0.0,0.0,0.0,0.0,0.0,11.0,0.0,0.0,0.0,1018,14,Midfielder,0.0,0.0,0.0,0.0,0.06363636363636363,0.0,0.0,16.314227148496812,17.12127998785302,20.632579208421905,20.060557748759997,18.24992104088175,True
591734,Dominic Solanke,8586,Tottenham Hotspur,ENG-Premier League,0.0,0.0,1.0,0.0,0.0,0.4,0.0,0.0,0.0,0.0,0.0,0.0,0.0,0.0,0.0,0.0,0.0,6.0,0.0,0.0,0.0,1000,15,Attacker,0.0,0.0,0.0,0.0,0.06666666666666667,0.0,0.0,20.957042716874177,31.657316023889056,11.745191821034517,12.63488207308432,18.16756779764434,True
823658,Valentín Castellanos,8654,West Ham United,ENG-Premier League,0.0,0.0,1.0,0.0,0.0,0.8,0.0,0.0,0.0,0.0,0.0,0.0,0.0,0.0,0.0,0.0,0.0,12.0,0.0,0.0,0.0,1243,16,Attacker,0.0,0.0,0.0,0.0,0.06666666666666667,0.0,0.0,26.90298866282012,27.131415122988155,10.990687316530012,10.179927118129365,17.746528751301984,True
940446,Brian Brobbey,8472,Sunderland,ENG-Premier League,0.2,9.1,2.0,0.0,0.7,0.7,0.03,0.24,1.5,1.0,0.3,0.0,0.8,0.3,0.3,6.49,0.0,15.0,1.6,0.4,0.1,1793,29,Attacker,0.2105263157894737,0.0,0.02197802197802198,0.06666666666666667,0.04666666666666666,0.5,0.15,14.41011235955056,81.18820224719101,5.825842696629213,13.898876404494382,17.575555827582228,True
519835,Adam Armstrong,8602,Wolverhampton Wanderers,ENG-Premier League,0.0,0.0,3.0,0.0,0.0,0.9,0.0,0.0,0.0,2.0,0.0,0.0,0.0,0.0,0.0,0.0,0.0,6.0,0.0,0.0,0.0,1000,12,Attacker,0.0,0.0,0.0,0.0,0.15,0.0,0.0,38.06914920538515,22.171955663528696,10.211408037250735,7.427674865877113,17.260959608763635,True
561869,Haris Belkebla,8121,Angers,FRA-Ligue 1,0.9,34.6,0.0,0.0,1.4,0.6,0.02,0.01,0.7,0.0,0.0,1.0,0.0,0.3,0.2,6.77,0.0,16.0,0.2,2.3,0.6,2790,32,Midfielder,0.825,0.30303030303030304,0.02601156069364162,0.8571428571428572,0.0375,0.0,0.049999999999999996,6.6326677801396885,5.957536187873266,55.518802510375544,60.33907784188682,17.080591332650215,True
887703,Wilson Isidor,8472,Sunderland,ENG-Premier League,0.1,6.0,0.0,0.0,1.2,0.2,0.02,0.36,1.1,0.0,0.4,0.0,1.3,0.1,0.2,6.28,0.0,0.0,3.2,0.7,0.5,1116,30,Attacker,0.38888888888888884,0.0,0.016666666666666666,0.45454545454545453,0.0,0.40625,0.11249999999999999,3.7191011235955056,73.8820224719101,27.328651685393258,14.151685393258425,16.888157648575685,True
1190033,Lamare Bogarde,10252,Aston Villa,ENG-Premier League,0.6,40.0,0.0,0.0,1.9,0.2,0.02,0.0,1.6,0.0,0.0,0.4,0.0,0.6,0.2,0.0,0.0,2.0,0.0,2.4,0.2,974,27,Midfielder,0.6363636363636362,0.14285714285714288,0.015,0.125,0.1,0.0,0.0,22.8314606741573,2.4775280898876404,31.238764044943817,46.46067415730337,16.336360855494128,True
775614,Ryan Yates,10203,Nottingham Forest,ENG-Premier League,0.5,29.2,0.0,0.0,2.8,0.5,0.02,0.11,2.5,1.0,0.09,1.2,0.4,0.5,0.2,6.76,0.0,18.0,1.6,2.0,0.4,1904,35,Midfielder,0.5614035087719298,0.37499999999999994,0.017123287671232876,0.16,0.027777777777777776,0.25,0.06874999999999999,3.5709459459459456,31.64527027027027,28.354729729729726,35.07432432432432,16.333017443105067,False
793255,Florentino,8191,Burnley,ENG-Premier League,1.8,38.1,0.0,0.0,2.4,0.5,0.02,0.03,1.8,2.0,0.0,1.7,0.0,0.6,0.2,6.67,0.0,12.0,0.5,3.8,0.3,1944,29,Midfielder,0.7534246575342466,0.3090909090909091,0.047244094488188976,0.16666666666666666,0.041666666666666664,0.0,0.06,4.859550561797752,11.719101123595504,33.29775280898876,60.29775280898877,16.213111284030454,True
1393542,Christian Ordóñez,10167,Parma,ITA-Serie A,0.1,17.7,0.0,0.0,0.9,0.2,0.02,0.04,1.6,0.0,0.1,0.6,0.2,0.6,0.2,6.18,0.0,4.0,0.8,1.9,0.4,924,26,Midfielder,0.6097560975609757,0.24,0.005649717514124295,0.25,0.05,0.25,0.049999999999999996,6.078651685393258,17.039325842696627,23.221910112359552,39.46629213483146,15.985456009860034,True
883823,Elisha Owusu,8583,Auxerre,FRA-Ligue 1,1.2,27.6,0.0,0.0,1.8,0.6,0.02,0.01,1.8,0.0,0.0,1.0,0.0,0.3,0.4,6.89,0.0,12.0,0.3,2.7,0.4,2259,28,Midfielder,0.6727272727272727,0.27027027027027023,0.043478260869565216,0.22222222222222224,0.049999999999999996,0.0,0.03333333333333333,6.284226642372709,9.603413807065492,28.32920842190505,59.394194756554306,15.954726809338482,True
948745,Kwasi Sibo,8670,Real Oviedo,ESP-La Liga,1.5,31.4,0.0,0.0,1.9,0.2,0.01,0.02,1.6,0.0,0.0,0.8,0.1,0.3,0.2,6.42,0.0,3.0,0.5,1.8,0.2,1686,26,Midfielder,0.6190476190476191,0.3076923076923077,0.04777070063694268,0.125,0.06666666666666667,0.2,0.04,8.713483146067416,9.924157303370787,25.323033707865168,38.842696629213485,15.847901248727231,True
635772,Borja Mayoral,8305,Getafe,ESP-La Liga,0.0,0.0,1.0,0.0,0.0,0.3,0.0,0.0,0.0,1.0,0.0,0.0,0.0,0.0,0.0,0.0,0.0,5.0,0.0,0.0,0.0,1059,16,Attacker,0.0,0.0,0.0,0.0,0.06,0.0,0.0,10.29393157202146,29.229388095961127,13.157353983196678,15.565062253264502,15.433045130276392,True
914401,Oriol Rey,8581,Levante,ESP-La Liga,1.6,33.9,0.0,0.0,2.3,0.5,0.03,0.03,1.6,1.0,0.0,0.6,0.1,0.3,0.3,0.0,0.0,10.0,0.6,1.4,0.1,1274,19,Midfielder,0.5555555555555556,0.3,0.04719764011799411,0.0625,0.05,0.16666666666666669,0.05,7.297752808988764,12.747191011235955,24.31741573033708,33.41573033707866,15.366675291203503,True
1187767,Urko González,8558,Espanyol,ESP-La Liga,1.0,27.3,0.0,0.0,2.0,0.6,0.02,0.03,1.5,1.0,0.0,1.1,0.0,0.4,0.3,6.62,0.0,10.0,0.6,1.8,0.5,2449,34,Midfielder,0.6590909090909092,0.3793103448275862,0.03663003663003663,0.3333333333333333,0.06,0.0,0.05,10.30688834902318,7.648547423828322,25.766347808482635,31.914971150926206,15.079783966353412,True
924300,Alemão,8370,Rayo Vallecano,ESP-La Liga,0.3,10.3,0.0,0.0,1.1,0.2,0.02,0.3,1.7,0.0,0.26,0.1,0.9,0.2,0.1,6.38,0.0,7.0,1.9,0.4,0.5,1029,24,Attacker,0.22727272727272727,0.2,0.029126213592233007,0.29411764705882354,0.028571428571428574,0.4736842105263158,0.15789473684210525,4.033707865168539,84.03932584269663,22.64887640449438,7.286516853932583,14.931300390344845,True
670928,Giuseppe Pezzella,7801,Cremonese,ITA-Serie A,0.6,20.4,0.0,0.0,3.2,1.9,0.07,0.0,1.7,1.0,0.0,0.4,0.0,0.4,0.1,6.64,0.0,26.0,0.2,1.8,0.5,2411,29,Midfielder,0.5641025641025641,0.18181818181818182,0.029411764705882353,0.29411764705882354,0.07307692307692307,0.0,0.0,20.550561797752806,2.4775280898876404,30.334269662921344,32.95505617977528,14.669643287526405,True
1074642,Salis Abdul Samed,9831,Nice,FRA-Ligue 1,0.6,39.9,0.0,0.0,0.7,0.1,0.01,0.0,1.9,0.0,0.0,1.0,0.0,0.1,0.1,6.27,0.0,1.0,0.1,1.1,0.2,913,18,Midfielder,0.525,0.47619047619047616,0.015037593984962405,0.10526315789473685,0.1,0.0,0.0,22.06460674157303,2.4775280898876404,30.457865168539325,21.056179775280896,13.715583395275766,True
873559,Zian Flemming,8191,Burnley,ENG-Premier League,0.5,9.1,0.0,0.0,1.8,0.4,0.02,0.44,2.6,0.0,0.56,0.4,1.1,0.3,0.1,6.7,0.0,9.0,2.9,0.8,0.2,1601,27,Attacker,0.31578947368421056,0.3333333333333333,0.054945054945054944,0.07692307692307693,0.044444444444444446,0.37931034482758624,0.15172413793103448,5.174157303370786,80.28651685393258,7.536516853932583,11.601123595505618,13.258830602345554,True
586768,Guido Rodríguez,10267,Valencia CF,ESP-La Liga,0.0,0.0,1.0,0.0,0.0,0.8,0.0,0.0,0.0,0.0,0.0,0.0,0.0,0.0,0.0,0.0,0.0,7.0,0.0,0.0,0.0,1128,14,Midfielder,0.0,0.0,0.0,0.0,0.1142857142857143,0.0,0.0,21.513867800384656,4.571730438303472,11.217038667881363,21.22722441542666,12.37895257232367,True
1387194,Kassoum Ouattara,9829,Monaco,FRA-Ligue 1,0.0,0.0,5.0,0.0,0.0,2.2,0.0,0.0,0.0,3.0,0.0,0.0,0.0,0.0,0.0,0.0,0.0,17.0,0.0,0.0,0.0,970,15,Midfielder,0.0,0.0,0.0,0.0,0.12941176470588237,0.0,0.0,48.870786516853926,2.4775280898876404,2.202247191011236,2.168539325842697,5.730195272191517,True
1406729,Endrick,9748,Lyon,FRA-Ligue 1,0.0,0.0,9.0,0.0,0.0,2.9,0.0,0.0,0.0,7.0,0.0,0.0,0.0,0.0,0.0,0.0,0.0,27.0,0.0,0.0,0.0,1151,15,Attacker,0.0,0.0,0.0,0.0,0.10740740740740741,0.0,0.0,48.53651685393258,2.4775280898876404,2.202247191011236,2.168539325842697,5.718408882701777,True
660301,Donyell Malen,8686,Roma,ITA-Serie A,0.0,0.0,2.0,0.0,0.0,1.9,0.0,0.0,0.0,2.0,0.0,0.0,0.0,0.0,0.0,0.0,0.0,7.0,0.0,0.0,0.0,1311,16,Attacker,0.0,0.0,0.0,0.0,0.2714285714285714,0.0,0.0,44.710674157303366,2.4775280898876404,2.202247191011236,2.168539325842697,5.579277836698225,True
1478295,Rayan,8678,Bournemouth,ENG-Premier League,0.0,0.0,3.0,0.0,0.0,1.8,0.0,0.0,0.0,2.0,0.0,0.0,0.0,0.0,0.0,0.0,0.0,13.0,0.0,0.0,0.0,962,13,Attacker,0.0,0.0,0.0,0.0,0.13846153846153847,0.0,0.0,44.162921348314605,2.4775280898876404,2.202247191011236,2.168539325842697,5.558683688430089,True
1573122,Fer López,9910,Celta de Vigo,ESP-La Liga,0.0,0.0,2.0,0.0,0.0,1.2,0.0,0.0,0.0,0.0,0.0,0.0,0.0,0.0,0.0,0.0,0.0,8.0,0.0,0.0,0.0,1011,15,Midfielder,0.0,0.0,0.0,0.0,0.15,0.0,0.0,41.70224719101123,2.4775280898876404,2.202247191011236,2.168539325842697,5.463896459694469,True
1197039,Martín Satriano,8305,Getafe,ESP-La Liga,0.0,0.0,5.0,0.0,0.0,1.4,0.0,0.0,0.0,1.0,0.0,0.0,0.0,0.0,0.0,0.0,0.0,15.0,0.0,0.0,0.0,1514,17,Attacker,0.0,0.0,0.0,0.0,0.09333333333333332,0.0,0.0,36.46348314606741,2.4775280898876404,2.202247191011236,2.168539325842697,5.248220448278183,True
279490,James Ward-Prowse,8191,Burnley,ENG-Premier League,0.0,0.0,7.0,0.0,0.0,1.7,0.0,0.0,0.0,1.0,0.0,0.0,0.0,0.0,0.0,0.0,0.0,22.0,0.0,0.0,0.0,1069,16,Midfielder,0.0,0.0,0.0,0.0,0.07727272727272727,0.0,0.0,34.00561797752809,2.4775280898876404,2.202247191011236,2.168539325842697,5.139487627731874,True
763998,Bakery Jatta,9790,Hamburger SV,GER-Bundesliga,0.0,0.0,0.0,0.0,0.0,0.6,0.0,0.0,0.0,1.0,0.0,0.0,0.0,0.0,0.0,0.0,0.0,4.0,0.0,0.0,0.0,918,15,Midfielder,0.0,0.0,0.0,0.0,0.15,0.0,0.0,33.99999999999999,2.4775280898876404,2.202247191011236,2.168539325842697,5.139232888685091,True
1215735,Luis Vázquez,8305,Getafe,ESP-La Liga,0.0,0.0,0.0,0.0,0.0,0.3,0.0,0.0,0.0,0.0,0.0,0.0,0.0,0.0,0.0,0.0,0.0,2.0,0.0,0.0,0.0,1095,15,Attacker,0.0,0.0,0.0,0.0,0.15,0.0,0.0,33.99999999999999,2.4775280898876404,2.202247191011236,2.168539325842697,5.139232888685091,True
970563,Quinten Timber,8592,Marseille,FRA-Ligue 1,0.0,0.0,0.0,0.0,0.0,1.1,0.0,0.0,0.0,0.0,0.0,0.0,0.0,0.0,0.0,0.0,0.0,8.0,0.0,0.0,0.0,1103,14,Midfielder,0.0,0.0,0.0,0.0,0.1375,0.0,0.0,32.26966292134831,2.4775280898876404,2.202247191011236,2.168539325842697,5.0593293532333306,True
1202114,Omri Gandelman,9888,Lecce,ITA-Serie A,0.0,0.0,1.0,0.0,0.0,0.6,0.0,0.0,0.0,0.0,0.0,0.0,0.0,0.0,0.0,0.0,0.0,6.0,0.0,0.0,0.0,922,17,Midfielder,0.0,0.0,0.0,0.0,0.09999999999999999,0.0,0.0,23.60955056179775,2.4775280898876404,2.202247191011236,2.168539325842697,4.606604625988606,True
1434889,Assane Diao,10171,Como,ITA-Serie A,0.0,0.0,2.0,0.0,0.0,0.5,0.0,0.0,0.0,1.0,0.0,0.0,0.0,0.0,0.0,0.0,0.0,6.0,0.0,0.0,0.0,911,15,Attacker,0.0,0.0,0.0,0.0,0.08333333333333333,0.0,0.0,18.997874278773153,2.588622330195364,2.326272902115599,2.27452171272396,4.4660322919780215,True
1299869,Mohamed Kaba,9830,Nantes,FRA-Ligue 1,0.0,0.0,4.0,0.0,0.0,0.7,0.0,0.0,0.0,2.0,0.0,0.0,0.0,0.0,0.0,0.0,0.0,12.0,0.0,0.0,0.0,924,12,Midfielder,0.0,0.0,0.0,0.0,0.05833333333333333,0.0,0.0,20.952247191011235,2.4775280898876404,2.202247191011236,2.168539325842697,4.444509166031495,True
505059,Branco van den Boomen,8121,Angers,FRA-Ligue 1,0.0,0.0,2.0,0.0,0.0,2.0,0.0,0.0,0.0,1.0,0.0,0.0,0.0,0.0,0.0,0.0,0.0,26.0,0.0,0.0,0.0,1152,14,Midfielder,0.0,0.0,0.0,0.0,0.07692307692307693,0.0,0.0,19.207865168539325,2.4775280898876404,2.202247191011236,2.168539325842697,4.330104255910403,True
1417802,Pape Demba Diop,9941,Toulouse,FRA-Ligue 1,0.0,0.0,2.0,0.0,0.0,1.4,0.0,0.0,0.0,2.0,0.0,0.0,0.0,0.0,0.0,0.0,0.0,19.0,0.0,0.0,0.0,1185,15,Midfielder,0.0,0.0,0.0,0.0,0.07368421052631578,0.0,0.0,18.3623595505618,2.4775280898876404,2.202247191011236,2.168539325842697,4.272018940672324,True
970565,Kenneth Taylor,8543,Lazio,ITA-Serie A,0.0,0.0,1.0,0.0,0.0,0.9,0.0,0.0,0.0,2.0,0.0,0.0,0.0,0.0,0.0,0.0,0.0,13.0,0.0,0.0,0.0,1338,16,Midfielder,0.0,0.0,0.0,0.0,0.06923076923076923,0.0,0.0,12.185393258426966,2.4775280898876404,2.202247191011236,2.168539325842697,3.7775175295049186,True
1167529,Rafael Obrador,9804,Torino,ITA-Serie A,0.0,0.0,1.0,0.0,0.0,0.7,0.0,0.0,0.0,2.0,0.0,0.0,0.0,0.0,0.0,0.0,0.0,11.0,0.0,0.0,0.0,970,14,Midfielder,0.0,0.0,0.0,0.0,0.06363636363636363,0.0,0.0,10.474719101123597,2.4775280898876404,2.202247191011236,2.168539325842697,3.6099180176543184,True
593116,Sofyan Amrabat,8603,Real Betis,ESP-La Liga,0.0,0.0,0.0,0.0,0.0,0.5,0.0,0.0,0.0,0.0,0.0,0.0,0.0,0.0,0.0,0.0,0.0,7.0,0.0,0.0,0.0,1216,16,Midfielder,0.0,0.0,0.0,0.0,0.07142857142857142,0.0,0.0,9.598314606741573,2.4775280898876404,2.202247191011236,2.168539325842697,3.5165202097734705,True
1137106,Lucas Gourna-Douath,9746,Le Havre,FRA-Ligue 1,0.0,0.0,0.0,0.0,0.0,0.4,0.0,0.0,0.0,0.0,0.0,0.0,0.0,0.0,0.0,0.0,0.0,6.0,0.0,0.0,0.0,1275,15,Midfielder,0.0,0.0,0.0,0.0,0.06666666666666667,0.0,0.0,7.8876404494382015,2.4775280898876404,2.202247191011236,2.168539325842697,3.315421542800872,True
786580,Marshall Munetsi,6379,Paris FC,FRA-Ligue 1,0.0,0.0,0.0,0.0,0.0,0.4,0.0,0.0,0.0,1.0,0.0,0.0,0.0,0.0,0.0,0.0,0.0,6.0,0.0,0.0,0.0,909,14,Midfielder,0.0,0.0,0.0,0.0,0.06666666666666667,0.0,0.0,7.8876404494382015,2.4775280898876404,2.202247191011236,2.168539325842697,3.315421542800872,True
982617,Kieron Bowie,9876,Verona,ITA-Serie A,0.0,0.0,0.0,0.0,0.0,0.3,0.0,0.0,0.0,0.0,0.0,0.0,0.0,0.0,0.0,0.0,0.0,11.0,0.0,0.0,0.0,1024,12,Attacker,0.0,0.0,0.0,0.0,0.02727272727272727,0.0,0.0,2.382022471910112,2.4775280898876404,2.202247191011236,2.168539325842697,2.31493275356401,True
