player_id,player,team_id,team,league,accurate_long_balls,accurate_pass,big_chance_created,clean_sheet,effective_clearance,expected_assists,expected_assists_per_90,expected_goals_per_90,fouls,goal_assist,goals_per_90,interception,ontarget_scoring_att,outfielder_block,poss_won_att_3rd,rating,saves,total_att_assist,total_scoring_att,total_tackle,won_contest,minutes_played,matches_played,position,clean_defend_rate,interception_share,progressive_pass_share,carry_to_foul_ratio,chance_creation_rate,counterpress_lead,vertical_disruption,second_ball_coverage,link_on_turnover,composite_score,has_primary_season
1185211,Mamadou Sangaré,8588,Lens,FRA-Ligue 1,3.2,48.4,3.0,0.0,1.1,2.0,0.08,0.13,1.4,4.0,0.12,1.5,0.5,0.2,1.0,7.69,0.0,38.0,2.0,3.3,1.2,2327,29,Midfielder,0.7741935483870969,0.3125,0.06611570247933884,0.8571428571428572,0.7851239669421488,93.1508078994614,73.92280071813286,68.35727109515261,75.17953321364453,79.10805921728462,True
715301,Jonathan Clauss,9831,Nice,FRA-Ligue 1,1.9,36.4,16.0,0.0,2.3,6.8,0.25,0.05,0.8,6.0,0.04,1.7,0.2,0.2,0.4,7.28,0.0,61.0,0.8,2.3,1.0,2453,29,Midfielder,0.8333333333333334,0.425,0.0521978021978022,1.25,1.6758241758241759,70.12148414123278,93.23935187866387,79.90067759309666,74.155003442662,79.06036590490609,True
1436305,Lamine Camara,9829,Monaco,FRA-Ligue 1,2.8,50.0,8.0,0.0,0.8,4.3,0.22,0.09,1.3,4.0,0.05,1.9,0.1,0.3,1.0,7.47,0.0,32.0,1.1,2.7,0.8,1761,23,Midfielder,0.7796610169491526,0.41304347826086957,0.055999999999999994,0.6153846153846154,0.64,85.64702740616333,86.36306892402335,62.834308217988074,73.12593707972175,78.81299058525595,True
148830,Benjamin André,8639,Lille,FRA-Ligue 1,2.5,45.9,2.0,0.0,1.6,2.3,0.09,0.11,1.4,2.0,0.08,1.3,0.2,0.2,0.9,7.43,0.0,23.0,1.0,2.6,0.5,2243,26,Midfielder,0.7358490566037735,0.3333333333333333,0.054466230936819175,0.35714285714285715,0.5010893246187365,86.25828973700636,76.23623739567448,79.595503304312,61.26368216829791,77.70284176957965,True
797594,Azor Matusiwa,9851,Rennes,FRA-Ligue 1,2.3,41.9,2.0,0.0,2.1,1.6,0.07,0.05,1.3,3.0,0.04,1.5,0.1,0.4,0.6,7.13,0.0,17.0,0.5,2.8,0.7,2078,29,Midfielder,0.7678571428571429,0.3488372093023256,0.0548926014319809,0.5384615384615384,0.405727923627685,80.86021505376344,82.2043010752688,87.25806451612902,50.69892473118281,76.9283649521624,False
485634,Roberto Gagliardini,9876,Verona,ITA-Serie A,1.9,39.1,0.0,0.0,2.6,0.8,0.03,0.05,1.8,0.0,0.04,2.3,0.1,0.6,0.4,7.11,0.0,16.0,0.6,3.0,0.3,2126,28,Midfielder,0.7464788732394366,0.43396226415094336,0.04859335038363171,0.16666666666666666,0.4092071611253197,69.49730700179533,93.6265709156194,92.81867145421904,49.50628366247756,76.53051668234644,True
950474,James Garner,8668,Everton,ENG-Premier League,1.5,40.3,12.0,0.0,2.3,5.5,0.15,0.05,1.0,7.0,0.06,1.6,0.4,0.3,0.4,7.42,0.0,52.0,1.2,3.2,0.5,3234,36,Midfielder,0.8275862068965517,0.3333333333333333,0.03722084367245658,0.5,1.2903225806451615,73.59341840247615,77.4774618250613,88.35823632748402,64.43710867872564,75.99168450616745,True
780432,Ethan Ampadu,8463,Leeds United,ENG-Premier League,2.4,42.5,1.0,0.0,2.4,2.2,0.07,0.08,1.4,1.0,0.03,1.5,0.2,0.5,0.5,7.22,0.0,18.0,0.8,2.4,0.3,2943,33,Midfielder,0.7358490566037736,0.38461538461538464,0.05647058823529411,0.2142857142857143,0.4235294117647059,70.91561938958708,85.23339317773788,85.05385996409336,54.71274685816876,74.74715753180827,True
1024672,Nicolas Seiwald,178475,RB Leipzig,GER-Bundesliga,2.0,42.5,3.0,0.0,2.2,1.9,0.06,0.06,0.6,2.0,0.0,1.9,0.2,0.3,0.4,7.16,0.0,14.0,0.7,2.1,0.3,2630,32,Midfielder,0.8695652173913044,0.475,0.047058823529411764,0.5,0.32941176470588235,71.2454843214095,90.64017425661024,80.06193574126625,51.6892209288109,74.70617568897593,True
1565010,Arthur Avom,8689,Lorient,FRA-Ligue 1,3.3,45.1,4.0,0.0,1.1,3.2,0.14,0.05,1.0,1.0,0.09,1.3,0.3,0.1,0.6,7.0,0.0,31.0,0.9,2.4,0.9,2091,30,Midfielder,0.7872340425531915,0.35135135135135137,0.07317073170731707,0.9,0.6873614190687362,81.79533213644524,77.82764811490125,60.99640933572711,69.56912028725314,74.16832734846815,True
1586552,Chema Andres,10269,VfB Stuttgart,GER-Bundesliga,0.8,44.3,1.0,0.0,2.8,1.1,0.08,0.07,1.3,0.0,0.15,2.1,0.3,0.6,0.4,7.15,0.0,15.0,0.9,2.1,0.1,1216,24,Midfielder,0.7636363636363637,0.5,0.018058690744920995,0.07692307692307693,0.33860045146726864,63.92280071813285,97.93536804308798,82.40574506283662,50.53859964093357,73.78980706680686,True
1174726,Rocco Reitz,9788,Borussia Mönchengladbach,GER-Bundesliga,1.9,32.9,7.0,0.0,1.7,4.9,0.17,0.09,1.2,4.0,0.0,1.7,0.5,0.2,0.4,7.06,0.0,28.0,1.6,2.3,0.8,2636,31,Midfielder,0.7692307692307692,0.425,0.057750759878419454,0.6666666666666667,0.851063829787234,65.75829938932968,93.83074972812624,78.47509378840822,52.94904216778312,73.36878741892247,True
562719,Valentin Rongier,9851,Rennes,FRA-Ligue 1,1.8,59.1,8.0,0.0,2.0,4.0,0.14,0.03,1.6,5.0,0.07,1.3,0.3,0.3,0.6,7.58,0.0,41.0,0.7,2.4,0.6,2655,30,Midfielder,0.6981132075471698,0.35135135135135137,0.030456852791878174,0.37499999999999994,0.6937394247038917,64.18549834945271,82.35104856405603,79.8213033210427,68.80729458247266,73.00836058635963,True
1280132,Nico González,8456,Manchester City,ENG-Premier League,1.9,68.3,1.0,0.0,2.6,1.0,0.06,0.04,1.8,0.0,0.06,1.3,0.1,0.4,0.7,7.13,0.0,10.0,0.8,2.4,0.7,1477,24,Midfielder,0.6727272727272727,0.35135135135135137,0.027818448023426062,0.38888888888888884,0.14641288433382138,72.45062836624776,77.82764811490125,86.80430879712748,51.615798922800714,72.94248949054492,True
1287373,Jobe Bellingham,9789,Borussia Dortmund,GER-Bundesliga,1.9,46.5,2.0,0.0,1.3,1.2,0.07,0.05,0.7,1.0,0.0,2.0,0.3,0.4,0.5,6.87,0.0,7.0,0.9,2.2,0.7,1701,31,Midfielder,0.8571428571428571,0.47619047619047616,0.040860215053763436,1.0,0.15053763440860216,77.10951526032315,96.27468581687612,62.74685816876122,44.83842010771993,72.91340262706925,True
1173678,Johnny Cardoso,8603,Real Betis,ESP-La Liga,1.5,39.9,2.0,0.0,2.6,0.8,0.03,0.09,1.6,1.0,0.13,2.0,0.3,0.5,0.5,7.07,0.0,9.0,0.8,2.3,1.1,2143,28,Midfielder,0.7288135593220338,0.46511627906976744,0.03759398496240601,0.6875,0.2255639097744361,66.45161290322581,96.77419354838712,84.6774193548387,40.59139784946237,72.51426117593967,False
1116391,Hugo Bueno,8602,Wolverhampton Wanderers,ENG-Premier League,1.0,26.1,6.0,0.0,2.6,3.5,0.13,0.03,0.7,2.0,0.04,1.5,0.2,0.2,0.2,6.82,0.0,37.0,0.6,2.6,1.2,2343,33,Midfielder,0.8541666666666666,0.3658536585365854,0.038314176245210725,1.7142857142857144,1.417624521072797,62.58527827648114,82.85457809694793,89.85637342908439,58.66247755834829,72.48097991562034,True
1372921,Andrey Santos,8455,Chelsea,ENG-Premier League,1.1,52.5,1.0,0.0,1.4,0.9,0.07,0.14,0.9,0.0,0.0,1.5,0.1,0.5,0.5,6.66,0.0,8.0,0.8,2.5,0.2,1165,26,Midfielder,0.8163265306122448,0.375,0.020952380952380955,0.22222222222222224,0.1523809523809524,79.89973166541186,71.15757096066356,77.61774225722799,53.22963520652754,72.18923196444634,True
845943,Cristian Cásseres,9941,Toulouse,FRA-Ligue 1,2.9,42.2,6.0,0.0,1.3,4.0,0.14,0.06,1.4,3.0,0.07,1.3,0.2,0.3,0.6,7.32,0.0,38.0,0.9,2.8,0.6,2499,30,Midfielder,0.7454545454545454,0.3170731707317074,0.06872037914691942,0.4285714285714286,0.9004739336492891,73.26363712412244,72.26636551417927,72.11019092295516,68.64790255014381,72.02532891752631,True
992060,Tom Krauß,8722,1. FC Köln,GER-Bundesliga,1.5,36.2,2.0,0.0,2.4,1.5,0.07,0.02,1.2,2.0,0.0,1.4,0.1,0.5,0.5,7.04,0.0,15.0,0.5,3.6,0.5,1786,26,Midfielder,0.8064516129032258,0.27999999999999997,0.04143646408839779,0.4166666666666667,0.41436464088397784,82.33393177737881,65.1705565529623,92.95332136445242,45.73608617594255,72.00453670762593,True
919742,Senne Lynen,8697,SV Werder Bremen,GER-Bundesliga,3.1,46.3,1.0,0.0,3.2,1.6,0.06,0.04,1.3,0.0,0.0,2.6,0.1,0.3,0.2,6.8,0.0,15.0,0.8,2.1,0.2,2667,30,Midfielder,0.7833333333333333,0.5531914893617021,0.06695464362850972,0.15384615384615385,0.32397408207343414,60.65597189243451,98.55350282813072,83.98367470383455,45.90982799559854,71.8178156686931,True
1305543,Kévin Danois,8583,Auxerre,FRA-Ligue 1,2.9,41.7,10.0,0.0,0.5,4.6,0.15,0.07,1.0,1.0,0.1,1.2,0.3,0.1,0.6,7.2,0.0,52.0,0.8,2.5,1.1,2745,32,Midfielder,0.7872340425531915,0.3243243243243243,0.06954436450839328,1.1,1.2470023980815348,84.57096709844727,68.96839185858703,57.078209558374034,72.20993159720211,71.81349976331161,True
620618,Rodrigo Bentancur,8586,Tottenham Hotspur,ENG-Premier League,0.9,40.5,1.0,0.0,2.4,0.8,0.04,0.04,0.9,1.0,0.05,1.7,0.2,0.4,0.3,7.11,0.0,10.0,0.7,2.7,0.8,1720,24,Midfielder,0.830188679245283,0.3863636363636363,0.022222222222222223,0.888888888888889,0.24691358024691357,64.9322020810409,91.09022991834136,85.07049413460487,44.920110937369294,71.78347849935491,True
1020963,Nicolò Rovella,8543,Lazio,ITA-Serie A,3.5,60.9,6.0,0.0,1.4,2.1,0.07,0.05,1.4,3.0,0.0,1.6,0.3,0.1,0.3,7.15,0.0,31.0,0.9,2.8,0.6,2728,33,Midfielder,0.7586206896551724,0.36363636363636365,0.05747126436781609,0.4285714285714286,0.5090311986863711,61.59139784946236,85.43010752688173,75.21505376344086,66.82795698924731,71.5846636773874,False
762028,Ylber Ramadani,9888,Lecce,ITA-Serie A,2.5,33.2,1.0,0.0,1.7,1.6,0.05,0.03,1.2,0.0,0.03,1.4,0.1,0.3,0.6,6.96,0.0,16.0,1.0,2.6,0.4,3040,35,Midfielder,0.7692307692307692,0.35,0.0753012048192771,0.33333333333333337,0.48192771084337344,79.70936854500877,76.8863857197094,75.50021556855401,44.73195498156406,71.52624616748437,True
266520,Christian Nørgaard,9937,Brentford,ENG-Premier League,2.1,36.7,3.0,0.0,2.0,1.4,0.04,0.14,1.4,4.0,0.16,1.6,0.5,0.6,0.4,7.24,0.0,18.0,1.2,2.5,0.2,2829,34,Midfielder,0.7454545454545454,0.39024390243902446,0.05722070844686648,0.14285714285714288,0.49046321525885556,63.817204301075265,89.30107526881721,82.36559139784946,48.817204301075265,71.35432916455557,False
1310480,Sergi Altimira,8603,Real Betis,ESP-La Liga,2.6,53.3,0.0,0.0,1.5,0.8,0.06,0.03,1.1,2.0,0.08,1.6,0.2,0.3,0.5,6.87,0.0,11.0,0.5,3.9,0.3,1182,24,Midfielder,0.8333333333333334,0.29090909090909095,0.04878048780487805,0.2727272727272727,0.20637898686679176,78.21341286847745,66.31956912028726,81.34971654343867,53.28021338069406,70.82670594437535,True
914458,Aurélien Tchouaméni,8633,Real Madrid,ESP-La Liga,2.3,60.2,4.0,0.0,1.9,2.9,0.1,0.09,1.0,0.0,0.04,1.6,0.2,0.5,0.4,7.38,0.0,24.0,1.5,2.3,0.1,2552,32,Midfielder,0.7959183673469387,0.4102564102564103,0.038205980066445176,0.1,0.39867109634551495,60.36312040308101,90.69757340591882,74.1900413762926,58.019150209455425,70.65674331720928,True
921543,Morten Frendrup,10233,Genoa,ITA-Serie A,1.3,33.2,1.0,0.0,2.7,0.9,0.03,0.01,1.2,0.0,0.03,1.2,0.1,0.4,0.6,7.05,0.0,14.0,0.2,2.8,0.2,2909,34,Midfielder,0.7692307692307692,0.3,0.0391566265060241,0.16666666666666669,0.4216867469879518,81.66037978674801,69.19428839855087,87.26073499224596,39.53575542299698,70.62156576351784,True
1553099,Mikel Jauregizar,8315,Athletic Club,ESP-La Liga,1.8,35.0,1.0,0.0,0.9,2.4,0.08,0.05,1.5,0.0,0.07,1.5,0.3,0.1,0.7,6.82,0.0,27.0,1.2,2.1,0.3,2687,34,Midfielder,0.7058823529411765,0.41666666666666663,0.05142857142857143,0.19999999999999998,0.7714285714285715,76.24439039143388,78.62415783479084,59.75486316222981,58.698384201077204,70.47062754723322,True
1137668,Moisés Caicedo,8455,Chelsea,ENG-Premier League,2.0,61.1,4.0,0.0,1.0,2.3,0.08,0.05,1.7,1.0,0.1,1.9,0.2,0.5,0.3,7.12,0.0,16.0,0.9,3.0,0.5,2627,31,Midfielder,0.7424242424242424,0.38775510204081626,0.03273322422258593,0.29411764705882354,0.2618657937806874,67.09070609962485,81.87988648867781,68.86993816078196,58.96028390700308,70.22227092087086,True
439369,Ryan Christie,8678,Bournemouth,ENG-Premier League,2.3,39.1,2.0,0.0,1.6,0.8,0.08,0.18,1.6,0.0,0.18,1.1,0.7,0.4,1.0,6.64,0.0,11.0,2.3,2.5,1.7,986,26,Midfielder,0.6923076923076923,0.3055555555555556,0.0588235294117647,1.0625,0.2813299232736573,76.35807545542879,69.45525504655637,77.01341029452456,50.379014562138444,69.84920946241488,True
660326,Matthieu Udol,8588,Lens,FRA-Ligue 1,1.3,32.7,22.0,0.0,1.9,9.1,0.28,0.14,0.9,7.0,0.03,1.5,0.5,0.2,0.5,7.3,0.0,54.0,1.4,1.5,0.5,2958,33,Midfielder,0.7692307692307693,0.5,0.039755351681957186,0.5555555555555556,1.6513761467889907,60.78994614003591,94.61400359066428,55.56552962298025,71.18491921005386,69.81472515353921,True
1352713,Carlos Baleba,10204,Brighton and Hove Albion,ENG-Premier League,1.9,34.7,1.0,0.0,1.6,0.7,0.04,0.04,1.7,0.0,0.0,1.6,0.1,0.2,0.6,6.6,0.0,6.0,1.0,2.0,0.7,1549,29,Midfielder,0.679245283018868,0.4444444444444445,0.0547550432276657,0.4117647058823529,0.17291066282420747,71.75077057714458,90.37325534256097,68.4656023371492,39.80531263875215,69.73277044114445,True
1089691,Elliot Anderson,10203,Nottingham Forest,ENG-Premier League,3.3,54.6,6.0,0.0,1.3,3.7,0.1,0.08,1.5,2.0,0.11,1.0,0.3,0.4,0.7,7.49,0.0,49.0,1.2,2.8,1.3,3179,36,Midfielder,0.7169811320754716,0.2631578947368421,0.06043956043956043,0.8666666666666667,0.8974358974358975,81.32460119817507,51.54363171882139,77.64782533155731,75.56887576172917,69.50363010914019,True
654096,Declan Rice,9825,Arsenal,ENG-Premier League,2.4,53.6,17.0,0.0,2.2,6.9,0.21,0.09,0.8,5.0,0.12,1.1,0.4,0.4,0.4,7.55,0.0,63.0,1.2,1.9,0.4,3009,35,Midfielder,0.7894736842105263,0.3666666666666667,0.04477611940298507,0.5,1.1753731343283582,65.29220156625034,69.27723403023107,67.08699317258997,84.40435512827936,69.4482034063431,True
935728,Ao Tanaka,8463,Leeds United,ENG-Premier League,1.5,40.3,1.0,0.0,1.1,1.4,0.11,0.12,1.0,0.0,0.15,1.5,0.4,0.2,0.7,6.85,0.0,18.0,1.3,1.8,0.2,1176,26,Midfielder,0.7674418604651163,0.4545454545454546,0.03722084367245658,0.2,0.44665012406947896,75.00897666068222,91.92100538599641,47.03770197486535,53.99461400359067,69.12829560626,True
1296650,Adam Wharton,9826,Crystal Palace,ENG-Premier League,2.4,34.4,14.0,0.0,1.5,7.2,0.26,0.05,1.2,5.0,0.0,0.9,0.1,0.1,0.5,6.99,0.0,40.0,1.0,2.5,0.5,2455,32,Midfielder,0.7391304347826088,0.2647058823529412,0.06976744186046512,0.4166666666666667,1.1627906976744187,76.43303539828703,60.04510852428846,74.30490402373185,65.07564204037244,69.00935090197397,True
1310270,Kamory Doumbia,8521,Brest,FRA-Ligue 1,1.4,28.1,10.0,0.0,0.3,2.5,0.13,0.25,1.5,3.0,0.27,1.1,0.7,0.0,1.3,7.09,0.0,26.0,2.1,3.2,0.9,1692,23,Midfielder,0.7413793103448276,0.25581395348837205,0.049822064056939494,0.6,0.9252669039145907,89.3348712701814,67.10816393505917,53.90282040887241,54.97905445840814,68.90359008316716,True
1481909,Ebenezer Akinsanmiro,6479,Pisa,ITA-Serie A,1.3,26.9,3.0,0.0,0.9,1.3,0.08,0.06,1.9,1.0,0.0,1.7,0.2,0.4,0.7,6.83,0.0,16.0,0.9,2.6,1.4,1340,22,Midfielder,0.6935483870967742,0.3953488372093023,0.048327137546468404,0.7368421052631579,0.5947955390334573,77.00179533213644,88.50987432675045,58.48294434470377,40.035906642728904,68.88840208890805,True
1598170,Samir El Mourabet,9848,Strasbourg,FRA-Ligue 1,2.2,55.2,5.0,0.0,0.9,2.4,0.1,0.01,1.0,2.0,0.04,1.1,0.0,0.5,0.7,6.92,0.0,27.0,0.5,3.3,0.7,2045,32,Midfielder,0.8148148148148149,0.25,0.03985507246376812,0.7,0.48913043478260865,91.22082585278275,53.50089766606822,62.791741472172355,66.69658886894075,68.82358158824577,True
971790,Lucien Agoumé,8302,Sevilla,ESP-La Liga,2.2,35.4,8.0,0.0,1.4,1.5,0.05,0.03,1.9,3.0,0.04,1.6,0.1,0.2,0.3,6.96,0.0,27.0,0.5,2.3,0.4,2571,32,Midfielder,0.6724137931034483,0.4102564102564103,0.06214689265536724,0.2105263157894737,0.7627118644067797,56.20403724509823,87.84811104032741,72.69084251912768,61.6619370282427,68.60201510323853,True
1239595,Dário Essugo,8306,Las Palmas,ESP-La Liga,2.0,37.4,0.0,0.0,1.9,0.7,0.03,0.03,1.7,0.0,0.05,1.9,0.2,0.5,0.3,6.8,0.0,13.0,1.1,2.7,0.6,1952,27,Midfielder,0.7301587301587301,0.41304347826086957,0.053475935828877004,0.35294117647058826,0.34759358288770054,57.39784946236559,93.44086021505376,83.38709677419354,42.47311827956989,68.42446469223032,False
888912,Mikkel Damsgaard,9937,Brentford,ENG-Premier League,1.5,31.4,12.0,0.0,0.7,4.8,0.22,0.12,0.9,4.0,0.18,1.1,0.5,0.1,1.1,6.97,0.0,38.0,1.3,2.6,0.7,1960,31,Midfielder,0.8043478260869564,0.2972972972972973,0.04777070063694268,0.7777777777777777,1.2101910828025477,93.57378557685502,54.829186051749325,56.20058814823395,65.73837055912692,68.26978290459465,True
844544,Pape Gueye,10205,Villarreal,ESP-La Liga,3.7,36.1,3.0,0.0,2.3,2.7,0.12,0.18,1.5,2.0,0.18,1.4,0.5,0.4,0.6,7.11,0.0,23.0,2.0,1.7,0.7,1996,28,Midfielder,0.6739130434782609,0.4516129032258065,0.10249307479224377,0.4666666666666666,0.6371191135734072,62.17654742829933,83.85346486232571,70.22908180665752,53.6823613443756,68.17164196363197,True
729769,Tyler Adams,8678,Bournemouth,ENG-Premier League,1.6,44.6,2.0,0.0,2.2,0.6,0.03,0.03,1.7,2.0,0.11,1.7,0.3,0.5,0.3,6.91,0.0,7.0,0.5,2.4,0.3,1598,23,Midfielder,0.7068965517241379,0.41463414634146345,0.03587443946188341,0.17647058823529413,0.1569506726457399,60.32229107546186,83.38767591359239,83.76636873162037,45.79200530234294,68.11302806686393,True
1083323,Pedri,8634,Barcelona,ESP-La Liga,4.1,79.7,8.0,0.0,1.0,5.0,0.22,0.07,0.4,8.0,0.09,1.0,0.4,0.1,0.8,7.77,0.0,59.0,0.9,2.2,1.7,2017,28,Midfielder,0.888888888888889,0.3125,0.051442910915934746,4.25,0.740276035131744,87.28509745629106,59.136985772475434,47.561951828471784,81.7091047148382,68.10504627201345,True
660462,Pierre Lees-Melou,6379,Paris FC,FRA-Ligue 1,3.6,38.3,3.0,0.0,1.7,1.9,0.09,0.06,1.4,2.0,0.05,1.1,0.3,0.4,0.6,7.11,0.0,16.0,1.4,3.0,0.5,1876,23,Midfielder,0.7454545454545454,0.26829268292682934,0.09399477806788513,0.35714285714285715,0.41775456919060056,81.44524236983843,56.32854578096948,81.6427289048474,49.281867145421906,67.6562838041357,True
1392232,Marc Aguado,10268,Elche,ESP-La Liga,0.9,43.7,0.0,0.0,1.8,0.6,0.02,0.01,0.8,2.0,0.04,1.6,0.1,0.8,0.4,6.88,0.0,9.0,0.1,1.8,0.0,2340,33,Midfielder,0.8095238095238095,0.47058823529411764,0.020594965675057208,0.0,0.20594965675057206,62.63016157989228,93.80610412926391,63.599640933572715,44.0754039497307,67.2765858945348,True
1513317,Adama Camara,6379,Paris FC,FRA-Ligue 1,1.6,32.5,4.0,0.0,2.6,1.5,0.06,0.08,1.1,0.0,0.04,1.6,0.2,0.5,0.2,6.85,0.0,15.0,0.7,2.3,0.4,2081,28,Midfielder,0.78,0.4102564102564103,0.04923076923076923,0.36363636363636365,0.46153846153846156,55.960502692998205,88.8689407540395,84.8294434470377,42.50448833034112,67.04372036902578,True
1199959,Ezequiél Fernández,8178,Bayer 04 Leverkusen,GER-Bundesliga,3.2,67.4,1.0,0.0,1.6,1.1,0.1,0.06,1.3,1.0,0.0,1.1,0.1,0.3,0.5,6.88,0.0,8.0,1.0,2.8,0.8,987,20,Midfielder,0.75,0.2820512820512821,0.04747774480712166,0.6153846153846154,0.11869436201780414,75.87073608617594,58.886894075403944,78.09694793536804,50.89766606822262,66.61362858916013,True
793255,Florentino,8191,Burnley,ENG-Premier League,1.8,38.1,0.0,0.0,2.4,0.5,0.02,0.03,1.8,2.0,0.0,1.7,0.0,0.6,0.2,6.67,0.0,12.0,0.5,3.8,0.3,1944,29,Midfielder,0.7534246575342466,0.3090909090909091,0.047244094488188976,0.16666666666666666,0.31496062992125984,59.703770197486534,75.22441651705566,93.26750448833033,42.99820466786356,66.59964021327018,True
439366,Abdoulaye Touré,9746,Le Havre,FRA-Ligue 1,3.0,33.3,2.0,0.0,1.5,1.1,0.04,0.36,1.2,1.0,0.39,1.3,0.6,0.7,0.6,7.14,0.0,7.0,1.8,2.4,0.7,2329,28,Midfielder,0.7551020408163265,0.35135135135135137,0.0900900900900901,0.5833333333333334,0.21021021021021022,76.34408602150538,79.03225806451613,72.41935483870968,29.301075268817204,66.11746153330837,False
1478148,Leon Avdullahu,8226,TSG 1899 Hoffenheim,GER-Bundesliga,3.1,58.0,2.0,0.0,1.5,2.4,0.08,0.02,0.8,1.0,0.0,1.1,0.1,0.2,0.7,7.12,0.0,22.0,0.5,1.5,0.3,2748,32,Midfielder,0.7647058823529411,0.4230769230769231,0.05344827586206897,0.37499999999999994,0.3793103448275862,69.03052064631957,80.87971274685816,47.89048473967684,60.77199281867145,66.01181143793,True
890263,Jordan Teze,9829,Monaco,FRA-Ligue 1,2.1,40.4,6.0,0.0,2.2,5.1,0.19,0.02,1.2,2.0,0.04,1.0,0.2,0.4,0.4,7.04,0.0,34.0,0.5,2.2,0.1,2427,32,Midfielder,0.7272727272727273,0.3125,0.051980198019801985,0.08333333333333334,0.8415841584158417,60.90664272890485,62.657091561938955,78.68043087971276,69.43447037701975,65.93762737684288,True
239219,Mateo Kovacic,8456,Manchester City,ENG-Premier League,1.8,71.2,6.0,0.0,0.9,3.2,0.13,0.08,1.0,2.0,0.25,1.0,0.5,0.0,0.6,7.33,0.0,33.0,1.8,2.8,0.9,2202,31,Midfielder,0.7916666666666666,0.2631578947368421,0.025280898876404494,0.9,0.4634831460674157,82.73118279569893,53.11827956989247,61.0752688172043,65.48387096774194,65.81890621193702,False
1385894,Soungoutou Magassa,8654,West Ham United,ENG-Premier League,1.7,30.1,1.0,0.0,1.3,0.3,0.03,0.04,1.6,0.0,0.09,1.5,0.2,0.4,0.4,6.63,0.0,5.0,0.6,3.7,0.5,979,22,Midfielder,0.7647058823529411,0.28846153846153844,0.05647840531561461,0.3125,0.16611295681063123,76.5247839488298,72.10632999362947,78.03411131059245,30.200317883181146,65.64193604757861,True
562724,Lewis Cook,8678,Bournemouth,ENG-Premier League,1.9,34.1,6.0,0.0,2.0,3.8,0.11,0.03,1.5,3.0,0.03,1.2,0.1,0.3,0.3,7.09,0.0,48.0,0.4,2.4,0.4,2978,36,Midfielder,0.7058823529411764,0.33333333333333337,0.055718475073313775,0.26666666666666666,1.407624633431085,50.91397849462365,75.0,80.91397849462365,68.81720430107526,65.6403073878751,False
214972,Geoffrey Kondogbia,8592,Marseille,FRA-Ligue 1,1.7,73.8,0.0,0.0,2.8,1.1,0.05,0.02,0.8,0.0,0.0,1.0,0.0,0.3,0.4,7.11,0.0,5.0,0.4,2.7,0.4,2021,25,Midfielder,0.8222222222222223,0.27027027027027023,0.023035230352303523,0.5,0.06775067750677508,71.20430107526882,54.13978494623657,91.02150537634408,51.18279569892473,65.5585804349664,False
1049999,Enzo Le Fée,8472,Sunderland,ENG-Premier League,1.0,27.7,10.0,0.0,1.2,5.0,0.16,0.16,0.9,5.0,0.13,0.9,0.3,0.4,0.7,7.08,0.0,48.0,1.0,2.7,0.4,2755,34,Midfielder,0.8,0.25,0.036101083032490974,0.4444444444444445,1.7328519855595668,88.36624775583482,45.511669658886895,67.72890484739676,63.913824057450626,65.40803566511649,True
208494,Casemiro,10260,Manchester United,ENG-Premier League,2.9,45.0,4.0,0.0,2.6,3.0,0.11,0.19,1.6,2.0,0.32,1.1,0.6,1.0,0.3,7.36,0.0,34.0,1.8,3.2,0.2,2507,33,Midfielder,0.728813559322034,0.25581395348837205,0.06444444444444444,0.125,0.7555555555555555,69.77400693680302,46.337554616062754,95.386865118434,67.05082913457268,65.30268734511203,True
31097,Luka Modric,8564,Milan,ITA-Serie A,5.6,64.2,6.0,0.0,1.1,4.7,0.15,0.05,0.7,3.0,0.06,1.3,0.3,0.3,0.5,7.6,0.0,50.0,0.6,1.6,0.5,2788,33,Midfielder,0.8055555555555556,0.44827586206896547,0.08722741433021806,0.7142857142857143,0.778816199376947,64.24164913161265,89.09634949132256,36.09392997561179,80.32277369162756,65.2989879451514,True
1168311,Yasin Ayari,10204,Brighton and Hove Albion,ENG-Premier League,1.9,38.7,2.0,0.0,1.1,1.1,0.05,0.13,1.1,3.0,0.14,1.2,0.5,0.2,0.7,7.05,0.0,15.0,1.9,2.2,0.8,1916,28,Midfielder,0.7555555555555556,0.3529411764705882,0.049095607235142114,0.7272727272727273,0.38759689922480617,74.12679291905562,66.40521740249545,60.33718782777682,51.908907807442596,65.24620875658981,True
343748,Leon Goretzka,9823,Bayern München,GER-Bundesliga,2.3,68.2,3.0,0.0,2.0,3.7,0.18,0.23,0.7,2.0,0.24,1.2,0.5,0.4,0.5,7.26,0.0,20.0,1.6,1.3,0.5,1871,30,Midfielder,0.78125,0.48,0.03372434017595308,0.7142857142857143,0.29325513196480935,60.158401060468584,90.23738280470775,51.459624331576606,55.88650154758917,65.12669024220256,True
1031325,Martín Zubimendi,9825,Arsenal,ENG-Premier League,1.6,50.4,1.0,0.0,2.3,2.2,0.07,0.09,1.0,1.0,0.15,1.2,0.3,0.2,0.2,7.2,0.0,18.0,0.8,2.1,0.2,2910,36,Midfielder,0.7674418604651163,0.36363636363636365,0.03174603174603175,0.2,0.35714285714285715,52.51793723415893,78.96379091780724,78.9644344060282,55.617201727122385,64.95367887507261,True
820024,Sean Longstaff,8463,Leeds United,ENG-Premier League,1.4,34.0,6.0,0.0,1.0,1.8,0.16,0.12,1.2,2.0,0.18,1.1,0.4,0.6,0.5,0.0,0.0,25.0,1.5,3.4,0.2,976,22,Midfielder,0.7894736842105263,0.24444444444444446,0.041176470588235294,0.16666666666666669,0.7352941176470589,81.31059245960502,52.51346499102333,65.79892280071813,57.31597845601436,64.86610337849828,True
1071186,Angelo Stiller,10269,VfB Stuttgart,GER-Bundesliga,2.6,68.1,9.0,0.0,1.6,7.2,0.25,0.1,0.5,5.0,0.07,0.9,0.3,0.2,0.5,7.31,0.0,54.0,0.6,1.6,0.5,2654,33,Midfielder,0.8333333333333334,0.36,0.03817914831130691,1.0,0.7929515418502203,64.73403988339993,66.5365211739799,52.93668719394091,81.17851650225543,64.86075421224623,True
1185748,Amadou Onana,10252,Aston Villa,ENG-Premier League,2.2,37.8,0.0,0.0,3.0,0.7,0.04,0.09,1.0,0.0,0.1,1.3,0.4,0.9,0.3,6.93,0.0,7.0,1.0,2.4,0.4,1747,24,Midfielder,0.7872340425531915,0.35135135135135137,0.05820105820105821,0.4,0.1851851851851852,58.12073126001428,77.33312741710263,89.55686183664409,38.32348796355283,64.85822729023701,True
770321,Mahdi Camara,9851,Rennes,FRA-Ligue 1,0.6,35.1,3.0,0.0,1.4,2.2,0.08,0.1,1.3,1.0,0.11,1.1,0.4,0.3,0.5,7.13,0.0,21.0,0.9,2.0,0.8,2570,31,Midfielder,0.7045454545454545,0.3548387096774194,0.017094017094017092,0.6153846153846154,0.5982905982905983,66.99528323134045,71.78442501110017,59.679253296268406,54.7662529037406,64.84345959304018,True
872396,Pathé Ciss,8370,Rayo Vallecano,ESP-La Liga,4.1,47.8,0.0,0.0,3.6,0.3,0.02,0.16,1.4,0.0,0.1,1.7,0.3,0.7,0.1,6.95,0.0,11.0,0.9,2.5,0.4,1876,27,Midfielder,0.7500000000000001,0.4047619047619047,0.08577405857740586,0.28571428571428575,0.23012552301255232,46.03860929325689,90.942710243689,88.01982587208742,48.73174906533336,64.8352272514937,True
956683,Ryan Gravenberch,8650,Liverpool,ENG-Premier League,0.7,50.2,4.0,0.0,1.6,2.2,0.07,0.06,1.1,3.0,0.15,1.5,0.4,0.4,0.3,7.25,0.0,28.0,1.1,1.7,0.9,2913,35,Midfielder,0.7441860465116278,0.46875,0.01394422310756972,0.8181818181818181,0.5577689243027888,49.22157229911906,93.36016679214686,59.38624093485968,66.60469875098937,64.79862672029854,True
1092731,Joel Chima Fujita,8152,FC St. Pauli,GER-Bundesliga,1.1,30.7,5.0,0.0,0.6,3.9,0.14,0.04,1.2,3.0,0.03,1.1,0.2,0.1,0.6,6.97,0.0,30.0,1.0,2.4,1.5,2581,31,Midfielder,0.7446808510638298,0.31428571428571433,0.035830618892508145,1.25,0.9771986970684039,77.62118491921007,66.38240574506284,49.77558348294434,56.95691202872532,64.69105404219913,True
1338192,Pablo Barrios,9906,Atlético de Madrid,ESP-La Liga,2.4,50.6,3.0,0.0,0.6,2.1,0.11,0.1,0.6,1.0,0.05,1.5,0.3,0.1,0.6,7.18,0.0,20.0,1.2,1.6,1.8,1666,23,Midfielder,0.8378378378378378,0.48387096774193544,0.04743083003952569,3.0,0.3952569169960474,68.03803015385803,91.79079554448755,36.74958012393583,60.47064728480145,64.65245416214415,True
1233655,Alex Scott,8678,Bournemouth,ENG-Premier League,1.7,37.1,4.0,0.0,2.4,2.9,0.1,0.12,1.5,1.0,0.1,1.2,0.4,0.5,0.4,7.16,0.0,26.0,1.4,1.9,0.9,2769,36,Midfielder,0.6739130434782609,0.38709677419354843,0.045822102425876005,0.6,0.7008086253369272,50.619389587073606,80.61041292639138,74.41651705565529,60.99640933572711,64.64839816248582,True
624166,Manuel Locatelli,9885,Juventus,ITA-Serie A,5.5,74.1,5.0,0.0,2.3,4.7,0.15,0.08,1.7,2.0,0.03,1.2,0.4,0.7,0.5,7.57,0.0,45.0,1.3,3.1,0.3,2824,34,Midfielder,0.7166666666666667,0.27906976744186046,0.07422402159244265,0.17647058823529413,0.6072874493927126,61.8850987432675,52.87497667355199,87.82011930271615,71.06934872557157,64.63999920301161,True
1291325,Lucas Pires,8191,Burnley,ENG-Premier League,0.9,29.5,1.0,0.0,2.6,1.3,0.09,0.02,1.0,0.0,0.0,1.2,0.1,0.4,0.4,0.0,0.0,18.0,0.8,1.8,1.1,1226,18,Midfielder,0.75,0.39999999999999997,0.030508474576271188,1.1,0.6101694915254238,57.91741472172352,81.59784560143626,72.84560143626571,44.21005385996409,64.53504834561149,True
530197,Manolis Saliakas,8152,FC St. Pauli,GER-Bundesliga,2.4,31.2,1.0,0.0,2.1,1.4,0.12,0.05,0.3,3.0,0.08,1.1,0.2,0.1,0.6,7.05,0.0,12.0,1.3,2.4,0.4,1110,17,Midfielder,0.9210526315789475,0.31428571428571433,0.07692307692307693,1.3333333333333335,0.38461538461538464,72.82114244898747,62.642033937568776,76.69822976390417,40.447932150601986,64.39340533023888,True
434325,Thomas Partey,9825,Arsenal,ENG-Premier League,1.9,52.4,3.0,0.0,1.4,2.6,0.08,0.07,1.4,2.0,0.13,1.1,0.3,0.3,0.4,7.38,0.0,20.0,0.8,2.9,0.8,2799,35,Midfielder,0.7407407407407407,0.275,0.03625954198473282,0.5714285714285715,0.3816793893129771,66.10752688172043,58.548387096774185,76.29032258064517,57.31182795698925,64.20558813955672,False
859282,Daniel Muñoz,9826,Crystal Palace,ENG-Premier League,1.0,24.4,8.0,0.0,3.6,3.9,0.16,0.09,1.3,2.0,0.16,1.0,0.4,0.0,0.2,7.17,0.0,24.0,1.0,2.8,0.1,2268,27,Midfielder,0.7450980392156863,0.2631578947368421,0.04098360655737705,0.07692307692307693,0.9836065573770493,64.6305154984138,54.35725179050598,95.56208696099817,51.65833349420539,64.1591495016089,True
688273,Vitaly Janelt,9937,Brentford,ENG-Premier League,2.9,45.0,6.0,0.0,2.2,1.9,0.13,0.06,1.3,4.0,0.07,2.0,0.2,0.6,0.4,6.95,0.0,19.0,0.8,1.7,0.3,1284,23,Midfielder,0.74,0.5405405405405405,0.06444444444444444,0.23076923076923075,0.4222222222222222,51.83684999646081,93.42741131123596,62.56314228168054,51.30988462256198,64.1297684701915,True
1292810,Kobbie Mainoo,10260,Manchester United,ENG-Premier League,1.1,51.2,1.0,0.0,1.3,1.2,0.07,0.02,0.7,2.0,0.06,1.0,0.2,0.5,0.5,6.99,0.0,18.0,0.7,2.1,1.0,1473,26,Midfielder,0.8157894736842106,0.3225806451612903,0.021484375,1.4285714285714286,0.3515625,75.252749303424,62.32968475512055,58.16715250027348,52.87510537119618,64.06407452873638,True
812415,Hugo Magnetti,8521,Brest,FRA-Ligue 1,1.6,31.5,2.0,0.0,1.8,1.9,0.06,0.02,1.0,1.0,0.03,1.5,0.2,0.1,0.4,6.9,0.0,17.0,0.7,2.4,0.6,2680,32,Midfielder,0.7959183673469387,0.38461538461538464,0.050793650793650794,0.6,0.5396825396825397,66.51865794096638,70.11975315791845,72.1177519095513,40.8427443485647,63.83487385005828,True
1451196,Niccolò Pisilli,8686,Roma,ITA-Serie A,1.5,48.4,2.0,0.0,1.1,1.1,0.08,0.13,1.2,3.0,0.15,1.6,0.4,0.1,0.7,6.85,0.0,11.0,1.4,1.9,0.5,1194,23,Midfielder,0.7446808510638298,0.4571428571428572,0.030991735537190084,0.4166666666666667,0.2272727272727273,71.2746729471117,80.50558869519894,48.87737044973392,44.234023796194414,63.82049589263078,True
670009,Dimitrios Giannoulis,8406,FC Augsburg,GER-Bundesliga,1.4,22.2,8.0,0.0,3.1,4.1,0.19,0.06,0.8,5.0,0.09,0.9,0.3,0.5,0.6,7.13,0.0,34.0,0.5,1.3,0.9,1901,27,Midfielder,0.7333333333333334,0.40909090909090906,0.06306306306306306,1.125,1.5315315315315317,56.29114624556797,79.65531553444914,61.763222074219925,56.941597009066754,63.74981023360832,True
638090,Luis Milla,8305,Getafe,ESP-La Liga,2.3,29.9,12.0,0.0,1.5,6.2,0.18,0.03,0.8,10.0,0.0,1.2,0.1,0.2,0.6,7.35,0.0,77.0,0.7,1.6,0.6,3093,35,Midfielder,0.7777777777777778,0.4285714285714286,0.07692307692307693,0.7499999999999999,2.5752508361204014,61.72582897370063,74.06816470724503,48.88409490164283,70.03387965483292,63.4136344159621,True
207236,Granit Xhaka,8472,Sunderland,ENG-Premier League,4.3,46.4,9.0,0.0,2.7,3.4,0.11,0.03,0.7,6.0,0.03,1.0,0.2,0.7,0.3,7.25,0.0,34.0,0.7,1.6,0.4,2723,32,Midfielder,0.787878787878788,0.3846153846153846,0.09267241379310345,0.5714285714285715,0.7327586206896552,50.93357271095152,73.60861759425494,67.14542190305207,72.21723518850987,63.34749672366456,True
743533,Federico Valverde,8633,Real Madrid,ESP-La Liga,2.2,55.1,8.0,0.0,1.7,4.7,0.16,0.1,0.6,8.0,0.17,0.8,0.7,0.3,0.4,7.61,0.0,43.0,1.7,1.4,0.7,2656,32,Midfielder,0.7857142857142857,0.36363636363636365,0.039927404718693285,1.1666666666666667,0.7803992740471869,58.71427836013462,73.16779598849443,49.635013481078225,76.8975824147539,63.15399498842621,True
1342754,Diego Moreira,9848,Strasbourg,FRA-Ligue 1,1.5,34.3,11.0,0.0,1.2,3.9,0.18,0.07,0.8,4.0,0.14,0.9,0.4,0.2,0.6,7.12,0.0,33.0,1.1,2.0,1.6,1951,26,Midfielder,0.7837837837837838,0.3103448275862069,0.04373177842565598,2.0,0.9620991253644315,64.1406922646281,67.33875793903593,56.86511843400706,61.390578045468885,63.119093568532655,True
801120,Jens-Lys Cajuste,9902,Ipswich Town,ENG-Premier League,1.1,28.6,0.0,0.0,1.5,0.7,0.03,0.03,1.1,1.0,0.05,1.3,0.0,0.5,0.5,6.59,0.0,13.0,0.5,2.0,1.3,1976,30,Midfielder,0.7499999999999999,0.393939393939394,0.038461538461538464,1.1818181818181817,0.45454545454545453,64.41935483870968,84.94623655913978,63.548387096774185,32.90322580645161,63.111085617364765,False
957203,Éderson,8524,Atalanta,ITA-Serie A,3.2,48.5,3.0,0.0,1.6,1.6,0.07,0.18,1.4,1.0,0.08,1.0,0.5,0.3,0.4,7.14,0.0,25.0,1.5,2.3,0.6,2145,29,Midfielder,0.7021276595744681,0.30303030303030304,0.06597938144329897,0.4285714285714286,0.5154639175257731,58.27655836759908,67.0848374870498,61.961062527750435,68.19630251668242,63.00834475451092,True
881735,Anton Stach,8463,Leeds United,ENG-Premier League,1.6,27.9,9.0,0.0,2.0,4.4,0.17,0.11,1.4,3.0,0.2,0.8,0.5,0.4,0.9,7.32,0.0,62.0,2.1,2.4,0.8,2304,28,Midfielder,0.6956521739130436,0.25,0.057347670250896064,0.5714285714285715,2.2222222222222223,79.1023339317774,40.26032315978456,80.43087971274686,65.39497307001795,62.98623507309462,True
1425769,Alejandro Rego,8315,Athletic Club,ESP-La Liga,1.6,30.3,1.0,0.0,1.2,1.3,0.1,0.03,3.0,1.0,0.07,1.7,0.2,0.4,0.5,6.56,0.0,11.0,0.8,3.0,0.6,1216,27,Midfielder,0.6103896103896104,0.36170212765957444,0.052805280528052806,0.19999999999999998,0.36303630363036304,60.89766606822263,84.47037701974865,69.7935368043088,32.001795332136446,62.68458422208623,True
1033111,Kaishu Sano,9905,1. FSV Mainz 05,GER-Bundesliga,1.5,30.2,6.0,0.0,1.4,3.4,0.1,0.04,0.4,2.0,0.03,2.0,0.2,0.4,0.2,7.31,0.0,24.0,0.7,1.5,0.8,2969,33,Midfielder,0.8974358974358975,0.5714285714285714,0.049668874172185434,2.0,0.794701986754967,52.0170395680907,98.87608347329201,50.75954132159611,50.6957394644891,62.521243161184394,True
602523,Maximilian Eggestein,8358,Sport-Club Freiburg,GER-Bundesliga,1.2,36.3,2.0,0.0,1.8,1.7,0.05,0.12,0.5,1.0,0.09,0.9,0.4,0.5,0.4,6.84,0.0,18.0,1.3,1.9,0.4,2970,33,Midfielder,0.8484848484848485,0.32142857142857145,0.03305785123966942,0.8,0.49586776859504134,61.99398982001634,67.7837622182326,64.88282079496535,51.243927079914805,62.44998837462903,True
402419,Przemyslaw Frankowski,9851,Rennes,FRA-Ligue 1,1.8,39.6,2.0,0.0,2.6,2.5,0.19,0.04,1.0,2.0,0.07,0.6,0.2,0.1,0.6,7.14,0.0,29.0,0.7,3.0,0.3,1215,19,Midfielder,0.782608695652174,0.16666666666666666,0.045454545454545456,0.3,0.7323232323232323,75.86715829166748,40.38384072379555,84.71065552145069,62.01334594570246,62.27898203612978,True
673689,Pepelu,10267,Valencia CF,ESP-La Liga,3.7,49.1,1.0,0.0,2.5,2.1,0.09,0.15,1.3,0.0,0.08,0.9,0.1,0.3,0.2,7.06,0.0,21.0,1.0,2.5,0.3,2126,29,Midfielder,0.7234042553191489,0.2647058823529412,0.07535641547861507,0.23076923076923075,0.4276985743380855,59.108948990688724,53.23507268199455,84.67478105313283,63.363159012374275,62.19626826561687,True
1353457,Arthur,8178,Bayer 04 Leverkusen,GER-Bundesliga,1.1,30.4,2.0,0.0,2.2,1.4,0.12,0.07,1.4,3.0,0.08,1.4,0.2,0.1,0.6,6.8,0.0,12.0,0.8,1.6,1.1,1104,19,Midfielder,0.6818181818181818,0.4666666666666666,0.03618421052631579,0.7857142857142858,0.39473684210526316,58.1508078994614,91.06822262118493,62.07360861759425,33.931777378815084,62.16944090281168,True
1174296,André,8602,Wolverhampton Wanderers,ENG-Premier League,1.9,39.9,1.0,0.0,1.7,1.0,0.03,0.02,1.4,0.0,0.03,1.0,0.0,0.4,0.3,6.77,0.0,18.0,0.5,2.6,0.7,2586,33,Midfielder,0.72,0.2777777777777778,0.047619047619047616,0.5,0.4511278195488722,62.404522435216826,58.267279267453006,76.39627291622428,53.27191238264384,62.16446805631859,True
561869,Haris Belkebla,8121,Angers,FRA-Ligue 1,0.9,34.6,0.0,0.0,1.4,0.6,0.02,0.01,0.7,0.0,0.0,1.0,0.0,0.3,0.2,6.77,0.0,16.0,0.2,2.3,0.6,2790,32,Midfielder,0.825,0.30303030303030304,0.02601156069364162,0.8571428571428572,0.4624277456647399,59.320650180498454,70.16727476303545,74.57256294923522,42.45181881945651,62.110168550952146,True
675088,Rodri,8456,Manchester City,ENG-Premier League,5.4,87.3,2.0,0.0,2.5,2.5,0.16,0.05,0.8,0.0,0.06,0.8,0.1,0.2,0.5,7.47,0.0,23.0,0.8,2.5,0.4,1423,20,Midfielder,0.8048780487804879,0.24242424242424246,0.06185567010309279,0.5,0.2634593356242841,78.50987432675045,39.00359066427289,87.79174147217236,56.82226211849192,62.004525225126415,True
1524548,Mamadou Coulibaly,9829,Monaco,FRA-Ligue 1,2.2,37.1,3.0,0.0,1.3,1.8,0.12,0.1,2.1,3.0,0.2,1.3,0.3,0.1,0.5,6.83,0.0,12.0,0.8,2.3,1.0,1359,24,Midfielder,0.631578947368421,0.36111111111111116,0.05929919137466307,0.47619047619047616,0.32345013477088946,58.1508078994614,79.48833034111311,64.54219030520646,41.51705565529623,61.999508656147334,True
1126058,Malik Tillman,8178,Bayer 04 Leverkusen,GER-Bundesliga,0.7,35.2,7.0,0.0,0.7,2.4,0.14,0.25,0.9,0.0,0.33,0.9,0.7,0.3,0.9,7.08,0.0,24.0,1.8,2.1,0.6,1615,28,Midfielder,0.7692307692307693,0.3,0.019886363636363633,0.6666666666666666,0.6818181818181818,84.00359066427289,54.622980251346505,46.22980251346499,57.899461400359066,61.958722012825675,True
1323827,Jon Gorrotxategi,8560,Real Sociedad,ESP-La Liga,1.5,46.2,2.0,0.0,1.8,0.6,0.02,0.03,1.3,3.0,0.04,1.4,0.0,0.5,0.3,6.78,0.0,18.0,0.5,1.8,0.4,2215,30,Midfielder,0.7111111111111111,0.43749999999999994,0.032467532467532464,0.3076923076923077,0.3896103896103896,46.732495511669654,89.31777378815082,63.599640933572715,55.2064631956912,61.89241501289334,True
845998,Antonio Blanco,9866,Alavés,ESP-La Liga,3.1,46.3,2.0,0.0,1.2,1.9,0.06,0.04,2.1,3.0,0.06,1.6,0.4,0.3,0.3,7.09,0.0,22.0,1.2,2.8,0.7,2936,34,Midfielder,0.676923076923077,0.36363636363636365,0.06695464362850972,0.3333333333333333,0.47516198704103674,47.53973861508465,84.58034915670868,67.79389715771252,54.04577131715604,61.84478675208218,True
1737700,Lennart Karl,9823,Bayern München,GER-Bundesliga,1.8,47.7,5.0,0.0,0.1,4.1,0.3,0.52,0.4,4.0,0.37,1.0,1.5,0.1,1.0,7.1,0.0,21.0,2.9,1.8,1.5,1221,25,Midfielder,0.875,0.35714285714285715,0.03773584905660377,3.75,0.440251572327044,84.85637342908439,70.37701974865351,29.443447037701976,59.87432675044884,61.61020474544282,True
1356312,Mateus Fernandes,8654,West Ham United,ENG-Premier League,3.3,40.0,3.0,0.0,1.0,2.7,0.09,0.06,1.5,3.0,0.09,1.0,0.2,0.3,0.5,7.22,0.0,34.0,0.8,3.1,0.9,2844,34,Midfielder,0.7321428571428571,0.24390243902439027,0.08249999999999999,0.6,0.85,72.47842705739271,48.332207228946665,63.094052238373784,65.86529861070893,61.53755522217135,True
535936,Joelinton,10261,Newcastle United,ENG-Premier League,1.0,32.0,3.0,0.0,1.8,1.3,0.06,0.11,2.2,1.0,0.09,1.4,0.5,0.1,0.5,6.95,0.0,17.0,1.5,2.0,0.7,1953,27,Midfielder,0.6071428571428572,0.4117647058823529,0.03125,0.3181818181818181,0.53125,52.75657484089754,76.83587189436497,70.06557144971462,47.53389574203843,61.53432759979703,True
956659,Himad Abdelli,8592,Marseille,FRA-Ligue 1,1.9,51.8,0.0,0.0,1.0,0.8,0.07,0.18,1.6,0.0,0.17,1.3,0.5,0.3,0.7,6.96,0.0,9.0,1.3,2.0,1.3,1079,21,Midfielder,0.6734693877551019,0.393939393939394,0.03667953667953668,0.8125,0.17374517374517376,64.26278771967078,76.16908939981853,43.88345141342188,56.593695102411154,61.47447643355796,True
1157236,Yehor Yarmoliuk,9937,Brentford,ENG-Premier League,2.1,37.5,1.0,0.0,1.3,1.4,0.05,0.04,1.3,2.0,0.03,1.0,0.1,0.4,0.5,6.77,0.0,14.0,0.6,2.4,0.5,2576,36,Midfielder,0.7234042553191489,0.29411764705882354,0.056,0.3846153846153846,0.37333333333333335,75.32933083659904,50.76842145904519,73.59201559815448,43.57811625258199,61.358105796120256,True
792756,Michel Aebischer,6479,Pisa,ITA-Serie A,2.9,41.0,7.0,0.0,1.0,2.2,0.07,0.02,1.3,1.0,0.03,1.1,0.2,0.2,0.4,6.92,0.0,30.0,0.6,2.0,0.5,2749,33,Midfielder,0.7045454545454545,0.3548387096774194,0.07073170731707316,0.3846153846153846,0.7317073170731707,56.3016157989228,73.5637342908438,50.44883303411131,67.28007181328546,61.296351151724785,True
623716,Josh Cullen,8191,Burnley,ENG-Premier League,2.5,43.1,4.0,0.0,2.1,1.4,0.08,0.05,0.9,2.0,0.12,1.3,0.4,0.7,0.2,6.89,0.0,13.0,0.7,1.8,0.1,1519,18,Midfielder,0.775,0.41935483870967744,0.058004640371229696,0.11111111111111112,0.30162412993039445,48.33931777378815,85.86175942549372,67.45960502692998,47.84560143626571,61.295723768905006,True
671865,Santi Comesaña,10205,Villarreal,ESP-La Liga,1.5,37.7,3.0,0.0,2.0,3.5,0.13,0.16,1.6,6.0,0.11,1.1,0.3,0.6,0.5,6.99,0.0,27.0,1.0,1.7,0.4,2349,33,Midfielder,0.6363636363636362,0.3928571428571429,0.03978779840848806,0.25,0.7161803713527851,55.11155511798356,62.36945232717516,70.64316647683764,62.350469424657184,61.23031629906825,True
1015185,Eduardo Camavinga,8633,Real Madrid,ESP-La Liga,3.4,59.1,2.0,0.0,1.4,2.1,0.12,0.07,1.9,0.0,0.06,0.8,0.1,0.7,0.5,7.08,0.0,15.0,0.8,3.8,0.8,1506,28,Midfielder,0.7076923076923076,0.1739130434782609,0.05752961082910321,0.4210526315789474,0.25380710659898476,71.61679632954319,45.807770763756174,79.60863046401936,53.236874449013214,61.18724110857355,True
847357,Mehdi Léris,6479,Pisa,ITA-Serie A,1.1,18.7,5.0,0.0,1.9,1.9,0.1,0.08,1.4,3.0,0.1,0.9,0.4,0.4,0.5,6.79,0.0,27.0,1.2,2.9,0.7,1766,32,Midfielder,0.7307692307692308,0.2368421052631579,0.05882352941176471,0.5,1.4438502673796791,73.58168761220826,43.357271095152605,84.42549371633753,51.077199281867145,61.096562437601726,True
643448,Kristijan Jakic,8406,FC Augsburg,GER-Bundesliga,2.6,31.5,2.0,0.0,2.9,1.5,0.08,0.08,0.9,1.0,0.11,0.9,0.3,0.4,0.4,6.77,0.0,13.0,1.0,1.9,0.3,1653,26,Midfielder,0.7567567567567568,0.32142857142857145,0.08253968253968254,0.3333333333333333,0.4126984126984127,61.37439431671203,65.90204178812508,73.44439940026898,39.477165820479655,60.82873982952298,True
1057703,Youssouf Ndayishimiye,9831,Nice,FRA-Ligue 1,1.8,54.5,0.0,0.0,5.3,0.4,0.02,0.04,0.9,0.0,0.14,1.0,0.2,0.9,0.3,7.26,0.0,5.0,0.5,1.9,0.3,1934,23,Midfielder,0.7631578947368421,0.3448275862068966,0.03302752293577982,0.3333333333333333,0.09174311926605505,52.07526881720431,69.03225806451613,77.84946236559139,48.70967741935484,60.80370840045238,False
771401,Anthony Caci,9905,1. FSV Mainz 05,GER-Bundesliga,1.5,31.5,6.0,0.0,1.4,7.9,0.26,0.1,1.2,7.0,0.03,0.9,0.4,0.3,0.5,7.25,0.0,50.0,1.1,2.0,1.0,2703,33,Midfielder,0.7073170731707318,0.3103448275862069,0.047619047619047616,0.8333333333333334,1.5873015873015872,58.70967741935484,60.0,61.23655913978494,66.29032258064517,60.68948384504799,False
575364,Alberto Grassi,7801,Cremonese,ITA-Serie A,1.7,38.8,0.0,0.0,3.1,0.8,0.04,0.06,0.8,0.0,0.0,1.7,0.2,0.5,0.4,6.6,0.0,6.0,0.7,1.2,0.5,1593,28,Midfielder,0.7837837837837838,0.5862068965517241,0.043814432989690726,0.625,0.15463917525773196,50.48473967684021,98.3842010771993,58.12387791741472,37.20825852782765,60.596908676068495,True
1079548,Joris Chotard,8521,Brest,FRA-Ligue 1,2.6,31.1,0.0,0.0,2.9,1.4,0.04,0.04,0.9,1.0,0.07,1.5,0.3,0.5,0.2,6.83,0.0,11.0,0.8,2.2,0.1,2761,32,Midfielder,0.8043478260869564,0.4054054054054054,0.08360128617363344,0.11111111111111112,0.35369774919614144,54.440165247775134,77.98922800718132,82.12643900053409,31.17404425911984,60.5546863782717,True
198559,Marten de Roon,8524,Atalanta,ITA-Serie A,3.4,54.8,1.0,0.0,2.2,1.9,0.07,0.03,1.2,2.0,0.04,0.8,0.1,0.2,0.3,7.08,0.0,21.0,0.5,2.7,0.1,2560,32,Midfielder,0.7446808510638298,0.2285714285714286,0.06204379562043796,0.08333333333333334,0.3832116788321168,56.272697438273404,53.461258791657826,82.86905658191927,60.620901784392835,60.54632652375434,True
364104,Stefano Sabelli,10233,Genoa,ITA-Serie A,2.2,28.2,2.0,0.0,2.6,1.7,0.08,0.01,1.1,2.0,0.0,1.0,0.0,0.3,0.3,6.74,0.0,18.0,0.3,2.5,0.2,2059,34,Midfielder,0.7608695652173914,0.2857142857142857,0.07801418439716312,0.18181818181818182,0.6382978723404256,59.55913978494624,57.096774193548384,87.68817204301075,42.365591397849464,60.374787046352274,False
266523,Pierre-Emile Højbjerg,8592,Marseille,FRA-Ligue 1,2.5,66.9,5.0,0.0,1.4,2.7,0.09,0.1,1.2,4.0,0.1,0.9,0.4,0.2,0.6,7.31,0.0,37.0,1.5,1.3,0.6,2633,31,Midfielder,0.6470588235294118,0.40909090909090906,0.03736920777279521,0.5,0.5530642750373692,54.049915381298945,76.41158793588284,45.609898135814625,70.86291770429142,60.367153624127525,True
1296763,Lewis Miley,10261,Newcastle United,ENG-Premier League,1.3,45.5,3.0,0.0,2.0,2.1,0.13,0.08,0.3,4.0,0.06,1.2,0.2,0.2,0.1,7.14,0.0,15.0,0.7,1.7,0.7,1493,23,Midfielder,0.90625,0.41379310344827586,0.028571428571428574,2.3333333333333335,0.32967032967032966,47.657091561938955,83.30341113105925,63.33034111310592,51.61579892280072,60.36472635321248,True
1607493,Dehmaine Tabibou,9830,Nantes,FRA-Ligue 1,1.4,21.3,3.0,0.0,1.4,1.9,0.14,0.14,1.7,0.0,0.07,1.2,0.5,0.0,0.4,6.62,0.0,20.0,2.1,2.2,1.4,1251,27,Midfielder,0.6666666666666666,0.3529411764705882,0.06572769953051642,0.8235294117647058,0.9389671361502347,53.82405745062837,76.16696588868942,65.4398563734291,44.12028725314183,60.28870642691092,True
966019,Felix Nmecha,9789,Borussia Dortmund,GER-Bundesliga,1.6,38.6,3.0,0.0,1.1,4.2,0.18,0.14,1.2,3.0,0.09,1.1,0.3,0.1,0.5,7.22,0.0,20.0,1.3,1.5,1.3,2094,28,Midfielder,0.6842105263157895,0.4230769230769231,0.04145077720207254,1.0833333333333335,0.5181347150259067,54.6478253315573,83.61514899969755,47.523921674613746,53.91404927832796,60.252316238121416,True
1112702,Arkadiusz Pyrka,8152,FC St. Pauli,GER-Bundesliga,1.0,23.5,6.0,0.0,3.0,2.0,0.07,0.04,0.6,1.0,0.0,0.8,0.1,0.4,0.6,6.84,0.0,24.0,0.7,1.3,0.5,2490,30,Midfielder,0.7777777777777778,0.38095238095238093,0.0425531914893617,0.8333333333333334,1.0212765957446808,63.50987432675045,63.37522441651706,60.36804308797128,47.890484739676836,60.223930502957984,True
798659,Joe Aribo,8466,Southampton,ENG-Premier League,0.7,41.2,3.0,0.0,1.2,1.3,0.06,0.12,0.9,0.0,0.13,0.9,0.3,0.5,0.5,6.62,0.0,16.0,0.8,2.1,0.9,2018,32,Midfielder,0.7692307692307693,0.3,0.01699029126213592,1.0,0.3883495145631068,68.74193548387098,57.258064516129025,59.13978494623657,49.247311827956985,60.063680562155966,False
824623,Martin Frese,9876,Verona,ITA-Serie A,1.2,20.6,4.0,0.0,3.3,2.3,0.09,0.07,1.8,0.0,0.08,1.1,0.4,0.4,0.2,6.89,0.0,29.0,0.8,3.0,0.0,2258,29,Midfielder,0.6949152542372882,0.26829268292682934,0.058252427184466014,0.0,1.407766990291262,51.54398563734291,56.32854578096948,96.22980251346499,51.974865350089765,60.04983047483697,True
1188890,Nicolai Remberg,9790,Hamburger SV,GER-Bundesliga,1.8,36.9,5.0,0.0,3.4,1.4,0.04,0.03,1.4,2.0,0.0,1.4,0.3,0.5,0.2,7.04,0.0,13.0,0.5,1.9,0.5,2790,31,Midfielder,0.7021276595744681,0.42424242424242425,0.04878048780487805,0.35714285714285715,0.3523035230352304,42.46858168761221,87.70197486535008,79.7576301615799,43.04308797127469,60.00210522585512,True
598355,Denis Zakaria,9829,Monaco,FRA-Ligue 1,0.8,46.4,1.0,0.0,2.9,0.9,0.04,0.08,1.2,1.0,0.09,1.6,0.1,0.6,0.1,7.04,0.0,6.0,0.8,1.7,0.4,1943,23,Midfielder,0.7333333333333333,0.4848484848484849,0.017241379310344827,0.33333333333333337,0.12931034482758622,43.27267813362676,93.93686093576058,65.42592485344555,46.474778479179946,59.9457236705192,True
1320176,Wesley,8686,Roma,ITA-Serie A,0.9,30.6,9.0,0.0,2.3,3.7,0.14,0.06,1.3,0.0,0.19,0.9,0.5,0.2,0.4,7.21,0.0,33.0,0.9,2.0,0.5,2387,29,Midfielder,0.6904761904761905,0.3103448275862069,0.029411764705882353,0.3846153846153846,1.0784313725490196,54.55116696588869,57.54039497307002,76.1669658886894,58.79712746858169,59.92803187637589,True
880095,James Sands,8152,FC St. Pauli,GER-Bundesliga,0.9,30.8,2.0,0.0,1.9,0.7,0.03,0.05,1.2,0.0,0.05,1.9,0.2,0.3,0.2,6.87,0.0,10.0,0.7,1.9,0.1,1941,24,Midfielder,0.76,0.5,0.02922077922077922,0.08333333333333334,0.3246753246753247,48.87791741472172,97.44165170556553,68.40215439856374,30.56552962298025,59.92548789828677,True
784241,Manu Morlanes,8661,Mallorca,ESP-La Liga,2.0,42.6,2.0,0.0,1.2,1.1,0.06,0.1,1.4,0.0,0.11,0.9,0.2,0.1,0.2,6.69,0.0,16.0,0.6,2.9,0.4,1604,30,Midfielder,0.7307692307692308,0.2368421052631579,0.046948356807511735,0.28571428571428575,0.3755868544600939,63.20551726800642,56.557177145872345,69.40760474379516,48.741369214236535,59.906870674096055,True
1239749,Mandela Keita,10167,Parma,ITA-Serie A,1.3,32.7,0.0,0.0,1.0,0.4,0.01,0.02,0.9,1.0,0.03,1.4,0.1,0.3,0.3,6.96,0.0,11.0,0.5,2.3,0.8,2829,35,Midfielder,0.8043478260869565,0.3783783783783784,0.039755351681957186,0.888888888888889,0.33639143730886845,59.56114103331339,76.69407926487905,59.565291532338506,36.421755049773815,59.68543855401066,True
816325,Boubacar Kamara,10252,Aston Villa,ENG-Premier League,2.0,45.8,0.0,0.0,1.3,0.9,0.05,0.03,1.1,3.0,0.06,1.1,0.3,0.5,0.3,7.25,0.0,15.0,0.4,2.3,0.9,1418,18,Midfielder,0.7555555555555555,0.3235294117647059,0.04366812227074236,0.8181818181818181,0.3275109170305677,54.3234686589062,64.04229648076291,72.5084136084889,49.511978533232956,59.63070094173155,True
660327,Ibrahima Sissoko,9911,VfL Bochum 1848,GER-Bundesliga,1.5,27.2,2.0,0.0,2.0,2.7,0.09,0.06,2.6,1.0,0.07,1.2,0.3,0.4,0.4,6.96,0.0,27.0,0.9,2.3,1.1,2624,32,Midfielder,0.5737704918032788,0.34285714285714286,0.05514705882352941,0.4230769230769231,0.9926470588235294,43.9462365591398,75.48387096774192,79.35483870967741,51.61290322580644,59.59464900548415,False
1107280,Pape Sarr,8586,Tottenham Hotspur,ENG-Premier League,1.3,35.1,2.0,0.0,3.1,1.1,0.07,0.1,1.8,3.0,0.13,1.1,0.4,0.7,0.3,6.8,0.0,8.0,1.1,2.2,0.8,1352,24,Midfielder,0.6470588235294118,0.3333333333333333,0.037037037037037035,0.4444444444444445,0.22792022792022792,50.47910272002471,74.58729882949493,77.55767263180248,39.378583425030406,59.58027455359176,True
1345875,Farès Chaïbi,9810,Eintracht Frankfurt,GER-Bundesliga,1.4,31.4,11.0,0.0,1.5,3.9,0.2,0.14,0.6,9.0,0.1,0.7,0.4,0.1,0.6,7.09,0.0,39.0,1.7,1.5,0.6,1752,27,Midfielder,0.7857142857142857,0.3181818181818181,0.044585987261146494,1.0,1.2420382165605095,67.54177847274507,58.045629749747434,50.34992889455159,58.283816914731375,59.526890989347095,True
844943,Flynn Downes,8466,Southampton,ENG-Premier League,0.8,41.9,2.0,0.0,2.1,1.4,0.06,0.03,2.1,0.0,0.04,1.3,0.1,0.4,0.4,6.53,0.0,15.0,0.4,2.0,0.3,2154,27,Midfielder,0.611111111111111,0.393939393939394,0.01909307875894988,0.14285714285714285,0.35799522673031026,42.333333333333336,84.94623655913978,73.27956989247312,48.655913978494624,59.44961323876194,False
650616,Mathias Jensen,9937,Brentford,ENG-Premier League,4.0,36.8,11.0,0.0,1.5,5.8,0.25,0.1,0.8,1.0,0.13,0.9,0.3,0.2,0.4,6.79,0.0,29.0,1.2,1.7,0.8,2106,34,Midfielder,0.7647058823529411,0.34615384615384615,0.10869565217391305,1.0,0.7880434782608696,57.16337522441651,63.8689407540395,54.263913824057454,63.64452423698384,59.435311880250964,True
1120224,Tyrick Mitchell,9826,Crystal Palace,ENG-Premier League,1.0,22.4,4.0,0.0,2.7,2.4,0.07,0.04,0.7,2.0,0.03,1.0,0.2,0.3,0.2,7.06,0.0,29.0,0.5,2.8,0.4,3118,36,Midfielder,0.8444444444444444,0.2631578947368421,0.044642857142857144,0.5714285714285715,1.2946428571428572,63.58818684323984,43.56872132455616,91.49012567324955,53.15045398093988,59.43401786066868,True
952057,Charles Vanhoutte,9831,Nice,FRA-Ligue 1,2.6,42.1,2.0,0.0,2.3,0.9,0.05,0.01,1.8,2.0,0.0,1.0,0.1,0.5,0.4,6.87,0.0,15.0,0.2,2.3,0.4,1733,25,Midfielder,0.6470588235294118,0.30303030303030304,0.06175771971496437,0.22222222222222224,0.3562945368171021,52.80071813285458,60.00897666068222,81.86714542190305,49.730700179533216,59.36143924654836,True
759817,Miro Muheim,9790,Hamburger SV,GER-Bundesliga,2.8,30.9,6.0,0.0,2.2,4.2,0.16,0.04,1.4,4.0,0.0,1.0,0.3,0.2,0.2,7.2,0.0,41.0,0.9,2.3,0.8,2410,28,Midfielder,0.7021276595744681,0.30303030303030304,0.09061488673139158,0.5714285714285715,1.3268608414239482,47.666068222621185,60.00897666068222,80.475763016158,64.22800718132855,59.31025885941683,True
201704,Remo Freuler,9857,Bologna,ITA-Serie A,2.4,48.3,0.0,0.0,1.4,1.0,0.05,0.04,0.8,2.0,0.04,0.8,0.0,0.2,0.3,6.91,0.0,20.0,0.3,2.4,0.1,2061,27,Midfielder,0.8,0.25,0.04968944099378882,0.125,0.4140786749482402,61.33284428228541,50.460287124444186,68.27265239409793,62.608379503613186,59.28184706596267,True
1180321,Devyne Rensch,8686,Roma,ITA-Serie A,0.6,32.7,3.0,0.0,2.7,2.2,0.19,0.02,0.3,4.0,0.09,1.1,0.2,0.4,0.0,0.0,0.0,9.0,0.4,2.5,0.3,1037,22,Midfielder,0.9230769230769231,0.3055555555555556,0.018348623853211007,1.0,0.2752293577981651,56.867145421903054,64.04847396768402,89.36265709156194,31.68761220825853,59.09065143394555,True
921341,Alexis Saelemaekers,8564,Milan,ITA-Serie A,0.8,36.1,5.0,0.0,0.7,4.7,0.16,0.1,0.8,3.0,0.07,0.9,0.3,0.1,0.7,7.36,0.0,49.0,1.4,2.4,1.6,2707,34,Midfielder,0.8048780487804879,0.27272727272727276,0.0221606648199446,2.0,1.3573407202216066,80.53207467037316,43.04611236591314,48.449032515459805,69.42523632104916,58.95951711667643,True
184533,Koke,9906,Atlético de Madrid,ESP-La Liga,4.2,71.5,3.0,0.0,1.1,4.1,0.18,0.02,0.9,2.0,0.09,0.8,0.2,0.1,0.6,7.02,0.0,31.0,0.5,2.2,0.1,2040,32,Midfielder,0.7692307692307693,0.26666666666666666,0.058741258741258746,0.11111111111111112,0.43356643356643354,69.14562781928277,47.6318024748557,58.72428460197036,62.27736916275747,58.91146787594275,True
864006,Mattéo Tramoni,6479,Pisa,ITA-Serie A,0.8,14.7,4.0,0.0,0.6,2.3,0.13,0.18,0.8,2.0,0.11,0.9,0.5,0.1,1.0,6.61,0.0,28.0,1.6,1.8,0.4,1609,27,Midfielder,0.7714285714285715,0.3333333333333333,0.054421768707483,0.5,1.9047619047619049,80.19748653500898,61.57989228007182,35.81687612208259,50.89766606822262,58.8993041135411,True
638622,Frenkie de Jong,8634,Barcelona,ESP-La Liga,2.5,78.1,9.0,0.0,0.8,3.7,0.21,0.07,0.6,5.0,0.06,1.0,0.1,0.2,0.3,7.36,0.0,35.0,0.4,2.5,0.3,1603,24,Midfielder,0.853658536585366,0.2857142857142857,0.03201024327784891,0.5,0.44814340588988477,62.59845048036396,62.91622426851476,45.17348442436761,63.78435422739587,58.89926730041856,True
369742,Jackson Irvine,8152,FC St. Pauli,GER-Bundesliga,1.2,27.7,3.0,0.0,2.8,1.3,0.08,0.07,1.1,1.0,0.0,1.4,0.2,0.4,0.2,6.77,0.0,11.0,1.1,1.8,0.6,1535,23,Midfielder,0.7441860465116278,0.43749999999999994,0.04332129963898917,0.5454545454545454,0.39711191335740076,44.810325411993325,86.7494836007027,73.36804952285348,38.22056202261218,58.87194155068008,True
1561552,Ayyoub Bouaddi,8639,Lille,FRA-Ligue 1,1.3,33.1,2.0,0.0,1.1,1.4,0.06,0.07,1.5,1.0,0.0,1.0,0.2,0.3,0.6,7.03,0.0,19.0,0.6,2.3,1.2,2239,29,Midfielder,0.6875,0.30303030303030304,0.03927492447129909,0.7999999999999999,0.5740181268882175,72.70583579467579,50.77659375945123,61.426549037019875,44.79038371202615,58.69447940534346,True
1520063,Johan Manzambi,8358,Sport-Club Freiburg,GER-Bundesliga,1.4,34.5,5.0,0.0,1.6,4.8,0.21,0.17,1.0,3.0,0.22,1.2,0.5,0.1,0.4,7.03,0.0,18.0,2.2,1.5,1.3,2022,26,Midfielder,0.7297297297297297,0.4444444444444444,0.04057971014492753,1.3,0.5217391304347826,49.40754039497307,86.17594254937163,49.910233393177734,50.40394973070018,58.6747233125834,True
574642,Ellyes Skhiri,9810,Eintracht Frankfurt,GER-Bundesliga,2.1,50.5,0.0,0.0,2.1,0.7,0.04,0.04,0.7,0.0,0.0,1.7,0.0,0.4,0.2,6.46,0.0,6.0,0.5,1.3,0.3,1352,24,Midfielder,0.8108108108108107,0.5666666666666667,0.041584158415841586,0.4285714285714286,0.1188118811881188,43.48388383750635,94.26906172982505,54.05339665257427,50.71330669292098,58.62172003997609,True
837089,Edu Expósito,8558,Espanyol,ESP-La Liga,2.3,27.5,11.0,0.0,1.2,6.7,0.25,0.08,1.0,6.0,0.04,0.8,0.5,0.1,0.5,7.14,0.0,78.0,1.6,1.8,1.2,2388,34,Midfielder,0.7222222222222222,0.3076923076923077,0.08363636363636363,1.2,2.8363636363636364,55.75637535954905,62.576333790209965,56.27816065326923,60.93855974466387,58.60409018222078,True
1180481,Johann Lepenant,9830,Nantes,FRA-Ligue 1,1.8,27.3,4.0,0.0,0.9,1.9,0.08,0.04,1.2,1.0,0.0,1.1,0.3,0.1,0.6,6.94,0.0,33.0,0.9,3.3,0.4,2175,27,Midfielder,0.7857142857142857,0.25,0.06593406593406594,0.33333333333333337,1.2087912087912087,73.18753820711312,47.83572389207416,64.11922549757726,45.14533181470113,58.35368474926913,True
1255855,Yassine Kechta,9746,Le Havre,FRA-Ligue 1,0.9,22.7,5.0,0.0,1.3,2.0,0.14,0.12,2.4,1.0,0.14,1.1,0.6,0.2,0.7,6.48,0.0,15.0,1.4,2.1,0.5,1259,29,Midfielder,0.5714285714285715,0.34375,0.039647577092511016,0.20833333333333334,0.6607929515418502,58.74171669787584,69.02215529944723,63.25675823504051,36.86659845691525,58.350451872971576,True
625175,Grischa Prömel,8226,TSG 1899 Hoffenheim,GER-Bundesliga,1.4,39.0,3.0,0.0,2.4,3.0,0.15,0.27,1.2,2.0,0.37,0.8,0.7,0.3,0.6,6.98,0.0,16.0,2.2,1.8,0.3,1721,32,Midfielder,0.6842105263157895,0.3076923076923077,0.035897435897435895,0.25,0.41025641025641024,62.217235188509875,51.39138240574506,71.0951526032316,49.461400359066424,58.29667662348119,True
883823,Elisha Owusu,8583,Auxerre,FRA-Ligue 1,1.2,27.6,0.0,0.0,1.8,0.6,0.02,0.01,1.8,0.0,0.0,1.0,0.0,0.3,0.4,6.89,0.0,12.0,0.3,2.7,0.4,2259,28,Midfielder,0.6727272727272727,0.27027027027027023,0.043478260869565216,0.22222222222222224,0.43478260869565216,57.03599673107984,64.23373422649499,78.60395230465306,33.91646235915652,58.295035658797815,True
1206287,Freddie Potts,8654,West Ham United,ENG-Premier League,2.1,34.3,2.0,0.0,2.4,1.1,0.08,0.02,1.2,1.0,0.0,1.3,0.1,0.2,0.0,6.61,0.0,8.0,0.2,2.2,0.2,1167,22,Midfielder,0.7446808510638298,0.37142857142857144,0.06122448979591837,0.16666666666666669,0.23323615160349856,45.77199281867146,80.56552962298025,81.28366247755835,33.75224416517056,58.11667619493022,True
488415,Hassane Kamara,8600,Udinese,ITA-Serie A,1.5,28.4,6.0,0.0,2.8,1.9,0.1,0.03,0.8,2.0,0.0,1.2,0.3,0.2,0.2,6.93,0.0,22.0,0.8,1.6,0.9,1790,25,Midfielder,0.7777777777777778,0.4285714285714286,0.05281690140845071,1.125,0.7746478873239437,41.881334337174955,85.50185646351743,65.52286635393139,49.03097108807423,58.09636947426121,True
282462,Íñigo Ruíz de Galarreta,8315,Athletic Club,ESP-La Liga,2.5,40.6,6.0,0.0,0.9,3.0,0.13,0.03,2.1,2.0,0.04,0.8,0.1,0.2,0.9,6.96,0.0,27.0,0.9,2.6,1.3,2081,32,Midfielder,0.6181818181818183,0.23529411764705882,0.06157635467980296,0.6190476190476191,0.6650246305418719,68.63013584036345,46.62226597942125,55.51192705417527,64.65351376743048,58.052950113257765,True
465960,Youri Tielemans,10252,Aston Villa,ENG-Premier League,2.9,45.9,5.0,0.0,0.9,3.0,0.15,0.06,1.2,4.0,0.0,0.9,0.3,0.7,0.4,7.15,0.0,30.0,1.1,2.7,0.4,1845,24,Midfielder,0.75,0.25,0.06318082788671024,0.33333333333333337,0.6535947712418301,66.28394561237556,41.4343030700823,63.44012020359967,73.97749721691345,58.01478396959297,True
1174672,João Gomes,8602,Wolverhampton Wanderers,ENG-Premier League,1.2,39.9,2.0,0.0,1.3,2.1,0.07,0.04,2.2,1.0,0.03,1.1,0.2,0.2,0.4,6.96,0.0,16.0,0.6,3.5,1.4,2743,34,Midfielder,0.676470588235294,0.23913043478260873,0.03007518796992481,0.6363636363636362,0.4010025062656642,65.0934602292105,45.79046093061266,72.68736768273457,52.66416993236938,58.00823543694744,True
1077894,Jude Bellingham,8633,Real Madrid,ESP-La Liga,3.2,49.8,4.0,0.0,0.9,2.1,0.11,0.36,1.5,4.0,0.26,0.7,1.2,0.1,1.0,7.52,0.0,36.0,2.5,2.4,1.8,1756,26,Midfielder,0.6739130434782609,0.22580645161290325,0.06425702811244981,1.2,0.7228915662650602,71.00273482493904,42.67253527924171,53.47721729953733,74.33563058628211,57.983459763403985,True
276739,Kevin Stöger,9788,Borussia Mönchengladbach,GER-Bundesliga,2.4,44.7,6.0,0.0,1.2,2.8,0.2,0.17,1.6,1.0,0.07,1.0,0.5,0.1,0.3,6.66,0.0,25.0,1.6,2.6,0.2,1257,28,Midfielder,0.6923076923076923,0.2777777777777778,0.05369127516778523,0.125,0.5592841163310962,52.40075802912427,54.77265561153903,65.88032406066806,69.24004041106028,57.96182228278908,True
1002673,Jan Schöppner,94937,1. FC Heidenheim 1846,GER-Bundesliga,1.0,18.5,5.0,0.0,3.9,1.3,0.05,0.08,0.8,3.0,0.12,1.3,0.3,0.5,0.2,6.61,0.0,13.0,1.0,1.2,0.5,2170,30,Midfielder,0.7575757575757576,0.52,0.05405405405405406,0.625,0.7027027027027027,42.93929975611797,91.74134347470768,65.20263444077656,39.689484758981486,57.93261224429505,True
978680,Han-Noah Massengo,8406,FC Augsburg,GER-Bundesliga,1.1,35.0,3.0,0.0,1.6,1.6,0.06,0.05,0.9,1.0,0.08,1.4,0.2,0.3,0.6,6.91,0.0,16.0,0.8,1.5,1.0,2400,32,Midfielder,0.7631578947368421,0.48275862068965514,0.03142857142857143,1.1111111111111112,0.45714285714285713,52.592807088666255,93.33632555356075,44.420442333803074,39.70412411600805,57.90037168769242,True
524434,João Palhinha,8586,Tottenham Hotspur,ENG-Premier League,1.6,33.9,1.0,0.0,2.3,0.6,0.03,0.1,1.1,2.0,0.18,1.2,0.4,0.5,0.2,6.91,0.0,6.0,1.2,4.6,0.4,2039,31,Midfielder,0.8405797101449275,0.20689655172413793,0.04719764011799411,0.36363636363636365,0.17699115044247787,65.60143626570915,50.35906642728905,92.54937163375224,30.43087971274686,57.851529285240524,True
1185609,Robin Fellhauer,8406,FC Augsburg,GER-Bundesliga,1.1,21.7,3.0,0.0,2.2,2.4,0.08,0.09,0.8,2.0,0.1,0.8,0.3,0.3,0.4,7.04,0.0,29.0,1.0,1.9,0.4,2720,33,Midfielder,0.7714285714285715,0.2962962962962963,0.05069124423963134,0.5,1.336405529953917,61.90305206463195,48.60861759425494,71.8132854578097,52.24416517055655,57.817569489704276,True
1189223,Patrizio Masini,10233,Genoa,ITA-Serie A,1.3,26.7,1.0,0.0,3.0,0.9,0.06,0.11,2.5,1.0,0.0,1.7,0.3,0.5,0.4,6.77,0.0,9.0,1.1,4.3,0.1,1317,27,Midfielder,0.7058823529411765,0.2833333333333333,0.04868913857677903,0.04,0.33707865168539325,61.13070532743898,59.927157133388675,95.03310746896778,24.349401234210408,57.813082263898956,True
825806,Lars Ritzka,8152,FC St. Pauli,GER-Bundesliga,1.4,25.7,2.0,0.0,3.2,0.6,0.06,0.04,1.0,0.0,0.0,1.5,0.1,0.5,0.0,6.46,0.0,6.0,0.4,3.7,0.0,970,21,Midfielder,0.8387096774193549,0.28846153846153844,0.054474708171206226,0.0,0.23346303501945526,67.09001756722843,60.61887479649685,98.45636828117863,18.08752083293115,57.72557229798386,True
523193,Josh Laurent,8191,Burnley,ENG-Premier League,0.8,25.9,0.0,0.0,2.0,0.5,0.03,0.04,1.5,0.0,0.05,1.4,0.2,0.4,0.1,6.32,0.0,12.0,0.7,2.3,0.5,1740,32,Midfielder,0.7115384615384616,0.3783783783783784,0.030888030888030892,0.3333333333333333,0.46332046332046334,45.421903052064636,82.9443447037702,78.4560143626571,32.36086175942549,57.69087929547255,True
641595,Nikola Moro,9857,Bologna,ITA-Serie A,7.5,56.8,2.0,0.0,1.6,2.2,0.11,0.05,0.8,0.0,0.1,0.8,0.2,0.3,0.4,7.01,0.0,26.0,1.1,1.5,0.6,1752,28,Midfielder,0.7419354838709677,0.3478260869565218,0.13204225352112678,0.7499999999999999,0.45774647887323944,56.83973925857288,57.638945194108224,55.925818677889104,62.33064998745198,57.6860434492635,True
684983,Atakan Karazor,10269,VfB Stuttgart,GER-Bundesliga,0.9,44.3,3.0,0.0,2.5,1.7,0.08,0.03,1.0,1.0,0.0,0.8,0.1,0.4,0.3,6.89,0.0,12.0,0.3,2.0,0.4,1890,28,Midfielder,0.7368421052631579,0.28571428571428575,0.02031602708803612,0.4,0.2708803611738149,54.64274820949402,55.71266320470004,74.69328133948508,49.374979890993096,57.624200132879665,True
179410,Idrissa Gana Gueye,8668,Everton,ENG-Premier League,0.9,39.8,2.0,0.0,1.0,1.8,0.08,0.09,0.9,3.0,0.09,1.2,0.3,0.3,0.2,7.03,0.0,13.0,1.2,1.8,0.3,2101,25,Midfielder,0.7692307692307693,0.39999999999999997,0.022613065326633167,0.3333333333333333,0.32663316582914576,52.2042238566823,75.92186122533026,52.7230169301751,46.77448311808652,57.57161723394971,True
1047671,Vini Souza,8721,VfL Wolfsburg,GER-Bundesliga,1.2,28.5,0.0,0.0,3.6,0.6,0.03,0.03,2.1,0.0,0.0,1.3,0.1,0.5,0.3,6.88,0.0,7.0,0.4,2.9,0.4,1679,23,Midfielder,0.6666666666666666,0.30952380952380953,0.042105263157894736,0.19047619047619047,0.24561403508771928,52.60323159784561,70.42190305206464,96.14003590664274,23.877917414721722,57.53697150715176,True
1339269,Hugo Larsson,9810,Eintracht Frankfurt,GER-Bundesliga,2.3,44.2,1.0,0.0,1.9,1.4,0.07,0.07,0.3,2.0,0.1,1.5,0.3,0.2,0.1,6.93,0.0,19.0,0.6,0.9,0.2,1820,25,Midfielder,0.888888888888889,0.625,0.05203619909502262,0.6666666666666667,0.42986425339366513,45.49529931854597,90.2287922369581,45.15771896295439,55.81352998333366,57.524009650479485,True
1113724,Tyler Morton,9748,Lyon,FRA-Ligue 1,3.6,47.5,3.0,0.0,1.5,3.8,0.13,0.06,1.0,2.0,0.07,0.8,0.3,0.5,0.5,7.13,0.0,28.0,1.0,1.7,0.5,2524,29,Midfielder,0.7142857142857143,0.32,0.07578947368421053,0.5,0.5894736842105263,58.50089766606822,54.21903052064632,54.263913824057454,67.14542190305205,57.5051967659036,True
1359649,Noah Sadiki,8472,Sunderland,ENG-Premier League,1.2,29.3,0.0,0.0,1.4,1.4,0.05,0.05,1.0,1.0,0.0,1.1,0.2,0.4,0.5,6.82,0.0,17.0,0.6,1.5,0.9,2727,31,Midfielder,0.7222222222222222,0.4230769230769231,0.040955631399317405,0.9,0.5802047781569966,55.377019748653495,80.87971274685816,45.73608617594255,42.86355475763016,57.462201416842504,True
867414,Sandro Tonali,10261,Newcastle United,ENG-Premier League,2.6,46.3,6.0,0.0,1.3,2.9,0.1,0.06,0.9,2.0,0.0,1.1,0.3,0.3,0.5,7.04,0.0,31.0,1.3,1.2,0.7,2490,34,Midfielder,0.71875,0.47826086956521746,0.05615550755939525,0.7777777777777777,0.6695464362850972,48.23800055339987,85.35896990405588,37.64647400629332,68.25569647947594,57.388741442728374,True
683450,Pablo Fornals,8603,Real Betis,ESP-La Liga,2.9,48.2,10.0,0.0,0.6,5.9,0.19,0.12,1.0,6.0,0.26,1.1,0.5,0.1,0.9,7.43,0.0,82.0,1.4,1.3,0.8,2785,36,Midfielder,0.7058823529411765,0.4583333333333333,0.060165975103734434,0.8,1.7012448132780082,64.26074142712818,85.20823278829882,19.606989569055937,83.189899808884,57.33479280593178,True
413525,Laurent Abergel,8689,Lorient,FRA-Ligue 1,3.9,56.3,2.0,0.0,1.7,0.9,0.04,0.03,1.0,0.0,0.04,1.1,0.2,0.2,0.4,6.91,0.0,15.0,0.9,1.4,0.3,2258,27,Midfielder,0.7142857142857143,0.44000000000000006,0.06927175843694494,0.3,0.2664298401420959,46.3375224416517,82.98922800718132,49.50628366247756,53.94973070017953,57.21546844674983,True
1327150,Arijon Ibrahimovic,94937,1. FC Heidenheim 1846,GER-Bundesliga,1.7,24.2,11.0,0.0,0.9,6.3,0.27,0.25,0.5,4.0,0.09,1.0,0.8,0.2,0.5,6.94,0.0,55.0,1.9,1.4,0.9,2116,31,Midfielder,0.8275862068965517,0.4166666666666667,0.07024793388429752,1.8,2.272727272727273,62.567324955116696,77.24416517055656,29.30879712746858,59.964093357271096,56.90686361250081,True
785511,Fran Beltrán,7732,Girona,ESP-La Liga,2.6,56.1,2.0,0.0,1.4,1.0,0.06,0.04,1.2,0.0,0.06,0.9,0.2,0.4,0.5,6.79,0.0,12.0,0.9,1.9,0.4,1478,25,Midfielder,0.7,0.32142857142857145,0.04634581105169341,0.33333333333333337,0.21390374331550802,54.264853316860034,63.01673712862686,56.987542068042444,51.620914654157254,56.885048793161694,True
115067,Nemanja Matic,7943,Sassuolo,ITA-Serie A,3.6,49.6,1.0,0.0,1.6,1.4,0.05,0.01,0.8,1.0,0.03,0.9,0.1,0.3,0.4,6.93,0.0,20.0,0.4,1.5,0.4,2581,32,Midfielder,0.7499999999999999,0.375,0.07258064516129033,0.5,0.4032258064516129,51.93895870736086,67.99820466786355,49.910233393177734,58.348294434470375,56.847845834716416,True
574645,Mikel Merino,9825,Arsenal,ENG-Premier League,0.6,24.2,4.0,0.0,1.7,1.5,0.13,0.27,1.9,3.0,0.36,0.9,0.7,0.2,0.7,6.97,0.0,12.0,1.9,2.3,0.5,999,21,Midfielder,0.6274509803921569,0.28125000000000006,0.024793388429752067,0.2631578947368421,0.49586776859504134,68.4368062392618,49.78591146889056,72.61487873464476,34.6198593334749,56.83125724199315,True
1347574,Nico Paz,10171,Como,ITA-Serie A,0.9,36.0,13.0,0.0,0.4,4.5,0.14,0.27,1.7,6.0,0.37,0.9,1.5,0.1,0.8,7.67,0.0,51.0,3.8,2.8,2.2,2882,35,Midfielder,0.6851851851851852,0.24324324324324326,0.025,1.2941176470588236,1.4166666666666667,71.68621583881908,45.2262182840743,44.02106136947163,72.74753383139323,56.75764991658548,True
693599,Exequiel Palacios,8178,Bayer 04 Leverkusen,GER-Bundesliga,1.8,88.6,1.0,0.0,1.8,1.2,0.11,0.04,0.4,1.0,0.0,0.5,0.2,0.3,0.6,7.16,0.0,11.0,0.7,1.9,0.3,1007,17,Midfielder,0.8571428571428572,0.20833333333333334,0.02031602708803612,0.7499999999999999,0.12415349887133184,78.89886295631358,37.993764599139006,58.86131541862127,55.48068570104824,56.68598852330779,True
616531,Javi Muñoz,8306,Las Palmas,ESP-La Liga,2.0,29.8,4.0,0.0,1.1,2.3,0.08,0.04,1.0,3.0,0.03,1.1,0.2,0.1,0.4,6.81,0.0,29.0,0.9,1.6,0.7,2590,35,Midfielder,0.7297297297297297,0.40740740740740744,0.06711409395973154,0.7,0.9731543624161073,49.333333333333336,81.23655913978494,43.064516129032256,54.24731182795699,56.55946137469214,False
157723,Christian Eriksen,8721,VfL Wolfsburg,GER-Bundesliga,1.9,33.5,13.0,0.0,1.6,7.0,0.27,0.18,0.5,8.0,0.12,0.7,0.5,0.3,0.6,7.02,0.0,57.0,1.4,1.4,0.3,2330,30,Midfielder,0.8076923076923077,0.33333333333333337,0.05671641791044776,0.6,1.7014925373134329,69.05771445853684,48.36695559287787,42.04571340321615,71.61689285277633,56.504828649714476,True
556029,Marius Wolf,8406,FC Augsburg,GER-Bundesliga,1.2,18.7,6.0,0.0,2.4,1.8,0.17,0.1,0.8,1.0,0.09,0.9,0.5,0.0,0.4,6.46,0.0,19.0,1.3,1.5,0.5,952,28,Midfielder,0.7499999999999999,0.375,0.06417112299465241,0.625,1.0160427807486632,48.446761002039864,72.51851637355777,57.05684574943856,48.31312780319556,56.47401430964196,True
1061249,Vitinha,9847,Paris Saint-Germain,FRA-Ligue 1,7.5,109.8,8.0,0.0,1.0,3.7,0.16,0.04,0.6,7.0,0.04,1.1,0.4,0.2,0.7,7.6,0.0,34.0,1.4,1.1,0.5,2053,28,Midfielder,0.7857142857142857,0.5,0.06830601092896176,0.8333333333333334,0.3096539162112933,66.48508716047952,68.97456934550813,30.304016009986942,59.282896726575416,56.467639564233146,True
500520,Nabil Bentaleb,8639,Lille,FRA-Ligue 1,3.6,56.4,4.0,0.0,2.8,2.1,0.15,0.09,1.0,2.0,0.15,1.1,0.4,0.4,0.4,6.86,0.0,11.0,1.2,1.2,0.4,1233,25,Midfielder,0.6969696969696969,0.47826086956521746,0.06382978723404256,0.4,0.1950354609929078,41.166965888689404,85.45780969479353,56.59784560143626,51.3016157989228,56.45433092868065,True
921921,Kristian Thorstvedt,7943,Sassuolo,ITA-Serie A,0.7,31.7,3.0,0.0,1.6,1.8,0.07,0.25,1.2,4.0,0.16,1.2,0.5,0.5,0.2,7.11,0.0,30.0,1.7,1.7,0.6,2278,30,Midfielder,0.7073170731707318,0.41379310344827586,0.022082018927444793,0.5,0.9463722397476341,39.452423698384194,83.30341113105925,56.283662477558345,58.572710951526034,56.24130578615721,True
956622,Óscar Valentín,8370,Rayo Vallecano,ESP-La Liga,1.0,33.7,1.0,0.0,2.4,1.3,0.06,0.05,1.3,0.0,0.05,1.2,0.2,0.6,0.1,6.78,0.0,10.0,0.6,2.9,0.2,1962,31,Midfielder,0.7592592592592593,0.29268292682926833,0.029673590504451036,0.15384615384615385,0.29673590504451036,48.58298102353237,60.92511084084606,89.86313005540433,35.86619949421826,56.18591611346768,True
909907,Cameron Puertas,8697,SV Werder Bremen,GER-Bundesliga,1.7,36.4,5.0,0.0,1.1,2.3,0.12,0.09,1.8,2.0,0.05,0.9,0.4,0.4,0.4,6.92,0.0,27.0,1.9,2.9,0.7,1783,27,Midfielder,0.6785714285714286,0.2368421052631579,0.046703296703296704,0.38888888888888884,0.7417582417582418,61.14901256732496,43.357271095152605,66.38240574506284,61.57989228007182,56.12822717921085,True
304348,Rani Khedira,8149,1. FC Union Berlin,GER-Bundesliga,0.7,13.9,4.0,0.0,2.1,1.4,0.04,0.06,1.7,1.0,0.16,1.2,0.3,0.2,0.3,6.85,0.0,16.0,0.7,1.9,0.1,2835,32,Midfielder,0.6458333333333333,0.38709677419354843,0.05035971223021582,0.05882352941176471,1.1510791366906474,41.09034574622112,83.68651184340071,71.41670366723937,37.899976190935824,56.12564811472587,True
836726,András Schäfer,8149,1. FC Union Berlin,GER-Bundesliga,0.5,23.0,0.0,0.0,1.2,0.8,0.06,0.13,2.1,0.0,0.07,1.6,0.6,0.5,0.3,6.52,0.0,4.0,1.7,2.5,0.6,1330,27,Midfielder,0.6612903225806451,0.39024390243902446,0.021739130434782608,0.2857142857142857,0.17391304347826086,57.284434663423475,81.4659305161419,73.53120596127488,17.45960502692998,56.002205089480576,True
1185902,Jens Castrop,9788,Borussia Mönchengladbach,GER-Bundesliga,1.0,21.2,0.0,0.0,1.7,1.7,0.1,0.21,1.8,1.0,0.17,1.0,0.7,0.1,0.3,6.87,0.0,18.0,1.7,3.3,1.4,1592,26,Midfielder,0.7049180327868853,0.23255813953488372,0.04716981132075472,0.7777777777777777,0.8490566037735849,58.68940754039497,47.441651705565526,82.98922800718134,41.337522441651714,55.988631915309824,True
362120,Danilo Cataldi,8543,Lazio,ITA-Serie A,2.1,42.2,2.0,0.0,2.0,1.4,0.06,0.13,1.0,3.0,0.14,0.9,0.3,0.4,0.3,7.02,0.0,23.0,1.2,1.5,0.3,1992,27,Midfielder,0.7058823529411765,0.375,0.04976303317535545,0.3,0.5450236966824644,44.8033821740893,73.46833716208825,54.010701209114366,57.27173864082419,55.97264902570359,True
730901,Yangel Herrera,7732,Girona,ESP-La Liga,1.4,34.1,5.0,0.0,1.9,1.3,0.05,0.14,2.9,3.0,0.16,1.2,0.6,0.3,0.3,6.99,0.0,17.0,1.6,2.6,0.8,2263,29,Midfielder,0.5671641791044777,0.3157894736842105,0.04105571847507331,0.27586206896551724,0.49853372434017595,40.01075268817205,71.61290322580645,82.36559139784947,44.623655913978496,55.9555505489357,False
1457626,Ibrahim Maza,8178,Bayer 04 Leverkusen,GER-Bundesliga,1.2,36.6,9.0,0.0,0.7,4.2,0.22,0.21,1.0,4.0,0.15,0.8,0.8,0.1,0.6,7.22,0.0,27.0,2.4,2.0,2.3,1762,27,Midfielder,0.7368421052631579,0.28571428571428575,0.032786885245901634,2.3,0.7377049180327868,71.72351885098743,46.49910233393178,44.16517055655296,61.849192100538595,55.90247211959941,True
571615,Unai López,8370,Rayo Vallecano,ESP-La Liga,4.3,50.9,3.0,0.0,1.3,1.4,0.08,0.05,2.0,4.0,0.0,1.2,0.2,0.2,0.4,6.9,0.0,33.0,1.3,1.6,0.7,1536,27,Midfielder,0.5833333333333334,0.4285714285714286,0.08447937131630648,0.35,0.6483300589390962,41.654228039355736,83.78142635599056,44.07543612414174,67.4463813439895,55.84806471796424,True
522234,Gerard Gumbau,8370,Rayo Vallecano,ESP-La Liga,1.9,30.5,5.0,0.0,2.2,2.1,0.18,0.06,2.9,3.0,0.0,0.8,0.4,0.5,0.7,6.7,0.0,21.0,1.4,2.4,0.5,1081,27,Midfielder,0.5245901639344263,0.25,0.06229508196721311,0.1724137931034483,0.6885245901639344,62.13644524236984,40.26032315978456,82.45062836624776,49.01256732495512,55.70822617342826,True
422685,Bruno Fernandes,10260,Manchester United,ENG-Premier League,4.1,48.1,30.0,0.0,1.3,11.3,0.35,0.33,0.8,19.0,0.25,0.6,0.7,0.2,0.5,8.0,0.0,124.0,2.5,1.6,0.5,2886,33,Midfielder,0.7333333333333334,0.2727272727272727,0.08523908523908523,0.625,2.577962577962578,67.61698937600947,37.07267555967388,49.89980888399837,91.48996480119433,55.59830033302597,True
688278,Pervis Estupinán,8564,Milan,ITA-Serie A,0.6,39.7,2.0,0.0,2.0,1.5,0.13,0.03,1.4,1.0,0.09,1.0,0.1,0.0,0.3,0.0,0.0,13.0,0.8,1.3,0.2,1036,19,Midfielder,0.6216216216216216,0.4347826086956522,0.015113350125944582,0.14285714285714288,0.327455919395466,39.36871231572106,80.4290135969061,61.853889564551515,50.98003256050398,55.50219582906857,True
605224,Federico Dimarco,8636,Internazionale,ITA-Serie A,1.3,39.7,33.0,0.0,1.0,11.0,0.38,0.17,1.4,17.0,0.21,1.0,0.7,0.1,0.7,7.79,0.0,93.0,2.2,1.7,0.2,2624,33,Midfielder,0.6585365853658538,0.37037037037037035,0.0327455919395466,0.14285714285714288,2.34256926952141,51.29720790460931,67.00938849314363,36.25570291435815,78.98335295972407,55.31960899075978,True
288406,Alejandro Grimaldo,8178,Bayer 04 Leverkusen,GER-Bundesliga,1.9,57.3,16.0,0.0,1.9,9.5,0.35,0.24,0.4,8.0,0.3,0.7,0.7,0.2,0.3,7.71,0.0,68.0,2.1,1.7,0.9,2434,28,Midfielder,0.8571428571428572,0.2916666666666667,0.03315881326352531,2.25,1.1867364746945899,54.15857480228825,46.83159269769567,52.02740616333018,87.75145910954099,55.29422747395315,True
215151,Marcel Sabitzer,9789,Borussia Dortmund,GER-Bundesliga,1.4,32.8,4.0,0.0,2.1,2.2,0.11,0.06,1.0,2.0,0.05,0.9,0.2,0.3,0.5,6.97,0.0,15.0,1.0,1.5,0.1,1822,26,Midfielder,0.7058823529411765,0.375,0.042682926829268296,0.1,0.4573170731707317,57.63667368068828,58.27120454560079,56.90913302831992,43.181759682889,55.23473327020237,True
827315,Nicolás Dominguez,10203,Nottingham Forest,ENG-Premier League,1.3,32.6,2.0,0.0,1.2,0.7,0.06,0.1,1.3,1.0,0.08,0.6,0.4,0.4,0.7,6.66,0.0,10.0,1.3,4.2,0.4,1080,25,Midfielder,0.7868852459016393,0.125,0.03987730061349693,0.3076923076923077,0.3067484662576687,84.42585406974125,32.56764669922717,79.87725462185414,36.06699999356512,55.22725456688382,True
488139,Bernardo Silva,8456,Manchester City,ENG-Premier League,2.1,62.5,7.0,0.0,1.1,4.0,0.13,0.07,1.2,4.0,0.06,0.7,0.2,0.2,0.6,7.18,0.0,46.0,0.9,1.6,0.7,2771,36,Midfielder,0.6571428571428571,0.30434782608695654,0.033600000000000005,0.5833333333333334,0.736,61.06445178021016,48.00592652651493,43.17278302220677,79.26957652040178,55.12167529326324,True
75307,Dani Parejo,10205,Villarreal,ESP-La Liga,3.5,50.0,3.0,0.0,1.0,1.3,0.09,0.01,1.1,0.0,0.0,0.8,0.0,0.5,0.1,6.73,0.0,22.0,0.1,2.7,0.6,1306,30,Midfielder,0.7608695652173914,0.2285714285714286,0.07,0.5454545454545454,0.44,59.56415899306963,43.80176058377251,62.76233406047502,61.238393081214646,55.11700497415627,True
1179835,Giorgi Gocholeishvili,9790,Hamburger SV,GER-Bundesliga,1.9,17.7,1.0,0.0,2.5,0.5,0.04,0.07,1.3,1.0,0.0,0.8,0.2,0.1,0.6,6.49,0.0,10.0,1.4,2.4,1.7,931,24,Midfielder,0.7111111111111111,0.25,0.10734463276836158,1.3076923076923077,0.5649717514124294,73.85098743267505,40.26032315978456,85.95152603231598,28.545780969479353,55.02624683259956,True
359191,Omar Mascarell,8661,Mallorca,ESP-La Liga,3.2,36.9,2.0,0.0,3.3,0.4,0.02,0.01,1.6,2.0,0.08,1.4,0.1,0.7,0.2,6.74,0.0,8.0,0.3,1.9,0.2,2192,29,Midfielder,0.6734693877551019,0.42424242424242425,0.0867208672086721,0.125,0.21680216802168023,36.870575214120706,91.74755313603983,71.47500370005726,35.414502937523736,54.995141860842445,True
304733,Hakan Çalhanoglu,8636,Internazionale,ITA-Serie A,3.5,68.8,7.0,0.0,0.9,3.5,0.19,0.31,1.5,4.0,0.49,0.9,0.9,0.3,0.4,7.8,0.0,41.0,2.7,1.9,0.3,1649,22,Midfielder,0.6511627906976744,0.32142857142857145,0.050872093023255814,0.19999999999999998,0.5959302325581396,51.12703744457957,56.67265110712149,46.76199944660013,75.54867023159142,54.922768010224516,True
1526560,Patrick Dorgu,10260,Manchester United,ENG-Premier League,0.4,24.0,5.0,0.0,2.0,1.5,0.1,0.12,1.5,3.0,0.2,0.9,0.5,0.2,0.2,7.13,0.0,25.0,1.4,3.1,0.7,1373,24,Midfielder,0.7272727272727273,0.225,0.016666666666666666,0.4666666666666666,1.0416666666666667,54.07325469907274,45.97552814295735,82.80409644601455,46.31239422662369,54.79826980910527,True
933768,Curtis Jones,8650,Liverpool,ENG-Premier League,2.8,71.0,4.0,0.0,1.2,2.7,0.13,0.1,0.8,2.0,0.0,0.9,0.3,0.2,0.4,6.92,0.0,20.0,1.1,1.9,1.0,1839,33,Midfielder,0.7777777777777778,0.32142857142857145,0.039436619718309855,1.25,0.28169014084507044,67.51652799495504,44.86261526482758,48.52824591545851,57.72645959215717,54.60898048233769,True
73167,Henrikh Mkhitaryan,8636,Internazionale,ITA-Serie A,2.0,50.3,5.0,0.0,1.1,2.7,0.17,0.25,1.6,1.0,0.25,0.9,0.7,0.3,0.8,6.99,0.0,19.0,2.3,2.0,0.8,1429,28,Midfielder,0.6444444444444444,0.3103448275862069,0.039761431411530816,0.5,0.3777335984095428,57.456104451008024,51.299331415738436,50.708866624196446,60.552885079438624,54.59315336089032,True
823293,Aron Dønnum,9941,Toulouse,FRA-Ligue 1,2.9,29.5,10.0,0.0,0.6,6.7,0.25,0.18,1.5,4.0,0.15,1.0,0.5,0.1,0.6,7.22,0.0,62.0,1.5,1.7,0.9,2424,28,Midfielder,0.6428571428571429,0.37037037037037035,0.0983050847457627,0.6,2.1016949152542375,52.45903875729555,68.62229171895008,36.67583637381518,64.195736247048,54.56053411850432,True
674499,Niklas Dorsch,94937,1. FC Heidenheim 1846,GER-Bundesliga,3.3,34.2,5.0,0.0,1.6,2.6,0.11,0.02,1.2,1.0,0.0,0.8,0.1,0.2,0.2,6.78,0.0,23.0,0.6,2.4,0.5,2197,31,Midfielder,0.7272727272727273,0.25,0.09649122807017542,0.4166666666666667,0.6725146198830408,52.41261108215414,52.73627278752662,64.22746021634073,51.518374806149176,54.54737190555511,True
1323398,Abel Bretones,8371,Osasuna,ESP-La Liga,1.4,20.9,3.0,0.0,2.9,1.7,0.1,0.04,1.0,2.0,0.06,1.0,0.2,0.3,0.2,6.74,0.0,13.0,0.6,1.9,0.8,1552,27,Midfielder,0.7435897435897436,0.3448275862068966,0.06698564593301436,0.8,0.6220095693779905,48.72293971158857,59.01829437012156,80.97128112069909,35.48856843175486,54.47311237340905,True
1033099,Hicham Boudaoui,9831,Nice,FRA-Ligue 1,1.2,30.3,3.0,0.0,1.3,2.0,0.11,0.08,1.0,2.0,0.05,0.9,0.4,0.5,0.4,6.77,0.0,16.0,1.0,1.4,0.8,1649,24,Midfielder,0.6969696969696969,0.391304347826087,0.039603960396039604,0.8,0.528052805280528,55.12585986113523,59.522177821534974,53.45327953771806,45.37293359845048,54.44931567155698,True
1130583,Samú,8661,Mallorca,ESP-La Liga,2.3,32.7,1.0,0.0,3.1,1.1,0.04,0.14,2.2,2.0,0.25,0.9,0.5,0.5,0.4,7.01,0.0,14.0,1.3,2.2,0.5,2553,32,Midfielder,0.5849056603773585,0.2903225806451613,0.07033639143730885,0.22727272727272727,0.4281345565749235,46.01034729059285,54.05291403640856,88.63294144900676,42.64714966892531,54.431173389446464,True
1421505,Gvidas Gineitis,9804,Torino,ITA-Serie A,1.2,22.4,5.0,0.0,1.4,2.3,0.12,0.05,2.2,1.0,0.0,1.2,0.3,0.5,0.3,6.76,0.0,26.0,1.4,2.2,0.9,1718,28,Midfielder,0.6071428571428571,0.3529411764705882,0.053571428571428575,0.40909090909090906,1.1607142857142858,38.12667065629363,77.85683030572126,63.10685765397065,47.89634048248747,54.060466079281944,True
731600,Idrissa Touré,6479,Pisa,ITA-Serie A,1.0,17.3,6.0,0.0,3.1,3.5,0.14,0.11,0.9,0.0,0.04,0.9,0.3,0.3,0.2,6.73,0.0,20.0,1.2,1.7,0.8,2261,31,Midfielder,0.7428571428571429,0.34615384615384615,0.057803468208092484,0.888888888888889,1.1560693641618496,43.06104129263914,63.8689407540395,72.44165170556553,43.76122082585279,53.91102411070465,True
850354,Bruno Guimarães,10261,Newcastle United,ENG-Premier League,2.9,45.1,7.0,0.0,1.4,4.6,0.18,0.21,1.5,5.0,0.35,0.6,0.8,0.1,0.7,7.57,0.0,45.0,1.5,2.2,0.6,2299,27,Midfielder,0.6511627906976744,0.21428571428571425,0.06430155210643015,0.39999999999999997,0.9977827050997783,65.63935702656964,31.727315431491025,64.0029150016409,77.60802558509168,53.847240918330655,True
1119643,Jan Thielmann,8722,1. FC Köln,GER-Bundesliga,1.5,17.7,1.0,0.0,2.6,1.4,0.08,0.13,0.6,1.0,0.18,0.9,0.6,0.2,0.4,6.71,0.0,14.0,1.6,1.1,0.5,1537,25,Midfielder,0.7692307692307692,0.45,0.08474576271186442,0.8333333333333334,0.7909604519774012,47.68402154398564,75.62836624775584,53.141831238779176,36.80430879712747,53.827972901799576,True
1369279,Luca Lipani,7943,Sassuolo,ITA-Serie A,1.8,34.0,1.0,0.0,2.4,0.4,0.04,0.08,2.6,1.0,0.0,1.2,0.3,0.2,0.2,6.42,0.0,10.0,1.2,2.5,0.2,918,22,Midfielder,0.5873015873015872,0.3243243243243243,0.052941176470588235,0.07692307692307693,0.29411764705882354,38.26750448833034,71.54398563734291,86.89407540394973,35.278276481149014,53.73863440367383,True
689987,Jakub Piotrowski,8600,Udinese,ITA-Serie A,1.0,24.4,1.0,0.0,1.9,0.8,0.04,0.15,1.5,1.0,0.05,0.9,0.5,0.4,0.4,6.64,0.0,11.0,2.0,2.5,0.7,1643,32,Midfielder,0.693877551020408,0.2647058823529412,0.04098360655737705,0.4666666666666666,0.45081967213114754,60.66427289048474,47.755834829443444,80.87971274685816,29.443447037701976,53.660003814326394,True
299799,Bryan Cristante,8686,Roma,ITA-Serie A,3.5,49.9,2.0,0.0,1.9,2.5,0.08,0.06,1.8,1.0,0.06,0.8,0.2,0.2,0.5,7.16,0.0,25.0,1.3,2.1,0.4,2923,35,Midfielder,0.6170212765957447,0.27586206896551724,0.07014028056112225,0.22222222222222224,0.5010020040080161,49.87752488690694,45.363828240124064,71.10326055481555,61.004002496734294,53.636604275774,True
1109046,Ilaix Moriba,9910,Celta de Vigo,ESP-La Liga,1.1,33.0,4.0,0.0,1.2,1.7,0.07,0.05,1.4,2.0,0.04,0.9,0.2,0.2,0.4,6.8,0.0,15.0,0.7,3.1,0.5,2308,34,Midfielder,0.7407407407407407,0.225,0.03333333333333333,0.35714285714285715,0.45454545454545453,68.69981274492771,35.88592240819032,70.68145402598407,46.013461773582236,53.54334620233595,True
867789,Emanuele Valeri,10167,Parma,ITA-Serie A,1.8,18.9,4.0,0.0,1.5,4.0,0.14,0.02,0.8,2.0,0.0,0.8,0.2,0.1,0.3,6.78,0.0,48.0,0.7,1.6,0.5,2550,32,Midfielder,0.7500000000000001,0.3333333333333333,0.09523809523809525,0.625,2.53968253968254,46.338790113446976,60.04340328050295,56.67979382637401,54.94675134971654,53.49302862520989,True
523749,Jae-Sung Lee,9905,1. FSV Mainz 05,GER-Bundesliga,1.0,21.3,7.0,0.0,1.4,3.2,0.13,0.13,0.8,2.0,0.17,1.0,0.4,0.0,0.2,6.82,0.0,22.0,1.2,1.5,0.2,2176,27,Midfielder,0.7575757575757576,0.4,0.046948356807511735,0.25,1.0328638497652582,44.02026344407765,79.54653385069787,43.716530568907935,49.254164977510094,53.39005680774263,True
1292354,Théo Le Bris,8689,Lorient,FRA-Ligue 1,0.5,25.6,2.0,0.0,2.0,1.7,0.08,0.08,0.4,2.0,0.09,0.8,0.3,0.1,0.3,6.9,0.0,13.0,0.8,1.9,0.5,1898,28,Midfielder,0.8709677419354839,0.2962962962962963,0.01953125,1.25,0.5078125,59.7935368043088,48.60861759425494,69.7935368043088,34.56014362657091,53.38169237072491,True
1026135,Tajon Buchanan,10205,Villarreal,ESP-La Liga,0.5,18.9,5.0,0.0,0.8,1.9,0.1,0.1,0.9,1.0,0.35,1.1,0.6,0.1,0.8,6.75,0.0,16.0,1.4,1.3,1.1,1776,33,Midfielder,0.7272727272727273,0.4583333333333333,0.026455026455026457,1.2222222222222223,0.8465608465608466,63.74326750448832,84.29084380610414,24.64093357271095,39.36265709156194,53.318782703920725,True
466672,Jefferson Lerma,9826,Crystal Palace,ENG-Premier League,2.4,36.7,3.0,0.0,2.9,1.3,0.07,0.1,1.3,2.0,0.0,1.2,0.4,0.2,0.3,6.75,0.0,12.0,1.1,1.5,0.2,1618,29,Midfielder,0.675,0.4444444444444444,0.0653950953678474,0.15384615384615385,0.32697547683923706,35.22514365874533,90.06711582144487,64.38485743518466,38.10206366672458,53.292656557686364,True
473852,Corentin Tolisso,9748,Lyon,FRA-Ligue 1,3.5,43.0,9.0,0.0,1.4,3.5,0.14,0.42,1.7,4.0,0.45,0.7,1.1,0.4,0.6,7.29,0.0,33.0,2.0,1.3,0.2,2216,29,Midfielder,0.5405405405405405,0.35,0.08139534883720931,0.11764705882352942,0.7674418604651163,50.955625052283416,51.61229191199655,49.12244293868201,69.52841965727818,53.201458099215685,True
795371,Ibrahim Sangaré,10203,Nottingham Forest,ENG-Premier League,1.7,35.3,2.0,0.0,2.2,1.8,0.08,0.05,1.8,2.0,0.09,0.9,0.2,0.7,0.3,6.95,0.0,12.0,0.7,2.6,0.5,1995,26,Midfielder,0.6603773584905661,0.2571428571428572,0.0481586402266289,0.2777777777777778,0.33994334277620397,50.71813285457809,46.678635547576306,85.50269299820467,40.57450628366248,53.110028085396294,True
1199283,Eric Martel,8722,1. FC Köln,GER-Bundesliga,1.2,43.3,4.0,0.0,4.4,1.1,0.04,0.08,1.5,2.0,0.07,1.2,0.1,0.7,0.2,6.89,0.0,15.0,0.8,1.6,0.1,2474,30,Midfielder,0.6511627906976744,0.4285714285714286,0.02771362586605081,0.06666666666666667,0.3464203233256351,30.67324955116697,85.05385996409336,70.82585278276481,50.31418312387792,53.03542586580406,True
605654,Fabián Ruiz,9847,Paris Saint-Germain,FRA-Ligue 1,4.9,91.3,2.0,0.0,0.6,1.8,0.16,0.11,0.1,3.0,0.09,0.9,0.3,0.0,0.5,6.99,0.0,18.0,1.6,1.2,0.2,1039,19,Midfielder,0.9545454545454545,0.42857142857142855,0.053669222343921144,2.0,0.19715224534501644,60.76735326859841,64.73549416677928,28.331370694259444,59.515517718448166,52.99994297314693,True
1191093,Lorenzo Bernasconi,8524,Atalanta,ITA-Serie A,1.3,34.2,5.0,0.0,2.1,3.5,0.2,0.02,0.5,3.0,0.0,0.8,0.1,0.3,0.0,7.02,0.0,27.0,0.5,1.7,0.5,1569,23,Midfielder,0.8333333333333334,0.32,0.038011695906432746,1.0,0.7894736842105262,44.04847396768402,54.21903052064632,64.31777378815082,59.69479353680431,52.927087588193814,True
1093285,Fabiano Parisi,8535,Fiorentina,ITA-Serie A,1.4,32.0,3.0,0.0,1.3,1.6,0.1,0.08,0.8,1.0,0.06,1.2,0.4,0.4,0.2,6.97,0.0,19.0,1.4,1.3,1.9,1495,22,Midfielder,0.7575757575757576,0.48,0.04375,2.3749999999999996,0.59375,44.36058505949049,87.87179140685829,42.61384915349124,38.432848786702955,52.87123150721345,True
1428153,Ngal Ayel Mukau,8639,Lille,FRA-Ligue 1,1.0,31.6,0.0,0.0,0.5,1.0,0.06,0.13,1.6,0.0,0.06,0.8,0.3,0.1,0.8,6.66,0.0,13.0,1.2,1.7,0.8,1494,29,Midfielder,0.6097560975609757,0.32,0.03164556962025316,0.5,0.4113924050632911,58.80397418325257,58.17110995283232,46.29691833490987,40.534674362785786,52.843182177731585,True
725398,Mathias Pereira Lage,8152,FC St. Pauli,GER-Bundesliga,0.6,14.3,4.0,0.0,1.5,1.5,0.07,0.19,1.4,2.0,0.09,0.7,0.7,0.1,0.5,6.69,0.0,24.0,1.9,1.7,0.7,2030,28,Midfielder,0.631578947368421,0.2916666666666667,0.04195804195804195,0.5,1.6783216783216783,54.01084277652297,52.87101922099316,54.04332606191644,48.530144205710315,52.8182234878624,True
466113,Jari Vandeputte,7801,Cremonese,ITA-Serie A,2.3,33.1,10.0,0.0,1.7,4.4,0.21,0.1,1.6,5.0,0.05,0.9,0.4,0.1,0.3,6.9,0.0,53.0,1.0,1.8,0.3,1871,30,Midfielder,0.6279069767441859,0.3333333333333333,0.06948640483383685,0.18749999999999997,1.6012084592145015,37.06463195691203,61.57989228007182,61.66965888689408,71.81328545780968,52.77309903604857,True
750734,Dodô,8535,Fiorentina,ITA-Serie A,1.4,33.6,8.0,0.0,1.6,4.8,0.14,0.07,0.6,2.0,0.03,0.9,0.1,0.1,0.2,7.13,0.0,48.0,0.8,0.9,1.4,2959,34,Midfielder,0.75,0.5,0.041666666666666664,2.3333333333333335,1.4285714285714286,39.85216501611938,79.09644601455571,38.950245490756295,67.59406189069709,52.74649238959476,True
262592,Moi Gómez,8371,Osasuna,ESP-La Liga,4.1,56.8,4.0,0.0,0.7,1.7,0.14,0.03,1.5,2.0,0.0,0.9,0.2,0.1,0.8,6.84,0.0,16.0,0.9,1.6,0.9,1144,24,Midfielder,0.625,0.36,0.0721830985915493,0.6,0.28169014084507044,57.441651705565526,66.06822262118492,31.46319569120287,54.847396768402156,52.74255665012979,True
947884,Wouter Burger,8226,TSG 1899 Hoffenheim,GER-Bundesliga,2.6,38.4,9.0,0.0,2.7,5.0,0.19,0.13,2.1,5.0,0.15,0.6,0.5,0.2,0.7,7.31,0.0,48.0,1.3,2.7,0.2,2350,29,Midfielder,0.6111111111111112,0.1818181818181818,0.06770833333333334,0.09523809523809523,1.25,68.70736086175943,22.351885098743267,91.47217235188509,75.89766606822262,52.72753299714573,True
1289942,Samuele Angori,6479,Pisa,ITA-Serie A,1.7,19.1,5.0,0.0,2.1,3.8,0.14,0.05,0.6,2.0,0.0,0.8,0.1,0.3,0.1,6.72,0.0,34.0,0.5,1.7,0.3,2424,33,Midfielder,0.8064516129032258,0.32,0.08900523560209424,0.5,1.7801047120418847,45.287253141831236,54.21903052064632,64.31777378815082,54.12926391382406,52.66452072346919,True
790732,Tommaso Pobega,9857,Bologna,ITA-Serie A,1.5,24.5,2.0,0.0,1.7,0.7,0.05,0.11,2.1,1.0,0.14,1.2,0.6,0.8,0.4,6.63,0.0,6.0,1.7,2.4,0.3,1301,24,Midfielder,0.631578947368421,0.33333333333333337,0.061224489795918366,0.14285714285714285,0.24489795918367346,48.65183426317381,71.33687895343076,72.60529076015264,22.47675398801825,52.65415536207437,True
671686,Aleix Febas,10268,Elche,ESP-La Liga,1.3,50.6,3.0,0.0,0.6,3.1,0.09,0.06,1.0,2.0,0.06,0.7,0.2,0.1,0.6,7.24,0.0,27.0,0.7,2.1,1.5,3082,35,Midfielder,0.7368421052631579,0.25,0.025691699604743084,1.5,0.5335968379446641,72.96229802513466,35.68222621184919,44.165170556552965,67.63913824057451,52.64604508297634,True
322003,Jesper Karlström,8600,Udinese,ITA-Serie A,1.5,31.1,1.0,0.0,2.2,1.0,0.03,0.02,1.2,0.0,0.03,1.0,0.1,0.5,0.3,6.9,0.0,16.0,0.5,1.6,0.3,3003,34,Midfielder,0.6842105263157895,0.3846153846153846,0.04823151125401929,0.25,0.5144694533762058,37.641126619177236,73.21219667573985,63.156599293449936,46.43108562897756,52.59712661253228,True
460632,Joshua Kimmich,9823,Bayern München,GER-Bundesliga,6.4,96.4,15.0,0.0,0.7,10.0,0.41,0.1,0.3,6.0,0.08,0.9,0.4,0.2,0.3,7.62,0.0,52.0,1.1,1.2,0.5,2190,28,Midfielder,0.8750000000000001,0.42857142857142855,0.06639004149377593,1.6666666666666667,0.5394190871369294,54.0805647252627,69.55628269724524,24.761555439727676,76.20470647284802,52.51921052384357,True
298915,Maximilian Arnold,8721,VfL Wolfsburg,GER-Bundesliga,3.8,42.3,11.0,0.0,3.6,4.1,0.2,0.02,0.8,4.0,0.05,1.2,0.2,0.6,0.1,6.87,0.0,29.0,0.7,1.1,0.2,1854,25,Midfielder,0.7419354838709677,0.5217391304347826,0.08983451536643026,0.25,0.6855791962174942,29.272941963797354,85.04234152493838,57.38003770840974,69.04660785184328,52.45384286008292,True
1640832,Arsène Kouassi,8689,Lorient,FRA-Ligue 1,0.5,25.2,8.0,0.0,1.8,3.4,0.12,0.02,0.5,6.0,0.07,0.8,0.2,0.1,0.4,7.18,0.0,30.0,0.3,0.9,1.3,2522,30,Midfielder,0.7727272727272727,0.47058823529411764,0.01984126984126984,2.6,1.1904761904761905,46.14901256732496,71.49910233393177,40.52962298025135,53.27648114901256,52.39403718414662,True
1329255,Louis Mouton,8121,Angers,FRA-Ligue 1,1.3,25.2,4.0,0.0,0.7,2.5,0.12,0.14,0.9,1.0,0.09,0.7,0.4,0.2,0.6,6.53,0.0,22.0,1.7,1.9,0.6,1904,32,Midfielder,0.7428571428571429,0.2692307692307693,0.05158730158730159,0.6666666666666666,0.873015873015873,70.71419470666591,38.24237627330232,53.57969279872332,46.585201057894636,52.25501912907102,True
556972,Sasa Lukic,9879,Fulham,ENG-Premier League,0.5,31.4,2.0,0.0,1.8,1.8,0.1,0.12,2.7,2.0,0.05,0.9,0.3,0.5,0.3,6.78,0.0,27.0,1.0,2.4,0.3,1644,25,Midfielder,0.5499999999999999,0.27272727272727276,0.01592356687898089,0.1111111111111111,0.8598726114649682,39.43798382270612,54.390198387418515,74.35789527872693,57.62932504520504,52.19011900136019,True
1202587,Ramon Terrats,8558,Espanyol,ESP-La Liga,1.0,17.7,4.0,0.0,0.6,1.0,0.1,0.13,1.4,2.0,0.09,1.0,0.3,0.5,0.7,6.34,0.0,16.0,1.3,2.0,0.7,978,28,Midfielder,0.6818181818181818,0.3333333333333333,0.05649717514124294,0.5,0.903954802259887,57.74484405062966,61.94886842596346,41.4541225072875,39.60534867409252,52.15743905862347,True
1269497,Yannik Engelhardt,9788,Borussia Mönchengladbach,GER-Bundesliga,1.0,41.1,1.0,0.0,1.6,1.4,0.05,0.08,1.5,2.0,0.07,1.2,0.2,0.4,0.3,6.91,0.0,12.0,0.8,1.6,0.2,2401,30,Midfielder,0.6511627906976744,0.4285714285714286,0.024330900243309,0.13333333333333333,0.291970802919708,37.18132854578097,74.17569158896548,60.83991300039253,46.07555838690373,52.125532604278305,True
1331097,Pablo Pagis,8689,Lorient,FRA-Ligue 1,2.1,25.5,8.0,0.0,1.0,3.3,0.18,0.4,1.1,5.0,0.53,0.8,1.0,0.1,0.7,7.34,0.0,44.0,3.0,1.4,1.2,1703,27,Midfielder,0.6666666666666666,0.36363636363636365,0.08235294117647059,1.0909090909090908,1.7254901960784315,56.104129263913826,61.44524236983842,32.001795332136446,60.27827648114901,52.08991639225298,True
1359911,Miguel Román,9910,Celta de Vigo,ESP-La Liga,2.9,45.1,4.0,0.0,1.6,1.4,0.1,0.06,1.4,0.0,0.07,0.8,0.1,0.5,0.4,6.89,0.0,17.0,0.5,1.9,0.2,1310,19,Midfielder,0.6585365853658538,0.2962962962962963,0.06430155210643015,0.14285714285714288,0.376940133037694,48.94973070017953,48.60861759425494,62.74685816876122,53.81508078994614,52.069161604324776,True
614449,Nadiem Amiri,9905,1. FSV Mainz 05,GER-Bundesliga,2.8,38.6,14.0,0.0,0.4,7.1,0.32,0.41,0.9,2.0,0.49,0.9,1.0,0.1,0.6,7.56,0.0,61.0,2.3,1.3,1.1,2022,25,Midfielder,0.7096774193548387,0.40909090909090906,0.07253886010362694,1.2222222222222223,1.5803108808290154,56.03402765712374,59.27897144842763,26.764862969183344,81.51181122629549,52.00252461980118,True
1097446,Noah Cadiou,8689,Lorient,FRA-Ligue 1,2.7,48.4,0.0,0.0,1.9,1.5,0.08,0.09,1.3,1.0,0.15,1.2,0.5,0.7,0.4,6.89,0.0,10.0,0.9,1.2,0.7,1782,27,Midfielder,0.6486486486486486,0.5,0.05578512396694216,0.5384615384615384,0.2066115702479339,35.43087971274686,89.72172351885098,47.62118491921005,48.07001795332137,51.99889824241273,True
1002617,Saud Abdulhamid,8588,Lens,FRA-Ligue 1,0.8,36.2,5.0,0.0,1.2,3.3,0.23,0.06,1.7,4.0,0.14,0.8,0.2,0.1,0.4,6.93,0.0,23.0,0.6,2.4,0.3,1300,24,Midfielder,0.6530612244897959,0.25,0.022099447513812154,0.17647058823529413,0.6353591160220994,54.90125673249551,40.26032315978456,63.77917414721723,57.226211849192104,51.86710462317355,True
1203512,Tim Iroegbunam,8668,Everton,ENG-Premier League,0.6,23.8,3.0,0.0,0.5,0.7,0.04,0.04,1.6,2.0,0.0,1.4,0.1,0.6,0.3,6.75,0.0,7.0,0.8,4.2,0.9,1328,27,Midfielder,0.7777777777777778,0.25,0.025210084033613443,0.5625,0.29411764705882354,67.0915619389587,60.09874326750449,56.104129263913826,19.0754039497307,51.86368966425502,True
1664716,Dayann Methalie,9941,Toulouse,FRA-Ligue 1,0.5,17.7,3.0,0.0,1.5,2.2,0.11,0.04,2.7,1.0,0.1,1.2,0.3,0.1,0.3,6.6,0.0,9.0,0.7,2.6,1.3,1882,27,Midfielder,0.5846153846153845,0.3157894736842105,0.02824858757062147,0.48148148148148145,0.5084745762711864,43.98563734290843,69.61400359066428,74.41651705565529,26.032315978456015,51.83565415516877,True
638070,Luis Rioja,10267,Valencia CF,ESP-La Liga,1.0,22.9,7.0,0.0,1.2,4.5,0.16,0.07,0.4,6.0,0.07,0.6,0.1,0.0,0.7,6.88,0.0,36.0,1.4,1.2,1.2,2472,35,Midfielder,0.8181818181818182,0.33333333333333337,0.04366812227074236,2.9999999999999996,1.572052401746725,65.81856849610368,53.45701176939955,30.928746549294413,55.467108099586234,51.82044609673368,True
317062,Adrien Thomasson,8588,Lens,FRA-Ligue 1,1.2,37.5,11.0,0.0,0.9,7.3,0.25,0.24,1.8,9.0,0.1,0.6,0.4,0.1,0.5,7.55,0.0,81.0,1.5,3.3,0.6,2661,31,Midfielder,0.6842105263157895,0.15384615384615385,0.032,0.3333333333333333,2.16,73.76670334549526,23.77029400976815,64.45972728969195,80.610155531103,51.805712845807065,True
936164,Michel Ndary Adopo,8529,Cagliari,ITA-Serie A,0.6,26.3,3.0,0.0,1.2,1.1,0.03,0.07,1.0,2.0,0.03,0.8,0.3,0.2,0.4,6.71,0.0,25.0,0.8,1.6,0.4,2893,36,Midfielder,0.7058823529411765,0.3333333333333333,0.022813688212927754,0.4,0.9505703422053232,51.371569403422065,59.95379754573592,44.633694330225275,48.02867383512545,51.7911622449621,True
156008,Jordan Henderson,9937,Brentford,ENG-Premier League,3.4,41.7,8.0,0.0,1.7,2.4,0.12,0.02,0.6,3.0,0.05,0.8,0.0,0.3,0.3,6.71,0.0,18.0,0.3,1.3,0.1,1835,30,Midfielder,0.7777777777777778,0.38095238095238093,0.08153477218225419,0.16666666666666669,0.4316546762589928,44.76660682226212,63.37522441651706,46.90305206463196,54.488330341113105,51.65300126225657,True
831489,Alexis Mac Allister,8650,Liverpool,ENG-Premier League,1.7,42.3,4.0,0.0,1.2,1.6,0.06,0.12,1.2,4.0,0.07,0.7,0.4,0.3,0.4,6.88,0.0,32.0,1.7,1.7,0.3,2572,36,Midfielder,0.6666666666666667,0.2916666666666667,0.04018912529550828,0.25,0.756501182033097,53.91670688468048,40.5054278231437,54.022316171502474,71.31364902865454,51.62352802796824,True
1102708,Germán Valera,10268,Elche,ESP-La Liga,0.8,32.3,13.0,0.0,1.4,5.2,0.17,0.08,1.2,5.0,0.13,0.7,0.3,0.3,0.5,7.13,0.0,44.0,0.8,1.7,1.2,2690,34,Midfielder,0.6666666666666667,0.2916666666666667,0.024767801857585144,1.0,1.3622291021671828,53.03411131059246,43.04308797127469,52.109515260323164,67.50448833034112,51.46935002464559,True
39591,Axel Witsel,7732,Girona,ESP-La Liga,1.5,47.7,2.0,0.0,2.0,1.2,0.04,0.09,1.2,2.0,0.04,1.0,0.2,0.4,0.4,6.97,0.0,17.0,0.7,1.2,0.3,2419,30,Midfielder,0.6470588235294118,0.45454545454545453,0.031446540880503145,0.25,0.35639412997903563,35.13464991023339,80.52064631956912,49.012567324955114,54.21903052064632,51.40009230077326,True
1469758,Simon Ebonog,9746,Le Havre,FRA-Ligue 1,0.4,18.9,1.0,0.0,1.1,0.7,0.04,0.09,1.5,0.0,0.05,1.2,0.2,0.2,0.4,6.58,0.0,7.0,1.1,2.0,0.9,1744,29,Midfielder,0.6808510638297872,0.37499999999999994,0.021164021164021166,0.6,0.3703703703703704,53.60861759425494,78.59066427289048,53.321364452423694,18.806104129263915,51.32967057569326,True
1463448,Tom Louchet,9831,Nice,FRA-Ligue 1,1.3,27.6,8.0,0.0,1.8,2.7,0.18,0.2,1.1,2.0,0.2,0.7,0.4,0.3,0.4,6.73,0.0,20.0,1.4,2.3,0.8,1361,26,Midfielder,0.7317073170731708,0.2333333333333333,0.04710144927536232,0.7272727272727273,0.7246376811594203,62.49551166965888,33.07899461400359,75.58348294434471,46.22980251346499,51.2668302033052,True
1073905,Rassoul Ndiaye,9746,Le Havre,FRA-Ligue 1,1.1,25.3,5.0,0.0,0.7,2.7,0.1,0.11,0.8,4.0,0.14,0.5,0.3,0.1,0.5,7.03,0.0,28.0,1.2,2.4,0.8,2483,32,Midfielder,0.7837837837837838,0.1724137931034483,0.04347826086956522,1.0,1.1067193675889329,78.92483414091106,28.383847158677764,63.932903483201734,43.84953958417791,50.978353724728784,True
352879,Adrien Rabiot,8564,Milan,ITA-Serie A,1.6,40.4,6.0,0.0,1.5,2.9,0.11,0.15,1.2,4.0,0.23,0.6,0.4,0.2,0.4,7.48,0.0,23.0,1.6,2.1,0.8,2370,27,Midfielder,0.6923076923076923,0.2222222222222222,0.039603960396039604,0.6666666666666667,0.5693069306930694,57.43004961294182,36.0411961159051,60.18011235304338,61.89442932247125,50.97729760156609,True
1354561,Diego Gómez,10204,Brighton and Hove Albion,ENG-Premier League,0.7,24.6,4.0,0.0,1.2,1.7,0.07,0.24,2.1,1.0,0.22,0.7,0.6,0.1,0.8,6.95,0.0,21.0,1.6,3.4,0.8,2052,30,Midfielder,0.6612903225806451,0.17073170731707318,0.028455284552845524,0.38095238095238093,0.8536585365853658,78.09694793536805,26.166965888689404,71.45421903052065,45.511669658886895,50.964987585040866,True
1284429,Javier Guerra,10267,Valencia CF,ESP-La Liga,2.3,36.4,6.0,0.0,1.1,2.7,0.13,0.1,1.3,6.0,0.05,1.1,0.4,0.3,0.3,6.82,0.0,29.0,1.1,1.3,1.0,1890,34,Midfielder,0.6486486486486487,0.4583333333333333,0.06318681318681318,0.7692307692307692,0.7967032967032968,39.945535156978956,71.85697830801207,40.725532969119,60.41643340218658,50.88633683804639,True
464981,Matús Bero,9911,VfL Bochum 1848,GER-Bundesliga,1.8,27.4,5.0,0.0,1.2,3.8,0.13,0.14,1.8,2.0,0.18,0.6,0.5,0.3,0.8,7.08,0.0,54.0,1.1,2.3,0.7,2569,30,Midfielder,0.6170212765957447,0.20689655172413793,0.06569343065693431,0.38888888888888884,1.9708029197080292,66.88172043010753,28.333333333333332,63.548387096774185,64.24731182795699,50.856451558118955,False
1173787,Xavi Simons,8586,Tottenham Hotspur,ENG-Premier League,1.8,34.1,7.0,0.0,0.6,3.9,0.2,0.16,1.1,5.0,0.1,0.8,0.5,0.1,1.1,6.92,0.0,34.0,2.2,1.7,1.4,1757,28,Midfielder,0.6944444444444444,0.32,0.05278592375366569,1.2727272727272725,0.9970674486803519,64.36360945412893,49.21053647612981,28.199133864854605,67.89035604203265,50.75279140972018,True
1238154,Pablo Ibánez,9866,Alavés,ESP-La Liga,1.0,35.3,1.0,0.0,1.1,1.3,0.05,0.17,1.5,1.0,0.04,0.8,0.5,0.4,0.5,6.72,0.0,19.0,1.9,2.1,1.3,2152,35,Midfielder,0.6590909090909092,0.27586206896551724,0.028328611898017,0.8666666666666667,0.538243626062323,47.122944859494346,59.86203612542872,51.81647072450338,41.76524906211592,50.67486736916163,True
1342757,João Neves,9847,Paris Saint-Germain,FRA-Ligue 1,2.6,66.5,4.0,0.0,0.4,2.0,0.14,0.2,0.9,1.0,0.36,0.5,0.4,0.4,0.6,7.24,0.0,14.0,1.8,1.9,0.6,1265,20,Midfielder,0.7272727272727273,0.20833333333333334,0.039097744360902256,0.6666666666666666,0.21052631578947367,74.70109328648739,32.61742051311751,44.91670044979827,57.56690668777308,50.606560619844736,True
621515,Daichi Kamada,9826,Crystal Palace,ENG-Premier League,1.5,32.6,5.0,0.0,1.1,3.1,0.15,0.08,1.5,0.0,0.0,0.5,0.2,0.1,0.6,6.84,0.0,19.0,0.9,2.9,0.6,1773,26,Midfielder,0.693877551020408,0.14705882352941177,0.046012269938650305,0.39999999999999997,0.5828220858895705,73.31758717656673,28.758743396202135,63.305116374844765,48.773833194983375,50.578928512998175,True
889534,Emile Smith Rowe,9879,Fulham,ENG-Premier League,0.4,39.5,1.0,0.0,0.9,1.1,0.05,0.24,0.5,0.0,0.15,1.1,0.5,0.1,0.4,6.67,0.0,18.0,1.7,1.6,0.7,1777,35,Midfielder,0.84375,0.40740740740740744,0.010126582278481013,1.4,0.45569620253164556,51.72523052965514,63.774508857615366,31.971390513696644,55.11730790267885,50.50513003758599,True
242156,Djibril Sidibé,9941,Toulouse,FRA-Ligue 1,1.3,30.2,4.0,0.0,2.0,1.8,0.08,0.12,1.3,4.0,0.13,0.7,0.2,0.2,0.3,6.87,0.0,15.0,0.3,2.0,0.4,2147,32,Midfielder,0.675,0.25925925925925924,0.043046357615894044,0.3076923076923077,0.49668874172185434,50.6916661840505,40.07416201746427,79.09528773575799,43.72209674201914,50.5036076360674,True
1396089,Matteo Prati,9804,Torino,ITA-Serie A,2.7,31.8,5.0,0.0,2.9,1.0,0.05,0.07,1.4,0.0,0.05,0.9,0.0,0.4,0.3,6.54,0.0,11.0,1.5,1.8,0.3,1809,31,Midfielder,0.6585365853658538,0.3333333333333333,0.0849056603773585,0.2142857142857143,0.34591194968553457,40.2423698384201,61.57989228007182,74.64093357271096,34.156193895870736,50.476211608772985,True
839750,Kervin Arriaga,8581,Levante,ESP-La Liga,1.7,36.5,2.0,0.0,3.3,1.0,0.06,0.03,1.3,3.0,0.13,0.9,0.3,0.8,0.1,6.74,0.0,6.0,0.8,2.1,0.5,1391,25,Midfielder,0.6976744186046512,0.3,0.04657534246575342,0.3846153846153846,0.1643835616438356,41.49012567324955,54.622980251346505,84.60502692998205,34.20107719928187,50.475250326728,True
1209228,Daniel Svensson,9789,Borussia Dortmund,GER-Bundesliga,0.5,25.8,4.0,0.0,2.8,5.2,0.2,0.07,1.0,2.0,0.08,0.8,0.2,0.3,0.3,6.98,0.0,32.0,0.5,1.4,0.5,2362,32,Midfielder,0.6875,0.36363636363636365,0.01937984496124031,0.5,1.2403100775193798,36.552962298025136,61.44524236983842,61.89407540394973,54.937163375224415,50.452086492495454,True
1011022,Cheikh Niasse,9876,Verona,ITA-Serie A,0.6,27.0,0.0,0.0,1.7,0.8,0.07,0.02,1.8,1.0,0.0,1.3,0.1,0.5,0.2,0.0,0.0,11.0,0.6,1.9,0.4,978,20,Midfielder,0.64,0.40625,0.022222222222222223,0.22222222222222224,0.4074074074074074,35.00897666068223,84.33572710951526,64.99102333931778,29.6229802513465,50.301537663856756,True
1054122,Boubacar Traoré,8550,Metz,FRA-Ligue 1,1.8,34.9,0.0,0.0,1.1,0.3,0.02,0.06,1.9,0.0,0.07,0.9,0.2,0.1,0.4,6.6,0.0,4.0,1.2,3.1,1.2,1366,19,Midfielder,0.6779661016949152,0.225,0.05157593123209169,0.631578947368421,0.11461318051575932,61.82226211849192,41.51705565529623,67.59425493716338,30.745062836624776,50.294088416835834,True
1057433,Tanner Tessmann,9748,Lyon,FRA-Ligue 1,2.3,43.3,3.0,0.0,2.5,1.3,0.06,0.1,1.0,0.0,0.05,0.6,0.4,0.6,0.3,6.91,0.0,13.0,1.2,1.3,0.4,1951,29,Midfielder,0.6551724137931034,0.3157894736842105,0.053117782909930716,0.4,0.30023094688221713,39.6237266976828,59.76602768286327,60.98234911809939,47.482545382006776,50.2043799968015,True
659272,Julian Ryerson,9789,Borussia Dortmund,GER-Bundesliga,1.1,30.1,21.0,0.0,1.6,9.5,0.39,0.04,1.1,14.0,0.0,0.6,0.0,0.2,0.7,7.26,0.0,53.0,0.5,1.4,1.0,2184,30,Midfielder,0.6451612903225806,0.3,0.036544850498338874,0.9090909090909091,1.760797342192691,47.629215652207485,47.94524558727952,46.812738492821886,67.87565233618399,50.154427412167074,True
1080983,Ilia Gruev,8463,Leeds United,ENG-Premier League,1.3,35.6,2.0,0.0,1.3,0.9,0.06,0.03,1.1,3.0,0.0,1.0,0.1,0.4,0.3,6.61,0.0,11.0,0.5,1.6,0.4,1322,23,Midfielder,0.7027027027027027,0.3846153846153846,0.03651685393258427,0.36363636363636365,0.3089887640449438,41.83123877917414,73.60861759425494,46.14003590664272,39.22800718132855,50.05631501249121,True
1193815,Julian Niehues,94937,1. FC Heidenheim 1846,GER-Bundesliga,2.1,32.5,1.0,0.0,2.6,0.9,0.06,0.08,0.6,0.0,0.19,1.4,0.3,0.5,0.1,6.71,0.0,7.0,1.2,1.1,0.3,1389,24,Midfielder,0.8064516129032258,0.5599999999999999,0.06461538461538462,0.5,0.2153846153846154,35.35008976660682,94.56912028725314,53.141831238779176,28.949730700179533,50.00293186745125,True
953812,Sofiane Diop,9831,Nice,FRA-Ligue 1,2.0,28.5,6.0,0.0,0.5,4.1,0.18,0.29,1.0,2.0,0.35,0.8,0.7,0.1,0.6,6.92,0.0,30.0,2.2,1.0,1.3,2072,32,Midfielder,0.6428571428571429,0.4444444444444445,0.07017543859649122,1.3,1.0526315789473684,53.55337413048654,77.41948353635387,21.00014156740861,56.20715172808762,49.96244184084612,True
775614,Ryan Yates,10203,Nottingham Forest,ENG-Premier League,0.5,29.2,0.0,0.0,2.8,0.5,0.02,0.11,2.5,1.0,0.09,1.2,0.4,0.5,0.2,6.76,0.0,18.0,1.6,2.0,0.4,1904,35,Midfielder,0.5614035087719298,0.37499999999999994,0.017123287671232876,0.16,0.6164383561643836,27.612903225806452,79.78494623655914,78.27956989247312,42.8494623655914,49.944423503989796,False
557346,Sandi Lovric,8600,Udinese,ITA-Serie A,1.8,28.0,5.0,0.0,0.9,2.4,0.09,0.1,2.1,3.0,0.08,0.9,0.5,0.2,0.5,6.74,0.0,32.0,1.9,1.8,0.8,2326,36,Midfielder,0.5625,0.3333333333333333,0.0642857142857143,0.38095238095238093,1.1428571428571428,42.58064516129032,63.494623655913976,42.31182795698925,55.752688172043015,49.92034735114989,False
1367615,Warren Zaïre-Emery,9847,Paris Saint-Germain,FRA-Ligue 1,1.5,70.8,8.0,0.0,0.8,3.5,0.13,0.05,1.2,4.0,0.11,0.5,0.3,0.3,0.6,7.41,0.0,41.0,0.7,1.8,1.1,2395,31,Midfielder,0.6571428571428571,0.2173913043478261,0.021186440677966104,0.9166666666666667,0.5790960451977402,63.452565265792806,35.85027316074979,42.79499108768814,67.81217222318746,49.909094645684,True
1336582,Máximo Perrone,10171,Como,ITA-Serie A,2.4,65.9,4.0,0.0,0.9,2.7,0.1,0.07,1.4,4.0,0.11,0.7,0.3,0.1,0.3,7.12,0.0,29.0,0.6,1.9,0.3,2568,34,Midfielder,0.65,0.2692307692307693,0.03641881638846737,0.2142857142857143,0.44006069802731407,42.757913296397106,49.53269885394749,52.281712708248875,66.12401304994113,49.66463122117133,True
1323863,Iker Muñoz,8371,Osasuna,ESP-La Liga,2.3,35.2,0.0,0.0,2.3,0.3,0.03,0.03,1.7,0.0,0.0,1.1,0.3,0.2,0.5,0.0,0.0,5.0,0.8,1.2,0.4,917,18,Midfielder,0.575,0.47826086956521746,0.06534090909090907,0.23529411764705885,0.14204545454545453,36.49910233393177,85.45780969479353,52.423698384201074,31.867145421903054,49.62851691615787,True
954621,Youssouf Fofana,8564,Milan,ITA-Serie A,0.9,27.7,5.0,0.0,0.7,3.4,0.15,0.16,0.8,3.0,0.09,0.7,0.7,0.2,0.6,6.81,0.0,36.0,1.9,1.7,0.6,2081,31,Midfielder,0.7499999999999999,0.2916666666666667,0.03249097472924188,0.7499999999999999,1.2996389891696751,61.724960264602366,41.99288302027632,37.96265194365617,59.28257498246494,49.59345462629724,True
1131957,Jon Olasagasti,8581,Levante,ESP-La Liga,1.7,27.5,5.0,0.0,1.3,2.9,0.17,0.09,1.2,4.0,0.06,0.7,0.5,0.5,0.6,6.74,0.0,30.0,1.4,1.5,0.6,1562,31,Midfielder,0.6470588235294118,0.3181818181818181,0.061818181818181814,0.5,1.0909090909090908,51.92998204667864,49.19210053859964,43.04308797127469,54.622980251346505,49.585187927398046,True
642551,Aleix García,8178,Bayer 04 Leverkusen,GER-Bundesliga,6.0,95.0,13.0,0.0,1.0,6.0,0.21,0.08,0.3,7.0,0.1,0.8,0.2,0.2,0.3,7.47,0.0,47.0,1.0,0.9,0.1,2592,32,Midfielder,0.8500000000000001,0.47058823529411764,0.06315789473684211,0.33333333333333337,0.49473684210526314,45.28736896971102,70.78434779251366,26.375263025810312,68.67460731131317,49.46886426532766,True
843099,Scott McTominay,9875,Napoli,ITA-Serie A,1.1,36.5,1.0,0.0,1.5,1.4,0.05,0.35,0.8,3.0,0.31,0.7,1.1,0.4,0.8,7.27,0.0,21.0,3.3,1.0,0.8,2613,31,Midfielder,0.6799999999999999,0.4117647058823529,0.030136986301369864,1.0,0.5753424657534246,46.00422128272942,60.77324762070231,38.62110126574133,53.13079541578992,49.34689157937073,True
789243,Youssef Maleh,7801,Cremonese,ITA-Serie A,1.5,27.2,1.0,0.0,1.8,0.5,0.03,0.06,2.2,0.0,0.06,0.8,0.2,0.2,0.6,6.38,0.0,9.0,1.2,2.2,0.4,1467,21,Midfielder,0.5769230769230769,0.26666666666666666,0.05514705882352941,0.18181818181818182,0.33088235294117646,58.447037701974864,42.81867145421903,73.78815080789947,25.763016157989227,49.329153651556666,True
540963,Sander Berge,9879,Fulham,ENG-Premier League,1.7,47.7,3.0,0.0,1.6,1.5,0.05,0.04,1.0,1.0,0.0,0.8,0.1,0.5,0.2,6.7,0.0,18.0,0.4,1.8,0.3,2776,33,Midfielder,0.7222222222222222,0.3076923076923077,0.03563941299790356,0.3,0.3773584905660377,40.76764927318005,50.927588270496706,60.79979150981641,54.516804694890055,49.31242892352373,True
308517,Stanislav Lobotka,9875,Napoli,ITA-Serie A,1.7,62.8,0.0,0.0,1.1,1.7,0.07,0.02,0.5,1.0,0.04,0.6,0.2,0.1,0.4,7.06,0.0,21.0,0.3,1.0,0.2,2308,30,Midfielder,0.7619047619047619,0.37499999999999994,0.027070063694267517,0.4,0.33439490445859876,51.56138555883735,52.09455415918612,36.95996859777482,57.716710745609795,49.21447482324228,True
1073143,Azzedine Ounahi,7732,Girona,ESP-La Liga,1.5,40.7,11.0,0.0,0.5,3.9,0.22,0.17,0.9,2.0,0.28,0.9,0.9,0.1,0.7,7.28,0.0,30.0,2.6,1.2,3.2,1586,22,Midfielder,0.7000000000000001,0.42857142857142855,0.036855036855036855,3.555555555555556,0.7371007371007371,57.31597845601436,73.60861759425494,16.20287253141831,67.41472172351885,49.170736369981846,True
424129,Leander Dendoncker,8670,Real Oviedo,ESP-La Liga,0.9,32.2,0.0,0.0,2.3,0.5,0.03,0.05,0.8,0.0,0.07,0.8,0.3,0.5,0.1,0.0,0.0,6.0,0.6,2.4,0.3,1332,19,Midfielder,0.8,0.25,0.02795031055900621,0.37499999999999994,0.18633540372670807,55.00897666068222,40.26032315978456,83.84201077199282,27.648114901256733,49.15379919108251,True
764507,Florian Neuhaus,9788,Borussia Mönchengladbach,GER-Bundesliga,2.1,37.9,1.0,0.0,1.2,1.5,0.15,0.1,0.9,1.0,0.0,0.9,0.6,0.4,0.5,6.56,0.0,9.0,2.1,1.2,0.6,934,17,Midfielder,0.7000000000000001,0.42857142857142855,0.0554089709762533,0.6666666666666666,0.237467018469657,48.37522441651706,73.60861759425494,32.36086175942549,39.18312387791742,49.05299400197365,True
1106742,Sergio Carreira,9910,Celta de Vigo,ESP-La Liga,1.9,43.5,0.0,0.0,2.2,1.7,0.06,0.05,0.6,1.0,0.07,0.9,0.2,0.1,0.1,6.93,0.0,18.0,0.5,1.1,0.8,2513,32,Midfielder,0.7692307692307692,0.45,0.04367816091954023,1.3333333333333335,0.41379310344827586,34.12232711080224,73.66263843040353,49.837261828922216,49.59904248952723,49.04215372150111,True
1574189,Senny Mayulu,9847,Paris Saint-Germain,FRA-Ligue 1,1.1,36.7,7.0,0.0,0.3,3.1,0.17,0.22,1.4,4.0,0.22,0.6,0.6,0.0,0.9,7.24,0.0,39.0,1.9,2.6,0.9,1649,25,Midfielder,0.6956521739130436,0.18749999999999997,0.02997275204359673,0.6428571428571429,1.0626702997275204,80.93357271095154,23.384201077199283,47.71095152603231,69.34470377019748,49.02272184170195,True
1078729,Batista Mendy,8302,Sevilla,ESP-La Liga,1.9,31.4,0.0,0.0,1.3,0.5,0.03,0.06,2.1,0.0,0.06,1.0,0.3,0.3,0.4,6.65,0.0,9.0,0.9,1.9,0.6,1619,27,Midfielder,0.58,0.3448275862068966,0.06050955414012739,0.2857142857142857,0.28662420382165604,42.37881508078994,68.31238779174147,55.87971274685817,29.712746858168764,49.00542687244914,True
846005,Dominik Szoboszlai,8650,Liverpool,ENG-Premier League,3.6,53.3,13.0,0.0,1.7,6.4,0.18,0.13,1.1,7.0,0.17,0.8,0.6,0.2,0.5,7.49,0.0,74.0,2.0,1.5,0.7,3143,35,Midfielder,0.676470588235294,0.3478260869565218,0.0675422138836773,0.6363636363636362,1.3883677298311445,46.67169230967227,43.30202763138421,42.1710327342458,85.74654285953295,48.98989989921691,True
923298,Pablo Martínez,8581,Levante,ESP-La Liga,1.9,26.5,9.0,0.0,1.4,3.6,0.19,0.1,1.5,4.0,0.05,1.0,0.2,0.5,0.6,6.78,0.0,29.0,1.5,0.9,0.7,1689,25,Midfielder,0.5588235294117647,0.5263157894736842,0.07169811320754717,0.4666666666666666,1.0943396226415094,37.63016157989228,84.245960502693,32.18132854578097,53.141831238779176,48.91461348460666,True
359193,Lucas Vázquez,8633,Real Madrid,ESP-La Liga,1.3,51.8,8.0,0.0,1.3,3.9,0.16,0.06,1.2,5.0,0.04,0.7,0.1,0.2,0.1,7.06,0.0,33.0,0.6,2.4,0.8,2193,32,Midfielder,0.7209302325581395,0.22580645161290325,0.0250965250965251,0.6666666666666667,0.6370656370656371,45.935483870967744,34.946236559139784,67.68817204301075,69.89247311827957,48.70114204093538,False
1067260,Jakub Kaminski,8722,1. FC Köln,GER-Bundesliga,1.0,24.5,10.0,0.0,1.1,6.3,0.19,0.22,0.4,3.0,0.22,0.6,0.8,0.2,0.5,7.13,0.0,49.0,1.9,1.4,0.7,2930,33,Midfielder,0.8333333333333334,0.3,0.04081632653061224,1.7499999999999998,2.0,62.9443447037702,40.170556552962296,34.87432675044883,59.964093357271096,48.5279630909578,True
836797,Alex Král,8558,Espanyol,ESP-La Liga,1.2,19.7,3.0,0.0,1.5,1.6,0.05,0.05,1.0,1.0,0.0,0.9,0.1,0.5,0.2,6.73,0.0,12.0,0.7,1.8,1.0,2710,37,Midfielder,0.7297297297297297,0.3333333333333333,0.06091370558375635,1.0,0.6091370558375635,41.77419354838709,63.494623655913976,58.76344086021506,30.967741935483872,48.4838151260196,False
1055327,Antonio Sánchez,8661,Mallorca,ESP-La Liga,1.2,25.0,3.0,0.0,1.9,0.9,0.08,0.04,1.3,0.0,0.0,1.0,0.3,0.3,0.3,6.26,0.0,10.0,0.5,1.7,0.4,1032,29,Midfielder,0.675,0.37037037037037035,0.048,0.3076923076923077,0.4,39.01107443228252,75.68322361859167,63.24604415616172,22.743705076478577,48.34499407327008,True
629805,Ritsu Doan,9810,Eintracht Frankfurt,GER-Bundesliga,0.8,25.9,12.0,0.0,0.6,5.5,0.21,0.13,1.0,5.0,0.2,0.7,0.6,0.0,0.7,6.97,0.0,37.0,1.5,1.6,1.3,2289,30,Midfielder,0.6969696969696969,0.30434782608695654,0.030888030888030892,1.3,1.4285714285714286,66.68397006492796,35.49696595303823,38.50585252536953,55.595612697309576,48.12007590315212,True
924431,Gianluca Busio,7881,Venezia,ITA-Serie A,1.2,24.5,1.0,0.0,1.7,1.8,0.06,0.09,0.9,0.0,0.07,0.7,0.2,0.3,0.3,6.76,0.0,28.0,1.3,1.6,0.5,2524,33,Midfielder,0.71875,0.30434782608695654,0.04897959183673469,0.5555555555555556,1.1428571428571428,41.43010752688171,50.0,56.774193548387096,50.59139784946237,48.105343392518094,False
848289,Takefusa Kubo,8560,Real Sociedad,ESP-La Liga,0.4,23.2,7.0,0.0,0.6,3.5,0.21,0.14,0.5,4.0,0.12,0.7,0.7,0.0,0.5,7.05,0.0,32.0,1.7,1.7,2.2,1508,24,Midfielder,0.8275862068965517,0.2916666666666667,0.017241379310344827,4.4,1.3793103448275863,64.09794534211052,46.2043525543265,26.765442108582203,55.913206308758525,47.80159065684345,True
1127054,Tomás Suslov,9876,Verona,ITA-Serie A,1.6,15.5,4.0,0.0,0.6,1.7,0.07,0.07,2.3,1.0,0.0,0.8,0.3,0.1,0.5,6.62,0.0,27.0,1.4,2.3,1.5,2097,31,Midfielder,0.5740740740740741,0.2580645161290323,0.1032258064516129,0.6521739130434783,1.7419354838709677,50.548387096774185,43.655913978494624,48.01075268817204,49.354838709677416,47.70650981083356,False
777028,André Almeida,10267,Valencia CF,ESP-La Liga,3.0,45.1,4.0,0.0,0.4,1.8,0.16,0.05,1.0,1.0,0.0,0.9,0.3,0.1,0.3,0.0,0.0,17.0,0.8,2.0,1.3,1008,20,Midfielder,0.7435897435897436,0.3103448275862069,0.06651884700665188,1.3,0.376940133037694,52.600927910014605,43.10936725803234,40.13529339845434,58.18854848362,47.65956821809868,True
179515,Téji Savanier,10249,Montpellier,FRA-Ligue 1,7.2,38.1,16.0,0.0,0.8,7.7,0.3,0.16,0.8,5.0,0.08,0.6,0.7,0.0,0.7,7.04,0.0,70.0,1.8,1.2,1.1,2339,31,Midfielder,0.6923076923076923,0.33333333333333337,0.1889763779527559,1.375,1.837270341207349,53.23655913978494,52.52688172043011,22.956989247311824,80.10752688172043,47.64550811780231,False
561046,Ruben Aguilar,8588,Lens,FRA-Ligue 1,1.0,38.1,8.0,0.0,1.4,2.7,0.15,0.05,1.3,2.0,0.11,1.5,0.2,0.5,0.5,7.14,0.0,25.0,0.7,2.0,0.4,1685,25,Midfielder,0.7291666666666667,0.42857142857142855,0.026246719160104987,0.3076923076923077,0.6561679790026247,44.41404606088685,60.34587491875961,41.70434290200318,41.554731890632745,47.60534580799576,True
321140,Valentino Lazaro,9804,Torino,ITA-Serie A,1.8,26.7,7.0,0.0,2.0,3.9,0.16,0.02,1.5,2.0,0.0,0.9,0.1,0.3,0.4,6.74,0.0,31.0,0.3,1.9,0.4,2258,31,Midfielder,0.6511627906976744,0.32142857142857145,0.06741573033707865,0.26666666666666666,1.1610486891385767,38.019510562859146,50.991647522892094,56.47526109534565,55.36405346100139,47.54532574769701,True
355901,Morgan Sanson,9831,Nice,FRA-Ligue 1,2.6,26.4,3.0,0.0,0.8,1.3,0.07,0.13,1.8,2.0,0.0,1.3,0.2,0.4,0.6,6.43,0.0,11.0,0.9,1.4,1.2,1686,30,Midfielder,0.6000000000000001,0.48148148148148145,0.0984848484848485,0.6666666666666666,0.4166666666666667,45.81687612208259,90.97845601436265,27.244165170556553,29.66786355475763,47.52675104803225,True
423812,Phillipp Mwene,9905,1. FSV Mainz 05,GER-Bundesliga,1.5,18.7,3.0,0.0,1.9,2.8,0.13,0.09,1.0,2.0,0.05,0.6,0.1,0.4,0.5,6.68,0.0,17.0,0.5,1.2,0.4,1982,28,Midfielder,0.6428571428571428,0.33333333333333337,0.08021390374331551,0.4,0.9090909090909092,44.442340237961936,50.732997432481994,52.016273817107766,42.86284692058712,47.463097597174304,True
889536,Timothy Weah,8592,Marseille,FRA-Ligue 1,1.3,34.9,7.0,0.0,0.9,2.9,0.12,0.07,1.3,2.0,0.08,0.7,0.4,0.1,0.2,6.96,0.0,29.0,1.1,1.9,0.6,2175,28,Midfielder,0.6666666666666666,0.2692307692307693,0.03724928366762178,0.4615384615384615,0.830945558739255,47.278244306737975,42.57929383602633,49.468092636564286,56.2086317509958,47.44893736129899,True
882400,Jessy Deminguet,8550,Metz,FRA-Ligue 1,2.5,34.8,1.0,0.0,0.8,0.9,0.04,0.04,1.3,0.0,0.09,1.0,0.3,0.1,0.2,6.39,0.0,4.0,0.8,2.0,0.4,2012,31,Midfielder,0.6976744186046512,0.3333333333333333,0.07183908045977012,0.3076923076923077,0.1149425287356322,43.73429084380611,66.20287253141831,45.69120287253141,30.700179533213646,47.37927783207665,True
686460,Santiago Colombatto,8670,Real Oviedo,ESP-La Liga,1.6,37.3,3.0,0.0,1.7,2.0,0.09,0.03,1.9,1.0,0.0,0.6,0.1,0.3,0.6,6.65,0.0,24.0,0.7,1.9,0.2,1940,30,Midfielder,0.5681818181818181,0.24,0.04289544235924934,0.10526315789473685,0.64343163538874,53.97666068222622,29.443447037701972,64.99102333931778,59.33572710951526,47.373646581166014,True
1226147,Giuliano Simeone,9906,Atlético de Madrid,ESP-La Liga,0.4,33.2,9.0,0.0,0.5,4.9,0.22,0.22,0.9,6.0,0.18,0.8,0.6,0.1,0.5,7.18,0.0,29.0,1.5,1.8,1.2,2019,29,Midfielder,0.7428571428571429,0.3076923076923077,0.012048192771084336,1.3333333333333333,0.8734939759036143,53.18221012464367,50.640849919242235,30.774985038898862,56.24862454392772,47.372345221439296,True
747718,Christoph Baumgartner,178475,RB Leipzig,GER-Bundesliga,1.2,27.2,5.0,0.0,1.4,3.8,0.13,0.5,2.0,8.0,0.43,0.7,1.1,0.1,0.4,7.39,0.0,36.0,2.6,1.8,0.4,2699,32,Midfielder,0.5555555555555556,0.27999999999999997,0.04411764705882353,0.2,1.3235294117647058,47.689671370565556,38.26254962902904,59.02061092771697,53.10457327078627,47.34250304747166,True
303879,Lucas Torró,8371,Osasuna,ESP-La Liga,1.6,29.6,1.0,0.0,1.8,0.7,0.03,0.05,1.5,1.0,0.0,1.1,0.2,0.2,0.1,6.82,0.0,13.0,0.9,1.4,0.4,2181,32,Midfielder,0.625,0.44000000000000006,0.05405405405405406,0.26666666666666666,0.43918918918918914,29.047656737643422,84.07167171804919,60.43779721112205,33.86591635940104,47.33800393602985,True
1078846,Andrea Cambiaso,9885,Juventus,ITA-Serie A,1.7,43.6,11.0,0.0,0.6,5.3,0.18,0.1,1.0,4.0,0.1,0.7,0.4,0.2,0.4,7.08,0.0,54.0,0.8,2.0,0.3,2662,34,Midfielder,0.7297297297297297,0.25925925925925924,0.03899082568807339,0.3,1.238532110091743,51.731047663172525,35.8806136303675,42.063441503703274,77.5337992188053,47.258020316142215,True
295067,Will Hughes,9826,Crystal Palace,ENG-Premier League,1.4,32.0,1.0,0.0,1.6,1.9,0.11,0.07,1.3,0.0,0.0,0.9,0.0,0.4,0.0,6.56,0.0,20.0,1.0,1.5,0.6,1478,30,Midfielder,0.6486486486486486,0.375,0.04375,0.4615384615384615,0.625,33.178780332426015,60.69055938431046,55.87205523702888,52.01260593424837,47.216382405104454,True
1113785,Hannibal Mejbri,8191,Burnley,ENG-Premier League,1.3,28.7,5.0,0.0,0.5,1.8,0.14,0.05,1.7,4.0,0.08,0.7,0.3,0.2,0.7,6.64,0.0,18.0,1.3,2.2,1.5,1095,25,Midfielder,0.6304347826086957,0.24137931034482754,0.04529616724738676,0.8823529411764706,0.6271777003484321,65.90664272890484,34.33572710951526,43.85098743267505,44.12028725314183,47.037119264394306,True
1076647,Lucas Da Cunha,10171,Como,ITA-Serie A,2.0,58.7,10.0,0.0,0.6,4.8,0.17,0.2,1.1,4.0,0.14,0.6,0.5,0.0,0.4,7.26,0.0,41.0,1.3,1.9,0.8,2568,34,Midfielder,0.6944444444444444,0.24,0.034071550255536626,0.7272727272727273,0.6984667802385008,56.40177474051338,33.410326698969776,38.43983063390025,78.31142255941006,46.897181888242216,True
1210943,Jackson Tchatchoua,8602,Wolverhampton Wanderers,ENG-Premier League,0.7,20.2,3.0,0.0,2.8,1.7,0.08,0.02,0.4,1.0,0.0,0.7,0.0,0.4,0.2,6.5,0.0,21.0,0.1,1.4,0.2,1837,31,Midfielder,0.84,0.33333333333333337,0.03465346534653465,0.5,1.0396039603960396,44.576642664556026,42.56050397997464,58.80751980335,47.341235368686576,46.88804378376594,True
603537,Angeliño,8686,Roma,ITA-Serie A,2.6,37.5,7.0,0.0,2.5,4.0,0.11,0.03,0.9,1.0,0.06,0.8,0.1,0.3,0.1,7.1,0.0,50.0,0.7,1.3,0.3,3179,38,Midfielder,0.7000000000000001,0.38095238095238093,0.06933333333333333,0.3333333333333333,1.3333333333333333,25.419354838709676,66.39784946236558,57.31182795698925,73.81720430107526,46.808667508186126,False
901495,Albert Sambi Lokonga,9790,Hamburger SV,GER-Bundesliga,1.9,34.6,0.0,0.0,1.1,1.4,0.08,0.1,1.1,0.0,0.28,0.8,0.6,0.6,0.3,6.87,0.0,23.0,0.9,1.6,0.4,1622,25,Midfielder,0.6857142857142857,0.3333333333333333,0.054913294797687855,0.36363636363636365,0.6647398843930635,39.83842010771993,56.32854578096948,40.619389587073606,56.50807899461401,46.76140583827063,True
1460534,Junior Kroupi,8678,Bournemouth,ENG-Premier League,0.8,17.5,3.0,0.0,1.9,1.3,0.08,0.47,1.5,0.0,0.7,0.5,1.2,0.0,1.1,6.92,0.0,21.0,2.6,0.5,0.8,1534,31,Midfielder,0.4,0.5,0.045714285714285714,0.5333333333333333,1.2,42.06463195691203,59.91921005385996,39.90125673249551,45.01795332136445,46.75692947478029,True
867225,Zeki Çelik,8686,Roma,ITA-Serie A,1.1,38.0,2.0,0.0,2.3,1.9,0.07,0.05,1.2,2.0,0.04,0.6,0.1,0.2,0.3,7.02,0.0,24.0,0.7,2.1,0.3,2550,32,Midfielder,0.6923076923076923,0.2222222222222222,0.028947368421052635,0.25,0.631578947368421,49.40530105596417,26.829726581854917,81.68844874294577,57.53270528882968,46.53984855620306,True
1362622,Junior Mwanga,9848,Strasbourg,FRA-Ligue 1,2.0,37.2,2.0,0.0,1.5,1.2,0.06,0.07,1.4,1.0,0.05,0.7,0.2,0.4,0.2,6.82,0.0,18.0,0.5,2.1,1.0,1642,20,Midfielder,0.6666666666666667,0.25,0.05376344086021505,0.7142857142857143,0.48387096774193544,49.12468871257312,33.73438736703925,69.14068582974589,45.958153960991744,46.52409193410735,True
1473580,Aleksandar Pavlovic,9823,Bayern München,GER-Bundesliga,4.3,93.0,3.0,0.0,1.0,2.3,0.14,0.1,1.2,1.0,0.18,0.9,0.3,0.5,0.4,7.13,0.0,21.0,0.6,1.6,0.2,1460,24,Midfielder,0.6756756756756757,0.36,0.046236559139784944,0.16666666666666669,0.22580645161290322,44.92614042199957,46.98454984781503,43.300772829353356,54.415358776857595,46.517735369723724,True
528811,Jens Stage,8697,SV Werder Bremen,GER-Bundesliga,2.1,30.5,4.0,0.0,1.5,2.9,0.11,0.23,1.2,2.0,0.38,0.7,0.8,0.3,0.4,7.18,0.0,24.0,2.0,1.4,0.4,2378,28,Midfielder,0.6363636363636362,0.33333333333333337,0.06885245901639345,0.33333333333333337,0.7868852459016393,39.79833722643707,48.72537853194597,51.3443755912048,51.40650437893735,46.241357751570725,True
750032,Mason Mount,10260,Manchester United,ENG-Premier League,2.1,29.6,1.0,0.0,0.8,1.5,0.14,0.14,1.5,0.0,0.29,0.7,0.5,0.1,0.9,0.0,0.0,13.0,1.7,1.8,0.5,935,21,Midfielder,0.625,0.27999999999999997,0.07094594594594594,0.3333333333333333,0.43918918918918914,62.72890484739678,40.754039497307,39.40754039497307,35.77199281867145,46.164935342695024,True
952322,Brenden Aaronson,8463,Leeds United,ENG-Premier League,0.3,19.7,9.0,0.0,0.6,3.3,0.13,0.17,0.7,5.0,0.16,0.6,0.6,0.2,0.5,6.7,0.0,32.0,1.7,1.9,1.1,2316,35,Midfielder,0.78125,0.24,0.015228426395939087,1.5714285714285716,1.6243654822335025,69.43447037701975,29.443447037701972,39.138240574506284,53.41113105924596,46.01642932777486,True
1070052,Amad,10260,Manchester United,ENG-Premier League,1.0,31.1,5.0,0.0,1.2,3.7,0.15,0.22,0.8,2.0,0.08,0.6,0.8,0.1,0.4,7.17,0.0,39.0,2.0,1.5,1.5,2164,30,Midfielder,0.7241379310344827,0.2857142857142857,0.03215434083601286,1.875,1.2540192926045015,56.27108228283882,32.77993346331795,40.07802294678996,65.63116542151695,45.754102368179986,True
812549,Marius Marin,6479,Pisa,ITA-Serie A,2.4,24.1,0.0,0.0,1.6,0.6,0.04,0.01,2.5,0.0,0.0,0.9,0.0,0.3,0.5,6.48,0.0,2.0,0.2,3.1,0.1,1287,23,Midfielder,0.6153846153846154,0.225,0.0995850622406639,0.04,0.08298755186721991,61.65170556552962,41.51705565529623,79.98204667863556,12.701974865350088,45.51221132877592,True
1053714,Nicola Zalewski,8524,Atalanta,ITA-Serie A,1.8,25.4,11.0,0.0,1.1,4.5,0.22,0.14,0.9,4.0,0.1,0.7,0.3,0.0,0.4,7.01,0.0,36.0,1.8,1.3,1.3,1843,32,Midfielder,0.6896551724137931,0.35,0.07086614173228346,1.4444444444444444,1.4173228346456694,47.8648031247788,51.39723814855569,30.116213972703225,54.596822455164954,45.459307080638816,True
1096353,Cole Palmer,8455,Chelsea,ENG-Premier League,1.7,32.8,3.0,0.0,0.6,2.4,0.12,0.51,0.7,1.0,0.45,0.8,1.1,0.0,1.1,7.05,0.0,23.0,2.9,1.2,1.1,1786,24,Midfielder,0.7407407407407407,0.4,0.05182926829268293,1.5714285714285716,0.701219512195122,63.811071858329626,50.078344690900444,17.166496142288114,59.036923354117995,45.10383740749363,True
967871,Iván Martin,7732,Girona,ESP-La Liga,2.3,44.4,2.0,0.0,1.0,2.0,0.07,0.03,1.0,1.0,0.0,0.6,0.2,0.2,0.5,6.85,0.0,22.0,0.5,2.2,1.1,2358,33,Midfielder,0.736842105263158,0.21428571428571425,0.0518018018018018,1.1,0.4954954954954955,60.76573811316384,28.10724374690321,43.63722064567609,60.107912974653004,45.05440034489636,True
762721,Lovro Majer,8721,VfL Wolfsburg,GER-Bundesliga,1.2,28.7,4.0,0.0,1.2,2.5,0.17,0.2,2.0,3.0,0.13,0.6,0.5,0.1,0.9,6.68,0.0,22.0,1.8,1.7,0.8,1372,27,Midfielder,0.5348837209302325,0.2608695652173913,0.04181184668989547,0.4,0.7665505226480837,55.86175942549373,32.675044883303414,46.6786355475763,49.147217235188506,45.00942262024142,True
578756,Deiver Machado,9830,Nantes,FRA-Ligue 1,0.8,22.9,3.0,0.0,2.3,1.0,0.08,0.06,1.9,1.0,0.0,0.8,0.2,0.1,0.4,6.54,0.0,7.0,1.0,1.6,0.5,1186,19,Midfielder,0.5581395348837209,0.3333333333333333,0.03493449781659389,0.2631578947368421,0.30567685589519655,37.86082636757334,55.9394606281732,61.89780763563123,27.973430371357054,44.877527933029626,True
1146376,Eren Dinkçi,94937,1. FC Heidenheim 1846,GER-Bundesliga,1.2,18.6,0.0,0.0,1.0,1.9,0.13,0.27,0.7,1.0,0.21,0.7,0.6,0.0,0.5,6.75,0.0,10.0,1.8,1.7,0.8,1307,21,Midfielder,0.7741935483870969,0.2916666666666667,0.06451612903225806,1.142857142857143,0.5376344086021505,64.75022361215679,38.247363307014666,36.68581044123987,34.01259949936617,44.80850900463678,True
178753,Nemanja Gudelj,8302,Sevilla,ESP-La Liga,2.1,37.7,1.0,0.0,5.0,0.4,0.02,0.05,1.5,0.0,0.08,1.0,0.3,0.7,0.1,6.73,0.0,6.0,1.2,1.3,0.2,2290,32,Midfielder,0.6052631578947368,0.4347826086956522,0.055702917771883284,0.13333333333333333,0.15915119363395225,23.864037373795878,78.38600284421794,63.75456072276597,39.77973398196946,44.80572000332371,True
693171,Ludovic Blas,9851,Rennes,FRA-Ligue 1,1.2,31.5,10.0,0.0,0.5,5.6,0.34,0.3,1.5,4.0,0.31,1.0,0.8,0.1,0.9,6.89,0.0,44.0,2.7,1.2,1.5,1462,31,Midfielder,0.5945945945945946,0.45454545454545453,0.03809523809523809,1.0,1.3968253968253967,47.08685160518138,63.77003661447977,18.382560182235864,64.57767868059176,44.80159153559176,True
493165,James Maddison,8586,Tottenham Hotspur,ENG-Premier League,2.0,49.3,6.0,0.0,0.8,5.9,0.29,0.29,1.6,7.0,0.45,0.6,0.8,0.2,0.7,7.29,0.0,41.0,1.9,1.5,1.6,1816,31,Midfielder,0.5675675675675675,0.2857142857142857,0.04056795131845842,1.0,0.8316430020283976,47.55913978494624,41.344086021505376,30.75268817204301,74.89247311827958,44.740234720769564,False
1109171,Yan Couto,9789,Borussia Dortmund,GER-Bundesliga,1.5,34.0,4.0,0.0,1.7,3.0,0.27,0.06,1.5,2.0,0.09,0.6,0.3,0.1,0.5,0.0,0.0,17.0,0.7,1.8,1.2,991,18,Midfielder,0.6153846153846154,0.25,0.04411764705882353,0.7999999999999999,0.5,49.31777378815081,31.059245960502693,61.66965888689408,48.07001795332136,44.72022055423476,True
868344,Tijjani Reijnders,8456,Manchester City,ENG-Premier League,0.7,39.5,4.0,0.0,1.2,2.3,0.13,0.23,1.0,2.0,0.29,0.6,0.9,0.1,0.9,6.98,0.0,17.0,2.6,0.6,1.1,1559,27,Midfielder,0.5454545454545454,0.5,0.01772151898734177,1.1,0.43037974683544306,39.77069297246515,72.04214204358989,21.546977857570315,58.884577517808545,44.596481743429564,True
1016132,Kouadio Koné,8686,Roma,ITA-Serie A,1.3,45.4,4.0,0.0,1.0,2.5,0.09,0.08,1.7,3.0,0.07,0.7,0.2,0.1,0.4,7.18,0.0,25.0,0.8,1.8,1.1,2441,28,Midfielder,0.5952380952380952,0.27999999999999997,0.028634361233480177,0.6470588235294118,0.5506607929515419,38.19352264756794,48.477603392469895,40.823375353114166,60.626693178381366,44.559479283118485,True
449283,Alessandro Deiola,8529,Cagliari,ITA-Serie A,1.8,31.0,0.0,0.0,2.4,0.3,0.02,0.09,1.5,2.0,0.0,0.9,0.4,0.5,0.1,6.69,0.0,6.0,1.3,2.2,0.2,1289,18,Midfielder,0.673913043478261,0.2903225806451613,0.05806451612903226,0.13333333333333333,0.1935483870967742,37.73662027116594,51.526032315978455,78.99197570188478,22.67649273180054,44.496724120125634,True
1310103,Anton Kade,8406,FC Augsburg,GER-Bundesliga,0.6,17.1,4.0,0.0,1.0,2.9,0.16,0.33,1.1,0.0,0.33,0.7,1.1,0.1,0.4,6.84,0.0,26.0,2.3,1.6,1.1,1656,27,Midfielder,0.676470588235294,0.30434782608695654,0.03508771929824561,1.0,1.5204678362573099,45.31418312387791,45.960502692998205,37.74685816876122,49.50628366247756,44.460321228784075,True
275034,Silvan Widmer,9905,1. FSV Mainz 05,GER-Bundesliga,1.0,20.4,4.0,0.0,3.1,2.9,0.15,0.13,0.8,1.0,0.1,0.7,0.2,0.4,0.2,6.72,0.0,8.0,1.0,1.9,0.1,1751,26,Midfielder,0.7647058823529412,0.2692307692307693,0.04901960784313726,0.125,0.3921568627450981,49.36265709156194,38.8689407540395,78.9048473967684,21.14003590664273,44.438244250969305,True
1021929,Jacob Ramsey,10261,Newcastle United,ENG-Premier League,0.6,38.4,1.0,0.0,0.6,1.2,0.09,0.08,1.1,2.0,0.14,0.6,0.3,0.2,0.8,6.71,0.0,20.0,1.1,2.2,1.1,1264,26,Midfielder,0.717948717948718,0.21428571428571425,0.015625,1.0,0.5208333333333334,76.34739998584327,23.125164893856617,40.15054406929082,52.74309376266868,44.388101106148554,True
951714,Adrián Bernabé,10167,Parma,ITA-Serie A,2.7,38.8,7.0,0.0,0.9,3.1,0.11,0.08,0.5,1.0,0.11,0.6,0.4,0.2,0.4,7.01,0.0,55.0,1.8,1.4,0.5,2493,32,Midfielder,0.8,0.3,0.0695876288659794,1.0,1.4175257731958764,51.41055191984711,32.24632085609673,38.35640238605432,72.39441967014794,44.37472568480629,True
1321605,Mario Martín,8305,Getafe,ESP-La Liga,0.9,18.1,1.0,0.0,1.1,1.0,0.05,0.1,3.0,1.0,0.09,0.7,0.3,0.2,0.4,6.35,0.0,8.0,1.2,2.5,0.6,1960,33,Midfielder,0.5161290322580645,0.21874999999999997,0.049723756906077346,0.19999999999999998,0.4419889502762431,45.735005115731354,38.88988629563136,73.09180002960045,27.51182409605992,44.334283857816246,True
1280082,Matias Soulé,8686,Roma,ITA-Serie A,1.5,34.5,5.0,0.0,0.5,3.8,0.16,0.16,0.3,5.0,0.26,0.4,0.6,0.1,1.5,7.08,0.0,42.0,2.1,0.8,1.4,2082,31,Midfielder,0.8,0.3333333333333333,0.043478260869565216,4.666666666666667,1.2173913043478262,69.23165575954133,37.60921603830042,17.872885336833907,70.50719741575129,44.09292273342465,True
1386775,Lucas Bergvall,8586,Tottenham Hotspur,ENG-Premier League,0.9,23.2,0.0,0.0,1.2,0.4,0.04,0.13,2.2,3.0,0.09,0.2,0.5,0.2,0.4,6.56,0.0,5.0,1.1,2.0,1.4,966,23,Midfielder,0.5,0.09090909090909091,0.03879310344827586,0.6363636363636362,0.21551724137931036,55.706292671312646,33.35176927086349,64.28447327271674,25.848954009896847,43.80158409157527,True
1027194,Alexander Prass,8226,TSG 1899 Hoffenheim,GER-Bundesliga,1.2,27.4,4.0,0.0,1.3,3.2,0.23,0.08,1.8,2.0,0.21,0.5,0.8,0.2,0.9,6.72,0.0,17.0,1.3,2.3,1.1,1262,31,Midfielder,0.6086956521739131,0.17857142857142858,0.043795620437956206,0.6111111111111112,0.6204379562043796,68.58572228335362,18.659388814887745,72.38296557981506,43.090706099624846,43.75582142387508,True
866516,Teun Koopmeiners,9885,Juventus,ITA-Serie A,2.1,53.3,0.0,0.0,2.0,1.2,0.06,0.08,1.6,0.0,0.0,0.9,0.4,0.4,0.3,6.72,0.0,16.0,1.4,1.6,0.2,1754,31,Midfielder,0.6097560975609757,0.36,0.039399624765478425,0.125,0.300187617260788,30.617008680656102,51.17809823491181,51.41583495814109,57.02447829192486,43.49514518203152,True
1276315,Dermane Karim,8689,Lorient,FRA-Ligue 1,1.3,30.2,1.0,0.0,0.3,1.0,0.07,0.08,1.3,2.0,0.07,0.7,0.1,0.1,0.8,6.71,0.0,16.0,1.0,1.6,1.3,1340,29,Midfielder,0.638888888888889,0.30434782608695654,0.043046357615894044,1.0,0.5298013245033113,58.680430879712745,45.960502692998205,24.281867145421902,42.010771992818675,43.47590179101229,True
1793640,Khalis Merah,9748,Lyon,FRA-Ligue 1,0.8,33.3,3.0,0.0,0.2,1.3,0.11,0.08,0.9,1.0,0.0,0.6,0.2,0.0,0.6,6.66,0.0,12.0,0.5,2.1,0.8,1139,22,Midfielder,0.75,0.2222222222222222,0.024024024024024027,0.888888888888889,0.3603603603603604,74.95511669658887,26.481149012567325,38.28545780969479,38.016157989228006,43.31751153102931,True
848266,Weston McKennie,9885,Juventus,ITA-Serie A,1.0,31.5,6.0,0.0,1.5,5.7,0.19,0.25,1.3,5.0,0.17,0.7,0.5,0.3,0.4,7.23,0.0,44.0,1.4,1.3,0.5,2661,34,Midfielder,0.6060606060606061,0.35,0.031746031746031744,0.3846153846153846,1.3968253968253967,33.864519989961586,47.992220227408744,42.36874449013211,64.18341344761684,43.27972738168224,True
1075815,Patrick Osterhage,8358,Sport-Club Freiburg,GER-Bundesliga,0.9,30.0,0.0,0.0,1.1,0.8,0.06,0.07,1.0,0.0,0.08,1.3,0.2,0.8,0.2,6.54,0.0,6.0,0.5,1.1,0.5,1188,20,Midfielder,0.7058823529411765,0.5416666666666666,0.030000000000000002,0.5,0.2,34.235626081864574,76.59253682361344,36.23337387309125,30.076156830949213,43.23927848182546,True
1254218,Hugo Sotelo,9910,Celta de Vigo,ESP-La Liga,2.8,61.6,5.0,0.0,1.1,2.2,0.15,0.01,1.8,2.0,0.0,0.9,0.1,0.6,0.2,7.02,0.0,26.0,0.1,2.0,0.1,1342,20,Midfielder,0.6170212765957447,0.3103448275862069,0.04545454545454545,0.05555555555555556,0.42207792207792205,34.07011447655451,43.39610560928682,49.11388454534339,61.53986731272884,43.0705408173865,True
625340,Mauro Arambarri,8305,Getafe,ESP-La Liga,1.0,16.2,1.0,0.0,0.9,0.8,0.02,0.21,1.7,2.0,0.18,0.7,0.6,0.2,0.6,6.94,0.0,21.0,1.7,1.9,0.9,3075,35,Midfielder,0.6046511627906976,0.2692307692307693,0.0617283950617284,0.5294117647058824,1.2962962962962963,47.51645077636854,35.46459849552454,47.46092417778292,44.28440892389465,43.05650538152869,True
1254297,Andy Diouf,8588,Lens,FRA-Ligue 1,0.4,34.1,3.0,0.0,0.6,3.3,0.13,0.12,1.7,2.0,0.04,0.6,0.2,0.0,0.8,6.85,0.0,33.0,1.6,1.5,1.7,2233,34,Midfielder,0.5526315789473685,0.2857142857142857,0.011730205278592375,1.0,0.9677419354838709,49.88172043010753,41.344086021505376,27.043010752688172,61.29032258064516,43.025240965385706,False
902651,Raoul Bellanova,8524,Atalanta,ITA-Serie A,1.1,31.2,3.0,0.0,1.5,2.3,0.16,0.03,0.3,1.0,0.0,0.5,0.3,0.2,0.3,6.77,0.0,20.0,0.9,1.2,0.6,1329,23,Midfielder,0.85,0.29411764705882354,0.03525641025641026,2.0,0.6410256410256411,41.843297748434715,43.4465229113981,38.5483227479521,51.82634826869494,42.987210377704166,True
750031,Pol Lozano,8558,Espanyol,ESP-La Liga,1.5,34.2,2.0,0.0,1.0,2.2,0.09,0.03,2.7,1.0,0.09,0.9,0.2,0.3,0.2,6.54,0.0,23.0,0.7,1.6,0.1,2116,32,Midfielder,0.4807692307692307,0.36,0.043859649122807015,0.037037037037037035,0.6725146198830408,26.96455023390797,63.88419142487597,46.86708107308095,51.30332104270831,42.9626475892766,True
667790,Suat Serdar,9876,Verona,ITA-Serie A,2.0,23.1,2.0,0.0,1.3,0.8,0.07,0.17,1.5,0.0,0.16,0.7,0.6,0.4,0.5,6.61,0.0,13.0,1.5,2.5,0.7,1108,20,Midfielder,0.6808510638297872,0.21874999999999997,0.08658008658008658,0.4666666666666666,0.5627705627705627,56.32863586932041,27.45619453935895,66.7543097623598,30.83531205961275,42.91414348939371,True
1137705,Enzo Fernández,8455,Chelsea,ENG-Premier League,2.8,51.3,10.0,0.0,0.8,6.7,0.21,0.34,1.0,3.0,0.28,0.6,0.9,0.0,0.4,7.27,0.0,64.0,2.1,1.6,0.3,2941,34,Midfielder,0.6875,0.2727272727272727,0.05458089668615984,0.3,1.2475633528265109,50.47994568959415,28.255471258598615,35.559126915181814,86.7289885008655,42.88814220368409,True
707970,Djibril Sow,8302,Sevilla,ESP-La Liga,1.7,33.9,2.0,0.0,0.4,1.8,0.08,0.08,1.6,4.0,0.22,0.8,0.4,0.1,0.1,6.74,0.0,22.0,0.8,1.7,0.3,2015,31,Midfielder,0.6097560975609757,0.32,0.05014749262536873,0.18749999999999997,0.6489675516224189,32.865974273340925,66.14602034709755,29.604319092939004,54.539198084979056,42.834107512023465,True
921825,Jon Moncayola,8371,Osasuna,ESP-La Liga,2.7,33.7,9.0,0.0,1.5,3.5,0.11,0.06,1.2,4.0,0.0,0.6,0.2,0.2,0.3,6.96,0.0,37.0,0.7,1.6,0.4,2889,34,Midfielder,0.6470588235294118,0.2727272727272727,0.08011869436201781,0.33333333333333337,1.0979228486646884,44.259312883277666,29.151528606268865,54.152912105943905,62.51529893245304,42.81760223710081,True
1175939,Paul Nebel,9905,1. FSV Mainz 05,GER-Bundesliga,0.5,26.2,9.0,0.0,1.0,3.7,0.17,0.21,1.3,2.0,0.23,0.5,0.3,0.1,0.6,6.95,0.0,40.0,1.4,2.2,0.9,1986,29,Midfielder,0.675,0.18518518518518517,0.019083969465648856,0.6923076923076923,1.5267175572519085,60.97850749342033,22.537241880787374,46.48668301126748,59.43234686589062,42.68263770483963,True
769166,Jean-Ricner Bellegarde,8602,Wolverhampton Wanderers,ENG-Premier League,1.9,24.5,2.0,0.0,1.5,1.1,0.08,0.07,1.4,1.0,0.07,0.7,0.5,0.2,0.4,6.42,0.0,13.0,1.5,2.0,1.3,1240,25,Midfielder,0.6585365853658538,0.25925925925925924,0.07755102040816327,0.9285714285714287,0.5306122448979592,46.30552820730617,32.314305386639894,59.12627169359664,39.682438562962105,42.65164582453447,True
612863,Frank Anguissa,9875,Napoli,ITA-Serie A,0.8,44.3,1.0,0.0,0.8,1.3,0.09,0.18,1.3,1.0,0.29,0.9,0.6,0.2,0.2,7.05,0.0,13.0,1.6,1.3,0.6,1256,18,Midfielder,0.6285714285714287,0.40909090909090906,0.018058690744920995,0.4615384615384615,0.29345372460496616,29.35748344626552,75.80226893946706,29.563489765319844,52.30925400410545,42.61320200677463,True
1428426,Arthur Atta,8600,Udinese,ITA-Serie A,1.2,29.9,5.0,0.0,1.3,2.2,0.08,0.15,0.9,3.0,0.19,0.7,0.7,0.0,0.5,7.02,0.0,32.0,2.0,0.9,2.3,2383,30,Midfielder,0.64,0.43749999999999994,0.04013377926421405,2.5555555555555554,1.0702341137123745,38.25536186560105,54.19940412990741,29.838098363609458,54.07086735777301,42.56370184226982,True
800615,Filip Ugrinic,10267,Valencia CF,ESP-La Liga,1.7,34.0,6.0,0.0,1.9,2.6,0.17,0.06,1.1,3.0,0.0,0.5,0.1,0.3,0.5,6.81,0.0,21.0,1.2,1.7,1.0,1344,25,Midfielder,0.6666666666666666,0.22727272727272727,0.049999999999999996,0.9090909090909091,0.6176470588235294,52.576301615798926,23.204667863554757,61.93895870736086,52.91741472172352,42.54824892330785,True
166733,Christopher Trimmel,8149,1. FC Union Berlin,GER-Bundesliga,2.9,21.4,10.0,0.0,3.6,6.2,0.31,0.0,1.3,3.0,0.0,0.4,0.0,0.4,0.1,6.97,0.0,52.0,0.2,1.8,0.0,1804,28,Midfielder,0.6285714285714287,0.18181818181818182,0.1355140186915888,0.0,2.429906542056075,36.36151811741086,29.634949132256136,77.91731819849038,56.15004214847847,42.51040774090805,True
1310440,Javi Rueda,9910,Celta de Vigo,ESP-La Liga,1.3,26.1,7.0,0.0,2.3,2.7,0.19,0.09,1.7,6.0,0.14,1.3,0.2,0.4,0.2,6.92,0.0,13.0,0.8,1.3,1.3,1270,24,Midfielder,0.6046511627906977,0.5,0.04980842911877394,0.7647058823529412,0.49808429118773945,20.628366247755835,91.87612208258528,55.11669658886894,34.78456014362657,42.50970606579694,True
839038,Elvis Rexhbeçaj,8406,FC Augsburg,GER-Bundesliga,1.0,25.5,1.0,0.0,1.6,1.2,0.09,0.04,1.1,0.0,0.16,0.4,0.4,0.1,0.8,6.43,0.0,10.0,0.9,1.5,0.4,1109,26,Midfielder,0.6333333333333333,0.2105263157894737,0.0392156862745098,0.36363636363636365,0.39215686274509803,59.640946442475375,32.76844719857403,44.65341724419735,30.348513220465502,42.498039507984885,True
699461,Jean-Victor Makengo,8689,Lorient,FRA-Ligue 1,0.7,23.1,1.0,0.0,1.2,1.6,0.08,0.16,0.5,2.0,0.21,0.5,0.7,0.1,0.5,6.9,0.0,23.0,1.9,1.4,1.2,1746,30,Midfielder,0.7916666666666666,0.2631578947368421,0.0303030303030303,2.4,0.9956709956709956,61.113105924596056,28.590664272890486,37.657091561938955,46.90305206463196,42.448643746083945,True
244811,Davide Zappacosta,8524,Atalanta,ITA-Serie A,1.0,33.7,2.0,0.0,1.3,4.6,0.17,0.08,0.6,3.0,0.11,0.7,0.3,0.1,0.4,6.99,0.0,37.0,1.3,0.7,0.9,2447,33,Midfielder,0.7,0.5,0.029673590504451036,1.5,1.0979228486646884,33.762430583708166,60.554236404702614,27.966448524159762,61.11744947008745,42.349413792171696,True
942379,Miguel Gutiérrez,9875,Napoli,ITA-Serie A,2.3,41.6,2.0,0.0,1.4,1.3,0.08,0.05,1.2,1.0,0.07,0.5,0.3,0.1,0.3,6.88,0.0,21.0,0.9,2.1,0.5,1382,26,Midfielder,0.6842105263157895,0.1923076923076923,0.05528846153846153,0.4166666666666667,0.5048076923076923,44.07823529790287,28.027998172493454,54.819115461091485,62.286764090783315,42.33522418098023,True
304354,Janik Haberer,8149,1. FC Union Berlin,GER-Bundesliga,2.0,24.4,3.0,0.0,2.3,2.5,0.14,0.03,1.3,1.0,0.0,0.4,0.1,0.2,0.4,6.52,0.0,21.0,0.6,1.9,0.3,1652,28,Midfielder,0.638888888888889,0.1739130434782609,0.0819672131147541,0.23076923076923075,0.8606557377049181,45.78818941719271,28.21229319897299,73.31924094129458,38.02320418524739,42.31030247924402,True
934156,Jurgen Ekkelenkamp,8600,Udinese,ITA-Serie A,0.3,20.8,4.0,0.0,1.1,1.8,0.07,0.2,0.9,3.0,0.2,0.6,0.6,0.2,0.4,6.93,0.0,27.0,1.3,1.9,0.7,2203,31,Midfielder,0.7352941176470589,0.24,0.014423076923076922,0.7777777777777777,1.2980769230769231,49.19910169044356,31.81534462011673,46.61930593360489,45.723409457989874,42.23864248743397,True
952095,Óscar Mingueza,9910,Celta de Vigo,ESP-La Liga,2.6,48.3,7.0,0.0,1.7,4.4,0.21,0.03,0.7,4.0,0.05,0.4,0.2,0.2,0.1,6.87,0.0,29.0,0.7,1.9,0.7,1921,32,Midfielder,0.7666666666666666,0.1739130434782609,0.053830227743271224,1.0,0.6004140786749482,40.805177506225746,28.427346962413854,55.60333455596096,69.20342593128832,42.16096578296914,True
557677,Nikola Vlasic,9804,Torino,ITA-Serie A,1.2,27.9,3.0,0.0,0.9,3.2,0.1,0.22,1.3,3.0,0.25,0.6,0.5,0.1,0.5,7.17,0.0,50.0,1.4,2.0,0.8,2873,35,Midfielder,0.6666666666666666,0.23076923076923075,0.043010752688172046,0.6153846153846154,1.7921146953405018,56.68486451355508,24.997779965637733,41.17414078235297,61.02079753930104,42.056246818185265,True
282472,Sergi Darder,8661,Mallorca,ESP-La Liga,2.7,31.2,12.0,0.0,0.6,4.8,0.17,0.07,0.7,5.0,0.04,0.9,0.4,0.2,0.4,7.0,0.0,56.0,1.2,0.9,1.2,2509,36,Midfielder,0.72,0.5,0.08653846153846155,1.7142857142857144,1.794871794871795,41.07437436857719,64.15020945541592,16.150235194944756,67.93215060198322,42.01035325528601,True
951712,Nicolò Fagioli,8535,Fiorentina,ITA-Serie A,3.9,53.0,11.0,0.0,0.9,3.7,0.13,0.09,0.8,3.0,0.07,0.5,0.3,0.4,0.6,7.18,0.0,61.0,1.2,1.7,0.7,2500,32,Midfielder,0.7333333333333334,0.22727272727272727,0.07358490566037736,0.8749999999999999,1.150943396226415,59.177615618746096,20.666911192190625,41.646750706228325,78.32171837094522,41.960083101406866,True
1384883,Marc Casadó,8634,Barcelona,ESP-La Liga,1.9,73.4,0.0,0.0,0.7,0.7,0.06,0.1,2.2,1.0,0.0,0.7,0.0,0.3,0.1,6.78,0.0,13.0,1.0,1.7,0.2,969,22,Midfielder,0.5217391304347826,0.2916666666666667,0.025885558583106264,0.09090909090909091,0.17711171662125338,30.54205517268006,52.97854610271359,41.40351215870993,52.8475640753396,41.57244653495546,True
815006,Phil Foden,8456,Manchester City,ENG-Premier League,2.1,46.5,10.0,0.0,0.6,4.6,0.21,0.29,0.8,5.0,0.32,0.4,0.9,0.1,0.5,7.38,0.0,51.0,2.5,1.6,1.0,1960,31,Midfielder,0.7142857142857143,0.2,0.04516129032258065,1.25,1.096774193548387,58.596816020282745,30.21051717148318,22.609795177699272,77.73109270734798,41.423986921214755,True
1253890,Arda Güler,8633,Real Madrid,ESP-La Liga,3.2,54.4,14.0,0.0,0.4,7.2,0.32,0.2,0.9,9.0,0.18,0.4,0.9,0.1,0.5,7.47,0.0,70.0,2.2,2.1,1.2,2010,32,Midfielder,0.7352941176470589,0.16,0.05882352941176471,1.3333333333333333,1.286764705882353,69.07576430313442,15.77997207261121,42.156875993384936,84.29940219944274,41.40408790881536,True
1184777,Jofre Carreras,8558,Espanyol,ESP-La Liga,0.5,13.7,2.0,0.0,0.9,1.9,0.08,0.1,1.2,3.0,0.12,0.6,0.5,0.0,0.7,6.63,0.0,24.0,1.7,0.9,1.6,2175,37,Midfielder,0.5555555555555555,0.39999999999999997,0.03649635036496351,1.3333333333333335,1.7518248175182483,39.817204301075265,60.86021505376343,21.612903225806452,49.03225806451613,41.28950894980946,False
921594,Domagoj Bradaric,9876,Verona,ITA-Serie A,0.7,18.3,4.0,0.0,1.8,2.4,0.11,0.03,0.4,1.0,0.0,0.4,0.3,0.1,0.3,6.59,0.0,27.0,0.6,1.4,0.3,1945,27,Midfielder,0.8181818181818182,0.22222222222222227,0.03825136612021857,0.7499999999999999,1.4754098360655736,44.630721414644505,28.020951976474066,55.186901153774386,49.78591146889057,41.16706490954353,True
459658,Ruslan Malinovsky,10233,Genoa,ITA-Serie A,3.5,40.0,8.0,0.0,0.7,3.1,0.13,0.18,1.5,3.0,0.25,0.6,0.6,0.2,0.6,6.84,0.0,36.0,2.1,1.3,0.5,2160,33,Midfielder,0.5588235294117647,0.3157894736842105,0.0875,0.3333333333333333,0.9,42.61220825852783,44.165170556552965,23.114901256732495,70.9605026929982,41.14260620638988,True
765158,Alimami Gory,6379,Paris FC,FRA-Ligue 1,0.6,16.7,1.0,0.0,1.3,0.6,0.06,0.22,1.0,1.0,0.28,0.8,0.3,0.1,0.4,6.47,0.0,4.0,1.5,1.8,0.4,954,23,Midfielder,0.7222222222222222,0.3076923076923077,0.03592814371257485,0.4,0.23952095808383234,54.33572710951526,51.39138240574506,52.55834829443447,9.694793536804308,40.987944128568614,True
1079539,Dilane Bakwa,9848,Strasbourg,FRA-Ligue 1,1.8,26.8,12.0,0.0,0.9,6.0,0.21,0.16,1.0,8.0,0.22,0.5,0.8,0.0,0.7,7.38,0.0,47.0,1.9,0.9,1.8,2509,30,Midfielder,0.5833333333333334,0.35714285714285715,0.06716417910447761,1.8,1.753731343283582,41.526881720430104,50.53763440860215,21.612903225806452,61.18279569892473,40.96724457017855,False
1210647,Beñat Turrientes,8560,Real Sociedad,ESP-La Liga,1.9,40.0,1.0,0.0,1.8,0.6,0.04,0.06,1.9,3.0,0.0,0.5,0.5,0.4,0.5,6.79,0.0,11.0,1.5,2.9,1.5,1167,25,Midfielder,0.6415094339622641,0.14705882352941177,0.0475,0.7894736842105263,0.275,53.0958990495679,21.644048055700342,68.52203625412638,40.35629942793897,40.96619631761009,True
916710,Alessandro Zanoli,8600,Udinese,ITA-Serie A,0.6,19.5,3.0,0.0,2.5,1.1,0.07,0.01,1.1,2.0,0.07,0.5,0.1,0.3,0.3,6.94,0.0,15.0,0.2,1.7,1.0,1290,19,Midfielder,0.6666666666666666,0.22727272727272727,0.030769230769230767,0.9090909090909091,0.7692307692307693,42.53657265303759,29.25114058287163,63.85764753576186,40.20089702258,40.887227161501954,True
1251666,Ernest Poku,8178,Bayer 04 Leverkusen,GER-Bundesliga,0.4,28.1,4.0,0.0,0.9,4.3,0.26,0.18,0.2,5.0,0.3,0.5,0.5,0.1,0.4,6.75,0.0,27.0,1.6,0.8,1.7,1484,29,Midfielder,0.8666666666666667,0.3846153846153846,0.014234875444839857,8.5,0.9608540925266903,49.97307001795332,50.179533213644525,17.414721723518852,53.007181328545784,40.88359808997991,True
640220,Marc Roca,8603,Real Betis,ESP-La Liga,2.1,40.5,3.0,0.0,1.7,1.2,0.06,0.06,1.8,1.0,0.05,1.1,0.2,0.3,0.6,6.8,0.0,17.0,0.7,1.7,0.5,1925,27,Midfielder,0.6086956521739131,0.3928571428571429,0.05185185185185186,0.2777777777777778,0.41975308641975306,35.347618771838384,52.835402147963684,39.699555349639326,35.54036923354118,40.84782913921763,True
556524,Lucas Höler,8358,Sport-Club Freiburg,GER-Bundesliga,0.3,17.1,2.0,0.0,1.8,1.9,0.09,0.2,1.3,1.0,0.13,0.5,0.7,0.1,0.6,6.72,0.0,24.0,1.5,1.1,0.4,2025,32,Midfielder,0.5517241379310345,0.3125,0.017543859649122806,0.3076923076923077,1.4035087719298245,45.576160048390314,29.341968945258458,49.53273102835853,47.172126664221416,40.816546405426735,True
586474,Kingsley Ehizibue,8600,Udinese,ITA-Serie A,1.0,18.9,2.0,0.0,2.6,1.0,0.05,0.06,1.8,0.0,0.1,0.6,0.1,0.2,0.1,6.6,0.0,8.0,0.4,2.0,0.4,1720,31,Midfielder,0.5909090909090908,0.23076923076923075,0.052910052910052914,0.22222222222222224,0.4232804232804233,36.44114334987098,35.42788749251945,77.17936590670708,29.85341338326802,40.748358239108725,True
980793,Khéphren Thuram-Ulien,9885,Juventus,ITA-Serie A,1.6,48.4,4.0,0.0,1.1,3.5,0.13,0.11,1.4,2.0,0.11,0.5,0.6,0.3,0.5,7.14,0.0,23.0,1.8,2.2,0.8,2362,33,Midfielder,0.6585365853658538,0.18518518518518517,0.03305785123966942,0.5714285714285715,0.47520661157024796,48.71902086832301,21.408209622722854,55.91066453028577,62.54824552936558,40.62560094717015,True
1323305,Archie Gray,8586,Tottenham Hotspur,ENG-Premier League,1.3,27.3,3.0,0.0,2.6,1.2,0.07,0.09,0.7,2.0,0.12,1.0,0.3,0.2,0.1,6.53,0.0,8.0,0.7,0.7,0.4,1471,23,Midfielder,0.7083333333333334,0.5882352941176471,0.047619047619047616,0.5714285714285715,0.29304029304029305,22.000212351112918,84.60579911584719,48.588058145595646,30.79284183703017,40.610919167573115,True
789630,Marcus Tavernier,8678,Bournemouth,ENG-Premier League,0.9,30.0,6.0,0.0,1.3,4.0,0.14,0.31,1.0,4.0,0.21,0.5,0.8,0.2,0.8,7.2,0.0,45.0,2.4,1.3,1.3,2558,32,Midfielder,0.6428571428571429,0.2777777777777778,0.030000000000000002,1.3,1.5,56.83156695816683,22.86294344382026,37.32711080223676,64.08595715655424,40.48231312468605,True
948745,Kwasi Sibo,8670,Real Oviedo,ESP-La Liga,1.5,31.4,0.0,0.0,1.9,0.2,0.01,0.02,1.6,0.0,0.0,0.8,0.1,0.3,0.2,6.42,0.0,3.0,0.5,1.8,0.2,1686,26,Midfielder,0.6190476190476191,0.3076923076923077,0.04777070063694268,0.125,0.09554140127388536,31.23877917414722,51.39138240574506,65.08078994614004,23.788150807899463,40.32317069416043,True
841672,Nicolás González,9906,Atlético de Madrid,ESP-La Liga,1.4,25.1,3.0,0.0,1.7,2.0,0.12,0.26,1.7,0.0,0.31,0.7,1.2,0.2,0.5,6.96,0.0,12.0,2.7,1.5,1.5,1453,24,Midfielder,0.5641025641025641,0.3181818181818181,0.05577689243027888,0.8823529411764706,0.4780876494023904,33.40230240085455,45.85924982143202,50.68357753711317,35.05620869609982,40.21962521970611,True
1231029,Rafik Belghali,9876,Verona,ITA-Serie A,0.8,18.3,2.0,0.0,1.1,3.0,0.15,0.11,1.0,0.0,0.1,0.9,0.3,0.3,0.3,6.78,0.0,27.0,1.0,1.0,2.0,1779,24,Midfielder,0.6551724137931034,0.4736842105263158,0.04371584699453552,2.0,1.4754098360655736,26.992818671454216,76.97486535008977,25.493716337522443,50.80789946140037,40.18073532832771,True
1050178,Lazar Samardzic,8524,Atalanta,ITA-Serie A,4.4,37.7,2.0,0.0,0.7,2.5,0.24,0.26,1.6,1.0,0.19,0.7,0.7,0.0,0.8,6.68,0.0,27.0,2.1,1.1,1.3,961,25,Midfielder,0.5294117647058824,0.38888888888888884,0.11671087533156499,0.8125,0.7161803713527851,47.24285888946803,42.19236436877023,19.59161020057528,64.42932247125218,40.12031920241884,True
1047667,Maximilian Beier,9789,Borussia Dortmund,GER-Bundesliga,0.7,18.4,9.0,0.0,1.0,4.9,0.23,0.33,1.4,6.0,0.41,0.6,0.9,0.1,0.8,7.08,0.0,24.0,2.2,1.2,0.8,1967,31,Midfielder,0.5625,0.33333333333333337,0.03804347826086957,0.5714285714285715,1.3043478260869565,46.9305676209597,39.478517145743645,26.405860890716397,48.63638411098885,39.93025099757364,True
1463266,Louis Oppie,8152,FC St. Pauli,GER-Bundesliga,1.2,28.8,3.0,0.0,2.4,1.8,0.1,0.05,0.9,0.0,0.06,0.6,0.2,0.1,0.3,6.62,0.0,9.0,0.9,1.4,0.2,1526,22,Midfielder,0.6896551724137931,0.3,0.041666666666666664,0.22222222222222224,0.3125,36.68761220825853,40.170556552962296,58.93177737881508,27.37881508078995,39.66763114606869,True
1077915,Largie Ramazani,10267,Valencia CF,ESP-La Liga,0.7,17.5,3.0,0.0,0.6,1.9,0.15,0.52,1.3,1.0,0.46,1.1,1.4,0.0,0.5,6.63,0.0,15.0,3.6,1.0,1.6,1170,25,Midfielder,0.6176470588235293,0.5238095238095238,0.04,1.2307692307692308,0.8571428571428571,36.68761220825853,87.52244165170556,14.272890484739678,37.92639138240574,39.62426768786913,True
577911,Rolando Mandragora,8535,Fiorentina,ITA-Serie A,1.3,30.9,3.0,0.0,1.3,2.5,0.1,0.18,1.4,3.0,0.23,0.5,0.6,0.2,0.3,7.03,0.0,34.0,2.4,1.7,0.2,2322,32,Midfielder,0.6111111111111112,0.22727272727272727,0.04207119741100324,0.14285714285714288,1.1003236245954693,28.54441033956873,39.1256925541978,50.973018538895644,59.4264267742579,39.331091696689946,True
1200631,Lesley Ugochukwu,8191,Burnley,ENG-Premier League,0.9,24.7,0.0,0.0,0.9,0.3,0.01,0.1,1.1,1.0,0.12,0.7,0.3,0.8,0.2,6.49,0.0,9.0,0.9,2.0,0.6,2204,33,Midfielder,0.7105263157894737,0.25925925925925924,0.03643724696356276,0.5454545454545454,0.3643724696356275,45.32315978456015,37.07360861759425,47.755834829443444,24.236983842010773,39.25623054222868,True
935379,Dejan Kulusevski,8586,Tottenham Hotspur,ENG-Premier League,0.5,24.1,9.0,0.0,0.3,3.9,0.15,0.16,1.8,4.0,0.26,0.5,0.7,0.2,1.0,6.92,0.0,65.0,1.8,1.7,1.4,2391,32,Midfielder,0.55,0.22727272727272727,0.02074688796680498,0.7777777777777777,2.697095435684647,55.90322580645162,26.88172043010753,26.505376344086027,60.48387096774193,39.11584836493546,False
1340895,Bilal El Khannouss,10269,VfB Stuttgart,GER-Bundesliga,2.6,41.3,8.0,0.0,0.5,5.7,0.32,0.17,1.0,5.0,0.22,0.6,0.8,0.2,0.5,7.23,0.0,45.0,2.3,1.5,1.0,1634,25,Midfielder,0.6774193548387097,0.2857142857142857,0.06295399515738499,1.0,1.089588377723971,49.53216475872409,26.47168973571939,29.198503246398076,71.75739850582035,39.03886457996754,True
1161211,Fabian Rieder,8406,FC Augsburg,GER-Bundesliga,1.8,22.8,9.0,0.0,0.6,4.5,0.18,0.17,1.8,3.0,0.24,0.6,0.5,0.1,0.6,7.0,0.0,42.0,1.5,1.4,0.8,2262,31,Midfielder,0.5263157894736842,0.3,0.07894736842105263,0.4444444444444445,1.8421052631578947,42.908438061041295,40.170556552962296,23.65350089766607,57.49551166965888,39.0199293656378,True
1054786,Aimar Oroz,8371,Osasuna,ESP-La Liga,1.4,29.0,4.0,0.0,0.6,3.0,0.13,0.08,1.3,2.0,0.0,0.4,0.2,0.0,0.8,6.79,0.0,35.0,1.3,1.6,1.3,2012,29,Midfielder,0.6060606060606061,0.2,0.04827586206896552,1.0,1.206896551724138,55.589512428974984,28.97395803169823,23.54169481927633,59.50306622137282,38.895404974832324,True
575735,Nicolas Pépé,10205,Villarreal,ESP-La Liga,0.7,26.5,12.0,0.0,0.9,6.2,0.24,0.32,0.9,6.0,0.31,0.6,0.9,0.0,0.7,7.26,0.0,52.0,2.3,1.2,2.3,2306,35,Midfielder,0.6666666666666666,0.33333333333333337,0.02641509433962264,2.5555555555555554,1.9622641509433962,44.56741504346763,36.969556572266946,23.660707965740688,60.58251771201328,38.8746975376956,True
942193,Mikael Egill Ellertsson,10233,Genoa,ITA-Serie A,0.4,15.5,5.0,0.0,1.4,1.7,0.06,0.08,1.0,1.0,0.03,0.5,0.2,0.3,0.3,6.52,0.0,15.0,0.9,1.5,0.4,2589,34,Midfielder,0.6666666666666666,0.25,0.025806451612903226,0.4,0.967741935483871,40.6001042450918,27.785789206128584,56.261333436291444,41.86309144611108,38.85509916558676,True
604785,Alex Iwobi,9879,Fulham,ENG-Premier League,2.6,44.7,4.0,0.0,0.7,4.4,0.17,0.06,0.3,3.0,0.16,0.5,0.5,0.1,0.3,7.0,0.0,41.0,1.2,1.0,0.6,2277,27,Midfielder,0.8333333333333333,0.3333333333333333,0.058165548098434,2.0,0.9172259507829977,46.35563020018918,36.31155769193645,19.225014961101138,73.78792558702213,38.7365080135656,True
450976,Yannick Gerhardt,8721,VfL Wolfsburg,GER-Bundesliga,0.8,31.7,0.0,0.0,2.9,0.6,0.05,0.07,1.7,0.0,0.09,0.8,0.1,0.7,0.0,0.0,0.0,6.0,0.9,1.2,0.0,1046,18,Midfielder,0.5405405405405405,0.4,0.02523659305993691,0.0,0.18927444794952683,22.042598920226766,67.85612246867821,61.40045558966043,25.07393679658694,38.64883335011569,True
1097009,Oliver Sørensen,10167,Parma,ITA-Serie A,0.9,20.8,1.0,0.0,1.6,0.5,0.03,0.08,0.7,1.0,0.05,0.9,0.2,0.1,0.1,6.43,0.0,10.0,0.7,0.9,0.3,1797,32,Midfielder,0.72,0.5,0.04326923076923077,0.4285714285714286,0.4807692307692307,24.95511669658887,78.72531418312388,36.35547576301616,27.513464991023337,38.53771336421931,True
684981,Aarón Martín,10233,Genoa,ITA-Serie A,1.7,24.1,11.0,0.0,1.8,5.3,0.23,0.06,1.3,5.0,0.04,0.4,0.2,0.5,0.3,7.0,0.0,60.0,0.5,1.8,0.5,2100,31,Midfielder,0.6285714285714287,0.18181818181818182,0.07053941908713693,0.3846153846153846,2.4896265560165975,40.89267903451027,19.61702798530273,66.91588965463988,61.85794354034349,38.519539255816305,True
789502,Morgan Gibbs-White,10203,Nottingham Forest,ENG-Premier League,1.2,28.4,5.0,0.0,1.0,2.8,0.09,0.29,0.8,4.0,0.4,0.3,0.9,0.1,0.6,7.11,0.0,46.0,2.3,0.6,0.8,2930,35,Midfielder,0.5294117647058824,0.33333333333333337,0.04225352112676056,1.0,1.619718309859155,37.2309607922627,43.568946545433484,22.955991840569357,64.43109206385977,38.469198623683965,True
949673,Woo-Yeong Jeong,8149,1. FC Union Berlin,GER-Bundesliga,0.4,19.0,0.0,0.0,1.3,0.8,0.06,0.16,1.0,1.0,0.23,0.5,0.5,0.0,0.5,6.53,0.0,6.0,1.6,1.4,0.5,1168,27,Midfielder,0.6551724137931034,0.2631578947368421,0.021052631578947368,0.5,0.3157894736842105,46.19006711582145,44.23965431812771,31.374426491123078,24.887775654266648,38.463481956843275,True
873827,Ander Guevara,9866,Alavés,ESP-La Liga,2.4,35.1,1.0,0.0,1.9,0.6,0.03,0.04,1.8,1.0,0.0,0.6,0.1,0.2,0.1,6.6,0.0,12.0,0.6,2.3,0.4,1945,33,Midfielder,0.6170212765957447,0.20689655172413793,0.06837606837606837,0.22222222222222224,0.3418803418803419,33.29032258064516,28.333333333333332,77.95698924731182,38.225806451612904,38.39061882032253,False
1012842,Gianluca Gaetano,8529,Cagliari,ITA-Serie A,2.7,37.6,2.0,0.0,1.3,1.7,0.09,0.09,1.4,3.0,0.1,0.9,0.5,0.1,0.1,6.84,0.0,24.0,1.5,1.4,0.8,1732,31,Midfielder,0.6216216216216216,0.391304347826087,0.07180851063829788,0.5714285714285715,0.6382978723404255,23.588521457114727,62.33579789321956,33.05901430474315,54.41986319440423,38.29024152117069,True
1072056,Tommaso Barbieri,7801,Cremonese,ITA-Serie A,2.0,21.2,2.0,0.0,1.7,0.9,0.05,0.04,2.1,1.0,0.0,0.7,0.1,0.4,0.1,6.58,0.0,10.0,0.8,2.5,0.9,1636,27,Midfielder,0.6037735849056604,0.21874999999999997,0.09433962264150944,0.42857142857142855,0.4716981132075472,35.3770197486535,30.834829443447035,77.46858168761221,27.468581687612208,38.230982304605426,True
942372,Álex Baena,9906,Atlético de Madrid,ESP-La Liga,1.4,33.3,13.0,0.0,0.6,5.7,0.36,0.11,1.6,3.0,0.12,0.9,0.4,0.2,0.4,6.91,0.0,42.0,1.5,1.0,0.8,1450,25,Midfielder,0.5428571428571428,0.4736842105263158,0.042042042042042045,0.5,1.2612612612612615,29.214867151856783,75.45636184629642,14.443575735346165,66.95720159842473,38.20099437853326,True
540307,Lorenzo Pellegrini,8686,Roma,ITA-Serie A,1.7,32.1,4.0,0.0,0.9,3.0,0.19,0.32,1.2,2.0,0.24,0.9,0.7,0.2,0.4,6.92,0.0,28.0,2.0,0.7,0.3,1475,24,Midfielder,0.5714285714285715,0.5625,0.0529595015576324,0.25,0.8722741433021807,29.690958347007456,58.00486477095037,23.496811515865204,55.7738589345122,38.073621820185444,True
886016,Kiernan Dewsbury-Hall,8668,Everton,ENG-Premier League,0.8,28.9,9.0,0.0,1.0,4.9,0.18,0.16,1.1,4.0,0.29,0.4,0.5,0.1,0.8,7.2,0.0,34.0,1.4,1.8,0.9,2461,29,Midfielder,0.6666666666666666,0.18181818181818182,0.027681660899653984,0.8181818181818181,1.1764705882352942,65.52064631956912,14.452423698384202,44.165170556552965,58.61759425493716,37.838572776381184,True
446266,Mario Pasalic,8524,Atalanta,ITA-Serie A,3.8,57.4,7.0,0.0,1.2,2.7,0.13,0.1,1.0,4.0,0.15,0.5,0.3,0.1,0.4,6.82,0.0,37.0,0.9,1.2,0.3,1815,31,Midfielder,0.6296296296296295,0.29411764705882354,0.06620209059233449,0.3,0.6445993031358885,31.23120531778666,36.224300689175884,34.029104972233476,72.95074741156863,37.72512010633289,True
1114635,Luis Henrique,8636,Internazionale,ITA-Serie A,1.2,39.9,5.0,0.0,0.9,1.8,0.11,0.05,0.3,2.0,0.06,0.4,0.4,0.1,0.4,7.04,0.0,22.0,0.9,1.1,0.7,1496,28,Midfielder,0.8333333333333333,0.26666666666666666,0.03007518796992481,2.3333333333333335,0.5513784461152882,47.152307227016216,31.77467616455281,22.05707097031589,64.0371164005843,37.67252285415248,True
1156569,Sebastian Nanasi,9848,Strasbourg,FRA-Ligue 1,0.8,29.4,3.0,0.0,1.2,1.5,0.14,0.34,0.8,2.0,0.47,0.6,0.8,0.3,0.4,6.92,0.0,16.0,1.5,1.1,0.5,957,18,Midfielder,0.68,0.3529411764705882,0.0272108843537415,0.625,0.54421768707483,38.72748917331069,42.48592369516677,25.328693783260295,46.91942883985508,37.64486595616249,True
651435,Toma Basic,8543,Lazio,ITA-Serie A,1.4,38.2,4.0,0.0,1.1,1.7,0.1,0.08,1.1,3.0,0.11,0.6,0.6,0.4,0.4,6.86,0.0,19.0,1.7,1.1,0.1,1566,21,Midfielder,0.6071428571428571,0.3529411764705882,0.03664921465968586,0.09090909090909091,0.49738219895287955,29.802513464991023,50.7181328545781,27.333931777378815,54.578096947935364,37.621028914208196,True
708890,Carlos Soler,8560,Real Sociedad,ESP-La Liga,2.3,39.9,8.0,0.0,1.1,3.8,0.16,0.11,1.1,3.0,0.17,0.6,0.8,0.4,0.3,6.96,0.0,44.0,1.4,1.4,0.5,2146,31,Midfielder,0.6451612903225806,0.3,0.05764411027568922,0.45454545454545453,1.1027568922305764,28.233270914975904,42.40761117867737,34.002239339008895,65.81813092411343,37.58831840115171,True
614834,Dani Olmo,8634,Barcelona,ESP-La Liga,1.8,45.0,10.0,0.0,1.0,5.4,0.24,0.34,1.2,8.0,0.32,0.6,0.9,0.0,0.6,7.4,0.0,47.0,3.1,1.5,0.7,2000,31,Midfielder,0.6363636363636365,0.2857142857142857,0.04,0.5833333333333334,1.0444444444444445,41.85897312149701,27.170614466902183,30.7522699046994,72.23200324318064,37.51809010118107,True
941656,Samuele Ricci,8564,Milan,ITA-Serie A,2.6,40.9,5.0,0.0,1.7,1.9,0.13,0.11,1.1,4.0,0.07,0.6,0.4,0.4,0.3,6.74,0.0,19.0,1.3,1.1,0.4,1275,30,Midfielder,0.6071428571428571,0.3529411764705882,0.06356968215158924,0.36363636363636365,0.4645476772616137,21.3812281616185,57.468002548213356,40.8446426388165,52.074091233759965,37.416187441336014,True
1287783,Seydouba Cissé,7854,Leganés,ESP-La Liga,1.8,35.4,1.0,0.0,1.5,0.9,0.03,0.11,1.4,1.0,0.11,0.4,0.2,0.0,0.5,6.84,0.0,17.0,0.9,2.2,1.1,2451,34,Midfielder,0.65,0.15384615384615385,0.05084745762711865,0.7857142857142858,0.480225988700565,55.064516129032256,14.247311827956986,68.70967741935485,46.39784946236559,37.3941166187405,False
1382000,Petar Sucic,8636,Internazionale,ITA-Serie A,2.8,50.3,5.0,0.0,1.0,2.7,0.15,0.09,1.5,2.0,0.11,0.4,0.3,0.1,0.6,6.93,0.0,25.0,1.1,2.1,0.8,1601,32,Midfielder,0.625,0.16,0.055666003976143144,0.5333333333333333,0.4970178926441352,60.520646319569124,12.836624775583484,52.51346499102334,65.39497307001795,37.375523894265434,True
1336529,Oscar Højlund,9810,Eintracht Frankfurt,GER-Bundesliga,1.6,41.7,2.0,0.0,1.4,0.8,0.07,0.04,2.2,1.0,0.08,0.6,0.2,0.4,0.2,6.36,0.0,7.0,0.6,2.4,0.4,1091,24,Midfielder,0.5769230769230769,0.19999999999999998,0.03836930455635491,0.18181818181818182,0.16786570743405274,36.867145421903054,23.922800718132855,69.21005385996409,41.202872531418315,37.345682237098735,True
1323510,Alberto Reina,8670,Real Oviedo,ESP-La Liga,2.0,31.7,7.0,0.0,0.5,2.4,0.1,0.13,1.4,1.0,0.16,0.6,0.4,0.2,0.4,6.64,0.0,34.0,0.9,1.6,0.5,2300,35,Midfielder,0.6111111111111112,0.2727272727272727,0.06309148264984227,0.35714285714285715,1.0725552050473186,38.42010771992818,34.829443447037704,27.24416517055655,61.086175942549374,37.335812297749065,True
524437,Tomás Soucek,8654,West Ham United,ENG-Premier League,1.3,28.0,1.0,0.0,3.5,0.5,0.02,0.21,1.6,0.0,0.22,0.7,0.5,0.6,0.1,6.87,0.0,10.0,1.0,1.7,0.1,2045,33,Midfielder,0.6,0.2916666666666667,0.04642857142857143,0.0625,0.35714285714285715,23.610335707804868,45.362058647516456,71.6109727611436,30.613823413962404,37.28010561596593,True
845994,Hans Nicolussi Caviglia,10167,Parma,ITA-Serie A,2.6,41.6,4.0,0.0,1.7,1.7,0.12,0.06,1.5,4.0,0.0,0.4,0.1,0.2,0.2,6.65,0.0,17.0,1.2,1.6,0.8,1298,24,Midfielder,0.5714285714285714,0.2,0.0625,0.5333333333333333,0.40865384615384615,27.33016093640406,34.04564261951185,54.79122024671339,54.42925812243007,37.20148563812441,True
516846,Julian Brandt,9789,Borussia Dortmund,GER-Bundesliga,1.0,34.3,8.0,0.0,0.6,5.3,0.3,0.32,0.5,4.0,0.4,0.3,1.0,0.0,1.0,7.21,0.0,30.0,2.1,0.7,1.0,1586,28,Midfielder,0.6666666666666666,0.3,0.02915451895043732,2.0,0.8746355685131196,59.41124688712574,34.867216205607356,11.590413312484316,66.44849198535421,37.13400315318523,True
1246009,Cher Ndour,8535,Fiorentina,ITA-Serie A,0.9,29.8,1.0,0.0,1.7,1.2,0.06,0.13,1.3,0.0,0.1,0.6,0.4,0.5,0.4,6.51,0.0,6.0,1.2,1.5,0.4,1759,31,Midfielder,0.6176470588235293,0.2857142857142857,0.030201342281879196,0.3076923076923077,0.20134228187919462,37.15439856373429,36.80430879712747,52.15439856373429,23.518850987432675,37.0206283370446,True
620027,Xaver Schlager,178475,RB Leipzig,GER-Bundesliga,1.5,45.1,2.0,0.0,1.4,2.5,0.12,0.1,1.2,1.0,0.15,0.4,0.3,0.1,0.5,7.12,0.0,21.0,1.0,1.8,1.1,1837,26,Midfielder,0.6470588235294118,0.18181818181818182,0.03325942350332594,0.9166666666666667,0.4656319290465632,52.3608617594255,14.452423698384202,55.25134649910234,59.964093357271096,36.71020794286832,True
534670,Martin Ødegaard,9825,Arsenal,ENG-Premier League,2.5,44.7,6.0,0.0,0.4,3.6,0.25,0.07,0.6,6.0,0.07,0.5,0.6,0.0,1.3,7.0,0.0,38.0,1.5,1.3,0.6,1281,23,Midfielder,0.75,0.2777777777777778,0.05592841163310962,1.0,0.8501118568232662,63.46150331718178,26.124592189339975,13.395687341943203,76.66489707405906,36.65016755518149,True
604126,Giovani Lo Celso,8603,Real Betis,ESP-La Liga,2.3,49.2,6.0,0.0,0.4,2.3,0.16,0.17,0.6,3.0,0.14,0.4,0.8,0.0,1.0,7.06,0.0,30.0,2.0,1.3,1.0,1315,22,Midfielder,0.7391304347826086,0.23529411764705882,0.04674796747967479,1.6666666666666667,0.6097560975609756,70.40685829745887,16.6253547228818,23.234397019362557,71.17011898097206,36.64101106999171,True
279879,Jean-Daniel Akpa Akpro,9876,Verona,ITA-Serie A,0.3,17.0,0.0,0.0,1.5,0.2,0.02,0.06,2.5,0.0,0.06,1.3,0.3,0.5,0.3,6.75,0.0,10.0,0.8,2.5,1.3,1388,20,Midfielder,0.6031746031746031,0.34210526315789475,0.01764705882352941,0.52,0.5882352941176471,29.979575683867107,51.758202866096525,49.4841154932659,19.59183542145261,36.625798866500254,True
1134467,Yuito Suzuki,8358,Sport-Club Freiburg,GER-Bundesliga,0.8,17.3,2.0,0.0,0.6,2.6,0.14,0.21,1.0,2.0,0.22,0.6,0.8,0.1,0.5,6.76,0.0,25.0,2.1,1.1,1.0,1636,25,Midfielder,0.6296296296296297,0.3529411764705882,0.046242774566473986,1.0,1.445086705202312,38.97666068222621,50.7181328545781,16.113105924596052,49.14721723518851,36.600859941091,True
1156141,Jamal Musiala,9823,Bayern München,GER-Bundesliga,0.6,38.5,9.0,0.0,0.2,5.9,0.3,0.47,1.0,2.0,0.6,0.4,1.6,0.0,0.7,7.77,0.0,41.0,3.4,1.8,3.6,1804,25,Midfielder,0.6875,0.18181818181818182,0.015584415584415584,3.6,1.0649350649350648,62.39784946236559,16.397849462365592,28.387096774193548,71.02150537634408,36.39804963668642,False
1385856,Davide Bartesaghi,8564,Milan,ITA-Serie A,1.6,34.3,4.0,0.0,2.5,3.9,0.16,0.04,0.7,0.0,0.08,0.4,0.2,0.4,0.0,6.93,0.0,42.0,0.8,1.8,0.4,2262,29,Midfielder,0.7586206896551724,0.18181818181818182,0.046647230320699715,0.5714285714285715,1.2244897959183674,41.03231597845601,14.452423698384202,71.99281867145422,69.21005385996409,36.312782616205986,True
362212,Piotr Zielinski,8636,Internazionale,ITA-Serie A,2.3,61.6,7.0,0.0,1.2,2.9,0.14,0.11,0.8,3.0,0.28,0.2,0.5,0.1,0.5,7.32,0.0,29.0,1.3,1.4,0.8,1927,32,Midfielder,0.6666666666666666,0.12500000000000003,0.037337662337662336,1.0,0.47077922077922074,46.829346923804565,20.389503420139892,35.53483523484102,62.66700128054156,36.07364510147343,True
815366,Nahuel Estévez,10167,Parma,ITA-Serie A,2.7,36.5,2.0,0.0,4.2,0.7,0.06,0.05,1.0,1.0,0.0,0.5,0.1,0.4,0.2,6.51,0.0,13.0,0.8,1.5,0.0,1013,31,Midfielder,0.6666666666666666,0.25,0.07397260273972603,0.0,0.3561643835616438,30.188509874326755,26.70556552962298,67.63913824057451,42.63913824057451,36.01106757244263,True
914401,Oriol Rey,8581,Levante,ESP-La Liga,1.6,33.9,0.0,0.0,2.3,0.5,0.03,0.03,1.6,1.0,0.0,0.6,0.1,0.3,0.3,0.0,0.0,10.0,0.6,1.4,0.1,1274,19,Midfielder,0.5555555555555556,0.3,0.04719764011799411,0.0625,0.2949852507374631,25.24236983842011,40.170556552962296,57.71992818671454,35.09874326750449,35.973010956407514,True
1388071,Reda Belahyane,8543,Lazio,ITA-Serie A,1.2,32.6,1.0,0.0,1.2,0.7,0.03,0.01,1.7,2.0,0.0,0.5,0.1,0.5,0.3,6.71,0.0,16.0,0.3,2.1,1.8,1848,28,Midfielder,0.6046511627906977,0.1923076923076923,0.03680981595092024,1.0588235294117647,0.49079754601226994,37.46236559139785,22.795698924731184,59.13978494623657,41.61290322580645,35.92314436430671,False
678192,Jon Guridi,9866,Alavés,ESP-La Liga,0.8,27.3,0.0,0.0,1.4,0.3,0.03,0.15,1.2,0.0,0.0,0.5,0.3,0.2,0.3,6.49,0.0,7.0,1.2,1.9,0.7,1069,26,Midfielder,0.6666666666666667,0.20833333333333334,0.029304029304029304,0.5833333333333334,0.2564102564102564,43.58834771529507,26.040359581217867,49.96245246230768,27.840324832853934,35.88422984700797,True
1199382,Josué Casimir,8583,Auxerre,FRA-Ligue 1,0.8,21.2,1.0,0.0,0.7,1.4,0.09,0.17,2.0,0.0,0.06,0.7,0.7,0.0,0.4,6.41,0.0,10.0,1.3,1.9,0.5,1503,30,Midfielder,0.5652173913043478,0.2692307692307693,0.03773584905660378,0.25,0.4716981132075472,38.26975669710366,29.35348738441343,44.42198670553336,34.58478922543323,35.86326065269031,True
767013,Antoine Bernede,9876,Verona,ITA-Serie A,1.1,26.8,3.0,0.0,0.7,1.5,0.06,0.05,2.2,2.0,0.04,0.5,0.2,0.2,0.3,6.72,0.0,30.0,0.8,2.7,0.7,2270,31,Midfielder,0.5925925925925926,0.15625,0.041044776119402986,0.3181818181818181,1.1194029850746268,44.90125673249552,16.561938958707362,55.78994614003591,54.353680430879706,35.77827185195008,True
215242,Leonardo Spinazzola,9875,Napoli,ITA-Serie A,2.4,36.3,2.0,0.0,1.5,3.3,0.16,0.06,0.4,3.0,0.15,0.2,0.3,0.1,0.4,6.94,0.0,31.0,1.0,1.1,0.7,1822,31,Midfielder,0.7647058823529411,0.15384615384615385,0.06611570247933884,1.7499999999999998,0.8539944903581268,42.6991949962356,20.654170125415856,39.65077894249146,61.92261410654877,35.77477842386191,True
818975,Eberechi Eze,9825,Arsenal,ENG-Premier League,0.8,26.1,4.0,0.0,0.5,2.6,0.13,0.21,0.8,2.0,0.35,0.5,0.8,0.0,0.8,6.97,0.0,15.0,2.9,0.9,1.4,1812,31,Midfielder,0.6363636363636362,0.35714285714285715,0.03065134099616858,1.7499999999999998,0.5747126436781609,53.55970605458068,38.43124006615059,13.029381672168489,46.335849372277245,35.75781841550867,True
715069,Pedro Díaz,8370,Rayo Vallecano,ESP-La Liga,1.1,31.9,3.0,0.0,0.8,1.6,0.08,0.09,1.0,1.0,0.0,0.3,0.3,0.1,0.6,6.58,0.0,22.0,2.2,1.8,0.7,1755,32,Midfielder,0.6774193548387097,0.14285714285714285,0.03448275862068966,0.7,0.6896551724137931,64.47360733061782,14.615869706505023,35.75198033499996,52.774270766973615,35.62496489062734,True
1738340,Rudy Matondo,6379,Paris FC,FRA-Ligue 1,0.7,29.6,0.0,0.0,1.3,0.3,0.02,0.07,1.8,0.0,0.14,0.8,0.4,0.2,0.1,6.5,0.0,5.0,0.9,1.8,1.0,1276,26,Midfielder,0.5909090909090908,0.3076923076923077,0.023648648648648646,0.5555555555555556,0.16891891891891891,25.46678635547576,51.39138240574506,52.55834829443447,22.17235188509874,35.59247157443672,True
1214915,Brooke Norton-Cuffy,10233,Genoa,ITA-Serie A,1.1,23.5,2.0,0.0,1.6,1.8,0.08,0.07,0.9,1.0,0.08,0.4,0.2,0.2,0.4,6.83,0.0,21.0,0.7,1.7,1.3,2184,26,Midfielder,0.7000000000000001,0.19047619047619047,0.04680851063829788,1.4444444444444444,0.8936170212765957,50.21543985637342,15.484739676840215,56.283662477558345,45.46678635547576,35.56270820142155,True
614207,Maxime Lopez,6379,Paris FC,FRA-Ligue 1,3.3,70.4,12.0,0.0,0.5,4.5,0.21,0.06,1.2,3.0,0.0,0.5,0.3,0.1,0.6,6.98,0.0,43.0,0.6,1.1,0.4,1937,25,Midfielder,0.5714285714285715,0.3125,0.04687499999999999,0.33333333333333337,0.6107954545454545,40.32315978456015,39.22800718132855,13.958707360861759,74.95511669658887,35.49867980092538,True
1047676,Yéremi Pino,9826,Crystal Palace,ENG-Premier League,1.6,26.8,13.0,0.0,0.9,5.7,0.26,0.19,1.3,1.0,0.09,0.4,0.5,0.0,0.8,6.69,0.0,44.0,1.9,1.6,0.8,2001,32,Midfielder,0.6060606060606061,0.2,0.05970149253731343,0.6153846153846154,1.6417910447761193,53.145067984530534,15.049226848902533,42.83160556746009,59.577807378235946,35.46352026118582,True
1284434,Diego López,10267,Valencia CF,ESP-La Liga,0.5,20.0,3.0,0.0,0.6,1.5,0.08,0.13,0.9,0.0,0.22,0.5,0.4,0.1,0.7,6.55,0.0,15.0,1.3,1.0,0.7,1636,32,Midfielder,0.625,0.3333333333333333,0.025,0.7777777777777777,0.75,46.15083363899024,44.143098910574444,13.655045269396345,43.40237961944107,35.36774315606652,True
771294,Ismaïla Sarr,9826,Crystal Palace,ENG-Premier League,0.3,14.0,3.0,0.0,1.1,1.0,0.05,0.44,0.5,1.0,0.35,0.4,0.9,0.1,0.4,6.88,0.0,18.0,2.0,0.8,0.4,2042,26,Midfielder,0.7058823529411765,0.3333333333333333,0.02142857142857143,0.8,1.2857142857142858,35.7245162577299,36.74900098453698,25.80403853207467,47.65229757469289,35.25023358619342,True
1044470,Hákon Arnar Haraldsson,8639,Lille,FRA-Ligue 1,1.3,37.8,5.0,0.0,0.3,4.9,0.19,0.29,1.0,1.0,0.3,0.4,0.6,0.0,0.9,7.2,0.0,51.0,1.8,0.9,0.8,2393,31,Midfielder,0.5652173913043479,0.3076923076923077,0.0343915343915344,0.8,1.3492063492063493,50.9848008082212,28.117056942272672,14.979247504874422,72.7854674620181,35.212747556876515,True
1473806,Marco Palestra,8529,Cagliari,ITA-Serie A,0.8,21.6,7.0,0.0,1.2,3.3,0.1,0.05,1.2,4.0,0.03,0.6,0.2,0.1,0.1,7.03,0.0,29.0,0.8,1.6,2.0,2967,35,Midfielder,0.6470588235294118,0.2727272727272727,0.037037037037037035,1.6666666666666667,1.3425925925925926,26.46319569120287,34.829443447037704,43.40215439856373,52.244165170556556,35.133117481731404,True
541820,Nicolò Barella,8636,Internazionale,ITA-Serie A,2.7,53.7,14.0,0.0,0.4,6.6,0.24,0.11,1.2,8.0,0.11,0.3,0.2,0.1,0.8,7.47,0.0,71.0,1.3,1.9,0.9,2479,33,Midfielder,0.6470588235294118,0.13636363636363638,0.05027932960893855,0.75,1.3221601489757913,64.2394419670148,10.94171283694652,35.490177152307226,86.70756034310791,35.0902440029296,True
1187767,Urko González,8558,Espanyol,ESP-La Liga,1.0,27.3,0.0,0.0,2.0,0.6,0.02,0.03,1.5,1.0,0.0,1.1,0.0,0.4,0.3,6.62,0.0,10.0,0.6,1.8,0.5,2449,34,Midfielder,0.6590909090909092,0.3793103448275862,0.03663003663003663,0.3333333333333333,0.3663003663003663,27.663597227852744,51.66843625927427,44.995785152152784,19.35245780325991,34.85622979585265,True
1251334,Jack Hinshelwood,10204,Brighton and Hove Albion,ENG-Premier League,0.5,27.6,2.0,0.0,1.3,2.0,0.11,0.26,1.9,3.0,0.23,0.3,0.8,0.3,0.5,6.78,0.0,12.0,1.9,1.0,0.2,1594,25,Midfielder,0.40625,0.23076923076923075,0.018115942028985508,0.10526315789473685,0.43478260869565216,33.24632085609673,33.35344234023796,37.27122385024742,38.5221971261816,34.8083826269143,True
1404415,Fermín López,8634,Barcelona,ESP-La Liga,1.7,38.9,15.0,0.0,0.3,4.5,0.23,0.35,1.7,9.0,0.31,0.3,1.2,0.0,0.9,7.34,0.0,34.0,3.3,2.4,2.2,1752,29,Midfielder,0.6136363636363636,0.11111111111111112,0.043701799485861184,1.2941176470588236,0.8740359897172236,63.45167725204791,12.159546469501876,35.059329613971414,67.25082527364337,34.629455628970554,True
1104053,Rayan Cherki,8456,Manchester City,ENG-Premier League,1.6,56.4,19.0,0.0,0.4,8.5,0.45,0.21,0.8,12.0,0.21,0.4,0.7,0.1,0.8,7.43,0.0,60.0,2.8,1.4,2.6,1720,31,Midfielder,0.6923076923076923,0.22222222222222227,0.028368794326241138,3.25,1.0638297872340425,53.084174694182224,23.16432115210131,15.131175073840273,85.05382778968232,34.5630658207513,True
1453218,Mert Kömür,8406,FC Augsburg,GER-Bundesliga,0.5,22.1,5.0,0.0,1.4,2.1,0.13,0.22,1.7,4.0,0.13,0.4,1.0,0.0,0.6,6.73,0.0,23.0,2.8,1.0,1.1,1407,27,Midfielder,0.4516129032258065,0.28571428571428575,0.02262443438914027,0.6470588235294118,1.0407239819004523,35.637342908438065,29.08438061041293,33.707360861759426,46.58886894075404,34.518513220393594,True
1791727,Alexis Vossah,9941,Toulouse,FRA-Ligue 1,0.4,24.9,1.0,0.0,1.7,0.5,0.04,0.05,1.5,1.0,0.08,0.7,0.2,0.2,0.4,6.45,0.0,7.0,0.7,0.9,0.3,1093,23,Midfielder,0.5161290322580645,0.43749999999999994,0.016064257028112452,0.19999999999999998,0.28112449799196787,23.877917414721725,64.90125673249551,38.599640933572715,19.569120287253142,34.43713684004772,True
173461,Andrej Kramaric,8226,TSG 1899 Hoffenheim,GER-Bundesliga,1.0,34.3,7.0,0.0,0.4,5.0,0.21,0.47,0.2,6.0,0.58,0.3,1.3,0.1,0.8,7.25,0.0,36.0,2.6,0.3,0.8,2167,33,Midfielder,0.7499999999999999,0.5,0.02915451895043732,4.0,1.0495626822157436,53.42681286719047,44.430062482706255,6.531180221746041,65.84303391826414,34.2604946914015,True
468931,Thomas Lemar,7732,Girona,ESP-La Liga,1.7,40.9,1.0,0.0,0.1,1.5,0.11,0.14,1.4,1.0,0.22,0.4,0.6,0.1,0.7,6.64,0.0,19.0,1.2,1.9,1.4,1246,26,Midfielder,0.6216216216216216,0.1739130434782609,0.04156479217603912,1.0,0.4645476772616137,60.87073608617594,13.689407540394974,32.76481149012567,56.01436265709156,33.94570511031167,True
813055,Mousa Tamari,9851,Rennes,FRA-Ligue 1,0.5,21.0,7.0,0.0,0.3,3.9,0.16,0.21,0.7,6.0,0.25,0.5,0.9,0.1,1.4,7.06,0.0,33.0,2.5,1.0,1.3,2157,32,Midfielder,0.6818181818181818,0.3333333333333333,0.023809523809523808,1.8571428571428574,1.5714285714285714,57.46161914506155,34.877865935664055,9.168645392946082,51.235304337754094,33.685550974878744,True
689065,Alexis Claude-Maurice,8406,FC Augsburg,GER-Bundesliga,0.3,26.4,5.0,0.0,0.5,3.2,0.14,0.29,1.0,4.0,0.21,0.3,1.1,0.0,0.5,7.11,0.0,32.0,3.0,1.8,1.9,2107,29,Midfielder,0.6774193548387097,0.14285714285714285,0.011363636363636364,1.9,1.2121212121212122,49.65009684497725,17.841676158117924,31.276777153594207,51.32667966512873,33.465599197961865,True
593118,Denzel Dumfries,8636,Internazionale,ITA-Serie A,0.2,20.5,1.0,0.0,1.4,0.9,0.06,0.23,1.4,1.0,0.2,0.5,0.3,0.0,0.5,6.78,0.0,13.0,1.6,1.1,0.4,1327,20,Midfielder,0.5333333333333333,0.3125,0.00975609756097561,0.28571428571428575,0.6341463414634146,33.95979485595516,31.134083640598963,33.44748814372954,37.13155473189063,33.43049201971098,True
664587,Lassana Coulibaly,9888,Lecce,ITA-Serie A,1.4,21.8,1.0,0.0,1.1,1.1,0.04,0.1,1.2,1.0,0.11,0.3,0.3,0.2,0.5,6.88,0.0,19.0,0.9,1.7,0.9,2515,31,Midfielder,0.625,0.15,0.06422018348623852,0.75,0.8715596330275229,42.57986654054297,19.10304176882042,45.28541920040154,38.838761156477034,33.429797425577874,True
1209980,Carlos Álvarez,8581,Levante,ESP-La Liga,1.0,25.2,6.0,0.0,0.3,4.1,0.2,0.13,1.0,1.0,0.14,0.6,0.5,0.0,0.5,6.71,0.0,40.0,1.4,1.0,0.9,1897,30,Midfielder,0.6153846153846154,0.37499999999999994,0.03968253968253968,0.9,1.5873015873015874,36.39138240574506,53.141831238779176,9.156193895870736,58.93177737881508,33.25644904683662,True
874621,Martín Payero,7801,Cremonese,ITA-Serie A,0.7,21.4,1.0,0.0,1.1,1.0,0.06,0.11,2.3,0.0,0.06,0.6,0.5,0.2,0.4,6.43,0.0,12.0,1.4,1.2,1.4,1458,25,Midfielder,0.43902439024390244,0.33333333333333337,0.03271028037383177,0.6086956521739131,0.5607476635514019,25.97845601436266,48.51885098743267,29.578096947935368,32.450628366247756,33.24798516159523,True
1536998,Alpha Touré,8550,Metz,FRA-Ligue 1,0.8,35.3,0.0,0.0,1.5,0.4,0.02,0.06,1.6,1.0,0.0,0.5,0.1,0.2,0.2,6.49,0.0,9.0,1.0,2.0,0.9,1515,29,Midfielder,0.6097560975609757,0.2,0.022662889518413602,0.5625,0.254957507082153,33.95870736086176,20.062836624775585,63.68940754039497,36.2657091561939,33.21149851603701,True
860260,Derrick Köhn,8149,1. FC Union Berlin,GER-Bundesliga,1.5,20.1,5.0,0.0,1.9,3.8,0.18,0.1,1.6,2.0,0.05,0.4,0.2,0.2,0.2,6.65,0.0,25.0,1.3,1.6,0.5,1902,29,Midfielder,0.5555555555555556,0.2,0.07462686567164178,0.3125,1.243781094527363,23.512055751819464,30.102990289762747,53.0509707019813,45.858767205266304,32.93719612882368,True
1242757,William Mikelbrencis,9790,Hamburger SV,GER-Bundesliga,0.7,16.6,4.0,0.0,2.5,2.1,0.14,0.08,1.2,4.0,0.0,0.3,0.4,0.2,0.5,6.6,0.0,16.0,0.8,2.2,0.9,1370,25,Midfielder,0.6756756756756757,0.12,0.04216867469879518,0.75,0.9638554216867469,61.89407540394973,7.719928186714542,82.18132854578099,39.587073608617594,32.80566134732041,True
1693531,Sascha Britschgi,10167,Parma,ITA-Serie A,0.7,20.1,3.0,0.0,1.7,1.3,0.06,0.02,0.8,2.0,0.0,0.4,0.1,0.2,0.3,6.52,0.0,17.0,0.6,1.5,0.4,2023,28,Midfielder,0.7037037037037036,0.2105263157894737,0.03482587064676616,0.5,0.8457711442786069,40.02692998204668,17.190305206463197,52.15439856373429,40.08078994614003,32.75721747040266,True
1272440,Valentín Barco,9848,Strasbourg,FRA-Ligue 1,2.8,55.8,13.0,0.0,0.5,6.3,0.27,0.14,1.0,4.0,0.09,0.6,0.4,0.0,0.5,7.24,0.0,36.0,1.2,2.3,1.0,2111,26,Midfielder,0.7435897435897436,0.20689655172413793,0.05017921146953405,1.0,0.6451612903225806,47.950850369683984,17.287825846347886,31.11188329697625,50.05263733647356,32.59118327317426,True
846000,Maxence Caqueret,10171,Como,ITA-Serie A,0.8,48.5,3.0,0.0,0.3,2.2,0.14,0.14,1.5,5.0,0.13,0.8,0.3,0.2,0.4,6.87,0.0,23.0,1.1,2.0,1.0,1408,28,Midfielder,0.6511627906976744,0.28571428571428575,0.016494845360824743,0.6666666666666666,0.4742268041237113,34.11482403814598,31.68040514018391,25.336898258077383,42.661853374773976,32.51052350336311,True
794253,Justin Kluivert,8678,Bournemouth,ENG-Premier League,1.2,26.5,3.0,0.0,0.2,1.5,0.15,0.22,1.5,0.0,0.2,0.4,0.4,0.1,1.0,0.0,0.0,21.0,1.6,1.0,1.1,920,18,Midfielder,0.48275862068965514,0.28571428571428575,0.045283018867924525,0.7333333333333334,0.7924528301886793,40.71261816052458,36.23546520980934,12.799752900523155,50.026222145003636,32.171053792752666,True
640122,Brais Méndez,8560,Real Sociedad,ESP-La Liga,2.1,38.1,5.0,0.0,0.5,2.6,0.14,0.32,2.4,2.0,0.33,0.3,0.9,0.2,0.8,6.93,0.0,24.0,2.0,1.9,1.1,1615,28,Midfielder,0.47826086956521735,0.13636363636363638,0.05511811023622047,0.45833333333333337,0.6299212598425197,53.07489559403615,12.608379503613186,34.83510614338204,58.237710983700445,32.14349200166524,True
959594,Karim Adeyemi,9789,Borussia Dortmund,GER-Bundesliga,0.3,15.7,5.0,0.0,0.1,3.0,0.22,0.37,1.6,3.0,0.53,0.6,1.1,0.0,0.9,6.95,0.0,14.0,2.3,0.4,2.0,1189,27,Midfielder,0.3846153846153846,0.6,0.01910828025477707,1.25,0.89171974522293,41.86053679787393,51.8411806721878,7.800685958443531,41.813478504275984,31.890266344043393,True
1190033,Lamare Bogarde,10252,Aston Villa,ENG-Premier League,0.6,40.0,0.0,0.0,1.9,0.2,0.02,0.0,1.6,0.0,0.0,0.4,0.0,0.6,0.2,0.0,0.0,2.0,0.0,2.4,0.2,974,27,Midfielder,0.6363636363636362,0.14285714285714288,0.015,0.125,0.05,41.068222621184916,11.938958707360863,79.0394973070018,37.567324955116696,31.886538581706773,True
1025462,Fábio Vieira,9790,Hamburger SV,GER-Bundesliga,2.5,28.5,7.0,0.0,0.8,4.0,0.17,0.19,0.7,5.0,0.25,0.5,0.7,0.1,0.3,7.21,0.0,37.0,2.4,0.8,1.3,2138,28,Midfielder,0.65,0.3846153846153846,0.08771929824561403,1.8571428571428574,1.2982456140350878,24.946140035906645,50.179533213644525,15.350089766606823,60.412926391382406,31.87871628629676,True
1233404,Pablo Torre,8661,Mallorca,ESP-La Liga,2.0,37.9,3.0,0.0,0.8,2.5,0.16,0.08,1.7,4.0,0.19,0.5,0.6,0.1,0.4,6.74,0.0,30.0,1.3,1.2,0.9,1457,33,Midfielder,0.5,0.29411764705882354,0.052770448548812667,0.5294117647058824,0.79155672823219,26.92100538599641,34.73967684021544,21.94793536804309,65.4847396768402,31.877145799139473,True
282281,Denis Suárez,9866,Alavés,ESP-La Liga,1.8,44.8,2.0,0.0,0.8,1.5,0.1,0.06,1.2,2.0,0.07,0.4,0.2,0.2,0.5,6.59,0.0,20.0,0.5,1.5,1.6,1321,28,Midfielder,0.6129032258064516,0.2105263157894737,0.04017857142857143,1.3333333333333335,0.44642857142857145,43.42010771992819,17.190305206463197,29.89228007181329,57.89946140035906,31.863235772260552,True
1403332,Aljoscha Kemlein,8149,1. FC Union Berlin,GER-Bundesliga,2.8,33.1,3.0,0.0,1.3,2.3,0.11,0.06,1.0,2.0,0.0,0.8,0.1,0.2,0.2,6.75,0.0,14.0,0.8,1.8,0.8,1877,29,Midfielder,0.7222222222222222,0.3076923076923077,0.08459214501510573,0.8,0.4229607250755287,29.05797185382521,34.941925188059436,35.7199024471857,28.209429676389774,31.863105545115207,True
254308,Florian Thauvin,8588,Lens,FRA-Ligue 1,1.5,32.9,16.0,0.0,0.3,8.9,0.33,0.4,0.7,5.0,0.38,0.4,1.0,0.1,1.0,7.39,0.0,77.0,2.7,0.9,1.8,2399,32,Midfielder,0.65,0.3076923076923077,0.04559270516717325,2.5714285714285716,2.3404255319148937,49.435532132584314,29.9987773723802,8.724767218136071,67.37598373261778,31.511663397756788,True
749488,Romano Schmid,8697,SV Werder Bremen,GER-Bundesliga,2.1,33.2,17.0,0.0,0.4,10.2,0.32,0.24,0.6,8.0,0.12,0.3,0.7,0.1,1.1,7.28,0.0,88.0,1.7,1.4,1.1,2899,33,Midfielder,0.7391304347826088,0.17647058823529413,0.06325301204819277,1.8333333333333335,2.650602409638554,65.96876508175518,11.345115602658893,19.1634331383564,76.15911533239385,31.043025983738584,True
999690,Ilan Kebbal,6379,Paris FC,FRA-Ligue 1,3.2,49.8,7.0,0.0,0.3,6.0,0.24,0.27,0.6,4.0,0.37,0.3,0.8,0.0,1.0,7.43,0.0,58.0,2.0,1.3,1.3,2206,28,Midfielder,0.7272727272727273,0.18749999999999997,0.06425702811244981,2.166666666666667,1.1646586345381527,66.22082585278275,12.073608617594255,15.933572710951525,84.33572710951526,30.992999397208585,True
689680,Jens Odgaard,9857,Bologna,ITA-Serie A,0.3,15.7,1.0,0.0,1.1,1.3,0.09,0.16,1.8,1.0,0.33,0.3,0.9,0.0,0.9,6.68,0.0,14.0,2.3,1.3,0.5,1357,25,Midfielder,0.47058823529411764,0.18749999999999997,0.01910828025477707,0.2777777777777778,0.89171974522293,43.81852988681042,20.75516560169366,25.94058673255986,38.695198934383505,30.950139683305444,True
445856,Wesley Saïd,8588,Lens,FRA-Ligue 1,1.2,26.1,10.0,0.0,0.9,3.8,0.18,0.44,1.7,2.0,0.47,0.5,1.2,0.0,0.5,7.18,0.0,26.0,2.6,1.0,1.2,1920,28,Midfielder,0.46875,0.3333333333333333,0.045977011494252866,0.7058823529411765,0.9961685823754789,34.39007612465654,30.70223869552068,20.75857608926469,41.607626622394676,30.91847498398379,True
637756,Carles Aleñá,9866,Alavés,ESP-La Liga,1.0,32.7,6.0,0.0,1.0,3.4,0.15,0.12,1.7,4.0,0.0,0.5,0.2,0.1,0.3,6.59,0.0,38.0,1.4,1.7,0.6,1995,34,Midfielder,0.5641025641025641,0.22727272727272727,0.030581039755351678,0.35294117647058826,1.162079510703364,35.720533065642236,16.939312625882383,35.718068505756,58.290863110750756,30.733192557886248,True
1000428,Ísak Bergmann Jóhannesson,8722,1. FC Köln,GER-Bundesliga,2.5,37.9,2.0,0.0,1.1,3.7,0.19,0.07,0.7,2.0,0.05,0.4,0.2,0.3,0.1,6.71,0.0,33.0,0.6,1.4,0.3,1791,30,Midfielder,0.72,0.22222222222222227,0.06596306068601583,0.4285714285714286,0.870712401055409,31.49910233393178,18.536804308797127,34.87432675044883,67.10053859964094,30.713187354404834,True
930035,Linton Maina,8722,1. FC Köln,GER-Bundesliga,0.6,22.8,6.0,0.0,0.6,2.1,0.2,0.12,0.7,0.0,0.18,0.4,0.7,0.2,0.5,6.54,0.0,16.0,1.8,0.8,0.8,976,23,Midfielder,0.6315789473684211,0.3333333333333333,0.02631578947368421,1.142857142857143,0.7017543859649122,36.633752244165166,38.913824057450626,11.75942549371634,38.913824057450626,29.990414780269848,True
385437,Serge Gnabry,9823,Bayern München,GER-Bundesliga,1.1,42.7,9.0,0.0,0.2,5.1,0.37,0.46,0.7,6.0,0.59,0.3,1.2,0.1,0.6,7.36,0.0,22.0,3.7,1.3,1.2,1228,21,Midfielder,0.6956521739130436,0.18749999999999997,0.02576112412177986,1.7142857142857144,0.5152224824355972,52.45836309466356,14.536527608862121,19.68359684175981,58.883515762243974,29.853366490994432,True
883080,Morgan Rogers,10252,Aston Villa,ENG-Premier League,1.0,21.8,13.0,0.0,0.9,4.3,0.12,0.19,1.3,6.0,0.27,0.4,0.9,0.1,0.7,7.0,0.0,47.0,2.3,1.2,1.2,3285,37,Midfielder,0.5517241379310345,0.25,0.04587155963302752,0.923076923076923,2.1559633027522933,41.62873947092399,17.86480955966101,21.77898753563316,56.54398563734291,29.706580155826042,True
604982,Ruben Loftus-Cheek,8564,Milan,ITA-Serie A,0.4,27.2,3.0,0.0,1.3,1.1,0.09,0.25,1.8,1.0,0.24,0.4,0.5,0.1,0.4,6.61,0.0,10.0,2.3,1.0,1.0,1122,27,Midfielder,0.43749999999999994,0.28571428571428575,0.014705882352941178,0.5555555555555556,0.36764705882352944,28.595548348487483,22.830447288662384,40.53287259576714,33.97579197312793,29.410045151650856,True
975242,Simon Sohm,9857,Bologna,ITA-Serie A,1.2,30.7,3.0,0.0,0.7,1.5,0.1,0.05,1.6,1.0,0.0,0.5,0.1,0.3,0.1,6.48,0.0,15.0,0.6,1.3,0.7,1430,28,Midfielder,0.5294117647058824,0.2777777777777778,0.03908794788273615,0.43749999999999994,0.48859934853420195,18.82811142642034,45.67656351550485,24.478034529577936,42.56346402579101,29.255077038742396,True
1086012,Ansu Fati,9829,Monaco,FRA-Ligue 1,1.3,28.4,3.0,0.0,0.7,1.3,0.12,0.85,0.8,0.0,0.9,0.4,1.9,0.0,0.4,6.93,0.0,14.0,3.5,1.3,1.2,996,24,Midfielder,0.68,0.23529411764705882,0.045774647887323945,1.4999999999999998,0.49295774647887325,40.870736086175945,20.421903052064632,23.114901256732495,37.52244165170556,29.237840730740487,True
415539,Matteo Politano,9875,Napoli,ITA-Serie A,1.0,31.3,11.0,0.0,0.6,4.6,0.2,0.09,0.8,5.0,0.08,0.2,0.5,0.1,0.4,6.96,0.0,36.0,1.9,0.6,1.4,2133,33,Midfielder,0.5,0.25,0.03194888178913738,1.7499999999999998,1.1501597444089458,31.984942375629814,24.61512969505093,18.32236185916617,61.47696633913117,29.173917091841897,True
1288119,Ismaël Koné,7943,Sassuolo,ITA-Serie A,2.1,33.1,1.0,0.0,1.0,1.8,0.06,0.16,0.9,0.0,0.21,0.5,0.3,0.1,0.2,6.89,0.0,22.0,0.7,1.0,0.8,2619,33,Midfielder,0.625,0.3333333333333333,0.0634441087613293,0.888888888888889,0.6646525679758308,18.74326750448833,42.7737881508079,22.62118491921006,53.321364452423694,29.15999388510002,True
670928,Giuseppe Pezzella,7801,Cremonese,ITA-Serie A,0.6,20.4,0.0,0.0,3.2,1.9,0.07,0.0,1.7,1.0,0.0,0.4,0.0,0.4,0.1,6.64,0.0,26.0,0.2,1.8,0.5,2411,29,Midfielder,0.5641025641025641,0.18181818181818182,0.029411764705882353,0.29411764705882354,1.2745098039215688,24.389587073608617,14.452423698384202,75.98743267504489,49.59605026929982,29.105105661447986,True
1307957,Romano Floriani Mussolini,7801,Cremonese,ITA-Serie A,0.3,17.4,4.0,0.0,3.0,0.7,0.06,0.03,1.6,1.0,0.0,0.4,0.1,0.4,0.1,6.33,0.0,9.0,0.4,2.2,0.5,1089,26,Midfielder,0.6190476190476191,0.15384615384615385,0.017241379310344827,0.3125,0.5172413793103449,33.8689407540395,12.522441651705567,85.32315978456015,25.942549371633753,29.043740911349193,True
1609213,Mateus Mané,8602,Wolverhampton Wanderers,ENG-Premier League,0.4,14.9,4.0,0.0,1.3,2.6,0.14,0.1,1.3,1.0,0.11,0.3,0.8,0.1,0.6,6.56,0.0,21.0,2.0,1.3,1.6,1610,25,Midfielder,0.5517241379310345,0.18749999999999997,0.026845637583892617,1.2307692307692308,1.4093959731543624,42.20825852782765,12.073608617594255,37.79174147217235,47.48653500897666,28.867234695091632,True
1553515,Djaoui Cissé,9851,Rennes,FRA-Ligue 1,1.8,37.9,0.0,0.0,0.5,1.1,0.1,0.07,1.6,0.0,0.0,0.5,0.5,0.5,0.7,6.56,0.0,13.0,2.2,3.0,0.8,982,24,Midfielder,0.6862745098039216,0.14285714285714285,0.0474934036939314,0.5,0.34300791556728233,52.79824713808614,10.974241166515446,36.438035301763804,30.09452841965728,28.126344922330272,True
1393542,Christian Ordóñez,10167,Parma,ITA-Serie A,0.1,17.7,0.0,0.0,0.9,0.2,0.02,0.04,1.6,0.0,0.1,0.6,0.2,0.6,0.2,6.18,0.0,4.0,0.8,1.9,0.4,924,26,Midfielder,0.6097560975609757,0.24,0.005649717514124295,0.25,0.22598870056497175,32.18132854578097,29.443447037701972,44.7935368043088,10.053859964093357,28.11583466606039,True
1185336,Francisco Conceição,9885,Juventus,ITA-Serie A,0.8,31.7,5.0,0.0,0.2,4.8,0.22,0.33,1.4,4.0,0.14,0.3,1.0,0.0,1.1,7.2,0.0,37.0,3.1,1.5,2.4,1959,29,Midfielder,0.5625,0.16666666666666666,0.02523659305993691,1.7142857142857144,1.167192429022082,46.47762913199875,13.130184101980012,20.550085905677502,59.32276082186315,28.02609335552596,True
365672,Sofiane Boufal,9746,Le Havre,FRA-Ligue 1,1.0,23.4,5.0,0.0,0.4,1.6,0.16,0.14,2.2,3.0,0.1,0.3,0.3,0.0,0.6,6.9,0.0,25.0,1.5,2.0,1.9,943,16,Midfielder,0.5111111111111111,0.13043478260869565,0.042735042735042736,0.8636363636363635,1.0683760683760684,53.38420107719928,7.989228007181328,38.24057450628366,48.65350089766606,27.85594539432345,True
1622889,Louis Leroux,9830,Nantes,FRA-Ligue 1,1.1,21.2,0.0,0.0,2.2,1.3,0.08,0.1,0.7,1.0,0.06,0.2,0.2,0.1,0.2,6.61,0.0,16.0,0.9,2.3,0.7,1443,23,Midfielder,0.78125,0.08,0.0518867924528302,1.0,0.7547169811320755,56.068222621184916,5.11669658886894,80.475763016158,39.09335727109515,27.84173153856561,True
1293912,Pablo Marín,8560,Real Sociedad,ESP-La Liga,0.5,18.1,2.0,0.0,0.8,1.3,0.08,0.08,1.4,1.0,0.0,0.4,0.3,0.1,0.2,6.33,0.0,11.0,0.8,1.2,1.0,1382,32,Midfielder,0.5333333333333333,0.25,0.027624309392265192,0.7142857142857143,0.6077348066298343,31.0945412894217,20.696350778299003,29.93661641023661,31.852313018410197,27.41064630846267,True
888921,Lewis Ferguson,9857,Bologna,ITA-Serie A,2.9,52.8,1.0,0.0,1.7,1.2,0.08,0.04,2.0,0.0,0.06,0.7,0.1,0.5,0.3,6.52,0.0,14.0,0.8,1.5,0.2,1416,25,Midfielder,0.5238095238095238,0.3181818181818181,0.054924242424242424,0.1,0.26515151515151514,17.75336383467501,33.475737276629154,35.45060262671892,35.68998024491162,27.382553479397714,True
935622,Marcus Holmgren Pedersen,9804,Torino,ITA-Serie A,0.9,18.2,4.0,0.0,1.0,1.8,0.08,0.08,1.4,2.0,0.05,0.5,0.1,0.1,0.2,6.52,0.0,18.0,0.7,1.0,0.4,1989,27,Midfielder,0.5172413793103449,0.3333333333333333,0.049450549450549455,0.28571428571428575,0.989010989010989,13.331016775737922,54.75241790699022,29.095126863702763,33.78338899506444,27.37112639491163,True
1418073,Samuel Amo-Ameyaw,9848,Strasbourg,FRA-Ligue 1,1.0,31.8,2.0,0.0,0.1,1.2,0.1,0.08,1.3,2.0,0.17,0.3,0.4,0.0,0.9,6.64,0.0,13.0,1.5,1.8,2.4,1042,25,Midfielder,0.6176470588235293,0.14285714285714285,0.031446540880503145,1.846153846153846,0.40880503144654085,62.10951526032317,8.48294434470377,29.443447037701976,37.74685816876122,27.321163242436135,True
763974,Gauthier Hein,8550,Metz,FRA-Ligue 1,4.2,49.0,7.0,0.0,0.2,4.3,0.17,0.32,0.6,7.0,0.32,0.3,0.5,0.1,0.6,7.01,0.0,54.0,1.7,0.7,0.3,2264,28,Midfielder,0.625,0.3,0.08571428571428572,0.5,1.1020408163265305,40.727109515260324,28.85996409335727,5.296229802513465,82.76481149012568,27.16553206568591,True
1074642,Salis Abdul Samed,9831,Nice,FRA-Ligue 1,0.6,39.9,0.0,0.0,0.7,0.1,0.01,0.0,1.9,0.0,0.0,1.0,0.0,0.1,0.1,6.27,0.0,1.0,0.1,1.1,0.2,913,18,Midfielder,0.525,0.47619047619047616,0.015037593984962405,0.10526315789473685,0.025062656641604012,11.005385996409338,81.86714542190305,18.17773788150808,37.07360861759425,26.65400276788047,True
331542,Jonas Hofmann,8178,Bayer 04 Leverkusen,GER-Bundesliga,1.6,41.0,5.0,0.0,1.2,2.3,0.21,0.15,0.5,2.0,0.18,0.2,0.6,0.0,0.6,6.88,0.0,15.0,2.0,1.2,0.6,981,22,Midfielder,0.7368421052631579,0.14285714285714288,0.03902439024390244,1.2,0.36585365853658536,57.47755834829444,6.956912028725315,32.36086175942549,49.50628366247756,26.59208723967491,True
1184694,Alberto Moleiro,10205,Villarreal,ESP-La Liga,0.6,22.9,9.0,0.0,0.5,3.6,0.14,0.22,1.2,5.0,0.39,0.3,0.8,0.1,0.4,7.0,0.0,36.0,1.7,1.1,1.2,2310,35,Midfielder,0.5384615384615385,0.21428571428571425,0.026200873362445417,1.0,1.572052401746725,26.5743840209005,29.921687483510613,11.86852892157809,57.33090738274036,26.3024163397819,True
955271,Thiago Almada,9906,Atlético de Madrid,ESP-La Liga,1.9,41.4,3.0,0.0,0.4,2.4,0.17,0.26,0.9,1.0,0.21,0.4,0.7,0.1,0.9,6.71,0.0,26.0,1.5,1.9,1.4,1267,26,Midfielder,0.71875,0.1739130434782609,0.04589371980676329,1.5555555555555554,0.6280193236714976,50.82338178799637,9.80727527782604,24.19985457166207,43.290219622529804,26.110054307295638,True
875672,Hamed Traorè,8583,Auxerre,FRA-Ligue 1,1.0,19.4,4.0,0.0,0.5,2.8,0.12,0.33,1.3,2.0,0.43,0.3,1.2,0.0,0.4,7.12,0.0,27.0,2.9,1.8,1.5,2106,26,Midfielder,0.6176470588235293,0.14285714285714285,0.051546391752577324,1.1538461538461537,1.3917525773195878,40.107526881720425,9.56989247311828,33.97849462365591,48.92473118279569,26.00586301548943,False
846761,Zakaria Aboukhlal,9941,Toulouse,FRA-Ligue 1,0.1,10.0,2.0,0.0,0.4,2.0,0.09,0.49,1.7,2.0,0.33,0.3,1.4,0.0,0.8,6.81,0.0,12.0,3.0,1.0,0.8,1907,26,Midfielder,0.43333333333333335,0.23076923076923075,0.01,0.4705882352941177,1.2,41.49462365591398,19.086021505376344,12.419354838709674,42.47311827956989,25.914849579191557,False
1276505,Giovanni Fabbian,8535,Fiorentina,ITA-Serie A,0.9,17.8,3.0,0.0,1.3,0.9,0.07,0.18,1.5,0.0,0.17,0.5,0.4,0.1,0.3,6.36,0.0,8.0,1.5,0.8,0.3,1077,28,Midfielder,0.46428571428571436,0.3846153846153846,0.05056179775280899,0.19999999999999998,0.449438202247191,19.332696279994597,37.055172680064096,22.638591275586702,25.439212885208136,25.272745994037532,True
1412132,Kenan Yildiz,9885,Juventus,ITA-Serie A,1.0,32.9,15.0,0.0,0.2,9.4,0.31,0.26,0.7,6.0,0.33,0.2,1.2,0.0,0.7,7.5,0.0,73.0,3.0,0.8,2.5,2749,35,Midfielder,0.5882352941176471,0.2,0.030395136778115502,3.5714285714285716,2.218844984802432,49.52916610361448,9.487719027303207,15.407263695038063,71.71257955123131,25.248425752109792,True
822440,Michael Folorunsho,8529,Cagliari,ITA-Serie A,0.9,14.5,2.0,0.0,1.2,1.1,0.05,0.15,1.6,0.0,0.09,0.4,0.4,0.1,0.3,6.53,0.0,14.0,1.6,1.1,1.0,1989,26,Midfielder,0.48387096774193544,0.26666666666666666,0.06206896551724138,0.625,0.9655172413793104,18.64452423698384,25.40394973070018,30.11669658886894,39.04847396768402,25.157379841094684,True
1419969,Rodrigo Mendoza,9906,Atlético de Madrid,ESP-La Liga,1.8,40.1,2.0,0.0,1.0,1.1,0.08,0.12,2.2,1.0,0.07,0.3,0.3,0.1,0.5,6.56,0.0,15.0,1.2,1.2,1.5,1231,24,Midfielder,0.4054054054054054,0.19999999999999998,0.04488778054862843,0.6818181818181818,0.37406483790523687,32.567324955116696,12.612208258527826,26.705565529622984,48.922800718132855,25.02984286891847,True
675023,Danel Sinani,8152,FC St. Pauli,GER-Bundesliga,1.1,30.8,5.0,0.0,0.6,4.8,0.21,0.22,1.7,3.0,0.22,0.3,0.8,0.0,0.7,6.9,0.0,46.0,2.2,1.1,0.5,2068,30,Midfielder,0.4516129032258065,0.21428571428571425,0.03571428571428572,0.29411764705882354,1.4935064935064934,39.62772275953489,11.283694651969396,18.448163806361524,60.37788845775177,24.851774570780123,True
439148,Morten Thorsby,7801,Cremonese,ITA-Serie A,0.5,19.9,3.0,0.0,2.2,0.5,0.04,0.16,1.7,1.0,0.22,0.3,0.6,0.4,0.4,6.66,0.0,9.0,1.5,1.5,0.2,1248,22,Midfielder,0.5142857142857143,0.16666666666666666,0.02512562814070352,0.11764705882352942,0.45226130653266333,31.929982046678635,9.964093357271095,58.97666068222621,24.95511669658887,24.530751267498136,True
1091907,Fisayo Dele-Bashiru,8543,Lazio,ITA-Serie A,0.2,30.5,1.0,0.0,0.8,0.3,0.02,0.06,0.6,0.0,0.0,0.2,0.1,0.0,0.3,6.38,0.0,9.0,0.7,1.5,0.4,1072,22,Midfielder,0.7391304347826088,0.11764705882352942,0.006557377049180328,0.6666666666666667,0.29508196721311475,35.50991293604371,14.81570497352046,24.067971660778753,28.881392251114843,24.50302347134533,True
1286471,Roger Brugué,8581,Levante,ESP-La Liga,0.3,18.2,2.0,0.0,1.7,1.3,0.12,0.3,1.0,1.0,0.09,0.4,0.8,0.1,0.2,6.37,0.0,8.0,2.4,0.9,0.8,987,18,Midfielder,0.5652173913043479,0.3076923076923077,0.016483516483516484,0.8,0.43956043956043955,14.21903052064632,33.97666068222621,38.599640933572715,22.217235188509875,24.108981180977544,True
950545,Oihan Sancet,8315,Athletic Club,ESP-La Liga,1.1,24.2,0.0,0.0,0.4,1.6,0.08,0.32,1.4,0.0,0.2,0.2,0.7,0.1,0.7,6.61,0.0,27.0,2.4,1.2,0.8,1803,28,Midfielder,0.5,0.14285714285714288,0.04545454545454546,0.5714285714285715,1.115702479338843,37.6446979788035,15.444392965386768,12.030462732379684,48.62679613649672,23.835013587318322,True
1422593,Joshua King,9879,Fulham,ENG-Premier League,0.2,18.3,0.0,0.0,1.0,0.6,0.04,0.17,0.9,2.0,0.07,0.2,0.7,0.4,0.3,6.5,0.0,13.0,1.8,1.9,1.1,1263,30,Midfielder,0.7000000000000001,0.09523809523809523,0.01092896174863388,1.2222222222222223,0.7103825136612022,47.37881508078995,5.565529622980252,47.48653500897666,34.964093357271096,23.821212032446365,True
1285866,Habib Diarra,8472,Sunderland,ENG-Premier League,0.3,23.0,0.0,0.0,0.9,0.6,0.04,0.22,1.3,1.0,0.13,0.3,0.5,0.0,0.6,6.65,0.0,5.0,1.6,0.9,0.4,1365,18,Midfielder,0.48,0.25,0.013043478260869565,0.3076923076923077,0.21739130434782608,35.12567324955117,19.748653500897664,18.402154398563734,15.394973070017954,22.946182904991332,True
1515977,Ilyas Ansah,8149,1. FC Union Berlin,GER-Bundesliga,0.2,10.2,1.0,0.0,0.8,1.0,0.05,0.15,1.1,1.0,0.24,0.2,0.5,0.1,0.7,6.43,0.0,15.0,1.5,0.8,1.2,1837,32,Midfielder,0.47619047619047616,0.2,0.019607843137254905,1.0909090909090908,1.4705882352941178,38.03411131059246,11.220825852782767,15.350089766606823,47.755834829443444,22.75853185225169,True
638010,Isi Palazón,8370,Rayo Vallecano,ESP-La Liga,1.8,28.6,9.0,0.0,0.9,4.0,0.16,0.21,1.4,3.0,0.12,0.1,0.6,0.2,0.4,6.74,0.0,39.0,2.1,1.2,0.9,2262,31,Midfielder,0.48148148148148145,0.07692307692307693,0.06293706293706293,0.6428571428571429,1.3636363636363635,31.212151631564385,10.130435062386184,20.434901514127784,62.54071671718049,22.709138803335442,True
1073742,Julio Enciso,9848,Strasbourg,FRA-Ligue 1,0.6,25.7,6.0,0.0,0.4,4.6,0.23,0.37,0.9,3.0,0.15,0.3,1.1,0.0,0.5,6.9,0.0,24.0,2.9,1.0,2.5,1802,26,Midfielder,0.5909090909090908,0.23076923076923075,0.023346303501945526,2.7777777777777777,0.933852140077821,37.64586269248341,12.941255960309647,11.36847422507931,46.02613849153491,22.165885435613877,True
1339372,Cesare Casadei,9804,Torino,ITA-Serie A,0.8,25.2,3.0,0.0,1.8,1.5,0.07,0.19,2.3,0.0,0.24,0.5,0.7,0.1,0.3,6.74,0.0,16.0,1.6,1.6,0.6,1914,31,Midfielder,0.47727272727272724,0.23809523809523808,0.03174603174603175,0.2608695652173913,0.6349206349206349,18.220150190150772,17.16813703725153,38.801889281416706,26.86293057405584,22.06752959179797,True
940976,Kang-In Lee,9847,Paris Saint-Germain,FRA-Ligue 1,3.4,56.2,12.0,0.0,0.4,5.5,0.33,0.16,1.1,4.0,0.18,0.2,0.9,0.1,0.6,7.23,0.0,56.0,2.2,1.0,1.6,1490,26,Midfielder,0.5217391304347826,0.16666666666666669,0.06049822064056939,1.4545454545454546,0.9964412811387899,41.55195202151825,7.889197763234944,12.47958533619042,83.4452359349562,22.032669339670655,True
1209987,Warren Bondo,7801,Cremonese,ITA-Serie A,1.3,35.5,0.0,0.0,0.5,0.4,0.02,0.01,2.0,0.0,0.0,0.4,0.1,0.2,0.2,6.44,0.0,3.0,0.4,1.6,0.8,1769,27,Midfielder,0.5,0.2,0.036619718309859155,0.4,0.08450704225352113,21.73249551166966,16.202872531418315,27.24416517055655,31.68761220825853,22.03200858954597,True
1367924,Can Uzun,9810,Eintracht Frankfurt,GER-Bundesliga,2.0,37.5,4.0,0.0,0.4,3.0,0.24,0.29,1.2,4.0,0.65,0.2,1.5,0.2,1.0,7.14,0.0,20.0,3.3,1.2,1.0,1104,20,Midfielder,0.5384615384615385,0.14285714285714288,0.05333333333333334,0.8333333333333334,0.5333333333333333,48.39317773788151,6.956912028725315,14.497307001795333,54.847396768402156,21.65360812652584,True
850295,Alessio Zerbin,7801,Cremonese,ITA-Serie A,0.9,18.3,4.0,0.0,1.4,2.0,0.11,0.09,1.9,3.0,0.0,0.2,0.4,0.2,0.1,6.39,0.0,17.0,1.2,2.1,0.4,1599,31,Midfielder,0.5476190476190477,0.08695652173913043,0.04918032786885246,0.2105263157894737,0.9289617486338797,28.590664272890482,5.296229802513465,63.599640933572715,40.8886894075404,21.345186002166628,True
950596,Marco Brescianini,8535,Fiorentina,ITA-Serie A,1.2,29.3,2.0,0.0,2.2,0.8,0.08,0.18,1.6,0.0,0.2,0.2,0.4,0.4,0.4,0.0,0.0,9.0,1.3,1.3,0.8,903,24,Midfielder,0.48387096774193544,0.13333333333333333,0.040955631399317405,0.5,0.30716723549488056,31.773382753228702,6.243959254325849,46.73085461670624,26.59787777584732,20.512000563290986,True
586768,Guido Rodríguez,10267,Valencia CF,ESP-La Liga,0.0,0.0,1.0,0.0,0.0,0.8,0.0,0.0,0.0,0.0,0.0,0.0,0.0,0.0,0.0,0.0,0.0,7.0,0.0,0.0,0.0,1128,14,Midfielder,0.0,0.0,0.0,0.0,0.0,20.885574924551005,19.022670090024004,31.065680842712172,12.5889783337516,20.37898000072445,True
1155130,Luca Netz,9788,Borussia Mönchengladbach,GER-Bundesliga,0.0,0.0,4.0,0.0,0.0,1.5,0.0,0.0,0.0,2.0,0.0,0.0,0.0,0.0,0.0,0.0,0.0,10.0,0.0,0.0,0.0,938,15,Midfielder,0.0,0.0,0.0,0.0,0.0,19.161560587633442,18.78969517962974,30.241308082855543,15.58180987497024,20.232033102891247,True
966027,Conor Gallagher,8586,Tottenham Hotspur,ENG-Premier League,0.0,0.0,1.0,0.0,0.0,0.7,0.0,0.0,0.0,1.0,0.0,0.0,0.0,0.0,0.0,0.0,0.0,11.0,0.0,0.0,0.0,1018,14,Midfielder,0.0,0.0,0.0,0.0,0.0,19.132886752507996,23.34166650579461,21.657078692174537,15.671415609737265,20.20453884565893,True
1132607,Peque Fernández,8302,Sevilla,ESP-La Liga,1.6,27.3,0.0,0.0,0.2,0.7,0.07,0.1,1.2,1.0,0.2,0.1,0.6,0.0,0.1,6.66,0.0,15.0,1.4,1.1,1.6,914,25,Midfielder,0.5,0.08333333333333333,0.05860805860805861,1.3333333333333335,0.5494505494505494,17.71239937452945,19.28238193599866,11.840183265445328,35.81118125132719,18.63029684605683,True
982633,Jordan Zemura,8600,Udinese,ITA-Serie A,0.0,0.0,2.0,0.0,0.0,1.0,0.0,0.0,0.0,1.0,0.0,0.0,0.0,0.0,0.0,0.0,0.0,11.0,0.0,0.0,0.0,1018,15,Midfielder,0.0,0.0,0.0,0.0,0.0,15.476972774013374,23.718010591816114,26.11944428357239,10.47428299324981,18.421501092082757,True
1095432,Charles De Ketelaere,8524,Atalanta,ITA-Serie A,1.5,33.1,17.0,0.0,0.5,8.4,0.37,0.15,1.0,5.0,0.13,0.1,0.7,0.1,0.8,7.14,0.0,60.0,1.9,1.0,2.0,2078,29,Midfielder,0.5238095238095238,0.09090909090909091,0.045317220543806644,2.0,1.8126888217522659,39.10498510324769,5.32805029503935,10.946378126548394,69.13161264583051,18.157553431398657,True
741049,Eljif Elmas,9875,Napoli,ITA-Serie A,0.6,34.1,1.0,0.0,0.9,1.7,0.09,0.15,1.0,2.0,0.06,0.3,0.4,0.3,0.4,6.75,0.0,21.0,1.3,1.3,0.7,1633,31,Midfielder,0.6153846153846154,0.18749999999999997,0.01759530791788856,0.7,0.6158357771260997,23.181251327194456,8.730075995958893,18.48471393731138,36.078968874474754,17.662573336069915,True
1226189,Martim Neto,10268,Elche,ESP-La Liga,0.7,35.2,4.0,0.0,0.9,2.7,0.18,0.06,1.2,5.0,0.13,0.1,0.3,0.1,0.3,6.79,0.0,25.0,0.8,1.4,1.4,1352,25,Midfielder,0.5555555555555555,0.06666666666666667,0.019886363636363633,1.1666666666666667,0.7102272727272727,25.134649910233396,4.084380610412927,29.30879712746858,58.88689407540395,17.0740186771558,True
690516,Ademola Lookman,8524,Atalanta,ITA-Serie A,0.3,25.3,12.0,0.0,0.2,7.9,0.31,0.41,1.2,5.0,0.6,0.1,1.4,0.0,0.4,7.39,0.0,61.0,3.3,1.3,1.5,2263,31,Midfielder,0.5384615384615385,0.07142857142857142,0.011857707509881422,1.25,2.411067193675889,26.333333333333332,4.516129032258065,13.76344086021505,61.935483870967744,15.493276793985517,False
169200,Kevin De Bruyne,9875,Napoli,ITA-Serie A,0.0,0.0,4.0,0.0,0.0,3.1,0.0,0.0,0.0,1.0,0.0,0.0,0.0,0.0,0.0,0.0,0.0,31.0,0.0,0.0,0.0,1058,16,Midfielder,0.0,0.0,0.0,0.0,0.0,17.484141232794737,14.022670090024,4.954569731601063,28.359587652748015,13.673537872535626,True
167008,Pascal Groß,10204,Brighton and Hove Albion,ENG-Premier League,0.0,0.0,4.0,0.0,0.0,3.2,0.0,0.0,0.0,3.0,0.0,0.0,0.0,0.0,0.0,0.0,0.0,35.0,0.0,0.0,0.0,1456,17,Midfielder,0.0,0.0,0.0,0.0,0.0,18.917832989067136,4.757437115113608,15.563888728016835,29.022670090024004,12.821862953321785,True
408943,Takumi Minamino,9829,Monaco,FRA-Ligue 1,0.0,0.0,3.0,0.0,0.0,2.0,0.0,0.0,0.0,2.0,0.0,0.0,0.0,0.0,0.0,0.0,0.0,9.0,0.0,0.0,0.0,949,15,Midfielder,0.0,0.0,0.0,0.0,0.0,15.136470981898677,9.112275824791027,8.968906649163786,19.775358262067012,12.186057790377687,True
1202114,Omri Gandelman,9888,Lecce,ITA-Serie A,0.0,0.0,1.0,0.0,0.0,0.6,0.0,0.0,0.0,0.0,0.0,0.0,0.0,0.0,0.0,0.0,0.0,6.0,0.0,0.0,0.0,922,17,Midfielder,0.0,0.0,0.0,0.0,0.0,2.226211849192101,1.9748653500897666,1.9748653500897666,1.9748653500897666,2.059432869425323,True
1417802,Pape Demba Diop,9941,Toulouse,FRA-Ligue 1,0.0,0.0,2.0,0.0,0.0,1.4,0.0,0.0,0.0,2.0,0.0,0.0,0.0,0.0,0.0,0.0,0.0,19.0,0.0,0.0,0.0,1185,15,Midfielder,0.0,0.0,0.0,0.0,0.0,2.226211849192101,1.9748653500897666,1.9748653500897666,1.9748653500897666,2.059432869425323,True
279490,James Ward-Prowse,8191,Burnley,ENG-Premier League,0.0,0.0,7.0,0.0,0.0,1.7,0.0,0.0,0.0,1.0,0.0,0.0,0.0,0.0,0.0,0.0,0.0,22.0,0.0,0.0,0.0,1069,16,Midfielder,0.0,0.0,0.0,0.0,0.0,2.226211849192101,1.9748653500897666,1.9748653500897666,1.9748653500897666,2.059432869425323,True
1387194,Kassoum Ouattara,9829,Monaco,FRA-Ligue 1,0.0,0.0,5.0,0.0,0.0,2.2,0.0,0.0,0.0,3.0,0.0,0.0,0.0,0.0,0.0,0.0,0.0,17.0,0.0,0.0,0.0,970,15,Midfielder,0.0,0.0,0.0,0.0,0.0,2.226211849192101,1.9748653500897666,1.9748653500897666,1.9748653500897666,2.059432869425323,True
763998,Bakery Jatta,9790,Hamburger SV,GER-Bundesliga,0.0,0.0,0.0,0.0,0.0,0.6,0.0,0.0,0.0,1.0,0.0,0.0,0.0,0.0,0.0,0.0,0.0,4.0,0.0,0.0,0.0,918,15,Midfielder,0.0,0.0,0.0,0.0,0.0,2.226211849192101,1.9748653500897666,1.9748653500897666,1.9748653500897666,2.059432869425323,True
1299869,Mohamed Kaba,9830,Nantes,FRA-Ligue 1,0.0,0.0,4.0,0.0,0.0,0.7,0.0,0.0,0.0,2.0,0.0,0.0,0.0,0.0,0.0,0.0,0.0,12.0,0.0,0.0,0.0,924,12,Midfielder,0.0,0.0,0.0,0.0,0.0,2.226211849192101,1.9748653500897666,1.9748653500897666,1.9748653500897666,2.059432869425323,True
786580,Marshall Munetsi,6379,Paris FC,FRA-Ligue 1,0.0,0.0,0.0,0.0,0.0,0.4,0.0,0.0,0.0,1.0,0.0,0.0,0.0,0.0,0.0,0.0,0.0,6.0,0.0,0.0,0.0,909,14,Midfielder,0.0,0.0,0.0,0.0,0.0,2.226211849192101,1.9748653500897666,1.9748653500897666,1.9748653500897666,2.059432869425323,True
593116,Sofyan Amrabat,8603,Real Betis,ESP-La Liga,0.0,0.0,0.0,0.0,0.0,0.5,0.0,0.0,0.0,0.0,0.0,0.0,0.0,0.0,0.0,0.0,0.0,7.0,0.0,0.0,0.0,1216,16,Midfielder,0.0,0.0,0.0,0.0,0.0,2.226211849192101,1.9748653500897666,1.9748653500897666,1.9748653500897666,2.059432869425323,True
505059,Branco van den Boomen,8121,Angers,FRA-Ligue 1,0.0,0.0,2.0,0.0,0.0,2.0,0.0,0.0,0.0,1.0,0.0,0.0,0.0,0.0,0.0,0.0,0.0,26.0,0.0,0.0,0.0,1152,14,Midfielder,0.0,0.0,0.0,0.0,0.0,2.226211849192101,1.9748653500897666,1.9748653500897666,1.9748653500897666,2.059432869425323,True
1573122,Fer López,9910,Celta de Vigo,ESP-La Liga,0.0,0.0,2.0,0.0,0.0,1.2,0.0,0.0,0.0,0.0,0.0,0.0,0.0,0.0,0.0,0.0,0.0,8.0,0.0,0.0,0.0,1011,15,Midfielder,0.0,0.0,0.0,0.0,0.0,2.226211849192101,1.9748653500897666,1.9748653500897666,1.9748653500897666,2.059432869425323,True
1167529,Rafael Obrador,9804,Torino,ITA-Serie A,0.0,0.0,1.0,0.0,0.0,0.7,0.0,0.0,0.0,2.0,0.0,0.0,0.0,0.0,0.0,0.0,0.0,11.0,0.0,0.0,0.0,970,14,Midfielder,0.0,0.0,0.0,0.0,0.0,2.226211849192101,1.9748653500897666,1.9748653500897666,1.9748653500897666,2.059432869425323,True
1137106,Lucas Gourna-Douath,9746,Le Havre,FRA-Ligue 1,0.0,0.0,0.0,0.0,0.0,0.4,0.0,0.0,0.0,0.0,0.0,0.0,0.0,0.0,0.0,0.0,0.0,6.0,0.0,0.0,0.0,1275,15,Midfielder,0.0,0.0,0.0,0.0,0.0,2.226211849192101,1.9748653500897666,1.9748653500897666,1.9748653500897666,2.059432869425323,True
970565,Kenneth Taylor,8543,Lazio,ITA-Serie A,0.0,0.0,1.0,0.0,0.0,0.9,0.0,0.0,0.0,2.0,0.0,0.0,0.0,0.0,0.0,0.0,0.0,13.0,0.0,0.0,0.0,1338,16,Midfielder,0.0,0.0,0.0,0.0,0.0,2.226211849192101,1.9748653500897666,1.9748653500897666,1.9748653500897666,2.059432869425323,True
970563,Quinten Timber,8592,Marseille,FRA-Ligue 1,0.0,0.0,0.0,0.0,0.0,1.1,0.0,0.0,0.0,0.0,0.0,0.0,0.0,0.0,0.0,0.0,0.0,8.0,0.0,0.0,0.0,1103,14,Midfielder,0.0,0.0,0.0,0.0,0.0,2.226211849192101,1.9748653500897666,1.9748653500897666,1.9748653500897666,2.059432869425323,True
