player_id,player,team_id,team,league,accurate_long_balls,accurate_pass,big_chance_created,clean_sheet,effective_clearance,expected_assists,expected_assists_per_90,expected_goals_per_90,fouls,goal_assist,goals_per_90,interception,ontarget_scoring_att,outfielder_block,poss_won_att_3rd,rating,saves,total_att_assist,total_scoring_att,total_tackle,won_contest,minutes_played,matches_played,position,clean_defend_rate,interception_share,progressive_pass_share,carry_to_foul_ratio,line_breaking,high_line_defence,ball_carrying,pressing_aggression,composite_score,has_primary_season,is_manual_add
760712,Trent Alexander-Arnold,8650,Liverpool,ENG-Premier League,4.8,47.6,15.0,0.0,1.8,7.4,0.28,0.09,0.4,6.0,0.11,1.2,0.3,0.3,0.4,7.38,0.0,53.0,1.7,2.7,0.6,2377,33,Defender,0.9069767441860463,0.3076923076923076,0.1008403361344537,1.4999999999999998,89.3903803131991,51.78970917225951,87.14205816554811,86.9015659955257,77.05673037809088,False,False
866708,Oumar Solet,8600,Udinese,ITA-Serie A,4.8,52.5,2.0,0.0,4.0,1.6,0.07,0.1,1.0,1.0,0.13,1.5,0.2,0.5,0.2,7.15,0.0,14.0,1.1,2.1,0.9,2141,25,Defender,0.782608695652174,0.4166666666666666,0.0914285714285714,0.9,90.8704217575862,58.61980511099639,82.66372504732404,68.13951987609705,75.08382909191042,True,False
195305,Marc Bartra,8603,Real Betis,ESP-La Liga,3.4,41.8,0.0,0.0,7.1,0.4,0.02,0.01,0.7,0.0,0.06,1.4,0.2,1.2,0.1,6.93,0.0,4.0,0.5,2.3,0.3,1586,20,Defender,0.8409090909090909,0.3783783783783784,0.0813397129186603,0.4285714285714286,76.8769449463661,80.1330271611312,66.70259887856365,69.32051461309011,73.43443650207874,True,False
1458711,Murillo,10203,Nottingham Forest,ENG-Premier League,3.8,39.1,1.0,0.0,5.5,0.4,0.03,0.03,0.9,0.0,0.06,1.6,0.2,1.0,0.1,7.02,0.0,6.0,0.4,1.6,0.5,1551,18,Defender,0.7804878048780487,0.5,0.0971867007672634,0.5555555555555556,77.42691662364483,75.7903294040039,75.91383797969367,60.52334294154764,72.95177391436142,True,False
161012,Daley Blind,7732,Girona,ESP-La Liga,4.7,60.9,1.0,0.0,4.7,0.8,0.04,0.0,0.6,0.0,0.0,1.2,0.0,0.6,0.0,6.85,0.0,9.0,0.0,2.0,0.4,1853,22,Defender,0.8421052631578947,0.3749999999999999,0.077175697865353,0.6666666666666667,89.95933538404176,60.43190357368209,78.41473426834165,58.164382923191646,72.12092427613334,True,False
442602,Denis Vavro,8721,VfL Wolfsburg,GER-Bundesliga,5.4,47.1,0.0,0.0,8.5,0.5,0.02,0.05,0.3,0.0,0.07,1.4,0.3,1.2,0.1,7.0,0.0,7.0,0.9,0.8,0.1,2462,29,Defender,0.8800000000000001,0.6363636363636362,0.1146496815286624,0.3333333333333333,83.17673378076063,92.71812080536913,54.17785234899329,59.21140939597316,71.73452715268454,False,False
1253852,Castello Lukeba,178475,RB Leipzig,GER-Bundesliga,2.2,62.8,0.0,0.0,4.9,0.4,0.02,0.06,0.5,0.0,0.06,1.6,0.1,0.9,0.1,7.1,0.0,5.0,0.3,1.2,0.9,1446,17,Defender,0.8484848484848485,0.5714285714285715,0.0350318471337579,1.8,65.05565952503872,75.3385461481099,92.7581400935008,56.49461509780301,71.69341252483227,True,False
1173250,Arthur Theate,9810,Eintracht Frankfurt,GER-Bundesliga,3.2,60.7,1.0,0.0,5.9,1.2,0.06,0.04,0.6,0.0,0.05,1.3,0.2,0.6,0.3,6.76,0.0,11.0,0.5,1.6,0.2,1702,19,Defender,0.8285714285714285,0.4482758620689654,0.0527182866556836,0.3333333333333333,75.8395625394367,79.51559183732003,62.85071774794929,66.93563392703493,71.41523280529708,True,False
1197655,Lewis Hall,10261,Newcastle United,ENG-Premier League,2.0,44.4,4.0,0.0,3.6,1.8,0.12,0.04,0.7,1.0,0.0,1.5,0.1,0.6,0.5,7.1,0.0,16.0,1.0,2.4,2.1,1302,19,Defender,0.8478260869565218,0.3846153846153846,0.045045045045045,3.0000000000000004,62.65084537945276,54.11294312510756,91.32287722996617,87.94518657144495,71.02163742533324,True,False
210423,Florent Hanin,8121,Angers,FRA-Ligue 1,2.3,35.1,4.0,0.0,2.7,2.5,0.09,0.03,0.5,2.0,0.03,1.6,0.0,0.3,0.2,6.95,0.0,25.0,0.4,2.3,0.4,2677,33,Defender,0.8863636363636362,0.4102564102564103,0.0655270655270655,0.8,64.47427293064877,68.37807606263982,78.04250559284117,76.40939597315436,70.99983012229464,False,False
1207992,Vanderson,9829,Monaco,FRA-Ligue 1,3.4,39.6,5.0,0.0,2.6,3.8,0.16,0.1,1.2,3.0,0.04,1.7,0.3,0.3,0.7,7.22,0.0,23.0,0.9,3.3,1.0,2073,29,Defender,0.8064516129032258,0.3399999999999999,0.0858585858585858,0.8333333333333334,78.40044742729307,52.05816554809843,73.54026845637584,85.68232662192393,70.89691378143567,False,False
1388678,Clement Akpa,8583,Auxerre,FRA-Ligue 1,3.4,40.2,1.0,0.0,4.0,0.8,0.04,0.01,0.6,0.0,0.0,1.0,0.0,0.4,0.1,6.64,0.0,8.0,0.3,1.4,0.6,1680,20,Defender,0.7999999999999999,0.4166666666666667,0.0845771144278606,1.0,77.24139383640222,65.15183129696553,81.55664723512878,56.93911152698905,70.59658051835149,True,False
662428,Antonee Robinson,9879,Fulham,ENG-Premier League,1.9,37.5,6.0,0.0,3.5,4.1,0.12,0.02,0.9,10.0,0.0,1.8,0.1,0.3,0.2,7.34,0.0,43.0,0.5,2.7,1.1,3167,36,Defender,0.8333333333333333,0.4,0.0506666666666666,1.2222222222222223,59.093959731543634,68.27740492170021,82.23713646532438,77.8579418344519,70.31690674809488,False,False
614384,Maximilian Mittelstaedt,10269,VfB Stuttgart,GER-Bundesliga,2.0,45.9,8.0,0.0,3.0,3.9,0.25,0.14,0.4,3.0,0.19,1.8,0.6,0.4,0.2,7.56,0.0,25.0,1.2,3.2,0.4,1424,21,Defender,0.9259259259259258,0.36,0.0435729847494553,1.0,60.69905136809499,63.809280531176505,81.24618181035966,82.27580235759767,70.25555977020512,True,False
1158945,Nuno Mendes,9847,Paris Saint-Germain,FRA-Ligue 1,3.5,63.2,8.0,0.0,1.0,3.2,0.28,0.24,0.8,3.0,0.27,1.1,0.9,0.2,0.6,7.65,0.0,25.0,2.1,1.9,1.9,1016,15,Defender,0.7894736842105263,0.3666666666666667,0.055379746835443,2.375,82.73050751448402,41.7905516835886,91.70541322491827,71.41274809269777,69.4901301138862,True,False
196169,Marcos Alonso,9910,Celta de Vigo,ESP-La Liga,4.3,69.0,1.0,0.0,5.8,1.3,0.07,0.09,0.7,0.0,0.05,1.0,0.1,0.6,0.2,7.11,0.0,10.0,0.9,1.4,0.4,1794,21,Defender,0.7741935483870969,0.4166666666666667,0.0623188405797101,0.5714285714285715,84.47349315952503,64.34422144782883,70.41222107497275,54.47586832444214,69.07109911735694,True,False
343766,Anthony Jung,8697,SV Werder Bremen,GER-Bundesliga,2.5,63.6,0.0,0.0,3.5,0.5,0.02,0.0,0.4,0.0,0.0,1.2,0.0,0.7,0.0,6.67,0.0,2.0,0.0,1.6,0.3,1898,28,Defender,0.875,0.4285714285714286,0.0393081761006289,0.7499999999999999,70.86129753914989,70.33557046979865,74.52460850111856,57.035794183445184,68.58369954289624,False,False
767789,Marco Friedl,8697,SV Werder Bremen,GER-Bundesliga,4.1,50.9,0.0,0.0,5.6,0.9,0.05,0.03,0.6,0.0,0.05,1.3,0.1,1.1,0.2,6.84,0.0,5.0,0.4,1.6,0.2,1760,20,Defender,0.8285714285714285,0.4482758620689654,0.0805500982318271,0.3333333333333333,78.9383281707107,72.72552414960133,52.300755033557046,71.0131288361154,68.31291403966192,True,False
751998,Omar Alderete,8472,Sunderland,ENG-Premier League,2.7,35.5,1.0,0.0,6.5,0.7,0.04,0.06,0.8,1.0,0.05,1.3,0.3,0.8,0.1,7.01,0.0,7.0,0.8,0.9,0.7,1906,22,Defender,0.7333333333333334,0.5909090909090908,0.076056338028169,0.8749999999999999,70.01802884615385,82.11538461538461,83.37740384615384,40.57091346153846,68.24551983591631,True,False
239920,Matt Doherty,8602,Wolverhampton Wanderers,ENG-Premier League,3.2,43.9,4.0,0.0,4.0,1.2,0.05,0.04,0.8,1.0,0.09,0.9,0.1,0.6,0.3,6.89,0.0,12.0,0.4,1.6,0.5,2113,30,Defender,0.7575757575757576,0.36,0.0728929384965831,0.625,77.06935123042504,54.25055928411633,73.24944071588367,67.20357941834452,67.8180229869309,False,False
664970,Waldemar Anton,9789,Borussia Dortmund,GER-Bundesliga,2.7,67.1,0.0,0.0,5.5,0.6,0.03,0.06,0.8,0.0,0.1,0.9,0.2,0.6,0.1,7.52,0.0,6.0,0.6,2.0,0.5,1800,20,Defender,0.7837837837837838,0.3103448275862069,0.0402384500745156,0.625,73.82331641140367,59.093511587219645,77.97125064532781,58.87626914472552,67.6573053061537,True,False
833219,Juan Foyth,10205,Villarreal,ESP-La Liga,3.0,48.8,0.0,0.0,5.4,0.2,0.02,0.01,0.8,0.0,0.0,1.5,0.0,1.0,0.1,6.97,0.0,0.0,0.2,1.9,0.3,936,13,Defender,0.8095238095238094,0.4411764705882353,0.0614754098360655,0.3749999999999999,72.91879983364883,74.0586638845867,56.752728302644414,67.15746536740664,67.6334228619712,True,False
1276626,Samson Baidoo,8588,Lens,FRA-Ligue 1,2.9,48.0,1.0,0.0,3.9,0.4,0.02,0.09,0.9,1.0,0.12,1.3,0.2,1.2,0.2,7.3,0.0,3.0,0.9,1.6,0.4,1545,18,Defender,0.7631578947368421,0.4482758620689654,0.0604166666666666,0.4444444444444445,71.3641826923077,62.43990384615384,66.71875,68.07091346153845,67.23012771552615,True,False
1119461,Loic Badé,8178,Bayer 04 Leverkusen,GER-Bundesliga,2.6,73.8,0.0,0.0,5.9,0.7,0.05,0.07,0.6,0.0,0.0,1.3,0.2,1.0,0.1,7.05,0.0,2.0,0.6,1.9,0.2,1309,18,Defender,0.8421052631578947,0.40625,0.035230352303523,0.3333333333333333,70.74840102105203,70.34648726553088,63.30560216256524,61.34505141111685,66.77932664531917,True,False
445226,Jean-Philippe Gbamin,8550,Metz,FRA-Ligue 1,4.7,61.4,2.0,0.0,3.5,0.3,0.02,0.09,0.6,1.0,0.06,0.8,0.2,0.5,0.0,6.55,0.0,9.0,0.5,1.8,0.8,1559,19,Defender,0.8125,0.3076923076923077,0.0765472312703583,1.3333333333333337,92.17548076923076,40.66105769230769,91.171875,51.46033653846153,66.67131749607452,True,False
770881,Achraf Hakimi,9847,Paris Saint-Germain,FRA-Ligue 1,1.7,75.5,12.0,0.0,0.6,5.3,0.23,0.13,0.8,6.0,0.17,1.3,0.6,0.1,0.8,7.91,0.0,50.0,1.4,2.1,1.1,2067,25,Defender,0.8095238095238095,0.3823529411764705,0.0225165562913907,1.375,60.98434004474274,51.2192393736018,85.4530201342282,76.2248322147651,66.41633845950524,False,False
1252070,Nathan Ngoy,8639,Lille,FRA-Ligue 1,3.2,54.9,2.0,0.0,3.6,0.6,0.04,0.05,0.8,1.0,0.0,1.7,0.2,0.4,0.1,6.67,0.0,3.0,0.8,1.5,0.3,1414,18,Defender,0.8,0.53125,0.058287795992714,0.3749999999999999,74.921875,72.28365384615384,62.10336538461539,53.27524038461539,66.17995736444003,True,False
700074,Jordan Torunarigha,9790,Hamburger SV,GER-Bundesliga,2.2,50.2,0.0,0.0,7.7,0.6,0.06,0.0,1.0,0.0,0.0,1.4,0.1,0.7,0.0,7.02,0.0,1.0,0.1,2.0,0.6,969,12,Defender,0.7727272727272726,0.4117647058823529,0.0438247011952191,0.6,61.34014423076923,75.72115384615385,74.09254807692308,54.38100961538461,66.16995351441552,True,False
1194892,Arnau Martinez,7732,Girona,ESP-La Liga,2.6,40.5,3.0,0.0,5.1,0.9,0.05,0.04,1.0,1.0,0.06,1.6,0.1,0.5,0.1,7.03,0.0,8.0,0.5,2.6,0.5,1535,21,Defender,0.8076923076923077,0.3809523809523809,0.0641975308641975,0.5,61.668172431595245,62.2199815006023,73.95179042620317,67.68392739344921,65.89236208853143,True,False
566158,Kevin Diks,9788,Borussia Mönchengladbach,GER-Bundesliga,3.0,54.4,0.0,0.0,5.1,0.9,0.05,0.19,0.7,0.0,0.17,0.9,0.4,0.7,0.1,6.99,0.0,4.0,0.7,1.8,0.4,1601,19,Defender,0.7941176470588235,0.3333333333333333,0.0551470588235294,0.5714285714285715,75.40264423076923,51.64663461538462,74.27884615384616,62.668269230769226,65.85705514647199,True,False
760398,Cedric Kipre,9837,Reims,FRA-Ligue 1,2.5,46.9,1.0,0.0,6.5,1.4,0.06,0.03,1.0,1.0,0.0,1.3,0.0,1.1,0.1,6.96,0.0,10.0,0.4,1.7,0.4,2190,28,Defender,0.75,0.4333333333333333,0.0533049040511727,0.4,66.19127516778522,75.29082774049216,60.29082774049217,61.62751677852348,65.83297594672426,False,False
210683,Aissa Mandi,8639,Lille,FRA-Ligue 1,4.8,59.5,0.0,0.0,3.6,0.8,0.05,0.06,0.8,0.0,0.06,1.6,0.1,0.6,0.1,7.08,0.0,7.0,0.4,1.4,0.2,1437,18,Defender,0.7894736842105263,0.5333333333333333,0.080672268907563,0.25,83.97399149601331,63.02906126312167,55.4644298887168,59.12483687546607,65.6880361606394,True,False
1190113,Otavio,6379,Paris FC,FRA-Ligue 1,3.6,59.1,0.0,0.0,6.5,0.2,0.01,0.01,1.1,0.0,0.0,1.3,0.1,0.8,0.2,6.82,0.0,3.0,0.6,2.0,0.3,1634,19,Defender,0.7499999999999999,0.393939393939394,0.0609137055837563,0.2727272727272727,76.65264423076921,67.28365384615384,50.49278846153846,69.84975961538461,65.61087901906431,True,False
245315,Jeffrey Gouweleeuw,8406,FC Augsburg,GER-Bundesliga,4.2,42.7,4.0,0.0,5.6,3.0,0.09,0.05,0.7,4.0,0.03,1.1,0.2,0.5,0.1,7.03,0.0,14.0,0.6,1.5,0.2,2945,33,Defender,0.787878787878788,0.4230769230769231,0.0983606557377049,0.2857142857142857,76.90156599552571,73.50111856823266,53.93736017897091,56.55480984340044,65.43654687869018,False,False
1279034,Aaron Zehnter,8721,VfL Wolfsburg,GER-Bundesliga,2.5,29.6,1.0,0.0,3.0,1.5,0.11,0.04,0.1,0.0,0.15,1.2,0.2,0.4,0.1,6.84,0.0,15.0,0.6,0.9,0.3,1208,16,Defender,0.9545454545454544,0.5714285714285714,0.0844594594594594,3.0,67.78846153846155,66.06971153846155,81.85697115384615,46.346153846153854,65.43558561944302,True,False
1002058,Nico Schlotterbeck,9789,Borussia Dortmund,GER-Bundesliga,7.2,60.9,1.0,0.0,4.6,1.7,0.1,0.15,1.0,1.0,0.18,0.8,0.4,0.4,0.1,7.61,0.0,7.0,1.4,2.1,0.5,1530,17,Defender,0.7435897435897436,0.2758620689655172,0.1182266009852216,0.5,92.19758324728964,44.51517954454196,72.0092102621465,55.000770808237256,65.15738717252108,True,False
479217,David Costas,8670,Real Oviedo,ESP-La Liga,3.8,38.0,1.0,0.0,5.1,0.2,0.01,0.03,0.8,0.0,0.0,1.2,0.0,0.7,0.0,6.74,0.0,4.0,0.1,1.4,0.4,1430,17,Defender,0.7647058823529412,0.4615384615384615,0.0999999999999999,0.5,76.93509615384616,68.52163461538463,70.87139423076923,42.57812499999999,65.0503038694442,True,False
958464,Leonardo Balerdi,8592,Marseille,FRA-Ligue 1,3.6,69.4,0.0,0.0,4.1,0.2,0.02,0.09,1.1,1.0,0.0,1.1,0.2,0.5,0.3,6.91,0.0,4.0,0.8,2.3,0.4,1177,16,Defender,0.7555555555555555,0.3235294117647059,0.0518731988472622,0.3636363636363636,75.75705916939138,49.40850326966099,63.98059714334882,72.84795717891355,64.75493988324132,True,False
847983,Lisandro Martinez,10260,Manchester United,ENG-Premier League,2.9,63.4,1.0,0.0,4.6,0.5,0.05,0.01,0.8,0.0,0.0,1.0,0.0,0.7,0.1,0.0,0.0,4.0,0.4,1.2,1.1,905,14,Defender,0.7333333333333334,0.4545454545454545,0.0457413249211356,1.375,71.73415720185855,60.07496558251592,76.35528702747662,49.52261874032008,64.72345341292453,True,False
1190025,Alvaro Carreras,8633,Real Madrid,ESP-La Liga,1.6,58.6,1.0,0.0,2.5,1.2,0.06,0.01,0.8,2.0,0.1,1.6,0.1,0.3,0.4,7.54,0.0,20.0,0.4,1.5,0.7,1791,21,Defender,0.7948717948717948,0.5161290322580645,0.0273037542662116,0.8749999999999999,51.71875,64.01442307692307,83.37740384615384,65.46274038461539,64.43543923094526,True,False
492116,Jordan Lefort,8121,Angers,FRA-Ligue 1,3.2,51.2,2.0,0.0,5.5,0.8,0.04,0.02,0.6,1.0,0.0,1.4,0.0,0.5,0.0,6.83,0.0,5.0,0.3,1.2,0.2,1980,22,Defender,0.8125,0.5384615384615385,0.0625,0.3333333333333333,72.56866467332071,77.29256295531464,60.652731170768085,45.472281377272985,64.19794195812766,True,False
420568,Diego Llorente,8603,Real Betis,ESP-La Liga,3.1,49.2,0.0,0.0,5.4,0.4,0.01,0.05,0.7,0.0,0.07,1.5,0.2,0.7,0.0,7.07,0.0,6.0,0.4,1.3,0.2,2522,30,Defender,0.7999999999999999,0.5357142857142857,0.0630081300813008,0.2857142857142857,72.13646532438479,84.26174496644296,53.93736017897091,46.85123042505594,63.96916643936101,False,False
531327,Eric Smith,8152,FC St. Pauli,GER-Bundesliga,3.6,53.0,0.0,0.0,3.8,0.7,0.04,0.03,0.6,2.0,0.11,0.9,0.3,0.7,0.1,6.81,0.0,10.0,0.5,1.2,0.5,1665,19,Defender,0.7777777777777778,0.4285714285714285,0.0679245283018867,0.8333333333333334,78.14948660586244,56.48099151035392,66.49500946480812,52.30115836344863,63.86353312948238,True,False
1163501,Filippo Terracciano,7801,Cremonese,ITA-Serie A,2.5,39.5,0.0,0.0,3.6,0.5,0.02,0.08,0.5,0.0,0.09,1.7,0.2,0.8,0.1,6.85,0.0,6.0,0.6,0.8,0.2,2102,24,Defender,0.8333333333333334,0.6799999999999999,0.0632911392405063,0.4,63.54567307692308,78.65384615384616,62.54206730769231,49.71153846153846,63.56093617913023,True,False
38432,Dante,9831,Nice,FRA-Ligue 1,2.8,57.8,0.0,0.0,3.3,0.5,0.02,0.02,0.9,0.0,0.0,1.6,0.1,0.6,0.1,6.91,0.0,4.0,0.4,1.5,0.3,1965,25,Defender,0.775,0.5161290322580645,0.0484429065743944,0.3333333333333333,69.39597315436242,70.1565995525727,55.64876957494406,56.49888143176734,63.19595415120506,False,False
1030829,Jarrad Branthwaite,8668,Everton,ENG-Premier League,3.0,35.2,2.0,0.0,6.7,0.6,0.02,0.04,0.4,1.0,0.0,1.0,0.1,0.8,0.1,6.98,0.0,3.0,0.4,1.3,0.1,2510,30,Defender,0.8518518518518519,0.4347826086956522,0.0852272727272727,0.25,65.90604026845638,77.37136465324384,49.97203579418344,61.10738255033558,63.05552224102133,False,False
839232,Fernando Calero,8558,Espanyol,ESP-La Liga,3.4,48.4,1.0,0.0,5.7,0.1,0.01,0.1,0.4,0.0,0.0,1.3,0.1,1.5,0.0,6.79,0.0,3.0,0.5,1.2,0.1,1495,19,Defender,0.8620689655172414,0.52,0.0702479338842975,0.25,73.15504807692308,81.27403846153845,49.32091346153846,49.77163461538461,63.01086024153454,True,False
411617,Aymeric Laporte,8315,Athletic Club,ESP-La Liga,3.3,50.3,1.0,0.0,6.2,0.2,0.01,0.03,0.3,1.0,0.0,1.1,0.1,1.0,0.0,6.89,0.0,3.0,0.5,0.9,0.1,1040,13,Defender,0.8695652173913044,0.55,0.0656063618290258,0.3333333333333333,74.91586538461539,79.44711538461539,53.67788461538461,44.387019230769226,62.99291674789767,True,False
860913,Jhon Lucumi,9857,Bologna,ITA-Serie A,4.8,56.4,0.0,0.0,3.8,0.3,0.02,0.06,0.8,0.0,0.07,1.3,0.1,0.6,0.1,6.91,0.0,4.0,0.5,1.5,0.2,1282,17,Defender,0.7777777777777778,0.4642857142857143,0.0851063829787234,0.25,82.93006618195376,58.306426748121375,53.861148755234325,55.84948445476968,62.989106363051576,True,False
307021,Emre Can,9789,Borussia Dortmund,GER-Bundesliga,3.9,72.4,0.0,0.0,3.7,1.4,0.06,0.09,1.1,0.0,0.13,0.9,0.1,0.7,0.1,6.97,0.0,8.0,0.4,2.1,0.6,2102,31,Defender,0.7317073170731708,0.3,0.0538674033149171,0.5454545454545454,82.85234899328859,43.63534675615213,66.82326621923937,61.1241610738255,62.93982960165346,False,False
1098243,Yanis Zouaoui,9746,Le Havre,FRA-Ligue 1,2.5,28.5,3.0,0.0,2.0,1.4,0.08,0.03,0.7,1.0,0.0,1.0,0.2,0.3,0.4,6.74,0.0,24.0,0.7,1.5,0.8,1640,20,Defender,0.78125,0.4,0.087719298245614,1.142857142857143,65.04872225090345,42.37572061607296,88.80781061779385,63.36824377617162,62.84026825174981,True,False
612747,Frédéric Guilbert,9888,Lecce,ITA-Serie A,1.8,27.6,2.0,0.0,3.6,2.1,0.08,0.01,1.2,1.0,0.0,1.7,0.0,0.3,0.2,6.85,0.0,19.0,0.4,2.4,0.7,2450,31,Defender,0.7735849056603773,0.4146341463414634,0.0652173913043478,0.5833333333333334,54.25055928411633,64.13870246085011,66.996644295302,70.03355704697987,62.75897009726287,False,False
807729,Reece James,8455,Chelsea,ENG-Premier League,2.9,53.4,6.0,0.0,1.9,2.3,0.13,0.05,1.4,4.0,0.12,1.6,0.4,0.4,0.4,7.25,0.0,21.0,0.9,2.3,0.5,1537,23,Defender,0.7358490566037736,0.4102564102564103,0.0543071161048689,0.3571428571428571,72.89702001950324,48.92703493374634,64.16499956978144,65.47646704525899,62.55207968733422,True,False
782502,Malang Sarr,8588,Lens,FRA-Ligue 1,3.8,50.5,1.0,0.0,4.2,0.4,0.02,0.04,0.7,1.0,0.0,2.4,0.1,0.7,0.1,7.56,0.0,1.0,0.6,2.1,0.1,1890,21,Defender,0.8653846153846153,0.5333333333333333,0.0752475247524752,0.1428571428571428,75.52332501577467,77.57959043193944,38.38943203980956,65.96475613778466,62.48510662349151,True,False
792645,Pau Torres,10252,Aston Villa,ENG-Premier League,2.6,53.2,0.0,0.0,3.6,0.3,0.02,0.04,0.3,0.0,0.0,0.7,0.0,1.0,0.1,6.81,0.0,1.0,0.4,1.3,0.4,1209,15,Defender,0.8695652173913044,0.35,0.0488721804511278,1.3333333333333337,71.75044276659209,43.78690916652326,86.14652347559225,52.09514641771353,62.26619676728187,True,False
1053678,Mamadou Mbow,6379,Paris FC,FRA-Ligue 1,4.0,54.6,1.0,0.0,5.0,0.5,0.02,0.03,0.9,1.0,0.0,1.3,0.1,0.6,0.1,6.86,0.0,4.0,0.3,1.8,0.2,1816,21,Defender,0.775,0.4193548387096774,0.0732600732600732,0.2222222222222222,77.86658653846153,65.80528846153847,46.70072115384615,58.93629807692307,62.1409670816926,True,False
812652,Facundo Medina,8588,Lens,FRA-Ligue 1,3.1,56.3,1.0,0.0,2.4,3.4,0.12,0.06,1.0,1.0,0.0,1.1,0.1,0.4,0.4,7.12,0.0,24.0,1.0,1.6,0.4,2546,29,Defender,0.7297297297297297,0.4074074074074074,0.0550621669626998,0.4,75.49217002237137,49.082774049217,60.29082774049217,63.333333333333336,61.871711357740445,False,False
526657,Lukas Klostermann,178475,RB Leipzig,GER-Bundesliga,1.8,51.5,0.0,0.0,6.8,0.7,0.03,0.02,0.6,0.0,0.05,1.2,0.1,0.8,0.1,6.75,0.0,2.0,0.2,1.3,0.2,1833,28,Defender,0.8064516129032258,0.48,0.0349514563106796,0.3333333333333333,53.13199105145414,83.12080536912751,57.56711409395973,58.53467561521253,61.81025291550482,False,False
673356,Pablo Maffeo,8661,Mallorca,ESP-La Liga,1.4,22.0,0.0,0.0,3.4,0.8,0.04,0.01,0.9,0.0,0.06,1.2,0.1,0.8,0.2,6.97,0.0,8.0,0.2,2.4,1.4,1626,19,Defender,0.7999999999999999,0.3333333333333333,0.0636363636363636,1.5555555555555554,48.74726631962371,47.009873515746,88.2332895944473,78.05052737624045,61.56241336765861,True,False
240537,Danny da Costa,9905,1. FSV Mainz 05,GER-Bundesliga,2.7,28.5,3.0,0.0,5.6,1.9,0.09,0.04,0.9,1.0,0.05,1.0,0.2,0.6,0.1,6.8,0.0,12.0,0.4,1.4,0.4,1833,22,Defender,0.7272727272727273,0.4166666666666667,0.0947368421052631,0.4444444444444445,66.91502825101819,60.99782022600815,65.72450596569725,50.49306631101933,61.52673371466367,True,False
474589,José Giménez,9906,Atlético de Madrid,ESP-La Liga,4.4,56.2,1.0,0.0,5.2,0.3,0.01,0.02,0.6,1.0,0.0,1.2,0.0,0.9,0.0,6.81,0.0,2.0,0.2,1.2,0.1,1994,27,Defender,0.7999999999999999,0.5,0.0782918149466192,0.1666666666666666,79.09955257270694,79.082774049217,43.62975391498881,47.37136465324384,61.52074016131029,False,False
279461,Kenny Lala,8521,Brest,FRA-Ligue 1,4.6,31.0,5.0,0.0,2.6,3.0,0.14,0.01,0.5,1.0,0.0,0.8,0.0,0.4,0.1,6.55,0.0,17.0,0.4,1.3,0.3,1869,21,Defender,0.8076923076923077,0.3809523809523809,0.1483870967741935,0.6,76.82878735731084,39.78440672861814,75.67835606321346,58.52457444214995,61.48879614755133,True,False
179873,Loic Nego,9746,Le Havre,FRA-Ligue 1,1.8,29.3,2.0,0.0,3.6,1.0,0.05,0.03,0.8,0.0,0.0,1.3,0.2,0.3,0.2,6.91,0.0,10.0,0.7,1.7,0.6,1757,21,Defender,0.7894736842105263,0.4333333333333333,0.0614334470989761,0.7499999999999999,53.80904749612804,56.64710964836803,76.9662780359089,61.93315120748007,61.30710195017645,True,False
765998,Amos Pieper,8697,SV Werder Bremen,GER-Bundesliga,4.5,57.6,0.0,0.0,7.2,0.4,0.04,0.04,0.7,0.0,0.0,1.8,0.3,0.9,0.1,6.94,0.0,2.0,0.8,2.2,0.0,960,12,Defender,0.851063829787234,0.45,0.078125,0.0,73.65173987552343,85.12764942924338,29.687051855676017,76.14360157459988,61.25492527176308,True,False
759097,Joakim Mæhle,8721,VfL Wolfsburg,GER-Bundesliga,1.3,33.6,2.0,0.0,2.0,3.1,0.13,0.08,0.4,4.0,0.12,1.0,0.3,0.1,0.3,6.97,0.0,20.0,0.7,1.4,0.8,2190,28,Defender,0.8571428571428572,0.4166666666666667,0.0386904761904761,2.0,47.32102908277405,53.95973154362415,90.74944071588368,63.96532438478747,61.12003719864623,False,False
860314,Nahuel Tenaglia,9866,Alavés,ESP-La Liga,2.2,34.9,1.0,0.0,4.5,0.3,0.01,0.04,0.8,0.0,0.05,1.1,0.1,0.8,0.1,6.88,0.0,5.0,0.6,1.6,0.4,1980,22,Defender,0.7714285714285715,0.4074074074074074,0.0630372492836676,0.5,56.39293115069122,57.87477413526071,68.14058645958814,64.40944437274135,61.11264844317154,True,False
861805,Jaka Bijol,8463,Leeds United,ENG-Premier League,2.8,45.5,1.0,0.0,6.3,0.5,0.04,0.04,0.8,1.0,0.08,1.5,0.3,0.4,0.1,7.0,0.0,3.0,0.5,1.3,0.2,1075,13,Defender,0.7777777777777778,0.5357142857142857,0.0615384615384615,0.25,65.28846153846153,83.72596153846153,50.81129807692307,46.08173076923077,60.86418281547865,True,False
1598982,Gerard Martin,8634,Barcelona,ESP-La Liga,2.4,70.1,1.0,0.0,3.8,0.6,0.05,0.0,0.5,0.0,0.0,1.3,0.0,0.3,0.1,7.15,0.0,11.0,0.2,2.2,0.3,1091,20,Defender,0.875,0.3714285714285714,0.0342368045649072,0.6,57.5201844203522,55.60662608271669,67.24808014971606,64.5962219640911,60.700059032633696,True,False
955529,Matheus Nunes,8456,Manchester City,ENG-Premier League,1.8,60.7,4.0,0.0,3.4,1.4,0.07,0.01,0.5,4.0,0.05,1.2,0.0,0.2,0.2,7.46,0.0,14.0,0.2,2.1,0.8,1907,23,Defender,0.868421052631579,0.3636363636363636,0.029654036243822,1.6,55.58263243561063,45.30839499799232,84.53188636494006,65.80077116675271,60.66353859612908,True,False
1250485,Tarik Muharemovic,7943,Sassuolo,ITA-Serie A,3.1,43.3,1.0,0.0,7.4,0.3,0.01,0.04,0.9,2.0,0.09,1.6,0.2,0.9,0.0,6.95,0.0,5.0,0.6,1.4,0.2,1935,22,Defender,0.7692307692307693,0.5333333333333333,0.0715935334872979,0.2222222222222222,67.8485576923077,86.57451923076921,46.70072115384615,45.55889423076923,60.65341243128825,True,False
719219,Konstantinos Mavropanos,8654,West Ham United,ENG-Premier League,3.5,37.0,0.0,0.0,7.3,0.3,0.02,0.06,0.5,0.0,0.0,1.5,0.2,0.7,0.1,6.72,0.0,0.0,0.7,1.3,0.0,1537,19,Defender,0.8484848484848485,0.5357142857142857,0.0945945945945946,0.0,64.90741338266507,89.01942436757872,40.90671248494235,55.12653803131991,60.5731661308671,True,False
824635,Diogo Leite,8149,1. FC Union Berlin,GER-Bundesliga,3.6,31.8,0.0,0.0,6.2,0.6,0.04,0.07,1.3,0.0,0.0,1.7,0.1,0.4,0.0,6.94,0.0,3.0,0.6,1.3,0.3,1361,16,Defender,0.6976744186046512,0.5666666666666667,0.1132075471698113,0.2307692307692307,69.33057097172029,79.0026458440888,50.66440981185108,43.55330049331727,60.34868391650944,True,False
750028,Francisco Garcia,8633,Real Madrid,ESP-La Liga,1.4,48.4,3.0,0.0,2.2,2.3,0.09,0.04,0.5,2.0,0.0,1.2,0.1,0.2,0.2,7.15,0.0,24.0,0.6,2.1,0.3,2174,31,Defender,0.868421052631579,0.3636363636363636,0.0289256198347107,0.6,49.68120805369128,55.89485458612976,71.36465324384787,71.81208053691275,60.299108845420285,False,False
1333066,Rahim Alhassane,8670,Real Oviedo,ESP-La Liga,1.3,30.6,2.0,0.0,3.8,0.8,0.05,0.0,0.4,0.0,0.0,1.5,0.0,0.4,0.1,6.67,0.0,14.0,0.1,1.8,0.4,1413,19,Defender,0.8918918918918919,0.4545454545454546,0.0424836601307189,1.0,38.47355769230769,73.1610576923077,82.80048076923077,62.31971153846155,60.26317371360105,True,False
1338016,Valentin Gomez,8603,Real Betis,ESP-La Liga,2.4,40.7,0.0,0.0,6.0,0.2,0.02,0.06,1.4,0.0,0.08,1.3,0.2,0.7,0.0,6.91,0.0,5.0,0.7,2.8,0.7,1101,17,Defender,0.7454545454545454,0.3170731707317074,0.0589680589680589,0.5,63.0889423076923,54.45913461538462,65.48677884615384,57.46995192307691,60.24627944883405,True,False
571379,Marnon-Thomas Busch,94937,1. FC Heidenheim 1846,GER-Bundesliga,3.4,26.9,6.0,0.0,4.5,2.4,0.17,0.04,0.7,2.0,0.0,1.3,0.1,0.6,0.2,6.63,0.0,12.0,0.4,1.6,0.1,1216,20,Defender,0.8055555555555556,0.4482758620689654,0.1263940520446096,0.1428571428571428,64.9928655423622,64.1086947169162,46.34058789364997,68.35543581139218,60.12207144753682,True,False
1013277,Toti Gomes,8602,Wolverhampton Wanderers,ENG-Premier League,2.2,46.8,0.0,0.0,5.3,0.2,0.02,0.0,0.8,0.0,0.0,0.8,0.1,0.7,0.0,0.0,0.0,5.0,0.2,1.3,0.8,953,13,Defender,0.7241379310344827,0.3809523809523809,0.047008547008547,1.0,60.56868618424827,53.28889534216716,83.59911876900132,45.75563407044111,60.11363165765344,True,False
941573,Pedro Porro,8586,Tottenham Hotspur,ENG-Premier League,4.0,35.3,5.0,0.0,3.5,2.8,0.14,0.02,1.1,2.0,0.0,0.8,0.1,0.3,0.3,7.06,0.0,32.0,0.8,2.1,0.5,1824,23,Defender,0.7250000000000001,0.2758620689655172,0.113314447592068,0.4545454545454545,73.82103087535135,36.814392961624506,67.05501957494407,71.11048370905753,60.110867081799874,True,False
353519,Kevin Akpoguma,8226,TSG 1899 Hoffenheim,GER-Bundesliga,2.6,48.0,0.0,0.0,4.4,0.6,0.03,0.0,1.0,0.0,0.0,1.2,0.0,1.5,0.0,6.53,0.0,7.0,0.2,2.2,0.3,2216,32,Defender,0.7727272727272727,0.3529411764705882,0.0541666666666666,0.3,65.917225950783,60.19015659955257,52.79082774049217,61.45413870246085,60.10780795543154,False,False
215584,David Lopez,7732,Girona,ESP-La Liga,3.1,69.3,1.0,0.0,4.1,1.3,0.05,0.03,0.4,1.0,0.04,0.5,0.1,0.4,0.1,6.77,0.0,4.0,0.4,1.2,0.2,2429,29,Defender,0.8095238095238094,0.2941176470588235,0.0447330447330447,0.5,75.51454138702462,47.706935123042506,64.77069351230425,51.64429530201343,60.04870748246064,False,False
1211437,Victor Kristiansen,8197,Leicester City,ENG-Premier League,1.5,30.4,5.0,0.0,2.4,1.7,0.06,0.0,0.7,1.0,0.0,1.5,0.0,0.5,0.3,6.42,0.0,18.0,0.1,3.1,0.3,2489,30,Defender,0.8679245283018867,0.3260869565217391,0.0493421052631578,0.4285714285714286,45.96196868008949,56.99105145413871,64.04362416107382,87.74608501118568,59.97023889620581,False,False
500502,Adam Masina,9804,Torino,ITA-Serie A,3.1,49.1,1.0,0.0,4.2,0.7,0.03,0.03,1.1,2.0,0.05,1.3,0.1,0.7,0.1,6.87,0.0,4.0,0.4,1.5,0.3,1918,28,Defender,0.717948717948718,0.4642857142857143,0.0631364562118126,0.2727272727272727,71.64429530201343,66.63310961968679,49.3903803131991,50.95637583892617,59.886275503328925,False,False
1643851,Karim Coulibaly,8697,SV Werder Bremen,GER-Bundesliga,2.8,54.6,0.0,0.0,4.9,0.4,0.02,0.03,0.8,0.0,0.05,1.0,0.1,0.8,0.1,6.47,0.0,6.0,0.3,1.2,0.3,1733,21,Defender,0.7333333333333334,0.4545454545454545,0.0512820512820512,0.3749999999999999,69.2608173076923,60.9375,62.10336538461539,44.93389423076923,59.86335286721332,True,False
711357,Ethan Pinnock,9937,Brentford,ENG-Premier League,2.2,42.5,2.0,0.0,6.5,0.7,0.03,0.05,0.4,0.0,0.09,1.1,0.3,0.8,0.0,6.68,0.0,8.0,0.5,1.6,0.1,1913,22,Defender,0.8709677419354839,0.4074074074074074,0.0517647058823529,0.25,56.74496644295302,78.2214765100671,49.97203579418344,58.1040268456376,59.84566709304155,False,False
1178512,Chrislain Matsima,8406,FC Augsburg,GER-Bundesliga,2.4,41.3,1.0,0.0,6.1,0.4,0.03,0.03,0.6,1.0,0.07,2.1,0.1,1.3,0.0,6.84,0.0,4.0,0.4,1.1,0.1,1260,14,Defender,0.8421052631578947,0.65625,0.0581113801452784,0.1666666666666666,52.57461602994322,91.39111168473583,49.9956798887168,53.50069731256812,59.822399819401696,True,False
722207,Rasmus Kristensen,9810,Eintracht Frankfurt,GER-Bundesliga,2.9,47.1,1.0,0.0,3.5,1.1,0.07,0.04,1.3,0.0,0.13,1.1,0.3,0.1,0.4,7.2,0.0,8.0,0.9,2.8,0.8,1425,19,Defender,0.75,0.2820512820512821,0.0615711252653927,0.6153846153846154,67.38993575402971,36.16953120518557,73.32951514369299,72.57838940515114,59.7923195235165,True,False
1092403,Melvin Bard,9831,Nice,FRA-Ligue 1,1.5,37.3,3.0,0.0,2.9,1.0,0.06,0.02,0.9,1.0,0.06,1.2,0.2,0.8,0.2,6.87,0.0,11.0,0.7,1.6,0.7,1510,18,Defender,0.7567567567567568,0.4285714285714286,0.0402144772117962,0.7777777777777777,46.61651931681294,52.11613749784891,81.56362036080996,69.68034761658922,59.74494884668323,True,False
950824,Josip Stanisic,9823,Bayern München,GER-Bundesliga,1.7,57.2,1.0,0.0,3.3,1.7,0.15,0.09,0.4,2.0,0.17,0.9,0.2,0.3,0.4,7.41,0.0,10.0,0.3,0.9,0.3,1046,14,Defender,0.8181818181818181,0.5,0.0297202797202797,0.7499999999999999,52.47596153846153,56.64663461538461,76.17788461538461,56.25,59.53376960159847,True,False
846392,Montassar Talbi,8689,Lorient,FRA-Ligue 1,2.0,44.5,0.0,0.0,6.1,0.4,0.02,0.02,0.1,1.0,0.0,0.9,0.1,0.8,0.0,6.91,0.0,5.0,0.4,0.7,0.1,1890,21,Defender,0.9411764705882352,0.5625,0.0449438202247191,1.0,58.125,73.41346153846155,65.51682692307693,41.85096153846154,59.454142172802754,True,False
1057703,Youssouf Ndayishimiye,9831,Nice,FRA-Ligue 1,1.8,54.5,0.0,0.0,5.3,0.4,0.02,0.04,0.9,0.0,0.14,1.0,0.2,0.9,0.3,7.26,0.0,5.0,0.5,1.9,0.3,1934,23,Defender,0.7631578947368421,0.3448275862068966,0.0330275229357798,0.3333333333333333,53.08724832214765,59.78747203579419,55.64876957494406,75.58165548098434,59.38773798873276,False,False
793907,Trevoh Chalobah,8455,Chelsea,ENG-Premier League,1.6,68.4,0.0,0.0,6.2,0.8,0.03,0.05,0.7,0.0,0.12,1.2,0.2,0.5,0.2,7.12,0.0,3.0,0.5,1.3,0.2,2192,25,Defender,0.78125,0.48,0.023391812865497,0.2857142857142857,51.48986476796879,75.34894309642631,57.6996662221075,56.039623128549295,59.26225638116378,True,False
881640,Lutsharel Geertruida,8472,Sunderland,ENG-Premier League,1.6,36.0,0.0,0.0,2.3,0.6,0.05,0.07,0.6,0.0,0.0,1.1,0.1,0.5,0.3,6.59,0.0,6.0,0.4,2.0,0.5,1012,20,Defender,0.8378378378378378,0.3548387096774194,0.0444444444444444,0.8333333333333334,46.280048076923066,44.85576923076923,82.98076923076923,77.8485576923077,58.96131974621063,True,False
770271,Mickael Nade,9853,St Etienne,FRA-Ligue 1,1.6,49.4,2.0,0.0,5.3,0.5,0.02,0.02,0.8,2.0,0.04,1.3,0.1,0.8,0.2,6.7,0.0,7.0,0.2,2.3,0.2,2278,26,Defender,0.8181818181818182,0.3611111111111111,0.0323886639676113,0.25,47.08053691275168,70.89485458612975,49.6979865771812,80.7102908277405,58.88119048337966,False,False
1337979,Étienne Youté Kinkoué,9746,Le Havre,FRA-Ligue 1,2.4,43.4,0.0,0.0,5.9,0.3,0.01,0.05,0.5,0.0,0.0,1.1,0.1,0.9,0.1,6.33,0.0,3.0,0.5,0.7,0.1,2320,28,Defender,0.782608695652174,0.6111111111111112,0.0552995391705069,0.2,59.70917225950783,81.74496644295303,46.577181208053695,51.06263982102908,58.82900774320207,False,False
1132355,Alvaro Nunez,10268,Elche,ESP-La Liga,2.1,49.3,6.0,0.0,1.8,2.7,0.15,0.01,0.7,2.0,0.0,0.9,0.0,0.3,0.3,7.17,0.0,20.0,0.2,1.3,0.8,1652,19,Defender,0.7586206896551724,0.409090909090909,0.0425963488843813,1.142857142857143,61.61658653846153,39.25480769230769,88.68990384615384,54.27884615384616,58.78644144276005,True,False
1073980,David Affengruber,10268,Elche,ESP-La Liga,2.1,53.6,0.0,0.0,5.6,0.5,0.03,0.02,1.1,0.0,0.0,1.5,0.0,0.9,0.1,6.91,0.0,5.0,0.3,2.1,0.3,1816,22,Defender,0.7659574468085106,0.4166666666666666,0.0391791044776119,0.2727272727272727,53.80408653846154,68.30528846153845,50.49278846153846,67.3016826923077,58.78556336266695,True,False
879065,Antonino Gallo,9888,Lecce,ITA-Serie A,2.2,25.8,0.0,0.0,3.5,1.2,0.05,0.02,0.2,1.0,0.0,0.4,0.0,0.1,0.0,6.91,0.0,21.0,0.2,2.2,0.4,2039,25,Defender,0.9285714285714284,0.1538461538461538,0.0852713178294573,2.0,61.3543279986233,37.83521195433948,84.15642208742041,61.03637856364367,58.7783203235649,True,False
727897,David Hancko,9906,Atlético de Madrid,ESP-La Liga,2.5,45.3,4.0,0.0,3.1,2.0,0.1,0.04,0.5,2.0,0.0,0.7,0.1,0.3,0.2,6.99,0.0,12.0,0.7,1.9,0.3,1849,23,Defender,0.8387096774193549,0.2692307692307693,0.0551876379690949,0.6,66.82692307692308,35.55288461538461,73.62379807692308,68.55168269230768,58.77089829553081,True,False
1176780,Nnamdi Collins,9810,Eintracht Frankfurt,GER-Bundesliga,2.3,49.7,1.0,0.0,4.1,0.3,0.02,0.02,1.3,1.0,0.08,1.8,0.1,0.1,0.3,6.66,0.0,2.0,0.2,3.3,0.6,1073,18,Defender,0.796875,0.3529411764705882,0.0462776659959758,0.4615384615384615,54.27911504044054,52.93489717776631,62.8073911547066,68.85569932025469,58.66998987396631,True,False
806669,David Raum,178475,RB Leipzig,GER-Bundesliga,3.0,49.6,13.0,0.0,3.9,7.4,0.36,0.1,1.1,4.0,0.15,1.2,0.2,0.2,0.3,7.6,0.0,65.0,0.9,2.0,0.6,1854,21,Defender,0.7441860465116278,0.3749999999999999,0.0604838709677419,0.5454545454545454,67.25342203005793,39.75208655997247,68.28190429071302,63.93852535421328,58.59805860879016,True,False
914103,Johan Vásquez,10233,Genoa,ITA-Serie A,3.1,47.0,0.0,0.0,4.7,0.5,0.02,0.04,0.8,0.0,0.0,1.1,0.2,0.9,0.1,6.73,0.0,6.0,0.8,1.5,0.2,2233,25,Defender,0.7647058823529411,0.4230769230769231,0.0659574468085106,0.25,65.87167656169333,65.32062037515057,45.04869536224402,59.35541609304193,58.54432669345994,True,False
209405,Virgil van Dijk,8650,Liverpool,ENG-Premier League,4.2,69.0,0.0,0.0,7.9,0.7,0.03,0.07,0.4,0.0,0.08,0.6,0.2,0.5,0.0,7.24,0.0,8.0,0.7,0.6,0.1,2340,26,Defender,0.7499999999999999,0.5,0.0608695652173913,0.25,79.10873953134859,74.94500372856078,48.406336043710205,34.65214141283772,58.52273029080863,True,False
896402,José Copete,10267,Valencia CF,ESP-La Liga,2.6,43.5,0.0,0.0,5.9,0.6,0.03,0.08,1.0,0.0,0.0,1.2,0.0,0.8,0.2,6.68,0.0,5.0,0.6,1.3,0.4,1670,20,Defender,0.7142857142857143,0.48,0.0597701149425287,0.4,65.67155323237539,65.66199879538806,52.14710427063614,49.23808294613664,58.520696657644,True,False
201690,Lewis Dunk,10204,Brighton and Hove Albion,ENG-Premier League,2.6,74.4,1.0,0.0,4.6,0.5,0.02,0.04,0.5,0.0,0.0,1.1,0.0,0.9,0.1,6.92,0.0,5.0,0.7,1.1,0.2,2205,25,Defender,0.8148148148148149,0.5,0.0349462365591397,0.4,66.11451700797339,65.20553691275167,51.47286217231687,49.862455544083055,58.49375202374055,True,False
357880,Andrew Robertson,8650,Liverpool,ENG-Premier League,2.2,49.0,7.0,0.0,1.5,4.3,0.15,0.04,0.4,1.0,0.0,0.8,0.1,0.1,0.1,6.84,0.0,40.0,0.5,1.4,0.3,2492,33,Defender,0.8461538461538461,0.3636363636363636,0.0448979591836734,0.7499999999999999,65.33557046979865,43.266219239373605,74.52460850111856,52.86912751677852,58.38449086983132,False,False
1107620,Jarell Quansah,8178,Bayer 04 Leverkusen,GER-Bundesliga,1.9,61.7,1.0,0.0,4.1,0.8,0.05,0.05,0.8,0.0,0.13,1.0,0.3,0.4,0.1,7.21,0.0,7.0,0.4,1.1,0.8,1429,18,Defender,0.7241379310344827,0.4761904761904761,0.0307941653160453,1.0,58.27524038461539,58.52163461538461,85.82932692307693,35.66105769230769,58.25351086484363,True,False
80295,Yuri Berchiche,8315,Athletic Club,ESP-La Liga,2.1,41.9,2.0,0.0,3.7,1.5,0.08,0.02,0.9,2.0,0.0,1.3,0.2,0.1,0.3,7.07,0.0,19.0,0.7,1.5,0.3,1755,21,Defender,0.7567567567567568,0.4642857142857143,0.0501193317422434,0.3333333333333333,55.3522145499914,62.22030416451557,58.256180806516376,57.29673966041416,58.12795136451613,True,False
844425,Marc Guehi,8456,Manchester City,ENG-Premier League,2.4,51.3,0.0,0.0,5.1,1.8,0.07,0.11,0.7,0.0,0.0,1.3,0.3,0.7,0.0,7.32,0.0,11.0,0.9,1.4,0.1,2160,24,Defender,0.7941176470588235,0.4814814814814814,0.0467836257309941,0.1428571428571428,62.50223175873344,67.4066425744278,50.0952485946194,51.883299632880174,58.06293475156056,True,False
1327489,Kike Salas,8302,Sevilla,ESP-La Liga,3.2,53.4,0.0,0.0,8.2,0.2,0.02,0.07,1.5,0.0,0.09,1.9,0.4,0.8,0.2,7.26,0.0,3.0,0.9,2.4,0.2,1033,13,Defender,0.7413793103448276,0.4418604651162791,0.0599250936329588,0.1333333333333333,65.26453063156083,75.64299747605118,31.98718845006597,73.19001677852349,57.97352860027152,True,False
291635,Pedro Bigas,10268,Elche,ESP-La Liga,3.7,65.3,4.0,0.0,3.9,1.1,0.07,0.04,1.0,2.0,0.0,1.4,0.1,0.7,0.0,7.06,0.0,10.0,0.5,1.9,0.2,1331,17,Defender,0.7674418604651163,0.4242424242424242,0.0566615620214395,0.2,75.15624999999999,61.35817307692308,43.50961538461538,52.26562499999999,57.94916418841839,True,False
966026,Ian Maatsen,10252,Aston Villa,ENG-Premier League,1.9,38.0,3.0,0.0,3.9,1.7,0.15,0.07,0.9,0.0,0.0,0.7,0.3,0.0,0.3,6.88,0.0,17.0,1.3,2.7,1.4,1050,20,Defender,0.7906976744186046,0.2058823529411764,0.0499999999999999,1.5555555555555554,50.807851847071646,37.78421313027018,86.04648869959273,73.23267115528023,57.90700571994909,True,False
950485,Maxence Lacroix,9826,Crystal Palace,ENG-Premier League,2.5,41.0,3.0,0.0,7.0,0.8,0.03,0.07,0.9,2.0,0.0,1.3,0.1,0.5,0.0,7.09,0.0,5.0,0.6,1.9,0.2,2340,26,Defender,0.7804878048780487,0.40625,0.0609756097560975,0.2222222222222222,61.18449922560661,74.97440199621407,45.37505198474158,51.88705508231515,57.80118790651719,True,False
159833,Kyle Walker,8191,Burnley,ENG-Premier League,2.5,30.8,3.0,0.0,3.0,1.0,0.04,0.01,1.0,2.0,0.0,1.3,0.0,0.3,0.2,6.67,0.0,8.0,0.1,1.4,0.4,2237,25,Defender,0.7297297297297297,0.4814814814814814,0.0811688311688311,0.4,61.111778846153854,56.82692307692308,62.770432692307686,48.707932692307686,57.73441013545938,True,False
1440009,Moise Bombito,9831,Nice,FRA-Ligue 1,3.0,51.8,0.0,0.0,4.8,0.6,0.02,0.04,1.1,0.0,0.0,0.7,0.0,0.8,0.1,6.74,0.0,2.0,0.3,1.5,0.5,2195,27,Defender,0.6666666666666666,0.3181818181818181,0.0579150579150579,0.4545454545454545,74.50782997762863,45.43624161073826,62.67897091722594,47.66219239373601,57.66687826467553,False,False
423624,Patrick Mainka,94937,1. FC Heidenheim 1846,GER-Bundesliga,1.4,37.3,2.0,0.0,7.3,0.7,0.03,0.1,0.3,1.0,0.05,1.0,0.2,1.4,0.0,6.73,0.0,7.0,1.0,1.5,0.1,1980,22,Defender,0.8928571428571429,0.4,0.0375335120643431,0.3333333333333333,43.31290691504618,78.83057634945219,56.04811994493202,62.0376853524924,57.65410763710792,True,False
503659,Joachim Andersen,9879,Fulham,ENG-Premier League,5.5,64.9,3.0,0.0,7.2,1.5,0.06,0.05,1.0,1.0,0.0,1.0,0.1,0.7,0.0,6.91,0.0,6.0,0.5,1.5,0.2,2202,25,Defender,0.7142857142857143,0.4,0.0847457627118644,0.2,84.0080235759766,68.52246816382723,42.58769288131704,38.46943476452704,57.62337204922184,True,False
883087,Ridle Baku,178475,RB Leipzig,GER-Bundesliga,3.9,54.4,7.0,0.0,3.2,4.0,0.23,0.08,1.0,2.0,0.06,0.7,0.2,0.3,0.3,7.03,0.0,27.0,1.2,2.4,0.6,1556,20,Defender,0.7560975609756098,0.2258064516129032,0.0716911764705882,0.6,72.74191726897264,30.091528996730336,75.17989409453337,65.47203041645155,57.59477370641914,True,False
820712,Koffi Kouao,8550,Metz,FRA-Ligue 1,2.6,36.3,1.0,0.0,2.6,1.1,0.06,0.08,1.4,1.0,0.06,1.1,0.4,0.5,0.4,6.94,0.0,9.0,0.9,2.9,1.1,1621,19,Defender,0.7407407407407407,0.275,0.071625344352617,0.7857142857142858,68.70192307692307,28.61778846153846,73.25120192307692,77.88461538461539,57.51004535683528,True,False
760320,Aaron Wan-Bissaka,8654,West Ham United,ENG-Premier League,1.0,24.8,1.0,0.0,4.6,0.7,0.05,0.0,1.0,2.0,0.0,1.8,0.0,0.3,0.1,6.96,0.0,15.0,0.0,1.4,0.8,1463,17,Defender,0.7619047619047619,0.5625,0.0403225806451612,0.8,33.65506510640739,75.46617765158034,83.23526142947283,56.21372719841679,57.226677516879946,True,False
210389,Maxime Colin,8550,Metz,FRA-Ligue 1,1.5,43.1,0.0,0.0,2.2,0.3,0.02,0.03,0.6,0.0,0.0,1.3,0.1,0.6,0.2,6.32,0.0,4.0,0.5,2.0,0.3,1111,15,Defender,0.8461538461538461,0.393939393939394,0.0348027842227378,0.5,42.379807692307686,53.00480769230769,70.3485576923077,75.75721153846152,57.13800936811113,True,False
970578,Andrei Ratiu,8370,Rayo Vallecano,ESP-La Liga,1.0,35.3,6.0,0.0,2.7,2.6,0.13,0.09,0.7,2.0,0.0,1.4,0.4,0.1,0.3,7.2,0.0,21.0,1.0,2.2,1.7,1748,20,Defender,0.8372093023255814,0.3888888888888888,0.028328611898017,2.428571428571429,35.879859677049275,49.33405753456089,93.34874053519188,74.38683101015316,57.09107977220744,True,False
1116391,Hugo Bueno,8602,Wolverhampton Wanderers,ENG-Premier League,1.0,26.9,2.0,0.0,2.4,2.2,0.12,0.03,0.6,1.0,0.05,1.5,0.3,0.2,0.2,6.77,0.0,25.0,0.5,2.5,1.1,1670,24,Defender,0.8695652173913044,0.375,0.037174721189591,1.8333333333333333,31.51442307692308,56.32211538461539,94.50721153846156,75.21634615384616,57.062557389230136,True,False
805352,Unai Nunez,9876,Verona,ITA-Serie A,3.0,30.7,0.0,0.0,4.4,0.4,0.03,0.03,1.9,0.0,0.0,1.6,0.1,0.9,0.1,6.6,0.0,5.0,0.5,1.7,0.6,1265,17,Defender,0.6346153846153847,0.4848484848484849,0.0977198697068403,0.3157894736842105,64.44110576923077,61.39423076923077,53.359375,47.00120192307693,57.01711806540828,True,False
693678,Wout Faes,8197,Leicester City,ENG-Premier League,2.6,43.8,0.0,0.0,5.9,0.4,0.01,0.05,0.7,0.0,0.03,0.8,0.0,1.1,0.0,6.37,0.0,4.0,0.4,1.3,0.2,2812,34,Defender,0.7500000000000001,0.3809523809523809,0.0593607305936073,0.2857142857142857,64.67002237136465,63.154362416107375,53.93736017897091,44.51342281879195,57.01411166303217,False,False
303905,Dominik Kohr,9905,1. FSV Mainz 05,GER-Bundesliga,3.7,36.6,2.0,0.0,5.0,1.7,0.11,0.06,1.3,0.0,0.06,1.4,0.1,0.6,0.1,6.73,0.0,7.0,0.6,1.8,0.3,1430,17,Defender,0.7111111111111111,0.4374999999999999,0.1010928961748633,0.2307692307692307,69.31925084609647,62.68565723053979,39.13197133310389,58.983035048471294,56.73179944416939,True,False
952528,Adrián De La Fuente,8581,Levante,ESP-La Liga,5.0,39.7,1.0,0.0,6.0,0.9,0.05,0.1,1.1,1.0,0.11,1.5,0.2,0.8,0.1,6.76,0.0,6.0,1.1,1.1,0.2,1644,21,Defender,0.7027027027027027,0.5769230769230769,0.1259445843828715,0.1818181818181818,73.3173076923077,77.51201923076923,40.0,40.43269230769231,56.72385592568118,True,False
961306,Nathan Collins,9937,Brentford,ENG-Premier League,3.1,44.3,4.0,0.0,6.7,0.8,0.03,0.07,0.6,2.0,0.04,1.2,0.2,1.4,0.0,6.96,0.0,8.0,0.5,1.0,0.1,2026,24,Defender,0.7857142857142857,0.5454545454545454,0.0699774266365688,0.1666666666666666,63.07964779441289,77.32470386623072,44.97144424367579,43.62817644696839,56.65444183966663,True,False
1539619,Juma Bah,9831,Nice,FRA-Ligue 1,2.1,55.3,1.0,0.0,7.0,0.6,0.05,0.04,1.5,0.0,0.0,1.1,0.1,1.1,0.2,6.6,0.0,3.0,0.4,1.4,0.6,1189,17,Defender,0.625,0.44,0.0379746835443038,0.3999999999999999,56.73677884615385,60.44471153846153,58.70793269230769,49.639423076923066,56.60287909010967,True,False
1413963,Jacobo Ramon,10171,Como,ITA-Serie A,2.1,64.4,1.0,0.0,4.4,1.3,0.06,0.12,1.0,0.0,0.1,1.3,0.3,0.5,0.1,7.26,0.0,8.0,1.3,1.9,0.3,1888,22,Defender,0.7619047619047619,0.40625,0.0326086956521739,0.3,54.81971153846154,60.22836538461538,54.17067307692307,57.86057692307692,56.56514474374788,True,False
1225450,Mika Mármol,8306,Las Palmas,ESP-La Liga,2.7,37.0,1.0,0.0,4.3,2.0,0.08,0.02,1.2,1.0,0.0,1.4,0.0,0.5,0.0,6.74,0.0,16.0,0.4,2.3,0.3,2398,30,Defender,0.7551020408163266,0.3783783783783784,0.0729729729729729,0.25,63.22147651006711,62.08053691275168,46.68344519015661,53.71923937360179,56.46963129239349,False,False
705450,Jules Koundé,8634,Barcelona,ESP-La Liga,1.1,64.7,3.0,0.0,2.4,2.1,0.11,0.06,0.9,2.0,0.05,1.1,0.2,0.5,0.2,7.19,0.0,15.0,0.5,2.0,0.8,1723,23,Defender,0.775,0.3548387096774194,0.017001545595054,0.888888888888889,50.333329748178734,37.07650361383583,82.21592131302701,70.80960857282166,56.44023486782564,True,False
1178325,Ousmane Camara,8121,Angers,FRA-Ligue 1,1.6,43.2,0.0,0.0,6.1,0.1,0.01,0.01,0.6,0.0,0.05,1.1,0.1,1.0,0.1,7.01,0.0,3.0,0.2,1.7,0.2,1774,21,Defender,0.8235294117647058,0.3928571428571429,0.037037037037037,0.3333333333333333,41.50841346153846,68.5576923076923,58.59375,66.640625,56.385251720538456,True,False
474673,Johan Mojica,8661,Mallorca,ESP-La Liga,2.5,31.1,4.0,0.0,3.0,2.2,0.11,0.02,1.0,3.0,0.0,0.6,0.1,0.1,0.3,6.88,0.0,21.0,0.6,2.0,0.6,1847,24,Defender,0.7222222222222222,0.2307692307692307,0.0803858520900321,0.6,67.34340941031378,32.73814389376469,79.64111706246773,55.32356916480239,56.37913612499137,True,False
1137667,Piero Hincapié,9825,Arsenal,ENG-Premier League,1.4,44.0,0.0,0.0,4.4,1.0,0.08,0.02,0.7,1.0,0.07,1.3,0.1,0.4,0.1,7.1,0.0,8.0,0.1,1.9,0.3,1218,17,Defender,0.8205128205128205,0.40625,0.0318181818181818,0.4285714285714286,46.63696366087305,62.46864782309412,59.41699112315723,61.66184463374061,56.36578671897526,True,False
775539,Noussair Mazraoui,10260,Manchester United,ENG-Premier League,1.6,43.2,2.0,0.0,2.6,1.9,0.06,0.02,1.2,1.0,0.0,1.1,0.1,0.3,0.3,6.99,0.0,20.0,0.4,3.6,0.8,2848,37,Defender,0.7966101694915254,0.2340425531914893,0.037037037037037,0.6666666666666667,52.01342281879195,37.38255033557047,69.87695749440716,80.89485458612975,56.32089381235193,False,False
1451265,Malick Diouf,8654,West Ham United,ENG-Premier League,1.9,23.6,2.0,0.0,4.5,1.0,0.05,0.02,1.0,4.0,0.0,1.1,0.1,0.3,0.1,6.73,0.0,11.0,0.7,1.4,0.7,1648,20,Defender,0.7142857142857143,0.44,0.0805084745762711,0.7,53.48557692307693,57.60817307692308,76.95913461538461,39.57331730769231,56.18722279303252,True,False
1053838,Morato,10203,Nottingham Forest,ENG-Premier League,3.1,47.5,0.0,0.0,5.6,0.1,0.01,0.08,1.1,0.0,0.0,0.8,0.1,0.7,0.0,0.0,0.0,1.0,0.4,2.3,0.4,939,14,Defender,0.7380952380952381,0.2580645161290323,0.0652631578947368,0.3636363636363636,72.5360576923077,40.69711538461539,58.79807692307692,53.6358173076923,56.07752690402254,True,False
666954,Chidozie Awaziem,9830,Nantes,FRA-Ligue 1,6.0,53.5,1.0,0.0,7.7,1.1,0.06,0.03,0.9,1.0,0.06,1.0,0.2,0.7,0.0,6.84,0.0,8.0,0.4,1.1,0.2,1606,18,Defender,0.7000000000000001,0.4761904761904761,0.1121495327102803,0.2222222222222222,82.52403846153845,70.85336538461539,46.70072115384615,29.381009615384613,56.04133887986461,True,False
260964,Berat Djimsiti,8524,Atalanta,ITA-Serie A,2.4,49.2,0.0,0.0,6.0,0.6,0.03,0.05,0.6,0.0,0.0,1.0,0.1,0.7,0.0,6.89,0.0,4.0,0.5,1.5,0.2,1738,22,Defender,0.8064516129032258,0.4,0.048780487804878,0.3333333333333333,56.18292175758619,68.66725463201973,46.342514914243104,54.66098778179315,55.98853604788092,True,False
900523,Keven Schlotterbeck,8406,FC Augsburg,GER-Bundesliga,3.8,46.5,1.0,0.0,5.7,0.8,0.05,0.03,1.3,1.0,0.0,1.0,0.1,1.0,0.0,7.1,0.0,9.0,0.6,1.7,0.4,1476,17,Defender,0.675,0.3703703703703703,0.0817204301075268,0.3076923076923077,73.0340715166638,55.286113262203855,52.82287005965696,40.76802077955602,55.9089186633522,True,False
789914,Edmond Tapsoba,8178,Bayer 04 Leverkusen,GER-Bundesliga,3.5,84.0,2.0,0.0,4.3,0.7,0.04,0.09,0.8,2.0,0.24,0.8,0.4,0.6,0.1,7.51,0.0,7.0,1.1,1.0,0.4,1496,17,Defender,0.6923076923076923,0.4444444444444445,0.0416666666666666,0.5,76.1121328801698,49.5595458326163,65.41314425228016,33.580198115642744,55.89216136568762,True,False
968029,Lautaro Valenti,10167,Parma,ITA-Serie A,2.2,33.8,3.0,0.0,6.0,0.5,0.03,0.02,1.0,0.0,0.0,1.4,0.2,1.0,0.2,6.95,0.0,10.0,0.8,2.2,0.4,1532,18,Defender,0.782608695652174,0.3888888888888888,0.0650887573964497,0.4,55.31811972982276,63.96516305283084,45.519587492112656,61.699354313658,55.84082218202423,True,False
360918,Jonny Otto,9866,Alavés,ESP-La Liga,1.5,46.3,2.0,0.0,1.9,1.3,0.06,0.02,1.1,0.0,0.0,1.4,0.1,0.4,0.2,6.95,0.0,12.0,0.3,2.1,0.8,2008,23,Defender,0.7608695652173914,0.3999999999999999,0.0323974082073434,0.7272727272727273,45.17427884615384,45.27644230769232,76.15384615384615,66.9170673076923,55.71418506164983,True,False
303912,Matthias Ginter,8358,Sport-Club Freiburg,GER-Bundesliga,3.3,49.3,4.0,0.0,6.4,1.9,0.09,0.05,0.4,3.0,0.0,0.7,0.1,0.5,0.0,6.9,0.0,11.0,0.5,0.7,0.1,1890,21,Defender,0.7777777777777778,0.5,0.0669371196754563,0.25,70.62841485974876,65.24902483795101,48.406336043710205,37.98940945333563,55.653874648198126,True,False
1186553,Alexsandro Ribeiro,8639,Lille,FRA-Ligue 1,4.0,73.0,1.0,0.0,4.8,1.0,0.03,0.05,0.9,1.0,0.03,0.9,0.1,0.4,0.1,7.25,0.0,9.0,0.7,1.1,0.2,2700,30,Defender,0.6896551724137931,0.45,0.0547945205479452,0.2222222222222222,77.66778523489933,61.93512304250559,46.05145413870245,37.30984340044743,55.62013642683198,False,False
867789,Emanuele Valeri,10167,Parma,ITA-Serie A,1.8,20.4,3.0,0.0,1.4,2.6,0.15,0.02,0.6,1.0,0.0,0.9,0.2,0.1,0.3,6.75,0.0,31.0,0.9,1.8,0.6,1582,21,Defender,0.8181818181818181,0.3333333333333333,0.088235294117647,1.0,51.57711846784833,37.81051023920151,79.01376878621006,64.83010848677795,55.58035303795521,True,False
278856,Willi Orban,178475,RB Leipzig,GER-Bundesliga,2.6,61.8,1.0,0.0,7.3,0.6,0.03,0.09,0.5,0.0,0.05,1.0,0.3,1.2,0.0,7.11,0.0,6.0,0.7,1.3,0.1,1960,22,Defender,0.8214285714285714,0.4347826086956522,0.0420711974110032,0.2,62.177820082601954,68.73772084552286,41.791483823782485,51.42783263064303,55.577757786616665,True,False
1285784,Bradley Locko,8521,Brest,FRA-Ligue 1,1.9,25.2,2.0,0.0,1.7,0.9,0.08,0.01,0.7,1.0,0.0,0.8,0.1,0.0,0.3,6.74,0.0,7.0,0.2,3.9,0.9,1017,15,Defender,0.8703703703703703,0.1702127659574468,0.0753968253968253,1.2857142857142858,55.45072115384615,25.46875,90.57091346153844,80.32451923076923,55.57646008348888,True,False
1337884,Konstantinos Koulierakis,8721,VfL Wolfsburg,GER-Bundesliga,3.1,50.1,0.0,0.0,6.4,0.7,0.04,0.12,1.0,0.0,0.06,1.5,0.4,0.7,0.1,6.68,0.0,5.0,1.0,1.1,0.1,1582,19,Defender,0.7222222222222222,0.5769230769230769,0.06187624750499,0.1,69.57402985716743,78.01407531692765,37.96465396087879,40.94583548442608,55.34319121642762,True,False
1313884,Rafa Marin,10205,Villarreal,ESP-La Liga,2.8,47.0,1.0,0.0,5.9,0.6,0.04,0.02,0.6,0.0,0.06,1.0,0.1,0.8,0.0,7.13,0.0,5.0,0.2,1.7,0.1,1395,16,Defender,0.8181818181818181,0.3703703703703703,0.0595744680851063,0.1666666666666666,62.68028846153845,62.25961538461539,42.60817307692308,54.82572115384616,55.31730367590748,True,False
877401,Calvin Bassey,9879,Fulham,ENG-Premier League,1.9,54.9,0.0,0.0,4.2,0.2,0.01,0.06,0.9,0.0,0.06,0.8,0.1,0.9,0.1,6.54,0.0,4.0,0.4,2.1,0.4,1452,18,Defender,0.7631578947368421,0.2758620689655172,0.0346083788706739,0.4444444444444445,58.67312532266392,38.71020478403028,67.0966163310962,62.07703242413813,55.30310024909053,True,False
771630,Gideon Mensah,8583,Auxerre,FRA-Ligue 1,1.9,35.3,1.0,0.0,2.6,0.9,0.06,0.0,1.5,0.0,0.0,1.2,0.0,0.1,0.3,6.89,0.0,12.0,0.1,1.9,0.6,1406,19,Defender,0.6739130434782609,0.3870967741935484,0.0538243626062322,0.3999999999999999,54.48155079447025,44.774762662766015,63.53645922962198,61.53066382722423,55.23409387570021,True,False
974618,Jan Paul van Hecke,10204,Brighton and Hove Albion,ENG-Premier League,4.2,63.5,1.0,0.0,5.1,0.9,0.04,0.09,0.9,2.0,0.13,1.1,0.3,0.8,0.1,7.09,0.0,7.0,0.7,1.4,0.1,2131,24,Defender,0.7352941176470589,0.44,0.0661417322834645,0.1111111111111111,77.57424855159756,57.74262533700453,38.27673270521425,49.60277383410772,55.22354881516405,True,False
175311,Kiko,8305,Getafe,ESP-La Liga,1.3,24.0,1.0,0.0,2.2,0.8,0.05,0.01,1.0,1.0,0.0,1.8,0.1,0.1,0.3,6.8,0.0,12.0,0.3,2.1,0.3,1404,19,Defender,0.7959183673469388,0.4615384615384615,0.0541666666666666,0.3,40.45854127229967,59.28610609189468,62.49334953823209,68.84713976366662,55.19210128715259,True,False
950829,Chris Richards,9826,Crystal Palace,ENG-Premier League,2.1,36.1,1.0,0.0,6.1,1.1,0.05,0.04,0.6,0.0,0.05,1.4,0.0,0.6,0.0,6.97,0.0,6.0,0.4,2.1,0.2,1973,22,Defender,0.853658536585366,0.3999999999999999,0.0581717451523545,0.3333333333333333,46.086696208340506,71.3724868066311,48.22543810589113,61.69730181265416,55.12234181710898,True,False
660326,Matthieu Udol,8588,Lens,FRA-Ligue 1,1.5,31.9,17.0,0.0,2.1,5.8,0.27,0.09,1.0,6.0,0.0,1.5,0.3,0.4,0.5,7.35,0.0,34.0,1.0,1.5,0.5,1968,22,Defender,0.75,0.5,0.0470219435736677,0.5,40.78725961538461,55.97355769230769,69.74759615384615,63.05288461538461,55.07777520037367,True,False
682548,Ola Aina,10203,Nottingham Forest,ENG-Premier League,0.8,24.6,3.0,0.0,3.2,2.2,0.07,0.02,0.7,1.0,0.06,1.0,0.1,0.4,0.1,7.07,0.0,16.0,0.3,1.6,1.0,3003,35,Defender,0.787878787878788,0.3846153846153846,0.032520325203252,1.4285714285714286,36.0178970917226,55.89485458612975,87.4944071588367,57.20917225950783,55.05371997846908,False,False
1112072,Jon Pacheco,9866,Alavés,ESP-La Liga,3.0,43.2,1.0,0.0,5.4,0.2,0.01,0.02,0.6,0.0,0.0,0.7,0.1,1.1,0.1,6.87,0.0,5.0,0.2,2.0,0.1,1500,18,Defender,0.8181818181818181,0.2592592592592592,0.0694444444444444,0.1666666666666666,65.28846153846155,46.64663461538462,42.60817307692308,72.07932692307692,55.02896979797773,True,False
1125187,Ramon Hendriks,10269,VfB Stuttgart,GER-Bundesliga,1.5,51.5,1.0,0.0,3.9,0.9,0.07,0.01,0.6,2.0,0.0,0.8,0.0,0.8,0.2,6.85,0.0,4.0,0.2,1.6,0.2,1141,19,Defender,0.8,0.3333333333333333,0.029126213592233,0.3333333333333333,44.3937772471749,54.79991252222796,60.307839299030576,67.86069344060115,54.99316266531231,True,False
1133081,Sinaly Diomandé,8583,Auxerre,FRA-Ligue 1,3.4,35.0,0.0,0.0,4.8,0.1,0.01,0.1,1.3,0.0,0.09,1.7,0.1,0.5,0.0,6.78,0.0,1.0,0.3,1.3,0.3,1054,12,Defender,0.6976744186046512,0.5666666666666667,0.0971428571428571,0.2307692307692307,65.37899565479263,69.86587936671829,48.408630542649,36.780620805369125,54.96070134950398,True,False
1381853,Tim Oermann,9911,VfL Bochum 1848,GER-Bundesliga,1.9,29.4,0.0,0.0,2.3,0.7,0.03,0.01,0.7,2.0,0.0,0.8,0.0,0.6,0.2,6.46,0.0,6.0,0.3,2.0,0.3,2125,28,Defender,0.7999999999999999,0.2857142857142857,0.064625850340136,0.4285714285714286,53.903803131991054,38.34451901565996,64.04362416107382,73.22706935123043,54.94965266430888,False,False
1367619,Dean Huijsen,8633,Real Madrid,ESP-La Liga,4.7,64.5,1.0,0.0,5.4,1.0,0.07,0.12,0.9,2.0,0.07,1.1,0.2,0.7,0.1,7.31,0.0,9.0,1.0,1.5,0.1,1374,18,Defender,0.7428571428571429,0.4230769230769231,0.0728682170542635,0.1111111111111111,77.72290698674927,69.36313313830094,30.223041430046464,51.30729973326449,54.89935721329935,True,False
243138,James Tarkowski,8668,Everton,ENG-Premier League,2.7,34.2,1.0,0.0,7.0,1.3,0.05,0.07,0.8,1.0,0.0,1.0,0.2,1.4,0.1,7.13,0.0,13.0,0.4,1.4,0.1,2340,26,Defender,0.7499999999999999,0.4166666666666667,0.0789473684210526,0.125,60.60079124361843,68.63185123042506,37.12847939253141,57.93613405610049,54.81401445092276,True,False
1073941,Lilian Brassier,9851,Rennes,FRA-Ligue 1,1.7,49.4,2.0,0.0,2.6,0.9,0.06,0.04,1.1,1.0,0.0,1.4,0.0,1.1,0.1,6.88,0.0,10.0,0.4,1.5,0.4,1352,17,Defender,0.725,0.4827586206896551,0.034412955465587,0.3636363636363636,51.51813371192566,61.93186055182699,52.78000057362473,53.85809241094476,54.75630192023922,True,False
1197250,Malo Gusto,8455,Chelsea,ENG-Premier League,1.5,44.0,2.0,0.0,1.6,1.2,0.07,0.09,0.8,2.0,0.12,1.2,0.3,0.1,0.4,6.99,0.0,15.0,0.7,2.5,0.5,1484,23,Defender,0.8222222222222223,0.3243243243243243,0.034090909090909,0.625,46.64926074112316,41.51989043767568,65.57937890781851,77.98578844719783,54.67797193062672,True,False
1078788,Neco Williams,10203,Nottingham Forest,ENG-Premier League,1.3,32.0,4.0,0.0,2.3,2.9,0.12,0.06,0.9,1.0,0.04,1.0,0.5,0.5,0.3,7.05,0.0,25.0,1.2,2.9,0.9,2205,25,Defender,0.8125,0.2564102564102564,0.040625,1.0,38.98694286697642,39.44655968565365,82.22555641599266,82.01309119199219,54.67721419151453,True,False
1107910,Valentino Livramento,10261,Newcastle United,ENG-Premier League,1.5,40.0,1.0,0.0,2.7,0.6,0.05,0.01,0.4,1.0,0.0,0.5,0.0,0.2,0.2,7.14,0.0,10.0,0.2,1.6,0.9,1049,13,Defender,0.8400000000000001,0.238095238095238,0.0375,2.25,44.57542806745827,34.33382449951242,94.84799840819136,66.6876308581426,54.66700772712338,True,False
831044,Hjalmar Ekdal,8191,Burnley,ENG-Premier League,1.7,30.8,0.0,0.0,7.3,0.3,0.02,0.02,0.4,0.0,0.0,0.7,0.1,0.6,0.0,6.44,0.0,3.0,0.4,1.5,0.2,1179,15,Defender,0.8461538461538461,0.3181818181818181,0.0551948051948051,0.5,46.25600961538461,58.10096153846153,66.73677884615384,49.723557692307686,54.45026885496926,True,False
198277,Nicolas Pallois,9830,Nantes,FRA-Ligue 1,2.9,31.5,1.0,0.0,7.0,0.4,0.02,0.02,1.0,2.0,0.0,1.2,0.0,0.8,0.1,6.81,0.0,3.0,0.1,2.7,0.1,2020,26,Defender,0.7959183673469388,0.3076923076923076,0.092063492063492,0.1,59.43512304250559,66.1744966442953,30.822147651006716,75.90604026845637,54.40722842104962,False,False
1106074,Mario Gila,8543,Lazio,ITA-Serie A,4.8,59.6,0.0,0.0,3.8,0.4,0.02,0.04,0.7,0.0,0.0,0.9,0.1,0.5,0.0,7.0,0.0,4.0,0.5,1.7,0.2,2023,24,Defender,0.787878787878788,0.3461538461538461,0.0805369127516778,0.2857142857142857,81.3720028107612,45.62722279584696,45.79064310503069,45.476583562783226,54.28755249823679,True,False
1298907,Cristhian Mosquera,10267,Valencia CF,ESP-La Liga,2.0,49.4,0.0,0.0,3.3,0.3,0.01,0.01,0.4,0.0,0.03,0.9,0.1,0.7,0.0,6.85,0.0,0.0,0.1,1.5,0.1,3320,37,Defender,0.8571428571428572,0.375,0.0404858299595141,0.25,55.508948545861294,56.93512304250559,49.97203579418344,54.26733780760626,54.16807849888322,False,False
643724,Philipp Lienhart,8358,Sport-Club Freiburg,GER-Bundesliga,3.9,62.2,1.0,0.0,3.9,1.0,0.03,0.02,0.7,0.0,0.03,1.2,0.0,0.6,0.0,6.74,0.0,6.0,0.3,0.7,0.1,2771,32,Defender,0.7307692307692308,0.631578947368421,0.062700964630225,0.1428571428571428,75.78299776286353,73.79194630872483,40.74384787472036,31.661073825503355,54.13702846564972,False,False
1048023,Strahinja Pavlovic,8564,Milan,ITA-Serie A,2.3,53.9,0.0,0.0,3.8,1.0,0.05,0.1,0.6,1.0,0.1,0.5,0.2,0.5,0.1,7.22,0.0,11.0,0.7,1.4,0.5,1762,21,Defender,0.76,0.2631578947368421,0.0426716141001855,0.8333333333333334,63.58038633625882,36.918703034474845,69.56175070269029,50.06657632077096,54.11414019378547,True,False
1358581,Leny Yoro,10260,Manchester United,ENG-Premier League,2.2,45.8,0.0,0.0,4.0,0.3,0.02,0.05,0.8,0.0,0.0,1.3,0.1,0.5,0.2,6.55,0.0,3.0,0.4,1.9,0.1,1165,23,Defender,0.8,0.40625,0.0480349344978166,0.125,49.16368202546894,63.405663827224224,41.86934441863133,70.46753104743875,54.08753448404914,True,False
970243,Mats Wieffer,10204,Brighton and Hove Albion,ENG-Premier League,2.1,37.5,4.0,0.0,3.9,1.5,0.11,0.09,1.5,3.0,0.0,1.4,0.2,0.2,0.7,7.08,0.0,17.0,0.8,3.6,0.5,1182,16,Defender,0.7692307692307693,0.2799999999999999,0.056,0.3333333333333333,52.47014462513624,42.11970472666781,52.79315809097688,78.69572972236563,53.94232382106669,True,False
307317,Vladimir Coufal,8226,TSG 1899 Hoffenheim,GER-Bundesliga,1.9,31.2,10.0,0.0,3.4,5.0,0.23,0.03,0.9,6.0,0.05,1.1,0.2,0.5,0.4,7.49,0.0,31.0,0.7,1.7,0.9,1967,22,Defender,0.7567567567567568,0.3928571428571429,0.0608974358974358,1.0,45.62837004531636,42.19848849882407,71.41086588653702,66.28362875007171,53.92833852579607,True,False
676533,Aitor Ruibal,8603,Real Betis,ESP-La Liga,1.9,28.2,2.0,0.0,2.1,1.3,0.1,0.22,1.2,1.0,0.3,1.1,0.7,0.2,0.4,6.95,0.0,16.0,1.4,1.8,0.5,1191,19,Defender,0.7073170731707317,0.3793103448275862,0.0673758865248227,0.4166666666666667,50.16371608443757,38.26080565593988,70.64316777089428,65.30128742901394,53.8340840384657,True,False
710159,Ezri Konsa,10252,Aston Villa,ENG-Premier League,1.4,58.3,1.0,0.0,3.7,0.5,0.02,0.04,0.4,0.0,0.0,0.6,0.1,0.8,0.1,6.88,0.0,4.0,0.3,0.6,0.3,2226,25,Defender,0.7499999999999999,0.5,0.0240137221269296,0.7499999999999999,46.39459824757643,53.122777204153046,73.67302673091264,45.891224617105486,53.75680835167169,True,False
776591,Abdul Mumin,8370,Rayo Vallecano,ESP-La Liga,2.2,40.1,0.0,0.0,5.4,0.1,0.01,0.03,1.0,1.0,0.09,1.0,0.2,1.3,0.1,7.0,0.0,1.0,0.4,1.6,0.2,2020,24,Defender,0.7222222222222222,0.3846153846153846,0.054862842892768,0.2,55.659955257270695,61.26398210290827,42.72371364653244,57.43288590604026,53.698671097193234,False,False
1413996,Luka Vuskovic,9790,Hamburger SV,GER-Bundesliga,3.4,51.3,0.0,0.0,8.3,0.6,0.03,0.13,1.1,0.0,0.21,1.2,0.3,1.0,0.0,7.26,0.0,8.0,1.2,0.7,0.3,1710,19,Defender,0.6333333333333333,0.631578947368421,0.0662768031189083,0.2727272727272727,74.66947115384615,77.10336538461539,50.49278846153846,22.39783653846154,53.6487749192545,True,False
873956,Juan Miranda,9857,Bologna,ITA-Serie A,4.5,44.6,3.0,0.0,2.5,3.1,0.17,0.02,1.0,0.0,0.06,1.2,0.2,0.2,0.2,7.17,0.0,43.0,0.5,1.4,0.2,1636,21,Defender,0.7222222222222222,0.4615384615384615,0.100896860986547,0.2,76.27090145127057,46.56122727011989,46.60335283657431,44.88215596856535,53.60839456108914,True,False
955214,Jean-Clair Todibo,8654,West Ham United,ENG-Premier League,1.3,34.8,0.0,0.0,4.7,0.3,0.02,0.01,0.4,1.0,0.0,0.8,0.0,0.7,0.0,6.63,0.0,5.0,0.1,2.0,0.2,1521,18,Defender,0.875,0.2857142857142857,0.0373563218390804,0.5,39.299389089657545,54.292648999024834,67.10863556186543,61.48547295359376,53.26600231212571,True,False
688278,Pervis Estupinán,10204,Brighton and Hove Albion,ENG-Premier League,1.0,43.3,5.0,0.0,2.1,2.5,0.09,0.04,1.3,1.0,0.04,1.4,0.3,0.2,0.4,7.05,0.0,26.0,1.0,2.4,0.7,2403,30,Defender,0.7450980392156863,0.3684210526315789,0.023094688221709,0.5384615384615384,41.0178970917226,46.82326621923938,65.07829977628634,71.64429530201343,53.1989200656322,False,False
959407,James Hill,8678,Bournemouth,ENG-Premier League,2.5,28.7,2.0,0.0,7.3,0.8,0.07,0.02,0.9,3.0,0.0,1.9,0.1,0.6,0.0,7.12,0.0,5.0,0.4,1.8,0.1,1024,17,Defender,0.8043478260869564,0.5135135135135135,0.0871080139372822,0.1111111111111111,52.90865384615385,87.72836538461539,32.566105769230774,52.54807692307693,53.106275677025785,True,False
874025,Vitaliy Mykolenko,8668,Everton,ENG-Premier League,1.5,28.5,1.0,0.0,4.2,2.1,0.1,0.01,1.0,1.0,0.0,1.0,0.1,0.3,0.4,6.79,0.0,15.0,0.4,1.4,0.4,1970,22,Defender,0.7058823529411765,0.4166666666666667,0.0526315789473684,0.4,41.92075553547869,58.33663167555785,61.03599315952503,56.45488262203866,53.08243950274567,True,False
602304,Nordi Mukiele,8472,Sunderland,ENG-Premier League,1.6,28.8,7.0,0.0,5.4,1.8,0.08,0.04,1.0,4.0,0.04,1.3,0.1,0.4,0.1,7.22,0.0,20.0,0.7,2.4,0.3,2153,24,Defender,0.7872340425531915,0.3513513513513513,0.0555555555555555,0.3,40.55288461538461,60.70913461538462,54.17067307692307,65.00600961538461,52.99706216720663,True,False
935406,Luca Ranieri,8535,Fiorentina,ITA-Serie A,3.2,41.4,2.0,0.0,3.8,0.9,0.06,0.09,1.1,0.0,0.06,0.7,0.2,0.4,0.1,6.73,0.0,7.0,0.8,1.4,0.4,1410,22,Defender,0.6562499999999999,0.3333333333333333,0.0772946859903381,0.3636363636363636,73.92278652555498,41.4441540469225,60.54659266907589,36.6893517323467,52.89684300385784,True,False
210126,Dennis Appiah,9853,St Etienne,FRA-Ligue 1,1.4,29.9,4.0,0.0,3.1,2.2,0.09,0.01,1.6,1.0,0.0,1.2,0.1,0.3,0.3,6.59,0.0,13.0,0.2,3.0,0.8,2124,29,Defender,0.7241379310344827,0.2857142857142857,0.0468227424749163,0.5,44.72595078299776,42.52796420581655,62.71252796420581,71.84563758389261,52.83907186229003,False,False
640238,Nacho Vidal,8670,Real Oviedo,ESP-La Liga,1.8,29.1,0.0,0.0,3.5,0.4,0.03,0.09,1.1,0.0,0.0,1.4,0.2,0.2,0.0,6.81,0.0,2.0,0.5,1.9,0.5,1156,15,Defender,0.7499999999999999,0.4242424242424242,0.0618556701030927,0.4545454545454545,48.81009615384615,56.51442307692308,65.859375,41.418269230769226,52.80627270553855,True,False
277771,Thomas Meunier,8639,Lille,FRA-Ligue 1,1.9,38.0,3.0,0.0,3.1,1.9,0.15,0.06,1.3,0.0,0.0,0.9,0.1,0.2,0.6,6.99,0.0,10.0,0.9,1.4,0.6,1159,15,Defender,0.638888888888889,0.391304347826087,0.0499999999999999,0.4615384615384615,55.6955648052544,40.58131489129811,64.67353582286468,52.4973111340561,52.78819054782976,True,False
1323398,Abel Bretones,8371,Osasuna,ESP-La Liga,1.4,20.4,0.0,0.0,2.7,0.9,0.06,0.04,0.8,0.0,0.07,1.0,0.2,0.3,0.1,6.84,0.0,9.0,0.7,2.0,0.8,1383,20,Defender,0.7894736842105263,0.3333333333333333,0.0686274509803921,1.0,46.56193533815178,35.65032911719153,81.27063256467619,60.00397952159697,52.66773160714865,True,False
1137407,Malick Thiaw,10261,Newcastle United,ENG-Premier League,2.6,47.0,1.0,0.0,6.2,0.7,0.03,0.12,0.6,0.0,0.19,0.9,0.4,0.9,0.0,7.1,0.0,5.0,1.0,1.2,0.2,1938,23,Defender,0.7777777777777778,0.4285714285714285,0.0553191489361702,0.3333333333333333,66.68950410141686,57.758202833706186,47.57480425055928,37.23088933344805,52.61936452411638,True,False
1206806,Kialonda Gaspar,9888,Lecce,ITA-Serie A,2.3,32.9,0.0,0.0,7.0,0.2,0.01,0.04,0.6,0.0,0.0,0.8,0.0,1.0,0.0,6.65,0.0,0.0,0.4,1.1,0.0,1825,21,Defender,0.76,0.4210526315789473,0.0699088145896656,0.0,54.269004904491474,71.66525053060288,42.20932462857798,44.64063306659782,52.54009855884326,True,False
1393669,Quilindschy Hartman,8191,Burnley,ENG-Premier League,1.5,26.2,4.0,0.0,3.4,1.5,0.1,0.01,0.5,4.0,0.0,1.3,0.1,0.1,0.0,6.8,0.0,16.0,0.4,2.1,0.2,1339,15,Defender,0.8717948717948718,0.3823529411764705,0.0572519083969465,0.4,40.0,60.46874999999999,62.54206730769231,53.26923076923076,52.52173793647323,True,False
1429912,Michael Kayode,9937,Brentford,ENG-Premier League,0.9,27.1,3.0,0.0,2.9,2.3,0.09,0.01,0.7,0.0,0.0,1.1,0.0,0.4,0.2,7.1,0.0,25.0,0.2,2.0,1.4,2274,26,Defender,0.8157894736842106,0.3548387096774194,0.033210332103321,2.0,29.11658653846154,46.94711538461539,93.55769230769232,70.87740384615384,52.48265553903066,True,False
23354,Ashley Young,8668,Everton,ENG-Premier League,3.0,26.1,6.0,0.0,2.7,2.9,0.14,0.01,1.4,3.0,0.05,1.2,0.1,0.2,0.2,6.8,0.0,26.0,0.3,2.8,0.3,1869,32,Defender,0.7407407407407407,0.3,0.1149425287356321,0.2142857142857143,62.53914988814318,42.27069351230425,43.07046979865772,67.19239373601789,52.40399061388538,False,False
867080,Jeff Chabot,10269,VfB Stuttgart,GER-Bundesliga,3.9,64.8,0.0,0.0,7.5,0.5,0.03,0.05,1.4,0.0,0.0,1.5,0.2,0.7,0.2,7.3,0.0,4.0,0.8,1.2,0.2,1521,18,Defender,0.6585365853658538,0.5555555555555555,0.0601851851851851,0.1428571428571428,73.77099108013537,75.47867191533298,28.655862803304075,42.18426439798084,52.378760413575975,True,False
1526689,Alex Jimenez,8678,Bournemouth,ENG-Premier League,1.5,24.9,1.0,0.0,1.5,0.7,0.04,0.05,1.2,0.0,0.06,0.9,0.2,0.5,0.4,6.91,0.0,7.0,0.8,2.7,1.6,1593,22,Defender,0.75,0.25,0.0602409638554216,1.3333333333333337,46.80014197212184,28.685323811162736,82.5725456031664,74.034732977686,52.31004716408259,True,False
672469,Ben Chilwell,9848,Strasbourg,FRA-Ligue 1,1.2,39.0,4.0,0.0,3.1,0.9,0.06,0.0,0.9,2.0,0.0,1.2,0.1,0.3,0.2,6.73,0.0,7.0,0.1,1.5,0.6,1299,16,Defender,0.75,0.4444444444444444,0.0307692307692307,0.6666666666666666,35.83533653846154,54.314903846153854,77.32572115384616,53.51562499999999,52.215605089311815,True,False
940743,Daniel Vivian,8315,Athletic Club,ESP-La Liga,3.6,40.3,1.0,0.0,5.2,0.5,0.02,0.06,1.5,0.0,0.0,1.3,0.2,0.5,0.2,6.55,0.0,3.0,0.6,1.7,0.1,1648,19,Defender,0.6666666666666666,0.4333333333333333,0.0893300248138957,0.0666666666666666,70.68003212298514,65.48331469052945,29.615294986519817,50.7437403200826,52.21282554018139,True,False
1177358,Adrien Truffert,8678,Bournemouth,ENG-Premier League,1.1,33.6,2.0,0.0,4.0,1.7,0.07,0.01,1.1,2.0,0.0,1.3,0.0,0.3,0.2,6.96,0.0,18.0,0.4,2.9,0.9,2300,26,Defender,0.7924528301886792,0.3095238095238095,0.0327380952380952,0.8181818181818181,33.50611985888832,45.43701241897551,76.77625587965353,73.34650877645844,52.03221389867837,True,False
1334805,Lamine Sy,8583,Auxerre,FRA-Ligue 1,1.0,26.4,2.0,0.0,1.9,0.7,0.07,0.07,0.9,0.0,0.0,1.3,0.1,0.6,0.5,7.06,0.0,9.0,0.5,2.7,0.8,924,14,Defender,0.8163265306122448,0.325,0.0378787878787878,0.888888888888889,29.993990384615387,41.47836538461539,82.68629807692307,88.1730769230769,51.99855427933555,True,False
1250443,Maxime Estève,8191,Burnley,ENG-Premier League,1.4,36.1,1.0,0.0,6.6,0.6,0.03,0.02,0.4,0.0,0.0,1.3,0.0,0.9,0.1,6.46,0.0,7.0,0.3,1.3,0.1,1971,23,Defender,0.8666666666666667,0.5,0.038781163434903,0.25,32.90865384615385,85.13221153846153,49.32091346153846,59.35697115384615,51.959939695281854,True,False
1487877,Finn Jeltsch,10269,VfB Stuttgart,GER-Bundesliga,1.2,58.3,0.0,0.0,4.7,0.3,0.02,0.01,0.7,1.0,0.0,1.1,0.0,0.8,0.0,7.03,0.0,5.0,0.2,1.2,0.3,1083,16,Defender,0.7666666666666666,0.4782608695652174,0.0205831903945111,0.4285714285714286,41.00360576923077,66.65865384615384,66.09975961538461,39.71754807692308,51.83907046688972,True,False
604089,Ainsley Maitland-Niles,9748,Lyon,FRA-Ligue 1,1.7,35.7,3.0,0.0,2.5,2.4,0.12,0.12,1.6,3.0,0.05,1.2,0.3,0.1,0.4,6.96,0.0,15.0,0.6,2.2,0.5,1738,21,Defender,0.68,0.3529411764705882,0.0476190476190476,0.3125,47.9478575116159,38.0277706074686,62.916003413067166,67.25344891871738,51.81901723611294,True,False
556027,Maximilian Wittek,9911,VfL Bochum 1848,GER-Bundesliga,2.0,26.6,8.0,0.0,2.6,6.1,0.21,0.05,1.1,0.0,0.0,0.9,0.2,0.3,0.3,6.7,0.0,45.0,1.4,2.1,0.4,2641,32,Defender,0.7317073170731708,0.3,0.075187969924812,0.3636363636363636,54.79865771812081,36.31991051454139,56.96868008948545,65.85570469798658,51.79584090972679,False,False
1288450,Rico Lewis,8456,Manchester City,ENG-Premier League,1.0,52.4,0.0,0.0,1.9,1.0,0.05,0.07,0.6,2.0,0.05,0.6,0.1,0.3,0.6,6.92,0.0,7.0,0.5,1.4,0.4,1891,28,Defender,0.7692307692307692,0.3,0.0190839694656488,0.6666666666666667,46.74496644295302,34.17225950782998,75.4082774049217,63.36129753914989,51.7676495904587,False,False
658554,Dayot Upamecano,9823,Bayern München,GER-Bundesliga,2.8,74.8,2.0,0.0,2.7,0.7,0.05,0.07,0.9,1.0,0.07,0.8,0.1,0.3,0.2,7.24,0.0,6.0,0.5,1.9,0.2,1270,17,Defender,0.75,0.2962962962962963,0.0374331550802139,0.2222222222222222,66.07629926002409,40.78419878965181,45.37505198474158,56.82578479034015,51.73090420574929,True,False
1281461,José Ángel Carmona,8302,Sevilla,ESP-La Liga,1.8,35.3,3.0,0.0,3.0,1.1,0.05,0.03,1.7,3.0,0.05,1.3,0.2,0.4,0.2,6.92,0.0,11.0,0.7,2.5,0.7,1799,22,Defender,0.6909090909090909,0.3421052631578947,0.0509915014164306,0.4117647058823529,44.03864975907761,44.48022428727126,58.9244984368726,66.10207652153962,51.50020226539466,True,False
1002668,David Nemeth,8152,FC St. Pauli,GER-Bundesliga,2.3,40.1,0.0,0.0,3.8,0.3,0.01,0.01,0.9,1.0,0.0,0.8,0.0,0.5,0.1,6.75,0.0,3.0,0.2,1.8,0.2,2141,24,Defender,0.7428571428571429,0.3076923076923077,0.0573566084788029,0.2222222222222222,57.77404921700224,45.78299776286354,46.05145413870245,56.1241610738255,51.20786958089852,False,False
865010,Nicolas Cozza,9830,Nantes,FRA-Ligue 1,1.4,27.0,0.0,0.0,3.7,0.4,0.03,0.01,0.7,0.0,0.0,0.8,0.0,0.2,0.3,6.49,0.0,7.0,0.3,1.4,0.5,1313,18,Defender,0.7586206896551724,0.3636363636363636,0.0518518518518518,0.7142857142857143,36.71844526185969,46.36945735100098,72.40618546721736,61.286353467561526,51.10224290690454,True,False
1289961,Adam Obert,8529,Cagliari,ITA-Serie A,1.8,34.6,3.0,0.0,4.6,1.3,0.07,0.05,1.6,2.0,0.0,1.6,0.1,0.7,0.2,6.85,0.0,10.0,0.2,2.1,0.4,1727,23,Defender,0.6981132075471698,0.4324324324324324,0.0520231213872832,0.25,41.05293301497161,60.939919979349504,45.50825840360236,64.64206712843458,50.916005897480126,True,False
488718,Diego Rico,8305,Getafe,ESP-La Liga,1.4,20.6,1.0,0.0,2.8,0.9,0.05,0.01,1.1,0.0,0.0,1.6,0.1,0.2,0.2,6.87,0.0,10.0,0.5,2.6,0.4,1531,20,Defender,0.7924528301886792,0.3809523809523809,0.0679611650485436,0.3636363636363636,42.418563213445765,48.44112100613778,51.59991108816612,69.92257858658866,50.89276631628088,True,False
1079103,Jacob Greaves,9902,Ipswich Town,ENG-Premier League,1.0,38.7,0.0,0.0,5.9,0.2,0.01,0.05,0.7,0.0,0.04,0.9,0.2,1.1,0.1,6.47,0.0,5.0,0.4,1.6,0.2,2205,25,Defender,0.78125,0.36,0.0258397932816537,0.2857142857142857,34.29530201342282,64.21700223713646,53.93736017897091,63.66331096196868,50.843233481526205,False,False
267371,Emerson,8592,Marseille,FRA-Ligue 1,1.0,50.1,4.0,0.0,2.3,2.9,0.19,0.02,0.8,3.0,0.0,1.6,0.1,0.4,0.3,7.27,0.0,25.0,0.5,2.2,0.3,1384,17,Defender,0.8260869565217391,0.4210526315789473,0.0199600798403193,0.3749999999999999,34.2920933000631,49.39963001204612,60.39180361957208,76.6333785062812,50.82966150764062,True,False
1070712,Josko Gvardiol,8456,Manchester City,ENG-Premier League,2.6,61.7,1.0,0.0,4.1,0.7,0.05,0.16,1.1,2.0,0.14,0.9,0.3,0.6,0.0,7.29,0.0,4.0,1.1,1.2,0.1,1304,16,Defender,0.65625,0.4285714285714285,0.0421393841166936,0.0909090909090909,59.789900978030175,53.34457279297883,46.93979270636149,41.24417412378822,50.78304345120117,True,False
894803,Djed Spence,8586,Tottenham Hotspur,ENG-Premier League,1.7,33.7,4.0,0.0,2.4,1.4,0.08,0.05,1.0,0.0,0.0,0.6,0.3,0.2,0.4,6.72,0.0,8.0,0.5,1.6,1.3,1601,21,Defender,0.6875,0.2727272727272727,0.0504451038575667,1.3,46.98421277175472,28.911851804049792,83.74716772787242,61.14744665289968,50.68421927331411,True,False
1140003,Ilya Zabarnyi,9847,Paris Saint-Germain,FRA-Ligue 1,2.1,75.5,0.0,0.0,3.5,0.3,0.02,0.02,0.8,0.0,0.06,0.6,0.1,0.3,0.1,7.06,0.0,4.0,0.1,1.2,0.2,1397,17,Defender,0.6923076923076923,0.3333333333333333,0.0278145695364238,0.25,59.9233493948259,48.89657904548844,53.06323674926862,38.90742413812884,50.67612202010646,True,False
1201760,Marvin Senaya,8583,Auxerre,FRA-Ligue 1,2.0,26.7,0.0,0.0,3.8,0.4,0.02,0.05,1.2,0.0,0.0,1.7,0.2,0.4,0.2,6.76,0.0,4.0,0.8,2.6,0.2,1305,16,Defender,0.7818181818181817,0.3953488372093023,0.0749063670411985,0.1666666666666666,45.66105769230769,58.62980769230769,36.73677884615385,73.48557692307693,50.63013643277517,True,False
1188375,Natan,8603,Real Betis,ESP-La Liga,2.0,39.3,0.0,0.0,7.8,0.1,0.0,0.01,0.7,0.0,0.0,1.2,0.0,0.6,0.1,6.8,0.0,5.0,0.4,1.0,0.1,1897,22,Defender,0.7586206896551724,0.5454545454545454,0.0508905852417302,0.1428571428571428,49.42795273332186,78.30264441002696,38.38943203980956,42.99266298112775,50.62530877459355,True,False
1178332,Ismaël Doukouré,9848,Strasbourg,FRA-Ligue 1,1.4,55.7,2.0,0.0,2.3,0.4,0.03,0.03,0.8,1.0,0.0,1.1,0.1,0.5,0.2,6.63,0.0,5.0,0.3,1.0,0.4,1310,16,Defender,0.7241379310344827,0.5238095238095238,0.0251346499102333,0.5,45.55682828543567,51.21827138186199,67.3445387340102,40.70061091034245,50.57292288560591,True,False
769895,Matthijs de Ligt,10260,Manchester United,ENG-Premier League,1.6,41.3,2.0,0.0,5.2,0.8,0.06,0.11,0.5,0.0,0.08,1.2,0.2,0.5,0.1,6.97,0.0,3.0,0.8,1.5,0.1,1170,13,Defender,0.84375,0.4444444444444444,0.0387409200968523,0.2,39.39228940801927,73.27319236505478,44.198269804393966,54.41873888602077,50.50805639380006,True,False
637716,Bernardo,8226,TSG 1899 Hoffenheim,GER-Bundesliga,1.7,37.8,1.0,0.0,5.2,0.6,0.04,0.01,1.8,0.0,0.0,1.6,0.0,0.5,0.2,7.23,0.0,6.0,0.4,2.8,0.3,1580,18,Defender,0.7096774193548387,0.3636363636363636,0.0449735449735449,0.1666666666666666,49.3865441977858,58.60517768026157,35.20439862616876,67.67382622038663,50.44289074988655,True,False
1097497,Darlin Yongwa,8689,Lorient,FRA-Ligue 1,1.8,40.5,2.0,0.0,2.4,1.1,0.11,0.02,1.0,0.0,0.0,1.0,0.1,0.1,0.1,6.6,0.0,8.0,0.6,2.0,0.6,902,16,Defender,0.75,0.3333333333333333,0.0444444444444444,0.6,50.30649038461539,33.449519230769226,74.09254807692308,51.8389423076923,50.3453697790136,True,False
988805,Pep Chavarria,8370,Rayo Vallecano,ESP-La Liga,1.9,37.5,3.0,0.0,2.7,2.1,0.1,0.02,1.2,2.0,0.05,1.2,0.1,0.6,0.0,6.84,0.0,16.0,0.7,1.9,0.6,1912,22,Defender,0.7209302325581395,0.3870967741935484,0.0506666666666666,0.5,49.84867958756382,43.86585427063616,61.37131266850226,47.31816992198704,50.329739969642446,True,False
1102289,Juan Iglesias,8305,Getafe,ESP-La Liga,2.2,17.3,2.0,0.0,3.9,1.2,0.05,0.04,2.0,2.0,0.05,0.6,0.1,0.3,0.2,6.89,0.0,9.0,0.8,3.2,0.9,1956,23,Defender,0.6551724137931034,0.1578947368421052,0.1271676300578034,0.45,55.00862229679344,32.900533471003264,58.967170739402285,61.42241904720931,50.32084455182814,True,False
828159,Min-Jae Kim,9823,Bayern München,GER-Bundesliga,2.9,91.9,0.0,0.0,3.4,0.9,0.04,0.06,1.0,0.0,0.08,1.5,0.2,0.4,0.1,7.37,0.0,6.0,0.3,1.4,0.1,2289,27,Defender,0.7435897435897436,0.5172413793103449,0.0315560391730141,0.1,60.525727069351234,68.3221476510067,30.822147651006716,47.58948545861298,50.22735492392977,False,False
1406645,Pierre Ganiou,8588,Lens,FRA-Ligue 1,2.4,43.8,0.0,0.0,4.4,0.2,0.02,0.11,1.3,0.0,0.18,1.0,0.2,0.5,0.1,7.33,0.0,1.0,0.7,1.7,0.4,973,11,Defender,0.675,0.3703703703703703,0.0547945205479452,0.3076923076923077,59.71153846153847,43.05288461538461,52.26562499999999,44.63942307692307,50.21295657763897,True,False
1306664,Danilo Veiga,9888,Lecce,ITA-Serie A,1.9,23.8,0.0,0.0,3.8,1.1,0.05,0.01,1.0,1.0,0.0,0.7,0.1,0.3,0.2,6.81,0.0,15.0,0.2,3.0,0.4,1900,23,Defender,0.7872340425531915,0.1891891891891891,0.0798319327731092,0.4,49.79567307692308,29.86778846153846,62.770432692307686,73.49759615384616,50.19398267146085,True,False
723564,Igor Silva,8689,Lorient,FRA-Ligue 1,1.2,39.0,0.0,0.0,3.3,0.7,0.07,0.02,0.7,0.0,0.09,1.1,0.1,0.4,0.2,6.96,0.0,7.0,0.5,1.5,0.3,1018,12,Defender,0.787878787878788,0.4230769230769231,0.0307692307692307,0.4285714285714286,32.95072115384615,54.93990384615385,66.09975961538461,59.64543269230768,50.17609508257864,True,False
629594,Alfonso Pedraza,10205,Villarreal,ESP-La Liga,2.2,25.0,4.0,0.0,2.3,1.9,0.16,0.09,1.7,2.0,0.08,1.2,0.3,0.5,0.0,7.01,0.0,13.0,0.8,2.7,1.4,1079,18,Defender,0.6964285714285714,0.3076923076923076,0.088,0.8235294117647058,59.91586538461539,28.55769230769231,71.54447115384616,49.01442307692307,49.99218593072247,True,False
469804,Kenny Tete,9879,Fulham,ENG-Premier League,1.7,37.8,1.0,0.0,3.2,1.0,0.07,0.04,1.2,0.0,0.06,1.3,0.2,0.3,0.0,7.09,0.0,9.0,0.7,3.4,0.4,1444,18,Defender,0.7966101694915254,0.2765957446808511,0.0449735449735449,0.3333333333333333,43.56626082716687,45.04581827568404,53.58704576091321,63.268845365112135,49.84959586944818,True,False
936140,Sebastian Sebulonsen,8722,1. FC Köln,GER-Bundesliga,1.2,22.4,4.0,0.0,3.0,2.6,0.13,0.06,0.4,0.0,0.0,0.6,0.1,0.2,0.1,6.51,0.0,16.0,1.2,1.6,0.6,1805,22,Defender,0.8461538461538461,0.2727272727272727,0.0535714285714285,1.4999999999999998,39.53125,33.64182692307692,90.546875,54.57331730769231,49.82146508130563,True,False
924610,Yukinari Sugawara,8697,SV Werder Bremen,GER-Bundesliga,2.4,33.8,2.0,0.0,2.8,2.0,0.1,0.08,0.7,4.0,0.0,0.5,0.4,0.1,0.3,6.69,0.0,12.0,1.3,1.1,0.5,1756,21,Defender,0.6956521739130436,0.3125,0.0710059171597633,0.7142857142857143,54.68275863305226,29.807997045832614,76.3659170108415,47.93852714679057,49.75080971756552,True,False
769525,Caio Henrique,9829,Monaco,FRA-Ligue 1,1.5,38.1,4.0,0.0,1.9,2.4,0.16,0.02,0.9,0.0,0.0,0.7,0.0,0.3,0.4,6.58,0.0,16.0,0.1,1.3,0.4,1338,18,Defender,0.6896551724137931,0.35,0.0393700787401574,0.4444444444444445,46.61448474158205,34.47844963574829,71.9325596569724,54.68316196294384,49.7445264749101,True,False
266105,Clinton Mata,9748,Lyon,FRA-Ligue 1,2.0,54.7,0.0,0.0,5.0,0.6,0.03,0.01,1.1,0.0,0.0,0.7,0.0,1.0,0.1,6.91,0.0,1.0,0.1,1.5,0.2,1846,21,Defender,0.6666666666666666,0.3181818181818181,0.036563071297989,0.1818181818181818,51.28219468823496,46.84834437560946,48.61483967188665,52.68276221820685,49.73813133298452,True,False
763970,Valentin Rosier,8371,Osasuna,ESP-La Liga,1.0,28.8,2.0,0.0,3.2,1.1,0.08,0.01,1.4,1.0,0.0,1.4,0.0,0.1,0.2,6.87,0.0,8.0,0.3,1.6,0.8,1313,17,Defender,0.6818181818181818,0.4666666666666666,0.0347222222222222,0.5714285714285715,33.31637555211381,57.61207193254173,66.96342783800837,51.43923342224516,49.61854386450563,True,False
189982,Fabian Schär,10261,Newcastle United,ENG-Premier League,5.9,55.4,0.0,0.0,5.9,0.6,0.05,0.08,1.2,0.0,0.0,1.5,0.3,1.0,0.1,7.07,0.0,4.0,1.4,1.2,0.0,1091,16,Defender,0.6923076923076923,0.5555555555555555,0.1064981949458483,0.0,76.53417727872426,72.97275641025641,21.53152426432628,45.15220773819767,49.56228322429269,True,False
458976,Hauke Wahl,8152,FC St. Pauli,GER-Bundesliga,2.4,50.1,0.0,0.0,5.0,0.7,0.04,0.02,0.5,0.0,0.06,0.7,0.2,0.4,0.1,6.73,0.0,3.0,0.3,1.7,0.0,1575,18,Defender,0.8275862068965517,0.2916666666666667,0.0479041916167664,0.0,51.064629581827575,54.64688019847416,39.8794939912809,54.885239201514366,49.53428756729663,True,False
1258292,Nicolo Bertola,8600,Udinese,ITA-Serie A,2.5,31.4,2.0,0.0,4.1,0.7,0.04,0.03,1.1,1.0,0.0,1.0,0.2,0.7,0.2,6.77,0.0,8.0,0.7,1.9,0.2,1488,21,Defender,0.725,0.3448275862068966,0.0796178343949044,0.1818181818181818,55.60096153846153,43.28125,40.0,64.24278846153845,49.50847099272682,True,False
1123969,Andrea Carboni,6504,Monza,ITA-Serie A,1.8,39.9,1.0,0.0,4.3,0.2,0.01,0.01,1.2,1.0,0.0,1.1,0.0,0.7,0.2,6.6,0.0,4.0,0.3,2.5,0.2,2196,26,Defender,0.75,0.3055555555555556,0.0451127819548872,0.1666666666666666,46.52125279642058,51.331096196868,37.20357941834452,74.02684563758389,49.47827903895159,False,False
521846,Martin Valjent,8661,Mallorca,ESP-La Liga,2.7,38.7,0.0,0.0,5.9,0.2,0.01,0.02,0.9,0.0,0.0,0.5,0.3,0.5,0.1,6.65,0.0,2.0,0.5,1.2,0.2,2160,24,Defender,0.6538461538461539,0.2941176470588235,0.0697674418604651,0.2222222222222222,62.49200510526015,48.22732031205186,51.39667763723971,34.16525949348936,49.43349619285372,True,False
169586,Leandro Cabrera,8558,Espanyol,ESP-La Liga,2.9,34.2,1.0,0.0,5.1,1.1,0.05,0.1,0.8,0.0,0.13,0.7,0.4,0.6,0.1,6.82,0.0,6.0,1.2,1.1,0.2,2070,23,Defender,0.6923076923076923,0.3888888888888888,0.0847953216374269,0.25,62.6909363706763,55.05686055182699,41.15421363219182,37.40007277863821,49.26543867509197,True,False
1395964,Carlos Romero,8558,Espanyol,ESP-La Liga,1.2,21.7,5.0,0.0,1.8,2.4,0.11,0.09,1.5,2.0,0.18,1.2,0.3,0.4,0.5,7.22,0.0,15.0,0.9,3.1,1.2,1950,22,Defender,0.7413793103448276,0.2790697674418604,0.0552995391705069,0.7999999999999999,37.474043480754894,32.365628405896864,71.53350506223829,78.33905165490735,49.2111162457263,True,False
933845,Rayan Ait Nouri,8602,Wolverhampton Wanderers,ENG-Premier League,0.6,34.4,8.0,0.0,1.9,4.0,0.12,0.08,0.9,7.0,0.12,0.7,0.4,0.2,0.6,7.14,0.0,46.0,1.0,2.6,1.8,3127,37,Defender,0.7857142857142856,0.2121212121212121,0.0174418604651162,2.0,36.86241610738255,27.181208053691268,85.38590604026847,79.93288590604027,49.19647366445618,False,False
831474,Marin Pongracic,8535,Fiorentina,ITA-Serie A,2.5,55.6,1.0,0.0,3.0,0.4,0.02,0.03,2.2,0.0,0.0,1.2,0.0,0.8,0.1,6.83,0.0,5.0,0.3,1.0,0.6,2069,23,Defender,0.5,0.5454545454545454,0.0449640287769784,0.2727272727272727,66.19756711409396,46.30454812711525,52.50848785349624,30.6228399443584,48.96942358066518,True,False
617310,Nayef Aguerd,8592,Marseille,FRA-Ligue 1,1.8,81.1,1.0,0.0,4.3,0.3,0.02,0.03,1.3,0.0,0.07,1.4,0.1,0.7,0.1,7.33,0.0,3.0,0.4,1.4,0.1,1219,14,Defender,0.6829268292682927,0.5,0.0221948212083847,0.0769230769230769,56.41979292147078,59.28745052486664,36.16974631446107,45.37540153731428,48.93511374017886,True,False
420731,Gautier Lloris,9746,Le Havre,FRA-Ligue 1,2.9,52.7,1.0,0.0,5.8,0.3,0.02,0.04,1.2,1.0,0.06,1.7,0.2,0.7,0.1,6.94,0.0,3.0,0.4,1.4,0.1,1527,19,Defender,0.7209302325581395,0.5483870967741936,0.0550284629981024,0.0833333333333333,60.230901881489125,71.83163755521137,25.53847229392531,49.90167713531808,48.91550129839431,True,False
1580952,Vitor Reis,7732,Girona,ESP-La Liga,2.3,48.6,2.0,0.0,6.2,0.3,0.01,0.02,0.9,1.0,0.05,0.9,0.1,1.4,0.0,6.81,0.0,6.0,0.4,1.1,0.2,1968,23,Defender,0.6896551724137931,0.45,0.0473251028806584,0.2222222222222222,55.15625000000001,62.09134615384616,46.70072115384615,32.09134615384615,48.904032575943,True,False
602563,Marcos Llorente,9906,Atlético de Madrid,ESP-La Liga,2.7,53.8,7.0,0.0,2.2,2.7,0.15,0.09,1.2,3.0,0.0,0.5,0.3,0.1,0.2,7.23,0.0,15.0,0.7,2.2,0.6,1618,20,Defender,0.6923076923076923,0.1851851851851851,0.0501858736059479,0.5,60.907994177708936,21.335774823610397,69.32433280273045,63.9507238427121,48.87310276528926,True,False
949731,Gabriele Zappa,8529,Cagliari,ITA-Serie A,1.7,41.9,3.0,0.0,2.7,1.4,0.09,0.03,0.8,3.0,0.0,1.0,0.0,0.1,0.1,6.68,0.0,9.0,0.6,1.7,0.2,1306,22,Defender,0.7714285714285715,0.3703703703703703,0.0405727923627685,0.25,48.82242908564217,41.96199377617163,57.89172295359376,47.91943619858888,48.87157129112568,True,False
364104,Stefano Sabelli,10233,Genoa,ITA-Serie A,2.2,28.2,2.0,0.0,2.6,1.7,0.08,0.01,1.1,2.0,0.0,1.0,0.0,0.3,0.3,6.74,0.0,18.0,0.3,2.5,0.2,2059,34,Defender,0.7608695652173914,0.2857142857142857,0.0780141843971631,0.1818181818181818,53.69686800894854,38.1096196868009,39.71476510067114,73.6241610738255,48.68390560040176,False,False
734042,Kyle Walker-Peters,8654,West Ham United,ENG-Premier League,1.1,36.0,0.0,0.0,2.5,0.3,0.03,0.11,0.8,0.0,0.09,0.7,0.3,0.3,0.4,6.54,0.0,5.0,0.5,3.2,0.9,955,18,Defender,0.8297872340425533,0.1794871794871794,0.0305555555555555,1.125,37.06902856651178,27.025092496988474,86.38799260024093,74.08690593988413,48.607892975430026,True,False
956682,Sven Botman,10261,Newcastle United,ENG-Premier League,2.5,51.3,2.0,0.0,6.4,0.3,0.03,0.11,0.7,1.0,0.08,0.7,0.3,0.9,0.1,6.86,0.0,5.0,0.7,0.8,0.1,1063,15,Defender,0.6818181818181818,0.4666666666666666,0.0487329434697855,0.1428571428571428,57.56610576923077,62.76442307692307,39.11658653846154,35.70913461538461,48.5427686928814,True,False
865931,Max Kilman,8654,West Ham United,ENG-Premier League,1.6,34.9,0.0,0.0,6.4,0.3,0.02,0.03,0.9,0.0,0.0,0.5,0.1,1.4,0.0,6.36,0.0,4.0,0.4,0.9,0.2,1559,21,Defender,0.6086956521739131,0.3571428571428571,0.0458452722063037,0.2222222222222222,48.4824130241496,56.88864151322205,56.26990657087134,33.13186557104342,48.534424632366886,True,False
789578,Dara O'Shea,9902,Ipswich Town,ENG-Premier League,2.7,34.3,1.0,0.0,6.3,0.7,0.02,0.04,0.6,2.0,0.0,1.0,0.1,1.4,0.0,6.56,0.0,3.0,0.6,1.4,0.0,3123,35,Defender,0.7999999999999999,0.4166666666666667,0.0787172011661807,0.0,54.41275167785235,73.50111856823267,26.146532438478744,52.58948545861298,48.50840594134453,False,False
73024,Francesco Acerbi,8636,Internazionale,ITA-Serie A,1.6,56.0,1.0,0.0,6.3,0.8,0.07,0.03,1.0,1.0,0.0,1.4,0.1,1.2,0.0,7.18,0.0,3.0,0.3,0.7,0.1,974,13,Defender,0.6774193548387096,0.6666666666666667,0.0285714285714285,0.1,46.156660500200765,79.73487781793152,38.60410213388401,37.15608508288877,48.45590964490184,True,False
1195281,Milos Kerkez,8650,Liverpool,ENG-Premier League,0.9,37.4,3.0,0.0,3.1,0.6,0.03,0.05,0.8,1.0,0.05,0.6,0.1,0.4,0.1,6.97,0.0,23.0,0.4,1.9,0.6,1721,24,Defender,0.7575757575757576,0.24,0.0240641711229946,0.7499999999999999,34.589912092009406,39.12968579705157,79.21273590317215,56.69496249928297,48.4416665085825,True,False
1398483,Lukas Ullrich,9788,Borussia Mönchengladbach,GER-Bundesliga,1.1,27.1,1.0,0.0,3.1,1.3,0.12,0.03,1.3,0.0,0.0,1.7,0.2,0.4,0.1,6.63,0.0,13.0,0.5,1.8,0.6,997,15,Defender,0.7291666666666667,0.4857142857142857,0.040590405904059,0.4615384615384615,34.14921592669076,58.4054128664028,63.077711810933295,46.51748838409912,48.43058665067574,True,False
421365,Djené,8305,Getafe,ESP-La Liga,1.9,23.7,0.0,0.0,5.4,0.1,0.01,0.01,0.9,0.0,0.0,0.8,0.0,0.4,0.1,6.78,0.0,1.0,0.2,1.3,0.4,1754,23,Defender,0.7000000000000001,0.3809523809523809,0.080168776371308,0.4444444444444445,50.03056344289566,48.32533843859347,55.80653430275913,38.59919047209316,48.39508385708141,True,False
872362,Marash Kumbulla,8558,Espanyol,ESP-La Liga,2.6,35.8,1.0,0.0,6.7,0.3,0.01,0.06,1.1,0.0,0.09,1.0,0.2,1.1,0.1,6.79,0.0,1.0,0.5,1.5,0.1,2975,35,Defender,0.6944444444444444,0.4,0.0726256983240223,0.0909090909090909,57.11968680089485,64.53020134228187,28.008948545861298,52.05816554809843,48.37249336763237,False,False
600524,Reinildo,8472,Sunderland,ENG-Premier League,1.1,31.3,0.0,0.0,3.9,0.6,0.03,0.01,1.6,1.0,0.0,1.4,0.0,0.7,0.3,6.85,0.0,4.0,0.3,1.7,0.8,1428,17,Defender,0.6595744680851064,0.4516129032258065,0.0351437699680511,0.5,30.078125,54.65144230769232,64.70552884615384,58.58774038461538,48.325052264449205,True,False
1254147,Antoine Mendy,9831,Nice,FRA-Ligue 1,2.3,49.3,0.0,0.0,6.7,0.3,0.02,0.04,1.5,0.0,0.0,0.6,0.2,1.0,0.1,6.82,0.0,1.0,0.6,2.3,0.4,1233,14,Defender,0.6590909090909091,0.2068965517241379,0.0466531440162271,0.2666666666666666,56.59254807692308,34.53124999999999,47.512019230769226,58.75600961538461,48.23832065961865,True,False
1429607,Kojo Peprah Oppong,9831,Nice,FRA-Ligue 1,1.3,50.2,1.0,0.0,5.2,0.3,0.02,0.06,1.2,0.0,0.05,1.0,0.1,0.7,0.0,6.92,0.0,6.0,0.5,1.7,0.6,1690,20,Defender,0.6923076923076923,0.3703703703703703,0.0258964143426294,0.5,41.027644230769226,48.52163461538462,67.36177884615384,40.21634615384615,48.2381605811234,True,False
1435439,Javi Rodriguez,9910,Celta de Vigo,ESP-La Liga,2.2,58.7,0.0,0.0,3.4,0.5,0.03,0.03,1.2,0.0,0.0,0.9,0.1,0.4,0.1,6.7,0.0,7.0,0.5,1.6,0.3,1494,20,Defender,0.6756756756756757,0.36,0.0374787052810902,0.25,58.52809685653646,39.979134400275335,48.769799016233584,44.93345056788849,48.219129194127504,True,False
513072,Jonathan Gradit,8588,Lens,FRA-Ligue 1,3.0,48.1,1.0,0.0,5.1,0.9,0.04,0.03,1.2,0.0,0.0,1.1,0.2,0.5,0.1,6.96,0.0,11.0,0.7,1.9,0.1,2115,25,Defender,0.7142857142857143,0.3666666666666667,0.0623700623700623,0.0833333333333333,64.46308724832215,58.333333333333336,25.536912751677857,54.38478747203579,48.21255130697749,False,False
1080669,Nadir Zortea,9857,Bologna,ITA-Serie A,2.2,31.8,3.0,0.0,1.9,1.9,0.14,0.03,1.2,1.0,0.0,0.9,0.1,0.1,0.4,6.68,0.0,19.0,0.7,1.5,1.2,1264,20,Defender,0.6666666666666667,0.375,0.0691823899371069,1.0,52.87417362186657,27.75429501520105,78.8013931910744,45.12932548901508,48.176014664868354,True,False
966021,Taylor Harwood-Bellis,8466,Southampton,ENG-Premier League,3.2,59.6,3.0,0.0,4.5,0.7,0.02,0.06,1.1,0.0,0.03,1.0,0.3,1.4,0.1,6.45,0.0,14.0,0.6,0.9,0.1,2828,34,Defender,0.6333333333333333,0.5263157894736842,0.0536912751677852,0.0909090909090909,68.22147651006712,62.013422818791945,28.008948545861298,40.872483221476514,48.12914718508139,False,False
1190029,Thomas Kristensen,8600,Udinese,ITA-Serie A,2.3,38.4,0.0,0.0,7.7,0.2,0.01,0.02,1.1,0.0,0.07,0.9,0.2,0.9,0.0,6.83,0.0,3.0,0.4,1.1,0.2,1345,15,Defender,0.6451612903225806,0.45,0.0598958333333333,0.1818181818181818,55.07308337635519,59.51250860437102,44.12565249813572,33.01056186542764,47.95537046161349,True,False
955406,William Saliba,9825,Arsenal,ENG-Premier League,1.9,70.4,0.0,0.0,4.2,0.8,0.04,0.02,0.7,0.0,0.0,0.5,0.0,0.2,0.1,7.08,0.0,5.0,0.1,1.2,0.2,1805,22,Defender,0.7083333333333334,0.2941176470588235,0.0269886363636363,0.2857142857142857,54.7228496242758,37.878448918717375,59.071776587506456,40.48628140595422,47.90217622227925,True,False
917802,Wesley Fofana,8455,Chelsea,ENG-Premier League,1.8,59.3,1.0,0.0,7.4,0.5,0.05,0.02,1.2,1.0,0.0,2.1,0.0,1.2,0.1,7.08,0.0,1.0,0.2,1.3,0.7,954,15,Defender,0.7391304347826086,0.6176470588235293,0.0303541315345699,0.5833333333333334,37.99489473986118,64.44546621350312,57.42739165662823,36.95655330407848,47.81164993789108,True,False
785411,Marcos Senesi,8678,Bournemouth,ENG-Premier League,5.1,46.2,6.0,0.0,7.6,4.0,0.16,0.05,0.9,4.0,0.0,1.6,0.2,1.4,0.1,7.07,0.0,20.0,0.5,1.8,0.1,2210,25,Defender,0.7906976744186046,0.4705882352941176,0.1103896103896103,0.1111111111111111,51.89713832960478,64.34931236734927,32.06681473355132,48.00222638100155,47.80190811185103,True,False
465750,Timothy Castagne,9879,Fulham,ENG-Premier League,1.5,32.3,0.0,0.0,3.7,0.5,0.04,0.07,1.0,0.0,0.0,1.8,0.2,0.5,0.2,6.68,0.0,7.0,0.5,1.8,0.1,1119,20,Defender,0.782608695652174,0.5,0.0464396284829721,0.1,33.33094920552974,66.23300636723455,39.40201413984971,69.23162966787127,47.75990323630297,True,False
795179,Gabriel,9825,Arsenal,ENG-Premier League,2.4,54.2,4.0,0.0,5.9,1.1,0.05,0.09,0.6,3.0,0.15,0.8,0.2,1.1,0.1,7.33,0.0,5.0,0.8,1.1,0.0,1806,21,Defender,0.76,0.4210526315789473,0.044280442804428,0.0,53.78819982217633,56.35540354500086,35.34690852119544,47.32483830952791,47.757950451258765,True,False
807148,Luca Pellegrini,8543,Lazio,ITA-Serie A,1.5,38.9,1.0,0.0,1.9,0.7,0.06,0.04,1.5,0.0,0.0,1.2,0.2,0.5,0.0,6.58,0.0,9.0,0.4,1.7,0.6,1083,19,Defender,0.6590909090909091,0.4137931034482758,0.0385604113110539,0.3999999999999999,47.7838994292434,41.0311621637125,61.43541523260483,41.74143506568003,47.67394658014173,True,False
822789,Alberto Dossena,10171,Como,ITA-Serie A,2.0,43.8,2.0,0.0,4.3,0.4,0.02,0.04,1.1,2.0,0.0,1.1,0.2,0.5,0.0,6.73,0.0,5.0,0.6,1.6,0.2,1828,23,Defender,0.7105263157894737,0.4074074074074074,0.045662100456621,0.1818181818181818,51.92953020134228,59.27293064876957,39.71476510067114,39.871364653243845,47.611146306554325,False,False
1311985,César Tárrega,10267,Valencia CF,ESP-La Liga,2.4,44.1,0.0,0.0,6.5,0.1,0.01,0.01,1.4,0.0,0.0,0.9,0.1,0.9,0.0,6.73,0.0,2.0,0.4,1.6,0.4,1684,21,Defender,0.6410256410256411,0.36,0.0544217687074829,0.2857142857142857,59.92802802156829,47.31061420868468,46.08238505994378,35.00943791946309,47.50610315953823,True,False
1375810,Terry Yegbe,8550,Metz,FRA-Ligue 1,3.1,47.3,1.0,0.0,6.1,0.2,0.02,0.04,0.9,1.0,0.0,1.0,0.1,0.7,0.1,6.22,0.0,3.0,0.3,0.7,0.1,1338,16,Defender,0.6538461538461539,0.5882352941176471,0.0655391120507399,0.1111111111111111,64.97596153846153,69.35096153846153,32.566105769230774,29.543269230769223,47.46484903981381,True,False
1037537,Jesus Areso,8315,Athletic Club,ESP-La Liga,1.1,28.4,3.0,0.0,2.8,1.1,0.08,0.01,1.1,1.0,0.0,1.1,0.0,0.5,0.3,6.88,0.0,18.0,0.2,1.4,0.9,1262,20,Defender,0.6944444444444444,0.44,0.0387323943661971,0.8181818181818181,35.45897149085069,38.49342841163311,77.60213209143579,51.3478926461309,47.40644915279939,True,False
1098607,Jake O'Brien,8668,Everton,ENG-Premier League,1.4,24.7,0.0,0.0,4.3,0.7,0.03,0.04,0.6,1.0,0.0,0.4,0.1,0.6,0.2,6.79,0.0,12.0,0.4,1.6,0.2,2189,26,Defender,0.7692307692307692,0.2,0.0566801619433198,0.3333333333333333,41.97355589973039,38.52137469167671,57.04162005965697,58.089955113864505,47.335431925399234,True,False
1395704,Guéla Doué,9848,Strasbourg,FRA-Ligue 1,0.9,47.5,3.0,0.0,4.2,1.4,0.09,0.12,2.1,5.0,0.13,0.9,0.3,0.1,0.3,7.31,0.0,11.0,0.5,2.1,1.0,1343,16,Defender,0.5882352941176471,0.3,0.0189473684210526,0.4761904761904761,39.23618281420295,38.39499799231343,65.87476875752883,53.866257600527724,47.32796419676049,True,False
941953,Saul Coco,9804,Torino,ITA-Serie A,2.3,36.9,0.0,0.0,5.1,0.3,0.01,0.03,1.3,1.0,0.05,1.1,0.2,1.4,0.0,6.78,0.0,7.0,0.6,1.7,0.3,1980,22,Defender,0.6829268292682927,0.3928571428571429,0.062330623306233,0.2307692307692307,52.910132722422986,54.87034288418516,39.38924202661619,41.59903272529112,47.26690067239391,True,False
628201,Robin Koch,9810,Eintracht Frankfurt,GER-Bundesliga,3.2,59.8,0.0,0.0,6.9,0.7,0.03,0.06,1.0,0.0,0.14,1.4,0.2,0.8,0.0,6.82,0.0,6.0,0.6,1.2,0.1,1952,22,Defender,0.7222222222222222,0.5384615384615385,0.0535117056856187,0.1,63.89068146618482,77.71948316411404,26.695079016807203,32.977031707107216,47.26219058228188,True,False
276738,Antonio Rüdiger,8633,Real Madrid,ESP-La Liga,4.5,66.6,1.0,0.0,3.7,0.9,0.04,0.07,0.6,0.0,0.0,0.4,0.2,0.5,0.0,6.94,0.0,7.0,0.9,0.8,0.1,2291,29,Defender,0.6666666666666666,0.3333333333333333,0.0675675675675675,0.1666666666666666,79.80425055928411,45.21252796420581,43.62975391498881,24.92729306487696,47.17405612743888,False,False
753724,Viti,8306,Las Palmas,ESP-La Liga,1.3,26.4,2.0,0.0,2.4,1.3,0.06,0.0,1.3,2.0,0.0,1.2,0.1,0.3,0.1,6.82,0.0,12.0,0.1,3.2,0.4,1986,29,Defender,0.7719298245614036,0.2727272727272727,0.0492424242424242,0.3076923076923077,39.9496644295302,39.250559284116335,52.18680089485459,67.03579418344519,47.15925368408909,False,False
448865,Brendan Chardonnet,8521,Brest,FRA-Ligue 1,3.3,39.1,2.0,0.0,6.3,0.6,0.03,0.02,1.0,2.0,0.0,1.1,0.3,1.5,0.1,6.87,0.0,7.0,0.4,1.3,0.1,1737,20,Defender,0.7058823529411765,0.4583333333333333,0.0843989769820971,0.1,64.04901981873458,65.89247045832617,23.404624132392588,46.81733278838984,47.10526434833758,True,False
774448,Ferdi Kadioglu,10204,Brighton and Hove Albion,ENG-Premier League,1.4,33.4,0.0,0.0,2.1,2.2,0.1,0.06,0.6,0.0,0.0,0.6,0.4,0.3,0.3,6.92,0.0,15.0,0.7,1.9,0.4,2054,25,Defender,0.8064516129032258,0.24,0.0419161676646706,0.6666666666666667,39.53125,25.3125,77.72836538461539,71.06971153846155,47.08664187159647,True,False
954962,David Carmo,8670,Real Oviedo,ESP-La Liga,5.2,45.0,0.0,0.0,7.9,0.4,0.02,0.06,1.3,0.0,0.07,1.1,0.2,1.0,0.1,6.71,0.0,6.0,0.6,1.6,0.1,1362,17,Defender,0.675,0.4074074074074074,0.1155555555555555,0.0769230769230769,72.21153846153847,62.40384615384616,20.300480769230766,49.66947115384615,47.04129909116543,True,False
1155130,Luca Netz,9788,Borussia Mönchengladbach,GER-Bundesliga,1.0,26.1,4.0,0.0,3.6,1.5,0.15,0.0,0.8,2.0,0.0,0.5,0.0,0.5,0.3,6.84,0.0,10.0,0.2,1.5,0.9,938,15,Defender,0.7142857142857143,0.25,0.0383141762452107,1.125,31.40061234440429,34.71734641197728,84.18068462112088,60.58319709745884,46.98850384449685,True,False
1605748,Matias Moreno,8581,Levante,ESP-La Liga,1.9,35.3,0.0,0.0,5.5,0.2,0.01,0.04,0.9,0.0,0.0,1.5,0.0,0.9,0.0,6.8,0.0,2.0,0.4,1.5,0.1,1221,16,Defender,0.7692307692307693,0.5,0.0538243626062322,0.1111111111111111,41.32211538461539,77.0673076923077,32.566105769230774,47.90264423076923,46.8636019308045,True,False
559065,Ramy Bensebaini,9789,Borussia Dortmund,GER-Bundesliga,3.2,65.7,0.0,0.0,5.3,1.5,0.14,0.07,1.9,0.0,0.19,0.9,0.4,0.5,0.2,7.53,0.0,5.0,0.8,1.5,0.2,948,13,Defender,0.5581395348837209,0.375,0.0487062404870624,0.1052631578947368,62.54013580565594,47.35345680605747,29.184045703550737,52.90185997820225,46.63007677727266,True,False
729093,Mathias Olivera,9875,Napoli,ITA-Serie A,1.7,45.1,2.0,0.0,2.5,0.8,0.03,0.04,1.1,2.0,0.0,1.1,0.1,0.5,0.1,7.12,0.0,25.0,0.6,2.4,0.2,2371,32,Defender,0.7608695652173914,0.3142857142857143,0.0376940133037694,0.1818181818181818,46.35346756152125,42.17002237136465,39.71476510067114,65.11744966442953,46.617942555905294,False,False
1130330,Josh Doig,7943,Sassuolo,ITA-Serie A,0.6,27.4,4.0,0.0,2.7,0.8,0.04,0.03,0.7,0.0,0.0,1.2,0.2,0.7,0.1,6.64,0.0,12.0,0.5,1.6,0.5,1724,24,Defender,0.7999999999999999,0.4285714285714286,0.0218978102189781,0.7142857142857143,21.989182692307693,54.33894230769232,79.82572115384616,59.83173076923077,46.49032126376596,True,False
1199947,Leopold Querfeld,8149,1. FC Union Berlin,GER-Bundesliga,4.7,32.5,3.0,0.0,6.9,1.5,0.07,0.15,1.5,0.0,0.09,1.2,0.4,0.8,0.0,7.03,0.0,17.0,1.1,1.7,0.1,1980,22,Defender,0.6590909090909091,0.4137931034482758,0.1446153846153846,0.0666666666666666,65.67052250043021,63.66354399701714,25.306943010382607,39.71395844088797,46.42825931771854,True,False
184521,Florian Lejeune,8370,Rayo Vallecano,ESP-La Liga,4.1,53.6,1.0,0.0,5.7,0.3,0.01,0.05,1.6,0.0,0.0,1.2,0.3,0.8,0.0,7.0,0.0,9.0,1.3,1.7,0.2,2061,23,Defender,0.6444444444444444,0.4137931034482758,0.0764925373134328,0.125,74.61777770607468,57.54035091493146,26.388234598175877,35.08961990191017,46.36968403328957,True,False
1208708,Omar El Hilali,8558,Espanyol,ESP-La Liga,2.0,35.1,2.0,0.0,2.4,1.5,0.08,0.0,1.3,2.0,0.0,1.2,0.0,0.4,0.1,6.8,0.0,10.0,0.1,2.5,0.2,1672,22,Defender,0.74,0.3243243243243243,0.0569800569800569,0.1538461538461538,51.116919061549936,38.91446896690185,40.5380331124878,58.75672216485975,46.33128636707209,True,False
402830,Guillermo Maripan,9804,Torino,ITA-Serie A,2.0,34.7,0.0,0.0,6.3,0.5,0.02,0.07,1.2,0.0,0.09,1.2,0.4,1.1,0.1,6.88,0.0,9.0,0.8,2.3,0.1,1981,23,Defender,0.7446808510638298,0.3428571428571428,0.0576368876080691,0.0833333333333333,48.97082759708599,63.81931896403373,24.600739258876843,62.02672374232776,46.18193039389495,True,False
940573,Eric Garcia,8634,Barcelona,ESP-La Liga,2.4,67.5,1.0,0.0,2.7,1.3,0.06,0.13,1.2,1.0,0.05,1.6,0.3,0.3,0.2,7.37,0.0,24.0,1.0,2.5,0.1,1905,24,Defender,0.7735849056603773,0.3902439024390244,0.0355555555555555,0.0833333333333333,51.90561722021454,42.89424152469454,30.825571473641943,69.63964714908508,46.07476753217508,True,False
361712,Adam Dzwigala,8152,FC St. Pauli,GER-Bundesliga,2.1,35.0,0.0,0.0,5.5,0.2,0.02,0.01,1.4,1.0,0.09,1.5,0.1,0.3,0.0,6.9,0.0,4.0,0.2,3.6,0.2,992,14,Defender,0.7846153846153846,0.2941176470588235,0.06,0.1428571428571428,47.14543269230769,55.3125,31.53245192307692,56.60456730769231,46.0253860924089,True,False
1096400,Levi Colwill,8455,Chelsea,ENG-Premier League,2.5,66.5,2.0,0.0,3.3,1.2,0.03,0.05,1.3,1.0,0.06,0.9,0.1,0.7,0.1,7.02,0.0,15.0,0.5,1.3,0.2,3149,35,Defender,0.6285714285714287,0.409090909090909,0.037593984962406,0.1538461538461538,60.82214765100671,45.90604026845637,35.48098434004474,41.41498881431768,45.879260411560026,False,False
1407468,Santiago Mourino,10205,Villarreal,ESP-La Liga,1.7,40.8,0.0,0.0,4.8,0.3,0.02,0.04,2.3,1.0,0.0,1.3,0.0,0.3,0.3,7.3,0.0,5.0,0.5,4.0,0.4,1433,17,Defender,0.6973684210526316,0.2452830188679245,0.0416666666666666,0.1739130434782609,40.14745740836344,50.727553347100326,36.842617091148966,64.5394958555613,45.810087859589714,True,False
980381,Leif Davis,9902,Ipswich Town,ENG-Premier League,1.1,25.1,12.0,0.0,2.3,4.7,0.16,0.03,0.9,2.0,0.03,0.8,0.1,0.3,0.2,6.59,0.0,61.0,0.5,1.5,0.4,2746,33,Defender,0.71875,0.3478260869565218,0.0438247011952191,0.4444444444444445,37.71252796420582,37.74049217002237,63.73601789709173,51.57158836689037,45.78528442875009,False,False
805451,Alessandro Bastoni,8636,Internazionale,ITA-Serie A,5.1,62.6,7.0,0.0,3.5,2.5,0.12,0.06,1.6,4.0,0.05,1.0,0.3,0.2,0.3,7.54,0.0,21.0,0.8,1.9,0.2,1860,22,Defender,0.6444444444444444,0.3448275862068966,0.0814696485623003,0.125,81.06467439625997,30.38190859289853,32.0836111828142,50.055408564217295,45.684015397292384,True,False
1254166,Alejandro Balde,8634,Barcelona,ESP-La Liga,0.9,51.1,4.0,0.0,1.1,1.9,0.12,0.02,0.7,2.0,0.0,0.3,0.1,0.5,0.4,7.19,0.0,21.0,0.5,1.8,1.2,1429,20,Defender,0.7500000000000001,0.1428571428571428,0.0176125244618395,1.7142857142857144,41.285797768599785,20.4153760110136,92.71015279928872,59.81267567257501,45.642562656678514,True,False
1231029,Rafik Belghali,9876,Verona,ITA-Serie A,0.8,18.2,1.0,0.0,1.0,1.8,0.14,0.12,1.0,0.0,0.16,1.0,0.3,0.3,0.3,6.82,0.0,15.0,0.8,1.2,1.8,1125,16,Defender,0.6875,0.4545454545454545,0.0439560439560439,1.8,31.22596153846154,38.76201923076923,86.953125,44.18269230769232,45.63815492140379,True,False
1332850,Enzo Tchato,10249,Montpellier,FRA-Ligue 1,1.3,28.2,2.0,0.0,2.5,1.2,0.06,0.01,1.0,0.0,0.0,1.0,0.1,0.5,0.0,6.52,0.0,14.0,0.2,2.3,0.3,1902,27,Defender,0.7674418604651163,0.303030303030303,0.0460992907801418,0.3,39.423937360178975,40.324384787472034,52.79082774049217,55.285234899328856,45.633248509642094,False,False
1137670,Willian Pacho,9847,Paris Saint-Germain,FRA-Ligue 1,1.1,71.9,0.0,0.0,2.9,0.4,0.03,0.06,0.3,0.0,0.0,1.3,0.0,0.6,0.1,7.13,0.0,2.0,0.5,2.2,0.0,1285,16,Defender,0.9210526315789476,0.3714285714285714,0.015299026425591,0.0,35.54277447943556,62.24260382607698,31.56250896288648,70.56184750186428,45.52544548592196,True,False
1079554,Anthony Rouault,9851,Rennes,FRA-Ligue 1,2.1,48.7,0.0,0.0,5.1,0.2,0.02,0.06,1.2,0.0,0.08,1.1,0.1,1.1,0.0,6.78,0.0,5.0,0.4,1.3,0.2,1097,14,Defender,0.6666666666666666,0.4583333333333333,0.0431211498973305,0.1666666666666666,54.959613233522624,62.1164063844433,32.53369149027706,35.357771539608784,45.50875914451691,True,False
1800345,Tylel Tati,9830,Nantes,FRA-Ligue 1,1.6,43.7,0.0,0.0,4.3,0.2,0.01,0.02,1.1,0.0,0.0,1.0,0.0,0.8,0.0,6.3,0.0,1.0,0.2,1.0,0.5,1595,18,Defender,0.6451612903225806,0.5,0.0366132723112128,0.4545454545454545,44.27884615384615,54.77163461538462,65.859375,23.299278846153847,45.35453421935535,True,False
1052330,Manuel Sánchez,8581,Levante,ESP-La Liga,0.9,24.1,1.0,0.0,2.9,0.8,0.04,0.03,0.9,1.0,0.05,1.2,0.1,0.2,0.3,6.71,0.0,11.0,0.4,2.6,0.4,1727,20,Defender,0.8085106382978723,0.3157894736842105,0.0373443983402489,0.4444444444444445,23.76201923076923,43.60576923076924,66.71875,77.19350961538463,45.31365810203323,True,False
979752,Bafodé Diakité,8678,Bournemouth,ENG-Premier League,2.4,46.5,0.0,0.0,5.9,0.2,0.01,0.0,0.6,0.0,0.0,0.8,0.0,0.4,0.1,6.66,0.0,3.0,0.1,1.4,0.0,1275,18,Defender,0.7857142857142857,0.3636363636363636,0.0516129032258064,0.0,53.88495418172431,53.16138931910744,31.7246117277577,44.42367743647105,45.2596630338868,True,False
427438,Hector Bellerin,8603,Real Betis,ESP-La Liga,1.2,41.8,4.0,0.0,4.4,1.9,0.15,0.01,0.8,2.0,0.0,0.6,0.3,0.1,0.3,6.98,0.0,18.0,0.3,1.2,0.4,1080,16,Defender,0.6923076923076923,0.3333333333333333,0.0287081339712918,0.5,35.79927884615385,40.43269230769231,70.87139423076923,42.18149038461539,45.23635221674689,True,False
1187389,Kilian Fischer,8721,VfL Wolfsburg,GER-Bundesliga,1.9,30.6,0.0,0.0,3.5,1.0,0.04,0.01,1.3,0.0,0.04,0.7,0.0,0.3,0.0,6.55,0.0,12.0,0.2,2.5,0.4,2306,32,Defender,0.7111111111111111,0.2187499999999999,0.0620915032679738,0.3076923076923077,51.75055928411633,31.890380313199103,52.18680089485459,47.66219239373601,45.19749972203058,False,False
560945,Mergim Vojvoda,10171,Como,ITA-Serie A,1.2,34.9,4.0,0.0,1.3,2.4,0.17,0.08,0.9,2.0,0.07,0.7,0.4,0.1,0.4,6.76,0.0,26.0,1.1,0.5,0.8,1268,22,Defender,0.5714285714285714,0.5833333333333334,0.0343839541547277,0.888888888888889,43.89164049503815,33.142387999770555,75.22114129811276,36.8049640050479,45.19358074767618,True,False
1189288,Federico Gatti,9885,Juventus,ITA-Serie A,0.9,56.7,1.0,0.0,3.1,0.3,0.01,0.1,0.8,0.0,0.04,0.7,0.4,0.7,0.0,7.03,0.0,7.0,1.0,1.1,0.3,2197,30,Defender,0.6923076923076923,0.3888888888888888,0.0158730158730158,0.3749999999999999,43.47874720357942,45.93959731543624,59.96085011185682,32.242729306487696,44.99696348210202,False,False
614006,Ruben Dias,8456,Manchester City,ENG-Premier League,1.8,69.1,0.0,0.0,4.9,0.5,0.02,0.03,0.6,0.0,0.1,1.0,0.2,0.8,0.1,7.23,0.0,3.0,0.4,0.4,0.0,1825,22,Defender,0.7,0.7142857142857143,0.0260492040520984,0.0,49.51892603109045,65.27946280043597,32.893515530889694,36.02585613491654,44.9496115638489,True,False
193901,Stefan Bell,9905,1. FSV Mainz 05,GER-Bundesliga,2.9,25.3,3.0,0.0,8.9,0.6,0.05,0.15,1.3,1.0,0.17,1.6,0.4,0.9,0.1,6.86,0.0,5.0,1.0,1.0,0.1,1041,18,Defender,0.6666666666666666,0.6153846153846154,0.1146245059288537,0.0769230769230769,56.58240657087134,81.00574341765616,20.71113333906958,39.86386271726037,44.88489560127912,True,False
488412,Clément Lenglet,9906,Atlético de Madrid,ESP-La Liga,4.6,54.2,2.0,0.0,4.7,0.7,0.03,0.11,1.3,1.0,0.09,1.0,0.2,0.8,0.0,7.13,0.0,5.0,0.5,1.2,0.1,1976,23,Defender,0.6285714285714287,0.4545454545454545,0.084870848708487,0.0769230769230769,76.63870246085011,58.59060402684563,24.12751677852349,31.314317673378078,44.8815848235383,False,False
359193,Lucas Vázquez,8633,Real Madrid,ESP-La Liga,1.3,51.8,8.0,0.0,1.3,3.9,0.16,0.06,1.2,5.0,0.04,0.7,0.1,0.2,0.1,7.06,0.0,33.0,0.6,2.4,0.8,2193,32,Defender,0.7209302325581395,0.2258064516129032,0.0250965250965251,0.6666666666666667,50.23489932885906,21.18568232662193,69.87695749440716,55.59284116331096,44.86416049957642,False,False
935550,Torbjørn Heggem,9857,Bologna,ITA-Serie A,4.0,44.0,0.0,0.0,4.4,0.1,0.01,0.05,1.4,0.0,0.0,0.9,0.1,0.3,0.0,6.65,0.0,3.0,0.5,1.3,0.4,1819,21,Defender,0.6111111111111112,0.409090909090909,0.0909090909090909,0.2857142857142857,76.55048076923077,42.13942307692307,49.74158653846153,19.11057692307692,44.85296848534503,True,False
604088,Thilo Kehrer,9829,Monaco,FRA-Ligue 1,2.7,53.2,0.0,0.0,3.1,0.2,0.02,0.1,1.2,0.0,0.0,1.4,0.1,1.0,0.0,6.81,0.0,3.0,0.9,2.2,0.1,1378,16,Defender,0.75,0.3888888888888888,0.0507518796992481,0.0833333333333333,60.6797004961854,57.275282510181846,21.66822620891413,51.68662701485689,44.77507449845758,True,False
708457,Léo Pétrot,10268,Elche,ESP-La Liga,1.5,46.8,1.0,0.0,4.1,0.2,0.02,0.04,0.9,0.0,0.0,0.8,0.0,0.8,0.1,6.71,0.0,2.0,0.5,2.5,0.2,928,21,Defender,0.7857142857142856,0.2424242424242424,0.032051282051282,0.2222222222222222,36.77283653846154,37.15144230769231,46.70072115384615,71.82692307692308,44.74457716025694,True,False
1187734,Flavien Boyomo,8371,Osasuna,ESP-La Liga,1.9,33.8,2.0,0.0,4.5,0.8,0.05,0.02,1.2,1.0,0.05,0.7,0.1,0.7,0.1,6.93,0.0,7.0,0.2,2.5,0.2,1645,20,Defender,0.7272727272727273,0.2187499999999999,0.0562130177514792,0.1666666666666666,44.873291673836974,38.66947742786669,39.45203600929272,61.31705135375438,44.56275803298932,True,False
787242,Evan N'Dicka,8686,Roma,ITA-Serie A,3.3,50.6,1.0,0.0,4.1,0.8,0.04,0.05,1.3,0.0,0.0,1.4,0.0,0.5,0.1,7.12,0.0,5.0,0.6,0.9,0.2,1746,20,Defender,0.638888888888889,0.6086956521739131,0.0652173913043478,0.1538461538461538,63.47191748408191,61.8698015258418,28.3903821057764,30.291159367291915,44.483623352689946,True,False
362195,Alessio Romagnoli,8543,Lazio,ITA-Serie A,1.8,60.0,0.0,0.0,4.3,0.3,0.02,0.05,0.7,0.0,0.0,1.2,0.1,0.7,0.1,6.87,0.0,3.0,0.3,1.1,0.1,1753,21,Defender,0.7666666666666666,0.5217391304347826,0.03,0.1428571428571428,44.31394481730052,62.40393578271096,31.76377954167384,44.538518900935,44.46264725335629,True,False
1010426,Keane Lewis-Potter,9937,Brentford,ENG-Premier League,0.8,17.0,3.0,0.0,1.5,1.0,0.08,0.16,0.9,1.0,0.25,0.6,0.5,0.1,0.3,6.62,0.0,10.0,1.5,1.2,0.5,1094,24,Defender,0.6666666666666666,0.3333333333333333,0.0470588235294117,0.5555555555555556,39.19990104973326,26.92497705501061,79.79526974703148,48.39162794699708,44.46032776134216,True,False
939780,Isak Hien,8524,Atalanta,ITA-Serie A,2.9,47.5,0.0,0.0,4.7,0.3,0.02,0.04,1.7,0.0,0.06,1.1,0.2,0.7,0.0,6.81,0.0,1.0,0.4,2.1,0.2,1518,20,Defender,0.6530612244897959,0.34375,0.0610526315789473,0.1176470588235294,58.24322047266679,45.03061722021453,29.348200969425804,48.71448008088108,44.39944839129311,True,False
671203,Mario Hermoso,8686,Roma,ITA-Serie A,2.8,51.5,0.0,0.0,3.3,0.4,0.03,0.04,1.9,0.0,0.07,1.6,0.2,0.2,0.3,7.1,0.0,8.0,0.6,1.4,0.2,1298,17,Defender,0.6122448979591836,0.5333333333333333,0.0543689320388349,0.1052631578947368,61.340144230769226,56.11778846153846,25.174278846153847,41.44831730769231,44.39552694759927,True,False
766611,Nikola Milenkovic,10203,Nottingham Forest,ENG-Premier League,2.3,36.1,1.0,0.0,5.8,0.4,0.02,0.03,0.5,0.0,0.0,0.9,0.0,0.9,0.0,6.68,0.0,1.0,0.5,0.7,0.0,2340,26,Defender,0.7619047619047619,0.5625,0.0637119113573407,0.0,48.23597846039121,66.88706404520163,27.452200926403947,42.49868245568749,44.32678635801106,True,False
857120,Ayumu Seko,9746,Le Havre,FRA-Ligue 1,2.3,26.9,1.0,0.0,3.7,1.1,0.06,0.05,1.0,0.0,0.0,1.1,0.2,0.1,0.3,6.91,0.0,9.0,0.7,1.7,0.1,1725,20,Defender,0.7368421052631579,0.3928571428571429,0.0855018587360594,0.1,48.46153846153847,49.49519230769231,29.122596153846157,56.83894230769231,44.28397864319672,True,False
391058,José Gayà,10267,Valencia CF,ESP-La Liga,1.3,27.9,2.0,0.0,3.0,1.6,0.09,0.04,1.0,1.0,0.06,0.8,0.1,0.3,0.2,6.78,0.0,13.0,0.5,2.4,0.3,1551,20,Defender,0.7619047619047619,0.25,0.046594982078853,0.3,37.98229292147078,33.2672768599782,50.47060531750129,67.63163791372683,44.27598954248974,True,False
1641063,Noahkai Banks,8406,FC Augsburg,GER-Bundesliga,2.8,42.0,0.0,0.0,4.8,0.3,0.02,0.06,1.4,0.0,0.06,0.8,0.3,0.8,0.1,6.91,0.0,5.0,0.4,2.4,0.2,1388,18,Defender,0.6956521739130436,0.25,0.0666666666666666,0.1428571428571428,61.73677884615384,32.06730769230769,31.53245192307692,61.364182692307686,44.25386849769441,True,False
656491,Rasmus Nicolaisen,9941,Toulouse,FRA-Ligue 1,1.8,36.9,0.0,0.0,5.7,0.4,0.02,0.03,1.3,0.0,0.0,1.6,0.2,0.5,0.2,6.77,0.0,1.0,0.6,0.9,0.2,1668,22,Defender,0.6578947368421053,0.64,0.048780487804878,0.1538461538461538,40.29447115384616,74.67548076923077,34.05649038461538,36.105769230769226,44.09947690045372,True,False
1281090,Philipp Treu,8358,Sport-Club Freiburg,GER-Bundesliga,1.1,26.2,1.0,0.0,1.5,0.9,0.06,0.05,0.8,1.0,0.07,0.3,0.2,0.3,0.2,6.72,0.0,12.0,0.7,1.9,0.8,1352,18,Defender,0.7333333333333333,0.1363636363636363,0.0419847328244274,1.0,36.62113520334997,21.985135949062123,82.35564375035852,63.61197154821315,44.0841978117935,True,False
517346,Nico Elvedi,9788,Borussia Mönchengladbach,GER-Bundesliga,1.6,50.8,0.0,0.0,8.3,0.7,0.03,0.01,0.5,0.0,0.0,0.9,0.0,0.9,0.0,6.84,0.0,5.0,0.2,1.3,0.0,1980,22,Defender,0.8148148148148149,0.409090909090909,0.0314960629921259,0.0,36.68611613032754,75.48519689669018,27.853021209774568,51.87170165777548,43.95620048379635,True,False
789646,Jayden Bogle,8463,Leeds United,ENG-Premier League,1.0,22.0,2.0,0.0,2.2,1.2,0.05,0.08,1.1,1.0,0.04,1.1,0.1,0.2,0.5,6.6,0.0,10.0,0.5,2.1,0.5,2025,24,Defender,0.7441860465116278,0.34375,0.0454545454545454,0.4545454545454545,28.443509615384613,34.36298076923077,65.859375,69.23076923076923,43.94726926872648,True,False
860592,Sebastian Walukiewicz,7943,Sassuolo,ITA-Serie A,1.4,33.9,1.0,0.0,2.8,1.9,0.09,0.01,1.0,1.0,0.0,0.8,0.0,0.3,0.1,6.76,0.0,18.0,0.3,1.5,0.6,2048,24,Defender,0.6969696969696969,0.3478260869565218,0.0412979351032448,0.6,39.15865384615385,31.71875,74.09254807692308,40.32451923076923,43.82630072112292,True,False
889535,Yann Aurel Bisseck,8636,Internazionale,ITA-Serie A,1.3,55.3,0.0,0.0,4.1,0.5,0.04,0.17,1.3,1.0,0.15,0.8,0.7,0.4,0.1,7.32,0.0,5.0,1.6,1.3,0.5,1192,14,Defender,0.6176470588235293,0.3809523809523809,0.023508137432188,0.3846153846153846,42.0376853524924,43.71807419835943,54.677407789823896,35.19818734583836,43.7535134659865,True,False
750880,Ardian Ismajli,9804,Torino,ITA-Serie A,2.3,37.6,1.0,0.0,6.5,0.3,0.02,0.02,1.3,1.0,0.0,1.5,0.2,0.8,0.0,6.9,0.0,4.0,0.4,1.8,0.1,1142,16,Defender,0.717391304347826,0.4545454545454546,0.0611702127659574,0.0769230769230769,47.92204439855448,78.57386135490162,20.813668760396947,45.74117693454942,43.61428446714272,True,False
1113690,Conor Bradley,8650,Liverpool,ENG-Premier League,1.0,39.9,3.0,0.0,2.8,0.9,0.09,0.02,1.7,1.0,0.0,1.3,0.0,0.4,0.3,6.79,0.0,4.0,0.6,1.8,0.7,932,15,Defender,0.6458333333333334,0.4193548387096774,0.025062656641604,0.4117647058823529,29.747596153846157,42.37980769230769,59.68149038461539,53.93028846153847,43.56640978668631,True,False
1052898,Destiny Udogie,8586,Tottenham Hotspur,ENG-Premier League,0.6,39.2,2.0,0.0,1.3,1.2,0.06,0.01,1.4,1.0,0.0,1.0,0.0,0.3,0.4,6.89,0.0,16.0,0.2,3.5,0.6,1931,25,Defender,0.7627118644067796,0.2222222222222222,0.0153061224489795,0.4285714285714286,33.15436241610738,26.9910514541387,59.56375838926174,79.37360178970917,43.41580878909653,False,False
793907,Trevoh Chalobah,8455,Chelsea,ENG-Premier League,1.6,68.4,0.0,0.0,6.2,0.8,0.03,0.05,0.7,0.0,0.12,1.2,0.2,0.5,0.2,7.12,0.0,3.0,0.5,1.3,0.2,2192,25,Defender,0.78125,0.48,0.023391812865497,0.2857142857142857,32.98688191934836,58.9246328801698,46.810404477141056,40.670495611770775,43.40283446859024,True,False
814663,Alejandro Catena,8371,Osasuna,ESP-La Liga,4.1,40.2,1.0,0.0,6.3,0.9,0.04,0.08,1.5,2.0,0.09,1.1,0.1,1.0,0.0,6.92,0.0,9.0,0.6,1.2,0.1,1935,22,Defender,0.6052631578947368,0.4782608695652174,0.1019900497512437,0.0666666666666666,68.2390706562267,62.36313672345551,24.303960161762177,28.888503484770265,43.401644856254336,True,False
1580528,Raul Asencio,8633,Real Madrid,ESP-La Liga,1.9,53.1,0.0,0.0,3.2,0.5,0.04,0.06,0.8,0.0,0.15,0.5,0.2,0.7,0.1,6.96,0.0,4.0,0.9,1.0,0.1,1166,17,Defender,0.6521739130434783,0.3333333333333333,0.0357815442561205,0.125,46.68258475305456,42.32309054666437,46.52631682728159,36.55676375265301,43.34200805934513,True,False
462863,Karol Mets,8152,FC St. Pauli,GER-Bundesliga,2.5,48.5,0.0,0.0,5.0,0.5,0.03,0.01,0.6,0.0,0.0,1.1,0.0,0.3,0.2,6.64,0.0,2.0,0.2,1.5,0.1,1349,16,Defender,0.8125,0.4230769230769231,0.0515463917525773,0.1666666666666666,40.98367679114323,51.69706877760569,38.76152627201285,43.45895715023232,43.33769738598097,True,False
959696,Joseph Scally,9788,Borussia Mönchengladbach,GER-Bundesliga,1.0,25.7,2.0,0.0,2.8,1.0,0.06,0.06,1.2,2.0,0.06,0.8,0.4,0.1,0.2,6.75,0.0,7.0,0.6,1.6,0.8,1553,20,Defender,0.6666666666666666,0.3333333333333333,0.0389105058365758,0.6666666666666667,37.20906470487008,29.303207279297883,77.41462850628118,42.92593429128664,43.31847161078241,True,False
242156,Djibril Sidibé,9941,Toulouse,FRA-Ligue 1,1.4,28.8,3.0,0.0,2.2,1.3,0.08,0.14,1.1,3.0,0.18,0.4,0.2,0.2,0.4,6.94,0.0,11.0,0.4,2.0,0.4,1523,22,Defender,0.6857142857142857,0.1666666666666666,0.0486111111111111,0.3636363636363636,44.01838467274709,21.31152125279642,62.34748752366202,64.93068103596626,43.29508275939338,True,False
1186015,Albian Hajdari,8226,TSG 1899 Hoffenheim,GER-Bundesliga,3.9,46.1,2.0,0.0,7.1,0.4,0.03,0.08,1.7,0.0,0.06,1.3,0.2,0.8,0.1,7.11,0.0,3.0,0.6,2.3,0.1,1559,19,Defender,0.6792452830188679,0.3611111111111111,0.0845986984815618,0.0588235294117647,68.33533653846153,59.05048076923077,14.411057692307692,58.55769230769232,43.29026213539597,True,False
469700,Jonathan Tah,9823,Bayern München,GER-Bundesliga,1.9,79.8,1.0,0.0,4.9,0.9,0.05,0.04,1.2,1.0,0.11,1.2,0.3,0.7,0.0,7.38,0.0,5.0,0.5,1.1,0.1,1573,19,Defender,0.6571428571428571,0.5217391304347826,0.0238095238095238,0.0833333333333333,49.375860437102055,67.22308265932428,30.790150146274303,31.167415963976367,43.22919220003577,True,False
1051097,Matteo Ruggeri,9906,Atlético de Madrid,ESP-La Liga,2.0,39.6,1.0,0.0,3.2,1.7,0.14,0.01,1.9,0.0,0.0,0.9,0.2,0.1,0.3,6.87,0.0,12.0,0.3,2.5,0.2,1055,17,Defender,0.6415094339622641,0.2647058823529412,0.0505050505050505,0.1052631578947368,45.09039967303391,32.69791845924396,39.4189450324098,64.1728689841106,43.17693327559189,True,False
1532137,Pau Cubarsi,8634,Barcelona,ESP-La Liga,2.0,84.1,1.0,0.0,3.8,0.5,0.03,0.03,0.9,0.0,0.05,1.0,0.1,0.5,0.0,7.25,0.0,4.0,0.5,1.5,0.1,1746,20,Defender,0.7352941176470589,0.4,0.0237812128418549,0.1111111111111111,54.343665748867096,44.85734669878965,38.27673270521425,33.82253664027993,43.15966097134232,True,False
820140,Ibrahima Konaté,8650,Liverpool,ENG-Premier League,2.0,56.6,2.0,0.0,6.1,0.8,0.04,0.04,1.1,0.0,0.04,0.8,0.1,0.8,0.0,7.18,0.0,6.0,0.4,1.6,0.2,2151,25,Defender,0.6857142857142857,0.3333333333333333,0.0353356890459364,0.1818181818181818,48.15101029656399,45.16821545345035,37.84116331096197,40.6228399443584,43.12558807817207,True,False
504606,Lucas Hernández,9847,Paris Saint-Germain,FRA-Ligue 1,1.7,74.0,0.0,0.0,2.6,0.3,0.03,0.01,1.3,1.0,0.0,1.0,0.1,0.6,0.3,7.0,0.0,8.0,0.4,1.2,0.3,980,15,Defender,0.6285714285714287,0.4545454545454545,0.0229729729729729,0.2307692307692307,45.76923076923077,38.40144230769231,44.12860576923077,44.22475961538462,43.10941364704415,True,False
956921,Abdelkabir Abqar,9866,Alavés,ESP-La Liga,3.0,25.9,0.0,0.0,5.3,0.4,0.01,0.03,1.7,1.0,0.0,1.4,0.0,0.7,0.1,6.8,0.0,8.0,0.4,1.3,0.1,2467,29,Defender,0.6136363636363636,0.5185185185185185,0.1158301158301158,0.0588235294117647,57.47203579418344,69.65324384787472,19.692393736017895,40.631991051454136,43.04478664658037,False,False
922877,Logan Costa,10205,Villarreal,ESP-La Liga,3.7,46.9,0.0,0.0,3.8,0.5,0.02,0.02,0.7,1.0,0.07,0.7,0.2,0.5,0.0,6.85,0.0,4.0,0.4,1.3,0.0,2585,32,Defender,0.7407407407407407,0.35,0.0788912579957356,0.0,67.35458612975391,49.69798657718121,24.35682326621924,37.0413870246085,42.95240238528677,False,False
1487894,Nhoa Sangui,6379,Paris FC,FRA-Ligue 1,0.7,35.5,2.0,0.0,2.1,0.9,0.09,0.01,0.3,0.0,0.0,0.6,0.0,0.2,0.1,6.55,0.0,13.0,0.1,1.4,0.4,911,15,Defender,0.8695652173913044,0.3,0.0197183098591549,1.3333333333333337,29.236778846153847,29.95192307692308,84.71754807692307,51.12980769230769,42.91540456814874,True,False
713924,Sergio Akieme,9837,Reims,FRA-Ligue 1,0.8,27.5,5.0,0.0,3.0,2.5,0.09,0.05,0.9,3.0,0.07,0.6,0.2,0.3,0.2,6.73,0.0,21.0,0.9,1.2,0.5,2526,30,Defender,0.6666666666666666,0.3333333333333333,0.029090909090909,0.5555555555555556,32.75727069351231,37.38255033557047,69.4463087248322,41.42058165548098,42.81688563283656,False,False
749662,Fikayo Tomori,8564,Milan,ITA-Serie A,2.0,52.3,2.0,0.0,3.7,0.8,0.04,0.03,1.2,2.0,0.0,1.0,0.1,0.8,0.0,7.14,0.0,3.0,0.4,2.5,0.1,1785,22,Defender,0.7446808510638298,0.2857142857142857,0.0382409177820267,0.0833333333333333,46.13596519531922,42.66904003900648,29.807674381919345,59.99841356909311,42.75137408647047,True,False
195416,Antonio Caracciolo,6479,Pisa,ITA-Serie A,1.8,29.7,0.0,0.0,6.2,0.1,0.0,0.03,1.1,0.0,0.0,1.4,0.1,0.8,0.0,6.58,0.0,1.0,0.6,1.9,0.1,1995,23,Defender,0.7499999999999999,0.4242424242424242,0.0606060606060606,0.0909090909090909,37.94471153846154,70.39663461538461,25.907451923076923,50.91947115384615,42.69394666661479,True,False
1191407,Aitor Paredes,8315,Athletic Club,ESP-La Liga,3.5,45.7,1.0,0.0,4.3,0.5,0.03,0.06,1.1,0.0,0.06,1.6,0.2,0.2,0.0,7.01,0.0,3.0,0.7,1.3,0.1,1449,17,Defender,0.7250000000000001,0.5517241379310345,0.0765864332603938,0.0909090909090909,66.06199449320253,70.60483350542074,22.267906054609075,26.67566540469225,42.69106706244126,True,False
935380,Enrico Del Prato,10167,Parma,ITA-Serie A,1.7,32.6,1.0,0.0,3.6,0.6,0.03,0.08,0.7,0.0,0.04,0.9,0.3,0.6,0.0,6.73,0.0,4.0,0.6,1.2,0.1,2033,24,Defender,0.7500000000000001,0.4285714285714285,0.0521472392638036,0.1428571428571428,40.88266506051741,50.4933889749326,40.62097566397063,39.079439855446566,42.64298949238362,True,False
974268,Daniel Ballard,8472,Sunderland,ENG-Premier League,2.4,38.9,3.0,0.0,7.7,0.5,0.03,0.12,1.1,0.0,0.11,0.8,0.5,0.8,0.1,6.99,0.0,10.0,1.2,1.5,0.1,1673,22,Defender,0.676470588235294,0.3478260869565218,0.0616966580976863,0.0909090909090909,51.86899038461539,52.15144230769231,25.907451923076923,45.99759615384615,42.62772169947341,True,False
844477,Sergio Gomez,8560,Real Sociedad,ESP-La Liga,1.8,42.9,6.0,0.0,2.2,3.0,0.17,0.05,1.8,1.0,0.0,1.1,0.0,0.2,0.3,7.07,0.0,24.0,0.4,3.8,0.4,1615,22,Defender,0.7313432835820896,0.2244897959183673,0.0419580419580419,0.2222222222222222,43.84325883382092,21.715120030975736,52.75914393678655,70.38699054953248,42.34813815452184,True,False
789066,Cristian Romero,8586,Tottenham Hotspur,ENG-Premier League,2.2,47.2,4.0,0.0,4.5,1.2,0.06,0.07,1.5,1.0,0.21,1.5,0.3,0.7,0.1,7.06,0.0,9.0,0.8,2.8,0.4,1712,21,Defender,0.7413793103448276,0.3488372093023256,0.0466101694915254,0.2666666666666666,38.70803576550221,43.059248264785175,42.03075704124362,47.7097584322836,42.31264727136376,True,False
1426170,Mamadou Sarr,9848,Strasbourg,FRA-Ligue 1,2.1,64.3,0.0,0.0,4.5,0.1,0.01,0.0,1.1,0.0,0.0,0.6,0.0,0.2,0.0,6.79,0.0,1.0,0.1,1.0,0.3,1305,15,Defender,0.5925925925925926,0.3749999999999999,0.0326594090202177,0.2727272727272727,56.035643606952334,44.139258159811845,52.65141900418746,20.007618453507718,42.29968821058791,True,False
307209,Lukas Kübler,8358,Sport-Club Freiburg,GER-Bundesliga,1.7,30.7,2.0,0.0,3.6,1.3,0.1,0.23,1.1,1.0,0.15,2.1,0.3,0.4,0.2,6.92,0.0,8.0,1.3,2.4,0.1,1213,16,Defender,0.8035714285714286,0.4666666666666667,0.0553745928338762,0.0909090909090909,36.298695362244025,65.33994435840073,21.652693526644867,71.17523160098663,42.2771550697485,True,False
521318,Manuel Akanji,8636,Internazionale,ITA-Serie A,2.6,62.1,1.0,0.0,3.4,1.1,0.05,0.06,0.9,0.0,0.05,1.2,0.1,0.4,0.1,7.16,0.0,4.0,0.7,1.5,0.0,1990,23,Defender,0.75,0.4444444444444444,0.0418679549114331,0.0,56.13577697470314,49.338252165433374,25.45273332186084,41.907911719153326,42.06885311419508,True,False
873573,Sam Beukema,9875,Napoli,ITA-Serie A,2.4,62.6,0.0,0.0,3.9,0.1,0.01,0.1,0.9,0.0,0.09,0.8,0.2,0.9,0.0,6.88,0.0,3.0,0.4,1.0,0.1,963,14,Defender,0.6666666666666666,0.4444444444444445,0.0383386581469648,0.1111111111111111,58.29293760396949,48.22355589973039,28.990752093730283,33.34786217231687,41.7520746561508,True,False
642534,Jonas Föhrenbach,94937,1. FC Heidenheim 1846,GER-Bundesliga,0.7,20.5,3.0,0.0,3.2,2.6,0.14,0.03,0.7,1.0,0.05,1.1,0.1,0.2,0.2,6.55,0.0,20.0,0.2,1.7,0.1,1652,19,Defender,0.7999999999999999,0.3928571428571429,0.0341463414634146,0.1428571428571428,26.99089012218207,47.3999921126599,47.4255990793323,58.378506281190845,41.74106557509886,True,False
526827,Konrad Laimer,9823,Bayern München,GER-Bundesliga,1.1,55.0,4.0,0.0,1.3,2.7,0.19,0.12,1.1,4.0,0.14,0.8,0.5,0.3,0.7,7.31,0.0,25.0,0.8,2.0,0.7,1279,18,Defender,0.717948717948718,0.2857142857142857,0.02,0.6363636363636362,41.65458469569208,17.537339385074283,69.90877574140997,64.85723018126542,41.7267320482466,True,False
744494,Gabriel Gudmundsson,8463,Leeds United,ENG-Premier League,0.9,25.3,3.0,0.0,2.7,2.0,0.08,0.04,1.2,0.0,0.0,0.8,0.1,0.3,0.3,6.78,0.0,19.0,0.6,2.4,1.4,2104,25,Defender,0.7272727272727273,0.25,0.0355731225296442,1.1666666666666667,28.395432692307693,22.65625,80.36658653846153,68.33533653846153,41.492490431090616,True,False
210111,Lucas Digne,10252,Aston Villa,ENG-Premier League,0.6,28.0,2.0,0.0,2.9,2.1,0.15,0.04,0.7,4.0,0.0,0.7,0.3,0.2,0.1,6.82,0.0,17.0,0.7,1.8,0.3,1316,23,Defender,0.78125,0.2799999999999999,0.0214285714285714,0.4285714285714286,24.541557319451616,37.287418258475306,64.05345644754202,59.95797302529686,41.40628289638944,True,False
919435,Sepp van den Berg,9937,Brentford,ENG-Premier League,1.9,40.1,3.0,0.0,6.5,0.5,0.02,0.08,0.5,1.0,0.0,0.9,0.2,0.6,0.0,6.8,0.0,4.0,0.6,0.7,0.0,1853,21,Defender,0.7619047619047619,0.5625,0.0473815461346633,0.0,36.551368094992256,66.31924726094189,30.60097050134802,40.3894553433144,41.39695407272337,True,False
1355636,Arthur Chaves,8226,TSG 1899 Hoffenheim,GER-Bundesliga,1.6,39.3,0.0,0.0,5.4,0.4,0.01,0.03,1.6,0.0,0.04,1.5,0.1,0.8,0.1,6.65,0.0,5.0,0.4,2.1,0.1,2188,26,Defender,0.6923076923076923,0.4166666666666666,0.0407124681933842,0.0625,39.26733780760626,67.70693512304251,20.4082774049217,58.58501118568231,41.388207429028334,False,False
562892,Rico Henry,9937,Brentford,ENG-Premier League,1.2,22.8,0.0,0.0,2.6,0.5,0.04,0.01,1.0,0.0,0.0,0.6,0.0,0.4,0.2,6.51,0.0,2.0,0.4,1.0,0.9,1127,22,Defender,0.6153846153846154,0.3749999999999999,0.0526315789473684,0.9,38.01682692307692,27.824519230769237,82.04927884615384,32.75841346153846,41.3697542485896,True,False
1523234,Jon Martin,8560,Real Sociedad,ESP-La Liga,1.3,46.1,0.0,0.0,5.6,0.1,0.01,0.07,0.8,0.0,0.0,1.4,0.2,1.3,0.0,7.04,0.0,2.0,0.7,1.1,0.4,1350,15,Defender,0.7575757575757576,0.5599999999999999,0.0281995661605206,0.5,28.367490893707338,60.871748264785175,57.60367370791028,29.676905868181034,41.35675834696956,True,False
798029,Ladislav Krejci,8602,Wolverhampton Wanderers,ENG-Premier League,3.6,42.4,1.0,0.0,4.4,1.3,0.07,0.1,1.4,1.0,0.1,1.3,0.4,0.6,0.0,6.55,0.0,7.0,0.7,1.0,0.0,1799,21,Defender,0.6216216216216216,0.5652173913043479,0.0849056603773585,0.0,65.81431408822348,63.464424510984905,24.43901293523777,22.931930462341537,41.2323163180018,True,False
544693,Amir Rrahmani,9875,Napoli,ITA-Serie A,1.9,77.4,0.0,0.0,3.6,0.2,0.02,0.04,1.1,1.0,0.07,1.2,0.1,0.6,0.0,7.27,0.0,3.0,0.5,1.3,0.1,1360,16,Defender,0.6944444444444444,0.48,0.024547803617571,0.0909090909090909,55.08093486491138,54.12023891470201,26.60795079733838,32.79613376928813,41.21522775863645,True,False
729731,Matty Cash,10252,Aston Villa,ENG-Premier League,1.8,34.5,3.0,0.0,2.9,2.3,0.1,0.04,1.2,2.0,0.13,0.6,0.4,0.4,0.1,7.12,0.0,21.0,1.0,1.8,0.3,2134,24,Defender,0.6666666666666667,0.25,0.0521739130434782,0.25,41.90443411919922,25.149285837205294,54.6665178827511,51.44043444903344,41.06772892479466,True,False
1318686,Alessandro Circati,10167,Parma,ITA-Serie A,3.1,46.3,0.0,0.0,5.2,0.4,0.02,0.03,1.1,0.0,0.05,0.8,0.1,1.2,0.0,6.94,0.0,6.0,0.2,1.3,0.1,1706,20,Defender,0.65625,0.3809523809523809,0.0669546436285097,0.0909090909090909,63.88822115384615,45.85336538461538,25.907451923076923,32.44591346153846,40.97860964139285,True,False
1097466,Micky van de Ven,8586,Tottenham Hotspur,ENG-Premier League,2.3,48.1,1.0,0.0,4.2,0.3,0.01,0.1,0.7,1.0,0.17,0.8,0.3,0.7,0.0,6.81,0.0,5.0,0.6,1.2,0.3,2150,24,Defender,0.7407407407407407,0.4,0.0478170478170478,0.4285714285714286,42.690407560374005,41.47270980324672,54.42258396432055,26.603989201514366,40.9707425937511,True,False
667788,Benedikt Gimber,94937,1. FC Heidenheim 1846,GER-Bundesliga,2.3,34.4,1.0,0.0,5.1,0.3,0.03,0.02,1.8,0.0,0.0,0.6,0.2,0.4,0.0,6.19,0.0,1.0,0.4,2.2,0.4,1025,15,Defender,0.6086956521739131,0.2142857142857142,0.066860465116279,0.2222222222222222,52.867935452876736,31.28748279125796,40.49217898525784,39.6770582372512,40.95915997824607,True,False
290410,Michael Keane,8668,Everton,ENG-Premier League,2.2,32.5,0.0,0.0,7.3,0.2,0.01,0.09,0.6,0.0,0.15,1.1,0.2,0.9,0.0,7.04,0.0,1.0,0.9,1.2,0.1,1859,22,Defender,0.793103448275862,0.4782608695652174,0.0676923076923077,0.1666666666666666,35.96364473986118,60.37495339299031,38.76152627201285,32.51745073997591,40.87867658123348,True,False
992052,Thierry Correia,10267,Valencia CF,ESP-La Liga,1.3,32.2,1.0,0.0,2.2,1.6,0.15,0.03,1.7,1.0,0.0,1.1,0.1,0.0,0.4,6.72,0.0,7.0,0.4,1.8,0.7,957,15,Defender,0.6304347826086957,0.3793103448275862,0.0403726708074534,0.4117647058823529,33.80408653846154,29.69951923076923,59.68149038461539,50.390625,40.860904898016905,True,False
796974,Pascal Struijk,8463,Leeds United,ENG-Premier League,2.0,51.7,1.0,0.0,7.0,0.5,0.02,0.11,0.7,1.0,0.0,1.0,0.2,0.7,0.0,6.9,0.0,8.0,1.0,1.2,0.0,1988,23,Defender,0.7586206896551724,0.4545454545454545,0.0386847195357833,0.0,42.17548076923077,71.67067307692307,24.158653846153847,37.1875,40.85083732379496,True,False
938247,Mohammed Salisu,9829,Monaco,FRA-Ligue 1,2.1,59.5,0.0,0.0,7.0,0.2,0.02,0.06,1.4,0.0,0.08,1.4,0.2,1.8,0.2,7.07,0.0,2.0,0.7,2.1,0.2,1080,12,Defender,0.7142857142857142,0.3999999999999999,0.0352941176470588,0.1428571428571428,35.731272944989385,52.27399185452877,31.377712169448746,50.846777663052826,40.82197090031959,True,False
1105912,Riccardo Calafiori,9825,Arsenal,ENG-Premier League,1.1,33.8,0.0,0.0,3.1,0.4,0.03,0.18,1.7,2.0,0.07,0.9,0.3,0.1,0.3,7.21,0.0,4.0,1.6,2.0,0.9,1355,20,Defender,0.6304347826086957,0.3103448275862069,0.0325443786982248,0.5294117647058824,35.57818684391671,24.82642474043481,65.69339578672633,51.01677673091263,40.738658134055896,True,False
592102,Moussa Niakhaté,9748,Lyon,FRA-Ligue 1,2.6,63.0,3.0,0.0,5.9,1.5,0.08,0.01,1.4,2.0,0.0,0.7,0.0,0.6,0.1,7.16,0.0,9.0,0.2,1.3,0.2,1678,20,Defender,0.5882352941176471,0.35,0.0412698412698412,0.1428571428571428,56.02748738025583,41.84823682097172,30.35795079733838,34.78565256983881,40.62447666277928,True,False
261609,Dimitri Foulquier,10267,Valencia CF,ESP-La Liga,1.4,34.4,0.0,0.0,3.1,0.3,0.02,0.04,1.3,0.0,0.0,0.6,0.1,0.1,0.2,6.53,0.0,6.0,0.5,1.2,0.8,1148,15,Defender,0.5806451612903226,0.3333333333333333,0.0406976744186046,0.6153846153846154,38.64064382206161,26.397762146503755,65.83324370446853,40.95900196466472,40.60563165279503,True,False
425962,Niklas Stark,8697,SV Werder Bremen,GER-Bundesliga,2.9,46.5,0.0,0.0,5.2,0.3,0.01,0.05,1.3,1.0,0.0,1.5,0.1,1.2,0.1,6.74,0.0,1.0,0.5,1.4,0.0,2109,26,Defender,0.6904761904761905,0.5172413793103449,0.0623655913978494,0.0,59.81543624161074,72.90827740492169,11.96868008948546,50.106263982102895,40.5721629259016,False,False
634110,Carlens Arcus,8121,Angers,FRA-Ligue 1,2.0,43.2,3.0,0.0,2.7,1.1,0.06,0.01,1.3,3.0,0.0,1.3,0.0,0.1,0.2,6.87,0.0,12.0,0.3,1.7,0.1,1815,21,Defender,0.6976744186046512,0.4333333333333333,0.0462962962962962,0.0769230769230769,40.96621708828085,47.05067257500144,28.83753154936041,49.42160700969426,40.33128978493127,True,False
1403692,Youssef Enriquez,9866,Alavés,ESP-La Liga,2.3,31.1,2.0,0.0,2.2,1.3,0.13,0.07,1.7,0.0,0.0,1.0,0.2,0.1,0.1,6.67,0.0,8.0,0.9,1.1,0.6,923,18,Defender,0.5526315789473685,0.4761904761904761,0.0739549839228295,0.3529411764705882,56.76081730769231,33.61778846153846,55.59495192307693,20.16826923076923,40.276288485573126,True,False
1386006,Daniele Ghilardi,9876,Verona,ITA-Serie A,1.9,27.4,0.0,0.0,4.5,0.4,0.02,0.03,1.5,0.0,0.0,1.3,0.2,0.7,0.0,6.72,0.0,6.0,0.5,1.9,0.1,2031,24,Defender,0.6808510638297872,0.40625,0.0693430656934306,0.0666666666666666,45.022371364653246,61.01789709172258,21.532438478747206,44.04362416107383,40.22006166960925,False,False
966018,Jeremie Frimpong,8178,Bayer 04 Leverkusen,GER-Bundesliga,0.5,23.8,6.0,0.0,0.7,4.7,0.18,0.16,0.8,5.0,0.19,0.3,0.6,0.0,0.8,6.98,0.0,30.0,1.3,1.3,1.0,2322,33,Defender,0.6666666666666666,0.1874999999999999,0.0210084033613445,1.25,31.38702460850112,22.50559284116331,84.3903803131991,47.25950782997763,40.13920196061554,False,False
1018564,Nicolas Capaldo,9790,Hamburger SV,GER-Bundesliga,1.0,27.0,2.0,0.0,3.0,1.3,0.08,0.07,1.3,1.0,0.06,2.0,0.3,0.3,0.1,7.04,0.0,10.0,0.9,3.1,0.3,1438,18,Defender,0.796875,0.3921568627450981,0.037037037037037,0.2307692307692307,20.94951923076923,52.63221153846155,44.12860576923077,66.93509615384615,40.08445220113614,True,False
1428427,Nobel Mendy,8370,Rayo Vallecano,ESP-La Liga,2.6,41.5,0.0,0.0,6.5,0.1,0.0,0.13,1.6,0.0,0.16,1.0,0.2,0.9,0.0,6.81,0.0,2.0,0.8,1.1,0.2,1129,14,Defender,0.5675675675675675,0.4761904761904761,0.0626506024096385,0.125,58.02884615384615,57.56009615384615,28.131009615384617,22.68629807692308,40.04724224470242,True,False
1287489,Bamo Meité,8689,Lorient,FRA-Ligue 1,1.4,36.0,2.0,0.0,5.4,0.4,0.03,0.04,1.3,2.0,0.0,0.6,0.1,0.8,0.1,6.92,0.0,5.0,0.3,1.2,0.5,1287,16,Defender,0.5806451612903226,0.3333333333333333,0.0388888888888888,0.3846153846153846,36.03365384615384,35.81730769230769,58.99038461538461,33.21514423076923,40.04038646441381,True,False
1059657,Sergi Cardona,10205,Villarreal,ESP-La Liga,1.1,27.6,4.0,0.0,2.1,1.9,0.14,0.05,1.4,3.0,0.0,1.8,0.2,0.4,0.3,6.89,0.0,12.0,0.8,2.2,0.2,1224,19,Defender,0.7407407407407407,0.45,0.0398550724637681,0.1428571428571428,25.515303232375384,49.48703608099581,36.58278301210349,67.01444458785063,39.96832524782336,True,False
815465,Romain Perraud,8639,Lille,FRA-Ligue 1,0.9,37.9,6.0,0.0,2.0,2.8,0.16,0.09,1.0,3.0,0.12,0.9,0.6,0.3,0.5,7.16,0.0,28.0,1.3,1.8,0.3,1564,19,Defender,0.7297297297297297,0.3333333333333333,0.0237467018469657,0.3,26.46375587965353,33.508450209373024,55.97396102219927,60.37806351459875,39.92605274871516,True,False
1225995,Robin Hranac,8226,TSG 1899 Hoffenheim,GER-Bundesliga,2.2,42.9,0.0,0.0,6.6,0.3,0.02,0.06,1.0,0.0,0.0,0.6,0.1,0.9,0.1,6.95,0.0,1.0,0.3,1.1,0.1,1767,20,Defender,0.6296296296296297,0.3529411764705882,0.0512820512820512,0.1,48.40745192307692,47.95673076923077,29.122596153846157,34.453125,39.73647194838421,True,False
411851,Robert Andrich,8178,Bayer 04 Leverkusen,GER-Bundesliga,2.9,61.2,0.0,0.0,2.6,1.0,0.06,0.02,1.3,0.0,0.06,1.1,0.1,0.4,0.2,6.86,0.0,7.0,0.3,1.8,0.1,1498,20,Defender,0.6904761904761906,0.3793103448275862,0.0473856209150326,0.0769230769230769,57.17902110939024,41.28558265932427,20.336412981127747,50.62335082888774,39.7245864946173,True,False
1473534,Jérémy Jacquet,9851,Rennes,FRA-Ligue 1,3.1,52.3,0.0,0.0,4.9,0.5,0.03,0.06,1.1,0.0,0.0,1.0,0.2,0.9,0.0,6.85,0.0,9.0,0.6,1.5,0.2,1673,19,Defender,0.6944444444444444,0.4,0.0592734225621415,0.1818181818181818,47.750503714220166,42.09770980324672,37.0227442207308,29.841168688693852,39.52194613124997,True,False
1173779,Tim Siersleben,94937,1. FC Heidenheim 1846,GER-Bundesliga,3.3,37.9,0.0,0.0,6.4,0.4,0.03,0.04,1.1,0.0,0.0,1.6,0.3,0.7,0.2,6.52,0.0,2.0,0.4,1.9,0.0,1006,13,Defender,0.7608695652173914,0.4571428571428572,0.0870712401055408,0.0,42.630311406527845,59.15700467504158,20.151750630987205,49.148059714334885,39.472675657913925,True,False
611223,Benjamin Pavard,8592,Marseille,FRA-Ligue 1,1.8,56.9,3.0,0.0,3.0,0.7,0.05,0.04,0.7,2.0,0.07,1.0,0.2,0.6,0.2,6.88,0.0,8.0,0.5,1.1,0.0,1201,17,Defender,0.7500000000000001,0.4761904761904761,0.031634446397188,0.0,43.75872985143119,49.690547381403086,21.791824413468703,53.25571473641944,39.46703481339566,True,False
478447,Adam Marusic,8543,Lazio,ITA-Serie A,1.3,40.6,1.0,0.0,2.3,0.7,0.03,0.03,0.8,1.0,0.0,0.8,0.2,0.5,0.1,6.73,0.0,5.0,0.5,1.4,0.2,1940,23,Defender,0.7333333333333334,0.3636363636363636,0.0320197044334975,0.25,31.851750272471747,33.684642631790275,56.49164838237825,42.21475613778466,39.43545858153168,True,False
1192393,Victor Chust,10268,Elche,ESP-La Liga,2.1,57.6,0.0,0.0,3.0,0.4,0.03,0.02,1.5,0.0,0.0,0.8,0.1,0.8,0.1,6.75,0.0,2.0,0.3,2.5,0.3,1389,18,Defender,0.6875,0.2424242424242424,0.0364583333333333,0.1999999999999999,51.41225961538461,20.300480769230766,39.29086538461539,60.85937500000001,39.41259082499042,True,False
1574492,Tiago Gabriel,9888,Lecce,ITA-Serie A,2.0,34.9,0.0,0.0,6.8,0.1,0.0,0.1,0.9,0.0,0.04,1.1,0.1,0.6,0.0,6.88,0.0,0.0,0.6,1.8,0.0,2146,25,Defender,0.7631578947368421,0.3793103448275862,0.0573065902578796,0.0,39.921875,64.98798076923077,19.71153846153846,48.40144230769232,39.28469005816858,True,False
552718,Kristoffer Vassbakk Ajer,9937,Brentford,ENG-Premier League,1.4,26.2,1.0,0.0,6.2,0.6,0.04,0.05,1.3,1.0,0.0,0.9,0.2,0.9,0.1,6.74,0.0,2.0,0.6,2.0,0.1,1367,20,Defender,0.6904761904761905,0.3103448275862069,0.0534351145038167,0.0769230769230769,31.353288303791658,43.10295129926002,36.151103510583376,54.162570627545456,39.24478227836277,True,False
1669629,Honest Ahanor,8524,Atalanta,ITA-Serie A,0.9,42.0,0.0,0.0,3.5,0.6,0.05,0.14,1.3,0.0,0.0,1.3,0.2,0.8,0.0,6.82,0.0,0.0,0.9,2.4,0.3,1008,15,Defender,0.74,0.3513513513513513,0.0214285714285714,0.2307692307692307,24.879807692307693,45.09615384615385,44.12860576923077,55.99759615384615,39.18347148815221,True,False
819215,Lloyd Kelly,9885,Juventus,ITA-Serie A,2.8,53.4,0.0,0.0,4.0,0.2,0.01,0.02,1.4,0.0,0.05,0.5,0.1,0.6,0.5,7.12,0.0,3.0,0.5,1.5,0.6,1903,22,Defender,0.5882352941176471,0.25,0.0524344569288389,0.4285714285714286,49.33303576550222,22.81886364940057,51.28957114380773,38.60719432971949,39.116120102165965,True,False
1327156,Jacques Ekomié,8121,Angers,FRA-Ligue 1,0.7,27.5,1.0,0.0,2.4,0.8,0.05,0.05,1.2,0.0,0.0,1.6,0.2,0.2,0.1,6.67,0.0,10.0,0.4,2.6,0.4,1498,22,Defender,0.7777777777777778,0.3809523809523809,0.0254545454545454,0.3333333333333333,18.19110576923077,47.43990384615385,55.36658653846154,61.965144230769226,39.0153143134098,True,False
924485,Mark McKenzie,9941,Toulouse,FRA-Ligue 1,1.6,36.8,2.0,0.0,4.0,0.8,0.04,0.02,1.2,2.0,0.0,0.7,0.1,0.5,0.1,6.92,0.0,11.0,0.3,1.8,0.2,1637,20,Defender,0.6756756756756757,0.2799999999999999,0.0434782608695652,0.1666666666666666,40.62820871335972,35.45361168473585,33.82750207938967,49.421526343715946,39.00893885570063,True,False
724196,Danilho Doekhi,8149,1. FC Union Berlin,GER-Bundesliga,1.9,26.4,0.0,0.0,5.0,1.4,0.06,0.14,1.0,0.0,0.18,1.2,0.2,0.5,0.1,7.0,0.0,6.0,1.4,1.5,0.0,1980,22,Defender,0.7297297297297297,0.4444444444444444,0.0719696969696969,0.0,39.29928153501979,65.84520019503242,20.85474566913325,43.363968479320825,38.920054729135714,True,False
1186444,Charlie Cresswell,9941,Toulouse,FRA-Ligue 1,3.0,43.7,1.0,0.0,6.5,0.8,0.04,0.11,1.2,2.0,0.14,1.0,0.4,1.1,0.0,7.14,0.0,8.0,1.2,1.0,0.0,1980,22,Defender,0.625,0.5,0.068649885583524,0.0,58.016549073596046,65.06594891871738,18.567318447771463,28.317020879940344,38.90458782035405,True,False
1282000,Soumaila Coulibaly,8521,Brest,FRA-Ligue 1,2.5,46.0,0.0,0.0,5.2,0.1,0.01,0.03,1.6,0.0,0.0,0.9,0.2,0.6,0.0,6.56,0.0,1.0,0.5,0.9,0.3,1064,12,Defender,0.5294117647058824,0.5,0.0543478260869565,0.1874999999999999,58.48557692307693,49.81971153846153,38.203125,15.781249999999998,38.870304067935685,True,False
1131217,Pierre Kalulu,9885,Juventus,ITA-Serie A,2.1,53.7,8.0,0.0,1.8,2.3,0.09,0.06,1.2,3.0,0.08,0.7,0.1,0.2,0.2,7.25,0.0,28.0,0.4,1.6,0.2,2202,25,Defender,0.6571428571428571,0.3043478260869565,0.0391061452513966,0.1666666666666666,54.09992901393908,22.768187489244536,38.73242377961338,46.05209946652899,38.811433068211024,True,False
362121,Edoardo Goldaniga,10171,Como,ITA-Serie A,2.2,45.2,0.0,0.0,3.5,0.4,0.01,0.07,1.6,0.0,0.04,1.2,0.2,0.4,0.1,6.65,0.0,4.0,0.4,1.2,0.1,2531,32,Defender,0.6,0.5,0.0486725663716814,0.0625,51.86800894854586,57.56152125279642,20.4082774049217,34.25055928411633,38.80503322698722,False,False
362694,Luke Shaw,10260,Manchester United,ENG-Premier League,1.9,45.8,1.0,0.0,2.1,1.4,0.06,0.02,1.3,1.0,0.0,1.1,0.1,0.2,0.1,6.89,0.0,15.0,0.2,2.1,0.2,2271,26,Defender,0.7111111111111111,0.34375,0.0414847161572052,0.1538461538461538,44.05649038461539,30.480769230769237,34.05649038461538,50.37860576923077,38.69979384346152,True,False
279820,Matteo Bianchetti,7801,Cremonese,ITA-Serie A,3.3,39.3,1.0,0.0,5.2,0.3,0.02,0.02,1.0,2.0,0.0,0.6,0.1,0.9,0.1,6.66,0.0,3.0,0.3,1.9,0.0,1568,19,Defender,0.7142857142857143,0.24,0.0839694656488549,0.0,60.70913461538461,36.28605769230769,17.27764423076923,58.17908653846154,38.65766967480504,True,False
1255209,Lucas Beraldo,9847,Paris Saint-Germain,FRA-Ligue 1,3.1,89.0,1.0,0.0,2.7,0.9,0.04,0.04,1.0,0.0,0.04,0.9,0.2,0.4,0.1,7.2,0.0,8.0,0.5,1.7,0.0,2011,25,Defender,0.7222222222222222,0.3461538461538461,0.0348314606741573,0.0,59.40715883668904,41.17449664429531,17.058165548098433,51.17449664429531,38.51257052305784,False,False
497662,Carl Starfelt,9910,Celta de Vigo,ESP-La Liga,1.9,59.1,0.0,0.0,6.3,0.1,0.01,0.04,1.3,0.0,0.0,1.1,0.1,0.5,0.0,6.75,0.0,1.0,0.3,1.4,0.1,1312,17,Defender,0.6578947368421053,0.44,0.0321489001692047,0.0769230769230769,43.80039831067516,64.42994249412035,20.813668760396947,35.6735250674009,38.43896795360589,True,False
684981,Aaron Martin Caricol,10233,Genoa,ITA-Serie A,1.6,25.4,8.0,0.0,1.8,4.5,0.24,0.02,1.3,4.0,0.05,0.5,0.2,0.4,0.3,7.15,0.0,54.0,0.3,1.7,0.6,1696,22,Defender,0.6285714285714287,0.2272727272727272,0.0629921259842519,0.4615384615384615,48.49523891470201,13.926174496644297,59.44422933516893,55.25814009350084,38.34196505286703,True,False
1383070,Daniel Elfadli,9790,Hamburger SV,GER-Bundesliga,1.1,48.0,0.0,0.0,3.8,0.4,0.03,0.01,1.5,0.0,0.0,1.4,0.1,0.6,0.0,6.54,0.0,2.0,0.2,1.6,0.3,1021,15,Defender,0.6666666666666666,0.4666666666666666,0.0229166666666666,0.1999999999999999,29.62139423076923,55.51682692307692,39.29086538461539,34.44711538461539,38.33463022129764,True,False
1200657,Yerson Mosquera,8602,Wolverhampton Wanderers,ENG-Premier League,1.0,27.4,1.0,0.0,4.5,0.4,0.02,0.09,1.3,0.0,0.0,1.0,0.3,0.6,0.0,6.71,0.0,8.0,1.1,2.7,0.4,1411,18,Defender,0.74,0.2702702702702702,0.0364963503649635,0.3076923076923077,23.046875,38.25721153846154,52.26562499999999,54.699519230769226,38.16037913088912,True,False
867225,Mehmet Zeki Celik,8686,Roma,ITA-Serie A,1.4,38.2,2.0,0.0,2.1,1.3,0.07,0.07,1.2,2.0,0.05,0.6,0.2,0.2,0.3,7.1,0.0,16.0,0.9,2.2,0.4,1753,22,Defender,0.7000000000000001,0.2142857142857142,0.0366492146596858,0.3333333333333333,38.5081096196868,17.80717604543108,52.47220608902656,64.17425823151494,37.998716307446045,True,False
937412,Jay Idzes,7943,Sassuolo,ITA-Serie A,1.2,37.1,1.0,0.0,5.1,0.5,0.02,0.0,1.0,0.0,0.0,1.3,0.0,0.6,0.0,6.67,0.0,1.0,0.2,0.9,0.2,2159,24,Defender,0.6875,0.5909090909090908,0.0323450134770889,0.2,26.634615384615383,71.65865384615384,43.50961538461538,23.323317307692307,37.553936319308846,True,False
191869,Kieran Trippier,10261,Newcastle United,ENG-Premier League,2.6,50.4,1.0,0.0,2.7,1.6,0.13,0.0,1.3,0.0,0.0,0.5,0.0,0.1,0.0,6.8,0.0,21.0,0.1,1.4,0.2,1141,14,Defender,0.5937499999999999,0.2631578947368421,0.0515873015873015,0.1538461538461538,60.36936055182699,21.495493460678023,39.16778702747662,34.67884185166065,37.46079616141762,True,False
1529222,Pietro Comuzzo,8535,Fiorentina,ITA-Serie A,2.0,49.7,0.0,0.0,5.9,0.2,0.01,0.07,1.3,0.0,0.07,1.3,0.1,0.9,0.0,6.68,0.0,3.0,0.6,1.9,0.0,1368,18,Defender,0.7111111111111111,0.40625,0.0402414486921529,0.0,47.31823266219239,62.12461638845867,12.697273131417427,52.88442716399931,37.27500075879072,True,False
496042,Yerry Mina,8529,Cagliari,ITA-Serie A,1.9,43.7,0.0,0.0,6.3,0.2,0.02,0.04,1.4,0.0,0.07,0.8,0.1,0.9,0.1,6.8,0.0,1.0,0.3,1.4,0.1,1303,16,Defender,0.6111111111111112,0.3636363636363636,0.0434782608695652,0.0714285714285714,42.71190056215224,50.74038820053921,19.76563844432972,45.32382908851029,37.21740991189197,True,False
717174,Joe Rodon,8463,Leeds United,ENG-Premier League,1.3,42.7,1.0,0.0,5.7,0.3,0.01,0.04,0.4,0.0,0.09,1.1,0.2,0.6,0.0,6.68,0.0,4.0,0.6,1.2,0.0,2100,24,Defender,0.8518518518518519,0.4782608695652174,0.0304449648711943,0.0,23.665865384615383,74.3389423076923,28.30528846153846,43.34134615384615,37.18674681314253,True,False
355356,Marc-Oliver Kempf,10171,Como,ITA-Serie A,1.2,59.1,2.0,0.0,5.5,0.7,0.04,0.15,1.1,0.0,0.19,0.3,0.3,0.9,0.0,7.01,0.0,6.0,0.9,0.8,0.1,1398,22,Defender,0.5,0.2727272727272727,0.0203045685279187,0.0909090909090909,41.78543387540871,46.53303002925486,30.8529172402914,29.15370633281707,37.026326079733366,True,False
844415,Éder Militao,8633,Real Madrid,ESP-La Liga,3.2,55.1,2.0,0.0,4.1,0.7,0.06,0.12,1.2,1.0,0.09,0.9,0.7,0.9,0.3,7.45,0.0,7.0,1.5,1.8,0.1,1002,13,Defender,0.6923076923076923,0.3333333333333333,0.058076225045372,0.0833333333333333,46.27614473986119,32.9871328801698,25.62050063098721,47.41729048356566,36.85764166210558,True,False
844996,Matteo Gabbia,8564,Milan,ITA-Serie A,3.2,49.8,0.0,0.0,5.9,0.1,0.01,0.06,0.8,0.0,0.0,0.5,0.1,0.6,0.0,7.02,0.0,2.0,0.8,0.7,0.0,1991,24,Defender,0.6,0.4166666666666667,0.0642570281124498,0.0,62.97203937933804,51.42642545746573,21.983540555268743,20.207876226122867,36.65805820887776,True,False
890263,Jordan Teze,9829,Monaco,FRA-Ligue 1,2.7,43.0,2.0,0.0,2.4,2.3,0.14,0.02,1.5,0.0,0.0,1.1,0.1,0.3,0.4,6.88,0.0,18.0,0.5,2.3,0.1,1527,21,Defender,0.693877551020408,0.3235294117647059,0.0627906976744186,0.0666666666666666,57.10336538461539,28.35336538461538,16.598557692307693,66.84495192307692,36.32293855238407,True,False
942381,Jurrien Timber,9825,Arsenal,ENG-Premier League,0.8,34.6,4.0,0.0,1.7,1.3,0.05,0.18,1.4,3.0,0.08,0.9,0.2,0.2,0.2,7.21,0.0,21.0,0.9,2.4,0.5,2182,26,Defender,0.7021276595744681,0.2727272727272727,0.0231213872832369,0.3571428571428571,26.900571115126485,20.53836473928756,61.564328428841854,59.773606450410135,36.283075644921134,True,False
1244272,Arouna Sangante,9746,Le Havre,FRA-Ligue 1,2.6,48.4,0.0,0.0,5.2,0.6,0.03,0.02,1.5,1.0,0.05,1.2,0.3,0.7,0.1,6.88,0.0,5.0,0.3,1.2,0.2,1638,20,Defender,0.6153846153846154,0.5,0.0537190082644628,0.1333333333333333,41.444413970630414,47.61854313658006,30.0315583232949,25.53427766305283,35.93378866901762,True,False
640231,Antonio Raillo,8661,Mallorca,ESP-La Liga,2.1,40.8,0.0,0.0,5.1,0.3,0.02,0.02,1.1,1.0,0.0,0.8,0.1,1.4,0.1,6.76,0.0,6.0,0.5,1.0,0.0,1620,18,Defender,0.6206896551724137,0.4444444444444445,0.0514705882352941,0.0,47.66486333390694,52.82791616474503,17.429901264842538,35.82066877473756,35.91913300330579,True,False
426393,Adrien Tamèze,9804,Torino,ITA-Serie A,2.4,33.0,0.0,0.0,2.9,0.3,0.02,0.02,1.2,0.0,0.0,1.6,0.0,0.5,0.2,6.26,0.0,8.0,0.4,1.2,0.0,1104,21,Defender,0.7,0.5714285714285715,0.0727272727272727,0.0,47.98076923076923,60.3125,12.439903846153848,45.15625,35.81540151014321,True,False
698653,Igor Zubeldia,8560,Real Sociedad,ESP-La Liga,1.7,41.5,1.0,0.0,7.1,0.4,0.02,0.01,1.6,1.0,0.0,1.0,0.1,0.6,0.0,6.88,0.0,5.0,0.3,1.6,0.1,1665,19,Defender,0.6190476190476191,0.3846153846153846,0.0409638554216867,0.0625,42.79724516721162,55.08195663397006,20.940439826765328,31.11268857913153,35.76934951435471,True,False
1230286,Daouda Guindo,8521,Brest,FRA-Ligue 1,1.3,27.6,1.0,0.0,2.4,0.3,0.03,0.07,1.7,0.0,0.0,1.5,0.4,0.4,0.4,6.68,0.0,3.0,1.1,2.1,0.2,992,16,Defender,0.679245283018868,0.4166666666666666,0.0471014492753623,0.1176470588235294,25.859375,43.41346153846153,27.031250000000004,64.71153846153847,35.756449510087045,True,False
784448,Thibault De Smet,6379,Paris FC,FRA-Ligue 1,1.4,39.3,1.0,0.0,3.2,0.4,0.04,0.02,1.0,1.0,0.0,0.5,0.0,0.2,0.3,6.52,0.0,4.0,0.4,1.8,0.2,946,14,Defender,0.6969696969696969,0.2173913043478261,0.0356234096692111,0.2,32.06730769230769,23.25721153846154,43.50961538461538,56.08173076923077,35.716488409486125,True,False
1079554,Anthony Rouault,9851,Rennes,FRA-Ligue 1,2.1,48.7,0.0,0.0,5.1,0.2,0.02,0.06,1.2,0.0,0.08,1.1,0.1,1.1,0.0,6.78,0.0,5.0,0.4,1.3,0.2,1097,14,Defender,0.6666666666666666,0.4583333333333333,0.0431211498973305,0.1666666666666666,35.599061406527845,46.56085082888775,34.84726345150003,25.650463560488728,35.46483997492119,True,False
304345,Sead Kolasinac,8524,Atalanta,ITA-Serie A,1.1,51.5,5.0,0.0,2.5,1.5,0.07,0.04,1.8,2.0,0.0,1.2,0.1,0.3,0.4,7.12,0.0,17.0,0.5,1.9,0.1,1910,23,Defender,0.6326530612244898,0.3870967741935484,0.0213592233009708,0.0555555555555555,34.977628635346754,44.03803131991051,19.194630872483224,59.17225950782998,35.42522803852695,False,False
1067763,Trai Hume,8472,Sunderland,ENG-Premier League,1.1,22.5,1.0,0.0,3.1,0.9,0.04,0.06,0.8,1.0,0.0,0.8,0.2,0.3,0.3,6.83,0.0,17.0,0.9,2.0,0.1,2133,26,Defender,0.7777777777777778,0.2857142857142857,0.0488888888888888,0.125,22.78846153846154,34.55528846153846,35.83533653846154,69.78966346153847,35.42250133708951,True,False
1249284,Jon Aramburu,8560,Real Sociedad,ESP-La Liga,1.5,32.2,0.0,0.0,3.1,0.4,0.02,0.07,2.3,0.0,0.05,1.3,0.2,0.3,0.1,7.0,0.0,7.0,0.7,3.7,0.2,1820,22,Defender,0.684931506849315,0.26,0.046583850931677,0.0869565217391304,29.848374849423504,35.25318361727758,28.002307046979865,60.94602370504216,35.323466867052545,True,False
857269,Gleison Bremer,9885,Juventus,ITA-Serie A,2.3,46.9,0.0,0.0,3.9,0.9,0.07,0.12,0.9,2.0,0.23,0.8,0.4,0.6,0.1,7.29,0.0,6.0,0.8,0.9,0.0,1187,15,Defender,0.6538461538461539,0.4705882352941176,0.0490405117270788,0.0,47.78846153846153,49.61538461538461,19.71153846153846,29.200721153846157,35.031590154999456,True,False
477588,Álex Moreno,7732,Girona,ESP-La Liga,0.6,31.3,5.0,0.0,3.7,1.6,0.08,0.07,1.1,3.0,0.0,1.0,0.2,0.3,0.3,6.85,0.0,11.0,0.7,1.2,1.4,1845,21,Defender,0.6666666666666666,0.4545454545454545,0.0191693290734824,1.2727272727272725,19.55338832960477,40.447068777605686,65.49229550278208,31.58796356048873,34.91726748530838,True,False
1200630,Koni De Winter,8564,Milan,ITA-Serie A,1.5,56.4,0.0,0.0,4.5,0.4,0.03,0.04,1.4,0.0,0.08,0.2,0.1,0.5,0.1,6.96,0.0,2.0,0.4,1.4,0.2,1096,17,Defender,0.5333333333333333,0.125,0.026595744680851,0.1428571428571428,40.65446100785866,33.52940543796248,33.55519166236448,30.363454009636897,34.83365859494685,True,False
683473,Kelvin Amian,9830,Nantes,FRA-Ligue 1,1.2,29.8,4.0,0.0,3.3,1.2,0.06,0.02,1.1,1.0,0.0,0.3,0.1,0.5,0.1,6.41,0.0,7.0,0.5,1.3,0.2,1871,21,Defender,0.5925925925925926,0.1874999999999999,0.0402684563758389,0.1818181818181818,31.904362416107386,22.931598835541788,48.61483967188665,43.33027698904377,34.69877257296179,True,False
1300526,Nico O'Reilly,8456,Manchester City,ENG-Premier League,0.4,39.6,5.0,0.0,2.6,1.6,0.07,0.13,1.5,3.0,0.1,0.7,0.2,0.3,0.2,7.1,0.0,17.0,1.1,2.8,0.8,1884,25,Defender,0.7,0.1999999999999999,0.0101010101010101,0.5333333333333333,27.584134615384613,14.567307692307692,66.50841346153845,63.78004807692308,34.64964168652209,True,False
1343750,Renato Veiga,10205,Villarreal,ESP-La Liga,3.1,49.6,0.0,0.0,5.4,0.2,0.01,0.01,0.8,0.0,0.0,0.7,0.2,1.2,0.1,6.64,0.0,2.0,0.5,0.8,0.0,1563,21,Defender,0.6521739130434783,0.4666666666666666,0.0625,0.0,43.45963832960478,45.55123544427236,25.059603195089768,26.079149457924625,34.59816811236845,True,False
1436942,Lucas Høgsberg,9848,Strasbourg,FRA-Ligue 1,2.0,59.1,0.0,0.0,3.1,0.5,0.04,0.02,0.9,0.0,0.0,0.6,0.1,0.8,0.0,6.48,0.0,1.0,0.3,1.1,0.1,1148,14,Defender,0.6538461538461539,0.3529411764705882,0.0338409475465313,0.1111111111111111,46.34014423076923,31.83894230769231,32.566105769230774,25.09014423076923,34.16795301322846,True,False
928454,Josha Vagnoman,10269,VfB Stuttgart,GER-Bundesliga,0.8,29.2,3.0,0.0,2.4,1.9,0.12,0.19,1.1,3.0,0.06,0.2,0.7,0.1,0.1,6.99,0.0,16.0,1.2,1.9,0.4,1398,20,Defender,0.65625,0.0952380952380952,0.0273972602739726,0.3636363636363636,27.05696452131016,21.062819078758675,60.444057247748525,43.403584437560944,34.15123137039503,True,False
355358,Christian Günter,8358,Sport-Club Freiburg,GER-Bundesliga,1.7,24.5,1.0,0.0,1.9,1.8,0.18,0.03,0.6,2.0,0.0,0.5,0.0,0.3,0.3,6.36,0.0,14.0,0.7,0.8,0.0,909,15,Defender,0.6842105263157895,0.3846153846153846,0.0693877551020408,0.0,34.07126570297711,30.39461796592669,32.893515530889694,40.3250211524121,33.94752729307833,True,False
1436436,Alessandro Marcandalli,10233,Genoa,ITA-Serie A,1.5,31.1,1.0,0.0,4.2,0.4,0.03,0.01,0.9,2.0,0.0,0.7,0.1,0.5,0.1,6.7,0.0,7.0,0.2,0.9,0.1,1444,19,Defender,0.64,0.4374999999999999,0.0482315112540192,0.1111111111111111,30.71514423076923,46.887019230769226,32.566105769230774,26.790865384615387,33.70992058589852,True,False
588687,Gianluca Mancini,8686,Roma,ITA-Serie A,2.1,42.7,4.0,0.0,3.9,1.0,0.04,0.05,2.3,2.0,0.0,1.6,0.2,0.4,0.1,7.25,0.0,15.0,0.5,1.8,0.1,2137,24,Defender,0.5964912280701755,0.4705882352941176,0.0491803278688524,0.0434782608695652,47.94201370963115,53.82073510009752,12.298433645958816,38.38119514713474,33.59219921819343,True,False
1353289,Ivan Smolcic,10171,Como,ITA-Serie A,1.5,42.7,1.0,0.0,3.2,0.4,0.03,0.05,1.5,0.0,0.0,1.4,0.2,0.5,0.2,6.96,0.0,7.0,0.5,2.2,0.1,997,18,Defender,0.7058823529411765,0.3888888888888888,0.0351288056206089,0.0666666666666666,29.939903846153843,46.44230769230769,16.598557692307693,63.88221153846153,33.55035692942594,True,False
557799,Duje Caleta-Car,8560,Real Sociedad,ESP-La Liga,2.4,49.3,0.0,0.0,4.6,0.5,0.04,0.05,1.3,0.0,0.0,1.2,0.1,0.9,0.0,6.76,0.0,3.0,0.5,0.8,0.0,1145,15,Defender,0.6060606060606061,0.6,0.0486815415821501,0.0,51.5359250415878,61.32955458039351,14.188697441633684,24.279500444559165,33.54162172253312,True,False
844425,Marc Guehi,9826,Crystal Palace,ENG-Premier League,0.0,0.0,4.0,0.0,0.0,0.0,0.0,0.0,0.0,2.0,0.08,0.0,0.0,0.0,0.2,0.0,0.0,0.0,0.0,0.0,0.0,2160,24,Defender,0.0,0.0,0.0,0.0,26.72098175873344,31.525232318017554,43.56880628692709,36.1901906585212,33.437391227175034,True,False
115591,Ricardo Rodriguez,8603,Real Betis,ESP-La Liga,1.5,31.6,1.0,0.0,4.6,0.3,0.02,0.01,0.4,1.0,0.0,0.5,0.0,0.2,0.1,6.71,0.0,5.0,0.2,1.1,0.1,1045,16,Defender,0.8,0.3125,0.0474683544303797,0.25,26.02374089370733,37.01758159811851,43.2366865284231,30.966969970745136,33.40840732668195,True,False
1622290,Nicolo Savona,10203,Nottingham Forest,ENG-Premier League,1.1,27.5,1.0,0.0,2.5,0.4,0.04,0.12,1.1,0.0,0.18,0.4,0.3,0.3,0.1,6.65,0.0,7.0,0.4,1.8,0.2,1026,14,Defender,0.6666666666666666,0.1818181818181818,0.04,0.1818181818181818,31.144444085928985,20.2846433488212,48.0145413870246,43.90565844949234,33.39283674389602,True,False
848034,Santiago Bueno,8602,Wolverhampton Wanderers,ENG-Premier League,2.1,35.3,0.0,0.0,3.6,1.0,0.06,0.09,1.0,1.0,0.12,1.0,0.2,0.6,0.0,6.65,0.0,7.0,0.2,2.1,0.0,1563,18,Defender,0.7560975609756099,0.3225806451612903,0.0594900849858357,0.0,40.46943117937245,38.8969913382665,15.19106185108702,54.884880686055176,33.33532629581592,True,False
951765,Armel Bella-Kotchap,9876,Verona,ITA-Serie A,1.5,28.1,0.0,0.0,6.3,0.3,0.02,0.01,1.6,0.0,0.0,2.3,0.0,1.1,0.1,6.78,0.0,1.0,0.2,1.0,0.1,1119,15,Defender,0.6734693877551019,0.6969696969696969,0.0533807829181494,0.0625,29.026442307692303,77.07932692307693,15.300480769230768,37.98677884615385,33.3177284367622,True,False
879609,Alex Suárez,8306,Las Palmas,ESP-La Liga,2.3,41.4,0.0,0.0,3.7,0.2,0.01,0.02,1.0,0.0,0.0,0.5,0.1,0.9,0.0,6.31,0.0,3.0,0.2,1.5,0.0,2468,30,Defender,0.6666666666666666,0.25,0.0555555555555555,0.0,50.74944071588366,34.340044742729305,17.058165548098433,38.95413870246085,33.24094752864475,False,False
566425,Domingos Duarte,8305,Getafe,ESP-La Liga,2.4,22.8,0.0,0.0,6.5,0.1,0.01,0.03,1.1,0.0,0.0,1.0,0.0,0.4,0.0,6.67,0.0,0.0,0.4,0.9,0.0,1805,21,Defender,0.6333333333333333,0.5263157894736842,0.1052631578947368,0.0,48.5645309900763,64.02306329948946,14.17673198818333,22.07800937876441,32.67126024963597,True,False
740944,Leo Østigard,10233,Genoa,ITA-Serie A,2.9,52.0,1.0,0.0,7.9,0.6,0.03,0.17,1.4,1.0,0.22,0.6,0.5,1.1,0.1,7.01,0.0,5.0,0.9,1.4,0.1,1633,19,Defender,0.5882352941176471,0.3,0.0557692307692307,0.0714285714285714,43.21925371422015,35.286812367349285,22.48748781047439,30.27786740664257,32.49500273589949,True,False
740944,Leo Østigard,10233,Genoa,ITA-Serie A,2.9,52.0,1.0,0.0,7.9,0.6,0.03,0.17,1.4,1.0,0.22,0.6,0.5,1.1,0.1,7.01,0.0,5.0,0.9,1.4,0.1,1633,19,Defender,0.5882352941176471,0.3,0.0557692307692307,0.0714285714285714,43.21925371422015,35.286812367349285,22.48748781047439,30.27786740664257,32.49500273589949,True,False
443966,Jeremy Toljan,8581,Levante,ESP-La Liga,1.6,23.5,8.0,0.0,2.5,2.3,0.11,0.04,1.0,3.0,0.05,1.0,0.0,0.6,0.2,6.57,0.0,19.0,0.3,2.0,0.0,1982,23,Defender,0.75,0.3333333333333333,0.0680851063829787,0.0,31.89903846153846,34.0625,17.27764423076923,67.34375,32.30226670475255,True,False
894802,Moritz Jenz,8721,VfL Wolfsburg,GER-Bundesliga,1.4,47.7,0.0,0.0,6.8,0.2,0.01,0.04,1.3,0.0,0.07,0.6,0.1,0.7,0.1,6.62,0.0,2.0,0.4,1.9,0.0,1260,14,Defender,0.6578947368421053,0.24,0.0293501048218029,0.0,31.576948173005224,50.544136838180464,14.188697441633684,49.73300457465726,31.845151099093783,True,False
1060604,Abner,9748,Lyon,FRA-Ligue 1,1.7,31.9,2.0,0.0,1.7,1.1,0.08,0.09,1.4,0.0,0.22,0.3,0.3,0.1,0.1,6.87,0.0,11.0,0.9,1.3,0.4,1253,15,Defender,0.5333333333333333,0.1874999999999999,0.0532915360501567,0.2857142857142857,42.13944996558252,11.935642889921413,52.29043875121895,36.9265276343716,31.60031257892448,True,False
773991,Ryan Sessegnon,9879,Fulham,ENG-Premier League,1.0,26.4,3.0,0.0,3.3,1.7,0.11,0.06,1.7,1.0,0.13,1.0,0.2,0.4,0.2,6.55,0.0,10.0,0.6,2.3,0.3,1421,19,Defender,0.6599999999999999,0.303030303030303,0.0378787878787878,0.1764705882352941,19.465144230769237,28.85817307692308,36.640625,58.41346153846153,31.34280084303805,True,False
414906,Giovanni Di Lorenzo,9875,Napoli,ITA-Serie A,1.3,49.7,3.0,0.0,1.8,2.7,0.12,0.08,1.4,1.0,0.04,0.4,0.4,0.3,0.1,7.16,0.0,14.0,1.0,1.9,0.4,2010,23,Defender,0.6216216216216216,0.1739130434782609,0.0261569416498993,0.2857142857142857,36.89541745540068,14.514157775483278,41.67336194286697,44.38810374003327,31.257744826417674,True,False
1134871,Maxim De Cuyper,10204,Brighton and Hove Albion,ENG-Premier League,0.8,36.2,6.0,0.0,1.7,2.2,0.18,0.14,1.1,0.0,0.16,0.7,0.5,0.1,0.6,6.7,0.0,19.0,0.9,1.4,0.3,1125,21,Defender,0.6562499999999999,0.3333333333333333,0.0220994475138121,0.2727272727272727,21.74278846153846,20.98557692307692,50.49278846153846,46.38822115384615,30.957343282836565,True,False
188058,Daniel Burn,10261,Newcastle United,ENG-Premier League,1.1,33.7,0.0,0.0,6.1,0.3,0.02,0.01,1.7,2.0,0.0,1.0,0.0,0.4,0.1,6.74,0.0,6.0,0.2,1.6,0.1,1441,18,Defender,0.6046511627906977,0.3846153846153846,0.0326409495548961,0.0588235294117647,25.838451141513215,50.60485143119371,20.7818684391671,34.26337621178225,30.62775471386459,True,False
609516,Robin Le Normand,9906,Atlético de Madrid,ESP-La Liga,1.6,51.3,0.0,0.0,5.0,0.3,0.02,0.03,1.1,0.0,0.08,0.8,0.1,0.3,0.2,6.77,0.0,1.0,0.2,1.4,0.0,1188,18,Defender,0.6666666666666666,0.3636363636363636,0.0311890838206627,0.0,35.42904441289508,40.33352693168129,16.97315256983881,35.79318856479091,30.508797344949382,True,False
195750,Nicolás Tagliafico,9748,Lyon,FRA-Ligue 1,1.1,41.7,3.0,0.0,2.3,0.7,0.06,0.12,2.4,3.0,0.0,1.4,0.1,0.3,0.1,6.92,0.0,9.0,1.1,1.8,0.2,977,14,Defender,0.5714285714285715,0.4374999999999999,0.026378896882494,0.0833333333333333,26.005366976424018,44.06457938966329,17.763464048069753,47.5593253456089,30.434793237283262,True,False
149219,Christian Kabasele,8600,Udinese,ITA-Serie A,2.5,28.6,0.0,0.0,6.4,0.1,0.0,0.06,1.5,0.0,0.14,1.6,0.3,0.9,0.0,6.79,0.0,1.0,0.4,0.5,0.1,1282,18,Defender,0.5833333333333334,0.7619047619047619,0.0874125874125874,0.0666666666666666,36.192010124476575,58.69226108529799,21.421782682269264,15.99501484254001,30.42564918222948,True,False
1098365,Jorge Herrando,8371,Osasuna,ESP-La Liga,1.5,28.7,1.0,0.0,6.7,0.8,0.06,0.02,1.5,1.0,0.0,1.0,0.0,0.6,0.0,6.65,0.0,2.0,0.2,2.0,0.2,1116,20,Defender,0.6666666666666666,0.3333333333333333,0.0522648083623693,0.1333333333333333,23.948420380886827,40.34290211093902,30.0315583232949,30.95094432971949,30.39163703668525,True,False
1039219,Samir Chergui,6379,Paris FC,FRA-Ligue 1,1.0,40.8,0.0,0.0,2.7,0.3,0.03,0.14,1.1,0.0,0.09,0.6,0.3,0.4,0.0,6.53,0.0,2.0,1.0,1.5,0.3,974,12,Defender,0.65625,0.2857142857142857,0.0245098039215686,0.2727272727272727,27.127403846153847,21.622596153846157,50.49278846153846,27.95673076923077,30.11993600055301,True,False
873289,Marc Cucurella,8455,Chelsea,ENG-Premier League,1.8,45.2,4.0,0.0,3.4,2.7,0.13,0.08,1.5,3.0,0.05,1.0,0.2,0.3,0.1,7.11,0.0,25.0,0.7,2.0,0.0,1889,24,Defender,0.6666666666666666,0.3333333333333333,0.0398230088495575,0.0,35.698298485630694,31.766764182871565,14.38439310503069,52.71723347960764,29.864201536959765,True,False
1327298,Saël Kumbedi,8721,VfL Wolfsburg,GER-Bundesliga,0.8,27.8,4.0,0.0,3.3,1.4,0.11,0.01,1.4,5.0,0.0,0.8,0.0,0.3,0.1,6.56,0.0,10.0,0.3,2.3,0.8,1075,15,Defender,0.6888888888888888,0.2580645161290323,0.0287769784172661,0.5714285714285715,18.20322807319452,23.932645700682617,55.84485960534618,37.7097584322836,29.842056753463336,True,False
823018,Alessandro Buongiorno,9875,Napoli,ITA-Serie A,1.0,55.1,0.0,0.0,4.0,0.3,0.02,0.07,1.7,1.0,0.0,1.3,0.1,0.5,0.0,6.87,0.0,1.0,0.2,1.2,0.0,1470,21,Defender,0.5952380952380952,0.52,0.0181488203266787,0.0,31.66848613262204,60.78943311535593,11.206296965525157,37.90687919463087,29.80261361365997,True,False
897315,Simone Canestrelli,6479,Pisa,ITA-Serie A,1.8,27.3,0.0,0.0,6.0,0.2,0.01,0.04,1.1,0.0,0.0,0.8,0.0,0.7,0.0,6.57,0.0,7.0,0.4,1.3,0.0,2205,25,Defender,0.65625,0.3809523809523809,0.0659340659340659,0.0,35.46875,49.27884615384615,14.693509615384611,28.263221153846157,29.52192103844741,True,False
197352,Juan Jesus,9875,Napoli,ITA-Serie A,2.7,67.8,0.0,0.0,3.0,0.1,0.01,0.02,2.3,0.0,0.0,1.4,0.0,0.7,0.0,6.81,0.0,3.0,0.2,2.2,0.0,1247,17,Defender,0.6101694915254237,0.3888888888888888,0.0398230088495575,0.0,39.46925371422016,36.31245339299032,13.441013451500028,31.195335355360523,28.171988874021,True,False
1531887,Pau Navarro,10205,Villarreal,ESP-La Liga,1.4,40.5,1.0,0.0,4.1,0.1,0.01,0.0,2.2,0.0,0.0,0.6,0.1,0.7,0.0,6.95,0.0,3.0,0.1,3.9,0.4,1003,12,Defender,0.6716417910447761,0.1333333333333333,0.0345679012345679,0.1818181818181818,23.443612688579133,20.887773905810818,37.35527627201285,37.549502022027184,28.11831069352785,True,False
570434,Diego Carlos,10171,Como,ITA-Serie A,2.8,58.4,0.0,0.0,5.8,0.1,0.01,0.02,1.4,0.0,0.0,0.7,0.1,0.7,0.0,6.9,0.0,2.0,0.1,1.4,0.0,1331,16,Defender,0.6,0.3333333333333333,0.047945205479452,0.0,57.69230769230769,38.00480769230769,8.834134615384617,27.463942307692307,28.02777271190756,True,False
604330,Sebastiano Luperto,7801,Cremonese,ITA-Serie A,1.7,39.6,3.0,0.0,5.1,0.4,0.02,0.0,1.1,1.0,0.0,0.9,0.0,0.6,0.0,6.74,0.0,4.0,0.0,1.0,0.0,1887,21,Defender,0.6333333333333333,0.4736842105263158,0.0429292929292929,0.0,32.92067307692308,54.33894230769232,14.693509615384611,19.71153846153846,27.52605014468223,True,False
753593,Marcao,8302,Sevilla,ESP-La Liga,2.5,39.1,0.0,0.0,5.7,0.1,0.01,0.07,2.1,0.0,0.0,0.5,0.2,0.5,0.0,0.0,0.0,0.0,1.0,1.2,0.1,937,13,Defender,0.4473684210526316,0.2941176470588235,0.0639386189258312,0.0476190476190476,52.58413461538461,28.93028846153846,13.323317307692308,18.18509615384616,25.983091545048328,True,False
799230,Federico Baschirotto,7801,Cremonese,ITA-Serie A,2.3,39.0,0.0,0.0,6.7,0.1,0.01,0.04,1.6,0.0,0.08,0.9,0.2,1.2,0.0,6.64,0.0,1.0,0.5,1.0,0.0,2250,25,Defender,0.5428571428571428,0.4736842105263158,0.0589743589743589,0.0,46.64663461538461,55.15625,6.610576923076923,22.75841346153846,25.854313774979573,True,False
776594,Victor Nelsson,9876,Verona,ITA-Serie A,1.0,28.7,0.0,0.0,7.6,0.2,0.01,0.01,1.2,0.0,0.0,1.9,0.0,0.8,0.0,6.62,0.0,1.0,0.2,1.4,0.0,2146,25,Defender,0.7333333333333333,0.5757575757575758,0.0348432055749128,0.0,13.329326923076922,84.14663461538461,12.439903846153848,39.66947115384615,25.828381456772497,True,False
693736,Unai Elgezabal,8581,Levante,ESP-La Liga,1.3,32.7,0.0,0.0,6.6,0.4,0.03,0.06,1.0,0.0,0.09,0.3,0.1,1.5,0.1,6.35,0.0,2.0,0.3,0.8,0.0,958,12,Defender,0.5238095238095238,0.2727272727272727,0.0397553516819571,0.0,21.20192307692308,40.86538461538462,17.27764423076923,30.82932692307692,25.58087611291754,True,False
1384881,Álex Valle,10171,Como,ITA-Serie A,0.9,41.5,2.0,0.0,2.4,0.6,0.04,0.04,1.8,3.0,0.0,1.2,0.0,0.2,0.2,6.93,0.0,8.0,0.4,2.3,0.2,1460,20,Defender,0.6603773584905661,0.3428571428571428,0.0216867469879518,0.1111111111111111,16.039766534732976,28.499953392990307,27.691814733551315,40.22578407330924,25.512863660375988,True,False
1427819,Hugo Rincon,7732,Girona,ESP-La Liga,0.6,31.1,1.0,0.0,2.5,0.6,0.05,0.06,1.6,1.0,0.0,0.4,0.0,0.6,0.1,6.59,0.0,8.0,0.4,1.8,0.5,1217,21,Defender,0.5789473684210527,0.1818181818181818,0.0192926045016077,0.3125,17.806490384615383,8.641826923076923,52.223557692307686,42.13942307692307,23.10623684158332,True,False
1056071,Victor Parada,9866,Alavés,ESP-La Liga,1.0,25.2,1.0,0.0,3.1,0.7,0.06,0.04,1.6,1.0,0.0,0.3,0.1,0.3,0.0,6.48,0.0,9.0,0.4,1.2,0.4,1086,17,Defender,0.4838709677419354,0.1999999999999999,0.0396825396825396,0.25,21.917067307692307,12.391826923076923,45.75120192307692,14.873798076923078,21.139931239825252,True,False
604330,Sebastiano Luperto,8529,Cagliari,ITA-Serie A,0.0,0.0,0.0,0.0,0.0,0.0,0.0,0.02,0.0,0.0,0.05,0.0,0.1,0.0,0.0,0.0,0.0,0.0,0.3,0.0,0.0,1887,21,Defender,0.0,0.0,0.0,0.0,1.6586538461538465,20.408653846153843,29.326923076923077,4.837740384615385,7.890880285303951,True,False
690149,Axel Tuanzebe,8191,Burnley,ENG-Premier League,0.0,0.0,0.0,0.0,0.0,0.1,0.0,0.0,0.0,0.0,0.0,0.0,0.0,0.0,0.0,0.0,0.0,0.0,0.0,0.0,0.0,932,11,Defender,0.0,0.0,0.0,0.0,1.6586538461538465,20.408653846153843,29.326923076923077,4.837740384615385,7.890880285303951,True,False
821728,Jorge Cuenca,9879,Fulham,ENG-Premier League,0.0,0.0,1.0,0.0,0.0,0.6,0.0,0.0,0.0,0.0,0.0,0.0,0.0,0.0,0.0,0.0,0.0,3.0,0.0,0.0,0.0,931,12,Defender,0.0,0.0,0.0,0.0,1.6586538461538465,20.408653846153843,29.326923076923077,4.837740384615385,7.890880285303951,True,False
671529,Konstantinos Tsimikas,8686,Roma,ITA-Serie A,0.9,28.9,0.0,0.0,2.2,0.1,0.03,0.07,1.3,0.0,0.0,1.3,0.0,0.4,0.7,0.0,0.0,1.0,1.1,1.5,1.1,408,13,Defender,0.6829268292682927,0.46428571428571436,0.03114186851211073,0.8461538461538461,44.47063688999174,67.3076923076923,67.66956162117452,64.89454094292805,59.085124318492426,True,True
