player_id,player,team_id,team,league,accurate_long_balls,accurate_pass,big_chance_created,clean_sheet,effective_clearance,expected_assists,expected_assists_per_90,expected_goals_per_90,fouls,goal_assist,goals_per_90,interception,ontarget_scoring_att,outfielder_block,poss_won_att_3rd,rating,saves,total_att_assist,total_scoring_att,total_tackle,won_contest,minutes_played,matches_played,position,clean_defend_rate,interception_share,progressive_pass_share,carry_to_foul_ratio,line_breaking,rest_defence,switch_play,aerial_command,composite_score,has_primary_season,is_manual_add
442602,Denis Vavro,8721,VfL Wolfsburg,GER-Bundesliga,5.4,47.1,0.0,0.0,8.5,0.5,0.02,0.05,0.3,0.0,0.07,1.4,0.3,1.2,0.1,7.0,0.0,7.0,0.9,0.8,0.1,2462,29,Defender,0.8800000000000001,0.6363636363636362,0.1146496815286624,0.3333333333333333,69.90492170022372,92.40492170022372,89.37360178970918,93.95413870246084,84.55934303886411,False,False
1458711,Murillo,10203,Nottingham Forest,ENG-Premier League,3.8,39.1,1.0,0.0,5.5,0.4,0.03,0.03,0.9,0.0,0.06,1.6,0.2,1.0,0.1,7.02,0.0,6.0,0.4,1.6,0.5,1551,18,Defender,0.7804878048780487,0.5,0.0971867007672634,0.5555555555555556,87.1492912149372,73.0267040239775,76.7043824929731,83.95321552515344,80.16080949242031,True,False
195305,Marc Bartra,8603,Real Betis,ESP-La Liga,3.4,41.8,0.0,0.0,7.1,0.4,0.02,0.01,0.7,0.0,0.06,1.4,0.2,1.2,0.1,6.93,0.0,4.0,0.5,2.3,0.3,1586,20,Defender,0.8409090909090909,0.3783783783783784,0.0813397129186603,0.4285714285714286,76.63960771238455,77.84752696036253,78.96218737451959,90.3389853295474,80.10820884184781,True,False
866708,Oumar Solet,8600,Udinese,ITA-Serie A,4.8,52.5,2.0,0.0,4.0,1.6,0.07,0.1,1.0,1.0,0.13,1.5,0.2,0.5,0.2,7.15,0.0,14.0,1.1,2.1,0.9,2141,25,Defender,0.782608695652174,0.4166666666666666,0.0914285714285714,0.9,95.16324105145414,62.67111942866976,90.88581999655824,62.67496450696953,77.9561678914815,True,False
767789,Marco Friedl,8697,SV Werder Bremen,GER-Bundesliga,4.1,50.9,0.0,0.0,5.6,0.9,0.05,0.03,0.6,0.0,0.05,1.3,0.1,1.1,0.2,6.84,0.0,5.0,0.4,1.6,0.2,1760,20,Defender,0.8285714285714285,0.4482758620689654,0.0805500982318271,0.3333333333333333,67.94805469511846,74.0518700166351,85.7475764354959,82.14708634486318,76.42949889693642,True,False
474589,José Giménez,9906,Atlético de Madrid,ESP-La Liga,4.4,56.2,1.0,0.0,5.2,0.3,0.01,0.02,0.6,1.0,0.0,1.2,0.0,0.9,0.0,6.81,0.0,2.0,0.2,1.2,0.1,1994,27,Defender,0.7999999999999999,0.5,0.0782918149466192,0.1666666666666666,61.951901565995534,79.35123042505592,89.3847874720358,80.59284116331095,76.13423792129363,False,False
751998,Omar Alderete,8472,Sunderland,ENG-Premier League,2.7,35.5,1.0,0.0,6.5,0.7,0.04,0.06,0.8,1.0,0.05,1.3,0.3,0.8,0.1,7.01,0.0,7.0,0.8,0.9,0.7,1906,22,Defender,0.7333333333333334,0.5909090909090908,0.076056338028169,0.8749999999999999,83.70192307692307,73.41346153846153,65.63701923076923,79.85576923076923,75.51148800665919,True,False
765998,Amos Pieper,8697,SV Werder Bremen,GER-Bundesliga,4.5,57.6,0.0,0.0,7.2,0.4,0.04,0.04,0.7,0.0,0.0,1.8,0.3,0.9,0.1,6.94,0.0,2.0,0.8,2.2,0.0,960,12,Defender,0.851063829787234,0.45,0.078125,0.0,53.175774751907305,84.42910894567774,88.37458053691275,91.00698925887684,75.46298673590431,True,False
420568,Diego Llorente,8603,Real Betis,ESP-La Liga,3.1,49.2,0.0,0.0,5.4,0.4,0.01,0.05,0.7,0.0,0.07,1.5,0.2,0.7,0.0,7.07,0.0,6.0,0.4,1.3,0.2,2522,30,Defender,0.7999999999999999,0.5357142857142857,0.0630081300813008,0.2857142857142857,63.49552572706935,83.7751677852349,76.68903803131991,82.9586129753915,75.25881617786064,False,False
824635,Diogo Leite,8149,1. FC Union Berlin,GER-Bundesliga,3.6,31.8,0.0,0.0,6.2,0.6,0.04,0.07,1.3,0.0,0.0,1.7,0.1,0.4,0.0,6.94,0.0,3.0,0.6,1.3,0.3,1361,16,Defender,0.6976744186046512,0.5666666666666667,0.1132075471698113,0.2307692307692307,75.64132141627947,72.12795954511559,74.04977270119888,79.32550694085928,75.06148418601121,True,False
161012,Daley Blind,7732,Girona,ESP-La Liga,4.7,60.9,1.0,0.0,4.7,0.8,0.04,0.0,0.6,0.0,0.0,1.2,0.0,0.6,0.0,6.85,0.0,9.0,0.0,2.0,0.4,1853,22,Defender,0.8421052631578947,0.3749999999999999,0.077175697865353,0.6666666666666667,83.21168007514484,69.51692730740551,91.43189281821832,54.90574628577984,74.95073853552151,True,False
782502,Malang Sarr,8588,Lens,FRA-Ligue 1,3.8,50.5,1.0,0.0,4.2,0.4,0.02,0.04,0.7,1.0,0.0,2.4,0.1,0.7,0.1,7.56,0.0,1.0,0.6,2.1,0.1,1890,21,Defender,0.8653846153846153,0.5333333333333333,0.0752475247524752,0.1428571428571428,59.0191285923249,87.15604923134288,86.90597573567372,73.0128742901394,74.78500393992589,True,False
839232,Fernando Calero,8558,Espanyol,ESP-La Liga,3.4,48.4,1.0,0.0,5.7,0.1,0.01,0.1,0.4,0.0,0.0,1.3,0.1,1.5,0.0,6.79,0.0,3.0,0.5,1.2,0.1,1495,19,Defender,0.8620689655172414,0.52,0.0702479338842975,0.25,58.58774038461539,87.03725961538461,79.77163461538461,81.93509615384615,74.71786315753297,True,False
1250485,Tarik Muharemovic,7943,Sassuolo,ITA-Serie A,3.1,43.3,1.0,0.0,7.4,0.3,0.01,0.04,0.9,2.0,0.09,1.6,0.2,0.9,0.0,6.95,0.0,5.0,0.6,1.4,0.2,1935,22,Defender,0.7692307692307693,0.5333333333333333,0.0715935334872979,0.2222222222222222,62.15144230769231,79.65745192307692,74.39903846153845,91.328125,74.70586607680744,True,False
952528,Adrián De La Fuente,8581,Levante,ESP-La Liga,5.0,39.7,1.0,0.0,6.0,0.9,0.05,0.1,1.1,1.0,0.11,1.5,0.2,0.8,0.1,6.76,0.0,6.0,1.1,1.1,0.2,1644,21,Defender,0.7027027027027027,0.5769230769230769,0.1259445843828715,0.1818181818181818,69.24278846153847,68.69591346153845,82.74038461538461,81.58052884615384,74.66065187079357,True,False
479217,David Costas,8670,Real Oviedo,ESP-La Liga,3.8,38.0,1.0,0.0,5.1,0.2,0.01,0.03,0.8,0.0,0.0,1.2,0.0,0.7,0.0,6.74,0.0,4.0,0.1,1.4,0.4,1430,17,Defender,0.7647058823529412,0.4615384615384615,0.0999999999999999,0.5,82.21754807692308,69.52524038461539,77.83653846153847,66.09975961538461,74.44933716841541,True,False
833219,Juan Foyth,10205,Villarreal,ESP-La Liga,3.0,48.8,0.0,0.0,5.4,0.2,0.02,0.01,0.8,0.0,0.0,1.5,0.0,1.0,0.1,6.97,0.0,0.0,0.2,1.9,0.3,936,13,Defender,0.8095238095238094,0.4411764705882353,0.0614754098360655,0.3749999999999999,67.33534281248208,72.66925514828199,76.92874146733207,82.6941988613549,73.93120172489168,True,False
1173250,Arthur Theate,9810,Eintracht Frankfurt,GER-Bundesliga,3.2,60.7,1.0,0.0,5.9,1.2,0.06,0.04,0.6,0.0,0.05,1.3,0.2,0.6,0.3,6.76,0.0,11.0,0.5,1.6,0.2,1702,19,Defender,0.8285714285714285,0.4482758620689654,0.0527182866556836,0.3333333333333333,64.86853238111627,81.85388343945391,78.65407918889463,72.86929781162162,73.84299000631765,True,False
719219,Konstantinos Mavropanos,8654,West Ham United,ENG-Premier League,3.5,37.0,0.0,0.0,7.3,0.3,0.02,0.06,0.5,0.0,0.0,1.5,0.2,0.7,0.1,6.72,0.0,0.0,0.7,1.3,0.0,1537,19,Defender,0.8484848484848485,0.5357142857142857,0.0945945945945946,0.0,56.85667089714909,88.79061980152585,74.4808696150978,85.4694939195778,73.77336804565724,True,False
760712,Trent Alexander-Arnold,8650,Liverpool,ENG-Premier League,4.8,47.6,15.0,0.0,1.8,7.4,0.28,0.09,0.4,6.0,0.11,1.2,0.3,0.3,0.4,7.38,0.0,53.0,1.7,2.7,0.6,2377,33,Defender,0.9069767441860463,0.3076923076923076,0.1008403361344537,1.4999999999999998,91.95749440715883,72.91387024608501,88.19910514541387,42.31543624161074,73.5266003241646,False,False
245315,Jeffrey Gouweleeuw,8406,FC Augsburg,GER-Bundesliga,4.2,42.7,4.0,0.0,5.6,3.0,0.09,0.05,0.7,4.0,0.03,1.1,0.2,0.5,0.1,7.03,0.0,14.0,0.6,1.5,0.2,2945,33,Defender,0.787878787878788,0.4230769230769231,0.0983606557377049,0.2857142857142857,71.74496644295301,70.04474272930648,82.88590604026845,69.65883668903803,73.50158983314988,False,False
210683,Aissa Mandi,8639,Lille,FRA-Ligue 1,4.8,59.5,0.0,0.0,3.6,0.8,0.05,0.06,0.8,0.0,0.06,1.6,0.1,0.6,0.1,7.08,0.0,7.0,0.4,1.4,0.2,1437,18,Defender,0.7894736842105263,0.5333333333333333,0.080672268907563,0.25,70.46102399185453,76.54532710950495,91.09015588252164,56.74236720587391,73.45370513336582,True,False
411617,Aymeric Laporte,8315,Athletic Club,ESP-La Liga,3.3,50.3,1.0,0.0,6.2,0.2,0.01,0.03,0.3,1.0,0.0,1.1,0.1,1.0,0.0,6.89,0.0,3.0,0.5,0.9,0.1,1040,13,Defender,0.8695652173913044,0.55,0.0656063618290258,0.3333333333333333,59.06850961538461,83.34735576923077,79.23076923076923,75.52884615384615,72.77392495669577,True,False
1207992,Vanderson,9829,Monaco,FRA-Ligue 1,3.4,39.6,5.0,0.0,2.6,3.8,0.16,0.1,1.2,3.0,0.04,1.7,0.3,0.3,0.7,7.22,0.0,23.0,0.9,3.3,1.0,2073,29,Defender,0.8064516129032258,0.3399999999999999,0.0858585858585858,0.8333333333333334,90.2013422818792,65.32438478747204,76.62192393736018,55.23489932885906,72.42086515817213,False,False
1388678,Clement Akpa,8583,Auxerre,FRA-Ligue 1,3.4,40.2,1.0,0.0,4.0,0.8,0.04,0.01,0.6,0.0,0.0,1.0,0.0,0.4,0.1,6.64,0.0,8.0,0.3,1.4,0.6,1680,20,Defender,0.7999999999999999,0.4166666666666667,0.0845771144278606,1.0,84.43497067343544,72.77663052830839,75.0896109390237,53.77760569035737,72.18882104773675,True,False
492116,Jordan Lefort,8121,Angers,FRA-Ligue 1,3.2,51.2,2.0,0.0,5.5,0.8,0.04,0.02,0.6,1.0,0.0,1.4,0.0,0.5,0.0,6.83,0.0,5.0,0.3,1.2,0.2,1980,22,Defender,0.8125,0.5384615384615385,0.0625,0.3333333333333333,64.4231755148282,80.26254087076235,75.04816655194172,70.30135016921929,71.95626612125058,True,False
1252070,Nathan Ngoy,8639,Lille,FRA-Ligue 1,3.2,54.9,2.0,0.0,3.6,0.6,0.04,0.05,0.8,1.0,0.0,1.7,0.2,0.4,0.1,6.67,0.0,3.0,0.8,1.5,0.3,1414,18,Defender,0.8,0.53125,0.058287795992714,0.3749999999999999,66.9951923076923,85.79927884615384,78.04086538461539,57.71634615384615,71.86613449664252,True,False
189982,Fabian Schär,10261,Newcastle United,ENG-Premier League,5.9,55.4,0.0,0.0,5.9,0.6,0.05,0.08,1.2,0.0,0.0,1.5,0.3,1.0,0.1,7.07,0.0,4.0,1.4,1.2,0.0,1091,16,Defender,0.6923076923076923,0.5555555555555555,0.1064981949458483,0.0,57.25981256811794,64.37747375666838,91.53017983135436,82.2851685739689,71.28429368632361,True,False
503659,Joachim Andersen,9879,Fulham,ENG-Premier League,5.5,64.9,3.0,0.0,7.2,1.5,0.06,0.05,1.0,1.0,0.0,1.0,0.1,0.7,0.0,6.91,0.0,6.0,0.5,1.5,0.2,2202,25,Defender,0.7142857142857143,0.4,0.0847457627118644,0.2,67.22057305110997,55.421434922273846,95.3794527620031,73.29458677508173,71.12924376296483,True,False
666954,Chidozie Awaziem,9830,Nantes,FRA-Ligue 1,6.0,53.5,1.0,0.0,7.7,1.1,0.06,0.03,0.9,1.0,0.06,1.0,0.2,0.7,0.0,6.84,0.0,8.0,0.4,1.1,0.2,1606,18,Defender,0.7000000000000001,0.4761904761904761,0.1121495327102803,0.2222222222222222,70.20432692307692,55.74519230769231,92.6923076923077,70.13822115384615,71.025269706701,True,False
1053678,Mamadou Mbow,6379,Paris FC,FRA-Ligue 1,4.0,54.6,1.0,0.0,5.0,0.5,0.02,0.03,0.9,1.0,0.0,1.3,0.1,0.6,0.1,6.86,0.0,4.0,0.3,1.8,0.2,1816,21,Defender,0.775,0.4193548387096774,0.0732600732600732,0.2222222222222222,65.2764423076923,67.63221153846153,86.86298076923076,65.40264423076923,70.76085693695099,True,False
1163501,Filippo Terracciano,7801,Cremonese,ITA-Serie A,2.5,39.5,0.0,0.0,3.6,0.5,0.02,0.08,0.5,0.0,0.09,1.7,0.2,0.8,0.1,6.85,0.0,6.0,0.6,0.8,0.2,2102,24,Defender,0.8333333333333334,0.6799999999999999,0.0632911392405063,0.4,61.20192307692308,94.63942307692308,63.10096153846154,70.26442307692308,70.69743102643592,True,False
1276626,Samson Baidoo,8588,Lens,FRA-Ligue 1,2.9,48.0,1.0,0.0,3.9,0.4,0.02,0.09,0.9,1.0,0.12,1.3,0.2,1.2,0.2,7.3,0.0,3.0,0.9,1.6,0.4,1545,18,Defender,0.7631578947368421,0.4482758620689654,0.0604166666666666,0.4444444444444445,71.02764423076923,69.04447115384616,71.86298076923077,70.67908653846153,70.66346713308772,True,False
1190113,Otavio,6379,Paris FC,FRA-Ligue 1,3.6,59.1,0.0,0.0,6.5,0.2,0.01,0.01,1.1,0.0,0.0,1.3,0.1,0.8,0.2,6.82,0.0,3.0,0.6,2.0,0.3,1634,19,Defender,0.7499999999999999,0.393939393939394,0.0609137055837563,0.2727272727272727,67.00120192307692,57.96875,83.25721153846153,79.85576923076923,70.66266080706369,True,False
1413996,Luka Vuskovic,9790,Hamburger SV,GER-Bundesliga,3.4,51.3,0.0,0.0,8.3,0.6,0.03,0.13,1.1,0.0,0.21,1.2,0.3,1.0,0.0,7.26,0.0,8.0,1.2,0.7,0.3,1710,19,Defender,0.6333333333333333,0.631578947368421,0.0662768031189083,0.2727272727272727,68.38341346153847,55.61298076923077,80.78125,84.5733173076923,70.64047182893954,True,False
196169,Marcos Alonso,9910,Celta de Vigo,ESP-La Liga,4.3,69.0,1.0,0.0,5.8,1.3,0.07,0.09,0.7,0.0,0.05,1.0,0.1,0.6,0.2,7.11,0.0,10.0,0.9,1.4,0.4,1794,21,Defender,0.7741935483870969,0.4166666666666667,0.0623188405797101,0.5714285714285715,76.85596282911719,60.67862494980784,86.76602922618024,57.93051432627775,70.57178632450264,True,False
760398,Cedric Kipre,9837,Reims,FRA-Ligue 1,2.5,46.9,1.0,0.0,6.5,1.4,0.06,0.03,1.0,1.0,0.0,1.3,0.0,1.1,0.1,6.96,0.0,10.0,0.4,1.7,0.4,2190,28,Defender,0.75,0.4333333333333333,0.0533049040511727,0.4,66.94630872483222,65.08948545861297,66.45413870246085,89.77069351230425,70.36442204490727,False,False
860913,Jhon Lucumi,9857,Bologna,ITA-Serie A,4.8,56.4,0.0,0.0,3.8,0.3,0.02,0.06,0.8,0.0,0.07,1.3,0.1,0.6,0.1,6.91,0.0,4.0,0.5,1.5,0.2,1282,17,Defender,0.7777777777777778,0.4642857142857143,0.0851063829787234,0.25,70.50646582630644,66.57602499569781,90.6443060574772,54.43256861985888,70.27567845187143,True,False
1030829,Jarrad Branthwaite,8668,Everton,ENG-Premier League,3.0,35.2,2.0,0.0,6.7,0.6,0.02,0.04,0.4,1.0,0.0,1.0,0.1,0.8,0.1,6.98,0.0,3.0,0.4,1.3,0.1,2510,30,Defender,0.8518518518518519,0.4347826086956522,0.0852272727272727,0.25,61.12975391498881,76.00111856823267,70.29082774049218,77.23154362416108,70.0429449571093,False,False
1367619,Dean Huijsen,8633,Real Madrid,ESP-La Liga,4.7,64.5,1.0,0.0,5.4,1.0,0.07,0.12,0.9,2.0,0.07,1.1,0.2,0.7,0.1,7.31,0.0,9.0,1.0,1.5,0.1,1374,18,Defender,0.7428571428571429,0.4230769230769231,0.0728682170542635,0.1111111111111111,58.18308846727471,62.309834437560944,91.22985143119372,75.40191375552114,69.7571768941802,True,False
38432,Dante,9831,Nice,FRA-Ligue 1,2.8,57.8,0.0,0.0,3.3,0.5,0.02,0.02,0.9,0.0,0.0,1.6,0.1,0.6,0.1,6.91,0.0,4.0,0.4,1.5,0.3,1965,25,Defender,0.775,0.5161290322580645,0.0484429065743944,0.3333333333333333,62.05257270693513,77.36577181208052,72.30425055928411,69.3400447427293,69.65510223785226,False,False
1253852,Castello Lukeba,178475,RB Leipzig,GER-Bundesliga,2.2,62.8,0.0,0.0,4.9,0.4,0.02,0.06,0.5,0.0,0.06,1.6,0.1,0.9,0.1,7.1,0.0,5.0,0.3,1.2,0.9,1446,17,Defender,0.8484848484848485,0.5714285714285715,0.0350318471337579,1.8,68.11192314862618,83.16042132736764,56.96208340503642,73.97609777433603,69.60827367780381,True,False
1337884,Konstantinos Koulierakis,8721,VfL Wolfsburg,GER-Bundesliga,3.1,50.1,0.0,0.0,6.4,0.7,0.04,0.12,1.0,0.0,0.06,1.5,0.4,0.7,0.1,6.68,0.0,5.0,1.0,1.1,0.1,1582,19,Defender,0.7222222222222222,0.5769230769230769,0.06187624750499,0.1,58.21658277404922,69.82283958584293,78.77412809040327,77.46778738599208,69.57184507193769,True,False
1133081,Sinaly Diomandé,8583,Auxerre,FRA-Ligue 1,3.4,35.0,0.0,0.0,4.8,0.1,0.01,0.1,1.3,0.0,0.09,1.7,0.1,0.5,0.0,6.78,0.0,1.0,0.3,1.3,0.3,1054,12,Defender,0.6976744186046512,0.5666666666666667,0.0971428571428571,0.2307692307692307,70.52145177250043,66.21446215510814,69.4988133138301,72.11909525038719,69.4766690055286,True,False
500502,Adam Masina,9804,Torino,ITA-Serie A,3.1,49.1,1.0,0.0,4.2,0.7,0.03,0.03,1.1,2.0,0.05,1.3,0.1,0.7,0.1,6.87,0.0,4.0,0.4,1.5,0.3,1918,28,Defender,0.717948717948718,0.4642857142857143,0.0631364562118126,0.2727272727272727,67.32102908277405,61.72818791946308,76.68903803131991,73.48434004474272,69.26094104763739,False,False
643724,Philipp Lienhart,8358,Sport-Club Freiburg,GER-Bundesliga,3.9,62.2,1.0,0.0,3.9,1.0,0.03,0.02,0.7,0.0,0.03,1.2,0.0,0.6,0.0,6.74,0.0,6.0,0.3,0.7,0.1,2771,32,Defender,0.7307692307692308,0.631578947368421,0.062700964630225,0.1428571428571428,57.04697986577182,72.2427293064877,85.97315436241611,66.87360178970917,69.21655686120855,False,False
861805,Jaka Bijol,8463,Leeds United,ENG-Premier League,2.8,45.5,1.0,0.0,6.3,0.5,0.04,0.04,0.8,1.0,0.08,1.5,0.3,0.4,0.1,7.0,0.0,3.0,0.5,1.3,0.2,1075,13,Defender,0.7777777777777778,0.5357142857142857,0.0615384615384615,0.25,58.86418269230769,80.95552884615384,69.8798076923077,70.75721153846153,69.03336306979536,True,False
343766,Anthony Jung,8697,SV Werder Bremen,GER-Bundesliga,2.5,63.6,0.0,0.0,3.5,0.5,0.02,0.0,0.4,0.0,0.0,1.2,0.0,0.7,0.0,6.67,0.0,2.0,0.0,1.6,0.3,1898,28,Defender,0.875,0.4285714285714286,0.0393081761006289,0.7499999999999999,62.248322147651,82.00223713646531,67.36017897091723,66.9463087248322,69.0145809644574,False,False
867080,Jeff Chabot,10269,VfB Stuttgart,GER-Bundesliga,3.9,64.8,0.0,0.0,7.5,0.5,0.03,0.05,1.4,0.0,0.0,1.5,0.2,0.7,0.2,7.3,0.0,4.0,0.8,1.2,0.2,1521,18,Defender,0.6585365853658538,0.5555555555555555,0.0601851851851851,0.1428571428571428,56.5962183789365,58.48682276429759,85.44007772615153,84.65569071588367,68.55630017011961,True,False
303905,Dominik Kohr,9905,1. FSV Mainz 05,GER-Bundesliga,3.7,36.6,2.0,0.0,5.0,1.7,0.11,0.06,1.3,0.0,0.06,1.4,0.1,0.6,0.1,6.73,0.0,7.0,0.6,1.8,0.3,1430,17,Defender,0.7111111111111111,0.4374999999999999,0.1010928961748633,0.2307692307692307,69.87140946767624,55.771399787758845,77.16697498996157,73.77860057075661,68.44420589202497,True,False
805352,Unai Nunez,9876,Verona,ITA-Serie A,3.0,30.7,0.0,0.0,4.4,0.4,0.03,0.03,1.9,0.0,0.0,1.6,0.1,0.9,0.1,6.6,0.0,5.0,0.5,1.7,0.6,1265,17,Defender,0.6346153846153847,0.4848484848484849,0.0977198697068403,0.3157894736842105,80.06610576923076,52.48798076923077,67.00721153846153,77.06730769230768,68.38392151268779,True,False
210423,Florent Hanin,8121,Angers,FRA-Ligue 1,2.3,35.1,4.0,0.0,2.7,2.5,0.09,0.03,0.5,2.0,0.03,1.6,0.0,0.3,0.2,6.95,0.0,25.0,0.4,2.3,0.4,2677,33,Defender,0.8863636363636362,0.4102564102564103,0.0655270655270655,0.8,72.97539149888144,85.97315436241611,59.149888143176746,55.03914988814317,68.18148732644161,False,False
1327489,Kike Salas,8302,Sevilla,ESP-La Liga,3.2,53.4,0.0,0.0,8.2,0.2,0.02,0.07,1.5,0.0,0.09,1.9,0.4,0.8,0.2,7.26,0.0,3.0,0.9,2.4,0.2,1033,13,Defender,0.7413793103448276,0.4418604651162791,0.0599250936329588,0.1333333333333333,54.68461395055355,66.49719640910916,74.39557878735731,87.75770091206333,68.17171318179156,True,False
291635,Pedro Bigas,10268,Elche,ESP-La Liga,3.7,65.3,4.0,0.0,3.9,1.1,0.07,0.04,1.0,2.0,0.0,1.4,0.1,0.7,0.0,7.06,0.0,10.0,0.5,1.9,0.2,1331,17,Defender,0.7674418604651163,0.4242424242424242,0.0566615620214395,0.2,59.16466346153845,68.0048076923077,84.03846153846153,65.09014423076923,68.16731589362162,True,False
1119461,Loic Badé,8178,Bayer 04 Leverkusen,GER-Bundesliga,2.6,73.8,0.0,0.0,5.9,0.7,0.05,0.07,0.6,0.0,0.0,1.3,0.2,1.0,0.1,7.05,0.0,2.0,0.6,1.9,0.2,1309,18,Defender,0.8421052631578947,0.40625,0.035230352303523,0.3333333333333333,60.30130535478688,69.09619149027706,72.09584552285895,74.28785385475821,68.01781300880243,True,False
531327,Eric Smith,8152,FC St. Pauli,GER-Bundesliga,3.6,53.0,0.0,0.0,3.8,0.7,0.04,0.03,0.6,2.0,0.11,0.9,0.3,0.7,0.1,6.81,0.0,10.0,0.5,1.2,0.5,1665,19,Defender,0.7777777777777778,0.4285714285714285,0.0679245283018867,0.8333333333333334,74.54675579360982,63.19223061148396,80.7802371938278,49.62612215338725,67.27642336953019,True,False
209405,Virgil van Dijk,8650,Liverpool,ENG-Premier League,4.2,69.0,0.0,0.0,7.9,0.7,0.03,0.07,0.4,0.0,0.08,0.6,0.2,0.5,0.0,7.24,0.0,8.0,0.7,0.6,0.1,2340,26,Defender,0.7499999999999999,0.5,0.0608695652173913,0.25,57.45937123558768,68.99586093902369,87.53629969024264,59.3606773074055,67.26061530198895,True,False
239920,Matt Doherty,8602,Wolverhampton Wanderers,ENG-Premier League,3.2,43.9,4.0,0.0,4.0,1.2,0.05,0.04,0.8,1.0,0.09,0.9,0.1,0.6,0.3,6.89,0.0,12.0,0.4,1.6,0.5,2113,30,Defender,0.7575757575757576,0.36,0.0728929384965831,0.625,81.06263982102908,53.21588366890381,76.42058165548099,57.51677852348993,67.13021493902424,False,False
959407,James Hill,8678,Bournemouth,ENG-Premier League,2.5,28.7,2.0,0.0,7.3,0.8,0.07,0.02,0.9,3.0,0.0,1.9,0.1,0.6,0.0,7.12,0.0,5.0,0.4,1.8,0.1,1024,17,Defender,0.8043478260869564,0.5135135135135135,0.0871080139372822,0.1111111111111111,51.73076923076924,84.51923076923076,60.28846153846155,85.00600961538461,67.11383273535313,True,False
571379,Marnon-Thomas Busch,94937,1. FC Heidenheim 1846,GER-Bundesliga,3.4,26.9,6.0,0.0,4.5,2.4,0.17,0.04,0.7,2.0,0.0,1.3,0.1,0.6,0.2,6.63,0.0,12.0,0.4,1.6,0.1,1216,20,Defender,0.8055555555555556,0.4482758620689654,0.1263940520446096,0.1428571428571428,64.73422352721849,71.14067967360752,71.45202346125166,60.08315766075833,66.9304690051569,True,False
961306,Nathan Collins,9937,Brentford,ENG-Premier League,3.1,44.3,4.0,0.0,6.7,0.8,0.03,0.07,0.6,2.0,0.04,1.2,0.2,1.4,0.0,6.96,0.0,8.0,0.5,1.0,0.1,2026,24,Defender,0.7857142857142857,0.5454545454545454,0.0699774266365688,0.1666666666666666,53.452199133826646,71.00682792692021,69.01494292433891,81.45108235817128,66.5472106423624,True,False
700074,Jordan Torunarigha,9790,Hamburger SV,GER-Bundesliga,2.2,50.2,0.0,0.0,7.7,0.6,0.06,0.0,1.0,0.0,0.0,1.4,0.1,0.7,0.0,7.02,0.0,1.0,0.1,2.0,0.6,969,12,Defender,0.7727272727272726,0.4117647058823529,0.0438247011952191,0.6,65.22235576923077,67.04326923076924,56.43028846153846,83.13701923076923,66.48821867709769,True,False
1002058,Nico Schlotterbeck,9789,Borussia Dortmund,GER-Bundesliga,7.2,60.9,1.0,0.0,4.6,1.7,0.1,0.15,1.0,1.0,0.18,0.8,0.4,0.4,0.1,7.61,0.0,7.0,1.4,2.1,0.5,1530,17,Defender,0.7435897435897436,0.2758620689655172,0.1182266009852216,0.5,87.3700202202719,43.72241223541559,95.71783757815638,47.10220917225951,66.44177628121406,True,False
193901,Stefan Bell,9905,1. FSV Mainz 05,GER-Bundesliga,2.9,25.3,3.0,0.0,8.9,0.6,0.05,0.15,1.3,1.0,0.17,1.6,0.4,0.9,0.1,6.86,0.0,5.0,1.0,1.0,0.1,1041,18,Defender,0.6666666666666666,0.6153846153846154,0.1146245059288537,0.0769230769230769,55.23958691848793,62.78672273848448,66.83249799231344,93.09522529111456,66.40097943003957,True,False
353519,Kevin Akpoguma,8226,TSG 1899 Hoffenheim,GER-Bundesliga,2.6,48.0,0.0,0.0,4.4,0.6,0.03,0.0,1.0,0.0,0.0,1.2,0.0,1.5,0.0,6.53,0.0,7.0,0.2,2.2,0.3,2216,32,Defender,0.7727272727272727,0.3529411764705882,0.0541666666666666,0.3,62.88031319910514,59.16107382550336,68.45637583892618,79.88255033557047,66.36013809257344,False,False
950485,Maxence Lacroix,9826,Crystal Palace,ENG-Premier League,2.5,41.0,3.0,0.0,7.0,0.8,0.03,0.07,0.9,2.0,0.0,1.3,0.1,0.5,0.0,7.09,0.0,5.0,0.6,1.9,0.2,2340,26,Defender,0.7804878048780487,0.40625,0.0609756097560975,0.2222222222222222,58.93535249239947,69.07981629667871,65.96698789651809,75.89123357999196,66.34688617008395,True,False
1279034,Aaron Zehnter,8721,VfL Wolfsburg,GER-Bundesliga,2.5,29.6,1.0,0.0,3.0,1.5,0.11,0.04,0.1,0.0,0.15,1.2,0.2,0.4,0.1,6.84,0.0,15.0,0.6,0.9,0.3,1208,16,Defender,0.9545454545454544,0.5714285714285714,0.0844594594594594,3.0,76.33413461538461,87.84855769230768,60.14423076923077,42.44591346153847,66.23918272421854,True,False
662428,Antonee Robinson,9879,Fulham,ENG-Premier League,1.9,37.5,6.0,0.0,3.5,4.1,0.12,0.02,0.9,10.0,0.0,1.8,0.1,0.3,0.2,7.34,0.0,43.0,0.5,2.7,1.1,3167,36,Defender,0.8333333333333333,0.4,0.0506666666666666,1.2222222222222223,74.37360178970917,77.78523489932886,50.62639821029083,63.29977628635347,66.14920496771514,False,False
445226,Jean-Philippe Gbamin,8550,Metz,FRA-Ligue 1,4.7,61.4,2.0,0.0,3.5,0.3,0.02,0.09,0.6,1.0,0.06,0.8,0.2,0.5,0.0,6.55,0.0,9.0,0.5,1.8,0.8,1559,19,Defender,0.8125,0.3076923076923077,0.0765472312703583,1.3333333333333337,91.74879807692308,52.30168269230769,91.4903846153846,36.003605769230774,66.07270595267966,True,False
1178512,Chrislain Matsima,8406,FC Augsburg,GER-Bundesliga,2.4,41.3,1.0,0.0,6.1,0.4,0.03,0.03,0.6,1.0,0.07,2.1,0.1,1.3,0.0,6.84,0.0,4.0,0.4,1.1,0.1,1260,14,Defender,0.8421052631578947,0.65625,0.0581113801452784,0.1666666666666666,46.28475807376814,95.04418703034476,53.77601029656399,92.12848835541789,66.0144064977306,True,False
914103,Johan Vásquez,10233,Genoa,ITA-Serie A,3.1,47.0,0.0,0.0,4.7,0.5,0.02,0.04,0.8,0.0,0.0,1.1,0.2,0.9,0.1,6.73,0.0,6.0,0.8,1.5,0.2,2233,25,Defender,0.7647058823529411,0.4230769230769231,0.0659574468085106,0.25,57.47875795904319,67.24648475592268,72.0703909252567,71.12573854184592,66.01067694225146,True,False
940743,Daniel Vivian,8315,Athletic Club,ESP-La Liga,3.6,40.3,1.0,0.0,5.2,0.5,0.02,0.06,1.5,0.0,0.0,1.3,0.2,0.5,0.2,6.55,0.0,3.0,0.6,1.7,0.1,1648,19,Defender,0.6666666666666666,0.4333333333333333,0.0893300248138957,0.0666666666666666,61.87638924740435,57.325904893018986,81.61751419721219,65.95899300177824,65.89399866092931,True,False
1225450,Mika Mármol,8306,Las Palmas,ESP-La Liga,2.7,37.0,1.0,0.0,4.3,2.0,0.08,0.02,1.2,1.0,0.0,1.4,0.0,0.5,0.0,6.74,0.0,16.0,0.4,2.3,0.3,2398,30,Defender,0.7551020408163266,0.3783783783783784,0.0729729729729729,0.25,66.91275167785236,59.59731543624161,66.80089485458612,70.32438478747203,65.62602500895846,False,False
664970,Waldemar Anton,9789,Borussia Dortmund,GER-Bundesliga,2.7,67.1,0.0,0.0,5.5,0.6,0.03,0.06,0.8,0.0,0.1,0.9,0.2,0.6,0.1,7.52,0.0,6.0,0.6,2.0,0.5,1800,20,Defender,0.7837837837837838,0.3103448275862069,0.0402384500745156,0.625,70.32641039981644,57.05968923879997,71.21672976538748,63.1563790655653,65.53100630095958,True,False
1337979,Étienne Youté Kinkoué,9746,Le Havre,FRA-Ligue 1,2.4,43.4,0.0,0.0,5.9,0.3,0.01,0.05,0.5,0.0,0.0,1.1,0.1,0.9,0.1,6.33,0.0,3.0,0.5,0.7,0.1,2320,28,Defender,0.782608695652174,0.6111111111111112,0.0552995391705069,0.2,50.536912751677846,78.03131991051454,63.80313199105145,80.35794183445189,65.51882663256441,False,False
847983,Lisandro Martinez,10260,Manchester United,ENG-Premier League,2.9,63.4,1.0,0.0,4.6,0.5,0.05,0.01,0.8,0.0,0.0,1.0,0.0,0.7,0.1,0.0,0.0,4.0,0.4,1.2,1.1,905,14,Defender,0.7333333333333334,0.4545454545454545,0.0457413249211356,1.375,70.33254997705502,62.37656312740205,69.41095910055641,57.58303218034761,65.36092456497671,True,False
240537,Danny da Costa,9905,1. FSV Mainz 05,GER-Bundesliga,2.7,28.5,3.0,0.0,5.6,1.9,0.09,0.04,0.9,1.0,0.05,1.0,0.2,0.6,0.1,6.8,0.0,12.0,0.4,1.4,0.4,1833,22,Defender,0.7272727272727273,0.4166666666666667,0.0947368421052631,0.4444444444444445,76.55545517122698,56.74434800378592,66.56617478345666,59.89190758905524,65.30711891683066,True,False
896402,José Copete,10267,Valencia CF,ESP-La Liga,2.6,43.5,0.0,0.0,5.9,0.6,0.03,0.08,1.0,0.0,0.0,1.2,0.0,0.8,0.2,6.68,0.0,5.0,0.6,1.3,0.4,1670,20,Defender,0.7142857142857143,0.48,0.0597701149425287,0.4,66.81182061320483,53.00970142832559,68.69184879251993,75.29719138989273,65.03196670475741,True,False
243138,James Tarkowski,8668,Everton,ENG-Premier League,2.7,34.2,1.0,0.0,7.0,1.3,0.05,0.07,0.8,1.0,0.0,1.0,0.2,1.4,0.1,7.13,0.0,13.0,0.4,1.4,0.1,2340,26,Defender,0.7499999999999999,0.4166666666666667,0.0789473684210526,0.125,57.9819702575575,58.240226868582575,68.27175830321802,81.80267846899557,64.77500153834762,True,False
198277,Nicolas Pallois,9830,Nantes,FRA-Ligue 1,2.9,31.5,1.0,0.0,7.0,0.4,0.02,0.02,1.0,2.0,0.0,1.2,0.0,0.8,0.1,6.81,0.0,3.0,0.1,2.7,0.1,2020,26,Defender,0.7959183673469388,0.3076923076923076,0.092063492063492,0.1,56.722595078299776,58.68568232662192,67.57270693512304,84.31767337807605,64.6973391055832,False,False
974618,Jan Paul van Hecke,10204,Brighton and Hove Albion,ENG-Premier League,4.2,63.5,1.0,0.0,5.1,0.9,0.04,0.09,0.9,2.0,0.13,1.1,0.3,0.8,0.1,7.09,0.0,7.0,0.7,1.4,0.1,2131,24,Defender,0.7352941176470589,0.44,0.0661417322834645,0.1111111111111111,58.68796786267424,53.5112376670682,88.92456117707796,62.195665189582975,64.36998776997848,True,False
900523,Keven Schlotterbeck,8406,FC Augsburg,GER-Bundesliga,3.8,46.5,1.0,0.0,5.7,0.8,0.05,0.03,1.3,1.0,0.0,1.0,0.1,1.0,0.0,7.1,0.0,9.0,0.6,1.7,0.4,1476,17,Defender,0.675,0.3703703703703703,0.0817204301075268,0.3076923076923077,72.21493539551425,45.41876398210291,77.82608773590317,65.80613097286754,64.31784833408227,True,False
488412,Clément Lenglet,9906,Atlético de Madrid,ESP-La Liga,4.6,54.2,2.0,0.0,4.7,0.7,0.03,0.11,1.3,1.0,0.09,1.0,0.2,0.8,0.0,7.13,0.0,5.0,0.5,1.2,0.1,1976,23,Defender,0.6285714285714287,0.4545454545454545,0.084870848708487,0.0769230769230769,60.223713646532445,45.397091722595086,90.12304250559286,69.75391498881432,63.916052728861686,False,False
1194892,Arnau Martinez,7732,Girona,ESP-La Liga,2.6,40.5,3.0,0.0,5.1,0.9,0.05,0.04,1.0,1.0,0.06,1.6,0.1,0.5,0.1,7.03,0.0,8.0,0.5,2.6,0.5,1535,21,Defender,0.8076923076923077,0.3809523809523809,0.0641975308641975,0.5,68.83779147306831,70.0826826277749,56.98004502954168,58.77530222853209,63.90287963846024,True,False
566158,Kevin Diks,9788,Borussia Mönchengladbach,GER-Bundesliga,3.0,54.4,0.0,0.0,5.1,0.9,0.05,0.19,0.7,0.0,0.17,0.9,0.4,0.7,0.1,6.99,0.0,4.0,0.7,1.8,0.4,1601,19,Defender,0.7941176470588235,0.3333333333333333,0.0551470588235294,0.5714285714285715,71.36418269230768,53.26322115384615,74.65144230769229,55.75120192307692,63.85006495465474,True,False
954962,David Carmo,8670,Real Oviedo,ESP-La Liga,5.2,45.0,0.0,0.0,7.9,0.4,0.02,0.06,1.3,0.0,0.07,1.1,0.2,1.0,0.1,6.71,0.0,6.0,0.6,1.6,0.1,1362,17,Defender,0.675,0.4074074074074074,0.1155555555555555,0.0769230769230769,59.05048076923077,42.63822115384615,86.77884615384616,80.99759615384616,63.84320701281438,True,False
958464,Leonardo Balerdi,8592,Marseille,FRA-Ligue 1,3.6,69.4,0.0,0.0,4.1,0.2,0.02,0.09,1.1,1.0,0.0,1.1,0.2,0.5,0.3,6.91,0.0,4.0,0.8,2.3,0.4,1177,16,Defender,0.7555555555555555,0.3235294117647059,0.0518731988472622,0.3636363636363636,69.51981335685194,53.28990814833935,77.4573366603568,55.27800184993978,63.83662665442606,True,False
307021,Emre Can,9789,Borussia Dortmund,GER-Bundesliga,3.9,72.4,0.0,0.0,3.7,1.4,0.06,0.09,1.1,0.0,0.13,0.9,0.1,0.7,0.1,6.97,0.0,8.0,0.4,2.1,0.6,2102,31,Defender,0.7317073170731708,0.3,0.0538674033149171,0.5454545454545454,78.61297539149888,40.29642058165548,84.63087248322147,58.13758389261744,63.78792695895447,False,False
807729,Reece James,8455,Chelsea,ENG-Premier League,2.9,53.4,6.0,0.0,1.9,2.3,0.13,0.05,1.4,4.0,0.12,1.6,0.4,0.4,0.4,7.25,0.0,21.0,0.9,2.3,0.5,1537,23,Defender,0.7358490566037736,0.4102564102564103,0.0543071161048689,0.3571428571428571,72.37940436241611,62.175418029025415,73.81908592898526,45.18884801812654,63.72907277249667,True,False
1191407,Aitor Paredes,8315,Athletic Club,ESP-La Liga,3.5,45.7,1.0,0.0,4.3,0.5,0.03,0.06,1.1,0.0,0.06,1.6,0.2,0.2,0.0,7.01,0.0,3.0,0.7,1.3,0.1,1449,17,Defender,0.7250000000000001,0.5517241379310345,0.0765864332603938,0.0909090909090909,53.11217410944761,65.3974412751678,78.81413841564847,61.82573101302128,63.65511367162621,True,False
184521,Florian Lejeune,8370,Rayo Vallecano,ESP-La Liga,4.1,53.6,1.0,0.0,5.7,0.3,0.01,0.05,1.6,0.0,0.0,1.2,0.3,0.8,0.0,7.0,0.0,9.0,1.3,1.7,0.2,2061,23,Defender,0.6444444444444444,0.4137931034482758,0.0764925373134328,0.125,62.29263465840646,42.473138229220446,87.12859591005564,73.18667362186657,63.57497209857728,True,False
448865,Brendan Chardonnet,8521,Brest,FRA-Ligue 1,3.3,39.1,2.0,0.0,6.3,0.6,0.03,0.02,1.0,2.0,0.0,1.1,0.3,1.5,0.1,6.87,0.0,7.0,0.4,1.3,0.1,1737,20,Defender,0.7058823529411765,0.4583333333333333,0.0843989769820971,0.1,54.22025576492859,52.83326700797338,76.08881144954971,79.8374939052372,63.35004306955495,True,False
711357,Ethan Pinnock,9937,Brentford,ENG-Premier League,2.2,42.5,2.0,0.0,6.5,0.7,0.03,0.05,0.4,0.0,0.09,1.1,0.3,0.8,0.0,6.68,0.0,8.0,0.5,1.6,0.1,1913,22,Defender,0.8709677419354839,0.4074074074074074,0.0517647058823529,0.25,48.71364653243848,77.48322147651007,58.50111856823267,80.0503355704698,63.25003690601451,False,False
1199947,Leopold Querfeld,8149,1. FC Union Berlin,GER-Bundesliga,4.7,32.5,3.0,0.0,6.9,1.5,0.07,0.15,1.5,0.0,0.09,1.2,0.4,0.8,0.0,7.03,0.0,17.0,1.1,1.7,0.1,1980,22,Defender,0.6590909090909091,0.4137931034482758,0.1446153846153846,0.0666666666666666,62.67340496472209,45.40671786267424,76.97038303791659,75.26529247691161,63.14004359228556,True,False
614384,Maximilian Mittelstaedt,10269,VfB Stuttgart,GER-Bundesliga,2.0,45.9,8.0,0.0,3.0,3.9,0.25,0.14,0.4,3.0,0.19,1.8,0.6,0.4,0.2,7.56,0.0,25.0,1.2,3.2,0.4,1424,21,Defender,0.9259259259259258,0.36,0.0435729847494553,1.0,63.75218694430104,79.88441461595824,53.09287701485689,57.39639799518155,63.09573925185737,True,False
844425,Marc Guehi,8456,Manchester City,ENG-Premier League,2.4,51.3,0.0,0.0,5.1,1.8,0.07,0.11,0.7,0.0,0.0,1.3,0.3,0.7,0.0,7.32,0.0,11.0,0.9,1.4,0.1,2160,24,Defender,0.7941176470588235,0.4814814814814814,0.0467836257309941,0.1428571428571428,53.08407546033385,70.02391298112775,66.68837477772041,66.37510396948316,62.98170995643826,True,False
1197655,Lewis Hall,10261,Newcastle United,ENG-Premier League,2.0,44.4,4.0,0.0,3.6,1.8,0.12,0.04,0.7,1.0,0.0,1.5,0.1,0.6,0.5,7.1,0.0,16.0,1.0,2.4,2.1,1302,19,Defender,0.8478260869565218,0.3846153846153846,0.045045045045045,3.0000000000000004,72.61619486032238,69.86858615843515,53.86468909539379,54.28566691045717,62.97143787661665,True,False
1643851,Karim Coulibaly,8697,SV Werder Bremen,GER-Bundesliga,2.8,54.6,0.0,0.0,4.9,0.4,0.02,0.03,0.8,0.0,0.05,1.0,0.1,0.8,0.1,6.47,0.0,6.0,0.3,1.2,0.3,1733,21,Defender,0.7333333333333334,0.4545454545454545,0.0512820512820512,0.3749999999999999,61.91706730769231,58.82211538461539,70.92548076923077,60.58894230769232,62.96620505534871,True,False
1186553,Alexsandro Ribeiro,8639,Lille,FRA-Ligue 1,4.0,73.0,1.0,0.0,4.8,1.0,0.03,0.05,0.9,1.0,0.03,0.9,0.1,0.4,0.1,7.25,0.0,9.0,0.7,1.1,0.2,2700,30,Defender,0.6896551724137931,0.45,0.0547945205479452,0.2222222222222222,62.37695749440716,51.28076062639821,85.60402684563759,56.11297539149888,62.94077397559432,False,False
812652,Facundo Medina,8588,Lens,FRA-Ligue 1,3.1,56.3,1.0,0.0,2.4,3.4,0.12,0.06,1.0,1.0,0.0,1.1,0.1,0.4,0.4,7.12,0.0,24.0,1.0,1.6,0.4,2546,29,Defender,0.7297297297297297,0.4074074074074074,0.0550621669626998,0.4,71.33668903803132,55.95637583892617,78.165548098434,45.9731543624161,62.90873962143264,False,False
956921,Abdelkabir Abqar,9866,Alavés,ESP-La Liga,3.0,25.9,0.0,0.0,5.3,0.4,0.01,0.03,1.7,1.0,0.0,1.4,0.0,0.7,0.1,6.8,0.0,8.0,0.4,1.3,0.1,2467,29,Defender,0.6136363636363636,0.5185185185185185,0.1158301158301158,0.0588235294117647,57.170022371364645,53.72483221476509,67.20357941834452,81.00111856823266,62.840637206421874,False,False
814663,Alejandro Catena,8371,Osasuna,ESP-La Liga,4.1,40.2,1.0,0.0,6.3,0.9,0.04,0.08,1.5,2.0,0.09,1.1,0.1,1.0,0.0,6.92,0.0,9.0,0.6,1.2,0.1,1935,22,Defender,0.6052631578947368,0.4782608695652174,0.1019900497512437,0.0666666666666666,61.052350427350426,43.66299726094189,80.15281721447828,75.42461674697414,62.6933422220337,True,False
612747,Frédéric Guilbert,9888,Lecce,ITA-Serie A,1.8,27.6,2.0,0.0,3.6,2.1,0.08,0.01,1.2,1.0,0.0,1.7,0.0,0.3,0.2,6.85,0.0,19.0,0.4,2.4,0.7,2450,31,Defender,0.7735849056603773,0.4146341463414634,0.0652173913043478,0.5833333333333334,71.68903803131991,68.14876957494407,48.09843400447428,63.29977628635347,62.49042809262132,False,False
693678,Wout Faes,8197,Leicester City,ENG-Premier League,2.6,43.8,0.0,0.0,5.9,0.4,0.01,0.05,0.7,0.0,0.03,0.8,0.0,1.1,0.0,6.37,0.0,4.0,0.4,1.3,0.2,2812,34,Defender,0.7500000000000001,0.3809523809523809,0.0593607305936073,0.2857142857142857,59.91610738255034,53.80313199105145,67.28187919463087,72.81879194630872,62.42926023231498,False,False
628201,Robin Koch,9810,Eintracht Frankfurt,GER-Bundesliga,3.2,59.8,0.0,0.0,6.9,0.7,0.03,0.06,1.0,0.0,0.14,1.4,0.2,0.8,0.0,6.82,0.0,6.0,0.6,1.2,0.1,1952,22,Defender,0.7222222222222222,0.5384615384615385,0.0535117056856187,0.1,43.34052156829002,64.47023963173292,75.5867464005048,81.15863233522629,62.357173009231815,True,False
1338016,Valentin Gomez,8603,Real Betis,ESP-La Liga,2.4,40.7,0.0,0.0,6.0,0.2,0.02,0.06,1.4,0.0,0.08,1.3,0.2,0.7,0.0,6.91,0.0,5.0,0.7,2.8,0.7,1101,17,Defender,0.7454545454545454,0.3170731707317074,0.0589680589680589,0.5,73.70192307692308,46.00961538461538,60.12019230769231,74.17668269230768,62.33965125047801,True,False
303912,Matthias Ginter,8358,Sport-Club Freiburg,GER-Bundesliga,3.3,49.3,4.0,0.0,6.4,1.9,0.09,0.05,0.4,3.0,0.0,0.7,0.1,0.5,0.0,6.9,0.0,11.0,0.5,0.7,0.1,1890,21,Defender,0.7777777777777778,0.5,0.0669371196754563,0.25,57.22535026960362,62.25567171456433,76.94166594963575,54.44442651867149,62.30922515230867,True,False
1158945,Nuno Mendes,9847,Paris Saint-Germain,FRA-Ligue 1,3.5,63.2,8.0,0.0,1.0,3.2,0.28,0.24,0.8,3.0,0.27,1.1,0.9,0.2,0.6,7.65,0.0,25.0,2.1,1.9,1.9,1016,15,Defender,0.7894736842105263,0.3666666666666667,0.055379746835443,2.375,85.28769969311077,61.45787622612287,78.87705787873574,28.97115922388573,62.092787637609945,True,False
789578,Dara O'Shea,9902,Ipswich Town,ENG-Premier League,2.7,34.3,1.0,0.0,6.3,0.7,0.02,0.04,0.6,2.0,0.0,1.0,0.1,1.4,0.0,6.56,0.0,3.0,0.6,1.4,0.0,3123,35,Defender,0.7999999999999999,0.4166666666666667,0.0787172011661807,0.0,44.966442953020135,69.37919463087248,65.76062639821029,81.51565995525726,62.0745484391669,False,False
420731,Gautier Lloris,9746,Le Havre,FRA-Ligue 1,2.9,52.7,1.0,0.0,5.8,0.3,0.02,0.04,1.2,1.0,0.06,1.7,0.2,0.7,0.1,6.94,0.0,3.0,0.4,1.4,0.1,1527,19,Defender,0.7209302325581395,0.5483870967741936,0.0550284629981024,0.0833333333333333,46.22681301267711,64.30448897206448,70.1543050536339,79.22272952159697,62.0600399420119,True,False
425962,Niklas Stark,8697,SV Werder Bremen,GER-Bundesliga,2.9,46.5,0.0,0.0,5.2,0.3,0.01,0.05,1.3,1.0,0.0,1.5,0.1,1.2,0.1,6.74,0.0,1.0,0.5,1.4,0.0,2109,26,Defender,0.6904761904761905,0.5172413793103449,0.0623655913978494,0.0,42.61744966442953,61.44854586129754,72.40492170022372,88.90380313199107,61.76326264749286,False,False
1206806,Kialonda Gaspar,9888,Lecce,ITA-Serie A,2.3,32.9,0.0,0.0,7.0,0.2,0.01,0.04,0.6,0.0,0.0,0.8,0.0,1.0,0.0,6.65,0.0,0.0,0.4,1.1,0.0,1825,21,Defender,0.76,0.4210526315789473,0.0699088145896656,0.0,51.0166602133884,66.94740219698274,59.99766964951528,75.02824205529743,61.42223134437446,True,False
201690,Lewis Dunk,10204,Brighton and Hove Albion,ENG-Premier League,2.6,74.4,1.0,0.0,4.6,0.5,0.02,0.04,0.5,0.0,0.0,1.1,0.0,0.9,0.1,6.92,0.0,5.0,0.7,1.1,0.2,2205,25,Defender,0.8148148148148149,0.5,0.0349462365591397,0.4,46.85127523948832,74.04935144553433,71.0638229220444,60.468543853610974,61.35003057860017,True,False
798029,Ladislav Krejci,8602,Wolverhampton Wanderers,ENG-Premier League,3.6,42.4,1.0,0.0,4.4,1.3,0.07,0.1,1.4,1.0,0.1,1.3,0.4,0.6,0.0,6.55,0.0,7.0,0.7,1.0,0.0,1799,21,Defender,0.6216216216216216,0.5652173913043479,0.0849056603773585,0.0,51.94257120117019,57.14077647278151,76.79135834337177,64.22810725348477,61.20215011412319,True,False
1106074,Mario Gila,8543,Lazio,ITA-Serie A,4.8,59.6,0.0,0.0,3.8,0.4,0.02,0.04,0.7,0.0,0.0,0.9,0.1,0.5,0.0,7.0,0.0,4.0,0.5,1.7,0.2,2023,24,Defender,0.787878787878788,0.3461538461538461,0.0805369127516778,0.2857142857142857,65.3287676389606,49.36857361039407,90.9020607468594,43.94553433144037,61.111137369863776,True,False
966021,Taylor Harwood-Bellis,8466,Southampton,ENG-Premier League,3.2,59.6,3.0,0.0,4.5,0.7,0.02,0.06,1.1,0.0,0.03,1.0,0.3,1.4,0.1,6.45,0.0,14.0,0.6,0.9,0.1,2828,34,Defender,0.6333333333333333,0.5263157894736842,0.0536912751677852,0.0909090909090909,50.70469798657718,50.69351230425056,78.90380313199105,73.7248322147651,61.030903372312586,False,False
860314,Nahuel Tenaglia,9866,Alavés,ESP-La Liga,2.2,34.9,1.0,0.0,4.5,0.3,0.01,0.04,0.8,0.0,0.05,1.1,0.1,0.8,0.1,6.88,0.0,5.0,0.6,1.6,0.4,1980,22,Defender,0.7714285714285715,0.4074074074074074,0.0630372492836676,0.5,68.35060481557964,62.334831927952735,52.0379990535192,61.13637748809729,61.01624741022908,True,False
1186015,Albian Hajdari,8226,TSG 1899 Hoffenheim,GER-Bundesliga,3.9,46.1,2.0,0.0,7.1,0.4,0.03,0.08,1.7,0.0,0.06,1.3,0.2,0.8,0.1,7.11,0.0,3.0,0.6,2.3,0.1,1559,19,Defender,0.6792452830188679,0.3611111111111111,0.0845986984815618,0.0588235294117647,54.90384615384615,40.22836538461539,82.75240384615385,81.74879807692308,60.94742435341128,True,False
968029,Lautaro Valenti,10167,Parma,ITA-Serie A,2.2,33.8,3.0,0.0,6.0,0.5,0.03,0.02,1.0,0.0,0.0,1.4,0.2,1.0,0.2,6.95,0.0,10.0,0.8,2.2,0.4,1532,18,Defender,0.782608695652174,0.3888888888888888,0.0650887573964497,0.4,57.84974079332301,56.367619959272645,57.40988713933345,77.9503223053978,60.89170097115415,True,False
526657,Lukas Klostermann,178475,RB Leipzig,GER-Bundesliga,1.8,51.5,0.0,0.0,6.8,0.7,0.03,0.02,0.6,0.0,0.05,1.2,0.1,0.8,0.1,6.75,0.0,2.0,0.2,1.3,0.2,1833,28,Defender,0.8064516129032258,0.48,0.0349514563106796,0.3333333333333333,45.111856823266216,79.37919463087246,51.18568232662192,84.12192393736017,60.74112714342768,False,False
1313884,Rafa Marin,10205,Villarreal,ESP-La Liga,2.8,47.0,1.0,0.0,5.9,0.6,0.04,0.02,0.6,0.0,0.06,1.0,0.1,0.8,0.0,7.13,0.0,5.0,0.2,1.7,0.1,1395,16,Defender,0.8181818181818181,0.3703703703703703,0.0595744680851063,0.1666666666666666,49.42908653846153,62.95072115384616,69.8076923076923,66.0576923076923,60.66042555557686,True,False
159833,Kyle Walker,8191,Burnley,ENG-Premier League,2.5,30.8,3.0,0.0,3.0,1.0,0.04,0.01,1.0,2.0,0.0,1.3,0.0,0.3,0.2,6.67,0.0,8.0,0.1,1.4,0.4,2237,25,Defender,0.7297297297297297,0.4814814814814814,0.0811688311688311,0.4,72.65625,65.53485576923077,60.18028846153847,42.25961538461539,60.61061001161206,True,False
1375810,Terry Yegbe,8550,Metz,FRA-Ligue 1,3.1,47.3,1.0,0.0,6.1,0.2,0.02,0.04,0.9,1.0,0.0,1.0,0.1,0.7,0.1,6.22,0.0,3.0,0.3,0.7,0.1,1338,16,Defender,0.6538461538461539,0.5882352941176471,0.0655391120507399,0.1111111111111111,51.189903846153854,54.27283653846153,75.33653846153847,64.4591346153846,59.91136764961223,True,False
1073980,David Affengruber,10268,Elche,ESP-La Liga,2.1,53.6,0.0,0.0,5.6,0.5,0.03,0.02,1.1,0.0,0.0,1.5,0.0,0.9,0.1,6.91,0.0,5.0,0.3,2.1,0.3,1816,22,Defender,0.7659574468085106,0.4166666666666666,0.0391791044776119,0.2727272727272727,48.10096153846154,66.26201923076923,54.36298076923077,81.73677884615384,59.74087964926635,True,False
279461,Kenny Lala,8521,Brest,FRA-Ligue 1,4.6,31.0,5.0,0.0,2.6,3.0,0.14,0.01,0.5,1.0,0.0,0.8,0.0,0.4,0.1,6.55,0.0,17.0,0.4,1.3,0.3,1869,21,Defender,0.8076923076923077,0.3809523809523809,0.1483870967741935,0.6,83.52478058853899,57.56823445476969,75.99860896001836,27.723471648597485,59.6157846134031,True,False
1137407,Malick Thiaw,10261,Newcastle United,ENG-Premier League,2.6,47.0,1.0,0.0,6.2,0.7,0.03,0.12,0.6,0.0,0.19,0.9,0.4,0.9,0.0,7.1,0.0,5.0,1.0,1.2,0.2,1938,23,Defender,0.7777777777777778,0.4285714285714285,0.0553191489361702,0.3333333333333333,56.05434915103539,51.75487043251305,71.73374490908049,61.39767251763896,59.51574280941407,True,False
278856,Willi Orban,178475,RB Leipzig,GER-Bundesliga,2.6,61.8,1.0,0.0,7.3,0.6,0.03,0.09,0.5,0.0,0.05,1.0,0.3,1.2,0.0,7.11,0.0,6.0,0.7,1.3,0.1,1960,22,Defender,0.8214285714285714,0.4347826086956522,0.0420711974110032,0.2,43.00730833763552,61.48450496185396,68.56600986634544,77.21480991510353,59.404786516149215,True,False
792645,Pau Torres,10252,Aston Villa,ENG-Premier League,2.6,53.2,0.0,0.0,3.6,0.3,0.02,0.04,0.3,0.0,0.0,0.7,0.0,1.0,0.1,6.81,0.0,1.0,0.4,1.3,0.4,1209,15,Defender,0.8695652173913044,0.35,0.0488721804511278,1.3333333333333337,70.60905502495267,54.31035069982218,65.77028838983536,44.65339621694488,59.27302707981085,True,False
750880,Ardian Ismajli,9804,Torino,ITA-Serie A,2.3,37.6,1.0,0.0,6.5,0.3,0.02,0.02,1.3,1.0,0.0,1.5,0.2,0.8,0.0,6.9,0.0,4.0,0.4,1.8,0.1,1142,16,Defender,0.717391304347826,0.4545454545454546,0.0611702127659574,0.0769230769230769,41.275364968737456,69.20207903114782,56.51537314288992,88.35418100728502,59.15945073202785,True,False
789914,Edmond Tapsoba,8178,Bayer 04 Leverkusen,GER-Bundesliga,3.5,84.0,2.0,0.0,4.3,0.7,0.04,0.09,0.8,2.0,0.24,0.8,0.4,0.6,0.1,7.51,0.0,7.0,1.1,1.0,0.4,1496,17,Defender,0.6923076923076923,0.4444444444444445,0.0416666666666666,0.5,68.1608784345781,45.56189231629668,77.93466414271784,46.22539687661331,58.96846036441854,True,False
872362,Marash Kumbulla,8558,Espanyol,ESP-La Liga,2.6,35.8,1.0,0.0,6.7,0.3,0.01,0.06,1.1,0.0,0.09,1.0,0.2,1.1,0.1,6.79,0.0,1.0,0.5,1.5,0.1,2975,35,Defender,0.6944444444444444,0.4,0.0726256983240223,0.0909090909090909,52.2986577181208,47.78523489932886,65.06711409395973,81.15771812080536,58.9626434498479,False,False
873956,Juan Miranda,9857,Bologna,ITA-Serie A,4.5,44.6,3.0,0.0,2.5,3.1,0.17,0.02,1.0,0.0,0.06,1.2,0.2,0.2,0.2,7.17,0.0,43.0,0.5,1.4,0.2,1636,21,Defender,0.7222222222222222,0.4615384615384615,0.100896860986547,0.2,70.36689575804509,55.68241625078874,84.26593959731544,30.4938729708025,58.73481026684865,True,False
513072,Jonathan Gradit,8588,Lens,FRA-Ligue 1,3.0,48.1,1.0,0.0,5.1,0.9,0.04,0.03,1.2,0.0,0.0,1.1,0.2,0.5,0.1,6.96,0.0,11.0,0.7,1.9,0.1,2115,25,Defender,0.7142857142857143,0.3666666666666667,0.0623700623700623,0.0833333333333333,51.74496644295302,47.651006711409394,74.65324384787473,66.91834451901566,58.48569586776222,False,False
260964,Berat Djimsiti,8524,Atalanta,ITA-Serie A,2.4,49.2,0.0,0.0,6.0,0.6,0.03,0.05,0.6,0.0,0.0,1.0,0.1,0.7,0.0,6.89,0.0,4.0,0.5,1.5,0.2,1738,22,Defender,0.8064516129032258,0.4,0.048780487804878,0.3333333333333333,44.871525985200485,69.28091658062296,59.62384558022143,68.68394352664487,58.47506298889114,True,False
941573,Pedro Porro,8586,Tottenham Hotspur,ENG-Premier League,4.0,35.3,5.0,0.0,3.5,2.8,0.14,0.02,1.1,2.0,0.0,0.8,0.1,0.3,0.3,7.06,0.0,32.0,0.8,2.1,0.5,1824,23,Defender,0.7250000000000001,0.2758620689655172,0.113314447592068,0.4545454545454545,83.11255951356621,42.35362710090059,74.38778107612,38.17052250043022,58.45796208669592,True,False
776591,Abdul Mumin,8370,Rayo Vallecano,ESP-La Liga,2.2,40.1,0.0,0.0,5.4,0.1,0.01,0.03,1.0,1.0,0.09,1.0,0.2,1.3,0.1,7.0,0.0,1.0,0.4,1.6,0.2,2020,24,Defender,0.7222222222222222,0.3846153846153846,0.054862842892768,0.2,53.791946308724825,50.22371364653244,58.70246085011186,78.23825503355704,58.24924372077459,False,False
787242,Evan N'Dicka,8686,Roma,ITA-Serie A,3.3,50.6,1.0,0.0,4.1,0.8,0.04,0.05,1.3,0.0,0.0,1.4,0.0,0.5,0.1,7.12,0.0,5.0,0.6,0.9,0.2,1746,20,Defender,0.638888888888889,0.6086956521739131,0.0652173913043478,0.1538461538461538,49.30056322778638,54.80603417369357,73.1486261687604,60.5046284345781,58.20655844129312,True,False
604088,Thilo Kehrer,9829,Monaco,FRA-Ligue 1,2.7,53.2,0.0,0.0,3.1,0.2,0.02,0.1,1.2,0.0,0.0,1.4,0.1,1.0,0.0,6.81,0.0,3.0,0.9,2.2,0.1,1378,16,Defender,0.75,0.3888888888888888,0.0507518796992481,0.0833333333333333,41.73899716055757,63.00936980152585,72.24511343429128,66.22918817759421,58.20038971442848,True,False
828159,Min-Jae Kim,9823,Bayern München,GER-Bundesliga,2.9,91.9,0.0,0.0,3.4,0.9,0.04,0.06,1.0,0.0,0.08,1.5,0.2,0.4,0.1,7.37,0.0,6.0,0.3,1.4,0.1,2289,27,Defender,0.7435897435897436,0.5172413793103449,0.0315560391730141,0.1,40.335570469798654,70.80536912751677,68.88143176733782,63.199105145413874,58.06183217530706,False,False
846392,Montassar Talbi,8689,Lorient,FRA-Ligue 1,2.0,44.5,0.0,0.0,6.1,0.4,0.02,0.02,0.1,1.0,0.0,0.9,0.1,0.8,0.0,6.91,0.0,5.0,0.4,0.7,0.1,1890,21,Defender,0.9411764705882352,0.5625,0.0449438202247191,1.0,47.56009615384616,78.58774038461539,49.66346153846154,63.87019230769231,57.8203091013851,True,False
1112072,Jon Pacheco,9866,Alavés,ESP-La Liga,3.0,43.2,1.0,0.0,5.4,0.2,0.01,0.02,0.6,0.0,0.0,0.7,0.1,1.1,0.1,6.87,0.0,5.0,0.2,2.0,0.1,1500,18,Defender,0.8181818181818181,0.2592592592592592,0.0694444444444444,0.1666666666666666,53.996394230769226,48.09495192307693,73.10096153846153,59.34495192307692,57.66228262657704,True,False
1440009,Moise Bombito,9831,Nice,FRA-Ligue 1,3.0,51.8,0.0,0.0,4.8,0.6,0.02,0.04,1.1,0.0,0.0,0.7,0.0,0.8,0.1,6.74,0.0,2.0,0.3,1.5,0.5,2195,27,Defender,0.6666666666666666,0.3181818181818181,0.0579150579150579,0.4545454545454545,74.18344519015659,30.788590604026847,75.72706935123043,61.3758389261745,57.62379113156426,False,False
23354,Ashley Young,8668,Everton,ENG-Premier League,3.0,26.1,6.0,0.0,2.7,2.9,0.14,0.01,1.4,3.0,0.05,1.2,0.1,0.2,0.2,6.8,0.0,26.0,0.3,2.8,0.3,1869,32,Defender,0.7407407407407407,0.3,0.1149425287356321,0.2142857142857143,71.31991051454138,46.44295302013423,67.27069351230426,45.01677852348993,57.58701295605586,False,False
215584,David Lopez,7732,Girona,ESP-La Liga,3.1,69.3,1.0,0.0,4.1,1.3,0.05,0.03,0.4,1.0,0.04,0.5,0.1,0.4,0.1,6.77,0.0,4.0,0.4,1.2,0.2,2429,29,Defender,0.8095238095238094,0.2941176470588235,0.0447330447330447,0.5,61.16890380313199,51.16890380313199,76.28635346756153,42.175615212527966,57.38980337649568,False,False
169586,Leandro Cabrera,8558,Espanyol,ESP-La Liga,2.9,34.2,1.0,0.0,5.1,1.1,0.05,0.1,0.8,0.0,0.13,0.7,0.4,0.6,0.1,6.82,0.0,6.0,1.2,1.1,0.2,2070,23,Defender,0.6923076923076923,0.3888888888888888,0.0847953216374269,0.25,60.15741517524236,45.49751190271325,70.01245841220673,55.39877674525325,57.31621841814843,True,False
179873,Loic Nego,9746,Le Havre,FRA-Ligue 1,1.8,29.3,2.0,0.0,3.6,1.0,0.05,0.03,0.8,0.0,0.0,1.3,0.2,0.3,0.2,6.91,0.0,10.0,0.7,1.7,0.6,1757,21,Defender,0.7894736842105263,0.4333333333333333,0.0614334470989761,0.7499999999999999,70.97472286755006,66.31538425686917,46.24566196294385,44.68602112373085,57.15270256922786,True,False
831474,Marin Pongracic,8535,Fiorentina,ITA-Serie A,2.5,55.6,1.0,0.0,3.0,0.4,0.02,0.03,2.2,0.0,0.0,1.2,0.0,0.8,0.1,6.83,0.0,5.0,0.3,1.0,0.6,2069,23,Defender,0.5,0.5454545454545454,0.0449640287769784,0.2727272727272727,67.81974201227557,39.264693756094765,69.26887942408077,53.97063937646991,56.81636523620634,True,False
1053838,Morato,10203,Nottingham Forest,ENG-Premier League,3.1,47.5,0.0,0.0,5.6,0.1,0.01,0.08,1.1,0.0,0.0,0.8,0.1,0.7,0.0,0.0,0.0,1.0,0.4,2.3,0.4,939,14,Defender,0.7380952380952381,0.2580645161290323,0.0652631578947368,0.3636363636363636,72.22355769230768,32.51802884615385,75.40865384615384,55.37259615384616,56.70860846100316,True,False
1073941,Lilian Brassier,9851,Rennes,FRA-Ligue 1,1.7,49.4,2.0,0.0,2.6,0.9,0.06,0.04,1.1,1.0,0.0,1.4,0.0,1.1,0.1,6.88,0.0,10.0,0.4,1.5,0.4,1352,17,Defender,0.725,0.4827586206896551,0.034412955465587,0.3636363636363636,46.5669545545804,70.54731866288074,50.90908764985946,65.45585240635576,56.5499211824735,True,False
1188375,Natan,8603,Real Betis,ESP-La Liga,2.0,39.3,0.0,0.0,7.8,0.1,0.0,0.01,0.7,0.0,0.0,1.2,0.0,0.6,0.1,6.8,0.0,5.0,0.4,1.0,0.1,1897,22,Defender,0.7586206896551724,0.5454545454545454,0.0508905852417302,0.1428571428571428,41.07305469511846,71.06264878391558,54.00777261515517,72.72003886307579,56.54866231837676,True,False
1013277,Toti Gomes,8602,Wolverhampton Wanderers,ENG-Premier League,2.2,46.8,0.0,0.0,5.3,0.2,0.02,0.0,0.8,0.0,0.0,0.8,0.1,0.7,0.0,0.0,0.0,5.0,0.2,1.3,0.8,953,13,Defender,0.7241379310344827,0.3809523809523809,0.047008547008547,1.0,67.87748988986405,47.85914286124017,53.00308681810359,57.0410374720358,56.47051326941922,True,False
950829,Chris Richards,9826,Crystal Palace,ENG-Premier League,2.1,36.1,1.0,0.0,6.1,1.1,0.05,0.04,0.6,0.0,0.05,1.4,0.0,0.6,0.0,6.97,0.0,6.0,0.4,2.1,0.2,1973,22,Defender,0.853658536585366,0.3999999999999999,0.0581717451523545,0.3333333333333333,44.47966858830952,72.97440558136867,46.94802959903631,71.84966191992199,56.160425886571815,True,False
1201760,Marvin Senaya,8583,Auxerre,FRA-Ligue 1,2.0,26.7,0.0,0.0,3.8,0.4,0.02,0.05,1.2,0.0,0.0,1.7,0.2,0.4,0.2,6.76,0.0,4.0,0.8,2.6,0.2,1305,16,Defender,0.7818181818181817,0.3953488372093023,0.0749063670411985,0.1666666666666666,52.80048076923077,66.95913461538461,48.29326923076923,59.23076923076923,56.069275867443295,True,False
80295,Yuri Berchiche,8315,Athletic Club,ESP-La Liga,2.1,41.9,2.0,0.0,3.7,1.5,0.08,0.02,0.9,2.0,0.0,1.3,0.2,0.1,0.3,7.07,0.0,19.0,0.7,1.5,0.3,1755,21,Defender,0.7567567567567568,0.4642857142857143,0.0501193317422434,0.3333333333333333,56.31322420122755,69.5130015631274,54.51139720644755,44.05542828256754,56.05590163842878,True,False
935406,Luca Ranieri,8535,Fiorentina,ITA-Serie A,3.2,41.4,2.0,0.0,3.8,0.9,0.06,0.09,1.1,0.0,0.06,0.7,0.2,0.4,0.1,6.73,0.0,7.0,0.8,1.4,0.4,1410,22,Defender,0.6562499999999999,0.3333333333333333,0.0772946859903381,0.3636363636363636,75.45703550737107,35.521953694143285,76.79684362989732,42.68491331096197,56.01764617445811,True,False
1098243,Yanis Zouaoui,9746,Le Havre,FRA-Ligue 1,2.5,28.5,3.0,0.0,2.0,1.4,0.08,0.03,0.7,1.0,0.0,1.0,0.2,0.3,0.4,6.74,0.0,24.0,0.7,1.5,0.8,1640,20,Defender,0.78125,0.4,0.087719298245614,1.142857142857143,85.00856851947457,56.613319566339705,57.84037457695177,28.40918624161074,56.01676172904849,True,False
770881,Achraf Hakimi,9847,Paris Saint-Germain,FRA-Ligue 1,1.7,75.5,12.0,0.0,0.6,5.3,0.23,0.13,0.8,6.0,0.17,1.3,0.6,0.1,0.8,7.91,0.0,50.0,1.4,2.1,1.1,2067,25,Defender,0.8095238095238095,0.3823529411764705,0.0225165562913907,1.375,63.07606263982103,71.6275167785235,52.21476510067114,37.533557046979865,55.9837033037897,False,False
1451265,Malick Diouf,8654,West Ham United,ENG-Premier League,1.9,23.6,2.0,0.0,4.5,1.0,0.05,0.02,1.0,4.0,0.0,1.1,0.1,0.3,0.1,6.73,0.0,11.0,0.7,1.4,0.7,1648,20,Defender,0.7142857142857143,0.44,0.0805084745762711,0.7,75.9735576923077,54.98798076923077,45.72115384615385,46.50841346153847,55.95015354057414,True,False
1186444,Charlie Cresswell,9941,Toulouse,FRA-Ligue 1,3.0,43.7,1.0,0.0,6.5,0.8,0.04,0.11,1.2,2.0,0.14,1.0,0.4,1.1,0.0,7.14,0.0,8.0,1.2,1.0,0.0,1980,22,Defender,0.625,0.5,0.068649885583524,0.0,43.91187869270923,46.79138523203121,69.39686944301037,76.28526895829748,55.86492077846516,True,False
793907,Trevoh Chalobah,8455,Chelsea,ENG-Premier League,1.6,68.4,0.0,0.0,6.2,0.8,0.03,0.05,0.7,0.0,0.12,1.2,0.2,0.5,0.2,7.12,0.0,3.0,0.5,1.3,0.2,2192,25,Defender,0.78125,0.48,0.023391812865497,0.2857142857142857,43.800792677680256,72.62999770550107,49.44860322377101,67.38125967991739,55.84315295329504,True,False
637716,Bernardo,8226,TSG 1899 Hoffenheim,GER-Bundesliga,1.7,37.8,1.0,0.0,5.2,0.6,0.04,0.01,1.8,0.0,0.0,1.6,0.0,0.5,0.2,7.23,0.0,6.0,0.4,2.8,0.3,1580,18,Defender,0.7096774193548387,0.3636363636363636,0.0449735449735449,0.1666666666666666,52.12648066884643,50.213603510583376,53.11037256926519,74.60092747949291,55.7399469406116,True,False
785411,Marcos Senesi,8678,Bournemouth,ENG-Premier League,5.1,46.2,6.0,0.0,7.6,4.0,0.16,0.05,0.9,4.0,0.0,1.6,0.2,1.4,0.1,7.07,0.0,20.0,0.5,1.8,0.1,2210,25,Defender,0.7906976744186046,0.4705882352941176,0.1103896103896103,0.1111111111111111,43.06354148740894,60.75425378592325,60.21862272701198,65.90522464578673,55.57043150912581,True,False
820712,Koffi Kouao,8550,Metz,FRA-Ligue 1,2.6,36.3,1.0,0.0,2.6,1.1,0.06,0.08,1.4,1.0,0.06,1.1,0.4,0.5,0.4,6.94,0.0,9.0,0.9,2.9,1.1,1621,19,Defender,0.7407407407407407,0.275,0.071625344352617,0.7857142857142858,84.87379807692307,37.65625,64.4951923076923,39.53725961538461,55.51041915832269,True,False
1211437,Victor Kristiansen,8197,Leicester City,ENG-Premier League,1.5,30.4,5.0,0.0,2.4,1.7,0.06,0.0,0.7,1.0,0.0,1.5,0.0,0.5,0.3,6.42,0.0,18.0,0.1,3.1,0.3,2489,30,Defender,0.8679245283018867,0.3260869565217391,0.0493421052631578,0.4285714285714286,54.82102908277405,74.57494407158836,40.42505592841164,57.835570469798654,55.45414980396635,False,False
941953,Saul Coco,9804,Torino,ITA-Serie A,2.3,36.9,0.0,0.0,5.1,0.3,0.01,0.03,1.3,1.0,0.05,1.1,0.2,1.4,0.0,6.78,0.0,7.0,0.6,1.7,0.3,1980,22,Defender,0.6829268292682927,0.3928571428571429,0.062330623306233,0.2307692307692307,54.86102148224632,43.61303813170424,56.12181279756783,74.57167261802329,55.396324644668105,True,False
402830,Guillermo Maripan,9804,Torino,ITA-Serie A,2.0,34.7,0.0,0.0,6.3,0.5,0.02,0.07,1.2,0.0,0.09,1.2,0.4,1.1,0.1,6.88,0.0,9.0,0.8,2.3,0.1,1981,23,Defender,0.7446808510638298,0.3428571428571428,0.0576368876080691,0.0833333333333333,43.12607554637756,55.04646360351058,56.14033012103482,79.42839191475936,55.32459357394196,True,False
671203,Mario Hermoso,8686,Roma,ITA-Serie A,2.8,51.5,0.0,0.0,3.3,0.4,0.03,0.04,1.9,0.0,0.07,1.6,0.2,0.2,0.3,7.1,0.0,8.0,0.6,1.4,0.2,1298,17,Defender,0.6122448979591836,0.5333333333333333,0.0543689320388349,0.1052631578947368,51.03966346153845,53.058894230769226,71.14182692307692,48.02283653846153,55.32006790331104,True,False
770271,Mickael Nade,9853,St Etienne,FRA-Ligue 1,1.6,49.4,2.0,0.0,5.3,0.5,0.02,0.02,0.8,2.0,0.04,1.3,0.1,0.8,0.2,6.7,0.0,7.0,0.2,2.3,0.2,2278,26,Defender,0.8181818181818182,0.3611111111111111,0.0323886639676113,0.25,40.41946308724832,70.56487695749442,46.10738255033558,81.73378076062639,55.27735373460526,False,False
1176780,Nnamdi Collins,9810,Eintracht Frankfurt,GER-Bundesliga,2.3,49.7,1.0,0.0,4.1,0.3,0.02,0.02,1.3,1.0,0.08,1.8,0.1,0.1,0.3,6.66,0.0,2.0,0.2,3.3,0.6,1073,18,Defender,0.796875,0.3529411764705882,0.0462776659959758,0.4615384615384615,60.262791831583776,53.6252635088625,49.93973355131073,57.0190425486147,55.22969862878328,True,False
1190029,Thomas Kristensen,8600,Udinese,ITA-Serie A,2.3,38.4,0.0,0.0,7.7,0.2,0.01,0.02,1.1,0.0,0.07,0.9,0.2,0.9,0.0,6.83,0.0,3.0,0.4,1.1,0.2,1345,15,Defender,0.6451612903225806,0.45,0.0598958333333333,0.1818181818181818,57.386260970573055,41.46935768370332,57.84765244077325,70.30937195261859,55.21388220526349,True,False
1539619,Juma Bah,9831,Nice,FRA-Ligue 1,2.1,55.3,1.0,0.0,7.0,0.6,0.05,0.04,1.5,0.0,0.0,1.1,0.1,1.1,0.2,6.6,0.0,3.0,0.4,1.4,0.6,1189,17,Defender,0.625,0.44,0.0379746835443038,0.3999999999999999,58.04086538461539,39.08052884615384,54.65144230769231,79.78966346153845,55.19503402305463,True,False
1079554,Anthony Rouault,9851,Rennes,FRA-Ligue 1,2.1,48.7,0.0,0.0,5.1,0.2,0.02,0.06,1.2,0.0,0.08,1.1,0.1,1.1,0.0,6.78,0.0,5.0,0.4,1.3,0.2,1097,14,Defender,0.6666666666666666,0.4583333333333333,0.0431211498973305,0.1666666666666666,44.47165576779671,51.651689683359145,60.88004789766535,73.07096275741411,55.15232628308442,True,False
922877,Logan Costa,10205,Villarreal,ESP-La Liga,3.7,46.9,0.0,0.0,3.8,0.5,0.02,0.02,0.7,1.0,0.07,0.7,0.2,0.5,0.0,6.85,0.0,4.0,0.4,1.3,0.0,2585,32,Defender,0.7407407407407407,0.35,0.0788912579957356,0.0,49.161073825503344,47.28747203579419,81.9351230425056,47.73489932885906,54.99303167868264,False,False
1605748,Matias Moreno,8581,Levante,ESP-La Liga,1.9,35.3,0.0,0.0,5.5,0.2,0.01,0.04,0.9,0.0,0.0,1.5,0.0,0.9,0.0,6.8,0.0,2.0,0.4,1.5,0.1,1221,16,Defender,0.7692307692307693,0.5,0.0538243626062322,0.1111111111111111,37.27764423076923,77.0673076923077,45.43269230769231,81.27403846153845,54.88890551388075,True,False
1057703,Youssouf Ndayishimiye,9831,Nice,FRA-Ligue 1,1.8,54.5,0.0,0.0,5.3,0.4,0.02,0.04,0.9,0.0,0.14,1.0,0.2,0.9,0.3,7.26,0.0,5.0,0.5,1.9,0.3,1934,23,Defender,0.7631578947368421,0.3448275862068966,0.0330275229357798,0.3333333333333333,48.210290827740494,53.34451901565996,51.58836689038032,74.52460850111856,54.86713231060966,False,False
673356,Pablo Maffeo,8661,Mallorca,ESP-La Liga,1.4,22.0,0.0,0.0,3.4,0.8,0.04,0.01,0.9,0.0,0.06,1.2,0.1,0.8,0.2,6.97,0.0,8.0,0.2,2.4,1.4,1626,19,Defender,0.7999999999999999,0.3333333333333333,0.0636363636363636,1.5555555555555554,75.07836251649171,57.20543473584581,36.24589499799231,53.9651809786038,54.73324469643049,True,False
1190025,Alvaro Carreras,8633,Real Madrid,ESP-La Liga,1.6,58.6,1.0,0.0,2.5,1.2,0.06,0.01,0.8,2.0,0.1,1.6,0.1,0.3,0.4,7.54,0.0,20.0,0.4,1.5,0.7,1791,21,Defender,0.7948717948717948,0.5161290322580645,0.0273037542662116,0.8749999999999999,54.465144230769226,83.66586538461537,41.97115384615385,45.03605769230769,54.69183247128975,True,False
276738,Antonio Rüdiger,8633,Real Madrid,ESP-La Liga,4.5,66.6,1.0,0.0,3.7,0.9,0.04,0.07,0.6,0.0,0.0,0.4,0.2,0.5,0.0,6.94,0.0,7.0,0.9,0.8,0.1,2291,29,Defender,0.6666666666666666,0.3333333333333333,0.0675675675675675,0.1666666666666666,60.218120805369125,36.280760626398205,90.25727069351233,42.13646532438479,54.65619887140851,False,False
1580952,Vitor Reis,7732,Girona,ESP-La Liga,2.3,48.6,2.0,0.0,6.2,0.3,0.01,0.02,0.9,1.0,0.05,0.9,0.1,1.4,0.0,6.81,0.0,6.0,0.4,1.1,0.2,1968,23,Defender,0.6896551724137931,0.45,0.0473251028806584,0.2222222222222222,47.60817307692308,49.13461538461539,58.29326923076923,70.76923076923076,54.64178059538981,True,False
1298907,Cristhian Mosquera,10267,Valencia CF,ESP-La Liga,2.0,49.4,0.0,0.0,3.3,0.3,0.01,0.01,0.4,0.0,0.03,0.9,0.1,0.7,0.0,6.85,0.0,0.0,0.1,1.5,0.1,3320,37,Defender,0.8571428571428572,0.375,0.0404858299595141,0.25,43.20469798657718,68.6241610738255,56.78970917225951,55.35794183445191,54.573518186608645,False,False
935550,Torbjørn Heggem,9857,Bologna,ITA-Serie A,4.0,44.0,0.0,0.0,4.4,0.1,0.01,0.05,1.4,0.0,0.0,0.9,0.1,0.3,0.0,6.65,0.0,3.0,0.5,1.3,0.4,1819,21,Defender,0.6111111111111112,0.409090909090909,0.0909090909090909,0.2857142857142857,77.66826923076923,30.787259615384613,82.86057692307692,38.81009615384615,54.51823390911632,True,False
1413963,Jacobo Ramon,10171,Como,ITA-Serie A,2.1,64.4,1.0,0.0,4.4,1.3,0.06,0.12,1.0,0.0,0.1,1.3,0.3,0.5,0.1,7.26,0.0,8.0,1.3,1.9,0.3,1888,22,Defender,0.7619047619047619,0.40625,0.0326086956521739,0.3,45.42067307692308,63.01081730769231,54.83173076923077,59.140625,54.470958639856086,True,False
766611,Nikola Milenkovic,10203,Nottingham Forest,ENG-Premier League,2.3,36.1,1.0,0.0,5.8,0.4,0.02,0.03,0.5,0.0,0.0,0.9,0.0,0.9,0.0,6.68,0.0,1.0,0.5,0.7,0.0,2340,26,Defender,0.7619047619047619,0.5625,0.0637119113573407,0.0,40.01417928641083,64.896200811679,58.65811248781048,63.00940565307176,54.41042146123302,True,False
1428427,Nobel Mendy,8370,Rayo Vallecano,ESP-La Liga,2.6,41.5,0.0,0.0,6.5,0.1,0.0,0.13,1.6,0.0,0.16,1.0,0.2,0.9,0.0,6.81,0.0,2.0,0.8,1.1,0.2,1129,14,Defender,0.5675675675675675,0.4761904761904761,0.0626506024096385,0.125,54.06850961538462,36.00961538461538,65.9375,71.97716346153845,54.351308610157815,True,False
423624,Patrick Mainka,94937,1. FC Heidenheim 1846,GER-Bundesliga,1.4,37.3,2.0,0.0,7.3,0.7,0.03,0.1,0.3,1.0,0.05,1.0,0.2,1.4,0.0,6.73,0.0,7.0,1.0,1.5,0.1,1980,22,Defender,0.8928571428571429,0.4,0.0375335120643431,0.3333333333333333,39.59809520736534,78.7351036826708,38.72312926633396,83.92786848218894,54.33982553979621,True,False
806669,David Raum,178475,RB Leipzig,GER-Bundesliga,3.0,49.6,13.0,0.0,3.9,7.4,0.36,0.1,1.1,4.0,0.15,1.2,0.2,0.2,0.3,7.6,0.0,65.0,0.9,2.0,0.6,1854,21,Defender,0.7441860465116278,0.3749999999999999,0.0604838709677419,0.5454545454545454,74.05148461251649,41.56456146389033,65.06691691045718,37.717457551769634,54.22374022867462,True,False
640238,Nacho Vidal,8670,Real Oviedo,ESP-La Liga,1.8,29.1,0.0,0.0,3.5,0.4,0.03,0.09,1.1,0.0,0.0,1.4,0.2,0.2,0.0,6.81,0.0,2.0,0.5,1.9,0.5,1156,15,Defender,0.7499999999999999,0.4242424242424242,0.0618556701030927,0.4545454545454545,65.10216346153847,63.203125,42.88461538461539,45.625,54.22246033055471,True,False
1598982,Gerard Martin,8634,Barcelona,ESP-La Liga,2.4,70.1,1.0,0.0,3.8,0.6,0.05,0.0,0.5,0.0,0.0,1.3,0.0,0.3,0.1,7.15,0.0,11.0,0.2,2.2,0.3,1091,20,Defender,0.875,0.3714285714285714,0.0342368045649072,0.6,50.8867700625251,66.21219454482878,53.31590948201687,45.21465216830149,53.701449179613256,True,False
722207,Rasmus Kristensen,9810,Eintracht Frankfurt,GER-Bundesliga,2.9,47.1,1.0,0.0,3.5,1.1,0.07,0.04,1.3,0.0,0.13,1.1,0.3,0.1,0.4,7.2,0.0,8.0,0.9,2.8,0.8,1425,19,Defender,0.75,0.2820512820512821,0.0615711252653927,0.6153846153846154,76.49213237824816,40.12390294269489,63.25922818791946,37.04516039981644,53.69861584598234,True,False
1107620,Jarell Quansah,8178,Bayer 04 Leverkusen,GER-Bundesliga,1.9,61.7,1.0,0.0,4.1,0.8,0.05,0.05,0.8,0.0,0.13,1.0,0.3,0.4,0.1,7.21,0.0,7.0,0.4,1.1,0.8,1429,18,Defender,0.7241379310344827,0.4761904761904761,0.0307941653160453,1.0,60.36057692307692,59.30288461538461,49.65144230769231,43.79206730769231,53.67314281630792,True,False
1092403,Melvin Bard,9831,Nice,FRA-Ligue 1,1.5,37.3,3.0,0.0,2.9,1.0,0.06,0.02,0.9,1.0,0.06,1.2,0.2,0.8,0.2,6.87,0.0,11.0,0.7,1.6,0.7,1510,18,Defender,0.7567567567567568,0.4285714285714286,0.0402144772117962,0.7777777777777777,61.978467561521256,65.5180279498652,35.89318748924453,55.11936772213619,53.552075429193536,True,False
426393,Adrien Tamèze,9804,Torino,ITA-Serie A,2.4,33.0,0.0,0.0,2.9,0.3,0.02,0.02,1.2,0.0,0.0,1.6,0.0,0.5,0.2,6.26,0.0,8.0,0.4,1.2,0.0,1104,21,Defender,0.7,0.5714285714285715,0.0727272727272727,0.0,39.96394230769231,67.83052884615384,58.75,54.55528846153846,53.45349874742545,True,False
822789,Alberto Dossena,10171,Como,ITA-Serie A,2.0,43.8,2.0,0.0,4.3,0.4,0.02,0.04,1.1,2.0,0.0,1.1,0.2,0.5,0.0,6.73,0.0,5.0,0.6,1.6,0.2,1828,23,Defender,0.7105263157894737,0.4074074074074074,0.045662100456621,0.1818181818181818,48.02572706935123,52.23154362416108,54.6420581655481,62.84675615212527,53.45197238465854,False,False
617310,Nayef Aguerd,8592,Marseille,FRA-Ligue 1,1.8,81.1,1.0,0.0,4.3,0.3,0.02,0.03,1.3,0.0,0.07,1.4,0.1,0.7,0.1,7.33,0.0,3.0,0.4,1.4,0.1,1219,14,Defender,0.6829268292682927,0.5,0.0221948212083847,0.0769230769230769,39.59972645270464,56.37642151379567,61.61486118281422,65.03551095623243,53.34988800931944,True,False
1258292,Nicolo Bertola,8600,Udinese,ITA-Serie A,2.5,31.4,2.0,0.0,4.1,0.7,0.04,0.03,1.1,1.0,0.0,1.0,0.2,0.7,0.2,6.77,0.0,8.0,0.7,1.9,0.2,1488,21,Defender,0.725,0.3448275862068966,0.0796178343949044,0.1818181818181818,58.78605769230769,41.875,60.28846153846155,53.56370192307692,53.34622265349377,True,False
1289961,Adam Obert,8529,Cagliari,ITA-Serie A,1.8,34.6,3.0,0.0,4.6,1.3,0.07,0.05,1.6,2.0,0.0,1.6,0.1,0.7,0.2,6.85,0.0,10.0,0.2,2.1,0.4,1727,23,Defender,0.6981132075471698,0.4324324324324324,0.0520231213872832,0.25,52.63255212814777,56.63031319910514,39.277896087879306,73.74643277118109,53.29958498318086,True,False
361712,Adam Dzwigala,8152,FC St. Pauli,GER-Bundesliga,2.1,35.0,0.0,0.0,5.5,0.2,0.02,0.01,1.4,1.0,0.09,1.5,0.1,0.3,0.0,6.9,0.0,4.0,0.2,3.6,0.2,992,14,Defender,0.7846153846153846,0.2941176470588235,0.06,0.1428571428571428,48.76201923076923,53.61177884615384,51.33413461538461,62.95673076923076,53.22915275880358,True,False
1386006,Daniele Ghilardi,9876,Verona,ITA-Serie A,1.9,27.4,0.0,0.0,4.5,0.4,0.02,0.03,1.5,0.0,0.0,1.3,0.2,0.7,0.0,6.72,0.0,6.0,0.5,1.9,0.1,2031,24,Defender,0.6808510638297872,0.40625,0.0693430656934306,0.0666666666666666,45.58165548098433,50.24608501118568,50.76062639821029,75.12863534675614,53.02191738962728,False,False
1070712,Josko Gvardiol,8456,Manchester City,ENG-Premier League,2.6,61.7,1.0,0.0,4.1,0.7,0.05,0.16,1.1,2.0,0.14,0.9,0.3,0.6,0.0,7.29,0.0,4.0,1.1,1.2,0.1,1304,16,Defender,0.65625,0.4285714285714285,0.0421393841166936,0.0909090909090909,46.59484705730512,53.86853417369357,63.36300048758102,50.430872841736935,53.00701975301154,True,False
771630,Gideon Mensah,8583,Auxerre,FRA-Ligue 1,1.9,35.3,1.0,0.0,2.6,0.9,0.06,0.0,1.5,0.0,0.0,1.2,0.0,0.1,0.3,6.89,0.0,12.0,0.1,1.9,0.6,1406,19,Defender,0.6739130434782609,0.3870967741935484,0.0538243626062322,0.3999999999999999,69.5083767137039,50.692786310445705,50.005090919520455,39.06720551540183,52.71858066373497,True,False
1358581,Leny Yoro,10260,Manchester United,ENG-Premier League,2.2,45.8,0.0,0.0,4.0,0.3,0.02,0.05,0.8,0.0,0.0,1.3,0.1,0.5,0.2,6.55,0.0,3.0,0.4,1.9,0.1,1165,23,Defender,0.8,0.40625,0.0480349344978166,0.125,38.73885913210578,73.22527677393448,52.2420660528882,55.816725104686505,52.65835157697784,True,False
73024,Francesco Acerbi,8636,Internazionale,ITA-Serie A,1.6,56.0,1.0,0.0,6.3,0.8,0.07,0.03,1.0,1.0,0.0,1.4,0.1,1.2,0.0,7.18,0.0,3.0,0.3,0.7,0.1,974,13,Defender,0.6774193548387096,0.6666666666666667,0.0285714285714285,0.1,31.3050948631905,73.05406771639993,48.77359031721448,83.89014369299603,52.64825449498144,True,False
970243,Mats Wieffer,10204,Brighton and Hove Albion,ENG-Premier League,2.1,37.5,4.0,0.0,3.9,1.5,0.11,0.09,1.5,3.0,0.0,1.4,0.2,0.2,0.7,7.08,0.0,17.0,0.8,3.6,0.5,1182,16,Defender,0.7692307692307693,0.2799999999999999,0.056,0.3333333333333333,60.60024450754315,48.24904634887856,51.61667168588309,48.129813070039575,52.51638586901904,True,False
629594,Alfonso Pedraza,10205,Villarreal,ESP-La Liga,2.2,25.0,4.0,0.0,2.3,1.9,0.16,0.09,1.7,2.0,0.08,1.2,0.3,0.5,0.0,7.01,0.0,13.0,0.8,2.7,1.4,1079,18,Defender,0.6964285714285714,0.3076923076923076,0.088,0.8235294117647058,84.765625,35.46875,53.07692307692308,40.75721153846155,52.38352608394141,True,False
956682,Sven Botman,10261,Newcastle United,ENG-Premier League,2.5,51.3,2.0,0.0,6.4,0.3,0.03,0.11,0.7,1.0,0.08,0.7,0.3,0.9,0.1,6.86,0.0,5.0,0.7,0.8,0.1,1063,15,Defender,0.6818181818181818,0.4666666666666666,0.0487329434697855,0.1428571428571428,42.05528846153846,48.23317307692308,64.43509615384615,62.25961538461539,52.372650102486816,True,False
1002668,David Nemeth,8152,FC St. Pauli,GER-Bundesliga,2.3,40.1,0.0,0.0,3.8,0.3,0.01,0.01,0.9,1.0,0.0,0.8,0.0,0.5,0.1,6.75,0.0,3.0,0.2,1.8,0.2,2141,24,Defender,0.7428571428571429,0.3076923076923077,0.0573566084788029,0.2222222222222222,55.74944071588367,43.227069351230426,60.5592841163311,50.47539149888143,52.35669512160165,False,False
1381853,Tim Oermann,9911,VfL Bochum 1848,GER-Bundesliga,1.9,29.4,0.0,0.0,2.3,0.7,0.03,0.01,0.7,2.0,0.0,0.8,0.0,0.6,0.2,6.46,0.0,6.0,0.3,2.0,0.3,2125,28,Defender,0.7999999999999999,0.2857142857142857,0.064625850340136,0.4285714285714286,62.651006711409394,52.12527964205816,50.49217002237136,41.62192393736018,52.240936635494734,False,False
1318686,Alessandro Circati,10167,Parma,ITA-Serie A,3.1,46.3,0.0,0.0,5.2,0.4,0.02,0.03,1.1,0.0,0.05,0.8,0.1,1.2,0.0,6.94,0.0,6.0,0.2,1.3,0.1,1706,20,Defender,0.65625,0.3809523809523809,0.0669546436285097,0.0909090909090909,50.79326923076923,32.54807692307692,75.15625,61.92908653846153,52.14868886804749,True,False
939780,Isak Hien,8524,Atalanta,ITA-Serie A,2.9,47.5,0.0,0.0,4.7,0.3,0.02,0.04,1.7,0.0,0.06,1.1,0.2,0.7,0.0,6.81,0.0,1.0,0.4,2.1,0.2,1518,20,Defender,0.6530612244897959,0.34375,0.0610526315789473,0.1176470588235294,51.59093923879997,36.14050937876441,65.57878735731084,61.70183703321286,51.94228633631426,True,False
566425,Domingos Duarte,8305,Getafe,ESP-La Liga,2.4,22.8,0.0,0.0,6.5,0.1,0.01,0.03,1.1,0.0,0.0,1.0,0.0,0.4,0.0,6.67,0.0,0.0,0.4,0.9,0.0,1805,21,Defender,0.6333333333333333,0.5263157894736842,0.1052631578947368,0.0,45.21731414558596,44.748591034245386,59.26828787357312,63.04384106292664,51.57276291573714,True,False
1137667,Piero Hincapié,9825,Arsenal,ENG-Premier League,1.4,44.0,0.0,0.0,4.4,1.0,0.08,0.02,0.7,1.0,0.07,1.3,0.1,0.4,0.1,7.1,0.0,8.0,0.1,1.9,0.3,1218,17,Defender,0.8205128205128205,0.40625,0.0318181818181818,0.4285714285714286,43.57105597143349,69.13272421556819,42.65365972580738,58.1868349538232,51.53880745236655,True,False
656491,Rasmus Nicolaisen,9941,Toulouse,FRA-Ligue 1,1.8,36.9,0.0,0.0,5.7,0.4,0.02,0.03,1.3,0.0,0.0,1.6,0.2,0.5,0.2,6.77,0.0,1.0,0.6,0.9,0.2,1668,22,Defender,0.6578947368421053,0.64,0.048780487804878,0.1538461538461538,41.28004807692308,62.41586538461539,41.98317307692308,72.34975961538461,51.42828485455739,True,False
195416,Antonio Caracciolo,6479,Pisa,ITA-Serie A,1.8,29.7,0.0,0.0,6.2,0.1,0.0,0.03,1.1,0.0,0.0,1.4,0.1,0.8,0.0,6.58,0.0,1.0,0.6,1.9,0.1,1995,23,Defender,0.7499999999999999,0.4242424242424242,0.0606060606060606,0.0909090909090909,37.66225961538461,63.203125,42.30769230769231,80.8233173076923,51.4124995170562,True,False
658554,Dayot Upamecano,9823,Bayern München,GER-Bundesliga,2.8,74.8,2.0,0.0,2.7,0.7,0.05,0.07,0.9,1.0,0.07,0.8,0.1,0.3,0.2,7.24,0.0,6.0,0.5,1.9,0.2,1270,17,Defender,0.75,0.2962962962962963,0.0374331550802139,0.2222222222222222,49.97403451786841,52.13583792233121,72.1656843343085,34.436583993001776,51.39183319082706,True,False
1406645,Pierre Ganiou,8588,Lens,FRA-Ligue 1,2.4,43.8,0.0,0.0,4.4,0.2,0.02,0.11,1.3,0.0,0.18,1.0,0.2,0.5,0.1,7.33,0.0,1.0,0.7,1.7,0.4,973,11,Defender,0.675,0.3703703703703703,0.0547945205479452,0.3076923076923077,62.40384615384615,35.46875,60.91346153846153,48.91826923076923,51.29764344984122,True,False
521846,Martin Valjent,8661,Mallorca,ESP-La Liga,2.7,38.7,0.0,0.0,5.9,0.2,0.01,0.02,0.9,0.0,0.0,0.5,0.3,0.5,0.1,6.65,0.0,2.0,0.5,1.2,0.2,2160,24,Defender,0.6538461538461539,0.2941176470588235,0.0697674418604651,0.2222222222222222,60.955855991510354,33.35384041759881,65.77424998565938,49.69746672976539,51.29463199850584,True,False
559065,Ramy Bensebaini,9789,Borussia Dortmund,GER-Bundesliga,3.2,65.7,0.0,0.0,5.3,1.5,0.14,0.07,1.9,0.0,0.19,0.9,0.4,0.5,0.2,7.53,0.0,5.0,0.8,1.5,0.2,948,13,Defender,0.5581395348837209,0.375,0.0487062404870624,0.1052631578947368,49.27972451672116,36.25066325359949,71.25476825560717,55.03329712327195,51.16324248318172,True,False
357880,Andrew Robertson,8650,Liverpool,ENG-Premier League,2.2,49.0,7.0,0.0,1.5,4.3,0.15,0.04,0.4,1.0,0.0,0.8,0.1,0.1,0.1,6.84,0.0,40.0,0.5,1.4,0.3,2492,33,Defender,0.8461538461538461,0.3636363636363636,0.0448979591836734,0.7499999999999999,62.22035794183446,64.56935123042506,60.38031319910514,23.165548098434,51.15389569889357,False,False
1096400,Levi Colwill,8455,Chelsea,ENG-Premier League,2.5,66.5,2.0,0.0,3.3,1.2,0.03,0.05,1.3,1.0,0.06,0.9,0.1,0.7,0.1,7.02,0.0,15.0,0.5,1.3,0.2,3149,35,Defender,0.6285714285714287,0.409090909090909,0.037593984962406,0.1538461538461538,47.66778523489933,39.55816554809843,66.72259507829978,55.35794183445191,50.98949930536629,False,False
602304,Nordi Mukiele,8472,Sunderland,ENG-Premier League,1.6,28.8,7.0,0.0,5.4,1.8,0.08,0.04,1.0,4.0,0.04,1.3,0.1,0.4,0.1,7.22,0.0,20.0,0.7,2.4,0.3,2153,24,Defender,0.7872340425531915,0.3513513513513513,0.0555555555555555,0.3,51.21995192307693,60.51682692307692,36.85096153846154,61.20793269230769,50.96529418649899,True,False
362121,Edoardo Goldaniga,10171,Como,ITA-Serie A,2.2,45.2,0.0,0.0,3.5,0.4,0.01,0.07,1.6,0.0,0.04,1.2,0.2,0.4,0.1,6.65,0.0,4.0,0.4,1.2,0.1,2531,32,Defender,0.6,0.5,0.0486725663716814,0.0625,41.79530201342282,49.45749440715884,59.57494407158837,58.4228187919463,50.93058683003512,False,False
1208708,Omar El Hilali,8558,Espanyol,ESP-La Liga,2.0,35.1,2.0,0.0,2.4,1.5,0.08,0.0,1.3,2.0,0.0,1.2,0.0,0.4,0.1,6.8,0.0,10.0,0.1,2.5,0.2,1672,22,Defender,0.74,0.3243243243243243,0.0569800569800569,0.1538461538461538,56.76181666953479,45.44069616531865,53.64395112717261,46.11156821832157,50.78322742361769,True,False
883087,Ridle Baku,178475,RB Leipzig,GER-Bundesliga,3.9,54.4,7.0,0.0,3.2,4.0,0.23,0.08,1.0,2.0,0.06,0.7,0.2,0.3,0.3,7.03,0.0,27.0,1.2,2.4,0.6,1556,20,Defender,0.7560975609756098,0.2258064516129032,0.0716911764705882,0.6,79.48755592841164,36.92519216428612,70.10126269144725,25.702905409281243,50.73975172858132,True,False
1282000,Soumaila Coulibaly,8521,Brest,FRA-Ligue 1,2.5,46.0,0.0,0.0,5.2,0.1,0.01,0.03,1.6,0.0,0.0,0.9,0.2,0.6,0.0,6.56,0.0,1.0,0.5,0.9,0.3,1064,12,Defender,0.5294117647058824,0.5,0.0543478260869565,0.1874999999999999,56.57451923076923,34.08653846153846,63.46153846153847,53.45552884615384,50.71753782999002,True,False
1311985,César Tárrega,10267,Valencia CF,ESP-La Liga,2.4,44.1,0.0,0.0,6.5,0.1,0.01,0.01,1.4,0.0,0.0,0.9,0.1,0.9,0.0,6.73,0.0,2.0,0.4,1.6,0.4,1684,21,Defender,0.6410256410256411,0.36,0.0544217687074829,0.2857142857142857,61.762121407675096,25.826503613835825,62.8784847702633,66.64909044628003,50.65442940257881,True,False
364104,Stefano Sabelli,10233,Genoa,ITA-Serie A,2.2,28.2,2.0,0.0,2.6,1.7,0.08,0.01,1.1,2.0,0.0,1.0,0.0,0.3,0.3,6.74,0.0,18.0,0.3,2.5,0.2,2059,34,Defender,0.7608695652173914,0.2857142857142857,0.0780141843971631,0.1818181818181818,58.09284116331096,45.26845637583893,56.9910514541387,40.94519015659955,50.64982537818143,False,False
805451,Alessandro Bastoni,8636,Internazionale,ITA-Serie A,5.1,62.6,7.0,0.0,3.5,2.5,0.12,0.06,1.6,4.0,0.05,1.0,0.3,0.2,0.3,7.54,0.0,21.0,0.8,1.9,0.2,1860,22,Defender,0.6444444444444444,0.3448275862068966,0.0814696485623003,0.125,67.1051221103654,27.075732805598577,93.47966141800036,33.60389598749498,50.59748906836778,True,False
1123969,Andrea Carboni,6504,Monza,ITA-Serie A,1.8,39.9,1.0,0.0,4.3,0.2,0.01,0.01,1.2,1.0,0.0,1.1,0.0,0.7,0.2,6.6,0.0,4.0,0.3,2.5,0.2,2196,26,Defender,0.75,0.3055555555555556,0.0451127819548872,0.1666666666666666,45.54809843400447,47.147651006711406,48.29977628635347,68.3165548098434,50.55889358007576,False,False
988805,Pep Chavarria,8370,Rayo Vallecano,ESP-La Liga,1.9,37.5,3.0,0.0,2.7,2.1,0.1,0.02,1.2,2.0,0.05,1.2,0.1,0.6,0.0,6.84,0.0,16.0,0.7,1.9,0.6,1912,22,Defender,0.7209302325581395,0.3870967741935484,0.0506666666666666,0.5,60.45199836516951,48.40828099007629,45.28012605403544,46.58470106981013,50.498523848122105,True,False
175311,Kiko,8305,Getafe,ESP-La Liga,1.3,24.0,1.0,0.0,2.2,0.8,0.05,0.01,1.0,1.0,0.0,1.8,0.1,0.1,0.3,6.8,0.0,12.0,0.3,2.1,0.3,1404,19,Defender,0.7959183673469388,0.4615384615384615,0.0541666666666666,0.3,52.48586552802158,79.36879768255606,33.82604112889348,44.43633303218035,50.44122151059752,True,False
750028,Francisco Garcia,8633,Real Madrid,ESP-La Liga,1.4,48.4,3.0,0.0,2.2,2.3,0.09,0.04,0.5,2.0,0.0,1.2,0.1,0.2,0.2,7.15,0.0,24.0,0.6,2.1,0.3,2174,31,Defender,0.868421052631579,0.3636363636363636,0.0289256198347107,0.6,48.29418344519016,75.33557046979865,41.91275167785235,41.10178970917225,50.440241670390925,False,False
1178325,Ousmane Camara,8121,Angers,FRA-Ligue 1,1.6,43.2,0.0,0.0,6.1,0.1,0.01,0.01,0.6,0.0,0.05,1.1,0.1,1.0,0.1,7.01,0.0,3.0,0.2,1.7,0.2,1774,21,Defender,0.8235294117647058,0.3928571428571429,0.037037037037037,0.3333333333333333,38.46153846153846,69.0985576923077,36.95913461538461,74.93990384615384,50.37885769549647,True,False
1333066,Rahim Alhassane,8670,Real Oviedo,ESP-La Liga,1.3,30.6,2.0,0.0,3.8,0.8,0.05,0.0,0.4,0.0,0.0,1.5,0.0,0.4,0.1,6.67,0.0,14.0,0.1,1.8,0.4,1413,19,Defender,0.8918918918918919,0.4545454545454546,0.0424836601307189,1.0,52.71033653846153,88.4795673076923,24.85576923076923,56.24399038461539,50.36762945649024,True,False
557799,Duje Caleta-Car,8560,Real Sociedad,ESP-La Liga,2.4,49.3,0.0,0.0,4.6,0.5,0.04,0.05,1.3,0.0,0.0,1.2,0.1,0.9,0.0,6.76,0.0,3.0,0.5,0.8,0.0,1145,15,Defender,0.6060606060606061,0.6,0.0486815415821501,0.0,34.66907230539781,48.2188414214421,61.70644395686342,72.18810947628062,50.35732156300298,True,False
795179,Gabriel,9825,Arsenal,ENG-Premier League,2.4,54.2,4.0,0.0,5.9,1.1,0.05,0.09,0.6,3.0,0.15,0.8,0.2,1.1,0.1,7.33,0.0,5.0,0.8,1.1,0.0,1806,21,Defender,0.76,0.4210526315789473,0.044280442804428,0.0,36.04365642746515,52.28110838639362,61.73654132966214,61.20835842941548,50.30748069529872,True,False
775539,Noussair Mazraoui,10260,Manchester United,ENG-Premier League,1.6,43.2,2.0,0.0,2.6,1.9,0.06,0.02,1.2,1.0,0.0,1.1,0.1,0.3,0.3,6.99,0.0,20.0,0.4,3.6,0.8,2848,37,Defender,0.7966101694915254,0.2340425531914893,0.037037037037037,0.6666666666666667,62.237136465324376,48.266219239373605,44.16107382550336,44.27293064876957,50.07411260033933,False,False
1140003,Ilya Zabarnyi,9847,Paris Saint-Germain,FRA-Ligue 1,2.1,75.5,0.0,0.0,3.5,0.3,0.02,0.02,0.8,0.0,0.06,0.6,0.1,0.3,0.1,7.06,0.0,4.0,0.1,1.2,0.2,1397,17,Defender,0.6923076923076923,0.3333333333333333,0.0278145695364238,0.25,48.65940314346354,48.87394775712729,62.000157746802046,40.746760812826246,49.950081934318334,True,False
877401,Calvin Bassey,9879,Fulham,ENG-Premier League,1.9,54.9,0.0,0.0,4.2,0.2,0.01,0.06,0.9,0.0,0.06,0.8,0.1,0.9,0.1,6.54,0.0,4.0,0.4,2.1,0.4,1452,18,Defender,0.7631578947368421,0.2758620689655172,0.0346083788706739,0.4444444444444445,55.769051511501175,39.63467274708886,55.38542204439856,49.22542735042735,49.85670387586745,True,False
556027,Maximilian Wittek,9911,VfL Bochum 1848,GER-Bundesliga,2.0,26.6,8.0,0.0,2.6,6.1,0.21,0.05,1.1,0.0,0.0,0.9,0.2,0.3,0.3,6.7,0.0,45.0,1.4,2.1,0.4,2641,32,Defender,0.7317073170731708,0.3,0.075187969924812,0.3636363636363636,67.88031319910515,40.29642058165548,53.06487695749441,37.6565995525727,49.79775673426456,False,False
865931,Max Kilman,8654,West Ham United,ENG-Premier League,1.6,34.9,0.0,0.0,6.4,0.3,0.02,0.03,0.9,0.0,0.0,0.5,0.1,1.4,0.0,6.36,0.0,4.0,0.4,0.9,0.2,1559,21,Defender,0.6086956521739131,0.3571428571428571,0.0458452722063037,0.2222222222222222,50.88219002753399,40.6122637383124,46.50649988527505,67.47801403946538,49.75593713654134,True,False
488718,Diego Rico,8305,Getafe,ESP-La Liga,1.4,20.6,1.0,0.0,2.8,0.9,0.05,0.01,1.1,0.0,0.0,1.6,0.1,0.2,0.2,6.87,0.0,10.0,0.5,2.6,0.4,1531,20,Defender,0.7924528301886792,0.3809523809523809,0.0679611650485436,0.3636363636363636,57.068696939712034,60.37435287959617,39.0443411919922,43.05941855962829,49.754878053430616,True,False
727897,David Hancko,9906,Atlético de Madrid,ESP-La Liga,2.5,45.3,4.0,0.0,3.1,2.0,0.1,0.04,0.5,2.0,0.0,0.7,0.1,0.3,0.2,6.99,0.0,12.0,0.7,1.9,0.3,1849,23,Defender,0.8387096774193549,0.2692307692307693,0.0551876379690949,0.6,65.27644230769232,50.37259615384615,63.46153846153847,23.91826923076923,49.699168833133925,True,False
831044,Hjalmar Ekdal,8191,Burnley,ENG-Premier League,1.7,30.8,0.0,0.0,7.3,0.3,0.02,0.02,0.4,0.0,0.0,0.7,0.1,0.6,0.0,6.44,0.0,3.0,0.4,1.5,0.2,1179,15,Defender,0.8461538461538461,0.3181818181818181,0.0551948051948051,0.5,51.652644230769226,54.16466346153845,38.762019230769226,57.03125,49.622764610738216,True,False
1529222,Pietro Comuzzo,8535,Fiorentina,ITA-Serie A,2.0,49.7,0.0,0.0,5.9,0.2,0.01,0.07,1.3,0.0,0.07,1.3,0.1,0.9,0.0,6.68,0.0,3.0,0.6,1.9,0.0,1368,18,Defender,0.7111111111111111,0.40625,0.0402414486921529,0.0,29.953787357310848,54.71375229449894,57.34203808868239,77.71415024665863,49.56532400132459,True,False
660326,Matthieu Udol,8588,Lens,FRA-Ligue 1,1.5,31.9,17.0,0.0,2.1,5.8,0.27,0.09,1.0,6.0,0.0,1.5,0.3,0.4,0.5,7.35,0.0,34.0,1.0,1.5,0.5,1968,22,Defender,0.75,0.5,0.0470219435736677,0.5,56.262019230769226,72.65625,31.887019230769237,44.04447115384615,49.552389306908985,True,False
955529,Matheus Nunes,8456,Manchester City,ENG-Premier League,1.8,60.7,4.0,0.0,3.4,1.4,0.07,0.01,0.5,4.0,0.05,1.2,0.0,0.2,0.2,7.46,0.0,14.0,0.2,2.1,0.8,1907,23,Defender,0.868421052631579,0.3636363636363636,0.029654036243822,1.6,59.73022607984856,56.22210749727528,46.19953894911948,34.479238369758505,49.43174832082923,True,False
759097,Joakim Mæhle,8721,VfL Wolfsburg,GER-Bundesliga,1.3,33.6,2.0,0.0,2.0,3.1,0.13,0.08,0.4,4.0,0.12,1.0,0.3,0.1,0.3,6.97,0.0,20.0,0.7,1.4,0.8,2190,28,Defender,0.8571428571428572,0.4166666666666667,0.0386904761904761,2.0,63.90939597315437,74.93847874720358,34.50782997762863,31.308724832214764,49.42630222059576,False,False
307209,Lukas Kübler,8358,Sport-Club Freiburg,GER-Bundesliga,1.7,30.7,2.0,0.0,3.6,1.3,0.1,0.23,1.1,1.0,0.15,2.1,0.3,0.4,0.2,6.92,0.0,8.0,1.3,2.4,0.1,1213,16,Defender,0.8035714285714286,0.4666666666666667,0.0553745928338762,0.0909090909090909,33.742480138243565,78.30079805541214,41.0572083118224,62.0446495152871,49.406361139485874,True,False
879065,Antonino Gallo,9888,Lecce,ITA-Serie A,2.2,25.8,0.0,0.0,3.5,1.2,0.05,0.02,0.2,1.0,0.0,0.4,0.0,0.1,0.0,6.91,0.0,21.0,0.2,2.2,0.4,2039,25,Defender,0.9285714285714284,0.1538461538461538,0.0852713178294573,2.0,76.31414737853495,49.27531477657317,52.800328400160616,23.763300923535823,49.40596407085048,True,False
469804,Kenny Tete,9879,Fulham,ENG-Premier League,1.7,37.8,1.0,0.0,3.2,1.0,0.07,0.04,1.2,0.0,0.06,1.3,0.2,0.3,0.0,7.09,0.0,9.0,0.7,3.4,0.4,1444,18,Defender,0.7966101694915254,0.2765957446808511,0.0449735449735449,0.3333333333333333,53.528527075087474,52.42528537830551,40.06786697642402,51.92010124476568,49.22967296313458,True,False
873573,Sam Beukema,9875,Napoli,ITA-Serie A,2.4,62.6,0.0,0.0,3.9,0.1,0.01,0.1,0.9,0.0,0.09,0.8,0.2,0.9,0.0,6.88,0.0,3.0,0.4,1.0,0.1,963,14,Defender,0.6666666666666666,0.4444444444444445,0.0383386581469648,0.1111111111111111,37.99148884299891,47.04151250501922,68.03947613721104,50.85807090001722,49.1460287221955,True,False
724196,Danilho Doekhi,8149,1. FC Union Berlin,GER-Bundesliga,1.9,26.4,0.0,0.0,5.0,1.4,0.06,0.14,1.0,0.0,0.18,1.2,0.2,0.5,0.1,7.0,0.0,6.0,1.4,1.5,0.0,1980,22,Defender,0.7297297297297297,0.4444444444444444,0.0719696969696969,0.0,37.47560302300235,60.142465080594285,45.87893649974188,62.17633224344633,49.09624195823478,True,False
474673,Johan Mojica,8661,Mallorca,ESP-La Liga,2.5,31.1,4.0,0.0,3.0,2.2,0.11,0.02,1.0,3.0,0.0,0.6,0.1,0.1,0.3,6.88,0.0,21.0,0.6,2.0,0.6,1847,24,Defender,0.7222222222222222,0.2307692307692307,0.0803858520900321,0.6,83.86635619227901,40.03566332530259,62.93192149945506,20.8031552945563,49.094368681078215,True,False
277771,Thomas Meunier,8639,Lille,FRA-Ligue 1,1.9,38.0,3.0,0.0,3.1,1.9,0.15,0.06,1.3,0.0,0.0,0.9,0.1,0.2,0.6,6.99,0.0,10.0,0.9,1.4,0.6,1159,15,Defender,0.638888888888889,0.391304347826087,0.0499999999999999,0.4615384615384615,65.43725441691045,41.98543172431595,51.07724932599094,36.707653946538166,49.03773220116532,True,False
1355636,Arthur Chaves,8226,TSG 1899 Hoffenheim,GER-Bundesliga,1.6,39.3,0.0,0.0,5.4,0.4,0.01,0.03,1.6,0.0,0.04,1.5,0.1,0.8,0.1,6.65,0.0,5.0,0.4,2.1,0.1,2188,26,Defender,0.6923076923076923,0.4166666666666666,0.0407124681933842,0.0625,34.049217002237135,54.41834451901567,43.65771812080536,85.37472035794184,48.96092195891631,False,False
979752,Bafodé Diakité,8678,Bournemouth,ENG-Premier League,2.4,46.5,0.0,0.0,5.9,0.2,0.01,0.0,0.6,0.0,0.0,0.8,0.0,0.4,0.1,6.66,0.0,3.0,0.1,1.4,0.0,1275,18,Defender,0.7857142857142857,0.3636363636363636,0.0516129032258064,0.0,39.53068533815178,49.760036640279935,62.70275841794298,48.39012218206849,48.929804597580976,True,False
874025,Vitaliy Mykolenko,8668,Everton,ENG-Premier League,1.5,28.5,1.0,0.0,4.2,2.1,0.1,0.01,1.0,1.0,0.0,1.0,0.1,0.3,0.4,6.79,0.0,15.0,0.4,1.4,0.4,1970,22,Defender,0.7058823529411765,0.4166666666666667,0.0526315789473684,0.4,54.3354647077382,59.598561277462295,36.133177737624045,47.417648999024834,48.865067446134425,True,False
1048023,Strahinja Pavlovic,8564,Milan,ITA-Serie A,2.3,53.9,0.0,0.0,3.8,1.0,0.05,0.1,0.6,1.0,0.1,0.5,0.2,0.5,0.1,7.22,0.0,11.0,0.7,1.4,0.5,1762,21,Defender,0.76,0.2631578947368421,0.0426716141001855,0.8333333333333334,59.789228761544194,39.39022794412895,61.10967704927436,35.66789637469168,48.8446503732529,True,False
881640,Lutsharel Geertruida,8472,Sunderland,ENG-Premier League,1.6,36.0,0.0,0.0,2.3,0.6,0.05,0.07,0.6,0.0,0.0,1.1,0.1,0.5,0.3,6.59,0.0,6.0,0.4,2.0,0.5,1012,20,Defender,0.8378378378378378,0.3548387096774194,0.0444444444444444,0.8333333333333334,58.75,65.91346153846153,35.58894230769231,37.47596153846154,48.7556800521921,True,False
1281461,José Ángel Carmona,8302,Sevilla,ESP-La Liga,1.8,35.3,3.0,0.0,3.0,1.1,0.05,0.03,1.7,3.0,0.05,1.3,0.2,0.4,0.2,6.92,0.0,11.0,0.7,2.5,0.7,1799,22,Defender,0.6909090909090909,0.3421052631578947,0.0509915014164306,0.4117647058823529,58.86096949750473,48.9182333792233,38.32553562209602,49.390362387426144,48.74346689607111,True,False
458976,Hauke Wahl,8152,FC St. Pauli,GER-Bundesliga,2.4,50.1,0.0,0.0,5.0,0.7,0.04,0.02,0.5,0.0,0.06,0.7,0.2,0.4,0.1,6.73,0.0,3.0,0.3,1.7,0.0,1575,18,Defender,0.8275862068965517,0.2916666666666667,0.0479041916167664,0.0,36.72825962255493,58.66069379911662,56.76206763035623,48.824651881489125,48.73368889163596,True,False
807148,Luca Pellegrini,8543,Lazio,ITA-Serie A,1.5,38.9,1.0,0.0,1.9,0.7,0.06,0.04,1.5,0.0,0.0,1.2,0.2,0.5,0.0,6.58,0.0,9.0,0.4,1.7,0.6,1083,19,Defender,0.6590909090909091,0.4137931034482758,0.0385604113110539,0.3999999999999999,60.94687517925773,47.77621823553032,42.2201607583319,42.48825861871164,48.67681261102298,True,False
844996,Matteo Gabbia,8564,Milan,ITA-Serie A,3.2,49.8,0.0,0.0,5.9,0.1,0.01,0.06,0.8,0.0,0.0,0.5,0.1,0.6,0.0,7.02,0.0,2.0,0.8,0.7,0.0,1991,24,Defender,0.6,0.4166666666666667,0.0642570281124498,0.0,42.4629295015201,35.461015028968056,77.13155366259394,49.712882894510415,48.6342906736658,True,False
1132355,Alvaro Nunez,10268,Elche,ESP-La Liga,2.1,49.3,6.0,0.0,1.8,2.7,0.15,0.01,0.7,2.0,0.0,0.9,0.0,0.3,0.3,7.17,0.0,20.0,0.2,1.3,0.8,1652,19,Defender,0.7586206896551724,0.409090909090909,0.0425963488843813,1.142857142857143,68.84615384615384,56.68870192307693,53.49759615384615,21.14182692307692,48.62393505367147,True,False
544693,Amir Rrahmani,9875,Napoli,ITA-Serie A,1.9,77.4,0.0,0.0,3.6,0.2,0.02,0.04,1.1,1.0,0.07,1.2,0.1,0.6,0.0,7.27,0.0,3.0,0.5,1.3,0.1,1360,16,Defender,0.6944444444444444,0.48,0.024547803617571,0.0909090909090909,34.86950037285607,50.22826679286411,63.2531334251133,55.12255850972294,48.58555297596562,True,False
469700,Jonathan Tah,9823,Bayern München,GER-Bundesliga,1.9,79.8,1.0,0.0,4.9,0.9,0.05,0.04,1.2,1.0,0.11,1.2,0.3,0.7,0.0,7.38,0.0,5.0,0.5,1.1,0.1,1573,19,Defender,0.6571428571428571,0.5217391304347826,0.0238095238095238,0.0833333333333333,29.694831641140368,61.07126211782253,54.96199736132622,64.929031864854,48.50280956904472,True,False
421365,Djené,8305,Getafe,ESP-La Liga,1.9,23.7,0.0,0.0,5.4,0.1,0.01,0.01,0.9,0.0,0.0,0.8,0.0,0.4,0.1,6.78,0.0,1.0,0.2,1.3,0.4,1754,23,Defender,0.7000000000000001,0.3809523809523809,0.080168776371308,0.4444444444444445,63.51015315780416,39.199130241496015,47.733214306200885,43.0758116789996,48.49801011334343,True,False
266105,Clinton Mata,9748,Lyon,FRA-Ligue 1,2.0,54.7,0.0,0.0,5.0,0.6,0.03,0.01,1.1,0.0,0.0,0.7,0.0,1.0,0.1,6.91,0.0,1.0,0.1,1.5,0.2,1846,21,Defender,0.6666666666666666,0.3181818181818181,0.036563071297989,0.1818181818181818,44.58267007973384,42.503683746343135,51.48798256180808,59.093950768657145,48.31606306087273,True,False
857120,Ayumu Seko,9746,Le Havre,FRA-Ligue 1,2.3,26.9,1.0,0.0,3.7,1.1,0.06,0.05,1.0,0.0,0.0,1.1,0.2,0.1,0.3,6.91,0.0,9.0,0.7,1.7,0.1,1725,20,Defender,0.7368421052631579,0.3928571428571429,0.0855018587360594,0.1,49.11057692307692,52.94471153846154,55.33653846153846,35.46875,48.30925401536755,True,False
1435439,Javi Rodriguez,9910,Celta de Vigo,ESP-La Liga,2.2,58.7,0.0,0.0,3.4,0.5,0.03,0.03,1.2,0.0,0.0,0.9,0.1,0.4,0.1,6.7,0.0,7.0,0.5,1.6,0.3,1494,20,Defender,0.6756756756756757,0.36,0.0374787052810902,0.25,52.79637576722308,39.040998035335285,60.434162221074985,41.2585505937016,48.20420016222423,True,False
307317,Vladimir Coufal,8226,TSG 1899 Hoffenheim,GER-Bundesliga,1.9,31.2,10.0,0.0,3.4,5.0,0.23,0.03,0.9,6.0,0.05,1.1,0.2,0.5,0.4,7.49,0.0,31.0,0.7,1.7,0.9,1967,22,Defender,0.7567567567567568,0.3928571428571429,0.0608974358974358,1.0,63.26114624562612,44.542175758618704,37.85822864681925,47.71555741983594,48.17326106282124,True,False
760320,Aaron Wan-Bissaka,8654,West Ham United,ENG-Premier League,1.0,24.8,1.0,0.0,4.6,0.7,0.05,0.0,1.0,2.0,0.0,1.8,0.0,0.3,0.1,6.96,0.0,15.0,0.0,1.4,0.8,1463,17,Defender,0.7619047619047619,0.5625,0.0403225806451612,0.8,56.6319623702174,82.41057728159238,19.008776458440888,61.5980647335513,48.146661313710645,True,False
676533,Aitor Ruibal,8603,Real Betis,ESP-La Liga,1.9,28.2,2.0,0.0,2.1,1.3,0.1,0.22,1.2,1.0,0.3,1.1,0.7,0.2,0.4,6.95,0.0,16.0,1.4,1.8,0.5,1191,19,Defender,0.7073170731707317,0.3793103448275862,0.0673758865248227,0.4166666666666667,68.04368869385648,50.23024759077612,43.34978919290999,30.70240348763839,48.05724905687688,True,False
210126,Dennis Appiah,9853,St Etienne,FRA-Ligue 1,1.4,29.9,4.0,0.0,3.1,2.2,0.09,0.01,1.6,1.0,0.0,1.2,0.1,0.3,0.3,6.59,0.0,13.0,0.2,3.0,0.8,2124,29,Defender,0.7241379310344827,0.2857142857142857,0.0468227424749163,0.5,62.869127516778526,42.10290827740492,37.41610738255034,51.4765100671141,47.9949699316962,False,False
769895,Matthijs de Ligt,10260,Manchester United,ENG-Premier League,1.6,41.3,2.0,0.0,5.2,0.8,0.06,0.11,0.5,0.0,0.08,1.2,0.2,0.5,0.1,6.97,0.0,3.0,0.8,1.5,0.1,1170,13,Defender,0.84375,0.4444444444444444,0.0387409200968523,0.2,30.08861605862445,79.48489395112718,39.16747332644984,66.0926027505306,47.9571950211072,True,False
360918,Jonny Otto,9866,Alavés,ESP-La Liga,1.5,46.3,2.0,0.0,1.9,1.3,0.06,0.02,1.1,0.0,0.0,1.4,0.1,0.4,0.2,6.95,0.0,12.0,0.3,2.1,0.8,2008,23,Defender,0.7608695652173914,0.3999999999999999,0.0323974082073434,0.7272727272727273,55.37259615384616,62.42187500000001,34.84375,41.43629807692308,47.954578731781005,True,False
1125187,Ramon Hendriks,10269,VfB Stuttgart,GER-Bundesliga,1.5,51.5,1.0,0.0,3.9,0.9,0.07,0.01,0.6,2.0,0.0,0.8,0.0,0.8,0.2,6.85,0.0,4.0,0.2,1.6,0.2,1141,19,Defender,0.8,0.3333333333333333,0.029126213592233,0.3333333333333333,40.99557950438823,60.42316475936442,39.59080838065737,57.7127968508002,47.948496385649406,True,False
974268,Daniel Ballard,8472,Sunderland,ENG-Premier League,2.4,38.9,3.0,0.0,7.7,0.5,0.03,0.12,1.1,0.0,0.11,0.8,0.5,0.8,0.1,6.99,0.0,10.0,1.2,1.5,0.1,1673,22,Defender,0.676470588235294,0.3478260869565218,0.0616966580976863,0.0909090909090909,44.54326923076924,31.796875,60.01201923076924,66.5204326923077,47.794872735803374,True,False
210389,Maxime Colin,8550,Metz,FRA-Ligue 1,1.5,43.1,0.0,0.0,2.2,0.3,0.02,0.03,0.6,0.0,0.0,1.3,0.1,0.6,0.2,6.32,0.0,4.0,0.5,2.0,0.3,1111,15,Defender,0.8461538461538461,0.393939393939394,0.0348027842227378,0.5,44.0625,75.91947115384616,33.79807692307692,46.68269230769231,47.79288092944573,True,False
411851,Robert Andrich,8178,Bayer 04 Leverkusen,GER-Bundesliga,2.9,61.2,0.0,0.0,2.6,1.0,0.06,0.02,1.3,0.0,0.06,1.1,0.1,0.4,0.2,6.86,0.0,7.0,0.3,1.8,0.1,1498,20,Defender,0.6904761904761906,0.3793103448275862,0.0473856209150326,0.0769230769230769,39.99455952790685,46.76955164056674,67.1979507256353,41.16751455572764,47.62566072953615,True,False
1173779,Tim Siersleben,94937,1. FC Heidenheim 1846,GER-Bundesliga,3.3,37.9,0.0,0.0,6.4,0.4,0.03,0.04,1.1,0.0,0.0,1.6,0.3,0.7,0.2,6.52,0.0,2.0,0.4,1.9,0.0,1006,13,Defender,0.7608695652173914,0.4571428571428572,0.0870712401055408,0.0,34.61802866689612,55.27348455515402,51.79714836803763,57.43567336373544,47.62475090213111,True,False
1393669,Quilindschy Hartman,8191,Burnley,ENG-Premier League,1.5,26.2,4.0,0.0,3.4,1.5,0.1,0.01,0.5,4.0,0.0,1.3,0.1,0.1,0.0,6.8,0.0,16.0,0.4,2.1,0.2,1339,15,Defender,0.8717948717948718,0.3823529411764705,0.0572519083969465,0.4,48.52163461538461,76.75480769230768,33.22115384615385,39.801682692307686,47.57633556184804,True,False
1641063,Noahkai Banks,8406,FC Augsburg,GER-Bundesliga,2.8,42.0,0.0,0.0,4.8,0.3,0.02,0.06,1.4,0.0,0.06,0.8,0.3,0.8,0.1,6.91,0.0,5.0,0.4,2.4,0.2,1388,18,Defender,0.6956521739130436,0.25,0.0666666666666666,0.1428571428571428,57.08533653846154,23.563701923076923,69.77163461538461,53.85817307692308,47.5541362502526,True,False
1574492,Tiago Gabriel,9888,Lecce,ITA-Serie A,2.0,34.9,0.0,0.0,6.8,0.1,0.0,0.1,0.9,0.0,0.04,1.1,0.1,0.6,0.0,6.88,0.0,0.0,0.6,1.8,0.0,2146,25,Defender,0.7631578947368421,0.3793103448275862,0.0573065902578796,0.0,31.430288461538467,56.72475961538461,48.4735576923077,68.43149038461539,47.43239999940444,True,False
1800345,Tylel Tati,9830,Nantes,FRA-Ligue 1,1.6,43.7,0.0,0.0,4.3,0.2,0.01,0.02,1.1,0.0,0.0,1.0,0.0,0.8,0.0,6.3,0.0,1.0,0.2,1.0,0.5,1595,18,Defender,0.6451612903225806,0.5,0.0366132723112128,0.4545454545454545,51.46033653846153,46.953125,37.13942307692308,57.60216346153846,47.41376682268328,True,False
279820,Matteo Bianchetti,7801,Cremonese,ITA-Serie A,3.3,39.3,1.0,0.0,5.2,0.3,0.02,0.02,1.0,2.0,0.0,0.6,0.1,0.9,0.1,6.66,0.0,3.0,0.3,1.9,0.0,1568,19,Defender,0.7142857142857143,0.24,0.0839694656488549,0.0,47.08533653846153,27.325721153846157,74.90384615384616,53.71995192307692,47.387278165838666,True,False
950824,Josip Stanisic,9823,Bayern München,GER-Bundesliga,1.7,57.2,1.0,0.0,3.3,1.7,0.15,0.09,0.4,2.0,0.17,0.9,0.2,0.3,0.4,7.41,0.0,10.0,0.3,0.9,0.3,1046,14,Defender,0.8181818181818181,0.5,0.0297202797202797,0.7499999999999999,46.13581730769231,72.9266826923077,43.77403846153846,31.11177884615384,47.18698212873293,True,False
588687,Gianluca Mancini,8686,Roma,ITA-Serie A,2.1,42.7,4.0,0.0,3.9,1.0,0.04,0.05,2.3,2.0,0.0,1.6,0.2,0.4,0.1,7.25,0.0,15.0,0.5,1.8,0.1,2137,24,Defender,0.5964912280701755,0.4705882352941176,0.0491803278688524,0.0434782608695652,35.82646776228992,47.33302142488384,57.17073940228303,55.67035220558711,47.14878444735347,True,False
1250443,Maxime Estève,8191,Burnley,ENG-Premier League,1.4,36.1,1.0,0.0,6.6,0.6,0.03,0.02,0.4,0.0,0.0,1.3,0.0,0.9,0.1,6.46,0.0,7.0,0.3,1.3,0.1,1971,23,Defender,0.8666666666666667,0.5,0.038781163434903,0.25,29.32091346153846,86.5264423076923,28.870192307692307,82.66225961538461,47.099287182891885,True,False
729093,Mathias Olivera,9875,Napoli,ITA-Serie A,1.7,45.1,2.0,0.0,2.5,0.8,0.03,0.04,1.1,2.0,0.0,1.1,0.1,0.5,0.1,7.12,0.0,25.0,0.6,2.4,0.2,2371,32,Defender,0.7608695652173914,0.3142857142857143,0.0376940133037694,0.1818181818181818,42.15324384787472,50.553691275167786,47.516778523489926,49.88814317673378,47.010918175964,False,False
867789,Emanuele Valeri,10167,Parma,ITA-Serie A,1.8,20.4,3.0,0.0,1.4,2.6,0.15,0.02,0.6,1.0,0.0,0.9,0.2,0.1,0.3,6.75,0.0,31.0,0.9,1.8,0.6,1582,21,Defender,0.8181818181818181,0.3333333333333333,0.088235294117647,1.0,71.65869866058624,53.94606314174268,43.115875781563695,23.28735372569265,46.951983642501006,True,False
614006,Ruben Dias,8456,Manchester City,ENG-Premier League,1.8,69.1,0.0,0.0,4.9,0.5,0.02,0.03,0.6,0.0,0.1,1.0,0.2,0.8,0.1,7.23,0.0,3.0,0.4,0.4,0.0,1825,22,Defender,0.7,0.7142857142857143,0.0260492040520984,0.0,26.46402476624792,65.28803131991052,57.19081626799749,57.35385117306259,46.94066656796743,True,False
1102289,Juan Iglesias,8305,Getafe,ESP-La Liga,2.2,17.3,2.0,0.0,3.9,1.2,0.05,0.04,2.0,2.0,0.05,0.6,0.1,0.3,0.2,6.89,0.0,9.0,0.8,3.2,0.9,1956,23,Defender,0.6551724137931034,0.1578947368421052,0.1271676300578034,0.45,76.84914207250618,26.379549561177075,52.3040354500086,38.687349423507136,46.57535196969646,True,False
951765,Armel Bella-Kotchap,9876,Verona,ITA-Serie A,1.5,28.1,0.0,0.0,6.3,0.3,0.02,0.01,1.6,0.0,0.0,2.3,0.0,1.1,0.1,6.78,0.0,1.0,0.2,1.0,0.1,1119,15,Defender,0.6734693877551019,0.6969696969696969,0.0533807829181494,0.0625,30.360576923076923,63.41346153846154,32.86057692307692,92.74639423076924,46.54430758897541,True,False
1487877,Finn Jeltsch,10269,VfB Stuttgart,GER-Bundesliga,1.2,58.3,0.0,0.0,4.7,0.3,0.02,0.01,0.7,1.0,0.0,1.1,0.0,0.8,0.0,7.03,0.0,5.0,0.2,1.2,0.3,1083,16,Defender,0.7666666666666666,0.4782608695652174,0.0205831903945111,0.4285714285714286,35.44471153846154,69.74759615384616,33.28125000000001,63.61778846153845,46.452957136872,True,False
521318,Manuel Akanji,8636,Internazionale,ITA-Serie A,2.6,62.1,1.0,0.0,3.4,1.1,0.05,0.06,0.9,0.0,0.05,1.2,0.1,0.4,0.1,7.16,0.0,4.0,0.7,1.5,0.0,1990,23,Defender,0.75,0.4444444444444444,0.0418679549114331,0.0,33.38073803992428,52.837085197613725,66.6730840933861,41.07145930132508,46.39585219291286,True,False
465750,Timothy Castagne,9879,Fulham,ENG-Premier League,1.5,32.3,0.0,0.0,3.7,0.5,0.04,0.07,1.0,0.0,0.0,1.8,0.2,0.5,0.2,6.68,0.0,7.0,0.5,1.8,0.1,1119,20,Defender,0.782608695652174,0.5,0.0464396284829721,0.1,34.73844504675042,74.9725377158263,32.606873458383525,61.06826851373831,46.39370707601612,True,False
940573,Eric Garcia,8634,Barcelona,ESP-La Liga,2.4,67.5,1.0,0.0,2.7,1.3,0.06,0.13,1.2,1.0,0.05,1.6,0.3,0.3,0.2,7.37,0.0,24.0,1.0,2.5,0.1,1905,24,Defender,0.7735849056603773,0.3902439024390244,0.0355555555555555,0.0833333333333333,35.54879753914989,53.57943627029197,57.682627774909655,43.92880062238283,46.3775858346271,True,False
1407468,Santiago Mourino,10205,Villarreal,ESP-La Liga,1.7,40.8,0.0,0.0,4.8,0.3,0.02,0.04,2.3,1.0,0.0,1.3,0.0,0.3,0.3,7.3,0.0,5.0,0.5,4.0,0.4,1433,17,Defender,0.6973684210526316,0.2452830188679245,0.0416666666666666,0.1739130434782609,46.47180455171227,40.05944186313314,41.195039580106695,63.11452238570527,46.19236260748578,True,False
917802,Wesley Fofana,8455,Chelsea,ENG-Premier League,1.8,59.3,1.0,0.0,7.4,0.5,0.05,0.02,1.2,1.0,0.0,2.1,0.0,1.2,0.1,7.08,0.0,1.0,0.2,1.3,0.7,954,15,Defender,0.7391304347826086,0.6176470588235293,0.0303541315345699,0.5833333333333334,39.69815687202432,57.38486276028223,33.11926375265301,66.99496823553031,46.19117878530654,True,False
753724,Viti,8306,Las Palmas,ESP-La Liga,1.3,26.4,2.0,0.0,2.4,1.3,0.06,0.0,1.3,2.0,0.0,1.2,0.1,0.3,0.1,6.82,0.0,12.0,0.1,3.2,0.4,1986,29,Defender,0.7719298245614036,0.2727272727272727,0.0492424242424242,0.3076923076923077,54.28970917225951,49.1331096196868,35.51454138702461,45.79977628635347,46.029159155857634,False,False
1398483,Lukas Ullrich,9788,Borussia Mönchengladbach,GER-Bundesliga,1.1,27.1,1.0,0.0,3.1,1.3,0.12,0.03,1.3,0.0,0.0,1.7,0.2,0.4,0.1,6.63,0.0,13.0,0.5,1.8,0.6,997,15,Defender,0.7291666666666667,0.4857142857142857,0.040590405904059,0.4615384615384615,53.136624863764126,63.51085226294958,24.811797309699998,53.4225588682384,45.97689816595552,True,False
604089,Ainsley Maitland-Niles,9748,Lyon,FRA-Ligue 1,1.7,35.7,3.0,0.0,2.5,2.4,0.12,0.12,1.6,3.0,0.05,1.2,0.3,0.1,0.4,6.96,0.0,15.0,0.6,2.2,0.5,1738,21,Defender,0.68,0.3529411764705882,0.0476190476190476,0.3125,59.96084114897034,45.73302070785292,42.827001950324096,33.92244593586876,45.96683872464779,True,False
640231,Antonio Raillo,8661,Mallorca,ESP-La Liga,2.1,40.8,0.0,0.0,5.1,0.3,0.02,0.02,1.1,1.0,0.0,0.8,0.1,1.4,0.1,6.76,0.0,6.0,0.5,1.0,0.0,1620,18,Defender,0.6206896551724137,0.4444444444444445,0.0514705882352941,0.0,35.64360695233179,37.051748121378985,56.75138386967245,65.79205924109446,45.70097647167104,True,False
1255209,Lucas Beraldo,9847,Paris Saint-Germain,FRA-Ligue 1,3.1,89.0,1.0,0.0,2.7,0.9,0.04,0.04,1.0,0.0,0.04,0.9,0.2,0.4,0.1,7.2,0.0,8.0,0.5,1.7,0.0,2011,25,Defender,0.7222222222222222,0.3461538461538461,0.0348314606741573,0.0,33.585011185682326,44.18903803131991,72.12527964205817,41.86241610738254,45.50498982160309,False,False
1197250,Malo Gusto,8455,Chelsea,ENG-Premier League,1.5,44.0,2.0,0.0,1.6,1.2,0.07,0.09,0.8,2.0,0.12,1.2,0.3,0.1,0.4,6.99,0.0,15.0,0.7,2.5,0.5,1484,23,Defender,0.8222222222222223,0.3243243243243243,0.034090909090909,0.625,48.53098290598291,61.1826976854242,40.647944989387945,32.38688837262663,45.37288298313448,True,False
955214,Jean-Clair Todibo,8654,West Ham United,ENG-Premier League,1.3,34.8,0.0,0.0,4.7,0.3,0.02,0.01,0.4,1.0,0.0,0.8,0.0,0.7,0.0,6.63,0.0,5.0,0.1,2.0,0.2,1521,18,Defender,0.875,0.2857142857142857,0.0373563218390804,0.5,42.70983013537544,60.99358078070327,30.128742901393903,57.13922589342052,45.353573240330746,True,False
1323398,Abel Bretones,8371,Osasuna,ESP-La Liga,1.4,20.4,0.0,0.0,2.7,0.9,0.06,0.04,0.8,0.0,0.07,1.0,0.2,0.3,0.1,6.84,0.0,9.0,0.7,2.0,0.8,1383,20,Defender,0.7894736842105263,0.3333333333333333,0.0686274509803921,1.0,70.13323330752021,48.25654828486205,35.51545560144554,29.624087578156367,45.35232603826008,True,False
1178332,Ismaël Doukouré,9848,Strasbourg,FRA-Ligue 1,1.4,55.7,2.0,0.0,2.3,0.4,0.03,0.03,0.8,1.0,0.0,1.1,0.1,0.5,0.2,6.63,0.0,5.0,0.3,1.0,0.4,1310,16,Defender,0.7241379310344827,0.5238095238095238,0.0251346499102333,0.5,44.45795151436929,58.43784058968623,38.33426547352722,41.92655452303104,45.33702260688016,True,False
688278,Pervis Estupinán,10204,Brighton and Hove Albion,ENG-Premier League,1.0,43.3,5.0,0.0,2.1,2.5,0.09,0.04,1.3,1.0,0.04,1.4,0.3,0.2,0.4,7.05,0.0,26.0,1.0,2.4,0.7,2403,30,Defender,0.7450980392156863,0.3684210526315789,0.023094688221709,0.5384615384615384,51.0178970917226,56.67225950782998,31.744966442953015,44.66442953020134,45.29710790973724,False,False
362195,Alessio Romagnoli,8543,Lazio,ITA-Serie A,1.8,60.0,0.0,0.0,4.3,0.3,0.02,0.05,0.7,0.0,0.0,1.2,0.1,0.7,0.1,6.87,0.0,3.0,0.3,1.1,0.1,1753,21,Defender,0.7666666666666666,0.5217391304347826,0.03,0.1428571428571428,25.89540132220501,64.38889247404349,49.16541186255952,59.96059018814892,45.14998732829114,True,False
949731,Gabriele Zappa,8529,Cagliari,ITA-Serie A,1.7,41.9,3.0,0.0,2.7,1.4,0.09,0.03,0.8,3.0,0.0,1.0,0.0,0.1,0.1,6.68,0.0,9.0,0.6,1.7,0.2,1306,22,Defender,0.7714285714285715,0.3703703703703703,0.0405727923627685,0.25,50.56477836574313,52.82923370905754,46.42669434406012,29.80859755922675,45.02287867942011,True,False
705450,Jules Koundé,8634,Barcelona,ESP-La Liga,1.1,64.7,3.0,0.0,2.4,2.1,0.11,0.06,0.9,2.0,0.05,1.1,0.2,0.5,0.2,7.19,0.0,15.0,0.5,2.0,0.8,1723,23,Defender,0.775,0.3548387096774194,0.017001545595054,0.888888888888889,53.45486111111111,51.87156721447828,39.77442207307979,33.602049632880174,44.90581960278971,True,False
799230,Federico Baschirotto,7801,Cremonese,ITA-Serie A,2.3,39.0,0.0,0.0,6.7,0.1,0.01,0.04,1.6,0.0,0.08,0.9,0.2,1.2,0.0,6.64,0.0,1.0,0.5,1.0,0.0,2250,25,Defender,0.5428571428571428,0.4736842105263158,0.0589743589743589,0.0,34.67548076923076,32.734375,56.9951923076923,72.61418269230768,44.86643960012458,True,False
935380,Enrico Del Prato,10167,Parma,ITA-Serie A,1.7,32.6,1.0,0.0,3.6,0.6,0.03,0.08,0.7,0.0,0.04,0.9,0.3,0.6,0.0,6.73,0.0,4.0,0.6,1.2,0.1,2033,24,Defender,0.7500000000000001,0.4285714285714285,0.0521472392638036,0.1428571428571428,38.490461696208335,54.29661955773533,42.63017696323066,47.36222250903458,44.8554102103495,True,False
796974,Pascal Struijk,8463,Leeds United,ENG-Premier League,2.0,51.7,1.0,0.0,7.0,0.5,0.02,0.11,0.7,1.0,0.0,1.0,0.2,0.7,0.0,6.9,0.0,8.0,1.0,1.2,0.0,1988,23,Defender,0.7586206896551724,0.4545454545454545,0.0386847195357833,0.0,22.656250000000004,63.62980769230769,51.17788461538461,68.37139423076921,44.84531006045916,True,False
1332850,Enzo Tchato,10249,Montpellier,FRA-Ligue 1,1.3,28.2,2.0,0.0,2.5,1.2,0.06,0.01,1.0,0.0,0.0,1.0,0.1,0.5,0.0,6.52,0.0,14.0,0.2,2.3,0.3,1902,27,Defender,0.7674418604651163,0.303030303030303,0.0460992907801418,0.3,49.5413870246085,49.38478747203579,35.04474272930649,46.56040268456375,44.83816288224861,False,False
966026,Ian Maatsen,10252,Aston Villa,ENG-Premier League,1.9,38.0,3.0,0.0,3.9,1.7,0.15,0.07,0.9,0.0,0.0,0.7,0.3,0.0,0.3,6.88,0.0,17.0,1.3,2.7,1.4,1050,20,Defender,0.7906976744186046,0.2058823529411764,0.0499999999999999,1.5555555555555554,66.63050141972123,46.87285787013136,39.537353725692654,27.36463352549762,44.825186963364,True,False
682548,Ola Aina,10203,Nottingham Forest,ENG-Premier League,0.8,24.6,3.0,0.0,3.2,2.2,0.07,0.02,0.7,1.0,0.06,1.0,0.1,0.4,0.1,7.07,0.0,16.0,0.3,1.6,1.0,3003,35,Defender,0.787878787878788,0.3846153846153846,0.032520325203252,1.4285714285714286,58.713646532438496,63.80872483221477,21.11856823266219,49.222595078299776,44.81679048622124,False,False
1187734,Flavien Boyomo,8371,Osasuna,ESP-La Liga,1.9,33.8,2.0,0.0,4.5,0.8,0.05,0.02,1.2,1.0,0.05,0.7,0.1,0.7,0.1,6.93,0.0,7.0,0.2,2.5,0.2,1645,20,Defender,0.7272727272727273,0.2187499999999999,0.0562130177514792,0.1666666666666666,48.39763308093845,33.99185452876728,46.15300364251707,53.29325130499627,44.6349844197124,True,False
1403692,Youssef Enriquez,9866,Alavés,ESP-La Liga,2.3,31.1,2.0,0.0,2.2,1.3,0.13,0.07,1.7,0.0,0.0,1.0,0.2,0.1,0.1,6.67,0.0,8.0,0.9,1.1,0.6,923,18,Defender,0.5526315789473685,0.4761904761904761,0.0739549839228295,0.3529411764705882,73.02884615384615,35.31249999999999,55.949519230769226,20.955528846153847,44.385310545250256,True,False
749662,Fikayo Tomori,8564,Milan,ITA-Serie A,2.0,52.3,2.0,0.0,3.7,0.8,0.04,0.03,1.2,2.0,0.0,1.0,0.1,0.8,0.0,7.14,0.0,3.0,0.4,2.5,0.1,1785,22,Defender,0.7446808510638298,0.2857142857142857,0.0382409177820267,0.0833333333333333,31.289669735559,48.31754072735617,51.309710749727536,55.81467260368267,44.31452178425709,True,False
1079103,Jacob Greaves,9902,Ipswich Town,ENG-Premier League,1.0,38.7,0.0,0.0,5.9,0.2,0.01,0.05,0.7,0.0,0.04,0.9,0.2,1.1,0.1,6.47,0.0,5.0,0.4,1.6,0.2,2205,25,Defender,0.78125,0.36,0.0258397932816537,0.2857142857142857,35.335570469798654,57.91387024608501,28.859060402684563,75.75503355704697,44.27026535098322,False,False
149219,Christian Kabasele,8600,Udinese,ITA-Serie A,2.5,28.6,0.0,0.0,6.4,0.1,0.0,0.06,1.5,0.0,0.14,1.6,0.3,0.9,0.0,6.79,0.0,1.0,0.4,0.5,0.1,1282,18,Defender,0.5833333333333334,0.7619047619047619,0.0874125874125874,0.0666666666666666,35.85600943612689,45.56595250387196,42.31798170137097,60.84913490219699,44.10733494130736,True,False
290410,Michael Keane,8668,Everton,ENG-Premier League,2.2,32.5,0.0,0.0,7.3,0.2,0.01,0.09,0.6,0.0,0.15,1.1,0.2,0.9,0.0,7.04,0.0,1.0,0.9,1.2,0.1,1859,22,Defender,0.793103448275862,0.4782608695652174,0.0676923076923077,0.1666666666666666,34.53790046176791,57.340792247461714,38.30355862444788,54.28663490219699,44.04058384158154,True,False
1526689,Alex Jimenez,8678,Bournemouth,ENG-Premier League,1.5,24.9,1.0,0.0,1.5,0.7,0.04,0.05,1.2,0.0,0.06,0.9,0.2,0.5,0.4,6.91,0.0,7.0,0.8,2.7,1.6,1593,22,Defender,0.75,0.25,0.0602409638554216,1.3333333333333337,72.01926662077669,43.09033155509666,34.15103539264613,29.684488470142835,44.0236908457816,True,False
1306664,Danilo Veiga,9888,Lecce,ITA-Serie A,1.9,23.8,0.0,0.0,3.8,1.1,0.05,0.01,1.0,1.0,0.0,0.7,0.1,0.3,0.2,6.81,0.0,15.0,0.2,3.0,0.4,1900,23,Defender,0.7872340425531915,0.1891891891891891,0.0798319327731092,0.4,66.2860576923077,36.38822115384615,45.64903846153847,28.84014423076923,44.00725275338621,True,False
1426170,Mamadou Sarr,9848,Strasbourg,FRA-Ligue 1,2.1,64.3,0.0,0.0,4.5,0.1,0.01,0.0,1.1,0.0,0.0,0.6,0.0,0.2,0.0,6.79,0.0,1.0,0.1,1.0,0.3,1305,15,Defender,0.5925925925925926,0.3749999999999999,0.0326594090202177,0.2727272727272727,48.45062166580623,32.01406814661848,56.25207938966327,41.558170925830325,43.97349176758083,True,False
1532137,Pau Cubarsi,8634,Barcelona,ESP-La Liga,2.0,84.1,1.0,0.0,3.8,0.5,0.03,0.03,0.9,0.0,0.05,1.0,0.1,0.5,0.0,7.25,0.0,4.0,0.5,1.5,0.1,1746,20,Defender,0.7352941176470589,0.4,0.0237812128418549,0.1111111111111111,35.221114409453335,45.31652433602937,59.695907187517925,40.14139849710319,43.93490737276064,True,False
710159,Ezri Konsa,10252,Aston Villa,ENG-Premier League,1.4,58.3,1.0,0.0,3.7,0.5,0.02,0.04,0.4,0.0,0.0,0.6,0.1,0.8,0.1,6.88,0.0,4.0,0.3,0.6,0.3,2226,25,Defender,0.7499999999999999,0.5,0.0240137221269296,0.7499999999999999,41.04662314288993,61.43620396661504,36.20907546033384,40.46291516090174,43.87378637233621,True,False
497662,Carl Starfelt,9910,Celta de Vigo,ESP-La Liga,1.9,59.1,0.0,0.0,6.3,0.1,0.01,0.04,1.3,0.0,0.0,1.1,0.1,0.5,0.0,6.75,0.0,1.0,0.3,1.4,0.1,1312,17,Defender,0.6578947368421053,0.44,0.0321489001692047,0.0769230769230769,24.81896761888373,52.51118568232662,51.04595092640395,67.96901888659438,43.84808134457781,True,False
890263,Jordan Teze,9829,Monaco,FRA-Ligue 1,2.7,43.0,2.0,0.0,2.4,2.3,0.14,0.02,1.5,0.0,0.0,1.1,0.1,0.3,0.4,6.88,0.0,18.0,0.5,2.3,0.1,1527,21,Defender,0.693877551020408,0.3235294117647059,0.0627906976744186,0.0666666666666666,46.29807692307693,34.453125,68.19711538461539,31.448317307692307,43.84671125589527,True,False
919435,Sepp van den Berg,9937,Brentford,ENG-Premier League,1.9,40.1,3.0,0.0,6.5,0.5,0.02,0.08,0.5,1.0,0.0,0.9,0.2,0.6,0.0,6.8,0.0,4.0,0.6,0.7,0.0,1853,21,Defender,0.7619047619047619,0.5625,0.0473815461346633,0.0,27.537070498479896,60.20194279527333,41.93863649400563,61.94405904032581,43.745305750109104,True,False
1078788,Neco Williams,10203,Nottingham Forest,ENG-Premier League,1.3,32.0,4.0,0.0,2.3,2.9,0.12,0.06,0.9,1.0,0.04,1.0,0.5,0.5,0.3,7.05,0.0,25.0,1.2,2.9,0.9,2205,25,Defender,0.8125,0.2564102564102564,0.040625,1.0,59.52730632994894,53.30093249870935,26.06145672001377,41.097308265932426,43.73820123390605,True,False
763970,Valentin Rosier,8371,Osasuna,ESP-La Liga,1.0,28.8,2.0,0.0,3.2,1.1,0.08,0.01,1.4,1.0,0.0,1.4,0.0,0.1,0.2,6.87,0.0,8.0,0.3,1.6,0.8,1313,17,Defender,0.6818181818181818,0.4666666666666666,0.0347222222222222,0.5714285714285715,54.70945907187518,57.44315737394597,21.826994780014918,52.76616187690013,43.69662445634839,True,False
1187389,Kilian Fischer,8721,VfL Wolfsburg,GER-Bundesliga,1.9,30.6,0.0,0.0,3.5,1.0,0.04,0.01,1.3,0.0,0.04,0.7,0.0,0.3,0.0,6.55,0.0,12.0,0.2,2.5,0.4,2306,32,Defender,0.7111111111111111,0.2187499999999999,0.0620915032679738,0.3076923076923077,63.04250559284116,26.41498881431768,50.458612975391496,39.45749440715883,43.68299182082911,False,False
698653,Igor Zubeldia,8560,Real Sociedad,ESP-La Liga,1.7,41.5,1.0,0.0,7.1,0.4,0.02,0.01,1.6,1.0,0.0,1.0,0.1,0.6,0.0,6.88,0.0,5.0,0.3,1.6,0.1,1665,19,Defender,0.6190476190476191,0.3846153846153846,0.0409638554216867,0.0625,34.60153695577353,36.58843859347215,48.43138731142087,66.9056709975334,43.54506063405788,True,False
1473534,Jérémy Jacquet,9851,Rennes,FRA-Ligue 1,3.1,52.3,0.0,0.0,4.9,0.5,0.03,0.06,1.1,0.0,0.0,1.0,0.2,0.9,0.0,6.85,0.0,9.0,0.6,1.5,0.2,1673,19,Defender,0.6944444444444444,0.4,0.0592734225621415,0.1818181818181818,40.896073538690985,37.56915763207709,52.662532983422246,44.16243618424826,43.311017723533766,True,False
634110,Carlens Arcus,8121,Angers,FRA-Ligue 1,2.0,43.2,3.0,0.0,2.7,1.1,0.06,0.01,1.3,3.0,0.0,1.3,0.0,0.1,0.2,6.87,0.0,12.0,0.3,1.7,0.1,1815,21,Defender,0.6976744186046512,0.4333333333333333,0.0462962962962962,0.0769230769230769,38.68593328744336,49.17034145012334,44.4606851947456,40.378162106350025,42.89583014018322,True,False
496042,Yerry Mina,8529,Cagliari,ITA-Serie A,1.9,43.7,0.0,0.0,6.3,0.2,0.02,0.04,1.4,0.0,0.07,0.8,0.1,0.9,0.1,6.8,0.0,1.0,0.3,1.4,0.1,1303,16,Defender,0.6111111111111112,0.3636363636363636,0.0434782608695652,0.0714285714285714,33.78454296449263,32.74957157402627,48.95517839729249,71.94490155165491,42.78253202441334,True,False
1429607,Kojo Peprah Oppong,9831,Nice,FRA-Ligue 1,1.3,50.2,1.0,0.0,5.2,0.3,0.02,0.06,1.2,0.0,0.05,1.0,0.1,0.7,0.0,6.92,0.0,6.0,0.5,1.7,0.6,1690,20,Defender,0.6923076923076923,0.3703703703703703,0.0258964143426294,0.5,46.83293269230769,38.84014423076923,31.814903846153843,59.957932692307686,42.62973162726188,True,False
592102,Moussa Niakhaté,9748,Lyon,FRA-Ligue 1,2.6,63.0,3.0,0.0,5.9,1.5,0.08,0.01,1.4,2.0,0.0,0.7,0.0,0.6,0.1,7.16,0.0,9.0,0.2,1.3,0.2,1678,20,Defender,0.5882352941176471,0.35,0.0412698412698412,0.1428571428571428,41.5876229708025,24.52942157115815,62.7920466930534,53.06522651006711,42.417905520977456,True,False
517346,Nico Elvedi,9788,Borussia Mönchengladbach,GER-Bundesliga,1.6,50.8,0.0,0.0,8.3,0.7,0.03,0.01,0.5,0.0,0.0,0.9,0.0,0.9,0.0,6.84,0.0,5.0,0.2,1.3,0.0,1980,22,Defender,0.8148148148148149,0.409090909090909,0.0314960629921259,0.0,17.652628993862216,71.90053526358057,43.7369500372856,78.47061786554235,42.40132099575047,True,False
1097497,Darlin Yongwa,8689,Lorient,FRA-Ligue 1,1.8,40.5,2.0,0.0,2.4,1.1,0.11,0.02,1.0,0.0,0.0,1.0,0.1,0.1,0.1,6.6,0.0,8.0,0.6,2.0,0.6,902,16,Defender,0.75,0.3333333333333333,0.0444444444444444,0.6,61.04567307692307,45.56490384615385,42.48798076923077,22.30168269230769,42.37289432307488,True,False
857269,Gleison Bremer,9885,Juventus,ITA-Serie A,2.3,46.9,0.0,0.0,3.9,0.9,0.07,0.12,0.9,2.0,0.23,0.8,0.4,0.6,0.1,7.29,0.0,6.0,0.8,0.9,0.0,1187,15,Defender,0.6538461538461539,0.4705882352941176,0.0490405117270788,0.0,30.769230769230766,44.22475961538461,58.365384615384606,42.56009615384615,42.18817316941493,True,False
789066,Cristian Romero,8586,Tottenham Hotspur,ENG-Premier League,2.2,47.2,4.0,0.0,4.5,1.2,0.06,0.07,1.5,1.0,0.21,1.5,0.3,0.7,0.1,7.06,0.0,9.0,0.8,2.8,0.4,1712,21,Defender,0.7413793103448276,0.3488372093023256,0.0466101694915254,0.2666666666666666,39.83437482074227,41.97620891412838,39.19298170137096,49.44288490219697,41.97116668911158,True,False
1225995,Robin Hranac,8226,TSG 1899 Hoffenheim,GER-Bundesliga,2.2,42.9,0.0,0.0,6.6,0.3,0.02,0.06,1.0,0.0,0.0,0.6,0.1,0.9,0.1,6.95,0.0,1.0,0.3,1.1,0.1,1767,20,Defender,0.6296296296296297,0.3529411764705882,0.0512820512820512,0.1,38.56370192307692,26.09375,55.13221153846154,61.08173076923077,41.92966183768412,True,False
672469,Ben Chilwell,9848,Strasbourg,FRA-Ligue 1,1.2,39.0,4.0,0.0,3.1,0.9,0.06,0.0,0.9,2.0,0.0,1.2,0.1,0.3,0.2,6.73,0.0,7.0,0.1,1.5,0.6,1299,16,Defender,0.75,0.4444444444444444,0.0307692307692307,0.6666666666666666,48.97235576923077,63.984375,23.61778846153846,40.03004807692308,41.90740905716834,True,False
1395964,Carlos Romero,8558,Espanyol,ESP-La Liga,1.2,21.7,5.0,0.0,1.8,2.4,0.11,0.09,1.5,2.0,0.18,1.2,0.3,0.4,0.5,7.22,0.0,15.0,0.9,3.1,1.2,1950,22,Defender,0.7413793103448276,0.2790697674418604,0.0552995391705069,0.7999999999999999,63.22570699248552,42.2213080078013,25.094504675041588,41.511770062525095,41.70421362659562,True,False
1189288,Federico Gatti,9885,Juventus,ITA-Serie A,0.9,56.7,1.0,0.0,3.1,0.3,0.01,0.1,0.8,0.0,0.04,0.7,0.4,0.7,0.0,7.03,0.0,7.0,1.0,1.1,0.3,2197,30,Defender,0.6923076923076923,0.3888888888888888,0.0158730158730158,0.3749999999999999,39.07718120805369,44.18344519015661,37.85234899328859,47.88031319910514,41.6338399410861,False,False
820140,Ibrahima Konaté,8650,Liverpool,ENG-Premier League,2.0,56.6,2.0,0.0,6.1,0.8,0.04,0.04,1.1,0.0,0.04,0.8,0.1,0.8,0.0,7.18,0.0,6.0,0.4,1.6,0.2,2151,25,Defender,0.6857142857142857,0.3333333333333333,0.0353356890459364,0.1818181818181818,35.45061808065164,31.485266807204727,51.116094475993805,56.70742987437618,41.42680087601895,True,False
600524,Reinildo,8472,Sunderland,ENG-Premier League,1.1,31.3,0.0,0.0,3.9,0.6,0.03,0.01,1.6,1.0,0.0,1.4,0.0,0.7,0.3,6.85,0.0,4.0,0.3,1.7,0.8,1428,17,Defender,0.6595744680851064,0.4516129032258065,0.0351437699680511,0.5,50.895432692307686,50.15625,18.42548076923077,65.09014423076923,41.31832066333791,True,False
1244272,Arouna Sangante,9746,Le Havre,FRA-Ligue 1,2.6,48.4,0.0,0.0,5.2,0.6,0.03,0.02,1.5,1.0,0.05,1.2,0.3,0.7,0.1,6.88,0.0,5.0,0.3,1.2,0.2,1638,20,Defender,0.6153846153846154,0.5,0.0537190082644628,0.1333333333333333,36.50905430792176,38.46258711925658,46.34843041931968,46.83471182527391,41.26692670667198,True,False
865010,Nicolas Cozza,9830,Nantes,FRA-Ligue 1,1.4,27.0,0.0,0.0,3.7,0.4,0.03,0.01,0.7,0.0,0.0,0.8,0.0,0.2,0.3,6.49,0.0,7.0,0.3,1.4,0.5,1313,18,Defender,0.7586206896551724,0.3636363636363636,0.0518518518518518,0.7142857142857143,52.30458218608387,55.089906714277525,26.5067866976424,34.68522342683416,41.18111493646804,True,False
1285784,Bradley Locko,8521,Brest,FRA-Ligue 1,1.9,25.2,2.0,0.0,1.7,0.9,0.08,0.01,0.7,1.0,0.0,0.8,0.1,0.0,0.3,6.74,0.0,7.0,0.2,3.9,0.9,1017,15,Defender,0.8703703703703703,0.1702127659574468,0.0753968253968253,1.2857142857142858,79.57932692307692,48.83413461538462,45.54086538461539,10.847355769230768,41.12311924696939,True,False
924610,Yukinari Sugawara,8697,SV Werder Bremen,GER-Bundesliga,2.4,33.8,2.0,0.0,2.8,2.0,0.1,0.08,0.7,4.0,0.0,0.5,0.4,0.1,0.3,6.69,0.0,12.0,1.3,1.1,0.5,1756,21,Defender,0.6956521739130436,0.3125,0.0710059171597633,0.7142857142857143,67.27752323180175,33.03935065680032,47.82938607812769,21.20716636551368,41.05245224462754,True,False
769525,Caio Henrique,9829,Monaco,FRA-Ligue 1,1.5,38.1,4.0,0.0,1.9,2.4,0.16,0.02,0.9,0.0,0.0,0.7,0.0,0.3,0.4,6.58,0.0,16.0,0.1,1.3,0.4,1338,18,Defender,0.6896551724137931,0.35,0.0393700787401574,0.4444444444444445,55.99136694774279,44.29489868353124,38.82726008145471,25.091179444157632,41.04054796302804,True,False
267371,Emerson,8592,Marseille,FRA-Ligue 1,1.0,50.1,4.0,0.0,2.3,2.9,0.19,0.02,0.8,3.0,0.0,1.6,0.1,0.4,0.3,7.27,0.0,25.0,0.5,2.2,0.3,1384,17,Defender,0.8260869565217391,0.4210526315789473,0.0199600798403193,0.3749999999999999,37.5578285435668,66.56237451958928,26.57434893592612,43.33216815809097,40.89734229367356,True,False
1116391,Hugo Bueno,8602,Wolverhampton Wanderers,ENG-Premier League,1.0,26.9,2.0,0.0,2.4,2.2,0.12,0.03,0.6,1.0,0.05,1.5,0.3,0.2,0.2,6.77,0.0,25.0,0.5,2.5,1.1,1670,24,Defender,0.8695652173913044,0.375,0.037174721189591,1.8333333333333333,57.16346153846154,78.44350961538461,14.567307692307692,39.567307692307686,40.8401128387681,True,False
970578,Andrei Ratiu,8370,Rayo Vallecano,ESP-La Liga,1.0,35.3,6.0,0.0,2.7,2.6,0.13,0.09,0.7,2.0,0.0,1.4,0.4,0.1,0.3,7.2,0.0,21.0,1.0,2.2,1.7,1748,20,Defender,0.8372093023255814,0.3888888888888888,0.028328611898017,2.428571428571429,56.67772686858257,67.66494399988528,19.663300206504903,33.04008561349165,40.81661585785546,True,False
879609,Alex Suárez,8306,Las Palmas,ESP-La Liga,2.3,41.4,0.0,0.0,3.7,0.2,0.01,0.02,1.0,0.0,0.0,0.5,0.1,0.9,0.0,6.31,0.0,3.0,0.2,1.5,0.0,2468,30,Defender,0.6666666666666666,0.25,0.0555555555555555,0.0,37.639821029082775,24.35682326621924,60.96196868008949,52.639821029082775,40.72649662683972,False,False
848034,Santiago Bueno,8602,Wolverhampton Wanderers,ENG-Premier League,2.1,35.3,0.0,0.0,3.6,1.0,0.06,0.09,1.0,1.0,0.12,1.0,0.2,0.6,0.0,6.65,0.0,7.0,0.2,2.1,0.0,1563,18,Defender,0.7560975609756099,0.3225806451612903,0.0594900849858357,0.0,30.738667326335108,39.3326413984971,48.76414343486491,51.52415677163999,40.683763138637616,True,False
462863,Karol Mets,8152,FC St. Pauli,GER-Bundesliga,2.5,48.5,0.0,0.0,5.0,0.5,0.03,0.01,0.6,0.0,0.0,1.1,0.0,0.3,0.2,6.64,0.0,2.0,0.2,1.5,0.1,1349,16,Defender,0.8125,0.4230769230769231,0.0515463917525773,0.1666666666666666,32.234214564332014,55.397683273102736,44.62567400906327,34.75538490219699,40.64139870529635,True,False
1254147,Antoine Mendy,9831,Nice,FRA-Ligue 1,2.3,49.3,0.0,0.0,6.7,0.3,0.02,0.04,1.5,0.0,0.0,0.6,0.2,1.0,0.1,6.82,0.0,1.0,0.6,2.3,0.4,1233,14,Defender,0.6590909090909091,0.2068965517241379,0.0466531440162271,0.2666666666666666,56.50240384615384,13.281250000000002,58.25721153846154,63.03485576923077,40.52130201074253,True,False
1098607,Jake O'Brien,8668,Everton,ENG-Premier League,1.4,24.7,0.0,0.0,4.3,0.7,0.03,0.04,0.6,1.0,0.0,0.4,0.1,0.6,0.2,6.79,0.0,12.0,0.4,1.6,0.2,2189,26,Defender,0.7692307692307692,0.2,0.0566801619433198,0.3333333333333333,49.900144481730045,34.96687317157116,37.88995726495726,38.13441103080365,40.38677529110614,True,False
611223,Benjamin Pavard,8592,Marseille,FRA-Ligue 1,1.8,56.9,3.0,0.0,3.0,0.7,0.05,0.04,0.7,2.0,0.07,1.0,0.2,0.6,0.2,6.88,0.0,8.0,0.5,1.1,0.0,1201,17,Defender,0.7500000000000001,0.4761904761904761,0.031634446397188,0.0,22.218592253197954,57.7943411919922,52.68872253771583,45.199504890150855,40.35919022385946,True,False
1580528,Raul Asencio,8633,Real Madrid,ESP-La Liga,1.9,53.1,0.0,0.0,3.2,0.5,0.04,0.06,0.8,0.0,0.15,0.5,0.2,0.7,0.1,6.96,0.0,4.0,0.9,1.0,0.1,1166,17,Defender,0.6521739130434783,0.3333333333333333,0.0357815442561205,0.125,35.87479564618827,39.8433556329949,47.48451213216314,39.50807197556358,40.27179338554212,True,False
955406,William Saliba,9825,Arsenal,ENG-Premier League,1.9,70.4,0.0,0.0,4.2,0.8,0.04,0.02,0.7,0.0,0.0,0.5,0.0,0.2,0.1,7.08,0.0,5.0,0.1,1.2,0.2,1805,22,Defender,0.7083333333333334,0.2941176470588235,0.0269886363636363,0.2857142857142857,43.22395026673551,34.75577030631561,53.24861613032754,30.00769015659955,40.086455846947615,True,False
1177358,Adrien Truffert,8678,Bournemouth,ENG-Premier League,1.1,33.6,2.0,0.0,4.0,1.7,0.07,0.01,1.1,2.0,0.0,1.3,0.0,0.3,0.2,6.96,0.0,18.0,0.4,2.9,0.9,2300,26,Defender,0.7924528301886792,0.3095238095238095,0.0327380952380952,0.8181818181818181,51.89576700797338,54.92489997418689,20.29348075489015,42.826007069924856,40.055536413325534,True,False
602563,Marcos Llorente,9906,Atlético de Madrid,ESP-La Liga,2.7,53.8,7.0,0.0,2.2,2.7,0.15,0.09,1.2,3.0,0.0,0.5,0.3,0.1,0.2,7.23,0.0,15.0,0.7,2.2,0.6,1618,20,Defender,0.6923076923076923,0.1851851851851851,0.0501858736059479,0.5,64.53258547008546,31.157547825962254,56.81269001319337,17.07701449836517,39.94093845468201,True,False
667788,Benedikt Gimber,94937,1. FC Heidenheim 1846,GER-Bundesliga,2.3,34.4,1.0,0.0,5.1,0.3,0.03,0.02,1.8,0.0,0.0,0.6,0.2,0.4,0.0,6.19,0.0,1.0,0.4,2.2,0.4,1025,15,Defender,0.6086956521739131,0.2142857142857142,0.066860465116279,0.2222222222222222,61.10189726381001,15.150952934090515,56.181684879252,45.90617471175357,39.87487245093814,True,False
504606,Lucas Hernández,9847,Paris Saint-Germain,FRA-Ligue 1,1.7,74.0,0.0,0.0,2.6,0.3,0.03,0.01,1.3,1.0,0.0,1.0,0.1,0.6,0.3,7.0,0.0,8.0,0.4,1.2,0.3,980,15,Defender,0.6285714285714287,0.4545454545454545,0.0229729729729729,0.2307692307692307,36.12379807692308,39.79567307692308,45.504807692307686,39.152644230769226,39.844054537014806,True,False
1097466,Micky van de Ven,8586,Tottenham Hotspur,ENG-Premier League,2.3,48.1,1.0,0.0,4.2,0.3,0.01,0.1,0.7,1.0,0.17,0.8,0.3,0.7,0.0,6.81,0.0,5.0,0.6,1.2,0.3,2150,24,Defender,0.7407407407407407,0.4,0.0478170478170478,0.4285714285714286,41.12043251304996,41.92813199105145,41.0840073423966,34.13038490219699,39.80064566064452,True,False
723564,Igor Silva,8689,Lorient,FRA-Ligue 1,1.2,39.0,0.0,0.0,3.3,0.7,0.07,0.02,0.7,0.0,0.09,1.1,0.1,0.4,0.2,6.96,0.0,7.0,0.5,1.5,0.3,1018,12,Defender,0.787878787878788,0.4230769230769231,0.0307692307692307,0.4285714285714286,38.11899038461539,67.4639423076923,23.61778846153846,41.60456730769231,39.69614696997172,True,False
938247,Mohammed Salisu,9829,Monaco,FRA-Ligue 1,2.1,59.5,0.0,0.0,7.0,0.2,0.02,0.06,1.4,0.0,0.08,1.4,0.2,1.8,0.2,7.07,0.0,2.0,0.7,2.1,0.2,1080,12,Defender,0.7142857142857142,0.3999999999999999,0.0352941176470588,0.1428571428571428,27.80312482074227,42.83358070900018,38.656122727012,62.87237208168416,39.597769216449,True,False
894803,Djed Spence,8586,Tottenham Hotspur,ENG-Premier League,1.7,33.7,4.0,0.0,2.4,1.4,0.08,0.05,1.0,0.0,0.0,0.6,0.3,0.2,0.4,6.72,0.0,8.0,0.5,1.6,1.3,1601,21,Defender,0.6875,0.2727272727272727,0.0504451038575667,1.3,65.78435115872196,34.00667914300465,34.585430648769574,26.423028523489933,39.57743554365564,True,False
980381,Leif Davis,9902,Ipswich Town,ENG-Premier League,1.1,25.1,12.0,0.0,2.3,4.7,0.16,0.03,0.9,2.0,0.03,0.8,0.1,0.3,0.2,6.59,0.0,61.0,0.5,1.5,0.4,2746,33,Defender,0.71875,0.3478260869565218,0.0438247011952191,0.4444444444444445,52.891498881431765,43.0592841163311,29.60850111856824,32.293064876957494,39.373898943931415,False,False
1107910,Valentino Livramento,10261,Newcastle United,ENG-Premier League,1.5,40.0,1.0,0.0,2.7,0.6,0.05,0.01,0.4,1.0,0.0,0.5,0.0,0.2,0.2,7.14,0.0,10.0,0.2,1.6,0.9,1049,13,Defender,0.8400000000000001,0.238095238095238,0.0375,2.25,59.74238871680146,50.41387024608501,30.626577468020415,20.84761121149544,39.25167202803696,True,False
937412,Jay Idzes,7943,Sassuolo,ITA-Serie A,1.2,37.1,1.0,0.0,5.1,0.5,0.02,0.0,1.0,0.0,0.0,1.3,0.0,0.6,0.0,6.67,0.0,1.0,0.2,0.9,0.2,2159,24,Defender,0.6875,0.5909090909090908,0.0323450134770889,0.2,28.665865384615383,64.78365384615384,22.788461538461537,66.20192307692307,39.23546008169819,True,False
1334805,Lamine Sy,8583,Auxerre,FRA-Ligue 1,1.0,26.4,2.0,0.0,1.9,0.7,0.07,0.07,0.9,0.0,0.0,1.3,0.1,0.6,0.5,7.06,0.0,9.0,0.5,2.7,0.8,924,14,Defender,0.8163265306122448,0.325,0.0378787878787878,0.888888888888889,54.04447115384615,62.76442307692308,14.819711538461538,45.29447115384615,39.18977255484161,True,False
1343750,Renato Veiga,10205,Villarreal,ESP-La Liga,3.1,49.6,0.0,0.0,5.4,0.2,0.01,0.01,0.8,0.0,0.0,0.7,0.2,1.2,0.1,6.64,0.0,2.0,0.5,0.8,0.0,1563,21,Defender,0.6521739130434783,0.4666666666666666,0.0625,0.0,30.691746615614065,36.79992686284633,52.68657144496071,42.20330156886365,39.17982483758089,True,False
391058,José Gayà,10267,Valencia CF,ESP-La Liga,1.3,27.9,2.0,0.0,3.0,1.6,0.09,0.04,1.0,1.0,0.06,0.8,0.1,0.3,0.2,6.78,0.0,13.0,0.5,2.4,0.3,1551,20,Defender,0.7619047619047619,0.25,0.046594982078853,0.3,48.69130205644467,40.52104844260885,34.41755578500545,31.746732131589518,39.14627085374352,True,False
1080669,Nadir Zortea,9857,Bologna,ITA-Serie A,2.2,31.8,3.0,0.0,1.9,1.9,0.14,0.03,1.2,1.0,0.0,0.9,0.1,0.1,0.4,6.68,0.0,19.0,0.7,1.5,1.2,1264,20,Defender,0.6666666666666667,0.375,0.0691823899371069,1.0,74.84814181437504,33.06104980496759,43.08809083347674,15.788232088567655,38.93493734382377,True,False
897315,Simone Canestrelli,6479,Pisa,ITA-Serie A,1.8,27.3,0.0,0.0,6.0,0.2,0.01,0.04,1.1,0.0,0.0,0.8,0.0,0.7,0.0,6.57,0.0,7.0,0.4,1.3,0.0,2205,25,Defender,0.65625,0.3809523809523809,0.0659340659340659,0.0,32.12139423076923,32.54807692307692,42.74038461538462,57.56009615384615,38.89587612436589,True,False
1288450,Rico Lewis,8456,Manchester City,ENG-Premier League,1.0,52.4,0.0,0.0,1.9,1.0,0.05,0.07,0.6,2.0,0.05,0.6,0.1,0.3,0.6,6.92,0.0,7.0,0.5,1.4,0.4,1891,28,Defender,0.7692307692307692,0.3,0.0190839694656488,0.6666666666666667,46.95749440715883,46.59395973154361,37.11409395973154,24.737136465324383,38.87303777318838,False,False
1051097,Matteo Ruggeri,9906,Atlético de Madrid,ESP-La Liga,2.0,39.6,1.0,0.0,3.2,1.7,0.14,0.01,1.9,0.0,0.0,0.9,0.2,0.1,0.3,6.87,0.0,12.0,0.3,2.5,0.2,1055,17,Defender,0.6415094339622641,0.2647058823529412,0.0505050505050505,0.1052631578947368,43.38913626455573,35.488549016233584,46.27061463890323,29.336199664429525,38.77425391112544,True,False
889535,Yann Aurel Bisseck,8636,Internazionale,ITA-Serie A,1.3,55.3,0.0,0.0,4.1,0.5,0.04,0.17,1.3,1.0,0.15,0.8,0.7,0.4,0.1,7.32,0.0,5.0,1.6,1.3,0.5,1192,14,Defender,0.6176470588235293,0.3809523809523809,0.023508137432188,0.3846153846153846,39.2241277318878,35.07959043193943,37.25504431251076,43.95873666322492,38.52431528597758,True,False
570434,Diego Carlos,10171,Como,ITA-Serie A,2.8,58.4,0.0,0.0,5.8,0.1,0.01,0.02,1.4,0.0,0.0,0.7,0.1,0.7,0.0,6.9,0.0,2.0,0.1,1.4,0.0,1331,16,Defender,0.6,0.3333333333333333,0.047945205479452,0.0,34.10456730769231,18.575721153846157,70.88942307692307,53.52163461538461,38.49740165404609,True,False
1383070,Daniel Elfadli,9790,Hamburger SV,GER-Bundesliga,1.1,48.0,0.0,0.0,3.8,0.4,0.03,0.01,1.5,0.0,0.0,1.4,0.1,0.6,0.0,6.54,0.0,2.0,0.2,1.6,0.3,1021,15,Defender,0.6666666666666666,0.4666666666666666,0.0229166666666666,0.1999999999999999,29.212740384615387,52.578125,26.502403846153843,61.027644230769226,38.264813541014725,True,False
708457,Léo Pétrot,10268,Elche,ESP-La Liga,1.5,46.8,1.0,0.0,4.1,0.2,0.02,0.04,0.9,0.0,0.0,0.8,0.0,0.8,0.1,6.71,0.0,2.0,0.5,2.5,0.2,928,21,Defender,0.7857142857142856,0.2424242424242424,0.032051282051282,0.2222222222222222,31.98317307692308,41.640625,34.91586538461539,49.94591346153847,38.177850150667176,True,False
844415,Éder Militao,8633,Real Madrid,ESP-La Liga,3.2,55.1,2.0,0.0,4.1,0.7,0.06,0.12,1.2,1.0,0.09,0.9,0.7,0.9,0.3,7.45,0.0,7.0,1.5,1.8,0.1,1002,13,Defender,0.6923076923076923,0.3333333333333333,0.058076225045372,0.0833333333333333,34.437740205357656,29.73662558079505,54.200994521883786,39.08631438937647,38.136433254703405,True,False
1192393,Victor Chust,10268,Elche,ESP-La Liga,2.1,57.6,0.0,0.0,3.0,0.4,0.03,0.02,1.5,0.0,0.0,0.8,0.1,0.8,0.1,6.75,0.0,2.0,0.3,2.5,0.3,1389,18,Defender,0.6875,0.2424242424242424,0.0364583333333333,0.1999999999999999,44.08653846153847,20.96153846153846,54.29086538461539,41.61658653846155,38.12260515376901,True,False
1079554,Anthony Rouault,9851,Rennes,FRA-Ligue 1,2.1,48.7,0.0,0.0,5.1,0.2,0.02,0.06,1.2,0.0,0.08,1.1,0.1,1.1,0.0,6.78,0.0,5.0,0.4,1.3,0.2,1097,14,Defender,0.6666666666666666,0.4583333333333333,0.0431211498973305,0.1666666666666666,31.1364581540756,39.98502301669248,37.76669965008892,49.23054515860724,38.12231696135594,True,False
362694,Luke Shaw,10260,Manchester United,ENG-Premier League,1.9,45.8,1.0,0.0,2.1,1.4,0.06,0.02,1.3,1.0,0.0,1.1,0.1,0.2,0.1,6.89,0.0,15.0,0.2,2.1,0.2,2271,26,Defender,0.7111111111111111,0.34375,0.0414847161572052,0.1538461538461538,39.08653846153847,40.38461538461539,46.69471153846154,26.442307692307693,38.10122562239969,True,False
1059657,Sergi Cardona,10205,Villarreal,ESP-La Liga,1.1,27.6,4.0,0.0,2.1,1.9,0.14,0.05,1.4,3.0,0.0,1.8,0.2,0.4,0.3,6.89,0.0,12.0,0.8,2.2,0.2,1224,19,Defender,0.7407407407407407,0.45,0.0398550724637681,0.1428571428571428,34.681396274307346,60.16562517925774,22.35546449262892,47.5484354385361,37.98737214098118,True,False
1523234,Jon Martin,8560,Real Sociedad,ESP-La Liga,1.3,46.1,0.0,0.0,5.6,0.1,0.01,0.07,0.8,0.0,0.0,1.4,0.2,1.3,0.0,7.04,0.0,2.0,0.7,1.1,0.4,1350,15,Defender,0.7575757575757576,0.5599999999999999,0.0281995661605206,0.5,31.31674661561406,59.80072814489762,21.700994521883786,57.86836567142775,37.97674708448229,True,False
1037537,Jesus Areso,8315,Athletic Club,ESP-La Liga,1.1,28.4,3.0,0.0,2.8,1.1,0.08,0.01,1.1,1.0,0.0,1.1,0.0,0.5,0.3,6.88,0.0,18.0,0.2,1.4,0.9,1262,20,Defender,0.6944444444444444,0.44,0.0387323943661971,0.8181818181818181,57.90724667297655,41.40704769689669,22.29238369758504,34.180030330407845,37.74696666352394,True,False
1137670,Willian Pacho,9847,Paris Saint-Germain,FRA-Ligue 1,1.1,71.9,0.0,0.0,2.9,0.4,0.03,0.06,0.3,0.0,0.0,1.3,0.0,0.6,0.1,7.13,0.0,2.0,0.5,2.2,0.0,1285,16,Defender,0.9210526315789476,0.3714285714285714,0.015299026425591,0.0,14.071991696781964,78.13768248436874,39.99634314231629,61.276485329547405,37.64312271351673,True,False
552718,Kristoffer Vassbakk Ajer,9937,Brentford,ENG-Premier League,1.4,26.2,1.0,0.0,6.2,0.6,0.04,0.05,1.3,1.0,0.0,0.9,0.2,0.9,0.1,6.74,0.0,2.0,0.6,2.0,0.1,1367,20,Defender,0.6904761904761905,0.3103448275862069,0.0534351145038167,0.0769230769230769,38.106599194057246,33.84801812654162,30.16165462054724,54.98641226409683,37.54898796913386,True,False
924485,Mark McKenzie,9941,Toulouse,FRA-Ligue 1,1.6,36.8,2.0,0.0,4.0,0.8,0.04,0.02,1.2,2.0,0.0,0.7,0.1,0.5,0.1,6.92,0.0,11.0,0.3,1.8,0.2,1637,20,Defender,0.6756756756756757,0.2799999999999999,0.0434782608695652,0.1666666666666666,39.27514448173005,27.271437431882063,42.6120002294499,44.64240771812081,37.54005001144351,True,False
443966,Jeremy Toljan,8581,Levante,ESP-La Liga,1.6,23.5,8.0,0.0,2.5,2.3,0.11,0.04,1.0,3.0,0.05,1.0,0.0,0.6,0.2,6.57,0.0,19.0,0.3,2.0,0.0,1982,23,Defender,0.75,0.3333333333333333,0.0680851063829787,0.0,30.91947115384616,45.56490384615385,38.14903846153846,38.52163461538461,37.5179475758992,True,False
355356,Marc-Oliver Kempf,10171,Como,ITA-Serie A,1.2,59.1,2.0,0.0,5.5,0.7,0.04,0.15,1.1,0.0,0.19,0.3,0.3,0.9,0.0,7.01,0.0,6.0,0.9,0.8,0.1,1398,22,Defender,0.5,0.2727272727272727,0.0203045685279187,0.0909090909090909,26.343841421442097,32.18606593816325,45.42564747891928,59.021584423220325,37.294789440332686,True,False
844477,Sergio Gomez,8560,Real Sociedad,ESP-La Liga,1.8,42.9,6.0,0.0,2.2,3.0,0.17,0.05,1.8,1.0,0.0,1.1,0.0,0.2,0.3,7.07,0.0,24.0,0.4,3.8,0.4,1615,22,Defender,0.7313432835820896,0.2244897959183673,0.0419580419580419,0.2222222222222222,52.31410077152526,31.787665634142144,40.4988563356852,23.761033313256466,36.99849366808535,True,False
1230286,Daouda Guindo,8521,Brest,FRA-Ligue 1,1.3,27.6,1.0,0.0,2.4,0.3,0.03,0.07,1.7,0.0,0.0,1.5,0.4,0.4,0.4,6.68,0.0,3.0,1.1,2.1,0.2,992,16,Defender,0.679245283018868,0.4166666666666666,0.0471014492753623,0.1176470588235294,33.71995192307692,49.543269230769226,25.46875,46.02163461538461,36.830410969785504,True,False
1195281,Milos Kerkez,8650,Liverpool,ENG-Premier League,0.9,37.4,3.0,0.0,3.1,0.6,0.03,0.05,0.8,1.0,0.05,0.6,0.1,0.4,0.1,6.97,0.0,23.0,0.4,1.9,0.6,1721,24,Defender,0.7575757575757576,0.24,0.0240641711229946,0.7499999999999999,49.98037127860954,47.38527505306029,21.45790311478231,32.844578170710726,36.70626981021526,True,False
359193,Lucas Vázquez,8633,Real Madrid,ESP-La Liga,1.3,51.8,8.0,0.0,1.3,3.9,0.16,0.06,1.2,5.0,0.04,0.7,0.1,0.2,0.1,7.06,0.0,33.0,0.6,2.4,0.8,2193,32,Defender,0.7209302325581395,0.2258064516129032,0.0250965250965251,0.6666666666666667,55.88926174496644,28.64093959731544,41.655480984340045,22.27069351230425,36.55191321058992,False,False
793907,Trevoh Chalobah,8455,Chelsea,ENG-Premier League,1.6,68.4,0.0,0.0,6.2,0.8,0.03,0.05,0.7,0.0,0.12,1.2,0.2,0.5,0.2,7.12,0.0,3.0,0.5,1.3,0.2,2192,25,Defender,0.78125,0.48,0.023391812865497,0.2857142857142857,24.473797897665342,57.42492686284634,31.212212470601735,45.92525669706878,36.5070701749644,True,False
936140,Sebastian Sebulonsen,8722,1. FC Köln,GER-Bundesliga,1.2,22.4,4.0,0.0,3.0,2.6,0.13,0.06,0.4,0.0,0.0,0.6,0.1,0.2,0.1,6.51,0.0,16.0,1.2,1.6,0.6,1805,22,Defender,0.8461538461538461,0.2727272727272727,0.0535714285714285,1.4999999999999998,62.46394230769232,49.84975961538461,24.879807692307693,17.650240384615383,36.42641775425904,True,False
729731,Matty Cash,10252,Aston Villa,ENG-Premier League,1.8,34.5,3.0,0.0,2.9,2.3,0.1,0.04,1.2,2.0,0.13,0.6,0.4,0.4,0.1,7.12,0.0,21.0,1.0,1.8,0.3,2134,24,Defender,0.6666666666666667,0.25,0.0521739130434782,0.25,53.22711416566282,26.872355948488494,37.35562582458556,28.898156513508862,36.343717157794856,True,False
1429912,Michael Kayode,9937,Brentford,ENG-Premier League,0.9,27.1,3.0,0.0,2.9,2.3,0.09,0.01,0.7,0.0,0.0,1.1,0.0,0.4,0.2,7.1,0.0,25.0,0.2,2.0,1.4,2274,26,Defender,0.8157894736842106,0.3548387096774194,0.033210332103321,2.0,55.26442307692308,63.37740384615385,11.478365384615383,38.36538461538461,35.89014608433331,True,False
1113690,Conor Bradley,8650,Liverpool,ENG-Premier League,1.0,39.9,3.0,0.0,2.8,0.9,0.09,0.02,1.7,1.0,0.0,1.3,0.0,0.4,0.3,6.79,0.0,4.0,0.6,1.8,0.7,932,15,Defender,0.6458333333333334,0.4193548387096774,0.025062656641604,0.4117647058823529,43.76201923076923,42.84254807692307,19.831730769230766,44.33894230769231,35.809251990539295,True,False
860592,Sebastian Walukiewicz,7943,Sassuolo,ITA-Serie A,1.4,33.9,1.0,0.0,2.8,1.9,0.09,0.01,1.0,1.0,0.0,0.8,0.0,0.3,0.1,6.76,0.0,18.0,0.3,1.5,0.6,2048,24,Defender,0.6969696969696969,0.3478260869565218,0.0412979351032448,0.6,55.54687500000001,36.17788461538462,28.4375,24.296875,35.775986585366695,True,False
1353289,Ivan Smolcic,10171,Como,ITA-Serie A,1.5,42.7,1.0,0.0,3.2,0.4,0.03,0.05,1.5,0.0,0.0,1.4,0.2,0.5,0.2,6.96,0.0,7.0,0.5,2.2,0.1,997,18,Defender,0.7058823529411765,0.3888888888888888,0.0351288056206089,0.0666666666666666,21.71875,49.87379807692307,33.72596153846154,53.62980769230769,35.75945502958103,True,False
1131217,Pierre Kalulu,9885,Juventus,ITA-Serie A,2.1,53.7,8.0,0.0,1.8,2.3,0.09,0.06,1.2,3.0,0.08,0.7,0.1,0.2,0.2,7.25,0.0,28.0,0.4,1.6,0.2,2202,25,Defender,0.6571428571428571,0.3043478260869565,0.0391061452513966,0.1666666666666666,42.58469927723283,26.429983723398152,58.1153917856938,21.71564884127804,35.70488625265711,True,False
1249284,Jon Aramburu,8560,Real Sociedad,ESP-La Liga,1.5,32.2,0.0,0.0,3.1,0.4,0.02,0.07,2.3,0.0,0.05,1.3,0.2,0.3,0.1,7.0,0.0,7.0,0.7,3.7,0.2,1820,22,Defender,0.684931506849315,0.26,0.046583850931677,0.0869565217391304,35.34462298514312,34.2935452876728,30.804311506912185,45.522141914759366,35.65311800559407,True,False
1018564,Nicolas Capaldo,9790,Hamburger SV,GER-Bundesliga,1.0,27.0,2.0,0.0,3.0,1.3,0.08,0.07,1.3,1.0,0.06,2.0,0.3,0.3,0.1,7.04,0.0,10.0,0.9,3.1,0.3,1438,18,Defender,0.796875,0.3921568627450981,0.037037037037037,0.2307692307692307,34.26081730769231,67.60216346153847,14.639423076923077,51.05168269230769,35.55596476650319,True,False
191869,Kieran Trippier,10261,Newcastle United,ENG-Premier League,2.6,50.4,1.0,0.0,2.7,1.6,0.13,0.0,1.3,0.0,0.0,0.5,0.0,0.1,0.0,6.8,0.0,21.0,0.1,1.4,0.2,1141,14,Defender,0.5937499999999999,0.2631578947368421,0.0515873015873015,0.1538461538461538,51.550660026960365,20.251740592554352,65.70269030000573,18.884685295129923,35.473463752668145,True,False
1395704,Guéla Doué,9848,Strasbourg,FRA-Ligue 1,0.9,47.5,3.0,0.0,4.2,1.4,0.09,0.12,2.1,5.0,0.13,0.9,0.3,0.1,0.3,7.31,0.0,11.0,0.5,2.1,1.0,1343,16,Defender,0.5882352941176471,0.3,0.0189473684210526,0.4761904761904761,49.72191748408192,25.6480973584581,29.398984684219585,40.29145514254574,35.42858624337904,True,False
604330,Sebastiano Luperto,7801,Cremonese,ITA-Serie A,1.7,39.6,3.0,0.0,5.1,0.4,0.02,0.0,1.1,1.0,0.0,0.9,0.0,0.6,0.0,6.74,0.0,4.0,0.0,1.0,0.0,1887,21,Defender,0.6333333333333333,0.4736842105263158,0.0429292929292929,0.0,21.60456730769231,41.90504807692307,39.51923076923077,52.614182692307686,35.4285145828724,True,False
1052898,Destiny Udogie,8586,Tottenham Hotspur,ENG-Premier League,0.6,39.2,2.0,0.0,1.3,1.2,0.06,0.01,1.4,1.0,0.0,1.0,0.0,0.3,0.4,6.89,0.0,16.0,0.2,3.5,0.6,1931,25,Defender,0.7627118644067796,0.2222222222222222,0.0153061224489795,0.4285714285714286,45.218120805369125,39.32326621923937,24.1834451901566,34.524608501118564,35.380294534442086,False,False
642534,Jonas Föhrenbach,94937,1. FC Heidenheim 1846,GER-Bundesliga,0.7,20.5,3.0,0.0,3.2,2.6,0.14,0.03,0.7,1.0,0.05,1.1,0.1,0.2,0.2,6.55,0.0,20.0,0.2,1.7,0.1,1652,19,Defender,0.7999999999999999,0.3928571428571429,0.0341463414634146,0.1428571428571428,34.25204712327196,61.17194222164861,22.857905982905987,32.250410500200765,35.35983153007711,True,False
1436942,Lucas Høgsberg,9848,Strasbourg,FRA-Ligue 1,2.0,59.1,0.0,0.0,3.1,0.5,0.04,0.02,0.9,0.0,0.0,0.6,0.1,0.8,0.0,6.48,0.0,1.0,0.3,1.1,0.1,1148,14,Defender,0.6538461538461539,0.3529411764705882,0.0338409475465313,0.1111111111111111,28.533653846153847,29.33293269230769,51.64663461538461,37.66225961538461,35.22799039998392,True,False
304345,Sead Kolasinac,8524,Atalanta,ITA-Serie A,1.1,51.5,5.0,0.0,2.5,1.5,0.07,0.04,1.8,2.0,0.0,1.2,0.1,0.3,0.4,7.12,0.0,17.0,0.5,1.9,0.1,1910,23,Defender,0.6326530612244898,0.3870967741935484,0.0213592233009708,0.0555555555555555,23.148769574944076,43.08165548098433,38.03131991051454,46.661073825503344,35.21743849595064,False,False
933845,Rayan Ait Nouri,8602,Wolverhampton Wanderers,ENG-Premier League,0.6,34.4,8.0,0.0,1.9,4.0,0.12,0.08,0.9,7.0,0.12,0.7,0.4,0.2,0.6,7.14,0.0,46.0,1.0,2.6,1.8,3127,37,Defender,0.7857142857142856,0.2121212121212121,0.0174418604651162,2.0,56.81767337807607,40.90604026845638,21.331096196868007,23.993288590604024,34.4796733861056,False,False
1669629,Honest Ahanor,8524,Atalanta,ITA-Serie A,0.9,42.0,0.0,0.0,3.5,0.6,0.05,0.14,1.3,0.0,0.0,1.3,0.2,0.8,0.0,6.82,0.0,0.0,0.9,2.4,0.3,1008,15,Defender,0.74,0.3513513513513513,0.0214285714285714,0.2307692307692307,28.191105769230774,49.308894230769226,19.23076923076923,61.85096153846154,34.47731242578881,True,False
734042,Kyle Walker-Peters,8654,West Ham United,ENG-Premier League,1.1,36.0,0.0,0.0,2.5,0.3,0.03,0.11,0.8,0.0,0.09,0.7,0.3,0.3,0.4,6.54,0.0,5.0,0.5,3.2,0.9,955,18,Defender,0.8297872340425533,0.1794871794871794,0.0305555555555555,1.125,54.59239481156428,39.678375781563695,22.542555785005447,24.050068476452708,34.29668676902833,True,False
1436436,Alessandro Marcandalli,10233,Genoa,ITA-Serie A,1.5,31.1,1.0,0.0,4.2,0.4,0.03,0.01,0.9,2.0,0.0,0.7,0.1,0.5,0.1,6.7,0.0,7.0,0.2,0.9,0.1,1444,19,Defender,0.64,0.4374999999999999,0.0482315112540192,0.1111111111111111,30.45673076923077,38.30528846153847,32.03125,38.69591346153847,34.264639107478786,True,False
197352,Juan Jesus,9875,Napoli,ITA-Serie A,2.7,67.8,0.0,0.0,3.0,0.1,0.01,0.02,2.3,0.0,0.0,1.4,0.0,0.7,0.0,6.81,0.0,3.0,0.2,2.2,0.0,1247,17,Defender,0.6101694915254237,0.3888888888888888,0.0398230088495575,0.0,22.57876584638329,34.19976660643607,47.68657144496071,41.02942336373544,34.0278063695681,True,False
242156,Djibril Sidibé,9941,Toulouse,FRA-Ligue 1,1.4,28.8,3.0,0.0,2.2,1.3,0.08,0.14,1.1,3.0,0.18,0.4,0.2,0.2,0.4,6.94,0.0,11.0,0.4,2.0,0.4,1523,22,Defender,0.6857142857142857,0.1666666666666666,0.0486111111111111,0.3636363636363636,56.70094970745139,28.32728338495956,38.030495324958416,17.1532976251936,33.96494000788216,True,False
560945,Mergim Vojvoda,10171,Como,ITA-Serie A,1.2,34.9,4.0,0.0,1.3,2.4,0.17,0.08,0.9,2.0,0.07,0.7,0.4,0.1,0.4,6.76,0.0,26.0,1.1,0.5,0.8,1268,22,Defender,0.5714285714285714,0.5833333333333334,0.0343839541547277,0.888888888888889,56.94924855159755,36.8777784948087,34.30543007514484,13.632138042792404,33.813575747599224,True,False
959696,Joseph Scally,9788,Borussia Mönchengladbach,GER-Bundesliga,1.0,25.7,2.0,0.0,2.8,1.0,0.06,0.06,1.2,2.0,0.06,0.8,0.4,0.1,0.2,6.75,0.0,7.0,0.6,1.6,0.8,1553,20,Defender,0.6666666666666666,0.3333333333333333,0.0389105058365758,0.6666666666666667,58.834502093730286,30.588198388114492,24.42501290655653,24.12105453737165,33.55181804394931,True,False
1287489,Bamo Meité,8689,Lorient,FRA-Ligue 1,1.4,36.0,2.0,0.0,5.4,0.4,0.03,0.04,1.3,2.0,0.0,0.6,0.1,0.8,0.1,6.92,0.0,5.0,0.3,1.2,0.5,1287,16,Defender,0.5806451612903226,0.3333333333333333,0.0388888888888888,0.3846153846153846,48.96033653846153,17.28966346153846,28.725961538461533,52.17548076923077,33.455065836242035,True,False
740944,Leo Østigard,10233,Genoa,ITA-Serie A,2.9,52.0,1.0,0.0,7.9,0.6,0.03,0.17,1.4,1.0,0.22,0.6,0.5,1.1,0.1,7.01,0.0,5.0,0.9,1.4,0.1,1633,19,Defender,0.5882352941176471,0.3,0.0557692307692307,0.0714285714285714,32.67892610279355,17.196561478230944,50.87567400906327,46.7906413124534,33.40412349108064,True,False
740944,Leo Østigard,10233,Genoa,ITA-Serie A,2.9,52.0,1.0,0.0,7.9,0.6,0.03,0.17,1.4,1.0,0.22,0.6,0.5,1.1,0.1,7.01,0.0,5.0,0.9,1.4,0.1,1633,19,Defender,0.5882352941176471,0.3,0.0557692307692307,0.0714285714285714,32.67892610279355,17.196561478230944,50.87567400906327,46.7906413124534,33.40412349108064,True,False
1155130,Luca Netz,9788,Borussia Mönchengladbach,GER-Bundesliga,1.0,26.1,4.0,0.0,3.6,1.5,0.15,0.0,0.8,2.0,0.0,0.5,0.0,0.5,0.3,6.84,0.0,10.0,0.2,1.5,0.9,938,15,Defender,0.7142857142857143,0.25,0.0383141762452107,1.125,53.48378434578098,37.44181294097402,16.302845178684105,35.0031728618138,33.39590289710666,True,False
713924,Sergio Akieme,9837,Reims,FRA-Ligue 1,0.8,27.5,5.0,0.0,3.0,2.5,0.09,0.05,0.9,3.0,0.07,0.6,0.2,0.3,0.2,6.73,0.0,21.0,0.9,1.2,0.5,2526,30,Defender,0.6666666666666666,0.3333333333333333,0.029090909090909,0.5555555555555556,49.29530201342282,33.131991051454136,21.420581655480984,32.60626398210291,33.36349710025431,False,False
789646,Jayden Bogle,8463,Leeds United,ENG-Premier League,1.0,22.0,2.0,0.0,2.2,1.2,0.05,0.08,1.1,1.0,0.04,1.1,0.1,0.2,0.5,6.6,0.0,10.0,0.5,2.1,0.5,2025,24,Defender,0.7441860465116278,0.34375,0.0454545454545454,0.4545454545454545,49.98798076923077,47.00120192307693,17.19951923076923,27.073317307692307,33.34834538180127,True,False
823018,Alessandro Buongiorno,9875,Napoli,ITA-Serie A,1.0,55.1,0.0,0.0,4.0,0.3,0.02,0.07,1.7,1.0,0.0,1.3,0.1,0.5,0.0,6.87,0.0,1.0,0.2,1.2,0.0,1470,21,Defender,0.5952380952380952,0.52,0.0181488203266787,0.0,12.379001032524522,58.51478697011415,37.14150246658636,62.84879072735615,33.246531155184684,True,False
774448,Ferdi Kadioglu,10204,Brighton and Hove Albion,ENG-Premier League,1.4,33.4,0.0,0.0,2.1,2.2,0.1,0.06,0.6,0.0,0.0,0.6,0.4,0.3,0.3,6.92,0.0,15.0,0.7,1.9,0.4,2054,25,Defender,0.8064516129032258,0.24,0.0419161676646706,0.6666666666666667,51.82091346153847,44.35096153846155,28.221153846153847,14.411057692307692,33.14821462752758,True,False
1231029,Rafik Belghali,9876,Verona,ITA-Serie A,0.8,18.2,1.0,0.0,1.0,1.8,0.14,0.12,1.0,0.0,0.16,1.0,0.3,0.3,0.3,6.82,0.0,15.0,0.8,1.2,1.8,1125,16,Defender,0.6875,0.4545454545454545,0.0439560439560439,1.8,60.47475961538461,50.19230769230769,14.110576923076923,23.203125,33.12279866206659,True,False
992052,Thierry Correia,10267,Valencia CF,ESP-La Liga,1.3,32.2,1.0,0.0,2.2,1.6,0.15,0.03,1.7,1.0,0.0,1.1,0.1,0.0,0.4,6.72,0.0,7.0,0.4,1.8,0.7,957,15,Defender,0.6304347826086957,0.3793103448275862,0.0403726708074534,0.4117647058823529,52.68629807692308,32.11538461538461,25.108173076923077,23.21514423076923,32.83187177184294,True,False
894802,Moritz Jenz,8721,VfL Wolfsburg,GER-Bundesliga,1.4,47.7,0.0,0.0,6.8,0.2,0.01,0.04,1.3,0.0,0.07,0.6,0.1,0.7,0.1,6.62,0.0,2.0,0.4,1.9,0.0,1260,14,Defender,0.6578947368421053,0.24,0.0293501048218029,0.0,19.194335097229395,31.206144596454997,36.3362588194803,68.34900942178626,32.775056452928126,True,False
684981,Aaron Martin Caricol,10233,Genoa,ITA-Serie A,1.6,25.4,8.0,0.0,1.8,4.5,0.24,0.02,1.3,4.0,0.05,0.5,0.2,0.4,0.3,7.15,0.0,54.0,0.3,1.7,0.6,1696,22,Defender,0.6285714285714287,0.2272727272727272,0.0629921259842519,0.4615384615384615,65.49802278724259,16.870850183559913,43.982497275282505,18.061417283313254,32.645478272334984,True,False
562892,Rico Henry,9937,Brentford,ENG-Premier League,1.2,22.8,0.0,0.0,2.6,0.5,0.04,0.01,1.0,0.0,0.0,0.6,0.0,0.4,0.2,6.51,0.0,2.0,0.4,1.0,0.9,1127,22,Defender,0.6153846153846154,0.3749999999999999,0.0526315789473684,0.9,64.36899038461539,27.115384615384613,24.591346153846157,21.15985576923077,32.636611959101,True,False
717174,Joe Rodon,8463,Leeds United,ENG-Premier League,1.3,42.7,1.0,0.0,5.7,0.3,0.01,0.04,0.4,0.0,0.09,1.1,0.2,0.6,0.0,6.68,0.0,4.0,0.6,1.2,0.0,2100,24,Defender,0.8518518518518519,0.4782608695652174,0.0304449648711943,0.0,11.207932692307692,79.64543269230768,27.740384615384613,62.79447115384615,32.39740867101931,True,False
819215,Lloyd Kelly,9885,Juventus,ITA-Serie A,2.8,53.4,0.0,0.0,4.0,0.2,0.01,0.02,1.4,0.0,0.05,0.5,0.1,0.6,0.5,7.12,0.0,3.0,0.5,1.5,0.6,1903,22,Defender,0.5882352941176471,0.25,0.0524344569288389,0.4285714285714286,50.579567128434576,14.49624096541043,49.48144323983251,26.54224387655596,32.35225067592833,True,False
1010426,Keane Lewis-Potter,9937,Brentford,ENG-Premier League,0.8,17.0,3.0,0.0,1.5,1.0,0.08,0.16,0.9,1.0,0.25,0.6,0.5,0.1,0.3,6.62,0.0,10.0,1.5,1.2,0.5,1094,24,Defender,0.6666666666666666,0.3333333333333333,0.0470588235294117,0.5555555555555556,61.41668279986232,36.96057764010784,27.33354127229966,12.877122411518384,32.32647383841082,True,False
478447,Adam Marusic,8543,Lazio,ITA-Serie A,1.3,40.6,1.0,0.0,2.3,0.7,0.03,0.03,0.8,1.0,0.0,0.8,0.2,0.5,0.1,6.73,0.0,5.0,0.5,1.4,0.2,1940,23,Defender,0.7333333333333334,0.3636363636363636,0.0320197044334975,0.25,35.11342532840016,42.31169871794872,25.37751677852349,27.02091579188895,32.1891395912643,True,False
1052330,Manuel Sánchez,8581,Levante,ESP-La Liga,0.9,24.1,1.0,0.0,2.9,0.8,0.04,0.03,0.9,1.0,0.05,1.2,0.1,0.2,0.3,6.71,0.0,11.0,0.4,2.6,0.4,1727,20,Defender,0.8085106382978723,0.3157894736842105,0.0373443983402489,0.4444444444444445,42.09134615384615,58.90625,11.802884615384611,35.19230769230769,32.142879360319895,True,False
427438,Hector Bellerin,8603,Real Betis,ESP-La Liga,1.2,41.8,4.0,0.0,4.4,1.9,0.15,0.01,0.8,2.0,0.0,0.6,0.3,0.1,0.3,6.98,0.0,18.0,0.3,1.2,0.4,1080,16,Defender,0.6923076923076923,0.3333333333333333,0.0287081339712918,0.5,42.223557692307686,34.152644230769226,25.420673076923077,25.372596153846157,31.856075599308927,True,False
1200630,Koni De Winter,8564,Milan,ITA-Serie A,1.5,56.4,0.0,0.0,4.5,0.4,0.03,0.04,1.4,0.0,0.08,0.2,0.1,0.5,0.1,6.96,0.0,2.0,0.4,1.4,0.2,1096,17,Defender,0.5333333333333333,0.125,0.026595744680851,0.1428571428571428,33.91615398956003,17.62034467676246,42.14501591808639,42.53782338094419,31.81025772124857,True,False
1200657,Yerson Mosquera,8602,Wolverhampton Wanderers,ENG-Premier League,1.0,27.4,1.0,0.0,4.5,0.4,0.02,0.09,1.3,0.0,0.0,1.0,0.3,0.6,0.0,6.71,0.0,8.0,1.1,2.7,0.4,1411,18,Defender,0.74,0.2702702702702702,0.0364963503649635,0.3076923076923077,39.44711538461539,35.28846153846154,14.675480769230768,52.86658653846154,31.76852818991941,True,False
873289,Marc Cucurella,8455,Chelsea,ENG-Premier League,1.8,45.2,4.0,0.0,3.4,2.7,0.13,0.08,1.5,3.0,0.05,1.0,0.2,0.3,0.1,7.11,0.0,25.0,0.7,2.0,0.0,1889,24,Defender,0.6666666666666666,0.3333333333333333,0.0398230088495575,0.0,23.20825625250961,31.07728517753685,41.25781563701028,36.507449951241895,31.561408692215203,True,False
1105912,Riccardo Calafiori,9825,Arsenal,ENG-Premier League,1.1,33.8,0.0,0.0,3.1,0.4,0.03,0.18,1.7,2.0,0.07,0.9,0.3,0.1,0.3,7.21,0.0,4.0,1.6,2.0,0.9,1355,20,Defender,0.6304347826086957,0.3103448275862069,0.0325443786982248,0.5294117647058824,53.86584530774967,22.449368654276373,24.944663138874542,28.846144883267367,31.51062692037111,True,False
195750,Nicolás Tagliafico,9748,Lyon,FRA-Ligue 1,1.1,41.7,3.0,0.0,2.3,0.7,0.06,0.12,2.4,3.0,0.0,1.4,0.1,0.3,0.1,6.92,0.0,9.0,1.1,1.8,0.2,977,14,Defender,0.5714285714285715,0.4374999999999999,0.026378896882494,0.0833333333333333,19.967760497332645,45.95641169047209,28.216744106005848,44.28923413927609,31.44645503865951,True,False
1281090,Philipp Treu,8358,Sport-Club Freiburg,GER-Bundesliga,1.1,26.2,1.0,0.0,1.5,0.9,0.06,0.05,0.8,1.0,0.07,0.3,0.2,0.3,0.2,6.72,0.0,12.0,0.7,1.9,0.8,1352,18,Defender,0.7333333333333333,0.1363636363636363,0.0419847328244274,1.0,56.86163633625882,34.47698868525211,23.310854414042332,16.396077123845583,31.30874620383024,True,False
753593,Marcao,8302,Sevilla,ESP-La Liga,2.5,39.1,0.0,0.0,5.7,0.1,0.01,0.07,2.1,0.0,0.0,0.5,0.2,0.5,0.0,0.0,0.0,0.0,1.0,1.2,0.1,937,13,Defender,0.4473684210526316,0.2941176470588235,0.0639386189258312,0.0476190476190476,44.73557692307693,7.686298076923076,62.95673076923077,42.56610576923077,31.059792090439448,True,False
261609,Dimitri Foulquier,10267,Valencia CF,ESP-La Liga,1.4,34.4,0.0,0.0,3.1,0.3,0.02,0.04,1.3,0.0,0.0,0.6,0.1,0.1,0.2,6.53,0.0,6.0,0.5,1.2,0.8,1148,15,Defender,0.5806451612903226,0.3333333333333333,0.0406976744186046,0.6153846153846154,54.01020155739116,22.635689138415646,29.50809886422302,20.601884715768943,30.81114711618557,True,False
188058,Daniel Burn,10261,Newcastle United,ENG-Premier League,1.1,33.7,0.0,0.0,6.1,0.3,0.02,0.01,1.7,2.0,0.0,1.0,0.0,0.4,0.1,6.74,0.0,6.0,0.2,1.6,0.1,1441,18,Defender,0.6046511627906977,0.3846153846153846,0.0326409495548961,0.0588235294117647,21.70301117134171,32.24617105489589,27.491664515573905,56.6988255033557,30.802829217900936,True,False
355358,Christian Günter,8358,Sport-Club Freiburg,GER-Bundesliga,1.7,24.5,1.0,0.0,1.9,1.8,0.18,0.03,0.6,2.0,0.0,0.5,0.0,0.3,0.3,6.36,0.0,14.0,0.7,0.8,0.0,909,15,Defender,0.6842105263157895,0.3846153846153846,0.0693877551020408,0.0,33.94131281190845,37.67552916881776,37.758668903803134,16.04159496357483,30.79903500419406,True,False
1130330,Josh Doig,7943,Sassuolo,ITA-Serie A,0.6,27.4,4.0,0.0,2.7,0.8,0.04,0.03,0.7,0.0,0.0,1.2,0.2,0.7,0.1,6.64,0.0,12.0,0.5,1.6,0.5,1724,24,Defender,0.7999999999999999,0.4285714285714286,0.0218978102189781,0.7142857142857143,41.47235576923077,72.01923076923077,6.093749999999999,50.11418269230769,30.61279758296342,True,False
1254166,Alejandro Balde,8634,Barcelona,ESP-La Liga,0.9,51.1,4.0,0.0,1.1,1.9,0.12,0.02,0.7,2.0,0.0,0.3,0.1,0.5,0.4,7.19,0.0,21.0,0.5,1.8,1.2,1429,20,Defender,0.7500000000000001,0.1428571428571428,0.0176125244618395,1.7142857142857144,52.71258174152469,30.623619715482132,26.343464980209944,15.659292003671196,30.35366005257732,True,False
867225,Mehmet Zeki Celik,8686,Roma,ITA-Serie A,1.4,38.2,2.0,0.0,2.1,1.3,0.07,0.07,1.2,2.0,0.05,0.6,0.2,0.2,0.3,7.1,0.0,16.0,0.9,2.2,0.4,1753,22,Defender,0.7000000000000001,0.2142857142857142,0.0366492146596858,0.3333333333333333,45.60799740434808,23.22883503986692,33.935746859404574,19.141086588653703,30.079930530724955,True,False
1098365,Jorge Herrando,8371,Osasuna,ESP-La Liga,1.5,28.7,1.0,0.0,6.7,0.8,0.06,0.02,1.5,1.0,0.0,1.0,0.0,0.6,0.0,6.65,0.0,2.0,0.2,2.0,0.2,1116,20,Defender,0.6666666666666666,0.3333333333333333,0.0522648083623693,0.1333333333333333,28.756650461767915,27.32076019617966,24.17695606034532,45.192083620145695,29.758261977788152,True,False
526827,Konrad Laimer,9823,Bayern München,GER-Bundesliga,1.1,55.0,4.0,0.0,1.3,2.7,0.19,0.12,1.1,4.0,0.14,0.8,0.5,0.3,0.7,7.31,0.0,25.0,0.8,2.0,0.7,1279,18,Defender,0.717948717948718,0.2857142857142857,0.02,0.6363636363636362,47.35475642459702,25.5746644295302,31.536346297252333,16.3816558394998,29.65759782746257,True,False
815465,Romain Perraud,8639,Lille,FRA-Ligue 1,0.9,37.9,6.0,0.0,2.0,2.8,0.16,0.09,1.0,3.0,0.12,0.9,0.6,0.3,0.5,7.16,0.0,28.0,1.3,1.8,0.3,1564,19,Defender,0.7297297297297297,0.3333333333333333,0.0237467018469657,0.3,35.44610078586589,41.21246343142317,18.054605489588717,27.496692694889003,29.55498728703919,True,False
609516,Robin Le Normand,9906,Atlético de Madrid,ESP-La Liga,1.6,51.3,0.0,0.0,5.0,0.3,0.02,0.03,1.1,0.0,0.08,0.8,0.1,0.3,0.2,6.77,0.0,1.0,0.2,1.4,0.0,1188,18,Defender,0.6666666666666666,0.3636363636363636,0.0311890838206627,0.0,19.45820247519073,26.671811363505995,41.160604170251816,41.20694229335169,29.50247535908441,True,False
1067763,Trai Hume,8472,Sunderland,ENG-Premier League,1.1,22.5,1.0,0.0,3.1,0.9,0.04,0.06,0.8,1.0,0.0,0.8,0.2,0.3,0.3,6.83,0.0,17.0,0.9,2.0,0.1,2133,26,Defender,0.7777777777777778,0.2857142857142857,0.0488888888888888,0.125,27.650240384615387,44.86778846153846,21.27403846153846,26.65264423076923,29.01375134795619,True,False
1327156,Jacques Ekomié,8121,Angers,FRA-Ligue 1,0.7,27.5,1.0,0.0,2.4,0.8,0.05,0.05,1.2,0.0,0.0,1.6,0.2,0.2,0.1,6.67,0.0,10.0,0.4,2.6,0.4,1498,22,Defender,0.7777777777777778,0.3809523809523809,0.0254545454545454,0.3333333333333333,34.77163461538461,63.65384615384615,7.800480769230768,41.29206730769231,28.80894554574613,True,False
210111,Lucas Digne,10252,Aston Villa,ENG-Premier League,0.6,28.0,2.0,0.0,2.9,2.1,0.15,0.04,0.7,4.0,0.0,0.7,0.3,0.2,0.1,6.82,0.0,17.0,0.7,1.8,0.3,1316,23,Defender,0.78125,0.2799999999999999,0.0214285714285714,0.4285714285714286,36.2361613032754,48.41315680032124,13.736143377502438,26.89074779154477,28.798527705378618,True,False
776594,Victor Nelsson,9876,Verona,ITA-Serie A,1.0,28.7,0.0,0.0,7.6,0.2,0.01,0.01,1.2,0.0,0.0,1.9,0.0,0.8,0.0,6.62,0.0,1.0,0.2,1.4,0.0,2146,25,Defender,0.7333333333333333,0.5757575757575758,0.0348432055749128,0.0,10.456730769230768,72.60216346153845,14.927884615384611,91.50841346153848,28.631753145211704,True,False
683473,Kelvin Amian,9830,Nantes,FRA-Ligue 1,1.2,29.8,4.0,0.0,3.3,1.2,0.06,0.02,1.1,1.0,0.0,0.3,0.1,0.5,0.1,6.41,0.0,7.0,0.5,1.3,0.2,1871,21,Defender,0.5925925925925926,0.1874999999999999,0.0402684563758389,0.1818181818181818,42.16188407044111,17.501523690701543,27.126857110078586,30.417804953249583,28.393596877380503,True,False
744494,Gabriel Gudmundsson,8463,Leeds United,ENG-Premier League,0.9,25.3,3.0,0.0,2.7,2.0,0.08,0.04,1.2,0.0,0.0,0.8,0.1,0.3,0.3,6.78,0.0,19.0,0.6,2.4,1.4,2104,25,Defender,0.7272727272727273,0.25,0.0355731225296442,1.1666666666666667,55.625,29.36298076923077,11.622596153846152,23.53966346153846,26.990869738043862,True,False
115591,Ricardo Rodriguez,8603,Real Betis,ESP-La Liga,1.5,31.6,1.0,0.0,4.6,0.3,0.02,0.01,0.4,1.0,0.0,0.5,0.0,0.2,0.1,6.71,0.0,5.0,0.2,1.1,0.1,1045,16,Defender,0.8,0.3125,0.0474683544303797,0.25,25.960176102793557,39.84479865771812,23.55195606034532,20.34032079963288,26.85737138491269,True,False
844425,Marc Guehi,9826,Crystal Palace,ENG-Premier League,0.0,0.0,4.0,0.0,0.0,0.0,0.0,0.0,0.0,2.0,0.08,0.0,0.0,0.0,0.2,0.0,0.0,0.0,0.0,0.0,0.0,2160,24,Defender,0.0,0.0,0.0,0.0,28.572857511615897,31.241861699076463,26.023310675156317,20.62189884127804,26.74094163265596,True,False
1622290,Nicolo Savona,10203,Nottingham Forest,ENG-Premier League,1.1,27.5,1.0,0.0,2.5,0.4,0.04,0.12,1.1,0.0,0.18,0.4,0.3,0.3,0.1,6.65,0.0,7.0,0.4,1.8,0.2,1026,14,Defender,0.6666666666666666,0.1818181818181818,0.04,0.1818181818181818,36.72735437102048,25.06522292491252,26.684717920036714,16.25515365972581,26.18355771631015,True,False
773991,Ryan Sessegnon,9879,Fulham,ENG-Premier League,1.0,26.4,3.0,0.0,3.3,1.7,0.11,0.06,1.7,1.0,0.13,1.0,0.2,0.4,0.2,6.55,0.0,10.0,0.6,2.3,0.3,1421,19,Defender,0.6599999999999999,0.303030303030303,0.0378787878787878,0.1764705882352941,33.167067307692314,25.637019230769237,14.819711538461538,37.90264423076923,26.11396653964459,True,False
942381,Jurrien Timber,9825,Arsenal,ENG-Premier League,0.8,34.6,4.0,0.0,1.7,1.3,0.05,0.18,1.4,3.0,0.08,0.9,0.2,0.2,0.2,7.21,0.0,21.0,0.9,2.4,0.5,2182,26,Defender,0.7021276595744681,0.2727272727272727,0.0231213872832369,0.3571428571428571,42.14848455515401,29.48488498824069,15.895087621178224,19.54476603281133,25.903370390678923,True,False
784448,Thibault De Smet,6379,Paris FC,FRA-Ligue 1,1.4,39.3,1.0,0.0,3.2,0.4,0.04,0.02,1.0,1.0,0.0,0.5,0.0,0.2,0.3,6.52,0.0,4.0,0.4,1.8,0.2,946,14,Defender,0.6969696969696969,0.2173913043478261,0.0356234096692111,0.2,32.121394230769226,23.635817307692307,29.59134615384615,17.650240384615383,25.85665125583232,True,False
1487894,Nhoa Sangui,6379,Paris FC,FRA-Ligue 1,0.7,35.5,2.0,0.0,2.1,0.9,0.09,0.01,0.3,0.0,0.0,0.6,0.0,0.2,0.1,6.55,0.0,13.0,0.1,1.4,0.4,911,15,Defender,0.8695652173913044,0.3,0.0197183098591549,1.3333333333333337,40.64903846153846,52.65024038461539,12.199519230769232,11.382211538461537,24.882624298477992,True,False
414906,Giovanni Di Lorenzo,9875,Napoli,ITA-Serie A,1.3,49.7,3.0,0.0,1.8,2.7,0.12,0.08,1.4,1.0,0.04,0.4,0.4,0.3,0.1,7.16,0.0,14.0,1.0,1.9,0.4,2010,23,Defender,0.6216216216216216,0.1739130434782609,0.0261569416498993,0.2857142857142857,35.51229170251821,16.42112839155624,34.80417885619227,16.098428626742386,24.873042059116056,True,False
966018,Jeremie Frimpong,8178,Bayer 04 Leverkusen,GER-Bundesliga,0.5,23.8,6.0,0.0,0.7,4.7,0.18,0.16,0.8,5.0,0.19,0.3,0.6,0.0,0.8,6.98,0.0,30.0,1.3,1.3,1.0,2322,33,Defender,0.6666666666666666,0.1874999999999999,0.0210084033613445,1.25,54.68680089485459,25.536912751677857,15.794183445190155,11.6331096196868,24.3175777043973,False,False
1060604,Abner,9748,Lyon,FRA-Ligue 1,1.7,31.9,2.0,0.0,1.7,1.1,0.08,0.09,1.4,0.0,0.22,0.3,0.3,0.1,0.1,6.87,0.0,11.0,0.9,1.3,0.4,1253,15,Defender,0.5333333333333333,0.1874999999999999,0.0532915360501567,0.2857142857142857,53.470779197498985,10.322000659668443,38.37049346067803,11.473184836230136,23.97795101537025,True,False
1039219,Samir Chergui,6379,Paris FC,FRA-Ligue 1,1.0,40.8,0.0,0.0,2.7,0.3,0.03,0.14,1.1,0.0,0.09,0.6,0.3,0.4,0.0,6.53,0.0,2.0,1.0,1.5,0.3,974,12,Defender,0.65625,0.2857142857142857,0.0245098039215686,0.2727272727272727,31.153846153846157,21.35216346153846,20.552884615384613,22.001201923076923,23.82985776047328,True,False
477588,Álex Moreno,7732,Girona,ESP-La Liga,0.6,31.3,5.0,0.0,3.7,1.6,0.08,0.07,1.1,3.0,0.0,1.0,0.2,0.3,0.3,6.85,0.0,11.0,0.7,1.2,1.4,1845,21,Defender,0.6666666666666666,0.4545454545454545,0.0191693290734824,1.2727272727272725,35.79591328228073,38.79111276028223,7.630481701370962,27.015000286812366,23.45805919005283,True,False
1531887,Pau Navarro,10205,Villarreal,ESP-La Liga,1.4,40.5,1.0,0.0,4.1,0.1,0.01,0.0,2.2,0.0,0.0,0.6,0.1,0.7,0.0,6.95,0.0,3.0,0.1,3.9,0.4,1003,12,Defender,0.6716417910447761,0.1333333333333333,0.0345679012345679,0.1818181818181818,28.4802081540756,15.389670452589916,21.901315034704297,30.34432720988929,23.158121513462643,True,False
1300526,Nico O'Reilly,8456,Manchester City,ENG-Premier League,0.4,39.6,5.0,0.0,2.6,1.6,0.07,0.13,1.5,3.0,0.1,0.7,0.2,0.3,0.2,7.1,0.0,17.0,1.1,2.8,0.8,1884,25,Defender,0.7,0.1999999999999999,0.0101010101010101,0.5333333333333333,43.23317307692308,19.42908653846154,14.399038461538463,19.963942307692307,23.040445029655817,True,False
693736,Unai Elgezabal,8581,Levante,ESP-La Liga,1.3,32.7,0.0,0.0,6.6,0.4,0.03,0.06,1.0,0.0,0.09,0.3,0.1,1.5,0.1,6.35,0.0,2.0,0.3,0.8,0.0,958,12,Defender,0.5238095238095238,0.2727272727272727,0.0397553516819571,0.0,15.594951923076922,15.246394230769232,24.783653846153847,62.07932692307693,22.951851850381235,True,False
928454,Josha Vagnoman,10269,VfB Stuttgart,GER-Bundesliga,0.8,29.2,3.0,0.0,2.4,1.9,0.12,0.19,1.1,3.0,0.06,0.2,0.7,0.1,0.1,6.99,0.0,16.0,1.2,1.9,0.4,1398,20,Defender,0.65625,0.0952380952380952,0.0273972602739726,0.3636363636363636,41.47214514139849,22.011325503355703,17.429444157632073,13.382826392474042,22.731021467326585,True,False
1384881,Álex Valle,10171,Como,ITA-Serie A,0.9,41.5,2.0,0.0,2.4,0.6,0.04,0.04,1.8,3.0,0.0,1.2,0.0,0.2,0.2,6.93,0.0,8.0,0.4,2.3,0.2,1460,20,Defender,0.6603773584905661,0.3428571428571428,0.0216867469879518,0.1111111111111111,15.984214564332014,30.5779717346412,14.705802214191474,23.34112208168416,19.858940979910383,True,False
1327298,Saël Kumbedi,8721,VfL Wolfsburg,GER-Bundesliga,0.8,27.8,4.0,0.0,3.3,1.4,0.11,0.01,1.4,5.0,0.0,0.8,0.0,0.3,0.1,6.56,0.0,10.0,0.3,2.3,0.8,1075,15,Defender,0.6888888888888888,0.2580645161290323,0.0287769784172661,0.5714285714285715,34.08918251304996,23.158099939769404,8.503879137268397,20.929263107325188,19.838816674551246,True,False
1134871,Maxim De Cuyper,10204,Brighton and Hove Albion,ENG-Premier League,0.8,36.2,6.0,0.0,1.7,2.2,0.18,0.14,1.1,0.0,0.16,0.7,0.5,0.1,0.6,6.7,0.0,19.0,0.9,1.4,0.3,1125,21,Defender,0.6562499999999999,0.3333333333333333,0.0220994475138121,0.2727272727272727,29.200721153846157,26.08774038461538,13.894230769230768,9.55528846153846,18.857519979623,True,False
1056071,Victor Parada,9866,Alavés,ESP-La Liga,1.0,25.2,1.0,0.0,3.1,0.7,0.06,0.04,1.6,1.0,0.0,0.3,0.1,0.3,0.0,6.48,0.0,9.0,0.4,1.2,0.4,1086,17,Defender,0.4838709677419354,0.1999999999999999,0.0396825396825396,0.25,39.699519230769226,4.188701923076923,15.108173076923077,18.323317307692307,15.225068195629886,True,False
1427819,Hugo Rincon,7732,Girona,ESP-La Liga,0.6,31.1,1.0,0.0,2.5,0.6,0.05,0.06,1.6,1.0,0.0,0.4,0.0,0.6,0.1,6.59,0.0,8.0,0.4,1.8,0.5,1217,21,Defender,0.5789473684210527,0.1818181818181818,0.0192926045016077,0.3125,35.18629807692307,5.078125,7.968749999999998,24.34495192307692,13.898478345378866,True,False
604330,Sebastiano Luperto,8529,Cagliari,ITA-Serie A,0.0,0.0,0.0,0.0,0.0,0.0,0.0,0.02,0.0,0.0,0.05,0.0,0.1,0.0,0.0,0.0,0.0,0.0,0.3,0.0,0.0,1887,21,Defender,0.0,0.0,0.0,0.0,3.2451923076923075,20.408653846153843,0.6009615384615385,0.7091346153846154,3.025698996801831,True,False
690149,Axel Tuanzebe,8191,Burnley,ENG-Premier League,0.0,0.0,0.0,0.0,0.0,0.1,0.0,0.0,0.0,0.0,0.0,0.0,0.0,0.0,0.0,0.0,0.0,0.0,0.0,0.0,0.0,932,11,Defender,0.0,0.0,0.0,0.0,3.2451923076923075,20.408653846153843,0.6009615384615385,0.7091346153846154,3.025698996801831,True,False
821728,Jorge Cuenca,9879,Fulham,ENG-Premier League,0.0,0.0,1.0,0.0,0.0,0.6,0.0,0.0,0.0,0.0,0.0,0.0,0.0,0.0,0.0,0.0,0.0,3.0,0.0,0.0,0.0,931,12,Defender,0.0,0.0,0.0,0.0,3.2451923076923075,20.408653846153843,0.6009615384615385,0.7091346153846154,3.025698996801831,True,False
671529,Konstantinos Tsimikas,8686,Roma,ITA-Serie A,0.9,28.9,0.0,0.0,2.2,0.1,0.03,0.07,1.3,0.0,0.0,1.3,0.0,0.4,0.7,0.0,0.0,1.0,1.1,1.5,1.1,408,13,Defender,0.6829268292682927,0.46428571428571436,0.03114186851211073,0.8461538461538461,57.020264681555005,65.57692307692307,36.50951199338296,72.21050454921422,55.375557352704476,True,True
