player_id,player,team_id,team,league,accurate_long_balls,accurate_pass,big_chance_created,clean_sheet,effective_clearance,expected_assists,expected_assists_per_90,expected_goals_per_90,fouls,goal_assist,goals_per_90,interception,ontarget_scoring_att,outfielder_block,poss_won_att_3rd,rating,saves,total_att_assist,total_scoring_att,total_tackle,won_contest,minutes_played,matches_played,position,clean_defend_rate,interception_share,progressive_pass_share,carry_to_foul_ratio,chance_quality,shot_accuracy,xg_per_shot,goal_involvement_balance,creative_output,goal_threat,half_space_craft,counter_press,composite_score,has_primary_season,is_manual_add,nationality
1737700,Lennart Karl,9823,Bayern München,GER-Bundesliga,2.1,49.0,4.0,0.0,0.2,3.0,0.3,0.47,0.4,2.0,0.4,1.1,1.4,0.2,1.1,7.03,0.0,15.0,3.1,2.0,1.5,905,20,Midfielder,0.8857142857142858,0.3548387096774194,0.0428571428571428,3.75,0.2,0.4516129032258064,0.1516129032258064,0.1831168831168831,80.17647058823529,87.49264705882354,93.6029411764706,87.72426470588235,86.72679365373351,True,False,Germany
1029063,Michael Olise,9823,Bayern München,GER-Bundesliga,0.9,50.3,21.0,0.0,0.3,12.4,0.69,0.44,1.3,16.0,0.56,0.6,2.0,0.0,0.9,8.18,0.0,55.0,3.7,1.1,2.3,1613,21,Attacker,0.5666666666666668,0.3529411764705882,0.0178926441351888,1.769230769230769,0.2254545454545454,0.5405405405405405,0.1189189189189189,0.2686725663716814,98.20335985853228,83.28590003640714,94.47368934311125,60.308856035783016,84.66125690819037,True,False,France
1156141,Jamal Musiala,9823,Bayern München,GER-Bundesliga,0.6,38.5,9.0,0.0,0.2,5.9,0.3,0.47,1.0,2.0,0.6,0.4,1.6,0.0,0.7,7.77,0.0,41.0,3.4,1.8,3.6,1804,25,Midfielder,0.6875,0.1818181818181818,0.0155844155844155,3.6,0.1439024390243902,0.4705882352941177,0.138235294117647,0.1831168831168831,89.4031830238727,87.91114058355437,93.6339522546419,61.60477453580901,83.59842326307468,False,False,Germany
1297165,Bradley Barcola,9847,Paris Saint-Germain,FRA-Ligue 1,0.9,32.5,6.0,0.0,0.3,3.1,0.25,0.6,1.1,1.0,0.58,0.6,1.8,0.1,1.2,7.42,0.0,26.0,3.7,1.7,2.2,1084,19,Attacker,0.676470588235294,0.2608695652173913,0.0276923076923076,2.0,0.1192307692307692,0.4864864864864864,0.1621621621621621,0.1764705882352941,83.48840172673845,93.28873459198002,83.41040593956414,67.85953346855983,82.33270369685488,True,False,France
1735453,Yan Diomande,178475,RB Leipzig,GER-Bundesliga,1.1,34.6,5.0,0.0,0.5,4.5,0.28,0.28,0.6,4.0,0.5,0.7,1.2,0.1,0.6,7.59,0.0,33.0,2.1,1.2,4.6,1449,21,Attacker,0.76,0.3684210526315789,0.0317919075144508,7.666666666666666,0.1363636363636363,0.5714285714285714,0.1333333333333333,0.14,86.44852941176472,83.44117647058825,90.84558823529412,63.74264705882353,81.62709990272212,True,False,Ivory Coast
1467236,Lamine Yamal,8634,Barcelona,ESP-La Liga,1.2,44.4,21.0,0.0,0.2,8.3,0.44,0.48,1.0,8.0,0.53,0.4,1.5,0.0,0.8,8.41,0.0,58.0,4.6,1.7,5.5,1688,20,Attacker,0.6774193548387097,0.1904761904761904,0.027027027027027,5.5,0.143103448275862,0.3260869565217391,0.1043478260869565,0.2295652173913043,96.57013574660634,67.20121443802985,94.5199784157695,63.21478909866335,80.60124962535416,True,False,Spain
696263,Romain Del Castillo,8521,Brest,FRA-Ligue 1,0.9,25.8,7.0,0.0,0.7,4.0,0.22,0.39,1.2,2.0,0.38,0.9,0.5,0.1,0.9,7.35,0.0,43.0,1.2,2.4,1.1,1641,20,Attacker,0.7333333333333333,0.2727272727272727,0.0348837209302325,0.9166666666666669,0.0930232558139534,0.4166666666666667,0.325,0.140655737704918,79.21450304259635,89.14421126540803,73.77288448535913,77.82440708378842,79.86602183153198,True,False,France
385437,Serge Gnabry,9823,Bayern München,GER-Bundesliga,1.0,42.9,7.0,0.0,0.3,3.5,0.32,0.43,0.6,5.0,0.54,0.4,1.3,0.1,0.7,7.35,0.0,18.0,3.2,1.3,1.3,1002,17,Midfielder,0.7391304347826086,0.2352941176470588,0.0233100233100233,2.166666666666667,0.1944444444444444,0.40625,0.134375,0.1834666666666666,87.16303895563529,83.47602330056691,85.04557393249077,58.23597675144328,79.05718546683313,True,False,Germany
860914,Luis Diaz,9823,Bayern München,GER-Bundesliga,1.6,40.4,11.0,0.0,0.1,5.5,0.28,0.59,1.1,10.0,0.67,0.5,1.5,0.1,1.0,8.06,0.0,46.0,3.2,0.7,2.5,1750,21,Attacker,0.5217391304347826,0.4166666666666667,0.0396039603960396,2.2727272727272725,0.1195652173913043,0.46875,0.1843749999999999,0.1898850574712643,82.15714880116502,91.41303895563529,86.96361236802413,54.14046653144016,78.73801031143991,True,False,Colombia
614449,Nadiem Amiri,9905,1. FSV Mainz 05,GER-Bundesliga,2.9,40.0,11.0,0.0,0.5,5.0,0.29,0.4,1.0,2.0,0.52,0.9,0.8,0.2,0.7,7.59,0.0,43.0,2.1,1.5,1.0,1561,19,Midfielder,0.7058823529411765,0.375,0.0725,1.0,0.1162790697674418,0.3809523809523809,0.1904761904761904,0.1681159420289855,90.45675352369064,77.67305091797994,78.82200161231601,64.73613928329952,78.68484868938073,True,False,Germany
999690,Ilan Kebbal,6379,Paris FC,FRA-Ligue 1,3.3,51.0,6.0,0.0,0.3,4.6,0.23,0.28,0.5,4.0,0.4,0.3,0.8,0.0,0.9,7.62,0.0,45.0,2.1,1.3,1.3,1812,21,Midfielder,0.7619047619047619,0.1874999999999999,0.0647058823529411,2.6,0.1022222222222222,0.3809523809523809,0.1333333333333333,0.1262745098039216,80.80147058823529,75.86764705882352,90.20220588235291,65.3345588235294,78.35610065180549,True,False,Algeria
961995,Bukayo Saka,9825,Arsenal,ENG-Premier League,0.5,24.6,9.0,0.0,0.5,5.2,0.29,0.34,1.2,3.0,0.27,0.5,1.2,0.0,1.0,7.52,0.0,44.0,2.8,1.6,2.4,1642,23,Attacker,0.6363636363636365,0.238095238095238,0.0203252032520325,2.0,0.1181818181818181,0.4285714285714286,0.1214285714285714,0.1565079365079365,90.27724033910648,73.41150465491238,82.21251365267592,63.52590757788527,78.06190963332844,True,False,England
254308,Florian Thauvin,8588,Lens,FRA-Ligue 1,1.5,31.6,10.0,0.0,0.3,5.6,0.29,0.42,0.8,3.0,0.31,0.4,0.9,0.1,0.9,7.34,0.0,44.0,2.3,0.9,2.0,1749,22,Midfielder,0.6190476190476191,0.3076923076923077,0.0474683544303797,2.5,0.1272727272727272,0.391304347826087,0.1826086956521739,0.1715492957746479,87.83296926197534,84.5658709106985,84.28037395329484,53.24511104176418,77.90827916189322,True,False,France
516846,Julian Brandt,9789,Borussia Dortmund,GER-Bundesliga,1.0,32.3,4.0,0.0,0.7,2.9,0.24,0.38,0.3,2.0,0.5,0.3,1.2,0.0,0.8,7.42,0.0,20.0,2.1,0.9,1.1,1080,17,Midfielder,0.7999999999999999,0.25,0.0309597523219814,3.666666666666667,0.145,0.5714285714285714,0.1809523809523809,0.1470967741935483,81.4342331096895,80.04957871742862,79.17274535809018,67.98208898944193,77.66130663938581,True,False,Germany
493165,James Maddison,8586,Tottenham Hotspur,ENG-Premier League,2.0,49.3,6.0,0.0,0.8,5.9,0.29,0.29,1.6,7.0,0.45,0.6,0.8,0.2,0.7,7.29,0.0,41.0,1.9,1.5,1.6,1816,31,Midfielder,0.5675675675675675,0.2857142857142857,0.0405679513184584,1.0,0.1439024390243902,0.4210526315789474,0.1526315789473684,0.145,85.815649867374,80.9946949602122,84.5159151193634,55.67307692307693,77.2765565584824,False,False,England
1104053,Rayan Cherki,8456,Manchester City,ENG-Premier League,1.3,52.3,14.0,0.0,0.4,5.5,0.46,0.17,0.7,7.0,0.25,0.6,0.6,0.1,1.3,7.27,0.0,34.0,2.3,1.8,2.3,1076,21,Attacker,0.7741935483870969,0.25,0.0248565965583174,3.2857142857142856,0.1617647058823529,0.2608695652173913,0.0739130434782608,0.1241269841269841,96.11871326780047,53.91084152493889,93.97374135330524,67.15263041556146,76.98846264717166,True,False,France
1305618,Maghnes Akliouche,9829,Monaco,FRA-Ligue 1,1.7,34.9,7.0,0.0,0.6,3.5,0.19,0.26,0.9,2.0,0.22,0.7,0.6,0.1,1.2,7.15,0.0,26.0,1.8,1.7,0.8,1657,21,Attacker,0.7272727272727273,0.2916666666666667,0.0487106017191977,0.888888888888889,0.1346153846153846,0.3333333333333333,0.1444444444444444,0.1097777777777777,86.63556457065584,69.18639153274042,75.97324075518802,73.72416393613146,76.73635519372003,True,False,France
173461,Andrej Kramaric,8226,TSG 1899 Hoffenheim,GER-Bundesliga,1.0,34.3,5.0,0.0,0.5,3.1,0.21,0.48,0.2,4.0,0.6,0.4,1.4,0.1,1.1,7.24,0.0,24.0,2.8,0.3,0.8,1347,22,Midfielder,0.7777777777777778,0.5714285714285715,0.0291545189504373,4.0,0.1291666666666666,0.5,0.1714285714285714,0.1460869565217391,78.44336089873616,88.81021480210121,75.82208612888127,62.684038071462005,76.71193071512326,True,False,Croatia
696679,Raphinha,8634,Barcelona,ESP-La Liga,1.6,34.6,9.0,0.0,0.6,4.5,0.43,0.62,0.7,3.0,0.77,0.2,1.1,0.0,0.5,7.81,0.0,31.0,4.2,0.9,1.3,936,15,Attacker,0.6111111111111112,0.1818181818181818,0.0462427745664739,1.8571428571428568,0.1451612903225806,0.2619047619047619,0.1476190476190476,0.2539047619047619,91.26936079471577,82.69259374837468,85.41624408384043,46.7326611015759,76.60786804063734,True,False,Brazil
1404415,Fermin Lopez,8634,Barcelona,ESP-La Liga,2.0,39.4,10.0,0.0,0.3,3.0,0.25,0.34,1.3,5.0,0.34,0.4,1.3,0.0,0.7,7.31,0.0,22.0,3.5,2.0,1.8,1070,18,Midfielder,0.6486486486486486,0.1666666666666666,0.0507614213197969,1.3846153846153846,0.1363636363636363,0.3714285714285714,0.0971428571428571,0.1440677966101695,86.12356321839081,72.98697144640349,85.80059941748584,58.48951344463514,76.40752196069583,True,False,Spain
950473,Mason Greenwood,8592,Marseille,FRA-Ligue 1,3.3,40.0,9.0,0.0,0.1,4.1,0.22,0.57,0.7,4.0,0.76,0.2,1.6,0.0,0.5,7.71,0.0,40.0,3.9,0.4,1.9,1651,21,Attacker,0.4615384615384615,0.3333333333333333,0.0824999999999999,2.7142857142857144,0.1025,0.4102564102564103,0.1461538461538461,0.1587341772151898,85.63053258438656,88.11866125760649,89.27777344359494,42.47300670931503,75.74675024223819,True,False,England
1152455,Florian Wirtz,8650,Liverpool,ENG-Premier League,1.4,45.5,4.0,0.0,0.5,4.1,0.2,0.28,0.9,2.0,0.19,0.4,0.7,0.0,0.6,7.19,0.0,44.0,2.0,1.4,1.6,1861,25,Midfielder,0.6666666666666666,0.2222222222222222,0.0307692307692307,1.777777777777778,0.0931818181818181,0.35,0.14,0.1166666666666666,80.56549383679202,73.74264055754928,91.79006085192698,54.87248400686534,75.39529273593016,True,False,Germany
701154,Kylian Mbappé,8633,Real Madrid,ESP-La Liga,1.0,30.3,8.0,0.0,0.0,5.4,0.25,0.95,0.4,4.0,1.07,0.1,2.3,0.0,0.9,8.38,0.0,53.0,5.1,0.1,2.9,1936,22,Attacker,0.3333333333333333,0.5,0.033003300330033,7.249999999999999,0.1018867924528302,0.4509803921568627,0.1862745098039215,0.1979166666666666,84.81749622926094,94.29328548395485,87.74009205804339,39.523242055442864,75.39383943943001,True,False,France
784246,Daniel Raba,7854,Leganés,ESP-La Liga,1.0,19.0,12.0,0.0,0.8,4.6,0.22,0.36,1.9,6.0,0.38,0.7,0.8,0.1,0.8,7.3,0.0,47.0,2.1,1.8,2.2,1890,29,Attacker,0.5681818181818181,0.2799999999999999,0.0526315789473684,1.1578947368421053,0.0978723404255319,0.3809523809523809,0.1714285714285714,0.136551724137931,78.40185676392572,82.29442970822281,72.76193633952255,62.53978779840849,74.4471123567121,False,False,Spain
184138,Antoine Griezmann,9906,Atlético de Madrid,ESP-La Liga,2.2,38.1,13.0,0.0,0.8,6.5,0.24,0.27,0.4,7.0,0.29,0.2,0.7,0.0,0.7,7.18,0.0,48.0,1.8,1.1,0.5,2482,38,Attacker,0.7647058823529411,0.1538461538461538,0.0577427821522309,1.25,0.1354166666666666,0.3888888888888888,0.15,0.1270588235294117,89.47612732095492,75.07294429708223,68.98209549071618,59.47612732095491,73.94956916160183,False,False,France
575735,Nicolas Pépé,10205,Villarreal,ESP-La Liga,0.4,27.3,8.0,0.0,1.2,3.9,0.24,0.35,1.0,4.0,0.19,0.7,0.8,0.0,0.8,7.18,0.0,34.0,2.4,1.6,2.3,1433,23,Attacker,0.6969696969696969,0.3043478260869565,0.0146520146520146,2.3,0.1147058823529411,0.3333333333333333,0.1458333333333333,0.1423728813559322,83.86898632131899,70.06646902792947,81.34771415197379,56.49824465595257,73.52775493907589,True,False,Ivory Coast
688295,Christian Pulisic,8564,Milan,ITA-Serie A,0.4,31.7,5.0,0.0,0.8,2.1,0.21,0.59,0.8,2.0,0.8,0.3,1.8,0.1,0.7,7.26,0.0,23.0,3.1,1.0,1.3,900,18,Attacker,0.6190476190476191,0.2307692307692307,0.0126182965299684,1.625,0.0913043478260869,0.5806451612903226,0.1903225806451612,0.1548749999999999,71.7265043948614,93.93545534924844,80.52416523638632,49.78303947573725,73.41911168814758,True,False,USA
1083323,Pedri,8634,Barcelona,ESP-La Liga,3.5,82.1,5.0,0.0,0.9,3.3,0.24,0.11,0.6,5.0,0.15,1.0,0.7,0.1,0.8,7.9,0.0,38.0,1.3,2.1,1.8,1218,16,Midfielder,0.8378378378378378,0.3225806451612903,0.0426309378806333,3.0,0.0868421052631578,0.5384615384615384,0.0846153846153846,0.0754285714285714,79.00946585530765,50.3341004836948,86.60038617569042,83.16921516617258,72.9695710861356,True,False,Spain
953812,Sofiane Diop,9831,Nice,FRA-Ligue 1,2.2,29.9,4.0,0.0,0.3,2.9,0.18,0.35,1.1,2.0,0.45,0.8,0.8,0.1,0.7,7.09,0.0,21.0,2.7,0.6,1.3,1414,21,Attacker,0.5599999999999999,0.5714285714285715,0.0735785953177257,1.1818181818181817,0.1380952380952381,0.2962962962962963,0.1296296296296296,0.1188679245283018,74.52345659749311,79.99088521350184,73.940779892859,61.547979403963176,72.86379541926195,True,False,Morocco
1087966,Evann Guessand,9831,Nice,FRA-Ligue 1,0.1,14.5,12.0,0.0,0.5,5.3,0.19,0.32,1.6,8.0,0.42,0.5,0.9,0.1,0.8,7.31,0.0,32.0,2.2,1.5,1.7,2572,33,Attacker,0.5555555555555556,0.25,0.0068965517241379,1.0625,0.165625,0.409090909090909,0.1454545454545454,0.1192156862745098,85.83554376657825,80.39787798408489,65.84880636604774,56.70755968169762,72.74053045758117,False,False,Ivory Coast
288406,Alejandro Grimaldo,8178,Bayer 04 Leverkusen,GER-Bundesliga,2.1,60.0,8.0,0.0,1.9,3.7,0.23,0.25,0.5,5.0,0.31,0.7,0.8,0.2,0.4,7.65,0.0,33.0,1.9,1.6,1.0,1444,17,Midfielder,0.8214285714285714,0.3043478260869565,0.035,2.0,0.1121212121212121,0.4210526315789474,0.131578947368421,0.1197916666666666,84.93000728142717,60.75315961928538,81.39988687782805,59.29439070057731,71.92323916360539,True,False,Spain
422685,Bruno Fernandes,10260,Manchester United,ENG-Premier League,4.2,49.1,18.0,0.0,1.6,6.7,0.3,0.37,0.7,12.0,0.27,0.5,0.7,0.2,0.5,7.98,0.0,78.0,2.6,1.7,0.5,1987,23,Midfielder,0.7586206896551724,0.2272727272727272,0.0855397148676171,0.7142857142857143,0.0858974358974359,0.2692307692307692,0.1423076923076923,0.1656716417910448,80.10989753991782,67.92982524574818,71.46174650231445,65.6091368908306,71.78475932095351,True,False,Portugal
749488,Romano Schmid,8697,SV Werder Bremen,GER-Bundesliga,2.1,32.6,11.0,0.0,0.3,6.4,0.3,0.21,0.7,5.0,0.09,0.4,0.6,0.1,1.2,7.16,0.0,60.0,1.7,1.4,1.1,1931,22,Midfielder,0.72,0.2222222222222222,0.0644171779141104,1.5714285714285716,0.1066666666666666,0.3529411764705882,0.1235294117647058,0.1235294117647058,86.91912414833307,56.11988349716545,78.6736750403079,65.28753185624383,71.76905076411266,True,False,Austria
965764,Iliman Ndiaye,8668,Everton,ENG-Premier League,0.2,25.0,5.0,0.0,0.5,3.7,0.19,0.24,1.1,2.0,0.26,0.5,0.7,0.1,0.8,7.27,0.0,20.0,1.4,2.5,1.9,1708,20,Attacker,0.7317073170731708,0.1666666666666666,0.008,1.727272727272727,0.185,0.5,0.1714285714285714,0.1060465116279069,63.94848390284496,80.58445155250429,74.11511156186613,70.86303765538045,71.75836487961996,True,False,Senegal
966146,Zuriko Davitashvili,9853,St Etienne,FRA-Ligue 1,0.4,23.3,9.0,0.0,0.5,5.6,0.18,0.27,0.7,8.0,0.29,0.5,0.9,0.0,0.8,7.15,0.0,53.0,2.3,0.8,1.6,2761,33,Attacker,0.65,0.3846153846153846,0.0171673819742489,2.285714285714286,0.1056603773584905,0.391304347826087,0.1173913043478261,0.108,77.63262599469496,70.64323607427055,75.97811671087533,60.533819628647215,71.75508383546843,False,False,Georgia
1253890,Arda Güler,8633,Real Madrid,ESP-La Liga,2.9,52.4,11.0,0.0,0.5,5.5,0.33,0.25,1.2,7.0,0.18,0.5,0.9,0.1,0.4,7.49,0.0,55.0,2.3,1.7,1.1,1532,24,Midfielder,0.6470588235294118,0.2272727272727272,0.0553435114503816,0.9166666666666669,0.1,0.391304347826087,0.108695652173913,0.1422413793103448,85.15557549279659,63.27522494408905,83.72123186144485,52.66905263431632,71.51421152830385,True,False,Turkiye
604126,Giovani Lo Celso,8603,Real Betis,ESP-La Liga,2.5,49.0,6.0,0.0,0.3,2.0,0.17,0.2,0.6,2.0,0.16,0.4,0.8,0.0,0.9,7.11,0.0,25.0,2.2,1.1,1.1,1098,17,Midfielder,0.7142857142857143,0.2666666666666666,0.0510204081632653,1.8333333333333333,0.08,0.3636363636363636,0.0909090909090909,0.0918918918918919,70.97226556405055,65.76412076767046,84.47648489103864,65.04921464607064,71.47533924439438,True,False,Argentina
959594,Karim Adeyemi,9789,Borussia Dortmund,GER-Bundesliga,0.3,16.9,4.0,0.0,0.1,2.3,0.22,0.33,1.6,2.0,0.49,0.4,1.1,0.0,0.8,6.98,0.0,11.0,2.2,0.4,2.2,918,20,Midfielder,0.3333333333333333,0.5,0.0177514792899408,1.375,0.209090909090909,0.5,0.15,0.1319999999999999,78.15684974254954,82.62157382847037,73.68560487855619,49.11483850834764,71.16258031727577,True,False,Germany
1202110,Nico Williams,8315,Athletic Club,ESP-La Liga,0.3,23.8,5.0,0.0,0.5,4.3,0.3,0.31,1.2,2.0,0.27,0.4,0.9,0.0,1.2,6.99,0.0,27.0,2.5,0.8,3.2,1316,19,Attacker,0.5,0.3333333333333333,0.0126050420168067,2.666666666666667,0.1592592592592592,0.36,0.124,0.1524590163934426,82.59783117491028,65.9206974567015,80.86015108961357,52.65579653612107,70.96903763370995,True,False,Spain
614834,Dani Olmo,8634,Barcelona,ESP-La Liga,1.7,47.3,7.0,0.0,1.0,4.1,0.31,0.41,1.0,6.0,0.45,0.6,1.2,0.0,0.6,7.6,0.0,36.0,3.7,1.9,0.4,1209,19,Midfielder,0.7142857142857143,0.24,0.0359408033826638,0.4,0.1138888888888888,0.3243243243243243,0.1108108108108108,0.1765277777777777,84.41063348416289,76.92175066312997,68.83331382951059,51.29398112029958,70.94052348478927,True,False,Spain
1077894,Jude Bellingham,8633,Real Madrid,ESP-La Liga,3.0,51.4,3.0,0.0,0.8,1.7,0.12,0.37,1.9,3.0,0.28,0.8,1.3,0.1,1.1,7.75,0.0,30.0,2.5,2.9,1.6,1291,18,Midfielder,0.6607142857142858,0.2162162162162162,0.0583657587548638,0.8421052631578948,0.0566666666666666,0.52,0.148,0.0906122448979591,55.14675976491393,83.31172309772717,82.76804753731732,69.67305741925416,70.91060334022147,True,False,England
923312,Bryan Mbeumo,10260,Manchester United,ENG-Premier League,0.6,23.6,3.0,0.0,0.3,3.8,0.19,0.36,0.7,2.0,0.45,0.2,1.4,0.0,0.8,7.3,0.0,32.0,2.6,0.8,0.6,1810,21,Attacker,0.5882352941176471,0.2,0.0254237288135593,0.8571428571428572,0.11875,0.5384615384615384,0.1384615384615384,0.1243636363636363,80.13604566495032,85.72441098455299,64.624713943933,52.286439642169874,70.90909986754296,True,False,Cameroon
400625,Vincenzo Grifo,8358,Sport-Club Freiburg,GER-Bundesliga,3.6,36.1,8.0,0.0,1.3,3.0,0.26,0.4,0.6,1.0,0.51,0.5,0.5,0.1,0.3,6.87,0.0,28.0,1.6,0.4,0.7,1057,22,Attacker,0.6,0.5555555555555556,0.0997229916897507,1.1666666666666667,0.1071428571428571,0.3125,0.25,0.1575757575757576,84.77748738752796,80.69519425807458,75.92977973682842,41.28528891662766,70.5436912613218,True,False,Italy
974753,Julián Álvarez,9906,Atlético de Madrid,ESP-La Liga,1.0,25.7,9.0,0.0,0.2,4.3,0.23,0.37,0.7,3.0,0.38,0.1,1.2,0.0,0.8,7.12,0.0,43.0,2.5,0.8,1.2,1677,24,Attacker,0.5625,0.1111111111111111,0.0389105058365758,1.7142857142857144,0.0999999999999999,0.48,0.148,0.1418333333333333,81.78258438653977,88.51131221719459,74.97896837780205,39.37951188432933,70.52398995507825,True,False,Argentina
1096353,Cole Palmer,8455,Chelsea,ENG-Premier League,1.9,32.4,2.0,0.0,0.6,1.0,0.09,0.69,0.8,1.0,0.72,0.8,1.4,0.0,0.8,7.22,0.0,11.0,3.1,1.2,1.3,1000,15,Midfielder,0.7142857142857143,0.4,0.0586419753086419,1.625,0.0909090909090909,0.4516129032258064,0.2225806451612903,0.0796153846153846,54.74834867634056,91.2132678004889,78.3621014718885,64.48117881104697,70.29734507847073,True,False,England
846033,Vinicius Junior,8633,Real Madrid,ESP-La Liga,1.4,31.2,6.0,0.0,0.1,3.1,0.16,0.43,1.1,5.0,0.41,0.1,1.4,0.0,0.7,7.65,0.0,42.0,3.2,1.2,2.7,1768,23,Attacker,0.5416666666666666,0.0769230769230769,0.0448717948717948,2.4545454545454546,0.0738095238095238,0.4374999999999999,0.134375,0.1166101694915254,73.25621521818277,82.00189837208093,85.05152259842929,42.90219483018672,70.27902780659743,True,False,Brazil
942358,Felix Correia,8639,Lille,FRA-Ligue 1,1.9,31.1,8.0,0.0,0.4,3.8,0.27,0.19,0.5,5.0,0.21,0.9,0.4,0.1,0.6,6.91,0.0,27.0,1.6,0.9,0.7,1257,22,Attacker,0.782608695652174,0.5,0.0610932475884244,1.4,0.1407407407407407,0.25,0.11875,0.1115217391304347,88.83823529411765,56.42647058823529,70.38602941176471,64.7279411764706,70.23291173536705,True,False,Portugal
1412132,Kenan Yildiz,9885,Juventus,ITA-Serie A,1.1,32.5,10.0,0.0,0.3,5.1,0.23,0.31,0.8,4.0,0.37,0.3,1.4,0.0,0.7,7.56,0.0,50.0,3.3,0.6,2.4,1967,24,Midfielder,0.5294117647058824,0.3333333333333333,0.0338461538461538,3.0,0.102,0.4242424242424242,0.0939393939393939,0.132037037037037,79.04931866645863,64.88369220367191,85.10957897747959,50.72824023508608,70.13711505091368,True,False,Turkiye
1613676,Said El Mala,8722,1. FC Köln,GER-Bundesliga,0.2,14.0,4.0,0.0,0.2,1.4,0.12,0.52,0.7,2.0,0.61,0.3,1.6,0.0,1.0,6.8,0.0,10.0,3.8,1.4,2.6,1041,22,Attacker,0.7083333333333334,0.1764705882352941,0.0142857142857142,3.714285714285715,0.1399999999999999,0.4210526315789474,0.1368421052631579,0.0974999999999999,60.34558823529412,86.37499999999999,73.69485294117646,63.47058823529412,70.0913567111519,True,False,Germany
605654,Fabián Ruiz,9847,Paris Saint-Germain,FRA-Ligue 1,3.4,67.6,9.0,0.0,1.2,5.1,0.24,0.19,0.3,5.0,0.19,0.7,0.6,0.1,0.4,7.38,0.0,36.0,2.0,1.7,0.7,1923,30,Midfielder,0.888888888888889,0.2916666666666667,0.0502958579881656,2.333333333333333,0.1416666666666666,0.3,0.095,0.1060465116279069,86.5450928381963,52.42042440318303,79.89058355437666,61.00132625994694,69.78139086552217,False,False,Spain
1156569,Sebastian Nanasi,9848,Strasbourg,FRA-Ligue 1,0.6,26.2,12.0,0.0,0.7,4.7,0.2,0.27,0.4,4.0,0.25,0.3,0.5,0.1,0.4,7.02,0.0,37.0,1.2,0.8,0.8,2122,31,Attacker,0.7333333333333334,0.2727272727272727,0.0229007633587786,2.0,0.127027027027027,0.4166666666666667,0.225,0.1148936170212766,83.38196286472149,80.82228116710874,69.47944297082228,44.63196286472149,69.75858934856566,False,False,Sweden
629805,Ritsu Doan,9810,Eintracht Frankfurt,GER-Bundesliga,0.9,25.2,10.0,0.0,0.6,4.1,0.2,0.12,0.8,5.0,0.2,0.7,0.5,0.0,0.7,7.11,0.0,29.0,1.5,1.7,1.4,1817,22,Midfielder,0.7499999999999999,0.2916666666666667,0.0357142857142857,1.7499999999999998,0.1413793103448275,0.3333333333333333,0.08,0.075,85.90444427107714,52.68553336453945,73.24943438914028,67.91224580017683,69.6976639969285,True,False,Japan
815006,Phil Foden,8456,Manchester City,ENG-Premier League,1.9,44.9,7.0,0.0,0.6,3.6,0.19,0.28,0.8,3.0,0.37,0.4,0.8,0.1,0.5,7.48,0.0,42.0,2.5,1.4,1.0,1717,23,Midfielder,0.6923076923076923,0.2222222222222222,0.042316258351893,1.25,0.0857142857142857,0.32,0.112,0.1131914893617021,76.43018931710616,64.92701669527226,79.51214438029854,55.94282129297343,69.62145289871383,True,False,England
1071186,Angelo Stiller,10269,VfB Stuttgart,GER-Bundesliga,2.4,67.5,6.0,0.0,1.4,4.9,0.26,0.11,0.6,5.0,0.05,1.0,0.2,0.2,0.7,7.32,0.0,36.0,0.4,1.4,0.5,1703,22,Midfielder,0.7999999999999999,0.4166666666666667,0.0355555555555555,0.8333333333333334,0.1361111111111111,0.5,0.2749999999999999,0.0772972972972973,89.9316195974411,52.242068445415306,66.0872731055287,71.33540073854475,69.40156990221384,True,False,Germany
1070052,Amad,10260,Manchester United,ENG-Premier League,1.1,31.9,5.0,0.0,1.3,3.2,0.18,0.22,0.8,2.0,0.11,0.7,0.7,0.1,0.4,7.48,0.0,32.0,1.9,1.6,1.7,1653,20,Midfielder,0.7419354838709677,0.3043478260869565,0.0344827586206896,2.125,0.1,0.3684210526315789,0.1157894736842105,0.0989999999999999,72.31921256566288,61.75895875591616,82.78443074842669,60.39131819836687,69.36384618394138,True,False,Ivory Coast
194165,Harry Kane,9823,Bayern München,GER-Bundesliga,3.3,23.7,14.0,0.0,1.4,3.3,0.17,1.03,0.9,5.0,1.32,0.3,2.5,0.2,0.4,8.28,0.0,31.0,4.3,0.7,1.2,1768,22,Attacker,0.5263157894736842,0.3,0.1392405063291139,1.3333333333333333,0.1064516129032258,0.5813953488372093,0.2395348837209302,0.1459166666666666,81.98347376085712,97.41449524106724,72.24885577573205,33.517455921360586,69.34828793299712,True,False,England
1347574,Nico Paz,10171,Como,ITA-Serie A,0.8,36.4,11.0,0.0,0.4,3.3,0.14,0.28,1.8,6.0,0.38,0.8,1.6,0.1,0.9,7.7,0.0,40.0,4.0,2.7,2.1,2113,25,Midfielder,0.6603773584905661,0.2285714285714286,0.0219780219780219,1.1666666666666667,0.0824999999999999,0.4,0.07,0.0933333333333333,66.88456337442139,61.44254173818069,81.44565584854631,69.52248790762988,69.31976862287777,True,False,Argentina
1047667,Maximilian Beier,9789,Borussia Dortmund,GER-Bundesliga,0.4,18.9,4.0,0.0,1.0,2.6,0.21,0.37,1.0,3.0,0.55,0.5,1.2,0.2,1.1,7.04,0.0,15.0,2.3,1.0,0.9,1136,20,Midfielder,0.6,0.3333333333333333,0.0211640211640211,0.9,0.1733333333333333,0.5217391304347826,0.1608695652173913,0.1339655172413793,71.45090237686587,86.2051152025797,62.91185572372185,56.795794975815255,69.28383760247468,True,False,Germany
574629,Alex Berenguer,8315,Athletic Club,ESP-La Liga,0.9,25.1,6.0,0.0,0.7,4.0,0.25,0.2,1.0,2.0,0.12,0.5,1.0,0.0,0.9,6.74,0.0,34.0,1.9,1.1,1.2,1457,20,Attacker,0.6153846153846154,0.3125,0.0358565737051792,1.2,0.1176470588235294,0.5263157894736842,0.1052631578947368,0.1111111111111111,80.19326988089666,65.2843007229417,70.44387449940189,57.50499297862381,68.99942719845512,True,False,Spain
179515,Téji Savanier,10249,Montpellier,FRA-Ligue 1,7.2,38.1,16.0,0.0,0.8,7.7,0.3,0.16,0.8,5.0,0.08,0.6,0.7,0.0,0.7,7.04,0.0,70.0,1.8,1.2,1.1,2339,31,Midfielder,0.6923076923076923,0.3333333333333333,0.1889763779527559,1.375,0.11,0.3888888888888888,0.0888888888888888,0.1043478260869565,87.42042440318305,49.92042440318303,77.00596816976127,62.44031830238728,68.82996653679712,False,False,France
1173787,Xavi Simons,8586,Tottenham Hotspur,ENG-Premier League,1.8,34.6,6.0,0.0,0.5,3.3,0.21,0.13,1.0,4.0,0.07,0.8,0.5,0.1,1.2,7.01,0.0,26.0,2.0,1.9,1.4,1378,20,Midfielder,0.7297297297297297,0.2962962962962963,0.0520231213872832,1.4,0.1269230769230769,0.25,0.065,0.0802941176470588,83.1158787122276,45.633003068601454,79.25846465907318,72.28573100327664,68.75382937342029,True,False,Netherlands
325916,Paulo Dybala,8686,Roma,ITA-Serie A,2.0,36.1,4.0,0.0,0.1,3.1,0.27,0.36,0.9,2.0,0.17,0.2,1.2,0.0,0.9,6.93,0.0,40.0,3.1,0.6,0.9,1056,17,Attacker,0.4705882352941176,0.25,0.0554016620498614,1.0,0.0775,0.3870967741935484,0.1161290322580645,0.1542857142857143,75.06241223279763,71.77423675040309,75.96163598065222,50.3497815571852,68.73326846141158,True,False,Argentina
1095432,Charles De Ketelaere,8524,Atalanta,ITA-Serie A,1.6,31.4,12.0,0.0,0.3,6.5,0.38,0.16,0.9,3.0,0.17,0.1,0.8,0.1,0.8,7.12,0.0,45.0,2.0,0.9,2.4,1547,21,Midfielder,0.5263157894736842,0.1,0.0509554140127388,2.6666666666666665,0.1444444444444444,0.4,0.08,0.1125925925925925,91.09974254953973,62.02807250221043,84.20362641077651,39.3894653352057,68.61371471273979,True,False,Belgium
1021586,Gabriel Martinelli,9825,Arsenal,ENG-Premier League,0.4,18.2,7.0,0.0,0.6,4.7,0.18,0.29,0.6,4.0,0.31,0.2,1.0,0.0,0.7,7.01,0.0,40.0,2.2,0.9,1.3,2300,33,Attacker,0.6470588235294118,0.1818181818181818,0.0219780219780219,2.166666666666667,0.1175,0.4545454545454545,0.1318181818181818,0.111063829787234,76.45225464190982,77.75862068965517,69.81100795755968,48.78978779840849,68.60424502221558,False,False,Brazil
523825,Jarrod Bowen,8654,West Ham United,ENG-Premier League,0.4,15.7,5.0,0.0,0.9,2.5,0.1,0.22,0.5,3.0,0.31,0.7,0.9,0.1,0.6,7.07,0.0,18.0,2.4,1.2,1.5,2329,26,Attacker,0.7916666666666666,0.3684210526315789,0.0254777070063694,3.0,0.1388888888888889,0.375,0.0916666666666666,0.06875,72.20317782285328,65.77042700369272,67.66627008893744,67.44481068289384,68.46322082654899,True,False,England
1251666,Ernest Poku,8178,Bayer 04 Leverkusen,GER-Bundesliga,0.4,28.1,3.0,0.0,0.7,3.3,0.26,0.22,0.2,4.0,0.4,0.5,0.6,0.0,0.2,6.93,0.0,21.0,1.8,0.9,1.3,1123,19,Attacker,0.875,0.3571428571428571,0.0142348754448398,6.5,0.1571428571428571,0.3333333333333333,0.1222222222222222,0.1191666666666666,79.36029411764706,67.72058823529412,80.7904411764706,45.20220588235294,68.4593989401511,True,False,Netherlands
1079539,Dilane Bakwa,9848,Strasbourg,FRA-Ligue 1,1.8,26.8,12.0,0.0,0.9,6.0,0.21,0.16,1.0,8.0,0.22,0.5,0.8,0.0,0.7,7.38,0.0,47.0,1.9,0.9,1.8,2509,30,Midfielder,0.5833333333333334,0.3571428571428571,0.0671641791044776,1.8,0.1276595744680851,0.4210526315789474,0.0842105263157894,0.0908108108108108,85.86206896551725,56.962864721485424,76.14389920424404,53.21949602122016,68.33784666226163,False,False,France
863098,Matheus Cunha,10260,Manchester United,ENG-Premier League,0.9,26.1,3.0,0.0,0.7,2.2,0.12,0.29,0.7,2.0,0.33,0.7,1.3,0.1,0.9,7.17,0.0,23.0,3.4,1.4,1.7,1634,23,Attacker,0.7499999999999999,0.3333333333333333,0.0344827586206896,2.428571428571429,0.0956521739130434,0.3823529411764706,0.0852941176470588,0.0848780487804878,63.74574816664066,65.70896395693556,77.3828795443907,67.96854683517971,68.29113650141244,True,False,Brazil
690516,Ademola Lookman,8524,Atalanta,ITA-Serie A,0.3,25.3,12.0,0.0,0.2,7.9,0.31,0.41,1.2,5.0,0.6,0.1,1.4,0.0,0.4,7.39,0.0,61.0,3.3,1.3,1.5,2263,31,Midfielder,0.5384615384615385,0.0714285714285714,0.0118577075098814,1.25,0.1295081967213114,0.4242424242424242,0.1242424242424242,0.1765277777777777,91.39257294429709,82.46021220159152,75.66312997347481,30.407824933687,68.17929877671999,False,False,Nigeria
708435,Gaëtan Perrin,8583,Auxerre,FRA-Ligue 1,1.7,22.3,19.0,0.0,0.1,4.7,0.16,0.2,0.8,11.0,0.33,0.4,0.9,0.0,0.7,7.29,0.0,73.0,2.0,1.6,2.0,2704,34,Midfielder,0.7142857142857143,0.2,0.0762331838565022,2.5,0.0643835616438356,0.45,0.1,0.0888888888888888,66.33289124668435,68.09018567639258,75.28183023872678,62.86803713527851,68.17863943719328,False,False,France
1084981,Noni Madueke,8455,Chelsea,ENG-Premier League,0.6,22.0,6.0,0.0,0.4,3.2,0.14,0.42,1.0,3.0,0.31,0.4,1.4,0.0,0.8,7.18,0.0,32.0,3.5,1.1,2.0,2046,32,Attacker,0.6,0.2666666666666666,0.0272727272727272,2.0,0.1,0.3999999999999999,0.12,0.105,65.026525198939,76.83023872679044,75.59681697612731,55.37798408488064,68.17160449903567,False,False,England
292462,Mohamed Salah,8650,Liverpool,ENG-Premier League,0.6,22.7,9.0,0.0,0.4,3.6,0.21,0.36,0.5,6.0,0.23,0.2,0.8,0.1,0.8,7.09,0.0,41.0,2.9,0.3,0.7,1537,18,Attacker,0.5,0.4,0.026431718061674,1.4,0.0878048780487805,0.2758620689655172,0.1241379310344827,0.1326315789473684,79.13659177198731,75.80587195090239,70.01192983824829,45.33063530451969,67.92197223570898,True,False,Egypt
298823,Mitchell Weiser,8697,SV Werder Bremen,GER-Bundesliga,1.1,28.3,10.0,0.0,1.7,5.4,0.17,0.17,0.9,8.0,0.16,0.7,0.5,0.1,0.4,7.24,0.0,42.0,1.3,1.9,1.1,2870,32,Midfielder,0.7428571428571429,0.2692307692307693,0.03886925795053,1.2222222222222223,0.1285714285714286,0.3846153846153846,0.1307692307692307,0.085,81.32625994694959,62.46684350132626,68.08687002652519,57.248010610079575,67.88902207029497,False,False,Germany
1226147,Giuliano Simeone,9906,Atlético de Madrid,ESP-La Liga,0.5,31.6,6.0,0.0,0.5,3.4,0.19,0.21,1.0,5.0,0.11,0.8,0.5,0.1,0.6,7.2,0.0,21.0,1.7,1.8,1.4,1597,21,Midfielder,0.7222222222222222,0.3076923076923077,0.0158227848101265,1.4,0.1619047619047619,0.2941176470588235,0.1235294117647058,0.0997499999999999,83.3737712591668,52.40981432360743,75.01999141831799,58.34955401258646,67.32304487252742,True,False,Argentina
850354,Bruno Guimaraes,10261,Newcastle United,ENG-Premier League,2.9,45.4,5.0,0.0,1.3,3.6,0.16,0.22,1.5,4.0,0.4,0.5,0.8,0.0,0.7,7.63,0.0,38.0,1.4,2.2,0.6,2018,23,Midfielder,0.6428571428571429,0.1851851851851851,0.0638766519823788,0.3999999999999999,0.0947368421052631,0.5714285714285715,0.1571428571428571,0.0926315789473684,72.75111821917096,71.79797940396318,61.45745566130961,61.47700499297863,67.21499054672867,True,False,Brazil
844437,Amine Gouiri,8592,Marseille,FRA-Ligue 1,0.0,23.0,7.0,0.0,0.0,3.3,0.14,0.51,1.3,5.0,0.56,0.1,1.8,0.0,1.0,7.01,0.0,34.0,3.5,0.0,1.1,2088,33,Attacker,0.0714285714285714,1.0,0.0,0.8461538461538461,0.0970588235294117,0.5142857142857143,0.1457142857142857,0.1098461538461538,65.58355437665783,90.25198938992042,64.14124668435014,50.87533156498673,67.14110440346884,False,False,Algeria
823293,Aron Dønnum,9941,Toulouse,FRA-Ligue 1,3.2,28.2,6.0,0.0,0.6,4.9,0.26,0.23,1.2,3.0,0.16,1.1,0.6,0.1,0.5,7.41,0.0,43.0,1.5,1.7,1.1,1681,19,Midfielder,0.7,0.3928571428571429,0.1134751773049645,0.9166666666666669,0.113953488372093,0.3999999999999999,0.1533333333333333,0.1220408163265306,83.26081812035159,55.98079523586623,68.63151427679826,59.17792687366724,67.0972641974303,True,False,Norway
942368,Jérémy Doku,8456,Manchester City,ENG-Premier League,0.8,29.8,10.0,0.0,0.0,4.4,0.33,0.13,1.3,4.0,0.08,0.8,0.6,0.0,0.8,7.26,0.0,39.0,1.5,1.1,4.7,1187,20,Attacker,0.59375,0.4210526315789473,0.0268456375838926,3.615384615384616,0.1128205128205128,0.3999999999999999,0.0866666666666666,0.0932608695652173,84.84826025901077,42.819524626826855,82.96159047173246,63.309623186144485,67.06818537352433,True,False,Belgium
1280082,Matias Soulé,8686,Roma,ITA-Serie A,1.6,33.2,4.0,0.0,0.5,3.0,0.16,0.18,0.3,4.0,0.32,0.5,0.7,0.1,1.7,7.11,0.0,34.0,2.2,0.8,1.4,1691,25,Midfielder,0.8125,0.3846153846153846,0.0481927710843373,4.666666666666667,0.088235294117647,0.3181818181818181,0.0818181818181818,0.0847058823529411,65.21987309512664,51.97741457325636,81.89729937067665,74.33367790086858,66.96103728580279,True,False,Argentina
1327150,Arijon Ibrahimovic,94937,1. FC Heidenheim 1846,GER-Bundesliga,1.8,25.3,6.0,0.0,1.0,4.0,0.22,0.23,0.5,2.0,0.0,0.8,0.8,0.2,0.5,6.88,0.0,41.0,2.0,1.3,0.8,1602,22,Midfielder,0.8076923076923077,0.3809523809523809,0.0711462450592885,1.6,0.0975609756097561,0.4,0.115,0.1124444444444444,78.125,55.49264705882353,69.22794117647058,64.00735294117646,66.86705511809336,True,False,Germany
693171,Ludovic Blas,9851,Rennes,FRA-Ligue 1,1.7,25.7,8.0,0.0,0.4,5.4,0.21,0.2,1.2,8.0,0.23,0.5,1.0,0.1,0.5,7.28,0.0,47.0,2.2,1.5,1.7,2302,29,Midfielder,0.625,0.25,0.0661478599221789,1.4166666666666667,0.1148936170212766,0.4545454545454545,0.0909090909090909,0.1024390243902439,80.25198938992042,62.83819628647215,74.5523872679045,47.9741379310345,66.86663900643396,False,False,France
955411,Yann Gboho,9941,Toulouse,FRA-Ligue 1,0.6,20.3,1.0,0.0,0.0,3.6,0.18,0.2,0.6,2.0,0.3,0.4,0.6,0.0,1.1,7.32,0.0,39.0,1.7,0.4,2.8,1804,21,Attacker,0.5714285714285715,0.5,0.0295566502463054,4.666666666666667,0.0923076923076923,0.3529411764705882,0.1176470588235294,0.0947368421052631,65.9817314193582,66.52146720757268,76.60857778124513,56.48795313881519,66.53161791967264,True,False,Ivory Coast
1137705,Enzo Fernández,8455,Chelsea,ENG-Premier League,2.6,49.2,9.0,0.0,1.0,5.1,0.22,0.41,1.1,2.0,0.34,0.5,0.9,0.0,0.3,7.33,0.0,45.0,2.2,1.8,0.3,2148,25,Midfielder,0.676470588235294,0.2173913043478261,0.0528455284552845,0.2727272727272727,0.1133333333333333,0.409090909090909,0.1863636363636363,0.1431746031746031,80.91677068705467,77.4582098091226,58.88639673375982,47.688283403547096,66.50656379002513,True,False,Argentina
460632,Joshua Kimmich,9823,Bayern München,GER-Bundesliga,6.9,96.7,12.0,0.0,0.7,6.3,0.41,0.13,0.3,5.0,0.07,0.8,0.3,0.1,0.3,7.61,0.0,34.0,1.0,1.0,0.7,1377,18,Midfielder,0.8571428571428571,0.4444444444444445,0.0713547052740434,2.333333333333333,0.1852941176470588,0.3,0.13,0.0987037037037037,95.13889322307172,42.56243823789462,74.13994642950018,59.06845191657565,66.45814852203851,True,False,Germany
674014,David Brooks,8678,Bournemouth,ENG-Premier League,0.8,25.1,6.0,0.0,1.1,2.7,0.25,0.42,1.0,2.0,0.09,0.3,1.1,0.0,0.6,6.78,0.0,20.0,3.7,1.4,1.4,955,21,Attacker,0.6296296296296295,0.1764705882352941,0.0318725099601593,1.4,0.135,0.2972972972972973,0.1135135135135135,0.1567164179104477,73.95220263171582,62.9342851198835,73.67679565194778,53.02425625422583,66.39490585202503,True,False,Wales
843040,Pedro Neto,8455,Chelsea,ENG-Premier League,1.2,26.9,9.0,0.0,0.5,5.0,0.23,0.19,0.3,3.0,0.23,0.3,0.5,0.0,0.5,7.12,0.0,39.0,1.7,0.7,1.5,1991,26,Attacker,0.7692307692307692,0.3,0.0446096654275092,5.0,0.1282051282051282,0.2941176470588235,0.1117647058823529,0.104047619047619,84.83774119727467,51.746346283871645,76.98236854423466,52.15619961512457,66.39045678399332,True,False,Portugal
1310270,Kamory Doumbia,8521,Brest,FRA-Ligue 1,1.6,27.4,7.0,0.0,0.3,1.9,0.14,0.26,1.7,2.0,0.37,0.7,0.7,0.0,1.4,7.12,0.0,15.0,2.2,3.0,0.7,1206,16,Midfielder,0.6851851851851851,0.1891891891891891,0.0583941605839416,0.4117647058823529,0.1266666666666666,0.3181818181818181,0.1181818181818181,0.091,62.10875331564987,67.95417901908775,60.65224033910647,79.48695844385499,66.33928305619538,True,False,Mali
1044470,Hákon Arnar Haraldsson,8639,Lille,FRA-Ligue 1,1.1,38.6,3.0,0.0,0.4,3.5,0.21,0.28,1.2,1.0,0.29,0.4,0.4,0.0,0.9,7.12,0.0,33.0,1.9,0.9,0.8,1526,20,Midfielder,0.52,0.3076923076923077,0.0284974093264248,0.6666666666666667,0.106060606060606,0.2105263157894737,0.1473684210526316,0.12,70.35065272793467,65.09792219274978,72.82262573464398,55.265317002132406,66.31768196766467,True,False,Iceland
969870,Adam Hlozek,8226,TSG 1899 Hoffenheim,GER-Bundesliga,0.7,16.4,7.0,0.0,0.9,3.2,0.15,0.27,0.7,3.0,0.38,0.2,1.2,0.0,0.7,7.01,0.0,22.0,2.8,1.1,1.6,1874,27,Attacker,0.65,0.1538461538461538,0.0426829268292682,2.285714285714286,0.1454545454545454,0.4285714285714286,0.0964285714285714,0.0964285714285714,72.75198938992042,70.55702917771883,69.61206896551724,50.0762599469496,66.26528133551476,False,False,Czechia
1209399,Abdessamad Ezzalzouli,8603,Real Betis,ESP-La Liga,0.6,26.1,7.0,0.0,0.6,1.5,0.11,0.41,1.4,4.0,0.39,0.8,1.0,0.0,1.3,7.67,0.0,16.0,3.3,2.4,1.7,1143,15,Attacker,0.6956521739130436,0.25,0.0229885057471264,1.2142857142857144,0.09375,0.303030303030303,0.1242424242424242,0.0867307692307692,52.58489363915328,72.08901544702762,73.96509465855307,72.94526577209132,66.15789828688054,True,False,Morocco
952322,Brenden Aaronson,8463,Leeds United,ENG-Premier League,0.3,21.0,7.0,0.0,0.4,2.8,0.15,0.18,0.8,3.0,0.22,0.5,0.8,0.2,0.4,6.79,0.0,23.0,1.8,2.1,1.1,1662,25,Midfielder,0.7647058823529411,0.1923076923076923,0.0142857142857142,1.375,0.1217391304347826,0.4444444444444445,0.0999999999999999,0.0818181818181818,75.81617647058823,63.272058823529406,66.24999999999999,56.53308823529412,66.06760564548965,True,False,USA
1342757,Joao Neves,9847,Paris Saint-Germain,FRA-Ligue 1,2.3,64.0,2.0,0.0,0.2,1.4,0.13,0.22,1.1,1.0,0.46,0.5,0.6,0.5,0.7,7.49,0.0,9.0,1.9,2.0,0.6,977,13,Midfielder,0.6944444444444444,0.2,0.0359375,0.5454545454545454,0.1555555555555555,0.3157894736842105,0.1157894736842105,0.0817142857142857,63.95423102928174,63.95168252977584,68.34279268736672,68.68576741041244,65.95842997898714,True,False,Portugal
940976,Kang-In Lee,9847,Paris Saint-Germain,FRA-Ligue 1,3.6,56.0,8.0,0.0,0.5,3.3,0.31,0.16,1.3,2.0,0.19,0.2,1.0,0.1,0.7,7.19,0.0,32.0,2.8,1.1,1.3,949,17,Midfielder,0.5,0.1538461538461538,0.0642857142857143,1.0,0.103125,0.3571428571428571,0.0571428571428571,0.105531914893617,84.8079393561138,49.97065324803662,85.77683726010298,45.78649165236386,65.87182421930186,True,False,South Korea
696365,Marcus Rashford,8634,Barcelona,ESP-La Liga,0.9,33.5,5.0,0.0,0.9,3.5,0.25,0.41,0.4,6.0,0.29,0.1,1.5,0.1,0.6,7.27,0.0,33.0,4.5,0.5,1.4,1250,21,Attacker,0.6,0.1666666666666666,0.026865671641791,3.5,0.106060606060606,0.3333333333333333,0.0911111111111111,0.1553030303030303,79.26964685078275,70.37821813075362,73.98836922036719,39.70863239194882,65.86572756655853,True,False,England
806552,Cody Gakpo,8650,Liverpool,ENG-Premier League,0.7,22.7,8.0,0.0,0.8,4.1,0.21,0.27,1.3,3.0,0.26,0.4,0.6,0.1,0.6,7.28,0.0,38.0,2.8,0.8,1.3,1747,24,Attacker,0.4800000000000001,0.3333333333333333,0.0308370044052863,1.0,0.1078947368421052,0.2142857142857143,0.0964285714285714,0.118125,79.3446455505279,63.61149685338327,70.82195610339626,47.2448119831487,65.78880465089475,True,False,Netherlands
1400227,Yankuba Minteh,10204,Brighton and Hove Albion,ENG-Premier League,0.5,15.1,6.0,0.0,0.6,2.8,0.16,0.16,1.0,4.0,0.05,0.5,0.4,0.0,0.7,7.06,0.0,30.0,1.8,1.9,2.7,1640,24,Attacker,0.7058823529411765,0.2083333333333333,0.0331125827814569,2.7,0.0933333333333333,0.2222222222222222,0.0888888888888888,0.08,76.1027981484371,49.60279814843708,71.46828028293545,67.41381260727103,65.70143308016674,True,False,Gambia
1180718,Mohamed-Ali Cho,9831,Nice,FRA-Ligue 1,0.5,19.1,6.0,0.0,0.5,2.2,0.2,0.19,0.6,2.0,0.36,0.3,0.6,0.2,0.6,6.83,0.0,16.0,1.5,0.7,1.2,988,14,Attacker,0.625,0.3,0.0261780104712041,2.0,0.1375,0.3999999999999999,0.1266666666666666,0.0974358974358974,76.6629479377958,68.16700473292765,68.76238492744578,46.76088963436833,65.62714225743544,True,False,France
848844,Rafael Leao,8564,Milan,ITA-Serie A,0.7,22.8,6.0,0.0,0.5,1.9,0.14,0.43,1.1,2.0,0.61,0.2,1.4,0.0,0.5,7.15,0.0,10.0,2.7,0.3,1.0,1172,18,Attacker,0.3125,0.4,0.0307017543859649,0.9090909090909092,0.19,0.5185185185185185,0.1592592592592592,0.1056140350877193,74.3313049357674,85.39029749830966,70.84054974775056,35.421321579029495,65.55821069258762,True,False,Portugal
906937,Anthony Gordon,10261,Newcastle United,ENG-Premier League,1.0,22.9,5.0,0.0,0.6,3.1,0.21,0.38,0.8,2.0,0.21,0.1,0.8,0.0,0.5,6.94,0.0,21.0,2.3,1.0,1.8,1315,20,Attacker,0.5789473684210527,0.0909090909090909,0.0436681222707423,2.25,0.1476190476190476,0.3478260869565218,0.1652173913043478,0.1352542372881356,78.18645654548293,73.27766942320694,77.85779762833515,34.94514874915483,65.41619490988838,True,False,England
521148,Jacob Murphy,10261,Newcastle United,ENG-Premier League,1.2,20.3,9.0,0.0,0.8,2.4,0.2,0.24,0.2,1.0,0.16,0.2,0.8,0.1,0.3,6.68,0.0,18.0,2.8,0.7,1.2,1091,21,Attacker,0.8181818181818182,0.2222222222222222,0.0591133004926108,5.999999999999999,0.1333333333333333,0.2857142857142857,0.0857142857142857,0.1090909090909091,83.33822229156915,58.12607271025121,74.67318094346491,44.625806158006974,65.39648300229707,True,False,England
888912,Mikkel Damsgaard,9937,Brentford,ENG-Premier League,1.4,28.0,9.0,0.0,0.7,3.7,0.25,0.08,0.8,3.0,0.07,1.1,0.4,0.2,1.1,6.89,0.0,29.0,1.0,2.5,0.8,1303,22,Midfielder,0.8181818181818181,0.3055555555555556,0.0499999999999999,1.0,0.1275862068965517,0.4,0.08,0.0606060606060606,86.13834711603475,37.52581005877152,64.67802439278098,87.30160061372028,65.31833516358122,True,False,Denmark
848289,Takefusa Kubo,8560,Real Sociedad,ESP-La Liga,0.4,22.7,5.0,0.0,0.7,2.3,0.18,0.17,0.5,3.0,0.15,0.5,0.9,0.0,0.5,7.16,0.0,26.0,1.9,1.9,2.1,1183,18,Attacker,0.8275862068965517,0.2083333333333333,0.0176211453744493,4.2,0.0884615384615384,0.4736842105263158,0.0894736842105263,0.0874285714285714,66.58947053622511,54.51735840224684,77.07920502418473,64.35343527331356,65.25353191872051,True,False,Japan
895362,Rodrygo,8633,Real Madrid,ESP-La Liga,0.6,41.8,5.0,0.0,0.3,4.2,0.19,0.19,0.4,5.0,0.28,0.5,0.9,0.0,0.4,7.36,0.0,49.0,2.5,1.0,2.3,1937,30,Attacker,0.7894736842105263,0.3333333333333333,0.0143540669856459,5.749999999999999,0.0857142857142857,0.36,0.076,0.095,66.12068965517241,54.38992042440318,89.62201591511935,53.33885941644562,65.08684801640672,False,False,Brazil
942372,Álex Baena,10205,Villarreal,ESP-La Liga,2.4,26.7,21.0,0.0,0.5,12.6,0.44,0.25,1.5,9.0,0.24,0.8,0.6,0.1,0.6,7.5,0.0,95.0,2.4,1.0,0.7,2602,32,Midfielder,0.5454545454545455,0.4444444444444445,0.0898876404494382,0.4666666666666666,0.1326315789473684,0.25,0.1041666666666666,0.1594202898550724,94.45623342175064,57.526525198939,57.37732095490716,50.68302387267905,65.04198587293662,False,False,Spain
473852,Corentin Tolisso,9748,Lyon,FRA-Ligue 1,3.6,42.9,6.0,0.0,1.4,2.3,0.14,0.4,1.8,1.0,0.24,0.8,1.0,0.2,0.7,7.15,0.0,22.0,2.1,1.1,0.2,1510,19,Midfielder,0.5135135135135135,0.4210526315789473,0.0839160839160839,0.1111111111111111,0.1045454545454545,0.4761904761904761,0.1904761904761904,0.1037037037037037,73.52690227284548,78.89183179903262,49.31525328964477,59.53510688094866,64.92199178389339,True,False,France
1126058,Malik Tillman,8178,Bayer 04 Leverkusen,GER-Bundesliga,0.7,36.6,6.0,0.0,0.8,2.1,0.15,0.19,0.9,0.0,0.29,0.9,0.4,0.3,0.8,7.28,0.0,22.0,1.7,2.0,0.6,1248,17,Midfielder,0.7631578947368421,0.3103448275862069,0.0191256830601092,0.6666666666666666,0.0954545454545454,0.2352941176470588,0.1117647058823529,0.0838235294117647,67.27205882352942,56.16176470588235,62.24264705882353,77.64338235294117,64.90131628119391,True,False,USA
1117069,Georges Mikautadze,10205,Villarreal,ESP-La Liga,0.7,11.4,6.0,0.0,0.3,1.9,0.14,0.44,0.7,4.0,0.61,0.2,1.5,0.1,0.2,7.05,0.0,14.0,2.7,0.1,1.2,1181,19,Attacker,0.3,0.6666666666666666,0.0614035087719298,1.7142857142857144,0.1357142857142857,0.5555555555555555,0.1629629629629629,0.1062068965517241,73.78355957767722,92.5658189005045,67.94533728610809,32.31473968897904,64.85158426258697,True,False,Georgia
1444231,Matias Fernandez-Pardo,8639,Lille,FRA-Ligue 1,0.7,22.1,3.0,0.0,0.2,2.7,0.19,0.26,0.6,3.0,0.2,0.2,1.2,0.1,0.8,7.08,0.0,23.0,2.5,0.9,1.2,1320,17,Attacker,0.6470588235294118,0.1818181818181818,0.0316742081447963,2.0,0.117391304347826,0.48,0.104,0.1097777777777777,68.31388152077807,71.81189213085766,71.17341498933791,46.56805533884642,64.7289932971809,True,False,Belgium
445856,Wesley Said,8588,Lens,FRA-Ligue 1,1.3,25.4,8.0,0.0,0.9,3.2,0.19,0.44,1.7,2.0,0.58,0.5,1.2,0.0,0.5,7.32,0.0,20.0,2.4,0.9,1.2,1546,22,Midfielder,0.4516129032258065,0.3571428571428571,0.0511811023622047,0.7058823529411765,0.16,0.5,0.1833333333333333,0.1326984126984127,70.44319186560567,89.15974931086492,61.56703463878921,40.46249414885318,64.66086447307694,True,False,France
1185336,Chico Conceicao,9885,Juventus,ITA-Serie A,0.5,33.1,1.0,0.0,0.2,2.1,0.17,0.32,1.6,1.0,0.16,0.4,1.0,0.0,1.0,6.96,0.0,14.0,2.8,1.5,2.2,1122,18,Midfielder,0.5428571428571428,0.2105263157894737,0.0151057401812688,1.375,0.15,0.3571428571428571,0.1142857142857143,0.1110204081632653,69.3101237842617,58.33191605554688,81.24242601549903,49.485638685182295,64.57391530436522,True,False,Portugal
886016,Kiernan Dewsbury-Hall,8668,Everton,ENG-Premier League,1.0,29.6,6.0,0.0,1.3,3.3,0.19,0.13,1.2,2.0,0.29,0.5,0.4,0.0,0.7,7.16,0.0,23.0,1.3,1.7,0.9,1565,19,Midfielder,0.6470588235294118,0.2272727272727272,0.0337837837837837,0.75,0.1434782608695652,0.3076923076923077,0.1,0.0771874999999999,81.6470588235294,54.43382352941176,62.42647058823529,58.3639705882353,64.50903349397653,True,False,England
1002618,Ander Barrenetxea,8560,Real Sociedad,ESP-La Liga,1.7,28.2,8.0,0.0,0.7,3.0,0.25,0.16,1.8,3.0,0.25,0.8,0.6,0.2,0.7,7.02,0.0,29.0,1.7,0.9,2.9,1099,19,Attacker,0.4857142857142857,0.4705882352941176,0.0602836879432624,1.611111111111111,0.1034482758620689,0.3529411764705882,0.0941176470588235,0.097560975609756,75.95692255682114,50.10104280438966,75.87162583866439,56.46270869090341,64.49173918401374,True,False,Spain
884919,Robin Hack,9788,Borussia Mönchengladbach,GER-Bundesliga,1.4,26.5,10.0,0.0,0.8,3.8,0.16,0.22,0.8,7.0,0.16,0.4,1.0,0.1,0.7,6.91,0.0,33.0,2.4,0.9,1.0,2188,33,Attacker,0.6190476190476191,0.3076923076923077,0.0528301886792452,1.25,0.1151515151515151,0.4166666666666667,0.0916666666666666,0.0926315789473684,75.03315649867375,59.88726790450929,66.94297082228117,53.498010610079575,64.41742524706088,False,False,Germany
923196,Lassine Sinayoko,8583,Auxerre,FRA-Ligue 1,0.5,19.0,5.0,0.0,0.5,2.3,0.12,0.35,0.8,3.0,0.3,0.9,1.0,0.0,0.9,7.07,0.0,26.0,2.7,1.2,1.2,1805,21,Attacker,0.7241379310344827,0.4285714285714285,0.0263157894736842,1.4999999999999998,0.0884615384615384,0.3703703703703703,0.1296296296296296,0.0893617021276595,61.559460654288245,69.56460966349404,64.79781037083268,62.0945935403339,64.40007458794256,True,False,Mali
1074968,Jamie Leweling,10269,VfB Stuttgart,GER-Bundesliga,0.5,20.5,5.0,0.0,0.9,3.4,0.2,0.15,0.7,6.0,0.29,0.7,0.8,0.1,0.7,7.17,0.0,29.0,2.0,0.8,1.2,1575,21,Attacker,0.6818181818181818,0.4666666666666666,0.024390243902439,1.7142857142857144,0.1172413793103448,0.4,0.075,0.0857142857142857,78.3314739688979,50.22563322411193,68.90043948613928,59.85781713215791,64.32679561065606,True,False,Germany
813055,Mousa Tamari,9851,Rennes,FRA-Ligue 1,0.5,21.0,4.0,0.0,0.3,2.9,0.19,0.19,0.9,3.0,0.2,0.5,1.0,0.1,1.0,6.93,0.0,21.0,2.3,1.2,1.3,1365,21,Midfielder,0.6538461538461539,0.2941176470588235,0.0238095238095238,1.4444444444444444,0.1380952380952381,0.4347826086956522,0.0826086956521739,0.095,67.45637644978416,57.06312737296511,70.77969782077287,61.58463358818327,64.29355550424626,True,False,Jordan
1219540,Fisnik Asllani,8226,TSG 1899 Hoffenheim,GER-Bundesliga,0.3,16.9,6.0,0.0,0.9,2.7,0.17,0.36,0.9,4.0,0.44,0.3,1.1,0.0,1.1,7.17,0.0,24.0,2.9,0.6,0.6,1433,21,Attacker,0.5,0.3333333333333333,0.0177514792899408,0.6666666666666666,0.1125,0.3793103448275862,0.1241379310344827,0.1154716981132075,74.69117647058823,77.11764705882354,52.35294117647059,51.99264705882352,64.07563070649056,True,False,Kosovo
1067260,Jakub Kaminski,8722,1. FC Köln,GER-Bundesliga,0.7,23.7,7.0,0.0,1.1,3.2,0.15,0.17,0.4,1.0,0.23,0.6,0.6,0.3,0.5,7.07,0.0,29.0,1.8,1.7,0.6,1961,22,Midfielder,0.8518518518518519,0.2608695652173913,0.0295358649789029,1.4999999999999998,0.1103448275862069,0.3333333333333333,0.0944444444444444,0.0796875,75.71323529411765,55.11029411764706,60.38602941176471,64.49632352941177,64.00307410950948,True,False,Poland
921341,Alexis Saelemaekers,8564,Milan,ITA-Serie A,0.9,36.9,4.0,0.0,0.9,3.3,0.16,0.1,0.7,3.0,0.1,0.9,0.3,0.1,0.7,7.51,0.0,30.0,1.4,2.4,1.8,1874,23,Midfielder,0.825,0.2727272727272727,0.024390243902439,2.571428571428572,0.11,0.2142857142857143,0.0714285714285714,0.0615384615384615,66.90296198054818,43.51609715504239,78.79921464607064,73.92900608519271,63.854209659586544,True,False,Belgium
650616,Mathias Jensen,9937,Brentford,ENG-Premier League,2.8,33.7,6.0,0.0,1.3,3.3,0.25,0.14,0.9,1.0,0.15,0.4,0.3,0.1,0.5,6.66,0.0,17.0,1.3,1.7,1.0,1206,24,Midfielder,0.7000000000000001,0.1904761904761904,0.0830860534124628,1.1111111111111112,0.1941176470588235,0.2307692307692307,0.1076923076923077,0.0897435897435897,83.61764705882352,47.227941176470594,73.01470588235294,52.37132352941176,63.81318643596667,True,False,Denmark
534670,Martin Ødegaard,9825,Arsenal,ENG-Premier League,2.6,45.0,4.0,0.0,0.5,2.9,0.25,0.09,0.6,4.0,0.08,0.6,0.6,0.0,1.1,6.98,0.0,29.0,1.7,1.4,0.8,1065,19,Midfielder,0.7692307692307692,0.3,0.0577777777777777,1.3333333333333337,0.0999999999999999,0.3529411764705882,0.0529411764705882,0.0661764705882353,77.7792167264784,40.62704790138867,75.38806105996775,67.6778553596505,63.80839887212312,True,False,Norway
317062,Adrien Thomasson,8588,Lens,FRA-Ligue 1,1.4,38.3,7.0,0.0,1.1,3.9,0.19,0.23,2.2,5.0,0.1,0.7,0.4,0.1,0.5,7.53,0.0,47.0,1.4,2.9,0.5,1832,21,Midfielder,0.6206896551724137,0.1944444444444444,0.0365535248041775,0.2272727272727272,0.0829787234042553,0.2857142857142857,0.1642857142857143,0.104047619047619,72.50442086648984,60.58815727882665,57.91747932594788,62.47091980028085,63.61276536424859,True,False,France
312765,Jack Grealish,8668,Everton,ENG-Premier League,1.0,26.6,5.0,0.0,0.6,3.6,0.2,0.12,0.7,6.0,0.11,0.7,0.4,0.3,0.9,7.21,0.0,38.0,1.4,1.2,1.3,1631,20,Attacker,0.7307692307692308,0.3684210526315789,0.037593984962406,1.8571428571428568,0.0947368421052631,0.2857142857142857,0.0857142857142857,0.075,74.21323529411765,42.5,72.5735294117647,70.43382352941175,63.53198958474032,True,False,England
1395447,Nathaniel Brown,9810,Eintracht Frankfurt,GER-Bundesliga,1.1,30.0,6.0,0.0,1.4,2.1,0.12,0.12,0.9,4.0,0.17,1.0,0.4,0.1,0.4,7.13,0.0,20.0,0.7,2.9,0.6,1622,21,Midfielder,0.8125,0.2564102564102564,0.0366666666666666,0.6666666666666666,0.105,0.5714285714285715,0.1714285714285714,0.06,70.36239402922973,66.77317054142613,51.7709471056327,65.73474150933583,63.45023007298956,True,False,Germany
1047676,Yéremi Pino,9826,Crystal Palace,ENG-Premier League,1.5,25.3,9.0,0.0,0.9,4.7,0.26,0.2,1.3,1.0,0.11,0.4,0.5,0.1,0.8,6.78,0.0,37.0,1.9,1.6,0.9,1638,24,Midfielder,0.6060606060606061,0.2,0.0592885375494071,0.6923076923076923,0.127027027027027,0.2631578947368421,0.1052631578947368,0.1130434782608695,83.85404639309304,53.72386487751599,61.74276408176004,52.81629349352473,63.35765874595053,True,False,Spain
818975,Eberechi Eze,9825,Arsenal,ENG-Premier League,0.5,26.9,3.0,0.0,0.6,1.7,0.13,0.21,0.9,2.0,0.31,0.5,0.9,0.1,0.5,6.9,0.0,9.0,2.6,1.0,1.6,1157,22,Midfielder,0.625,0.3333333333333333,0.0185873605947955,1.777777777777778,0.1888888888888888,0.3461538461538461,0.0807692307692307,0.0802941176470588,64.21485411140584,59.91303895563531,77.87336818016331,51.34376787850419,63.33091669265711,True,False,England
1169596,Raul Moro,10281,Real Valladolid,ESP-La Liga,1.5,17.1,8.0,0.0,0.7,5.5,0.21,0.16,0.2,5.0,0.15,0.4,0.6,0.0,0.3,6.94,0.0,44.0,1.8,0.8,2.2,2346,33,Attacker,0.8571428571428572,0.3333333333333333,0.087719298245614,11.0,0.125,0.3333333333333333,0.0888888888888888,0.0908108108108108,82.42705570291777,48.726790450928384,74.33687002652519,48.30901856763925,63.29502829381739,False,False,Spain
1367047,Afonso Moreira,9748,Lyon,FRA-Ligue 1,0.6,22.5,7.0,0.0,0.8,3.8,0.34,0.12,1.3,6.0,0.18,0.8,0.7,0.0,0.6,7.11,0.0,21.0,2.1,1.9,1.2,1002,19,Attacker,0.675,0.2962962962962963,0.0266666666666666,0.923076923076923,0.1809523809523809,0.3333333333333333,0.0571428571428571,0.088695652173913,89.34558823529412,40.338235294117645,66.0845588235294,62.18014705882353,63.16936412074345,True,False,Portugal
1102708,Germán Valera,10268,Elche,ESP-La Liga,0.8,33.8,6.0,0.0,1.1,3.2,0.16,0.11,1.3,3.0,0.2,0.5,0.3,0.3,0.5,7.15,0.0,27.0,0.9,1.9,1.1,1802,23,Midfielder,0.6486486486486486,0.2083333333333333,0.0236686390532544,0.8461538461538461,0.1185185185185185,0.3333333333333333,0.1222222222222222,0.0651851851851851,76.63970588235294,55.31617647058823,67.07720588235293,51.63235294117647,63.13603603544551,True,False,Spain
789630,Marcus Tavernier,8678,Bournemouth,ENG-Premier League,1.1,30.2,3.0,0.0,1.5,2.5,0.13,0.26,1.0,3.0,0.25,0.6,0.7,0.1,0.8,7.11,0.0,28.0,2.2,1.4,0.9,1765,22,Midfielder,0.6666666666666666,0.3,0.0364238410596026,0.9,0.0892857142857142,0.3181818181818181,0.1181818181818181,0.0866666666666666,62.01950382274927,60.961876527799454,67.26764445831382,62.494792479325945,63.11656992001442,True,False,England
1331097,Pablo Pagis,8689,Lorient,FRA-Ligue 1,2.3,24.8,2.0,0.0,1.3,1.6,0.12,0.42,1.2,0.0,0.56,1.0,1.0,0.2,0.8,7.08,0.0,18.0,2.9,1.3,1.0,1130,19,Midfielder,0.6571428571428571,0.4347826086956522,0.0927419354838709,0.8333333333333334,0.0888888888888888,0.3448275862068966,0.1448275862068965,0.0933333333333333,48.88970588235294,81.07352941176471,64.31985294117648,66.12132352941177,63.116014262518895,True,False,France
304733,Hakan Calhanoglu,8636,Internazionale,ITA-Serie A,3.9,70.0,6.0,0.0,0.9,3.0,0.21,0.33,1.4,2.0,0.48,0.7,1.0,0.2,0.6,7.8,0.0,35.0,3.0,1.7,0.2,1307,17,Midfielder,0.631578947368421,0.2916666666666667,0.0557142857142857,0.1428571428571428,0.0857142857142857,0.3333333333333333,0.11,0.1283333333333333,76.41658865137568,65.4371846881989,52.10758308628491,57.53344905601498,63.11342661147467,True,False,Turkiye
683450,Pablo Fornals,8603,Real Betis,ESP-La Liga,3.2,45.4,6.0,0.0,0.8,4.1,0.19,0.15,0.9,4.0,0.28,1.2,0.7,0.1,0.9,7.46,0.0,51.0,1.6,1.3,0.8,1948,24,Midfielder,0.7352941176470589,0.48,0.0704845814977973,0.888888888888889,0.080392156862745,0.4374999999999999,0.0937499999999999,0.0838235294117647,64.87491548343475,52.302829354553495,64.35848676340562,74.67834295521921,63.10223299215164,True,False,Spain
771401,Anthony Caci,9905,1. FSV Mainz 05,GER-Bundesliga,1.5,31.5,6.0,0.0,1.4,7.9,0.26,0.1,1.2,7.0,0.03,0.9,0.4,0.3,0.5,7.25,0.0,50.0,1.1,2.0,1.0,2703,33,Midfielder,0.7073170731707318,0.3103448275862069,0.0476190476190476,0.8333333333333334,0.158,0.3636363636363636,0.0909090909090909,0.0722222222222222,87.77851458885942,41.55835543766578,63.59416445623342,62.69562334217508,62.80335111724716,False,False,France
1342754,Diego Moreira,9848,Strasbourg,FRA-Ligue 1,1.5,34.3,10.0,0.0,1.2,3.3,0.18,0.08,0.8,3.0,0.11,0.9,0.4,0.2,0.5,7.09,0.0,28.0,1.1,2.1,1.3,1660,21,Midfielder,0.7894736842105263,0.3,0.0437317784256559,1.625,0.1178571428571428,0.3636363636363636,0.0727272727272727,0.0553846153846153,84.3578951474489,37.76029801841161,73.14040801997191,62.93326441982629,62.7931067042646,True,False,Belgium
892679,Chris Führich,10269,VfB Stuttgart,GER-Bundesliga,0.7,34.3,9.0,0.0,0.7,6.0,0.27,0.13,0.4,3.0,0.09,0.3,0.5,0.1,0.4,6.82,0.0,33.0,1.6,0.7,1.8,1986,33,Attacker,0.7142857142857143,0.3,0.0204081632653061,4.5,0.1818181818181818,0.3125,0.08125,0.08775,89.3501326259947,41.47214854111405,83.15649867374006,43.5974801061008,62.752931787831336,False,False,Germany
940608,Juan Cruz,7854,Leganés,ESP-La Liga,0.7,16.5,10.0,0.0,1.0,3.7,0.15,0.1,0.6,4.0,0.2,0.5,0.6,0.1,0.5,6.88,0.0,25.0,1.3,1.3,1.6,2265,34,Midfielder,0.75,0.2777777777777778,0.0424242424242424,2.666666666666667,0.148,0.4615384615384615,0.0769230769230769,0.06,77.12201591511936,51.70424403183025,64.4893899204244,56.61803713527851,62.733293561004224,False,False,Spain
1175939,Paul Nebel,9905,1. FSV Mainz 05,GER-Bundesliga,0.6,27.9,2.0,0.0,0.9,1.9,0.15,0.19,1.3,0.0,0.08,0.6,0.1,0.1,0.8,6.6,0.0,21.0,1.1,1.7,0.9,1141,18,Midfielder,0.638888888888889,0.2608695652173913,0.021505376344086,0.6923076923076923,0.0904761904761904,0.0909090909090909,0.1727272727272727,0.0838235294117647,65.71982108493263,60.3474150933583,63.31613746294274,60.11424039111666,62.61056975715801,True,False,Germany
887704,Keito Nakamura,9837,Reims,FRA-Ligue 1,0.9,18.6,5.0,0.0,0.6,3.4,0.11,0.31,1.0,2.0,0.37,0.4,1.1,0.0,0.8,6.92,0.0,25.0,2.8,0.8,1.0,2661,32,Attacker,0.5454545454545455,0.3333333333333333,0.0483870967741935,1.0,0.136,0.3928571428571429,0.1107142857142857,0.0811904761904761,65.66976127320956,73.05702917771883,57.891246684350136,52.944297082228125,62.59536787268454,False,False,Japan
690107,Alexander Isak,10261,Newcastle United,ENG-Premier League,0.5,16.5,11.0,0.0,0.6,3.6,0.12,0.66,0.9,6.0,0.75,0.1,1.5,0.1,0.6,7.4,0.0,42.0,3.2,0.4,1.4,2769,34,Attacker,0.3571428571428571,0.2,0.0303030303030303,1.5555555555555554,0.0857142857142857,0.46875,0.20625,0.1015384615384615,64.38992042440319,95.50397877984086,66.64456233421751,32.41379310344828,62.47954871012806,False,False,Sweden
793066,David Neres,9875,Napoli,ITA-Serie A,0.4,26.3,9.0,0.0,0.2,3.2,0.31,0.15,1.8,3.0,0.29,0.1,0.4,0.3,0.8,6.88,0.0,21.0,1.7,1.0,1.8,925,16,Attacker,0.3793103448275862,0.0909090909090909,0.0152091254752851,1.0,0.1523809523809524,0.2352941176470588,0.088235294117647,0.1010869565217391,83.83045977011496,48.57007073386384,76.78515238986841,42.00726192333697,62.315620810404525,True,False,Brazil
1197030,Hugo Ekitike,8650,Liverpool,ENG-Premier League,0.1,15.2,2.0,0.0,1.4,2.0,0.12,0.51,1.7,2.0,0.59,0.1,1.0,0.1,0.7,7.03,0.0,16.0,3.4,0.5,1.8,1520,23,Attacker,0.2608695652173913,0.1666666666666666,0.006578947368421,1.0588235294117647,0.125,0.2941176470588235,0.15,0.0971428571428571,65.77987985645187,83.9895719561034,68.76527799448692,34.94722915691475,62.303022359395456,True,False,France
625175,Grischa Prömel,8226,TSG 1899 Hoffenheim,GER-Bundesliga,1.3,40.5,1.0,0.0,2.5,1.7,0.13,0.26,0.9,2.0,0.47,0.9,0.6,0.4,0.6,7.1,0.0,12.0,1.9,2.0,0.4,1160,22,Midfielder,0.7631578947368421,0.3103448275862069,0.0320987654320987,0.4444444444444445,0.1416666666666666,0.3157894736842105,0.1368421052631579,0.0866666666666666,55.13235294117647,72.1029411764706,55.84558823529412,70.72058823529412,62.16795674498459,True,False,Germany
670009,Dimitrios Giannoulis,8406,FC Augsburg,GER-Bundesliga,1.4,22.6,4.0,0.0,3.1,2.5,0.2,0.07,0.9,3.0,0.16,1.1,0.3,0.5,0.6,7.13,0.0,20.0,0.5,1.3,1.0,1149,17,Midfielder,0.7272727272727273,0.4583333333333333,0.0619469026548672,1.1111111111111112,0.125,0.6,0.14,0.0518518518518518,76.24045612940137,51.60236906433661,57.46658345035628,63.34036121079731,62.088763010788185,True,False,Greece
678234,Mikel Oyarzabal,8560,Real Sociedad,ESP-La Liga,0.5,16.9,9.0,0.0,0.9,2.7,0.13,0.53,0.7,3.0,0.5,0.1,1.3,0.1,0.8,7.38,0.0,30.0,3.0,0.9,1.1,1804,21,Attacker,0.5882352941176471,0.1,0.029585798816568,1.5714285714285716,0.09,0.4333333333333333,0.1766666666666666,0.1043939393939394,61.61746502314454,89.63349716544444,56.95743615748686,44.14118167160763,62.07048409878799,True,False,Spain
862608,Kaoru Mitoma,10204,Brighton and Hove Albion,ENG-Premier League,0.5,23.2,3.0,0.0,0.7,2.0,0.15,0.17,1.1,1.0,0.15,0.5,0.5,0.0,0.4,6.81,0.0,22.0,1.1,0.8,1.5,1188,16,Attacker,0.5416666666666666,0.3846153846153846,0.021551724137931,1.3636363636363635,0.0909090909090909,0.4545454545454545,0.1545454545454545,0.0796875,63.47468403807147,74.20376293753576,71.40937873823269,40.266883809226606,62.0604706213847,True,False,Japan
1175708,Ansgar Knauff,9810,Eintracht Frankfurt,GER-Bundesliga,0.1,15.9,4.0,0.0,0.6,1.4,0.13,0.3,1.8,1.0,0.36,0.6,1.2,0.0,0.6,6.72,0.0,16.0,2.3,0.9,0.8,1004,20,Attacker,0.4545454545454546,0.3999999999999999,0.0062893081761006,0.4444444444444445,0.0875,0.5217391304347826,0.1304347826086956,0.0906976744186046,63.62960940344308,79.21451604514483,55.3025693035835,50.848474801061,62.04987112582679,True,False,Germany
1203665,Alejandro Garnacho,10260,Manchester United,ENG-Premier League,0.7,25.6,4.0,0.0,0.4,2.8,0.11,0.3,0.5,2.0,0.25,0.5,1.2,0.0,0.9,6.72,0.0,37.0,3.4,1.2,1.1,2195,36,Attacker,0.7727272727272726,0.2941176470588235,0.0273437499999999,2.2,0.0756756756756756,0.3529411764705882,0.088235294117647,0.0804878048780487,50.948275862068975,61.584880636604765,69.62864721485411,72.87798408488062,62.04740646942474,False,False,Argentina
654096,Declan Rice,9825,Arsenal,ENG-Premier League,2.5,55.8,13.0,0.0,2.3,5.6,0.22,0.11,0.7,4.0,0.16,1.1,0.5,0.4,0.4,7.66,0.0,51.0,1.4,1.9,0.4,2239,26,Midfielder,0.8108108108108107,0.3666666666666667,0.0448028673835125,0.5714285714285715,0.1098039215686274,0.3571428571428571,0.0785714285714285,0.0733333333333333,82.78500286056067,43.75488895823582,57.89462734696,67.35049669735268,61.93981062848614,True,False,England
1076647,Lucas Da Cunha,10171,Como,ITA-Serie A,2.0,58.4,5.0,0.0,0.7,3.0,0.16,0.21,1.2,1.0,0.11,0.7,0.5,0.0,0.3,7.12,0.0,29.0,1.1,1.6,0.7,1695,23,Midfielder,0.6571428571428571,0.3043478260869565,0.0342465753424657,0.5833333333333334,0.1034482758620689,0.4545454545454545,0.1909090909090909,0.0908108108108108,70.43542934415144,60.49578717428617,63.709106984969054,50.36481900452488,61.83643844169637,True,False,France
1314412,Romulo Cruz,178475,RB Leipzig,GER-Bundesliga,0.5,17.8,4.0,0.0,1.5,1.7,0.11,0.53,0.5,3.0,0.4,0.3,1.0,0.2,0.6,7.2,0.0,17.0,2.3,1.1,0.5,1350,18,Attacker,0.736842105263158,0.2142857142857142,0.0280898876404494,1.0,0.0999999999999999,0.4347826086956522,0.2304347826086956,0.09109375,55.18382352941177,91.65441176470588,53.400735294117645,53.54779411764706,61.76138213100981,True,False,Brazil
947884,Wouter Burger,8226,TSG 1899 Hoffenheim,GER-Bundesliga,2.2,37.0,9.0,0.0,2.7,3.5,0.2,0.15,2.3,5.0,0.23,0.7,0.6,0.3,0.8,7.46,0.0,33.0,1.4,2.5,0.2,1551,19,Midfielder,0.5818181818181819,0.2187499999999999,0.0594594594594594,0.0869565217391304,0.106060606060606,0.4285714285714286,0.1071428571428571,0.0857142857142857,80.88970588235296,62.38970588235294,42.53676470588235,64.40073529411765,61.67589925721103,True,False,Netherlands
1073498,Patrick Wimmer,8721,VfL Wolfsburg,GER-Bundesliga,0.8,18.4,2.0,0.0,1.2,0.9,0.07,0.15,1.5,3.0,0.23,1.4,0.5,0.0,0.8,6.79,0.0,7.0,1.2,2.3,1.9,1166,17,Attacker,0.7115384615384616,0.3783783783783784,0.0434782608695652,1.2666666666666666,0.1285714285714286,0.4166666666666667,0.125,0.0477272727272727,52.46079731627399,59.327898268060544,63.08563478441775,79.97190149269257,61.63612265555998,True,False,Austria
1073742,Julio Enciso,9848,Strasbourg,FRA-Ligue 1,0.5,27.6,2.0,0.0,0.6,2.4,0.21,0.32,0.7,2.0,0.09,0.2,1.0,0.0,0.9,6.92,0.0,12.0,2.8,1.0,2.6,1057,15,Midfielder,0.631578947368421,0.1666666666666666,0.0181159420289855,3.714285714285715,0.1999999999999999,0.3571428571428571,0.1142857142857143,0.1267924528301886,59.36158787122276,58.03220731263328,80.65055000780153,50.16329900660529,61.61663495543252,True,False,Paraguay
868344,Tijjani Reijnders,8456,Manchester City,ENG-Premier League,0.7,39.0,4.0,0.0,1.0,2.0,0.12,0.24,1.1,2.0,0.31,0.5,0.9,0.1,0.8,7.0,0.0,16.0,2.5,0.6,1.1,1464,24,Midfielder,0.5,0.4545454545454545,0.0179487179487179,1.0,0.125,0.36,0.096,0.08,60.95338586362927,61.47597129037291,72.94738518749675,49.972382586987045,61.40081613825871,True,False,Netherlands
848266,Weston McKennie,9885,Juventus,ITA-Serie A,0.9,30.3,4.0,0.0,1.7,3.9,0.2,0.27,1.6,4.0,0.2,0.9,0.7,0.3,0.4,7.24,0.0,28.0,1.7,1.3,0.6,1765,24,Midfielder,0.5789473684210527,0.409090909090909,0.0297029702970297,0.3749999999999999,0.1392857142857143,0.4117647058823529,0.1588235294117647,0.1148936170212766,76.06181411556666,66.90515941124461,55.859988557757326,44.93423961096374,61.37699140264684,True,False,USA
620027,Xaver Schlager,178475,RB Leipzig,GER-Bundesliga,1.5,45.0,2.0,0.0,1.3,2.2,0.16,0.11,1.2,1.0,0.15,0.5,0.4,0.1,0.7,7.14,0.0,15.0,1.2,1.7,1.3,1237,18,Midfielder,0.6470588235294118,0.2272727272727272,0.0333333333333333,1.0833333333333337,0.1466666666666666,0.3333333333333333,0.0916666666666666,0.0651851851851851,65.10294117647058,47.492647058823536,76.85661764705881,58.3639705882353,61.36010014871742,True,False,Austria
318615,Leandro Trossard,9825,Arsenal,ENG-Premier League,1.5,25.8,4.0,0.0,0.7,2.5,0.15,0.26,0.7,5.0,0.3,0.4,0.6,0.1,0.4,7.16,0.0,28.0,2.2,1.2,0.8,1523,23,Attacker,0.6956521739130436,0.25,0.0581395348837209,1.142857142857143,0.0892857142857142,0.2727272727272727,0.1181818181818181,0.0951219512195121,67.05467571644043,62.92679565194779,67.12754199823165,46.40320252769542,61.3299204571106,True,False,Belgium
933576,Antoine Semenyo,8456,Manchester City,ENG-Premier League,0.0,19.2,5.0,0.0,0.9,2.2,0.09,0.33,1.9,4.0,0.52,0.4,1.3,0.0,0.7,7.38,0.0,29.0,2.4,1.3,1.4,2247,25,Attacker,0.4722222222222222,0.2352941176470588,0.0,0.7368421052631579,0.0758620689655172,0.5416666666666667,0.1375,0.0707142857142857,57.89483538773599,76.42184168096948,62.39506943360899,49.45581083892444,61.2671044109949,True,False,Ghana
1248482,Antonio Nusa,178475,RB Leipzig,GER-Bundesliga,0.8,21.6,6.0,0.0,0.4,4.2,0.27,0.25,0.6,2.0,0.13,0.3,0.8,0.0,0.3,7.33,0.0,24.0,3.2,1.2,3.3,1377,19,Attacker,0.7142857142857143,0.1999999999999999,0.037037037037037,5.5,0.175,0.25,0.078125,0.1298076923076923,81.45087637176886,43.01535600977792,77.95479664014147,45.95150049409684,61.24847206576175,True,False,Norway
586388,Aleksandr Golovin,9829,Monaco,FRA-Ligue 1,1.1,30.7,2.0,0.0,0.6,1.3,0.11,0.17,1.7,4.0,0.16,1.4,0.8,0.3,1.0,7.08,0.0,18.0,1.7,1.5,1.0,1133,16,Midfielder,0.6304347826086957,0.4827586206896551,0.0358306188925081,0.5882352941176471,0.0722222222222222,0.4705882352941177,0.1,0.0667857142857142,51.70341186872628,60.22385187496749,66.36399984396941,72.86636630779633,61.23312924527759,True,False,Russia
408943,Takumi Minamino,9829,Monaco,FRA-Ligue 1,0.7,21.4,3.0,0.0,0.5,2.0,0.19,0.3,0.9,2.0,0.28,0.4,0.7,0.2,1.3,6.65,0.0,9.0,2.0,0.3,0.4,949,15,Midfielder,0.4374999999999999,0.5714285714285715,0.0327102803738317,0.4444444444444445,0.2222222222222222,0.35,0.15,0.1163265306122448,72.17012534456752,74.6892520934103,47.059896239662976,51.85049669735268,61.2258877673472,True,False,Japan
31097,Luka Modric,8564,Milan,ITA-Serie A,5.2,62.7,4.0,0.0,1.2,3.4,0.15,0.06,0.7,3.0,0.09,1.4,0.3,0.4,0.4,7.73,0.0,38.0,0.5,1.8,0.5,2006,24,Midfielder,0.8205128205128205,0.4374999999999999,0.0829346092503987,0.7142857142857143,0.0894736842105263,0.6,0.12,0.0428571428571428,72.08031674208145,47.112641077651226,59.37256202215634,68.60377333957456,61.135774267152215,True,False,Croatia
846005,Dominik Szoboszlai,8650,Liverpool,ENG-Premier League,3.5,54.0,5.0,0.0,1.7,3.8,0.16,0.15,1.0,2.0,0.17,0.6,0.7,0.3,0.4,7.4,0.0,44.0,2.0,1.5,0.9,2153,24,Midfielder,0.6774193548387097,0.2857142857142857,0.0648148148148148,0.9,0.0863636363636363,0.35,0.075,0.0774193548387096,72.77310552868363,52.99200343267281,71.48515108961357,46.15702527695428,61.1005865609036,True,False,Hungary
1624586,Bazoumana Touré,8226,TSG 1899 Hoffenheim,GER-Bundesliga,0.7,19.4,6.0,0.0,0.7,2.4,0.16,0.16,1.7,5.0,0.13,0.3,0.5,0.1,0.9,7.19,0.0,25.0,1.5,1.3,2.1,1352,18,Attacker,0.4848484848484849,0.1874999999999999,0.0360824742268041,1.2352941176470589,0.096,0.3333333333333333,0.1066666666666666,0.08,69.94852941176471,52.83088235294117,69.24632352941177,49.85661764705882,60.78540085673049,True,False,Ivory Coast
150565,Pierre-Emerick Aubameyang,8592,Marseille,FRA-Ligue 1,0.4,17.6,8.0,0.0,0.5,3.1,0.23,0.56,1.1,5.0,0.46,0.3,1.4,0.0,0.4,7.04,0.0,18.0,2.4,0.5,0.4,1186,19,Attacker,0.4210526315789473,0.3749999999999999,0.0227272727272727,0.3636363636363636,0.1722222222222222,0.5833333333333334,0.2333333333333333,0.1630379746835443,84.78676470588235,96.33088235294116,44.11764705882353,30.85661764705882,60.73828890986126,True,False,Gabon
1215652,Omari Hutchinson,10203,Nottingham Forest,ENG-Premier League,0.5,25.0,6.0,0.0,0.4,3.0,0.26,0.14,1.4,3.0,0.09,0.5,0.6,0.0,0.7,6.77,0.0,25.0,1.7,1.4,2.4,1033,20,Attacker,0.5757575757575758,0.2631578947368421,0.02,1.7142857142857144,0.12,0.3529411764705882,0.0823529411764706,0.091,71.88248296666147,45.08754615904718,73.19098793363499,53.80246528319551,60.64233406658666,True,False,England
935379,Dejan Kulusevski,8586,Tottenham Hotspur,ENG-Premier League,0.5,24.1,9.0,0.0,0.3,3.9,0.15,0.16,1.8,4.0,0.26,0.5,0.7,0.2,1.0,6.92,0.0,65.0,1.8,1.7,1.4,2391,32,Midfielder,0.55,0.2272727272727272,0.0207468879668049,0.7777777777777777,0.06,0.3888888888888888,0.0888888888888888,0.0774193548387096,61.57824933687002,57.17506631299735,62.7818302387268,61.05106100795755,60.63550610569537,False,False,Sweden
1296763,Lewis Miley,10261,Newcastle United,ENG-Premier League,1.2,48.0,2.0,0.0,1.8,2.0,0.16,0.11,0.3,3.0,0.08,1.4,0.3,0.2,0.2,7.18,0.0,14.0,1.0,1.9,0.9,1133,19,Midfielder,0.9166666666666669,0.4242424242424242,0.0249999999999999,3.0,0.1428571428571428,0.3,0.11,0.0651851851851851,63.80882352941177,45.0514705882353,78.10661764705881,59.3125,60.630711963334974,True,False,England
474658,Álvaro Garcia,8370,Rayo Vallecano,ESP-La Liga,0.9,15.2,10.0,0.0,1.3,3.9,0.22,0.3,0.8,4.0,0.17,0.6,0.7,0.1,0.5,6.83,0.0,29.0,1.8,1.1,0.1,1608,23,Attacker,0.68,0.3529411764705882,0.0592105263157894,0.125,0.1344827586206896,0.3888888888888888,0.1666666666666666,0.1269230769230769,84.7289878816248,70.2101601913975,36.49253003588704,57.61924637228898,60.628120461707496,True,False,Spain
1026135,Tajon Buchanan,10205,Villarreal,ESP-La Liga,0.6,19.5,4.0,0.0,1.0,1.8,0.12,0.11,0.9,1.0,0.34,1.2,0.5,0.1,0.6,6.96,0.0,14.0,1.4,1.6,1.3,1343,22,Midfielder,0.7567567567567568,0.4285714285714286,0.0307692307692307,1.4444444444444444,0.1285714285714286,0.3571428571428571,0.0785714285714285,0.057391304347826,61.94117647058823,50.99264705882353,62.77573529411764,69.67647058823529,60.60883064179925,True,False,Canada
352879,Adrien Rabiot,8564,Milan,ITA-Serie A,1.5,40.5,5.0,0.0,1.3,1.8,0.11,0.12,1.2,4.0,0.24,0.5,0.4,0.2,0.3,7.51,0.0,14.0,1.4,1.8,0.9,1470,17,Midfielder,0.6571428571428571,0.2173913043478261,0.037037037037037,0.75,0.1285714285714286,0.2857142857142857,0.0857142857142857,0.057391304347826,65.96536121079731,58.85613980340147,65.17816742081448,50.48630181515577,60.59028221482857,True,False,France
1574189,Senny Mayulu,9847,Paris Saint-Germain,FRA-Ligue 1,0.8,31.8,5.0,0.0,0.2,1.7,0.13,0.22,1.5,4.0,0.24,0.5,0.6,0.0,1.3,7.21,0.0,23.0,1.8,2.7,0.6,1145,17,Midfielder,0.6808510638297872,0.15625,0.0251572327044025,0.3999999999999999,0.0739130434782608,0.3333333333333333,0.1222222222222222,0.0817142857142857,56.05147058823529,64.0,53.43749999999999,73.65441176470588,60.467551478974,True,False,France
1250253,Dango Ouattara,9937,Brentford,ENG-Premier League,0.6,11.3,5.0,0.0,2.3,1.4,0.09,0.31,1.4,1.0,0.33,1.1,0.7,0.0,0.3,6.9,0.0,12.0,2.0,0.9,1.0,1371,20,Attacker,0.5882352941176471,0.55,0.0530973451327433,0.7142857142857143,0.1166666666666666,0.35,0.155,0.0697499999999999,59.18046237062464,75.49958391844801,57.122666042544346,50.15184376137723,60.311363044582365,True,False,Burkina Faso
875672,Hamed Traorè,8583,Auxerre,FRA-Ligue 1,1.0,19.4,4.0,0.0,0.5,2.8,0.12,0.33,1.3,2.0,0.43,0.3,1.2,0.0,0.4,7.12,0.0,27.0,2.9,1.8,1.5,2106,26,Midfielder,0.6176470588235293,0.1428571428571428,0.0515463917525773,1.1538461538461535,0.1037037037037037,0.4137931034482758,0.1137931034482758,0.088,58.46816976127322,76.60477453580903,65.69960212201592,41.60809018567639,60.16806581706045,False,False,Ivory Coast
970692,Bryan Gil,7732,Girona,ESP-La Liga,0.4,22.6,6.0,0.0,0.6,2.3,0.17,0.13,1.0,3.0,0.0,0.6,0.4,0.0,0.4,6.58,0.0,17.0,1.5,1.9,1.7,1209,21,Attacker,0.7142857142857143,0.24,0.0176991150442477,1.7,0.1352941176470588,0.2666666666666666,0.0866666666666666,0.0736666666666666,73.01347064024549,40.763639673375984,73.06869896499714,57.29015837104072,60.13647734310074,True,False,Spain
540307,Lorenzo Pellegrini,8686,Roma,ITA-Serie A,1.8,34.7,3.0,0.0,0.9,2.2,0.2,0.39,1.2,0.0,0.28,0.9,0.9,0.3,0.5,6.85,0.0,17.0,2.3,0.6,0.5,976,17,Midfielder,0.5555555555555555,0.6,0.0518731988472622,0.4166666666666667,0.1294117647058823,0.391304347826087,0.1695652173913043,0.1322033898305084,66.17940916419619,74.1945051230041,56.13629271337182,43.411979247932585,60.06792787714068,True,False,Italy
467486,Moses Simon,6379,Paris FC,FRA-Ligue 1,0.3,16.6,4.0,0.0,0.5,2.5,0.17,0.15,0.6,2.0,0.21,0.6,0.5,0.1,0.6,6.53,0.0,15.0,1.7,0.6,1.0,1309,19,Attacker,0.6666666666666667,0.5,0.0180722891566265,1.6666666666666667,0.1666666666666666,0.2941176470588235,0.088235294117647,0.0796875,72.875,50.1985294117647,62.334558823529406,53.34926470588235,59.98659750938901,True,False,Nigeria
442728,Tim Kleindienst,9788,Borussia Mönchengladbach,GER-Bundesliga,0.4,14.8,11.0,0.0,2.1,4.0,0.13,0.44,2.5,7.0,0.53,0.4,1.3,0.3,0.7,7.26,0.0,29.0,2.5,1.0,0.5,2741,31,Attacker,0.358974358974359,0.2857142857142857,0.027027027027027,0.2,0.1379310344827586,0.52,0.176,0.1003508771929824,76.3395225464191,92.10875331564984,36.25663129973475,45.702917771883286,59.9426178594735,False,False,Germany
1021382,Joao Pedro,8455,Chelsea,ENG-Premier League,0.5,19.1,5.0,0.0,1.1,1.7,0.08,0.42,1.2,4.0,0.47,0.2,0.9,0.2,0.5,7.21,0.0,24.0,2.1,0.9,1.2,1900,26,Attacker,0.4782608695652174,0.1818181818181818,0.0261780104712041,1.0,0.0708333333333333,0.4285714285714285,0.1999999999999999,0.0672,54.98559317626255,88.46973006709315,62.643548135434536,39.54231679409164,59.89697080502179,True,False,Brazil
853108,Jean-Philippe Krasso,6379,Paris FC,FRA-Ligue 1,0.5,14.1,4.0,0.0,0.6,2.2,0.21,0.28,1.5,2.0,0.19,0.1,0.8,0.1,0.5,6.53,0.0,19.0,2.0,1.2,1.3,962,21,Attacker,0.4642857142857143,0.0769230769230769,0.0354609929078014,0.8666666666666667,0.1157894736842105,0.4,0.14,0.12,71.7720588235294,72.91911764705883,63.34558823529412,33.224264705882355,59.87108678115676,True,False,Ivory Coast
564847,Viktor Tsigankov,7732,Girona,ESP-La Liga,1.2,27.4,2.0,0.0,1.0,1.9,0.12,0.2,0.6,2.0,0.26,0.8,0.8,0.1,0.1,7.1,0.0,23.0,1.5,1.5,0.8,1401,18,Attacker,0.793103448275862,0.3478260869565218,0.0437956204379562,1.3333333333333337,0.0826086956521739,0.5333333333333333,0.1333333333333333,0.075,60.34567275185936,63.84855931762625,62.85552218234773,51.07684506163208,59.80152897878863,True,False,Ukraine
343748,Leon Goretzka,9823,Bayern München,GER-Bundesliga,2.5,71.2,2.0,0.0,2.0,2.7,0.2,0.09,0.7,0.0,0.15,1.3,0.3,0.4,0.4,7.13,0.0,11.0,1.0,1.4,0.5,1202,19,Midfielder,0.7941176470588235,0.4814814814814814,0.0351123595505617,0.7142857142857143,0.2454545454545454,0.3,0.09,0.0620689655172413,65.45606438862016,47.509920944505126,63.20808628491184,64.92981874447392,59.79474832157126,True,False,Germany
794253,Justin Kluivert,8678,Bournemouth,ENG-Premier League,1.2,26.5,3.0,0.0,0.2,1.5,0.15,0.22,1.5,0.0,0.2,0.4,0.4,0.1,1.0,6.59,0.0,21.0,1.6,1.0,1.1,920,18,Midfielder,0.4827586206896551,0.2857142857142857,0.0452830188679245,0.7333333333333334,0.0714285714285714,0.25,0.1374999999999999,0.0891891891891892,55.31665106360847,69.99087221095336,64.75629973474801,49.7065129765434,59.73381889699001,True,False,Netherlands
1061249,Vitinha,9847,Paris Saint-Germain,FRA-Ligue 1,7.5,111.0,8.0,0.0,1.1,3.3,0.18,0.04,0.6,7.0,0.05,1.1,0.5,0.2,0.8,7.78,0.0,29.0,1.5,0.9,0.5,1649,21,Midfielder,0.7692307692307692,0.55,0.0675675675675675,0.8333333333333334,0.1137931034482758,0.3333333333333333,0.0266666666666666,0.0327272727272727,76.87815311801114,35.48460498257658,65.68302387267904,69.26987439538149,59.66546653730376,True,False,Portugal
883080,Morgan Rogers,10252,Aston Villa,ENG-Premier League,1.0,21.1,10.0,0.0,0.9,2.9,0.11,0.19,1.3,5.0,0.31,0.4,0.9,0.0,0.6,7.07,0.0,33.0,2.2,1.1,1.1,2320,26,Attacker,0.5357142857142857,0.2666666666666666,0.0473933649289099,0.8461538461538461,0.0878787878787878,0.409090909090909,0.0863636363636363,0.0696666666666666,68.7682295729963,62.38490144068237,62.49473396785769,42.68239324907682,59.56578024046895,True,False,England
1134206,Mohamed Amoura,8721,VfL Wolfsburg,GER-Bundesliga,0.8,16.0,5.0,0.0,0.8,1.5,0.1,0.5,1.0,2.0,0.56,0.3,1.0,0.1,0.6,7.03,0.0,21.0,3.2,1.9,0.6,1292,19,Attacker,0.6875,0.1363636363636363,0.05,0.6,0.0714285714285714,0.3125,0.15625,0.0833333333333333,54.28993082644198,78.81995371092735,53.19557133198108,54.71370338586363,59.38310774111489,True,False,Algeria
947901,Jonathan Burkardt,9905,1. FSV Mainz 05,GER-Bundesliga,0.8,15.5,4.0,0.0,0.6,2.7,0.11,0.63,1.0,2.0,0.76,0.0,1.3,0.0,1.0,7.21,0.0,20.0,3.1,0.6,0.7,2120,29,Attacker,0.3749999999999999,0.0,0.0516129032258064,0.7,0.135,0.4193548387096774,0.2032258064516129,0.0936486486486486,60.73607427055703,92.8050397877984,49.1710875331565,41.29310344827585,59.296609794244524,False,False,Germany
864157,Jan-Niklas Beste,8358,Sport-Club Freiburg,GER-Bundesliga,0.9,18.2,2.0,0.0,1.3,3.0,0.24,0.13,0.9,2.0,0.08,1.0,0.6,0.0,0.3,6.99,0.0,26.0,1.2,2.0,0.6,1128,17,Attacker,0.7692307692307693,0.3333333333333333,0.0494505494505494,0.6666666666666666,0.1153846153846153,0.5,0.1083333333333333,0.0843243243243243,71.36764705882354,57.19117647058823,50.12867647058823,57.83088235294117,59.27017294484228,True,False,Germany
690230,Lautaro Martinez,8636,Internazionale,ITA-Serie A,0.8,19.3,11.0,0.0,0.8,2.0,0.09,0.54,1.9,4.0,0.66,0.2,1.5,0.0,1.1,7.47,0.0,32.0,3.9,0.9,0.9,1905,25,Attacker,0.3666666666666667,0.1818181818181818,0.0414507772020725,0.4736842105263158,0.0625,0.3846153846153846,0.1384615384615384,0.0771428571428571,61.49721745462111,82.21023820668852,49.57293129453373,46.47513912726894,59.24386806237828,True,False,Argentina
1032811,Federico Vinas,8670,Real Oviedo,ESP-La Liga,0.6,13.8,4.0,0.0,0.6,1.6,0.11,0.29,2.0,1.0,0.21,0.5,0.7,0.1,0.4,6.83,0.0,17.0,1.7,2.3,1.8,1277,19,Attacker,0.5833333333333334,0.1785714285714285,0.0434782608695652,0.9,0.0941176470588235,0.4117647058823529,0.1705882352941176,0.07975,53.94852941176471,77.84558823529412,62.00367647058824,45.334558823529406,59.127922972672685,True,False,Uruguay
889785,Jonas Wind,8721,VfL Wolfsburg,GER-Bundesliga,0.9,19.6,9.0,0.0,0.6,4.9,0.22,0.26,0.7,3.0,0.41,0.3,0.6,0.1,0.5,6.87,0.0,34.0,1.8,0.5,0.3,1971,31,Attacker,0.5333333333333333,0.3749999999999999,0.0459183673469387,0.4285714285714286,0.1441176470588235,0.3333333333333333,0.1444444444444444,0.1191666666666666,85.24535809018566,72.12864721485411,43.318965517241374,38.90915119363395,59.0076119687513,False,False,Denmark
1209980,Carlos Álvarez,8581,Levante,ESP-La Liga,1.0,24.8,6.0,0.0,0.3,3.8,0.21,0.1,0.9,1.0,0.16,0.6,0.5,0.1,0.5,6.78,0.0,35.0,1.3,1.1,0.9,1654,24,Midfielder,0.6538461538461539,0.3529411764705882,0.0403225806451612,1.0,0.1085714285714285,0.3846153846153846,0.0769230769230769,0.0677419354838709,80.27941176470588,45.31617647058823,60.88235294117648,49.70955882352941,59.0004614293518,True,False,Spain
638070,Luis Rioja,10267,Valencia CF,ESP-La Liga,1.1,23.0,4.0,0.0,1.2,2.7,0.15,0.09,0.4,4.0,0.11,0.7,0.2,0.0,0.6,6.87,0.0,25.0,1.6,1.2,1.2,1635,23,Midfielder,0.8260869565217391,0.3684210526315789,0.0478260869565217,3.0,0.108,0.125,0.0562499999999999,0.05625,72.43754875955688,36.46300774951891,66.37527955479274,67.77884615384615,58.9077820315547,True,False,Spain
675023,Danel Sinani,8152,FC St. Pauli,GER-Bundesliga,1.1,33.8,3.0,0.0,0.5,3.3,0.24,0.31,1.7,2.0,0.3,0.5,0.9,0.0,0.7,6.92,0.0,27.0,2.6,1.2,0.6,1216,19,Midfielder,0.5,0.2941176470588235,0.0325443786982248,0.3529411764705882,0.1222222222222222,0.3461538461538461,0.1192307692307692,0.1352727272727272,73.05559889738389,59.231536381130695,55.14280048889583,45.84528267540438,58.8661234192688,True,False,Luxembourg
1520063,Johan Manzambi,8358,Sport-Club Freiburg,GER-Bundesliga,1.3,34.1,3.0,0.0,1.4,2.8,0.18,0.13,1.1,2.0,0.2,1.3,0.4,0.1,0.5,6.89,0.0,13.0,2.0,1.2,1.3,1384,18,Midfielder,0.6944444444444444,0.52,0.0381231671554252,1.1818181818181817,0.2153846153846153,0.2,0.065,0.0754838709677419,71.00735294117646,37.61029411764706,74.70588235294117,57.49999999999999,58.815250107145765,True,False,Switzerland
1044029,Nicolo Cambiaghi,9857,Bologna,ITA-Serie A,0.4,19.0,5.0,0.0,0.2,2.0,0.16,0.15,1.9,4.0,0.24,0.3,0.5,0.0,1.0,6.8,0.0,16.0,1.5,1.7,1.0,1136,20,Attacker,0.5128205128205129,0.15,0.0210526315789473,0.5263157894736842,0.125,0.3333333333333333,0.0999999999999999,0.0774193548387096,69.65441176470588,54.80147058823529,53.78676470588236,55.45220588235294,58.75370560437781,True,False,Italy
605224,Federico Dimarco,8636,Internazionale,ITA-Serie A,1.4,38.6,26.0,0.0,0.9,7.3,0.36,0.15,1.3,12.0,0.25,0.9,0.7,0.2,0.8,7.82,0.0,66.0,2.1,1.8,0.1,1807,23,Midfielder,0.675,0.3333333333333333,0.0362694300518134,0.0769230769230769,0.1106060606060606,0.3333333333333333,0.0714285714285714,0.1058823529411764,86.82672803869558,47.39356113798305,43.66857154002184,61.586889530347946,58.67671160164758,True,False,Italy
760359,Harvey Barnes,10261,Newcastle United,ENG-Premier League,0.4,20.4,3.0,0.0,0.8,2.0,0.13,0.37,0.8,0.0,0.33,0.1,1.0,0.0,0.5,6.68,0.0,15.0,2.8,0.7,0.7,1382,25,Attacker,0.4999999999999999,0.125,0.0196078431372549,0.8749999999999999,0.1333333333333333,0.3571428571428571,0.1321428571428571,0.0962,69.75052010193998,75.10874031310138,62.89781297134238,30.31691111457846,58.61148580986615,True,False,England
494417,Harry Wilson,9879,Fulham,ENG-Premier League,1.3,21.5,5.0,0.0,1.5,3.7,0.17,0.2,0.5,4.0,0.37,0.5,0.9,0.0,0.3,7.16,0.0,27.0,2.5,0.9,0.5,1938,25,Attacker,0.7368421052631579,0.3571428571428571,0.0604651162790697,1.0,0.137037037037037,0.36,0.08,0.0918918918918919,63.51002496489312,63.7184298122432,55.29037941436521,50.05039137670983,58.54136430398034,True,False,Wales
1184694,Alberto Moleiro,10205,Villarreal,ESP-La Liga,0.5,18.4,6.0,0.0,0.6,2.4,0.13,0.26,1.3,4.0,0.51,0.3,1.0,0.2,0.4,7.09,0.0,23.0,2.0,0.8,1.1,1598,23,Midfielder,0.4583333333333333,0.2727272727272727,0.0271739130434782,0.8461538461538461,0.1043478260869565,0.5,0.13,0.0866666666666666,65.48537213293805,71.6657694908202,65.69417355801737,33.218865397617925,58.52344787144533,True,False,Spain
464981,Matus Bero,9911,VfL Bochum 1848,GER-Bundesliga,1.9,28.0,5.0,0.0,1.2,3.8,0.14,0.14,1.8,2.0,0.18,0.6,0.5,0.3,0.8,7.1,0.0,53.0,1.1,2.3,0.7,2479,29,Midfielder,0.6170212765957447,0.2068965517241379,0.0678571428571428,0.3888888888888888,0.0716981132075471,0.4545454545454545,0.1272727272727273,0.07,57.37400530503979,64.76790450928382,49.0053050397878,66.16047745358091,58.49719108699851,False,False,Slovakia
528811,Jens Stage,8697,SV Werder Bremen,GER-Bundesliga,2.3,31.4,4.0,0.0,1.6,2.2,0.12,0.19,1.1,1.0,0.32,0.9,0.6,0.4,0.4,7.12,0.0,15.0,1.8,1.7,0.4,1708,20,Midfielder,0.7027027027027027,0.3461538461538461,0.0732484076433121,0.3636363636363636,0.1466666666666666,0.3333333333333333,0.1055555555555555,0.0735483870967741,69.00390076454985,65.57563582462161,45.21867035939045,53.20321032922453,58.192194444574525,True,False,Denmark
881771,Ferran Torres,8634,Barcelona,ESP-La Liga,0.3,14.5,3.0,0.0,0.3,1.3,0.09,0.75,0.6,1.0,0.79,0.2,1.7,0.1,0.6,7.22,0.0,17.0,3.5,0.3,0.3,1370,22,Attacker,0.4545454545454545,0.4,0.0206896551724137,0.5,0.0764705882352941,0.4857142857142857,0.2142857142857142,0.0803571428571428,52.37771103136214,95.05429864253394,48.43589093462318,46.41591902012794,58.19184258985179,True,False,Spain
364520,Domenico Berardi,7943,Sassuolo,ITA-Serie A,1.9,23.7,3.0,0.0,1.2,1.9,0.14,0.31,1.8,3.0,0.39,1.0,0.9,0.0,0.5,7.26,0.0,19.0,2.0,1.3,0.5,1156,15,Attacker,0.5609756097560976,0.4347826086956522,0.080168776371308,0.2777777777777778,0.0999999999999999,0.45,0.155,0.0964444444444444,58.95588235294118,83.42647058823529,45.18382352941177,49.75,58.15518913627147,True,False,Italy
1037539,Pavel Sulc,9748,Lyon,FRA-Ligue 1,0.4,16.3,4.0,0.0,0.7,1.5,0.11,0.55,1.8,3.0,0.73,0.5,1.1,0.0,0.4,7.28,0.0,14.0,2.6,1.4,1.0,1230,20,Attacker,0.5135135135135135,0.2631578947368421,0.0245398773006134,0.5555555555555556,0.1071428571428571,0.4230769230769231,0.2115384615384615,0.0916666666666666,55.61029411764706,92.76470588235294,54.59558823529412,37.20220588235294,58.04908470902262,True,False,Czechia
763974,Gauthier Hein,8550,Metz,FRA-Ligue 1,4.8,48.6,5.0,0.0,0.2,2.2,0.12,0.33,0.6,4.0,0.34,0.3,0.5,0.1,0.5,6.91,0.0,31.0,1.5,0.7,0.3,1598,20,Midfielder,0.625,0.3,0.0987654320987654,0.5,0.0709677419354838,0.3333333333333333,0.22,0.088,56.48529411764706,79.4264705882353,57.72058823529412,41.1360294117647,58.04289900507644,True,False,France
157723,Christian Eriksen,8721,VfL Wolfsburg,GER-Bundesliga,1.9,33.9,5.0,0.0,1.4,2.8,0.18,0.16,0.6,4.0,0.06,0.6,0.5,0.3,0.6,6.86,0.0,29.0,1.4,1.4,0.4,1395,19,Midfielder,0.7692307692307692,0.3,0.0560471976401179,0.6666666666666667,0.096551724137931,0.3571428571428571,0.1142857142857143,0.0847058823529411,68.21120039527749,47.36890830602798,51.6592877203932,67.05695766370208,57.89031654463465,True,False,Denmark
621562,Marcus Thuram,8636,Internazionale,ITA-Serie A,0.3,17.4,3.0,0.0,0.2,1.6,0.12,0.43,2.2,3.0,0.53,0.0,1.5,0.1,0.8,7.17,0.0,21.0,3.5,1.1,1.1,1193,19,Attacker,0.3333333333333333,0.0,0.0172413793103448,0.5,0.0761904761904762,0.4285714285714285,0.1228571428571428,0.0938181818181818,56.42753679721225,83.87565662869923,55.96599183439954,39.403222031518176,57.86869776632722,True,False,France
900433,Khvicha Kvaratskhelia,9847,Paris Saint-Germain,FRA-Ligue 1,1.1,43.8,7.0,0.0,0.4,4.0,0.38,0.33,1.3,3.0,0.39,0.6,1.6,0.2,0.7,7.13,0.0,25.0,3.7,1.6,2.4,927,18,Attacker,0.6285714285714287,0.2727272727272727,0.0251141552511415,1.846153846153846,0.16,0.4324324324324324,0.0891891891891892,0.1766197183098591,79.17678264939929,49.26250845165652,62.76323659437249,39.90573152337858,57.85512999860124,True,False,Georgia
747718,Christoph Baumgartner,178475,RB Leipzig,GER-Bundesliga,1.3,25.3,4.0,0.0,1.6,2.7,0.14,0.43,1.9,6.0,0.42,0.6,1.1,0.2,0.4,7.31,0.0,27.0,2.6,1.8,0.5,1713,21,Midfielder,0.5581395348837209,0.25,0.0513833992094861,0.2631578947368421,0.1,0.4230769230769231,0.1653846153846153,0.1056140350877193,57.90847506111199,77.99959692099652,47.9459549071618,50.140264991938416,57.81906259438549,True,False,Austria
1053714,Nicola Zalewski,8524,Atalanta,ITA-Serie A,1.9,23.1,6.0,0.0,1.4,2.6,0.2,0.16,0.9,2.0,0.16,0.7,0.5,0.0,0.3,7.09,0.0,21.0,2.0,1.3,1.6,1148,21,Midfielder,0.6896551724137931,0.35,0.0822510822510822,1.777777777777778,0.1238095238095238,0.25,0.08,0.0888888888888888,74.62934935247308,38.550904977375566,69.4856516877308,51.410496957403645,57.685370335526784,True,False,Poland
640122,Brais Méndez,8560,Real Sociedad,ESP-La Liga,2.5,36.7,3.0,0.0,0.4,1.6,0.11,0.22,2.4,2.0,0.36,0.4,0.9,0.1,0.8,6.93,0.0,18.0,1.9,1.6,1.1,1241,21,Midfielder,0.4545454545454545,0.2,0.0681198910081743,0.4583333333333333,0.0888888888888888,0.4736842105263158,0.1157894736842105,0.0733333333333333,50.45133146096635,69.79632808030375,61.21950902376866,51.1739740989234,57.59068220000445,True,False,Spain
479020,Ayoze Pérez,10205,Villarreal,ESP-La Liga,0.5,14.0,5.0,0.0,0.5,1.9,0.09,0.58,1.0,2.0,0.86,0.4,1.4,0.0,0.5,7.36,0.0,32.0,3.4,1.2,1.5,1977,30,Attacker,0.6153846153846154,0.25,0.0357142857142857,1.5,0.059375,0.4117647058823529,0.1705882352941176,0.077910447761194,44.17771883289125,90.37798408488064,62.73209549071618,43.73010610079576,57.55793487660833,False,False,Spain
1103837,Issa Soumaré,9746,Le Havre,FRA-Ligue 1,0.8,14.8,6.0,0.0,1.4,2.2,0.1,0.5,1.8,2.0,0.29,0.3,0.9,0.2,0.6,7.11,0.0,18.0,2.4,1.0,1.0,1869,22,Attacker,0.4193548387096774,0.2307692307692307,0.054054054054054,0.5555555555555556,0.1222222222222222,0.375,0.2083333333333333,0.0833333333333333,56.33551776148124,76.94709263015551,51.06406355645706,47.7196975607219,57.48454792677602,True,False,Senegal
541820,Nicolo Barella,8636,Internazionale,ITA-Serie A,2.9,51.1,12.0,0.0,0.4,4.7,0.25,0.12,1.3,5.0,0.05,0.2,0.2,0.1,0.9,7.34,0.0,50.0,1.2,1.9,0.7,1681,23,Midfielder,0.6176470588235293,0.0952380952380952,0.0567514677103718,0.5384615384615384,0.094,0.1666666666666666,0.1,0.081081081081081,78.1550423883081,33.28292245280075,65.99014406823737,60.21934649191241,57.44595331309989,True,False,Italy
933768,Curtis Jones,8650,Liverpool,ENG-Premier League,2.7,74.9,3.0,0.0,0.8,2.3,0.18,0.09,0.7,1.0,0.0,0.6,0.3,0.2,0.5,6.89,0.0,17.0,1.2,1.8,1.2,1111,23,Midfielder,0.7741935483870969,0.25,0.0360480640854472,1.7142857142857144,0.1352941176470588,0.25,0.075,0.0599999999999999,57.711291413116975,40.088963436833616,73.46176600613721,65.55499427887865,57.40780508036331,True,False,England
1202525,Bryan Zaragoza,9910,Celta de Vigo,ESP-La Liga,1.0,20.5,4.0,0.0,0.4,2.9,0.23,0.16,0.6,1.0,0.08,0.2,1.0,0.0,0.6,6.85,0.0,18.0,2.1,0.8,2.1,1135,19,Attacker,0.625,0.2,0.048780487804878,3.5000000000000004,0.1611111111111111,0.4761904761904761,0.0761904761904761,0.0943589743589743,79.21328080303739,45.24925885473553,75.40548447495709,33.50308160399439,57.26772786466763,True,False,Spain
1033099,Hicham Boudaoui,9831,Nice,FRA-Ligue 1,1.3,29.6,2.0,0.0,1.8,1.5,0.14,0.14,1.1,2.0,0.09,1.2,0.7,0.5,0.5,6.8,0.0,12.0,1.4,1.2,0.7,949,15,Midfielder,0.6857142857142857,0.5,0.0439189189189189,0.6363636363636362,0.125,0.5,0.1,0.07,58.76085712799709,53.66521038123472,55.86197144640349,61.60013912726894,57.25917006630384,True,False,Algeria
1398377,Lucas Stassin,9853,St Etienne,FRA-Ligue 1,0.4,17.3,7.0,0.0,0.4,3.1,0.15,0.38,1.5,4.0,0.58,0.1,1.1,0.0,0.4,6.92,0.0,18.0,2.1,0.8,1.0,1867,28,Attacker,0.375,0.1111111111111111,0.0231213872832369,0.6666666666666666,0.1722222222222222,0.5238095238095238,0.1809523809523809,0.1075471698113207,72.09549071618036,91.6710875331565,56.4157824933687,22.874668435013263,57.2336762016368,False,False,Belgium
362212,Piotr Zielinski,8636,Internazionale,ITA-Serie A,2.4,60.5,4.0,0.0,1.3,1.9,0.14,0.15,1.0,1.0,0.38,0.2,0.6,0.2,0.5,7.32,0.0,20.0,1.4,1.1,1.0,1188,22,Midfielder,0.5652173913043479,0.1538461538461538,0.0396694214876033,1.0,0.095,0.4285714285714286,0.1071428571428571,0.0724137931034482,50.11888230093098,67.28076402974983,72.58883991262287,42.32820382795028,57.215878919301815,True,False,Poland
1345875,Fares Chaibi,9810,Eintracht Frankfurt,GER-Bundesliga,1.1,30.3,6.0,0.0,1.3,1.8,0.14,0.12,0.8,7.0,0.08,0.7,0.4,0.2,0.8,7.14,0.0,24.0,1.3,1.5,0.4,1168,16,Midfielder,0.7333333333333334,0.3181818181818181,0.0363036303630363,0.5,0.075,0.3076923076923077,0.0923076923076923,0.0646153846153846,63.75128725230146,45.60851926977688,52.53023092526136,71.4696065428824,57.1524413181291,True,False,Algeria
1049999,Enzo Le Fee,8472,Sunderland,ENG-Premier League,1.0,27.6,4.0,0.0,1.2,2.7,0.12,0.17,1.0,4.0,0.13,0.9,0.2,0.5,0.6,6.98,0.0,31.0,1.0,2.6,0.4,2030,25,Midfielder,0.7777777777777778,0.2571428571428572,0.036231884057971,0.4,0.0870967741935483,0.2,0.17,0.0703448275862068,59.8014705882353,56.69852941176471,44.22794117647059,73.31617647058823,56.999448054892895,True,False,France
671686,Aleix Febas,10268,Elche,ESP-La Liga,1.6,54.0,1.0,0.0,0.6,2.1,0.09,0.07,0.9,1.0,0.09,0.6,0.3,0.1,0.5,7.3,0.0,18.0,0.7,1.9,1.7,2060,23,Midfielder,0.7352941176470589,0.24,0.0296296296296296,1.8888888888888888,0.1166666666666666,0.4285714285714286,0.1,0.039375,48.97058823529412,48.125,77.73897058823529,59.981617647058826,56.99498097801838,True,False,Spain
900433,Khvicha Kvaratskhelia,9847,Paris Saint-Germain,FRA-Ligue 1,1.1,43.8,7.0,0.0,0.4,4.0,0.38,0.33,1.3,3.0,0.39,0.6,1.6,0.2,0.7,7.13,0.0,25.0,3.7,1.6,2.4,927,18,Attacker,0.6285714285714287,0.2727272727272727,0.0251141552511415,1.846153846153846,0.16,0.4324324324324324,0.0891891891891892,0.1766197183098591,75.21126540801997,49.26250845165652,62.76323659437249,39.90573152337858,56.97015320796711,True,False,Georgia
574645,Mikel Merino,9825,Arsenal,ENG-Premier League,0.6,24.2,4.0,0.0,1.7,1.5,0.13,0.27,1.9,3.0,0.36,0.9,0.7,0.2,0.7,6.97,0.0,12.0,1.9,2.3,0.5,999,21,Midfielder,0.6274509803921569,0.28125,0.024793388429752,0.2631578947368421,0.125,0.3684210526315789,0.1421052631578947,0.08775,50.9918864097363,77.4104514484839,41.45427003692724,68.20618141155667,56.96489337952494,True,False,Spain
1305543,Kévin Danois,8583,Auxerre,FRA-Ligue 1,2.8,40.1,6.0,0.0,0.4,3.0,0.15,0.08,1.0,1.0,0.1,1.2,0.3,0.1,0.5,7.15,0.0,34.0,1.0,2.0,1.3,1762,21,Midfielder,0.7619047619047619,0.3749999999999999,0.0698254364089775,1.3,0.088235294117647,0.3,0.08,0.0521739130434782,60.730769230769226,34.48126332761222,70.34687548759557,73.81893301087013,56.86737514565125,True,False,France
604785,Alex Iwobi,9879,Fulham,ENG-Premier League,2.6,43.8,2.0,0.0,0.6,3.1,0.17,0.05,0.2,2.0,0.11,0.5,0.4,0.1,0.3,6.86,0.0,28.0,1.1,1.1,0.6,1697,20,Attacker,0.888888888888889,0.3125,0.0593607305936073,3.0,0.1107142857142857,0.3636363636363636,0.0454545454545454,0.0386363636363636,73.06112498049617,37.35504758932751,68.51660425443387,51.2672608831331,56.63830014580413,True,False,Nigeria
593129,Pere Milla,8558,Espanyol,ESP-La Liga,0.8,17.4,4.0,0.0,0.7,2.0,0.12,0.34,1.0,0.0,0.36,0.7,1.0,0.2,0.8,6.91,0.0,28.0,2.8,1.5,0.4,1520,22,Attacker,0.6875,0.3181818181818181,0.0459770114942528,0.4,0.0714285714285714,0.3571428571428571,0.1214285714285714,0.088695652173913,53.90441176470589,73.32352941176471,40.588235294117645,66.625,56.5751378018462,True,False,Spain
1171140,Jaidon Anthony,8191,Burnley,ENG-Premier League,0.8,21.4,2.0,0.0,1.0,1.7,0.09,0.17,0.9,1.0,0.32,0.5,0.7,0.3,0.9,6.86,0.0,24.0,1.6,1.6,1.1,1679,25,Attacker,0.7000000000000001,0.238095238095238,0.0373831775700934,1.2222222222222223,0.0708333333333333,0.4374999999999999,0.10625,0.0588461538461538,41.86029411764706,66.32352941176471,60.66176470588235,66.56617647058823,56.53756139618222,True,False,England
609504,Oliver Burke,8149,1. FC Union Berlin,GER-Bundesliga,0.2,12.0,2.0,0.0,0.0,1.3,0.12,0.26,0.6,1.0,0.36,0.4,0.9,0.2,0.8,6.56,0.0,14.0,2.1,0.5,0.7,1000,20,Attacker,0.6,0.4444444444444445,0.0166666666666666,1.1666666666666667,0.0928571428571428,0.4285714285714285,0.1238095238095238,0.0821052631578947,47.39705882352942,75.22794117647058,53.69485294117647,54.67279411764706,56.47518082665747,True,False,Scotland
797901,Jorge de Frutos,8370,Rayo Vallecano,ESP-La Liga,0.2,11.7,1.0,0.0,0.5,2.0,0.12,0.32,1.4,1.0,0.41,0.2,0.9,0.0,0.7,6.95,0.0,19.0,1.9,1.2,0.9,1521,21,Attacker,0.5,0.1428571428571428,0.017094017094017,0.6428571428571429,0.1052631578947368,0.4736842105263158,0.1684210526315789,0.0872727272727272,51.13111769906902,79.1685520361991,50.83359338430332,48.71289722785665,56.40404573850346,True,False,Spain
613260,Jean-Luc Dompe,9790,Hamburger SV,GER-Bundesliga,0.5,18.1,6.0,0.0,0.0,3.6,0.32,0.11,0.2,0.0,0.18,0.0,0.8,0.0,0.4,6.95,0.0,29.0,1.9,0.4,1.6,997,15,Attacker,0.6666666666666666,0.0,0.0276243093922651,8.0,0.1241379310344827,0.4210526315789474,0.0578947368421052,0.081860465116279,85.4485294117647,45.33088235294117,72.57352941176471,28.78308823529412,56.3160206965064,True,False,France
881735,Anton Stach,8463,Leeds United,ENG-Premier League,1.8,30.1,7.0,0.0,2.0,3.3,0.18,0.12,1.4,3.0,0.16,0.7,0.5,0.4,0.8,7.3,0.0,44.0,2.0,2.4,0.8,1699,21,Midfielder,0.6888888888888888,0.2258064516129032,0.0598006644518272,0.5714285714285715,0.075,0.25,0.06,0.072,69.16911764705883,35.74264705882353,57.5,70.625,56.23141370959272,True,False,Germany
488139,Bernardo Silva,8456,Manchester City,ENG-Premier League,2.0,54.6,7.0,0.0,1.0,2.7,0.13,0.05,1.4,4.0,0.05,0.8,0.1,0.2,0.7,7.05,0.0,27.0,0.5,1.4,0.6,1909,26,Midfielder,0.6111111111111112,0.3636363636363636,0.0366300366300366,0.4285714285714286,0.1,0.2,0.1,0.0361111111111111,69.28622510011962,38.02826754043792,58.044189161075565,64.22831825037707,56.19603866126429,True,False,Portugal
239219,Mateo Kovacic,8456,Manchester City,ENG-Premier League,1.8,71.2,6.0,0.0,0.9,3.2,0.13,0.08,1.0,2.0,0.25,1.0,0.5,0.0,0.6,7.33,0.0,33.0,1.8,2.8,0.9,2202,31,Midfielder,0.7916666666666666,0.2631578947368421,0.0252808988764044,0.9,0.0969696969696969,0.2777777777777778,0.0444444444444444,0.0495238095238095,62.74535809018568,32.765251989389924,66.21352785145889,76.0842175066313,56.185397318325386,False,False,Croatia
1392779,Etta Eyong,8581,Levante,ESP-La Liga,0.4,10.0,3.0,0.0,0.9,1.6,0.09,0.43,1.4,3.0,0.35,0.2,1.0,0.0,1.0,6.79,0.0,12.0,2.4,1.6,0.6,1532,22,Attacker,0.5625,0.1111111111111111,0.04,0.4285714285714286,0.1333333333333333,0.4166666666666667,0.1791666666666666,0.0744230769230769,53.66911764705882,86.08823529411765,39.08088235294117,55.57352941176471,56.18468804873438,True,False,Cameroon
439366,Abdoulaye Touré,9746,Le Havre,FRA-Ligue 1,3.0,33.3,2.0,0.0,1.5,1.1,0.04,0.36,1.2,1.0,0.39,1.3,0.6,0.7,0.6,7.14,0.0,7.0,1.8,2.4,0.7,2329,28,Midfielder,0.7551020408163265,0.3513513513513513,0.0900900900900901,0.5833333333333334,0.1571428571428571,0.3333333333333333,0.1999999999999999,0.036,38.826259946949605,80.62334217506631,46.93302387267905,76.71419098143237,56.00123991273748,False,False,Guinea
183353,Kike Garcia,8558,Espanyol,ESP-La Liga,0.2,12.6,3.0,0.0,1.1,2.1,0.2,0.46,2.0,1.0,0.39,0.3,1.5,0.1,0.9,6.59,0.0,15.0,3.3,0.7,0.8,935,23,Attacker,0.3333333333333333,0.3,0.0158730158730158,0.4,0.14,0.4545454545454546,0.1393939393939394,0.1393939393939394,58.68914807302232,85.61897331877049,42.52701279450772,43.08448405887554,55.94229052469772,True,False,Spain
1340895,Bilal El Khannouss,10269,VfB Stuttgart,GER-Bundesliga,2.8,41.9,4.0,0.0,0.5,3.6,0.29,0.13,1.1,3.0,0.24,0.5,0.7,0.2,0.5,7.27,0.0,32.0,2.0,1.6,0.8,1105,16,Midfielder,0.65625,0.238095238095238,0.0668257756563245,0.7272727272727273,0.1125,0.35,0.065,0.0897619047619047,72.80442866801893,37.96651843761377,66.94690409320226,48.65880012482447,55.89364555063624,True,False,Morocco
743533,Federico Valverde,8633,Real Madrid,ESP-La Liga,2.3,54.8,6.0,0.0,1.9,3.4,0.16,0.08,0.5,6.0,0.05,0.9,0.5,0.3,0.4,7.57,0.0,33.0,1.5,1.6,0.7,1906,23,Midfielder,0.8333333333333334,0.36,0.041970802919708,1.4,0.103030303030303,0.3333333333333333,0.0533333333333333,0.0533333333333333,68.2841967025537,31.915054350652724,66.89239090861808,66.60067873303167,55.890097764086576,True,False,Uruguay
459658,Ruslan Malinovsky,10233,Genoa,ITA-Serie A,3.1,37.5,7.0,0.0,0.8,2.3,0.12,0.18,1.6,3.0,0.27,0.5,0.6,0.2,0.7,6.91,0.0,24.0,2.0,1.3,0.5,1663,23,Midfielder,0.5294117647058824,0.2777777777777778,0.0826666666666666,0.3125,0.0958333333333333,0.3,0.09,0.072,65.70588235294117,54.45588235294117,51.02941176470589,50.6360294117647,55.86496674382331,True,False,Ukraine
1372921,Andrey Santos,9848,Strasbourg,FRA-Ligue 1,1.6,44.1,9.0,0.0,2.0,2.0,0.06,0.16,0.9,3.0,0.32,1.0,0.5,0.4,0.5,7.75,0.0,27.0,1.4,3.5,0.6,2857,32,Midfielder,0.8333333333333333,0.2222222222222222,0.0362811791383219,0.6666666666666666,0.074074074074074,0.3571428571428571,0.1142857142857143,0.0436363636363636,44.794429708222815,62.41379310344828,53.315649867374,71.41246684350133,55.8027795357485,False,False,Brazil
593118,Denzel Dumfries,8636,Internazionale,ITA-Serie A,0.8,22.1,6.0,0.0,1.0,2.8,0.13,0.24,2.5,2.0,0.32,0.3,0.9,0.4,0.6,7.01,0.0,21.0,1.7,1.2,0.6,1951,29,Midfielder,0.375,0.1999999999999999,0.0361990950226244,0.24,0.1333333333333333,0.5294117647058824,0.1411764705882353,0.0843243243243243,66.65119363395226,79.49602122015915,41.79376657824933,39.40981432360743,55.79913718769215,False,False,Netherlands
891743,Mohammed Kudus,8586,Tottenham Hotspur,ENG-Premier League,1.1,22.1,3.0,0.0,0.3,2.4,0.14,0.11,1.3,5.0,0.12,0.2,0.5,0.0,0.7,6.99,0.0,23.0,1.5,1.7,3.0,1545,19,Attacker,0.5937499999999999,0.1052631578947368,0.0497737556561086,2.3076923076923075,0.1043478260869565,0.3333333333333333,0.0733333333333333,0.0616,58.87745098039216,45.05318042336298,72.51228740833203,48.058914547251256,55.7023805889149,True,False,Ghana
704151,Arnaut Danjuma,10267,Valencia CF,ESP-La Liga,1.2,15.8,4.0,0.0,0.4,2.4,0.15,0.25,1.0,2.0,0.19,0.0,0.8,0.1,0.6,6.69,0.0,12.0,2.0,0.8,1.4,1429,22,Attacker,0.4444444444444445,0.0,0.0759493670886075,1.4,0.1999999999999999,0.4,0.125,0.0937499999999999,64.64409424247152,70.67507931554586,67.20646746762365,26.103981380350547,55.676169697638166,True,False,Netherlands
770321,Mahdi Camara,9851,Rennes,FRA-Ligue 1,0.5,33.6,3.0,0.0,1.5,1.9,0.11,0.08,1.4,1.0,0.06,1.1,0.3,0.2,0.5,7.09,0.0,17.0,0.7,1.9,0.8,1598,20,Midfielder,0.6818181818181818,0.3666666666666667,0.0148809523809523,0.5714285714285715,0.1117647058823529,0.4285714285714286,0.1142857142857143,0.0463157894736842,54.44018827690227,49.86628179123108,55.415854007385455,66.38256748322671,55.6604802272198,True,False,France
859282,Daniel Munoz,9826,Crystal Palace,ENG-Premier League,0.9,23.9,5.0,0.0,3.5,3.3,0.19,0.11,1.2,2.0,0.17,1.1,0.5,0.1,0.3,7.26,0.0,18.0,1.0,2.3,0.1,1587,18,Midfielder,0.7391304347826088,0.3235294117647059,0.0376569037656903,0.0833333333333333,0.1833333333333333,0.5,0.11,0.0696666666666666,71.82326936079471,61.58871638841213,33.32959510063972,63.04803791543143,55.577200091946985,True,False,Colombia
1083796,Kevin Schade,9937,Brentford,ENG-Premier League,0.2,11.7,7.0,0.0,1.1,1.7,0.08,0.42,1.6,3.0,0.29,0.8,1.0,0.1,0.4,6.98,0.0,23.0,2.0,1.4,0.7,1865,23,Attacker,0.5789473684210527,0.3636363636363636,0.017094017094017,0.4374999999999999,0.0739130434782608,0.5,0.21,0.0672,49.12071566026942,87.45984813023352,45.29827846257867,48.428355957767714,55.4462214104766,True,False,Germany
789502,Morgan Gibbs-White,10203,Nottingham Forest,ENG-Premier League,1.1,30.1,3.0,0.0,1.0,2.0,0.08,0.27,0.8,2.0,0.24,0.4,0.7,0.1,0.5,6.94,0.0,36.0,2.2,0.6,0.7,2215,26,Midfielder,0.5555555555555556,0.4,0.0365448504983388,0.8749999999999999,0.0555555555555555,0.3181818181818181,0.1227272727272727,0.0617142857142857,52.584269516825294,64.35182295729963,60.31540932022676,44.69311385031466,55.405408304120286,True,False,England
836436,Gabriel Strefezza,10171,Como,ITA-Serie A,1.2,28.6,5.0,0.0,0.9,4.1,0.14,0.12,1.6,4.0,0.21,0.4,0.8,0.1,0.7,7.05,0.0,57.0,2.0,1.9,1.2,2632,37,Attacker,0.5897435897435898,0.1739130434782609,0.0419580419580419,0.7499999999999999,0.0719298245614035,0.4,0.06,0.0646153846153846,57.86472148541114,47.07559681697612,60.64323607427056,56.32957559681697,55.3052050291486,False,False,Brazil
477615,Sandro Ramirez,8306,Las Palmas,ESP-La Liga,0.7,17.7,6.0,0.0,0.9,3.2,0.14,0.18,1.1,3.0,0.4,0.7,0.9,0.0,0.4,6.93,0.0,28.0,2.3,1.2,0.7,2045,31,Attacker,0.6333333333333333,0.3684210526315789,0.03954802259887,0.6363636363636362,0.1142857142857143,0.391304347826087,0.0782608695652174,0.07875,67.22811671087533,58.9920424403183,47.994031830238725,44.88063660477453,55.16609618212095,False,False,Spain
384413,Rubén Garcia,8371,Osasuna,ESP-La Liga,1.6,26.9,7.0,0.0,1.1,3.6,0.24,0.09,1.5,5.0,0.13,0.7,0.3,0.0,0.7,6.93,0.0,26.0,1.3,2.4,0.5,1357,22,Attacker,0.6739130434782609,0.2258064516129032,0.0594795539033457,0.3333333333333333,0.1384615384615384,0.2307692307692307,0.0692307692307692,0.0654545454545454,81.90339106464867,40.75223643834192,43.1553284443751,60.32882795027825,55.1305101207952,True,False,Spain
73167,Henrikh Mkhitaryan,8636,Internazionale,ITA-Serie A,2.0,46.6,1.0,0.0,1.3,1.8,0.16,0.24,1.6,0.0,0.09,1.2,0.6,0.4,0.7,7.03,0.0,11.0,2.8,2.0,0.9,1011,18,Midfielder,0.6666666666666666,0.3749999999999999,0.0429184549356223,0.5625,0.1636363636363636,0.2142857142857143,0.0857142857142857,0.0959999999999999,64.64332709211006,37.17217974723046,61.32674754251834,62.146772767462416,55.11982330536398,True,False,Armenia
1161211,Fabian Rieder,8406,FC Augsburg,GER-Bundesliga,1.1,19.2,3.0,0.0,0.3,2.2,0.15,0.19,1.8,2.0,0.2,0.5,0.5,0.1,0.6,6.71,0.0,18.0,1.8,1.1,0.9,1330,20,Midfielder,0.4705882352941176,0.3125,0.0572916666666666,0.5,0.1222222222222222,0.2777777777777778,0.1055555555555555,0.0838235294117647,65.33088235294117,54.875,53.32720588235294,44.51838235294118,55.05848698557382,True,False,Switzerland
1024292,Marco Grüll,8697,SV Werder Bremen,GER-Bundesliga,0.4,21.9,0.0,0.0,0.9,2.5,0.16,0.14,1.3,1.0,0.13,0.6,0.7,0.3,0.6,6.87,0.0,28.0,2.1,2.0,1.1,1410,22,Attacker,0.6666666666666666,0.2307692307692307,0.0182648401826484,0.8461538461538461,0.0892857142857142,0.3333333333333333,0.0666666666666666,0.0746666666666666,54.1317548239455,55.58882040880013,58.15997685546368,51.7012729494981,54.97165344364216,True,False,Austria
846383,Callum Hudson-Odoi,10203,Nottingham Forest,ENG-Premier League,1.1,28.9,4.0,0.0,0.7,2.0,0.12,0.14,0.6,1.0,0.18,0.4,0.6,0.1,0.4,6.78,0.0,32.0,1.6,0.7,1.5,1472,24,Attacker,0.6470588235294118,0.3636363636363636,0.0380622837370242,2.5,0.0625,0.3749999999999999,0.0875,0.0646153846153846,50.5605268632652,52.04346751963385,72.66119909502261,46.90829302543299,54.93012653716141,True,False,England
541555,Mattia Zaccagni,8543,Lazio,ITA-Serie A,0.9,25.3,3.0,0.0,0.3,1.4,0.08,0.15,1.2,0.0,0.17,0.9,0.6,0.0,0.4,7.04,0.0,23.0,1.5,1.6,1.2,1621,19,Attacker,0.6756756756756757,0.36,0.0355731225296442,1.0,0.0608695652173913,0.3999999999999999,0.0999999999999999,0.0521739130434782,47.206454465075154,60.66969626046705,64.36170489415925,49.70929552192229,54.876673393885,True,False,Italy
956925,Georginio Rutter,10204,Brighton and Hove Albion,ENG-Premier League,0.8,14.6,6.0,0.0,1.4,2.1,0.12,0.13,1.6,2.0,0.12,0.4,0.7,0.1,0.9,6.59,0.0,19.0,2.0,1.4,1.5,1515,23,Midfielder,0.5294117647058824,0.2222222222222222,0.0547945205479452,0.9375,0.1105263157894737,0.35,0.065,0.0624,59.69585738804806,46.2028267540438,57.10599027409372,57.03354007385448,54.87150570056136,True,False,France
689065,Alexis Claude,8406,FC Augsburg,GER-Bundesliga,0.2,28.4,2.0,0.0,0.5,1.9,0.13,0.25,1.1,2.0,0.2,0.3,1.3,0.1,0.4,7.02,0.0,18.0,3.1,1.5,1.5,1352,19,Midfielder,0.6206896551724137,0.1666666666666666,0.0070422535211267,1.3636363636363635,0.1055555555555555,0.4193548387096774,0.0806451612903225,0.0855263157894736,49.69562334217508,59.94594840588756,72.17064544650752,40.39430878452177,54.851635977997184,True,False,France
846761,Zakaria Aboukhlal,9941,Toulouse,FRA-Ligue 1,0.1,10.0,2.0,0.0,0.4,2.0,0.09,0.48,1.7,2.0,0.33,0.3,1.4,0.0,0.8,6.81,0.0,12.0,3.0,1.0,0.8,1907,26,Midfielder,0.4333333333333333,0.2307692307692307,0.01,0.4705882352941177,0.1666666666666666,0.4666666666666666,0.16,0.0757894736842105,51.11405835543767,86.9893899204244,42.37400530503979,47.10212201591512,54.80392387189519,False,False,Morocco
1181101,Tyrhys Dolan,8558,Espanyol,ESP-La Liga,0.2,18.6,4.0,0.0,0.5,2.6,0.15,0.1,1.4,3.0,0.06,0.5,0.4,0.0,0.7,6.82,0.0,20.0,1.4,2.4,1.3,1517,23,Attacker,0.6744186046511628,0.1724137931034483,0.010752688172043,0.9285714285714288,0.13,0.2857142857142857,0.0714285714285714,0.06,71.05882352941177,32.97058823529412,58.73161764705882,64.1654411764706,54.78924367849581,True,False,England
671865,Santi Comesana,10205,Villarreal,ESP-La Liga,1.6,37.2,1.0,0.0,2.1,2.4,0.14,0.18,1.6,2.0,0.12,0.7,0.2,0.6,0.7,6.86,0.0,12.0,1.2,2.0,0.4,1477,22,Midfielder,0.6279069767441859,0.2592592592592592,0.043010752688172,0.25,0.1999999999999999,0.1666666666666666,0.15,0.07875,56.39630467571644,53.22248660737504,49.57000572112134,61.47896187652779,54.75818341493373,True,False,Spain
715301,Jonathan Clauss,9831,Nice,FRA-Ligue 1,2.2,39.6,6.0,0.0,2.6,4.0,0.22,0.04,0.8,4.0,0.06,1.5,0.1,0.2,0.4,7.41,0.0,40.0,0.7,2.2,1.2,1605,19,Midfielder,0.8222222222222223,0.4054054054054054,0.0555555555555555,1.4999999999999998,0.1,0.1428571428571428,0.0571428571428571,0.0338461538461538,82.54348052218235,24.823230353149217,59.765434025068906,71.18713267800489,54.74093701933071,True,False,France
1453218,Mert Kömür,8406,FC Augsburg,GER-Bundesliga,0.3,22.7,4.0,0.0,1.4,1.9,0.15,0.23,1.6,3.0,0.16,0.3,1.0,0.0,0.6,6.68,0.0,20.0,2.7,0.6,1.0,1120,19,Attacker,0.36,0.3333333333333333,0.013215859030837,0.625,0.095,0.3703703703703703,0.0851851851851851,0.0907894736842105,62.36764705882353,56.22058823529412,60.18382352941177,38.5110294117647,54.69512555601879,True,False,Turkiye
638010,Isi Palazon,8370,Rayo Vallecano,ESP-La Liga,2.1,29.0,6.0,0.0,0.8,2.8,0.15,0.23,1.5,3.0,0.11,0.1,0.7,0.3,0.3,6.76,0.0,26.0,2.0,0.9,1.1,1653,22,Midfielder,0.4,0.1,0.0724137931034482,0.7333333333333334,0.1076923076923076,0.35,0.115,0.0907894736842105,73.45973110729703,54.80284235710199,65.57884095282675,27.88611717896708,54.6744112342384,True,False,Spain
1286183,Tom Bischof,8226,TSG 1899 Hoffenheim,GER-Bundesliga,2.3,40.2,8.0,0.0,1.8,4.8,0.17,0.08,1.6,2.0,0.18,1.1,0.6,0.4,0.3,7.23,0.0,50.0,1.8,3.3,1.0,2567,31,Midfielder,0.7333333333333334,0.25,0.0572139303482586,0.625,0.096,0.3333333333333333,0.0444444444444444,0.0544,72.18169761273211,33.42838196286472,61.07427055702917,57.99071618037135,54.66297108953538,False,False,Germany
578756,Deiver Machado,8588,Lens,FRA-Ligue 1,0.6,31.4,5.0,0.0,1.5,2.9,0.14,0.12,1.4,4.0,0.05,0.8,0.2,0.2,0.4,6.86,0.0,20.0,1.1,1.8,1.1,1805,27,Midfielder,0.65,0.3076923076923077,0.019108280254777,0.7857142857142858,0.145,0.1818181818181818,0.109090909090909,0.0646153846153846,67.20822281167109,39.85411140583554,62.068965517241374,50.702917771883286,54.6474905061698,False,False,Colombia
939569,Jonathan David,9885,Juventus,ITA-Serie A,0.2,21.9,4.0,0.0,0.2,1.3,0.09,0.52,1.3,4.0,0.35,0.3,1.0,0.0,0.9,6.79,0.0,27.0,2.2,0.7,0.3,1296,24,Attacker,0.4347826086956522,0.3,0.0091324200913242,0.2307692307692307,0.0481481481481481,0.4545454545454545,0.2363636363636363,0.0767213114754098,49.8027253341655,92.5945025224944,41.06292583346335,45.702287148281066,54.471871043026674,True,False,Canada
1192406,Lorenz Assignon,9851,Rennes,FRA-Ligue 1,0.8,31.4,6.0,0.0,2.2,3.7,0.14,0.08,2.0,4.0,0.11,1.0,0.2,0.1,0.5,6.89,0.0,29.0,0.8,1.9,1.1,2362,32,Midfielder,0.5918367346938775,0.3448275862068966,0.0254777070063694,0.55,0.1275862068965517,0.25,0.0999999999999999,0.0509090909090909,70.90185676392572,38.68037135278514,54.87400530503978,55.2917771883289,54.3805651110506,False,False,France
1113694,Jonathan Rowe,9857,Bologna,ITA-Serie A,0.5,18.8,4.0,0.0,0.2,1.2,0.12,0.24,1.3,1.0,0.0,0.5,0.9,0.0,0.7,6.77,0.0,12.0,2.9,1.3,2.7,945,16,Attacker,0.5806451612903226,0.2777777777777778,0.026595744680851,2.076923076923077,0.0999999999999999,0.3103448275862069,0.0827586206896551,0.08,52.6985294117647,43.338235294117645,72.62867647058823,52.63970588235294,54.362206748449445,True,False,England
864006,Matteo Tramoni,6479,Pisa,ITA-Serie A,0.8,14.3,4.0,0.0,0.6,2.1,0.16,0.2,1.1,2.0,0.15,0.7,0.5,0.0,1.2,6.64,0.0,25.0,1.8,1.7,0.4,1227,22,Midfielder,0.6857142857142857,0.2916666666666667,0.0559440559440559,0.3636363636363636,0.084,0.2777777777777778,0.1111111111111111,0.0888888888888888,61.544117647058826,54.13235294117648,37.72058823529412,71.51838235294117,54.34359210054927,True,False,France
966019,Felix Nmecha,9789,Borussia Dortmund,GER-Bundesliga,1.7,38.0,2.0,0.0,1.0,3.5,0.19,0.09,1.0,3.0,0.11,1.1,0.3,0.2,0.4,7.39,0.0,17.0,1.3,1.5,1.5,1674,22,Midfielder,0.7222222222222222,0.4230769230769231,0.0447368421052631,1.5,0.2058823529411764,0.2307692307692307,0.0692307692307692,0.0610714285714285,56.68247776564206,36.0053180423363,71.45505018983721,60.308752015395015,54.28884614304582,True,False,Germany
1436305,Lamine Camara,9829,Monaco,FRA-Ligue 1,2.9,46.6,6.0,0.0,0.9,2.6,0.24,0.04,1.4,3.0,0.0,2.3,0.0,0.1,1.2,7.51,0.0,21.0,0.9,2.3,1.2,938,13,Midfielder,0.7666666666666666,0.5,0.0622317596566523,0.8571428571428572,0.1238095238095238,0.0,0.0444444444444444,0.0342857142857142,79.58452956779529,21.389374317366205,60.71455505279035,84.89330108701306,54.24953308986637,True,False,Senegal
1250492,Matthis Abline,9830,Nantes,FRA-Ligue 1,0.3,10.3,6.0,0.0,0.5,2.1,0.1,0.23,1.3,2.0,0.2,0.2,0.8,0.0,0.6,6.88,0.0,18.0,3.0,0.9,2.1,1784,22,Attacker,0.4583333333333333,0.1818181818181818,0.029126213592233,1.6153846153846154,0.1166666666666666,0.2666666666666666,0.0766666666666666,0.0696969696969697,63.98697144640349,55.56745722161544,60.32135798616529,35.66788240495137,54.15092009310952,True,False,France
751649,Jack Harrison,8668,Everton,ENG-Premier League,0.6,16.2,6.0,0.0,1.3,3.1,0.14,0.15,0.6,0.0,0.04,0.4,0.3,0.1,0.4,6.44,0.0,33.0,1.3,1.4,1.0,2083,34,Attacker,0.75,0.2222222222222222,0.037037037037037,1.6666666666666667,0.0939393939393939,0.2307692307692307,0.1153846153846153,0.0724137931034482,62.86472148541114,43.932360742705576,59.46618037135279,49.78779840848805,54.10162744741949,False,False,England
1320176,Wesley,8686,Roma,ITA-Serie A,0.9,31.0,7.0,0.0,2.1,3.2,0.15,0.06,1.2,0.0,0.14,0.8,0.4,0.2,0.4,7.18,0.0,26.0,1.0,2.2,0.7,1873,23,Midfielder,0.7142857142857143,0.2666666666666666,0.0290322580645161,0.5833333333333334,0.123076923076923,0.4,0.06,0.0428571428571428,77.43382352941177,36.98529411764706,49.375,56.96323529411764,54.098121776083,True,False,Brazil
661519,Deniz Undav,10269,VfB Stuttgart,GER-Bundesliga,0.6,17.0,4.0,0.0,0.3,1.7,0.11,0.62,1.4,3.0,0.8,0.3,1.9,0.0,0.7,7.34,0.0,19.0,5.1,0.8,0.2,1357,18,Attacker,0.44,0.2727272727272727,0.0352941176470588,0.1428571428571428,0.0894736842105263,0.3725490196078431,0.1215686274509804,0.0934246575342465,62.78843553336454,83.8606386851823,37.00986893431112,40.15359260415041,54.0851089004336,True,False,Germany
967622,Antony,8603,Real Betis,ESP-La Liga,0.7,36.2,7.0,0.0,0.8,3.6,0.2,0.28,0.6,5.0,0.34,1.0,1.4,0.1,0.6,7.67,0.0,41.0,3.0,1.3,1.0,1595,19,Attacker,0.793103448275862,0.4347826086956522,0.0193370165745856,1.6666666666666667,0.0878048780487805,0.4666666666666666,0.0933333333333333,0.1166666666666666,63.710225204140016,48.963488843813394,54.22156992770582,47.11651583710408,53.939695008860326,True,False,Brazil
536455,Goncalo Guedes,8560,Real Sociedad,ESP-La Liga,1.0,19.1,4.0,0.0,0.3,1.9,0.13,0.19,1.0,3.0,0.41,0.2,1.0,0.0,0.6,6.82,0.0,18.0,2.2,1.3,1.0,1323,24,Attacker,0.6,0.1333333333333333,0.0523560209424083,1.0,0.1055555555555555,0.4545454545454545,0.0863636363636363,0.0771874999999999,50.64941228480782,64.19433608987362,56.811092474124926,44.640499037811416,53.92629639742216,True,False,Portugal
837089,Edu Exposito,8558,Espanyol,ESP-La Liga,2.5,29.5,8.0,0.0,1.0,5.3,0.3,0.09,0.9,5.0,0.0,0.8,0.5,0.1,0.4,7.09,0.0,55.0,1.5,1.9,1.0,1582,23,Midfielder,0.75,0.2962962962962963,0.0847457627118644,1.1111111111111112,0.0963636363636363,0.3333333333333333,0.06,0.0692307692307692,77.57000572112135,27.470822281167106,65.17634706402454,57.19540880012482,53.90397590851807,True,False,Spain
1242587,Amine Sbai,8121,Angers,FRA-Ligue 1,0.7,22.2,3.0,0.0,0.2,1.3,0.12,0.12,1.0,1.0,0.09,0.4,0.7,0.0,0.8,6.64,0.0,16.0,1.6,1.3,2.0,1007,15,Attacker,0.6296296296296297,0.2352941176470588,0.0315315315315315,2.0,0.08125,0.4374999999999999,0.075,0.06,47.18382352941177,47.00735294117647,69.63235294117646,56.51838235294118,53.86666652539921,True,False,France
1025462,Fabio Vieira,9790,Hamburger SV,GER-Bundesliga,2.7,30.5,4.0,0.0,0.9,2.3,0.18,0.23,0.9,4.0,0.16,0.5,0.5,0.2,0.2,7.12,0.0,23.0,2.5,0.7,1.2,1153,16,Midfielder,0.5714285714285714,0.4166666666666667,0.0885245901639344,1.3333333333333333,0.0999999999999999,0.2,0.092,0.1009756097560975,67.63970588235294,49.0,75.45955882352942,28.23897058823529,53.85274817532492,True,False,Portugal
1265963,Igor Paixao,8592,Marseille,FRA-Ligue 1,0.8,26.1,1.0,0.0,0.8,1.0,0.08,0.28,1.0,2.0,0.31,0.8,1.0,0.1,0.6,6.95,0.0,11.0,2.5,1.1,1.3,1165,19,Attacker,0.6551724137931034,0.4210526315789473,0.0306513409961685,1.3,0.0909090909090909,0.4,0.112,0.0622222222222222,34.536764705882355,70.9485294117647,67.13235294117646,56.25367647058823,53.82493258726237,True,False,Brazil
1215057,Vitinha,10233,Genoa,ITA-Serie A,0.5,10.1,4.0,0.0,1.4,1.7,0.1,0.21,1.6,1.0,0.18,0.6,0.8,0.2,0.6,6.78,0.0,13.0,2.6,1.3,1.8,1531,24,Attacker,0.5428571428571428,0.3157894736842105,0.0495049504950495,1.125,0.1307692307692307,0.3076923076923077,0.0807692307692307,0.0677419354838709,59.95202059603682,44.03396265668071,58.1210017163364,53.32832735216103,53.79760663450138,True,False,Portugal
665188,Albert Gudmundsson,8535,Fiorentina,ITA-Serie A,1.3,28.4,5.0,0.0,0.6,1.8,0.1,0.24,1.6,3.0,0.24,0.1,0.6,0.1,0.6,6.79,0.0,22.0,1.6,0.2,0.9,1528,22,Attacker,0.1578947368421052,0.3333333333333333,0.0457746478873239,0.5625,0.0818181818181818,0.3749999999999999,0.15,0.0705882352941176,44.93623550215843,77.51353565298798,59.53333853435273,39.253673219951104,53.776126013732544,True,False,Iceland
762721,Lovro Majer,8721,VfL Wolfsburg,GER-Bundesliga,1.1,28.9,2.0,0.0,1.4,1.7,0.13,0.17,1.9,3.0,0.16,0.6,0.4,0.1,1.0,6.84,0.0,19.0,1.6,1.7,0.8,1129,20,Midfielder,0.5476190476190477,0.2608695652173913,0.0380622837370242,0.4210526315789474,0.0894736842105263,0.25,0.10625,0.0736666666666666,51.77941176470589,50.23529411764706,54.04411764705882,61.36029411764706,53.73583048209673,True,False,Croatia
501543,Franck Honorat,9788,Borussia Mönchengladbach,GER-Bundesliga,0.4,20.0,5.0,0.0,1.1,4.4,0.33,0.04,0.7,5.0,0.0,0.4,0.2,0.2,0.5,6.92,0.0,30.0,0.9,0.9,1.0,1200,16,Attacker,0.65,0.3076923076923077,0.02,1.4285714285714286,0.1466666666666666,0.2222222222222222,0.0444444444444444,0.0356756756756756,85.85864929526186,31.58654496281271,57.27307302231238,47.59345581734019,53.70414617068173,True,False,France
1159233,Alieu Fadera,7943,Sassuolo,ITA-Serie A,0.9,18.7,1.0,0.0,0.5,1.2,0.12,0.21,3.1,1.0,0.2,0.7,0.4,0.0,0.5,6.49,0.0,7.0,1.3,3.0,0.9,904,23,Attacker,0.5441176470588235,0.1891891891891891,0.0481283422459893,0.2903225806451613,0.1714285714285714,0.3076923076923077,0.1615384615384615,0.0763636363636363,51.977941176470594,66.81617647058825,45.86397058823529,52.0625,53.658563658494245,True,False,Gambia
673689,Pepelu,10267,Valencia CF,ESP-La Liga,3.6,50.8,1.0,0.0,2.6,2.0,0.11,0.18,1.4,0.0,0.11,0.9,0.2,0.3,0.2,7.14,0.0,20.0,1.2,2.5,0.4,1709,22,Midfielder,0.7083333333333334,0.2647058823529412,0.0708661417322834,0.2857142857142857,0.1,0.1666666666666666,0.15,0.0682758620689655,51.41283091485931,56.56107297030218,50.10460550267853,57.90004290841006,53.57424434394617,True,False,Spain
1233931,Quentin Merlin,9851,Rennes,FRA-Ligue 1,1.5,34.5,5.0,0.0,2.0,2.9,0.18,0.07,0.5,3.0,0.06,1.4,0.3,0.4,0.6,6.99,0.0,24.0,1.1,1.4,0.5,1452,21,Midfielder,0.8484848484848485,0.5,0.0434782608695652,1.0,0.1208333333333333,0.2727272727272727,0.0636363636363636,0.0504,70.09780516981328,32.922361782909455,52.945402298850574,66.26779398762157,53.4935768027602,True,False,France
1690093,Jan Virgili,8661,Mallorca,ESP-La Liga,0.1,16.1,7.0,0.0,0.5,1.9,0.14,0.12,0.8,4.0,0.0,0.3,0.7,0.1,0.7,6.77,0.0,25.0,1.7,0.8,2.6,1284,19,Attacker,0.5789473684210527,0.2727272727272727,0.0062111801242236,3.25,0.076,0.4117647058823529,0.0705882352941176,0.0646153846153846,61.95588235294118,38.81617647058824,68.87867647058823,46.54411764705882,53.45300325039484,True,False,Spain
1338192,Pablo Barrios,9906,Atlético de Madrid,ESP-La Liga,2.4,50.2,3.0,0.0,0.7,2.0,0.12,0.1,0.7,1.0,0.06,1.3,0.3,0.1,0.6,7.24,0.0,20.0,1.2,1.7,1.8,1580,21,Midfielder,0.8108108108108107,0.4333333333333333,0.047808764940239,2.571428571428572,0.1,0.25,0.0833333333333333,0.0545454545454545,53.65769490820201,29.57237218494825,75.34199953190826,72.10659489259895,53.39067694157704,True,False,Spain
659490,Gabriel Suazo,8302,Sevilla,ESP-La Liga,2.0,36.1,4.0,0.0,2.0,2.6,0.18,0.03,1.1,1.0,0.0,1.1,0.1,0.2,0.3,7.13,0.0,29.0,0.3,3.9,0.7,1339,17,Midfielder,0.819672131147541,0.22,0.0554016620498614,0.6363636363636362,0.0896551724137931,0.3333333333333333,0.1,0.0257142857142857,72.11296614136371,34.953775940084256,49.79374707442659,62.951266448223855,53.37920837963492,True,False,Chile
448540,Serhou Guirassy,9789,Borussia Dortmund,GER-Bundesliga,0.3,16.9,1.0,0.0,1.5,2.7,0.15,0.6,1.7,1.0,0.6,0.0,1.4,0.1,0.5,7.33,0.0,15.0,3.1,0.1,0.6,1642,21,Attacker,0.0555555555555555,0.0,0.0177514792899408,0.3529411764705882,0.18,0.4516129032258064,0.1935483870967742,0.12,63.99313465439226,93.88430332345142,45.68529931866646,24.30342097051022,53.341578440412256,True,False,Guinea
1209228,Daniel Svensson,9789,Borussia Dortmund,GER-Bundesliga,0.4,28.1,3.0,0.0,2.9,3.9,0.21,0.05,1.2,1.0,0.05,0.6,0.1,0.3,0.4,7.07,0.0,22.0,0.3,1.4,0.6,1695,22,Midfielder,0.625,0.3,0.0142348754448398,0.5,0.1772727272727272,0.3333333333333333,0.1666666666666666,0.0403846153846153,78.98529411764707,47.19117647058824,43.75,43.99999999999999,53.29225810917368,True,False,Sweden
208494,Casemiro,10260,Manchester United,ENG-Premier League,2.6,44.4,3.0,0.0,2.3,2.4,0.13,0.21,1.7,2.0,0.26,1.0,0.6,0.7,0.3,7.23,0.0,23.0,1.9,3.0,0.3,1735,24,Midfielder,0.7017543859649122,0.25,0.0585585585585585,0.1764705882352941,0.1043478260869565,0.3157894736842105,0.1105263157894736,0.0802941176470588,57.67900608519269,51.29909762313414,45.33793623550216,60.57659151193635,53.26098148668148,True,False,Brazil
841672,Nicolás González,9906,Atlético de Madrid,ESP-La Liga,1.4,25.0,3.0,0.0,1.5,1.8,0.14,0.21,1.7,0.0,0.08,0.8,1.2,0.2,0.6,6.88,0.0,10.0,2.7,1.3,1.4,1132,18,Midfielder,0.5526315789473685,0.3809523809523809,0.0559999999999999,0.8235294117647058,0.18,0.4444444444444444,0.0777777777777777,0.084,50.908189005045,55.85932542778385,60.5172088729391,45.59200603318251,53.2178933352627,True,False,Argentina
1089691,Elliot Anderson,10203,Nottingham Forest,ENG-Premier League,3.6,57.2,2.0,0.0,1.1,3.0,0.12,0.08,1.5,2.0,0.04,1.2,0.3,0.4,0.6,7.48,0.0,38.0,1.0,2.8,1.4,2340,26,Midfielder,0.7272727272727273,0.3,0.0629370629370629,0.9333333333333332,0.0789473684210526,0.3,0.08,0.0479999999999999,56.65573152337858,29.07958859936548,69.27348260259011,74.1224775055911,53.211066160978106,True,False,England
402419,Przemyslaw Frankowski,9851,Rennes,FRA-Ligue 1,1.8,36.3,2.0,0.0,2.7,2.4,0.19,0.04,0.9,2.0,0.08,0.6,0.2,0.1,0.6,7.23,0.0,23.0,0.7,3.2,0.3,1111,16,Midfielder,0.8085106382978724,0.1578947368421052,0.0495867768595041,0.3333333333333333,0.1043478260869565,0.2857142857142857,0.0571428571428571,0.0330434782608695,68.83883341134862,40.01787850418682,41.55552738336714,69.11124330368752,53.024979181142285,True,False,Poland
523749,Jae-Sung Lee,9905,1. FSV Mainz 05,GER-Bundesliga,0.9,20.6,7.0,0.0,1.5,2.6,0.14,0.1,0.8,2.0,0.11,1.0,0.3,0.0,0.3,6.81,0.0,19.0,1.1,1.6,0.2,1649,20,Midfielder,0.7647058823529411,0.3846153846153846,0.0436893203883495,0.25,0.1368421052631579,0.2727272727272727,0.0909090909090909,0.0583333333333333,76.41285691995631,48.64893119051334,35.387443438914026,56.50354969574037,53.00852264276551,True,False,South Korea
266523,Pierre-Emile Højbjerg,8592,Marseille,FRA-Ligue 1,2.8,72.6,3.0,0.0,1.5,1.8,0.1,0.1,1.0,3.0,0.11,0.9,0.5,0.2,0.8,7.37,0.0,20.0,1.5,1.0,0.7,1661,20,Midfielder,0.6551724137931034,0.4736842105263158,0.0385674931129476,0.7,0.09,0.3333333333333333,0.0666666666666666,0.05,55.94277578405367,38.60368232173506,58.01724137931034,64.5668786082072,52.95068878265398,True,False,Denmark
282472,Sergi Darder,8661,Mallorca,ESP-La Liga,2.9,30.2,9.0,0.0,0.4,3.1,0.17,0.1,0.8,3.0,0.05,0.9,0.4,0.3,0.4,7.01,0.0,36.0,1.5,0.9,1.6,1666,24,Midfielder,0.6923076923076923,0.5,0.0960264900662251,2.0,0.0861111111111111,0.2666666666666666,0.0666666666666666,0.0629629629629629,72.98953294845789,28.6816195974411,70.69729416965725,48.51345113642274,52.832629399351845,True,False,Spain
557677,Nikola Vlasic,9804,Torino,ITA-Serie A,1.2,26.6,2.0,0.0,0.8,1.9,0.09,0.21,1.5,3.0,0.28,0.6,0.5,0.1,0.5,7.1,0.0,30.0,1.4,1.9,0.9,1898,24,Midfielder,0.625,0.24,0.0451127819548872,0.6,0.0633333333333333,0.3571428571428571,0.15,0.063,41.18643054038592,66.48559317626255,55.722844177458775,53.51705934363135,52.76122868309543,True,False,Croatia
434325,Thomas Partey,9825,Arsenal,ENG-Premier League,1.9,52.4,3.0,0.0,1.4,2.6,0.08,0.07,1.4,2.0,0.13,1.1,0.3,0.3,0.4,7.38,0.0,20.0,0.8,2.9,0.8,2799,35,Midfielder,0.7407407407407407,0.275,0.0362595419847328,0.5714285714285715,0.13,0.3749999999999999,0.0875,0.0373333333333333,52.63925729442971,42.93103448275863,55.98474801061008,63.29575596816975,52.70819141811948,False,False,Ghana
771294,Ismaila Sarr,9826,Crystal Palace,ENG-Premier League,0.3,14.2,3.0,0.0,1.4,0.6,0.04,0.41,0.6,1.0,0.33,0.5,0.7,0.1,0.5,6.94,0.0,14.0,1.8,0.7,0.5,1370,16,Midfielder,0.6666666666666667,0.4166666666666667,0.0211267605633802,0.8333333333333334,0.0428571428571428,0.3888888888888888,0.2277777777777777,0.0364444444444444,46.35127685026265,85.49516305195819,42.71987309512664,45.35244057835336,52.696469278251385,True,False,Senegal
439369,Ryan Christie,8678,Bournemouth,ENG-Premier League,2.3,34.6,5.0,0.0,2.1,3.0,0.13,0.09,1.8,3.0,0.08,1.3,0.5,0.5,0.7,7.25,0.0,41.0,1.4,2.3,1.0,2131,29,Midfielder,0.6666666666666666,0.3611111111111111,0.0664739884393063,0.5555555555555556,0.073170731707317,0.3571428571428571,0.0642857142857143,0.0531818181818181,54.92042440318303,35.96153846153846,56.631299734748005,72.82493368700264,52.67443463916321,False,False,Scotland
1079892,Rayan Philippe,9790,Hamburger SV,GER-Bundesliga,0.5,11.1,2.0,0.0,0.7,1.3,0.12,0.4,1.5,0.0,0.45,0.2,1.3,0.0,0.4,6.7,0.0,14.0,2.8,1.4,1.0,1008,19,Attacker,0.5161290322580645,0.125,0.045045045045045,0.6666666666666666,0.0928571428571428,0.4642857142857143,0.1428571428571428,0.0923076923076923,47.39705882352942,85.64705882352942,53.34558823529412,32.43382352941176,52.46597986261288,True,False,France
1199383,Ange-Yoan Bonny,10167,Parma,ITA-Serie A,0.4,15.1,7.0,0.0,0.5,2.2,0.08,0.33,0.7,4.0,0.21,0.1,0.8,0.1,0.4,6.63,0.0,30.0,2.3,1.2,1.2,2545,37,Attacker,0.65,0.0769230769230769,0.0264900662251655,1.7142857142857144,0.0733333333333333,0.3478260869565218,0.1434782608695652,0.064390243902439,48.1498673740053,71.63793103448276,58.63726790450928,35.12267904509284,52.44755486707292,False,False,Ivory Coast
1095445,Arnaud Kalimuendo-Muinga,9851,Rennes,FRA-Ligue 1,0.7,16.5,5.0,0.0,0.6,2.1,0.07,0.52,1.0,3.0,0.59,0.1,1.3,0.1,0.6,6.85,0.0,19.0,2.6,0.7,0.7,2589,33,Attacker,0.4444444444444445,0.125,0.0424242424242424,0.7,0.1105263157894737,0.5,0.2,0.0616949152542372,49.20424403183025,94.78116710875332,44.67838196286473,33.61405835543767,52.43361866868125,False,False,France
1292354,Theo Le Bris,8689,Lorient,FRA-Ligue 1,0.5,26.4,2.0,0.0,1.8,1.6,0.1,0.08,0.5,2.0,0.13,0.6,0.3,0.1,0.3,6.98,0.0,12.0,0.8,1.9,0.7,1436,21,Midfielder,0.8333333333333334,0.24,0.0189393939393939,1.4,0.1333333333333333,0.3749999999999999,0.0999999999999999,0.0444444444444444,52.31617647058824,47.25735294117647,55.625,55.40808823529412,52.38902136768037,True,False,France
638622,Frenkie de Jong,8634,Barcelona,ESP-La Liga,2.3,76.5,8.0,0.0,0.8,2.9,0.18,0.04,0.6,4.0,0.0,1.0,0.1,0.3,0.3,7.44,0.0,27.0,0.4,2.3,0.3,1406,18,Midfielder,0.8461538461538461,0.303030303030303,0.0300653594771241,0.5,0.1074074074074074,0.25,0.0999999999999999,0.0327272727272727,68.7607140999636,36.70862589067457,46.54954621105737,62.70562230197118,52.34007068547912,True,False,Netherlands
1310103,Anton Kade,8406,FC Augsburg,GER-Bundesliga,0.8,20.0,2.0,0.0,1.2,1.2,0.11,0.25,1.0,0.0,0.18,0.5,0.8,0.1,0.5,6.68,0.0,16.0,1.9,1.3,0.8,1007,17,Midfielder,0.6428571428571429,0.2777777777777778,0.04,0.8,0.075,0.4210526315789474,0.131578947368421,0.0763888888888889,40.88970588235294,70.94117647058823,55.42279411764706,47.62132352941177,52.20248642488788,True,False,Germany
1353457,Arthur,8178,Bayer 04 Leverkusen,GER-Bundesliga,1.1,30.2,2.0,0.0,2.3,1.4,0.13,0.09,1.6,3.0,0.1,1.4,0.2,0.1,0.6,6.92,0.0,11.0,1.0,1.6,1.2,942,14,Midfielder,0.6521739130434783,0.4666666666666666,0.0364238410596026,0.7499999999999999,0.1272727272727272,0.2,0.09,0.0531818181818181,55.14705882352942,35.97794117647059,61.08455882352941,62.46323529411765,52.128297203546765,True,False,Brazil
957203,Éderson,8524,Atalanta,ITA-Serie A,3.2,49.2,2.0,0.0,1.7,1.2,0.07,0.17,1.4,0.0,0.06,1.1,0.3,0.4,0.4,7.04,0.0,18.0,1.4,2.4,0.5,1587,21,Midfielder,0.7142857142857142,0.3142857142857143,0.065040650406504,0.3571428571428571,0.0666666666666666,0.2142857142857143,0.1214285714285714,0.0495833333333333,47.35486555364852,48.028124512404425,55.45118843293286,61.69557783325532,52.12088858325338,True,False,Brazil
557805,Mathias Honsak,94937,1. FC Heidenheim 1846,GER-Bundesliga,0.7,14.8,2.0,0.0,2.2,1.6,0.15,0.14,1.0,0.0,0.0,1.5,0.4,0.1,0.3,6.48,0.0,8.0,2.2,1.6,1.3,937,19,Attacker,0.7560975609756099,0.4838709677419354,0.0472972972972972,1.3,0.2,0.1818181818181818,0.0636363636363636,0.0724137931034482,58.68977219535029,40.97706350444688,58.46852733135695,50.91032792427316,52.09495329849803,True,False,Austria
642551,Aleix Garcia,8178,Bayer 04 Leverkusen,GER-Bundesliga,5.5,101.1,9.0,0.0,1.1,4.0,0.21,0.07,0.3,5.0,0.05,0.8,0.2,0.2,0.2,7.45,0.0,31.0,0.9,0.7,0.2,1753,21,Midfielder,0.8333333333333333,0.5333333333333333,0.0544015825914935,0.6666666666666667,0.1290322580645161,0.2222222222222222,0.0777777777777777,0.0525,84.58097987205493,30.10682893847194,51.66630909658293,50.23613928329953,52.04190409428958,True,False,Spain
1354561,Diego Gomez,10204,Brighton and Hove Albion,ENG-Premier League,0.8,24.7,3.0,0.0,1.2,1.2,0.07,0.27,1.7,0.0,0.18,0.6,0.6,0.1,0.6,6.81,0.0,17.0,1.7,3.4,0.8,1527,23,Midfielder,0.7017543859649122,0.15,0.0323886639676113,0.4705882352941177,0.0705882352941176,0.3529411764705882,0.1588235294117647,0.0555882352941176,36.45588235294117,71.51470588235294,48.584558823529406,64.98529411764706,52.03753392950576,True,False,Paraguay
1050158,Fabio Silva,8306,Las Palmas,ESP-La Liga,0.4,14.4,4.0,0.0,1.2,1.8,0.09,0.42,1.9,3.0,0.48,0.2,1.2,0.0,0.5,7.09,0.0,16.0,2.3,0.6,1.0,1877,24,Attacker,0.2962962962962963,0.25,0.0277777777777777,0.5263157894736842,0.1125,0.5217391304347826,0.1826086956521739,0.0741176470588235,50.026525198939,91.77718832891247,47.66246684350133,29.771220159151195,51.84981898191152,False,False,Portugal
1124825,Tim Lemperle,8226,TSG 1899 Hoffenheim,GER-Bundesliga,0.3,16.6,2.0,0.0,1.3,1.6,0.11,0.36,2.6,2.0,0.42,0.3,1.0,0.1,1.2,7.13,0.0,19.0,2.4,1.1,0.6,1291,18,Attacker,0.35,0.2142857142857142,0.0180722891566265,0.2307692307692307,0.0842105263157894,0.4166666666666667,0.15,0.0842553191489361,46.08823529411765,83.02941176470588,39.41176470588235,48.338235294117645,51.83816774587478,True,False,Germany
1284434,Diego Lopez,10267,Valencia CF,ESP-La Liga,0.6,17.4,3.0,0.0,0.6,1.2,0.08,0.16,1.0,0.0,0.21,0.6,0.3,0.1,0.6,6.53,0.0,10.0,1.5,0.8,0.4,1291,22,Attacker,0.5833333333333334,0.4285714285714286,0.0344827586206896,0.4,0.12,0.1999999999999999,0.1066666666666666,0.0533333333333333,57.9237530555989,56.5894705362251,41.81050735944245,51.24677536797213,51.795923850708974,True,False,Spain
915797,Noah Okafor,8463,Leeds United,ENG-Premier League,1.3,13.3,2.0,0.0,0.8,1.0,0.07,0.3,1.1,0.0,0.28,0.7,0.6,0.0,0.5,6.78,0.0,14.0,1.8,1.4,2.3,1277,23,Attacker,0.6562499999999999,0.3333333333333333,0.0977443609022556,2.0909090909090904,0.0714285714285714,0.3333333333333333,0.1666666666666666,0.0567567567567567,31.69117647058824,74.36029411764704,63.65808823529412,52.959558823529406,51.745078834062895,True,False,Switzerland
356406,John McGinn,10252,Aston Villa,ENG-Premier League,1.6,25.4,3.0,0.0,0.7,1.8,0.1,0.14,1.3,2.0,0.17,0.6,0.4,0.3,1.0,6.88,0.0,24.0,1.0,1.5,0.6,1607,22,Midfielder,0.6176470588235293,0.2857142857142857,0.0629921259842519,0.4615384615384615,0.075,0.4,0.14,0.0583333333333333,50.699771155146415,55.77583606386852,47.37120975711239,53.56783429552192,51.61462288953936,True,False,Scotland
1050166,Anthony Elanga,10261,Newcastle United,ENG-Premier League,0.4,24.5,2.0,0.0,0.4,1.4,0.13,0.12,0.5,1.0,0.0,0.2,0.3,0.0,0.2,6.34,0.0,13.0,1.1,1.0,0.8,922,22,Attacker,0.7058823529411765,0.1666666666666666,0.0163265306122449,1.6,0.1076923076923076,0.2727272727272727,0.109090909090909,0.0624,60.50408280022885,47.90131065688875,61.905003380662606,35.38603916367608,51.56085167290966,True,False,Sweden
527103,Breel Embolo,9851,Rennes,FRA-Ligue 1,0.2,12.3,2.0,0.0,0.7,1.1,0.08,0.34,2.3,2.0,0.41,0.3,0.8,0.2,0.6,6.88,0.0,13.0,1.6,1.0,0.7,1316,19,Attacker,0.3611111111111111,0.2307692307692307,0.016260162601626,0.3043478260869565,0.0846153846153846,0.5,0.2125,0.0647619047619047,49.481250325063705,87.67295990014043,41.20172803869559,37.31070239766995,51.53996977665547,True,False,Switzerland
1254297,Andy Diouf,8588,Lens,FRA-Ligue 1,0.4,34.1,3.0,0.0,0.6,3.3,0.13,0.12,1.7,2.0,0.04,0.6,0.2,0.0,0.8,6.85,0.0,33.0,1.6,1.5,1.7,2233,34,Midfielder,0.5526315789473685,0.2857142857142857,0.0117302052785923,1.0,0.0999999999999999,0.125,0.075,0.0624,57.68567639257295,29.94694960212201,70.12599469496021,58.35212201591512,51.53349937519927,False,False,France
1624039,Jesus Rodriguez,10171,Como,ITA-Serie A,0.4,19.1,7.0,0.0,0.6,2.9,0.2,0.19,1.2,6.0,0.0,0.2,0.6,0.0,0.4,6.91,0.0,30.0,2.5,1.2,2.2,1324,22,Attacker,0.5384615384615385,0.1428571428571428,0.0209424083769633,1.8333333333333333,0.0966666666666666,0.24,0.076,0.0974358974358974,58.28999583918448,40.63791803193426,70.74920684454153,38.24235450148229,51.38665972502466,True,False,Spain
706297,Jean-Philippe Mateta,9826,Crystal Palace,ENG-Premier League,0.5,8.0,2.0,0.0,1.9,1.2,0.06,0.56,0.8,0.0,0.38,0.2,1.2,0.2,0.5,6.72,0.0,6.0,2.5,0.4,0.7,1914,23,Attacker,0.4285714285714286,0.3333333333333333,0.0625,0.8749999999999999,0.1999999999999999,0.48,0.224,0.0541935483870967,47.00644926405576,92.28456077391168,43.38667628855256,34.772507411452644,51.34708500408149,True,False,France
604105,Inaki Williams,8315,Athletic Club,ESP-La Liga,0.5,15.4,4.0,0.0,0.4,1.4,0.11,0.27,1.2,2.0,0.08,0.1,0.9,0.0,0.7,6.6,0.0,12.0,2.7,0.4,0.4,1090,16,Attacker,0.2941176470588235,0.2,0.0324675324675324,0.3333333333333333,0.1166666666666666,0.3333333333333333,0.1,0.0781578947368421,63.7445259270817,58.89756592292088,45.29333749414885,36.56375149529308,51.34237281830877,True,False,Ghana
167008,Pascal Gross,9789,Borussia Dortmund,GER-Bundesliga,3.3,57.6,10.0,0.0,1.0,6.4,0.24,0.09,0.7,10.0,0.0,0.3,0.3,0.5,0.4,7.06,0.0,58.0,1.0,1.7,0.1,2338,30,Midfielder,0.7407407407407407,0.15,0.0572916666666666,0.1428571428571428,0.1103448275862069,0.3,0.09,0.0654545454545454,83.57427055702918,33.6604774535809,44.14787798408488,50.13594164456233,51.24590179874039,False,False,Germany
923298,Pablo Martinez,8581,Levante,ESP-La Liga,1.9,24.3,6.0,0.0,1.4,2.2,0.17,0.13,1.5,2.0,0.08,1.2,0.3,0.7,0.5,6.76,0.0,19.0,1.8,0.9,0.9,1175,17,Midfielder,0.5833333333333334,0.5714285714285714,0.0781893004115226,0.6,0.1157894736842105,0.1666666666666666,0.0722222222222222,0.0736666666666666,72.27941176470588,32.66911764705882,56.23161764705882,47.62867647058824,51.2044353095812,True,False,Spain
1054786,Aimar Oroz,8371,Osasuna,ESP-La Liga,1.4,28.2,3.0,0.0,0.7,2.0,0.14,0.07,1.2,2.0,0.0,0.5,0.2,0.1,0.9,6.96,0.0,23.0,1.3,2.1,1.3,1328,18,Midfielder,0.6842105263157895,0.1923076923076923,0.0496453900709219,1.0833333333333337,0.0869565217391304,0.1538461538461538,0.0538461538461538,0.0466666666666666,57.56042284287721,27.852564102564106,65.16097155042388,68.03002288448535,51.20242138785794,True,False,Spain
1078846,Andrea Cambiaso,9885,Juventus,ITA-Serie A,1.5,43.2,7.0,0.0,0.5,3.5,0.18,0.08,1.0,3.0,0.1,0.6,0.5,0.3,0.4,6.99,0.0,39.0,0.9,2.1,0.3,1778,23,Midfielder,0.7297297297297297,0.2222222222222222,0.0347222222222222,0.3,0.0897435897435897,0.5555555555555556,0.0888888888888888,0.0553846153846153,63.12000052010195,40.47721953502887,49.903456077391176,51.00910178394965,51.04050437697435,True,False,Italy
1197347,Nicolas Jackson,8455,Chelsea,ENG-Premier League,0.2,12.0,6.0,0.0,0.6,1.9,0.08,0.5,1.4,5.0,0.4,0.1,1.4,0.1,0.8,7.05,0.0,28.0,3.1,0.9,0.7,2238,30,Attacker,0.4166666666666667,0.1,0.0166666666666666,0.5,0.0678571428571428,0.4516129032258064,0.1612903225806451,0.0689655172413793,44.40981432360744,87.77188328912467,40.533819628647215,42.13527851458887,50.92911129833704,False,False,Senegal
637746,Odsonne Edouard,8588,Lens,FRA-Ligue 1,0.3,11.6,3.0,0.0,1.5,1.3,0.1,0.51,1.2,3.0,0.63,0.1,1.3,0.2,0.4,7.09,0.0,11.0,2.3,0.7,0.9,1136,18,Attacker,0.3999999999999999,0.125,0.0258620689655172,0.75,0.1181818181818181,0.5652173913043479,0.2217391304347826,0.0836065573770491,51.4264705882353,96.36029411764706,52.35294117647059,21.790441176470587,50.9001451813063,True,False,France
818893,Nicolo Zaniolo,8600,Udinese,ITA-Serie A,1.0,17.5,2.0,0.0,0.0,1.7,0.11,0.26,3.1,2.0,0.33,0.3,0.9,0.0,1.3,6.91,0.0,29.0,3.1,1.1,1.4,1347,21,Attacker,0.3111111111111111,0.2142857142857142,0.0571428571428571,0.4516129032258064,0.0586206896551724,0.2903225806451613,0.0838709677419354,0.0772972972972973,44.43382352941177,57.772058823529406,55.12867647058823,47.99999999999999,50.85529828443856,True,False,Italy
798659,Joe Aribo,8466,Southampton,ENG-Premier League,0.7,41.2,3.0,0.0,1.2,1.3,0.06,0.12,0.9,0.0,0.13,0.9,0.3,0.5,0.5,6.62,0.0,16.0,0.8,2.1,0.9,2018,32,Midfielder,0.7692307692307693,0.3,0.0169902912621359,1.0,0.08125,0.3749999999999999,0.15,0.04,31.84350132625995,59.20424403183024,60.494031830238725,68.30570291777188,50.85269570849551,False,False,Nigeria
1114635,Luis Henrique,8636,Internazionale,ITA-Serie A,1.1,38.2,4.0,0.0,0.8,1.3,0.1,0.04,0.4,2.0,0.08,0.5,0.3,0.0,0.2,7.11,0.0,19.0,0.8,1.1,0.5,1174,20,Midfielder,0.8,0.3125,0.0287958115183246,1.25,0.0684210526315789,0.3749999999999999,0.0499999999999999,0.0285714285714285,54.4921984709003,41.65704478077703,63.18643704166016,44.63855515681073,50.80663194653182,True,False,Brazil
845943,Cristian Casseres Jr.,9941,Toulouse,FRA-Ligue 1,2.8,39.2,3.0,0.0,1.0,2.5,0.13,0.08,1.3,0.0,0.05,1.3,0.2,0.4,0.6,7.29,0.0,25.0,0.9,3.1,0.8,1717,21,Midfielder,0.7719298245614036,0.2954545454545454,0.0714285714285714,0.6153846153846154,0.1,0.2222222222222222,0.0888888888888888,0.0495238095238095,63.755096999011805,28.520674052114213,52.96289072658241,70.61439642169866,50.80611537218569,True,False,Venezuela
823658,Valentin Castellanos,8543,Lazio,ITA-Serie A,0.3,13.5,7.0,0.0,0.9,2.6,0.1,0.52,1.4,3.0,0.38,0.2,1.5,0.1,0.5,7.16,0.0,27.0,4.1,0.5,0.6,2394,29,Attacker,0.3333333333333333,0.2857142857142857,0.0222222222222222,0.4285714285714286,0.0962962962962963,0.3658536585365854,0.1268292682926829,0.0838709677419354,58.295755968169765,79.07824933687002,40.1525198938992,31.85676392572945,50.78949282091892,False,False,Argentina
626890,Marius Bülter,8722,1. FC Köln,GER-Bundesliga,1.0,16.5,6.0,0.0,0.9,3.6,0.29,0.29,1.0,3.0,0.24,0.3,1.0,0.2,0.3,6.7,0.0,20.0,2.7,0.3,0.2,1117,20,Attacker,0.3749999999999999,0.5,0.0606060606060606,0.2,0.18,0.3703703703703703,0.1074074074074074,0.145,86.38970588235294,66.59558823529412,34.6139705882353,26.34926470588235,50.78863240291008,True,False,Germany
1341387,Wilson Odobert,8586,Tottenham Hotspur,ENG-Premier League,0.6,25.3,2.0,0.0,1.2,1.2,0.11,0.17,0.2,2.0,0.0,0.1,0.7,0.0,0.6,6.56,0.0,20.0,2.0,0.9,2.2,980,24,Attacker,0.8333333333333334,0.1,0.0237154150197628,11.0,0.06,0.35,0.085,0.0667857142857142,40.36764705882353,42.59558823529412,76.12132352941177,53.77573529411765,50.77442805549908,True,False,France
1185211,Mamadou Sangare,8588,Lens,FRA-Ligue 1,3.0,46.1,2.0,0.0,1.4,1.2,0.07,0.13,1.5,2.0,0.06,1.5,0.4,0.2,1.0,7.59,0.0,18.0,1.5,3.8,1.3,1579,20,Midfielder,0.7794117647058824,0.2830188679245283,0.0650759219088937,0.8666666666666667,0.0666666666666666,0.2666666666666666,0.0866666666666666,0.0455,33.55882352941177,39.66176470588236,69.44852941176471,86.6654411764706,50.73643877767105,True,False,Mali
215242,Leonardo Spinazzola,9875,Napoli,ITA-Serie A,2.4,33.8,1.0,0.0,1.5,2.2,0.15,0.06,0.5,2.0,0.2,0.3,0.5,0.1,0.5,7.03,0.0,22.0,1.2,1.0,0.7,1346,21,Midfielder,0.7222222222222222,0.2307692307692307,0.0710059171597633,1.4,0.1,0.4166666666666667,0.05,0.0428571428571428,62.95326884069277,33.617712071566025,63.50795755968169,46.29445571331981,50.7177941854767,True,False,Italy
1327406,Álvaro Rodriguez,10268,Elche,ESP-La Liga,0.5,15.1,6.0,0.0,1.0,2.1,0.14,0.4,1.5,4.0,0.33,0.1,1.1,0.1,0.3,6.98,0.0,26.0,3.2,0.7,1.8,1346,21,Attacker,0.3478260869565217,0.125,0.0331125827814569,1.2,0.0807692307692307,0.34375,0.125,0.1037037037037037,62.26470588235294,74.44117647058823,68.51102941176471,15.841911764705882,50.71396079833378,True,False,Uruguay
659272,Julian Ryerson,9789,Borussia Dortmund,GER-Bundesliga,1.3,31.5,14.0,0.0,1.6,5.0,0.34,0.04,0.9,11.0,0.0,0.7,0.0,0.1,0.7,7.28,0.0,32.0,0.5,1.8,0.9,1334,20,Midfielder,0.7352941176470589,0.2799999999999999,0.0412698412698412,1.0,0.15625,0.0,0.08,0.0357894736842105,89.98649035210902,18.58996463306808,58.87683986061269,61.56254875955687,50.573414501001,True,False,Norway
1580704,Christantus Uche,8305,Getafe,ESP-La Liga,0.3,13.7,7.0,0.0,0.7,3.1,0.11,0.13,2.0,6.0,0.14,0.4,0.5,0.1,0.9,6.66,0.0,29.0,1.8,1.3,1.2,2501,33,Attacker,0.4594594594594595,0.2352941176470588,0.0218978102189781,0.6,0.1068965517241379,0.2777777777777778,0.0722222222222222,0.0595833333333333,63.938992042440326,38.88594164456234,47.6790450928382,53.15649867374005,50.567449721064406,False,False,Nigeria
1164506,Tiago Tomás,8721,VfL Wolfsburg,GER-Bundesliga,0.7,15.4,4.0,0.0,0.7,1.5,0.07,0.26,1.4,1.0,0.29,0.4,1.0,0.2,0.5,6.75,0.0,20.0,2.0,1.6,1.4,1892,32,Attacker,0.5882352941176471,0.2,0.0454545454545454,1.0,0.075,0.5,0.13,0.0551515151515151,36.30636604774536,77.38726790450927,54.11140583554376,44.6949602122016,50.52846773224542,False,False,Portugal
974755,Lucas Beltran,10267,Valencia CF,ESP-La Liga,0.6,20.6,4.0,0.0,0.9,1.4,0.11,0.22,1.7,2.0,0.08,0.3,0.7,0.1,0.5,6.57,0.0,11.0,2.2,1.4,1.2,1099,21,Attacker,0.5,0.1764705882352941,0.029126213592233,0.7058823529411765,0.1272727272727272,0.3181818181818181,0.0999999999999999,0.0733333333333333,52.50479794039632,57.847441098455306,54.362712591667965,36.362530555988975,50.41814177747692,True,False,Argentina
843099,Scott McTominay,9875,Napoli,ITA-Serie A,0.9,35.1,1.0,0.0,1.9,1.2,0.05,0.28,0.7,3.0,0.28,0.8,1.2,0.4,0.9,7.33,0.0,16.0,3.0,1.1,0.9,1938,23,Midfielder,0.7307692307692308,0.4210526315789473,0.0256410256410256,1.2857142857142858,0.075,0.3999999999999999,0.0933333333333333,0.0424242424242424,29.99663233993863,67.35957247620534,59.76679929266137,61.41199225048109,50.34857895583142,True,False,Scotland
465960,Youri Tielemans,10252,Aston Villa,ENG-Premier League,2.8,47.5,4.0,0.0,0.9,2.6,0.18,0.07,1.5,4.0,0.0,0.7,0.3,0.7,0.3,7.26,0.0,26.0,1.2,2.6,0.6,1299,17,Midfielder,0.6875,0.2121212121212121,0.0589473684210526,0.3999999999999999,0.1,0.25,0.0583333333333333,0.0504,71.80888854215426,27.74552712331617,57.90811749102824,52.198470900296456,50.33477416154749,True,False,Belgium
747767,Ikoma Lois Openda,178475,RB Leipzig,GER-Bundesliga,0.4,13.6,7.0,0.0,0.4,2.3,0.08,0.33,1.1,5.0,0.33,0.2,1.2,0.0,0.5,7.05,0.0,29.0,2.9,0.3,0.8,2463,33,Attacker,0.3125,0.4,0.0294117647058823,0.7272727272727273,0.0793103448275862,0.4137931034482758,0.1137931034482758,0.064390243902439,49.75464190981433,74.96021220159152,45.5238726790451,35.23209549071618,50.3159038082291,False,False,Belgium
1356312,Mateus Fernandes,8654,West Ham United,ENG-Premier League,2.8,39.1,2.0,0.0,1.3,1.9,0.09,0.05,1.3,3.0,0.14,1.2,0.2,0.5,0.6,7.27,0.0,26.0,0.8,3.1,0.9,1950,24,Midfielder,0.7678571428571429,0.2790697674418604,0.0716112531969309,0.6923076923076923,0.073076923076923,0.25,0.0625,0.0321428571428571,50.226010298018416,32.119805481874444,59.49400582514173,71.6029411764706,50.30096377774104,True,False,Portugal
1473580,Aleksandar Pavlovic,9823,Bayern München,GER-Bundesliga,4.7,96.7,2.0,0.0,1.1,1.9,0.15,0.12,1.2,1.0,0.16,0.8,0.3,0.5,0.2,7.23,0.0,16.0,0.6,1.9,0.2,1108,18,Midfielder,0.6923076923076923,0.2962962962962963,0.0486039296794208,0.1666666666666666,0.11875,0.5,0.2,0.0666666666666666,56.632261923336976,55.38547355281634,43.66177770843085,44.23760857127997,50.228686643243165,True,False,Germany
980793,Khéphren Thuram-Ulien,9885,Juventus,ITA-Serie A,1.8,50.7,2.0,0.0,1.1,2.2,0.11,0.1,1.6,2.0,0.05,0.6,0.6,0.3,0.5,7.21,0.0,15.0,1.7,2.4,0.8,1706,23,Midfielder,0.6521739130434783,0.1999999999999999,0.0355029585798816,0.5,0.1466666666666666,0.3529411764705882,0.0588235294117647,0.0523809523809523,53.70216362407032,37.21961304415665,64.22569823685443,48.5751092214074,50.22274710237957,True,False,France
951712,Nicolo Fagioli,8535,Fiorentina,ITA-Serie A,3.8,53.4,10.0,0.0,0.8,2.9,0.16,0.07,0.8,3.0,0.06,0.5,0.2,0.4,0.9,7.16,0.0,48.0,1.0,1.7,0.8,1632,22,Midfielder,0.7333333333333334,0.2272727272727272,0.0711610486891385,1.0,0.0604166666666666,0.2,0.07,0.048695652173913,63.76578509387841,24.762352421074528,64.27257242419515,62.13862667082748,50.176809031082335,True,False,Italy
833638,Nikola Krstovic,8524,Atalanta,ITA-Serie A,0.6,18.0,3.0,0.0,0.6,1.3,0.12,0.72,1.9,4.0,0.65,0.2,1.8,0.3,1.4,7.05,0.0,13.0,5.2,0.6,0.7,976,21,Attacker,0.2962962962962963,0.25,0.0333333333333333,0.3684210526315789,0.1,0.3461538461538461,0.1384615384615384,0.1028571428571428,46.26730639205284,76.19246372288968,40.82969261975347,43.29429968273782,50.1291615243643,True,False,Montenegro
1174726,Rocco Reitz,9788,Borussia Mönchengladbach,GER-Bundesliga,1.9,31.3,3.0,0.0,1.6,2.8,0.13,0.08,1.3,2.0,0.0,1.7,0.5,0.1,0.3,7.06,0.0,21.0,1.5,2.3,0.8,1883,22,Midfielder,0.7547169811320755,0.425,0.060702875399361,0.6153846153846154,0.1333333333333333,0.3333333333333333,0.0533333333333333,0.0495238095238095,65.04409164196183,27.87734696000416,54.15759738908827,64.0235996255266,50.113886025629576,True,False,Germany
661761,Riccardo Orsolini,9857,Bologna,ITA-Serie A,1.9,16.7,1.0,0.0,0.4,0.8,0.05,0.37,0.9,1.0,0.45,0.3,1.4,0.0,0.3,7.02,0.0,17.0,3.2,0.7,1.6,1390,23,Attacker,0.5263157894736842,0.3,0.1137724550898203,1.777777777777778,0.0470588235294117,0.4374999999999999,0.1156249999999999,0.044047619047619,36.63752795547927,79.7024626826858,62.97166744681957,33.69961512456442,50.10223163816861,True,False,Italy
1408580,Joaquin Panichelli,9848,Strasbourg,FRA-Ligue 1,0.1,14.2,5.0,0.0,1.2,1.3,0.06,0.58,1.7,1.0,0.58,0.6,1.2,0.4,0.8,7.27,0.0,22.0,2.4,1.2,0.5,1854,22,Attacker,0.5142857142857142,0.3333333333333333,0.0070422535211267,0.2941176470588235,0.059090909090909,0.5,0.2416666666666666,0.054375,40.26470588235294,96.25735294117646,30.9375,55.06617647058823,49.9038585539068,True,False,Argentina
282281,Denis Suárez,9866,Alavés,ESP-La Liga,1.7,49.0,1.0,0.0,0.6,1.0,0.09,0.07,1.4,0.0,0.09,0.4,0.3,0.3,0.6,6.64,0.0,13.0,0.5,1.7,1.3,980,19,Midfielder,0.6,0.1904761904761904,0.0346938775510204,0.9285714285714288,0.0769230769230769,0.6,0.14,0.039375,32.654411764705884,59.3014705882353,69.31985294117646,50.18382352941176,49.86273348437756,True,False,Spain
1022649,Dan Ndoye,10203,Nottingham Forest,ENG-Premier League,0.5,17.4,2.0,0.0,0.8,1.5,0.13,0.08,1.2,1.0,0.08,0.8,0.3,0.2,0.2,6.59,0.0,13.0,1.2,1.8,1.0,1088,19,Attacker,0.6842105263157895,0.3076923076923077,0.028735632183908,0.8333333333333334,0.1153846153846153,0.25,0.0666666666666666,0.0495238095238095,56.83718208768919,43.85906537681385,56.09842279086701,41.50404379258335,49.86092716264964,True,False,Switzerland
93447,Robert Lewandowski,8634,Barcelona,ESP-La Liga,0.3,13.7,3.0,0.0,0.8,0.8,0.08,0.96,1.0,1.0,0.96,0.2,2.1,0.0,0.8,6.97,0.0,9.0,4.3,0.3,0.8,935,19,Attacker,0.3333333333333333,0.4,0.0218978102189781,0.8,0.0888888888888888,0.4883720930232558,0.2232558139534883,0.0738461538461538,35.59828626410776,95.9365995735164,46.62960940344308,39.57518723669839,49.83963437210637,True,False,Poland
982677,Folarin Balogun,9829,Monaco,FRA-Ligue 1,0.2,12.5,6.0,0.0,0.3,1.0,0.07,0.44,1.7,3.0,0.29,0.2,1.2,0.1,0.9,6.81,0.0,13.0,3.0,0.4,0.8,1249,18,Attacker,0.2608695652173913,0.3333333333333333,0.016,0.4705882352941177,0.0769230769230769,0.3999999999999999,0.1466666666666666,0.0603921568627451,41.40441176470589,80.90441176470588,41.94852941176471,44.49999999999999,49.82625245503977,True,False,USA
889534,Emile Smith Rowe,9879,Fulham,ENG-Premier League,0.4,41.8,1.0,0.0,0.8,0.9,0.06,0.25,0.3,0.0,0.21,1.3,0.5,0.1,0.4,6.69,0.0,13.0,1.8,1.3,0.6,1269,26,Midfielder,0.896551724137931,0.5,0.0095693779904306,2.0,0.0692307692307692,0.2777777777777778,0.1388888888888889,0.0483870967741935,30.13655276434181,64.00539605762731,64.07971212357621,56.26521298174441,49.77489478547456,True,False,England
1134467,Yuito Suzuki,8358,Sport-Club Freiburg,GER-Bundesliga,1.1,16.8,1.0,0.0,0.8,1.3,0.11,0.24,1.0,2.0,0.25,0.4,0.9,0.0,0.5,6.78,0.0,16.0,2.4,1.1,1.0,1066,17,Midfielder,0.6,0.2666666666666666,0.0654761904761904,1.0,0.08125,0.375,0.1,0.0754285714285714,39.36029411764706,63.93382352941177,58.25367647058823,42.40808823529412,49.747440795248224,True,False,Japan
952095,Oscar Mingueza,9910,Celta de Vigo,ESP-La Liga,2.1,48.5,4.0,0.0,1.6,3.2,0.23,0.04,0.6,2.0,0.07,0.3,0.3,0.4,0.2,6.92,0.0,19.0,0.9,2.3,0.6,1259,21,Midfielder,0.8125,0.1153846153846153,0.0432989690721649,1.0,0.1684210526315789,0.3333333333333333,0.0444444444444444,0.034074074074074,83.07376345763768,23.37881624798461,59.27582306132003,47.54935117282988,49.73854908035603,True,False,Spain
1343053,Abdoul Ouattara,9848,Strasbourg,FRA-Ligue 1,0.2,33.3,4.0,0.0,1.4,0.8,0.07,0.14,0.6,0.0,0.16,0.7,0.3,0.0,0.2,6.72,0.0,4.0,1.2,1.4,0.4,1124,18,Midfielder,0.7777777777777777,0.3333333333333333,0.006006006006006,0.6666666666666667,0.2,0.25,0.1166666666666666,0.0466666666666666,52.5,50.72058823529412,47.22426470588236,47.47426470588235,49.67945375731188,True,False,France
915111,Shuto Machino,8150,Holstein Kiel,GER-Bundesliga,0.9,18.4,5.0,0.0,1.2,2.6,0.12,0.29,0.9,2.0,0.5,0.3,1.1,0.1,0.2,6.8,0.0,28.0,2.3,0.4,0.5,1962,32,Attacker,0.4374999999999999,0.4285714285714286,0.0489130434782608,0.5555555555555556,0.0928571428571428,0.4782608695652174,0.1260869565217391,0.0848780487804878,56.942970822281175,80.91511936339523,44.71153846153846,24.93700265251989,49.61502446994529,False,False,Japan
889536,Timothy Weah,8592,Marseille,FRA-Ligue 1,0.9,32.1,3.0,0.0,1.1,1.7,0.11,0.09,1.3,2.0,0.13,0.6,0.5,0.2,0.2,6.95,0.0,18.0,1.1,1.8,0.6,1417,19,Midfielder,0.6486486486486486,0.25,0.02803738317757,0.4615384615384615,0.0944444444444444,0.4545454545454545,0.0818181818181818,0.0494999999999999,45.73347376085712,56.79775836063868,48.95420502418474,48.01215738284704,49.58733869977969,True,False,USA
1329255,Louis Mouton,8121,Angers,FRA-Ligue 1,1.3,24.9,4.0,0.0,0.7,2.1,0.13,0.14,1.0,1.0,0.12,0.5,0.5,0.2,0.4,6.63,0.0,18.0,1.7,1.8,0.5,1484,21,Midfielder,0.6969696969696969,0.2173913043478261,0.0522088353413654,0.5,0.1166666666666666,0.2941176470588235,0.0823529411764706,0.0674074074074074,55.44931606594893,39.74534508763718,50.50092318094346,53.83072632235919,49.5474494672073,True,False,France
148830,Benjamin André,8639,Lille,FRA-Ligue 1,2.4,45.1,1.0,0.0,1.6,1.6,0.1,0.13,1.6,1.0,0.12,1.0,0.2,0.2,1.1,7.35,0.0,18.0,1.1,2.3,0.4,1520,17,Midfielder,0.6734693877551019,0.303030303030303,0.0532150776053215,0.25,0.0888888888888888,0.1818181818181818,0.1181818181818181,0.0565217391304347,48.000806158006974,40.37058563478442,43.20837884225309,79.42255682113695,49.51896827411484,True,False,France
1030212,Sebastiano Esposito,8529,Cagliari,ITA-Serie A,2.1,24.7,10.0,0.0,0.8,3.1,0.16,0.11,1.8,4.0,0.16,0.4,0.4,0.2,0.3,7.05,0.0,45.0,1.6,1.9,0.7,1720,24,Attacker,0.5609756097560976,0.1739130434782609,0.0850202429149797,0.3888888888888888,0.0688888888888888,0.25,0.0687499999999999,0.0651851851851851,57.90574452592708,44.9713033754616,47.66994330888853,46.25481744421906,49.504299187111926,True,False,Italy
1640832,Arsene Kouassi,8689,Lorient,FRA-Ligue 1,0.5,25.1,6.0,0.0,1.9,2.2,0.11,0.02,0.6,4.0,0.1,0.9,0.1,0.1,0.5,7.23,0.0,23.0,0.3,0.9,1.5,1790,21,Midfielder,0.75,0.5,0.0199203187250996,2.5,0.0956521739130434,0.3333333333333333,0.0666666666666666,0.0169230769230769,62.23529411764706,28.139705882352946,58.32720588235294,57.70588235294117,49.459841771278604,True,False,Burkina Faso
561164,Lucas Boye,9866,Alavés,ESP-La Liga,0.3,14.8,3.0,0.0,0.7,0.9,0.06,0.34,2.4,1.0,0.33,0.3,0.8,0.2,1.3,6.66,0.0,18.0,2.7,1.6,1.9,1353,18,Attacker,0.4418604651162791,0.1578947368421052,0.0202702702702702,0.7916666666666666,0.05,0.2962962962962963,0.1259259259259259,0.051,31.625000000000004,70.29411764705881,54.92647058823529,54.02941176470588,49.34127611211588,True,False,Argentina
942379,Miguel Gutiérrez,7732,Girona,ESP-La Liga,1.2,36.9,6.0,0.0,1.1,4.6,0.17,0.06,1.1,5.0,0.04,0.6,0.3,0.3,0.4,6.93,0.0,41.0,1.0,1.4,1.1,2464,29,Midfielder,0.6451612903225806,0.3,0.032520325203252,1.0,0.1121951219512195,0.3,0.06,0.0443478260869565,73.0238726790451,26.047745358090182,62.4502652519894,45.33819628647215,49.33537257136716,False,False,Spain
1209441,Ivan Romero,8581,Levante,ESP-La Liga,0.4,15.4,2.0,0.0,0.5,1.1,0.07,0.33,1.4,1.0,0.23,0.4,0.6,0.1,0.6,6.77,0.0,13.0,2.2,1.2,1.4,1547,20,Attacker,0.5333333333333333,0.25,0.0259740259740259,1.0,0.0846153846153846,0.2727272727272727,0.15,0.05775,34.713235294117645,69.6029411764706,57.8125,44.54411764705882,49.325209123907925,True,False,Spain
639671,Patrick Cutrone,10171,Como,ITA-Serie A,0.2,14.5,5.0,0.0,0.2,2.1,0.09,0.31,1.0,4.0,0.31,0.2,1.1,0.0,0.9,6.64,0.0,19.0,3.1,0.7,0.4,2053,33,Attacker,0.4736842105263157,0.2222222222222222,0.0137931034482758,0.4,0.1105263157894737,0.3548387096774194,0.0999999999999999,0.0697499999999999,53.362068965517246,66.40583554376657,34.648541114058354,46.952917771883286,49.31455457055565,False,False,Italy
1185568,Benedict Hollerbach,8149,1. FC Union Berlin,GER-Bundesliga,0.7,15.0,3.0,0.0,0.4,2.2,0.08,0.22,1.4,0.0,0.29,0.1,0.8,0.0,0.6,6.57,0.0,26.0,2.6,1.6,1.5,2464,33,Attacker,0.5483870967741936,0.0588235294117647,0.0466666666666666,1.0714285714285714,0.0846153846153846,0.3076923076923077,0.0846153846153846,0.0586666666666666,42.8050397877984,55.42440318302388,56.183687002652526,44.7579575596817,49.311741324952095,False,False,Germany
971787,Haissem Hassan,8670,Real Oviedo,ESP-La Liga,2.3,18.5,1.0,0.0,0.4,2.7,0.19,0.09,0.4,2.0,0.0,0.2,0.4,0.0,0.8,6.61,0.0,15.0,1.9,1.4,3.2,1307,22,Attacker,0.7999999999999999,0.125,0.1243243243243243,8.0,0.18,0.2105263157894737,0.0473684210526315,0.0610714285714285,66.24264705882352,19.073529411764707,70.7904411764706,65.75735294117648,49.26421746102946,True,False,Egypt
1387194,Kassoum Ouattara,9829,Monaco,FRA-Ligue 1,0.9,25.7,5.0,0.0,1.7,2.2,0.2,0.09,2.1,3.0,0.0,1.4,0.0,0.0,0.5,7.03,0.0,17.0,1.1,2.5,0.8,963,14,Midfielder,0.65,0.358974358974359,0.0350194552529182,0.3809523809523809,0.1294117647058823,0.0,0.0818181818181818,0.0620689655172413,74.36764705882352,24.73529411764705,48.78676470588235,63.59926470588236,49.26181462333938,True,False,France
935769,Armand Laurienté,7943,Sassuolo,ITA-Serie A,0.6,20.5,8.0,0.0,0.6,2.7,0.15,0.13,1.4,3.0,0.22,0.2,1.0,0.0,0.5,6.79,0.0,33.0,2.6,0.8,0.9,1603,25,Attacker,0.4166666666666667,0.2,0.0292682926829268,0.6428571428571429,0.0818181818181818,0.3846153846153846,0.05,0.0696428571428571,67.81617647058823,45.14705882352941,53.97058823529412,29.98161764705882,49.14367790928957,True,False,France
466113,Jari Vandeputte,7801,Cremonese,ITA-Serie A,2.2,31.7,7.0,0.0,2.0,3.3,0.22,0.08,1.3,4.0,0.0,0.9,0.3,0.1,0.3,6.92,0.0,37.0,0.8,1.7,0.3,1347,21,Midfielder,0.6666666666666666,0.3461538461538461,0.0694006309148265,0.2307692307692307,0.0891891891891891,0.3749999999999999,0.0999999999999999,0.0586666666666666,76.11029411764706,39.52205882352941,37.29779411764706,47.139705882352935,49.11804477367661,True,False,Belgium
1137364,Justin Njinmah,8697,SV Werder Bremen,GER-Bundesliga,0.1,14.3,1.0,0.0,0.6,0.6,0.04,0.33,0.5,0.0,0.3,0.4,1.1,0.0,0.7,6.63,0.0,8.0,2.7,1.0,0.8,1212,21,Attacker,0.7368421052631579,0.2857142857142857,0.0069930069930069,1.6,0.075,0.4074074074074074,0.1222222222222222,0.0356756756756756,30.96550423883081,72.21936599573517,51.314980236126274,57.3564063556457,49.113885439274746,True,False,Germany
1158512,Juanlu Sánchez,8302,Sevilla,ESP-La Liga,1.5,29.3,3.0,0.0,1.5,2.1,0.14,0.04,1.1,2.0,0.0,0.5,0.1,0.0,0.4,6.78,0.0,17.0,0.7,2.8,1.1,1336,20,Midfielder,0.7499999999999999,0.1515151515151515,0.0511945392491467,1.0,0.1235294117647058,0.1428571428571428,0.0571428571428571,0.0311111111111111,56.06165808498466,33.34109585478753,53.23080823841472,58.5552088209289,49.02285734772058,True,False,Spain
1168311,Yasin Ayari,10204,Brighton and Hove Albion,ENG-Premier League,2.0,39.2,1.0,0.0,1.1,1.1,0.06,0.13,1.0,2.0,0.16,1.2,0.5,0.2,0.7,7.13,0.0,12.0,2.1,2.3,0.7,1701,21,Midfielder,0.7777777777777778,0.3428571428571428,0.0510204081632653,0.7,0.0916666666666666,0.238095238095238,0.0619047619047619,0.0410526315789473,40.19637748998804,39.67411712695689,55.42801139023248,73.38443334893638,48.97066549939046,True,False,Sweden
1428426,Arthur Atta,8600,Udinese,ITA-Serie A,1.2,25.7,4.0,0.0,1.2,1.6,0.09,0.13,0.7,3.0,0.11,0.6,0.7,0.1,0.7,7.06,0.0,26.0,2.1,1.0,2.5,1607,20,Midfielder,0.6956521739130436,0.3749999999999999,0.046692607003891,3.571428571428572,0.0615384615384615,0.3333333333333333,0.0619047619047619,0.0531818181818181,43.07105892754979,34.35037967441618,73.01691631559785,56.07984865033546,48.96162110022077,True,False,France
684983,Atakan Karazor,10269,VfB Stuttgart,GER-Bundesliga,0.8,42.3,3.0,0.0,2.7,1.4,0.1,0.04,0.9,0.0,0.0,0.8,0.1,0.3,0.4,7.04,0.0,9.0,0.3,1.7,0.3,1344,20,Midfielder,0.7352941176470589,0.32,0.0189125295508274,0.3333333333333333,0.1555555555555555,0.3333333333333333,0.1333333333333333,0.0285714285714285,55.99297862381027,44.68644354293442,39.37786056066989,58.88460238206688,48.95503865568824,True,False,Turkiye
1106563,Nick Woltemade,10261,Newcastle United,ENG-Premier League,0.3,11.5,2.0,0.0,1.1,0.8,0.05,0.4,1.0,2.0,0.44,0.2,0.8,0.1,0.4,6.67,0.0,11.0,1.9,1.0,0.6,1426,23,Attacker,0.5454545454545454,0.1666666666666666,0.0260869565217391,0.6,0.0727272727272727,0.4210526315789474,0.2105263157894737,0.0444444444444444,40.64166276590212,90.93016331200916,48.18637202891767,30.19654002184428,48.875467799087794,True,False,Germany
1214915,Brooke Norton-Cuffy,10233,Genoa,ITA-Serie A,1.2,23.8,2.0,0.0,1.7,1.7,0.08,0.06,1.0,1.0,0.05,0.5,0.2,0.3,0.4,6.77,0.0,18.0,0.5,1.8,1.3,1992,23,Midfielder,0.6969696969696969,0.2173913043478261,0.0504201680672268,1.3,0.0944444444444444,0.4,0.12,0.0342857142857142,44.80882352941177,45.56617647058823,57.5735294117647,49.34191176470589,48.83920852683598,True,False,England
724368,Keinan Davis,8600,Udinese,ITA-Serie A,0.3,13.3,4.0,0.0,0.8,1.4,0.08,0.43,1.9,3.0,0.42,0.0,0.9,0.0,0.8,6.94,0.0,21.0,2.2,0.6,1.6,1503,22,Attacker,0.24,0.0,0.0225563909774436,0.8421052631578948,0.0666666666666666,0.409090909090909,0.1954545454545454,0.0674509803921568,36.262690487335526,78.0233135694596,55.46061528059499,36.08857986165288,48.79375417147593,True,False,Jamaica
540097,Patrik Schick,8178,Bayer 04 Leverkusen,GER-Bundesliga,0.3,15.5,3.0,0.0,1.1,2.1,0.16,0.64,0.8,2.0,0.53,0.1,1.0,0.1,0.5,7.1,0.0,5.0,2.6,0.3,0.4,1194,17,Attacker,0.3333333333333333,0.25,0.0193548387096774,0.5,0.42,0.3846153846153846,0.2461538461538461,0.128,50.12275706038383,92.62435637384928,40.17423414989338,26.63817158163,48.72811039035977,True,False,Czechia
725398,Mathias Pereira Lage,8152,FC St. Pauli,GER-Bundesliga,0.6,15.2,3.0,0.0,0.9,1.1,0.07,0.19,1.6,2.0,0.0,0.7,0.8,0.1,0.6,6.64,0.0,22.0,1.8,1.8,0.5,1412,20,Attacker,0.6097560975609757,0.2799999999999999,0.0394736842105263,0.3125,0.05,0.4444444444444445,0.1055555555555555,0.0511538461538461,50.5631923857076,54.474111925937486,34.816989129869455,60.74433088885422,48.679581843506185,True,False,Portugal
1322858,Pablo Durán,9910,Celta de Vigo,ESP-La Liga,0.9,15.3,2.0,0.0,1.0,1.0,0.1,0.27,1.2,2.0,0.2,0.3,0.9,0.2,0.7,6.59,0.0,6.0,2.2,1.0,0.5,919,19,Attacker,0.52,0.2307692307692307,0.0588235294117647,0.4166666666666667,0.1666666666666666,0.409090909090909,0.1227272727272727,0.0729729729729729,43.73074322567223,70.06922556821137,38.74180839444531,47.21107036979248,48.46984473327085,True,False,Spain
737066,Erling Haaland,8456,Manchester City,ENG-Premier League,0.2,7.4,7.0,0.0,1.3,1.8,0.07,0.85,0.7,6.0,0.92,0.1,2.0,0.0,0.5,7.71,0.0,19.0,3.9,0.5,0.4,2148,26,Attacker,0.4615384615384615,0.1666666666666666,0.027027027027027,0.5714285714285715,0.0947368421052631,0.5128205128205129,0.2179487179487179,0.0646739130434782,49.90469131949863,97.4870234565975,34.22091980028085,29.911244603942368,48.46396375401648,True,False,Norway
1073905,Rassoul Ndiaye,9746,Le Havre,FRA-Ligue 1,1.0,25.8,4.0,0.0,0.8,1.7,0.1,0.11,0.7,3.0,0.17,0.5,0.3,0.1,0.4,7.03,0.0,20.0,1.2,2.4,0.7,1629,22,Midfielder,0.8055555555555556,0.1724137931034483,0.0387596899224806,1.0,0.0849999999999999,0.25,0.0916666666666666,0.0523809523809523,43.28362459041972,43.88400426483591,47.84976855463671,65.61374629427367,48.3996895558446,True,False,Senegal
867414,Sandro Tonali,10261,Newcastle United,ENG-Premier League,2.7,46.7,3.0,0.0,1.3,1.6,0.08,0.08,0.9,1.0,0.0,1.2,0.3,0.3,0.4,7.0,0.0,18.0,1.3,1.3,0.9,1776,26,Midfielder,0.7352941176470589,0.48,0.0578158458244111,1.0,0.0888888888888888,0.2307692307692307,0.0615384615384615,0.04,48.12944037031258,33.30292037239299,62.33346986009258,56.151291153066005,48.294324784949154,True,False,Italy
610184,Emiliano Buendia,10252,Aston Villa,ENG-Premier League,1.1,28.3,1.0,0.0,1.2,1.5,0.12,0.2,2.0,2.0,0.39,0.4,0.7,0.2,0.8,6.82,0.0,22.0,2.7,2.6,0.5,1150,24,Attacker,0.6,0.1333333333333333,0.03886925795053,0.25,0.0681818181818181,0.2592592592592592,0.074074074074074,0.075,41.58088235294118,51.41176470588235,43.713235294117645,63.24264705882352,48.28241488718941,True,False,Argentina
1113724,Tyler Morton,9748,Lyon,FRA-Ligue 1,3.9,46.6,2.0,0.0,1.6,2.9,0.15,0.07,1.3,2.0,0.11,0.8,0.3,0.5,0.5,7.22,0.0,24.0,1.2,1.8,0.5,1677,19,Midfielder,0.6666666666666666,0.3076923076923077,0.0836909871244635,0.3846153846153846,0.1208333333333333,0.25,0.0583333333333333,0.0477272727272727,66.01470588235294,27.889705882352946,50.20220588235294,56.819852941176464,48.23184915175477,True,False,England
655575,Jacob Bruun Larsen,8191,Burnley,ENG-Premier League,0.3,20.6,2.0,0.0,1.2,1.1,0.11,0.12,0.1,1.0,0.0,0.6,0.4,0.1,0.4,6.34,0.0,10.0,1.5,1.2,0.9,913,21,Attacker,0.9473684210526316,0.3333333333333333,0.0145631067961165,9.0,0.11,0.2666666666666666,0.08,0.057391304347826,47.21323529411765,32.786764705882355,62.88602941176471,57.88235294117647,48.22714451344082,True,False,Denmark
1382000,Petar Sucic,8636,Internazionale,ITA-Serie A,2.4,44.3,5.0,0.0,0.9,1.5,0.12,0.1,1.7,2.0,0.08,0.3,0.3,0.1,0.6,7.0,0.0,20.0,1.3,1.9,0.9,1151,23,Midfielder,0.5641025641025641,0.1363636363636363,0.0541760722347629,0.5294117647058824,0.075,0.2307692307692307,0.0769230769230769,0.0545454545454545,52.963235294117645,32.59558823529412,62.05882352941177,49.77573529411765,48.20437752250018,True,False,Croatia
940829,Carlos Augusto,8636,Internazionale,ITA-Serie A,0.6,44.9,0.0,0.0,2.5,1.3,0.11,0.1,1.6,1.0,0.09,0.5,0.4,0.3,0.4,6.93,0.0,10.0,1.2,2.1,0.5,986,22,Midfielder,0.6190476190476191,0.1923076923076923,0.0133630289532293,0.3125,0.13,0.3333333333333333,0.0833333333333333,0.0523809523809523,47.77076506995371,46.15358610287617,51.92662011754303,46.7868362198991,48.15842459241773,True,False,Brazil
213516,Daniel Rodriguez,8661,Mallorca,ESP-La Liga,0.9,19.0,7.0,0.0,1.0,3.4,0.14,0.11,2.1,7.0,0.17,0.5,0.4,0.1,0.4,6.71,0.0,33.0,1.3,2.0,0.7,2175,37,Midfielder,0.5434782608695653,0.2,0.0473684210526315,0.3333333333333333,0.103030303030303,0.3076923076923077,0.0846153846153846,0.0616,67.4602122015915,44.01193633952255,39.45623342175066,41.30636604774536,48.06613853484546,False,False,Spain
708890,Carlos Soler,8560,Real Sociedad,ESP-La Liga,1.9,36.4,5.0,0.0,1.0,2.0,0.14,0.12,1.6,2.0,0.14,0.6,0.8,0.4,0.3,6.81,0.0,28.0,1.5,1.7,0.5,1294,20,Midfielder,0.5897435897435898,0.2608695652173913,0.0521978021978022,0.3125,0.0714285714285714,0.5333333333333333,0.08,0.0646153846153846,55.448041816195975,49.586349924585214,47.8264939928226,37.374187340718784,48.0217394613577,True,False,Spain
844437,Amine Gouiri,8592,Marseille,FRA-Ligue 1,0.0,23.0,7.0,0.0,0.0,3.3,0.14,0.51,1.3,5.0,0.56,0.1,1.8,0.0,1.0,7.01,0.0,34.0,3.5,0.0,1.1,2088,33,Attacker,0.0714285714285714,1.0,0.0,0.8461538461538461,0.0970588235294117,0.5142857142857143,0.1457142857142857,0.1098461538461538,44.42086648983201,61.71971706454465,43.83289124668435,43.98762157382847,47.97314767556709,False,False,Algeria
1107280,Pape Sarr,8586,Tottenham Hotspur,ENG-Premier League,1.2,35.5,2.0,0.0,3.4,0.9,0.09,0.11,2.2,3.0,0.19,0.8,0.5,0.6,0.4,6.78,0.0,6.0,0.8,1.9,0.6,930,17,Midfielder,0.5510204081632653,0.2962962962962963,0.0338028169014084,0.2727272727272727,0.15,0.625,0.1374999999999999,0.0494999999999999,37.49451292453321,64.59407343839392,44.00914079159515,52.95927601809954,47.908504409938914,True,False,Senegal
562719,Valentin Rongier,9851,Rennes,FRA-Ligue 1,1.6,56.2,5.0,0.0,1.6,2.3,0.12,0.04,1.7,2.0,0.05,1.0,0.3,0.4,0.7,7.46,0.0,27.0,0.9,2.2,0.8,1755,20,Midfielder,0.6530612244897959,0.3125,0.0284697508896797,0.4705882352941177,0.0851851851851851,0.3333333333333333,0.0444444444444444,0.0299999999999999,54.97036719196964,29.669969313985543,51.80618401206636,64.18531232121497,47.88509996498267,True,False,France
1431818,Lilian Rao-Lisoa,8121,Angers,FRA-Ligue 1,1.3,23.5,4.0,0.0,2.2,1.4,0.12,0.06,1.3,1.0,0.17,0.7,0.4,0.2,0.5,6.69,0.0,14.0,1.0,2.5,1.0,1031,20,Attacker,0.7111111111111111,0.2187499999999999,0.0553191489361702,0.7692307692307692,0.0999999999999999,0.4,0.06,0.04,54.00027305351849,30.53029593800385,53.33206558485463,60.78439824205545,47.79770733184986,True,False,France
1015185,Eduardo Camavinga,8633,Real Madrid,ESP-La Liga,2.9,59.3,1.0,0.0,1.3,1.3,0.12,0.1,2.0,0.0,0.09,0.8,0.2,0.5,0.5,7.29,0.0,10.0,0.9,4.0,1.1,988,18,Midfielder,0.7058823529411765,0.1666666666666666,0.0489038785834738,0.55,0.13,0.2222222222222222,0.1111111111111111,0.0545454545454545,39.409528267540445,35.51020700057212,64.88525250949185,63.161036563166384,47.79638177760429,True,False,France
1016093,Gustav Isaksen,8543,Lazio,ITA-Serie A,0.8,22.2,0.0,0.0,0.4,0.7,0.06,0.2,1.2,1.0,0.25,0.5,1.1,0.2,0.9,6.79,0.0,13.0,2.5,1.1,1.4,1066,19,Attacker,0.5714285714285715,0.3125,0.036036036036036,1.1666666666666667,0.0538461538461538,0.44,0.08,0.0461538461538461,29.881221719457017,60.863252197430704,64.1288292505331,49.46093384303324,47.78857537332067,True,False,Denmark
415539,Matteo Politano,9875,Napoli,ITA-Serie A,0.6,29.2,6.0,0.0,0.6,3.0,0.19,0.09,0.9,3.0,0.0,0.2,0.4,0.1,0.5,6.92,0.0,24.0,2.2,0.7,1.6,1400,22,Attacker,0.5,0.2222222222222222,0.0205479452054794,1.777777777777778,0.125,0.1818181818181818,0.0409090909090909,0.0610714285714285,76.56529879856451,21.38064960732304,70.17481926457585,39.72802569303584,47.761674098356096,True,False,Italy
950474,James Garner,8668,Everton,ENG-Premier League,1.7,41.2,9.0,0.0,2.4,4.0,0.16,0.07,0.9,3.0,0.08,1.5,0.4,0.3,0.4,7.45,0.0,34.0,1.5,3.1,0.6,2334,26,Midfielder,0.8363636363636363,0.3260869565217391,0.04126213592233,0.6666666666666666,0.1176470588235294,0.2666666666666666,0.0466666666666666,0.048695652173913,67.14454933166901,22.82546679149113,48.66892911010558,70.25972590627764,47.737798143147245,True,False,England
921921,Kristian Thorstvedt,7943,Sassuolo,ITA-Serie A,0.5,29.7,3.0,0.0,1.6,1.2,0.08,0.21,1.4,2.0,0.13,1.2,0.5,0.3,0.4,6.95,0.0,23.0,1.6,1.6,0.5,1378,20,Midfielder,0.6666666666666667,0.4285714285714286,0.0168350168350168,0.3571428571428571,0.0521739130434782,0.3125,0.1312499999999999,0.0579310344827586,39.18382352941177,60.10294117647059,43.713235294117645,53.680147058823536,47.7278588723877,True,False,Norway
1609213,Mateus Mane,8602,Wolverhampton Wanderers,ENG-Premier League,0.3,15.5,2.0,0.0,1.4,1.3,0.12,0.11,1.5,1.0,0.18,0.2,1.1,0.1,0.4,6.67,0.0,10.0,2.5,1.6,1.5,987,16,Midfielder,0.5454545454545455,0.1111111111111111,0.0193548387096774,1.0,0.13,0.44,0.044,0.057391304347826,53.32352941176472,43.36029411764706,58.382352941176464,35.39705882352941,47.72133175616425,True,False,England
972120,Boulaye Dia,8543,Lazio,ITA-Serie A,0.8,20.3,7.0,0.0,0.7,1.5,0.06,0.29,0.9,3.0,0.37,0.2,0.8,0.0,0.5,6.76,0.0,26.0,1.6,0.9,0.7,2194,35,Attacker,0.55,0.1818181818181818,0.0394088669950738,0.7777777777777777,0.0576923076923076,0.5,0.1812499999999999,0.0497142857142857,38.01724137931035,85.43766578249337,45.30835543766579,34.16445623342175,47.60647231122671,False,False,Senegal
954621,Youssouf Fofana,8564,Milan,ITA-Serie A,0.9,27.1,2.0,0.0,0.7,2.0,0.12,0.16,1.0,2.0,0.06,0.5,0.6,0.1,0.7,6.81,0.0,21.0,1.8,1.9,0.4,1475,21,Midfielder,0.7058823529411765,0.2083333333333333,0.033210332103321,0.4,0.0952380952380952,0.3333333333333333,0.0888888888888888,0.0685714285714285,54.58481562386228,35.46960004160815,44.266558745514125,60.02875513600666,47.39979189587024,True,False,France
556524,Lucas Höler,8358,Sport-Club Freiburg,GER-Bundesliga,0.2,17.9,1.0,0.0,1.5,1.5,0.1,0.18,1.2,1.0,0.07,0.5,0.7,0.1,0.3,6.74,0.0,17.0,1.4,0.9,0.4,1355,21,Attacker,0.5384615384615385,0.3571428571428571,0.0111731843575419,0.3333333333333333,0.088235294117647,0.5,0.1285714285714286,0.0642857142857142,42.51267748478702,72.57133198106828,39.67682165704478,40.5169228168721,47.30513874994384,True,False,Germany
813055,Mousa Tamari,9851,Rennes,FRA-Ligue 1,0.5,21.0,4.0,0.0,0.3,2.9,0.19,0.19,0.9,3.0,0.2,0.5,1.0,0.1,1.0,6.93,0.0,21.0,2.3,1.2,1.3,1365,21,Midfielder,0.6538461538461539,0.2941176470588235,0.0238095238095238,1.4444444444444444,0.1380952380952381,0.4347826086956522,0.0826086956521739,0.095,55.89802101211837,40.9291751183232,48.49853071201954,42.6655354449472,47.2797055591854,True,False,Jordan
654908,Richarlison,8586,Tottenham Hotspur,ENG-Premier League,0.5,9.2,3.0,0.0,2.8,1.2,0.08,0.33,1.0,3.0,0.49,0.3,0.9,0.1,0.6,6.88,0.0,14.0,2.5,1.1,0.5,1278,21,Attacker,0.5833333333333333,0.2142857142857142,0.0543478260869565,0.5,0.0857142857142857,0.36,0.132,0.064390243902439,40.94117647058823,77.16911764705883,36.41544117647059,43.30882352941177,47.11353056474638,True,False,Brazil
696365,Marcus Rashford,8634,Barcelona,ESP-La Liga,0.9,33.5,5.0,0.0,0.9,3.5,0.25,0.41,0.4,6.0,0.29,0.1,1.5,0.1,0.6,7.27,0.0,33.0,4.5,0.5,1.4,1250,21,Attacker,0.6,0.1666666666666666,0.026865671641791,3.5,0.106060606060606,0.3333333333333333,0.0911111111111111,0.1553030303030303,53.63967337598169,45.24780256930359,58.38823659437249,31.029366255786133,47.06316514914229,True,False,England
731600,Idrissa Toure,6479,Pisa,ITA-Serie A,0.9,15.9,5.0,0.0,3.3,2.8,0.13,0.09,0.9,0.0,0.05,1.0,0.3,0.2,0.2,6.84,0.0,18.0,1.3,1.7,0.7,1923,23,Midfielder,0.75,0.3703703703703703,0.0566037735849056,0.7777777777777777,0.1555555555555555,0.2307692307692307,0.0692307692307692,0.0531818181818181,71.98529411764706,27.66911764705882,45.25735294117647,50.0,46.92326793564359,True,False,Germany
1199382,Josué Casimir,8583,Auxerre,FRA-Ligue 1,0.8,22.5,0.0,0.0,0.8,1.0,0.08,0.18,2.0,0.0,0.0,0.7,0.6,0.0,0.4,6.37,0.0,6.0,1.3,1.8,0.6,1121,20,Attacker,0.5555555555555556,0.2799999999999999,0.0355555555555555,0.3,0.1666666666666666,0.4615384615384615,0.1384615384615384,0.0553846153846153,44.828795443907005,59.51804753731732,42.85971550423884,41.47863681281532,46.84966672611328,True,False,Haiti
1385856,Davide Bartesaghi,8564,Milan,ITA-Serie A,1.7,32.1,2.0,0.0,2.0,2.7,0.15,0.05,0.7,0.0,0.12,0.5,0.3,0.3,0.1,7.06,0.0,29.0,0.8,2.2,0.5,1565,20,Midfielder,0.7941176470588235,0.1851851851851851,0.0529595015576324,0.7142857142857143,0.093103448275862,0.3749999999999999,0.0625,0.0375,60.62500000000001,34.25000000000001,46.83823529411765,46.79411764705882,46.789569886216334,True,False,Italy
1288119,Ismael Kone,7943,Sassuolo,ITA-Serie A,1.9,29.5,1.0,0.0,1.1,1.3,0.07,0.14,0.9,0.0,0.2,0.5,0.4,0.2,0.3,6.91,0.0,18.0,0.8,0.9,1.0,1772,22,Midfielder,0.6086956521739131,0.3571428571428571,0.0644067796610169,1.1111111111111112,0.0722222222222222,0.5,0.175,0.0466666666666666,31.786764705882355,73.51470588235294,60.45955882352942,34.330882352941174,46.748824038779055,True,False,Canada
1272440,Valentin Barco,9848,Strasbourg,FRA-Ligue 1,2.7,53.8,11.0,0.0,0.6,5.4,0.31,0.08,1.0,4.0,0.06,0.6,0.3,0.0,0.6,7.33,0.0,27.0,1.0,2.2,1.1,1605,19,Midfielder,0.736842105263158,0.2142857142857142,0.0501858736059479,1.1,0.2,0.3,0.08,0.0635897435897435,76.16215478233734,24.223292765382013,51.94215816299994,44.80769230769232,46.74450598944965,True,False,Argentina
1137668,Moisés Caicedo,8455,Chelsea,ENG-Premier League,1.9,56.9,3.0,0.0,1.0,1.8,0.09,0.05,1.8,1.0,0.15,2.3,0.4,0.6,0.3,7.37,0.0,12.0,0.9,3.2,0.5,1776,21,Midfielder,0.7534246575342466,0.4181818181818181,0.0333919156414762,0.2777777777777778,0.15,0.4444444444444445,0.0555555555555555,0.0321428571428571,54.60402038799604,29.428759036771208,45.29037941436522,68.55225724241951,46.72681880231448,True,False,Ecuador
704523,Christopher Nkunku,8564,Milan,ITA-Serie A,0.7,18.0,2.0,0.0,0.6,0.7,0.07,0.66,0.6,2.0,0.48,0.1,1.0,0.0,0.5,6.91,0.0,9.0,1.9,0.4,0.4,946,19,Attacker,0.4545454545454545,0.2,0.0388888888888888,0.6666666666666667,0.0777777777777777,0.5263157894736842,0.3473684210526316,0.0632876712328767,29.313829510584075,94.38016851302856,47.87733395745567,37.87099521506215,46.72354517902468,True,False,France
1565010,Arthur Avom,8689,Lorient,FRA-Ligue 1,3.2,42.4,3.0,0.0,0.8,2.3,0.14,0.05,0.8,1.0,0.0,1.4,0.1,0.1,0.7,7.02,0.0,22.0,0.9,2.5,1.1,1423,20,Midfielder,0.8297872340425532,0.358974358974359,0.0754716981132075,1.375,0.1045454545454545,0.1111111111111111,0.0555555555555555,0.0368421052631579,62.90441176470589,14.125,67.59191176470587,83.76470588235294,46.686072690874525,True,False,Cameroon
934156,Jurgen Ekkelenkamp,8600,Udinese,ITA-Serie A,0.3,20.5,3.0,0.0,1.4,1.5,0.09,0.19,0.9,1.0,0.18,0.6,0.7,0.2,0.3,6.88,0.0,21.0,1.4,1.9,0.6,1463,21,Midfielder,0.7352941176470589,0.24,0.0146341463414634,0.6666666666666666,0.0714285714285714,0.5,0.1357142857142857,0.0610714285714285,38.36877828054299,63.82744317886306,43.09194102044,46.81926457585687,46.67982130802482,True,False,Netherlands
1339269,Hugo Larsson,9810,Eintracht Frankfurt,GER-Bundesliga,2.4,39.3,1.0,0.0,1.2,0.9,0.09,0.07,0.4,2.0,0.09,1.1,0.3,0.1,0.1,6.79,0.0,9.0,0.7,1.0,0.3,968,15,Midfielder,0.8400000000000001,0.5238095238095238,0.0610687022900763,0.7499999999999999,0.1,0.4285714285714286,0.1,0.039375,37.363330212721685,53.55990274093722,46.93666458625891,54.48771909294222,46.67468548620263,True,False,Sweden
1012842,Gianluca Gaetano,8529,Cagliari,ITA-Serie A,2.8,37.0,2.0,0.0,1.2,1.0,0.09,0.1,1.5,3.0,0.17,0.7,0.7,0.0,0.1,6.77,0.0,19.0,1.7,1.0,0.8,1086,23,Midfielder,0.53125,0.4117647058823529,0.0756756756756756,0.5333333333333333,0.0526315789473684,0.4117647058823529,0.0588235294117647,0.0473684210526315,44.89440630363551,51.647136838820416,59.87195740365112,31.87154132209913,46.65580745324733,True,False,Italy
941213,Crysencio Summerville,8654,West Ham United,ENG-Premier League,0.4,19.1,1.0,0.0,1.2,1.3,0.07,0.18,1.8,1.0,0.23,0.6,0.7,0.2,0.5,6.95,0.0,16.0,1.9,1.4,1.6,1594,21,Attacker,0.5263157894736842,0.3,0.0209424083769633,0.888888888888889,0.08125,0.3684210526315789,0.0947368421052631,0.0504,32.76470588235294,58.44117647058823,58.27205882352941,44.72058823529412,46.53376708826833,True,False,Netherlands
1284429,Javier Guerra,10267,Valencia CF,ESP-La Liga,2.3,35.0,4.0,0.0,1.7,1.2,0.1,0.09,1.4,3.0,0.0,1.1,0.3,0.3,0.2,6.64,0.0,12.0,1.1,1.2,1.1,1077,23,Midfielder,0.6216216216216216,0.4782608695652174,0.0657142857142857,0.7857142857142858,0.0999999999999999,0.2727272727272727,0.0818181818181818,0.0473684210526315,55.368726270348986,28.69022728454777,61.29554142611952,46.46637540958028,46.52622727270401,True,False,Spain
1169595,Ilyas Chaira,8670,Real Oviedo,ESP-La Liga,0.4,21.1,2.0,0.0,0.6,0.8,0.05,0.25,2.0,1.0,0.19,0.3,1.1,0.3,0.7,6.58,0.0,9.0,2.5,1.9,1.3,1406,21,Attacker,0.5238095238095238,0.1363636363636363,0.0189573459715639,0.65,0.0888888888888888,0.44,0.1,0.0416666666666666,29.448529411764707,66.20588235294117,51.67279411764706,52.11029411764706,46.52039776761579,True,False,Morocco
844544,Pape Gueye,10205,Villarreal,ESP-La Liga,3.4,36.4,2.0,0.0,2.1,2.1,0.16,0.08,1.9,1.0,0.15,1.1,0.4,0.3,0.7,6.94,0.0,13.0,1.8,1.3,0.4,1217,18,Midfielder,0.5581395348837209,0.4583333333333333,0.0934065934065934,0.2105263157894737,0.1615384615384615,0.2222222222222222,0.0444444444444444,0.0533333333333333,59.26081812035159,30.78577001092214,41.46678498985801,62.54665314401623,46.51400169245052,True,False,Senegal
921825,Jon Moncayola,8371,Osasuna,ESP-La Liga,3.2,35.0,7.0,0.0,1.6,2.3,0.11,0.08,1.2,4.0,0.0,0.7,0.1,0.1,0.4,7.08,0.0,26.0,0.8,1.6,0.5,1847,22,Midfielder,0.6571428571428571,0.3043478260869565,0.0914285714285714,0.4166666666666667,0.0884615384615384,0.125,0.0999999999999999,0.0463157894736842,66.7212123576221,31.51912674884277,41.46623238154678,50.7264263795704,46.49360490679927,True,False,Spain
847357,Mehdi Leris,6479,Pisa,ITA-Serie A,1.5,19.6,5.0,0.0,2.3,1.6,0.13,0.12,1.3,3.0,0.08,0.9,0.5,0.6,0.5,6.79,0.0,20.0,1.7,3.0,0.4,1069,23,Midfielder,0.75,0.2307692307692307,0.0765306122448979,0.3076923076923077,0.08,0.2941176470588235,0.0705882352941176,0.0624,55.897058823529406,36.65441176470588,35.018382352941174,66.75367647058823,46.36788734399439,True,False,Algeria
1255855,Yassine Kechta,9746,Le Havre,FRA-Ligue 1,0.7,21.8,3.0,0.0,1.3,1.5,0.13,0.12,2.4,1.0,0.09,1.2,0.5,0.3,0.7,6.47,0.0,9.0,1.4,2.0,0.4,1015,20,Midfielder,0.5714285714285715,0.3749999999999999,0.0321100917431192,0.1666666666666666,0.1666666666666666,0.3571428571428571,0.0857142857142857,0.0624,50.50345867790086,45.23877880064492,33.75848416289593,62.471933999063815,46.356088059750256,True,False,Morocco
1367615,Warren Zaire-Emery,9847,Paris Saint-Germain,FRA-Ligue 1,1.3,67.8,6.0,0.0,0.7,2.2,0.11,0.03,1.3,3.0,0.05,0.5,0.2,0.3,0.5,7.4,0.0,31.0,0.7,1.7,1.1,1776,22,Midfielder,0.6285714285714287,0.2272727272727272,0.0191740412979351,0.8461538461538461,0.0709677419354838,0.2857142857142857,0.0428571428571428,0.0235714285714285,48.97399490300099,26.75591615956728,62.23624330368752,57.20773521610236,46.11544561361688,True,False,France
1323510,Alberto Reina,8670,Real Oviedo,ESP-La Liga,2.1,30.3,2.0,0.0,0.7,1.1,0.08,0.11,1.5,0.0,0.15,0.7,0.4,0.1,0.3,6.5,0.0,12.0,0.9,1.7,0.7,1239,22,Midfielder,0.6153846153846154,0.2916666666666667,0.0693069306930693,0.4666666666666666,0.0916666666666666,0.4444444444444445,0.1222222222222222,0.0463157894736842,38.86029411764706,59.93382352941177,47.794117647058826,41.014705882352935,46.10004544930615,True,False,Spain
1553105,Victor Munoz,8371,Osasuna,ESP-La Liga,0.1,14.8,0.0,0.0,0.8,1.3,0.07,0.15,1.0,1.0,0.2,0.3,0.9,0.0,0.8,6.74,0.0,14.0,2.3,0.8,2.6,1829,24,Attacker,0.5238095238095238,0.2727272727272727,0.0067567567567567,2.6,0.0928571428571428,0.391304347826087,0.0652173913043478,0.0477272727272727,32.93382352941177,49.23529411764706,63.106617647058826,47.43749999999999,46.08980439203033,True,False,Spain
1561552,Ayyoub Bouaddi,8639,Lille,FRA-Ligue 1,1.3,33.7,2.0,0.0,1.1,1.1,0.07,0.09,1.7,1.0,0.0,1.1,0.2,0.4,0.6,7.05,0.0,17.0,0.8,2.4,1.4,1508,20,Midfielder,0.673076923076923,0.3142857142857143,0.0385756676557863,0.8235294117647058,0.0647058823529411,0.25,0.1124999999999999,0.039375,38.56195714360015,32.925157330836846,59.102401570707855,67.14118817288188,46.08172964071175,True,False,Morocco
751550,Diogo Dalot,10260,Manchester United,ENG-Premier League,1.4,31.8,4.0,0.0,3.1,1.9,0.09,0.07,0.8,3.0,0.05,0.8,0.2,0.3,0.3,7.12,0.0,22.0,0.8,1.8,0.7,1847,24,Midfielder,0.7647058823529411,0.3076923076923077,0.0440251572327044,0.8749999999999999,0.0863636363636363,0.25,0.0875,0.039375,50.61412336818017,30.39548551516097,53.52924923284963,55.40982082488167,46.00964943756525,True,False,Portugal
446266,Mario Pasalic,8524,Atalanta,ITA-Serie A,3.6,53.6,4.0,0.0,1.2,1.2,0.09,0.11,1.3,3.0,0.14,0.5,0.4,0.2,0.1,6.86,0.0,26.0,0.9,1.6,0.4,1242,20,Midfielder,0.6176470588235293,0.238095238095238,0.0671641791044776,0.3076923076923077,0.0461538461538461,0.4444444444444445,0.1222222222222222,0.0494999999999999,44.406147604930574,60.144705362251,47.81940760389036,33.030868050137826,45.99570979940921,True,False,Croatia
777028,André Almeida,10267,Valencia CF,ESP-La Liga,1.7,34.5,4.0,0.0,0.5,4.9,0.22,0.05,1.3,4.0,0.0,0.4,0.2,0.1,0.4,6.81,0.0,43.0,0.8,2.2,1.0,1988,34,Midfielder,0.6666666666666666,0.1538461538461538,0.0492753623188405,0.7692307692307692,0.113953488372093,0.25,0.0625,0.0407407407407407,73.91909814323608,20.42440318302387,56.06763925729442,48.47480106100796,45.96694237030733,False,False,Portugal
901495,Albert Sambi Lokonga,9790,Hamburger SV,GER-Bundesliga,1.3,33.4,0.0,0.0,1.0,1.1,0.09,0.1,1.0,0.0,0.34,0.9,0.7,0.8,0.5,6.93,0.0,17.0,1.2,1.8,0.5,1056,16,Midfielder,0.7297297297297297,0.3333333333333333,0.0389221556886227,0.5,0.0647058823529411,0.5833333333333334,0.0833333333333333,0.0473684210526315,29.551470588235297,59.55882352941176,47.00367647058824,62.71691176470589,45.96424671628871,True,False,Belgium
951714,Adrián Bernabé,10167,Parma,ITA-Serie A,2.7,38.1,6.0,0.0,0.8,2.8,0.13,0.09,0.5,1.0,0.14,0.5,0.5,0.2,0.5,7.03,0.0,46.0,1.9,1.2,0.5,1979,25,Midfielder,0.7727272727272726,0.2941176470588235,0.0708661417322834,1.0,0.0608695652173913,0.2631578947368421,0.0473684210526315,0.0531818181818181,50.620052530295936,27.01656524678837,61.57061033962657,53.145596036823214,45.88187232643464,True,False,Spain
850295,Alessio Zerbin,7801,Cremonese,ITA-Serie A,0.8,18.8,4.0,0.0,1.7,1.7,0.14,0.12,1.5,2.0,0.0,0.2,0.6,0.2,0.1,6.52,0.0,11.0,1.4,2.5,0.5,1084,20,Midfielder,0.6428571428571429,0.074074074074074,0.0425531914893617,0.3333333333333333,0.1545454545454545,0.4285714285714286,0.0857142857142857,0.0646153846153846,65.54411764705883,44.14705882352941,37.59191176470589,35.82720588235294,45.79327997271564,True,False,Italy
621515,Daichi Kamada,9826,Crystal Palace,ENG-Premier League,1.5,29.6,2.0,0.0,1.1,2.0,0.14,0.1,1.4,0.0,0.0,0.6,0.3,0.1,0.6,6.98,0.0,11.0,1.1,3.1,0.6,1258,16,Midfielder,0.7254901960784315,0.1621621621621621,0.0506756756756756,0.4285714285714286,0.1818181818181818,0.2727272727272727,0.0909090909090909,0.0583333333333333,55.25471992510533,28.269932906849743,43.49466245384095,67.21146044624747,45.77619248977312,True,False,Japan
598355,Denis Zakaria,9829,Monaco,FRA-Ligue 1,1.3,42.5,1.0,0.0,2.5,0.6,0.06,0.06,1.1,1.0,0.09,1.6,0.1,0.5,0.1,6.96,0.0,4.0,0.8,1.5,0.4,954,12,Midfielder,0.7380952380952381,0.5161290322580645,0.0305882352941176,0.3636363636363636,0.15,0.125,0.075,0.03,43.17978623810267,41.60896135642586,47.96038773599626,52.84337780204921,45.7298367096768,True,False,Switzerland
1016132,Kouadio Koné,8686,Roma,ITA-Serie A,1.4,45.8,2.0,0.0,0.9,1.7,0.08,0.09,1.9,1.0,0.09,0.7,0.2,0.1,0.4,7.2,0.0,20.0,0.8,1.9,1.1,1942,22,Midfielder,0.5777777777777777,0.2692307692307693,0.0305676855895196,0.5789473684210527,0.0849999999999999,0.25,0.1124999999999999,0.0423529411764705,38.30823841472929,41.699771155146415,61.60500208040776,45.986691891610754,45.70371473623238,True,False,France
1251334,Jack Hinshelwood,10204,Brighton and Hove Albion,ENG-Premier League,1.7,39.1,3.0,0.0,1.8,1.5,0.07,0.13,0.9,2.0,0.24,0.8,0.5,0.1,0.4,6.89,0.0,17.0,0.9,1.3,0.1,1846,26,Midfielder,0.7000000000000001,0.3809523809523809,0.0434782608695652,0.1111111111111111,0.088235294117647,0.5555555555555556,0.1444444444444444,0.0455,36.76392572944297,70.83554376657825,34.66511936339523,51.45225464190981,45.65027825930482,False,False,England
1193815,Julian Niehues,94937,1. FC Heidenheim 1846,GER-Bundesliga,2.1,34.0,1.0,0.0,2.5,0.8,0.07,0.11,0.7,0.0,0.27,1.4,0.5,0.4,0.2,6.72,0.0,3.0,1.5,1.1,0.4,994,17,Midfielder,0.78125,0.5599999999999999,0.0617647058823529,0.5714285714285715,0.2666666666666666,0.3333333333333333,0.0733333333333333,0.0427777777777777,43.89705882352941,45.794117647058826,45.03676470588236,48.72058823529412,45.58976478439347,True,False,Germany
290201,Philipp Hofmann,9911,VfL Bochum 1848,GER-Bundesliga,0.6,17.2,7.0,0.0,1.3,2.6,0.1,0.22,1.4,2.0,0.12,0.2,0.7,0.0,0.6,6.64,0.0,27.0,2.1,0.7,0.4,2284,31,Attacker,0.391304347826087,0.2222222222222222,0.0348837209302325,0.2857142857142857,0.0962962962962963,0.3333333333333333,0.1047619047619047,0.06875,58.295755968169765,55.47082228116711,33.73673740053051,35.9051724137931,45.5789594282536,False,False,Germany
956683,Ryan Gravenberch,8650,Liverpool,ENG-Premier League,0.8,55.0,4.0,0.0,1.8,1.7,0.07,0.06,1.0,2.0,0.17,1.4,0.3,0.3,0.3,7.42,0.0,21.0,1.1,1.8,0.9,2120,24,Midfielder,0.7619047619047619,0.4374999999999999,0.0145454545454545,0.9,0.0809523809523809,0.2727272727272727,0.0545454545454545,0.0323076923076923,50.34321527019296,24.244122848078224,61.7316794091642,59.0303154418266,45.55918511614823,True,False,Netherlands
759817,Miro Muheim,9790,Hamburger SV,GER-Bundesliga,3.0,32.6,5.0,0.0,2.2,3.5,0.17,0.05,1.3,4.0,0.0,1.1,0.3,0.1,0.3,7.34,0.0,37.0,1.0,2.2,0.8,1823,21,Midfielder,0.717391304347826,0.3333333333333333,0.0920245398773006,0.6153846153846154,0.0945945945945946,0.3,0.05,0.0386363636363636,71.69852941176471,19.830882352941178,51.65441176470589,55.3125,45.48100958845271,True,False,Switzerland
388523,André Silva,10268,Elche,ESP-La Liga,0.2,20.4,1.0,0.0,0.9,0.8,0.07,0.47,1.2,0.0,0.44,0.2,1.1,0.1,0.5,6.8,0.0,18.0,2.6,0.4,1.1,1026,18,Attacker,0.3333333333333333,0.3333333333333333,0.0098039215686274,0.9166666666666669,0.0444444444444444,0.4230769230769231,0.1807692307692307,0.0609259259259259,26.448529411764707,88.625,58.106617647058826,32.3125,45.34610945805967,True,False,Portugal
688273,Vitaly Janelt,9937,Brentford,ENG-Premier League,2.9,45.3,6.0,0.0,2.2,1.9,0.14,0.06,1.2,4.0,0.07,2.2,0.2,0.6,0.4,7.07,0.0,19.0,0.7,1.8,0.3,1210,21,Midfielder,0.7692307692307692,0.55,0.0640176600441501,0.25,0.0999999999999999,0.2857142857142857,0.0857142857142857,0.042,64.58818328392364,29.674923284963853,34.82891896811775,62.8580381754824,45.321104480760496,True,False,Germany
1526560,Patrick Dorgu,10260,Manchester United,ENG-Premier League,0.4,24.0,5.0,0.0,2.1,1.4,0.1,0.12,1.3,3.0,0.2,0.9,0.5,0.2,0.2,7.23,0.0,24.0,1.4,3.2,0.7,1333,22,Midfielder,0.7592592592592593,0.2195121951219512,0.0166666666666666,0.5384615384615384,0.0583333333333333,0.3571428571428571,0.0857142857142857,0.0545454545454545,38.47139439330109,49.024964893119055,44.58089535548967,53.277058303427474,45.26275089740926,True,False,Denmark
1252373,Roberto Fernández,8558,Espanyol,ESP-La Liga,0.0,8.9,6.0,0.0,1.0,2.3,0.12,0.29,1.4,2.0,0.26,0.2,0.8,0.1,0.8,6.64,0.0,16.0,2.2,0.4,0.3,1732,24,Attacker,0.3,0.3333333333333333,0.0,0.2142857142857143,0.14375,0.3636363636363636,0.1318181818181818,0.0848780487804878,50.28038695584335,72.9130259530868,27.821683049877777,38.74739298902585,45.17157268524734,True,False,Spain
244811,Davide Zappacosta,8524,Atalanta,ITA-Serie A,1.0,33.7,0.0,0.0,1.5,2.5,0.14,0.06,0.4,2.0,0.05,0.8,0.3,0.1,0.3,7.01,0.0,25.0,1.2,0.7,0.8,1657,22,Midfielder,0.7894736842105263,0.5333333333333333,0.029673590504451,2.0,0.1,0.25,0.05,0.042,57.34096582930255,25.971407395849585,58.49362224996099,45.64036251105216,45.16586357617799,True,False,Italy
956659,Himad Abdelli,8592,Marseille,FRA-Ligue 1,0.0,50.4,0.0,0.0,0.0,0.7,0.07,0.19,1.6,0.0,0.0,0.0,0.5,0.0,0.6,7.05,0.0,9.0,1.3,0.0,0.0,993,15,Midfielder,0.0,0.0,0.0,0.0,0.0777777777777777,0.3846153846153846,0.1461538461538461,0.0511538461538461,35.521012118375204,60.908032974463,50.52582306132002,38.69431658605087,45.15668250825696,True,False,Algeria
817724,Danny Namaso,8583,Auxerre,FRA-Ligue 1,0.9,20.3,2.0,0.0,0.8,1.2,0.07,0.25,2.2,1.0,0.12,0.3,0.7,0.0,0.9,6.73,0.0,20.0,2.6,1.0,1.3,1535,18,Attacker,0.3714285714285714,0.2307692307692307,0.0443349753694581,0.5909090909090908,0.06,0.2692307692307692,0.0961538461538461,0.0546875,33.77205882352941,52.1764705882353,54.22794117647059,46.30147058823529,45.14510544978486,True,False,Cameroon
599353,Che Adams,9804,Torino,ITA-Serie A,1.8,19.3,5.0,0.0,0.6,1.3,0.08,0.26,0.7,1.0,0.25,0.1,0.8,0.0,0.4,6.69,0.0,22.0,2.7,0.7,0.7,1450,24,Attacker,0.5333333333333333,0.125,0.0932642487046632,1.0,0.059090909090909,0.2962962962962963,0.0962962962962963,0.0611764705882353,49.048967597649145,64.72524314765694,46.98009309824726,24.02122666042544,45.08736846345183,True,False,Scotland
577911,Rolando Mandragora,8535,Fiorentina,ITA-Serie A,1.5,31.1,2.0,0.0,1.3,2.1,0.1,0.2,1.3,1.0,0.3,0.5,0.6,0.3,0.4,6.99,0.0,25.0,2.5,1.7,0.1,1793,25,Midfielder,0.6285714285714287,0.2272727272727272,0.0482315112540192,0.0769230769230769,0.084,0.24,0.08,0.0666666666666666,52.76739740989234,49.58242315493836,35.89782597389088,41.85223253757736,45.04560270454645,True,False,Italy
184533,Koke,9906,Atlético de Madrid,ESP-La Liga,4.4,72.8,2.0,0.0,1.3,2.2,0.14,0.02,0.9,2.0,0.13,0.8,0.2,0.1,0.5,7.08,0.0,18.0,0.5,2.1,0.1,1427,22,Midfielder,0.7631578947368421,0.2758620689655172,0.0604395604395604,0.1111111111111111,0.1222222222222222,0.4,0.04,0.0175,58.36745202059603,32.48106828938472,35.08240365111562,62.10344827586207,44.942194497502086,True,False,Spain
540088,Ollie Watkins,10252,Aston Villa,ENG-Premier League,0.1,11.0,1.0,0.0,0.5,1.1,0.05,0.43,1.0,1.0,0.38,0.2,1.0,0.0,0.6,6.86,0.0,13.0,2.4,0.7,0.9,1911,25,Attacker,0.4736842105263157,0.2222222222222222,0.009090909090909,0.9,0.0846153846153846,0.4166666666666667,0.1791666666666666,0.0447916666666666,34.23493004628907,88.76285952046601,38.884251313257394,34.58213709887138,44.93786710778714,True,False,England
609505,Borja Iglesias,9910,Celta de Vigo,ESP-La Liga,0.8,16.7,3.0,0.0,1.0,1.3,0.09,0.54,1.8,2.0,0.68,0.0,1.2,0.3,0.5,6.96,0.0,16.0,2.4,0.3,0.6,1323,22,Attacker,0.1428571428571428,0.0,0.0479041916167664,0.3333333333333333,0.08125,0.5,0.225,0.0771428571428571,40.79700421282572,95.49626826858064,37.20207910750507,25.552770843085245,44.90704571851884,True,False,Spain
750734,Dodo,8535,Fiorentina,ITA-Serie A,1.5,32.0,6.0,0.0,1.5,3.2,0.13,0.05,0.4,2.0,0.0,0.8,0.0,0.0,0.2,7.06,0.0,38.0,0.7,0.8,1.3,2161,25,Midfielder,0.8,0.5,0.046875,3.25,0.0842105263157894,0.0,0.0714285714285714,0.0361111111111111,67.10221303375461,16.682009673896083,66.52890466531439,51.78497685546367,44.89277956207796,True,False,Brazil
624166,Manuel Locatelli,9885,Juventus,ITA-Serie A,5.6,76.2,3.0,0.0,2.2,2.6,0.12,0.06,1.4,1.0,0.05,1.4,0.4,0.6,0.6,7.51,0.0,29.0,1.2,3.0,0.2,1924,24,Midfielder,0.7586206896551724,0.3181818181818181,0.0734908136482939,0.1428571428571428,0.0896551724137931,0.3333333333333333,0.05,0.04,55.99667134758413,29.15492536537161,39.20573932490768,65.36201045404898,44.87754999627546,True,False,Italy
535936,Joelinton,10261,Newcastle United,ENG-Premier League,0.6,31.9,3.0,0.0,2.2,1.0,0.06,0.12,1.7,0.0,0.13,1.2,0.6,0.2,0.5,6.99,0.0,12.0,1.4,2.0,0.4,1366,19,Midfielder,0.6530612244897959,0.3749999999999999,0.018808777429467,0.2352941176470588,0.0833333333333333,0.4285714285714286,0.0857142857142857,0.04,39.07224215946326,49.8579081499974,37.40631663806106,60.47614032350341,44.82776258006166,True,False,Brazil
1287373,Jobe Bellingham,9789,Borussia Dortmund,GER-Bundesliga,2.4,46.7,1.0,0.0,1.5,0.7,0.07,0.07,0.9,1.0,0.0,2.6,0.3,0.4,0.7,6.74,0.0,4.0,1.1,2.1,0.6,921,20,Midfielder,0.8392857142857142,0.5531914893617021,0.0513918629550321,0.6666666666666666,0.175,0.2727272727272727,0.0636363636363636,0.035,42.66911764705882,23.56617647058824,54.0625,85.20955882352942,44.8154822956226,True,False,England
1233655,Alex Scott,8678,Bournemouth,ENG-Premier League,1.3,34.4,2.0,0.0,2.7,1.3,0.06,0.12,1.3,1.0,0.1,1.3,0.3,0.3,0.4,7.01,0.0,14.0,1.4,1.7,0.8,1870,26,Midfielder,0.6976744186046512,0.4333333333333333,0.0377906976744186,0.6153846153846154,0.0928571428571428,0.2142857142857143,0.0857142857142857,0.04,37.25,38.338235294117645,53.65808823529412,57.30882352941176,44.802165930606215,True,False,England
699461,Jean-Victor Makengo,8689,Lorient,FRA-Ligue 1,0.9,22.6,0.0,0.0,1.1,0.8,0.07,0.17,0.5,1.0,0.26,0.5,0.9,0.0,0.6,6.86,0.0,14.0,2.2,1.4,1.1,1027,19,Midfielder,0.7916666666666666,0.2631578947368421,0.0398230088495575,2.2,0.0571428571428571,0.409090909090909,0.0772727272727272,0.0495833333333333,22.25735294117647,56.132352941176464,62.49999999999999,63.3639705882353,44.7593577948787,True,False,France
1031325,Martin Zubimendi,9825,Arsenal,ENG-Premier League,1.7,53.7,1.0,0.0,2.3,1.8,0.07,0.1,1.0,1.0,0.2,1.3,0.4,0.2,0.2,7.28,0.0,15.0,0.9,1.8,0.2,2270,27,Midfielder,0.7560975609756099,0.4193548387096774,0.031657355679702,0.2,0.12,0.4444444444444445,0.1111111111111111,0.0411764705882353,36.56098195246268,52.84684298122431,40.79026239142872,55.055787434337134,44.71567983312523,True,False,Spain
846966,Javier Puado,8558,Espanyol,ESP-La Liga,0.6,15.3,5.0,0.0,0.5,2.1,0.06,0.35,0.7,4.0,0.36,0.2,0.7,0.1,0.3,6.91,0.0,22.0,2.1,0.7,0.6,2987,35,Attacker,0.5625,0.2222222222222222,0.0392156862745098,0.8571428571428572,0.0954545454545454,0.3333333333333333,0.1666666666666666,0.0512195121951219,44.62201591511936,77.07559681697613,41.49535809018568,24.71485411140584,44.636020619267775,False,False,Spain
978680,Han-Noah Massengo,8406,FC Augsburg,GER-Bundesliga,1.0,36.6,3.0,0.0,1.8,1.2,0.06,0.05,0.8,1.0,0.1,1.4,0.2,0.3,0.7,7.05,0.0,13.0,0.7,1.7,1.0,1798,22,Midfielder,0.7948717948717949,0.4516129032258065,0.0273224043715847,1.25,0.0923076923076923,0.2857142857142857,0.0714285714285714,0.0272727272727272,38.75343267280386,30.733577781245128,55.27653170021324,67.02416523638632,44.59414200192165,True,False,France
1146500,Matteo Cancellieri,8543,Lazio,ITA-Serie A,0.4,17.4,2.0,0.0,1.0,1.3,0.1,0.21,1.9,0.0,0.24,1.1,0.6,0.1,0.1,6.86,0.0,11.0,2.1,2.1,0.6,1136,18,Attacker,0.627450980392157,0.34375,0.0229885057471264,0.3157894736842105,0.1181818181818181,0.2857142857142857,0.0999999999999999,0.0677419354838709,37.34563374421387,55.93249076819056,43.0829367556041,45.45017423414989,44.53192052748821,True,False,Italy
666857,Yoane Wissa,9937,Brentford,ENG-Premier League,0.5,13.7,3.0,0.0,0.6,1.8,0.06,0.57,1.0,4.0,0.58,0.2,1.3,0.2,0.6,7.27,0.0,28.0,2.8,0.7,0.5,2927,35,Attacker,0.4736842105263157,0.2222222222222222,0.0364963503649635,0.5,0.0642857142857143,0.4642857142857143,0.2035714285714285,0.0542857142857142,33.54111405835544,94.1180371352785,34.217506631299734,37.065649867374006,44.50900381517411,False,False,DR Congo
940087,Goncalo Ramos,9847,Paris Saint-Germain,FRA-Ligue 1,0.2,18.4,1.0,0.0,0.3,0.5,0.05,0.62,1.8,0.0,0.4,0.3,2.0,0.0,0.7,6.7,0.0,10.0,4.1,0.9,0.9,911,21,Attacker,0.3999999999999999,0.25,0.0108695652173913,0.5,0.05,0.4878048780487805,0.1512195121951219,0.0462686567164179,27.542063244395905,93.00273053518488,39.51799552712331,41.33924299162636,44.31942294463328,True,False,Portugal
831489,Alexis Mac Allister,8650,Liverpool,ENG-Premier League,1.7,43.3,2.0,0.0,1.3,1.1,0.06,0.11,0.8,2.0,0.0,0.6,0.4,0.3,0.3,6.83,0.0,20.0,1.7,1.6,0.4,1735,25,Midfielder,0.7333333333333334,0.2727272727272727,0.0392609699769053,0.5,0.055,0.2352941176470588,0.0647058823529411,0.0388235294117647,46.81944661153586,32.62067665262392,48.24774405783533,52.724567015134966,44.13396858100137,True,False,Argentina
1057433,Tanner Tessmann,9748,Lyon,FRA-Ligue 1,2.2,43.7,3.0,0.0,2.5,1.1,0.07,0.11,0.8,0.0,0.06,0.8,0.4,0.6,0.2,6.96,0.0,10.0,1.3,1.4,0.4,1495,20,Midfielder,0.7333333333333334,0.3636363636363636,0.0503432494279176,0.5,0.11,0.3076923076923077,0.0846153846153846,0.0427777777777777,39.757606490872206,38.9553362459042,49.98062620273574,51.52958079783637,44.11431640055165,True,False,USA
1106742,Sergio Carreira,9910,Celta de Vigo,ESP-La Liga,2.0,43.4,0.0,0.0,2.4,1.1,0.06,0.07,0.7,1.0,0.11,0.9,0.2,0.1,0.2,7.05,0.0,13.0,0.6,1.4,0.9,1645,21,Midfielder,0.7666666666666666,0.391304347826087,0.0460829493087557,1.2857142857142858,0.0846153846153846,0.3333333333333333,0.1166666666666666,0.0323076923076923,38.41407915951526,36.16993030634004,57.74522806470068,48.89019997919592,43.97009804899807,True,False,Spain
797594,Azor Matusiwa,9851,Rennes,FRA-Ligue 1,2.3,41.9,2.0,0.0,2.1,1.6,0.07,0.05,1.3,3.0,0.04,1.5,0.1,0.4,0.6,7.13,0.0,17.0,0.5,2.8,0.7,2078,29,Midfielder,0.7678571428571429,0.3488372093023256,0.0548926014319809,0.5384615384615384,0.0941176470588235,0.2,0.1,0.0291666666666666,36.26657824933687,31.180371352785144,48.607427055702914,78.96220159151194,43.9017470738612,False,False,Netherlands
939061,Giorgi Tsitaishvili,8550,Metz,FRA-Ligue 1,0.7,19.5,4.0,0.0,1.5,3.2,0.18,0.06,0.7,1.0,0.12,0.4,0.2,0.1,0.2,6.67,0.0,25.0,1.1,0.7,1.2,1546,22,Attacker,0.6111111111111112,0.3636363636363636,0.0358974358974358,1.7142857142857144,0.128,0.1818181818181818,0.0545454545454545,0.045,75.77205882352942,23.86029411764705,59.09926470588236,28.61029411764706,43.90072155502714,True,False,Georgia
1173678,Johnny Cardoso,8603,Real Betis,ESP-La Liga,1.5,39.9,2.0,0.0,2.6,0.8,0.03,0.09,1.6,1.0,0.13,2.0,0.3,0.5,0.5,7.07,0.0,9.0,0.8,2.3,1.1,2143,28,Midfielder,0.7288135593220338,0.4651162790697674,0.037593984962406,0.6875,0.0888888888888888,0.3749999999999999,0.1124999999999999,0.0225,23.39522546419097,50.92838196286473,54.210875331564985,71.87334217506631,43.884718118942544,False,False,USA
1093285,Fabiano Parisi,8535,Fiorentina,ITA-Serie A,1.6,31.8,3.0,0.0,1.3,1.4,0.12,0.05,0.7,1.0,0.0,1.5,0.3,0.4,0.2,6.93,0.0,16.0,1.2,1.0,1.7,1034,16,Midfielder,0.78125,0.6,0.050314465408805,2.428571428571429,0.0875,0.25,0.0416666666666666,0.0352941176470588,49.51135122484007,23.905172413793107,59.83954855151609,52.93388204088001,43.8559203979122,True,False,Italy
1110045,Gaetano Oristanio,7881,Venezia,ITA-Serie A,0.8,11.3,2.0,0.0,0.2,2.2,0.08,0.17,1.9,3.0,0.12,0.2,0.5,0.0,0.6,6.48,0.0,33.0,1.7,0.7,2.1,2333,37,Attacker,0.3214285714285714,0.2222222222222222,0.0707964601769911,1.105263157894737,0.0666666666666666,0.2941176470588235,0.1,0.0544,37.314323607427056,49.290450928381965,56.78050397877985,34.827586206896555,43.82156221072744,False,False,Italy
602523,Maximilian Eggestein,8358,Sport-Club Freiburg,GER-Bundesliga,1.2,33.9,2.0,0.0,2.1,1.2,0.05,0.13,0.7,0.0,0.09,1.0,0.4,0.5,0.4,6.93,0.0,14.0,1.5,2.1,0.5,1980,22,Midfielder,0.8157894736842106,0.3225806451612903,0.0353982300884955,0.7142857142857143,0.0857142857142857,0.2666666666666666,0.0866666666666666,0.0361111111111111,37.38035054870755,37.88042856399854,44.9220822281167,64.10472902688927,43.741101490481206,True,False,Germany
674499,Niklas Dorsch,94937,1. FC Heidenheim 1846,GER-Bundesliga,2.9,33.7,5.0,0.0,1.5,1.8,0.11,0.03,1.0,0.0,0.0,0.9,0.2,0.2,0.2,6.76,0.0,15.0,0.8,2.8,0.6,1440,20,Midfielder,0.7872340425531915,0.2432432432432432,0.086053412462908,0.6,0.12,0.25,0.0375,0.0235714285714285,59.53293545534925,23.48464399022208,45.30767280386956,57.051035002860566,43.69370063967008,True,False,Germany
1302005,Igor Thiago,9937,Brentford,ENG-Premier League,0.3,12.0,4.0,0.0,1.7,1.2,0.05,0.6,1.9,1.0,0.69,0.2,1.4,0.1,0.4,7.18,0.0,14.0,2.5,0.9,0.8,2204,26,Attacker,0.3666666666666667,0.1818181818181818,0.0249999999999999,0.4210526315789474,0.0857142857142857,0.5599999999999999,0.24,0.0461538461538461,37.98529411764706,97.91176470588236,36.72794117647059,24.34558823529412,43.66430662490338,True,False,Brazil
975242,Simon Sohm,10167,Parma,ITA-Serie A,1.2,31.3,2.0,0.0,1.1,2.1,0.06,0.09,0.6,0.0,0.12,0.8,0.4,0.1,0.2,6.66,0.0,20.0,1.0,0.8,0.5,2999,37,Midfielder,0.7272727272727273,0.5,0.0383386581469648,0.8333333333333334,0.105,0.4,0.09,0.036,39.6684350132626,47.16180371352785,45.557029177718825,43.25596816976128,43.62939372214024,False,False,Switzerland
941656,Samuele Ricci,8564,Milan,ITA-Serie A,2.4,40.2,4.0,0.0,1.9,1.4,0.13,0.12,0.6,3.0,0.09,0.6,0.6,0.4,0.4,6.81,0.0,14.0,1.3,0.9,0.3,981,21,Midfielder,0.7142857142857143,0.3999999999999999,0.0597014925373134,0.5,0.0999999999999999,0.4615384615384615,0.0923076923076923,0.0624,44.26699433088885,42.571540021844285,42.89131169709263,44.23172491808395,43.48534880066328,True,False,Italy
1226189,Martim Neto,10268,Elche,ESP-La Liga,0.7,35.5,3.0,0.0,0.9,1.5,0.13,0.07,1.2,4.0,0.17,0.2,0.3,0.1,0.3,6.78,0.0,20.0,1.0,1.1,1.5,1076,20,Midfielder,0.52,0.1538461538461538,0.0197183098591549,1.25,0.075,0.3,0.07,0.0455,50.19117647058823,36.125,70.01838235294117,24.231617647058822,43.43298484174205,True,False,Portugal
207236,Granit Xhaka,8472,Sunderland,ENG-Premier League,4.6,43.6,7.0,0.0,3.0,2.2,0.1,0.03,0.7,5.0,0.05,0.9,0.2,0.7,0.3,7.39,0.0,25.0,0.5,1.6,0.3,1963,22,Midfielder,0.78125,0.36,0.1055045871559633,0.4285714285714286,0.088,0.4,0.06,0.023076923076923,59.74999999999999,27.566176470588232,38.49264705882353,55.00735294117647,43.39344195291608,True,False,Switzerland
1000428,Isak Bergmann Johannesson,8722,1. FC Köln,GER-Bundesliga,2.6,35.9,1.0,0.0,0.9,2.6,0.2,0.05,0.6,1.0,0.08,0.2,0.1,0.4,0.1,6.66,0.0,20.0,0.4,1.4,0.2,1186,20,Midfielder,0.7272727272727273,0.125,0.0724233983286908,0.3333333333333333,0.13,0.25,0.125,0.04,66.36764705882354,39.19852941176471,36.61764705882353,32.205882352941174,43.392434722610965,True,False,Iceland
772193,Ragnar Ache,8722,1. FC Köln,GER-Bundesliga,0.2,10.7,4.0,0.0,2.3,0.9,0.07,0.58,1.1,3.0,0.33,0.2,1.2,0.2,0.4,6.85,0.0,20.0,2.9,0.7,0.6,1103,21,Attacker,0.4499999999999999,0.2222222222222222,0.0186915887850467,0.5454545454545454,0.045,0.4137931034482758,0.1999999999999999,0.0624615384615384,36.8235294117647,88.38970588235293,39.52205882352941,25.613970588235297,43.38537115252005,True,False,Germany
1296650,Adam Wharton,9826,Crystal Palace,ENG-Premier League,2.5,34.0,9.0,0.0,1.5,5.0,0.24,0.05,1.0,3.0,0.0,1.0,0.1,0.1,0.6,7.06,0.0,27.0,1.0,2.6,0.5,1905,23,Midfielder,0.782608695652174,0.2777777777777778,0.0735294117647058,0.5,0.1851851851851851,0.1,0.05,0.0413793103448275,79.65844905601499,14.344606542882405,39.581577989285904,77.77136968845893,43.35896827610584,True,False,England
637756,Carles Alena,9866,Alavés,ESP-La Liga,1.1,33.9,6.0,0.0,1.3,2.3,0.14,0.11,1.5,4.0,0.0,0.5,0.2,0.1,0.3,6.67,0.0,24.0,1.3,1.7,0.7,1466,24,Midfielder,0.5945945945945946,0.2272727272727272,0.0324483775811209,0.4666666666666666,0.0958333333333333,0.1538461538461538,0.0846153846153846,0.0616,54.59422946897592,28.405614500442084,53.24608623290165,40.06340042648359,43.31282929686655,True,False,Spain
623716,Josh Cullen,8191,Burnley,ENG-Premier League,2.5,43.1,4.0,0.0,2.1,1.4,0.08,0.05,0.9,2.0,0.12,1.3,0.4,0.7,0.2,6.89,0.0,13.0,0.7,1.8,0.1,1519,18,Midfielder,0.775,0.4193548387096774,0.0580046403712296,0.1111111111111111,0.1076923076923076,0.5714285714285715,0.0714285714285714,0.0307692307692307,50.18382352941176,43.22058823529412,30.073529411764703,54.6985294117647,43.27459604100409,True,False,Ireland
780432,Ethan Ampadu,8463,Leeds United,ENG-Premier League,2.1,42.9,1.0,0.0,2.3,1.4,0.06,0.07,1.3,1.0,0.04,1.5,0.2,0.5,0.4,7.13,0.0,10.0,0.7,2.2,0.4,2043,23,Midfielder,0.74,0.4054054054054054,0.0489510489510489,0.3076923076923077,0.1399999999999999,0.2857142857142857,0.1,0.0323076923076923,41.44852941176471,35.81617647058823,39.669117647058826,65.0,43.24823116789685,True,False,Wales
614207,Maxime Lopez,6379,Paris FC,FRA-Ligue 1,3.5,73.8,12.0,0.0,0.5,3.9,0.21,0.02,1.4,3.0,0.0,0.4,0.3,0.2,0.4,7.04,0.0,38.0,0.4,1.0,0.4,1686,20,Midfielder,0.5,0.2857142857142857,0.0474254742547425,0.2857142857142857,0.1026315789473684,0.7499999999999999,0.0499999999999999,0.0182608695652173,82.33823529411765,27.205882352941178,39.28308823529412,33.11764705882353,43.24236822823722,True,False,France
1185902,Jens Castrop,9788,Borussia Mönchengladbach,GER-Bundesliga,1.1,18.9,0.0,0.0,1.4,0.8,0.08,0.18,2.4,0.0,0.1,1.0,0.6,0.0,0.1,6.76,0.0,10.0,1.5,4.1,1.6,928,17,Midfielder,0.6799999999999999,0.196078431372549,0.0582010582010582,0.6666666666666667,0.08,0.3999999999999999,0.12,0.0553846153846153,26.198529411764703,59.73529411764706,56.39705882352941,43.39705882352941,43.13670804105647,True,False,South Korea
873270,Anastasios Douvikas,10171,Como,ITA-Serie A,0.5,11.6,2.0,0.0,0.5,1.3,0.09,0.5,1.2,0.0,0.54,0.2,1.3,0.2,0.3,6.73,0.0,17.0,2.7,0.7,0.6,1338,25,Attacker,0.4285714285714286,0.2222222222222222,0.043103448275862,0.5,0.0764705882352941,0.4814814814814814,0.1851851851851851,0.0762711864406779,39.007352941176464,92.49264705882352,41.9485294117647,19.977941176470587,43.11814585384908,True,False,Greece
604982,Ruben Loftus-Cheek,8564,Milan,ITA-Serie A,0.3,26.6,3.0,0.0,1.3,0.9,0.08,0.28,1.8,1.0,0.27,0.4,0.5,0.1,0.4,6.7,0.0,9.0,2.6,1.0,0.8,1014,22,Midfielder,0.4374999999999999,0.2857142857142857,0.0112781954887218,0.4444444444444445,0.1,0.1923076923076923,0.1076923076923077,0.0622222222222222,39.003926769646846,47.924897279866855,51.74104124408384,34.67965621261767,43.04736226875619,True,False,England
1199272,Rasmus Højlund,9875,Napoli,ITA-Serie A,0.3,12.9,3.0,0.0,0.6,1.9,0.1,0.4,1.4,2.0,0.41,0.0,0.9,0.1,0.4,6.74,0.0,18.0,1.9,0.2,0.4,1740,21,Attacker,0.125,0.0,0.0232558139534883,0.2857142857142857,0.1055555555555555,0.4736842105263158,0.2105263157894737,0.08,45.68441514536849,84.62759400842565,31.365722681645604,25.10621781869246,43.04061838009551,True,False,Denmark
749736,Kai Havertz,9825,Arsenal,ENG-Premier League,0.0,19.2,3.0,0.0,1.5,1.7,0.08,0.46,1.8,3.0,0.43,0.3,1.0,0.2,0.3,7.08,0.0,17.0,2.5,0.8,0.4,1874,23,Attacker,0.3793103448275862,0.2727272727272727,0.0,0.2222222222222222,0.0999999999999999,0.4,0.184,0.0681481481481481,42.67241379310345,87.3342175066313,33.76989389920425,24.234084880636605,42.98906705922836,False,False,Germany
1184777,Jofre Carreras,8558,Espanyol,ESP-La Liga,0.5,13.7,2.0,0.0,0.9,1.9,0.08,0.1,1.2,3.0,0.12,0.6,0.5,0.0,0.7,6.63,0.0,24.0,1.7,0.9,1.6,2175,37,Midfielder,0.5555555555555555,0.3999999999999999,0.0364963503649635,1.3333333333333337,0.0791666666666666,0.2941176470588235,0.0588235294117647,0.0444444444444444,37.30106100795757,33.83289124668435,54.59217506631299,53.1896551724138,42.98324192507989,False,False,Spain
591734,Dominic Solanke,8586,Tottenham Hotspur,ENG-Premier League,0.4,10.3,6.0,0.0,0.9,1.2,0.05,0.45,1.5,3.0,0.37,0.0,1.1,0.4,0.6,6.65,0.0,14.0,2.4,0.7,0.7,2206,27,Attacker,0.3181818181818181,0.0,0.0388349514563106,0.4666666666666666,0.0857142857142857,0.4583333333333333,0.1875,0.045,35.97480106100796,89.1180371352785,33.355437665782496,30.348143236074275,42.8064299561343,False,False,England
543306,Federico Bonazzoli,7801,Cremonese,ITA-Serie A,1.1,23.0,3.0,0.0,0.4,0.9,0.06,0.32,0.8,1.0,0.32,0.3,1.0,0.0,0.4,6.72,0.0,9.0,2.7,1.0,0.3,1411,22,Attacker,0.6190476190476191,0.2307692307692307,0.0478260869565217,0.3749999999999999,0.1,0.3703703703703703,0.1185185185185185,0.0505263157894736,38.19117647058823,72.06617647058823,33.82352941176471,35.39705882352941,42.76809908884015,True,False,Italy
1336582,Maximo Perrone,10171,Como,ITA-Serie A,2.0,66.6,3.0,0.0,0.8,2.0,0.1,0.06,1.5,3.0,0.1,0.8,0.2,0.1,0.2,7.18,0.0,23.0,0.5,1.8,0.4,1845,23,Midfielder,0.6341463414634148,0.3076923076923077,0.03003003003003,0.2666666666666666,0.0869565217391304,0.4,0.12,0.0375,45.383354137410926,40.15544546731159,40.33634342331097,45.32718312789306,42.72685891575048,True,False,Argentina
1473806,Marco Palestra,8529,Cagliari,ITA-Serie A,0.8,21.7,6.0,0.0,1.3,2.4,0.11,0.05,1.3,4.0,0.04,0.6,0.1,0.1,0.1,7.11,0.0,21.0,0.7,1.9,1.8,2061,24,Midfielder,0.6578947368421053,0.24,0.0368663594470046,1.3846153846153846,0.1142857142857142,0.1428571428571428,0.0714285714285714,0.034375,65.94852941176471,20.29411764705882,59.77941176470589,36.99264705882353,42.693825355084,True,False,Italy
215151,Marcel Sabitzer,9789,Borussia Dortmund,GER-Bundesliga,1.5,33.3,2.0,0.0,2.2,1.0,0.1,0.08,1.0,1.0,0.1,1.2,0.3,0.1,0.6,6.93,0.0,8.0,1.2,1.2,0.1,939,15,Midfielder,0.7058823529411765,0.5,0.045045045045045,0.1,0.125,0.25,0.0666666666666666,0.0444444444444444,47.51191033442554,33.62275706038383,34.209672595828785,63.58517319394601,42.550775498224645,True,False,Austria
275034,Silvan Widmer,9905,1. FSV Mainz 05,GER-Bundesliga,1.2,20.1,2.0,0.0,3.3,0.9,0.07,0.17,0.9,0.0,0.15,0.8,0.2,0.5,0.2,6.78,0.0,3.0,1.3,2.2,0.2,1170,17,Midfielder,0.7692307692307693,0.2666666666666666,0.0597014925373134,0.2222222222222222,0.3,0.1538461538461538,0.1307692307692307,0.0495833333333333,47.3014705882353,51.65441176470589,25.9375,51.86764705882352,42.38386775360557,True,False,Switzerland
640492,Rafa Mir,10268,Elche,ESP-La Liga,0.7,18.3,1.0,0.0,1.0,0.9,0.06,0.38,2.1,0.0,0.41,0.3,1.6,0.1,0.7,6.81,0.0,6.0,3.4,0.6,0.3,1319,19,Attacker,0.3,0.3333333333333333,0.0382513661202185,0.1428571428571428,0.15,0.4705882352941177,0.1117647058823529,0.0518181818181818,39.88970588235294,78.86764705882352,24.94485294117647,41.37867647058823,42.37244526517307,True,False,Spain
689680,Jens Odgaard,9857,Bologna,ITA-Serie A,0.3,14.6,1.0,0.0,0.9,1.0,0.08,0.18,2.0,1.0,0.34,0.3,0.8,0.0,0.9,6.73,0.0,10.0,2.2,1.2,0.5,1045,19,Midfielder,0.4285714285714285,0.1999999999999999,0.0205479452054794,0.25,0.1,0.3636363636363636,0.0818181818181818,0.0553846153846153,38.10214802101212,58.11154886357726,32.04640609559473,47.37695688354918,42.35539302301655,True,False,Denmark
471153,Ludovic Ajorque,8521,Brest,FRA-Ligue 1,1.3,16.8,2.0,0.0,1.3,1.6,0.08,0.3,2.0,7.0,0.15,0.4,0.5,0.1,0.7,7.07,0.0,29.0,1.7,0.6,0.4,1834,21,Attacker,0.3333333333333333,0.4,0.0773809523809523,0.2,0.0551724137931034,0.2941176470588235,0.1764705882352941,0.0631578947368421,37.1475139127269,76.36747802569303,28.14112316013939,41.077462682685805,42.34109809501671,True,False,France
557346,Sandi Lovric,8600,Udinese,ITA-Serie A,1.8,28.0,5.0,0.0,0.9,2.4,0.09,0.1,2.1,3.0,0.08,0.9,0.5,0.2,0.5,6.74,0.0,32.0,1.9,1.8,0.8,2326,36,Midfielder,0.5625,0.3333333333333333,0.0642857142857143,0.3809523809523809,0.075,0.2631578947368421,0.0526315789473684,0.0473684210526315,48.15649867374006,29.031830238726787,44.6949602122016,52.25132625994695,42.3349622894341,False,False,Slovenia
298915,Maximilian Arnold,8721,VfL Wolfsburg,GER-Bundesliga,3.8,41.7,11.0,0.0,3.5,3.9,0.2,0.02,0.9,4.0,0.05,1.2,0.3,0.6,0.2,6.94,0.0,28.0,0.6,1.1,0.2,1800,20,Midfielder,0.71875,0.5217391304347826,0.0911270983213429,0.2222222222222222,0.1392857142857143,0.5,0.0333333333333333,0.0181818181818181,81.16091954022988,28.055663910126384,28.182633796224064,44.07180007281428,42.28017512186159,True,False,Germany
730901,Yangel Herrera,7732,Girona,ESP-La Liga,1.4,34.1,5.0,0.0,1.9,1.3,0.05,0.14,2.9,3.0,0.16,1.2,0.6,0.3,0.3,6.99,0.0,17.0,1.6,2.6,0.8,2263,29,Midfielder,0.5671641791044777,0.3157894736842105,0.0410557184750733,0.2758620689655172,0.0764705882352941,0.3749999999999999,0.0875,0.0368421052631579,33.0106100795756,50.90848806366048,42.771883289124666,47.84151193633952,42.271162108207925,False,False,Venezuela
711231,Gorka Guruzeta,8315,Athletic Club,ESP-La Liga,0.7,14.5,5.0,0.0,0.7,1.3,0.08,0.4,1.9,1.0,0.26,0.3,1.1,0.0,0.7,6.57,0.0,16.0,3.2,0.6,0.5,1385,21,Attacker,0.3214285714285714,0.3333333333333333,0.0482758620689655,0.2631578947368421,0.08125,0.34375,0.125,0.0666666666666666,35.48170541426119,70.81297134238311,29.475087117074946,45.15134966453425,42.25007380555014,True,False,Spain
660327,Ibrahima Sissoko,9911,VfL Bochum 1848,GER-Bundesliga,1.5,27.8,2.0,0.0,1.8,2.7,0.1,0.05,2.6,1.0,0.04,1.3,0.2,0.4,0.4,6.94,0.0,27.0,0.7,2.2,1.1,2535,31,Midfielder,0.5737704918032788,0.3714285714285714,0.0539568345323741,0.4230769230769231,0.1,0.2857142857142857,0.0714285714285714,0.0333333333333333,50.23209549071618,26.49867374005305,45.49071618037135,52.44363395225465,42.123036678264526,False,False,Mali
651435,Toma Basic,8543,Lazio,ITA-Serie A,1.0,36.7,4.0,0.0,1.1,1.5,0.12,0.09,1.1,2.0,0.08,0.7,0.7,0.5,0.5,6.83,0.0,14.0,2.0,1.2,0.1,1180,16,Midfielder,0.6333333333333333,0.3684210526315789,0.0272479564032697,0.0909090909090909,0.1071428571428571,0.35,0.045,0.0514285714285714,57.19852941176471,31.419117647058822,33.768382352941174,50.48897058823529,42.09987655519408,True,False,Croatia
1231648,Vladyslav Vanat,7732,Girona,ESP-La Liga,0.1,9.7,3.0,0.0,0.9,1.3,0.07,0.41,1.5,1.0,0.4,0.1,0.9,0.1,0.3,6.69,0.0,11.0,1.3,0.2,0.5,1572,21,Attacker,0.1666666666666666,0.3333333333333333,0.0103092783505154,0.3333333333333333,0.1181818181818181,0.6923076923076923,0.3153846153846154,0.0597916666666666,46.352941176470594,93.8235294117647,30.9375,19.63235294117647,42.08398963887905,True,False,Ukraine
1481909,Ebenezer Akinsanmiro,6479,Pisa,ITA-Serie A,1.7,25.4,2.0,0.0,1.1,1.1,0.11,0.06,2.2,1.0,0.0,1.5,0.3,0.3,0.7,6.98,0.0,12.0,1.1,2.1,1.5,933,14,Midfielder,0.6206896551724137,0.4166666666666666,0.0669291338582677,0.6818181818181818,0.0916666666666666,0.2727272727272727,0.0545454545454545,0.0388235294117647,43.53676470588236,20.34558823529412,55.75367647058823,69.08823529411765,41.99751618224569,True,False,Nigeria
1174672,Joao Gomes,8602,Wolverhampton Wanderers,ENG-Premier League,1.3,41.0,1.0,0.0,1.6,1.3,0.06,0.04,2.3,0.0,0.0,1.3,0.2,0.2,0.4,6.9,0.0,13.0,0.5,3.3,1.2,2026,25,Midfielder,0.6666666666666666,0.2826086956521739,0.0317073170731707,0.5217391304347826,0.1,0.4,0.08,0.0239999999999999,33.60612680085297,31.82505070993915,53.94364045352889,60.44031830238726,41.96316398446713,True,False,Brazil
1292833,Tyler Dibling,8466,Southampton,ENG-Premier League,0.7,23.7,3.0,0.0,0.8,1.5,0.07,0.12,1.4,0.0,0.1,0.4,0.4,0.2,0.2,6.47,0.0,20.0,1.3,1.6,2.2,1874,33,Attacker,0.5882352941176471,0.2,0.0295358649789029,1.5714285714285716,0.075,0.3076923076923077,0.0923076923076923,0.0442105263157894,34.07824933687003,43.58753315649867,65.06962864721486,31.442307692307697,41.92096006972304,False,False,England
1076756,Brennan Johnson,9826,Crystal Palace,ENG-Premier League,0.5,13.7,0.0,0.0,1.6,0.7,0.06,0.15,0.7,0.0,0.0,0.3,0.4,0.0,0.7,6.59,0.0,10.0,1.3,1.4,0.4,1057,23,Attacker,0.7083333333333334,0.1764705882352941,0.0364963503649635,0.5714285714285715,0.0699999999999999,0.3076923076923077,0.1153846153846153,0.0428571428571428,28.99065116762885,58.61465647266865,37.405113902324864,54.64885967649659,41.82422606540439,True,False,Wales
1664716,Dayann Methalie,9941,Toulouse,FRA-Ligue 1,0.5,16.5,1.0,0.0,1.6,1.1,0.08,0.04,2.6,0.0,0.0,0.8,0.4,0.2,0.4,6.55,0.0,6.0,0.7,2.7,1.5,1214,18,Midfielder,0.5737704918032788,0.2285714285714286,0.0303030303030303,0.5769230769230769,0.1833333333333333,0.5714285714285715,0.0571428571428571,0.0266666666666666,45.80147058823529,31.06617647058824,44.22794117647059,49.29044117647059,41.8131127838243,True,False,France
638090,Luis Milla,8305,Getafe,ESP-La Liga,2.5,32.8,11.0,0.0,1.4,4.1,0.18,0.03,0.8,8.0,0.0,1.0,0.0,0.3,0.7,7.41,0.0,52.0,0.8,1.7,0.7,2025,23,Midfielder,0.7714285714285715,0.3703703703703703,0.0762195121951219,0.8749999999999999,0.0788461538461538,0.0,0.0375,0.0257142857142857,68.04856451864566,13.35186196494513,49.5091212877724,67.75724892078847,41.79204341307347,True,False,Spain
1359911,Miguel Román,9910,Celta de Vigo,ESP-La Liga,3.2,45.1,4.0,0.0,1.6,1.2,0.1,0.08,1.7,0.0,0.09,0.9,0.1,0.5,0.3,6.86,0.0,14.0,0.7,2.2,0.2,1040,16,Midfielder,0.6458333333333334,0.2903225806451613,0.0709534368070953,0.1176470588235294,0.0857142857142857,0.1428571428571428,0.1142857142857143,0.0444444444444444,46.61029411764706,37.73529411764706,36.37867647058823,47.794117647058826,41.765540021647446,True,False,Spain
1113903,Liam Delap,9902,Ipswich Town,ENG-Premier League,0.2,7.4,3.0,0.0,1.0,1.4,0.05,0.32,2.5,2.0,0.41,0.1,1.1,0.0,0.6,6.73,0.0,21.0,2.3,0.4,1.4,2612,37,Attacker,0.1666666666666666,0.2,0.027027027027027,0.5599999999999999,0.0666666666666666,0.4782608695652174,0.1391304347826087,0.0432432432432432,28.547745358090182,82.77851458885941,42.30769230769231,30.82228116710876,41.7377219363548,False,False,England
556029,Marius Wolf,8406,FC Augsburg,GER-Bundesliga,1.5,24.7,2.0,0.0,1.9,4.5,0.19,0.03,0.8,3.0,0.04,1.0,0.1,0.2,0.4,6.9,0.0,45.0,0.5,1.1,0.8,2164,32,Midfielder,0.7241379310344827,0.4761904761904761,0.0607287449392712,1.0,0.1,0.2,0.06,0.0259090909090909,64.32360742705569,18.547745358090182,45.62334217506631,53.59084880636604,41.70602510824958,False,False,Germany
737339,Dany Mota,6504,Monza,ITA-Serie A,0.7,17.0,3.0,0.0,1.0,1.7,0.07,0.22,1.3,2.0,0.21,0.4,0.5,0.0,0.5,6.52,0.0,22.0,1.8,0.6,0.6,2111,31,Attacker,0.4347826086956522,0.4,0.0411764705882352,0.4615384615384615,0.0772727272727272,0.2777777777777778,0.1222222222222222,0.053103448275862,36.02122015915119,59.3236074270557,37.20159151193634,38.53116710875332,41.694351823687946,False,False,Portugal
1130991,Isaac Romero,8302,Sevilla,ESP-La Liga,0.9,14.0,2.0,0.0,1.0,0.4,0.04,0.4,1.7,0.0,0.27,0.1,1.0,0.0,0.7,6.39,0.0,7.0,2.4,1.0,0.6,989,18,Attacker,0.3928571428571429,0.0909090909090909,0.0642857142857143,0.3529411764705882,0.0571428571428571,0.4166666666666667,0.1666666666666666,0.0363636363636363,29.707754719925106,77.25780152909971,34.68085244707962,39.99069017527435,41.61604036454919,True,False,Spain
1120224,Tyrick Mitchell,9826,Crystal Palace,ENG-Premier League,1.0,21.6,1.0,0.0,2.8,1.4,0.05,0.04,0.7,0.0,0.04,1.0,0.2,0.3,0.2,7.07,0.0,19.0,0.4,2.8,0.4,2309,26,Midfielder,0.8444444444444444,0.2631578947368421,0.0462962962962962,0.5714285714285715,0.0736842105263157,0.5,0.0999999999999999,0.0222222222222222,41.12295209861133,41.190240287096266,32.701409476257346,57.91339002444479,41.60267747756931,True,False,England
795371,Ibrahim Sangaré,10203,Nottingham Forest,ENG-Premier League,1.6,36.3,1.0,0.0,2.3,1.3,0.09,0.07,1.7,2.0,0.14,1.0,0.3,0.8,0.2,6.91,0.0,6.0,0.9,2.6,0.3,1320,18,Midfielder,0.679245283018868,0.2777777777777778,0.0440771349862259,0.1764705882352941,0.2166666666666666,0.3333333333333333,0.0777777777777777,0.039375,48.25,37.92647058823529,33.95220588235294,47.74264705882353,41.52246239971633,True,False,Ivory Coast
266520,Christian Nørgaard,9937,Brentford,ENG-Premier League,2.1,36.7,3.0,0.0,2.0,1.4,0.04,0.14,1.4,4.0,0.16,1.6,0.5,0.6,0.4,7.24,0.0,18.0,1.2,2.5,0.2,2829,34,Midfielder,0.7454545454545454,0.3902439024390244,0.0572207084468664,0.1428571428571428,0.0777777777777777,0.4166666666666667,0.1166666666666666,0.0311111111111111,28.56100795755968,60.04641909814324,30.45424403183024,67.1816976127321,41.46827672285645,False,False,Denmark
914458,Aurélien Tchouaméni,8633,Real Madrid,ESP-La Liga,1.9,59.6,4.0,0.0,2.0,2.4,0.12,0.08,1.0,0.0,0.0,1.2,0.2,0.5,0.3,7.42,0.0,18.0,1.2,2.5,0.0,1735,21,Midfielder,0.7872340425531915,0.3243243243243243,0.0318791946308724,0.0,0.1333333333333333,0.1666666666666666,0.0666666666666666,0.0479999999999999,56.63598065220784,23.85597077027097,36.94778176522599,59.73393535132886,41.4446349699149,True,False,France
820024,Sean Longstaff,8463,Leeds United,ENG-Premier League,1.2,33.7,6.0,0.0,1.0,1.3,0.13,0.08,1.0,2.0,0.1,1.0,0.2,0.5,0.5,0.0,0.0,21.0,1.2,3.5,0.0,939,16,Midfielder,0.8181818181818182,0.2222222222222222,0.0356083086053412,0.0,0.0619047619047619,0.1666666666666666,0.0666666666666666,0.0495238095238095,53.66176470588235,27.86029411764705,29.025735294117645,70.71323529411764,41.28020625269795,True,False,England
1119643,Jan Thielmann,8722,1. FC Köln,GER-Bundesliga,1.4,16.5,1.0,0.0,2.6,0.8,0.06,0.13,0.6,1.0,0.21,0.8,0.7,0.2,0.2,6.74,0.0,7.0,1.5,1.1,0.4,1280,19,Attacker,0.76,0.4210526315789473,0.0848484848484848,0.6666666666666667,0.1142857142857143,0.4666666666666666,0.0866666666666666,0.0410526315789473,34.11029411764706,58.23529411764706,34.22794117647059,45.069852941176464,41.26051363174333,True,False,Germany
1092731,Joel Chima Fujita,8152,FC St. Pauli,GER-Bundesliga,1.4,32.9,5.0,0.0,0.7,3.3,0.17,0.03,1.4,3.0,0.0,1.2,0.2,0.1,0.7,7.01,0.0,24.0,1.1,2.2,1.3,1770,21,Midfielder,0.7083333333333333,0.3529411764705882,0.0425531914893617,0.9285714285714288,0.1374999999999999,0.1818181818181818,0.0272727272727272,0.0255,78.21323529411765,8.419117647058824,58.400735294117645,73.9375,41.179232789474376,True,False,Japan
1238154,Pablo Ibánez,9866,Alavés,ESP-La Liga,0.9,36.1,1.0,0.0,1.4,1.0,0.06,0.22,1.6,1.0,0.06,0.8,0.6,0.4,0.5,6.7,0.0,12.0,2.0,1.9,1.7,1449,24,Midfielder,0.6279069767441859,0.2962962962962963,0.0249307479224376,1.0625,0.0833333333333333,0.3,0.11,0.0471428571428571,23.75490196078432,45.542622353981386,60.41465127164924,50.6037798408488,41.0631858721317,True,False,Spain
852071,Juan Hernández,8603,Real Betis,ESP-La Liga,1.3,17.0,6.0,0.0,1.1,1.7,0.09,0.42,0.9,3.0,0.44,0.4,0.8,0.1,0.8,7.33,0.0,27.0,3.1,1.1,0.9,1651,19,Attacker,0.625,0.2666666666666666,0.0764705882352941,1.0,0.0629629629629629,0.2580645161290322,0.1354838709677419,0.0741176470588235,37.95508919748271,50.659567275185935,39.03774639829407,37.80524132730015,41.05139893247972,True,False,Colombia
1020963,Nicolo Rovella,8543,Lazio,ITA-Serie A,3.5,60.9,6.0,0.0,1.4,2.1,0.07,0.05,1.4,3.0,0.0,1.6,0.3,0.1,0.3,7.15,0.0,31.0,0.9,2.8,0.6,2728,33,Midfielder,0.7586206896551724,0.3636363636363636,0.057471264367816,0.4285714285714286,0.0677419354838709,0.3333333333333333,0.0555555555555555,0.0291666666666666,43.282493368700266,23.0106100795756,48.07692307692307,64.03183023872678,41.033547414938994,False,False,Italy
369742,Jackson Irvine,8152,FC St. Pauli,GER-Bundesliga,1.0,23.4,8.0,0.0,2.2,2.5,0.09,0.11,1.3,6.0,0.0,1.2,0.4,0.2,0.3,7.09,0.0,33.0,1.4,1.9,0.3,2610,29,Midfielder,0.7045454545454546,0.3870967741935484,0.0427350427350427,0.2307692307692307,0.0757575757575757,0.2857142857142857,0.0785714285714285,0.0494999999999999,52.83819628647215,32.30106100795756,30.354774535809018,54.31366047745357,40.900362733665816,False,False,Australia
1324358,Frank Magri,9941,Toulouse,FRA-Ligue 1,0.1,10.7,1.0,0.0,0.9,0.9,0.07,0.31,2.0,1.0,0.36,0.2,0.9,0.1,0.4,6.72,0.0,14.0,2.3,0.6,0.7,1264,17,Attacker,0.2857142857142857,0.25,0.0093457943925233,0.35,0.0642857142857143,0.391304347826087,0.1347826086956521,0.0571052631578947,36.58837832215114,77.48688042856399,32.18397305871951,29.221667446819577,40.86588469833908,True,False,Cameroon
423812,Phillipp Mwene,9905,1. FSV Mainz 05,GER-Bundesliga,1.2,18.9,1.0,0.0,2.0,1.4,0.11,0.04,1.2,0.0,0.0,0.4,0.0,0.3,0.6,6.43,0.0,10.0,0.3,0.9,0.5,1113,17,Midfielder,0.52,0.3076923076923077,0.0634920634920634,0.4166666666666667,0.1399999999999999,0.0,0.1333333333333333,0.0293333333333333,55.11984448951995,28.355112602070005,36.51122119935508,47.32917901908774,40.84911229446056,True,False,Austria
664500,Viktor Gyökeres,9825,Arsenal,ENG-Premier League,0.1,6.9,2.0,0.0,0.9,1.3,0.07,0.44,1.1,0.0,0.44,0.1,0.8,0.1,0.6,6.72,0.0,14.0,2.0,0.3,0.3,1646,25,Attacker,0.2666666666666666,0.25,0.0144927536231884,0.2727272727272727,0.0928571428571428,0.4,0.22,0.0603921568627451,39.213235294117645,88.61029411764706,24.448529411764707,31.03308823529412,40.7689035596979,True,False,Sweden
1109046,Ilaix Moriba,9910,Celta de Vigo,ESP-La Liga,1.2,31.3,3.0,0.0,1.1,1.3,0.07,0.06,1.2,1.0,0.0,0.8,0.2,0.2,0.5,6.69,0.0,13.0,0.9,3.1,0.5,1581,24,Midfielder,0.7647058823529411,0.2051282051282051,0.0383386581469648,0.4166666666666667,0.1,0.2222222222222222,0.0666666666666666,0.0323076923076923,47.53998283663598,23.25167732875644,40.87341368908306,65.000182035679,40.754392179238856,True,False,Guinea
1075815,Patrick Osterhage,8358,Sport-Club Freiburg,GER-Bundesliga,0.9,30.5,0.0,0.0,1.3,0.8,0.07,0.08,1.2,0.0,0.09,1.4,0.2,0.8,0.2,6.52,0.0,5.0,0.6,1.0,0.4,1017,17,Midfielder,0.6666666666666667,0.5833333333333334,0.0295081967213114,0.3333333333333333,0.16,0.3333333333333333,0.1333333333333333,0.0373333333333333,42.86494252873564,41.34010766110158,36.2512027357362,42.71814375617621,40.70770833213309,True,False,Germany
1024672,Nicolas Seiwald,178475,RB Leipzig,GER-Bundesliga,2.2,45.2,2.0,0.0,2.4,1.3,0.06,0.05,0.6,2.0,0.0,2.1,0.1,0.3,0.4,7.2,0.0,10.0,0.5,1.9,0.3,1855,22,Midfielder,0.8695652173913044,0.525,0.0486725663716814,0.5,0.13,0.2,0.1,0.0272727272727272,50.36477349560514,21.00426483590784,38.1685260311021,72.14788448535913,40.57756708466128,True,False,Austria
1515977,Ilyas Ansah,8149,1. FC Union Berlin,GER-Bundesliga,0.2,10.7,1.0,0.0,0.8,0.9,0.06,0.17,1.0,1.0,0.31,0.2,0.5,0.1,0.6,6.52,0.0,13.0,1.5,0.6,1.4,1442,22,Attacker,0.4444444444444445,0.25,0.0186915887850467,1.4,0.0692307692307692,0.3333333333333333,0.1133333333333333,0.0443478260869565,24.823529411764707,61.05882352941176,53.87867647058823,35.55514705882353,40.54440136200565,True,False,Germany
1286471,Roger Brugué,8581,Levante,ESP-La Liga,0.3,16.8,2.0,0.0,1.6,0.7,0.07,0.22,1.1,1.0,0.0,0.4,0.5,0.1,0.2,6.26,0.0,6.0,1.8,1.0,0.9,900,15,Attacker,0.5599999999999999,0.2857142857142857,0.0178571428571428,0.8181818181818181,0.1166666666666666,0.2777777777777778,0.1222222222222222,0.053103448275862,39.25735294117647,49.52941176470589,49.33823529411764,25.79779411764705,40.50461548551044,True,False,Spain
921594,Domagoj Bradaric,9876,Verona,ITA-Serie A,0.7,18.8,4.0,0.0,1.9,1.9,0.11,0.03,0.4,0.0,0.0,0.4,0.3,0.1,0.3,6.57,0.0,17.0,0.5,1.4,0.2,1539,20,Midfielder,0.8181818181818182,0.2222222222222222,0.0372340425531914,0.5,0.1117647058823529,0.6,0.06,0.0235714285714285,54.41241483330733,35.1421828678421,28.62264003744734,46.98346075830863,40.339731811427846,True,False,Croatia
942193,Mikael Egill Ellertsson,10233,Genoa,ITA-Serie A,0.4,15.1,5.0,0.0,1.2,1.5,0.08,0.09,0.9,1.0,0.05,0.6,0.3,0.2,0.3,6.54,0.0,12.0,0.8,1.3,0.4,1745,24,Midfielder,0.6785714285714286,0.3157894736842105,0.0264900662251655,0.4444444444444445,0.125,0.3749999999999999,0.1124999999999999,0.0423529411764705,50.41536641181671,37.52959380038488,30.208073282363344,44.901161127581,40.2572973347325,True,False,Iceland
1033111,Kaishu Sano,9905,1. FSV Mainz 05,GER-Bundesliga,1.5,29.7,2.0,0.0,1.6,1.8,0.08,0.04,0.3,1.0,0.05,2.3,0.1,0.3,0.3,7.29,0.0,15.0,0.6,1.5,0.9,1979,22,Midfielder,0.926829268292683,0.6052631578947368,0.0505050505050505,3.0,0.12,0.1666666666666666,0.0666666666666666,0.0266666666666666,45.12267904509284,16.959809122588027,57.4618050137827,63.40467181567588,40.17378684125101,True,False,Japan
715069,Pedro Diaz,8370,Rayo Vallecano,ESP-La Liga,1.3,32.5,2.0,0.0,0.8,0.8,0.06,0.06,0.7,0.0,0.0,0.2,0.3,0.0,0.6,6.47,0.0,17.0,2.0,2.0,0.5,1146,20,Midfielder,0.7586206896551724,0.0909090909090909,0.04,0.7142857142857143,0.0470588235294117,0.15,0.03,0.03,35.38535652987986,22.94837988245696,56.231341342903214,64.06364097363083,40.14689985647678,True,False,Spain
967871,Iván Martin,7732,Girona,ESP-La Liga,2.4,43.8,1.0,0.0,1.0,0.9,0.04,0.04,1.2,1.0,0.0,0.6,0.1,0.1,0.3,7.0,0.0,14.0,0.4,2.4,1.0,1801,22,Midfielder,0.7142857142857143,0.1999999999999999,0.0547945205479452,0.8333333333333334,0.0642857142857143,0.25,0.0999999999999999,0.02,29.045404899360275,32.38722889686378,61.35307770322984,50.00218442814791,40.11193030881229,True,False,Spain
643448,Kristijan Jakic,8406,FC Augsburg,GER-Bundesliga,3.1,34.9,2.0,0.0,2.8,1.3,0.1,0.05,1.0,1.0,0.08,0.9,0.3,0.4,0.5,6.86,0.0,12.0,0.8,2.1,0.3,1172,17,Midfielder,0.75,0.3,0.0888252148997134,0.3,0.1083333333333333,0.3749999999999999,0.0625,0.0333333333333333,43.60913038955636,26.27287148281064,36.10934493160659,66.38752145420501,39.86321360000044,True,False,Croatia
845994,Hans Nicolussi Caviglia,7881,Venezia,ITA-Serie A,2.6,34.6,4.0,0.0,1.7,2.3,0.07,0.08,1.6,2.0,0.13,0.9,0.6,0.4,0.4,6.87,0.0,29.0,1.7,1.5,0.5,2870,35,Midfielder,0.6,0.375,0.0751445086705202,0.3125,0.0793103448275862,0.3529411764705882,0.0470588235294117,0.0373333333333333,42.74535809018568,32.87135278514589,38.90915119363395,46.90318302387268,39.83130034282549,False,False,Italy
506776,Stefano Moreo,6479,Pisa,ITA-Serie A,0.5,12.5,3.0,0.0,2.4,1.0,0.07,0.25,1.1,1.0,0.34,0.9,0.8,0.3,0.5,6.88,0.0,14.0,2.4,0.8,0.3,1319,24,Midfielder,0.6071428571428571,0.5294117647058824,0.04,0.2727272727272727,0.0714285714285714,0.3333333333333333,0.1041666666666666,0.0546875,34.63235294117647,64.84558823529412,25.22058823529412,47.22058823529412,39.81803185247819,True,False,Italy
575364,Alberto Grassi,7801,Cremonese,ITA-Serie A,1.5,34.9,0.0,0.0,3.1,0.4,0.04,0.04,0.7,0.0,0.0,1.9,0.3,0.5,0.3,6.55,0.0,2.0,0.4,1.1,0.3,1046,19,Midfielder,0.8108108108108107,0.6333333333333333,0.0429799426934097,0.4285714285714286,0.2,0.7499999999999999,0.0999999999999999,0.02,35.05147058823529,41.78676470588236,34.28308823529412,54.61397058823529,39.80176163930918,True,False,Italy
950545,Oihan Sancet,8315,Athletic Club,ESP-La Liga,0.9,24.9,0.0,0.0,0.5,0.7,0.05,0.33,1.3,0.0,0.16,0.2,0.6,0.2,0.6,6.48,0.0,16.0,2.3,0.8,0.5,1152,17,Midfielder,0.4347826086956522,0.2,0.036144578313253,0.3846153846153846,0.04375,0.2608695652173913,0.1434782608695652,0.0434210526315789,22.293038435533365,73.67741977427576,47.16173870078535,35.46656394653352,39.77824849858144,True,False,Spain
518346,Robin Gosens,8535,Fiorentina,ITA-Serie A,0.7,26.2,0.0,0.0,2.8,1.0,0.08,0.2,1.2,0.0,0.16,0.9,0.5,0.5,0.2,6.67,0.0,9.0,1.0,1.6,0.0,1135,16,Midfielder,0.6756756756756757,0.36,0.0267175572519083,0.0,0.1111111111111111,0.5,0.2,0.0571428571428571,35.29422166744683,64.75399178238933,25.703827950278253,44.48531362146981,39.74390187151739,True,False,Germany
827315,Nicolás Dominguez,10203,Nottingham Forest,ENG-Premier League,1.0,37.1,2.0,0.0,2.4,1.6,0.07,0.07,1.5,1.0,0.0,1.3,0.4,0.5,0.4,6.79,0.0,13.0,1.0,3.9,0.1,1970,34,Midfielder,0.7761194029850746,0.25,0.0269541778975741,0.0666666666666666,0.123076923076923,0.4,0.07,0.035,41.744031830238725,33.38196286472149,29.675066312997348,65.95490716180372,39.719487164437,False,False,Argentina
667790,Suat Serdar,9876,Verona,ITA-Serie A,2.0,23.1,2.0,0.0,1.3,0.8,0.07,0.17,1.5,0.0,0.16,0.7,0.6,0.4,0.5,6.61,0.0,13.0,1.5,2.5,0.7,1108,20,Midfielder,0.6808510638297872,0.2187499999999999,0.0865800865800865,0.4666666666666666,0.0615384615384615,0.3999999999999999,0.1133333333333333,0.0495833333333333,23.88525250949186,52.07427055702917,44.57296380090497,52.304916263587664,39.67995128240723,True,False,Germany
747926,Moise Kean,8535,Fiorentina,ITA-Serie A,0.1,6.5,0.0,0.0,0.7,0.2,0.01,0.7,1.4,1.0,0.37,0.3,1.3,0.1,0.6,6.81,0.0,2.0,4.6,0.3,1.1,1722,22,Attacker,0.3,0.5,0.0153846153846153,0.7857142857142858,0.1,0.2826086956521739,0.1521739130434782,0.0098591549295774,21.697378686222503,84.03175222343579,39.555052790346906,38.39371066729079,39.6447373715175,True,False,Italy
113836,Danny Welbeck,10204,Brighton and Hove Albion,ENG-Premier League,0.2,15.3,1.0,0.0,1.1,0.7,0.05,0.52,1.3,0.0,0.5,0.3,0.9,0.0,0.5,6.66,0.0,13.0,2.1,1.0,0.4,1453,25,Attacker,0.5,0.2307692307692307,0.0130718954248366,0.3076923076923077,0.0538461538461538,0.4285714285714285,0.2476190476190476,0.0456140350877192,21.884654392260884,89.83325531804233,33.6881403755136,41.1303960576273,39.36434505044712,True,False,England
909907,Cameron Puertas,8697,SV Werder Bremen,GER-Bundesliga,1.1,30.8,1.0,0.0,1.2,1.1,0.1,0.1,1.7,0.0,0.0,0.8,0.4,0.3,0.5,6.61,0.0,9.0,2.0,3.4,0.6,939,17,Midfielder,0.711864406779661,0.1904761904761904,0.0357142857142857,0.3529411764705882,0.1222222222222222,0.2,0.05,0.05,44.22058823529412,20.683823529411764,44.63235294117647,62.481617647058826,39.27877720482818,True,False,Spain
1002673,Jan Schöppner,94937,1. FC Heidenheim 1846,GER-Bundesliga,1.0,19.2,3.0,0.0,3.5,0.6,0.04,0.08,1.0,1.0,0.06,1.5,0.3,0.4,0.3,6.45,0.0,6.0,1.1,1.0,0.6,1426,20,Midfielder,0.7142857142857143,0.6,0.0520833333333333,0.6,0.0999999999999999,0.2727272727272727,0.0727272727272727,0.0266666666666666,37.28885161491653,35.22243459718104,36.82279476777448,52.56136552764341,39.250126445812384,True,False,Germany
562724,Lewis Cook,8678,Bournemouth,ENG-Premier League,1.9,34.1,6.0,0.0,2.0,3.8,0.11,0.03,1.5,3.0,0.03,1.2,0.1,0.3,0.3,7.09,0.0,48.0,0.4,2.4,0.4,2978,36,Midfielder,0.7058823529411764,0.3333333333333333,0.0557184750733137,0.2666666666666666,0.0791666666666666,0.25,0.075,0.0235714285714285,57.42705570291778,22.639257294429708,31.64787798408489,56.82029177718832,39.12346845022046,False,False,England
46469,Olivier Giroud,8639,Lille,FRA-Ligue 1,0.5,13.1,1.0,0.0,0.8,1.5,0.1,0.42,1.5,1.0,0.26,0.3,0.7,0.2,0.4,6.72,0.0,18.0,2.4,0.5,0.1,1364,20,Attacker,0.3478260869565218,0.3749999999999999,0.0381679389312977,0.0666666666666666,0.0833333333333333,0.2916666666666667,0.175,0.0807692307692307,40.169117647058826,75.80882352941177,24.209558823529413,29.71691176470588,39.056658162570514,True,False,France
1269497,Yannik Engelhardt,9788,Borussia Mönchengladbach,GER-Bundesliga,1.0,40.2,1.0,0.0,1.8,1.1,0.06,0.07,1.6,1.0,0.12,1.0,0.3,0.4,0.3,6.91,0.0,9.0,0.9,2.0,0.2,1561,20,Midfielder,0.6521739130434783,0.3333333333333333,0.0248756218905472,0.125,0.1222222222222222,0.3333333333333333,0.0777777777777777,0.0323076923076923,39.49080719821085,34.77461382430956,36.623010610079575,48.12834815623862,39.05557931857506,True,False,Germany
1276315,Dermane Karim,8689,Lorient,FRA-Ligue 1,1.3,30.6,1.0,0.0,0.3,0.7,0.07,0.09,1.6,2.0,0.1,0.8,0.2,0.2,0.7,6.66,0.0,10.0,1.2,1.7,1.4,914,20,Midfielder,0.6097560975609757,0.32,0.0424836601307189,0.8749999999999999,0.0699999999999999,0.1666666666666666,0.075,0.039375,24.352941176470587,30.75,60.919117647058826,60.74632352941177,38.97796010978633,True,False,Togo
1206287,Freddie Potts,8654,West Ham United,ENG-Premier League,2.0,33.8,2.0,0.0,2.4,1.1,0.09,0.02,1.1,1.0,0.0,1.2,0.1,0.2,0.0,6.69,0.0,7.0,0.2,2.2,0.2,1099,19,Midfielder,0.7555555555555556,0.3529411764705882,0.0591715976331361,0.1818181818181818,0.1571428571428571,0.5,0.0999999999999999,0.0163636363636363,49.71323529411765,37.50735294117647,24.28308823529412,50.89338235294118,38.916068082954766,True,False,England
282462,Inigo Ruiz de Galarreta,8315,Athletic Club,ESP-La Liga,2.8,42.0,2.0,0.0,0.8,1.4,0.09,0.04,2.7,1.0,0.06,0.7,0.1,0.2,1.0,6.94,0.0,15.0,0.9,2.6,1.6,1426,22,Midfielder,0.5499999999999999,0.2121212121212121,0.0666666666666666,0.5925925925925926,0.0933333333333333,0.1111111111111111,0.0444444444444444,0.0276923076923076,48.972057523274565,12.918370000520104,56.758757216414416,66.6629739428928,38.73214877446089,True,False,Spain
951918,Philipp Sander,9788,Borussia Mönchengladbach,GER-Bundesliga,2.3,41.9,0.0,0.0,3.8,1.4,0.09,0.05,1.0,0.0,0.07,1.7,0.3,0.3,0.2,6.82,0.0,5.0,1.0,2.9,0.1,1378,18,Midfielder,0.8214285714285714,0.3695652173913044,0.0548926014319809,0.1,0.2799999999999999,0.3,0.05,0.0321428571428571,37.70211161387632,28.88712487647579,36.743999323867484,61.85855827742237,38.69566788949754,True,False,Germany
1553099,Mikel Jauregizar,8315,Athletic Club,ESP-La Liga,1.8,35.5,1.0,0.0,0.9,1.9,0.08,0.06,1.2,0.0,0.09,1.7,0.3,0.1,0.7,6.99,0.0,21.0,1.3,2.4,0.3,2025,24,Midfielder,0.7735849056603773,0.4146341463414634,0.0507042253521126,0.25,0.0904761904761904,0.2307692307692307,0.0461538461538461,0.0342857142857142,36.354033390544544,24.118960316221976,36.96270218962917,80.23037915431425,38.59793971620606,True,False,Spain
1344677,Mateo Joseph,8661,Mallorca,ESP-La Liga,0.1,12.4,3.0,0.0,1.1,0.5,0.03,0.25,0.9,2.0,0.14,0.5,0.7,0.2,0.4,6.49,0.0,10.0,1.7,1.5,0.8,1333,23,Attacker,0.6896551724137931,0.25,0.0080645161290322,0.888888888888889,0.05,0.4117647058823529,0.1470588235294117,0.0267857142857142,20.28676470588235,70.71323529411764,38.80514705882353,47.02205882352941,38.56751668185524,True,False,Spain
292313,Raul Jiménez,9879,Fulham,ENG-Premier League,0.6,13.6,2.0,0.0,1.3,0.7,0.04,0.44,1.8,3.0,0.31,0.4,0.8,0.1,0.3,6.82,0.0,20.0,3.0,1.3,0.4,1718,25,Attacker,0.4857142857142857,0.2352941176470588,0.0441176470588235,0.2222222222222222,0.0349999999999999,0.2666666666666666,0.1466666666666666,0.0366666666666666,32.353942372705056,75.12582566182972,28.808381442762784,30.88350366671868,38.43709032962553,True,False,Mexico
469615,Giovanni Simeone,9804,Torino,ITA-Serie A,0.4,13.1,2.0,0.0,0.8,0.6,0.04,0.38,1.3,0.0,0.37,0.0,1.3,0.0,0.7,6.63,0.0,9.0,3.2,0.7,1.1,1203,19,Attacker,0.35,0.0,0.0305343511450381,0.8461538461538461,0.0666666666666666,0.40625,0.11875,0.0361904761904761,20.669117647058822,76.75,45.294117647058826,33.419117647058826,38.43046364015608,True,False,Argentina
362120,Danilo Cataldi,8543,Lazio,ITA-Serie A,2.1,41.4,2.0,0.0,2.1,1.2,0.06,0.15,1.0,3.0,0.16,1.0,0.3,0.4,0.3,7.05,0.0,18.0,1.2,1.4,0.3,1683,22,Midfielder,0.7058823529411765,0.4166666666666667,0.0507246376811594,0.3,0.0666666666666666,0.25,0.125,0.0428571428571428,25.49564414625267,49.23006709315026,37.4922634836428,53.66605554688719,38.40809382290013,True,False,Italy
321140,Valentino Lazaro,9804,Torino,ITA-Serie A,1.5,26.4,3.0,0.0,2.0,2.6,0.13,0.02,1.5,2.0,0.0,0.9,0.1,0.4,0.5,6.73,0.0,22.0,0.3,1.9,0.5,1778,24,Midfielder,0.6511627906976744,0.3214285714285714,0.0568181818181818,0.3333333333333333,0.1181818181818181,0.3333333333333333,0.0666666666666666,0.0173333333333333,65.30165912518854,20.34861132782025,31.89115566651064,48.29446221459406,38.39794569173876,True,False,Austria
1188890,Nicolai Remberg,9790,Hamburger SV,GER-Bundesliga,2.1,40.1,2.0,0.0,3.5,1.0,0.05,0.04,1.5,1.0,0.0,1.4,0.3,0.5,0.3,7.07,0.0,6.0,0.7,2.1,0.4,1800,20,Midfielder,0.7,0.3999999999999999,0.0523690773067331,0.2666666666666666,0.1666666666666666,0.4285714285714286,0.0571428571428571,0.0222222222222222,42.78676470588235,27.40441176470588,34.81617647058824,55.61764705882353,38.31208140738449,True,False,Germany
933817,Riccardo Sottil,9888,Lecce,ITA-Serie A,0.7,17.7,6.0,0.0,0.3,2.6,0.24,0.06,0.9,2.0,0.09,0.2,0.3,0.0,0.3,6.54,0.0,23.0,1.7,0.4,1.2,995,19,Attacker,0.4000000000000001,0.3333333333333333,0.03954802259887,1.3333333333333333,0.1130434782608695,0.1764705882352941,0.0352941176470588,0.048,53.10045768970718,21.84861132782025,50.59421646642742,33.458125292557334,38.30989646948112,True,False,Italy
655696,Artem Dovbyk,8686,Roma,ITA-Serie A,0.0,11.9,5.0,0.0,0.4,1.5,0.06,0.45,1.1,2.0,0.44,0.1,1.0,0.1,0.3,6.79,0.0,25.0,2.3,0.1,0.3,2430,32,Attacker,0.1538461538461538,0.5,0.0,0.2727272727272727,0.06,0.4347826086956522,0.1956521739130435,0.0529411764705882,35.1525198938992,89.98010610079575,24.5026525198939,25.444297082228115,38.08420821457537,False,False,Ukraine
1185609,Robin Fellhauer,8406,FC Augsburg,GER-Bundesliga,0.9,23.0,3.0,0.0,2.3,1.5,0.08,0.06,0.9,1.0,0.05,0.7,0.2,0.2,0.5,7.05,0.0,17.0,1.0,2.3,0.5,1815,22,Midfielder,0.7692307692307693,0.2333333333333333,0.0391304347826087,0.5555555555555556,0.088235294117647,0.2,0.06,0.0342857142857142,44.22058823529412,20.75,37.2610294117647,65.5110294117647,37.933112312474215,True,False,Germany
902651,Raoul Bellanova,8524,Atalanta,ITA-Serie A,1.1,29.9,1.0,0.0,1.6,1.4,0.13,0.03,0.1,1.0,0.0,0.6,0.2,0.2,0.4,6.87,0.0,17.0,0.9,1.2,0.4,1001,15,Midfielder,0.9473684210526316,0.3333333333333333,0.0367892976588628,4.0,0.0823529411764705,0.2222222222222222,0.0333333333333333,0.0243749999999999,57.26165028345556,13.237231497373486,50.05779632808031,53.47218754875956,37.87058127131553,True,False,Italy
1191093,Lorenzo Bernasconi,8524,Atalanta,ITA-Serie A,1.6,33.1,3.0,0.0,2.5,2.4,0.22,0.03,0.6,2.0,0.0,0.8,0.1,0.3,0.0,7.13,0.0,16.0,0.6,2.1,0.5,1005,15,Midfielder,0.8285714285714285,0.2758620689655172,0.0483383685800604,0.8333333333333334,0.15,0.1666666666666666,0.05,0.0264,73.38970588235294,11.308823529411764,45.33088235294117,50.49264705882352,37.82588273745614,True,False,Italy
1157236,Yehor Yarmoliuk,9937,Brentford,ENG-Premier League,2.2,35.8,1.0,0.0,1.1,1.1,0.05,0.06,1.5,2.0,0.05,0.9,0.2,0.4,0.4,6.81,0.0,11.0,0.7,2.4,0.5,1880,26,Midfielder,0.6875,0.2727272727272727,0.0614525139664804,0.3333333333333333,0.1,0.2857142857142857,0.0857142857142857,0.0272727272727272,32.20609039371717,26.88782701409476,42.46417797888387,63.33263119571436,37.766045780464594,True,False,Ukraine
840241,Ermedin Demirovic,10269,VfB Stuttgart,GER-Bundesliga,0.1,12.5,5.0,0.0,0.3,1.7,0.08,0.69,1.2,1.0,0.73,0.1,1.5,0.1,0.2,6.82,0.0,18.0,3.2,0.6,0.2,1854,34,Attacker,0.3684210526315789,0.1428571428571428,0.008,0.1666666666666666,0.0944444444444444,0.46875,0.2156249999999999,0.0716883116883116,45.87533156498674,95.87533156498677,26.193633952254643,13.663793103448276,37.63255270594817,False,False,Bosnia and Herzegovina
1280132,Nico González,8456,Manchester City,ENG-Premier League,1.9,67.7,1.0,0.0,2.6,1.0,0.07,0.04,1.8,0.0,0.07,1.4,0.1,0.4,0.7,7.17,0.0,8.0,0.8,2.4,0.7,1375,21,Midfielder,0.6785714285714286,0.3684210526315789,0.0280649926144756,0.3888888888888888,0.125,0.125,0.0499999999999999,0.0254545454545454,39.04411764705882,15.691176470588236,50.05514705882353,73.59558823529412,37.55027328504326,True,False,Spain
846000,Maxence Caqueret,10171,Como,ITA-Serie A,0.4,51.8,2.0,0.0,0.3,1.4,0.14,0.1,1.3,4.0,0.1,0.7,0.3,0.3,0.4,6.91,0.0,18.0,1.2,2.5,1.2,939,20,Midfielder,0.7111111111111111,0.2187499999999999,0.0077220077220077,0.923076923076923,0.0777777777777777,0.25,0.0833333333333333,0.0583333333333333,38.75497997607531,26.28701825557809,50.434805221823474,38.34445701357466,37.48492896319896,True,False,France
640123,Antonio Martinez,9866,Alavés,ESP-La Liga,0.5,12.3,3.0,0.0,1.6,0.8,0.05,0.32,1.3,2.0,0.29,0.2,1.0,0.1,0.4,6.74,0.0,12.0,2.9,0.9,0.6,1540,23,Attacker,0.4583333333333333,0.1818181818181818,0.040650406504065,0.4615384615384615,0.0666666666666666,0.3448275862068966,0.1103448275862069,0.0432432432432432,27.30388256098195,66.17011234201904,36.16164768294586,30.987667082748217,37.48285122333422,True,False,Spain
530197,Manolis Saliakas,8152,FC St. Pauli,GER-Bundesliga,2.7,29.1,4.0,0.0,2.0,2.9,0.11,0.06,0.7,1.0,0.08,0.8,0.2,0.3,0.2,6.91,0.0,26.0,1.1,1.8,0.1,2323,30,Midfielder,0.787878787878788,0.3076923076923077,0.0927835051546391,0.1428571428571428,0.1115384615384615,0.1818181818181818,0.0545454545454545,0.0388235294117647,58.56100795755968,22.55968169761273,27.28779840848806,53.53779840848805,37.4403612991837,False,False,Greece
1293912,Pablo Marin,8560,Real Sociedad,ESP-La Liga,0.6,20.5,0.0,0.0,0.8,0.6,0.06,0.11,1.5,0.0,0.0,0.5,0.4,0.1,0.3,6.28,0.0,6.0,1.1,1.1,1.0,956,21,Midfielder,0.5161290322580645,0.3125,0.0292682926829268,0.6666666666666666,0.0999999999999999,0.3636363636363636,0.0999999999999999,0.0388235294117647,25.510337026057105,39.74788058459458,51.28257138399126,41.650608519269774,37.43346865000996,True,False,Spain
75307,Daniel Parejo,10205,Villarreal,ESP-La Liga,3.5,46.9,3.0,0.0,1.0,0.9,0.08,0.01,1.0,0.0,0.0,0.9,0.0,0.5,0.1,6.79,0.0,18.0,0.2,2.5,0.5,1016,20,Midfielder,0.7727272727272726,0.2647058823529412,0.0746268656716418,0.5,0.05,0.0,0.0499999999999999,0.0088888888888888,36.42355801737141,23.59221407395849,43.67448769958912,57.18163910126384,37.42098028781175,True,False,Spain
860260,Derrick Köhn,8149,1. FC Union Berlin,GER-Bundesliga,1.2,20.1,3.0,0.0,1.9,2.3,0.17,0.05,1.6,1.0,0.0,0.4,0.1,0.3,0.3,6.57,0.0,16.0,1.1,1.7,0.6,1258,20,Midfielder,0.5675675675675675,0.1904761904761904,0.0597014925373134,0.3749999999999999,0.14375,0.0909090909090909,0.0454545454545454,0.0386363636363636,63.96315077755239,18.004420866489834,42.16622458001768,35.946436001456284,37.41072206280383,True,False,Ghana
956913,Marvin Pieringer,94937,1. FC Heidenheim 1846,GER-Bundesliga,0.2,13.8,1.0,0.0,2.1,0.4,0.04,0.28,2.2,0.0,0.19,0.8,0.4,0.1,0.2,6.61,0.0,10.0,1.8,1.3,0.9,935,16,Attacker,0.4883720930232557,0.3809523809523809,0.0144927536231884,0.409090909090909,0.04,0.2222222222222222,0.1555555555555555,0.035,27.10704998179644,68.13696884589378,35.654125708638894,30.32133198106829,37.38070451578184,True,False,Germany
1622889,Louis Leroux,9830,Nantes,FRA-Ligue 1,1.4,23.9,0.0,0.0,2.6,0.7,0.06,0.11,0.8,1.0,0.09,0.3,0.3,0.2,0.1,6.65,0.0,12.0,0.7,2.1,0.7,1019,14,Midfielder,0.7499999999999999,0.125,0.0585774058577405,0.8749999999999999,0.0583333333333333,0.4285714285714286,0.1571428571428571,0.0388235294117647,18.683823529411764,61.82352941176471,47.8860294117647,41.27941176470588,37.3617390340888,True,False,France
839038,Elvis Rexhbecaj,8406,FC Augsburg,GER-Bundesliga,1.0,26.1,1.0,0.0,1.4,1.1,0.1,0.04,1.2,0.0,0.09,0.4,0.3,0.1,0.9,6.43,0.0,10.0,0.9,1.2,0.4,950,19,Midfielder,0.5714285714285715,0.25,0.0383141762452107,0.3333333333333333,0.11,0.3333333333333333,0.0444444444444444,0.0285714285714285,44.07593488323712,22.921464607062983,33.67468273781662,60.53318250377074,37.28598585977938,True,False,Kosovo
299799,Bryan Cristante,8686,Roma,ITA-Serie A,4.3,51.9,1.0,0.0,1.8,1.9,0.08,0.06,1.8,0.0,0.04,0.7,0.3,0.1,0.5,7.12,0.0,18.0,1.2,2.0,0.4,2025,24,Midfielder,0.6000000000000001,0.2592592592592592,0.0828516377649325,0.2222222222222222,0.1055555555555555,0.25,0.05,0.0342857142857142,40.1761585270713,25.13773599625527,39.27744837988246,50.71119389400322,37.22448059321268,True,False,Italy
1098096,Evanilson,8678,Bournemouth,ENG-Premier League,0.1,11.5,2.0,0.0,0.9,0.9,0.05,0.36,0.8,0.0,0.25,0.1,0.9,0.1,0.4,6.75,0.0,23.0,2.5,0.3,0.4,1826,24,Attacker,0.3333333333333333,0.25,0.008695652173913,0.5,0.0391304347826087,0.36,0.144,0.0439024390243902,30.387514952930776,79.3498595724762,27.70378244135851,27.941599053414468,37.117619430071365,True,False,Brazil
1347791,Yassin Belkhdim,8121,Angers,FRA-Ligue 1,1.0,26.9,4.0,0.0,1.1,1.2,0.06,0.08,1.1,2.0,0.1,1.4,0.5,0.3,0.4,7.07,0.0,14.0,1.3,2.7,0.3,1784,22,Midfielder,0.7884615384615385,0.3414634146341463,0.037174721189591,0.2727272727272727,0.0857142857142857,0.3846153846153846,0.0615384615384615,0.0342857142857142,35.124616424819266,38.67351900972591,24.50580563790503,64.08811827118114,37.08597064116525,True,False,France
1282008,Santiago Castro,9857,Bologna,ITA-Serie A,1.1,11.0,4.0,0.0,1.5,0.6,0.04,0.29,1.5,2.0,0.45,0.1,1.0,0.1,0.4,6.87,0.0,20.0,2.4,0.4,0.7,1412,22,Attacker,0.25,0.2,0.1,0.4666666666666666,0.03,0.4166666666666667,0.1208333333333333,0.0351515151515151,31.50361470848286,73.73690643366099,32.52538747594529,23.56655354449472,37.06330804197194,True,False,Argentina
620026,Hee-Chan Hwang,8602,Wolverhampton Wanderers,ENG-Premier League,0.9,18.3,1.0,0.0,1.1,0.9,0.07,0.16,1.7,1.0,0.16,0.6,0.5,0.0,0.2,6.37,0.0,10.0,1.2,0.6,0.6,1155,20,Attacker,0.4137931034482758,0.5,0.0491803278688524,0.3529411764705882,0.09,0.4166666666666667,0.1333333333333333,0.048695652173913,31.433823529411764,65.05147058823528,35.900735294117645,24.316176470588232,37.02442616049785,True,False,South Korea
678192,Jon Guridi,9866,Alavés,ESP-La Liga,0.8,23.1,2.0,0.0,0.6,1.1,0.05,0.18,1.5,1.0,0.13,0.6,0.5,0.0,0.5,6.55,0.0,17.0,1.0,1.7,0.3,2097,33,Midfielder,0.6052631578947368,0.2608695652173913,0.0346320346320346,0.1999999999999999,0.0647058823529411,0.5,0.18,0.0391304347826087,23.037135278514587,71.73740053050398,26.52519893899204,49.94363395225465,37.00629792795166,False,False,Spain
517052,Vedat Muriqi,8661,Mallorca,ESP-La Liga,0.6,13.2,1.0,0.0,2.1,0.7,0.03,0.56,1.0,1.0,0.76,0.0,1.6,0.2,0.7,7.27,0.0,11.0,3.3,0.2,0.6,1887,23,Attacker,0.1666666666666666,0.0,0.0454545454545454,0.6,0.0636363636363636,0.4848484848484849,0.1696969696969697,0.0284745762711864,23.81519477817652,88.52885265512042,31.13834061476049,29.65868310188797,36.94721342342432,True,False,Kosovo
1130583,Samu,8661,Mallorca,ESP-La Liga,2.8,33.0,0.0,0.0,3.4,0.8,0.04,0.1,2.5,0.0,0.22,1.0,0.5,0.6,0.4,6.91,0.0,10.0,1.1,2.1,0.5,1607,21,Midfielder,0.5535714285714286,0.3225806451612903,0.0848484848484848,0.2,0.08,0.4545454545454545,0.0909090909090909,0.0285714285714285,27.57345139647371,45.06657304831748,34.12661881728818,49.118186664586254,36.90904033134219,True,False,Portugal
1039403,Santiago Pierotti,9888,Lecce,ITA-Serie A,0.3,17.0,1.0,0.0,0.8,0.8,0.05,0.1,2.4,0.0,0.0,0.6,0.2,0.2,0.8,6.37,0.0,12.0,1.3,3.0,1.2,1552,24,Attacker,0.6,0.1666666666666666,0.0176470588235294,0.5,0.0666666666666666,0.1538461538461538,0.0769230769230769,0.0333333333333333,26.47151141623758,31.95367191969626,41.15602408071982,63.28238934831227,36.883212550348695,True,False,Argentina
971790,Lucien Agoume,8302,Sevilla,ESP-La Liga,2.4,37.5,5.0,0.0,1.5,1.2,0.06,0.04,2.0,2.0,0.05,1.5,0.1,0.2,0.4,6.93,0.0,18.0,0.6,2.0,0.4,1670,21,Midfielder,0.6363636363636364,0.4285714285714285,0.064,0.2,0.0666666666666666,0.1666666666666666,0.0666666666666666,0.0239999999999999,38.02167524834868,22.790932022676444,37.91071800072815,62.04562594268477,36.87080607867109,True,False,France
784241,Manu Morlanes,8661,Mallorca,ESP-La Liga,2.2,42.8,1.0,0.0,1.2,0.9,0.08,0.06,1.2,0.0,0.09,1.0,0.1,0.2,0.3,6.75,0.0,11.0,0.4,3.2,0.4,953,18,Midfielder,0.7777777777777778,0.238095238095238,0.0514018691588785,0.3333333333333333,0.0818181818181818,0.25,0.15,0.0342857142857142,25.7868752275446,34.94645550527904,37.82847688146877,65.22451500494095,36.86440974015209,True,False,Spain
295067,Will Hughes,9826,Crystal Palace,ENG-Premier League,1.2,32.5,1.0,0.0,1.7,1.6,0.13,0.08,1.2,0.0,0.0,0.9,0.0,0.4,0.0,6.61,0.0,18.0,1.2,1.6,0.8,1159,23,Midfielder,0.6756756756756757,0.36,0.0369230769230769,0.6666666666666667,0.0888888888888888,0.0,0.0666666666666666,0.0495238095238095,49.030269932906855,18.016448223851874,45.93780881052686,44.03606256826338,36.75875932718952,True,False,England
1323305,Archie Gray,8586,Tottenham Hotspur,ENG-Premier League,1.5,28.6,1.0,0.0,2.8,0.5,0.04,0.12,1.0,0.0,0.19,1.1,0.4,0.3,0.2,6.56,0.0,4.0,0.7,0.9,0.5,933,16,Midfielder,0.6666666666666666,0.55,0.0524475524475524,0.5,0.125,0.5714285714285715,0.1714285714285714,0.0299999999999999,24.28359858532272,56.13893223071722,38.59569225568211,37.60671841680969,36.69422731042842,True,False,England
741049,Eljif Elmas,9875,Napoli,ITA-Serie A,0.6,32.2,1.0,0.0,1.0,1.4,0.1,0.15,0.8,2.0,0.0,0.4,0.4,0.1,0.5,6.84,0.0,18.0,1.2,1.4,0.9,1227,22,Midfielder,0.6923076923076923,0.2222222222222222,0.0186335403726708,1.125,0.0777777777777777,0.3333333333333333,0.125,0.06,34.4790919020128,34.63015551048006,44.29509933947054,34.17779034690799,36.68327253991568,True,False,North Macedonia
836797,Alex Kral,8558,Espanyol,ESP-La Liga,1.2,19.7,3.0,0.0,1.5,1.6,0.05,0.05,1.0,1.0,0.0,0.9,0.1,0.5,0.2,6.73,0.0,12.0,0.7,1.8,1.0,2710,37,Midfielder,0.7297297297297297,0.3333333333333333,0.0609137055837563,1.0,0.1333333333333333,0.1428571428571428,0.0714285714285714,0.025,42.46021220159152,19.46949602122016,44.74469496021221,50.65318302387268,36.67246153496108,False,False,Czechia
616531,Javier Munoz,8306,Las Palmas,ESP-La Liga,2.0,29.8,4.0,0.0,1.1,2.3,0.08,0.04,1.0,3.0,0.03,1.1,0.2,0.1,0.4,6.81,0.0,29.0,0.9,1.6,0.7,2590,35,Midfielder,0.7297297297297297,0.4074074074074074,0.0671140939597315,0.7,0.0793103448275862,0.2222222222222222,0.0444444444444444,0.0266666666666666,44.8740053050398,16.419098143236074,43.78315649867374,58.90915119363395,36.62680997705741,False,False,Spain
1368557,Gift Orban,9876,Verona,ITA-Serie A,0.5,11.1,1.0,0.0,0.5,0.8,0.05,0.51,1.0,1.0,0.4,0.2,1.3,0.0,0.3,6.66,0.0,14.0,3.6,0.2,0.8,1584,22,Attacker,0.2857142857142857,0.5,0.045045045045045,0.8,0.0571428571428571,0.3611111111111111,0.1416666666666666,0.0455357142857142,21.69117647058824,81.75735294117648,42.1875,24.49264705882353,36.569559592320246,True,False,Nigeria
156008,Jordan Henderson,9937,Brentford,ENG-Premier League,3.7,42.3,6.0,0.0,1.4,2.2,0.13,0.02,0.7,3.0,0.06,0.8,0.1,0.4,0.2,6.76,0.0,14.0,0.4,1.3,0.2,1497,24,Midfielder,0.7500000000000001,0.3809523809523809,0.0874704491725768,0.2857142857142857,0.1571428571428571,0.25,0.0499999999999999,0.0173333333333333,70.65441176470588,16.044117647058822,31.06617647058824,45.875,36.42989434203791,True,False,England
816325,Boubacar Kamara,10252,Aston Villa,ENG-Premier League,2.0,45.8,0.0,0.0,1.3,0.9,0.05,0.03,1.1,3.0,0.06,1.1,0.3,0.5,0.3,7.25,0.0,15.0,0.4,2.3,0.9,1418,18,Midfielder,0.7555555555555555,0.3235294117647059,0.0436681222707423,0.8181818181818181,0.06,0.7499999999999999,0.075,0.01875,20.256813335413742,37.15318302387268,50.34430748426691,55.46199355073594,36.20403971231155,True,False,France
721089,Gianluca Scamacca,8524,Atalanta,ITA-Serie A,0.8,15.6,1.0,0.0,1.0,0.5,0.05,0.51,1.8,1.0,0.58,0.3,1.5,0.1,0.4,6.86,0.0,10.0,3.9,0.5,1.1,926,16,Attacker,0.3076923076923077,0.3749999999999999,0.0512820512820512,0.6111111111111112,0.05,0.3846153846153846,0.1307692307692307,0.0455357142857142,17.09558823529412,82.88970588235294,46.36029411764706,29.05514705882353,36.19691229806487,True,False,Italy
1210943,Jackson Tchatchoua,8602,Wolverhampton Wanderers,ENG-Premier League,0.8,20.0,2.0,0.0,3.0,1.1,0.07,0.02,0.4,0.0,0.0,0.7,0.0,0.5,0.2,6.38,0.0,14.0,0.1,1.5,0.2,1338,24,Midfielder,0.8461538461538461,0.3181818181818181,0.04,0.5,0.0785714285714285,0.0,0.1999999999999999,0.0155555555555555,39.68996723357778,32.4814583658397,28.0420762469444,49.41354605502679,36.16053504554938,True,False,Cameroon
1224237,Mateo Pellegrino,10167,Parma,ITA-Serie A,0.4,9.1,4.0,0.0,1.1,0.8,0.03,0.29,2.4,1.0,0.31,0.1,0.8,0.2,1.0,6.65,0.0,16.0,2.4,0.5,0.7,2051,25,Attacker,0.1999999999999999,0.1666666666666666,0.0439560439560439,0.2916666666666667,0.05,0.3333333333333333,0.1208333333333333,0.0271875,27.86029411764706,69.52941176470588,24.522058823529413,38.36764705882353,36.15930825438247,True,False,Argentina
790732,Tommaso Pobega,9857,Bologna,ITA-Serie A,1.3,23.8,2.0,0.0,1.6,0.6,0.05,0.13,2.1,1.0,0.17,1.3,0.7,0.6,0.5,6.63,0.0,6.0,1.7,2.2,0.3,1068,17,Midfielder,0.625,0.3714285714285714,0.0546218487394958,0.1428571428571428,0.0999999999999999,0.4117647058823529,0.0764705882352941,0.0361111111111111,27.27174026109118,50.05598897383887,25.526830758828734,56.5949446091434,36.13121947154142,True,False,Italy
1310480,Sergi Altimira,8603,Real Betis,ESP-La Liga,2.1,51.1,2.0,0.0,1.9,1.2,0.05,0.08,1.6,1.0,0.0,1.1,0.2,0.0,0.5,6.9,0.0,22.0,1.0,2.8,0.7,1972,32,Midfielder,0.7090909090909091,0.2820512820512821,0.0410958904109589,0.4374999999999999,0.0545454545454545,0.2,0.08,0.0307692307692307,23.925729442970823,26.49867374005305,49.386604774535805,65.86538461538461,36.0246134726299,False,False,Spain
812839,Martijn Kaars,8152,FC St. Pauli,GER-Bundesliga,0.3,18.0,1.0,0.0,0.4,0.7,0.06,0.28,0.5,0.0,0.29,0.0,0.8,0.0,0.3,6.33,0.0,6.0,1.8,0.3,0.4,942,19,Attacker,0.3749999999999999,0.0,0.0166666666666666,0.8,0.1166666666666666,0.4444444444444445,0.1555555555555555,0.0494117647058823,34.0,80.3235294117647,39.22794117647059,12.705882352941176,35.880147166936155,True,False,Netherlands
729769,Tyler Adams,8678,Bournemouth,ENG-Premier League,1.5,45.1,0.0,0.0,1.9,0.3,0.02,0.04,1.6,1.0,0.15,1.6,0.4,0.4,0.3,6.95,0.0,2.0,0.6,2.6,0.3,1202,15,Midfielder,0.7241379310344827,0.3809523809523809,0.0332594235033259,0.1874999999999999,0.15,0.6666666666666667,0.0666666666666666,0.0133333333333333,24.904457273625628,42.13601965985333,29.956831538981643,62.96911244603943,35.80931267603409,True,False,USA
1113809,Mika Biereth,9829,Monaco,FRA-Ligue 1,0.1,9.6,4.0,0.0,0.5,1.1,0.11,0.31,1.3,2.0,0.19,0.0,0.7,0.2,0.9,6.37,0.0,15.0,1.8,1.0,0.3,950,20,Attacker,0.4347826086956522,0.0,0.0104166666666666,0.2307692307692307,0.0733333333333333,0.3888888888888888,0.1722222222222222,0.0811904761904761,47.947469704062,52.48799864773496,19.98137384927445,29.611613876319755,35.78437722307891,True,False,Denmark
181276,Romelu Lukaku,9875,Napoli,ITA-Serie A,0.2,11.0,8.0,0.0,0.5,2.6,0.08,0.41,1.5,10.0,0.44,0.0,0.8,0.1,0.3,6.96,0.0,35.0,2.0,0.1,0.2,2870,36,Attacker,0.0625,0.0,0.0181818181818181,0.1333333333333333,0.0742857142857142,0.4,0.205,0.066938775510204,50.875331564986745,87.79177718832891,23.64058355437666,11.28315649867374,35.621836543956306,False,False,Belgium
466672,Jefferson Lerma,9826,Crystal Palace,ENG-Premier League,2.3,37.2,2.0,0.0,3.6,0.9,0.07,0.08,1.5,2.0,0.0,1.2,0.5,0.2,0.0,6.76,0.0,10.0,1.0,1.4,0.2,1158,23,Midfielder,0.6341463414634146,0.4615384615384615,0.0618279569892473,0.1333333333333333,0.09,0.5,0.08,0.0373333333333333,39.39864513444635,32.68043636552765,30.639042752379467,40.9892598949394,35.58927667542044,True,False,Colombia
556972,Sasa Lukic,9879,Fulham,ENG-Premier League,0.5,29.9,1.0,0.0,1.9,1.4,0.1,0.13,2.8,2.0,0.07,0.8,0.2,0.5,0.2,6.78,0.0,22.0,0.9,2.6,0.1,1212,19,Midfielder,0.5483870967741936,0.2352941176470588,0.0167224080267558,0.0357142857142857,0.0636363636363636,0.2222222222222222,0.1444444444444444,0.0565217391304347,35.32475165132366,37.769984917043736,29.91158267020336,40.85063322411192,35.47399045399104,True,False,Serbia
1082102,Igor Jesus,10203,Nottingham Forest,ENG-Premier League,0.4,11.4,3.0,0.0,1.2,0.9,0.05,0.27,1.8,1.0,0.13,0.1,0.6,0.1,0.5,6.33,0.0,6.0,2.9,1.1,0.4,1438,25,Attacker,0.4000000000000001,0.0833333333333333,0.0350877192982456,0.2222222222222222,0.15,0.2068965517241379,0.093103448275862,0.0421875,44.53676470588235,49.97794117647058,21.36029411764705,30.8125,35.43703556045187,True,False,Brazil
1127054,Tomas Suslov,9876,Verona,ITA-Serie A,1.6,15.5,4.0,0.0,0.6,1.7,0.07,0.07,2.3,1.0,0.0,0.8,0.3,0.1,0.5,6.62,0.0,27.0,1.4,2.3,1.5,2097,31,Midfielder,0.5740740740740741,0.2580645161290323,0.1032258064516129,0.6521739130434783,0.0629629629629629,0.2142857142857143,0.05,0.035,36.783819628647215,19.07161803713528,45.308355437665774,53.37533156498674,35.4247361501097,False,False,Slovakia
866516,Teun Koopmeiners,9885,Juventus,ITA-Serie A,2.0,55.2,0.0,0.0,2.1,1.1,0.07,0.07,1.7,0.0,0.0,1.2,0.3,0.4,0.3,6.83,0.0,16.0,1.4,1.5,0.1,1354,22,Midfielder,0.6136363636363636,0.4444444444444444,0.036231884057971,0.0588235294117647,0.06875,0.2142857142857143,0.05,0.035,36.65665470432205,27.19904301243044,38.773339574556616,41.665886513756696,35.39758897268075,True,False,Netherlands
1185748,Amadou Onana,10252,Aston Villa,ENG-Premier League,2.0,36.6,0.0,0.0,3.5,0.3,0.02,0.04,1.2,0.0,0.16,1.4,0.2,0.9,0.2,7.07,0.0,3.0,0.6,2.6,0.5,1146,17,Midfielder,0.7692307692307692,0.35,0.0546448087431694,0.4166666666666667,0.0999999999999999,0.3333333333333333,0.0666666666666666,0.0133333333333333,20.05580693815988,40.792830394757374,41.45716310396838,56.74403833151297,35.35916047679579,True,False,Belgium
1254218,Hugo Sotelo,9910,Celta de Vigo,ESP-La Liga,3.2,61.6,4.0,0.0,1.3,1.6,0.15,0.01,1.8,1.0,0.0,1.2,0.1,0.7,0.2,6.99,0.0,20.0,0.2,2.3,0.0,911,14,Midfielder,0.6603773584905661,0.3428571428571428,0.0519480519480519,0.0,0.08,0.5,0.0499999999999999,0.009375,54.880077495189056,18.85757008373641,32.19889348312269,44.33440604358454,35.23743300246157,True,False,Spain
641595,Nikola Moro,9857,Bologna,ITA-Serie A,8.3,56.5,0.0,0.0,1.9,1.2,0.1,0.04,0.9,0.0,0.17,0.7,0.2,0.1,0.4,6.91,0.0,13.0,0.9,1.8,0.5,1087,18,Midfielder,0.7352941176470589,0.2799999999999999,0.1469026548672566,0.5555555555555556,0.0923076923076923,0.2222222222222222,0.0444444444444444,0.0285714285714285,32.95846986009258,18.69709263015552,47.09113486243304,59.75973240755187,35.224930926829074,True,False,Croatia
1287783,Seydouba Cisse,7854,Leganés,ESP-La Liga,1.8,35.4,1.0,0.0,1.5,0.9,0.03,0.11,1.4,1.0,0.11,0.4,0.2,0.0,0.5,6.84,0.0,17.0,0.9,2.2,1.1,2451,34,Midfielder,0.65,0.1538461538461538,0.0508474576271186,0.7857142857142858,0.0529411764705882,0.2222222222222222,0.1222222222222222,0.0235714285714285,15.271883289124672,45.66976127320955,53.547745358090175,52.82493368700266,35.22313876879746,False,False,Guinea
571615,Unai Lopez,8370,Rayo Vallecano,ESP-La Liga,4.1,53.7,1.0,0.0,1.2,1.0,0.09,0.04,2.0,3.0,0.0,1.1,0.3,0.3,0.3,7.0,0.0,22.0,1.2,1.7,0.6,1045,17,Midfielder,0.5833333333333334,0.3928571428571429,0.0763500931098696,0.3,0.0454545454545454,0.25,0.0333333333333333,0.0276923076923076,30.11756904353253,22.476764445831385,50.56788630571592,49.64482888646175,35.214613553574864,True,False,Spain
524434,Joao Palhinha,8586,Tottenham Hotspur,ENG-Premier League,1.5,34.4,1.0,0.0,2.2,0.6,0.03,0.06,1.0,2.0,0.18,1.1,0.3,0.5,0.1,6.97,0.0,5.0,1.1,4.9,0.4,1517,23,Midfielder,0.8571428571428571,0.1833333333333333,0.0436046511627907,0.4,0.12,0.2727272727272727,0.0545454545454545,0.02,29.911764705882355,30.389705882352946,35.3125,53.525735294117645,35.16647838335189,True,False,Portugal
1080983,Ilia Gruev,8463,Leeds United,ENG-Premier League,1.5,37.6,2.0,0.0,1.0,0.8,0.07,0.03,0.7,3.0,0.0,1.1,0.1,0.4,0.4,6.82,0.0,10.0,0.4,1.8,0.5,1022,17,Midfielder,0.8055555555555556,0.3793103448275862,0.0398936170212765,0.7142857142857143,0.08,0.25,0.075,0.021,30.558823529411764,19.448529411764707,45.71691176470588,64.83823529411764,35.08715373782883,True,False,Bulgaria
785511,Fran Beltrán,9910,Celta de Vigo,ESP-La Liga,2.9,48.6,4.0,0.0,1.2,1.8,0.07,0.04,1.3,1.0,0.07,1.0,0.1,0.2,0.3,6.73,0.0,15.0,0.9,1.9,0.4,2426,34,Midfielder,0.6904761904761905,0.3448275862068966,0.0596707818930041,0.3076923076923077,0.12,0.1111111111111111,0.0444444444444444,0.0254545454545454,47.23474801061008,16.246684350132625,38.85941644562334,51.33289124668435,35.02860808883871,False,False,Spain
824623,Martin Frese,9876,Verona,ITA-Serie A,1.3,20.9,1.0,0.0,3.2,1.4,0.08,0.1,1.6,0.0,0.06,0.9,0.4,0.3,0.1,6.86,0.0,20.0,0.9,2.8,0.0,1477,19,Midfielder,0.6981132075471698,0.2432432432432432,0.062200956937799,0.0,0.0699999999999999,0.4444444444444445,0.1111111111111111,0.0444444444444444,34.49264705882353,51.55147058823529,19.301470588235297,45.77205882352941,34.90566460328203,True,False,Denmark
1289942,Samuele Angori,6479,Pisa,ITA-Serie A,1.9,16.5,3.0,0.0,2.7,2.7,0.16,0.03,0.5,1.0,0.0,0.8,0.1,0.3,0.1,6.66,0.0,21.0,0.4,1.7,0.2,1524,22,Midfielder,0.8333333333333334,0.32,0.1151515151515151,0.4,0.1285714285714286,0.25,0.075,0.0252631578947368,69.89705882352942,19.448529411764707,20.386029411764703,49.852941176470594,34.86829255535571,True,False,Italy
1079548,Joris Chotard,8521,Brest,FRA-Ligue 1,2.5,30.1,0.0,0.0,2.8,0.7,0.04,0.06,1.0,0.0,0.1,1.5,0.4,0.4,0.2,6.89,0.0,4.0,1.1,2.3,0.2,1799,21,Midfielder,0.7916666666666666,0.3947368421052631,0.0830564784053156,0.2,0.175,0.3636363636363636,0.0545454545454545,0.0239999999999999,34.4765694076039,28.83430852447079,28.212962240599165,57.96855333645394,34.792470130124165,True,False,France
488415,Hassane Kamara,8600,Udinese,ITA-Serie A,1.3,27.3,3.0,0.0,3.1,0.9,0.07,0.03,0.8,1.0,0.0,1.2,0.3,0.3,0.2,6.92,0.0,13.0,1.0,2.0,1.0,1057,15,Midfielder,0.8,0.3749999999999999,0.0476190476190476,1.25,0.0692307692307692,0.3,0.03,0.021,39.222928694024034,14.401843761377233,50.39040151869767,54.88992692567744,34.76578295855054,True,False,Ivory Coast
1246009,Cher Ndour,8535,Fiorentina,ITA-Serie A,1.2,30.7,1.0,0.0,1.6,0.4,0.04,0.08,1.2,0.0,0.1,0.7,0.2,0.7,0.4,6.35,0.0,3.0,0.9,1.4,0.3,920,20,Midfielder,0.6363636363636362,0.3333333333333333,0.0390879478827361,0.25,0.1333333333333333,0.2222222222222222,0.0888888888888888,0.0266666666666666,33.35294117647059,35.38235294117647,27.794117647058822,46.79779411764706,34.60749925232642,True,False,Italy
916710,Alessandro Zanoli,8600,Udinese,ITA-Serie A,0.6,19.5,3.0,0.0,2.5,1.1,0.07,0.01,1.1,2.0,0.07,0.5,0.1,0.3,0.3,6.94,0.0,15.0,0.2,1.7,1.0,1290,19,Midfielder,0.6666666666666666,0.2272727272727272,0.0307692307692307,0.9090909090909092,0.0733333333333333,0.5,0.0499999999999999,0.00875,30.58083684402143,26.00067613252197,42.46785119883497,45.79690669371197,34.55916739818411,True,False,Italy
304354,Janik Haberer,8149,1. FC Union Berlin,GER-Bundesliga,1.8,25.2,3.0,0.0,2.0,2.0,0.17,0.05,1.4,1.0,0.0,0.5,0.1,0.1,0.5,6.64,0.0,17.0,0.8,1.8,0.4,1102,19,Midfielder,0.6216216216216216,0.2173913043478261,0.0714285714285714,0.2857142857142857,0.1176470588235294,0.125,0.0625,0.0386363636363636,60.6630389556353,15.897695948405888,28.23561918135955,49.77381416757684,34.4596061033098,True,False,Germany
707970,Djibril Sow,8302,Sevilla,ESP-La Liga,1.4,33.8,1.0,0.0,0.5,0.9,0.06,0.07,1.7,0.0,0.21,1.0,0.3,0.1,0.1,6.61,0.0,13.0,0.9,1.7,0.3,1309,20,Midfielder,0.6136363636363636,0.3703703703703703,0.0414201183431952,0.1764705882352941,0.0692307692307692,0.3333333333333333,0.0777777777777777,0.0323076923076923,25.129921464607065,41.801971186352525,33.05309590679773,45.69409554272638,34.44542779360931,True,False,Switzerland
1112702,Arkadiusz Pyrka,8152,FC St. Pauli,GER-Bundesliga,1.1,25.2,5.0,0.0,2.7,1.2,0.07,0.03,0.7,1.0,0.0,0.9,0.2,0.5,0.5,6.87,0.0,16.0,0.7,1.2,0.6,1502,19,Midfielder,0.7500000000000001,0.4285714285714285,0.0436507936507936,0.8571428571428572,0.075,0.2857142857142857,0.0428571428571428,0.021,41.61764705882352,14.382352941176473,41.54411764705882,60.334558823529406,34.354319909923674,True,False,Poland
1050163,Lorenzo Colombo,10233,Genoa,ITA-Serie A,0.2,13.5,0.0,0.0,1.0,0.6,0.04,0.38,1.8,1.0,0.35,0.1,1.2,0.1,0.5,6.5,0.0,11.0,2.7,0.8,0.8,1529,25,Attacker,0.3333333333333333,0.1111111111111111,0.0148148148148148,0.4444444444444445,0.0545454545454545,0.4444444444444444,0.1407407407407407,0.0361904761904761,18.40225984292921,76.94537629375358,35.96092084048474,30.08421100535705,34.32672776783364,True,False,Italy
1398392,Thierno Barry,8668,Everton,ENG-Premier League,0.1,9.5,2.0,0.0,1.1,0.4,0.02,0.31,1.9,0.0,0.3,0.2,0.5,0.1,0.5,6.46,0.0,9.0,1.9,0.1,0.5,1502,26,Attacker,0.1363636363636363,0.6666666666666666,0.0105263157894736,0.2631578947368421,0.0444444444444444,0.2631578947368421,0.1631578947368421,0.0187878787878787,25.67076246944401,75.51956883549175,24.04606802933376,30.56407005773131,34.24914712033471,True,False,France
956659,Himad Abdelli,8121,Angers,FRA-Ligue 1,1.9,0.0,0.0,0.0,1.0,0.0,0.0,0.0,0.0,0.0,0.18,1.3,0.0,0.3,0.0,0.0,0.0,0.0,0.0,1.9,1.4,993,15,Midfielder,1.0,0.40625,0.0,0.0,0.0,0.0,0.0,0.001,21.70728662817912,31.21685650387476,41.40817600249649,59.65510089977636,34.196369124827115,True,False,Algeria
1180481,Johann Lepenant,9830,Nantes,FRA-Ligue 1,2.1,31.1,2.0,0.0,1.0,1.1,0.08,0.03,1.0,1.0,0.0,0.9,0.1,0.2,0.7,6.97,0.0,15.0,0.7,3.8,0.5,1202,16,Midfielder,0.8245614035087719,0.1914893617021276,0.067524115755627,0.5,0.0733333333333333,0.1428571428571428,0.0428571428571428,0.0218181818181818,39.41095854787539,14.958599885577572,37.98102928173922,67.91277890466532,34.17352814711282,True,False,France
561046,Ruben Aguilar,8588,Lens,FRA-Ligue 1,1.1,36.7,6.0,0.0,1.6,2.0,0.12,0.05,1.4,2.0,0.12,1.5,0.2,0.6,0.5,7.22,0.0,19.0,0.8,2.1,0.4,1501,20,Midfielder,0.72,0.4166666666666666,0.0299727520435967,0.2857142857142857,0.1052631578947368,0.25,0.0625,0.0352941176470588,55.402038799604725,19.443881000676136,26.24362875123525,46.18514328808448,34.11221287367634,True,False,France
660462,Pierre Lees-Melou,6379,Paris FC,FRA-Ligue 1,3.9,42.4,1.0,0.0,1.4,0.8,0.07,0.06,1.7,1.0,0.08,0.8,0.3,0.4,0.7,7.07,0.0,9.0,1.5,2.9,0.5,1078,14,Midfielder,0.6851851851851851,0.2162162162162162,0.0919811320754717,0.2941176470588235,0.0888888888888888,0.1999999999999999,0.04,0.0323076923076923,29.70588235294117,18.81617647058824,41.43382352941177,68.71691176470587,34.05940533719711,True,False,France
882400,Jessy Deminguet,8550,Metz,FRA-Ligue 1,2.8,36.8,0.0,0.0,0.8,0.5,0.03,0.02,1.2,0.0,0.07,0.8,0.2,0.1,0.2,6.43,0.0,3.0,0.5,1.8,0.6,1297,21,Midfielder,0.6842105263157895,0.3076923076923077,0.0760869565217391,0.5,0.1666666666666666,0.4,0.04,0.0119999999999999,32.419117647058826,24.088235294117645,41.78308823529412,43.59558823529412,34.02751591002499,True,False,France
1368654,Chemsdine Talbi,8472,Sunderland,ENG-Premier League,0.9,19.6,0.0,0.0,1.0,0.6,0.05,0.11,0.2,1.0,0.25,0.2,0.5,0.0,0.2,6.59,0.0,10.0,1.4,0.6,1.1,1084,20,Attacker,0.8,0.25,0.0459183673469387,5.5,0.06,0.3571428571428571,0.0785714285714285,0.034375,15.720588235294116,48.65441176470589,57.7389705882353,35.529411764705884,33.97864506686217,True,False,Morocco
924431,Gianluca Busio,7881,Venezia,ITA-Serie A,1.2,24.5,1.0,0.0,1.7,1.8,0.06,0.09,0.9,0.0,0.07,0.7,0.2,0.3,0.3,6.76,0.0,28.0,1.3,1.6,0.5,2524,33,Midfielder,0.71875,0.3043478260869565,0.0489795918367346,0.5555555555555556,0.0642857142857143,0.1538461538461538,0.0692307692307692,0.036,28.342175066313,27.891246684350133,37.45026525198939,49.436339522546426,33.827501374248264,False,False,USA
198559,Marten de Roon,8524,Atalanta,ITA-Serie A,3.3,52.4,0.0,0.0,2.5,1.0,0.05,0.04,1.3,1.0,0.05,0.6,0.2,0.2,0.3,7.12,0.0,14.0,0.6,2.7,0.1,1707,21,Midfielder,0.717391304347826,0.1818181818181818,0.0629770992366412,0.0769230769230769,0.0714285714285714,0.3333333333333333,0.0666666666666666,0.0222222222222222,32.601822957299625,27.016162167784888,30.84575076715036,52.443172361782906,33.73767158357174,True,False,Netherlands
603537,Angelino,8686,Roma,ITA-Serie A,2.6,37.5,7.0,0.0,2.5,4.0,0.11,0.03,0.9,1.0,0.06,0.8,0.1,0.3,0.1,7.1,0.0,50.0,0.7,1.3,0.3,3179,38,Midfielder,0.7000000000000001,0.3809523809523809,0.0693333333333333,0.3333333333333333,0.08,0.1428571428571428,0.0428571428571428,0.0235714285714285,59.46949602122017,14.39655172413793,33.60411140583554,41.82029177718833,33.70764516780325,False,False,Spain
612150,Dominic Calvert-Lewin,8463,Leeds United,ENG-Premier League,0.2,8.8,2.0,0.0,0.8,0.9,0.05,0.5,1.5,1.0,0.54,0.1,1.1,0.1,0.6,6.84,0.0,13.0,2.5,0.5,0.3,1669,23,Attacker,0.2857142857142857,0.1666666666666666,0.0227272727272727,0.1999999999999999,0.0692307692307692,0.44,0.2,0.0454545454545454,26.529411764705884,91.93382352941175,18.676470588235293,28.67279411764705,33.674784268649006,True,False,England
169719,Chris Wood,10203,Nottingham Forest,ENG-Premier League,0.4,9.5,3.0,0.0,0.8,1.5,0.05,0.4,0.8,3.0,0.6,0.2,1.1,0.2,0.3,7.06,0.0,22.0,2.1,0.2,0.1,2976,36,Attacker,0.3333333333333333,0.5,0.0421052631578947,0.125,0.0681818181818181,0.5238095238095238,0.1904761904761904,0.0444444444444444,29.754641909814325,92.77851458885942,16.545092838196286,26.903183023872675,33.46233999085515,False,False,New Zealand
262592,Moi Gomez,8371,Osasuna,ESP-La Liga,4.3,56.0,1.0,0.0,0.7,1.0,0.1,0.03,1.3,0.0,0.0,0.9,0.2,0.1,0.7,6.7,0.0,7.0,0.8,1.2,0.4,910,17,Midfielder,0.6176470588235293,0.4285714285714285,0.0767857142857142,0.3076923076923077,0.1428571428571428,0.25,0.0375,0.023076923076923,46.63970588235294,11.772058823529411,40.294117647058826,59.06617647058823,33.413196983951515,True,False,Spain
440330,Alexander Sørloth,9906,Atlético de Madrid,ESP-La Liga,0.1,13.5,1.0,0.0,1.0,0.7,0.05,0.41,1.6,0.0,0.52,0.0,1.7,0.1,0.2,6.7,0.0,8.0,2.9,0.6,0.6,1223,23,Attacker,0.2727272727272727,0.0,0.0074074074074074,0.3749999999999999,0.0875,0.5862068965517241,0.1413793103448276,0.0445652173913043,22.048278462578665,91.93048837572162,33.392039839808604,17.32079887657981,33.30440035781099,True,False,Norway
179410,Idrissa Gana Gueye,8668,Everton,ENG-Premier League,1.0,39.9,1.0,0.0,0.8,0.8,0.05,0.08,0.8,1.0,0.13,1.1,0.3,0.3,0.2,6.97,0.0,9.0,1.2,2.1,0.1,1405,17,Midfielder,0.8,0.34375,0.025062656641604,0.125,0.0888888888888888,0.25,0.0666666666666666,0.0307692307692307,31.375266552244245,24.581512976543404,31.059545170853493,57.34319576637021,33.21800385736434,True,False,Senegal
817500,Mostafa Mohamed,9830,Nantes,FRA-Ligue 1,0.1,8.6,2.0,0.0,0.8,0.7,0.07,0.25,1.4,0.0,0.28,0.7,0.5,0.3,0.2,6.37,0.0,8.0,2.6,0.7,0.3,965,18,Attacker,0.5,0.5,0.0116279069767441,0.2142857142857143,0.0875,0.1923076923076923,0.0961538461538461,0.0546875,24.520934103084205,62.245072034118685,24.672758360638685,34.51521948301867,33.192800888056226,True,False,Egypt
664587,Lassana Coulibaly,9888,Lecce,ITA-Serie A,1.7,22.4,1.0,0.0,1.2,0.8,0.04,0.09,1.0,1.0,0.1,0.2,0.3,0.2,0.6,6.94,0.0,15.0,0.8,1.6,0.7,1736,21,Midfielder,0.6428571428571429,0.1111111111111111,0.0758928571428571,0.7,0.0533333333333333,0.3749999999999999,0.1124999999999999,0.0276923076923076,17.966518437613775,44.73906485671191,38.55265382014875,46.56663155978572,33.04756292741995,True,False,Mali
994403,Cyril Ngonge,9804,Torino,ITA-Serie A,1.5,16.1,0.0,0.0,0.8,0.6,0.06,0.17,1.8,1.0,0.09,0.2,1.1,0.0,0.4,6.53,0.0,12.0,2.2,1.0,1.7,992,20,Attacker,0.3999999999999999,0.1666666666666666,0.093167701863354,0.9444444444444444,0.0499999999999999,0.5,0.0772727272727272,0.0443478260869565,17.00735294117647,53.22058823529412,55.2389705882353,25.636029411764703,32.964195513566004,True,False,Belgium
956622,Oscar Valentin,8370,Rayo Vallecano,ESP-La Liga,0.9,33.7,1.0,0.0,2.8,0.9,0.06,0.07,1.2,0.0,0.07,1.2,0.2,0.5,0.1,6.81,0.0,3.0,0.8,3.1,0.0,1305,20,Midfielder,0.7818181818181817,0.2790697674418604,0.0267062314540059,0.0,0.3,0.25,0.0875,0.0323076923076923,36.04665314401623,29.13527851458886,23.6436066469028,50.41186872627035,32.892680644790474,True,False,Spain
308517,Stanislav Lobotka,9875,Napoli,ITA-Serie A,1.5,64.2,0.0,0.0,1.2,0.9,0.05,0.02,0.5,1.0,0.06,0.5,0.2,0.1,0.3,7.18,0.0,13.0,0.3,1.1,0.2,1627,21,Midfielder,0.7619047619047619,0.3125,0.0233644859813084,0.4,0.0692307692307692,0.6666666666666667,0.0666666666666666,0.0142857142857142,25.805481874447395,26.26406875747647,37.230164612264,52.52220185156292,32.74510728137068,True,False,Slovakia
635772,Borja Mayoral,8305,Getafe,ESP-La Liga,0.9,17.8,1.0,0.0,0.4,0.2,0.02,0.25,0.5,1.0,0.34,0.4,0.6,0.2,1.0,6.58,0.0,4.0,1.2,0.4,0.5,1044,14,Attacker,0.6153846153846154,0.5,0.0505617977528089,1.0,0.05,0.5,0.2083333333333333,0.0185185185185185,10.089145472512612,84.38499245852188,34.25147578925469,55.12873173141936,32.709058356078046,True,False,Spain
1073977,Benjamin Sesko,10260,Manchester United,ENG-Premier League,0.3,11.8,0.0,0.0,1.0,0.2,0.02,0.48,1.1,1.0,0.49,0.2,1.9,0.2,0.2,6.72,0.0,8.0,3.6,0.4,0.5,1101,21,Attacker,0.3529411764705882,0.3333333333333333,0.0254237288135593,0.4545454545454545,0.025,0.5277777777777778,0.1333333333333333,0.0192,17.603019191761586,87.22970302179228,35.27123316169969,22.056411556665108,32.689206569242074,True,False,Slovenia
844943,Flynn Downes,8466,Southampton,ENG-Premier League,0.8,41.9,2.0,0.0,2.1,1.4,0.06,0.03,2.1,0.0,0.04,1.3,0.1,0.4,0.4,6.53,0.0,15.0,0.4,2.0,0.3,2154,27,Midfielder,0.611111111111111,0.393939393939394,0.0190930787589498,0.1428571428571428,0.0933333333333333,0.25,0.075,0.02,32.61273209549072,23.116710875331563,31.0842175066313,53.59084880636605,32.65508188460496,False,False,England
1280225,Esteban Lepaul,9851,Rennes,FRA-Ligue 1,0.4,11.9,2.0,0.0,0.7,0.5,0.03,0.48,1.0,3.0,0.59,0.1,1.2,0.0,0.5,7.05,0.0,12.0,2.8,0.3,0.2,1679,22,Attacker,0.2857142857142857,0.25,0.0336134453781512,0.2,0.0416666666666666,0.4285714285714286,0.1714285714285714,0.028235294117647,27.74836167888905,85.55895355489675,19.11264107765122,24.232830134706404,32.60232509315806,True,False,France
1513317,Adama Camara,6379,Paris FC,FRA-Ligue 1,1.6,34.9,1.0,0.0,2.0,0.6,0.04,0.11,1.2,0.0,0.06,1.1,0.2,0.5,0.2,6.8,0.0,9.0,0.9,2.1,0.4,1470,19,Midfielder,0.7272727272727273,0.34375,0.0458452722063037,0.3333333333333333,0.0666666666666666,0.2222222222222222,0.1222222222222222,0.0293333333333333,17.375,42.53676470588236,36.58088235294117,51.59191176470589,32.546060402989575,True,False,France
1203512,Tim Iroegbunam,8668,Everton,ENG-Premier League,0.7,24.8,3.0,0.0,0.5,0.6,0.06,0.04,1.6,2.0,0.0,1.5,0.0,0.7,0.4,6.77,0.0,5.0,0.7,4.1,0.7,939,19,Midfielder,0.7777777777777778,0.2678571428571428,0.0282258064516129,0.4374999999999999,0.12,0.0,0.0571428571428571,0.0239999999999999,40.77941176470589,12.27205882352941,36.838235294117645,66.52941176470587,32.47424667169115,True,False,England
936164,Michel Ndary Adopo,8529,Cagliari,ITA-Serie A,0.6,25.6,1.0,0.0,1.4,0.4,0.02,0.07,1.1,1.0,0.05,0.9,0.4,0.2,0.4,6.73,0.0,18.0,0.9,1.7,0.5,2000,25,Midfielder,0.7027027027027027,0.3461538461538461,0.0234374999999999,0.4545454545454545,0.0222222222222222,0.4444444444444445,0.0777777777777777,0.0155555555555555,20.957403651115623,32.366385811619075,35.086336922036715,56.89794949810163,32.45104043628206,True,False,France
620618,Rodrigo Bentancur,8586,Tottenham Hotspur,ENG-Premier League,1.0,39.8,1.0,0.0,2.5,0.7,0.04,0.03,1.0,1.0,0.06,1.4,0.1,0.4,0.3,7.02,0.0,9.0,0.6,2.4,0.8,1415,20,Midfielder,0.7916666666666666,0.3684210526315789,0.0251256281407035,0.8,0.0777777777777777,0.1666666666666666,0.05,0.0171428571428571,22.523495605138606,19.30649607323036,48.43530581994071,65.09315025745046,32.449960522684904,True,False,Uruguay
1121170,Ransford Königsdörffer,9790,Hamburger SV,GER-Bundesliga,0.3,11.6,0.0,0.0,1.0,0.8,0.05,0.39,1.0,0.0,0.26,0.1,1.0,0.0,0.3,6.56,0.0,10.0,3.0,0.1,0.5,1391,21,Attacker,0.1666666666666666,0.5,0.0258620689655172,0.5,0.08,0.3333333333333333,0.13,0.0443181818181818,20.727941176470587,71.7279411764706,31.911764705882355,23.738970588235293,32.35705769913182,True,False,Ghana
1183148,Emanuel Emegha,9848,Strasbourg,FRA-Ligue 1,0.1,10.6,4.0,0.0,1.2,0.7,0.03,0.65,1.4,3.0,0.55,0.0,1.4,0.2,0.8,7.24,0.0,18.0,2.4,0.2,0.3,2302,27,Attacker,0.125,0.0,0.0094339622641509,0.2142857142857143,0.0388888888888888,0.5833333333333334,0.2708333333333333,0.0286764705882352,21.976127320954912,97.8050397877984,16.263262599469495,34.1710875331565,32.33771551561507,False,False,Netherlands
586474,Kingsley Ehizibue,8600,Udinese,ITA-Serie A,0.9,19.7,3.0,0.0,2.1,1.8,0.07,0.04,1.2,1.0,0.0,0.8,0.1,0.5,0.4,6.75,0.0,22.0,0.5,2.0,0.4,2510,33,Midfielder,0.7,0.2857142857142857,0.0456852791878172,0.3333333333333333,0.0818181818181818,0.2,0.08,0.0254545454545454,37.81167108753316,21.8633952254642,24.8342175066313,55.12599469496021,32.007449632772385,False,False,Netherlands
992060,Tom Krauss,8722,1. FC Köln,GER-Bundesliga,1.9,38.3,2.0,0.0,2.8,1.0,0.07,0.03,1.3,1.0,0.0,1.6,0.1,0.4,0.5,7.04,0.0,9.0,0.6,3.3,0.4,1209,18,Midfielder,0.7903225806451614,0.3265306122448979,0.0496083550913838,0.3076923076923077,0.1111111111111111,0.1666666666666666,0.05,0.021,39.90441176470589,11.308823529411764,35.12867647058823,74.73161764705881,31.97252636780961,True,False,Germany
540963,Sander Berge,9879,Fulham,ENG-Premier League,1.7,48.3,3.0,0.0,1.6,1.1,0.04,0.05,1.0,1.0,0.0,0.7,0.1,0.6,0.2,6.64,0.0,15.0,0.4,1.8,0.3,2166,26,Midfielder,0.7142857142857143,0.2799999999999999,0.0351966873706004,0.3,0.0733333333333333,0.25,0.125,0.0222222222222222,24.5630623602226,29.781492172465807,35.671484110885736,44.87381676808655,31.91907251463628,True,False,Norway
485634,Roberto Gagliardini,9876,Verona,ITA-Serie A,1.6,38.4,0.0,0.0,2.7,0.6,0.04,0.04,1.8,0.0,0.07,2.6,0.2,0.6,0.6,7.02,0.0,6.0,0.6,2.9,0.1,1257,18,Midfielder,0.7534246575342466,0.4727272727272727,0.0416666666666666,0.0555555555555555,0.0999999999999999,0.3333333333333333,0.0666666666666666,0.02,23.227941176470587,28.58088235294118,24.852941176470587,79.77941176470588,31.8452554714003,True,False,Italy
637756,Carles Alena,9866,Alavés,ESP-La Liga,1.1,33.9,6.0,0.0,1.3,2.3,0.14,0.11,1.5,4.0,0.0,0.5,0.2,0.1,0.3,6.67,0.0,24.0,1.3,1.7,0.7,1466,24,Midfielder,0.5945945945945946,0.2272727272727272,0.0324483775811209,0.4666666666666666,0.0958333333333333,0.1538461538461538,0.0846153846153846,0.0616,45.59555572892287,20.80172413793104,37.46911894731368,25.802790346908,31.838550839080444,True,False,Spain
625340,Mauro Arambarri,8305,Getafe,ESP-La Liga,1.1,17.2,1.0,0.0,0.9,0.5,0.02,0.19,1.4,1.0,0.21,0.7,0.5,0.2,0.7,7.02,0.0,13.0,1.7,2.0,0.7,2130,24,Midfielder,0.6585365853658538,0.2592592592592592,0.063953488372093,0.5,0.0384615384615384,0.2941176470588235,0.1117647058823529,0.018095238095238,13.097987205492275,61.91017839496541,30.266649763353616,55.87320564830707,31.826119421783343,True,False,Uruguay
304348,Rani Khedira,8149,1. FC Union Berlin,GER-Bundesliga,0.8,13.9,3.0,0.0,2.2,1.1,0.05,0.07,1.4,0.0,0.19,1.3,0.4,0.2,0.3,6.98,0.0,12.0,0.8,2.5,0.1,1850,21,Midfielder,0.7307692307692308,0.3421052631578947,0.0575539568345323,0.0714285714285714,0.0916666666666666,0.5,0.0875,0.0291666666666666,30.960199199043007,45.50644926405575,13.73056118999324,56.61188692983825,31.38795053362406,True,False,Tunisia
823825,Randal Kolo Muani,8586,Tottenham Hotspur,ENG-Premier League,0.2,11.5,0.0,0.0,0.9,1.2,0.11,0.12,1.8,0.0,0.0,0.2,0.2,0.0,0.7,6.27,0.0,13.0,1.0,1.7,1.3,1028,18,Attacker,0.5135135135135135,0.1052631578947368,0.017391304347826,0.7222222222222222,0.0923076923076923,0.2,0.12,0.057391304347826,30.547004212825712,27.355645706558487,35.11617777084309,33.55769230769231,31.353610385691045,True,False,France
115067,Nemanja Matic,7943,Sassuolo,ITA-Serie A,4.1,49.7,1.0,0.0,1.7,1.0,0.04,0.01,0.9,1.0,0.04,0.8,0.2,0.4,0.5,7.06,0.0,19.0,0.4,1.6,0.3,2011,23,Midfielder,0.7272727272727273,0.3333333333333333,0.0824949698189134,0.3333333333333333,0.0526315789473684,0.5,0.0249999999999999,0.008,23.38235294117647,23.977941176470587,34.3014705882353,59.775735294117645,31.24299119511036,True,False,Serbia
1235086,Kristoffer Lund Hansen,8722,1. FC Köln,GER-Bundesliga,1.5,25.0,3.0,0.0,4.7,1.5,0.1,0.03,0.5,1.0,0.0,1.4,0.1,0.3,0.3,6.67,0.0,13.0,0.9,1.4,0.5,1347,21,Midfielder,0.8484848484848485,0.5,0.06,1.0,0.1153846153846153,0.1111111111111111,0.0333333333333333,0.023076923076923,52.27941176470589,7.551470588235295,41.397058823529406,58.72058823529412,31.1177038047444,True,False,USA
1156568,Amin Sarr,9876,Verona,ITA-Serie A,0.6,15.0,2.0,0.0,0.7,1.0,0.05,0.16,2.2,1.0,0.19,0.1,0.3,0.1,0.4,6.43,0.0,22.0,1.1,1.0,0.7,1918,32,Attacker,0.3333333333333333,0.0909090909090909,0.04,0.3181818181818181,0.0454545454545454,0.2727272727272727,0.1454545454545454,0.038095238095238,22.81167108753316,57.99071618037136,30.05636604774536,23.76989389920424,31.11546637671548,False,False,Sweden
1541825,Adrián Liso,8305,Getafe,ESP-La Liga,0.1,10.2,0.0,0.0,0.3,0.3,0.02,0.12,2.1,0.0,0.2,0.2,0.5,0.1,0.7,6.36,0.0,3.0,1.5,1.1,0.9,1357,20,Attacker,0.3823529411764705,0.1538461538461538,0.0098039215686274,0.4285714285714285,0.0999999999999999,0.3333333333333333,0.08,0.0171428571428571,19.602941176470583,46.88970588235294,29.02573529411765,39.63235294117647,30.957902427526047,True,False,Spain
1463266,Louis Oppie,8152,FC St. Pauli,GER-Bundesliga,1.2,28.4,2.0,0.0,2.4,1.0,0.06,0.05,0.8,0.0,0.06,0.5,0.2,0.1,0.3,6.65,0.0,6.0,0.9,1.2,0.2,1404,18,Midfielder,0.6799999999999999,0.2941176470588235,0.0422535211267605,0.25,0.1666666666666666,0.2222222222222222,0.0555555555555555,0.0272727272727272,44.375,20.25735294117647,25.128676470588232,39.59558823529412,30.928506367315062,True,False,Germany
214972,Geoffrey Kondogbia,8592,Marseille,FRA-Ligue 1,1.7,73.8,0.0,0.0,2.8,1.1,0.05,0.02,0.8,0.0,0.0,1.0,0.0,0.3,0.4,7.11,0.0,5.0,0.4,2.7,0.4,2021,25,Midfielder,0.8222222222222223,0.2702702702702702,0.0230352303523035,0.5,0.22,0.0,0.0499999999999999,0.0142857142857142,36.90981432360742,9.588859416445622,43.00397877984085,66.48209549071618,30.796573296033426,False,False,Central African Rep.
845998,Antonio Blanco,9866,Alavés,ESP-La Liga,3.3,51.3,1.0,0.0,1.2,0.9,0.04,0.03,2.0,1.0,0.05,1.8,0.4,0.3,0.1,7.04,0.0,12.0,1.1,3.0,0.7,1874,22,Midfielder,0.7058823529411765,0.375,0.0643274853801169,0.35,0.075,0.3636363636363636,0.0272727272727272,0.0171428571428571,28.439239090861808,16.865826702033598,40.74946689551152,51.37978493784781,30.73379848740294,True,False,Spain
524437,Tomas Soucek,8654,West Ham United,ENG-Premier League,1.0,28.4,1.0,0.0,3.9,0.4,0.03,0.24,1.8,0.0,0.23,0.8,0.7,0.5,0.2,6.76,0.0,7.0,1.1,1.6,0.1,1171,23,Midfielder,0.5714285714285715,0.3333333333333333,0.0352112676056338,0.0555555555555555,0.0571428571428571,0.6363636363636362,0.2181818181818181,0.0266666666666666,17.308784521766267,77.66651063608468,21.26807354241431,35.92024886877828,30.69292835335349,True,False,Czechia
1598170,Samir El Mourabet,9848,Strasbourg,FRA-Ligue 1,1.4,52.9,2.0,0.0,1.0,1.4,0.09,0.02,1.1,0.0,0.0,1.0,0.0,0.6,0.8,6.71,0.0,16.0,0.6,3.3,0.7,1376,22,Midfielder,0.7962962962962962,0.2325581395348837,0.0264650283553875,0.6363636363636362,0.0875,0.0,0.0333333333333333,0.0163636363636363,41.75,5.6985294117647065,51.41544117647058,81.93382352941175,30.59170471280618,True,False,Morocco
933817,Riccardo Sottil,9888,Lecce,ITA-Serie A,0.7,17.7,6.0,0.0,0.3,2.6,0.24,0.06,0.9,2.0,0.09,0.2,0.3,0.0,0.3,6.54,0.0,23.0,1.7,0.4,1.2,995,19,Attacker,0.4000000000000001,0.3333333333333333,0.03954802259887,1.3333333333333333,0.1130434782608695,0.1764705882352941,0.0352941176470588,0.048,67.36438341915014,14.193881000676134,41.60327924273157,16.46210407239819,30.523431150069715,True,False,Italy
952057,Charles Vanhoutte,9831,Nice,FRA-Ligue 1,2.4,42.4,1.0,0.0,2.7,0.6,0.05,0.01,1.7,2.0,0.0,0.9,0.1,0.5,0.4,6.94,0.0,7.0,0.2,2.5,0.4,1281,17,Midfielder,0.6666666666666667,0.2647058823529412,0.0566037735849056,0.2352941176470588,0.0857142857142857,0.5,0.0499999999999999,0.0083333333333333,23.544117647058822,24.73529411764705,31.801470588235297,55.34926470588235,30.487946065107064,True,False,Belgium
1469758,Simon Ebonog,9746,Le Havre,FRA-Ligue 1,0.4,19.2,1.0,0.0,1.4,0.3,0.02,0.09,1.1,0.0,0.0,1.0,0.2,0.3,0.5,6.67,0.0,4.0,1.1,2.4,1.0,1032,19,Midfielder,0.7555555555555555,0.2941176470588235,0.0208333333333333,0.9090909090909092,0.075,0.1818181818181818,0.0818181818181818,0.0163636363636363,14.76470588235294,26.83823529411764,43.45588235294117,67.49632352941177,30.43155157465785,True,False,France
424129,Leander Dendoncker,8670,Real Oviedo,ESP-La Liga,0.9,32.4,0.0,0.0,2.3,0.5,0.03,0.05,0.8,0.0,0.07,0.8,0.3,0.5,0.1,6.68,0.0,6.0,0.6,2.5,0.3,1318,18,Midfielder,0.8048780487804879,0.2424242424242424,0.0277777777777777,0.3749999999999999,0.0833333333333333,0.5,0.0833333333333333,0.01875,16.147058823529413,42.3235294117647,30.514705882352946,51.86029411764705,30.42060098258233,True,False,Belgium
935622,Marcus Holmgren Pedersen,9804,Torino,ITA-Serie A,0.9,19.3,2.0,0.0,1.1,1.6,0.1,0.05,1.3,0.0,0.0,0.4,0.1,0.1,0.2,6.43,0.0,10.0,0.6,1.0,0.5,1475,19,Midfielder,0.5185185185185185,0.2857142857142857,0.0466321243523316,0.3846153846153846,0.16,0.1666666666666666,0.0833333333333333,0.0333333333333333,38.324192541738185,25.629947469704064,29.446546523118528,27.619064336609977,30.38989625196998,True,False,Norway
839750,Kervin Arriaga,8581,Levante,ESP-La Liga,1.9,37.1,1.0,0.0,2.8,0.4,0.03,0.02,1.5,1.0,0.08,0.8,0.2,0.8,0.2,6.62,0.0,3.0,0.6,2.2,0.4,1108,17,Midfielder,0.6666666666666666,0.2666666666666666,0.0512129380053908,0.2666666666666666,0.1333333333333333,0.3333333333333333,0.0333333333333333,0.0119999999999999,31.94117647058824,20.375000000000004,31.25,43.834558823529406,30.24513380822276,True,False,Honduras
1080917,Omar Traoré,94937,1. FC Heidenheim 1846,GER-Bundesliga,2.0,27.2,3.0,0.0,1.6,1.3,0.1,0.02,1.4,2.0,0.0,0.7,0.1,0.1,0.2,6.3,0.0,12.0,0.6,1.2,0.8,1199,20,Midfielder,0.5757575757575758,0.3684210526315789,0.0735294117647058,0.5714285714285715,0.1083333333333333,0.1666666666666666,0.0333333333333333,0.0166666666666666,52.13490144068238,8.57974462994747,43.30411010558069,40.75546107036979,30.17703726538948,True,False,Germany
874621,Martin Payero,7801,Cremonese,ITA-Serie A,0.9,21.2,1.0,0.0,1.2,0.5,0.04,0.12,2.4,0.0,0.08,0.6,0.4,0.2,0.3,6.54,0.0,8.0,1.5,1.3,1.5,1146,17,Midfielder,0.4418604651162791,0.3157894736842105,0.0424528301886792,0.625,0.0625,0.2666666666666666,0.08,0.0299999999999999,15.904411764705884,37.75735294117647,49.46691176470588,31.75,30.1046175060418,True,False,Argentina
1321605,Mario Martin,8305,Getafe,ESP-La Liga,1.0,19.0,0.0,0.0,0.9,0.5,0.03,0.07,2.9,0.0,0.12,0.4,0.2,0.2,0.6,6.35,0.0,7.0,1.3,2.7,0.6,1457,22,Midfielder,0.5166666666666667,0.1290322580645161,0.0526315789473684,0.2068965517241379,0.0714285714285714,0.1538461538461538,0.0538461538461538,0.021,20.56255526083112,28.953541894211263,32.424617725074114,51.01465387215894,30.10275572363575,True,False,Spain
251269,Ante Budimir,8371,Osasuna,ESP-La Liga,0.2,7.8,1.0,0.0,1.4,0.8,0.04,0.46,1.8,0.0,0.55,0.2,1.2,0.2,0.4,6.88,0.0,8.0,3.0,0.7,0.2,1785,23,Attacker,0.3333333333333332,0.2222222222222222,0.0256410256410256,0.1111111111111111,0.1,0.3999999999999999,0.1533333333333333,0.0368,27.13868518229573,86.56091693972019,13.9197807770323,24.46269568835492,30.061874987914816,True,False,Croatia
767013,Antoine Bernede,9876,Verona,ITA-Serie A,1.0,26.3,2.0,0.0,0.7,1.1,0.06,0.05,2.3,2.0,0.05,0.4,0.1,0.3,0.3,6.78,0.0,20.0,0.8,2.8,0.7,1810,24,Midfielder,0.5818181818181818,0.125,0.0380228136882129,0.3043478260869565,0.055,0.125,0.0625,0.0272727272727272,30.88235294117647,18.573529411764707,35.68014705882353,41.55882352941176,29.920995026741803,True,False,France
1339372,Cesare Casadei,9804,Torino,ITA-Serie A,0.9,26.1,3.0,0.0,1.5,1.3,0.07,0.16,2.4,0.0,0.17,0.5,0.7,0.1,0.3,6.81,0.0,14.0,1.6,1.5,0.6,1570,23,Midfielder,0.4545454545454545,0.25,0.0344827586206896,0.25,0.0928571428571428,0.4374999999999999,0.0999999999999999,0.048695652173913,30.86377229937068,41.43897903989182,26.68480522182348,21.834653092006032,29.89387623396765,True,False,Italy
1178314,Nikola Stulic,9888,Lecce,ITA-Serie A,0.2,11.7,2.0,0.0,0.7,0.8,0.06,0.16,1.9,0.0,0.14,0.1,0.3,0.3,0.8,6.33,0.0,17.0,1.7,0.8,0.3,1306,23,Attacker,0.3214285714285714,0.1111111111111111,0.017094017094017,0.1578947368421052,0.0470588235294117,0.1764705882352941,0.0941176470588235,0.0436363636363636,27.139705882352946,43.99264705882352,18.97058823529412,37.61764705882353,29.889943186435367,True,False,Serbia
1320949,Emersonn,9941,Toulouse,FRA-Ligue 1,0.3,10.4,0.0,0.0,1.0,0.4,0.04,0.44,2.7,2.0,0.27,0.4,1.0,0.0,0.9,6.64,0.0,11.0,3.2,1.4,0.6,1008,16,Attacker,0.3999999999999999,0.2222222222222222,0.0288461538461538,0.2222222222222222,0.0363636363636363,0.3125,0.1374999999999999,0.0366666666666666,11.742647058823527,74.0,24.044117647058822,50.96691176470588,29.85022487264022,True,False,Brazil
1199283,Eric Martel,8722,1. FC Köln,GER-Bundesliga,1.0,43.7,4.0,0.0,5.1,0.9,0.05,0.04,1.5,2.0,0.05,1.2,0.1,0.8,0.2,6.88,0.0,11.0,0.5,1.2,0.1,1718,21,Midfielder,0.6153846153846154,0.5,0.022883295194508,0.0666666666666666,0.0818181818181818,0.2,0.08,0.0222222222222222,34.02205882352941,23.06617647058824,27.29779411764706,37.275735294117645,29.75700460662251,True,False,Germany
872396,Pathé Ciss,8370,Rayo Vallecano,ESP-La Liga,3.7,53.0,0.0,0.0,2.9,0.3,0.02,0.13,1.3,0.0,0.08,1.4,0.5,0.6,0.1,6.83,0.0,7.0,0.9,2.5,0.3,1130,16,Midfielder,0.75,0.358974358974359,0.0698113207547169,0.2307692307692307,0.0428571428571428,0.5555555555555556,0.1444444444444444,0.0173333333333333,10.04760233005669,57.72614032350341,36.01081812035159,51.9340770791075,29.72765089541084,True,False,Senegal
792756,Michel Aebischer,6479,Pisa,ITA-Serie A,3.4,40.6,5.0,0.0,1.0,1.7,0.08,0.02,1.2,1.0,0.05,1.1,0.0,0.2,0.4,6.95,0.0,25.0,0.5,2.2,0.3,1984,24,Midfielder,0.7333333333333334,0.3333333333333333,0.083743842364532,0.25,0.068,0.0,0.04,0.016,47.33088235294117,9.073529411764708,30.790441176470587,61.647058823529406,29.65335885025704,True,False,Switzerland
1422593,Joshua King,9879,Fulham,ENG-Premier League,0.2,18.4,0.0,0.0,1.1,0.4,0.04,0.13,0.8,1.0,0.0,0.2,0.7,0.2,0.3,6.45,0.0,8.0,1.8,2.0,1.1,919,21,Midfielder,0.7333333333333334,0.0909090909090909,0.0108695652173913,1.375,0.05,0.3888888888888888,0.0722222222222222,0.0305882352941176,10.801470588235292,38.77205882352941,51.10294117647058,46.084558823529406,29.30873963619685,True,False,England
750030,Andrea Pinamonti,7943,Sassuolo,ITA-Serie A,0.3,11.4,4.0,0.0,0.6,0.9,0.04,0.28,0.4,3.0,0.24,0.0,1.0,0.0,0.4,6.59,0.0,16.0,2.5,0.4,0.1,1895,24,Attacker,0.5,0.0,0.0263157894736842,0.25,0.05625,0.4,0.112,0.035,30.11029411764705,68.9485294117647,15.055147058823527,20.97058823529412,28.97271032712665,True,False,Italy
574642,Ellyes Skhiri,9810,Eintracht Frankfurt,GER-Bundesliga,1.9,44.1,0.0,0.0,1.3,0.4,0.04,0.03,0.8,0.0,0.0,1.7,0.0,0.2,0.2,6.56,0.0,5.0,0.5,0.9,0.2,934,14,Midfielder,0.7647058823529411,0.6538461538461539,0.0430839002267573,0.25,0.08,0.0,0.06,0.0171428571428571,24.0815909918344,19.530829042492325,35.080258230613204,49.179610703697925,28.96065867594403,True,False,Tunisia
881500,Lyle Foster,8191,Burnley,ENG-Premier League,0.4,11.8,1.0,0.0,1.1,0.4,0.03,0.2,1.6,1.0,0.26,0.3,0.4,0.3,0.5,6.29,0.0,8.0,1.3,1.0,0.7,1028,19,Attacker,0.4482758620689654,0.2307692307692307,0.0338983050847457,0.4374999999999999,0.05,0.3076923076923077,0.1538461538461538,0.0260869565217391,12.375,67.27941176470588,29.30147058823529,34.33455882352941,28.747677046736577,True,False,South Africa
1362622,Junior Mwanga,9830,Nantes,FRA-Ligue 1,2.1,0.0,2.0,0.0,0.0,0.0,0.0,0.07,1.2,1.0,0.06,0.7,0.2,0.0,0.0,0.0,0.0,0.0,0.6,2.1,0.0,1476,18,Midfielder,0.7,0.25,0.0,0.0,0.0,0.3333333333333333,0.1166666666666666,0.001,23.19683257918552,40.66829198522911,17.234032870442608,47.1948041816196,28.563942922793675,True,False,France
822440,Michael Folorunsho,8529,Cagliari,ITA-Serie A,0.8,15.2,1.0,0.0,1.3,0.4,0.03,0.17,1.6,0.0,0.07,0.4,0.4,0.1,0.3,6.56,0.0,10.0,1.3,1.4,0.9,1313,16,Midfielder,0.5294117647058824,0.2222222222222222,0.0526315789473684,0.5625,0.04,0.3076923076923077,0.1307692307692307,0.0255,12.683823529411764,53.93382352941176,36.63602941176471,30.76838235294117,28.34904232171917,True,False,Italy
1403332,Aljoscha Kemlein,8149,1. FC Union Berlin,GER-Bundesliga,2.8,32.6,1.0,0.0,1.2,1.1,0.07,0.06,1.0,0.0,0.0,1.0,0.1,0.2,0.3,6.77,0.0,8.0,0.8,2.2,0.8,1297,20,Midfielder,0.7619047619047619,0.3125,0.0858895705521472,0.8,0.1375,0.125,0.075,0.0323076923076923,31.888295105840744,14.845841784989856,35.79019737868622,39.538084464555055,28.30314820295797,True,False,Germany
640220,Marc Roca,8603,Real Betis,ESP-La Liga,2.2,39.3,2.0,0.0,2.0,0.8,0.05,0.07,2.0,1.0,0.0,0.8,0.3,0.3,0.7,6.8,0.0,10.0,0.7,2.0,0.5,1357,19,Midfielder,0.5833333333333334,0.2857142857142857,0.0559796437659033,0.25,0.08,0.4285714285714286,0.1,0.0291666666666666,21.76705934363135,29.79192021636241,26.697060123784265,42.035633484162894,28.26206765389133,True,False,Spain
286119,Jamie Vardy,7801,Cremonese,ITA-Serie A,0.0,7.9,3.0,0.0,1.1,0.7,0.04,0.21,0.9,1.0,0.27,0.2,0.5,0.2,0.3,6.51,0.0,13.0,1.1,0.5,0.2,1667,21,Attacker,0.4374999999999999,0.2857142857142857,0.0,0.2222222222222222,0.0538461538461538,0.4545454545454545,0.1909090909090909,0.0336,24.86029411764705,79.23529411764707,13.988970588235292,21.838235294117645,28.033123787231204,True,False,England
929838,Hugo Duro,10267,Valencia CF,ESP-La Liga,0.3,13.3,1.0,0.0,1.1,0.7,0.04,0.33,0.9,0.0,0.44,0.2,0.6,0.4,0.3,6.66,0.0,12.0,1.6,0.7,0.2,1425,23,Attacker,0.5,0.2222222222222222,0.0225563909774436,0.2222222222222222,0.0583333333333333,0.3749999999999999,0.20625,0.0356756756756756,16.795040828002286,83.55147708950955,15.828002288448538,31.319713163780104,27.993869486689505,True,False,Spain
844437,Amine Gouiri,9851,Rennes,FRA-Ligue 1,0.4,0.0,0.0,0.0,0.3,0.0,0.0,0.0,0.0,0.0,0.0,0.0,0.0,0.0,0.0,0.0,0.0,0.0,0.0,0.6,0.0,2088,33,Attacker,1.0,0.0,0.0,0.0,0.0,0.0,0.0,0.001,23.25817860300619,33.187444739168875,23.52453580901857,37.0999115826702,27.987944545965085,False,False,Algeria
919742,Senne Lynen,8697,SV Werder Bremen,GER-Bundesliga,3.0,43.7,0.0,0.0,3.1,1.3,0.06,0.03,1.3,0.0,0.0,2.3,0.1,0.3,0.2,6.67,0.0,9.0,0.8,2.0,0.1,1857,21,Midfielder,0.7678571428571429,0.5348837209302325,0.068649885583524,0.0769230769230769,0.1444444444444444,0.125,0.0375,0.02,36.30832943256879,9.766227180527382,29.32347740157071,64.12921932698809,27.774653149735137,True,False,Belgium
1212630,Lorenzo Lucca,8600,Udinese,ITA-Serie A,0.4,9.1,1.0,0.0,1.0,0.8,0.03,0.29,2.5,1.0,0.46,0.3,1.0,0.0,0.5,6.78,0.0,14.0,2.5,0.4,0.5,2361,33,Attacker,0.2187499999999999,0.4285714285714286,0.0439560439560439,0.2,0.0571428571428571,0.4,0.1159999999999999,0.0271875,14.137931034482756,75.0,18.55106100795756,35.70291777188329,27.63847038119256,False,False,Italy
184321,Callum Wilson,8654,West Ham United,ENG-Premier League,0.1,6.8,0.0,0.0,0.2,0.2,0.02,0.48,1.0,1.0,0.49,0.3,1.1,0.2,0.7,6.48,0.0,5.0,2.6,0.3,1.1,923,22,Attacker,0.3749999999999999,0.5,0.0147058823529411,1.1,0.04,0.4230769230769231,0.1846153846153846,0.0192,5.397058823529412,89.53676470588236,40.99264705882353,44.80147058823529,27.61101930863681,True,False,England
178753,Nemanja Gudelj,8302,Sevilla,ESP-La Liga,2.2,37.6,0.0,0.0,4.9,0.3,0.02,0.04,1.8,0.0,0.06,0.8,0.3,0.7,0.1,6.64,0.0,2.0,1.0,1.7,0.3,1410,20,Midfielder,0.5813953488372093,0.32,0.0585106382978723,0.1666666666666666,0.15,0.3,0.04,0.0133333333333333,25.16749882977064,22.236282311333024,28.72571774067717,39.44189811202995,27.591597466849063,True,False,Serbia
303879,Lucas Torro,8371,Osasuna,ESP-La Liga,1.6,29.7,1.0,0.0,2.2,0.6,0.03,0.06,1.4,1.0,0.0,1.1,0.3,0.2,0.2,6.91,0.0,10.0,1.0,1.3,0.3,1575,22,Midfielder,0.6315789473684211,0.4583333333333333,0.0538720538720538,0.2142857142857143,0.06,0.3,0.06,0.02,23.0738024652832,25.5394757372445,24.807984865033543,44.51277500390077,27.48422856843029,True,False,Spain
1359649,Noah Sadiki,8472,Sunderland,ENG-Premier League,1.3,31.2,0.0,0.0,1.5,0.9,0.04,0.02,0.9,0.0,0.0,1.3,0.0,0.3,0.3,6.9,0.0,10.0,0.3,1.5,0.7,1845,21,Midfielder,0.7567567567567568,0.4642857142857143,0.0416666666666666,0.7777777777777777,0.09,0.0,0.0666666666666666,0.0133333333333333,23.264705882352946,12.007352941176473,43.95220588235294,54.67647058823529,27.42687660921175,True,False,DR Congo
1352713,Carlos Baleba,10204,Brighton and Hove Albion,ENG-Premier League,1.6,33.7,0.0,0.0,1.6,0.3,0.02,0.03,1.9,0.0,0.0,1.7,0.0,0.2,0.4,6.55,0.0,4.0,0.9,2.0,0.7,1191,21,Midfielder,0.6607142857142858,0.4594594594594594,0.0474777448071216,0.3684210526315789,0.075,0.0,0.0333333333333333,0.0119999999999999,16.102278046497116,15.610794715764287,44.73754355853748,66.77312503250637,27.416424991054708,True,False,Cameroon
880095,James Sands,8152,FC St. Pauli,GER-Bundesliga,1.0,31.8,2.0,0.0,1.5,0.7,0.04,0.05,1.2,0.0,0.05,2.0,0.2,0.3,0.2,6.88,0.0,9.0,0.8,2.0,0.1,1760,21,Midfielder,0.7692307692307692,0.5,0.0314465408805031,0.0833333333333333,0.0777777777777777,0.25,0.0625,0.0222222222222222,23.889705882352946,22.161764705882355,21.599264705882355,57.64338235294117,27.26615873685802,True,False,USA
1323827,Jon Gorrotxategi,8560,Real Sociedad,ESP-La Liga,1.4,44.1,2.0,0.0,1.7,0.4,0.02,0.04,1.2,3.0,0.05,1.7,0.1,0.5,0.4,6.89,0.0,12.0,0.6,2.0,0.4,1706,22,Midfielder,0.7551020408163265,0.4594594594594594,0.0317460317460317,0.3333333333333333,0.0333333333333333,0.1666666666666666,0.0666666666666666,0.0133333333333333,16.11764705882353,19.00735294117647,36.13970588235294,65.25735294117646,27.185851878051693,True,False,Spain
812415,Hugo Magnetti,8521,Brest,FRA-Ligue 1,1.8,33.0,1.0,0.0,1.9,0.9,0.05,0.02,1.4,0.0,0.05,1.6,0.2,0.0,0.3,6.87,0.0,11.0,0.9,2.1,0.5,1735,21,Midfielder,0.7254901960784315,0.4324324324324324,0.0545454545454545,0.3571428571428571,0.0818181818181818,0.2222222222222222,0.0222222222222222,0.0142857142857142,25.515147969001926,13.21240963228793,32.301841160867525,58.98418239975035,27.148064162472497,True,False,France
762028,Ylber Ramadani,9888,Lecce,ITA-Serie A,2.4,34.1,0.0,0.0,1.5,1.0,0.04,0.03,1.4,0.0,0.04,1.4,0.2,0.3,0.6,6.96,0.0,12.0,0.9,2.5,0.3,2076,24,Midfielder,0.7358490566037736,0.358974358974359,0.0703812316715542,0.2142857142857143,0.0833333333333333,0.2222222222222222,0.0333333333333333,0.0171428571428571,18.525693035835022,15.895290476933477,31.76360066573049,74.23481952462683,26.93105826889361,True,False,Albania
686460,Santiago Colombatto,8670,Real Oviedo,ESP-La Liga,1.8,34.9,3.0,0.0,1.7,1.4,0.09,0.03,2.0,1.0,0.0,0.7,0.1,0.2,0.5,6.74,0.0,19.0,0.7,1.7,0.3,1475,19,Midfielder,0.5454545454545454,0.2916666666666667,0.0515759312320916,0.15,0.0736842105263157,0.1428571428571428,0.0428571428571428,0.0225,42.6985294117647,9.029411764705882,28.125,48.25367647058823,26.731169164939523,True,False,Argentina
1362622,Junior Mwanga,9848,Strasbourg,FRA-Ligue 1,0.0,35.8,0.0,0.0,1.3,1.2,0.07,0.0,0.0,0.0,0.0,0.0,0.0,0.4,0.2,6.91,0.0,16.0,0.0,0.0,0.9,1476,18,Midfielder,0.0,0.0,0.0,0.0,0.075,0.0,0.0,0.001,36.30467571644042,13.908488063660476,39.30511130181515,23.089412024756854,26.61359731908325,True,False,France
689987,Jakub Piotrowski,8600,Udinese,ITA-Serie A,1.0,22.2,1.0,0.0,2.1,0.4,0.03,0.14,1.6,1.0,0.08,1.0,0.4,0.3,0.3,6.66,0.0,10.0,1.9,2.5,0.5,1073,21,Midfielder,0.6862745098039216,0.2857142857142857,0.045045045045045,0.3125,0.04,0.2105263157894737,0.0736842105263158,0.0247058823529411,12.683823529411764,34.85294117647059,28.419117647058822,52.40441176470589,26.534513730726164,True,False,Poland
413525,Laurent Abergel,8689,Lorient,FRA-Ligue 1,4.2,56.6,2.0,0.0,1.8,0.8,0.04,0.03,1.1,0.0,0.05,1.0,0.2,0.2,0.4,6.98,0.0,14.0,0.9,1.5,0.3,1826,21,Midfielder,0.6944444444444444,0.4,0.0742049469964664,0.2727272727272727,0.0571428571428571,0.2222222222222222,0.0333333333333333,0.0171428571428571,23.352941176470587,12.742647058823527,35.75367647058824,53.794117647058826,26.38119860246615,True,False,France
1054122,Boubacar Traore,8550,Metz,FRA-Ligue 1,2.0,34.7,0.0,0.0,1.0,0.3,0.02,0.07,1.5,0.0,0.08,0.6,0.2,0.1,0.2,6.5,0.0,4.0,1.3,2.7,1.2,1150,16,Midfielder,0.6875,0.1818181818181818,0.0576368876080691,0.7999999999999999,0.075,0.1538461538461538,0.0538461538461538,0.0155555555555555,11.779411764705882,21.84558823529412,54.09926470588236,44.297794117647065,26.22722110596294,True,False,Mali
449283,Alessandro Deiola,8529,Cagliari,ITA-Serie A,2.1,34.4,0.0,0.0,3.3,0.3,0.03,0.03,1.6,2.0,0.0,1.2,0.3,0.7,0.0,6.87,0.0,5.0,0.6,2.4,0.2,961,12,Midfielder,0.6923076923076923,0.3333333333333333,0.0610465116279069,0.125,0.06,0.5,0.05,0.015,16.06875747646539,34.51146824777657,22.84134940448328,45.52958729911063,26.15921636240587,True,False,Italy
801120,Jens-Lys Cajuste,9902,Ipswich Town,ENG-Premier League,1.1,28.6,0.0,0.0,1.5,0.7,0.03,0.03,1.1,1.0,0.05,1.3,0.0,0.5,0.5,6.59,0.0,13.0,0.5,2.0,1.3,1976,30,Midfielder,0.7499999999999999,0.393939393939394,0.0384615384615384,1.1818181818181817,0.0538461538461538,0.0,0.06,0.015,11.087533156498674,16.332891246684355,53.01724137931035,69.26392572944297,26.05685218038905,False,False,Sweden
1478148,Leon Avdullahu,8226,TSG 1899 Hoffenheim,GER-Bundesliga,2.9,53.3,1.0,0.0,1.7,1.2,0.06,0.02,0.8,1.0,0.0,1.1,0.0,0.2,0.8,7.09,0.0,14.0,0.5,1.3,0.3,1920,22,Midfielder,0.7500000000000001,0.4583333333333333,0.0544090056285178,0.3749999999999999,0.0857142857142857,0.0,0.04,0.0149999999999999,30.823529411764707,6.38235294117647,37.20588235294117,73.29411764705883,25.916517312298662,True,False,Kosovo
1693531,Sascha Britschgi,10167,Parma,ITA-Serie A,0.7,20.1,3.0,0.0,1.8,1.2,0.07,0.02,0.8,2.0,0.0,0.4,0.2,0.2,0.3,6.63,0.0,14.0,0.7,1.7,0.3,1566,21,Midfielder,0.7241379310344827,0.1904761904761904,0.0348258706467661,0.3749999999999999,0.0857142857142857,0.2857142857142857,0.0285714285714285,0.0155555555555555,39.022058823529406,11.823529411764708,21.69117647058824,43.79044117647058,25.58152783655197,True,False,Switzerland
1388071,Reda Belahyane,9876,Verona,ITA-Serie A,1.2,32.6,1.0,0.0,1.2,0.7,0.03,0.01,1.7,2.0,0.0,0.5,0.1,0.5,0.3,6.71,0.0,16.0,0.3,2.1,1.8,1848,28,Midfielder,0.6046511627906977,0.1923076923076923,0.0368098159509202,1.0588235294117647,0.04375,0.3333333333333333,0.0333333333333333,0.0074999999999999,13.733421750663132,16.253315649867375,57.22811671087533,40.895225464190986,25.456928604699858,False,False,Morocco
921543,Morten Frendrup,10233,Genoa,ITA-Serie A,1.1,31.1,1.0,0.0,2.7,0.7,0.03,0.02,1.4,0.0,0.04,1.2,0.1,0.4,0.6,7.05,0.0,9.0,0.4,2.9,0.2,2022,24,Midfielder,0.7454545454545454,0.2926829268292683,0.0353697749196141,0.1428571428571428,0.0777777777777777,0.25,0.0499999999999999,0.0119999999999999,16.56242523534613,18.540880012482447,22.01822307172206,74.51140973630832,24.712113386637345,True,False,Denmark
750031,Pol Lozano,8558,Espanyol,ESP-La Liga,1.7,34.2,0.0,0.0,0.9,1.4,0.08,0.02,2.6,0.0,0.06,1.0,0.2,0.2,0.3,6.46,0.0,17.0,0.6,1.5,0.1,1575,22,Midfielder,0.4901960784313726,0.4,0.0497076023391812,0.0384615384615384,0.0823529411764705,0.3333333333333333,0.0333333333333333,0.016,27.808810526863265,16.36270609039372,21.29290841004837,40.79928616008738,24.598451335546635,True,False,Spain
1072864,Tolu Arokodare,8602,Wolverhampton Wanderers,ENG-Premier League,0.1,11.0,0.0,0.0,2.0,0.3,0.03,0.24,1.1,0.0,0.16,0.2,0.7,0.1,0.3,6.54,0.0,9.0,2.6,0.5,1.4,1092,23,Attacker,0.3888888888888888,0.2857142857142857,0.009090909090909,1.2727272727272725,0.0333333333333333,0.2692307692307692,0.0923076923076923,0.0266666666666666,8.301470588235293,52.67647058823529,47.72058823529411,21.066176470588232,24.57787142534397,True,False,Nigeria
439148,Morten Thorsby,7801,Cremonese,ITA-Serie A,0.4,17.5,0.0,0.0,2.2,0.4,0.04,0.2,1.7,0.0,0.3,0.0,0.7,0.6,0.5,6.87,0.0,9.0,1.7,1.2,0.3,911,15,Midfielder,0.4137931034482758,0.0,0.0228571428571428,0.1764705882352941,0.0444444444444444,0.4117647058823529,0.1176470588235294,0.0333333333333333,10.573529411764708,68.65441176470587,19.50367647058824,31.65441176470588,24.4934000822843,True,False,Norway
1047670,Andrej Ilic,8149,1. FC Union Berlin,GER-Bundesliga,0.1,9.6,5.0,0.0,1.0,1.4,0.09,0.48,1.5,7.0,0.06,0.0,0.8,0.3,0.4,6.56,0.0,22.0,2.8,0.1,0.2,1408,21,Attacker,0.0625,0.0,0.0104166666666666,0.1333333333333333,0.0636363636363636,0.2857142857142857,0.1714285714285714,0.0757894736842105,32.24842669163156,46.6791751183232,16.905393457117594,10.981711915535444,24.264630525500483,True,False,Serbia
1072056,Tommaso Barbieri,7801,Cremonese,ITA-Serie A,1.8,19.6,1.0,0.0,2.0,0.6,0.04,0.04,2.0,1.0,0.0,0.8,0.1,0.5,0.1,6.65,0.0,8.0,0.7,2.6,0.9,1240,18,Midfielder,0.6296296296296297,0.2352941176470588,0.0918367346938775,0.45,0.075,0.1428571428571428,0.0571428571428571,0.02,19.080882352941178,13.463235294117643,36.43382352941176,40.17279411764706,23.8577503928498,True,False,Italy
39591,Axel Witsel,7732,Girona,ESP-La Liga,1.1,42.8,0.0,0.0,2.5,0.4,0.03,0.1,1.4,0.0,0.06,1.0,0.1,0.3,0.3,6.8,0.0,8.0,0.8,1.3,0.1,1389,18,Midfielder,0.6216216216216216,0.4347826086956522,0.0257009345794392,0.0714285714285714,0.05,0.125,0.125,0.023076923076923,9.389705882352942,40.00735294117648,27.1875,42.419117647058826,23.79223253165372,True,False,Belgium
1047671,Vini Souza,8721,VfL Wolfsburg,GER-Bundesliga,0.9,26.2,0.0,0.0,5.2,0.4,0.03,0.01,2.0,0.0,0.0,1.3,0.1,0.9,0.2,6.65,0.0,3.0,0.3,2.7,0.2,914,14,Midfielder,0.6666666666666666,0.325,0.0343511450381679,0.1,0.1333333333333333,0.3333333333333333,0.0333333333333333,0.0074999999999999,28.955882352941178,14.654411764705884,16.52573529411765,49.60661764705882,23.640750518075546,True,False,Brazil
166733,Christopher Trimmel,8149,1. FC Union Berlin,GER-Bundesliga,2.4,19.6,6.0,0.0,3.9,3.9,0.28,0.0,1.4,2.0,0.0,0.4,0.0,0.6,0.1,6.92,0.0,37.0,0.2,1.6,0.1,1256,19,Midfielder,0.5882352941176471,0.2,0.1224489795918367,0.0714285714285714,0.1054054054054054,0.0,0.0,0.001,73.68494824985697,8.923961096374889,11.153618609247411,36.92992926613616,23.61471424110349,True,False,Austria
201704,Remo Freuler,9857,Bologna,ITA-Serie A,2.7,47.4,0.0,0.0,1.3,0.7,0.05,0.01,0.9,1.0,0.0,0.5,0.0,0.2,0.4,6.68,0.0,11.0,0.3,2.7,0.1,1315,18,Midfielder,0.7804878048780487,0.15625,0.0569620253164557,0.1111111111111111,0.0636363636363636,0.0,0.0333333333333333,0.0083333333333333,20.629388360118583,11.298577521194156,27.281167108753312,60.49207494668955,23.59974339019192,True,False,Switzerland
775614,Ryan Yates,10203,Nottingham Forest,ENG-Premier League,0.5,29.2,0.0,0.0,2.8,0.5,0.02,0.11,2.5,1.0,0.09,1.2,0.4,0.5,0.2,6.76,0.0,18.0,1.6,2.0,0.4,1904,35,Midfielder,0.5614035087719298,0.3749999999999999,0.0171232876712328,0.16,0.0277777777777777,0.25,0.0687499999999999,0.0169230769230769,11.114058355437663,33.51458885941645,25.69628647214854,42.15185676392573,23.577687602546884,False,False,England
359191,Omar Mascarell,8661,Mallorca,ESP-La Liga,3.3,32.8,1.0,0.0,3.0,0.2,0.01,0.0,1.4,1.0,0.08,1.6,0.1,0.6,0.2,6.64,0.0,5.0,0.1,2.1,0.2,1159,17,Midfielder,0.7254901960784315,0.4324324324324324,0.1006097560975609,0.1428571428571428,0.04,1.0,0.0,0.001,12.149126228740831,24.02972382586988,25.5525432984865,52.36230301139023,23.238762062649936,True,False,Equatorial Guinea
1239749,Mandela Keita,10167,Parma,ITA-Serie A,1.4,31.3,0.0,0.0,0.8,0.3,0.01,0.01,1.0,1.0,0.0,1.2,0.0,0.5,0.4,7.08,0.0,10.0,0.5,2.6,1.1,1947,24,Midfielder,0.7916666666666666,0.3157894736842105,0.0447284345047923,1.1,0.03,0.0,0.02,0.005,10.73451396473709,12.243433713007752,48.96873537213293,64.38103318250377,23.19753478648136,True,False,Belgium
612863,Andre-Frank Zambo Anguissa,9875,Napoli,ITA-Serie A,0.0,0.0,1.0,0.0,0.0,1.0,0.0,0.0,0.0,1.0,0.0,0.0,0.0,0.0,0.0,0.0,0.0,10.0,0.0,0.0,0.0,932,11,Midfielder,0.0,0.0,0.0,0.0,0.1,0.0,0.0,0.001,33.56281531180111,19.120689655172413,20.1131221719457,19.31456415457429,22.971018865028807,True,False,Cameroon
1200631,Lesley Ugochukwu,8191,Burnley,ENG-Premier League,1.1,25.2,0.0,0.0,1.0,0.3,0.01,0.11,1.2,1.0,0.16,0.8,0.4,0.9,0.2,6.56,0.0,8.0,0.9,2.2,0.4,1723,25,Midfielder,0.7142857142857143,0.2666666666666666,0.0436507936507936,0.3333333333333333,0.0375,0.4444444444444445,0.1222222222222222,0.0091666666666666,5.860294117647059,60.50735294117647,25.073529411764707,47.49264705882352,22.959213429748583,True,False,France
322003,Jesper Karlström,8600,Udinese,ITA-Serie A,1.6,31.3,1.0,0.0,1.9,0.8,0.03,0.02,1.0,0.0,0.04,0.9,0.1,0.3,0.4,6.85,0.0,12.0,0.5,1.7,0.3,2217,25,Midfielder,0.7222222222222222,0.3461538461538461,0.0511182108626198,0.3,0.0666666666666666,0.2,0.04,0.0119999999999999,19.130428563998542,11.864331408956154,26.35324023508608,53.27563452436677,22.573165130339017,True,False,Sweden
1239595,Dario Essugo,8306,Las Palmas,ESP-La Liga,2.0,37.4,0.0,0.0,1.9,0.7,0.03,0.03,1.7,0.0,0.05,1.9,0.2,0.5,0.3,6.8,0.0,13.0,1.1,2.7,0.6,1952,27,Midfielder,0.7301587301587301,0.4130434782608695,0.053475935828877,0.3529411764705882,0.0538461538461538,0.1818181818181818,0.0272727272727272,0.015,11.087533156498674,13.57427055702918,37.51657824933687,63.05371352785145,22.39378704196076,False,False,Portugal
933576,Antoine Semenyo,8678,Bournemouth,ENG-Premier League,0.9,0.0,0.0,0.0,0.0,0.0,0.0,0.0,0.0,0.0,0.0,0.0,0.0,0.1,0.0,0.0,0.0,0.0,0.0,0.0,0.0,2247,25,Attacker,0.0,0.0,0.0,0.0,0.0,0.0,0.0,0.001,23.992874603422266,21.46595932802829,23.130363551256043,18.872477505591096,22.038075105194263,True,False,Ghana
1189223,Patrizio Masini,10233,Genoa,ITA-Serie A,1.3,27.2,0.0,0.0,3.1,0.3,0.02,0.11,2.4,0.0,0.0,1.7,0.3,0.5,0.5,6.77,0.0,7.0,1.0,4.7,0.2,1066,21,Midfielder,0.7272727272727273,0.265625,0.0477941176470588,0.0833333333333333,0.0428571428571428,0.3,0.11,0.0169230769230769,7.927796848182244,31.56806834139492,22.493303687522754,61.6145329484579,21.903206603832388,True,False,Italy
888921,Lewis Ferguson,9857,Bologna,ITA-Serie A,2.8,54.3,1.0,0.0,1.8,1.1,0.09,0.05,2.2,0.0,0.08,0.4,0.2,0.6,0.2,6.55,0.0,12.0,0.8,1.4,0.1,1123,18,Midfielder,0.4499999999999999,0.2222222222222222,0.0515653775322283,0.0454545454545454,0.0916666666666666,0.25,0.0625,0.0321428571428571,29.562594268476616,17.84584178498986,22.49362875123524,17.126319758672697,21.81999832361261,True,False,Scotland
1076756,Brennan Johnson,8586,Tottenham Hotspur,ENG-Premier League,0.0,0.0,1.0,0.0,0.0,0.0,0.0,0.0,0.0,0.0,0.17,0.0,0.0,0.1,0.0,0.0,0.0,0.0,0.0,0.0,0.0,1057,23,Attacker,0.0,0.0,0.0,0.0,0.0,0.0,0.0,0.001,19.42692567743278,36.98720549227648,17.2948197846778,17.222389088261302,21.638731256283386,True,False,Wales
1078729,Batista Mendy,8302,Sevilla,ESP-La Liga,2.0,32.2,0.0,0.0,1.3,0.3,0.02,0.07,2.0,0.0,0.06,0.9,0.3,0.3,0.3,6.68,0.0,9.0,0.9,1.8,0.5,1422,19,Midfielder,0.574468085106383,0.3333333333333333,0.062111801242236,0.25,0.0333333333333333,0.3333333333333333,0.0777777777777777,0.0155555555555555,7.132352941176471,33.529411764705884,30.496323529411764,42.72058823529412,21.603078697513,True,False,France
1017401,Roberto Piccoli,8535,Fiorentina,ITA-Serie A,0.0,7.4,0.0,0.0,0.3,0.2,0.02,0.38,1.6,0.0,0.17,0.3,1.1,0.0,0.4,6.39,0.0,8.0,3.0,0.6,0.5,1037,21,Attacker,0.36,0.3333333333333333,0.0,0.3125,0.025,0.3666666666666667,0.1266666666666666,0.019,8.325830862849118,70.74124928485985,17.35550917979924,26.26016149165236,21.49142808557596,True,False,Italy
1030646,Gennaro Borrelli,8529,Cagliari,ITA-Serie A,0.6,11.6,1.0,0.0,1.4,0.3,0.03,0.19,3.5,1.0,0.26,0.3,0.5,0.2,0.2,6.45,0.0,10.0,1.9,1.3,0.5,1033,22,Attacker,0.3137254901960785,0.1874999999999999,0.0517241379310344,0.1428571428571428,0.03,0.2631578947368421,0.1,0.0259090909090909,12.132352941176473,54.92647058823529,17.75735294117647,18.98529411764705,21.289083075661274,True,False,Italy
958640,Akor Adams,8302,Sevilla,ESP-La Liga,0.2,9.1,1.0,0.0,1.2,0.3,0.02,0.56,1.4,2.0,0.44,0.0,1.6,0.1,0.6,6.64,0.0,5.0,3.0,0.4,0.6,1226,19,Attacker,0.2222222222222222,0.0,0.0219780219780219,0.4285714285714286,0.06,0.5333333333333333,0.1866666666666666,0.0193103448275862,11.043909606282831,64.04682217714672,17.38333463358818,18.484162895927607,21.279159976302367,True,False,Nigeria
1296413,Henrik Meister,6479,Pisa,ITA-Serie A,0.1,5.3,1.0,0.0,0.4,0.1,0.01,0.25,1.5,0.0,0.15,0.0,0.5,0.0,0.4,6.17,0.0,2.0,1.2,0.2,0.7,1231,20,Attacker,0.1176470588235294,0.0,0.0188679245283018,0.4666666666666666,0.05,0.4166666666666667,0.2083333333333333,0.0096153846153846,8.169117647058824,75.28676470588236,24.540441176470587,15.235294117647056,21.226234794032944,True,False,Denmark
601145,Habibou Mouhamadou Diallo,8550,Metz,FRA-Ligue 1,0.6,7.9,0.0,0.0,1.3,0.3,0.02,0.39,1.5,1.0,0.28,0.1,0.8,0.1,0.3,6.61,0.0,6.0,2.0,0.4,0.7,1285,15,Attacker,0.25,0.2,0.0759493670886075,0.4666666666666666,0.0499999999999999,0.4,0.195,0.0190243902439024,6.838235294117647,83.03676470588235,26.801470588235293,14.50735294117647,20.876520123107376,True,False,Senegal
873827,Ander Guevara,9866,Alavés,ESP-La Liga,2.4,35.1,1.0,0.0,1.9,0.6,0.03,0.04,1.8,1.0,0.0,0.6,0.1,0.2,0.1,6.6,0.0,12.0,0.6,2.3,0.4,1945,33,Midfielder,0.6170212765957447,0.2068965517241379,0.0683760683760683,0.2222222222222222,0.0499999999999999,0.1666666666666666,0.0666666666666666,0.0171428571428571,11.67771883289125,17.619363395225463,30.371352785145888,38.47148541114058,20.861656138571814,False,False,Spain
1174296,Andre,8602,Wolverhampton Wanderers,ENG-Premier League,2.1,40.2,1.0,0.0,2.0,0.7,0.04,0.01,1.4,0.0,0.0,0.9,0.0,0.4,0.3,6.67,0.0,11.0,0.4,2.7,0.5,1777,24,Midfielder,0.72,0.25,0.0522388059701492,0.3571428571428571,0.0636363636363636,0.0,0.0249999999999999,0.008,17.04638009049774,6.083541374109326,38.71905393457118,58.69372497009414,20.712297989302265,True,False,Brazil
821100,Jørgen Strand Larsen,9826,Crystal Palace,ENG-Premier League,0.2,11.4,0.0,0.0,1.4,0.5,0.03,0.21,2.0,0.0,0.17,0.2,0.6,0.0,0.0,6.18,0.0,0.0,1.5,0.0,0.0,1585,24,Attacker,0.0909090909090909,1.0,0.0175438596491228,0.0,0.0,0.3999999999999999,0.1399999999999999,0.02625,12.683322931294532,76.27106412856921,10.83625890674572,18.8880805637905,20.678416331864284,True,False,Norway
1419969,Rodrigo Mendoza,9906,Atlético de Madrid,ESP-La Liga,1.9,40.5,0.0,0.0,0.7,0.9,0.09,0.07,2.1,0.0,0.0,0.0,0.0,0.0,0.4,6.51,0.0,0.0,1.2,1.3,0.0,901,18,Midfielder,0.3823529411764705,0.0,0.0469135802469135,0.0,0.0,0.0,0.0583333333333333,0.039375,14.470588235294116,16.419117647058822,29.669117647058822,27.330882352941178,20.29505336480355,True,False,Spain
388903,Haris Tabakovic,9788,Borussia Mönchengladbach,GER-Bundesliga,0.1,12.6,0.0,0.0,2.2,0.5,0.03,0.59,1.7,2.0,0.58,0.0,1.1,0.2,0.3,6.8,0.0,10.0,2.6,0.2,0.3,1539,21,Attacker,0.1052631578947368,0.0,0.0079365079365079,0.1764705882352941,0.05,0.4230769230769231,0.2269230769230769,0.0285483870967741,11.066176470588236,93.19117647058825,15.183823529411764,10.07720588235294,20.02425140805612,True,False,Bosnia and Herzegovina
1355574,Giovane Nascimento,9875,Napoli,ITA-Serie A,0.6,14.7,0.0,0.0,0.0,1.8,0.1,0.18,1.3,5.0,0.0,0.0,0.0,0.0,0.0,6.61,0.0,31.0,2.7,0.0,1.8,1610,25,Attacker,0.0,0.0,0.0408163265306122,1.3846153846153846,0.0580645161290322,0.0,0.0666666666666666,0.0642857142857142,37.01470588235294,28.066176470588232,63.125,1.1286764705882353,19.639134562256,True,False,Brazil
670928,Giuseppe Pezzella,7801,Cremonese,ITA-Serie A,0.6,16.4,0.0,0.0,3.6,1.5,0.09,0.01,1.5,1.0,0.0,0.4,0.0,0.6,0.2,6.69,0.0,18.0,0.2,1.5,0.4,1574,19,Midfielder,0.5588235294117647,0.2105263157894737,0.0365853658536585,0.2666666666666666,0.0833333333333333,0.0,0.0499999999999999,0.009,35.59558823529412,7.13235294117647,16.94852941176471,27.8125,18.83033601382845,True,False,Italy
812549,Marius Marin,6479,Pisa,ITA-Serie A,1.8,19.8,0.0,0.0,1.6,0.5,0.04,0.01,2.3,0.0,0.0,0.6,0.0,0.3,0.4,6.43,0.0,1.0,0.2,3.0,0.1,1031,19,Midfielder,0.6101694915254237,0.1666666666666666,0.0909090909090909,0.0434782608695652,0.5,0.0,0.0499999999999999,0.008,35.625,7.13235294117647,10.459558823529411,48.90808823529412,18.68913268998844,True,False,Romania
793255,Florentino,8191,Burnley,ENG-Premier League,2.0,38.0,0.0,0.0,2.6,0.4,0.02,0.03,1.7,2.0,0.0,1.6,0.1,0.4,0.1,6.78,0.0,9.0,0.5,4.3,0.3,1587,22,Midfielder,0.7763157894736842,0.2711864406779661,0.0526315789473684,0.1764705882352941,0.0444444444444444,0.2,0.06,0.0119999999999999,7.99264705882353,13.977941176470589,27.316176470588232,54.36029411764706,18.337044116212088,True,False,Portugal
821100,Jørgen Strand Larsen,8602,Wolverhampton Wanderers,ENG-Premier League,0.0,0.0,1.0,0.0,0.0,0.0,0.0,0.0,0.0,1.0,0.0,0.0,0.0,0.3,0.2,0.0,0.0,7.0,0.0,0.3,0.3,1585,24,Attacker,1.0,0.0,0.0,0.0,0.0,0.0,0.0,0.001,14.511754303843556,32.87400530503979,9.255376553804544,28.706708014770896,18.23577948271952,True,False,Norway
1392232,Marc Aguado,10268,Elche,ESP-La Liga,0.7,43.3,0.0,0.0,1.6,0.4,0.02,0.0,0.7,1.0,0.0,1.8,0.0,0.8,0.3,6.84,0.0,3.0,0.1,2.0,0.0,1589,23,Midfielder,0.8444444444444444,0.4736842105263158,0.0161662817551963,0.0,0.1333333333333333,0.0,0.0,0.001,27.78676470588235,3.2500000000000004,22.00367647058824,64.96323529411765,18.166847772811977,True,False,Spain
1097009,Oliver Sørensen,10167,Parma,ITA-Serie A,0.9,21.8,0.0,0.0,1.6,0.3,0.02,0.1,0.7,0.0,0.06,1.0,0.2,0.1,0.1,6.46,0.0,7.0,0.9,1.0,0.1,1475,24,Midfielder,0.7407407407407407,0.5,0.0412844036697247,0.1428571428571428,0.0428571428571428,0.2222222222222222,0.1111111111111111,0.0166666666666666,6.639705882352941,38.875,14.650735294117649,41.33455882352941,18.1463703365021,True,False,Denmark
883823,Elisha Owusu,8583,Auxerre,FRA-Ligue 1,1.2,28.2,0.0,0.0,1.8,0.4,0.03,0.0,1.7,0.0,0.0,1.3,0.0,0.4,0.6,6.76,0.0,6.0,0.2,2.6,0.4,1269,17,Midfielder,0.6964285714285714,0.3333333333333333,0.0425531914893617,0.2352941176470588,0.0666666666666666,0.0,0.0,0.001,11.354904561294012,8.455349248452697,22.68492874603422,66.67042440318302,17.867300145915824,True,False,Ghana
561869,Haris Belkebla,8121,Angers,FRA-Ligue 1,1.1,37.3,0.0,0.0,1.3,0.3,0.02,0.01,0.7,0.0,0.0,0.9,0.0,0.4,0.2,6.96,0.0,10.0,0.2,2.3,0.7,1843,21,Midfielder,0.8205128205128206,0.28125,0.0294906166219839,1.0,0.03,0.0,0.0499999999999999,0.0066666666666666,8.581226920476412,6.306626098715348,46.16564596660945,58.603968377802055,17.76966421168488,True,False,Algeria
1209987,Warren Bondo,7801,Cremonese,ITA-Serie A,1.4,32.2,0.0,0.0,0.4,0.3,0.02,0.01,2.1,0.0,0.0,0.5,0.0,0.2,0.1,6.48,0.0,3.0,0.3,1.6,0.8,1396,20,Midfielder,0.5,0.238095238095238,0.0434782608695652,0.3809523809523809,0.0999999999999999,0.0,0.0333333333333333,0.0066666666666666,19.602941176470583,4.9485294117647065,38.52941176470588,25.636029411764707,17.3593578884863,True,False,France
1536998,Alpha Toure,8550,Metz,FRA-Ligue 1,0.6,36.7,0.0,0.0,1.6,0.3,0.02,0.04,1.5,1.0,0.0,0.6,0.1,0.3,0.1,6.54,0.0,6.0,0.9,2.5,0.7,1029,22,Midfielder,0.673913043478261,0.1935483870967742,0.0163487738419618,0.4666666666666666,0.0499999999999999,0.1111111111111111,0.0444444444444444,0.0133333333333333,6.838235294117647,10.397058823529411,42.97794117647059,40.11764705882352,17.12731675742972,True,False,Senegal
523193,Josh Laurent,8191,Burnley,ENG-Premier League,0.9,26.5,0.0,0.0,2.6,0.3,0.02,0.04,1.4,0.0,0.07,1.5,0.2,0.5,0.1,6.33,0.0,6.0,0.8,2.4,0.2,1262,23,Midfielder,0.7358490566037736,0.3846153846153846,0.0339622641509433,0.1428571428571428,0.0499999999999999,0.25,0.0499999999999999,0.0133333333333333,6.838235294117647,19.27941176470588,18.363970588235293,53.375,17.108655504072768,True,False,England
1419969,Rodrigo Mendoza,10268,Elche,ESP-La Liga,0.0,0.0,1.0,0.0,0.0,0.0,0.0,0.0,0.0,0.0,0.1,0.4,0.2,0.0,0.0,0.0,0.0,10.0,0.0,0.0,1.5,901,18,Midfielder,1.0,1.0,0.0,0.0,0.0,0.0,0.0,0.001,9.264705882352942,9.676470588235295,22.92279411764705,40.50367647058823,15.777729780248569,True,False,Spain
613334,M'Bala Nzola,7943,Sassuolo,ITA-Serie A,0.5,12.7,0.0,0.0,0.6,0.5,0.04,0.46,1.6,0.0,0.0,0.0,0.0,0.0,0.0,6.49,0.0,0.0,2.4,0.4,1.2,1091,18,Attacker,0.2,0.0,0.0393700787401574,0.7499999999999999,0.0,0.0,0.1916666666666666,0.0368,5.8014705882352935,58.39705882352941,45.3125,3.3529411764705883,15.480994804156106,True,False,Angola
940446,Brian Brobbey,8472,Sunderland,ENG-Premier League,0.1,8.4,1.0,0.0,0.6,0.3,0.02,0.21,1.1,1.0,0.4,0.0,0.8,0.3,0.2,6.55,0.0,6.0,1.6,0.6,0.1,1131,21,Attacker,0.3529411764705882,0.0,0.0119047619047619,0.0909090909090909,0.0499999999999999,0.5,0.1312499999999999,0.0182608695652173,9.823529411764705,77.55882352941177,6.599264705882353,9.772058823529411,14.892210621785656,True,False,Netherlands
1187767,Urko González,8558,Espanyol,ESP-La Liga,0.7,27.9,0.0,0.0,2.2,0.4,0.02,0.03,1.1,1.0,0.0,1.2,0.1,0.4,0.3,6.61,0.0,7.0,0.7,2.1,0.2,1465,23,Midfielder,0.7499999999999999,0.3636363636363636,0.025089605734767,0.1818181818181818,0.0571428571428571,0.1428571428571428,0.0428571428571428,0.0119999999999999,11.236789410724503,7.5713319810682895,13.964216986529358,39.795437405731526,13.842245533758158,True,False,Spain
887703,Wilson Isidor,8472,Sunderland,ENG-Premier League,0.0,5.2,0.0,0.0,1.2,0.1,0.01,0.32,1.2,0.0,0.36,0.0,1.2,0.1,0.3,6.31,0.0,0.0,3.2,0.7,0.5,1011,23,Attacker,0.3684210526315789,0.0,0.0,0.4166666666666667,0.0,0.3749999999999999,0.0999999999999999,0.0096969696969696,2.4485294117647056,69.02941176470588,19.28308823529412,15.297794117647058,13.634840129955077,True,False,Haiti
1396089,Matteo Prati,9804,Torino,ITA-Serie A,2.7,31.3,0.0,0.0,3.1,0.5,0.04,0.07,1.3,0.0,0.0,0.0,0.0,0.5,0.0,6.55,0.0,0.0,1.4,1.7,0.0,1347,22,Midfielder,0.5666666666666667,0.0,0.0862619808306709,0.0,0.0,0.0,0.05,0.0254545454545454,5.8014705882352935,15.205882352941174,19.926470588235293,23.536764705882355,13.297539337425642,True,False,Italy
1355574,Giovane Nascimento,9876,Verona,ITA-Serie A,0.0,0.0,6.0,0.0,0.6,0.0,0.0,0.0,0.0,0.0,0.17,0.3,1.4,0.1,0.7,0.0,0.0,0.0,0.0,0.7,0.0,1610,25,Attacker,1.0,0.3,0.0,0.0,0.0,0.0,0.0,0.001,17.294117647058822,12.838235294117649,1.323529411764706,63.875,10.96466676527147,True,False,Brazil
613334,M'Bala Nzola,6479,Pisa,ITA-Serie A,0.0,0.0,0.0,0.0,0.0,0.0,0.0,0.0,0.0,0.0,0.25,0.1,0.6,0.1,0.7,0.0,0.0,15.0,0.0,0.0,0.0,1091,18,Attacker,1.0,1.0,0.0,0.0,0.0,0.0,0.0,0.001,10.647058823529411,15.36764705882353,1.323529411764706,67.11397058823529,10.014210735913249,True,False,Angola
1396089,Matteo Prati,8529,Cagliari,ITA-Serie A,0.0,0.0,4.0,0.0,0.0,0.0,0.0,0.0,0.0,0.0,0.07,1.0,0.1,0.0,0.2,0.0,0.0,8.0,0.0,0.0,0.1,1347,22,Midfielder,1.0,1.0,0.0,0.0,0.0,0.0,0.0,0.001,16.33823529411765,7.558823529411764,2.2058823529411766,44.3125,9.97185448800243,True,False,Italy
439148,Morten Thorsby,10233,Genoa,ITA-Serie A,0.0,0.0,3.0,0.0,0.0,0.0,0.0,0.0,0.0,1.0,0.0,0.3,0.0,0.0,0.0,0.0,0.0,0.0,0.0,0.0,0.0,911,15,Midfielder,1.0,1.0,0.0,0.0,0.0,0.0,0.0,0.001,11.294117647058822,3.2500000000000004,1.323529411764706,40.50367647058823,6.248256083506873,True,False,Norway
844437,Amine Gouiri,9851,Rennes,FRA-Ligue 1,0.4,0.0,0.0,0.0,0.3,0.0,0.0,0.0,0.0,0.0,0.0,0.0,0.0,0.0,0.0,0.0,0.0,0.0,0.0,0.6,0.0,2088,33,Attacker,1.0,0.0,0.0,0.0,0.0,0.0,0.0,0.001,2.095490716180372,4.655172413793103,3.216180371352786,30.21220159151194,4.855581398790155,False,False,Algeria
1530314,Geovany Quenda,9768,Sporting Lisbon,POR-Liga Portugal,1.9,31.2,3.0,0.0,1.1,2.1,0.28,0.2,0.5,4.0,0.14,0.5,0.7,0.0,0.7,7.1,0.0,15.0,1.8,1.6,1.6,661,13,Attacker,0.8076923076923077,0.238095238095238,0.0608974358974358,3.2,0.14,0.3888888888888888,0.1111111111111111,0.1166666666666666,78.28081266287039,66.8473224135587,82.84164121452136,66.85838367548003,73.95387756205554,True,True,Portugal
784510,Federico Chiesa,8650,Liverpool,ENG-Premier League,0.4,24.5,2.0,0.0,2.5,0.5,0.18,0.44,2.8,1.0,0.71,1.4,1.1,0.7,0.0,0.0,0.0,2.0,4.6,2.8,0.7,253,20,Attacker,0.6,0.3333333333333333,0.0163265306122449,0.25,0.25,0.2391304347826087,0.0956521739130434,0.1277419354838709,53.97024321630708,51.90620395825399,40.93357699243683,31.805945596925884,44.8717199429617,True,True,Italy
963964,Harvey Elliott,10252,Aston Villa,ENG-Premier League,0.0,0.0,0.0,0.0,0.0,0.1,0.0,0.0,0.0,0.0,0.0,0.0,0.0,0.0,0.0,0.0,0.0,1.0,0.0,0.0,0.0,110,5,Midfielder,0.0,0.0,0.0,0.0,0.1,0.0,0.0,0.001,23.43877682334396,9.871464504159691,6.207908395800492,7.236053123807607,10.70810335794126,True,True,England
