player_id,player,team_id,team,league,accurate_long_balls,accurate_pass,big_chance_created,clean_sheet,effective_clearance,expected_assists,expected_assists_per_90,expected_goals_per_90,fouls,goal_assist,goals_per_90,interception,ontarget_scoring_att,outfielder_block,poss_won_att_3rd,rating,saves,total_att_assist,total_scoring_att,total_tackle,won_contest,minutes_played,matches_played,position,clean_defend_rate,interception_share,progressive_pass_share,carry_to_foul_ratio,shot_accuracy,xg_per_shot,finishing,link_play,box_presence,press_leadership,composite_score,has_primary_season,is_manual_add,nationality
1297165,Bradley Barcola,9847,Paris Saint-Germain,FRA-Ligue 1,0.9,32.5,6.0,0.0,0.3,3.1,0.25,0.6,1.1,1.0,0.58,0.6,1.8,0.1,1.2,7.42,0.0,26.0,3.7,1.7,2.2,1084,19,Attacker,0.676470588235294,0.2608695652173913,0.0276923076923076,2.0,0.4864864864864864,0.1621621621621621,87.9586751284041,86.9059001219377,86.89543842146104,80.78164837601153,85.95234030820033,True,False,France
860914,Luis Diaz,9823,Bayern München,GER-Bundesliga,1.6,40.4,11.0,0.0,0.1,5.5,0.28,0.59,1.1,10.0,0.67,0.5,1.5,0.1,1.0,8.06,0.0,46.0,3.2,0.7,2.5,1750,21,Attacker,0.5217391304347826,0.4166666666666667,0.0396039603960396,2.2727272727272725,0.46875,0.1843749999999999,84.57511177622585,92.03883069134982,82.18767320696153,66.79705686730962,81.81231543099543,True,False,Colombia
701154,Kylian Mbappé,8633,Real Madrid,ESP-La Liga,1.0,30.3,8.0,0.0,0.0,5.4,0.25,0.95,0.4,4.0,1.07,0.1,2.3,0.0,0.9,8.38,0.0,53.0,5.1,0.1,2.9,1936,22,Attacker,0.3333333333333333,0.5,0.033003300330033,7.249999999999999,0.4509803921568627,0.1862745098039215,91.01771791745188,92.96433322248087,91.84767948860066,49.074312714776646,81.05032575058028,True,False,France
688295,Christian Pulisic,8564,Milan,ITA-Serie A,0.4,31.7,5.0,0.0,0.8,2.1,0.21,0.59,0.8,2.0,0.8,0.3,1.8,0.1,0.7,7.26,0.0,23.0,3.1,1.0,1.3,900,18,Attacker,0.6190476190476191,0.2307692307692307,0.0126182965299684,1.625,0.5806451612903226,0.1903225806451612,88.17987196541405,81.54329712153124,80.58031260392418,61.98097956619739,78.7892252880895,True,False,USA
1029063,Michael Olise,9823,Bayern München,GER-Bundesliga,0.9,50.3,21.0,0.0,0.3,12.4,0.69,0.44,1.3,16.0,0.56,0.6,2.0,0.0,0.9,8.18,0.0,55.0,3.7,1.1,2.3,1613,21,Attacker,0.5666666666666668,0.3529411764705882,0.0178926441351888,1.769230769230769,0.5405405405405405,0.1189189189189189,71.97883179987436,98.07705631304732,72.75149650814764,75.23447603739423,78.66782748583518,True,False,France
950473,Mason Greenwood,8592,Marseille,FRA-Ligue 1,3.3,40.0,9.0,0.0,0.1,4.1,0.22,0.57,0.7,4.0,0.76,0.2,1.6,0.0,0.5,7.71,0.0,40.0,3.9,0.4,1.9,1651,21,Attacker,0.4615384615384615,0.3333333333333333,0.0824999999999999,2.7142857142857144,0.4102564102564103,0.1461538461538461,80.77229520008866,90.1154251191664,82.66202933894986,51.3445248124746,76.26123860117816,True,False,England
194165,Harry Kane,9823,Bayern München,GER-Bundesliga,3.3,23.7,14.0,0.0,1.4,3.3,0.17,1.03,0.9,5.0,1.32,0.3,2.5,0.2,0.4,8.28,0.0,31.0,4.3,0.7,1.2,1768,22,Attacker,0.5263157894736842,0.3,0.1392405063291139,1.3333333333333333,0.5813953488372093,0.2395348837209302,95.97346931234527,73.26123304881203,95.52853526955624,41.54946328936186,75.78971563765217,True,False,England
696679,Raphinha,8634,Barcelona,ESP-La Liga,1.6,34.6,9.0,0.0,0.6,4.5,0.43,0.62,0.7,3.0,0.77,0.2,1.1,0.0,0.5,7.81,0.0,31.0,4.2,0.9,1.3,936,15,Attacker,0.6111111111111112,0.1818181818181818,0.0462427745664739,1.8571428571428568,0.2619047619047619,0.1476190476190476,74.91191848649447,89.25527934818757,80.3322802350072,57.91886062151277,75.6502347199767,True,False,Brazil
974753,Julián Álvarez,9906,Atlético de Madrid,ESP-La Liga,1.0,25.7,9.0,0.0,0.2,4.3,0.23,0.37,0.7,3.0,0.38,0.1,1.2,0.0,0.8,7.12,0.0,43.0,2.5,0.8,1.2,1677,24,Attacker,0.5625,0.1111111111111111,0.0389105058365758,1.7142857142857144,0.48,0.148,77.29005006835901,80.71236559139784,74.09816908694528,55.168172412518935,72.27060399408673,True,False,Argentina
846033,Vinicius Junior,8633,Real Madrid,ESP-La Liga,1.4,31.2,6.0,0.0,0.1,3.1,0.16,0.43,1.1,5.0,0.41,0.1,1.4,0.0,0.7,7.65,0.0,42.0,3.2,1.2,2.7,1768,23,Attacker,0.5416666666666666,0.0769230769230769,0.0448717948717948,2.4545454545454546,0.4374999999999999,0.134375,68.5990328123268,90.6482097328456,73.67286516646344,56.91178915862986,72.12777635277624,True,False,Brazil
1735453,Yan Diomande,178475,RB Leipzig,GER-Bundesliga,1.1,34.6,5.0,0.0,0.5,4.5,0.28,0.28,0.6,4.0,0.5,0.7,1.2,0.1,0.6,7.59,0.0,33.0,2.1,1.2,4.6,1449,21,Attacker,0.76,0.3684210526315789,0.0317919075144508,7.666666666666666,0.5714285714285714,0.1333333333333333,69.08266129032258,95.0100806451613,58.93145161290323,70.02016129032259,72.09158029688236,True,False,Ivory Coast
696263,Romain Del Castillo,8521,Brest,FRA-Ligue 1,0.9,25.8,7.0,0.0,0.7,4.0,0.22,0.39,1.2,2.0,0.38,0.9,0.5,0.1,0.9,7.35,0.0,43.0,1.2,2.4,1.1,1641,20,Attacker,0.7333333333333333,0.2727272727272727,0.0348837209302325,0.9166666666666669,0.4166666666666667,0.325,77.23296105383734,82.3669539592802,51.11124967668034,84.05304289990023,71.99774097487646,True,False,France
1613676,Said El Mala,8722,1. FC Köln,GER-Bundesliga,0.2,14.0,4.0,0.0,0.2,1.4,0.12,0.52,0.7,2.0,0.61,0.3,1.6,0.0,1.0,6.8,0.0,10.0,3.8,1.4,2.6,1041,22,Attacker,0.7083333333333334,0.1764705882352941,0.0142857142857142,3.714285714285715,0.4210526315789474,0.1368421052631579,77.72177419354838,51.6633064516129,80.14112903225808,81.63306451612904,71.41598743303418,True,False,Germany
1467236,Lamine Yamal,8634,Barcelona,ESP-La Liga,1.2,44.4,21.0,0.0,0.2,8.3,0.44,0.48,1.0,8.0,0.53,0.4,1.5,0.0,0.8,8.41,0.0,58.0,4.6,1.7,5.5,1688,20,Attacker,0.6774193548387097,0.1904761904761904,0.027027027027027,5.5,0.3260869565217391,0.1043478260869565,53.34335624284078,98.9150315929498,67.5967187673207,78.39753538040868,71.33153345288517,True,False,Spain
923312,Bryan Mbeumo,10260,Manchester United,ENG-Premier League,0.6,23.6,3.0,0.0,0.3,3.8,0.19,0.36,0.7,2.0,0.45,0.2,1.4,0.0,0.8,7.3,0.0,32.0,2.6,0.8,0.6,1810,21,Attacker,0.5882352941176471,0.2,0.0254237288135593,0.8571428571428572,0.5384615384615384,0.1384615384615384,73.33458042345639,73.08860344381628,67.31561541588147,68.28211026124228,70.70423072265461,True,False,Cameroon
690107,Alexander Isak,10261,Newcastle United,ENG-Premier League,0.5,16.5,11.0,0.0,0.6,3.6,0.12,0.66,0.9,6.0,0.75,0.1,1.5,0.1,0.6,7.4,0.0,42.0,3.2,0.4,1.4,2769,34,Attacker,0.3571428571428571,0.2,0.0303030303030303,1.5555555555555554,0.46875,0.20625,91.85567010309278,62.80068728522336,90.53264604810995,40.14604810996564,70.52656852239939,False,False,Sweden
844437,Amine Gouiri,8592,Marseille,FRA-Ligue 1,0.0,23.0,7.0,0.0,0.0,3.3,0.14,0.51,1.3,5.0,0.56,0.1,1.8,0.0,1.0,7.01,0.0,34.0,3.5,0.0,1.1,2088,33,Attacker,0.0714285714285714,1.0,0.0,0.8461538461538461,0.5142857142857143,0.1457142857142857,82.63745704467354,65.72164948453609,82.4742268041237,49.218213058419245,70.32098228741754,False,False,Algeria
961995,Bukayo Saka,9825,Arsenal,ENG-Premier League,0.5,24.6,9.0,0.0,0.5,5.2,0.29,0.34,1.2,3.0,0.27,0.5,1.2,0.0,1.0,7.52,0.0,44.0,2.8,1.6,2.4,1642,23,Attacker,0.6363636363636365,0.238095238095238,0.0203252032520325,2.0,0.4285714285714286,0.1214285714285714,53.84655710748992,91.68341000628163,64.16514244540515,79.33405387429332,69.44432989545678,True,False,England
784246,Daniel Raba,7854,Leganés,ESP-La Liga,1.0,19.0,12.0,0.0,0.8,4.6,0.22,0.36,1.9,6.0,0.38,0.7,0.8,0.1,0.8,7.3,0.0,47.0,2.1,1.8,2.2,1890,29,Attacker,0.5681818181818181,0.2799999999999999,0.0526315789473684,1.1578947368421053,0.3809523809523809,0.1714285714285714,66.96735395189003,80.71305841924399,56.97594501718213,70.63573883161513,68.11184986235976,False,False,Spain
479020,Ayoze Pérez,10205,Villarreal,ESP-La Liga,0.5,14.0,5.0,0.0,0.5,1.9,0.09,0.58,1.0,2.0,0.86,0.4,1.4,0.0,0.5,7.36,0.0,32.0,3.4,1.2,1.5,1977,30,Attacker,0.6153846153846154,0.25,0.0357142857142857,1.5,0.4117647058823529,0.1705882352941176,83.33333333333333,53.39347079037801,83.90034364261169,52.2852233676976,68.03531388973991,False,False,Spain
939569,Jonathan David,9885,Juventus,ITA-Serie A,0.2,21.9,4.0,0.0,0.2,1.3,0.09,0.52,1.3,4.0,0.35,0.3,1.0,0.0,0.9,6.79,0.0,27.0,2.2,0.7,0.3,1296,24,Attacker,0.4347826086956522,0.3,0.0091324200913242,0.2307692307692307,0.4545454545454545,0.2363636363636363,84.27516350737169,52.63366958578132,75.40073162620551,58.91625558881129,67.82920252979766,True,False,Canada
1084981,Noni Madueke,8455,Chelsea,ENG-Premier League,0.6,22.0,6.0,0.0,0.4,3.2,0.14,0.42,1.0,3.0,0.31,0.4,1.4,0.0,0.8,7.18,0.0,32.0,3.5,1.1,2.0,2046,32,Attacker,0.6,0.2666666666666666,0.0272727272727272,2.0,0.3999999999999999,0.12,60.28350515463918,71.69243986254295,72.42268041237114,68.07560137457045,67.52970226279388,False,False,England
690230,Lautaro Martinez,8636,Internazionale,ITA-Serie A,0.8,19.3,11.0,0.0,0.8,2.0,0.09,0.54,1.9,4.0,0.66,0.2,1.5,0.0,1.1,7.47,0.0,32.0,3.9,0.9,0.9,1905,25,Attacker,0.3666666666666667,0.1818181818181818,0.0414507772020725,0.4736842105263158,0.3846153846153846,0.1384615384615384,71.83756420204708,58.76265565532277,78.33739792336401,60.28685382256217,67.40896245011228,True,False,Argentina
881771,Ferran Torres,8634,Barcelona,ESP-La Liga,0.3,14.5,3.0,0.0,0.3,1.3,0.09,0.75,0.6,1.0,0.79,0.2,1.7,0.1,0.6,7.22,0.0,17.0,3.5,0.3,0.3,1370,22,Attacker,0.4545454545454545,0.4,0.0206896551724137,0.5,0.4857142857142857,0.2142857142857142,92.00776890958134,42.17439400657725,91.38962790525812,51.6089079185604,67.32536611237353,True,False,Spain
953812,Sofiane Diop,9831,Nice,FRA-Ligue 1,2.2,29.9,4.0,0.0,0.3,2.9,0.18,0.35,1.1,2.0,0.45,0.8,0.8,0.1,0.7,7.09,0.0,21.0,2.7,0.6,1.3,1414,21,Attacker,0.5599999999999999,0.5714285714285715,0.0735785953177257,1.1818181818181817,0.2962962962962963,0.1296296296296296,67.26247552008277,74.5177918190888,58.81230831762924,66.01781029449802,66.48078328986104,True,False,Morocco
1408580,Joaquin Panichelli,9848,Strasbourg,FRA-Ligue 1,0.1,14.2,5.0,0.0,1.2,1.3,0.06,0.58,1.7,1.0,0.58,0.6,1.2,0.4,0.8,7.27,0.0,22.0,2.4,1.2,0.5,1854,22,Attacker,0.5142857142857142,0.3333333333333333,0.0070422535211267,0.2941176470588235,0.5,0.2416666666666666,92.7116935483871,37.19758064516129,78.83064516129032,66.6633064516129,66.33155341511426,True,False,Argentina
678234,Mikel Oyarzabal,8560,Real Sociedad,ESP-La Liga,0.5,16.9,9.0,0.0,0.9,2.7,0.13,0.53,0.7,3.0,0.5,0.1,1.3,0.1,0.8,7.38,0.0,30.0,3.0,0.9,1.1,1804,21,Attacker,0.5882352941176471,0.1,0.029585798816568,1.5714285714285716,0.4333333333333333,0.1766666666666666,80.12600229095075,51.74119184864944,73.22044858293611,59.01472952000887,66.06041994103536,True,False,Spain
947901,Jonathan Burkardt,9905,1. FSV Mainz 05,GER-Bundesliga,0.8,15.5,4.0,0.0,0.6,2.7,0.11,0.63,1.0,2.0,0.76,0.0,1.3,0.0,1.0,7.21,0.0,20.0,3.1,0.6,0.7,2120,29,Attacker,0.3749999999999999,0.0,0.0516129032258064,0.7,0.4193548387096774,0.2032258064516129,87.15635738831615,40.59278350515464,86.97594501718214,56.24570446735395,65.92795286189158,False,False,Germany
1209399,Abdessamad Ezzalzouli,8603,Real Betis,ESP-La Liga,0.6,26.1,7.0,0.0,0.6,1.5,0.11,0.41,1.4,4.0,0.39,0.8,1.0,0.0,1.3,7.67,0.0,16.0,3.3,2.4,1.7,1143,15,Attacker,0.6956521739130436,0.25,0.0229885057471264,1.2142857142857144,0.303030303030303,0.1242424242424242,54.1572442079592,66.94552987473672,66.22071647636996,82.8272225917304,65.37481178416866,True,False,Morocco
1314412,Romulo Cruz,178475,RB Leipzig,GER-Bundesliga,0.5,17.8,4.0,0.0,1.5,1.7,0.11,0.53,0.5,3.0,0.4,0.3,1.0,0.2,0.6,7.2,0.0,17.0,2.3,1.1,0.5,1350,18,Attacker,0.736842105263158,0.2142857142857142,0.0280898876404494,1.0,0.4347826086956522,0.2304347826086956,83.03427419354838,44.75806451612903,72.27822580645162,64.19354838709677,65.2747459218771,True,False,Brazil
1197030,Hugo Ekitike,8650,Liverpool,ENG-Premier League,0.1,15.2,2.0,0.0,1.4,2.0,0.12,0.51,1.7,2.0,0.59,0.1,1.0,0.1,0.7,7.03,0.0,16.0,3.4,0.5,1.8,1520,23,Attacker,0.2608695652173913,0.1666666666666666,0.006578947368421,1.0588235294117647,0.2941176470588235,0.15,75.01528840113808,62.40323504415623,79.85510660311127,41.68186269075859,64.70112145221245,True,False,France
292462,Mohamed Salah,8650,Liverpool,ENG-Premier League,0.6,22.7,9.0,0.0,0.4,3.6,0.21,0.36,0.5,6.0,0.23,0.2,0.8,0.1,0.8,7.09,0.0,41.0,2.9,0.3,0.7,1537,18,Attacker,0.5,0.4,0.026431718061674,1.4,0.2758620689655172,0.1241379310344827,59.22807430809593,76.78403170380226,67.4321028710786,54.86011805786498,64.29009021219949,True,False,Egypt
1021382,Joao Pedro,8455,Chelsea,ENG-Premier League,0.5,19.1,5.0,0.0,1.1,1.7,0.08,0.42,1.2,4.0,0.47,0.2,0.9,0.2,0.5,7.21,0.0,24.0,2.1,0.9,1.2,1900,26,Attacker,0.4782608695652174,0.1818181818181818,0.0261780104712041,1.0,0.4285714285714285,0.1999999999999999,77.56288567416767,61.20972360787792,63.99484536082474,51.06910264937369,64.0868884141213,True,False,Brazil
1037539,Pavel Sulc,9748,Lyon,FRA-Ligue 1,0.4,16.3,4.0,0.0,0.7,1.5,0.11,0.55,1.8,3.0,0.73,0.5,1.1,0.0,0.4,7.28,0.0,14.0,2.6,1.4,1.0,1230,20,Attacker,0.5135135135135135,0.2631578947368421,0.0245398773006134,0.5555555555555556,0.4230769230769231,0.2115384615384615,87.6008064516129,47.58064516129032,77.86290322580646,45.49395161290322,64.05210301005772,True,False,Czechia
325916,Paulo Dybala,8686,Roma,ITA-Serie A,2.0,36.1,4.0,0.0,0.1,3.1,0.27,0.36,0.9,2.0,0.17,0.2,1.2,0.0,0.9,6.93,0.0,40.0,3.1,0.6,0.9,1056,17,Attacker,0.4705882352941176,0.25,0.0554016620498614,1.0,0.3870967741935484,0.1161290322580645,50.809985034918526,81.69098492406607,66.51156560617818,63.77595794996861,64.04481035456834,True,False,Argentina
150565,Pierre-Emerick Aubameyang,8592,Marseille,FRA-Ligue 1,0.4,17.6,8.0,0.0,0.5,3.1,0.23,0.56,1.1,5.0,0.46,0.3,1.4,0.0,0.4,7.04,0.0,18.0,2.4,0.5,0.4,1186,19,Attacker,0.4210526315789473,0.3749999999999999,0.0227272727272727,0.3636363636363636,0.5833333333333334,0.2333333333333333,91.4717741935484,52.26814516129032,80.7258064516129,35.100806451612904,63.64465255870841,True,False,Gabon
442728,Tim Kleindienst,9788,Borussia Mönchengladbach,GER-Bundesliga,0.4,14.8,11.0,0.0,2.1,4.0,0.13,0.44,2.5,7.0,0.53,0.4,1.3,0.3,0.7,7.26,0.0,29.0,2.5,1.0,0.5,2741,31,Attacker,0.358974358974359,0.2857142857142857,0.027027027027027,0.2,0.52,0.176,83.90893470790378,44.63058419243986,76.80412371134021,51.52061855670102,63.57596390524174,False,False,Germany
933576,Antoine Semenyo,8456,Manchester City,ENG-Premier League,0.0,19.2,5.0,0.0,0.9,2.2,0.09,0.33,1.9,4.0,0.52,0.4,1.3,0.0,0.7,7.38,0.0,29.0,2.4,1.3,1.4,2247,25,Attacker,0.4722222222222222,0.2352941176470588,0.0,0.7368421052631579,0.5416666666666667,0.1375,61.67458799837416,69.01119609799356,62.135480175885895,61.75971344640285,63.56788103204208,True,False,Ghana
863098,Matheus Cunha,10260,Manchester United,ENG-Premier League,0.9,26.1,3.0,0.0,0.7,2.2,0.12,0.29,0.7,2.0,0.33,0.7,1.3,0.1,0.9,7.17,0.0,23.0,3.4,1.4,1.7,1634,23,Attacker,0.7499999999999999,0.3333333333333333,0.0344827586206896,2.428571428571429,0.3823529411764706,0.0852941176470588,47.45940028821639,77.92858330562022,60.86039980785574,79.56384177659537,63.39393618817543,True,False,Brazil
621562,Marcus Thuram,8636,Internazionale,ITA-Serie A,0.3,17.4,3.0,0.0,0.2,1.6,0.12,0.43,2.2,3.0,0.53,0.0,1.5,0.1,0.8,7.17,0.0,21.0,3.5,1.1,1.1,1193,19,Attacker,0.3333333333333333,0.0,0.0172413793103448,0.5,0.4285714285714285,0.1228571428571428,72.09035398884085,58.79579592062965,71.94176551010605,48.99916398773232,63.38444950294331,True,False,France
940087,Goncalo Ramos,9847,Paris Saint-Germain,FRA-Ligue 1,0.2,18.4,1.0,0.0,0.3,0.5,0.05,0.62,1.8,0.0,0.4,0.3,2.0,0.0,0.7,6.7,0.0,10.0,4.1,0.9,0.9,911,21,Attacker,0.3999999999999999,0.25,0.0108695652173913,0.5,0.4878048780487805,0.1512195121951219,87.27596256882089,34.938499981524586,90.66243579795294,52.6917978420722,63.35777352662627,True,False,Portugal
1087966,Evann Guessand,9831,Nice,FRA-Ligue 1,0.1,14.5,12.0,0.0,0.5,5.3,0.19,0.32,1.6,8.0,0.42,0.5,0.9,0.1,0.8,7.31,0.0,32.0,2.2,1.5,1.7,2572,33,Attacker,0.5555555555555556,0.25,0.0068965517241379,1.0625,0.409090909090909,0.1454545454545454,63.91752577319588,64.39003436426117,56.71821305841925,68.26460481099656,62.97387268356289,False,False,Ivory Coast
1134206,Mohamed Amoura,8721,VfL Wolfsburg,GER-Bundesliga,0.8,16.0,5.0,0.0,0.8,1.5,0.1,0.5,1.0,2.0,0.56,0.3,1.0,0.1,0.6,7.03,0.0,21.0,3.2,1.9,0.6,1292,19,Attacker,0.6875,0.1363636363636363,0.05,0.6,0.3125,0.15625,65.82822950153344,51.93287421941397,69.53515870376528,65.07870524332114,62.751358970992136,True,False,Algeria
1117069,Georges Mikautadze,10205,Villarreal,ESP-La Liga,0.7,11.4,6.0,0.0,0.3,1.9,0.14,0.44,0.7,4.0,0.61,0.2,1.5,0.1,0.2,7.05,0.0,14.0,2.7,0.1,1.2,1181,19,Attacker,0.3,0.6666666666666666,0.0614035087719298,1.7142857142857144,0.5555555555555555,0.1629629629629629,85.72848538595129,51.88784040941507,81.79216088386359,35.16741030188819,62.533097629106805,True,False,Georgia
661519,Deniz Undav,10269,VfB Stuttgart,GER-Bundesliga,0.6,17.0,4.0,0.0,0.3,1.7,0.11,0.62,1.4,3.0,0.8,0.3,1.9,0.0,0.7,7.34,0.0,19.0,5.1,0.8,0.2,1357,18,Attacker,0.44,0.2727272727272727,0.0352941176470588,0.1428571428571428,0.3725490196078431,0.1215686274509804,75.03780530613754,46.855023463769726,79.69681853453054,49.18666629715849,62.230429855096816,True,False,Germany
848844,Rafael Leao,8564,Milan,ITA-Serie A,0.7,22.8,6.0,0.0,0.5,1.9,0.14,0.43,1.1,2.0,0.61,0.2,1.4,0.0,0.5,7.15,0.0,10.0,2.7,0.3,1.0,1172,18,Attacker,0.3125,0.4,0.0307017543859649,0.9090909090909092,0.5185185185185185,0.1592592592592592,73.1537061670916,65.65305952776855,70.29726933451576,39.13431160625208,62.20578801988626,True,False,Portugal
93447,Robert Lewandowski,8634,Barcelona,ESP-La Liga,0.3,13.7,3.0,0.0,0.8,0.8,0.08,0.96,1.0,1.0,0.96,0.2,2.1,0.0,0.8,6.97,0.0,9.0,4.3,0.3,0.8,935,19,Attacker,0.3333333333333333,0.4,0.0218978102189781,0.8,0.4883720930232558,0.2232558139534883,93.95092007537968,30.854741713778964,96.28695081846064,45.16791837564202,61.80998863563114,True,False,Poland
1219540,Fisnik Asllani,8226,TSG 1899 Hoffenheim,GER-Bundesliga,0.3,16.9,6.0,0.0,0.9,2.7,0.17,0.36,0.9,4.0,0.44,0.3,1.1,0.0,1.1,7.17,0.0,24.0,2.9,0.6,0.6,1433,21,Attacker,0.5,0.3333333333333333,0.0177514792899408,0.6666666666666666,0.3793103448275862,0.1241379310344827,60.372983870967744,56.703629032258064,64.55645161290323,67.31854838709678,61.768544411963695,True,False,Kosovo
400625,Vincenzo Grifo,8358,Sport-Club Freiburg,GER-Bundesliga,3.6,36.1,8.0,0.0,1.3,3.0,0.26,0.4,0.6,1.0,0.51,0.5,0.5,0.1,0.3,6.87,0.0,28.0,1.6,0.4,0.7,1057,22,Attacker,0.6,0.5555555555555556,0.0997229916897507,1.1666666666666667,0.3125,0.25,66.92310534678343,79.5376759782729,53.414994642131326,47.86673687322175,61.76445468891504,True,False,Italy
965764,Iliman Ndiaye,8668,Everton,ENG-Premier League,0.2,25.0,5.0,0.0,0.5,3.7,0.19,0.24,1.1,2.0,0.26,0.5,0.7,0.1,0.8,7.27,0.0,20.0,1.4,2.5,1.9,1708,20,Attacker,0.7317073170731708,0.1666666666666666,0.008,1.727272727272727,0.5,0.1714285714285714,61.052590252374095,69.33797989875475,45.13694897091971,76.04372205594353,61.066038549065325,True,False,Senegal
575735,Nicolas Pépé,10205,Villarreal,ESP-La Liga,0.4,27.3,8.0,0.0,1.2,3.9,0.24,0.35,1.0,4.0,0.19,0.7,0.8,0.0,0.8,7.18,0.0,34.0,2.4,1.6,2.3,1433,23,Attacker,0.6969696969696969,0.3043478260869565,0.0146520146520146,2.3,0.3333333333333333,0.1458333333333333,46.55320455973099,87.42448176477109,53.54977275246646,67.63327698333518,60.81554951499936,True,False,Ivory Coast
1021586,Gabriel Martinelli,9825,Arsenal,ENG-Premier League,0.4,18.2,7.0,0.0,0.6,4.7,0.18,0.29,0.6,4.0,0.31,0.2,1.0,0.0,0.7,7.01,0.0,40.0,2.2,0.9,1.3,2300,33,Attacker,0.6470588235294118,0.1818181818181818,0.0219780219780219,2.166666666666667,0.4545454545454545,0.1318181818181818,58.79725085910652,68.12714776632302,56.32302405498282,60.96219931271477,60.78840865210563,False,False,Brazil
666857,Yoane Wissa,9937,Brentford,ENG-Premier League,0.5,13.7,3.0,0.0,0.6,1.8,0.06,0.57,1.0,4.0,0.58,0.2,1.3,0.2,0.6,7.27,0.0,28.0,2.8,0.7,0.5,2927,35,Attacker,0.4736842105263157,0.2222222222222222,0.0364963503649635,0.5,0.4642857142857143,0.2035714285714285,88.58247422680411,34.49312714776632,85.20618556701032,45.74742268041237,60.71955660861522,False,False,DR Congo
1197347,Nicolas Jackson,8455,Chelsea,ENG-Premier League,0.2,12.0,6.0,0.0,0.6,1.9,0.08,0.5,1.4,5.0,0.4,0.1,1.4,0.1,0.8,7.05,0.0,28.0,3.1,0.9,0.7,2238,30,Attacker,0.4166666666666667,0.1,0.0166666666666666,0.5,0.4516129032258064,0.1612903225806451,76.03951890034365,37.97250859106529,80.63573883161511,53.46219931271478,60.453352057700265,False,False,Senegal
1095445,Arnaud Kalimuendo-Muinga,9851,Rennes,FRA-Ligue 1,0.7,16.5,5.0,0.0,0.6,2.1,0.07,0.52,1.0,3.0,0.59,0.1,1.3,0.1,0.6,6.85,0.0,19.0,2.6,0.7,0.7,2589,33,Attacker,0.4444444444444445,0.125,0.0424242424242424,0.7,0.5,0.2,89.39862542955325,35.99656357388316,82.97250859106529,43.1958762886598,60.43472162045756,False,False,France
696365,Marcus Rashford,8634,Barcelona,ESP-La Liga,0.9,33.5,5.0,0.0,0.9,3.5,0.25,0.41,0.4,6.0,0.29,0.1,1.5,0.1,0.6,7.27,0.0,33.0,4.5,0.5,1.4,1250,21,Attacker,0.6,0.1666666666666666,0.026865671641791,3.5,0.3333333333333333,0.0911111111111111,52.50866034807671,81.3784040941507,63.43647230536157,47.40351217529468,60.17878756597764,True,False,England
1305618,Maghnes Akliouche,9829,Monaco,FRA-Ligue 1,1.7,34.9,7.0,0.0,0.6,3.5,0.19,0.26,0.9,2.0,0.22,0.7,0.6,0.1,1.2,7.15,0.0,26.0,1.8,1.7,0.8,1657,21,Attacker,0.7272727272727273,0.2916666666666667,0.0487106017191977,0.888888888888889,0.3333333333333333,0.1444444444444444,46.0831901489118,79.80256715811255,46.39489339688874,86.89051934375347,60.11446691873354,True,False,France
704523,Christopher Nkunku,8564,Milan,ITA-Serie A,0.7,18.0,2.0,0.0,0.6,0.7,0.07,0.66,0.6,2.0,0.48,0.1,1.0,0.0,0.5,6.91,0.0,9.0,1.9,0.4,0.4,946,19,Attacker,0.4545454545454545,0.2,0.0388888888888888,0.6666666666666667,0.5263157894736842,0.3473684210526316,88.22534456638215,36.82945811624728,72.38051029080295,49.03925562576211,60.01240413423255,True,False,France
1124825,Tim Lemperle,8226,TSG 1899 Hoffenheim,GER-Bundesliga,0.3,16.6,2.0,0.0,1.3,1.6,0.11,0.36,2.6,2.0,0.42,0.3,1.0,0.1,1.2,7.13,0.0,19.0,2.4,1.1,0.6,1291,18,Attacker,0.35,0.2142857142857142,0.0180722891566265,0.2307692307692307,0.4166666666666667,0.15,68.20564516129032,46.52217741935484,63.04435483870967,63.50806451612904,59.91539562553333,True,False,Germany
388523,André Silva,10268,Elche,ESP-La Liga,0.2,20.4,1.0,0.0,0.9,0.8,0.07,0.47,1.2,0.0,0.44,0.2,1.1,0.1,0.5,6.8,0.0,18.0,2.6,0.4,1.1,1026,18,Attacker,0.3333333333333333,0.3333333333333333,0.0098039215686274,0.9166666666666669,0.4230769230769231,0.1807692307692307,78.30645161290323,53.07459677419354,74.31451612903226,34.929435483870975,59.67159770537705,True,False,Portugal
966146,Zuriko Davitashvili,9853,St Etienne,FRA-Ligue 1,0.4,23.3,9.0,0.0,0.5,5.6,0.18,0.27,0.7,8.0,0.29,0.5,0.9,0.0,0.8,7.15,0.0,53.0,2.3,0.8,1.6,2761,33,Attacker,0.65,0.3846153846153846,0.0171673819742489,2.285714285714286,0.391304347826087,0.1173913043478261,48.41924398625429,79.3384879725086,50.42955326460483,70.00859106529208,59.57690374068547,False,False,Georgia
661761,Riccardo Orsolini,9857,Bologna,ITA-Serie A,1.9,16.7,1.0,0.0,0.4,0.8,0.05,0.37,0.9,1.0,0.45,0.3,1.4,0.0,0.3,7.02,0.0,17.0,3.2,0.7,1.6,1390,23,Attacker,0.5263157894736842,0.3,0.1137724550898203,1.777777777777778,0.4374999999999999,0.1156249999999999,66.69364076414293,54.67427853526956,70.8330100136718,42.934841850497,58.99184658710464,True,False,Italy
737066,Erling Haaland,8456,Manchester City,ENG-Premier League,0.2,7.4,7.0,0.0,1.3,1.8,0.07,0.85,0.7,6.0,0.92,0.1,2.0,0.0,0.5,7.71,0.0,19.0,3.9,0.5,0.4,2148,26,Attacker,0.4615384615384615,0.1666666666666666,0.027027027027027,0.5714285714285715,0.5128205128205129,0.2179487179487179,95.7072848538595,28.18181188338322,94.72975095148358,39.462781288105525,58.902654030261,True,False,Norway
593129,Pere Milla,8558,Espanyol,ESP-La Liga,0.8,17.4,4.0,0.0,0.7,2.0,0.12,0.34,1.0,0.0,0.36,0.7,1.0,0.2,0.8,6.91,0.0,28.0,2.8,1.5,0.4,1520,22,Attacker,0.6875,0.3181818181818181,0.0459770114942528,0.4,0.3571428571428571,0.1214285714285714,53.346774193548384,51.96572580645161,59.435483870967744,78.85080645161291,58.87546862250226,True,False,Spain
448540,Serhou Guirassy,9789,Borussia Dortmund,GER-Bundesliga,0.3,16.9,1.0,0.0,1.5,2.7,0.15,0.6,1.7,1.0,0.6,0.0,1.4,0.1,0.5,7.33,0.0,15.0,3.1,0.1,0.6,1642,21,Attacker,0.0555555555555555,0.0,0.0177514792899408,0.3529411764705882,0.4516129032258064,0.1935483870967742,89.1518863392824,45.10320825481284,87.15848206037765,26.921257805860403,58.84201056488618,True,False,Guinea
364520,Domenico Berardi,7943,Sassuolo,ITA-Serie A,1.9,23.7,3.0,0.0,1.2,1.9,0.14,0.31,1.8,3.0,0.39,1.0,0.9,0.0,0.5,7.26,0.0,19.0,2.0,1.3,0.5,1156,15,Attacker,0.5609756097560976,0.4347826086956522,0.080168776371308,0.2777777777777778,0.45,0.155,67.16733870967742,56.4516129032258,56.59274193548387,53.16532258064516,58.80068775041735,True,False,Italy
183353,Kike Garcia,8558,Espanyol,ESP-La Liga,0.2,12.6,3.0,0.0,1.1,2.1,0.2,0.46,2.0,1.0,0.39,0.3,1.5,0.1,0.9,6.59,0.0,15.0,3.3,0.7,0.8,935,23,Attacker,0.3333333333333333,0.3,0.0158730158730158,0.4,0.4545454545454546,0.1393939393939394,72.81579093226914,39.96635166093929,73.24303477072017,51.219677234600745,58.50193727514571,True,False,Spain
1083796,Kevin Schade,9937,Brentford,ENG-Premier League,0.2,11.7,7.0,0.0,1.1,1.7,0.08,0.42,1.6,3.0,0.29,0.8,1.0,0.1,0.4,6.98,0.0,23.0,2.0,1.4,0.7,1865,23,Attacker,0.5789473684210527,0.3636363636363636,0.017094017094017,0.4374999999999999,0.5,0.21,73.96359882496397,40.7620644422274,65.20540036211801,55.34872334922218,58.27226058013291,True,False,Germany
184138,Antoine Griezmann,9906,Atlético de Madrid,ESP-La Liga,2.2,38.1,13.0,0.0,0.8,6.5,0.24,0.27,0.4,7.0,0.29,0.2,0.7,0.0,0.7,7.18,0.0,48.0,1.8,1.1,0.5,2482,38,Attacker,0.7647058823529411,0.1538461538461538,0.0577427821522309,1.25,0.3888888888888888,0.15,53.8573883161512,75.08591065292096,45.24054982817869,65.10309278350516,58.19229598460704,False,False,France
923196,Lassine Sinayoko,8583,Auxerre,FRA-Ligue 1,0.5,19.0,5.0,0.0,0.5,2.3,0.12,0.35,0.8,3.0,0.3,0.9,1.0,0.0,0.9,7.07,0.0,26.0,2.7,1.2,1.2,1805,21,Attacker,0.7241379310344827,0.4285714285714285,0.0263157894736842,1.4999999999999998,0.3703703703703703,0.1296296296296296,47.77997173262387,64.93690647747847,55.24410634445553,72.27568543768244,58.11210368393661,True,False,Mali
1203665,Alejandro Garnacho,10260,Manchester United,ENG-Premier League,0.7,25.6,4.0,0.0,0.4,2.8,0.11,0.3,0.5,2.0,0.25,0.5,1.2,0.0,0.9,6.72,0.0,37.0,3.4,1.2,1.1,2195,36,Attacker,0.7727272727272726,0.2941176470588235,0.0273437499999999,2.2,0.3529411764705882,0.088235294117647,40.28350515463917,66.49484536082474,59.50171821305842,82.44845360824743,58.09035766327344,False,False,Argentina
674014,David Brooks,8678,Bournemouth,ENG-Premier League,0.8,25.1,6.0,0.0,1.1,2.7,0.25,0.42,1.0,2.0,0.09,0.3,1.1,0.0,0.6,6.78,0.0,20.0,3.7,1.4,1.4,955,21,Attacker,0.6296296296296295,0.1764705882352941,0.0318725099601593,1.4,0.2972972972972973,0.1135135135135135,41.33147655470569,72.69022743228763,61.26210139304586,67.25940398329823,57.88977457891072,True,False,Wales
1202110,Nico Williams,8315,Athletic Club,ESP-La Liga,0.3,23.8,5.0,0.0,0.5,4.3,0.3,0.31,1.2,2.0,0.27,0.4,0.9,0.0,1.2,6.99,0.0,27.0,2.5,0.8,3.2,1316,19,Attacker,0.5,0.3333333333333333,0.0126050420168067,2.666666666666667,0.36,0.124,42.85791486531426,86.03478457672837,49.34061264457008,66.76119147914126,57.74093078497462,True,False,Spain
833638,Nikola Krstovic,8524,Atalanta,ITA-Serie A,0.6,18.0,3.0,0.0,0.6,1.3,0.12,0.72,1.9,4.0,0.65,0.2,1.8,0.3,1.4,7.05,0.0,13.0,5.2,0.6,0.7,976,21,Attacker,0.2962962962962963,0.25,0.0333333333333333,0.3684210526315789,0.3461538461538461,0.1384615384615384,65.12895835642759,41.896223626353326,76.0834903743118,49.74148283634483,57.45691606067254,True,False,Montenegro
906937,Anthony Gordon,10261,Newcastle United,ENG-Premier League,1.0,22.9,5.0,0.0,0.6,3.1,0.21,0.38,0.8,2.0,0.21,0.1,0.8,0.0,0.5,6.94,0.0,21.0,2.3,1.0,1.8,1315,20,Attacker,0.5789473684210527,0.0909090909090909,0.0436681222707423,2.25,0.3478260869565218,0.1652173913043478,52.03753741270369,77.91645881831282,55.17200605993423,47.36859365184939,57.32315882368793,True,False,England
1106563,Nick Woltemade,10261,Newcastle United,ENG-Premier League,0.3,11.5,2.0,0.0,1.1,0.8,0.05,0.4,1.0,2.0,0.44,0.2,0.8,0.1,0.4,6.67,0.0,11.0,1.9,1.0,0.6,1426,23,Attacker,0.5454545454545454,0.1666666666666666,0.0260869565217391,0.6,0.4210526315789474,0.2105263157894737,81.9232670066142,40.01311754055353,68.75845249972288,41.15873147840225,57.121117610684536,True,False,Germany
969870,Adam Hlozek,8226,TSG 1899 Hoffenheim,GER-Bundesliga,0.7,16.4,7.0,0.0,0.9,3.2,0.15,0.27,0.7,3.0,0.38,0.2,1.2,0.0,0.7,7.01,0.0,22.0,2.8,1.1,1.6,1874,27,Attacker,0.65,0.1538461538461538,0.0426829268292682,2.285714285714286,0.4285714285714286,0.0964285714285714,52.053264604811,57.13058419243986,59.27835051546392,62.45704467353952,57.081039261701605,False,False,Czechia
1079892,Rayan Philippe,9790,Hamburger SV,GER-Bundesliga,0.5,11.1,2.0,0.0,0.7,1.3,0.12,0.4,1.5,0.0,0.45,0.2,1.3,0.0,0.4,6.7,0.0,14.0,2.8,1.4,1.0,1008,19,Attacker,0.5161290322580645,0.125,0.045045045045045,0.6666666666666666,0.4642857142857143,0.1428571428571428,73.44758064516128,41.98588709677419,73.28629032258064,41.91532258064517,57.05573824277599,True,False,France
887704,Keito Nakamura,9837,Reims,FRA-Ligue 1,0.9,18.6,5.0,0.0,0.6,3.4,0.11,0.31,1.0,2.0,0.37,0.4,1.1,0.0,0.8,6.92,0.0,25.0,2.8,0.8,1.0,2661,32,Attacker,0.5454545454545455,0.3333333333333333,0.0483870967741935,1.0,0.3928571428571429,0.1107142857142857,54.13230240549828,52.53436426116839,60.36082474226804,63.52233676975945,57.00617537174319,False,False,Japan
1444231,Matias Fernandez-Pardo,8639,Lille,FRA-Ligue 1,0.7,22.1,3.0,0.0,0.2,2.7,0.19,0.26,0.6,3.0,0.2,0.2,1.2,0.1,0.8,7.08,0.0,23.0,2.5,0.9,1.2,1320,17,Attacker,0.6470588235294118,0.1818181818181818,0.0316742081447963,2.0,0.48,0.104,50.38117078668292,66.98444370542806,52.92904519085098,60.683613235783184,56.84755188203121,True,False,Belgium
1175708,Ansgar Knauff,9810,Eintracht Frankfurt,GER-Bundesliga,0.1,15.9,4.0,0.0,0.6,1.4,0.13,0.3,1.8,1.0,0.36,0.6,1.2,0.0,0.6,6.72,0.0,16.0,2.3,0.9,0.8,1004,20,Attacker,0.4545454545454546,0.3999999999999999,0.0062893081761006,0.4444444444444445,0.5217391304347826,0.1304347826086956,60.2829739866238,56.10612275061893,55.168310978088165,54.658805380039176,56.78915601093063,True,False,Germany
1156569,Sebastian Nanasi,9848,Strasbourg,FRA-Ligue 1,0.6,26.2,12.0,0.0,0.7,4.7,0.2,0.27,0.4,4.0,0.25,0.3,0.5,0.1,0.4,7.02,0.0,37.0,1.2,0.8,0.8,2122,31,Attacker,0.7333333333333334,0.2727272727272727,0.0229007633587786,2.0,0.4166666666666667,0.225,61.38316151202749,70.96219931271477,47.11340206185567,45.73024054982818,56.16921523763804,False,False,Sweden
637746,Odsonne Edouard,8588,Lens,FRA-Ligue 1,0.3,11.6,3.0,0.0,1.5,1.3,0.1,0.51,1.2,3.0,0.63,0.1,1.3,0.2,0.4,7.09,0.0,11.0,2.3,0.7,0.9,1136,18,Attacker,0.3999999999999999,0.125,0.0258620689655172,0.75,0.5652173913043479,0.2217391304347826,92.11693548387096,35.28225806451613,77.33870967741936,31.92540322580645,56.11997207636736,True,False,France
1392779,Etta Eyong,8581,Levante,ESP-La Liga,0.4,10.0,3.0,0.0,0.9,1.6,0.09,0.43,1.4,3.0,0.35,0.2,1.0,0.0,1.0,6.79,0.0,12.0,2.4,1.6,0.6,1532,22,Attacker,0.5625,0.1111111111111111,0.04,0.4285714285714286,0.4166666666666667,0.1791666666666666,72.14717741935485,27.973790322580648,68.20564516129032,71.09879032258065,55.97333129077786,True,False,Cameroon
1302005,Igor Thiago,9937,Brentford,ENG-Premier League,0.3,12.0,4.0,0.0,1.7,1.2,0.05,0.6,1.9,1.0,0.69,0.2,1.4,0.1,0.4,7.18,0.0,14.0,2.5,0.9,0.8,2204,26,Attacker,0.3666666666666667,0.1818181818181818,0.0249999999999999,0.4210526315789474,0.5599999999999999,0.24,96.0483870967742,31.3508064516129,82.96370967741936,30.79637096774194,55.74823875774958,True,False,Brazil
760359,Harvey Barnes,10261,Newcastle United,ENG-Premier League,0.4,20.4,3.0,0.0,0.8,2.0,0.13,0.37,0.8,0.0,0.33,0.1,1.0,0.0,0.5,6.68,0.0,15.0,2.8,0.7,0.7,1382,25,Attacker,0.4999999999999999,0.125,0.0196078431372549,0.8749999999999999,0.3571428571428571,0.1321428571428571,57.33991057901932,58.23910874625873,64.10856150463734,42.318409821527545,55.70262469167404,True,False,England
113836,Danny Welbeck,10204,Brighton and Hove Albion,ENG-Premier League,0.2,15.3,1.0,0.0,1.1,0.7,0.05,0.52,1.3,0.0,0.5,0.3,0.9,0.0,0.5,6.66,0.0,13.0,2.1,1.0,0.4,1453,25,Attacker,0.5,0.2307692307692307,0.0130718954248366,0.3076923076923077,0.4285714285714285,0.2476190476190476,80.90201566714703,30.586732808631712,67.91532719949747,50.82044673539519,55.33128037683597,True,False,England
1398377,Lucas Stassin,9853,St Etienne,FRA-Ligue 1,0.4,17.3,7.0,0.0,0.4,3.1,0.15,0.38,1.5,4.0,0.58,0.1,1.1,0.0,0.4,6.92,0.0,18.0,2.1,0.8,1.0,1867,28,Attacker,0.375,0.1111111111111111,0.0231213872832369,0.6666666666666666,0.5238095238095238,0.1809523809523809,83.20446735395188,49.31271477663231,66.61512027491409,27.41408934707904,55.305928813383225,False,False,Belgium
527103,Breel Embolo,9851,Rennes,FRA-Ligue 1,0.2,12.3,2.0,0.0,0.7,1.1,0.08,0.34,2.3,2.0,0.41,0.3,0.8,0.2,0.6,6.88,0.0,13.0,1.6,1.0,0.7,1316,19,Attacker,0.3611111111111111,0.2307692307692307,0.016260162601626,0.3043478260869565,0.5,0.2125,75.2589559546244,39.78910320363596,61.88740161844586,45.41500387983594,55.23939683445447,True,False,Switzerland
574629,Alex Berenguer,8315,Athletic Club,ESP-La Liga,0.9,25.1,6.0,0.0,0.7,4.0,0.25,0.2,1.0,2.0,0.12,0.5,1.0,0.0,0.9,6.74,0.0,34.0,1.9,1.1,1.2,1457,20,Attacker,0.6153846153846154,0.3125,0.0358565737051792,1.2,0.5263157894736842,0.1052631578947368,41.538839929054426,79.55465026050327,43.017727155156486,73.15091176144551,55.202470672858745,True,False,Spain
1103837,Issa Soumaré,9746,Le Havre,FRA-Ligue 1,0.8,14.8,6.0,0.0,1.4,2.2,0.1,0.5,1.8,2.0,0.29,0.3,0.9,0.2,0.6,7.11,0.0,18.0,2.4,1.0,1.0,1869,22,Attacker,0.4193548387096774,0.2307692307692307,0.054054054054054,0.5555555555555556,0.375,0.2083333333333333,59.61490318885564,47.35351309906515,57.8547740457451,55.568996415770606,55.08023888161521,True,False,Senegal
797901,Jorge de Frutos,8370,Rayo Vallecano,ESP-La Liga,0.2,11.7,1.0,0.0,0.5,2.0,0.12,0.32,1.4,1.0,0.41,0.2,0.9,0.0,0.7,6.95,0.0,19.0,1.9,1.2,0.9,1521,21,Attacker,0.5,0.1428571428571428,0.017094017094017,0.6428571428571429,0.4736842105263158,0.1684210526315789,61.33353194398256,47.5107850201382,51.36334663562798,61.24852196726158,55.02878130012305,True,False,Spain
561164,Lucas Boye,9866,Alavés,ESP-La Liga,0.3,14.8,3.0,0.0,0.7,0.9,0.06,0.34,2.4,1.0,0.33,0.3,0.8,0.2,1.3,6.66,0.0,18.0,2.7,1.6,1.9,1353,18,Attacker,0.4418604651162791,0.1578947368421052,0.0202702702702702,0.7916666666666666,0.2962962962962963,0.1259259259259259,50.625,50.65524193548387,54.71774193548387,69.60685483870967,55.02094600920356,True,False,Argentina
772193,Ragnar Ache,8722,1. FC Köln,GER-Bundesliga,0.2,10.7,4.0,0.0,2.3,0.9,0.07,0.58,1.1,3.0,0.33,0.2,1.2,0.2,0.4,6.85,0.0,20.0,2.9,0.7,0.6,1103,21,Attacker,0.4499999999999999,0.2222222222222222,0.0186915887850467,0.5454545454545454,0.4137931034482758,0.1999999999999999,77.2883064516129,33.87096774193548,82.01612903225808,35.675403225806456,54.68140106508556,True,False,Germany
806552,Cody Gakpo,8650,Liverpool,ENG-Premier League,0.7,22.7,8.0,0.0,0.8,4.1,0.21,0.27,1.3,3.0,0.26,0.4,0.6,0.1,0.6,7.28,0.0,38.0,2.8,0.8,1.3,1747,24,Attacker,0.4800000000000001,0.3333333333333333,0.0308370044052863,1.0,0.2142857142857143,0.0964285714285714,43.87101393045856,77.9352806414662,49.12269519269852,55.64924897461479,54.63855883330746,True,False,Netherlands
873270,Anastasios Douvikas,10171,Como,ITA-Serie A,0.5,11.6,2.0,0.0,0.5,1.3,0.09,0.5,1.2,0.0,0.54,0.2,1.3,0.2,0.3,6.73,0.0,17.0,2.7,0.7,0.6,1338,25,Attacker,0.4285714285714286,0.2222222222222222,0.043103448275862,0.5,0.4814814814814814,0.1851851851851851,85.4133064516129,35.685483870967744,79.63709677419357,29.54637096774194,54.57079010611328,True,False,Greece
1265963,Igor Paixao,8592,Marseille,FRA-Ligue 1,0.8,26.1,1.0,0.0,0.8,1.0,0.08,0.28,1.0,2.0,0.31,0.8,1.0,0.1,0.6,6.95,0.0,11.0,2.5,1.1,1.3,1165,19,Attacker,0.6551724137931034,0.4210526315789473,0.0306513409961685,1.3,0.4,0.112,49.33467741935484,54.939516129032256,52.37903225806451,64.41532258064515,54.26303742500035,True,False,Brazil
724368,Keinan Davis,8600,Udinese,ITA-Serie A,0.3,13.3,4.0,0.0,0.8,1.4,0.08,0.43,1.9,3.0,0.42,0.0,0.9,0.0,0.8,6.94,0.0,21.0,2.2,0.6,1.6,1503,22,Attacker,0.24,0.0,0.0225563909774436,0.8421052631578948,0.409090909090909,0.1954545454545454,61.79380057643277,50.31165705945386,59.06154158814618,43.985445996378814,54.22363424408261,True,False,Jamaica
609505,Borja Iglesias,9910,Celta de Vigo,ESP-La Liga,0.8,16.7,3.0,0.0,1.0,1.3,0.09,0.54,1.8,2.0,0.68,0.0,1.2,0.3,0.5,6.96,0.0,16.0,2.4,0.3,0.6,1323,22,Attacker,0.1428571428571428,0.0,0.0479041916167664,0.3333333333333333,0.5,0.225,90.78769907253448,37.53371762184532,76.90416805232236,25.42608912537413,54.144815851511794,True,False,Spain
523825,Jarrod Bowen,8654,West Ham United,ENG-Premier League,0.4,15.7,5.0,0.0,0.9,2.5,0.1,0.22,0.5,3.0,0.31,0.7,0.9,0.1,0.6,7.07,0.0,18.0,2.4,1.2,1.5,2329,26,Attacker,0.7916666666666666,0.3684210526315789,0.0254777070063694,3.0,0.375,0.0916666666666666,44.33407696855485,60.47821287366515,46.83603998078558,74.60587333259431,53.90396160968277,True,False,England
982677,Folarin Balogun,9829,Monaco,FRA-Ligue 1,0.2,12.5,6.0,0.0,0.3,1.0,0.07,0.44,1.7,3.0,0.29,0.2,1.2,0.1,0.9,6.81,0.0,13.0,3.0,0.4,0.8,1249,18,Attacker,0.2608695652173913,0.3333333333333333,0.016,0.4705882352941177,0.3999999999999999,0.1466666666666666,64.21370967741936,33.46774193548387,74.59677419354838,49.203629032258064,53.70619321387524,True,False,USA
540097,Patrik Schick,8178,Bayer 04 Leverkusen,GER-Bundesliga,0.3,15.5,3.0,0.0,1.1,2.1,0.16,0.64,0.8,2.0,0.53,0.1,1.0,0.1,0.5,7.1,0.0,5.0,2.6,0.3,0.4,1194,17,Attacker,0.3333333333333333,0.25,0.0193548387096774,0.5,0.3846153846153846,0.2461538461538461,87.42933155969405,29.919308650186604,81.80925063740162,31.31782784613679,53.56041902856092,True,False,Czechia
1050158,Fabio Silva,8306,Las Palmas,ESP-La Liga,0.4,14.4,4.0,0.0,1.2,1.8,0.09,0.42,1.9,3.0,0.48,0.2,1.2,0.0,0.5,7.09,0.0,16.0,2.3,0.6,1.0,1877,24,Attacker,0.2962962962962963,0.25,0.0277777777777777,0.5263157894736842,0.5217391304347826,0.1826086956521739,82.7233676975945,37.32817869415808,73.35051546391753,29.00343642611684,53.350481834008185,False,False,Portugal
706297,Jean-Philippe Mateta,9826,Crystal Palace,ENG-Premier League,0.5,8.0,2.0,0.0,1.9,1.2,0.06,0.56,0.8,0.0,0.38,0.2,1.2,0.2,0.5,6.72,0.0,6.0,2.5,0.4,0.7,1914,23,Attacker,0.4285714285714286,0.3333333333333333,0.0625,0.8749999999999999,0.48,0.224,83.87884288511991,25.03475686361453,77.48489635295421,43.05571721538632,53.1914713172725,True,False,France
862608,Kaoru Mitoma,10204,Brighton and Hove Albion,ENG-Premier League,0.5,23.2,3.0,0.0,0.7,2.0,0.15,0.17,1.1,1.0,0.15,0.5,0.5,0.0,0.4,6.81,0.0,22.0,1.1,0.8,1.5,1188,16,Attacker,0.5416666666666666,0.3846153846153846,0.021551724137931,1.3636363636363635,0.4545454545454545,0.1545454545454545,52.42270350663267,73.88177585633521,42.18855078889998,47.2082501939918,52.97761321056541,True,False,Japan
540088,Ollie Watkins,10252,Aston Villa,ENG-Premier League,0.1,11.0,1.0,0.0,0.5,1.1,0.05,0.43,1.0,1.0,0.38,0.2,1.0,0.0,0.6,6.86,0.0,13.0,2.4,0.7,0.9,1911,25,Attacker,0.4736842105263157,0.2222222222222222,0.009090909090909,0.9,0.4166666666666667,0.1791666666666666,77.75833240956287,28.62880131544913,73.33411853822562,42.51258637253816,52.89990560959039,True,False,England
1250253,Dango Ouattara,9937,Brentford,ENG-Premier League,0.6,11.3,5.0,0.0,2.3,1.4,0.09,0.31,1.4,1.0,0.33,1.1,0.7,0.0,0.3,6.9,0.0,12.0,2.0,0.9,1.0,1371,20,Attacker,0.5882352941176471,0.55,0.0530973451327433,0.7142857142857143,0.35,0.155,56.84377655840077,44.51291892990431,54.72808816465285,56.171110002586566,52.84228220442631,True,False,Burkina Faso
972120,Boulaye Dia,8543,Lazio,ITA-Serie A,0.8,20.3,7.0,0.0,0.7,1.5,0.06,0.29,0.9,3.0,0.37,0.2,0.8,0.0,0.5,6.76,0.0,26.0,1.6,0.9,0.7,2194,35,Attacker,0.55,0.1818181818181818,0.0394088669950738,0.7777777777777777,0.5,0.1812499999999999,70.08591065292097,44.15807560137457,51.49484536082475,44.46735395189003,52.78262050804356,False,False,Senegal
474658,Álvaro Garcia,8370,Rayo Vallecano,ESP-La Liga,0.9,15.2,10.0,0.0,1.3,3.9,0.22,0.3,0.8,4.0,0.17,0.6,0.7,0.1,0.5,6.83,0.0,29.0,1.8,1.1,0.1,1608,23,Attacker,0.68,0.3529411764705882,0.0592105263157894,0.125,0.3888888888888888,0.1666666666666666,46.464268558548575,55.75820770055058,50.219857369840746,62.82121808373055,52.668757379162734,True,False,Spain
1032811,Federico Vinas,8670,Real Oviedo,ESP-La Liga,0.6,13.8,4.0,0.0,0.6,1.6,0.11,0.29,2.0,1.0,0.21,0.5,0.7,0.1,0.4,6.83,0.0,17.0,1.7,2.3,1.8,1277,19,Attacker,0.5833333333333334,0.1785714285714285,0.0434782608695652,0.9,0.4117647058823529,0.1705882352941176,55.63508064516129,54.889112903225815,49.4758064516129,47.560483870967744,52.1823511442087,True,False,Uruguay
955411,Yann Gboho,9941,Toulouse,FRA-Ligue 1,0.6,20.3,1.0,0.0,0.0,3.6,0.18,0.2,0.6,2.0,0.3,0.4,0.6,0.0,1.1,7.32,0.0,39.0,1.7,0.4,2.8,1804,21,Attacker,0.5714285714285715,0.5,0.0295566502463054,4.666666666666667,0.3529411764705882,0.1176470588235294,42.3384325462809,78.50236023352919,35.9016923474855,68.38594206111667,52.18109739453529,True,False,Ivory Coast
823658,Valentin Castellanos,8543,Lazio,ITA-Serie A,0.3,13.5,7.0,0.0,0.9,2.6,0.1,0.52,1.4,3.0,0.38,0.2,1.5,0.1,0.5,7.16,0.0,27.0,4.1,0.5,0.6,2394,29,Attacker,0.3333333333333333,0.2857142857142857,0.0222222222222222,0.4285714285714286,0.3658536585365854,0.1268292682926829,65.33505154639175,40.12027491408935,77.93814432989691,31.28865979381444,52.16746748402864,False,False,Argentina
1183148,Emanuel Emegha,9848,Strasbourg,FRA-Ligue 1,0.1,10.6,4.0,0.0,1.2,0.7,0.03,0.65,1.4,3.0,0.55,0.0,1.4,0.2,0.8,7.24,0.0,18.0,2.4,0.2,0.3,2302,27,Attacker,0.125,0.0,0.0094339622641509,0.2142857142857143,0.5833333333333334,0.2708333333333333,94.87972508591064,18.213058419243985,84.39862542955326,41.66666666666666,51.73558217000383,False,False,Netherlands
517052,Vedat Muriqi,8661,Mallorca,ESP-La Liga,0.6,13.2,1.0,0.0,2.1,0.7,0.03,0.56,1.0,1.0,0.76,0.0,1.6,0.2,0.7,7.27,0.0,11.0,3.3,0.2,0.6,1887,23,Attacker,0.1666666666666666,0.0,0.0454545454545454,0.6,0.4848484848484849,0.1696969696969697,80.14981247459632,26.11868602889554,78.4293592728079,37.393650925618005,51.71158209541258,True,False,Kosovo
915797,Noah Okafor,8463,Leeds United,ENG-Premier League,1.3,13.3,2.0,0.0,0.8,1.0,0.07,0.3,1.1,0.0,0.28,0.7,0.6,0.0,0.5,6.78,0.0,14.0,1.8,1.4,2.3,1277,23,Attacker,0.6562499999999999,0.3333333333333333,0.0977443609022556,2.0909090909090904,0.3333333333333333,0.1666666666666666,53.59879032258065,47.63104838709677,47.41935483870968,60.34274193548387,51.68124293678813,True,False,Switzerland
1327406,Álvaro Rodriguez,10268,Elche,ESP-La Liga,0.5,15.1,6.0,0.0,1.0,2.1,0.14,0.4,1.5,4.0,0.33,0.1,1.1,0.1,0.3,6.98,0.0,26.0,3.2,0.7,1.8,1346,21,Attacker,0.3478260869565217,0.125,0.0331125827814569,1.2,0.34375,0.125,55.8366935483871,66.63306451612902,67.9233870967742,23.417338709677423,51.512270883794514,True,False,Uruguay
1164506,Tiago Tomás,8721,VfL Wolfsburg,GER-Bundesliga,0.7,15.4,4.0,0.0,0.7,1.5,0.07,0.26,1.4,1.0,0.29,0.4,1.0,0.2,0.5,6.75,0.0,20.0,2.0,1.6,1.4,1892,32,Attacker,0.5882352941176471,0.2,0.0454545454545454,1.0,0.5,0.13,57.654639175257735,43.12714776632303,52.23367697594502,52.16494845360825,51.27449220148932,False,False,Portugal
665188,Albert Gudmundsson,8535,Fiorentina,ITA-Serie A,1.3,28.4,5.0,0.0,0.6,1.8,0.1,0.24,1.6,3.0,0.24,0.1,0.6,0.1,0.6,6.79,0.0,22.0,1.6,0.2,0.9,1528,22,Attacker,0.1578947368421052,0.3333333333333333,0.0457746478873239,0.5625,0.3749999999999999,0.15,56.85717123009275,58.69533588293981,48.437165133207706,39.24149207404944,51.12463900787291,True,False,Iceland
818893,Nicolo Zaniolo,8600,Udinese,ITA-Serie A,1.0,17.5,2.0,0.0,0.0,1.7,0.11,0.26,3.1,2.0,0.33,0.3,0.9,0.0,1.3,6.91,0.0,29.0,3.1,1.1,1.4,1347,21,Attacker,0.3111111111111111,0.2142857142857142,0.0571428571428571,0.4516129032258064,0.2903225806451613,0.0838709677419354,36.612903225806456,66.48185483870968,48.40725806451613,63.95161290322581,50.95231884345812,True,False,Italy
494417,Harry Wilson,9879,Fulham,ENG-Premier League,1.3,21.5,5.0,0.0,1.5,3.7,0.17,0.2,0.5,4.0,0.37,0.5,0.9,0.0,0.3,7.16,0.0,27.0,2.5,0.9,0.5,1938,25,Attacker,0.7368421052631579,0.3571428571428571,0.0604651162790697,1.0,0.36,0.08,44.58164745224107,57.53473376935299,48.51975021246721,56.13545246277206,50.822549262970064,True,False,Wales
721089,Gianluca Scamacca,8524,Atalanta,ITA-Serie A,0.8,15.6,1.0,0.0,1.0,0.5,0.05,0.51,1.8,1.0,0.58,0.3,1.5,0.1,0.4,6.86,0.0,10.0,3.9,0.5,1.1,926,16,Attacker,0.3076923076923077,0.3749999999999999,0.0512820512820512,0.6111111111111112,0.3846153846153846,0.1307692307692307,72.16733870967741,35.181451612903224,77.66129032258064,27.681451612903224,50.707192820544975,True,False,Italy
609504,Oliver Burke,8149,1. FC Union Berlin,GER-Bundesliga,0.2,12.0,2.0,0.0,0.0,1.3,0.12,0.26,0.6,1.0,0.36,0.4,0.9,0.2,0.8,6.56,0.0,14.0,2.1,0.5,0.7,1000,20,Attacker,0.6,0.4444444444444445,0.0166666666666666,1.1666666666666667,0.4285714285714285,0.1238095238095238,55.03024193548387,39.76814516129032,47.70161290322581,65.1108870967742,50.632369137574656,True,False,Scotland
853108,Jean-Philippe Krasso,6379,Paris FC,FRA-Ligue 1,0.5,14.1,4.0,0.0,0.6,2.2,0.21,0.28,1.5,2.0,0.19,0.1,0.8,0.1,0.5,6.53,0.0,19.0,2.0,1.2,1.3,962,21,Attacker,0.4642857142857143,0.0769230769230769,0.0354609929078014,0.8666666666666667,0.4,0.14,48.78024193548388,61.64314516129033,49.83870967741936,42.358870967741936,50.55044172685584,True,False,Ivory Coast
749736,Kai Havertz,9825,Arsenal,ENG-Premier League,0.0,19.2,3.0,0.0,1.5,1.7,0.08,0.46,1.8,3.0,0.43,0.3,1.0,0.2,0.3,7.08,0.0,17.0,2.5,0.8,0.4,1874,23,Attacker,0.3793103448275862,0.2727272727272727,0.0,0.2222222222222222,0.4,0.184,75.71305841924399,35.86769759450172,71.68384879725086,27.13917525773196,50.46633540198663,False,False,Germany
844437,Amine Gouiri,8592,Marseille,FRA-Ligue 1,0.0,23.0,7.0,0.0,0.0,3.3,0.14,0.51,1.3,5.0,0.56,0.1,1.8,0.0,1.0,7.01,0.0,34.0,3.5,0.0,1.1,2088,33,Attacker,0.0714285714285714,1.0,0.0,0.8461538461538461,0.5142857142857143,0.1457142857142857,56.50916380297824,44.90263459335625,56.30011454753722,42.36254295532646,50.3184603610296,False,False,Algeria
915111,Shuto Machino,8150,Holstein Kiel,GER-Bundesliga,0.9,18.4,5.0,0.0,1.2,2.6,0.12,0.29,0.9,2.0,0.5,0.3,1.1,0.1,0.2,6.8,0.0,28.0,2.3,0.4,0.5,1962,32,Attacker,0.4374999999999999,0.4285714285714286,0.0489130434782608,0.5555555555555556,0.4782608695652174,0.1260869565217391,66.3573883161512,49.0979381443299,58.55670103092783,28.221649484536083,50.2739753796336,False,False,Japan
884919,Robin Hack,9788,Borussia Mönchengladbach,GER-Bundesliga,1.4,26.5,10.0,0.0,0.8,3.8,0.16,0.22,0.8,7.0,0.16,0.4,1.0,0.1,0.7,6.91,0.0,33.0,2.4,0.9,1.0,2188,33,Attacker,0.6190476190476191,0.3076923076923077,0.0528301886792452,1.25,0.4166666666666667,0.0916666666666666,34.95704467353952,68.51374570446735,47.06185567010309,63.00687285223368,50.124457779339565,False,False,Germany
318615,Leandro Trossard,9825,Arsenal,ENG-Premier League,1.5,25.8,4.0,0.0,0.7,2.5,0.15,0.26,0.7,5.0,0.3,0.4,0.6,0.1,0.4,7.16,0.0,28.0,2.2,1.2,0.8,1523,23,Attacker,0.6956521739130436,0.25,0.0581395348837209,1.142857142857143,0.2727272727272727,0.1181818181818181,39.663008535639065,70.79060894948823,40.53975908066364,58.27211044599638,49.78196651852762,True,False,Belgium
1199383,Ange-Yoan Bonny,10167,Parma,ITA-Serie A,0.4,15.1,7.0,0.0,0.5,2.2,0.08,0.33,0.7,4.0,0.21,0.1,0.8,0.1,0.4,6.63,0.0,30.0,2.3,1.2,1.2,2545,37,Attacker,0.65,0.0769230769230769,0.0264900662251655,1.7142857142857144,0.3478260869565218,0.1434782608695652,50.29209621993127,49.012027491408936,54.89690721649484,44.18384879725087,49.76972793700386,False,False,Ivory Coast
1171140,Jaidon Anthony,8191,Burnley,ENG-Premier League,0.8,21.4,2.0,0.0,1.0,1.7,0.09,0.17,0.9,1.0,0.32,0.5,0.7,0.3,0.9,6.86,0.0,24.0,1.6,1.6,1.1,1679,25,Attacker,0.7000000000000001,0.238095238095238,0.0373831775700934,1.2222222222222223,0.4374999999999999,0.10625,44.70766129032258,61.542338709677416,30.403225806451616,82.33870967741936,49.68883475360286,True,False,England
840241,Ermedin Demirovic,10269,VfB Stuttgart,GER-Bundesliga,0.1,12.5,5.0,0.0,0.3,1.7,0.08,0.69,1.2,1.0,0.73,0.1,1.5,0.1,0.2,6.82,0.0,18.0,3.2,0.6,0.2,1854,34,Attacker,0.3684210526315789,0.1428571428571428,0.008,0.1666666666666666,0.46875,0.2156249999999999,92.4656357388316,24.91408934707904,91.21993127147766,21.67525773195877,49.67302992120665,False,False,Bosnia and Herzegovina
471153,Ludovic Ajorque,8521,Brest,FRA-Ligue 1,1.3,16.8,2.0,0.0,1.3,1.6,0.08,0.3,2.0,7.0,0.15,0.4,0.5,0.1,0.7,7.07,0.0,29.0,1.7,0.6,0.4,1834,21,Attacker,0.3333333333333333,0.4,0.0773809523809523,0.2,0.2941176470588235,0.1764705882352941,57.90971529394376,43.87159128699701,51.38648708568895,43.9757464065329,49.62792896607625,True,False,France
184321,Callum Wilson,8654,West Ham United,ENG-Premier League,0.1,6.8,0.0,0.0,0.2,0.2,0.02,0.48,1.0,1.0,0.49,0.3,1.1,0.2,0.7,6.48,0.0,5.0,2.6,0.3,1.1,923,22,Attacker,0.3749999999999999,0.5,0.0147058823529411,1.1,0.4230769230769231,0.1846153846153846,80.18145161290323,18.296370967741936,74.63709677419355,50.372983870967744,49.601137195981416,True,False,England
1137364,Justin Njinmah,8697,SV Werder Bremen,GER-Bundesliga,0.1,14.3,1.0,0.0,0.6,0.6,0.04,0.33,0.5,0.0,0.3,0.4,1.1,0.0,0.7,6.63,0.0,8.0,2.7,1.0,0.8,1212,21,Attacker,0.7368421052631579,0.2857142857142857,0.0069930069930069,1.6,0.4074074074074074,0.1222222222222222,52.38027934818757,29.986859365184937,59.552156080257184,67.57438661641356,49.50668921676931,True,False,Germany
1251666,Ernest Poku,8178,Bayer 04 Leverkusen,GER-Bundesliga,0.4,28.1,3.0,0.0,0.7,3.3,0.26,0.22,0.2,4.0,0.4,0.5,0.6,0.0,0.2,6.93,0.0,21.0,1.8,0.9,1.3,1123,19,Attacker,0.875,0.3571428571428571,0.0142348754448398,6.5,0.3333333333333333,0.1222222222222222,46.40120967741936,79.38508064516128,35.08064516129032,45.78629032258064,49.35231144150151,True,False,Netherlands
1104053,Rayan Cherki,8456,Manchester City,ENG-Premier League,1.3,52.3,14.0,0.0,0.4,5.5,0.46,0.17,0.7,7.0,0.25,0.6,0.6,0.1,1.3,7.27,0.0,34.0,2.3,1.8,2.3,1076,21,Attacker,0.7741935483870969,0.25,0.0248565965583174,3.2857142857142856,0.2608695652173913,0.0739130434782608,30.542992277278945,96.02259080663636,31.07198943206592,78.12372981561542,49.285105280276895,True,False,France
747926,Moise Kean,8535,Fiorentina,ITA-Serie A,0.1,6.5,0.0,0.0,0.7,0.2,0.01,0.7,1.4,1.0,0.37,0.3,1.3,0.1,0.6,6.81,0.0,2.0,4.6,0.3,1.1,1722,22,Attacker,0.3,0.5,0.0153846153846153,0.7857142857142858,0.2826086956521739,0.1521739130434782,74.603240586779,22.30674721945091,85.01131618815357,35.69012581753686,49.18301748040728,True,False,Italy
900433,Khvicha Kvaratskhelia,9847,Paris Saint-Germain,FRA-Ligue 1,1.1,43.8,7.0,0.0,0.4,4.0,0.38,0.33,1.3,3.0,0.39,0.6,1.6,0.2,0.7,7.13,0.0,25.0,3.7,1.6,2.4,927,18,Attacker,0.6285714285714287,0.2727272727272727,0.0251141552511415,1.846153846153846,0.4324324324324324,0.0891891891891892,38.20516018179803,67.01042474965821,45.08073753833647,53.94542364113365,49.09766913763354,True,False,Georgia
895362,Rodrygo,8633,Real Madrid,ESP-La Liga,0.6,41.8,5.0,0.0,0.3,4.2,0.19,0.19,0.4,5.0,0.28,0.5,0.9,0.0,0.4,7.36,0.0,49.0,2.5,1.0,2.3,1937,30,Attacker,0.7894736842105263,0.3333333333333333,0.0143540669856459,5.749999999999999,0.36,0.076,32.113402061855666,89.60481099656359,42.25085910652922,52.7491408934708,49.089735403567566,False,False,Brazil
1209441,Ivan Romero,8581,Levante,ESP-La Liga,0.4,15.4,2.0,0.0,0.5,1.1,0.07,0.33,1.4,1.0,0.23,0.4,0.6,0.1,0.6,6.77,0.0,13.0,2.2,1.2,1.4,1547,20,Attacker,0.5333333333333333,0.25,0.0259740259740259,1.0,0.2727272727272727,0.15,47.48991935483871,45.3125,49.072580645161295,56.44153225806451,48.985147378728506,True,False,Spain
900433,Khvicha Kvaratskhelia,9847,Paris Saint-Germain,FRA-Ligue 1,1.1,43.8,7.0,0.0,0.4,4.0,0.38,0.33,1.3,3.0,0.39,0.6,1.6,0.2,0.7,7.13,0.0,25.0,3.7,1.6,2.4,927,18,Attacker,0.6285714285714287,0.2727272727272727,0.0251141552511415,1.846153846153846,0.4324324324324324,0.0891891891891892,38.20516018179803,66.25154731552304,45.08073753833647,53.94542364113365,48.95806996944872,True,False,Georgia
292313,Raul Jiménez,9879,Fulham,ENG-Premier League,0.6,13.6,2.0,0.0,1.3,0.7,0.04,0.44,1.8,3.0,0.31,0.4,0.8,0.1,0.3,6.82,0.0,20.0,3.0,1.3,0.4,1718,25,Attacker,0.4857142857142857,0.2352941176470588,0.0441176470588235,0.2222222222222222,0.2666666666666666,0.1466666666666666,59.35765620958504,33.45261519417655,66.6158592912833,40.1244549754277,48.94707901469526,True,False,Mexico
889785,Jonas Wind,8721,VfL Wolfsburg,GER-Bundesliga,0.9,19.6,9.0,0.0,0.6,4.9,0.22,0.26,0.7,3.0,0.41,0.3,0.6,0.1,0.5,6.87,0.0,34.0,1.8,0.5,0.3,1971,31,Attacker,0.5333333333333333,0.3749999999999999,0.0459183673469387,0.4285714285714286,0.3333333333333333,0.1444444444444444,53.31615120274913,58.03264604810997,41.27147766323024,43.03264604810997,48.938183540489455,False,False,Denmark
1016093,Gustav Isaksen,8543,Lazio,ITA-Serie A,0.8,22.2,0.0,0.0,0.4,0.7,0.06,0.2,1.2,1.0,0.25,0.5,1.1,0.2,0.9,6.79,0.0,13.0,2.5,1.1,1.4,1066,19,Attacker,0.5714285714285715,0.3125,0.036036036036036,1.1666666666666667,0.44,0.08,38.06421590363227,58.221903521413,45.64890256069172,61.24230961090788,48.71857354908936,True,False,Denmark
469615,Giovanni Simeone,9804,Torino,ITA-Serie A,0.4,13.1,2.0,0.0,0.8,0.6,0.04,0.38,1.3,0.0,0.37,0.0,1.3,0.0,0.7,6.63,0.0,9.0,3.2,0.7,1.1,1203,19,Attacker,0.35,0.0,0.0305343511450381,0.8461538461538461,0.40625,0.11875,58.98185483870968,29.13306451612903,67.96370967741936,45.60483870967742,48.66127951996992,True,False,Argentina
747767,Ikoma Lois Openda,178475,RB Leipzig,GER-Bundesliga,0.4,13.6,7.0,0.0,0.4,2.3,0.08,0.33,1.1,5.0,0.33,0.2,1.2,0.0,0.5,7.05,0.0,29.0,2.9,0.3,0.8,2463,33,Attacker,0.3125,0.4,0.0294117647058823,0.7272727272727273,0.4137931034482758,0.1137931034482758,56.42611683848797,42.13917525773197,64.69072164948453,32.22508591065292,48.52492499020981,False,False,Belgium
1169595,Ilyas Chaira,8670,Real Oviedo,ESP-La Liga,0.4,21.1,2.0,0.0,0.6,0.8,0.05,0.25,2.0,1.0,0.19,0.3,1.1,0.3,0.7,6.58,0.0,9.0,2.5,1.9,1.3,1406,21,Attacker,0.5238095238095238,0.1363636363636363,0.0189573459715639,0.65,0.44,0.1,42.48991935483871,44.203629032258064,52.479838709677416,60.2016129032258,48.50315639630421,True,False,Morocco
1180718,Mohamed-Ali Cho,9831,Nice,FRA-Ligue 1,0.5,19.1,6.0,0.0,0.5,2.2,0.2,0.19,0.6,2.0,0.36,0.3,0.6,0.2,0.6,6.83,0.0,16.0,1.5,0.7,1.2,988,14,Attacker,0.625,0.3,0.0261780104712041,2.0,0.3999999999999999,0.1266666666666666,44.65626501127,63.66937793297122,35.4402690019584,57.0306553227654,48.36634789836493,True,False,France
536455,Goncalo Guedes,8560,Real Sociedad,ESP-La Liga,1.0,19.1,4.0,0.0,0.3,1.9,0.13,0.19,1.0,3.0,0.41,0.2,1.0,0.0,0.6,6.82,0.0,18.0,2.2,1.3,1.0,1323,24,Attacker,0.6,0.1333333333333333,0.0523560209424083,1.0,0.4545454545454545,0.0863636363636363,44.03761593319292,53.55524609245094,43.05860399807856,56.37313860252005,48.31445378816757,True,False,Portugal
654908,Richarlison,8586,Tottenham Hotspur,ENG-Premier League,0.5,9.2,3.0,0.0,2.8,1.2,0.08,0.33,1.0,3.0,0.49,0.3,0.9,0.1,0.6,6.88,0.0,14.0,2.5,1.1,0.5,1278,21,Attacker,0.5833333333333333,0.2142857142857142,0.0543478260869565,0.5,0.36,0.132,60.38306451612903,26.814516129032256,56.37096774193548,58.30645161290322,48.11430659200409,True,False,Brazil
591734,Dominic Solanke,8586,Tottenham Hotspur,ENG-Premier League,0.4,10.3,6.0,0.0,0.9,1.2,0.05,0.45,1.5,3.0,0.37,0.0,1.1,0.4,0.6,6.65,0.0,14.0,2.4,0.7,0.7,2206,27,Attacker,0.3181818181818181,0.0,0.0388349514563106,0.4666666666666666,0.4583333333333333,0.1875,77.67182130584192,22.29381443298969,73.45360824742268,35.53264604810997,47.9461716337466,False,False,England
640492,Rafa Mir,10268,Elche,ESP-La Liga,0.7,18.3,1.0,0.0,1.0,0.9,0.06,0.38,2.1,0.0,0.41,0.3,1.6,0.1,0.7,6.81,0.0,6.0,3.4,0.6,0.3,1319,19,Attacker,0.3,0.3333333333333333,0.0382513661202185,0.1428571428571428,0.4705882352941177,0.1117647058823529,64.41532258064515,24.747983870967744,70.14112903225806,43.56854838709677,47.90816294658983,True,False,Spain
440330,Alexander Sørloth,9906,Atlético de Madrid,ESP-La Liga,0.1,13.5,1.0,0.0,1.0,0.7,0.05,0.41,1.6,0.0,0.52,0.0,1.7,0.1,0.2,6.7,0.0,8.0,2.9,0.6,0.6,1223,23,Attacker,0.2727272727272727,0.0,0.0074074074074074,0.3749999999999999,0.5862068965517241,0.1413793103448276,84.90542899900232,23.651526068802426,83.85955917673577,23.43792724383845,47.53542863108304,True,False,Norway
639671,Patrick Cutrone,10171,Como,ITA-Serie A,0.2,14.5,5.0,0.0,0.2,2.1,0.09,0.31,1.0,4.0,0.31,0.2,1.1,0.0,0.9,6.64,0.0,19.0,3.1,0.7,0.4,2053,33,Attacker,0.4736842105263157,0.2222222222222222,0.0137931034482758,0.4,0.3548387096774194,0.0999999999999999,46.8041237113402,31.701030927835053,58.90034364261169,61.00515463917525,47.41943178750103,False,False,Italy
1320949,Emersonn,9941,Toulouse,FRA-Ligue 1,0.3,10.4,0.0,0.0,1.0,0.4,0.04,0.44,2.7,2.0,0.27,0.4,1.0,0.0,0.9,6.64,0.0,11.0,3.2,1.4,0.6,1008,16,Attacker,0.3999999999999999,0.2222222222222222,0.0288461538461538,0.2222222222222222,0.3125,0.1374999999999999,56.20967741935484,20.161290322580648,69.11290322580645,66.07862903225806,47.31239115479021,True,False,Brazil
556524,Lucas Höler,8358,Sport-Club Freiburg,GER-Bundesliga,0.2,17.9,1.0,0.0,1.5,1.5,0.1,0.18,1.2,1.0,0.07,0.5,0.7,0.1,0.3,6.74,0.0,17.0,1.4,0.9,0.4,1355,21,Attacker,0.5384615384615385,0.3571428571428571,0.0111731843575419,0.3333333333333333,0.5,0.1285714285714286,53.114122602815655,43.07668680486273,43.77457229427632,49.2024627720504,47.296218943608174,True,False,Germany
883080,Morgan Rogers,10252,Aston Villa,ENG-Premier League,1.0,21.1,10.0,0.0,0.9,2.9,0.11,0.19,1.3,5.0,0.31,0.4,0.9,0.0,0.6,7.07,0.0,33.0,2.2,1.1,1.1,2320,26,Attacker,0.5357142857142857,0.2666666666666666,0.0473933649289099,0.8461538461538461,0.409090909090909,0.0863636363636363,39.07890847282267,70.50724236041829,35.88210841370137,53.93634759634926,47.28647658561689,True,False,England
1113903,Liam Delap,9902,Ipswich Town,ENG-Premier League,0.2,7.4,3.0,0.0,1.0,1.4,0.05,0.32,2.5,2.0,0.41,0.1,1.1,0.0,0.6,6.73,0.0,21.0,2.3,0.4,1.4,2612,37,Attacker,0.1666666666666666,0.2,0.027027027027027,0.5599999999999999,0.4782608695652174,0.1391304347826087,68.16151202749141,34.149484536082475,62.7491408934708,28.80584192439863,47.28309143583496,False,False,England
711231,Gorka Guruzeta,8315,Athletic Club,ESP-La Liga,0.7,14.5,5.0,0.0,0.7,1.3,0.08,0.4,1.9,1.0,0.26,0.3,1.1,0.0,0.7,6.57,0.0,16.0,3.2,0.6,0.5,1385,21,Attacker,0.3214285714285714,0.3333333333333333,0.0482758620689655,0.2631578947368421,0.34375,0.125,50.65141983519936,31.090996009311606,63.833231718582574,49.42610760078336,47.270384621790384,True,False,Spain
564847,Viktor Tsigankov,7732,Girona,ESP-La Liga,1.2,27.4,2.0,0.0,1.0,1.9,0.12,0.2,0.6,2.0,0.26,0.8,0.8,0.1,0.1,7.1,0.0,23.0,1.5,1.5,0.8,1401,18,Attacker,0.793103448275862,0.3478260869565218,0.0437956204379562,1.3333333333333337,0.5333333333333333,0.1333333333333333,41.85421516461589,66.56863152643831,33.69189483797066,56.28792077744523,47.239312502394064,True,False,Ukraine
1098096,Evanilson,8678,Bournemouth,ENG-Premier League,0.1,11.5,2.0,0.0,0.9,0.9,0.05,0.36,0.8,0.0,0.25,0.1,0.9,0.1,0.4,6.75,0.0,23.0,2.5,0.3,0.4,1826,24,Attacker,0.3333333333333333,0.25,0.008695652173913,0.5,0.36,0.144,61.1893544692015,29.766886524036508,66.15914717510994,37.17730388353102,47.16709914871248,True,False,Brazil
967622,Antony,8603,Real Betis,ESP-La Liga,0.7,36.2,7.0,0.0,0.8,3.6,0.2,0.28,0.6,5.0,0.34,1.0,1.4,0.1,0.6,7.67,0.0,41.0,3.0,1.3,1.0,1595,19,Attacker,0.793103448275862,0.4347826086956522,0.0193370165745856,1.6666666666666667,0.4666666666666666,0.0933333333333333,36.424246203303404,62.47540461146215,41.93557624801389,56.028756974466994,47.06220730220824,True,False,Brazil
704151,Arnaut Danjuma,10267,Valencia CF,ESP-La Liga,1.2,15.8,4.0,0.0,0.4,2.4,0.15,0.25,1.0,2.0,0.19,0.0,0.8,0.1,0.6,6.69,0.0,12.0,2.0,0.8,1.4,1429,22,Attacker,0.4444444444444445,0.0,0.0759493670886075,1.4,0.4,0.125,46.36593319292022,55.19389941987216,46.98074862358201,38.63496748327975,46.84988880051538,True,False,Netherlands
1368557,Gift Orban,9876,Verona,ITA-Serie A,0.5,11.1,1.0,0.0,0.5,0.8,0.05,0.51,1.0,1.0,0.4,0.2,1.3,0.0,0.3,6.66,0.0,14.0,3.6,0.2,0.8,1584,22,Attacker,0.2857142857142857,0.5,0.045045045045045,0.8,0.3611111111111111,0.1416666666666666,68.39717741935483,29.33467741935484,78.44758064516128,24.7983870967742,46.76127656536833,True,False,Nigeria
612150,Dominic Calvert-Lewin,8463,Leeds United,ENG-Premier League,0.2,8.8,2.0,0.0,0.8,0.9,0.05,0.5,1.5,1.0,0.54,0.1,1.1,0.1,0.6,6.84,0.0,13.0,2.5,0.5,0.3,1669,23,Attacker,0.2857142857142857,0.1666666666666666,0.0227272727272727,0.1999999999999999,0.44,0.2,84.42540322580645,17.338709677419356,75.06048387096774,35.8266129032258,46.49327370012827,True,False,England
1130991,Isaac Romero,8302,Sevilla,ESP-La Liga,0.9,14.0,2.0,0.0,1.0,0.4,0.04,0.4,1.7,0.0,0.27,0.1,1.0,0.0,0.7,6.39,0.0,7.0,2.4,1.0,0.6,989,18,Attacker,0.3928571428571429,0.0909090909090909,0.0642857142857143,0.3529411764705882,0.4166666666666667,0.1666666666666666,57.93292502678935,26.87236725418468,60.6657151830913,47.22069800096072,46.42655186077732,True,False,Spain
848289,Takefusa Kubo,8560,Real Sociedad,ESP-La Liga,0.4,22.7,5.0,0.0,0.7,2.3,0.18,0.17,0.5,3.0,0.15,0.5,0.9,0.0,0.5,7.16,0.0,26.0,1.9,1.9,2.1,1183,18,Attacker,0.8275862068965517,0.2083333333333333,0.0176211453744493,4.2,0.4736842105263158,0.0894736842105263,30.621258729630863,80.22103517717917,30.492970106787865,71.3086363300447,46.08476056372525,True,False,Japan
543306,Federico Bonazzoli,7801,Cremonese,ITA-Serie A,1.1,23.0,3.0,0.0,0.4,0.9,0.06,0.32,0.8,1.0,0.32,0.3,1.0,0.0,0.4,6.72,0.0,9.0,2.7,1.0,0.3,1411,22,Attacker,0.6190476190476191,0.2307692307692307,0.0478260869565217,0.3749999999999999,0.3703703703703703,0.1185185185185185,50.77620967741935,32.056451612903224,56.83467741935483,48.125,46.05793302475591,True,False,Italy
1073977,Benjamin Sesko,10260,Manchester United,ENG-Premier League,0.3,11.8,0.0,0.0,1.0,0.2,0.02,0.48,1.1,1.0,0.49,0.2,1.9,0.2,0.2,6.72,0.0,8.0,3.6,0.4,0.5,1101,21,Attacker,0.3529411764705882,0.3333333333333333,0.0254237288135593,0.4545454545454545,0.5277777777777778,0.1333333333333333,77.05975409230315,24.45370524332114,76.57761519417654,24.36590086095407,45.86869748165478,True,False,Slovenia
635772,Borja Mayoral,8305,Getafe,ESP-La Liga,0.9,17.8,1.0,0.0,0.4,0.2,0.02,0.25,0.5,1.0,0.34,0.4,0.6,0.2,1.0,6.58,0.0,4.0,1.2,0.4,0.5,1044,14,Attacker,0.6153846153846154,0.5,0.0505617977528089,1.0,0.5,0.2083333333333333,67.75262812696302,21.17743783024794,46.56038687506928,65.61657059453867,45.83033676542816,True,False,Spain
664500,Viktor Gyökeres,9825,Arsenal,ENG-Premier League,0.1,6.9,2.0,0.0,0.9,1.3,0.07,0.44,1.1,0.0,0.44,0.1,0.8,0.1,0.6,6.72,0.0,14.0,2.0,0.3,0.3,1646,25,Attacker,0.2666666666666666,0.25,0.0144927536231884,0.2727272727272727,0.4,0.22,77.88306451612902,20.71572580645161,61.935483870967744,37.55040322580645,45.64736918588636,True,False,Sweden
1050163,Lorenzo Colombo,10233,Genoa,ITA-Serie A,0.2,13.5,0.0,0.0,1.0,0.6,0.04,0.38,1.8,1.0,0.35,0.1,1.2,0.1,0.5,6.5,0.0,11.0,2.7,0.8,0.8,1529,25,Attacker,0.3333333333333333,0.1111111111111111,0.0148148148148148,0.4444444444444445,0.4444444444444444,0.1407407407407407,58.35148542290212,29.87485219672616,61.39923511805787,36.55530613753094,45.52739919747568,True,False,Italy
846966,Javier Puado,8558,Espanyol,ESP-La Liga,0.6,15.3,5.0,0.0,0.5,2.1,0.06,0.35,0.7,4.0,0.36,0.2,0.7,0.1,0.3,6.91,0.0,22.0,2.1,0.7,0.6,2987,35,Attacker,0.5625,0.2222222222222222,0.0392156862745098,0.8571428571428572,0.3333333333333333,0.1666666666666666,60.98797250859106,33.59106529209622,52.93814432989691,35.197594501718214,45.43326816487357,False,False,Spain
169719,Chris Wood,10203,Nottingham Forest,ENG-Premier League,0.4,9.5,3.0,0.0,0.8,1.5,0.05,0.4,0.8,3.0,0.6,0.2,1.1,0.2,0.3,7.06,0.0,22.0,2.1,0.2,0.1,2976,36,Attacker,0.3333333333333333,0.5,0.0421052631578947,0.125,0.5238095238095238,0.1904761904761904,85.17182130584193,21.219931271477662,68.67697594501719,27.242268041237114,45.396902026070585,False,False,New Zealand
521148,Jacob Murphy,10261,Newcastle United,ENG-Premier League,1.2,20.3,9.0,0.0,0.8,2.4,0.2,0.24,0.2,1.0,0.16,0.2,0.8,0.1,0.3,6.68,0.0,18.0,2.8,0.7,1.2,1091,21,Attacker,0.8181818181818182,0.2222222222222222,0.0591133004926108,5.999999999999999,0.2857142857142857,0.0857142857142857,33.32037745261058,70.50146879503382,41.53664597420833,44.31403114953997,44.95506427518679,True,False,England
1199272,Rasmus Højlund,9875,Napoli,ITA-Serie A,0.3,12.9,3.0,0.0,0.6,1.9,0.1,0.4,1.4,2.0,0.41,0.0,0.9,0.1,0.4,6.74,0.0,18.0,1.9,0.2,0.4,1740,21,Attacker,0.125,0.0,0.0232558139534883,0.2857142857142857,0.4736842105263158,0.2105263157894737,69.33876510364705,30.69735432139822,55.58534715293944,28.44998244836124,44.78417196328844,True,False,Denmark
655696,Artem Dovbyk,8686,Roma,ITA-Serie A,0.0,11.9,5.0,0.0,0.4,1.5,0.06,0.45,1.1,2.0,0.44,0.1,1.0,0.1,0.3,6.79,0.0,25.0,2.3,0.1,0.3,2430,32,Attacker,0.1538461538461538,0.5,0.0,0.2727272727272727,0.4347826086956522,0.1956521739130435,79.43298969072166,27.36254295532646,70.9278350515464,19.64776632302405,44.73590212633854,False,False,Ukraine
610184,Emiliano Buendia,10252,Aston Villa,ENG-Premier League,1.1,28.3,1.0,0.0,1.2,1.5,0.12,0.2,2.0,2.0,0.39,0.4,0.7,0.2,0.8,6.82,0.0,22.0,2.7,2.6,0.5,1150,24,Attacker,0.6,0.1333333333333333,0.03886925795053,0.25,0.2592592592592592,0.074074074074074,31.733870967741936,59.67741935483871,35.74596774193549,68.49798387096774,44.65311356166869,True,False,Argentina
46469,Olivier Giroud,8639,Lille,FRA-Ligue 1,0.5,13.1,1.0,0.0,0.8,1.5,0.1,0.42,1.5,1.0,0.26,0.3,0.7,0.2,0.4,6.72,0.0,18.0,2.4,0.5,0.1,1364,20,Attacker,0.3478260869565218,0.3749999999999999,0.0381679389312977,0.0666666666666666,0.2916666666666667,0.175,58.06451612903225,33.06451612903226,58.810483870967744,30.30241935483871,44.42965441957836,True,False,France
477615,Sandro Ramirez,8306,Las Palmas,ESP-La Liga,0.7,17.7,6.0,0.0,0.9,3.2,0.14,0.18,1.1,3.0,0.4,0.7,0.9,0.0,0.4,6.93,0.0,28.0,2.3,1.2,0.7,2045,31,Attacker,0.6333333333333333,0.3684210526315789,0.03954802259887,0.6363636363636362,0.391304347826087,0.0782608695652174,39.5446735395189,51.93298969072165,39.5704467353952,49.054982817869416,44.20451128890707,False,False,Spain
626890,Marius Bülter,8722,1. FC Köln,GER-Bundesliga,1.0,16.5,6.0,0.0,0.9,3.6,0.29,0.29,1.0,3.0,0.24,0.3,1.0,0.2,0.3,6.7,0.0,20.0,2.7,0.3,0.2,1117,20,Attacker,0.3749999999999999,0.5,0.0606060606060606,0.2,0.3703703703703703,0.1074074074074074,42.76209677419354,51.6633064516129,54.41532258064516,28.76008064516129,43.984693389584514,True,False,Germany
1074968,Jamie Leweling,10269,VfB Stuttgart,GER-Bundesliga,0.5,20.5,5.0,0.0,0.9,3.4,0.2,0.15,0.7,6.0,0.29,0.7,0.8,0.1,0.7,7.17,0.0,29.0,2.0,0.8,1.2,1575,21,Attacker,0.6818181818181818,0.4666666666666666,0.024390243902439,1.7142857142857144,0.4,0.075,31.01217529468278,73.43928980526918,27.998374163987734,68.48339984480656,43.938178810726754,True,False,Germany
1322858,Pablo Durán,9910,Celta de Vigo,ESP-La Liga,0.9,15.3,2.0,0.0,1.0,1.0,0.1,0.27,1.2,2.0,0.2,0.3,0.9,0.2,0.7,6.59,0.0,6.0,2.2,1.0,0.5,919,19,Attacker,0.52,0.2307692307692307,0.0588235294117647,0.4166666666666667,0.409090909090909,0.1227272727272727,45.55858090381702,31.649992609836307,45.565439899493775,59.92060192883272,43.93782805056533,True,False,Spain
1024292,Marco Grüll,8697,SV Werder Bremen,GER-Bundesliga,0.4,21.9,0.0,0.0,0.9,2.5,0.16,0.14,1.3,1.0,0.13,0.6,0.7,0.3,0.6,6.87,0.0,28.0,2.1,2.0,1.1,1410,22,Attacker,0.6666666666666666,0.2307692307692307,0.0182648401826484,0.8461538461538461,0.3333333333333333,0.0666666666666666,33.54695525255885,61.76144551601817,34.30098289177105,58.02996711377157,43.84624456572495,True,False,Austria
1453218,Mert Kömür,8406,FC Augsburg,GER-Bundesliga,0.3,22.7,4.0,0.0,1.4,1.9,0.15,0.23,1.6,3.0,0.16,0.3,1.0,0.0,0.6,6.68,0.0,20.0,2.7,0.6,1.0,1120,19,Attacker,0.36,0.3333333333333333,0.013215859030837,0.625,0.3703703703703703,0.0851851851851851,30.181451612903224,65.17137096774194,47.641129032258064,41.83467741935484,43.77629956396259,True,False,Turkiye
852071,Juan Hernández,8603,Real Betis,ESP-La Liga,1.3,17.0,6.0,0.0,1.1,1.7,0.09,0.42,0.9,3.0,0.44,0.4,0.8,0.1,0.8,7.33,0.0,27.0,3.1,1.1,0.9,1651,19,Attacker,0.625,0.2666666666666666,0.0764705882352941,1.0,0.2580645161290322,0.1354838709677419,40.651396740937805,39.6922227764845,42.58073753833647,55.83386450134871,43.55939400246599,True,False,Colombia
696365,Marcus Rashford,8634,Barcelona,ESP-La Liga,0.9,33.5,5.0,0.0,0.9,3.5,0.25,0.41,0.4,6.0,0.29,0.1,1.5,0.1,0.6,7.27,0.0,33.0,4.5,0.5,1.4,1250,21,Attacker,0.6,0.1666666666666666,0.026865671641791,3.5,0.3333333333333333,0.0911111111111111,32.92962254738942,59.7575564423752,45.65869452758378,41.46994974688689,43.43119786636778,True,False,England
1280225,Esteban Lepaul,9851,Rennes,FRA-Ligue 1,0.4,11.9,2.0,0.0,0.7,0.5,0.03,0.48,1.0,3.0,0.59,0.1,1.2,0.0,0.5,7.05,0.0,12.0,2.8,0.3,0.2,1679,22,Attacker,0.2857142857142857,0.25,0.0336134453781512,0.2,0.4285714285714286,0.1714285714285714,74.44465229279828,18.089850533939327,69.61742046336326,31.81897332150908,43.363618073852734,True,False,France
599353,Che Adams,9804,Torino,ITA-Serie A,1.8,19.3,5.0,0.0,0.6,1.3,0.08,0.26,0.7,1.0,0.25,0.1,0.8,0.0,0.4,6.69,0.0,22.0,2.7,0.7,0.7,1450,24,Attacker,0.5333333333333333,0.125,0.0932642487046632,1.0,0.2962962962962963,0.0962962962962963,42.46988508295458,47.0897766323024,48.67577504341722,34.476429996674426,43.25025376025742,True,False,Scotland
1159233,Alieu Fadera,7943,Sassuolo,ITA-Serie A,0.9,18.7,1.0,0.0,0.5,1.2,0.12,0.21,3.1,1.0,0.2,0.7,0.4,0.0,0.5,6.49,0.0,7.0,1.3,3.0,0.9,904,23,Attacker,0.5441176470588235,0.1891891891891891,0.0481283422459893,0.2903225806451613,0.3076923076923077,0.1615384615384615,41.80443548387097,44.45564516129033,35.645161290322584,54.60685483870968,43.0326426443997,True,False,Gambia
942358,Felix Correia,8639,Lille,FRA-Ligue 1,1.9,31.1,8.0,0.0,0.4,3.8,0.27,0.19,0.5,5.0,0.21,0.9,0.4,0.1,0.6,6.91,0.0,27.0,1.6,0.9,0.7,1257,22,Attacker,0.782608695652174,0.5,0.0610932475884244,1.4,0.25,0.11875,29.536290322580648,76.10887096774194,25.98790322580645,67.27822580645162,42.73004208712174,True,False,Portugal
1113694,Jonathan Rowe,9857,Bologna,ITA-Serie A,0.5,18.8,4.0,0.0,0.2,1.2,0.12,0.24,1.3,1.0,0.0,0.5,0.9,0.0,0.7,6.77,0.0,12.0,2.9,1.3,2.7,945,16,Attacker,0.5806451612903226,0.2777777777777778,0.026595744680851,2.076923076923077,0.3103448275862069,0.0827586206896551,22.17741935483871,60.78629032258065,46.43145161290323,65.89717741935485,42.67771319548595,True,False,England
1073498,Patrick Wimmer,8721,VfL Wolfsburg,GER-Bundesliga,0.8,18.4,2.0,0.0,1.2,0.9,0.07,0.15,1.5,3.0,0.23,1.4,0.5,0.0,0.8,6.79,0.0,7.0,1.2,2.3,1.9,1166,17,Attacker,0.7115384615384616,0.3783783783783784,0.0434782608695652,1.2666666666666666,0.4166666666666667,0.125,33.96784816908695,53.222688726305286,27.71583896833315,77.5330940767838,42.601416904194885,True,False,Austria
541555,Mattia Zaccagni,8543,Lazio,ITA-Serie A,0.9,25.3,3.0,0.0,0.3,1.4,0.08,0.15,1.2,0.0,0.17,0.9,0.6,0.0,0.4,7.04,0.0,23.0,1.5,1.6,1.2,1621,19,Attacker,0.6756756756756757,0.36,0.0355731225296442,1.0,0.3999999999999999,0.0999999999999999,34.574488231164324,68.56859457561984,28.35882939807117,53.2725492369656,42.572662416975234,True,False,Italy
1185568,Benedict Hollerbach,8149,1. FC Union Berlin,GER-Bundesliga,0.7,15.0,3.0,0.0,0.4,2.2,0.08,0.22,1.4,0.0,0.29,0.1,0.8,0.0,0.6,6.57,0.0,26.0,2.6,1.6,1.5,2464,33,Attacker,0.5483870967741936,0.0588235294117647,0.0466666666666666,1.0714285714285714,0.3076923076923077,0.0846153846153846,32.96391752577319,49.01202749140893,42.64604810996563,51.108247422680414,42.37943950826001,False,False,Germany
1324358,Frank Magri,9941,Toulouse,FRA-Ligue 1,0.1,10.7,1.0,0.0,0.9,0.9,0.07,0.31,2.0,1.0,0.36,0.2,0.9,0.1,0.4,6.72,0.0,14.0,2.3,0.6,0.7,1264,17,Attacker,0.2857142857142857,0.25,0.0093457943925233,0.35,0.391304347826087,0.1347826086956521,58.69625965340132,27.248919188560023,58.218462476443854,30.276345933562425,42.35515965241455,True,False,Cameroon
1400227,Yankuba Minteh,10204,Brighton and Hove Albion,ENG-Premier League,0.5,15.1,6.0,0.0,0.6,2.8,0.16,0.16,1.0,4.0,0.05,0.5,0.4,0.0,0.7,7.06,0.0,30.0,1.8,1.9,2.7,1640,24,Attacker,0.7058823529411765,0.2083333333333333,0.0331125827814569,2.7,0.2222222222222222,0.0888888888888888,26.86878764364631,72.17233861730038,26.80278424417101,75.88157724568599,42.30964323518251,True,False,Gambia
843040,Pedro Neto,8455,Chelsea,ENG-Premier League,1.2,26.9,9.0,0.0,0.5,5.0,0.23,0.19,0.3,3.0,0.23,0.3,0.5,0.0,0.5,7.12,0.0,39.0,1.7,0.7,1.5,1991,26,Attacker,0.7692307692307692,0.3,0.0446096654275092,5.0,0.2941176470588235,0.1117647058823529,27.03005487196541,83.7798608801685,28.60870930791117,55.861161918486495,42.061576476976704,True,False,Portugal
817724,Danny Namaso,8583,Auxerre,FRA-Ligue 1,0.9,20.3,2.0,0.0,0.8,1.2,0.07,0.25,2.2,1.0,0.12,0.3,0.7,0.0,0.9,6.73,0.0,20.0,2.6,1.0,1.3,1535,18,Attacker,0.3714285714285714,0.2307692307692307,0.0443349753694581,0.5909090909090908,0.2692307692307692,0.0961538461538461,26.39112903225806,57.45967741935484,41.028225806451616,58.97177419354839,42.04145228643219,True,False,Cameroon
604105,Inaki Williams,8315,Athletic Club,ESP-La Liga,0.5,15.4,4.0,0.0,0.4,1.4,0.11,0.27,1.2,2.0,0.08,0.1,0.9,0.0,0.7,6.6,0.0,12.0,2.7,0.4,0.4,1090,16,Attacker,0.2941176470588235,0.2,0.0324675324675324,0.3333333333333333,0.3333333333333333,0.1,34.52377323282711,44.093065255145405,48.11546206998486,44.73818035694492,41.99860619888066,True,False,Ghana
836436,Gabriel Strefezza,10171,Como,ITA-Serie A,1.2,28.6,5.0,0.0,0.9,4.1,0.14,0.12,1.6,4.0,0.21,0.4,0.8,0.1,0.7,7.05,0.0,57.0,2.0,1.9,1.2,2632,37,Attacker,0.5897435897435898,0.1739130434782609,0.0419580419580419,0.7499999999999999,0.4,0.06,26.872852233676976,75.25773195876289,28.43642611683849,64.02061855670104,41.94349706726185,False,False,Brazil
640123,Antonio Martinez,9866,Alavés,ESP-La Liga,0.5,12.3,3.0,0.0,1.6,0.8,0.05,0.32,1.3,2.0,0.29,0.2,1.0,0.1,0.4,6.74,0.0,12.0,2.9,0.9,0.6,1540,23,Attacker,0.4583333333333333,0.1818181818181818,0.040650406504065,0.4615384615384615,0.3448275862068966,0.1103448275862069,46.40309185973469,26.290969219968225,59.23710416435724,41.033999371836096,41.75350605739455,True,False,Spain
1282008,Santiago Castro,9857,Bologna,ITA-Serie A,1.1,11.0,4.0,0.0,1.5,0.6,0.04,0.29,1.5,2.0,0.45,0.1,1.0,0.1,0.4,6.87,0.0,20.0,2.4,0.4,0.7,1412,22,Attacker,0.25,0.2,0.1,0.4666666666666666,0.4166666666666667,0.1208333333333333,55.308978125115466,33.282179544026896,52.385960536525886,27.247602815652368,41.71200040393375,True,False,Argentina
181276,Romelu Lukaku,9875,Napoli,ITA-Serie A,0.2,11.0,8.0,0.0,0.5,2.6,0.08,0.41,1.5,10.0,0.44,0.0,0.8,0.1,0.3,6.96,0.0,35.0,2.0,0.1,0.2,2870,36,Attacker,0.0625,0.0,0.0181818181818181,0.1333333333333333,0.4,0.205,76.27147766323024,34.192439862542955,61.28865979381444,13.35910652920962,41.70534179886854,False,False,Belgium
1250492,Matthis Abline,9830,Nantes,FRA-Ligue 1,0.3,10.3,6.0,0.0,0.5,2.1,0.1,0.23,1.3,2.0,0.2,0.2,0.8,0.0,0.6,6.88,0.0,18.0,3.0,0.9,2.1,1784,22,Attacker,0.4583333333333333,0.1818181818181818,0.029126213592233,1.6153846153846154,0.2666666666666666,0.0766666666666666,31.695649964896727,48.86618722979714,44.80970328492776,46.12360510660312,41.512575489133006,True,False,France
974755,Lucas Beltran,10267,Valencia CF,ESP-La Liga,0.6,20.6,4.0,0.0,0.9,1.4,0.11,0.22,1.7,2.0,0.08,0.3,0.7,0.1,0.5,6.57,0.0,11.0,2.2,1.4,1.2,1099,21,Attacker,0.5,0.1764705882352941,0.029126213592233,0.7058823529411765,0.3181818181818181,0.0999999999999999,33.9736679229945,52.47431918116987,38.25952407345823,45.726037394228285,41.404451776507685,True,False,Argentina
725398,Mathias Pereira Lage,8152,FC St. Pauli,GER-Bundesliga,0.6,15.2,3.0,0.0,0.9,1.1,0.07,0.19,1.6,2.0,0.0,0.7,0.8,0.1,0.6,6.64,0.0,22.0,1.8,1.8,0.5,1412,20,Attacker,0.6097560975609757,0.2799999999999999,0.0394736842105263,0.3125,0.4444444444444445,0.1055555555555555,32.622584340243144,42.721150648486855,36.86615489783099,64.76072035620588,41.27010171007073,True,False,Portugal
929838,Hugo Duro,10267,Valencia CF,ESP-La Liga,0.3,13.3,1.0,0.0,1.1,0.7,0.04,0.33,0.9,0.0,0.44,0.2,0.6,0.4,0.3,6.66,0.0,12.0,1.6,0.7,0.2,1425,23,Attacker,0.5,0.2222222222222222,0.0225563909774436,0.2222222222222222,0.3749999999999999,0.20625,69.36509256180024,18.033038650556108,51.88818682333814,39.84815523038835,41.229520813708206,True,False,Spain
1002618,Ander Barrenetxea,8560,Real Sociedad,ESP-La Liga,1.7,28.2,8.0,0.0,0.7,3.0,0.25,0.16,1.8,3.0,0.25,0.8,0.6,0.2,0.7,7.02,0.0,29.0,1.7,0.9,2.9,1099,19,Attacker,0.4857142857142857,0.4705882352941176,0.0602836879432624,1.611111111111111,0.3529411764705882,0.0941176470588235,26.21491981672394,82.48577393489266,24.3684181354617,64.43047241621402,41.03783312650253,True,False,Spain
1344677,Mateo Joseph,8661,Mallorca,ESP-La Liga,0.1,12.4,3.0,0.0,1.1,0.5,0.03,0.25,0.9,2.0,0.14,0.5,0.7,0.2,0.4,6.49,0.0,10.0,1.7,1.5,0.8,1333,23,Attacker,0.6896551724137931,0.25,0.0080645161290322,0.888888888888889,0.4117647058823529,0.1470588235294117,46.17943548387097,24.445564516129032,44.95967741935483,56.94556451612903,40.8020873008741,True,False,Spain
864157,Jan-Niklas Beste,8358,Sport-Club Freiburg,GER-Bundesliga,0.9,18.2,2.0,0.0,1.3,3.0,0.24,0.13,0.9,2.0,0.08,1.0,0.6,0.0,0.3,6.99,0.0,26.0,1.2,2.0,0.6,1128,17,Attacker,0.7692307692307693,0.3333333333333333,0.0494505494505494,0.6666666666666666,0.5,0.1083333333333333,33.61895161290323,63.256048387096776,24.21370967741936,58.27620967741935,40.49154578572651,True,False,Germany
941213,Crysencio Summerville,8654,West Ham United,ENG-Premier League,0.4,19.1,1.0,0.0,1.2,1.3,0.07,0.18,1.8,1.0,0.23,0.6,0.7,0.2,0.5,6.95,0.0,16.0,1.9,1.4,1.6,1594,21,Attacker,0.5263157894736842,0.3,0.0209424083769633,0.888888888888889,0.3684210526315789,0.0947368421052631,32.54032258064516,54.939516129032256,31.592741935483872,51.98588709677419,40.43632566023206,True,False,Netherlands
956913,Marvin Pieringer,94937,1. FC Heidenheim 1846,GER-Bundesliga,0.2,13.8,1.0,0.0,2.1,0.4,0.04,0.28,2.2,0.0,0.19,0.8,0.4,0.1,0.2,6.61,0.0,10.0,1.8,1.3,0.9,935,16,Attacker,0.4883720930232557,0.3809523809523809,0.0144927536231884,0.409090909090909,0.2222222222222222,0.1555555555555555,46.52463695820863,33.22328917710527,46.70320178841962,34.71409304216089,40.37414913225982,True,False,Germany
1224237,Mateo Pellegrino,10167,Parma,ITA-Serie A,0.4,9.1,4.0,0.0,1.1,0.8,0.03,0.29,2.4,1.0,0.31,0.1,0.8,0.2,1.0,6.65,0.0,16.0,2.4,0.5,0.7,2051,25,Attacker,0.1999999999999999,0.1666666666666666,0.0439560439560439,0.2916666666666667,0.3333333333333333,0.1208333333333333,47.096774193548384,25.302419354838708,46.89516129032258,46.27016129032258,40.13562886138084,True,False,Argentina
812839,Martijn Kaars,8152,FC St. Pauli,GER-Bundesliga,0.3,18.0,1.0,0.0,0.4,0.7,0.06,0.28,0.5,0.0,0.29,0.0,0.8,0.0,0.3,6.33,0.0,6.0,1.8,0.3,0.4,942,19,Attacker,0.3749999999999999,0.0,0.0166666666666666,0.8,0.4444444444444445,0.1555555555555555,60.766129032258064,25.75604838709677,51.471774193548384,27.479838709677423,40.13408812753264,True,False,Netherlands
1624586,Bazoumana Touré,8226,TSG 1899 Hoffenheim,GER-Bundesliga,0.7,19.4,6.0,0.0,0.7,2.4,0.16,0.16,1.7,5.0,0.13,0.3,0.5,0.1,0.9,7.19,0.0,25.0,1.5,1.3,2.1,1352,18,Attacker,0.4848484848484849,0.1874999999999999,0.0360824742268041,1.2352941176470589,0.3333333333333333,0.1066666666666666,25.63508064516129,75.15120967741936,23.870967741935484,66.875,39.916703286831314,True,False,Ivory Coast
1252373,Roberto Fernández,8558,Espanyol,ESP-La Liga,0.0,8.9,6.0,0.0,1.0,2.3,0.12,0.29,1.4,2.0,0.26,0.2,0.8,0.1,0.8,6.64,0.0,16.0,2.2,0.4,0.3,1732,24,Attacker,0.3,0.3333333333333333,0.0,0.2142857142857143,0.3636363636363636,0.1318181818181818,50.245168680486266,26.32434042789048,45.406689945682295,39.092926689576174,39.638504893955066,True,False,Spain
1248482,Antonio Nusa,178475,RB Leipzig,GER-Bundesliga,0.8,21.6,6.0,0.0,0.4,4.2,0.27,0.25,0.6,2.0,0.13,0.3,0.8,0.0,0.3,7.33,0.0,24.0,3.2,1.2,3.3,1377,19,Attacker,0.7142857142857143,0.1999999999999999,0.037037037037037,5.5,0.25,0.078125,20.1453552821195,78.7585910652921,34.28560211358681,55.41832945349739,39.612804911720986,True,False,Norway
1231648,Vladyslav Vanat,7732,Girona,ESP-La Liga,0.1,9.7,3.0,0.0,0.9,1.3,0.07,0.41,1.5,1.0,0.4,0.1,0.9,0.1,0.3,6.69,0.0,11.0,1.3,0.2,0.5,1572,21,Attacker,0.1666666666666666,0.3333333333333333,0.0103092783505154,0.3333333333333333,0.6923076923076923,0.3153846153846154,84.50604838709677,22.17741935483871,58.8508064516129,15.806451612903228,39.51382501190761,True,False,Ukraine
935769,Armand Laurienté,7943,Sassuolo,ITA-Serie A,0.6,20.5,8.0,0.0,0.6,2.7,0.15,0.13,1.4,3.0,0.22,0.2,1.0,0.0,0.5,6.79,0.0,33.0,2.6,0.8,0.9,1603,25,Attacker,0.4166666666666667,0.2,0.0292682926829268,0.6428571428571429,0.3846153846153846,0.05,23.92137096774194,69.40524193548387,40.42338709677419,39.29435483870968,39.31045725993955,True,False,France
1076756,Brennan Johnson,9826,Crystal Palace,ENG-Premier League,0.5,13.7,0.0,0.0,1.6,0.7,0.06,0.15,0.7,0.0,0.0,0.3,0.4,0.0,0.7,6.59,0.0,10.0,1.3,1.4,0.4,1057,23,Attacker,0.7083333333333334,0.1764705882352941,0.0364963503649635,0.5714285714285715,0.3076923076923077,0.1153846153846153,38.71817610760078,28.948772309056647,35.51398588478735,66.5733196615305,39.26828207524489,True,False,Wales
1202525,Bryan Zaragoza,9910,Celta de Vigo,ESP-La Liga,1.0,20.5,4.0,0.0,0.4,2.9,0.23,0.16,0.6,1.0,0.08,0.2,1.0,0.0,0.6,6.85,0.0,18.0,2.1,0.8,2.1,1135,19,Attacker,0.625,0.2,0.048780487804878,3.5000000000000004,0.4761904761904761,0.0761904761904761,24.098053615637586,74.79284447400511,32.303144514651,45.94746517385361,39.15823550706816,True,False,Spain
251269,Ante Budimir,8371,Osasuna,ESP-La Liga,0.2,7.8,1.0,0.0,1.4,0.8,0.04,0.46,1.8,0.0,0.55,0.2,1.2,0.2,0.4,6.88,0.0,8.0,3.0,0.7,0.2,1785,23,Attacker,0.3333333333333332,0.2222222222222222,0.0256410256410256,0.1111111111111111,0.3999999999999999,0.1533333333333333,76.61202564386802,11.07912555888113,77.42378893692495,28.96050419391789,38.99377519480974,True,False,Croatia
1553105,Victor Munoz,8371,Osasuna,ESP-La Liga,0.1,14.8,0.0,0.0,0.8,1.3,0.07,0.15,1.0,1.0,0.2,0.3,0.9,0.0,0.8,6.74,0.0,14.0,2.3,0.8,2.6,1829,24,Attacker,0.5238095238095238,0.2727272727272727,0.0067567567567567,2.6,0.391304347826087,0.0652173913043478,25.352822580645164,50.252016129032256,33.77016129032258,63.64919354838709,38.84974142625577,True,False,Spain
1199382,Josué Casimir,8583,Auxerre,FRA-Ligue 1,0.8,22.5,0.0,0.0,0.8,1.0,0.08,0.18,2.0,0.0,0.0,0.7,0.6,0.0,0.4,6.37,0.0,6.0,1.3,1.8,0.6,1121,20,Attacker,0.5555555555555556,0.2799999999999999,0.0355555555555555,0.3,0.4615384615384615,0.1384615384615384,37.31538447326608,41.40835735136533,32.47445774673909,46.568446772346014,38.66715367496303,True,False,Haiti
846383,Callum Hudson-Odoi,10203,Nottingham Forest,ENG-Premier League,1.1,28.9,4.0,0.0,0.7,2.0,0.12,0.14,0.6,1.0,0.18,0.4,0.6,0.1,0.4,6.78,0.0,32.0,1.6,0.7,1.5,1472,24,Attacker,0.6470588235294118,0.3636363636363636,0.0380622837370242,2.5,0.3749999999999999,0.0875,27.849254517237554,77.50872963086131,21.901119609799355,52.27524664671322,38.42001449420937,True,False,England
1044029,Nicolo Cambiaghi,9857,Bologna,ITA-Serie A,0.4,19.0,5.0,0.0,0.2,2.0,0.16,0.15,1.9,4.0,0.24,0.3,0.5,0.0,1.0,6.8,0.0,16.0,1.5,1.7,1.0,1136,20,Attacker,0.5128205128205129,0.15,0.0210526315789473,0.5263157894736842,0.3333333333333333,0.0999999999999999,28.911290322580648,58.36693548387097,22.016129032258064,69.94959677419355,38.41530174883188,True,False,Italy
942368,Jérémy Doku,8456,Manchester City,ENG-Premier League,0.8,29.8,10.0,0.0,0.0,4.4,0.33,0.13,1.3,4.0,0.08,0.8,0.6,0.0,0.8,7.26,0.0,39.0,1.5,1.1,4.7,1187,20,Attacker,0.59375,0.4210526315789473,0.0268456375838926,3.615384615384616,0.3999999999999999,0.0866666666666666,20.43964545689688,93.27344991316556,19.38957247903041,72.67371503528803,37.99697720026257,True,False,Belgium
388903,Haris Tabakovic,9788,Borussia Mönchengladbach,GER-Bundesliga,0.1,12.6,0.0,0.0,2.2,0.5,0.03,0.59,1.7,2.0,0.58,0.0,1.1,0.2,0.3,6.8,0.0,10.0,2.6,0.2,0.3,1539,21,Attacker,0.1052631578947368,0.0,0.0079365079365079,0.1764705882352941,0.4230769230769231,0.2269230769230769,88.1350806451613,16.078629032258064,79.31451612903226,12.51008064516129,37.96619616391839,True,False,Bosnia and Herzegovina
793066,David Neres,9875,Napoli,ITA-Serie A,0.4,26.3,9.0,0.0,0.2,3.2,0.31,0.15,1.8,3.0,0.29,0.1,0.4,0.3,0.8,6.88,0.0,21.0,1.7,1.0,1.8,925,16,Attacker,0.3793103448275862,0.0909090909090909,0.0152091254752851,1.0,0.2352941176470588,0.088235294117647,24.58421091527178,81.8461783616007,22.484064959538856,52.31981857148136,37.77012630240871,True,False,Brazil
1242587,Amine Sbai,8121,Angers,FRA-Ligue 1,0.7,22.2,3.0,0.0,0.2,1.3,0.12,0.12,1.0,1.0,0.09,0.4,0.7,0.0,0.8,6.64,0.0,16.0,1.6,1.3,2.0,1007,15,Attacker,0.6296296296296297,0.2352941176470588,0.0315315315315315,2.0,0.4374999999999999,0.075,24.0625,66.68346774193549,21.290322580645164,73.53830645161291,37.649139402374566,True,False,France
994403,Cyril Ngonge,9804,Torino,ITA-Serie A,1.5,16.1,0.0,0.0,0.8,0.6,0.06,0.17,1.8,1.0,0.09,0.2,1.1,0.0,0.4,6.53,0.0,12.0,2.2,1.0,1.7,992,20,Attacker,0.3999999999999999,0.1666666666666666,0.093167701863354,0.9444444444444444,0.5,0.0772727272727272,31.653225806451616,44.95967741935484,40.98790322580645,33.6491935483871,37.31556717146872,True,False,Belgium
1341387,Wilson Odobert,8586,Tottenham Hotspur,ENG-Premier League,0.6,25.3,2.0,0.0,1.2,1.2,0.11,0.17,0.2,2.0,0.0,0.1,0.7,0.0,0.6,6.56,0.0,20.0,2.0,0.9,2.2,980,24,Attacker,0.8333333333333334,0.1,0.0237154150197628,11.0,0.35,0.085,20.04032258064516,71.82459677419355,29.092741935483872,56.32056451612903,37.21510725645477,True,False,France
1215652,Omari Hutchinson,10203,Nottingham Forest,ENG-Premier League,0.5,25.0,6.0,0.0,0.4,3.0,0.26,0.14,1.4,3.0,0.09,0.5,0.6,0.0,0.7,6.77,0.0,25.0,1.7,1.4,2.4,1033,20,Attacker,0.5757575757575758,0.2631578947368421,0.02,1.7142857142857144,0.3529411764705882,0.0823529411764706,21.14940139674093,79.39379872889184,21.459095443964085,66.59643701732993,37.16457076038022,True,False,England
290201,Philipp Hofmann,9911,VfL Bochum 1848,GER-Bundesliga,0.6,17.2,7.0,0.0,1.3,2.6,0.1,0.22,1.4,2.0,0.12,0.2,0.7,0.0,0.6,6.64,0.0,27.0,2.1,0.7,0.4,2284,31,Attacker,0.391304347826087,0.2222222222222222,0.0348837209302325,0.2857142857142857,0.3333333333333333,0.1047619047619047,29.81958762886598,43.12714776632302,37.06185567010309,41.41752577319588,36.87285746216632,False,False,Germany
1169596,Raul Moro,10281,Real Valladolid,ESP-La Liga,1.5,17.1,8.0,0.0,0.7,5.5,0.21,0.16,0.2,5.0,0.15,0.4,0.6,0.0,0.3,6.94,0.0,44.0,1.8,0.8,2.2,2346,33,Attacker,0.8571428571428572,0.3333333333333333,0.087719298245614,11.0,0.3333333333333333,0.0888888888888888,23.8659793814433,76.93298969072166,25.12027491408934,45.2405498281787,36.81065986780477,False,False,Spain
1284434,Diego Lopez,10267,Valencia CF,ESP-La Liga,0.6,17.4,3.0,0.0,0.6,1.2,0.08,0.16,1.0,0.0,0.21,0.6,0.3,0.1,0.6,6.53,0.0,10.0,1.5,0.8,0.4,1291,22,Attacker,0.5833333333333334,0.4285714285714286,0.0344827586206896,0.4,0.1999999999999999,0.1066666666666666,31.864168791338727,41.58456656689946,26.100580127849835,58.98549218490189,36.64674486263149,True,False,Spain
1121170,Ransford Königsdörffer,9790,Hamburger SV,GER-Bundesliga,0.3,11.6,0.0,0.0,1.0,0.8,0.05,0.39,1.0,0.0,0.26,0.1,1.0,0.0,0.3,6.56,0.0,10.0,3.0,0.1,0.5,1391,21,Attacker,0.1666666666666666,0.5,0.0258620689655172,0.5,0.3333333333333333,0.13,51.592741935483865,20.413306451612904,64.93951612903226,21.602822580645164,36.4153328167002,True,False,Ghana
1398392,Thierno Barry,8668,Everton,ENG-Premier League,0.1,9.5,2.0,0.0,1.1,0.4,0.02,0.31,1.9,0.0,0.3,0.2,0.5,0.1,0.5,6.46,0.0,9.0,1.9,0.1,0.5,1502,26,Attacker,0.1363636363636363,0.6666666666666666,0.0105263157894736,0.2631578947368421,0.2631578947368421,0.1631578947368421,58.10802571776966,19.52331134759635,54.752290950744566,23.65141059749473,36.41507338824334,True,False,France
1212630,Lorenzo Lucca,8600,Udinese,ITA-Serie A,0.4,9.1,1.0,0.0,1.0,0.8,0.03,0.29,2.5,1.0,0.46,0.3,1.0,0.0,0.5,6.78,0.0,14.0,2.5,0.4,0.5,2361,33,Attacker,0.2187499999999999,0.4285714285714286,0.0439560439560439,0.2,0.4,0.1159999999999999,57.33676975945017,17.053264604810998,55.94501718213058,27.671821305841927,36.37724048060014,False,False,Italy
891743,Mohammed Kudus,8586,Tottenham Hotspur,ENG-Premier League,1.1,22.1,3.0,0.0,0.3,2.4,0.14,0.11,1.3,5.0,0.12,0.2,0.5,0.0,0.7,6.99,0.0,23.0,1.5,1.7,3.0,1545,19,Attacker,0.5937499999999999,0.1052631578947368,0.0497737556561086,2.3076923076923075,0.3333333333333333,0.0733333333333333,20.025934855707053,75.11708790599711,24.22661936961904,58.569010272327546,36.22591022770078,True,False,Ghana
750030,Andrea Pinamonti,7943,Sassuolo,ITA-Serie A,0.3,11.4,4.0,0.0,0.6,0.9,0.04,0.28,0.4,3.0,0.24,0.0,1.0,0.0,0.4,6.59,0.0,16.0,2.5,0.4,0.1,1895,24,Attacker,0.5,0.0,0.0263157894736842,0.25,0.4,0.112,45.050403225806456,20.01008064516129,52.37903225806451,34.57661290322581,36.221603447583455,True,False,Italy
1367047,Afonso Moreira,9748,Lyon,FRA-Ligue 1,0.6,22.5,7.0,0.0,0.8,3.8,0.34,0.12,1.3,6.0,0.18,0.8,0.7,0.0,0.6,7.11,0.0,21.0,2.1,1.9,1.2,1002,19,Attacker,0.675,0.2962962962962963,0.0266666666666666,0.923076923076923,0.3333333333333333,0.0571428571428571,17.631048387096772,75.60483870967742,24.959677419354843,67.31854838709677,36.179080883396985,True,False,Portugal
737339,Dany Mota,6504,Monza,ITA-Serie A,0.7,17.0,3.0,0.0,1.0,1.7,0.07,0.22,1.3,2.0,0.21,0.4,0.5,0.0,0.5,6.52,0.0,22.0,1.8,0.6,0.6,2111,31,Attacker,0.4347826086956522,0.4,0.0411764705882352,0.4615384615384615,0.2777777777777778,0.1222222222222222,34.16666666666667,37.80068728522337,33.539518900343644,39.08934707903781,35.83080766018916,False,False,Portugal
1215057,Vitinha,10233,Genoa,ITA-Serie A,0.5,10.1,4.0,0.0,1.4,1.7,0.1,0.21,1.6,1.0,0.18,0.6,0.8,0.2,0.6,6.78,0.0,13.0,2.6,1.3,1.8,1531,24,Attacker,0.5428571428571428,0.3157894736842105,0.0495049504950495,1.125,0.3076923076923077,0.0807692307692307,21.80862709234009,44.26442467575657,33.651295126187044,60.79368048627276,35.61429380138457,True,False,Portugal
613260,Jean-Luc Dompe,9790,Hamburger SV,GER-Bundesliga,0.5,18.1,6.0,0.0,0.0,3.6,0.32,0.11,0.2,0.0,0.18,0.0,0.8,0.0,0.4,6.95,0.0,29.0,1.9,0.4,1.6,997,15,Attacker,0.6666666666666666,0.0,0.0276243093922651,8.0,0.4210526315789474,0.0578947368421052,24.02217741935484,79.53629032258065,25.7258064516129,35.060483870967744,35.55337834009343,True,False,France
1624039,Jesus Rodriguez,10171,Como,ITA-Serie A,0.4,19.1,7.0,0.0,0.6,2.9,0.2,0.19,1.2,6.0,0.0,0.2,0.6,0.0,0.4,6.91,0.0,30.0,2.5,1.2,2.2,1324,22,Attacker,0.5384615384615385,0.1428571428571428,0.0209424083769633,1.8333333333333333,0.24,0.076,18.58940250526549,68.67159498207884,29.74984295902154,49.885775782433576,35.313472745634435,True,False,Spain
1515977,Ilyas Ansah,8149,1. FC Union Berlin,GER-Bundesliga,0.2,10.7,1.0,0.0,0.8,0.9,0.06,0.17,1.0,1.0,0.31,0.2,0.5,0.1,0.6,6.52,0.0,13.0,1.5,0.6,1.4,1442,22,Attacker,0.4444444444444445,0.25,0.0186915887850467,1.4,0.3333333333333333,0.1133333333333333,37.06653225806452,36.99596774193549,25.40322580645161,46.22983870967742,35.23220937141076,True,False,Germany
1146500,Matteo Cancellieri,8543,Lazio,ITA-Serie A,0.4,17.4,2.0,0.0,1.0,1.3,0.1,0.21,1.9,0.0,0.24,1.1,0.6,0.1,0.1,6.86,0.0,11.0,2.1,2.1,0.6,1136,18,Attacker,0.627450980392157,0.34375,0.0229885057471264,0.3157894736842105,0.2857142857142857,0.0999999999999999,30.811070465210804,36.663063961866754,30.78769907253445,45.9994503565754,34.85893078361128,True,False,Italy
1113809,Mika Biereth,9829,Monaco,FRA-Ligue 1,0.1,9.6,4.0,0.0,0.5,1.1,0.11,0.31,1.3,2.0,0.19,0.0,0.7,0.2,0.9,6.37,0.0,15.0,1.8,1.0,0.3,950,20,Attacker,0.4347826086956522,0.0,0.0104166666666666,0.2307692307692307,0.3888888888888888,0.1722222222222222,37.45919243986254,23.8490974762591,35.61837194693862,47.00321934005839,34.57638198005219,True,False,Denmark
1690093,Jan Virgili,8661,Mallorca,ESP-La Liga,0.1,16.1,7.0,0.0,0.5,1.9,0.14,0.12,0.8,4.0,0.0,0.3,0.7,0.1,0.7,6.77,0.0,25.0,1.7,0.8,2.6,1284,19,Attacker,0.5789473684210527,0.2727272727272727,0.0062111801242236,3.25,0.4117647058823529,0.0705882352941176,18.810483870967744,70.06048387096774,21.733870967741936,61.391129032258064,34.32366609686673,True,False,Spain
467486,Moses Simon,6379,Paris FC,FRA-Ligue 1,0.3,16.6,4.0,0.0,0.5,2.5,0.17,0.15,0.6,2.0,0.21,0.6,0.5,0.1,0.6,6.53,0.0,15.0,1.7,0.6,1.0,1309,19,Attacker,0.6666666666666667,0.5,0.0180722891566265,1.6666666666666667,0.2941176470588235,0.088235294117647,23.891129032258064,54.435483870967744,21.814516129032256,58.39717741935485,34.308860289675735,True,False,Nigeria
1030212,Sebastiano Esposito,8529,Cagliari,ITA-Serie A,2.1,24.7,10.0,0.0,0.8,3.1,0.16,0.11,1.8,4.0,0.16,0.4,0.4,0.2,0.3,7.05,0.0,45.0,1.6,1.9,0.7,1720,24,Attacker,0.5609756097560976,0.1739130434782609,0.0850202429149797,0.3888888888888888,0.25,0.0687499999999999,21.131988323541364,65.97453164837601,22.109660791486533,53.91343808890366,34.26187395743249,True,False,Italy
751649,Jack Harrison,8668,Everton,ENG-Premier League,0.6,16.2,6.0,0.0,1.3,3.1,0.14,0.15,0.6,0.0,0.04,0.4,0.3,0.1,0.4,6.44,0.0,33.0,1.3,1.4,1.0,2083,34,Attacker,0.75,0.2222222222222222,0.037037037037037,1.6666666666666667,0.2307692307692307,0.1153846153846153,21.64948453608248,56.09965635738831,24.020618556701027,55.54982817869416,34.03744158889357,False,False,England
817500,Mostafa Mohamed,9830,Nantes,FRA-Ligue 1,0.1,8.6,2.0,0.0,0.8,0.7,0.07,0.25,1.4,0.0,0.28,0.7,0.5,0.3,0.2,6.37,0.0,8.0,2.6,0.7,0.3,965,18,Attacker,0.5,0.5,0.0116279069767441,0.2142857142857143,0.1923076923076923,0.0961538461538461,42.39526752392565,16.690800169973766,47.40628348667923,39.37130491815394,34.02588599787613,True,False,Egypt
881500,Lyle Foster,8191,Burnley,ENG-Premier League,0.4,11.8,1.0,0.0,1.1,0.4,0.03,0.2,1.6,1.0,0.26,0.3,0.4,0.3,0.5,6.29,0.0,8.0,1.3,1.0,0.7,1028,19,Attacker,0.4482758620689654,0.2307692307692307,0.0338983050847457,0.4374999999999999,0.3076923076923077,0.1538461538461538,43.48790322580645,20.463709677419352,34.35483870967742,43.729838709677416,33.99454131158862,True,False,South Africa
970692,Bryan Gil,7732,Girona,ESP-La Liga,0.4,22.6,6.0,0.0,0.6,2.3,0.17,0.13,1.0,3.0,0.0,0.6,0.4,0.0,0.4,6.58,0.0,17.0,1.5,1.9,1.7,1209,21,Attacker,0.7142857142857143,0.24,0.0176991150442477,1.7,0.2666666666666666,0.0866666666666666,18.960388722610208,71.34637235339763,19.514050548719656,64.44742360418283,33.97231275159812,True,False,Spain
1050166,Anthony Elanga,10261,Newcastle United,ENG-Premier League,0.4,24.5,2.0,0.0,0.4,1.4,0.13,0.12,0.5,1.0,0.0,0.2,0.3,0.0,0.2,6.34,0.0,13.0,1.1,1.0,0.8,922,22,Attacker,0.7058823529411765,0.1666666666666666,0.0163265306122449,1.6,0.2727272727272727,0.109090909090909,25.27629974503936,58.72639766470828,23.078880759708827,42.64433913461183,33.86868641384282,True,False,Sweden
601145,Habibou Mouhamadou Diallo,8550,Metz,FRA-Ligue 1,0.6,7.9,0.0,0.0,1.3,0.3,0.02,0.39,1.5,1.0,0.28,0.1,0.8,0.1,0.3,6.61,0.0,6.0,2.0,0.4,0.7,1285,15,Attacker,0.25,0.2,0.0759493670886075,0.4666666666666666,0.4,0.195,66.00806451612902,13.961693548387096,59.35483870967742,18.477822580645164,33.79152686456226,True,False,Senegal
958640,Akor Adams,8302,Sevilla,ESP-La Liga,0.2,9.1,1.0,0.0,1.2,0.3,0.02,0.56,1.4,2.0,0.44,0.0,1.6,0.1,0.6,6.64,0.0,5.0,3.0,0.4,0.6,1226,19,Attacker,0.2222222222222222,0.0,0.0219780219780219,0.4285714285714286,0.5333333333333333,0.1866666666666666,59.3476333000776,10.346113697668404,58.776974097476256,30.034133318553007,33.3841374653332,True,False,Nigeria
286119,Jamie Vardy,7801,Cremonese,ITA-Serie A,0.0,7.9,3.0,0.0,1.1,0.7,0.04,0.21,0.9,1.0,0.27,0.2,0.5,0.2,0.3,6.51,0.0,13.0,1.1,0.5,0.2,1667,21,Attacker,0.4374999999999999,0.2857142857142857,0.0,0.2222222222222222,0.4545454545454545,0.1909090909090909,59.07258064516128,14.41532258064516,40.66532258064516,30.50403225806452,33.135946490007434,True,False,England
557805,Mathias Honsak,94937,1. FC Heidenheim 1846,GER-Bundesliga,0.7,14.8,2.0,0.0,2.2,1.6,0.15,0.14,1.0,0.0,0.0,1.5,0.4,0.1,0.3,6.48,0.0,8.0,2.2,1.6,1.3,937,19,Attacker,0.7560975609756099,0.4838709677419354,0.0472972972972972,1.3,0.1818181818181818,0.0636363636363636,21.40505487196541,47.42279588367882,27.48794479547722,51.27926042936851,33.10744074664361,True,False,Austria
1017401,Roberto Piccoli,8535,Fiorentina,ITA-Serie A,0.0,7.4,0.0,0.0,0.3,0.2,0.02,0.38,1.6,0.0,0.17,0.3,1.1,0.0,0.4,6.39,0.0,8.0,3.0,0.6,0.5,1037,21,Attacker,0.36,0.3333333333333333,0.0,0.3125,0.3666666666666667,0.1266666666666666,49.03017958097772,12.151161179470128,64.31391567823228,27.087120792225548,32.879279907567145,True,False,Italy
620026,Hee-Chan Hwang,8602,Wolverhampton Wanderers,ENG-Premier League,0.9,18.3,1.0,0.0,1.1,0.9,0.07,0.16,1.7,1.0,0.16,0.6,0.5,0.0,0.2,6.37,0.0,10.0,1.2,0.6,0.6,1155,20,Attacker,0.4137931034482758,0.5,0.0491803278688524,0.3529411764705882,0.4166666666666667,0.1333333333333333,38.82056451612903,34.627016129032256,30.020161290322584,26.21975806451613,32.70779842510109,True,False,South Korea
312765,Jack Grealish,8668,Everton,ENG-Premier League,1.0,26.6,5.0,0.0,0.6,3.6,0.2,0.12,0.7,6.0,0.11,0.7,0.4,0.3,0.9,7.21,0.0,38.0,1.4,1.2,1.3,1631,20,Attacker,0.7307692307692308,0.3684210526315789,0.037593984962406,1.8571428571428568,0.2857142857142857,0.0857142857142857,15.705645161290324,83.41733870967742,14.35483870967742,82.60080645161291,32.492060536724715,True,False,England
892679,Chris Führich,10269,VfB Stuttgart,GER-Bundesliga,0.7,34.3,9.0,0.0,0.7,6.0,0.27,0.13,0.4,3.0,0.09,0.3,0.5,0.1,0.4,6.82,0.0,33.0,1.6,0.7,1.8,1986,33,Attacker,0.7142857142857143,0.3,0.0204081632653061,4.5,0.3125,0.08125,18.32474226804124,85.26632302405497,19.261168384879724,44.054982817869416,32.47696300110064,False,False,Germany
1022649,Dan Ndoye,10203,Nottingham Forest,ENG-Premier League,0.5,17.4,2.0,0.0,0.8,1.5,0.13,0.08,1.2,1.0,0.08,0.8,0.3,0.2,0.2,6.59,0.0,13.0,1.2,1.8,1.0,1088,19,Attacker,0.6842105263157895,0.3076923076923077,0.028735632183908,0.8333333333333334,0.25,0.0666666666666666,23.292618150242024,54.38929534789196,21.289167867568267,47.56025292835236,32.47374326929612,True,False,Switzerland
1110045,Gaetano Oristanio,7881,Venezia,ITA-Serie A,0.8,11.3,2.0,0.0,0.2,2.2,0.08,0.17,1.9,3.0,0.12,0.2,0.5,0.0,0.6,6.48,0.0,33.0,1.7,0.7,2.1,2333,37,Attacker,0.3214285714285714,0.2222222222222222,0.0707964601769911,1.105263157894737,0.2941176470588235,0.1,23.479381443298973,53.43642611683848,25.945017182130584,37.5,32.47020949862909,False,False,Italy
604785,Alex Iwobi,9879,Fulham,ENG-Premier League,2.6,43.8,2.0,0.0,0.6,3.1,0.17,0.05,0.2,2.0,0.11,0.5,0.4,0.1,0.3,6.86,0.0,28.0,1.1,1.1,0.6,1697,20,Attacker,0.888888888888889,0.3125,0.0593607305936073,3.0,0.3636363636363636,0.0454545454545454,20.7777916343347,75.7736577615194,14.552063703211028,55.07503325573661,31.92136686540193,True,False,Nigeria
1286471,Roger Brugué,8581,Levante,ESP-La Liga,0.3,16.8,2.0,0.0,1.6,0.7,0.07,0.22,1.1,1.0,0.0,0.4,0.5,0.1,0.2,6.26,0.0,6.0,1.8,1.0,0.9,900,15,Attacker,0.5599999999999999,0.2857142857142857,0.0178571428571428,0.8181818181818181,0.2777777777777778,0.1222222222222222,26.7741935483871,33.82056451612903,32.41935483870968,37.69153225806451,31.88305902917233,True,False,Spain
501543,Franck Honorat,9788,Borussia Mönchengladbach,GER-Bundesliga,0.4,20.0,5.0,0.0,1.1,4.4,0.33,0.04,0.7,5.0,0.0,0.4,0.2,0.2,0.5,6.92,0.0,30.0,0.9,0.9,1.0,1200,16,Attacker,0.65,0.3076923076923077,0.02,1.4285714285714286,0.2222222222222222,0.0444444444444444,18.631480249787533,74.86582234046483,16.52509884343938,55.13413147101208,31.80279076379457,True,False,France
1156568,Amin Sarr,9876,Verona,ITA-Serie A,0.6,15.0,2.0,0.0,0.7,1.0,0.05,0.16,2.2,1.0,0.19,0.1,0.3,0.1,0.4,6.43,0.0,22.0,1.1,1.0,0.7,1918,32,Attacker,0.3333333333333333,0.0909090909090909,0.04,0.3181818181818181,0.2727272727272727,0.1454545454545454,33.230240549828174,33.118556701030926,31.92439862542956,26.958762886597945,31.5245262762816,False,False,Sweden
613334,M'Bala Nzola,7943,Sassuolo,ITA-Serie A,0.5,12.7,0.0,0.0,0.6,0.5,0.04,0.46,1.6,0.0,0.0,0.0,0.0,0.0,0.0,6.49,0.0,0.0,2.4,0.4,1.2,1091,18,Attacker,0.2,0.0,0.0393700787401574,0.7499999999999999,0.0,0.1916666666666666,47.096774193548384,26.764112903225804,50.80645161290323,10.504032258064518,30.869989896113267,True,False,Angola
1119643,Jan Thielmann,8722,1. FC Köln,GER-Bundesliga,1.4,16.5,1.0,0.0,2.6,0.8,0.06,0.13,0.6,1.0,0.21,0.8,0.7,0.2,0.2,6.74,0.0,7.0,1.5,1.1,0.4,1280,19,Attacker,0.76,0.4210526315789473,0.0848484848484848,0.6666666666666667,0.4666666666666666,0.0866666666666666,34.04233870967742,23.891129032258064,23.79032258064516,50.02016129032258,30.76763290505831,True,False,Germany
1580704,Christantus Uche,8305,Getafe,ESP-La Liga,0.3,13.7,7.0,0.0,0.7,3.1,0.11,0.13,2.0,6.0,0.14,0.4,0.5,0.1,0.9,6.66,0.0,29.0,1.8,1.3,1.2,2501,33,Attacker,0.4594594594594595,0.2352941176470588,0.0218978102189781,0.6,0.2777777777777778,0.0722222222222222,16.786941580756015,50.6872852233677,20.13745704467354,66.8298969072165,30.52892743050748,False,False,Nigeria
1072864,Tolu Arokodare,8602,Wolverhampton Wanderers,ENG-Premier League,0.1,11.0,0.0,0.0,2.0,0.3,0.03,0.24,1.1,0.0,0.16,0.2,0.7,0.1,0.3,6.54,0.0,9.0,2.6,0.5,1.4,1092,23,Attacker,0.3888888888888888,0.2857142857142857,0.009090909090909,1.2727272727272725,0.2692307692307692,0.0923076923076923,26.512096774193548,28.830645161290324,39.97983870967742,27.27822580645161,30.17312532310476,True,False,Nigeria
1047670,Andrej Ilic,8149,1. FC Union Berlin,GER-Bundesliga,0.1,9.6,5.0,0.0,1.0,1.4,0.09,0.48,1.5,7.0,0.06,0.0,0.8,0.3,0.4,6.56,0.0,22.0,2.8,0.1,0.2,1408,21,Attacker,0.0625,0.0,0.0104166666666666,0.1333333333333333,0.2857142857142857,0.1714285714285714,35.48338598824964,22.16991371983889,46.25009237704615,19.80563869489709,29.997456964473933,True,False,Serbia
844437,Amine Gouiri,9851,Rennes,FRA-Ligue 1,0.4,0.0,0.0,0.0,0.3,0.0,0.0,0.0,0.0,0.0,0.0,0.0,0.0,0.0,0.0,0.0,0.0,0.0,0.0,0.6,0.0,2088,33,Attacker,1.0,0.0,0.0,0.0,0.0,0.0,30.380870561282933,24.083619702176406,30.12600229095074,35.50687285223368,29.51266075536016,False,False,Algeria
1292833,Tyler Dibling,8466,Southampton,ENG-Premier League,0.7,23.7,3.0,0.0,0.8,1.5,0.07,0.12,1.4,0.0,0.1,0.4,0.4,0.2,0.2,6.47,0.0,20.0,1.3,1.6,2.2,1874,33,Attacker,0.5882352941176471,0.2,0.0295358649789029,1.5714285714285716,0.3076923076923077,0.0923076923076923,19.61340206185567,58.67697594501718,18.38487972508591,41.3745704467354,29.46759606673869,False,False,England
384413,Rubén Garcia,8371,Osasuna,ESP-La Liga,1.6,26.9,7.0,0.0,1.1,3.6,0.24,0.09,1.5,5.0,0.13,0.7,0.3,0.0,0.7,6.93,0.0,26.0,1.3,2.4,0.5,1357,22,Attacker,0.6739130434782609,0.2258064516129032,0.0594795539033457,0.3333333333333333,0.2307692307692307,0.0692307692307692,17.38328160218749,68.50554724162141,12.634454790673614,64.96284133318552,29.43696919994232,True,False,Spain
887703,Wilson Isidor,8472,Sunderland,ENG-Premier League,0.0,5.2,0.0,0.0,1.2,0.1,0.01,0.32,1.2,0.0,0.36,0.0,1.2,0.1,0.3,6.31,0.0,0.0,3.2,0.7,0.5,1011,23,Attacker,0.3684210526315789,0.0,0.0,0.4166666666666667,0.3749999999999999,0.0999999999999999,49.96975806451613,7.157258064516129,61.75403225806451,25.28225806451613,28.28318701867732,True,False,Haiti
1296413,Henrik Meister,6479,Pisa,ITA-Serie A,0.1,5.3,1.0,0.0,0.4,0.1,0.01,0.25,1.5,0.0,0.15,0.0,0.5,0.0,0.4,6.17,0.0,2.0,1.2,0.2,0.7,1231,20,Attacker,0.1176470588235294,0.0,0.0188679245283018,0.4666666666666666,0.4166666666666667,0.2083333333333333,52.590725806451616,11.54233870967742,43.00403225806451,19.00201612903226,27.924373241354115,True,False,Denmark
1082102,Igor Jesus,10203,Nottingham Forest,ENG-Premier League,0.4,11.4,3.0,0.0,1.2,0.9,0.05,0.27,1.8,1.0,0.13,0.1,0.6,0.1,0.5,6.33,0.0,6.0,2.9,1.1,0.4,1438,25,Attacker,0.4000000000000001,0.0833333333333333,0.0350877192982456,0.2222222222222222,0.2068965517241379,0.093103448275862,25.846774193548384,14.768145161290324,41.3508064516129,38.2258064516129,27.33038313860001,True,False,Brazil
821100,Jørgen Strand Larsen,9826,Crystal Palace,ENG-Premier League,0.2,11.4,0.0,0.0,1.4,0.5,0.03,0.21,2.0,0.0,0.17,0.2,0.6,0.0,0.0,6.18,0.0,0.0,1.5,0.0,0.0,1585,24,Attacker,0.0909090909090909,1.0,0.0175438596491228,0.0,0.3999999999999999,0.1399999999999999,56.12337416398773,11.86906477478476,47.76281269630122,10.933747182500094,26.35563813100044,True,False,Norway
1368654,Chemsdine Talbi,8472,Sunderland,ENG-Premier League,0.9,19.6,0.0,0.0,1.0,0.6,0.05,0.11,0.2,1.0,0.25,0.2,0.5,0.0,0.2,6.59,0.0,10.0,1.4,0.6,1.1,1084,20,Attacker,0.8,0.25,0.0459183673469387,5.5,0.3571428571428571,0.0785714285714285,24.41532258064516,41.02822580645161,14.576612903225808,33.891129032258064,26.0916045028563,True,False,Morocco
1030646,Gennaro Borrelli,8529,Cagliari,ITA-Serie A,0.6,11.6,1.0,0.0,1.4,0.3,0.03,0.19,3.5,1.0,0.26,0.3,0.5,0.2,0.2,6.45,0.0,10.0,1.9,1.3,0.5,1033,22,Attacker,0.3137254901960785,0.1874999999999999,0.0517241379310344,0.1428571428571428,0.2631578947368421,0.1,30.201612903225804,17.792338709677416,28.04435483870968,29.455645161290324,25.84415706297343,True,False,Italy
1178314,Nikola Stulic,9888,Lecce,ITA-Serie A,0.2,11.7,2.0,0.0,0.7,0.8,0.06,0.16,1.9,0.0,0.14,0.1,0.3,0.3,0.8,6.33,0.0,17.0,1.7,0.8,0.3,1306,23,Attacker,0.3214285714285714,0.1111111111111111,0.017094017094017,0.1578947368421052,0.1764705882352941,0.0941176470588235,18.28629032258064,26.562500000000004,19.798387096774192,48.04435483870967,24.84224531084129,True,False,Serbia
940446,Brian Brobbey,8472,Sunderland,ENG-Premier League,0.1,8.4,1.0,0.0,0.6,0.3,0.02,0.21,1.1,1.0,0.4,0.0,0.8,0.3,0.2,6.55,0.0,6.0,1.6,0.6,0.1,1131,21,Attacker,0.3529411764705882,0.0,0.0119047619047619,0.0909090909090909,0.5,0.1312499999999999,59.5866935483871,5.594758064516129,41.471774193548384,21.038306451612907,24.46416645790477,True,False,Netherlands
1181101,Tyrhys Dolan,8558,Espanyol,ESP-La Liga,0.2,18.6,4.0,0.0,0.5,2.6,0.15,0.1,1.4,3.0,0.06,0.5,0.4,0.0,0.7,6.82,0.0,20.0,1.4,2.4,1.3,1517,23,Attacker,0.6744186046511628,0.1724137931034483,0.010752688172043,0.9285714285714288,0.2857142857142857,0.0714285714285714,10.735887096774196,65.12096774193549,10.403225806451612,70.04032258064515,24.32446101887042,True,False,England
655575,Jacob Bruun Larsen,8191,Burnley,ENG-Premier League,0.3,20.6,2.0,0.0,1.2,1.1,0.11,0.12,0.1,1.0,0.0,0.6,0.4,0.1,0.4,6.34,0.0,10.0,1.5,1.2,0.9,913,21,Attacker,0.9473684210526316,0.3333333333333333,0.0145631067961165,9.0,0.2666666666666666,0.08,10.97782258064516,47.78225806451613,13.891129032258064,60.453629032258064,23.655949878625577,True,False,Denmark
415539,Matteo Politano,9875,Napoli,ITA-Serie A,0.6,29.2,6.0,0.0,0.6,3.0,0.19,0.09,0.9,3.0,0.0,0.2,0.4,0.1,0.5,6.92,0.0,24.0,2.2,0.7,1.6,1400,22,Attacker,0.5,0.2222222222222222,0.0205479452054794,1.777777777777778,0.1818181818181818,0.0409090909090909,6.955344935890331,78.59773953368067,17.276216605697815,47.86962365591398,23.54627861532268,True,False,Italy
1039403,Santiago Pierotti,9888,Lecce,ITA-Serie A,0.3,17.0,1.0,0.0,0.8,0.8,0.05,0.1,2.4,0.0,0.0,0.6,0.2,0.2,0.8,6.37,0.0,12.0,1.3,3.0,1.2,1552,24,Attacker,0.6,0.1666666666666666,0.0176470588235294,0.5,0.1538461538461538,0.0769230769230769,12.048322432841887,40.60052008276983,12.549190777075712,69.98789860695415,23.44603423789665,True,False,Argentina
1076756,Brennan Johnson,8586,Tottenham Hotspur,ENG-Premier League,0.0,0.0,1.0,0.0,0.0,0.0,0.0,0.0,0.0,0.0,0.17,0.0,0.0,0.1,0.0,0.0,0.0,0.0,0.0,0.0,0.0,1057,23,Attacker,0.0,0.0,0.0,0.0,0.0,0.0,29.383498688245947,14.499847577873853,21.91183534715294,33.12573901636921,23.440923370822365,True,False,Wales
1431818,Lilian Rao-Lisoa,8121,Angers,FRA-Ligue 1,1.3,23.5,4.0,0.0,2.2,1.4,0.12,0.06,1.3,1.0,0.17,0.7,0.4,0.2,0.5,6.69,0.0,14.0,1.0,2.5,1.0,1031,20,Attacker,0.7111111111111111,0.2187499999999999,0.0553191489361702,0.7692307692307692,0.4,0.06,16.14411281084876,56.97885489413591,7.085642759487123,59.57647433765658,23.385273697245868,True,False,France
1541825,Adrián Liso,8305,Getafe,ESP-La Liga,0.1,10.2,0.0,0.0,0.3,0.3,0.02,0.12,2.1,0.0,0.2,0.2,0.5,0.1,0.7,6.36,0.0,3.0,1.5,1.1,0.9,1357,20,Attacker,0.3823529411764705,0.1538461538461538,0.0098039215686274,0.4285714285714285,0.3333333333333333,0.08,21.31048387096774,17.48991935483871,16.129032258064516,49.83870967741936,22.422827743286334,True,False,Spain
971787,Haissem Hassan,8670,Real Oviedo,ESP-La Liga,2.3,18.5,1.0,0.0,0.4,2.7,0.19,0.09,0.4,2.0,0.0,0.2,0.4,0.0,0.8,6.61,0.0,15.0,1.9,1.4,3.2,1307,22,Attacker,0.7999999999999999,0.125,0.1243243243243243,8.0,0.2105263157894737,0.0473684210526315,5.141129032258065,69.55645161290323,14.677419354838708,76.27016129032258,21.98038345155084,True,False,Egypt
933576,Antoine Semenyo,8678,Bournemouth,ENG-Premier League,0.9,0.0,0.0,0.0,0.0,0.0,0.0,0.0,0.0,0.0,0.0,0.0,0.0,0.1,0.0,0.0,0.0,0.0,0.0,0.0,0.0,2247,25,Attacker,0.0,0.0,0.0,0.0,0.0,0.0,14.356039611277389,25.49641115175701,19.420426412445035,36.93444462919854,21.591417881038407,True,False,Ghana
823825,Randal Kolo Muani,8586,Tottenham Hotspur,ENG-Premier League,0.2,11.5,0.0,0.0,0.9,1.2,0.11,0.12,1.8,0.0,0.0,0.2,0.2,0.0,0.7,6.27,0.0,13.0,1.0,1.7,1.3,1028,18,Attacker,0.5135135135135135,0.1052631578947368,0.017391304347826,0.7222222222222222,0.2,0.12,12.18365480545394,32.89061633965192,14.032350441562285,46.27741288844549,21.12796645354111,True,False,France
933817,Riccardo Sottil,9888,Lecce,ITA-Serie A,0.7,17.7,6.0,0.0,0.3,2.6,0.24,0.06,0.9,2.0,0.09,0.2,0.3,0.0,0.3,6.54,0.0,23.0,1.7,0.4,1.2,995,19,Attacker,0.4000000000000001,0.3333333333333333,0.03954802259887,1.3333333333333333,0.1764705882352941,0.0352941176470588,7.793574252669696,51.6638260724975,15.63398366773824,40.34094058308392,20.67684452178776,True,False,Italy
821100,Jørgen Strand Larsen,8602,Wolverhampton Wanderers,ENG-Premier League,0.0,0.0,1.0,0.0,0.0,0.0,0.0,0.0,0.0,1.0,0.0,0.0,0.0,0.3,0.2,0.0,0.0,7.0,0.0,0.3,0.3,1585,24,Attacker,1.0,0.0,0.0,0.0,0.0,0.0,29.04676126076192,10.625785204892289,23.51550086834424,23.17837083841407,20.48211086163499,True,False,Norway
1355574,Giovane Nascimento,9875,Napoli,ITA-Serie A,0.6,14.7,0.0,0.0,0.0,1.8,0.1,0.18,1.3,5.0,0.0,0.0,0.0,0.0,0.0,6.61,0.0,31.0,2.7,0.0,1.8,1610,25,Attacker,0.0,0.0,0.0408163265306122,1.3846153846153846,0.0,0.0666666666666666,10.786290322580644,63.91129032258065,24.354838709677423,9.768145161290324,20.223893217180866,True,False,Brazil
939061,Giorgi Tsitaishvili,8550,Metz,FRA-Ligue 1,0.7,19.5,4.0,0.0,1.5,3.2,0.18,0.06,0.7,1.0,0.12,0.4,0.2,0.1,0.2,6.67,0.0,25.0,1.1,0.7,1.2,1546,22,Attacker,0.6111111111111112,0.3636363636363636,0.0358974358974358,1.7142857142857144,0.1818181818181818,0.0545454545454545,7.348790322580645,70.6149193548387,4.173387096774194,37.54032258064516,15.563620803602916,True,False,Georgia
933817,Riccardo Sottil,9888,Lecce,ITA-Serie A,0.7,17.7,6.0,0.0,0.3,2.6,0.24,0.06,0.9,2.0,0.09,0.2,0.3,0.0,0.3,6.54,0.0,23.0,1.7,0.4,1.2,995,19,Attacker,0.4000000000000001,0.3333333333333333,0.03954802259887,1.3333333333333333,0.1764705882352941,0.0352941176470588,5.342256955991576,59.3957848353841,8.010845065218193,26.936015038983115,14.919098817647397,True,False,Italy
613334,M'Bala Nzola,6479,Pisa,ITA-Serie A,0.0,0.0,0.0,0.0,0.0,0.0,0.0,0.0,0.0,0.0,0.25,0.1,0.6,0.1,0.7,0.0,0.0,15.0,0.0,0.0,0.0,1091,18,Attacker,1.0,1.0,0.0,0.0,0.0,0.0,11.471774193548388,11.49193548387097,8.649193548387096,50.12096774193548,14.36267274867084,True,False,Angola
1355574,Giovane Nascimento,9876,Verona,ITA-Serie A,0.0,0.0,6.0,0.0,0.6,0.0,0.0,0.0,0.0,0.0,0.17,0.3,1.4,0.1,0.7,0.0,0.0,0.0,0.0,0.7,0.0,1610,25,Attacker,1.0,0.3,0.0,0.0,0.0,0.0,7.288306451612903,1.2600806451612905,27.096774193548388,64.3850806451613,10.089601638922984,True,False,Brazil
844437,Amine Gouiri,9851,Rennes,FRA-Ligue 1,0.4,0.0,0.0,0.0,0.3,0.0,0.0,0.0,0.0,0.0,0.0,0.0,0.0,0.0,0.0,0.0,0.0,0.0,0.0,0.6,0.0,2088,33,Attacker,1.0,0.0,0.0,0.0,0.0,0.0,4.252577319587629,3.264604810996564,3.95189003436426,28.651202749140896,5.723782257457043,False,False,Algeria
1530314,Geovany Quenda,9768,Sporting Lisbon,POR-Liga Portugal,1.9,31.2,3.0,0.0,1.1,2.1,0.28,0.2,0.5,4.0,0.14,0.5,0.7,0.0,0.7,7.1,0.0,15.0,1.8,1.6,1.6,661,13,Attacker,0.8076923076923077,0.238095238095238,0.0608974358974358,3.2,0.3888888888888888,0.1111111111111111,67.00202570709918,77.28348682455818,71.20705091017147,65.36287987521443,70.15280532490658,True,True,Portugal
784510,Federico Chiesa,8650,Liverpool,ENG-Premier League,0.4,24.5,2.0,0.0,2.5,0.5,0.18,0.44,2.8,1.0,0.71,1.4,1.1,0.7,0.0,0.0,0.0,2.0,4.6,2.8,0.7,253,20,Attacker,0.6,0.3333333333333333,0.0163265306122449,0.25,0.2391304347826087,0.0956521739130434,53.509567169967056,35.84244957742347,56.59026352959247,36.2999162146165,45.42504913764791,True,True,Italy
