player_id,player,team_id,team,league,accurate_long_balls,accurate_pass,big_chance_created,clean_sheet,effective_clearance,expected_assists,expected_assists_per_90,expected_goals_per_90,fouls,goal_assist,goals_per_90,interception,ontarget_scoring_att,outfielder_block,poss_won_att_3rd,rating,saves,total_att_assist,total_scoring_att,total_tackle,won_contest,minutes_played,matches_played,position,clean_defend_rate,interception_share,progressive_pass_share,carry_to_foul_ratio,tempo_circulation,switch_range,press_resistance,rest_defence_screen,composite_score,has_primary_season
460632,Joshua Kimmich,9823,Bayern München,GER-Bundesliga,6.4,96.4,15.0,0.0,0.7,10.0,0.41,0.1,0.3,6.0,0.08,0.9,0.4,0.2,0.3,7.62,0.0,52.0,1.1,1.2,0.5,2190,28,Midfielder,0.8750000000000001,0.42857142857142855,0.06639004149377593,1.6666666666666667,92.64668635740624,92.50200446580827,91.95050932092687,78.88624415230078,89.51082168212841,True
1061249,Vitinha,9847,Paris Saint-Germain,FRA-Ligue 1,7.5,109.8,8.0,0.0,1.0,3.7,0.16,0.04,0.6,7.0,0.04,1.1,0.4,0.2,0.7,7.6,0.0,34.0,1.4,1.1,0.5,2053,28,Midfielder,0.7857142857142857,0.5,0.06830601092896176,0.8333333333333334,93.81364581121345,93.78073138871191,89.62894216971358,76.47179912871694,89.0267536781748,True
31097,Luka Modric,8564,Milan,ITA-Serie A,5.6,64.2,6.0,0.0,1.1,4.7,0.15,0.05,0.7,3.0,0.06,1.3,0.3,0.3,0.5,7.6,0.0,50.0,0.6,1.6,0.5,2788,33,Midfielder,0.8055555555555556,0.44827586206896547,0.08722741433021806,0.7142857142857143,95.41958649446921,96.78861411941854,76.99896398396426,86.58779431542503,89.01432086234578,True
1083323,Pedri,8634,Barcelona,ESP-La Liga,4.1,79.7,8.0,0.0,1.0,5.0,0.22,0.07,0.4,8.0,0.09,1.0,0.4,0.1,0.8,7.77,0.0,59.0,0.9,2.2,1.7,2017,28,Midfielder,0.888888888888889,0.3125,0.051442910915934746,4.25,85.59206064232995,84.95366241320953,97.24012406452898,73.46985901173078,85.54778880568124,True
605654,Fabián Ruiz,9847,Paris Saint-Germain,FRA-Ligue 1,4.9,91.3,2.0,0.0,0.6,1.8,0.16,0.11,0.1,3.0,0.09,0.9,0.3,0.0,0.5,6.99,0.0,18.0,1.6,1.2,0.2,1039,19,Midfielder,0.9545454545454545,0.42857142857142855,0.053669222343921144,2.0,84.30770319749298,83.8539442610503,96.3843555143723,76.59166811451516,85.40415377263412,True
207236,Granit Xhaka,8472,Sunderland,ENG-Premier League,4.3,46.4,9.0,0.0,2.7,3.4,0.11,0.03,0.7,6.0,0.03,1.0,0.2,0.7,0.3,7.25,0.0,34.0,0.7,1.6,0.4,2723,32,Midfielder,0.787878787878788,0.3846153846153846,0.09267241379310345,0.5714285714285715,89.61849192100539,97.96229802513466,73.20017953321364,78.60412926391382,84.85963106735107,True
642551,Aleix García,8178,Bayer 04 Leverkusen,GER-Bundesliga,6.0,95.0,13.0,0.0,1.0,6.0,0.21,0.08,0.3,7.0,0.1,0.8,0.2,0.2,0.3,7.47,0.0,47.0,1.0,0.9,0.1,2592,32,Midfielder,0.8500000000000001,0.47058823529411764,0.06315789473684211,0.33333333333333337,91.30236224525912,91.3942394934461,74.32553747353654,76.71250555008591,83.77839927939054,True
1565010,Arthur Avom,8689,Lorient,FRA-Ligue 1,3.3,45.1,4.0,0.0,1.1,3.2,0.14,0.05,1.0,1.0,0.09,1.3,0.3,0.1,0.6,7.0,0.0,31.0,0.9,2.4,0.9,2091,30,Midfielder,0.7872340425531915,0.35135135135135137,0.07317073170731707,0.9,85.31418312387794,91.83123877917416,72.4326750448833,81.86265709156193,82.72842958315047,True
115067,Nemanja Matic,7943,Sassuolo,ITA-Serie A,3.6,49.6,1.0,0.0,1.6,1.4,0.05,0.01,0.8,1.0,0.03,0.9,0.1,0.3,0.4,6.93,0.0,20.0,0.4,1.5,0.4,2581,32,Midfielder,0.7499999999999999,0.375,0.07258064516129033,0.5,88.59066427289048,93.13285457809695,70.11669658886895,70.28276481149013,80.78249182658216,True
641595,Nikola Moro,9857,Bologna,ITA-Serie A,7.5,56.8,2.0,0.0,1.6,2.2,0.11,0.05,0.8,0.0,0.1,0.8,0.2,0.3,0.4,7.01,0.0,26.0,1.1,1.5,0.6,1752,28,Midfielder,0.7419354838709677,0.3478260869565218,0.13204225352112678,0.7499999999999999,93.91973127931892,99.48311808652342,66.14806342219906,60.01909229551553,79.80894460836151,True
650616,Mathias Jensen,9937,Brentford,ENG-Premier League,4.0,36.8,11.0,0.0,1.5,5.8,0.25,0.1,0.8,1.0,0.13,0.9,0.3,0.2,0.4,6.79,0.0,29.0,1.2,1.7,0.8,2106,34,Midfielder,0.7647058823529411,0.34615384615384615,0.10869565217391305,1.0,78.92280071813286,97.9802513464991,73.4290843806104,69.43895870736087,79.75043342200648,True
1338192,Pablo Barrios,9906,Atlético de Madrid,ESP-La Liga,2.4,50.6,3.0,0.0,0.6,2.1,0.11,0.1,0.6,1.0,0.05,1.5,0.3,0.1,0.6,7.18,0.0,20.0,1.2,1.6,1.8,1666,23,Midfielder,0.8378378378378378,0.48387096774193544,0.04743083003952569,3.0,74.87168844874294,70.5285773118923,85.00575600213637,90.52140563566984,79.08587251773945,True
413525,Laurent Abergel,8689,Lorient,FRA-Ligue 1,3.9,56.3,2.0,0.0,1.7,0.9,0.04,0.03,1.0,0.0,0.04,1.1,0.2,0.2,0.4,6.91,0.0,15.0,0.9,1.4,0.3,2258,27,Midfielder,0.7142857142857143,0.44000000000000006,0.06927175843694494,0.3,90.31418312387792,92.33842010771994,59.26391382405744,75.39497307001794,78.838519064971,True
500520,Nabil Bentaleb,8639,Lille,FRA-Ligue 1,3.6,56.4,4.0,0.0,2.8,2.1,0.15,0.09,1.0,2.0,0.15,1.1,0.4,0.4,0.4,6.86,0.0,11.0,1.2,1.2,0.4,1233,25,Midfielder,0.6969696969696969,0.47826086956521746,0.06382978723404256,0.4,87.95780969479355,89.09335727109516,63.554757630161575,74.55116696588868,78.70848605435026,True
743533,Federico Valverde,8633,Real Madrid,ESP-La Liga,2.2,55.1,8.0,0.0,1.7,4.7,0.16,0.1,0.6,8.0,0.17,0.8,0.7,0.3,0.4,7.61,0.0,43.0,1.7,1.4,0.7,2656,32,Midfielder,0.7857142857142857,0.36363636363636365,0.039927404718693285,1.1666666666666667,77.01369342934179,71.48300869352586,88.48628726601159,79.13191186785326,78.68834595695529,True
1185211,Mamadou Sangaré,8588,Lens,FRA-Ligue 1,3.2,48.4,3.0,0.0,1.1,2.0,0.08,0.13,1.4,4.0,0.12,1.5,0.5,0.2,1.0,7.69,0.0,38.0,2.0,3.3,1.2,2327,29,Midfielder,0.7741935483870969,0.3125,0.06611570247933884,0.8571428571428572,85.22441651705566,88.53231597845601,62.643626570915615,78.254039497307,78.31865911462113,True
675088,Rodri,8456,Manchester City,ENG-Premier League,5.4,87.3,2.0,0.0,2.5,2.5,0.16,0.05,0.8,0.0,0.06,0.8,0.1,0.2,0.5,7.47,0.0,23.0,0.8,2.5,0.4,1423,20,Midfielder,0.8048780487804879,0.24242424242424246,0.06185567010309279,0.5,89.87432675044883,89.87432675044883,73.72531418312387,57.764811490125666,78.29543433127981,True
1478148,Leon Avdullahu,8226,TSG 1899 Hoffenheim,GER-Bundesliga,3.1,58.0,2.0,0.0,1.5,2.4,0.08,0.02,0.8,1.0,0.0,1.1,0.1,0.2,0.7,7.12,0.0,22.0,0.5,1.5,0.3,2748,32,Midfielder,0.7647058823529411,0.4230769230769231,0.05344827586206897,0.37499999999999994,82.52244165170556,80.64631956912028,67.99820466786356,80.4443447037702,77.77521567935976,True
422685,Bruno Fernandes,10260,Manchester United,ENG-Premier League,4.1,48.1,30.0,0.0,1.3,11.3,0.35,0.33,0.8,19.0,0.25,0.6,0.7,0.2,0.5,8.0,0.0,124.0,2.5,1.6,0.5,2886,33,Midfielder,0.7333333333333334,0.2727272727272727,0.08523908523908523,0.625,89.92232775429046,97.10627207968959,72.81399329485275,50.111056414612314,77.35929561744997,True
683450,Pablo Fornals,8603,Real Betis,ESP-La Liga,2.9,48.2,10.0,0.0,0.6,5.9,0.19,0.12,1.0,6.0,0.26,1.1,0.5,0.1,0.9,7.43,0.0,82.0,1.4,1.3,0.8,2785,36,Midfielder,0.7058823529411765,0.4583333333333333,0.060165975103734434,0.8,77.85097456291064,79.85804649845885,71.10672252144424,79.1406986995103,76.84516156207773,True
179515,Téji Savanier,10249,Montpellier,FRA-Ligue 1,7.2,38.1,16.0,0.0,0.8,7.7,0.3,0.16,0.8,5.0,0.08,0.6,0.7,0.0,0.7,7.04,0.0,70.0,1.8,1.2,1.1,2339,31,Midfielder,0.6923076923076923,0.33333333333333337,0.1889763779527559,1.375,80.60215053763442,100.0,77.5268817204301,50.844086021505376,76.82722677815113,False
951714,Adrián Bernabé,10167,Parma,ITA-Serie A,2.7,38.8,7.0,0.0,0.9,3.1,0.11,0.08,0.5,1.0,0.11,0.6,0.4,0.2,0.4,7.01,0.0,55.0,1.8,1.4,0.5,2493,32,Midfielder,0.8,0.3,0.0695876288659794,1.0,81.5212447636146,90.11488195208585,82.57787494449914,52.259422276275224,76.72364315604992,True
1305543,Kévin Danois,8583,Auxerre,FRA-Ligue 1,2.9,41.7,10.0,0.0,0.5,4.6,0.15,0.07,1.0,1.0,0.1,1.2,0.3,0.1,0.6,7.2,0.0,52.0,0.8,2.5,1.1,2745,32,Midfielder,0.7872340425531915,0.3243243243243243,0.06954436450839328,1.1,77.39378905169141,87.41750481007448,66.98403505723827,75.39829990412026,76.55553068972388,True
1020963,Nicolò Rovella,8543,Lazio,ITA-Serie A,3.5,60.9,6.0,0.0,1.4,2.1,0.07,0.05,1.4,3.0,0.0,1.6,0.3,0.1,0.3,7.15,0.0,31.0,0.9,2.8,0.6,2728,33,Midfielder,0.7586206896551724,0.36363636363636365,0.05747126436781609,0.4285714285714286,85.66129032258065,86.31182795698925,54.17204301075268,84.95698924731182,76.40760527569128,False
75307,Dani Parejo,10205,Villarreal,ESP-La Liga,3.5,50.0,3.0,0.0,1.0,1.3,0.09,0.01,1.1,0.0,0.0,0.8,0.0,0.5,0.1,6.73,0.0,22.0,0.1,2.7,0.6,1306,30,Midfielder,0.7608695652173914,0.2285714285714286,0.07,0.5454545454545454,88.72449695308326,92.15233940142726,64.81762900330109,58.11946358821901,76.08994313731893,True
298915,Maximilian Arnold,8721,VfL Wolfsburg,GER-Bundesliga,3.8,42.3,11.0,0.0,3.6,4.1,0.2,0.02,0.8,4.0,0.05,1.2,0.2,0.6,0.1,6.87,0.0,29.0,0.7,1.1,0.2,1854,25,Midfielder,0.7419354838709677,0.5217391304347826,0.08983451536643026,0.25,83.9223502763782,96.9398628083113,52.16518020887628,76.31671525002734,75.79804485055833,True
156008,Jordan Henderson,9937,Brentford,ENG-Premier League,3.4,41.7,8.0,0.0,1.7,2.4,0.12,0.02,0.6,3.0,0.05,0.8,0.0,0.3,0.3,6.71,0.0,18.0,0.3,1.3,0.1,1835,30,Midfielder,0.7777777777777778,0.38095238095238093,0.08153477218225419,0.16666666666666669,83.26750448833036,93.48743267504489,58.18222621184918,70.12567324955117,75.71884234871406,True
1071186,Angelo Stiller,10269,VfB Stuttgart,GER-Bundesliga,2.6,68.1,9.0,0.0,1.6,7.2,0.25,0.1,0.5,5.0,0.07,0.9,0.3,0.2,0.5,7.31,0.0,54.0,0.6,1.6,0.5,2654,33,Midfielder,0.8333333333333334,0.36,0.03817914831130691,1.0,73.3854333571424,68.14623591565156,87.45565079181226,75.53338416890278,75.70388801391357,True
1113724,Tyler Morton,9748,Lyon,FRA-Ligue 1,3.6,47.5,3.0,0.0,1.5,3.8,0.13,0.06,1.0,2.0,0.07,0.8,0.3,0.5,0.5,7.13,0.0,28.0,1.0,1.7,0.5,2524,29,Midfielder,0.7142857142857143,0.32,0.07578947368421053,0.5,87.45960502692998,93.77917414721725,63.868940754039485,56.80879712746858,75.47000896768611,True
571615,Unai López,8370,Rayo Vallecano,ESP-La Liga,4.3,50.9,3.0,0.0,1.3,1.4,0.08,0.05,2.0,4.0,0.0,1.2,0.2,0.2,0.4,6.9,0.0,33.0,1.3,1.6,0.7,1536,27,Midfielder,0.5833333333333334,0.4285714285714286,0.08447937131630648,0.35,88.34854539487655,91.30486219699749,53.21968366119058,67.72525626918399,74.41346044719046,True
957203,Éderson,8524,Atalanta,ITA-Serie A,3.2,48.5,3.0,0.0,1.6,1.6,0.07,0.18,1.4,1.0,0.08,1.0,0.5,0.3,0.4,7.14,0.0,25.0,1.5,2.3,0.6,2145,29,Midfielder,0.7021276595744681,0.30303030303030304,0.06597938144329897,0.4285714285714286,84.89713197299925,87.24003719361917,58.47390011775834,65.54504095802525,73.94270762006434,True
1339269,Hugo Larsson,9810,Eintracht Frankfurt,GER-Bundesliga,2.3,44.2,1.0,0.0,1.9,1.4,0.07,0.07,0.3,2.0,0.1,1.5,0.3,0.2,0.1,6.93,0.0,19.0,0.6,0.9,0.2,1820,25,Midfielder,0.888888888888889,0.625,0.05203619909502262,0.6666666666666667,68.89348339478646,66.77694446053165,74.09151689478324,92.13405468362902,73.77958998679256,True
614449,Nadiem Amiri,9905,1. FSV Mainz 05,GER-Bundesliga,2.8,38.6,14.0,0.0,0.4,7.1,0.32,0.41,0.9,2.0,0.49,0.9,1.0,0.1,0.6,7.56,0.0,61.0,2.3,1.3,1.1,2022,25,Midfielder,0.7096774193548387,0.40909090909090906,0.07253886010362694,1.2222222222222223,80.45244622047194,89.98053448131634,68.17453652760885,55.14495215665077,73.60471232197509,True
1436305,Lamine Camara,9829,Monaco,FRA-Ligue 1,2.8,50.0,8.0,0.0,0.8,4.3,0.22,0.09,1.3,4.0,0.05,1.9,0.1,0.3,1.0,7.47,0.0,32.0,1.1,2.7,0.8,1761,23,Midfielder,0.7796610169491526,0.41304347826086957,0.055999999999999994,0.6153846153846154,82.08895581166388,82.81148047334995,52.57007264982014,81.77986911449585,73.53972189441188,True
262592,Moi Gómez,8371,Osasuna,ESP-La Liga,4.1,56.8,4.0,0.0,0.7,1.7,0.14,0.03,1.5,2.0,0.0,0.9,0.2,0.1,0.8,6.84,0.0,16.0,0.9,1.6,0.9,1144,24,Midfielder,0.625,0.36,0.0721830985915493,0.6,92.03321364452424,94.1068222621185,57.001795332136446,52.59874326750449,73.41010757301747,True
282472,Sergi Darder,8661,Mallorca,ESP-La Liga,2.7,31.2,12.0,0.0,0.6,4.8,0.17,0.07,0.7,5.0,0.04,0.9,0.4,0.2,0.4,7.0,0.0,56.0,1.2,0.9,1.2,2509,36,Midfielder,0.72,0.5,0.08653846153846155,1.7142857142857144,65.10791940953521,89.63365893837313,73.4707598952401,63.52816226198979,72.3318907778235,True
872396,Pathé Ciss,8370,Rayo Vallecano,ESP-La Liga,4.1,47.8,0.0,0.0,3.6,0.3,0.02,0.16,1.4,0.0,0.1,1.7,0.3,0.7,0.1,6.95,0.0,11.0,0.9,2.5,0.4,1876,27,Midfielder,0.7500000000000001,0.4047619047619047,0.08577405857740586,0.28571428571428575,84.78321525324479,91.24445795769708,42.30624891411362,82.34083962343068,72.15538975468176,True
1287373,Jobe Bellingham,9789,Borussia Dortmund,GER-Bundesliga,1.9,46.5,2.0,0.0,1.3,1.2,0.07,0.05,0.7,1.0,0.0,2.0,0.3,0.4,0.5,6.87,0.0,7.0,0.9,2.2,0.7,1701,31,Midfielder,0.8571428571428571,0.47619047619047616,0.040860215053763436,1.0,65.41741472172352,56.48114901256733,81.88509874326749,96.84919210053859,72.14468035708705,True
530197,Manolis Saliakas,8152,FC St. Pauli,GER-Bundesliga,2.4,31.2,1.0,0.0,2.1,1.4,0.12,0.05,0.3,3.0,0.08,1.1,0.2,0.1,0.6,7.05,0.0,12.0,1.3,2.4,0.4,1110,17,Midfielder,0.9210526315789475,0.31428571428571433,0.07692307692307693,1.3333333333333335,64.2654388911411,87.32832699497436,65.978282272543,74.89015977812525,72.0140491830863,True
952095,Óscar Mingueza,9910,Celta de Vigo,ESP-La Liga,2.6,48.3,7.0,0.0,1.7,4.4,0.21,0.03,0.7,4.0,0.05,0.4,0.2,0.2,0.1,6.87,0.0,29.0,0.7,1.9,0.7,1921,32,Midfielder,0.7666666666666666,0.1739130434782609,0.053830227743271224,1.0,80.2860691235047,81.86224525910053,81.28956969942665,44.46031608141413,71.90617491245868,True
1097446,Noah Cadiou,8689,Lorient,FRA-Ligue 1,2.7,48.4,0.0,0.0,1.9,1.5,0.08,0.09,1.3,1.0,0.15,1.2,0.5,0.7,0.4,6.89,0.0,10.0,0.9,1.2,0.7,1782,27,Midfielder,0.6486486486486486,0.5,0.05578512396694216,0.5384615384615384,79.60951526032318,79.70825852782765,57.86804308797127,70.7181328545781,71.80938052084142,True
1199959,Ezequiél Fernández,8178,Bayer 04 Leverkusen,GER-Bundesliga,3.2,67.4,1.0,0.0,1.6,1.1,0.1,0.06,1.3,1.0,0.0,1.1,0.1,0.3,0.5,6.88,0.0,8.0,1.0,2.8,0.8,987,20,Midfielder,0.75,0.2820512820512821,0.04747774480712166,0.6153846153846154,79.3806104129264,76.61579892280072,63.31687612208258,65.9290843806104,71.6455453423964,True
1193815,Julian Niehues,94937,1. FC Heidenheim 1846,GER-Bundesliga,2.1,32.5,1.0,0.0,2.6,0.9,0.06,0.08,0.6,0.0,0.19,1.4,0.3,0.5,0.1,6.71,0.0,7.0,1.2,1.1,0.3,1389,24,Midfielder,0.8064516129032258,0.5599999999999999,0.06461538461538462,0.5,63.28994614003591,77.80520646319569,61.56642728904847,93.30789946140035,71.52736943652486,True
184533,Koke,9906,Atlético de Madrid,ESP-La Liga,4.2,71.5,3.0,0.0,1.1,4.1,0.18,0.02,0.9,2.0,0.09,0.8,0.2,0.1,0.6,7.02,0.0,31.0,0.5,2.2,0.1,2040,32,Midfielder,0.7692307692307693,0.26666666666666666,0.058741258741258746,0.11111111111111112,84.59986615445005,83.53517306615703,58.41345083428248,58.89677483703661,71.50308264556952,True
951712,Nicolò Fagioli,8535,Fiorentina,ITA-Serie A,3.9,53.0,11.0,0.0,0.9,3.7,0.13,0.09,0.8,3.0,0.07,0.5,0.3,0.4,0.6,7.18,0.0,61.0,1.2,1.7,0.7,2500,32,Midfielder,0.7333333333333334,0.22727272727272727,0.07358490566037736,0.8749999999999999,89.12500402180137,92.67746118157307,75.50179211469533,34.52932375822861,71.42830270030281,True
439366,Abdoulaye Touré,9746,Le Havre,FRA-Ligue 1,3.0,33.3,2.0,0.0,1.5,1.1,0.04,0.36,1.2,1.0,0.39,1.3,0.6,0.7,0.6,7.14,0.0,7.0,1.8,2.4,0.7,2329,28,Midfielder,0.7551020408163265,0.35135135135135137,0.0900900900900901,0.5833333333333334,70.2741935483871,93.69354838709678,50.698924731182785,80.01075268817203,71.42422574070493,False
867414,Sandro Tonali,10261,Newcastle United,ENG-Premier League,2.6,46.3,6.0,0.0,1.3,2.9,0.1,0.06,0.9,2.0,0.0,1.1,0.3,0.3,0.5,7.04,0.0,31.0,1.3,1.2,0.7,2490,34,Midfielder,0.71875,0.47826086956521746,0.05615550755939525,0.7777777777777777,72.5463601088782,70.04348371653057,67.24182930831451,75.50444650360674,71.12642956991988,True
623716,Josh Cullen,8191,Burnley,ENG-Premier League,2.5,43.1,4.0,0.0,2.1,1.4,0.08,0.05,0.9,2.0,0.12,1.3,0.4,0.7,0.2,6.89,0.0,13.0,0.7,1.8,0.1,1519,18,Midfielder,0.775,0.41935483870967744,0.058004640371229696,0.11111111111111112,76.05026929982047,78.46947935368044,51.25673249551166,85.23788150807898,71.05091553494611,True
604785,Alex Iwobi,9879,Fulham,ENG-Premier League,2.6,44.7,4.0,0.0,0.7,4.4,0.17,0.06,0.3,3.0,0.16,0.5,0.5,0.1,0.3,7.0,0.0,41.0,1.2,1.0,0.6,2277,27,Midfielder,0.8333333333333333,0.3333333333333333,0.058165548098434,2.0,70.12424792314177,74.10915812436053,86.44295798665405,53.54464199532828,70.98294987974737,True
999690,Ilan Kebbal,6379,Paris FC,FRA-Ligue 1,3.2,49.8,7.0,0.0,0.3,6.0,0.24,0.27,0.6,4.0,0.37,0.3,0.8,0.0,1.0,7.43,0.0,58.0,2.0,1.3,1.3,2206,28,Midfielder,0.7272727272727273,0.18749999999999997,0.06425702811244981,2.166666666666667,84.98204667863556,87.40125673249551,90.39946140035906,30.821364452423694,70.95604625229898,True
792756,Michel Aebischer,6479,Pisa,ITA-Serie A,2.9,41.0,7.0,0.0,1.0,2.2,0.07,0.02,1.3,1.0,0.03,1.1,0.2,0.2,0.4,6.92,0.0,30.0,0.6,2.0,0.5,2749,33,Midfielder,0.7045454545454545,0.3548387096774194,0.07073170731707316,0.3846153846153846,80.58797127468583,89.1786355475763,49.012567324955114,68.45152603231597,70.64798224069578,True
654096,Declan Rice,9825,Arsenal,ENG-Premier League,2.4,53.6,17.0,0.0,2.2,6.9,0.21,0.09,0.8,5.0,0.12,1.1,0.4,0.4,0.4,7.55,0.0,63.0,1.2,1.9,0.4,3009,35,Midfielder,0.7894736842105263,0.3666666666666667,0.04477611940298507,0.5,70.89774328680913,65.52161476934164,71.15992291011112,76.0817165691782,70.56686098993652,True
673689,Pepelu,10267,Valencia CF,ESP-La Liga,3.7,49.1,1.0,0.0,2.5,2.1,0.09,0.15,1.3,0.0,0.08,0.9,0.1,0.3,0.2,7.06,0.0,21.0,1.0,2.5,0.3,2126,29,Midfielder,0.7234042553191489,0.2647058823529412,0.07535641547861507,0.23076923076923075,89.53698770294011,95.37161766503864,46.74945464373275,56.385893451220376,70.4910146028273,True
797594,Azor Matusiwa,9851,Rennes,FRA-Ligue 1,2.3,41.9,2.0,0.0,2.1,1.6,0.07,0.05,1.3,3.0,0.04,1.5,0.1,0.4,0.6,7.13,0.0,17.0,0.5,2.8,0.7,2078,29,Midfielder,0.7678571428571429,0.3488372093023256,0.0548926014319809,0.5384615384615384,72.75806451612904,75.65591397849462,54.225806451612904,83.9784946236559,70.2522412101301,False
1024672,Nicolas Seiwald,178475,RB Leipzig,GER-Bundesliga,2.0,42.5,3.0,0.0,2.2,1.9,0.06,0.06,0.6,2.0,0.0,1.9,0.2,0.3,0.4,7.16,0.0,14.0,0.7,2.1,0.3,2630,32,Midfielder,0.8695652173913044,0.475,0.047058823529411764,0.5,68.75281686968721,65.5159488555562,62.50824308411034,91.21242511405829,70.18899618312402,True
1077894,Jude Bellingham,8633,Real Madrid,ESP-La Liga,3.2,49.8,4.0,0.0,0.9,2.1,0.11,0.36,1.5,4.0,0.26,0.7,1.2,0.1,1.0,7.52,0.0,36.0,2.5,2.4,1.8,1756,26,Midfielder,0.6739130434782609,0.22580645161290325,0.06425702811244981,1.2,81.55792359220865,82.79617832345579,67.10306107346705,46.78808002419515,69.76780325129,True
1057433,Tanner Tessmann,9748,Lyon,FRA-Ligue 1,2.3,43.3,3.0,0.0,2.5,1.3,0.06,0.1,1.0,0.0,0.05,0.6,0.4,0.6,0.3,6.91,0.0,13.0,1.2,1.3,0.4,1951,29,Midfielder,0.6551724137931034,0.3157894736842105,0.053117782909930716,0.4,77.612459218934,79.22225761407438,62.50575278469527,57.21826476966339,69.53095126711537,True
844544,Pape Gueye,10205,Villarreal,ESP-La Liga,3.7,36.1,3.0,0.0,2.3,2.7,0.12,0.18,1.5,2.0,0.18,1.4,0.5,0.4,0.6,7.11,0.0,23.0,2.0,1.7,0.7,1996,28,Midfielder,0.6739130434782609,0.4516129032258065,0.10249307479224377,0.4666666666666666,77.13719168870614,97.19626712483029,42.2129109476651,72.61902923366988,69.44851387850109,True
624166,Manuel Locatelli,9885,Juventus,ITA-Serie A,5.5,74.1,5.0,0.0,2.3,4.7,0.15,0.08,1.7,2.0,0.03,1.2,0.4,0.7,0.5,7.57,0.0,45.0,1.3,3.1,0.3,2824,34,Midfielder,0.7166666666666667,0.27906976744186046,0.07422402159244265,0.17647058823529413,95.40290727978226,96.2181939859591,41.4794405513407,54.541028808967646,69.42016967052813,True
1253890,Arda Güler,8633,Real Madrid,ESP-La Liga,3.2,54.4,14.0,0.0,0.4,7.2,0.32,0.2,0.9,9.0,0.18,0.4,0.9,0.1,0.5,7.47,0.0,70.0,2.2,2.1,1.2,2010,32,Midfielder,0.7352941176470589,0.16,0.05882352941176471,1.3333333333333333,84.05512120100643,84.14066330765816,81.03411774547466,33.59509468929171,69.34942864886466,True
638090,Luis Milla,8305,Getafe,ESP-La Liga,2.3,29.9,12.0,0.0,1.5,6.2,0.18,0.03,0.8,10.0,0.0,1.2,0.1,0.2,0.6,7.35,0.0,77.0,0.7,1.6,0.6,3093,35,Midfielder,0.7777777777777778,0.4285714285714286,0.07692307692307693,0.7499999999999999,64.27545478530016,85.39483472005047,58.03294016203034,73.62695057366973,69.11900127936865,True
1737700,Lennart Karl,9823,Bayern München,GER-Bundesliga,1.8,47.7,5.0,0.0,0.1,4.1,0.3,0.52,0.4,4.0,0.37,1.0,1.5,0.1,1.0,7.1,0.0,21.0,2.9,1.8,1.5,1221,25,Midfielder,0.875,0.35714285714285715,0.03773584905660377,3.75,62.69299820466787,51.3375224416517,92.44165170556553,80.24685816876122,69.0441631516433,True
660462,Pierre Lees-Melou,6379,Paris FC,FRA-Ligue 1,3.6,38.3,3.0,0.0,1.7,1.9,0.09,0.06,1.4,2.0,0.05,1.1,0.3,0.4,0.6,7.11,0.0,16.0,1.4,3.0,0.5,1876,23,Midfielder,0.7454545454545454,0.26829268292682934,0.09399477806788513,0.35714285714285715,80.66427289048475,96.3644524236984,43.48294434470377,63.82854578096947,68.95508646814605,True
763974,Gauthier Hein,8550,Metz,FRA-Ligue 1,4.2,49.0,7.0,0.0,0.2,4.3,0.17,0.32,0.6,7.0,0.32,0.3,0.5,0.1,0.6,7.01,0.0,54.0,1.7,0.7,0.3,2264,28,Midfielder,0.625,0.3,0.08571428571428572,0.5,90.55655296229803,96.82675044883304,73.44254937163375,27.697486535008977,68.95246746354898,True
343748,Leon Goretzka,9823,Bayern München,GER-Bundesliga,2.3,68.2,3.0,0.0,2.0,3.7,0.18,0.23,0.7,2.0,0.24,1.2,0.5,0.4,0.5,7.26,0.0,20.0,1.6,1.3,0.5,1871,30,Midfielder,0.78125,0.48,0.03372434017595308,0.7142857142857143,65.29884879957272,51.75594422244101,79.68931423460293,88.69575555169462,68.84815498631835,True
574642,Ellyes Skhiri,9810,Eintracht Frankfurt,GER-Bundesliga,2.1,50.5,0.0,0.0,2.1,0.7,0.04,0.04,0.7,0.0,0.0,1.7,0.0,0.4,0.2,6.46,0.0,6.0,0.5,1.3,0.3,1352,24,Midfielder,0.8108108108108107,0.5666666666666667,0.041584158415841586,0.4285714285714286,66.44162274859559,57.199040559062574,68.31858458330919,92.21694883625155,68.81389177374851,True
674499,Niklas Dorsch,94937,1. FC Heidenheim 1846,GER-Bundesliga,3.3,34.2,5.0,0.0,1.6,2.6,0.11,0.02,1.2,1.0,0.0,0.8,0.1,0.2,0.2,6.78,0.0,23.0,0.6,2.4,0.5,2197,31,Midfielder,0.7272727272727273,0.25,0.09649122807017542,0.4166666666666667,74.91038783035077,93.69620599344928,50.977790004053965,58.85278919969369,68.56331006104678,True
198559,Marten de Roon,8524,Atalanta,ITA-Serie A,3.4,54.8,1.0,0.0,2.2,1.9,0.07,0.03,1.2,2.0,0.04,0.8,0.1,0.2,0.3,7.08,0.0,21.0,0.5,2.7,0.1,2560,32,Midfielder,0.7446808510638298,0.2285714285714286,0.06204379562043796,0.08333333333333334,85.75627883631591,86.51964569538556,45.83083338159495,60.23560355977684,68.4728734410149,True
764507,Florian Neuhaus,9788,Borussia Mönchengladbach,GER-Bundesliga,2.1,37.9,1.0,0.0,1.2,1.5,0.15,0.1,0.9,1.0,0.0,0.9,0.6,0.4,0.5,6.56,0.0,9.0,2.1,1.2,0.6,934,17,Midfielder,0.7000000000000001,0.42857142857142855,0.0554089709762533,0.6666666666666666,68.12836624775585,72.47307001795332,66.04578096947934,67.17684021543985,68.46170983217085,True
603537,Angeliño,8686,Roma,ITA-Serie A,2.6,37.5,7.0,0.0,2.5,4.0,0.11,0.03,0.9,1.0,0.06,0.8,0.1,0.3,0.1,7.1,0.0,50.0,0.7,1.3,0.3,3179,38,Midfielder,0.7000000000000001,0.38095238095238093,0.06933333333333333,0.3333333333333333,74.0215053763441,85.90860215053765,53.951612903225815,61.639784946236546,68.43682738547417,False
688273,Vitaly Janelt,9937,Brentford,ENG-Premier League,2.9,45.0,6.0,0.0,2.2,1.9,0.13,0.06,1.3,4.0,0.07,2.0,0.2,0.6,0.4,6.95,0.0,19.0,0.8,1.7,0.3,1284,23,Midfielder,0.74,0.5405405405405405,0.06444444444444444,0.23076923076923075,74.4706151103904,80.96880690848955,43.80806998577891,85.07657509829282,68.39517215209646,True
777028,André Almeida,10267,Valencia CF,ESP-La Liga,3.0,45.1,4.0,0.0,0.4,1.8,0.16,0.05,1.0,1.0,0.0,0.9,0.3,0.1,0.3,0.0,0.0,17.0,0.8,2.0,1.3,1008,20,Midfielder,0.7435897435897436,0.3103448275862069,0.06651884700665188,1.3,74.120538213548,79.14710140730874,68.85030533516084,49.98645135550793,68.36554051349496,True
1079548,Joris Chotard,8521,Brest,FRA-Ligue 1,2.6,31.1,0.0,0.0,2.9,1.4,0.04,0.04,0.9,1.0,0.07,1.5,0.3,0.5,0.2,6.83,0.0,11.0,0.8,2.2,0.1,2761,32,Midfielder,0.8043478260869564,0.4054054054054054,0.08360128617363344,0.11111111111111112,66.40418782134194,89.89726388808452,46.30178310586024,82.50893483394786,68.35887147162047,True
148830,Benjamin André,8639,Lille,FRA-Ligue 1,2.5,45.9,2.0,0.0,1.6,2.3,0.09,0.11,1.4,2.0,0.08,1.3,0.2,0.2,0.9,7.43,0.0,23.0,1.0,2.6,0.5,2243,26,Midfielder,0.7358490566037735,0.3333333333333333,0.054466230936819175,0.35714285714285715,79.42184513812475,79.63833709773944,44.816712032586246,75.38041414901899,68.16700908703758,True
215242,Leonardo Spinazzola,9875,Napoli,ITA-Serie A,2.4,36.3,2.0,0.0,1.5,3.3,0.16,0.06,0.4,3.0,0.15,0.2,0.3,0.1,0.4,6.94,0.0,31.0,1.0,1.1,0.7,1822,31,Midfielder,0.7647058823529411,0.15384615384615385,0.06611570247933884,1.7499999999999998,69.2118298874539,79.81710456040103,83.37874751452675,42.41442893637832,68.13098352950716,True
1174726,Rocco Reitz,9788,Borussia Mönchengladbach,GER-Bundesliga,1.9,32.9,7.0,0.0,1.7,4.9,0.17,0.09,1.2,4.0,0.0,1.7,0.5,0.2,0.4,7.06,0.0,28.0,1.6,2.3,0.8,2636,31,Midfielder,0.7692307692307692,0.425,0.057750759878419454,0.6666666666666667,61.594248502281175,73.74965090764015,55.79866540542975,91.65980708223135,68.06028778968873,True
465960,Youri Tielemans,10252,Aston Villa,ENG-Premier League,2.9,45.9,5.0,0.0,0.9,3.0,0.15,0.06,1.2,4.0,0.0,0.9,0.3,0.7,0.4,7.15,0.0,30.0,1.1,2.7,0.4,1845,24,Midfielder,0.75,0.25,0.06318082788671024,0.33333333333333337,79.18570104824232,81.03032438241218,57.1174816444985,53.52700720063319,67.867644960309,True
157723,Christian Eriksen,8721,VfL Wolfsburg,GER-Bundesliga,1.9,33.5,13.0,0.0,1.6,7.0,0.27,0.18,0.5,8.0,0.12,0.7,0.5,0.3,0.6,7.02,0.0,57.0,1.4,1.4,0.3,2330,30,Midfielder,0.8076923076923077,0.33333333333333337,0.05671641791044776,0.6,68.7771149849102,76.08797449212693,63.26335720674632,62.110078312516485,67.68347781650893,True
762028,Ylber Ramadani,9888,Lecce,ITA-Serie A,2.5,33.2,1.0,0.0,1.7,1.6,0.05,0.03,1.2,0.0,0.03,1.4,0.1,0.3,0.6,6.96,0.0,16.0,1.0,2.6,0.4,3040,35,Midfielder,0.7692307692307692,0.35,0.0753012048192771,0.33333333333333337,66.87046582112315,81.70198773511451,49.42880124579319,80.57819990605071,67.66545273763451,True
643448,Kristijan Jakic,8406,FC Augsburg,GER-Bundesliga,2.6,31.5,2.0,0.0,2.9,1.5,0.08,0.08,0.9,1.0,0.11,0.9,0.3,0.4,0.4,6.77,0.0,13.0,1.0,1.9,0.3,1653,26,Midfielder,0.7567567567567568,0.32142857142857145,0.08253968253968254,0.3333333333333333,66.38824218322684,85.21437166592666,52.3820486091002,70.79132320482873,67.46013224540593,True
1598170,Samir El Mourabet,9848,Strasbourg,FRA-Ligue 1,2.2,55.2,5.0,0.0,0.9,2.4,0.1,0.01,1.0,2.0,0.04,1.1,0.0,0.5,0.7,6.92,0.0,27.0,0.5,3.3,0.7,2045,32,Midfielder,0.8148148148148149,0.25,0.03985507246376812,0.7,69.39856373429086,60.11669658886895,71.86714542190305,68.3213644524237,67.32832756140657,True
845943,Cristian Cásseres,9941,Toulouse,FRA-Ligue 1,2.9,42.2,6.0,0.0,1.3,4.0,0.14,0.06,1.4,3.0,0.07,1.3,0.2,0.3,0.6,7.32,0.0,38.0,0.9,2.8,0.6,2499,30,Midfielder,0.7454545454545454,0.3170731707317074,0.06872037914691942,0.4285714285714286,75.77075732128723,83.47446638739278,44.22996016807912,72.80013899345572,67.31230771556594,True
304733,Hakan Çalhanoglu,8636,Internazionale,ITA-Serie A,3.5,68.8,7.0,0.0,0.9,3.5,0.19,0.31,1.5,4.0,0.49,0.9,0.9,0.3,0.4,7.8,0.0,41.0,2.7,1.9,0.3,1649,22,Midfielder,0.6511627906976744,0.32142857142857145,0.050872093023255814,0.19999999999999998,85.47025475698668,84.74542962491073,47.60195427372702,54.337268263804425,67.29756132233074,True
919742,Senne Lynen,8697,SV Werder Bremen,GER-Bundesliga,3.1,46.3,1.0,0.0,3.2,1.6,0.06,0.04,1.3,0.0,0.0,2.6,0.1,0.3,0.2,6.8,0.0,15.0,0.8,2.1,0.2,2667,30,Midfielder,0.7833333333333333,0.5531914893617021,0.06695464362850972,0.15384615384615385,72.0119463588219,72.05668165994221,43.94560272324215,94.89215137416909,67.26898026942494,True
638622,Frenkie de Jong,8634,Barcelona,ESP-La Liga,2.5,78.1,9.0,0.0,0.8,3.7,0.21,0.07,0.6,5.0,0.06,1.0,0.1,0.2,0.3,7.36,0.0,35.0,0.4,2.5,0.3,1603,24,Midfielder,0.853658536585366,0.2857142857142857,0.03201024327784891,0.5,67.7322509861457,59.92767514140653,71.74564519346472,69.89252781477835,67.06262458512306,True
1310480,Sergi Altimira,8603,Real Betis,ESP-La Liga,2.6,53.3,0.0,0.0,1.5,0.8,0.06,0.03,1.1,2.0,0.08,1.6,0.2,0.3,0.5,6.87,0.0,11.0,0.5,3.9,0.3,1182,24,Midfielder,0.8333333333333334,0.29090909090909095,0.04878048780487805,0.2727272727272727,74.51647973333849,69.42585728718235,52.71199719439136,73.33595554783369,66.92629304297458,True
1327150,Arijon Ibrahimovic,94937,1. FC Heidenheim 1846,GER-Bundesliga,1.7,24.2,11.0,0.0,0.9,6.3,0.27,0.25,0.5,4.0,0.09,1.0,0.8,0.2,0.5,6.94,0.0,55.0,1.9,1.4,0.9,2116,31,Midfielder,0.8275862068965517,0.4166666666666667,0.07024793388429752,1.8,51.759425493716336,72.7423698384201,70.77648114901257,82.6705565529623,66.92465013961439,True
1342757,João Neves,9847,Paris Saint-Germain,FRA-Ligue 1,2.6,66.5,4.0,0.0,0.4,2.0,0.14,0.2,0.9,1.0,0.36,0.5,0.4,0.4,0.6,7.24,0.0,14.0,1.8,1.9,0.6,1265,20,Midfielder,0.7272727272727273,0.20833333333333334,0.039097744360902256,0.6666666666666666,72.70315244879443,67.16861000109394,78.04162081813092,48.46205671705178,66.89898081051798,True
604126,Giovani Lo Celso,8603,Real Betis,ESP-La Liga,2.3,49.2,6.0,0.0,0.4,2.3,0.16,0.17,0.6,3.0,0.14,0.4,0.8,0.0,1.0,7.06,0.0,30.0,2.0,1.3,1.0,1315,22,Midfielder,0.7391304347826086,0.23529411764705882,0.04674796747967479,1.6666666666666667,75.12303494784528,73.17825267208484,86.87590329659015,36.1662837911752,66.86718750985001,True
966019,Felix Nmecha,9789,Borussia Dortmund,GER-Bundesliga,1.6,38.6,3.0,0.0,1.1,4.2,0.18,0.14,1.2,3.0,0.09,1.1,0.3,0.1,0.5,7.22,0.0,20.0,1.3,1.5,1.3,2094,28,Midfielder,0.6842105263157895,0.4230769230769231,0.04145077720207254,1.0833333333333335,66.37775010778428,64.49773492146227,64.37396317960399,73.96966274782339,66.8314930562417,True
1296650,Adam Wharton,9826,Crystal Palace,ENG-Premier League,2.4,34.4,14.0,0.0,1.5,7.2,0.26,0.05,1.2,5.0,0.0,0.9,0.1,0.1,0.5,6.99,0.0,40.0,1.0,2.5,0.5,2455,32,Midfielder,0.7391304347826088,0.2647058823529412,0.06976744186046512,0.4166666666666667,71.15770609318996,85.17004819726775,48.06067772179429,67.31119733853272,66.72725215938294,True
785511,Fran Beltrán,7732,Girona,ESP-La Liga,2.6,56.1,2.0,0.0,1.4,1.0,0.06,0.04,1.2,0.0,0.06,0.9,0.2,0.4,0.5,6.79,0.0,12.0,0.9,1.9,0.4,1478,25,Midfielder,0.7,0.32142857142857145,0.04634581105169341,0.33333333333333337,77.61079580188284,75.25256590928103,53.59078010077025,59.792507223155276,66.6359880826243,True
575364,Alberto Grassi,7801,Cremonese,ITA-Serie A,1.7,38.8,0.0,0.0,3.1,0.8,0.04,0.06,0.8,0.0,0.0,1.7,0.2,0.5,0.4,6.6,0.0,6.0,0.7,1.2,0.5,1593,28,Midfielder,0.7837837837837838,0.5862068965517241,0.043814432989690726,0.625,60.13913824057451,55.69569120287254,68.27648114901257,94.18312387791741,66.61391529589001,True
362120,Danilo Cataldi,8543,Lazio,ITA-Serie A,2.1,42.2,2.0,0.0,2.0,1.4,0.06,0.13,1.0,3.0,0.14,0.9,0.3,0.4,0.3,7.02,0.0,23.0,1.2,1.5,0.3,1992,27,Midfielder,0.7058823529411765,0.375,0.04976303317535545,0.3,70.68245786760873,70.61521334851966,55.14464328230472,70.62328590825143,66.4023544809621,True
1106742,Sergio Carreira,9910,Celta de Vigo,ESP-La Liga,1.9,43.5,0.0,0.0,2.2,1.7,0.06,0.05,0.6,1.0,0.07,0.9,0.2,0.1,0.1,6.93,0.0,18.0,0.5,1.1,0.8,2513,32,Midfielder,0.7692307692307692,0.45,0.04367816091954023,1.3333333333333335,60.43602761851445,59.92978256533015,75.88885671447784,73.07112153562029,66.31214953444587,True
914458,Aurélien Tchouaméni,8633,Real Madrid,ESP-La Liga,2.3,60.2,4.0,0.0,1.9,2.9,0.1,0.09,1.0,0.0,0.04,1.6,0.2,0.5,0.4,7.38,0.0,24.0,1.5,2.3,0.1,2552,32,Midfielder,0.7959183673469387,0.4102564102564103,0.038205980066445176,0.1,68.10764914448241,57.661142320289834,56.71536263778691,90.1478928978205,66.00789326379986,True
1025462,Fábio Vieira,9790,Hamburger SV,GER-Bundesliga,2.5,28.5,7.0,0.0,0.8,4.0,0.17,0.19,0.7,5.0,0.25,0.5,0.7,0.1,0.3,7.21,0.0,37.0,2.4,0.8,1.3,2138,28,Midfielder,0.65,0.3846153846153846,0.08771929824561403,1.8571428571428574,62.38779174147217,88.40664272890484,72.28456014362656,44.232495511669654,65.92661580979309,True
1096353,Cole Palmer,8455,Chelsea,ENG-Premier League,1.7,32.8,3.0,0.0,0.6,2.4,0.12,0.51,0.7,1.0,0.45,0.8,1.1,0.0,1.1,7.05,0.0,23.0,2.9,1.2,1.1,1786,24,Midfielder,0.7407407407407407,0.4,0.05182926829268293,1.5714285714285716,58.89268868683359,71.3983288610902,76.76112430261963,58.419782758376606,65.9231188222301,True
1356312,Mateus Fernandes,8654,West Ham United,ENG-Premier League,3.3,40.0,3.0,0.0,1.0,2.7,0.09,0.06,1.5,3.0,0.09,1.0,0.2,0.3,0.5,7.22,0.0,34.0,0.8,3.1,0.9,2844,34,Midfielder,0.7321428571428571,0.24390243902439027,0.08249999999999999,0.6,73.20954228682844,84.9465776078969,51.12756188747965,55.88376350520904,65.80784648666628,True
1089691,Elliot Anderson,10203,Nottingham Forest,ENG-Premier League,3.3,54.6,6.0,0.0,1.3,3.7,0.1,0.08,1.5,2.0,0.11,1.0,0.3,0.4,0.7,7.49,0.0,49.0,1.2,2.8,1.3,3179,36,Midfielder,0.7169811320754716,0.2631578947368421,0.06043956043956043,0.8666666666666667,74.26654569088113,74.26725352792418,57.045137481258394,56.31799900902814,65.78417145303493,True
780432,Ethan Ampadu,8463,Leeds United,ENG-Premier League,2.4,42.5,1.0,0.0,2.4,2.2,0.07,0.08,1.4,1.0,0.03,1.5,0.2,0.5,0.5,7.22,0.0,18.0,0.8,2.4,0.3,2943,33,Midfielder,0.7358490566037736,0.38461538461538464,0.05647058823529411,0.2142857142857143,74.87881508078995,76.70556552962299,41.02333931777379,80.04488330341113,65.68086678716377,True
1033111,Kaishu Sano,9905,1. FSV Mainz 05,GER-Bundesliga,1.5,30.2,6.0,0.0,1.4,3.4,0.1,0.04,0.4,2.0,0.03,2.0,0.2,0.4,0.2,7.31,0.0,24.0,0.7,1.5,0.8,2969,33,Midfielder,0.8974358974358975,0.5714285714285714,0.049668874172185434,2.0,49.877042270741235,55.15602015405108,78.0565304402103,99.03020533709129,65.61819573181631,True
1284429,Javier Guerra,10267,Valencia CF,ESP-La Liga,2.3,36.4,6.0,0.0,1.1,2.7,0.13,0.1,1.3,6.0,0.05,1.1,0.4,0.3,0.3,6.82,0.0,29.0,1.1,1.3,1.0,1890,34,Midfielder,0.6486486486486487,0.4583333333333333,0.06318681318681318,0.7692307692307692,68.24529449238433,77.73816786033733,56.6014040912981,59.898151901829436,65.54957415651792,True
846005,Dominik Szoboszlai,8650,Liverpool,ENG-Premier League,3.6,53.3,13.0,0.0,1.7,6.4,0.18,0.13,1.1,7.0,0.17,0.8,0.6,0.2,0.5,7.49,0.0,74.0,2.0,1.5,0.7,3143,35,Midfielder,0.676470588235294,0.3478260869565218,0.0675422138836773,0.6363636363636362,80.74519153426897,82.68661158407495,59.75038448421202,39.95082463015515,65.44615328883337,True
359191,Omar Mascarell,8661,Mallorca,ESP-La Liga,3.2,36.9,2.0,0.0,3.3,0.4,0.02,0.01,1.6,2.0,0.08,1.4,0.1,0.7,0.2,6.74,0.0,8.0,0.3,1.9,0.2,2192,29,Midfielder,0.6734693877551019,0.42424242424242425,0.0867208672086721,0.125,76.71947131007767,92.83780557646894,33.3675250799534,77.11634588778853,65.41286700757026,True
616531,Javi Muñoz,8306,Las Palmas,ESP-La Liga,2.0,29.8,4.0,0.0,1.1,2.3,0.08,0.04,1.0,3.0,0.03,1.1,0.2,0.1,0.4,6.81,0.0,29.0,0.9,1.6,0.7,2590,35,Midfielder,0.7297297297297297,0.40740740740740744,0.06711409395973154,0.7,58.489247311827945,77.23655913978494,55.145161290322584,77.23655913978494,65.31605944644053,False
446266,Mario Pasalic,8524,Atalanta,ITA-Serie A,3.8,57.4,7.0,0.0,1.2,2.7,0.13,0.1,1.0,4.0,0.15,0.5,0.3,0.1,0.4,6.82,0.0,37.0,0.9,1.2,0.3,1815,31,Midfielder,0.6296296296296295,0.29411764705882354,0.06620209059233449,0.3,86.27710533258688,86.07487628938952,59.382421832268356,34.302291461554795,65.30807374891366,True
1015185,Eduardo Camavinga,8633,Real Madrid,ESP-La Liga,3.4,59.1,2.0,0.0,1.4,2.1,0.12,0.07,1.9,0.0,0.06,0.8,0.1,0.7,0.5,7.08,0.0,15.0,0.8,3.8,0.8,1506,28,Midfielder,0.7076923076923076,0.1739130434782609,0.05752961082910321,0.4210526315789474,80.96039973488286,78.08155569712297,49.14017425661023,53.71975766233599,65.23863859369742,True
1157236,Yehor Yarmoliuk,9937,Brentford,ENG-Premier League,2.1,37.5,1.0,0.0,1.3,1.4,0.05,0.04,1.3,2.0,0.03,1.0,0.1,0.4,0.5,6.77,0.0,14.0,0.6,2.4,0.5,2576,36,Midfielder,0.7234042553191489,0.29411764705882354,0.056,0.3846153846153846,72.33543110493362,80.29275818356145,50.490469939447756,58.71230928617852,65.09124856812342,True
439369,Ryan Christie,8678,Bournemouth,ENG-Premier League,2.3,39.1,2.0,0.0,1.6,0.8,0.08,0.18,1.6,0.0,0.18,1.1,0.7,0.4,1.0,6.64,0.0,11.0,2.3,2.5,1.7,986,26,Midfielder,0.6923076923076923,0.3055555555555556,0.0588235294117647,1.0625,70.31950477146516,78.32875169720019,50.30053795615271,62.80572125377245,64.95252538670374,True
837089,Edu Expósito,8558,Espanyol,ESP-La Liga,2.3,27.5,11.0,0.0,1.2,6.7,0.25,0.08,1.0,6.0,0.04,0.8,0.5,0.1,0.5,7.14,0.0,78.0,1.6,1.8,1.2,2388,34,Midfielder,0.7222222222222222,0.3076923076923077,0.08363636363636363,1.2,58.515183104573275,82.83869359021384,58.268437546250716,64.12297381646428,64.93815643855342,True
933768,Curtis Jones,8650,Liverpool,ENG-Premier League,2.8,71.0,4.0,0.0,1.2,2.7,0.13,0.1,0.8,2.0,0.0,0.9,0.3,0.2,0.4,6.92,0.0,20.0,1.1,1.9,1.0,1839,33,Midfielder,0.7777777777777778,0.32142857142857145,0.039436619718309855,1.25,66.55953553020213,53.05556199043776,81.97618450094272,57.499559210568655,64.34290173863587,True
715301,Jonathan Clauss,9831,Nice,FRA-Ligue 1,1.9,36.4,16.0,0.0,2.3,6.8,0.25,0.05,0.8,6.0,0.04,1.7,0.2,0.2,0.4,7.28,0.0,61.0,0.8,2.3,1.0,2453,29,Midfielder,0.8333333333333334,0.425,0.0521978021978022,1.25,54.732196289646915,55.505260516206256,66.12236250265438,93.82426336685906,64.13668696383654,True
208494,Casemiro,10260,Manchester United,ENG-Premier League,2.9,45.0,4.0,0.0,2.6,3.0,0.11,0.19,1.6,2.0,0.32,1.1,0.6,1.0,0.3,7.36,0.0,34.0,1.8,3.2,0.2,2507,33,Midfielder,0.728813559322034,0.25581395348837205,0.06444444444444444,0.125,81.03871546881335,86.09783916655407,38.58891720237061,58.07693223425545,63.93993776384562,True
534670,Martin Ødegaard,9825,Arsenal,ENG-Premier League,2.5,44.7,6.0,0.0,0.4,3.6,0.25,0.07,0.6,6.0,0.07,0.5,0.6,0.0,1.3,7.0,0.0,38.0,1.5,1.3,0.6,1281,23,Midfielder,0.75,0.2777777777777778,0.05592841163310962,1.0,69.8468144115622,65.30097874558406,84.41826412617517,38.36521817468131,63.88082886751396,True
201704,Remo Freuler,9857,Bologna,ITA-Serie A,2.4,48.3,0.0,0.0,1.4,1.0,0.05,0.04,0.8,2.0,0.04,0.8,0.0,0.2,0.3,6.91,0.0,20.0,0.3,2.4,0.1,2061,27,Midfielder,0.8,0.25,0.04968944099378882,0.125,72.96330830164153,69.47703390539436,51.45819900516721,61.607658796805715,63.85314007034149,True
288406,Alejandro Grimaldo,8178,Bayer 04 Leverkusen,GER-Bundesliga,1.9,57.3,16.0,0.0,1.9,9.5,0.35,0.24,0.4,8.0,0.3,0.7,0.7,0.2,0.3,7.71,0.0,68.0,2.1,1.7,0.9,2434,28,Midfielder,0.8571428571428572,0.2916666666666667,0.03315881326352531,2.25,62.86623166862932,46.65761278739793,92.3796677026827,60.616629022605736,63.7776205556808,True
815006,Phil Foden,8456,Manchester City,ENG-Premier League,2.1,46.5,10.0,0.0,0.6,4.6,0.21,0.29,0.8,5.0,0.32,0.4,0.9,0.1,0.5,7.38,0.0,51.0,2.5,1.6,1.0,1960,31,Midfielder,0.7142857142857143,0.2,0.04516129032258065,1.25,66.41024626294217,61.751192061929316,83.6269183992587,44.50867100377727,63.768663133843724,True
845998,Antonio Blanco,9866,Alavés,ESP-La Liga,3.1,46.3,2.0,0.0,1.2,1.9,0.06,0.04,2.1,3.0,0.06,1.6,0.4,0.3,0.3,7.09,0.0,22.0,1.2,2.8,0.7,2936,34,Midfielder,0.676923076923077,0.36363636363636365,0.06695464362850972,0.3333333333333333,78.8434875774599,89.39539133736157,32.26825736954885,69.849665064381,63.516312112625336,True
1050178,Lazar Samardzic,8524,Atalanta,ITA-Serie A,4.4,37.7,2.0,0.0,0.7,2.5,0.24,0.26,1.6,1.0,0.19,0.7,0.7,0.0,0.8,6.68,0.0,27.0,2.1,1.1,1.3,961,25,Midfielder,0.5294117647058824,0.38888888888888884,0.11671087533156499,0.8125,81.10416787320709,98.15238766304384,54.72362180910278,30.7633411195408,63.50948301576724,True
276739,Kevin Stöger,9788,Borussia Mönchengladbach,GER-Bundesliga,2.4,44.7,6.0,0.0,1.2,2.8,0.2,0.17,1.6,1.0,0.07,1.0,0.5,0.1,0.3,6.66,0.0,25.0,1.6,2.6,0.2,1257,28,Midfielder,0.6923076923076923,0.2777777777777778,0.05369127516778523,0.125,77.83233914403198,80.40175221842566,43.6585522802005,55.17138665276732,63.39054938963354,True
1473580,Aleksandar Pavlovic,9823,Bayern München,GER-Bundesliga,4.3,93.0,3.0,0.0,1.0,2.3,0.14,0.1,1.2,1.0,0.18,0.9,0.3,0.5,0.4,7.13,0.0,21.0,0.6,1.6,0.2,1460,24,Midfielder,0.6756756756756757,0.36,0.046236559139784944,0.16666666666666669,76.54531122307806,74.88200034748364,53.61318636062367,47.7748756459013,63.37642758328283,True
882400,Jessy Deminguet,8550,Metz,FRA-Ligue 1,2.5,34.8,1.0,0.0,0.8,0.9,0.04,0.04,1.3,0.0,0.09,1.0,0.3,0.1,0.2,6.39,0.0,4.0,0.8,2.0,0.4,2012,31,Midfielder,0.6976744186046512,0.3333333333333333,0.07183908045977012,0.3076923076923077,71.56193895870737,85.33662477558349,40.947037701974864,62.81867145421903,63.36681324342011,True
308517,Stanislav Lobotka,9875,Napoli,ITA-Serie A,1.7,62.8,0.0,0.0,1.1,1.7,0.07,0.02,0.5,1.0,0.04,0.6,0.2,0.1,0.4,7.06,0.0,21.0,0.3,1.0,0.2,2308,30,Midfielder,0.7619047619047619,0.37499999999999994,0.027070063694267517,0.4,67.60257523986024,53.65478787410797,71.77977259126271,60.37846437970952,63.32395400746616,True
759817,Miro Muheim,9790,Hamburger SV,GER-Bundesliga,2.8,30.9,6.0,0.0,2.2,4.2,0.16,0.04,1.4,4.0,0.0,1.0,0.3,0.2,0.2,7.2,0.0,41.0,0.9,2.3,0.8,2410,28,Midfielder,0.7021276595744681,0.30303030303030304,0.09061488673139158,0.5714285714285715,66.3330341113106,91.85816876122084,42.82315978456015,59.699281867145416,63.155605511292165,True
1031325,Martín Zubimendi,9825,Arsenal,ENG-Premier League,1.6,50.4,1.0,0.0,2.3,2.2,0.07,0.09,1.0,1.0,0.15,1.2,0.3,0.2,0.2,7.2,0.0,18.0,0.8,2.1,0.2,2910,36,Midfielder,0.7674418604651163,0.36363636363636365,0.03174603174603175,0.2,67.09746916082702,56.983044085378026,54.18602600979389,78.67520575535865,63.035856190387065,True
1352713,Carlos Baleba,10204,Brighton and Hove Albion,ENG-Premier League,1.9,34.7,1.0,0.0,1.6,0.7,0.04,0.04,1.7,0.0,0.0,1.6,0.1,0.2,0.6,6.6,0.0,6.0,1.0,2.0,0.7,1549,29,Midfielder,0.679245283018868,0.4444444444444445,0.0547550432276657,0.4117647058823529,65.0778459875292,70.88731234274758,44.06204513426382,80.3384040205144,62.90322056211148,True
1000428,Ísak Bergmann Jóhannesson,8722,1. FC Köln,GER-Bundesliga,2.5,37.9,2.0,0.0,1.1,3.7,0.19,0.07,0.7,2.0,0.05,0.4,0.2,0.3,0.1,6.71,0.0,33.0,0.6,1.4,0.3,1791,30,Midfielder,0.72,0.22222222222222227,0.06596306068601583,0.4285714285714286,73.8644524236984,82.75134649910234,63.62657091561938,34.19210053859964,62.758014901037846,True
1340895,Bilal El Khannouss,10269,VfB Stuttgart,GER-Bundesliga,2.6,41.3,8.0,0.0,0.5,5.7,0.32,0.17,1.0,5.0,0.22,0.6,0.8,0.2,0.5,7.23,0.0,45.0,2.3,1.5,1.0,1634,25,Midfielder,0.6774193548387097,0.2857142857142857,0.06295399515738499,1.0,72.44410339568735,82.81964955631487,67.26428382978449,32.70068788890819,62.717937500636346,True
266523,Pierre-Emile Højbjerg,8592,Marseille,FRA-Ligue 1,2.5,66.9,5.0,0.0,1.4,2.7,0.09,0.1,1.2,4.0,0.1,0.9,0.4,0.2,0.6,7.31,0.0,37.0,1.5,1.3,0.6,2633,31,Midfielder,0.6470588235294118,0.40909090909090906,0.03736920777279521,0.5,66.49871624099922,55.226022020166916,61.10051929499431,68.10076382051827,62.448432358609544,True
750734,Dodô,8535,Fiorentina,ITA-Serie A,1.4,33.6,8.0,0.0,1.6,4.8,0.14,0.07,0.6,2.0,0.03,0.9,0.1,0.1,0.2,7.13,0.0,48.0,0.8,0.9,1.4,2959,34,Midfielder,0.75,0.5,0.041666666666666664,2.3333333333333335,50.75426471818434,52.64443736607402,78.59493381723648,78.39311017161832,62.32813061228535,True
953812,Sofiane Diop,9831,Nice,FRA-Ligue 1,2.0,28.5,6.0,0.0,0.5,4.1,0.18,0.29,1.0,2.0,0.35,0.8,0.7,0.1,0.6,6.92,0.0,30.0,2.2,1.0,1.3,2072,32,Midfielder,0.6428571428571429,0.4444444444444445,0.07017543859649122,1.3,57.852557543934154,70.44681891597975,57.46798324356672,63.85227119167583,61.88050861640638,True
823293,Aron Dønnum,9941,Toulouse,FRA-Ligue 1,2.9,29.5,10.0,0.0,0.6,6.7,0.25,0.18,1.5,4.0,0.15,1.0,0.5,0.1,0.6,7.22,0.0,62.0,1.5,1.7,0.9,2424,28,Midfielder,0.6428571428571429,0.37037037037037035,0.0983050847457627,0.6,61.948327895857865,92.66353609647176,43.4537878934126,57.73582878065417,61.820438995030095,True
1359911,Miguel Román,9910,Celta de Vigo,ESP-La Liga,2.9,45.1,4.0,0.0,1.6,1.4,0.1,0.06,1.4,0.0,0.07,0.8,0.1,0.5,0.4,6.89,0.0,17.0,0.5,1.9,0.2,1310,19,Midfielder,0.6585365853658538,0.2962962962962963,0.06430155210643015,0.14285714285714288,81.63824057450628,86.22980251346499,40.22890484739677,45.6508078994614,61.73147937863696,True
1137705,Enzo Fernández,8455,Chelsea,ENG-Premier League,2.8,51.3,10.0,0.0,0.8,6.7,0.21,0.34,1.0,3.0,0.28,0.6,0.9,0.0,0.4,7.27,0.0,64.0,2.1,1.6,0.3,2941,34,Midfielder,0.6875,0.2727272727272727,0.05458089668615984,0.3,81.10327664202107,82.3371073917492,54.86654054297535,33.12266815955933,61.72518193877681,True
1206287,Freddie Potts,8654,West Ham United,ENG-Premier League,2.1,34.3,2.0,0.0,2.4,1.1,0.08,0.02,1.2,1.0,0.0,1.3,0.1,0.2,0.0,6.61,0.0,8.0,0.2,2.2,0.2,1167,22,Midfielder,0.7446808510638298,0.37142857142857144,0.06122448979591837,0.16666666666666669,65.17953321364453,75.30071813285457,38.32585278276481,78.63554757630162,61.43698477740136,True
888912,Mikkel Damsgaard,9937,Brentford,ENG-Premier League,1.5,31.4,12.0,0.0,0.7,4.8,0.22,0.12,0.9,4.0,0.18,1.1,0.5,0.1,1.1,6.97,0.0,38.0,1.3,2.6,0.7,1960,31,Midfielder,0.8043478260869564,0.2972972972972973,0.04777070063694268,0.7777777777777777,53.254242196096605,60.65273192924204,67.28854011827313,68.9482860691235,61.419860540640094,True
466672,Jefferson Lerma,9826,Crystal Palace,ENG-Premier League,2.4,36.7,3.0,0.0,2.9,1.3,0.07,0.1,1.3,2.0,0.0,1.2,0.4,0.2,0.3,6.75,0.0,12.0,1.1,1.5,0.2,1618,29,Midfielder,0.675,0.4444444444444444,0.0653950953678474,0.15384615384615385,68.4829700842326,80.2305521772424,35.18906649163787,74.78022303301738,61.39302166449818,True
1057703,Youssouf Ndayishimiye,9831,Nice,FRA-Ligue 1,1.8,54.5,0.0,0.0,5.3,0.4,0.02,0.04,0.9,0.0,0.14,1.0,0.2,0.9,0.3,7.26,0.0,5.0,0.5,1.9,0.3,1934,23,Midfielder,0.7631578947368421,0.3448275862068966,0.03302752293577982,0.3333333333333333,64.07526881720432,48.817204301075286,62.725806451612904,74.13978494623656,61.308710950357444,False
1331097,Pablo Pagis,8689,Lorient,FRA-Ligue 1,2.1,25.5,8.0,0.0,1.0,3.3,0.18,0.4,1.1,5.0,0.53,0.8,1.0,0.1,0.7,7.34,0.0,44.0,3.0,1.4,1.2,1703,27,Midfielder,0.6666666666666666,0.36363636363636365,0.08235294117647059,1.0909090909090908,56.0278276481149,82.49102333931776,55.33213644524237,54.232495511669654,61.12503004716054,True
967871,Iván Martin,7732,Girona,ESP-La Liga,2.3,44.4,2.0,0.0,1.0,2.0,0.07,0.03,1.0,1.0,0.0,0.6,0.2,0.2,0.5,6.85,0.0,22.0,0.5,2.2,1.1,2358,33,Midfielder,0.736842105263158,0.21428571428571425,0.0518018018018018,1.1,68.37495415146427,59.43058370816522,76.92631094637812,39.93386228065095,61.060253509482735,True
239219,Mateo Kovacic,8456,Manchester City,ENG-Premier League,1.8,71.2,6.0,0.0,0.9,3.2,0.13,0.08,1.0,2.0,0.25,1.0,0.5,0.0,0.6,7.33,0.0,33.0,1.8,2.8,0.9,2202,31,Midfielder,0.7916666666666666,0.2631578947368421,0.025280898876404494,0.9,61.666666666666664,43.68817204301076,77.19354838709677,67.45161290322581,60.92560206168733,False
1119643,Jan Thielmann,8722,1. FC Köln,GER-Bundesliga,1.5,17.7,1.0,0.0,2.6,1.4,0.08,0.13,0.6,1.0,0.18,0.9,0.6,0.2,0.4,6.71,0.0,14.0,1.6,1.1,0.5,1537,25,Midfielder,0.7692307692307692,0.45,0.08474576271186442,0.8333333333333334,47.262118491921,71.45421903052065,58.348294434470375,77.02872531418312,60.91138973054493,True
1174296,André,8602,Wolverhampton Wanderers,ENG-Premier League,1.9,39.9,1.0,0.0,1.7,1.0,0.03,0.02,1.4,0.0,0.03,1.0,0.0,0.4,0.3,6.77,0.0,18.0,0.5,2.6,0.7,2586,33,Midfielder,0.72,0.2777777777777778,0.047619047619047616,0.5,65.90698699510305,63.34882852969377,50.744876225040706,63.95176412295772,60.76208104133632,True
1296763,Lewis Miley,10261,Newcastle United,ENG-Premier League,1.3,45.5,3.0,0.0,2.0,2.1,0.13,0.08,0.3,4.0,0.06,1.2,0.2,0.2,0.1,7.14,0.0,15.0,0.7,1.7,0.7,1493,23,Midfielder,0.90625,0.41379310344827586,0.028571428571428574,2.3333333333333335,54.443447037701986,33.806104129263915,91.46768402154399,88.95421903052063,60.69916215620603,True
1137668,Moisés Caicedo,8455,Chelsea,ENG-Premier League,2.0,61.1,4.0,0.0,1.0,2.3,0.08,0.05,1.7,1.0,0.1,1.9,0.2,0.5,0.3,7.12,0.0,16.0,0.9,3.0,0.5,2627,31,Midfielder,0.7424242424242424,0.38775510204081626,0.03273322422258593,0.29411764705882354,69.36776960547738,59.488346428318636,43.322104463877785,76.93401671782398,60.583779245898,True
670009,Dimitrios Giannoulis,8406,FC Augsburg,GER-Bundesliga,1.4,22.2,8.0,0.0,3.1,4.1,0.19,0.06,0.8,5.0,0.09,0.9,0.3,0.5,0.6,7.13,0.0,34.0,0.5,1.3,0.9,1901,27,Midfielder,0.7333333333333334,0.40909090909090906,0.06306306306306306,1.125,46.88911732720732,61.75988880523543,65.18928527763298,78.8714471406601,60.52381015120021,True
1185748,Amadou Onana,10252,Aston Villa,ENG-Premier League,2.2,37.8,0.0,0.0,3.0,0.7,0.04,0.09,1.0,0.0,0.1,1.3,0.4,0.9,0.3,6.93,0.0,7.0,1.0,2.4,0.4,1747,24,Midfielder,0.7872340425531915,0.35135135135135137,0.05820105820105821,0.4,61.712698596552194,58.30920574248889,49.86146342091208,78.34212981731368,60.50440198500752,True
266520,Christian Nørgaard,9937,Brentford,ENG-Premier League,2.1,36.7,3.0,0.0,2.0,1.4,0.04,0.14,1.4,4.0,0.16,1.6,0.5,0.6,0.4,7.24,0.0,18.0,1.2,2.5,0.2,2829,34,Midfielder,0.7454545454545454,0.39024390243902446,0.05722070844686648,0.14285714285714288,66.29032258064515,73.68279569892474,33.806451612903224,85.20967741935483,60.48173556750996,False
434325,Thomas Partey,9825,Arsenal,ENG-Premier League,1.9,52.4,3.0,0.0,1.4,2.6,0.08,0.07,1.4,2.0,0.13,1.1,0.3,0.3,0.4,7.38,0.0,20.0,0.8,2.9,0.8,2799,35,Midfielder,0.7407407407407407,0.275,0.03625954198473282,0.5714285714285715,65.87096774193549,53.865591397849464,57.57526881720431,65.12903225806451,60.42963761581284,False
1239595,Dário Essugo,8306,Las Palmas,ESP-La Liga,2.0,37.4,0.0,0.0,1.9,0.7,0.03,0.03,1.7,0.0,0.05,1.9,0.2,0.5,0.3,6.8,0.0,13.0,1.1,2.7,0.6,1952,27,Midfielder,0.7301587301587301,0.41304347826086957,0.053475935828877004,0.35294117647058826,65.36559139784947,69.97849462365592,35.72043010752688,85.89247311827957,60.37624492926365,False
1076647,Lucas Da Cunha,10171,Como,ITA-Serie A,2.0,58.7,10.0,0.0,0.6,4.8,0.17,0.2,1.1,4.0,0.14,0.6,0.5,0.0,0.4,7.26,0.0,41.0,1.3,1.9,0.8,2568,34,Midfielder,0.6944444444444444,0.24,0.034071550255536626,0.7272727272727273,67.64484598109432,57.55561990437766,71.43290991808395,43.76318989980888,60.36548957785762,True
1288119,Ismaël Koné,7943,Sassuolo,ITA-Serie A,2.1,33.1,1.0,0.0,1.0,1.8,0.06,0.16,0.9,0.0,0.21,0.5,0.3,0.1,0.2,6.89,0.0,22.0,0.7,1.0,0.8,2619,33,Midfielder,0.625,0.3333333333333333,0.0634441087613293,0.888888888888889,63.94973070017954,76.83572710951526,65.75403949730699,36.741472172351884,60.346812765883065,True
541820,Nicolò Barella,8636,Internazionale,ITA-Serie A,2.7,53.7,14.0,0.0,0.4,6.6,0.24,0.11,1.2,8.0,0.11,0.3,0.2,0.1,0.8,7.47,0.0,71.0,1.3,1.9,0.9,2479,33,Midfielder,0.6470588235294118,0.13636363636363638,0.05027932960893855,0.75,80.72083872254719,79.46216289260825,70.83592659086375,22.441806142738557,60.243577120057175,True
941656,Samuele Ricci,8564,Milan,ITA-Serie A,2.6,40.9,5.0,0.0,1.7,1.9,0.13,0.11,1.1,4.0,0.07,0.6,0.4,0.4,0.3,6.74,0.0,19.0,1.3,1.1,0.4,1275,30,Midfielder,0.6071428571428571,0.3529411764705882,0.06356968215158924,0.36363636363636365,71.66835904068778,76.11074432282517,49.107517229397104,44.728525189346406,60.23704247162848,True
1073143,Azzedine Ounahi,7732,Girona,ESP-La Liga,1.5,40.7,11.0,0.0,0.5,3.9,0.22,0.17,0.9,2.0,0.28,0.9,0.9,0.1,0.7,7.28,0.0,30.0,2.6,1.2,3.2,1586,22,Midfielder,0.7000000000000001,0.42857142857142855,0.036855036855036855,3.555555555555556,55.9245960502693,44.47037701974865,81.24775583482943,67.17684021543985,60.14441673214699,True
816325,Boubacar Kamara,10252,Aston Villa,ENG-Premier League,2.0,45.8,0.0,0.0,1.3,0.9,0.05,0.03,1.1,3.0,0.06,1.1,0.3,0.5,0.3,7.25,0.0,15.0,0.4,2.3,0.9,1418,18,Midfielder,0.7555555555555555,0.3235294117647059,0.04366812227074236,0.8181818181818181,62.983996447945024,53.44185762179624,59.15377759760108,66.06337715488117,60.079626740963796,True
890263,Jordan Teze,9829,Monaco,FRA-Ligue 1,2.1,40.4,6.0,0.0,2.2,5.1,0.19,0.02,1.2,2.0,0.04,1.0,0.2,0.4,0.4,7.04,0.0,34.0,0.5,2.2,0.1,2427,32,Midfielder,0.7272727272727273,0.3125,0.051980198019801985,0.08333333333333334,69.45691202872533,70.04937163375224,41.00987432675045,64.21005385996409,60.06319340160959,True
459658,Ruslan Malinovsky,10233,Genoa,ITA-Serie A,3.5,40.0,8.0,0.0,0.7,3.1,0.13,0.18,1.5,3.0,0.25,0.6,0.6,0.2,0.6,6.84,0.0,36.0,2.1,1.3,0.5,2160,33,Midfielder,0.5588235294117647,0.3157894736842105,0.0875,0.3333333333333333,82.59874326750449,95.38599640933573,41.34649910233393,33.29892280071813,60.05634665489157,True
614207,Maxime Lopez,6379,Paris FC,FRA-Ligue 1,3.3,70.4,12.0,0.0,0.5,4.5,0.21,0.06,1.2,3.0,0.0,0.5,0.3,0.1,0.6,6.98,0.0,43.0,0.6,1.1,0.4,1937,25,Midfielder,0.5714285714285715,0.3125,0.04687499999999999,0.33333333333333337,79.06642728904848,76.4003590664273,57.49102333931776,30.686714542190305,59.90479315399422,True
299799,Bryan Cristante,8686,Roma,ITA-Serie A,3.5,49.9,2.0,0.0,1.9,2.5,0.08,0.06,1.8,1.0,0.06,0.8,0.2,0.2,0.5,7.16,0.0,25.0,1.3,2.1,0.4,2923,35,Midfielder,0.6170212765957447,0.27586206896551724,0.07014028056112225,0.22222222222222224,84.12943443820261,87.34060796767115,37.148903174327394,39.87905317143169,59.624384670034296,True
956659,Himad Abdelli,8592,Marseille,FRA-Ligue 1,1.9,51.8,0.0,0.0,1.0,0.8,0.07,0.18,1.6,0.0,0.17,1.3,0.5,0.3,0.7,6.96,0.0,9.0,1.3,2.0,1.3,1079,21,Midfielder,0.6734693877551019,0.393939393939394,0.03667953667953668,0.8125,63.73252768608071,52.69794984652807,59.58580593682232,62.904699394477575,59.60450637819011,True
488415,Hassane Kamara,8600,Udinese,ITA-Serie A,1.5,28.4,6.0,0.0,2.8,1.9,0.1,0.03,0.8,2.0,0.0,1.2,0.3,0.2,0.2,6.93,0.0,22.0,0.8,1.6,0.9,1790,25,Midfielder,0.7777777777777778,0.4285714285714286,0.05281690140845071,1.125,48.04153072977999,57.46347882602009,61.49615194043872,82.64487172062314,59.56459550610092,True
1289942,Samuele Angori,6479,Pisa,ITA-Serie A,1.7,19.1,5.0,0.0,2.1,3.8,0.14,0.05,0.6,2.0,0.0,0.8,0.1,0.3,0.1,6.72,0.0,34.0,0.5,1.7,0.3,2424,33,Midfielder,0.8064516129032258,0.32,0.08900523560209424,0.5,50.421903052064636,76.5394973070018,51.19838420107719,67.11400359066427,59.48861589360755,True
1012842,Gianluca Gaetano,8529,Cagliari,ITA-Serie A,2.7,37.6,2.0,0.0,1.3,1.7,0.09,0.09,1.4,3.0,0.1,0.9,0.5,0.1,0.1,6.84,0.0,24.0,1.5,1.4,0.8,1732,31,Midfielder,0.6216216216216216,0.391304347826087,0.07180851063829788,0.5714285714285715,65.55152731929243,79.1088717721022,47.388583231983944,47.37054947459186,59.367841332736354,True
1524548,Mamadou Coulibaly,9829,Monaco,FRA-Ligue 1,2.2,37.1,3.0,0.0,1.3,1.8,0.12,0.1,2.1,3.0,0.2,1.3,0.3,0.1,0.5,6.83,0.0,12.0,0.8,2.3,1.0,1359,24,Midfielder,0.631578947368421,0.36111111111111116,0.05929919137466307,0.47619047619047616,69.00807899461401,75.87073608617595,36.575403949730706,62.81418312387791,59.169429491800905,True
214972,Geoffrey Kondogbia,8592,Marseille,FRA-Ligue 1,1.7,73.8,0.0,0.0,2.8,1.1,0.05,0.02,0.8,0.0,0.0,1.0,0.0,0.3,0.4,7.11,0.0,5.0,0.4,2.7,0.4,2021,25,Midfielder,0.8222222222222223,0.27027027027027023,0.023035230352303523,0.5,61.0,40.24193548387097,73.52688172043011,69.68279569892474,59.156887508516334,False
749488,Romano Schmid,8697,SV Werder Bremen,GER-Bundesliga,2.1,33.2,17.0,0.0,0.4,10.2,0.32,0.24,0.6,8.0,0.12,0.3,0.7,0.1,1.1,7.28,0.0,88.0,1.7,1.4,1.1,2899,33,Midfielder,0.7391304347826088,0.17647058823529413,0.06325301204819277,1.8333333333333335,63.91315804714194,73.3509616931462,77.44201849385148,28.146068608714117,58.90555478839835,True
1188890,Nicolai Remberg,9790,Hamburger SV,GER-Bundesliga,1.8,36.9,5.0,0.0,3.4,1.4,0.04,0.03,1.4,2.0,0.0,1.4,0.3,0.5,0.2,7.04,0.0,13.0,0.5,1.9,0.5,2790,31,Midfielder,0.7021276595744681,0.42424242424242425,0.04878048780487805,0.35714285714285715,61.74147217235189,62.28456014362657,42.217235188509875,77.31149012567325,58.8558248258488,True
1254218,Hugo Sotelo,9910,Celta de Vigo,ESP-La Liga,2.8,61.6,5.0,0.0,1.1,2.2,0.15,0.01,1.8,2.0,0.0,0.9,0.1,0.6,0.2,7.02,0.0,26.0,0.1,2.0,0.1,1342,20,Midfielder,0.6170212765957447,0.3103448275862069,0.04545454545454545,0.05555555555555556,82.10121426227293,79.7829417707509,41.0967870633128,38.04134090075481,58.78757101785328,True
850354,Bruno Guimarães,10261,Newcastle United,ENG-Premier League,2.9,45.1,7.0,0.0,1.4,4.6,0.18,0.21,1.5,5.0,0.35,0.6,0.8,0.1,0.7,7.57,0.0,45.0,1.5,2.2,0.6,2299,27,Midfielder,0.6511627906976744,0.21428571428571425,0.06430155210643015,0.39999999999999997,78.89144353712605,83.98295077958598,45.21592890742135,33.4890092211862,58.74353499368647,True
355901,Morgan Sanson,9831,Nice,FRA-Ligue 1,2.6,26.4,3.0,0.0,0.8,1.3,0.07,0.13,1.8,2.0,0.0,1.3,0.2,0.4,0.6,6.43,0.0,11.0,0.9,1.4,1.2,1686,30,Midfielder,0.6000000000000001,0.48148148148148145,0.0984848484848485,0.6666666666666666,59.59156193895871,90.44883303411132,33.904847396768396,66.0637342908438,58.642738780767175,True
1053714,Nicola Zalewski,8524,Atalanta,ITA-Serie A,1.8,25.4,11.0,0.0,1.1,4.5,0.22,0.14,0.9,4.0,0.1,0.7,0.3,0.0,0.4,7.01,0.0,36.0,1.8,1.3,1.3,1843,32,Midfielder,0.6896551724137931,0.35,0.07086614173228346,1.4444444444444444,51.752520865105566,66.2999877737238,65.97619737070711,52.33284106484431,58.63534671550073,True
952057,Charles Vanhoutte,9831,Nice,FRA-Ligue 1,2.6,42.1,2.0,0.0,2.3,0.9,0.05,0.01,1.8,2.0,0.0,1.0,0.1,0.5,0.4,6.87,0.0,15.0,0.2,2.3,0.4,1733,25,Midfielder,0.6470588235294118,0.30303030303030304,0.06175771971496437,0.22222222222222224,76.6786355475763,81.31956912028724,33.46947935368043,51.90754039497307,58.50047728436621,True
812415,Hugo Magnetti,8521,Brest,FRA-Ligue 1,1.6,31.5,2.0,0.0,1.8,1.9,0.06,0.02,1.0,1.0,0.03,1.5,0.2,0.1,0.4,6.9,0.0,17.0,0.7,2.4,0.6,2680,32,Midfielder,0.7959183673469387,0.38461538461538464,0.050793650793650794,0.6,54.520964846238485,60.1605857029787,51.197499404773396,73.78075069335856,58.43834057521687,True
488139,Bernardo Silva,8456,Manchester City,ENG-Premier League,2.1,62.5,7.0,0.0,1.1,4.0,0.13,0.07,1.2,4.0,0.06,0.7,0.2,0.2,0.6,7.18,0.0,46.0,0.9,1.6,0.7,2771,36,Midfielder,0.6571428571428571,0.30434782608695654,0.033600000000000005,0.5833333333333334,64.195060584416,50.361376550002255,69.27292909403293,49.406671685874784,58.434978628645034,True
901495,Albert Sambi Lokonga,9790,Hamburger SV,GER-Bundesliga,1.9,34.6,0.0,0.0,1.1,1.4,0.08,0.1,1.1,0.0,0.28,0.8,0.6,0.6,0.3,6.87,0.0,23.0,0.9,1.6,0.4,1622,25,Midfielder,0.6857142857142857,0.3333333333333333,0.054913294797687855,0.36363636363636365,62.589766606822266,68.76122082585279,48.321364452423694,54.30430879712746,58.3832879871402,True
1173787,Xavi Simons,8586,Tottenham Hotspur,ENG-Premier League,1.8,34.1,7.0,0.0,0.6,3.9,0.2,0.16,1.1,5.0,0.1,0.8,0.5,0.1,1.1,6.92,0.0,34.0,2.2,1.7,1.4,1757,28,Midfielder,0.6944444444444444,0.32,0.05278592375366569,1.2727272727272725,58.028207306165264,59.112295129437655,67.96004903380243,47.93378184462333,58.37178329951717,True
364104,Stefano Sabelli,10233,Genoa,ITA-Serie A,2.2,28.2,2.0,0.0,2.6,1.7,0.08,0.01,1.1,2.0,0.0,1.0,0.0,0.3,0.3,6.74,0.0,18.0,0.3,2.5,0.2,2059,34,Midfielder,0.7608695652173914,0.2857142857142857,0.07801418439716312,0.18181818181818182,60.0,84.01075268817203,34.89784946236559,66.79032258064517,58.23330895894767,False
1553099,Mikel Jauregizar,8315,Athletic Club,ESP-La Liga,1.8,35.0,1.0,0.0,0.9,2.4,0.08,0.05,1.5,0.0,0.07,1.5,0.3,0.1,0.7,6.82,0.0,27.0,1.2,2.1,0.3,2687,34,Midfielder,0.7058823529411765,0.41666666666666663,0.05142857142857143,0.19999999999999998,65.06632754837425,73.12009742411665,33.71474810653591,73.09681280284164,58.176922919758326,True
1520063,Johan Manzambi,8358,Sport-Club Freiburg,GER-Bundesliga,1.4,34.5,5.0,0.0,1.6,4.8,0.21,0.17,1.0,3.0,0.22,1.2,0.5,0.1,0.4,7.03,0.0,18.0,2.2,1.5,1.3,2022,26,Midfielder,0.7297297297297297,0.4444444444444444,0.04057971014492753,1.3,49.950628366247756,45.80341113105925,69.13824057450627,79.33572710951526,58.158083218061705,True
950474,James Garner,8668,Everton,ENG-Premier League,1.5,40.3,12.0,0.0,2.3,5.5,0.15,0.05,1.0,7.0,0.06,1.6,0.4,0.3,0.4,7.42,0.0,52.0,1.2,3.2,0.5,3234,36,Midfielder,0.8275862068965517,0.3333333333333333,0.03722084367245658,0.5,54.55264698879687,49.47342071903373,55.07143040996633,83.52419193966654,58.107444906858575,True
1513317,Adama Camara,6379,Paris FC,FRA-Ligue 1,1.6,32.5,4.0,0.0,2.6,1.5,0.06,0.08,1.1,0.0,0.04,1.6,0.2,0.5,0.2,6.85,0.0,15.0,0.7,2.3,0.4,2081,28,Midfielder,0.78,0.4102564102564103,0.04923076923076923,0.36363636363636365,53.51436265709157,58.698384201077204,45.57450628366247,87.93536804308796,58.104645267002354,True
693599,Exequiel Palacios,8178,Bayer 04 Leverkusen,GER-Bundesliga,1.8,88.6,1.0,0.0,1.8,1.2,0.11,0.04,0.4,1.0,0.0,0.5,0.2,0.3,0.6,7.16,0.0,11.0,0.7,1.9,0.3,1007,17,Midfielder,0.8571428571428572,0.20833333333333334,0.02031602708803612,0.7499999999999999,59.609077688332924,38.13100133202062,84.93663893232434,58.32839134379645,57.99132621550443,True
282462,Íñigo Ruíz de Galarreta,8315,Athletic Club,ESP-La Liga,2.5,40.6,6.0,0.0,0.9,3.0,0.13,0.03,2.1,2.0,0.04,0.8,0.1,0.2,0.9,6.96,0.0,27.0,0.9,2.6,1.3,2081,32,Midfielder,0.6181818181818183,0.23529411764705882,0.06157635467980296,0.6190476190476191,76.20446194732406,82.3935767005785,40.68424676486297,38.453450062096614,57.93100882144949,True
784241,Manu Morlanes,8661,Mallorca,ESP-La Liga,2.0,42.6,2.0,0.0,1.2,1.1,0.06,0.1,1.4,0.0,0.11,0.9,0.2,0.1,0.2,6.69,0.0,16.0,0.6,2.9,0.4,1604,30,Midfielder,0.7307692307692308,0.2368421052631579,0.046948356807511735,0.28571428571428575,64.55392431291546,59.0695675115667,45.726356634041814,64.49363268405371,57.911226128427366,True
178753,Nemanja Gudelj,8302,Sevilla,ESP-La Liga,2.1,37.7,1.0,0.0,5.0,0.4,0.02,0.05,1.5,0.0,0.08,1.0,0.3,0.7,0.1,6.73,0.0,6.0,1.2,1.3,0.2,2290,32,Midfielder,0.6052631578947368,0.4347826086956522,0.055702917771883284,0.13333333333333333,65.5050739046222,66.06288488639215,39.736720011840184,63.988516952697175,57.66207664375481,True
540963,Sander Berge,9879,Fulham,ENG-Premier League,1.7,47.7,3.0,0.0,1.6,1.5,0.05,0.04,1.0,1.0,0.0,0.8,0.1,0.5,0.2,6.7,0.0,18.0,0.4,1.8,0.3,2776,33,Midfielder,0.7222222222222222,0.3076923076923077,0.03563941299790356,0.3,65.17832023834804,57.047042206392426,53.2659794212467,53.524407508220555,57.62515214444361,True
362212,Piotr Zielinski,8636,Internazionale,ITA-Serie A,2.3,61.6,7.0,0.0,1.2,2.9,0.14,0.11,0.8,3.0,0.28,0.2,0.5,0.1,0.5,7.32,0.0,29.0,1.3,1.4,0.8,1927,32,Midfielder,0.6666666666666666,0.12500000000000003,0.037337662337662336,1.0,67.7911623327735,56.96323751793724,81.70473864725906,29.412466297304423,57.54647021324297,True
1396089,Matteo Prati,9804,Torino,ITA-Serie A,2.7,31.8,5.0,0.0,2.9,1.0,0.05,0.07,1.4,0.0,0.05,0.9,0.0,0.4,0.3,6.54,0.0,11.0,1.5,1.8,0.3,1809,31,Midfielder,0.6585365853658538,0.3333333333333333,0.0849056603773585,0.2142857142857143,67.73339317773788,90.04937163375224,31.70556552962298,53.95870736086175,57.48535330605449,True
971790,Lucien Agoumé,8302,Sevilla,ESP-La Liga,2.2,35.4,8.0,0.0,1.4,1.5,0.05,0.03,1.9,3.0,0.04,1.6,0.1,0.2,0.3,6.96,0.0,27.0,0.5,2.3,0.4,2571,32,Midfielder,0.6724137931034483,0.4102564102564103,0.06214689265536724,0.2105263157894737,67.2712045456008,72.08552280200512,30.710282298282532,73.53836155029181,57.27096704558879,True
867789,Emanuele Valeri,10167,Parma,ITA-Serie A,1.8,18.9,4.0,0.0,1.5,4.0,0.14,0.02,0.8,2.0,0.0,0.8,0.2,0.1,0.3,6.78,0.0,48.0,0.7,1.6,0.5,2550,32,Midfielder,0.7500000000000001,0.3333333333333333,0.09523809523809525,0.625,48.73961892627556,73.3100937562338,48.687477075732126,65.25008526218927,57.20396297185477,True
1233655,Alex Scott,8678,Bournemouth,ENG-Premier League,1.7,37.1,4.0,0.0,2.4,2.9,0.1,0.12,1.5,1.0,0.1,1.2,0.4,0.5,0.4,7.16,0.0,26.0,1.4,1.9,0.9,2769,36,Midfielder,0.6739130434782609,0.38709677419354843,0.045822102425876005,0.6,58.828545780969485,57.149910233393186,47.791741472172355,68.4245960502693,57.14930910573795,True
1079539,Dilane Bakwa,9848,Strasbourg,FRA-Ligue 1,1.8,26.8,12.0,0.0,0.9,6.0,0.21,0.16,1.0,8.0,0.22,0.5,0.8,0.0,0.7,7.38,0.0,47.0,1.9,0.9,1.8,2509,30,Midfielder,0.5833333333333334,0.35714285714285715,0.06716417910447761,1.8,54.50537634408604,73.78494623655915,63.94623655913978,38.35483870967742,57.03501022418703,False
1323863,Iker Muñoz,8371,Osasuna,ESP-La Liga,2.3,35.2,0.0,0.0,2.3,0.3,0.03,0.03,1.7,0.0,0.0,1.1,0.3,0.2,0.5,0.0,0.0,5.0,0.8,1.2,0.4,917,18,Midfielder,0.575,0.47826086956521746,0.06534090909090907,0.23529411764705885,69.44344703770199,80.05834829443447,30.19299820466786,61.22980251346499,56.97838948157599,True
1362622,Junior Mwanga,9848,Strasbourg,FRA-Ligue 1,2.0,37.2,2.0,0.0,1.5,1.2,0.06,0.07,1.4,1.0,0.05,0.7,0.2,0.4,0.2,6.82,0.0,18.0,0.5,2.1,1.0,1642,20,Midfielder,0.6666666666666667,0.25,0.05376344086021505,0.7142857142857143,68.41011113041577,77.38442308063553,46.70257652683667,37.75908122751813,56.94281984896392,True
1323305,Archie Gray,8586,Tottenham Hotspur,ENG-Premier League,1.3,27.3,3.0,0.0,2.6,1.2,0.07,0.09,0.7,2.0,0.12,1.0,0.3,0.2,0.1,6.53,0.0,8.0,0.7,0.7,0.4,1471,23,Midfielder,0.7083333333333334,0.5882352941176471,0.047619047619047616,0.5714285714285715,50.079721755693264,51.061208599576595,60.132487789811,73.17724883046014,56.829502378758534,True
1173678,Johnny Cardoso,8603,Real Betis,ESP-La Liga,1.5,39.9,2.0,0.0,2.6,0.8,0.03,0.09,1.6,1.0,0.13,2.0,0.3,0.5,0.5,7.07,0.0,9.0,0.8,2.3,1.1,2143,28,Midfielder,0.7288135593220338,0.46511627906976744,0.03759398496240601,0.6875,55.951612903225815,46.193548387096776,49.935483870967744,87.44623655913978,56.681280697297964,False
815366,Nahuel Estévez,10167,Parma,ITA-Serie A,2.7,36.5,2.0,0.0,4.2,0.7,0.06,0.05,1.0,1.0,0.0,0.5,0.1,0.4,0.2,6.51,0.0,13.0,0.8,1.5,0.0,1013,31,Midfielder,0.6666666666666666,0.25,0.07397260273972603,0.0,74.71274685816877,88.19120287253142,41.175942549371634,32.03321364452423,56.64423515327691,True
73167,Henrikh Mkhitaryan,8636,Internazionale,ITA-Serie A,2.0,50.3,5.0,0.0,1.1,2.7,0.17,0.25,1.6,1.0,0.25,0.9,0.7,0.3,0.8,6.99,0.0,19.0,2.3,2.0,0.8,1429,28,Midfielder,0.6444444444444444,0.3103448275862069,0.039761431411530816,0.5,68.58137873786221,60.42143330566335,50.22868927884275,45.511901314646444,56.62687253833258,True
1385894,Soungoutou Magassa,8654,West Ham United,ENG-Premier League,1.7,30.1,1.0,0.0,1.3,0.3,0.03,0.04,1.6,0.0,0.09,1.5,0.2,0.4,0.4,6.63,0.0,5.0,0.6,3.7,0.5,979,22,Midfielder,0.7647058823529411,0.28846153846153844,0.05647840531561461,0.3125,61.775898792172605,70.03688796226585,33.352879288044626,73.46774837036608,56.569209610568514,True
1342754,Diego Moreira,9848,Strasbourg,FRA-Ligue 1,1.5,34.3,11.0,0.0,1.2,3.9,0.18,0.07,0.8,4.0,0.14,0.9,0.4,0.2,0.6,7.12,0.0,33.0,1.1,2.0,1.6,1951,26,Midfielder,0.7837837837837838,0.3103448275862069,0.04373177842565598,2.0,46.99182448215286,43.30367496122984,75.0536154385694,73.18921449392867,56.554895248693846,True
473852,Corentin Tolisso,9748,Lyon,FRA-Ligue 1,3.5,43.0,9.0,0.0,1.4,3.5,0.14,0.42,1.7,4.0,0.45,0.7,1.1,0.4,0.6,7.29,0.0,33.0,2.0,1.3,0.2,2216,29,Midfielder,0.5405405405405405,0.35,0.08139534883720931,0.11764705882352942,78.45970476760424,81.82897370063641,34.33987439109927,39.980376826702184,56.35595700825818,True
485634,Roberto Gagliardini,9876,Verona,ITA-Serie A,1.9,39.1,0.0,0.0,2.6,0.8,0.03,0.05,1.8,0.0,0.04,2.3,0.1,0.6,0.4,7.11,0.0,16.0,0.6,3.0,0.3,2126,28,Midfielder,0.7464788732394366,0.43396226415094336,0.04859335038363171,0.16666666666666666,64.8967684021544,64.15619389587074,29.344703770197484,87.4326750448833,56.32403436922893,True
1093285,Fabiano Parisi,8535,Fiorentina,ITA-Serie A,1.4,32.0,3.0,0.0,1.3,1.6,0.1,0.08,0.8,1.0,0.06,1.2,0.4,0.4,0.2,6.97,0.0,19.0,1.4,1.3,1.9,1495,22,Midfielder,0.7575757575757576,0.48,0.04375,2.3749999999999996,45.424541353770515,47.60761697007137,63.0864687296899,82.94954730603656,56.279876366908894,True
935728,Ao Tanaka,8463,Leeds United,ENG-Premier League,1.5,40.3,1.0,0.0,1.1,1.4,0.11,0.12,1.0,0.0,0.15,1.5,0.4,0.2,0.7,6.85,0.0,18.0,1.3,1.8,0.2,1176,26,Midfielder,0.7674418604651163,0.4545454545454546,0.03722084367245658,0.2,55.56552962298025,44.75314183123878,49.66786355475763,88.17324955116696,56.13500414713769,True
1078846,Andrea Cambiaso,9885,Juventus,ITA-Serie A,1.7,43.6,11.0,0.0,0.6,5.3,0.18,0.1,1.0,4.0,0.1,0.7,0.4,0.2,0.4,7.08,0.0,54.0,0.8,2.0,0.3,2662,34,Midfielder,0.7297297297297297,0.25925925925925924,0.03899082568807339,0.3,63.06227679002336,53.17407643353089,61.16516090422965,45.16582047965611,56.097549987427314,True
1345875,Farès Chaïbi,9810,Eintracht Frankfurt,GER-Bundesliga,1.4,31.4,11.0,0.0,1.5,3.9,0.2,0.14,0.6,9.0,0.1,0.7,0.4,0.1,0.6,7.09,0.0,39.0,1.7,1.5,0.6,1752,27,Midfielder,0.7857142857142857,0.3181818181818181,0.044585987261146494,1.0,44.61384271860904,48.79641641409754,71.17939486367702,69.01505440692908,55.951948029753055,True
402419,Przemyslaw Frankowski,9851,Rennes,FRA-Ligue 1,1.8,39.6,2.0,0.0,2.6,2.5,0.19,0.04,1.0,2.0,0.07,0.6,0.2,0.1,0.6,7.14,0.0,29.0,0.7,3.0,0.3,1215,19,Midfielder,0.782608695652174,0.16666666666666666,0.045454545454545456,0.3,61.03217441104741,54.076189005360256,52.17640907833182,55.14931822422991,55.79505993232794,True
556029,Marius Wolf,8406,FC Augsburg,GER-Bundesliga,1.2,18.7,6.0,0.0,2.4,1.8,0.17,0.1,0.8,1.0,0.09,0.9,0.5,0.0,0.4,6.46,0.0,19.0,1.3,1.5,0.5,952,28,Midfielder,0.7499999999999999,0.375,0.06417112299465241,0.625,44.69219062695058,60.17899268353893,54.62631995521321,72.25481811805435,55.725576448764684,True
524434,João Palhinha,8586,Tottenham Hotspur,ENG-Premier League,1.6,33.9,1.0,0.0,2.3,0.6,0.03,0.1,1.1,2.0,0.18,1.2,0.4,0.5,0.2,6.91,0.0,6.0,1.2,4.6,0.4,2039,31,Midfielder,0.8405797101449275,0.20689655172413793,0.04719764011799411,0.36363636363636365,54.80700179533214,56.880610412926394,47.27109515260323,67.99371633752244,55.65889081051606,True
1280082,Matias Soulé,8686,Roma,ITA-Serie A,1.5,34.5,5.0,0.0,0.5,3.8,0.16,0.16,0.3,5.0,0.26,0.4,0.6,0.1,1.5,7.08,0.0,42.0,2.1,0.8,1.4,2082,31,Midfielder,0.8,0.3333333333333333,0.043478260869565216,4.666666666666667,49.53464218837474,43.34237756027877,84.25545517139308,53.6930239441967,55.601175304157344,True
845994,Hans Nicolussi Caviglia,10167,Parma,ITA-Serie A,2.6,41.6,4.0,0.0,1.7,1.7,0.12,0.06,1.5,4.0,0.0,0.4,0.1,0.2,0.2,6.65,0.0,17.0,1.2,1.6,0.8,1298,24,Midfielder,0.5714285714285714,0.2,0.0625,0.5333333333333333,74.69808819649556,83.90368590052958,44.04488008597002,28.548219789836747,55.593980487100104,True
1310270,Kamory Doumbia,8521,Brest,FRA-Ligue 1,1.4,28.1,10.0,0.0,0.3,2.5,0.13,0.25,1.5,3.0,0.27,1.1,0.7,0.0,1.3,7.09,0.0,26.0,2.1,3.2,0.9,1692,23,Midfielder,0.7413793103448276,0.25581395348837205,0.049822064056939494,0.6,51.48396105609287,57.302593901018646,47.277066723293636,72.05454206160756,55.36560622564229,True
562724,Lewis Cook,8678,Bournemouth,ENG-Premier League,1.9,34.1,6.0,0.0,2.0,3.8,0.11,0.03,1.5,3.0,0.03,1.2,0.1,0.3,0.3,7.09,0.0,48.0,0.4,2.4,0.4,2978,36,Midfielder,0.7058823529411764,0.33333333333333337,0.055718475073313775,0.26666666666666666,60.548387096774185,69.83333333333334,32.376344086021504,69.13440860215053,55.09881630429805,False
1451196,Niccolò Pisilli,8686,Roma,ITA-Serie A,1.5,48.4,2.0,0.0,1.1,1.1,0.08,0.13,1.2,3.0,0.15,1.6,0.4,0.1,0.7,6.85,0.0,11.0,1.4,1.9,0.5,1194,23,Midfielder,0.7446808510638298,0.4571428571428572,0.030991735537190084,0.4166666666666667,57.438884706215454,45.753202962619774,49.91381440512731,73.84539230259391,55.09181057126717,True
1179835,Giorgi Gocholeishvili,9790,Hamburger SV,GER-Bundesliga,1.9,17.7,1.0,0.0,2.5,0.5,0.04,0.07,1.3,1.0,0.0,0.8,0.2,0.1,0.6,6.49,0.0,10.0,1.4,2.4,1.7,931,24,Midfielder,0.7111111111111111,0.25,0.10734463276836158,1.3076923076923077,49.120287253141825,81.6068222621185,47.194793536804305,48.21364452423698,55.006929224851405,True
1336582,Máximo Perrone,10171,Como,ITA-Serie A,2.4,65.9,4.0,0.0,0.9,2.7,0.1,0.07,1.4,4.0,0.11,0.7,0.3,0.1,0.3,7.12,0.0,29.0,0.6,1.9,0.3,2568,34,Midfielder,0.65,0.2692307692307693,0.03641881638846737,0.2142857142857143,67.86381858780076,58.04233187261507,46.34704284988064,46.23816464289621,54.94565130294324,True
1191093,Lorenzo Bernasconi,8524,Atalanta,ITA-Serie A,1.3,34.2,5.0,0.0,2.1,3.5,0.2,0.02,0.5,3.0,0.0,0.8,0.1,0.3,0.0,7.02,0.0,27.0,0.5,1.7,0.5,1569,23,Midfielder,0.8333333333333334,0.32,0.038011695906432746,1.0,46.36445242369839,40.83482944344704,75.56104129263913,68.30789946140035,54.838036547360154,True
1323398,Abel Bretones,8371,Osasuna,ESP-La Liga,1.4,20.9,3.0,0.0,2.9,1.7,0.1,0.04,1.0,2.0,0.06,1.0,0.2,0.3,0.2,6.74,0.0,13.0,0.6,1.9,0.8,1552,27,Midfielder,0.7435897435897436,0.3448275862068966,0.06698564593301436,0.8,46.71301712322156,62.5515080146458,50.65331106864088,65.1374973456111,54.803588305707336,True
992060,Tom Krauß,8722,1. FC Köln,GER-Bundesliga,1.5,36.2,2.0,0.0,2.4,1.5,0.07,0.02,1.2,2.0,0.0,1.4,0.1,0.5,0.5,7.04,0.0,15.0,0.5,3.6,0.5,1786,26,Midfielder,0.8064516129032258,0.27999999999999997,0.04143646408839779,0.4166666666666667,53.047576301615806,48.75224416517056,49.16068222621185,75.66876122082584,54.71244423301743,True
493165,James Maddison,8586,Tottenham Hotspur,ENG-Premier League,2.0,49.3,6.0,0.0,0.8,5.9,0.29,0.29,1.6,7.0,0.45,0.6,0.8,0.2,0.7,7.29,0.0,41.0,1.9,1.5,1.6,1816,31,Midfielder,0.5675675675675675,0.2857142857142857,0.04056795131845842,1.0,67.33870967741936,59.23655913978494,60.19354838709677,32.053763440860216,54.66258742444552,False
921825,Jon Moncayola,8371,Osasuna,ESP-La Liga,2.7,33.7,9.0,0.0,1.5,3.5,0.11,0.06,1.2,4.0,0.0,0.6,0.2,0.2,0.3,6.96,0.0,37.0,0.7,1.6,0.4,2889,34,Midfielder,0.6470588235294118,0.2727272727272727,0.08011869436201781,0.33333333333333337,67.43475029439587,87.0782546025495,38.18555626339259,34.453276320276956,54.520953290408386,True
1280132,Nico González,8456,Manchester City,ENG-Premier League,1.9,68.3,1.0,0.0,2.6,1.0,0.06,0.04,1.8,0.0,0.06,1.3,0.1,0.4,0.7,7.13,0.0,10.0,0.8,2.4,0.7,1477,24,Midfielder,0.6727272727272727,0.35135135135135137,0.027818448023426062,0.38888888888888884,62.549371633752244,46.05924596050269,46.292639138240574,66.68761220825853,54.43561200590976,True
1239749,Mandela Keita,10167,Parma,ITA-Serie A,1.3,32.7,0.0,0.0,1.0,0.4,0.01,0.02,0.9,1.0,0.03,1.4,0.1,0.3,0.3,6.96,0.0,11.0,0.5,2.3,0.8,2829,35,Midfielder,0.8043478260869565,0.3783783783783784,0.039755351681957186,0.888888888888889,46.53432044426427,46.41356344472115,58.138185878007505,77.40324832853935,54.43277150842776,True
1323827,Jon Gorrotxategi,8560,Real Sociedad,ESP-La Liga,1.5,46.2,2.0,0.0,1.8,0.6,0.02,0.03,1.3,3.0,0.04,1.4,0.0,0.5,0.3,6.78,0.0,18.0,0.5,1.8,0.4,2215,30,Midfielder,0.7111111111111111,0.43749999999999994,0.032467532467532464,0.3076923076923077,58.07001795332137,41.48114901256733,48.70287253141831,79.63195691202873,54.41948210918267,True
1168311,Yasin Ayari,10204,Brighton and Hove Albion,ENG-Premier League,1.9,38.7,2.0,0.0,1.1,1.1,0.05,0.13,1.1,3.0,0.14,1.2,0.5,0.2,0.7,7.05,0.0,15.0,1.9,2.2,0.8,1916,28,Midfielder,0.7555555555555556,0.3529411764705882,0.049095607235142114,0.7272727272727273,54.36888605754072,46.09565130660283,54.32475563534809,66.96005868612575,54.37918944953938,True
322003,Jesper Karlström,8600,Udinese,ITA-Serie A,1.5,31.1,1.0,0.0,2.2,1.0,0.03,0.02,1.2,0.0,0.03,1.0,0.1,0.5,0.3,6.9,0.0,16.0,0.5,1.6,0.3,3003,34,Midfielder,0.6842105263157895,0.3846153846153846,0.04823151125401929,0.25,56.51827184803383,63.55629556700965,38.26894268450416,65.05723827725332,54.30215270837234,True
942379,Miguel Gutiérrez,9875,Napoli,ITA-Serie A,2.3,41.6,2.0,0.0,1.4,1.3,0.08,0.05,1.2,1.0,0.07,0.5,0.3,0.1,0.3,6.88,0.0,21.0,0.9,2.1,0.5,1382,26,Midfielder,0.6842105263157895,0.1923076923076923,0.05528846153846153,0.4166666666666667,64.09866604891796,60.7294678995901,57.28975309356961,34.15359742089921,54.213955514022764,True
839750,Kervin Arriaga,8581,Levante,ESP-La Liga,1.7,36.5,2.0,0.0,3.3,1.0,0.06,0.03,1.3,3.0,0.13,0.9,0.3,0.8,0.1,6.74,0.0,6.0,0.8,2.1,0.5,1391,25,Midfielder,0.6976744186046512,0.3,0.04657534246575342,0.3846153846153846,58.71633752244165,57.87701974865351,45.32315978456015,55.40843806104129,54.206261266337805,True
1382000,Petar Sucic,8636,Internazionale,ITA-Serie A,2.8,50.3,5.0,0.0,1.0,2.7,0.15,0.09,1.5,2.0,0.11,0.4,0.3,0.1,0.6,6.93,0.0,25.0,1.1,2.1,0.8,1601,32,Midfielder,0.625,0.16,0.055666003976143144,0.5333333333333333,80.84829443447038,80.3052064631957,53.71184919210054,18.39317773788151,54.192110413053115,True
660326,Matthieu Udol,8588,Lens,FRA-Ligue 1,1.3,32.7,22.0,0.0,1.9,9.1,0.28,0.14,0.9,7.0,0.03,1.5,0.5,0.2,0.5,7.3,0.0,54.0,1.4,1.5,0.5,2958,33,Midfielder,0.7692307692307693,0.5,0.039755351681957186,0.5555555555555556,44.7262118491921,42.65260323159785,57.62118491921005,90.29174147217235,54.191375277249335,True
254308,Florian Thauvin,8588,Lens,FRA-Ligue 1,1.5,32.9,16.0,0.0,0.3,8.9,0.33,0.4,0.7,5.0,0.38,0.4,1.0,0.1,1.0,7.39,0.0,77.0,2.7,0.9,1.8,2399,32,Midfielder,0.65,0.3076923076923077,0.04559270516717325,2.5714285714285716,50.88403055282074,59.973967684021545,76.10169044355642,34.10289698397071,54.12176825456841,True
771401,Anthony Caci,9905,1. FSV Mainz 05,GER-Bundesliga,1.5,31.5,6.0,0.0,1.4,7.9,0.26,0.1,1.2,7.0,0.03,0.9,0.4,0.3,0.5,7.25,0.0,50.0,1.1,2.0,1.0,2703,33,Midfielder,0.7073170731707318,0.3103448275862069,0.047619047619047616,0.8333333333333334,49.67741935483871,55.0,54.27956989247312,59.54301075268817,54.021126719173274,False
1104053,Rayan Cherki,8456,Manchester City,ENG-Premier League,1.6,56.4,19.0,0.0,0.4,8.5,0.45,0.21,0.8,12.0,0.21,0.4,0.7,0.1,0.8,7.43,0.0,60.0,2.8,1.4,2.6,1720,31,Midfielder,0.6923076923076923,0.22222222222222227,0.028368794326241138,3.25,61.39802963906747,45.307477976615644,89.04675263669299,29.344105326152004,53.876267228578754,True
923298,Pablo Martínez,8581,Levante,ESP-La Liga,1.9,26.5,9.0,0.0,1.4,3.6,0.19,0.1,1.5,4.0,0.05,1.0,0.2,0.5,0.6,6.78,0.0,29.0,1.5,0.9,0.7,1689,25,Midfielder,0.5588235294117647,0.5263157894736842,0.07169811320754717,0.4666666666666666,55.79892280071814,77.3249551166966,33.254039497307,59.25493716337522,53.83611028073839,True
1372921,Andrey Santos,8455,Chelsea,ENG-Premier League,1.1,52.5,1.0,0.0,1.4,0.9,0.07,0.14,0.9,0.0,0.0,1.5,0.1,0.5,0.5,6.66,0.0,8.0,0.8,2.5,0.2,1165,26,Midfielder,0.8163265306122448,0.375,0.020952380952380955,0.22222222222222224,56.28609808047463,32.16672779804765,62.16214616191451,79.93962793511064,53.815327613413174,True
1002673,Jan Schöppner,94937,1. FC Heidenheim 1846,GER-Bundesliga,1.0,18.5,5.0,0.0,3.9,1.3,0.05,0.08,0.8,3.0,0.12,1.3,0.3,0.5,0.2,6.61,0.0,13.0,1.0,1.2,0.5,2170,30,Midfielder,0.7575757575757576,0.52,0.05405405405405406,0.625,41.593827017496444,54.14402553361261,48.21931687290464,86.78228863020662,53.405721054129515,True
793255,Florentino,8191,Burnley,ENG-Premier League,1.8,38.1,0.0,0.0,2.4,0.5,0.02,0.03,1.8,2.0,0.0,1.7,0.0,0.6,0.2,6.67,0.0,12.0,0.5,3.8,0.3,1944,29,Midfielder,0.7534246575342466,0.3090909090909091,0.047244094488188976,0.16666666666666666,62.43267504488331,60.951526032315975,28.617594254937167,77.08258527827647,53.262219959201424,True
1385856,Davide Bartesaghi,8564,Milan,ITA-Serie A,1.6,34.3,4.0,0.0,2.5,3.9,0.16,0.04,0.7,0.0,0.08,0.4,0.2,0.4,0.0,6.93,0.0,42.0,0.8,1.8,0.4,2262,29,Midfielder,0.7586206896551724,0.18181818181818182,0.046647230320699715,0.5714285714285715,55.24236983842012,56.03231597845602,64.71723518850987,36.988330341113105,53.230343418274224,True
466113,Jari Vandeputte,7801,Cremonese,ITA-Serie A,2.3,33.1,10.0,0.0,1.7,4.4,0.21,0.1,1.6,5.0,0.05,0.9,0.4,0.1,0.3,6.9,0.0,53.0,1.0,1.8,0.3,1871,30,Midfielder,0.6279069767441859,0.3333333333333333,0.06948640483383685,0.18749999999999997,66.69658886894075,81.75493716337522,27.643626570915615,50.25134649910233,53.209340877425106,True
1210647,Beñat Turrientes,8560,Real Sociedad,ESP-La Liga,1.9,40.0,1.0,0.0,1.8,0.6,0.04,0.06,1.9,3.0,0.0,0.5,0.5,0.4,0.5,6.79,0.0,11.0,1.5,2.9,1.5,1167,25,Midfielder,0.6415094339622641,0.14705882352941177,0.0475,0.7894736842105263,68.48264190523993,70.67484861939603,53.31460139122154,25.087076826058695,53.0385847568388,True
1329255,Louis Mouton,8121,Angers,FRA-Ligue 1,1.3,25.2,4.0,0.0,0.7,2.5,0.12,0.14,0.9,1.0,0.09,0.7,0.4,0.2,0.6,6.53,0.0,22.0,1.7,1.9,0.6,1904,32,Midfielder,0.7428571428571429,0.2692307692307693,0.05158730158730159,0.6666666666666666,52.23140801657627,62.95531617793737,48.01578476605985,49.16521560072842,52.94381347907105,True
562719,Valentin Rongier,9851,Rennes,FRA-Ligue 1,1.8,59.1,8.0,0.0,2.0,4.0,0.14,0.03,1.6,5.0,0.07,1.3,0.3,0.3,0.6,7.58,0.0,41.0,0.7,2.4,0.6,2655,30,Midfielder,0.6981132075471698,0.35135135135135137,0.030456852791878174,0.37499999999999994,61.52893444785494,39.91587356743435,45.16729406768209,73.12454071028229,52.90891753273948,True
708890,Carlos Soler,8560,Real Sociedad,ESP-La Liga,2.3,39.9,8.0,0.0,1.1,3.8,0.16,0.11,1.1,3.0,0.17,0.6,0.8,0.4,0.3,6.96,0.0,44.0,1.4,1.4,0.5,2146,31,Midfielder,0.6451612903225806,0.3,0.05764411027568922,0.45454545454545453,64.08549062759407,63.8600445293849,47.631451773775275,35.73678436066228,52.89708832411223,True
331542,Jonas Hofmann,8178,Bayer 04 Leverkusen,GER-Bundesliga,1.6,41.0,5.0,0.0,1.2,2.3,0.21,0.15,0.5,2.0,0.18,0.2,0.6,0.0,0.6,6.88,0.0,15.0,2.0,1.2,0.6,981,22,Midfielder,0.7368421052631579,0.14285714285714288,0.03902439024390244,1.2,57.885996409335725,48.357271095152605,83.22710951526032,28.882405745062833,52.73274463374911,True
528811,Jens Stage,8697,SV Werder Bremen,GER-Bundesliga,2.1,30.5,4.0,0.0,1.5,2.9,0.11,0.23,1.2,2.0,0.38,0.7,0.8,0.3,0.4,7.18,0.0,24.0,2.0,1.4,0.4,2378,28,Midfielder,0.6363636363636362,0.33333333333333337,0.06885245901639345,0.33333333333333337,60.28363995547062,78.4025340566141,35.65961081832396,42.788594814771905,52.717173846401316,True
836797,Alex Král,8558,Espanyol,ESP-La Liga,1.2,19.7,3.0,0.0,1.5,1.6,0.05,0.05,1.0,1.0,0.0,0.9,0.1,0.5,0.2,6.73,0.0,12.0,0.7,1.8,1.0,2710,37,Midfielder,0.7297297297297297,0.3333333333333333,0.06091370558375635,1.0,42.68817204301075,55.99462365591398,53.06989247311827,65.85483870967741,52.60880536368765,False
940976,Kang-In Lee,9847,Paris Saint-Germain,FRA-Ligue 1,3.4,56.2,12.0,0.0,0.4,5.5,0.33,0.16,1.1,4.0,0.18,0.2,0.9,0.1,0.6,7.23,0.0,56.0,2.2,1.0,1.6,1490,26,Midfielder,0.5217391304347826,0.16666666666666669,0.06049822064056939,1.4545454545454546,81.43760094721466,79.50623218341987,78.64452745442493,9.7832892543902,52.5244955654408,True
179410,Idrissa Gana Gueye,8668,Everton,ENG-Premier League,0.9,39.8,2.0,0.0,1.0,1.8,0.08,0.09,0.9,3.0,0.09,1.2,0.3,0.3,0.2,7.03,0.0,13.0,1.2,1.8,0.3,2101,25,Midfielder,0.7692307692307693,0.39999999999999997,0.022613065326633167,0.3333333333333333,52.70522769830698,40.09174855054278,49.147619415326595,79.10990778813793,52.46161487699688,True
1054122,Boubacar Traoré,8550,Metz,FRA-Ligue 1,1.8,34.9,0.0,0.0,1.1,0.3,0.02,0.06,1.9,0.0,0.07,0.9,0.2,0.1,0.4,6.6,0.0,4.0,1.2,3.1,1.2,1366,19,Midfielder,0.6779661016949152,0.225,0.05157593123209169,0.631578947368421,60.4802513464991,64.18312387791741,40.93357271095152,44.87432675044883,52.45160609926689,True
39591,Axel Witsel,7732,Girona,ESP-La Liga,1.5,47.7,2.0,0.0,2.0,1.2,0.04,0.09,1.2,2.0,0.04,1.0,0.2,0.4,0.4,6.97,0.0,17.0,0.7,1.2,0.3,2419,30,Midfielder,0.6470588235294118,0.45454545454545453,0.031446540880503145,0.25,58.28994614003591,40.71364452423698,49.86983842010771,64.21454219030521,52.25155983615728,True
800615,Filip Ugrinic,10267,Valencia CF,ESP-La Liga,1.7,34.0,6.0,0.0,1.9,2.6,0.17,0.06,1.1,3.0,0.0,0.5,0.1,0.3,0.5,6.81,0.0,21.0,1.2,1.7,1.0,1344,25,Midfielder,0.6666666666666666,0.22727272727272727,0.049999999999999996,0.9090909090909091,57.61669658886894,61.27019748653501,61.629263913824055,29.9326750448833,52.19785754410889,True
671865,Santi Comesaña,10205,Villarreal,ESP-La Liga,1.5,37.7,3.0,0.0,2.0,3.5,0.13,0.16,1.6,6.0,0.11,1.1,0.3,0.6,0.5,6.99,0.0,27.0,1.0,1.7,0.4,2349,33,Midfielder,0.6363636363636362,0.3928571428571429,0.03978779840848806,0.25,58.90801979369769,54.96391639801035,39.746922517583315,56.81707238598997,52.09468211446172,True
1292810,Kobbie Mainoo,10260,Manchester United,ENG-Premier League,1.1,51.2,1.0,0.0,1.3,1.2,0.07,0.02,0.7,2.0,0.06,1.0,0.2,0.5,0.5,6.99,0.0,18.0,0.7,2.1,1.0,1473,26,Midfielder,0.8157894736842106,0.3225806451612903,0.021484375,1.4285714285714286,53.037122835466505,27.30161901636391,76.57566777990128,68.81949190170073,51.87834081965376,True
671686,Aleix Febas,10268,Elche,ESP-La Liga,1.3,50.6,3.0,0.0,0.6,3.1,0.09,0.06,1.0,2.0,0.06,0.7,0.2,0.1,0.6,7.24,0.0,27.0,0.7,2.1,1.5,3082,35,Midfielder,0.7368421052631579,0.25,0.025691699604743084,1.5,56.76391382405745,32.02872531418313,80.19299820466786,47.89946140035906,51.844996807901204,True
1131957,Jon Olasagasti,8581,Levante,ESP-La Liga,1.7,27.5,5.0,0.0,1.3,2.9,0.17,0.09,1.2,4.0,0.06,0.7,0.5,0.5,0.6,6.74,0.0,30.0,1.4,1.5,0.6,1562,31,Midfielder,0.6470588235294118,0.3181818181818181,0.061818181818181814,0.5,52.51795332136446,68.2181328545781,43.05655296229802,43.97217235188509,51.48879093255691,True
423812,Phillipp Mwene,9905,1. FSV Mainz 05,GER-Bundesliga,1.5,18.7,3.0,0.0,1.9,2.8,0.13,0.09,1.0,2.0,0.05,0.6,0.1,0.4,0.5,6.68,0.0,17.0,0.5,1.2,0.4,1982,28,Midfielder,0.6428571428571428,0.33333333333333337,0.08021390374331551,0.4,46.515475891713805,64.42899107481837,46.73824829636493,49.983694008481166,51.25465928456641,True
1130583,Samú,8661,Mallorca,ESP-La Liga,2.3,32.7,1.0,0.0,3.1,1.1,0.04,0.14,2.2,2.0,0.25,0.9,0.5,0.5,0.4,7.01,0.0,14.0,1.3,2.2,0.5,2553,32,Midfielder,0.5849056603773585,0.2903225806451613,0.07033639143730885,0.22727272727272727,68.93997220130886,82.38399194352748,24.429805087417876,44.55962561855305,50.96480259209251,True
1457626,Ibrahim Maza,8178,Bayer 04 Leverkusen,GER-Bundesliga,1.2,36.6,9.0,0.0,0.7,4.2,0.22,0.21,1.0,4.0,0.15,0.8,0.8,0.1,0.6,7.22,0.0,27.0,2.4,2.0,2.3,1762,27,Midfielder,0.7368421052631579,0.28571428571428575,0.032786885245901634,2.3,47.118491921005386,34.726211849192104,74.08438061041292,54.84739676840215,50.39467336104536,True
1367615,Warren Zaïre-Emery,9847,Paris Saint-Germain,FRA-Ligue 1,1.5,70.8,8.0,0.0,0.8,3.5,0.13,0.05,1.2,4.0,0.11,0.5,0.3,0.3,0.6,7.41,0.0,41.0,0.7,1.8,1.1,2395,31,Midfielder,0.6571428571428571,0.2173913043478261,0.021186440677966104,0.9166666666666667,59.127780673474774,33.47714651583303,72.7709471503124,41.49153812989453,50.327573943399834,True
1607493,Dehmaine Tabibou,9830,Nantes,FRA-Ligue 1,1.4,21.3,3.0,0.0,1.4,1.9,0.14,0.14,1.7,0.0,0.07,1.2,0.5,0.0,0.4,6.62,0.0,20.0,2.1,2.2,1.4,1251,27,Midfielder,0.6666666666666666,0.3529411764705882,0.06572769953051642,0.8235294117647058,46.548473967684025,64.22351885098743,35.273788150807896,64.6903052064632,50.27198389337804,True
1114635,Luis Henrique,8636,Internazionale,ITA-Serie A,1.2,39.9,5.0,0.0,0.9,1.8,0.11,0.05,0.3,2.0,0.06,0.4,0.4,0.1,0.4,7.04,0.0,22.0,0.9,1.1,0.7,1496,28,Midfielder,0.8333333333333333,0.26666666666666666,0.03007518796992481,2.3333333333333335,47.560207975393006,31.072595123646266,87.50486798839147,49.85729683468145,50.27143752897096,True
602523,Maximilian Eggestein,8358,Sport-Club Freiburg,GER-Bundesliga,1.2,36.3,2.0,0.0,1.8,1.7,0.05,0.12,0.5,1.0,0.09,0.9,0.4,0.5,0.4,6.84,0.0,18.0,1.3,1.9,0.4,2970,33,Midfielder,0.8484848484848485,0.32142857142857145,0.03305785123966942,0.8,44.72341589287208,28.892888168182083,70.52127693802565,77.69638295271005,50.17858742230708,True
215151,Marcel Sabitzer,9789,Borussia Dortmund,GER-Bundesliga,1.4,32.8,4.0,0.0,2.1,2.2,0.11,0.06,1.0,2.0,0.05,0.9,0.2,0.3,0.5,6.97,0.0,15.0,1.0,1.5,0.1,1822,26,Midfielder,0.7058823529411765,0.375,0.042682926829268296,0.1,49.703535324285895,45.53065899628708,47.668262517454615,61.14658339929087,50.156120592240136,True
942372,Álex Baena,9906,Atlético de Madrid,ESP-La Liga,1.4,33.3,13.0,0.0,0.6,5.7,0.36,0.11,1.6,3.0,0.12,0.9,0.4,0.2,0.4,6.91,0.0,42.0,1.5,1.0,0.8,1450,25,Midfielder,0.5428571428571428,0.4736842105263158,0.042042042042042045,0.5,52.473542981795724,60.91538451638643,37.43400706550066,52.50853587125088,50.06410138340818,True
1359649,Noah Sadiki,8472,Sunderland,ENG-Premier League,1.2,29.3,0.0,0.0,1.4,1.4,0.05,0.05,1.0,1.0,0.0,1.1,0.2,0.4,0.5,6.82,0.0,17.0,0.6,1.5,0.9,2727,31,Midfielder,0.7222222222222222,0.4230769230769231,0.040955631399317405,0.9,39.272890484739676,41.14901256732496,58.886894075403944,74.94614003590664,50.034807201701256,True
881735,Anton Stach,8463,Leeds United,ENG-Premier League,1.6,27.9,9.0,0.0,2.0,4.4,0.17,0.11,1.4,3.0,0.2,0.8,0.5,0.4,0.9,7.32,0.0,62.0,2.1,2.4,0.8,2304,28,Midfielder,0.6956521739130436,0.25,0.057347670250896064,0.5714285714285715,51.207360861759426,64.19210053859965,40.34560143626571,45.92010771992818,49.94818861120192,True
242156,Djibril Sidibé,9941,Toulouse,FRA-Ligue 1,1.3,30.2,4.0,0.0,2.0,1.8,0.08,0.12,1.3,4.0,0.13,0.7,0.2,0.2,0.3,6.87,0.0,15.0,0.3,2.0,0.4,2147,32,Midfielder,0.675,0.25925925925925924,0.043046357615894044,0.3076923076923077,51.21713544783563,54.67718448163807,44.76650064670566,48.267028307046836,49.74443704148132,True
282281,Denis Suárez,9866,Alavés,ESP-La Liga,1.8,44.8,2.0,0.0,0.8,1.5,0.1,0.06,1.2,2.0,0.07,0.4,0.2,0.2,0.5,6.59,0.0,20.0,0.5,1.5,1.6,1321,28,Midfielder,0.6129032258064516,0.2105263157894737,0.04017857142857143,1.3333333333333335,63.07001795332137,54.08438061041292,71.79533213644524,19.71723518850987,49.683033769728205,True
750032,Mason Mount,10260,Manchester United,ENG-Premier League,2.1,29.6,1.0,0.0,0.8,1.5,0.14,0.14,1.5,0.0,0.29,0.7,0.5,0.1,0.9,0.0,0.0,13.0,1.7,1.8,0.5,935,21,Midfielder,0.625,0.27999999999999997,0.07094594594594594,0.3333333333333333,60.457809694793546,80.55206463195691,31.032315978456012,36.427289048473966,49.68139814949779,True
1403332,Aljoscha Kemlein,8149,1. FC Union Berlin,GER-Bundesliga,2.8,33.1,3.0,0.0,1.3,2.3,0.11,0.06,1.0,2.0,0.0,0.8,0.1,0.2,0.2,6.75,0.0,14.0,0.8,1.8,0.8,1877,29,Midfielder,0.7222222222222222,0.3076923076923077,0.08459214501510573,0.8,47.40751465544423,61.1657432610696,52.81639672335797,37.967059837969664,49.65406476923828,True
638070,Luis Rioja,10267,Valencia CF,ESP-La Liga,1.0,22.9,7.0,0.0,1.2,4.5,0.16,0.07,0.4,6.0,0.07,0.6,0.1,0.0,0.7,6.88,0.0,36.0,1.4,1.2,1.2,2472,35,Midfielder,0.8181818181818182,0.33333333333333337,0.04366812227074236,2.9999999999999996,34.998143536482566,42.21376356955786,71.6995489147571,64.80204050114862,49.633381311407824,True
831489,Alexis Mac Allister,8650,Liverpool,ENG-Premier League,1.7,42.3,4.0,0.0,1.2,1.6,0.06,0.12,1.2,4.0,0.07,0.7,0.4,0.3,0.4,6.88,0.0,32.0,1.7,1.7,0.3,2572,36,Midfielder,0.6666666666666667,0.2916666666666667,0.04018912529550828,0.25,61.027512338886645,52.30363313449548,42.55904326171309,41.31632915709478,49.63213692227537,True
707970,Djibril Sow,8302,Sevilla,ESP-La Liga,1.7,33.9,2.0,0.0,0.4,1.8,0.08,0.08,1.6,4.0,0.22,0.8,0.4,0.1,0.1,6.74,0.0,22.0,0.8,1.7,0.3,2015,31,Midfielder,0.6097560975609757,0.32,0.05014749262536873,0.18749999999999997,55.05358648159946,53.38273714149663,37.31714638713538,54.316888991847,49.436757544002475,True
1323510,Alberto Reina,8670,Real Oviedo,ESP-La Liga,2.0,31.7,7.0,0.0,0.5,2.4,0.1,0.13,1.4,1.0,0.16,0.6,0.4,0.2,0.4,6.64,0.0,34.0,0.9,1.6,0.5,2300,35,Midfielder,0.6111111111111112,0.2727272727272727,0.06309148264984227,0.35714285714285715,60.73159784560144,74.85188509874328,36.885098743267505,30.996409335727105,49.37988940695504,True
1080983,Ilia Gruev,8463,Leeds United,ENG-Premier League,1.3,35.6,2.0,0.0,1.3,0.9,0.06,0.03,1.1,3.0,0.0,1.0,0.1,0.4,0.3,6.61,0.0,11.0,0.5,1.6,0.4,1322,23,Midfielder,0.7027027027027027,0.3846153846153846,0.03651685393258427,0.36363636363636365,47.83662477558349,39.54219030520646,49.263913824057454,67.9847396768402,49.29556572776343,True
731600,Idrissa Touré,6479,Pisa,ITA-Serie A,1.0,17.3,6.0,0.0,3.1,3.5,0.14,0.11,0.9,0.0,0.04,0.9,0.3,0.3,0.2,6.73,0.0,20.0,1.2,1.7,0.8,2261,31,Midfielder,0.7428571428571429,0.34615384615384615,0.057803468208092484,0.888888888888889,37.41023339317774,49.85188509874327,52.908438061041295,66.76840215439857,49.216752438874884,True
614834,Dani Olmo,8634,Barcelona,ESP-La Liga,1.8,45.0,10.0,0.0,1.0,5.4,0.24,0.34,1.2,8.0,0.32,0.6,0.9,0.0,0.6,7.4,0.0,47.0,3.1,1.5,0.7,2000,31,Midfielder,0.6363636363636365,0.2857142857142857,0.04,0.5833333333333334,61.23365057302626,53.49508053255085,58.496785776336345,25.74545536443955,49.21512849233734,True
1233404,Pablo Torre,8661,Mallorca,ESP-La Liga,2.0,37.9,3.0,0.0,0.8,2.5,0.16,0.08,1.7,4.0,0.19,0.5,0.6,0.1,0.4,6.74,0.0,30.0,1.3,1.2,0.9,1457,33,Midfielder,0.5,0.29411764705882354,0.052770448548812667,0.5294117647058824,65.94703770197488,68.71184919210054,42.890484739676836,24.820466786355475,49.211740400468145,True
978680,Han-Noah Massengo,8406,FC Augsburg,GER-Bundesliga,1.1,35.0,3.0,0.0,1.6,1.6,0.06,0.05,0.9,1.0,0.08,1.4,0.2,0.3,0.6,6.91,0.0,16.0,0.8,1.5,1.0,2400,32,Midfielder,0.7631578947368421,0.48275862068965514,0.03142857142857143,1.1111111111111112,41.69988996351422,31.43430628752341,61.249493253025996,83.85586507338982,49.18965272777185,True
909907,Cameron Puertas,8697,SV Werder Bremen,GER-Bundesliga,1.7,36.4,5.0,0.0,1.1,2.3,0.12,0.09,1.8,2.0,0.05,0.9,0.4,0.4,0.4,6.92,0.0,27.0,1.9,2.9,0.7,1783,27,Midfielder,0.6785714285714286,0.2368421052631579,0.046703296703296704,0.38888888888888884,58.58168761220826,58.03859964093358,35.359066427289044,46.041292639138234,49.09219990657012,True
1561552,Ayyoub Bouaddi,8639,Lille,FRA-Ligue 1,1.3,33.1,2.0,0.0,1.1,1.4,0.06,0.07,1.5,1.0,0.0,1.0,0.2,0.3,0.6,7.03,0.0,19.0,0.6,2.3,1.2,2239,29,Midfielder,0.6875,0.30303030303030304,0.03927492447129909,0.7999999999999999,48.29893245304145,43.94509758498871,50.382061478864635,55.87656930689883,49.08217481230111,True
1272440,Valentín Barco,9848,Strasbourg,FRA-Ligue 1,2.8,55.8,13.0,0.0,0.5,6.3,0.27,0.14,1.0,4.0,0.09,0.6,0.4,0.0,0.5,7.24,0.0,36.0,1.2,2.3,1.0,2111,26,Midfielder,0.7435897435897436,0.20689655172413793,0.05017921146953405,1.0,53.583457204815865,51.74024954473208,63.39987966770267,28.771967079142616,48.919540419119876,True
1120224,Tyrick Mitchell,9826,Crystal Palace,ENG-Premier League,1.0,22.4,4.0,0.0,2.7,2.4,0.07,0.04,0.7,2.0,0.03,1.0,0.2,0.3,0.2,7.06,0.0,29.0,0.5,2.8,0.4,3118,36,Midfielder,0.8444444444444444,0.2631578947368421,0.044642857142857144,0.5714285714285715,37.852441716054386,48.899654446825345,54.4720372193587,62.75983089129553,48.902873055819306,True
303879,Lucas Torró,8371,Osasuna,ESP-La Liga,1.6,29.6,1.0,0.0,1.8,0.7,0.03,0.05,1.5,1.0,0.0,1.1,0.2,0.2,0.1,6.82,0.0,13.0,0.9,1.4,0.4,2181,32,Midfielder,0.625,0.44000000000000006,0.05405405405405406,0.26666666666666666,54.93602118363223,68.83358751118061,24.31073080957253,64.09802899557923,48.89063752909633,True
173461,Andrej Kramaric,8226,TSG 1899 Hoffenheim,GER-Bundesliga,1.0,34.3,7.0,0.0,0.4,5.0,0.21,0.47,0.2,6.0,0.58,0.3,1.3,0.1,0.8,7.25,0.0,36.0,2.6,0.3,0.8,2167,33,Midfielder,0.7499999999999999,0.5,0.02915451895043732,4.0,42.46058956390804,34.11844687682992,82.01524745339536,48.54980277086028,48.6804140212958,True
684983,Atakan Karazor,10269,VfB Stuttgart,GER-Bundesliga,0.9,44.3,3.0,0.0,2.5,1.7,0.08,0.03,1.0,1.0,0.0,0.8,0.1,0.4,0.3,6.89,0.0,12.0,0.3,2.0,0.4,1890,28,Midfielder,0.7368421052631579,0.28571428571428575,0.02031602708803612,0.4,54.861341158150104,30.998951114199855,56.518715854906276,59.19754766638996,48.65477746350651,True
620618,Rodrigo Bentancur,8586,Tottenham Hotspur,ENG-Premier League,0.9,40.5,1.0,0.0,2.4,0.8,0.04,0.04,0.9,1.0,0.05,1.7,0.2,0.4,0.3,7.11,0.0,10.0,0.7,2.7,0.8,1720,24,Midfielder,0.830188679245283,0.3863636363636363,0.022222222222222223,0.888888888888889,49.64299273501799,23.62923817429522,60.84416645753299,87.75723441632401,48.6218118741444,True
359193,Lucas Vázquez,8633,Real Madrid,ESP-La Liga,1.3,51.8,8.0,0.0,1.3,3.9,0.16,0.06,1.2,5.0,0.04,0.7,0.1,0.2,0.1,7.06,0.0,33.0,0.6,2.4,0.8,2193,32,Midfielder,0.7209302325581395,0.22580645161290325,0.0250965250965251,0.6666666666666667,56.623655913978496,31.252688172043012,64.6505376344086,46.50537634408602,48.5025848852187,False
693171,Ludovic Blas,9851,Rennes,FRA-Ligue 1,1.2,31.5,10.0,0.0,0.5,5.6,0.34,0.3,1.5,4.0,0.31,1.0,0.8,0.1,0.9,6.89,0.0,44.0,2.7,1.2,1.5,1462,31,Midfielder,0.5945945945945946,0.45454545454545453,0.03809523809523809,1.0,44.778791271725765,49.257205459354076,51.93357914583373,49.15083363899024,48.48499926708335,True
561869,Haris Belkebla,8121,Angers,FRA-Ligue 1,0.9,34.6,0.0,0.0,1.4,0.6,0.02,0.01,0.7,0.0,0.0,1.0,0.0,0.3,0.2,6.77,0.0,16.0,0.2,2.3,0.6,2790,32,Midfielder,0.825,0.30303030303030304,0.02601156069364162,0.8571428571428572,41.967046968205246,27.292700269621566,68.01132217524759,79.27025540047488,48.289366241298964,True
1287783,Seydouba Cissé,7854,Leganés,ESP-La Liga,1.8,35.4,1.0,0.0,1.5,0.9,0.03,0.11,1.4,1.0,0.11,0.4,0.2,0.0,0.5,6.84,0.0,17.0,0.9,2.2,1.1,2451,34,Midfielder,0.65,0.15384615384615385,0.05084745762711865,0.7857142857142858,59.8225806451613,64.49462365591398,52.155913978494624,22.096774193548384,48.2649751574864,False
873827,Ander Guevara,9866,Alavés,ESP-La Liga,2.4,35.1,1.0,0.0,1.9,0.6,0.03,0.04,1.8,1.0,0.0,0.6,0.1,0.2,0.1,6.6,0.0,12.0,0.6,2.3,0.4,1945,33,Midfielder,0.6170212765957447,0.20689655172413793,0.06837606837606837,0.22222222222222224,69.31720430107526,83.74731182795699,27.43548387096774,28.5,48.254982058608846,False
843099,Scott McTominay,9875,Napoli,ITA-Serie A,1.1,36.5,1.0,0.0,1.5,1.4,0.05,0.35,0.8,3.0,0.31,0.7,1.1,0.4,0.8,7.27,0.0,21.0,3.3,1.0,0.8,2613,31,Midfielder,0.6799999999999999,0.4117647058823529,0.030136986301369864,1.0,44.18647323410746,38.4258830267112,63.08680977844701,52.31182152210703,48.24445181505988,True
820024,Sean Longstaff,8463,Leeds United,ENG-Premier League,1.4,34.0,6.0,0.0,1.0,1.8,0.16,0.12,1.2,2.0,0.18,1.1,0.4,0.6,0.5,0.0,0.0,25.0,1.5,3.4,0.2,976,22,Midfielder,0.7894736842105263,0.24444444444444446,0.041176470588235294,0.16666666666666669,49.21454219030521,46.449730700179536,37.81418312387791,66.37791741472172,48.21611787752455,True
801120,Jens-Lys Cajuste,9902,Ipswich Town,ENG-Premier League,1.1,28.6,0.0,0.0,1.5,0.7,0.03,0.03,1.1,1.0,0.05,1.3,0.0,0.5,0.5,6.59,0.0,13.0,0.5,2.0,1.3,1976,30,Midfielder,0.7499999999999999,0.393939393939394,0.038461538461538464,1.1818181818181817,36.52688172043011,35.75806451612904,58.66129032258064,82.43010752688171,48.13182805412841,False
1116391,Hugo Bueno,8602,Wolverhampton Wanderers,ENG-Premier League,1.0,26.1,6.0,0.0,2.6,3.5,0.13,0.03,0.7,2.0,0.04,1.5,0.2,0.2,0.2,6.82,0.0,37.0,0.6,2.6,1.2,2343,33,Midfielder,0.8541666666666666,0.3658536585365854,0.038314176245210725,1.7142857142857144,31.79084380610413,33.370736086175945,69.42100538599641,88.4201077199282,47.99709976890396,True
1428426,Arthur Atta,8600,Udinese,ITA-Serie A,1.2,29.9,5.0,0.0,1.3,2.2,0.08,0.15,0.9,3.0,0.19,0.7,0.7,0.0,0.5,7.02,0.0,32.0,2.0,0.9,2.3,2383,30,Midfielder,0.64,0.43749999999999994,0.04013377926421405,2.5555555555555554,42.44401008989531,40.50014800229082,68.81850092984047,45.1558978912891,47.926782457511976,True
1481909,Ebenezer Akinsanmiro,6479,Pisa,ITA-Serie A,1.3,26.9,3.0,0.0,0.9,1.3,0.08,0.06,1.9,1.0,0.0,1.7,0.2,0.4,0.7,6.83,0.0,16.0,0.9,2.6,1.4,1340,22,Midfielder,0.6935483870967742,0.3953488372093023,0.048327137546468404,0.7368421052631579,43.141831238779176,51.33752244165171,34.67684021543985,76.75942549371634,47.87563216346022,True
1033099,Hicham Boudaoui,9831,Nice,FRA-Ligue 1,1.2,30.3,3.0,0.0,1.3,2.0,0.11,0.08,1.0,2.0,0.05,0.9,0.4,0.5,0.4,6.77,0.0,16.0,1.0,1.4,0.8,1649,24,Midfielder,0.6969696969696969,0.391304347826087,0.039603960396039604,0.8,42.728811541604735,41.730124257575476,53.68884770564275,58.25390114733949,47.84809891295332,True
1180481,Johann Lepenant,9830,Nantes,FRA-Ligue 1,1.8,27.3,4.0,0.0,0.9,1.9,0.08,0.04,1.2,1.0,0.0,1.1,0.3,0.1,0.6,6.94,0.0,33.0,0.9,3.3,0.4,2175,27,Midfielder,0.7857142857142857,0.25,0.06593406593406594,0.33333333333333337,48.74382090435835,62.255969961969846,31.606149816927598,56.207846695366236,47.843551441271025,True
868344,Tijjani Reijnders,8456,Manchester City,ENG-Premier League,0.7,39.5,4.0,0.0,1.2,2.3,0.13,0.23,1.0,2.0,0.29,0.6,0.9,0.1,0.9,6.98,0.0,17.0,2.6,0.6,1.1,1559,27,Midfielder,0.5454545454545454,0.5,0.01772151898734177,1.1,48.135589403035986,27.730594003976762,73.29729155807802,54.366357148832385,47.73288782629174,True
1078729,Batista Mendy,8302,Sevilla,ESP-La Liga,1.9,31.4,0.0,0.0,1.3,0.5,0.03,0.06,2.1,0.0,0.06,1.0,0.3,0.3,0.4,6.65,0.0,9.0,0.9,1.9,0.6,1619,27,Midfielder,0.58,0.3448275862068966,0.06050955414012739,0.2857142857142857,58.50089766606823,71.83123877917416,23.554757630161582,50.79443447037701,47.68809609334316,True
902651,Raoul Bellanova,8524,Atalanta,ITA-Serie A,1.1,31.2,3.0,0.0,1.5,2.3,0.16,0.03,0.3,1.0,0.0,0.5,0.3,0.2,0.3,6.77,0.0,20.0,0.9,1.2,0.6,1329,23,Midfielder,0.85,0.29411764705882354,0.03525641025641026,2.0,37.43914853638605,34.168481303449745,76.56756626319954,57.33201096503928,47.65350549337163,True
1384883,Marc Casadó,8634,Barcelona,ESP-La Liga,1.9,73.4,0.0,0.0,0.7,0.7,0.06,0.1,2.2,1.0,0.0,0.7,0.0,0.3,0.1,6.78,0.0,13.0,1.0,1.7,0.2,969,22,Midfielder,0.5217391304347826,0.2916666666666667,0.025885558583106264,0.09090909090909091,62.51623842525563,45.86440737952292,37.1838574544893,44.77570574570632,47.52957123810726,True
1310440,Javi Rueda,9910,Celta de Vigo,ESP-La Liga,1.3,26.1,7.0,0.0,2.3,2.7,0.19,0.09,1.7,6.0,0.14,1.3,0.2,0.4,0.2,6.92,0.0,13.0,0.8,1.3,1.3,1270,24,Midfielder,0.6046511627906977,0.5,0.04980842911877394,0.7647058823529412,42.93985637342909,52.468581687612215,36.997307001795335,66.8536804308797,47.5226445055191,True
795371,Ibrahim Sangaré,10203,Nottingham Forest,ENG-Premier League,1.7,35.3,2.0,0.0,2.2,1.8,0.08,0.05,1.8,2.0,0.09,0.9,0.2,0.7,0.3,6.95,0.0,12.0,0.7,2.6,0.5,1995,26,Midfielder,0.6603773584905661,0.2571428571428572,0.0481586402266289,0.2777777777777778,58.99461400359067,59.735188509874334,30.1032315978456,45.33213644524237,47.44995296134406,True
1463448,Tom Louchet,9831,Nice,FRA-Ligue 1,1.3,27.6,8.0,0.0,1.8,2.7,0.18,0.2,1.1,2.0,0.2,0.7,0.4,0.3,0.4,6.73,0.0,20.0,1.4,2.3,0.8,1361,26,Midfielder,0.7317073170731708,0.2333333333333333,0.04710144927536232,0.7272727272727273,43.150807899461405,49.964093357271096,51.54847396768402,45.614901256732495,47.319100807529956,True
625175,Grischa Prömel,8226,TSG 1899 Hoffenheim,GER-Bundesliga,1.4,39.0,3.0,0.0,2.4,3.0,0.15,0.27,1.2,2.0,0.37,0.8,0.7,0.3,0.6,6.98,0.0,16.0,2.2,1.8,0.3,1721,32,Midfielder,0.6842105263157895,0.3076923076923077,0.035897435897435895,0.25,52.38779174147217,41.27917414721724,45.130161579892274,51.09066427289048,47.31368887172201,True
924431,Gianluca Busio,7881,Venezia,ITA-Serie A,1.2,24.5,1.0,0.0,1.7,1.8,0.06,0.09,0.9,0.0,0.07,0.7,0.2,0.3,0.3,6.76,0.0,28.0,1.3,1.6,0.5,2524,33,Midfielder,0.71875,0.30434782608695654,0.04897959183673469,0.5555555555555556,40.075268817204304,48.05913978494624,50.17741935483871,54.93548387096772,47.2503035349918,False
1185609,Robin Fellhauer,8406,FC Augsburg,GER-Bundesliga,1.1,21.7,3.0,0.0,2.2,2.4,0.08,0.09,0.8,2.0,0.1,0.8,0.3,0.3,0.4,7.04,0.0,29.0,1.0,1.9,0.4,2720,33,Midfielder,0.7714285714285715,0.2962962962962963,0.05069124423963134,0.5,38.10592459605027,47.9802513464991,49.05745062836625,60.763016157989235,47.20277045972723,True
921341,Alexis Saelemaekers,8564,Milan,ITA-Serie A,0.8,36.1,5.0,0.0,0.7,4.7,0.16,0.1,0.8,3.0,0.07,0.9,0.3,0.1,0.7,7.36,0.0,49.0,1.4,2.4,1.6,2707,34,Midfielder,0.8048780487804879,0.27272727272727276,0.0221606648199446,2.0,43.517866450454626,25.887910786793054,78.48542820923662,59.81917015759026,47.1997680217865,True
516846,Julian Brandt,9789,Borussia Dortmund,GER-Bundesliga,1.0,34.3,8.0,0.0,0.6,5.3,0.3,0.32,0.5,4.0,0.4,0.3,1.0,0.0,1.0,7.21,0.0,30.0,2.1,0.7,1.0,1586,28,Midfielder,0.6666666666666666,0.3,0.02915451895043732,2.0,43.385320746703734,32.263608167152505,82.27709889770468,42.93982098157693,47.18162188382378,True
1016132,Kouadio Koné,8686,Roma,ITA-Serie A,1.3,45.4,4.0,0.0,1.0,2.5,0.09,0.08,1.7,3.0,0.07,0.7,0.2,0.1,0.4,7.18,0.0,25.0,0.8,1.8,1.1,2441,28,Midfielder,0.5952380952380952,0.27999999999999997,0.028634361233480177,0.6470588235294118,54.1438775313218,36.15398673127289,57.60660669356448,41.49821432018686,47.13329595460532,True
166733,Christopher Trimmel,8149,1. FC Union Berlin,GER-Bundesliga,2.9,21.4,10.0,0.0,3.6,6.2,0.31,0.0,1.3,3.0,0.0,0.4,0.0,0.4,0.1,6.97,0.0,52.0,0.2,1.8,0.0,1804,28,Midfielder,0.6285714285714287,0.18181818181818182,0.1355140186915888,0.0,52.60087964839804,92.16072405294621,25.32771568116446,37.29789000212351,47.06198379422928,True
980793,Khéphren Thuram-Ulien,9885,Juventus,ITA-Serie A,1.6,48.4,4.0,0.0,1.1,3.5,0.13,0.11,1.4,2.0,0.11,0.5,0.6,0.3,0.5,7.14,0.0,23.0,1.8,2.2,0.8,2362,33,Midfielder,0.6585365853658538,0.18518518518518517,0.03305785123966942,0.5714285714285715,60.024996299942735,44.511084084605834,58.93217955895318,26.437076504314586,47.059520415614585,True
1055327,Antonio Sánchez,8661,Mallorca,ESP-La Liga,1.2,25.0,3.0,0.0,1.9,0.9,0.08,0.04,1.3,0.0,0.0,1.0,0.3,0.3,0.3,6.26,0.0,10.0,0.5,1.7,0.4,1032,29,Midfielder,0.675,0.37037037037037035,0.048,0.3076923076923077,44.29361724033641,58.79964029008449,31.486966146084693,64.16943688345783,47.01585753989016,True
956683,Ryan Gravenberch,8650,Liverpool,ENG-Premier League,0.7,50.2,4.0,0.0,1.6,2.2,0.07,0.06,1.1,3.0,0.15,1.5,0.4,0.4,0.3,7.25,0.0,28.0,1.1,1.7,0.9,2913,35,Midfielder,0.7441860465116278,0.46875,0.01394422310756972,0.8181818181818181,51.96512293842462,16.979463073428445,68.57000830099804,86.57330617813041,46.634242538868705,True
947884,Wouter Burger,8226,TSG 1899 Hoffenheim,GER-Bundesliga,2.6,38.4,9.0,0.0,2.7,5.0,0.19,0.13,2.1,5.0,0.15,0.6,0.5,0.2,0.7,7.31,0.0,48.0,1.3,2.7,0.2,2350,29,Midfielder,0.6111111111111112,0.1818181818181818,0.06770833333333334,0.09523809523809523,75.7226211849192,84.95511669658887,24.744165170556556,23.509874326750445,46.6319245775066,True
605224,Federico Dimarco,8636,Internazionale,ITA-Serie A,1.3,39.7,33.0,0.0,1.0,11.0,0.38,0.17,1.4,17.0,0.21,1.0,0.7,0.1,0.7,7.79,0.0,93.0,2.2,1.7,0.2,2624,33,Midfielder,0.6585365853658538,0.37037037037037035,0.0327455919395466,0.14285714285714288,50.44066073370527,40.53448131631951,41.16643822834823,57.19305611860775,46.547340137752876,True
468931,Thomas Lemar,7732,Girona,ESP-La Liga,1.7,40.9,1.0,0.0,0.1,1.5,0.11,0.14,1.4,1.0,0.22,0.4,0.6,0.1,0.7,6.64,0.0,19.0,1.2,1.9,1.4,1246,26,Midfielder,0.6216216216216216,0.1739130434782609,0.04156479217603912,1.0,60.516157989228006,53.11041292639139,61.0951526032316,18.559245960502693,46.35217076817425,True
1086012,Ansu Fati,9829,Monaco,FRA-Ligue 1,1.3,28.4,3.0,0.0,0.7,1.3,0.12,0.85,0.8,0.0,0.9,0.4,1.9,0.0,0.4,6.93,0.0,14.0,3.5,1.3,1.2,996,24,Midfielder,0.68,0.23529411764705882,0.045774647887323945,1.4999999999999998,42.701974865350095,48.42908438061042,68.76122082585277,30.23339317773788,46.32807188685078,True
557346,Sandi Lovric,8600,Udinese,ITA-Serie A,1.8,28.0,5.0,0.0,0.9,2.4,0.09,0.1,2.1,3.0,0.08,0.9,0.5,0.2,0.5,6.74,0.0,32.0,1.9,1.8,0.8,2326,36,Midfielder,0.5625,0.3333333333333333,0.0642857142857143,0.38095238095238093,55.23655913978494,72.6236559139785,23.91935483870968,46.17204301075268,46.29144054080089,False
954621,Youssouf Fofana,8564,Milan,ITA-Serie A,0.9,27.7,5.0,0.0,0.7,3.4,0.15,0.16,0.8,3.0,0.09,0.7,0.7,0.2,0.6,6.81,0.0,36.0,1.9,1.7,0.6,2081,31,Midfielder,0.7499999999999999,0.2916666666666667,0.03249097472924188,0.7499999999999999,41.37766001943335,36.115599441452225,60.72823883708808,53.17303076517184,46.284911704791234,True
1146376,Eren Dinkçi,94937,1. FC Heidenheim 1846,GER-Bundesliga,1.2,18.6,0.0,0.0,1.0,1.9,0.13,0.27,0.7,1.0,0.21,0.7,0.6,0.0,0.5,6.75,0.0,10.0,1.8,1.7,0.8,1307,21,Midfielder,0.7741935483870969,0.2916666666666667,0.06451612903225806,1.142857142857143,33.993204764386796,43.461126876572536,63.38062650013191,53.64952735790172,46.27486823111498,True
789502,Morgan Gibbs-White,10203,Nottingham Forest,ENG-Premier League,1.2,28.4,5.0,0.0,1.0,2.8,0.09,0.29,0.8,4.0,0.4,0.3,0.9,0.1,0.6,7.11,0.0,46.0,2.3,0.6,0.8,2930,35,Midfielder,0.5294117647058824,0.33333333333333337,0.04225352112676056,1.0,43.45525826399748,48.40031402225182,61.132455615399955,33.593360488536256,46.17888003047763,True
729769,Tyler Adams,8678,Bournemouth,ENG-Premier League,1.6,44.6,2.0,0.0,2.2,0.6,0.03,0.03,1.7,2.0,0.11,1.7,0.3,0.5,0.3,6.91,0.0,7.0,0.5,2.4,0.3,1598,23,Midfielder,0.7068965517241379,0.41463414634146345,0.03587443946188341,0.17647058823529413,54.07375340244397,36.86223560677722,31.832705932317907,76.29422855414631,46.10606933394141,True
352879,Adrien Rabiot,8564,Milan,ITA-Serie A,1.6,40.4,6.0,0.0,1.5,2.9,0.11,0.15,1.2,4.0,0.23,0.6,0.4,0.2,0.4,7.48,0.0,23.0,1.6,2.1,0.8,2370,27,Midfielder,0.6923076923076923,0.2222222222222222,0.039603960396039604,0.6666666666666667,54.4824166843626,36.946886482242945,54.885851624486016,38.05329047701782,46.10148507742913,True
1112702,Arkadiusz Pyrka,8152,FC St. Pauli,GER-Bundesliga,1.0,23.5,6.0,0.0,3.0,2.0,0.07,0.04,0.6,1.0,0.0,0.8,0.1,0.4,0.6,6.84,0.0,24.0,0.7,1.3,0.5,2490,30,Midfielder,0.7777777777777778,0.38095238095238093,0.0425531914893617,0.8333333333333334,32.37432675044884,37.41023339317774,62.03770197486534,70.12567324955117,46.0942934574649,True
1092731,Joel Chima Fujita,8152,FC St. Pauli,GER-Bundesliga,1.1,30.7,5.0,0.0,0.6,3.9,0.14,0.04,1.2,3.0,0.03,1.1,0.2,0.1,0.6,6.97,0.0,30.0,1.0,2.4,1.5,2581,31,Midfielder,0.7446808510638298,0.31428571428571433,0.035830618892508145,1.25,36.77289048473968,33.76122082585279,58.913824057450626,69.60951526032315,46.00985784081826,True
684981,Aarón Martín,10233,Genoa,ITA-Serie A,1.7,24.1,11.0,0.0,1.8,5.3,0.23,0.06,1.3,5.0,0.04,0.4,0.2,0.5,0.3,7.0,0.0,60.0,0.5,1.8,0.5,2100,31,Midfielder,0.6285714285714287,0.18181818181818182,0.07053941908713693,0.3846153846153846,54.35624151399909,76.67073351222307,34.60249158639151,26.89645631036724,45.96720379103459,True
620027,Xaver Schlager,178475,RB Leipzig,GER-Bundesliga,1.5,45.1,2.0,0.0,1.4,2.5,0.12,0.1,1.2,1.0,0.15,0.4,0.3,0.1,0.5,7.12,0.0,21.0,1.0,1.8,1.1,1837,26,Midfielder,0.6470588235294118,0.18181818181818182,0.03325942350332594,0.9166666666666667,58.00718132854579,42.20825852782765,67.71992818671454,21.844703770197487,45.80809607204734,True
1109171,Yan Couto,9789,Borussia Dortmund,GER-Bundesliga,1.5,34.0,4.0,0.0,1.7,3.0,0.27,0.06,1.5,2.0,0.09,0.6,0.3,0.1,0.5,0.0,0.0,17.0,0.7,1.8,1.2,991,18,Midfielder,0.6153846153846154,0.25,0.04411764705882353,0.7999999999999999,52.244165170556556,51.70107719928187,49.281867145421906,29.07989228007181,45.67479251520326,True
1202587,Ramon Terrats,8558,Espanyol,ESP-La Liga,1.0,17.7,4.0,0.0,0.6,1.0,0.1,0.13,1.4,2.0,0.09,1.0,0.3,0.5,0.7,6.34,0.0,16.0,1.3,2.0,0.7,978,28,Midfielder,0.6818181818181818,0.3333333333333333,0.05649717514124294,0.5,39.3352058840563,52.01178870420778,39.91795203438801,57.405870543039704,45.66076676191711,True
369742,Jackson Irvine,8152,FC St. Pauli,GER-Bundesliga,1.2,27.7,3.0,0.0,2.8,1.3,0.08,0.07,1.1,1.0,0.0,1.4,0.2,0.4,0.2,6.77,0.0,11.0,1.1,1.8,0.6,1535,23,Midfielder,0.7441860465116278,0.43749999999999994,0.04332129963898917,0.5454545454545454,37.50118080088544,41.51408595715656,40.4858850858735,80.18678854333571,45.646641192563294,True
321140,Valentino Lazaro,9804,Torino,ITA-Serie A,1.8,26.7,7.0,0.0,2.0,3.9,0.16,0.02,1.5,2.0,0.0,0.9,0.1,0.3,0.4,6.74,0.0,31.0,0.3,1.9,0.4,2258,31,Midfielder,0.6511627906976744,0.32142857142857145,0.06741573033707865,0.26666666666666666,49.809952188825186,62.94878798993583,31.07482802777295,43.072035288894035,45.591401508990124,True
1276315,Dermane Karim,8689,Lorient,FRA-Ligue 1,1.3,30.2,1.0,0.0,0.3,1.0,0.07,0.08,1.3,2.0,0.07,0.7,0.1,0.1,0.8,6.71,0.0,16.0,1.0,1.6,1.3,1340,29,Midfielder,0.638888888888889,0.30434782608695654,0.043046357615894044,1.0,42.74236983842012,45.80341113105925,53.15529622980251,40.99640933572711,45.54260149260301,True
825806,Lars Ritzka,8152,FC St. Pauli,GER-Bundesliga,1.4,25.7,2.0,0.0,3.2,0.6,0.06,0.04,1.0,0.0,0.0,1.5,0.1,0.5,0.0,6.46,0.0,6.0,0.4,3.7,0.0,970,21,Midfielder,0.8387096774193549,0.28846153846153844,0.054474708171206226,0.0,41.58860189314235,51.00000321744111,30.3787153401157,74.59670340984408,45.47483430120209,True
1067260,Jakub Kaminski,8722,1. FC Köln,GER-Bundesliga,1.0,24.5,10.0,0.0,1.1,6.3,0.19,0.22,0.4,3.0,0.22,0.6,0.8,0.2,0.5,7.13,0.0,49.0,1.9,1.4,0.7,2930,33,Midfielder,0.8333333333333334,0.3,0.04081632653061224,1.7499999999999998,31.912028725314187,35.71364452423698,71.72800718132854,58.95870736086175,45.43877860976614,True
866516,Teun Koopmeiners,9885,Juventus,ITA-Serie A,2.1,53.3,0.0,0.0,2.0,1.2,0.06,0.08,1.6,0.0,0.0,0.9,0.4,0.4,0.3,6.72,0.0,16.0,1.4,1.6,0.2,1754,31,Midfielder,0.6097560975609757,0.36,0.039399624765478425,0.125,56.65029954376684,46.5061807043622,37.46368152480969,40.17547280297034,45.39762617741916,True
304354,Janik Haberer,8149,1. FC Union Berlin,GER-Bundesliga,2.0,24.4,3.0,0.0,2.3,2.5,0.14,0.03,1.3,1.0,0.0,0.4,0.1,0.2,0.4,6.52,0.0,21.0,0.6,1.9,0.3,1652,28,Midfielder,0.638888888888889,0.1739130434782609,0.0819672131147541,0.23076923076923075,53.41615026736935,75.42811271339679,28.47545735925304,33.317622568418884,45.27282172893894,True
598355,Denis Zakaria,9829,Monaco,FRA-Ligue 1,0.8,46.4,1.0,0.0,2.9,0.9,0.04,0.08,1.2,1.0,0.09,1.6,0.1,0.6,0.1,7.04,0.0,6.0,0.8,1.7,0.4,1943,23,Midfielder,0.7333333333333333,0.4848484848484849,0.017241379310344827,0.33333333333333337,50.37501206540415,19.804273405275318,55.13399676968913,83.52589396601094,45.141228380207686,True
1054786,Aimar Oroz,8371,Osasuna,ESP-La Liga,1.4,29.0,4.0,0.0,0.6,3.0,0.13,0.08,1.3,2.0,0.0,0.4,0.2,0.0,0.8,6.79,0.0,35.0,1.3,1.6,1.3,2012,29,Midfielder,0.6060606060606061,0.2,0.04827586206896552,1.0,44.66549230066344,50.25266243251418,58.145447642580905,28.781429573431655,45.00210290782575,True
1109046,Ilaix Moriba,9910,Celta de Vigo,ESP-La Liga,1.1,33.0,4.0,0.0,1.2,1.7,0.07,0.05,1.4,2.0,0.04,0.9,0.2,0.2,0.4,6.8,0.0,15.0,0.7,3.1,0.5,2308,34,Midfielder,0.7407407407407407,0.225,0.03333333333333333,0.35714285714285715,47.76309337657574,44.697982020939115,39.65980708223136,48.00889944209572,44.89021778094671,True
1369279,Luca Lipani,7943,Sassuolo,ITA-Serie A,1.8,34.0,1.0,0.0,2.4,0.4,0.04,0.08,2.6,1.0,0.0,1.2,0.3,0.2,0.2,6.42,0.0,10.0,1.2,2.5,0.2,918,22,Midfielder,0.5873015873015872,0.3243243243243243,0.052941176470588235,0.07692307692307693,59.63644524236984,65.31418312387791,18.680430879712745,53.62208258527828,44.68079143611825,True
664587,Lassana Coulibaly,9888,Lecce,ITA-Serie A,1.4,21.8,1.0,0.0,1.1,1.1,0.04,0.1,1.2,1.0,0.11,0.3,0.3,0.2,0.5,6.88,0.0,19.0,0.9,1.7,0.9,2515,31,Midfielder,0.625,0.15,0.06422018348623852,0.75,49.94594055455815,69.75189346409014,42.92939003751536,22.529783852306583,44.58401165838753,True
864006,Mattéo Tramoni,6479,Pisa,ITA-Serie A,0.8,14.7,4.0,0.0,0.6,2.3,0.13,0.18,0.8,2.0,0.11,0.9,0.5,0.1,1.0,6.61,0.0,28.0,1.6,1.8,0.4,1609,27,Midfielder,0.7714285714285715,0.3333333333333333,0.054421768707483,0.5,34.09335727109515,42.38779174147217,45.502692998204665,69.07091561938958,44.563515776073544,True
1269497,Yannik Engelhardt,9788,Borussia Mönchengladbach,GER-Bundesliga,1.0,41.1,1.0,0.0,1.6,1.4,0.05,0.08,1.5,2.0,0.07,1.2,0.2,0.4,0.3,6.91,0.0,12.0,0.8,1.6,0.2,2401,30,Midfielder,0.6511627906976744,0.4285714285714286,0.024330900243309,0.13333333333333333,52.14658661673199,32.27282291847648,39.0447899976191,61.837419483536344,44.516196310094315,True
1622889,Louis Leroux,9830,Nantes,FRA-Ligue 1,1.1,21.2,0.0,0.0,2.2,1.3,0.08,0.1,0.7,1.0,0.06,0.2,0.2,0.1,0.2,6.61,0.0,16.0,0.9,2.3,0.7,1443,23,Midfielder,0.78125,0.08,0.0518867924528302,1.0,38.173249551166975,48.78815080789947,61.47217235188509,33.339317773788146,44.500747977521975,True
540307,Lorenzo Pellegrini,8686,Roma,ITA-Serie A,1.7,32.1,4.0,0.0,0.9,3.0,0.19,0.32,1.2,2.0,0.24,0.9,0.7,0.2,0.4,6.92,0.0,28.0,2.0,0.7,0.3,1475,24,Midfielder,0.5714285714285715,0.5625,0.0529595015576324,0.25,47.43299357155268,51.003429792217666,37.40502435602916,42.28563155151445,44.48310104379616,True
1353457,Arthur,8178,Bayer 04 Leverkusen,GER-Bundesliga,1.1,30.4,2.0,0.0,2.2,1.4,0.12,0.07,1.4,3.0,0.08,1.4,0.2,0.1,0.6,6.8,0.0,12.0,0.8,1.6,1.1,1104,19,Midfielder,0.6818181818181818,0.4666666666666666,0.03618421052631579,0.7857142857142858,36.63375224416517,34.165170556552965,47.30700179533214,76.62926391382405,44.48059687562538,True
1044470,Hákon Arnar Haraldsson,8639,Lille,FRA-Ligue 1,1.3,37.8,5.0,0.0,0.3,4.9,0.19,0.29,1.0,1.0,0.3,0.4,0.6,0.0,0.9,7.2,0.0,51.0,1.8,0.9,0.8,2393,31,Midfielder,0.5652173913043479,0.3076923076923077,0.0343915343915344,0.8,49.29638423968649,38.28275837660792,67.67123221559429,26.99924390134039,44.4085575549404,True
651435,Toma Basic,8543,Lazio,ITA-Serie A,1.4,38.2,4.0,0.0,1.1,1.7,0.1,0.08,1.1,3.0,0.11,0.6,0.6,0.4,0.4,6.86,0.0,19.0,1.7,1.1,0.1,1566,21,Midfielder,0.6071428571428571,0.3529411764705882,0.03664921465968586,0.09090909090909091,52.20825852782765,42.0870736086176,41.858168761220824,39.77558348294434,44.33301955969446,True
577911,Rolando Mandragora,8535,Fiorentina,ITA-Serie A,1.3,30.9,3.0,0.0,1.3,2.5,0.1,0.18,1.4,3.0,0.23,0.5,0.6,0.2,0.3,7.03,0.0,34.0,2.4,1.7,0.2,2322,32,Midfielder,0.6111111111111112,0.22727272727272727,0.04207119741100324,0.14285714285714288,51.07444193484039,58.45583740339632,33.97520318140577,35.16497751008667,44.277250554373424,True
449283,Alessandro Deiola,8529,Cagliari,ITA-Serie A,1.8,31.0,0.0,0.0,2.4,0.3,0.02,0.09,1.5,2.0,0.0,0.9,0.4,0.5,0.1,6.69,0.0,6.0,1.3,2.2,0.2,1289,18,Midfielder,0.673913043478261,0.2903225806451613,0.05806451612903226,0.13333333333333333,54.26389773685193,68.87291107636275,21.1818240317111,46.72814553129606,44.18470438922294,True
1392232,Marc Aguado,10268,Elche,ESP-La Liga,0.9,43.7,0.0,0.0,1.8,0.6,0.02,0.01,0.8,2.0,0.04,1.6,0.1,0.8,0.4,6.88,0.0,9.0,0.1,1.8,0.0,2340,33,Midfielder,0.8095238095238095,0.47058823529411764,0.020594965675057208,0.0,48.267504488330346,18.74326750448833,51.46319569120287,93.28545780969479,44.17176538160388,True
1073905,Rassoul Ndiaye,9746,Le Havre,FRA-Ligue 1,1.1,25.3,5.0,0.0,0.7,2.7,0.1,0.11,0.8,4.0,0.14,0.5,0.3,0.1,0.5,7.03,0.0,28.0,1.2,2.4,0.8,2483,32,Midfielder,0.7837837837837838,0.1724137931034483,0.04347826086956522,1.0,35.95888110268141,39.94099534758016,54.90522383737766,50.107330617813034,43.85107473163046,True
660327,Ibrahima Sissoko,9911,VfL Bochum 1848,GER-Bundesliga,1.5,27.2,2.0,0.0,2.0,2.7,0.09,0.06,2.6,1.0,0.07,1.2,0.3,0.4,0.4,6.96,0.0,27.0,0.9,2.3,1.1,2624,32,Midfielder,0.5737704918032788,0.34285714285714286,0.05514705882352941,0.4230769230769231,49.0,60.70967741935484,22.682795698924732,55.16129032258064,43.66408200051648,False
244811,Davide Zappacosta,8524,Atalanta,ITA-Serie A,1.0,33.7,2.0,0.0,1.3,4.6,0.17,0.08,0.6,3.0,0.11,0.7,0.3,0.1,0.4,6.99,0.0,37.0,1.3,0.7,0.9,2447,33,Midfielder,0.7,0.5,0.029673590504451036,1.5,37.967046968205246,25.296445371067488,72.56671042386569,56.07906539770789,43.604512262791104,True
1367924,Can Uzun,9810,Eintracht Frankfurt,GER-Bundesliga,2.0,37.5,4.0,0.0,0.4,3.0,0.24,0.29,1.2,4.0,0.65,0.2,1.5,0.2,1.0,7.14,0.0,20.0,3.3,1.2,1.0,1104,20,Midfielder,0.5384615384615385,0.14285714285714288,0.05333333333333334,0.8333333333333334,65.65529622980252,69.35816876122084,61.166965888689404,8.649012567324956,43.59913512885817,True
1404415,Fermín López,8634,Barcelona,ESP-La Liga,1.7,38.9,15.0,0.0,0.3,4.5,0.23,0.35,1.7,9.0,0.31,0.3,1.2,0.0,0.9,7.34,0.0,34.0,3.3,2.4,2.2,1752,29,Midfielder,0.6136363636363636,0.11111111111111112,0.043701799485861184,1.2941176470588236,60.79844983687574,57.22486374136923,53.650737115757096,14.503799797944696,43.57668872287664,True
621515,Daichi Kamada,9826,Crystal Palace,ENG-Premier League,1.5,32.6,5.0,0.0,1.1,3.1,0.15,0.08,1.5,0.0,0.0,0.5,0.2,0.1,0.6,6.84,0.0,19.0,0.9,2.9,0.6,1773,26,Midfielder,0.693877551020408,0.14705882352941177,0.046012269938650305,0.39999999999999997,50.065783800827525,51.0481200491625,34.55511798356531,37.94946687000894,43.38368868259825,True
769166,Jean-Ricner Bellegarde,8602,Wolverhampton Wanderers,ENG-Premier League,1.9,24.5,2.0,0.0,1.5,1.1,0.08,0.07,1.4,1.0,0.07,0.7,0.5,0.2,0.4,6.42,0.0,13.0,1.5,2.0,1.3,1240,25,Midfielder,0.6585365853658538,0.25925925925925924,0.07755102040816327,0.9285714285714287,43.74925837982536,59.04972233483266,38.792851489353495,33.37846116226842,43.34877824174398,True
1199283,Eric Martel,8722,1. FC Köln,GER-Bundesliga,1.2,43.3,4.0,0.0,4.4,1.1,0.04,0.08,1.5,2.0,0.07,1.2,0.1,0.7,0.2,6.89,0.0,15.0,0.8,1.6,0.1,2474,30,Midfielder,0.6511627906976744,0.4285714285714286,0.02771362586605081,0.06666666666666667,51.557450628366254,30.525134649910235,34.591561938958705,68.42010771992818,43.31428215882178,True
667790,Suat Serdar,9876,Verona,ITA-Serie A,2.0,23.1,2.0,0.0,1.3,0.8,0.07,0.17,1.5,0.0,0.16,0.7,0.6,0.4,0.5,6.61,0.0,13.0,1.5,2.5,0.7,1108,20,Midfielder,0.6808510638297872,0.21874999999999997,0.08658008658008658,0.4666666666666666,49.301693017509315,71.49935651177906,28.616123884352294,31.437742514623267,43.15956467881431,True
659272,Julian Ryerson,9789,Borussia Dortmund,GER-Bundesliga,1.1,30.1,21.0,0.0,1.6,9.5,0.39,0.04,1.1,14.0,0.0,0.6,0.0,0.2,0.7,7.26,0.0,53.0,0.5,1.4,1.0,2184,30,Midfielder,0.6451612903225806,0.3,0.036544850498338874,0.9090909090909091,40.67241945136194,31.943833130634548,60.62736562357227,44.66868400223933,43.10767157497389,True
464981,Matús Bero,9911,VfL Bochum 1848,GER-Bundesliga,1.8,27.4,5.0,0.0,1.2,3.8,0.13,0.14,1.8,2.0,0.18,0.6,0.5,0.3,0.8,7.08,0.0,54.0,1.1,2.3,0.7,2569,30,Midfielder,0.6170212765957447,0.20689655172413793,0.06569343065693431,0.38888888888888884,54.854838709677416,73.01075268817206,26.510752688172044,28.5,43.095872308590934,False
921543,Morten Frendrup,10233,Genoa,ITA-Serie A,1.3,33.2,1.0,0.0,2.7,0.9,0.03,0.01,1.2,0.0,0.03,1.2,0.1,0.4,0.6,7.05,0.0,14.0,0.2,2.8,0.2,2909,34,Midfielder,0.7692307692307692,0.3,0.0391566265060241,0.16666666666666669,41.68636705855099,37.35171457436471,33.550848439219315,73.83109077688333,43.067492204130374,True
612863,Frank Anguissa,9875,Napoli,ITA-Serie A,0.8,44.3,1.0,0.0,0.8,1.3,0.09,0.18,1.3,1.0,0.29,0.9,0.6,0.2,0.2,7.05,0.0,13.0,1.6,1.3,0.6,1256,18,Midfielder,0.6285714285714287,0.40909090909090906,0.018058690744920995,0.4615384615384615,48.58589280773216,22.19737392457031,54.94262337277916,60.419747366524454,43.027051347809525,True
847357,Mehdi Léris,6479,Pisa,ITA-Serie A,1.1,18.7,5.0,0.0,1.9,1.9,0.1,0.08,1.4,3.0,0.1,0.9,0.4,0.4,0.5,6.79,0.0,27.0,1.2,2.9,0.7,1766,32,Midfielder,0.7307692307692308,0.2368421052631579,0.05882352941176471,0.5,40.399461400359066,53.43357271095152,31.68761220825853,52.670556552962296,42.99343907208262,True
1425769,Alejandro Rego,8315,Athletic Club,ESP-La Liga,1.6,30.3,1.0,0.0,1.2,1.3,0.1,0.03,3.0,1.0,0.07,1.7,0.2,0.4,0.5,6.56,0.0,11.0,0.8,3.0,0.6,1216,27,Midfielder,0.6103896103896104,0.36170212765957444,0.052805280528052806,0.19999999999999998,51.59335727109516,61.12208258527828,17.692998204667862,63.9048473967684,42.99171710516916,True
1174672,João Gomes,8602,Wolverhampton Wanderers,ENG-Premier League,1.2,39.9,2.0,0.0,1.3,2.1,0.07,0.04,2.2,1.0,0.03,1.1,0.2,0.2,0.4,6.96,0.0,16.0,0.6,3.5,1.4,2743,34,Midfielder,0.676470588235294,0.23913043478260873,0.03007518796992481,0.6363636363636362,50.140853136683326,33.37725462185415,41.31473008886572,46.926947999716866,42.58247112593965,True
867225,Zeki Çelik,8686,Roma,ITA-Serie A,1.1,38.0,2.0,0.0,2.3,1.9,0.07,0.05,1.2,2.0,0.04,0.6,0.1,0.2,0.3,7.02,0.0,24.0,0.7,2.1,0.3,2550,32,Midfielder,0.6923076923076923,0.2222222222222222,0.028947368421052635,0.25,50.07098640309389,36.376144604673016,44.537486406311324,37.9995270361576,42.48318561297623,True
715069,Pedro Díaz,8370,Rayo Vallecano,ESP-La Liga,1.1,31.9,3.0,0.0,0.8,1.6,0.08,0.09,1.0,1.0,0.0,0.3,0.3,0.1,0.6,6.58,0.0,22.0,2.2,1.8,0.7,1755,32,Midfielder,0.6774193548387097,0.14285714285714285,0.03448275862068966,0.7,40.89371505054601,36.332873239255356,65.26745944415488,31.86183020919802,42.45220244759305,True
1027194,Alexander Prass,8226,TSG 1899 Hoffenheim,GER-Bundesliga,1.2,27.4,4.0,0.0,1.3,3.2,0.23,0.08,1.8,2.0,0.21,0.5,0.8,0.2,0.9,6.72,0.0,17.0,1.3,2.3,1.1,1262,31,Midfielder,0.6086956521739131,0.17857142857142858,0.043795620437956206,0.6111111111111112,46.3730783833002,53.0743840209005,43.95264248437932,26.607974106033982,42.34963075358208,True
1161211,Fabian Rieder,8406,FC Augsburg,GER-Bundesliga,1.8,22.8,9.0,0.0,0.6,4.5,0.18,0.17,1.8,3.0,0.24,0.6,0.5,0.1,0.6,7.0,0.0,42.0,1.5,1.4,0.8,2262,31,Midfielder,0.5263157894736842,0.3,0.07894736842105263,0.4444444444444445,51.790843806104135,76.62477558348294,24.537701974865346,29.42549371633752,42.32251070157902,True
640220,Marc Roca,8603,Real Betis,ESP-La Liga,2.1,40.5,3.0,0.0,1.7,1.2,0.06,0.06,1.8,1.0,0.05,1.1,0.2,0.3,0.6,6.8,0.0,17.0,0.7,1.7,0.5,1925,27,Midfielder,0.6086956521739131,0.3928571428571429,0.05185185185185186,0.2777777777777778,47.009549365198865,47.27286474521083,34.821184275721826,39.84617414078236,42.25197526454144,True
1107280,Pape Sarr,8586,Tottenham Hotspur,ENG-Premier League,1.3,35.1,2.0,0.0,3.1,1.1,0.07,0.1,1.8,3.0,0.13,1.1,0.4,0.7,0.3,6.8,0.0,8.0,1.1,2.2,0.8,1352,24,Midfielder,0.6470588235294118,0.3333333333333333,0.037037037037037035,0.4444444444444445,46.23059078653566,31.193725346357535,37.166402836496076,63.261027779386495,42.24356142895932,True
1214915,Brooke Norton-Cuffy,10233,Genoa,ITA-Serie A,1.1,23.5,2.0,0.0,1.6,1.8,0.08,0.07,0.9,1.0,0.08,0.4,0.2,0.2,0.4,6.83,0.0,21.0,0.7,1.7,1.3,2184,26,Midfielder,0.7000000000000001,0.19047619047619047,0.04680851063829788,1.4444444444444444,36.575403949730706,44.42549371633753,62.25763016157988,30.035906642728904,42.16393164547012,True
1127054,Tomás Suslov,9876,Verona,ITA-Serie A,1.6,15.5,4.0,0.0,0.6,1.7,0.07,0.07,2.3,1.0,0.0,0.8,0.3,0.1,0.5,6.62,0.0,27.0,1.4,2.3,1.5,2097,31,Midfielder,0.5740740740740741,0.2580645161290323,0.1032258064516129,0.6521739130434783,47.9247311827957,75.36559139784947,23.44623655913978,34.67204301075269,42.070275465339805,False
1291325,Lucas Pires,8191,Burnley,ENG-Premier League,0.9,29.5,1.0,0.0,2.6,1.3,0.09,0.02,1.0,0.0,0.0,1.2,0.1,0.4,0.4,0.0,0.0,18.0,0.8,1.8,1.1,1226,18,Midfielder,0.75,0.39999999999999997,0.030508474576271188,1.1,31.207360861759426,24.640933572710953,61.53052064631956,79.85637342908439,42.065491390162,True
1238154,Pablo Ibánez,9866,Alavés,ESP-La Liga,1.0,35.3,1.0,0.0,1.1,1.3,0.05,0.17,1.5,1.0,0.04,0.8,0.5,0.4,0.5,6.72,0.0,19.0,1.9,2.1,1.3,2152,35,Midfielder,0.6590909090909092,0.27586206896551724,0.028328611898017,0.8666666666666667,42.28549963642916,34.203840981190844,43.622838683937886,50.46645174160087,41.87021534874889,True
889536,Timothy Weah,8592,Marseille,FRA-Ligue 1,1.3,34.9,7.0,0.0,0.9,2.9,0.12,0.07,1.3,2.0,0.08,0.7,0.4,0.1,0.2,6.96,0.0,29.0,1.1,1.9,0.6,2175,28,Midfielder,0.6666666666666666,0.2692307692307693,0.03724928366762178,0.4615384615384615,42.302738685868356,33.32488755043339,48.725127571539794,45.190237640199996,41.8359745154897,True
1097009,Oliver Sørensen,10167,Parma,ITA-Serie A,0.9,20.8,1.0,0.0,1.6,0.5,0.03,0.08,0.7,1.0,0.05,0.9,0.2,0.1,0.1,6.43,0.0,10.0,0.7,0.9,0.3,1797,32,Midfielder,0.72,0.5,0.04326923076923077,0.4285714285714286,29.68132854578097,35.062836624775585,48.38420107719928,72.57181328545781,41.810585701312355,True
1463266,Louis Oppie,8152,FC St. Pauli,GER-Bundesliga,1.2,28.8,3.0,0.0,2.4,1.8,0.1,0.05,0.9,0.0,0.06,0.6,0.2,0.1,0.3,6.62,0.0,9.0,0.9,1.4,0.2,1526,22,Midfielder,0.6896551724137931,0.3,0.041666666666666664,0.22222222222222224,39.735188509874334,41.95691202872531,42.23518850987432,44.03500897666068,41.747616920631785,True
1113785,Hannibal Mejbri,8191,Burnley,ENG-Premier League,1.3,28.7,5.0,0.0,0.5,1.8,0.14,0.05,1.7,4.0,0.08,0.7,0.3,0.2,0.7,6.64,0.0,18.0,1.3,2.2,1.5,1095,25,Midfielder,0.6304347826086957,0.24137931034482754,0.04529616724738676,0.8823529411764706,42.77827648114901,47.86355475763016,41.65170556552962,33.29892280071813,41.56831847393541,True
827315,Nicolás Dominguez,10203,Nottingham Forest,ENG-Premier League,1.3,32.6,2.0,0.0,1.2,0.7,0.06,0.1,1.3,1.0,0.08,0.6,0.4,0.4,0.7,6.66,0.0,10.0,1.3,4.2,0.4,1080,25,Midfielder,0.7868852459016393,0.125,0.03987730061349693,0.3076923076923077,44.19503484488717,36.91220568457494,35.44166457532995,52.727302561726596,41.41810092925563,True
955271,Thiago Almada,9906,Atlético de Madrid,ESP-La Liga,1.9,41.4,3.0,0.0,0.4,2.4,0.17,0.26,0.9,1.0,0.21,0.4,0.7,0.1,0.9,6.71,0.0,26.0,1.5,1.9,1.4,1267,26,Midfielder,0.71875,0.1739130434782609,0.04589371980676329,1.5555555555555554,44.18788569075243,41.62056073563574,64.42321898547647,21.41110531971712,41.38151354626796,True
948745,Kwasi Sibo,8670,Real Oviedo,ESP-La Liga,1.5,31.4,0.0,0.0,1.9,0.2,0.01,0.02,1.6,0.0,0.0,0.8,0.1,0.3,0.2,6.42,0.0,3.0,0.5,1.8,0.2,1686,26,Midfielder,0.6190476190476191,0.3076923076923077,0.04777070063694268,0.125,50.300718132854584,55.33662477558349,23.77468581687612,42.764811490125666,41.349611276806876,True
1072056,Tommaso Barbieri,7801,Cremonese,ITA-Serie A,2.0,21.2,2.0,0.0,1.7,0.9,0.05,0.04,2.1,1.0,0.0,0.7,0.1,0.4,0.1,6.58,0.0,10.0,0.8,2.5,0.9,1636,27,Midfielder,0.6037735849056604,0.21874999999999997,0.09433962264150944,0.42857142857142855,52.553859964093355,82.76929982046678,21.099640933572708,27.805206463195688,41.26128007095637,True
1231029,Rafik Belghali,9876,Verona,ITA-Serie A,0.8,18.3,2.0,0.0,1.1,3.0,0.15,0.11,1.0,0.0,0.1,0.9,0.3,0.3,0.3,6.78,0.0,27.0,1.0,1.0,2.0,1779,24,Midfielder,0.6551724137931034,0.4736842105263158,0.04371584699453552,2.0,27.8411131059246,33.42010771992819,58.10592459605026,62.81867145421903,41.21741901048063,True
523749,Jae-Sung Lee,9905,1. FSV Mainz 05,GER-Bundesliga,1.0,21.3,7.0,0.0,1.4,3.2,0.13,0.13,0.8,2.0,0.17,1.0,0.4,0.0,0.2,6.82,0.0,22.0,1.2,1.5,0.2,2176,27,Midfielder,0.7575757575757576,0.4,0.046948356807511735,0.25,30.52844539680701,32.49559532312761,44.245838239931025,79.61014266133857,41.21253400037742,True
888921,Lewis Ferguson,9857,Bologna,ITA-Serie A,2.9,52.8,1.0,0.0,1.7,1.2,0.08,0.04,2.0,0.0,0.06,0.7,0.1,0.5,0.3,6.52,0.0,14.0,0.8,1.5,0.2,1416,25,Midfielder,0.5238095238095238,0.3181818181818181,0.054924242424242424,0.1,55.00176959260761,54.639710945091146,33.49862293520717,24.06819688165608,41.118337480623175,True
750031,Pol Lozano,8558,Espanyol,ESP-La Liga,1.5,34.2,2.0,0.0,1.0,2.2,0.09,0.03,2.7,1.0,0.09,0.9,0.2,0.3,0.2,6.54,0.0,23.0,0.7,1.6,0.1,2116,32,Midfielder,0.4807692307692307,0.36,0.043859649122807015,0.037037037037037035,56.23974440647864,62.57297478169662,17.095323127610147,44.811860131400294,40.98336603682864,True
975242,Simon Sohm,9857,Bologna,ITA-Serie A,1.2,30.7,3.0,0.0,0.7,1.5,0.1,0.05,1.6,1.0,0.0,0.5,0.1,0.3,0.1,6.48,0.0,15.0,0.6,1.3,0.7,1430,28,Midfielder,0.5294117647058824,0.2777777777777778,0.03908794788273615,0.43749999999999994,39.88423003416923,38.79929280644519,45.28446040295231,39.68373197428621,40.8466192389326,True
295067,Will Hughes,9826,Crystal Palace,ENG-Premier League,1.4,32.0,1.0,0.0,1.6,1.9,0.11,0.07,1.3,0.0,0.0,0.9,0.0,0.4,0.0,6.56,0.0,20.0,1.0,1.5,0.6,1478,30,Midfielder,0.6486486486486486,0.375,0.04375,0.4615384615384615,42.48009690932607,40.60224062598534,33.310840202570084,49.79281288006022,40.80119459984232,True
1049999,Enzo Le Fée,8472,Sunderland,ENG-Premier League,1.0,27.7,10.0,0.0,1.2,5.0,0.16,0.16,0.9,5.0,0.13,0.9,0.3,0.4,0.7,7.08,0.0,48.0,1.0,2.7,0.4,2755,34,Midfielder,0.8,0.25,0.036101083032490974,0.4444444444444445,32.701974865350095,31.27019748653501,49.54219030520646,61.78635547576302,40.745266872242496,True
730901,Yangel Herrera,7732,Girona,ESP-La Liga,1.4,34.1,5.0,0.0,1.9,1.3,0.05,0.14,2.9,3.0,0.16,1.2,0.6,0.3,0.3,6.99,0.0,17.0,1.6,2.6,0.8,2263,29,Midfielder,0.5671641791044777,0.3157894736842105,0.04105571847507331,0.27586206896551724,48.935483870967744,46.68817204301076,22.96774193548387,52.387096774193544,40.58011980701039,False
914401,Oriol Rey,8581,Levante,ESP-La Liga,1.6,33.9,0.0,0.0,2.3,0.5,0.03,0.03,1.6,1.0,0.0,0.6,0.1,0.3,0.3,0.0,0.0,10.0,0.6,1.4,0.1,1274,19,Midfielder,0.5555555555555556,0.3,0.04719764011799411,0.0625,54.80700179533214,56.880610412926394,24.9326750448833,30.68222621184919,40.453999822080014,True
275034,Silvan Widmer,9905,1. FSV Mainz 05,GER-Bundesliga,1.0,20.4,4.0,0.0,3.1,2.9,0.15,0.13,0.8,1.0,0.1,0.7,0.2,0.4,0.2,6.72,0.0,8.0,1.0,1.9,0.1,1751,26,Midfielder,0.7647058823529412,0.2692307692307693,0.04901960784313726,0.125,35.1032315978456,43.792639138240574,35.13016157989228,53.61310592459604,40.38579531017205,True
798659,Joe Aribo,8466,Southampton,ENG-Premier League,0.7,41.2,3.0,0.0,1.2,1.3,0.06,0.12,0.9,0.0,0.13,0.9,0.3,0.5,0.5,6.62,0.0,16.0,0.8,2.1,0.9,2018,32,Midfielder,0.7692307692307693,0.3,0.01699029126213592,1.0,43.68279569892473,13.284946236559142,73.6774193548387,67.56989247311827,40.338275235844485,False
818975,Eberechi Eze,9825,Arsenal,ENG-Premier League,0.8,26.1,4.0,0.0,0.5,2.6,0.13,0.21,0.8,2.0,0.35,0.5,0.8,0.0,0.8,6.97,0.0,15.0,2.9,0.9,1.4,1812,31,Midfielder,0.6363636363636362,0.35714285714285715,0.03065134099616858,1.7499999999999998,31.02047257774947,30.345797700173097,70.1679793826374,42.00291500164089,40.19849478136464,True
956622,Óscar Valentín,8370,Rayo Vallecano,ESP-La Liga,1.0,33.7,1.0,0.0,2.4,1.3,0.06,0.05,1.3,0.0,0.05,1.2,0.2,0.6,0.1,6.78,0.0,10.0,0.6,2.9,0.2,1962,31,Midfielder,0.7592592592592593,0.29268292682926833,0.029673590504451036,0.15384615384615385,43.74303263128769,36.71042386569114,28.48657040082881,60.69753479662555,40.15727811864249,True
317062,Adrien Thomasson,8588,Lens,FRA-Ligue 1,1.2,37.5,11.0,0.0,0.9,7.3,0.25,0.24,1.8,9.0,0.1,0.6,0.4,0.1,0.5,7.55,0.0,81.0,1.5,3.3,0.6,2661,31,Midfielder,0.6842105263157895,0.15384615384615385,0.032,0.3333333333333333,50.61595979485596,36.85971313295111,38.16355540111838,33.55767906668468,40.13237122966814,True
1075815,Patrick Osterhage,8358,Sport-Club Freiburg,GER-Bundesliga,0.9,30.0,0.0,0.0,1.1,0.8,0.06,0.07,1.0,0.0,0.08,1.3,0.2,0.8,0.2,6.54,0.0,6.0,0.5,1.1,0.5,1188,20,Midfielder,0.7058823529411765,0.5416666666666666,0.030000000000000002,0.5,33.57444515228149,24.688117346511973,50.105799115847184,70.78312838233495,39.89170468974094,True
1386775,Lucas Bergvall,8586,Tottenham Hotspur,ENG-Premier League,0.9,23.2,0.0,0.0,1.2,0.4,0.04,0.13,2.2,3.0,0.09,0.2,0.5,0.2,0.4,6.56,0.0,5.0,1.1,2.0,1.4,966,23,Midfielder,0.5,0.09090909090909091,0.03879310344827586,0.6363636363636362,42.393309652966806,43.51328481432148,39.23754045932189,33.27879448916688,39.87526898070704,True
415539,Matteo Politano,9875,Napoli,ITA-Serie A,1.0,31.3,11.0,0.0,0.6,4.6,0.2,0.09,0.8,5.0,0.08,0.2,0.5,0.1,0.4,6.96,0.0,36.0,1.9,0.6,1.4,2133,33,Midfielder,0.5,0.25,0.03194888178913738,1.7499999999999998,36.30504880858157,32.74165556649486,73.04457764650617,26.979463073428438,39.70716882823868,True
522234,Gerard Gumbau,8370,Rayo Vallecano,ESP-La Liga,1.9,30.5,5.0,0.0,2.2,2.1,0.18,0.06,2.9,3.0,0.0,0.8,0.4,0.5,0.7,6.7,0.0,21.0,1.4,2.4,0.5,1081,27,Midfielder,0.5245901639344263,0.25,0.06229508196721311,0.1724137931034483,57.51346499102334,72.71992818671455,17.25314183123878,30.273788150807896,39.69854794990454,True
1574189,Senny Mayulu,9847,Paris Saint-Germain,FRA-Ligue 1,1.1,36.7,7.0,0.0,0.3,3.1,0.17,0.22,1.4,4.0,0.22,0.6,0.6,0.0,0.9,7.24,0.0,39.0,1.9,2.6,0.9,1649,25,Midfielder,0.6956521739130436,0.18749999999999997,0.02997275204359673,0.6428571428571429,44.5197486535009,29.56014362657092,51.386894075403944,34.87432675044883,39.66949800637319,True
1209980,Carlos Álvarez,8581,Levante,ESP-La Liga,1.0,25.2,6.0,0.0,0.3,4.1,0.2,0.13,1.0,1.0,0.14,0.6,0.5,0.0,0.5,6.71,0.0,40.0,1.4,1.0,0.9,1897,30,Midfielder,0.6153846153846154,0.37499999999999994,0.03968253968253968,0.9,31.620287253141832,34.58258527827648,55.43985637342908,42.329443447037704,39.44465330415824,True
841672,Nicolás González,9906,Atlético de Madrid,ESP-La Liga,1.4,25.1,3.0,0.0,1.7,2.0,0.12,0.26,1.7,0.0,0.31,0.7,1.2,0.2,0.5,6.96,0.0,12.0,2.7,1.5,1.5,1453,24,Midfielder,0.5641025641025641,0.3181818181818181,0.05577689243027888,0.8823529411764706,38.6421883747418,47.857695797378426,37.14019034381575,34.25694162918347,39.401904043403874,True
1421505,Gvidas Gineitis,9804,Torino,ITA-Serie A,1.2,22.4,5.0,0.0,1.4,2.3,0.12,0.05,2.2,1.0,0.0,1.2,0.3,0.5,0.3,6.76,0.0,26.0,1.4,2.2,0.9,1718,28,Midfielder,0.6071428571428571,0.3529411764705882,0.053571428571428575,0.40909090909090906,39.50667619029233,49.13421555568425,22.45894545150351,59.936188490569684,39.3760655113123,True
860260,Derrick Köhn,8149,1. FC Union Berlin,GER-Bundesliga,1.5,20.1,5.0,0.0,1.9,3.8,0.18,0.1,1.6,2.0,0.05,0.4,0.2,0.2,0.2,6.65,0.0,25.0,1.3,1.6,0.5,1902,29,Midfielder,0.5555555555555556,0.2,0.07462686567164178,0.3125,41.88764695662246,51.842100860343756,36.21317477783569,28.230561829565705,39.36923645444998,True
1070052,Amad,10260,Manchester United,ENG-Premier League,1.0,31.1,5.0,0.0,1.2,3.7,0.15,0.22,0.8,2.0,0.08,0.6,0.8,0.1,0.4,7.17,0.0,39.0,2.0,1.5,1.5,2164,30,Midfielder,0.7241379310344827,0.2857142857142857,0.03215434083601286,1.875,34.92780705649184,23.216855530459515,72.18460390082559,42.5849114881952,39.34273428705953,True
385437,Serge Gnabry,9823,Bayern München,GER-Bundesliga,1.1,42.7,9.0,0.0,0.2,5.1,0.37,0.46,0.7,6.0,0.59,0.3,1.2,0.1,0.6,7.36,0.0,22.0,3.7,1.3,1.2,1228,21,Midfielder,0.6956521739130436,0.18749999999999997,0.02576112412177986,1.7142857142857144,46.36389580638727,25.22338693590214,74.3451863863632,24.17199153169501,39.33512433053238,True
1586552,Chema Andres,10269,VfB Stuttgart,GER-Bundesliga,0.8,44.3,1.0,0.0,2.8,1.1,0.08,0.07,1.3,0.0,0.15,2.1,0.3,0.6,0.4,7.15,0.0,15.0,0.9,2.1,0.1,1216,24,Midfielder,0.7636363636363637,0.5,0.018058690744920995,0.07692307692307693,47.39228007181328,15.201974865350088,39.90574506283662,91.64272890484739,38.98214585309804,True
1419969,Rodrigo Mendoza,9906,Atlético de Madrid,ESP-La Liga,1.8,40.1,2.0,0.0,1.0,1.1,0.08,0.12,2.2,1.0,0.07,0.3,0.3,0.1,0.5,6.56,0.0,15.0,1.2,1.2,1.5,1231,24,Midfielder,0.4054054054054054,0.19999999999999998,0.04488778054862843,0.6818181818181818,62.72890484739678,58.28545780969479,44.811490125673245,9.560143626570914,38.866066954851355,True
1185902,Jens Castrop,9788,Borussia Mönchengladbach,GER-Bundesliga,1.0,21.2,0.0,0.0,1.7,1.7,0.1,0.21,1.8,1.0,0.17,1.0,0.7,0.1,0.3,6.87,0.0,18.0,1.7,3.3,1.4,1592,26,Midfielder,0.7049180327868853,0.23255813953488372,0.04716981132075472,0.7777777777777777,34.29533213644524,42.09605026929982,32.410233393177734,52.535906642728904,38.76079064398609,True
1336529,Oscar Højlund,9810,Eintracht Frankfurt,GER-Bundesliga,1.6,41.7,2.0,0.0,1.4,0.8,0.07,0.04,2.2,1.0,0.08,0.6,0.2,0.4,0.2,6.36,0.0,7.0,0.6,2.4,0.4,1091,24,Midfielder,0.5769230769230769,0.19999999999999998,0.03836930455635491,0.18181818181818182,58.38420107719929,48.114901256732495,29.214542190305206,22.1588868940754,38.544983281996075,True
424129,Leander Dendoncker,8670,Real Oviedo,ESP-La Liga,0.9,32.2,0.0,0.0,2.3,0.5,0.03,0.05,0.8,0.0,0.07,0.8,0.3,0.5,0.1,0.0,0.0,6.0,0.6,2.4,0.3,1332,19,Midfielder,0.8,0.25,0.02795031055900621,0.37499999999999994,34.68581687612208,22.54039497307002,53.67145421903052,58.110412926391376,38.50991778851938,True
686460,Santiago Colombatto,8670,Real Oviedo,ESP-La Liga,1.6,37.3,3.0,0.0,1.7,2.0,0.09,0.03,1.9,1.0,0.0,0.6,0.1,0.3,0.6,6.65,0.0,24.0,0.7,1.9,0.2,1940,30,Midfielder,0.5681818181818181,0.24,0.04289544235924934,0.10526315789473685,56.16696588868941,52.31597845601436,24.991023339317774,25.062836624775578,38.34907843993531,True
1132607,Peque Fernández,8302,Sevilla,ESP-La Liga,1.6,27.3,0.0,0.0,0.2,0.7,0.07,0.1,1.2,1.0,0.2,0.1,0.6,0.0,0.1,6.66,0.0,15.0,1.4,1.1,1.6,914,25,Midfielder,0.5,0.08333333333333333,0.05860805860805861,1.3333333333333335,43.53498323713185,54.49283154121864,47.35123517564011,15.387836785647638,38.19484048206315,True
883823,Elisha Owusu,8583,Auxerre,FRA-Ligue 1,1.2,27.6,0.0,0.0,1.8,0.6,0.02,0.01,1.8,0.0,0.0,1.0,0.0,0.3,0.4,6.89,0.0,12.0,0.3,2.7,0.4,2259,28,Midfielder,0.6727272727272727,0.27027027027027023,0.043478260869565216,0.22222222222222224,41.750075609865966,47.79380063447939,19.204159507860208,59.13240091890117,38.12887578795492,True
839038,Elvis Rexhbeçaj,8406,FC Augsburg,GER-Bundesliga,1.0,25.5,1.0,0.0,1.6,1.2,0.09,0.04,1.1,0.0,0.16,0.4,0.4,0.1,0.8,6.43,0.0,10.0,0.9,1.5,0.4,1109,26,Midfielder,0.6333333333333333,0.2105263157894737,0.0392156862745098,0.36363636363636365,33.27604357702233,37.661908071272755,44.97378428987857,37.99586880562151,38.001629466965724,True
1134467,Yuito Suzuki,8358,Sport-Club Freiburg,GER-Bundesliga,0.8,17.3,2.0,0.0,0.6,2.6,0.14,0.21,1.0,2.0,0.22,0.6,0.8,0.1,0.5,6.76,0.0,25.0,2.1,1.1,1.0,1636,25,Midfielder,0.6296296296296297,0.3529411764705882,0.046242774566473986,1.0,28.604129263913823,35.76301615798923,51.58886894075404,42.6032315978456,37.95899141216001,True
1428153,Ngal Ayel Mukau,8639,Lille,FRA-Ligue 1,1.0,31.6,0.0,0.0,0.5,1.0,0.06,0.13,1.6,0.0,0.06,0.8,0.3,0.1,0.8,6.66,0.0,13.0,1.2,1.7,0.8,1494,29,Midfielder,0.6097560975609757,0.32,0.03164556962025316,0.5,40.154707438080344,25.169584885748666,41.82758698352026,50.985347773209014,37.86123123718854,True
629805,Ritsu Doan,9810,Eintracht Frankfurt,GER-Bundesliga,0.8,25.9,12.0,0.0,0.6,5.5,0.21,0.13,1.0,5.0,0.2,0.7,0.6,0.0,0.7,6.97,0.0,37.0,1.5,1.6,1.3,2289,30,Midfielder,0.6969696969696969,0.30434782608695654,0.030888030888030892,1.3,28.570539178780336,27.67937234158929,62.63357850234551,45.48813729464681,37.85262718383726,True
921594,Domagoj Bradaric,9876,Verona,ITA-Serie A,0.7,18.3,4.0,0.0,1.8,2.4,0.11,0.03,0.4,1.0,0.0,0.4,0.3,0.1,0.3,6.59,0.0,27.0,0.6,1.4,0.3,1945,27,Midfielder,0.8181818181818182,0.22222222222222227,0.03825136612021857,0.7499999999999999,27.147464978153575,32.539944531315356,54.94763614602035,46.559136567505135,37.740810581838666,True
640122,Brais Méndez,8560,Real Sociedad,ESP-La Liga,2.1,38.1,5.0,0.0,0.5,2.6,0.14,0.32,2.4,2.0,0.33,0.3,0.9,0.2,0.8,6.93,0.0,24.0,2.0,1.9,1.1,1615,28,Midfielder,0.47826086956521735,0.13636363636363638,0.05511811023622047,0.45833333333333337,63.27936719368353,64.87423022721569,33.29786426259468,10.270146007477331,37.697809103195205,True
790732,Tommaso Pobega,9857,Bologna,ITA-Serie A,1.5,24.5,2.0,0.0,1.7,0.7,0.05,0.11,2.1,1.0,0.14,1.2,0.6,0.8,0.4,6.63,0.0,6.0,1.7,2.4,0.3,1301,24,Midfielder,0.631578947368421,0.33333333333333337,0.061224489795918366,0.14285714285714285,47.02081684394767,60.10348577569288,13.107497924750488,56.404165299254196,37.67507717446027,True
1388071,Reda Belahyane,8543,Lazio,ITA-Serie A,1.2,32.6,1.0,0.0,1.2,0.7,0.03,0.01,1.7,2.0,0.0,0.5,0.1,0.5,0.3,6.71,0.0,16.0,0.3,2.1,1.8,1848,28,Midfielder,0.6046511627906977,0.1923076923076923,0.03680981595092024,1.0588235294117647,42.27956989247312,37.60752688172043,47.29569892473118,23.591397849462357,37.576299499848346,False
1126058,Malik Tillman,8178,Bayer 04 Leverkusen,GER-Bundesliga,0.7,35.2,7.0,0.0,0.7,2.4,0.14,0.25,0.9,0.0,0.33,0.9,0.7,0.3,0.9,7.08,0.0,24.0,1.8,2.1,0.6,1615,28,Midfielder,0.7692307692307693,0.3,0.019886363636363633,0.6666666666666666,36.92549371633753,14.017055655296232,63.81059245960502,64.70825852782764,37.17724721092105,True
638010,Isi Palazón,8370,Rayo Vallecano,ESP-La Liga,1.8,28.6,9.0,0.0,0.9,4.0,0.16,0.21,1.4,3.0,0.12,0.1,0.6,0.2,0.4,6.74,0.0,39.0,2.1,1.2,0.9,2262,31,Midfielder,0.48148148148148145,0.07692307692307693,0.06293706293706293,0.6428571428571429,53.78782584634788,67.52067849398016,41.90940651081382,8.608247588527892,37.07876189103414,True
524437,Tomás Soucek,8654,West Ham United,ENG-Premier League,1.3,28.0,1.0,0.0,3.5,0.5,0.02,0.21,1.6,0.0,0.22,0.7,0.5,0.6,0.1,6.87,0.0,10.0,1.0,1.7,0.1,2045,33,Midfielder,0.6,0.2916666666666667,0.04642857142857143,0.0625,46.026325103118985,56.82993571552672,18.824446761002037,36.412714040269485,37.0234893164773,True
789630,Marcus Tavernier,8678,Bournemouth,ENG-Premier League,0.9,30.0,6.0,0.0,1.3,4.0,0.14,0.31,1.0,4.0,0.21,0.5,0.8,0.2,0.8,7.2,0.0,45.0,2.4,1.3,1.3,2558,32,Midfielder,0.6428571428571429,0.2777777777777778,0.030000000000000002,1.3,36.27157776876894,33.33865498092057,56.727302561726596,24.573119566546335,36.74066771816459,True
889534,Emile Smith Rowe,9879,Fulham,ENG-Premier League,0.4,39.5,1.0,0.0,0.9,1.1,0.05,0.24,0.5,0.0,0.15,1.1,0.5,0.1,0.4,6.67,0.0,18.0,1.7,1.6,0.7,1777,35,Midfielder,0.84375,0.40740740740740744,0.010126582278481013,1.4,40.74239879539005,8.766745172229625,80.32268360327664,70.234287626365,36.66426330932318,True
1793640,Khalis Merah,9748,Lyon,FRA-Ligue 1,0.8,33.3,3.0,0.0,0.2,1.3,0.11,0.08,0.9,1.0,0.0,0.6,0.2,0.0,0.6,6.66,0.0,12.0,0.5,2.1,0.8,1139,22,Midfielder,0.75,0.2222222222222222,0.024024024024024027,0.888888888888889,35.12118491921006,17.989228007181328,66.15798922800718,44.24147217235188,36.45317561037696,True
880095,James Sands,8152,FC St. Pauli,GER-Bundesliga,0.9,30.8,2.0,0.0,1.9,0.7,0.03,0.05,1.2,0.0,0.05,1.9,0.2,0.3,0.2,6.87,0.0,10.0,0.7,1.9,0.1,1941,24,Midfielder,0.76,0.5,0.02922077922077922,0.08333333333333334,32.28456014362657,23.348294434470375,31.530520646319566,91.04578096947935,36.41639936131119,True
1347574,Nico Paz,10171,Como,ITA-Serie A,0.9,36.0,13.0,0.0,0.4,4.5,0.14,0.27,1.7,6.0,0.37,0.9,1.5,0.1,0.8,7.67,0.0,51.0,3.8,2.8,2.2,2882,35,Midfielder,0.6851851851851852,0.24324324324324326,0.025,1.2941176470588236,37.67321094187371,20.1054033705913,53.21926861128807,44.53473871160789,36.299028016702486,True
812549,Marius Marin,6479,Pisa,ITA-Serie A,2.4,24.1,0.0,0.0,1.6,0.6,0.04,0.01,2.5,0.0,0.0,0.9,0.0,0.3,0.5,6.48,0.0,2.0,0.2,3.1,0.1,1287,23,Midfielder,0.6153846153846154,0.225,0.0995850622406639,0.04,56.11759425493716,88.25852782764812,8.747755834829443,36.79982046678635,36.292107306005875,True
1180321,Devyne Rensch,8686,Roma,ITA-Serie A,0.6,32.7,3.0,0.0,2.7,2.2,0.19,0.02,0.3,4.0,0.09,1.1,0.2,0.4,0.0,0.0,0.0,9.0,0.4,2.5,0.3,1037,22,Midfielder,0.9230769230769231,0.3055555555555556,0.018348623853211007,1.0,30.709156193895872,11.552962298025136,75.12118491921004,77.2262118491921,36.169895817811536,True
557677,Nikola Vlasic,9804,Torino,ITA-Serie A,1.2,27.9,3.0,0.0,0.9,3.2,0.1,0.22,1.3,3.0,0.25,0.6,0.5,0.1,0.5,7.17,0.0,50.0,1.4,2.0,0.8,2873,35,Midfielder,0.6666666666666666,0.23076923076923075,0.043010752688172046,0.6153846153846154,34.407302304331324,35.12122674594442,45.933830106239895,29.738148555690685,36.10634740210705,True
1047671,Vini Souza,8721,VfL Wolfsburg,GER-Bundesliga,1.2,28.5,0.0,0.0,3.6,0.6,0.03,0.03,2.1,0.0,0.0,1.3,0.1,0.5,0.3,6.88,0.0,7.0,0.4,2.9,0.4,1679,23,Midfielder,0.6666666666666666,0.30952380952380953,0.042105263157894736,0.19047619047619047,39.68581687612208,42.40125673249551,17.868043087971273,61.45870736086175,36.07208216499452,True
789243,Youssef Maleh,7801,Cremonese,ITA-Serie A,1.5,27.2,1.0,0.0,1.8,0.5,0.03,0.06,2.2,0.0,0.06,0.8,0.2,0.2,0.6,6.38,0.0,9.0,1.2,2.2,0.4,1467,21,Midfielder,0.5769230769230769,0.26666666666666666,0.05514705882352941,0.18181818181818182,48.366247755834834,60.70915619389588,15.641831238779174,34.4165170556553,36.066296653242894,True
689987,Jakub Piotrowski,8600,Udinese,ITA-Serie A,1.0,24.4,1.0,0.0,1.9,0.8,0.04,0.15,1.5,1.0,0.05,0.9,0.5,0.4,0.4,6.64,0.0,11.0,2.0,2.5,0.7,1643,32,Midfielder,0.693877551020408,0.2647058823529412,0.04098360655737705,0.4666666666666666,31.979353680430883,36.07719928186715,31.47666068222621,50.596947935368036,35.982483564228964,True
688278,Pervis Estupinán,8564,Milan,ITA-Serie A,0.6,39.7,2.0,0.0,2.0,1.5,0.13,0.03,1.4,1.0,0.09,1.0,0.1,0.0,0.3,0.0,0.0,13.0,0.8,1.3,0.2,1036,19,Midfielder,0.6216216216216216,0.4347826086956522,0.015113350125944582,0.14285714285714288,43.804746369117716,14.171467088794941,42.88328410648443,67.40385320746704,35.819457855383675,True
1553515,Djaoui Cissé,9851,Rennes,FRA-Ligue 1,1.8,37.9,0.0,0.0,0.5,1.1,0.1,0.07,1.6,0.0,0.0,0.5,0.5,0.5,0.7,6.56,0.0,13.0,2.2,3.0,0.8,982,24,Midfielder,0.6862745098039216,0.14285714285714285,0.0474934036939314,0.5,42.16813703725155,41.47693416472011,40.94625908122752,19.66664092713783,35.78875423900861,True
848266,Weston McKennie,9885,Juventus,ITA-Serie A,1.0,31.5,6.0,0.0,1.5,5.7,0.19,0.25,1.3,5.0,0.17,0.7,0.5,0.3,0.4,7.23,0.0,44.0,1.4,1.3,0.5,2661,34,Midfielder,0.6060606060606061,0.35,0.031746031746031744,0.3846153846153846,36.23933579145834,26.6427996885517,44.21095796091453,38.34923714471406,35.66833696253532,True
935622,Marcus Holmgren Pedersen,9804,Torino,ITA-Serie A,0.9,18.2,4.0,0.0,1.0,1.8,0.08,0.08,1.4,2.0,0.05,0.5,0.1,0.1,0.2,6.52,0.0,18.0,0.7,1.0,0.4,1989,27,Midfielder,0.5172413793103449,0.3333333333333333,0.049450549450549455,0.28571428571428575,34.16721363165448,42.71947774495988,28.24885298224616,40.15186643758486,35.582028632699895,True
1077915,Largie Ramazani,10267,Valencia CF,ESP-La Liga,0.7,17.5,3.0,0.0,0.6,1.9,0.15,0.52,1.3,1.0,0.46,1.1,1.4,0.0,0.5,6.63,0.0,15.0,3.6,1.0,1.6,1170,25,Midfielder,0.6176470588235293,0.5238095238095238,0.04,1.2307692307692308,23.123877917414724,27.91292639138241,46.03231597845601,65.5475763016158,35.4606405998086,True
1412132,Kenan Yildiz,9885,Juventus,ITA-Serie A,1.0,32.9,15.0,0.0,0.2,9.4,0.31,0.26,0.7,6.0,0.33,0.2,1.2,0.0,0.7,7.5,0.0,73.0,3.0,0.8,2.5,2749,35,Midfielder,0.5882352941176471,0.2,0.030395136778115502,3.5714285714285716,37.22521765989074,27.44789997619094,76.3734226494984,17.403377026183534,35.460162670768355,True
1189223,Patrizio Masini,10233,Genoa,ITA-Serie A,1.3,26.7,1.0,0.0,3.0,0.9,0.06,0.11,2.5,1.0,0.0,1.7,0.3,0.5,0.4,6.77,0.0,9.0,1.1,4.3,0.1,1317,27,Midfielder,0.7058823529411765,0.2833333333333333,0.04868913857677903,0.04,42.09194481445017,48.239544925130154,14.131966564352041,58.61363680237832,35.421005250391005,True
794253,Justin Kluivert,8678,Bournemouth,ENG-Premier League,1.2,26.5,3.0,0.0,0.2,1.5,0.15,0.22,1.5,0.0,0.2,0.4,0.4,0.1,1.0,0.0,0.0,21.0,1.6,1.0,1.1,920,18,Midfielder,0.48275862068965514,0.28571428571428575,0.045283018867924525,0.7333333333333334,36.23117636081672,41.9947040919416,37.817255780132946,25.039062952452657,35.29144810432067,True
1095432,Charles De Ketelaere,8524,Atalanta,ITA-Serie A,1.5,33.1,17.0,0.0,0.5,8.4,0.37,0.15,1.0,5.0,0.13,0.1,0.7,0.1,0.8,7.14,0.0,60.0,1.9,1.0,2.0,2078,29,Midfielder,0.5238095238095238,0.09090909090909091,0.045317220543806644,2.0,47.42067398956262,47.78361743338288,69.14945013931519,6.318333622903033,34.88813598338485,True
1200631,Lesley Ugochukwu,8191,Burnley,ENG-Premier League,0.9,24.7,0.0,0.0,0.9,0.3,0.01,0.1,1.1,1.0,0.12,0.7,0.3,0.8,0.2,6.49,0.0,9.0,0.9,2.0,0.6,2204,33,Midfielder,0.7105263157894737,0.25925925925925924,0.03643724696356276,0.5454545454545454,28.007181328545784,28.599640933572715,44.492818671454216,45.74955116696588,34.867500320941126,True
1320176,Wesley,8686,Roma,ITA-Serie A,0.9,30.6,9.0,0.0,2.3,3.7,0.14,0.06,1.3,0.0,0.19,0.9,0.5,0.2,0.4,7.21,0.0,33.0,0.9,2.0,0.5,2387,29,Midfielder,0.6904761904761905,0.3103448275862069,0.029411764705882353,0.3846153846153846,32.14093357271095,23.55026929982047,38.913824057450626,55.99640933572711,34.85575780548266,True
1047676,Yéremi Pino,9826,Crystal Palace,ENG-Premier League,1.6,26.8,13.0,0.0,0.9,5.7,0.26,0.19,1.3,1.0,0.09,0.4,0.5,0.0,0.8,6.69,0.0,44.0,1.9,1.6,0.8,2001,32,Midfielder,0.6060606060606061,0.2,0.05970149253731343,0.6153846153846154,40.14806020475796,49.08301641538452,36.66903792076086,17.06996003938148,34.781920728843076,True
625340,Mauro Arambarri,8305,Getafe,ESP-La Liga,1.0,16.2,1.0,0.0,0.9,0.8,0.02,0.21,1.7,2.0,0.18,0.7,0.6,0.2,0.6,6.94,0.0,21.0,1.7,1.9,0.9,3075,35,Midfielder,0.6046511627906976,0.2692307692307693,0.0617283950617284,0.5294117647058824,38.818858065803106,51.069853863825024,23.629672528844356,29.485888303314606,34.75691721017986,True
875672,Hamed Traorè,8583,Auxerre,FRA-Ligue 1,1.0,19.4,4.0,0.0,0.5,2.8,0.12,0.33,1.3,2.0,0.43,0.3,1.2,0.0,0.4,7.12,0.0,27.0,2.9,1.8,1.5,2106,26,Midfielder,0.6176470588235293,0.14285714285714285,0.051546391752577324,1.1538461538461537,36.11827956989248,44.93010752688173,46.564516129032256,16.0752688172043,34.569882505930856,False
1102708,Germán Valera,10268,Elche,ESP-La Liga,0.8,32.3,13.0,0.0,1.4,5.2,0.17,0.08,1.2,5.0,0.13,0.7,0.3,0.3,0.5,7.13,0.0,44.0,0.8,1.7,1.2,2690,34,Midfielder,0.6666666666666667,0.2916666666666667,0.024767801857585144,1.0,32.76481149012567,18.1508078994614,58.40664272890484,43.26750448833034,34.52981269031701,True
921921,Kristian Thorstvedt,7943,Sassuolo,ITA-Serie A,0.7,31.7,3.0,0.0,1.6,1.8,0.07,0.25,1.2,4.0,0.16,1.2,0.5,0.5,0.2,7.11,0.0,30.0,1.7,1.7,0.6,2278,30,Midfielder,0.7073170731707318,0.41379310344827586,0.022082018927444793,0.5,30.596947935368046,14.946140035906645,47.096050269299816,75.31867145421901,34.116333077231644,True
699461,Jean-Victor Makengo,8689,Lorient,FRA-Ligue 1,0.7,23.1,1.0,0.0,1.2,1.6,0.08,0.16,0.5,2.0,0.21,0.5,0.7,0.1,0.5,6.9,0.0,23.0,1.9,1.4,1.2,1746,30,Midfielder,0.7916666666666666,0.2631578947368421,0.0303030303030303,2.4,21.781867145421906,19.95511669658887,71.60233393177738,49.438958707360854,33.805530616888376,True
1156569,Sebastian Nanasi,9848,Strasbourg,FRA-Ligue 1,0.8,29.4,3.0,0.0,1.2,1.5,0.14,0.34,0.8,2.0,0.47,0.6,0.8,0.3,0.4,6.92,0.0,16.0,1.5,1.1,0.5,957,18,Midfielder,0.68,0.3529411764705882,0.0272108843537415,0.625,26.403888599319192,17.942970856418473,63.83060494327651,46.663957581256476,33.4986657369119,True
859282,Daniel Muñoz,9826,Crystal Palace,ENG-Premier League,1.0,24.4,8.0,0.0,3.6,3.9,0.16,0.09,1.3,2.0,0.16,1.0,0.4,0.0,0.2,7.17,0.0,24.0,1.0,2.8,0.1,2268,27,Midfielder,0.7450980392156863,0.2631578947368421,0.04098360655737705,0.07692307692307693,29.764013564731698,32.35791780081466,23.985058203509585,62.50037322316815,33.40137199937695,True
770321,Mahdi Camara,9851,Rennes,FRA-Ligue 1,0.6,35.1,3.0,0.0,1.4,2.2,0.08,0.1,1.3,1.0,0.11,1.1,0.4,0.3,0.5,7.13,0.0,21.0,0.9,2.0,0.8,2570,31,Midfielder,0.7045454545454545,0.3548387096774194,0.017094017094017092,0.6153846153846154,34.26953791110854,12.102346801541799,50.58070307523021,67.71141162011028,33.36709993070399,True
762721,Lovro Majer,8721,VfL Wolfsburg,GER-Bundesliga,1.2,28.7,4.0,0.0,1.2,2.5,0.17,0.2,2.0,3.0,0.13,0.6,0.5,0.1,0.9,6.68,0.0,22.0,1.8,1.7,0.8,1372,27,Midfielder,0.5348837209302325,0.2608695652173913,0.04181184668989547,0.4,39.70825852782765,42.07809694793537,26.539497307001792,25.30520646319569,33.288438589296774,True
844943,Flynn Downes,8466,Southampton,ENG-Premier League,0.8,41.9,2.0,0.0,2.1,1.4,0.06,0.03,2.1,0.0,0.04,1.3,0.1,0.4,0.4,6.53,0.0,15.0,0.4,2.0,0.3,2154,27,Midfielder,0.611111111111111,0.393939393939394,0.01909307875894988,0.14285714285714285,45.46774193548387,16.016129032258064,27.881720430107524,64.29032258064515,33.22074890774573,False
950545,Oihan Sancet,8315,Athletic Club,ESP-La Liga,1.1,24.2,0.0,0.0,0.4,1.6,0.08,0.32,1.4,0.0,0.2,0.2,0.7,0.1,0.7,6.61,0.0,27.0,2.4,1.2,0.8,1803,28,Midfielder,0.5,0.14285714285714288,0.04545454545454546,0.5714285714285715,37.30088865723313,44.33399290875982,45.90386285979036,12.67773788150808,33.05754725732545,True
1473806,Marco Palestra,8529,Cagliari,ITA-Serie A,0.8,21.6,7.0,0.0,1.2,3.3,0.1,0.05,1.2,4.0,0.03,0.6,0.2,0.1,0.1,7.03,0.0,29.0,0.8,1.6,2.0,2967,35,Midfielder,0.6470588235294118,0.2727272727272727,0.037037037037037035,1.6666666666666667,25.04039497307002,26.916517055655294,53.747755834829434,34.89228007181328,32.97866126387846,True
1210943,Jackson Tchatchoua,8602,Wolverhampton Wanderers,ENG-Premier League,0.7,20.2,3.0,0.0,2.8,1.7,0.08,0.02,0.4,1.0,0.0,0.7,0.0,0.4,0.2,6.5,0.0,21.0,0.1,1.4,0.2,1837,31,Midfielder,0.84,0.33333333333333337,0.03465346534653465,0.5,20.588463543174843,22.325000160872055,54.81473008886572,57.28257819990605,32.931679516298814,True
822440,Michael Folorunsho,8529,Cagliari,ITA-Serie A,0.9,14.5,2.0,0.0,1.2,1.1,0.05,0.15,1.6,0.0,0.09,0.4,0.4,0.1,0.3,6.53,0.0,14.0,1.6,1.1,1.0,1989,26,Midfielder,0.48387096774193544,0.26666666666666666,0.06206896551724138,0.625,38.19569120287253,48.95870736086176,29.236983842010765,18.581687612208256,32.912583249277546,True
824623,Martin Frese,9876,Verona,ITA-Serie A,1.2,20.6,4.0,0.0,3.3,2.3,0.09,0.07,1.8,0.0,0.08,1.1,0.4,0.4,0.2,6.89,0.0,29.0,0.8,3.0,0.0,2258,29,Midfielder,0.6949152542372882,0.26829268292682934,0.058252427184466014,0.0,41.8132854578097,55.48922800718134,9.124775583482943,56.759425493716336,32.6069070092568,True
1418073,Samuel Amo-Ameyaw,9848,Strasbourg,FRA-Ligue 1,1.0,31.8,2.0,0.0,0.1,1.2,0.1,0.08,1.3,2.0,0.17,0.3,0.4,0.0,0.9,6.64,0.0,13.0,1.5,1.8,2.4,1042,25,Midfielder,0.6176470588235293,0.14285714285714285,0.031446540880503145,1.846153846153846,36.91202872531419,28.3213644524237,60.26481149012567,14.748653500897666,32.504638683590876,True
1209987,Warren Bondo,7801,Cremonese,ITA-Serie A,1.3,35.5,0.0,0.0,0.5,0.4,0.02,0.01,2.0,0.0,0.0,0.4,0.1,0.2,0.2,6.44,0.0,3.0,0.4,1.6,0.8,1769,27,Midfielder,0.5,0.2,0.036619718309859155,0.4,47.89946140035907,39.703770197486534,33.783662477558345,13.312387791741472,32.42164159555589,True
575735,Nicolas Pépé,10205,Villarreal,ESP-La Liga,0.7,26.5,12.0,0.0,0.9,6.2,0.24,0.32,0.9,6.0,0.31,0.6,0.9,0.0,0.7,7.26,0.0,52.0,2.3,1.2,2.3,2306,35,Midfielder,0.6666666666666666,0.33333333333333337,0.02641509433962264,2.5555555555555554,26.118144437366073,19.90068081053776,64.03024072894344,35.2348345913528,32.41831294659532,True
1255855,Yassine Kechta,9746,Le Havre,FRA-Ligue 1,0.9,22.7,5.0,0.0,1.3,2.0,0.14,0.12,2.4,1.0,0.14,1.1,0.6,0.2,0.7,6.48,0.0,15.0,1.4,2.1,0.5,1259,29,Midfielder,0.5714285714285715,0.34375,0.039647577092511016,0.20833333333333334,34.131580471419475,40.654228039355736,15.57043622066498,54.26553863181534,32.15165758569536,True
1460534,Junior Kroupi,8678,Bournemouth,ENG-Premier League,0.8,17.5,3.0,0.0,1.9,1.3,0.08,0.47,1.5,0.0,0.7,0.5,1.2,0.0,1.1,6.92,0.0,21.0,2.6,0.5,0.8,1534,31,Midfielder,0.4,0.5,0.045714285714285714,0.5333333333333333,28.254039497307,35.11669658886894,29.474865350089765,38.577199281867145,32.087189161323884,True
586474,Kingsley Ehizibue,8600,Udinese,ITA-Serie A,1.0,18.9,2.0,0.0,2.6,1.0,0.05,0.06,1.8,0.0,0.1,0.6,0.1,0.2,0.1,6.6,0.0,8.0,0.4,2.0,0.4,1720,31,Midfielder,0.5909090909090908,0.23076923076923075,0.052910052910052914,0.22222222222222224,35.242826715056985,43.83646390352825,20.023149488748604,34.00803395043854,32.08333466241212,True
561046,Ruben Aguilar,8588,Lens,FRA-Ligue 1,1.0,38.1,8.0,0.0,1.4,2.7,0.15,0.05,1.3,2.0,0.11,1.5,0.2,0.5,0.5,7.14,0.0,25.0,0.7,2.0,0.4,1685,25,Midfielder,0.7291666666666667,0.42857142857142855,0.026246719160104987,0.3076923076923077,30.453594846946334,17.057424888837414,41.170675598283175,55.163349484887675,31.99241764644334,True
747718,Christoph Baumgartner,178475,RB Leipzig,GER-Bundesliga,1.2,27.2,5.0,0.0,1.4,3.8,0.13,0.5,2.0,8.0,0.43,0.7,1.1,0.1,0.4,7.39,0.0,36.0,2.6,1.8,0.4,2699,32,Midfielder,0.5555555555555556,0.27999999999999997,0.04411764705882353,0.2,39.550607131136466,46.45644228232402,17.919387013120723,30.005369909203807,31.965243541400174,True
1156141,Jamal Musiala,9823,Bayern München,GER-Bundesliga,0.6,38.5,9.0,0.0,0.2,5.9,0.3,0.47,1.0,2.0,0.6,0.4,1.6,0.0,0.7,7.77,0.0,41.0,3.4,1.8,3.6,1804,25,Midfielder,0.6875,0.18181818181818182,0.015584415584415584,3.6,40.306451612903224,11.150537634408602,77.61290322580645,27.263440860215052,31.844610223133913,False
936164,Michel Ndary Adopo,8529,Cagliari,ITA-Serie A,0.6,26.3,3.0,0.0,1.2,1.1,0.03,0.07,1.0,2.0,0.03,0.8,0.3,0.2,0.4,6.71,0.0,25.0,0.8,1.6,0.4,2893,36,Midfielder,0.7058823529411765,0.3333333333333333,0.022813688212927754,0.4,25.053422392103112,17.224390777526818,46.34625457680997,61.05156914602677,31.793556550041366,True
523193,Josh Laurent,8191,Burnley,ENG-Premier League,0.8,25.9,0.0,0.0,2.0,0.5,0.03,0.04,1.5,0.0,0.05,1.4,0.2,0.4,0.1,6.32,0.0,12.0,0.7,2.3,0.5,1740,32,Midfielder,0.7115384615384616,0.3783783783783784,0.030888030888030892,0.3333333333333333,26.04129263913824,22.634649910233392,27.881508078994614,75.90215439856374,31.679045855261656,True
883080,Morgan Rogers,10252,Aston Villa,ENG-Premier League,1.0,21.8,13.0,0.0,0.9,4.3,0.12,0.19,1.3,6.0,0.27,0.4,0.9,0.1,0.7,7.0,0.0,47.0,2.3,1.2,1.2,3285,37,Midfielder,0.5517241379310345,0.25,0.04587155963302752,0.923076923076923,32.01879307349279,38.40100577208934,45.68678532589461,15.470985116117447,31.66346077159189,True
1526560,Patrick Dorgu,10260,Manchester United,ENG-Premier League,0.4,24.0,5.0,0.0,2.0,1.5,0.1,0.12,1.5,3.0,0.2,0.9,0.5,0.2,0.2,7.13,0.0,25.0,1.4,3.1,0.7,1373,24,Midfielder,0.7272727272727273,0.225,0.016666666666666666,0.4666666666666666,25.27291300682741,25.25772990225414,33.99832693062553,53.84714902543708,31.65862865149465,True
1321605,Mario Martín,8305,Getafe,ESP-La Liga,0.9,18.1,1.0,0.0,1.1,1.0,0.05,0.1,3.0,1.0,0.09,0.7,0.3,0.2,0.4,6.35,0.0,8.0,1.2,2.5,0.6,1960,33,Midfielder,0.5161290322580645,0.21874999999999997,0.049723756906077346,0.19999999999999998,41.069895690559385,47.979623945483674,15.221861868818493,31.50328822480904,31.59434901294298,True
535936,Joelinton,10261,Newcastle United,ENG-Premier League,1.0,32.0,3.0,0.0,1.8,1.3,0.06,0.11,2.2,1.0,0.09,1.4,0.5,0.1,0.5,6.95,0.0,17.0,1.5,2.0,0.7,1953,27,Midfielder,0.6071428571428572,0.4117647058823529,0.03125,0.3181818181818181,34.05860890716395,22.817944312529363,24.30467880285451,57.40662985914042,31.43779535106909,True
848289,Takefusa Kubo,8560,Real Sociedad,ESP-La Liga,0.4,23.2,7.0,0.0,0.6,3.5,0.21,0.14,0.5,4.0,0.12,0.7,0.7,0.0,0.5,7.05,0.0,32.0,1.7,1.7,2.2,1508,24,Midfielder,0.8275862068965517,0.2916666666666667,0.017241379310344827,4.4,19.529423498902855,14.967696891308407,71.68529243322202,57.41780724953829,31.380684161221605,True
1246009,Cher Ndour,8535,Fiorentina,ITA-Serie A,0.9,29.8,1.0,0.0,1.7,1.2,0.06,0.13,1.3,0.0,0.1,0.6,0.4,0.5,0.4,6.51,0.0,6.0,1.2,1.5,0.4,1759,31,Midfielder,0.6176470588235293,0.2857142857142857,0.030201342281879196,0.3076923076923077,31.32854578096948,24.31777378815081,35.13016157989228,32.872531418312384,30.552706707155433,True
304348,Rani Khedira,8149,1. FC Union Berlin,GER-Bundesliga,0.7,13.9,4.0,0.0,2.1,1.4,0.04,0.06,1.7,1.0,0.16,1.2,0.3,0.2,0.3,6.85,0.0,16.0,0.7,1.9,0.1,2835,32,Midfielder,0.6458333333333333,0.38709677419354843,0.05035971223021582,0.05882352941176471,31.67925007882731,37.96254255065861,11.918978398100421,69.70799469765706,30.393979532487855,True
1184777,Jofre Carreras,8558,Espanyol,ESP-La Liga,0.5,13.7,2.0,0.0,0.9,1.9,0.08,0.1,1.2,3.0,0.12,0.6,0.5,0.0,0.7,6.63,0.0,24.0,1.7,0.9,1.6,2175,37,Midfielder,0.5555555555555555,0.39999999999999997,0.03649635036496351,1.3333333333333335,19.870967741935488,23.005376344086027,48.854838709677416,43.010752688172055,30.120719766481557,False
1640832,Arsène Kouassi,8689,Lorient,FRA-Ligue 1,0.5,25.2,8.0,0.0,1.8,3.4,0.12,0.02,0.5,6.0,0.07,0.8,0.2,0.1,0.4,7.18,0.0,30.0,0.3,0.9,1.3,2522,30,Midfielder,0.7727272727272727,0.47058823529411764,0.01984126984126984,2.6,18.28994614003591,10.489228007181328,73.254039497307,74.5915619389587,29.826029583131508,True
886016,Kiernan Dewsbury-Hall,8668,Everton,ENG-Premier League,0.8,28.9,9.0,0.0,1.0,4.9,0.18,0.16,1.1,4.0,0.29,0.4,0.5,0.1,0.8,7.2,0.0,34.0,1.4,1.8,0.9,2461,29,Midfielder,0.6666666666666666,0.18181818181818182,0.027681660899653984,0.8181818181818181,28.321364452423698,19.92818671454219,54.762118491921,24.295332136445243,29.663734540537646,True
1021929,Jacob Ramsey,10261,Newcastle United,ENG-Premier League,0.6,38.4,1.0,0.0,0.6,1.2,0.09,0.08,1.1,2.0,0.14,0.6,0.3,0.2,0.8,6.71,0.0,20.0,1.1,2.2,1.1,1264,26,Midfielder,0.717948717948718,0.21428571428571425,0.015625,1.0,33.12885529880376,8.970943289383088,68.60323481528671,39.27367554036923,29.660462239225826,True
1002617,Saud Abdulhamid,8588,Lens,FRA-Ligue 1,0.8,36.2,5.0,0.0,1.2,3.3,0.23,0.06,1.7,4.0,0.14,0.8,0.2,0.1,0.4,6.93,0.0,23.0,0.6,2.4,0.3,1300,24,Midfielder,0.6530612244897959,0.25,0.022099447513812154,0.17647058823529413,39.070915619389595,17.100538599640934,28.738779174147215,40.1391382405745,29.58960799648294,True
637756,Carles Aleñá,9866,Alavés,ESP-La Liga,1.0,32.7,6.0,0.0,1.0,3.4,0.15,0.12,1.7,4.0,0.0,0.5,0.2,0.1,0.3,6.59,0.0,38.0,1.4,1.7,0.6,1995,34,Midfielder,0.5641025641025641,0.22727272727272727,0.030581039755351678,0.35294117647058826,35.02587466136432,27.96969492223445,38.268234847461116,17.17033454952607,29.35310094825853,True
450976,Yannick Gerhardt,8721,VfL Wolfsburg,GER-Bundesliga,0.8,31.7,0.0,0.0,2.9,0.6,0.05,0.07,1.7,0.0,0.09,0.8,0.1,0.7,0.0,0.0,0.0,6.0,0.9,1.2,0.0,1046,18,Midfielder,0.5405405405405405,0.4,0.02523659305993691,0.0,31.93757842512693,20.658513670907254,23.324610850498377,52.24155904326171,29.216096521449487,True
1310103,Anton Kade,8406,FC Augsburg,GER-Bundesliga,0.6,17.1,4.0,0.0,1.0,2.9,0.16,0.33,1.1,0.0,0.33,0.7,1.1,0.1,0.4,6.84,0.0,26.0,2.3,1.6,1.1,1656,27,Midfielder,0.676470588235294,0.30434782608695654,0.03508771929824561,1.0,17.984739676840217,21.49012567324955,48.810592459605026,46.18043087971274,29.14413040702289,True
1536998,Alpha Touré,8550,Metz,FRA-Ligue 1,0.8,35.3,0.0,0.0,1.5,0.4,0.02,0.06,1.6,1.0,0.0,0.5,0.1,0.2,0.2,6.49,0.0,9.0,1.0,2.0,0.9,1515,29,Midfielder,0.6097560975609757,0.2,0.022662889518413602,0.5625,38.716337522441655,17.585278276481148,43.23608617594255,21.38689407540395,29.01661374310943,True
1292354,Théo Le Bris,8689,Lorient,FRA-Ligue 1,0.5,25.6,2.0,0.0,2.0,1.7,0.08,0.08,0.4,2.0,0.09,0.8,0.3,0.1,0.3,6.9,0.0,13.0,0.8,1.9,0.5,1898,28,Midfielder,0.8709677419354839,0.2962962962962963,0.01953125,1.25,18.770197486535007,10.327648114901256,70.14811490125673,66.1355475763016,28.91558629622864,True
1251334,Jack Hinshelwood,10204,Brighton and Hove Albion,ENG-Premier League,0.5,27.6,2.0,0.0,1.3,2.0,0.11,0.26,1.9,3.0,0.23,0.3,0.8,0.3,0.5,6.78,0.0,12.0,1.9,1.0,0.2,1594,25,Midfielder,0.40625,0.23076923076923075,0.018115942028985508,0.10526315789473685,34.730873921352874,25.379143259782627,26.63143568656976,28.649527357901707,28.913861074564718,True
1693531,Sascha Britschgi,10167,Parma,ITA-Serie A,0.7,20.1,3.0,0.0,1.7,1.3,0.06,0.02,0.8,2.0,0.0,0.4,0.1,0.2,0.3,6.52,0.0,17.0,0.6,1.5,0.4,2023,28,Midfielder,0.7037037037037036,0.2105263157894737,0.03482587064676616,0.5,21.47666068222621,23.105924596050272,48.007181328545784,31.467684021543985,28.868244351876157,True
1026135,Tajon Buchanan,10205,Villarreal,ESP-La Liga,0.5,18.9,5.0,0.0,0.8,1.9,0.1,0.1,0.9,1.0,0.35,1.1,0.6,0.1,0.8,6.75,0.0,16.0,1.4,1.3,1.1,1776,33,Midfielder,0.7272727272727273,0.4583333333333333,0.026455026455026457,1.2222222222222223,14.932675044883304,14.043985637342908,57.890484739676836,77.52692998204667,28.685088379970423,True
765158,Alimami Gory,6379,Paris FC,FRA-Ligue 1,0.6,16.7,1.0,0.0,1.3,0.6,0.06,0.22,1.0,1.0,0.28,0.8,0.3,0.1,0.4,6.47,0.0,4.0,1.5,1.8,0.4,954,23,Midfielder,0.7222222222222222,0.3076923076923077,0.03592814371257485,0.4,18.303411131059246,22.0556552962298,37.45960502692998,55.929084380610405,28.678599713180986,True
1242757,William Mikelbrencis,9790,Hamburger SV,GER-Bundesliga,0.7,16.6,4.0,0.0,2.5,2.1,0.14,0.08,1.2,4.0,0.0,0.3,0.4,0.2,0.5,6.6,0.0,16.0,0.8,2.2,0.9,1370,25,Midfielder,0.6756756756756757,0.12,0.04216867469879518,0.75,24.263913824057454,29.89228007181329,42.08707360861759,21.485637342908436,28.631549211350443,True
556972,Sasa Lukic,9879,Fulham,ENG-Premier League,0.5,31.4,2.0,0.0,1.8,1.8,0.1,0.12,2.7,2.0,0.05,0.9,0.3,0.5,0.3,6.78,0.0,27.0,1.0,2.4,0.3,1644,25,Midfielder,0.5499999999999999,0.27272727272727276,0.01592356687898089,0.1111111111111111,37.265532196933144,22.150096844977252,19.441925188059432,41.57336409207029,28.423918967637103,True
678192,Jon Guridi,9866,Alavés,ESP-La Liga,0.8,27.3,0.0,0.0,1.4,0.3,0.03,0.15,1.2,0.0,0.0,0.5,0.3,0.2,0.3,6.49,0.0,7.0,1.2,1.9,0.7,1069,26,Midfielder,0.6666666666666667,0.20833333333333334,0.029304029304029304,0.5833333333333334,26.104882145132336,22.70078762958244,37.0721511167738,30.18579757147545,28.33017324008408,True
445856,Wesley Saïd,8588,Lens,FRA-Ligue 1,1.2,26.1,10.0,0.0,0.9,3.8,0.18,0.44,1.7,2.0,0.47,0.5,1.2,0.0,0.5,7.18,0.0,26.0,2.6,1.0,1.2,1920,28,Midfielder,0.46875,0.3333333333333333,0.045977011494252866,0.7058823529411765,29.037901456213845,32.476149109090564,29.858860511058342,21.34921462262633,28.27648277524041,True
1175939,Paul Nebel,9905,1. FSV Mainz 05,GER-Bundesliga,0.5,26.2,9.0,0.0,1.0,3.7,0.17,0.21,1.3,2.0,0.23,0.5,0.3,0.1,0.6,6.95,0.0,40.0,1.4,2.2,0.9,1986,29,Midfielder,0.675,0.18518518518518517,0.019083969465648856,0.6923076923076923,26.345202473568722,19.624856019510563,44.78716627092141,27.88657554873458,28.266986764382075,True
725398,Mathias Pereira Lage,8152,FC St. Pauli,GER-Bundesliga,0.6,14.3,4.0,0.0,1.5,1.5,0.07,0.19,1.4,2.0,0.09,0.7,0.7,0.1,0.5,6.69,0.0,24.0,1.9,1.7,0.7,2030,28,Midfielder,0.631578947368421,0.2916666666666667,0.04195804195804195,0.5,22.559319961648104,26.954350945605942,26.169353229989127,45.817979704381514,28.2039837154383,True
1074642,Salis Abdul Samed,9831,Nice,FRA-Ligue 1,0.6,39.9,0.0,0.0,0.7,0.1,0.01,0.0,1.9,0.0,0.0,1.0,0.0,0.1,0.1,6.27,0.0,1.0,0.1,1.1,0.2,913,18,Midfielder,0.525,0.47619047619047616,0.015037593984962405,0.10526315789473685,41.436265709156196,9.937163375224417,27.09156193895871,56.288150807899456,27.72181734682969,True
767013,Antoine Bernede,9876,Verona,ITA-Serie A,1.1,26.8,3.0,0.0,0.7,1.5,0.06,0.05,2.2,2.0,0.04,0.5,0.2,0.2,0.3,6.72,0.0,30.0,0.8,2.7,0.7,2270,31,Midfielder,0.5925925925925926,0.15625,0.041044776119402986,0.3181818181818181,35.80341113105925,39.012567324955114,20.426391382405747,17.96678635547576,27.696216628797856,True
1187767,Urko González,8558,Espanyol,ESP-La Liga,1.0,27.3,0.0,0.0,2.0,0.6,0.02,0.03,1.5,1.0,0.0,1.1,0.0,0.4,0.3,6.62,0.0,10.0,0.6,1.8,0.5,2449,34,Midfielder,0.6590909090909092,0.3793103448275862,0.03663003663003663,0.3333333333333333,22.20105145975303,21.904821657239566,31.365169913064737,43.29321184275721,27.570387230987834,True
1185336,Francisco Conceição,9885,Juventus,ITA-Serie A,0.8,31.7,5.0,0.0,0.2,4.8,0.22,0.33,1.4,4.0,0.14,0.3,1.0,0.0,1.1,7.2,0.0,37.0,3.1,1.5,2.4,1959,29,Midfielder,0.5625,0.16666666666666666,0.02523659305993691,1.7142857142857144,31.47879706311976,21.303674961229834,54.0831386781465,13.396980753267309,27.554080873130417,True
578756,Deiver Machado,9830,Nantes,FRA-Ligue 1,0.8,22.9,3.0,0.0,2.3,1.0,0.08,0.06,1.9,1.0,0.0,0.8,0.2,0.1,0.4,6.54,0.0,7.0,1.0,1.6,0.5,1186,19,Midfielder,0.5581395348837209,0.3333333333333333,0.03493449781659389,0.2631578947368421,25.614180549925035,21.00867422121838,27.156293636544984,43.731687933952365,27.52774734855255,True
1251666,Ernest Poku,8178,Bayer 04 Leverkusen,GER-Bundesliga,0.4,28.1,4.0,0.0,0.9,4.3,0.26,0.18,0.2,5.0,0.3,0.5,0.5,0.1,0.4,6.75,0.0,27.0,1.6,0.8,1.7,1484,29,Midfielder,0.8666666666666667,0.3846153846153846,0.014234875444839857,8.5,20.722621184919213,6.7504488330341115,78.52333931777378,65.59694793536804,27.50381800375824,True
167008,Pascal Groß,10204,Brighton and Hove Albion,ENG-Premier League,0.0,0.0,4.0,0.0,0.0,3.2,0.0,0.0,0.0,3.0,0.0,0.0,0.0,0.0,0.0,0.0,0.0,35.0,0.0,0.0,0.0,1456,17,Midfielder,0.0,0.0,0.0,0.0,29.549551810454105,29.648118118697838,44.422752456516285,12.307616326583144,27.48531435147648,True
813055,Mousa Tamari,9851,Rennes,FRA-Ligue 1,0.5,21.0,7.0,0.0,0.3,3.9,0.16,0.21,0.7,6.0,0.25,0.5,0.9,0.1,1.4,7.06,0.0,33.0,2.5,1.0,1.3,2157,32,Midfielder,0.6818181818181818,0.3333333333333333,0.023809523809523808,1.8571428571428574,16.51869011537744,15.615206913637445,67.00719419831019,38.97408994678352,27.44512243415688,True
930035,Linton Maina,8722,1. FC Köln,GER-Bundesliga,0.6,22.8,6.0,0.0,0.6,2.1,0.2,0.12,0.7,0.0,0.18,0.4,0.7,0.2,0.5,6.54,0.0,16.0,1.8,0.8,0.8,976,23,Midfielder,0.6315789473684211,0.3333333333333333,0.02631578947368421,1.142857142857143,18.4245960502693,15.511669658886895,63.873429084380604,35.01346499102333,27.38174398965085,True
846000,Maxence Caqueret,10171,Como,ITA-Serie A,0.8,48.5,3.0,0.0,0.3,2.2,0.14,0.14,1.5,5.0,0.13,0.8,0.3,0.2,0.4,6.87,0.0,23.0,1.1,2.0,1.0,1408,28,Midfielder,0.6511627906976744,0.28571428571428575,0.016494845360824743,0.6666666666666666,34.50805325508517,10.250123871482533,49.71944878798993,29.78932195646159,27.10204838468899,True
1738340,Rudy Matondo,6379,Paris FC,FRA-Ligue 1,0.7,29.6,0.0,0.0,1.3,0.3,0.02,0.07,1.8,0.0,0.14,0.8,0.4,0.2,0.1,6.5,0.0,5.0,0.9,1.8,1.0,1276,26,Midfielder,0.5909090909090908,0.3076923076923077,0.023648648648648646,0.5555555555555556,27.010771992818675,15.754039497307005,33.451526032315975,40.09425493716337,26.948183424375063,True
1284434,Diego López,10267,Valencia CF,ESP-La Liga,0.5,20.0,3.0,0.0,0.6,1.5,0.08,0.13,0.9,0.0,0.22,0.5,0.4,0.1,0.7,6.55,0.0,15.0,1.3,1.0,0.7,1636,32,Midfielder,0.625,0.3333333333333333,0.025,0.7777777777777777,16.940264988449385,16.445486895362382,55.788546553155335,39.60901012206971,26.846198893822592,True
1203512,Tim Iroegbunam,8668,Everton,ENG-Premier League,0.6,23.8,3.0,0.0,0.5,0.7,0.04,0.04,1.6,2.0,0.0,1.4,0.1,0.6,0.3,6.75,0.0,7.0,0.8,4.2,0.9,1328,27,Midfielder,0.7777777777777778,0.25,0.025210084033613443,0.5625,18.949730700179536,14.703770197486534,31.92549371633752,70.14362657091561,26.325106579898296,True
1226147,Giuliano Simeone,9906,Atlético de Madrid,ESP-La Liga,0.4,33.2,9.0,0.0,0.5,4.9,0.22,0.22,0.9,6.0,0.18,0.8,0.6,0.1,0.5,7.18,0.0,29.0,1.5,1.8,1.2,2019,29,Midfielder,0.7428571428571429,0.3076923076923077,0.012048192771084336,1.3333333333333333,25.777250117436598,5.740153021498942,66.60729200851978,53.33423743428377,25.964711743732337,True
675023,Danel Sinani,8152,FC St. Pauli,GER-Bundesliga,1.1,30.8,5.0,0.0,0.6,4.8,0.21,0.22,1.7,3.0,0.22,0.3,0.8,0.0,0.7,6.9,0.0,46.0,2.2,1.1,0.5,2068,30,Midfielder,0.4516129032258065,0.21428571428571425,0.03571428571428572,0.29411764705882354,38.170118980972056,37.66688223522069,26.340209004974167,8.893007213502957,25.910244176178914,True
1184694,Alberto Moleiro,10205,Villarreal,ESP-La Liga,0.6,22.9,9.0,0.0,0.5,3.6,0.14,0.22,1.2,5.0,0.39,0.3,0.8,0.1,0.4,7.0,0.0,36.0,1.7,1.1,1.2,2310,35,Midfielder,0.5384615384615385,0.21428571428571425,0.026200873362445417,1.0,20.90084811747521,16.290740847988776,55.037106748260975,24.35583611641989,25.79401149356618,True
1199382,Josué Casimir,8583,Auxerre,FRA-Ligue 1,0.8,21.2,1.0,0.0,0.7,1.4,0.09,0.17,2.0,0.0,0.06,0.7,0.7,0.0,0.4,6.41,0.0,10.0,1.3,1.9,0.5,1503,30,Midfielder,0.5652173913043478,0.2692307692307693,0.03773584905660378,0.25,25.429515517718453,28.92177113697934,23.128215028023913,25.869165974916825,25.733547596568606,True
916710,Alessandro Zanoli,8600,Udinese,ITA-Serie A,0.6,19.5,3.0,0.0,2.5,1.1,0.07,0.01,1.1,2.0,0.07,0.5,0.1,0.3,0.3,6.94,0.0,15.0,0.2,1.7,1.0,1290,19,Midfielder,0.6666666666666666,0.22727272727272727,0.030769230769230767,0.9090909090909091,16.33377090532358,17.142368551443663,51.664790898502595,35.231102359671304,25.7115086702813,True
586768,Guido Rodríguez,10267,Valencia CF,ESP-La Liga,0.0,0.0,1.0,0.0,0.0,0.8,0.0,0.0,0.0,0.0,0.0,0.0,0.0,0.0,0.0,0.0,0.0,7.0,0.0,0.0,0.0,1128,14,Midfielder,0.0,0.0,0.0,0.0,23.031630663500703,24.707257903644074,35.325978262967894,21.40439052013153,25.705595304754908,True
365672,Sofiane Boufal,9746,Le Havre,FRA-Ligue 1,1.0,23.4,5.0,0.0,0.4,1.6,0.16,0.14,2.2,3.0,0.1,0.3,0.3,0.0,0.6,6.9,0.0,25.0,1.5,2.0,1.9,943,16,Midfielder,0.5111111111111111,0.13043478260869565,0.042735042735042736,0.8636363636363635,32.38779174147217,37.571813285457814,32.80071813285458,8.294434470377018,25.67781906781392,True
1209228,Daniel Svensson,9789,Borussia Dortmund,GER-Bundesliga,0.5,25.8,4.0,0.0,2.8,5.2,0.2,0.07,1.0,2.0,0.08,0.8,0.2,0.3,0.3,6.98,0.0,32.0,0.5,1.4,0.5,2362,32,Midfielder,0.6875,0.36363636363636365,0.01937984496124031,0.5,18.985637342908436,10.246858168761221,46.526032315978455,57.562836624775585,25.417198314351893,True
874621,Martín Payero,7801,Cremonese,ITA-Serie A,0.7,21.4,1.0,0.0,1.1,1.0,0.06,0.11,2.3,0.0,0.06,0.6,0.5,0.2,0.4,6.43,0.0,12.0,1.4,1.2,1.4,1458,25,Midfielder,0.43902439024390244,0.33333333333333337,0.03271028037383177,0.6086956521739131,21.94344703770198,21.894075403949735,25.767504488330342,32.423698384201074,24.683895994601887,True
1254297,Andy Diouf,8588,Lens,FRA-Ligue 1,0.4,34.1,3.0,0.0,0.6,3.3,0.13,0.12,1.7,2.0,0.04,0.6,0.2,0.0,0.8,6.85,0.0,33.0,1.6,1.5,1.7,2233,34,Midfielder,0.5526315789473685,0.2857142857142857,0.011730205278592375,1.0,30.93548387096774,7.811827956989248,48.14516129032257,31.150537634408604,24.527682304926085,False
1047667,Maximilian Beier,9789,Borussia Dortmund,GER-Bundesliga,0.7,18.4,9.0,0.0,1.0,4.9,0.23,0.33,1.4,6.0,0.41,0.6,0.9,0.1,0.8,7.08,0.0,24.0,2.2,1.2,0.8,1967,31,Midfielder,0.5625,0.33333333333333337,0.03804347826086957,0.5714285714285715,16.689787198445334,18.50730037386666,40.22418164385501,32.56933907324826,24.392403840918313,True
1226189,Martim Neto,10268,Elche,ESP-La Liga,0.7,35.2,4.0,0.0,0.9,2.7,0.18,0.06,1.2,5.0,0.13,0.1,0.3,0.1,0.3,6.79,0.0,25.0,0.8,1.4,1.4,1352,25,Midfielder,0.5555555555555555,0.06666666666666667,0.019886363636363633,1.1666666666666667,36.92549371633753,14.017055655296232,63.46499102333931,7.5,24.127254267510732,True
1293912,Pablo Marín,8560,Real Sociedad,ESP-La Liga,0.5,18.1,2.0,0.0,0.8,1.3,0.08,0.08,1.4,1.0,0.0,0.4,0.3,0.1,0.2,6.33,0.0,11.0,0.8,1.2,1.0,1382,32,Midfielder,0.5333333333333333,0.25,0.027624309392265192,0.7142857142857143,20.450148967523152,20.490283327863686,40.78353377991416,18.95697959498851,23.94809518167765,True
950596,Marco Brescianini,8535,Fiorentina,ITA-Serie A,1.2,29.3,2.0,0.0,2.2,0.8,0.08,0.18,1.6,0.0,0.2,0.2,0.4,0.4,0.4,0.0,0.0,9.0,1.3,1.3,0.8,903,24,Midfielder,0.48387096774193544,0.13333333333333333,0.040955631399317405,0.5,34.75181946294473,31.665649955277573,31.358580593682234,6.658372103498645,23.77951964425927,True
1011022,Cheikh Niasse,9876,Verona,ITA-Serie A,0.6,27.0,0.0,0.0,1.7,0.8,0.07,0.02,1.8,1.0,0.0,1.3,0.1,0.5,0.2,0.0,0.0,11.0,0.6,1.9,0.4,978,20,Midfielder,0.64,0.40625,0.022222222222222223,0.22222222222222224,22.43716337522442,13.451526032315979,19.681328545780968,66.44524236983841,23.740488714803544,True
169200,Kevin De Bruyne,9875,Napoli,ITA-Serie A,0.0,0.0,4.0,0.0,0.0,3.1,0.0,0.0,0.0,1.0,0.0,0.0,0.0,0.0,0.0,0.0,0.0,31.0,0.0,0.0,0.0,1058,16,Midfielder,0.0,0.0,0.0,0.0,23.081809874970237,21.11048371009569,47.93888148877435,11.687544641995329,23.64950933565966,True
689065,Alexis Claude-Maurice,8406,FC Augsburg,GER-Bundesliga,0.3,26.4,5.0,0.0,0.5,3.2,0.14,0.29,1.0,4.0,0.21,0.3,1.1,0.0,0.5,7.11,0.0,32.0,3.0,1.8,1.9,2107,29,Midfielder,0.6774193548387097,0.14285714285714285,0.011363636363636364,1.9,18.569699426651997,10.650347805383424,61.10946699870658,27.90304884719085,23.612385541729743,True
1190033,Lamare Bogarde,10252,Aston Villa,ENG-Premier League,0.6,40.0,0.0,0.0,1.9,0.2,0.02,0.0,1.6,0.0,0.0,0.4,0.0,0.6,0.2,0.0,0.0,2.0,0.0,2.4,0.2,974,27,Midfielder,0.6363636363636362,0.14285714285714288,0.015,0.125,41.79982046678636,9.85637342908438,32.203770197486534,19.048473967684018,23.3200957750207,True
1276505,Giovanni Fabbian,8535,Fiorentina,ITA-Serie A,0.9,17.8,3.0,0.0,1.3,0.9,0.07,0.18,1.5,0.0,0.17,0.5,0.4,0.1,0.3,6.36,0.0,8.0,1.5,0.8,0.3,1077,28,Midfielder,0.46428571428571436,0.3846153846153846,0.05056179775280899,0.19999999999999998,25.53653726118544,31.638198747771924,14.597047676042289,24.868187872820982,23.302183831546017,True
942193,Mikael Egill Ellertsson,10233,Genoa,ITA-Serie A,0.4,15.5,5.0,0.0,1.4,1.7,0.06,0.08,1.0,1.0,0.03,0.5,0.2,0.3,0.3,6.52,0.0,15.0,0.9,1.5,0.4,2589,34,Midfielder,0.6666666666666666,0.25,0.025806451612903226,0.4,13.58167474244384,15.508654916571752,42.1035726466027,38.07769798523838,22.895145353350603,True
1354561,Diego Gómez,10204,Brighton and Hove Albion,ENG-Premier League,0.7,24.6,4.0,0.0,1.2,1.7,0.07,0.24,2.1,1.0,0.22,0.7,0.6,0.1,0.8,6.95,0.0,21.0,1.6,3.4,0.8,2052,30,Midfielder,0.6612903225806451,0.17073170731707318,0.028455284552845524,0.38095238095238093,22.17235188509874,18.42010771992819,21.503590664272892,32.13644524236984,22.625275875995843,True
836726,András Schäfer,8149,1. FC Union Berlin,GER-Bundesliga,0.5,23.0,0.0,0.0,1.2,0.8,0.06,0.13,2.1,0.0,0.07,1.6,0.6,0.5,0.3,6.52,0.0,4.0,1.7,2.5,0.6,1330,27,Midfielder,0.6612903225806451,0.39024390243902446,0.021739130434782608,0.2857142857142857,17.661283887698435,12.9043712154849,21.1641795846927,71.20109328648739,22.57816202652877,True
1073742,Julio Enciso,9848,Strasbourg,FRA-Ligue 1,0.6,25.7,6.0,0.0,0.4,4.6,0.23,0.37,0.9,3.0,0.15,0.3,1.1,0.0,0.5,6.9,0.0,24.0,2.9,1.0,2.5,1802,26,Midfielder,0.5909090909090908,0.23076923076923075,0.023346303501945526,2.7777777777777777,18.962195067019298,13.867856476387198,65.8659549686943,13.815778974665868,22.470319165938292,True
982633,Jordan Zemura,8600,Udinese,ITA-Serie A,0.0,0.0,2.0,0.0,0.0,1.0,0.0,0.0,0.0,1.0,0.0,0.0,0.0,0.0,0.0,0.0,0.0,11.0,0.0,0.0,0.0,1018,15,Midfielder,0.0,0.0,0.0,0.0,15.716218477120776,19.895429946654826,38.39049439200016,21.173207724432604,22.121063750799365,True
934156,Jurgen Ekkelenkamp,8600,Udinese,ITA-Serie A,0.3,20.8,4.0,0.0,1.1,1.8,0.07,0.2,0.9,3.0,0.2,0.6,0.6,0.2,0.4,6.93,0.0,27.0,1.3,1.9,0.7,2203,31,Midfielder,0.7352941176470589,0.24,0.014423076923076922,0.7777777777777777,14.752131554731891,10.435776658108274,45.31239100918257,40.21550742263663,21.888730914548308,True
1091907,Fisayo Dele-Bashiru,8543,Lazio,ITA-Serie A,0.2,30.5,1.0,0.0,0.8,0.3,0.02,0.06,0.6,0.0,0.0,0.2,0.1,0.0,0.3,6.38,0.0,9.0,0.7,1.5,0.4,1072,22,Midfielder,0.7391304347826088,0.11764705882352942,0.006557377049180328,0.6666666666666667,23.26413582749368,4.874883367759954,66.60992387534345,29.731781239744404,21.504336878570804,True
604982,Ruben Loftus-Cheek,8564,Milan,ITA-Serie A,0.4,27.2,3.0,0.0,1.3,1.1,0.09,0.25,1.8,1.0,0.24,0.4,0.5,0.1,0.4,6.61,0.0,10.0,2.3,1.0,1.0,1122,27,Midfielder,0.43749999999999994,0.28571428571428575,0.014705882352941178,0.5555555555555556,27.30222067785049,12.746011981750675,33.692772983790526,16.465805035938818,21.49828198662579,True
949673,Woo-Yeong Jeong,8149,1. FC Union Berlin,GER-Bundesliga,0.4,19.0,0.0,0.0,1.3,0.8,0.06,0.16,1.0,1.0,0.23,0.5,0.5,0.0,0.5,6.53,0.0,6.0,1.6,1.4,0.5,1168,27,Midfielder,0.6551724137931034,0.2631578947368421,0.021052631578947368,0.5,14.479916732624211,9.312210832480712,45.16472976712161,39.2931989729928,21.040514282203027,True
1469758,Simon Ebonog,9746,Le Havre,FRA-Ligue 1,0.4,18.9,1.0,0.0,1.1,0.7,0.04,0.09,1.5,0.0,0.05,1.2,0.2,0.2,0.4,6.58,0.0,7.0,1.1,2.0,0.9,1744,29,Midfielder,0.6808510638297872,0.37499999999999994,0.021164021164021166,0.6,12.024236983842012,9.901256732495511,32.44165170556553,68.62657091561938,20.797639100391937,True
775614,Ryan Yates,10203,Nottingham Forest,ENG-Premier League,0.5,29.2,0.0,0.0,2.8,0.5,0.02,0.11,2.5,1.0,0.09,1.2,0.4,0.5,0.2,6.76,0.0,18.0,1.6,2.0,0.4,1904,35,Midfielder,0.5614035087719298,0.37499999999999994,0.017123287671232876,0.16,23.66129032258065,9.940860215053764,15.897849462365594,56.80107526881719,20.548183033050595,False
850295,Alessio Zerbin,7801,Cremonese,ITA-Serie A,0.9,18.3,4.0,0.0,1.4,2.0,0.11,0.09,1.9,3.0,0.0,0.2,0.4,0.2,0.1,6.39,0.0,17.0,1.2,2.1,0.4,1599,31,Midfielder,0.5476190476190477,0.08695652173913043,0.04918032786885246,0.2105263157894737,33.09245960502693,41.04129263913824,12.3294434470377,7.998204667863554,20.538009140773585,True
574645,Mikel Merino,9825,Arsenal,ENG-Premier League,0.6,24.2,4.0,0.0,1.7,1.5,0.13,0.27,1.9,3.0,0.36,0.9,0.7,0.2,0.7,6.97,0.0,12.0,1.9,2.3,0.5,999,21,Midfielder,0.6274509803921569,0.28125000000000006,0.024793388429752067,0.2631578947368421,19.037180749406385,13.255532389979601,16.59818343275226,42.494295476921295,19.731556729437454,True
1664716,Dayann Methalie,9941,Toulouse,FRA-Ligue 1,0.5,17.7,3.0,0.0,1.5,2.2,0.11,0.04,2.7,1.0,0.1,1.2,0.3,0.1,0.3,6.6,0.0,9.0,0.7,2.6,1.3,1882,27,Midfielder,0.5846153846153845,0.3157894736842105,0.02824858757062147,0.48148148148148145,13.734290843806106,14.771095152603232,18.635547576301615,52.33842010771993,19.72625792407422,True
935379,Dejan Kulusevski,8586,Tottenham Hotspur,ENG-Premier League,0.5,24.1,9.0,0.0,0.3,3.9,0.15,0.16,1.8,4.0,0.26,0.5,0.7,0.2,1.0,6.92,0.0,65.0,1.8,1.7,1.4,2391,32,Midfielder,0.55,0.22727272727272727,0.02074688796680498,0.7777777777777777,17.4247311827957,11.392473118279574,34.623655913978496,21.790322580645164,19.45361388958136,False
952322,Brenden Aaronson,8463,Leeds United,ENG-Premier League,0.3,19.7,9.0,0.0,0.6,3.3,0.13,0.17,0.7,5.0,0.16,0.6,0.6,0.2,0.5,6.7,0.0,32.0,1.7,1.9,1.1,2316,35,Midfielder,0.78125,0.24,0.015228426395939087,1.5714285714285716,9.901256732495511,6.149012567324955,64.81597845601436,49.25493716337522,19.378444607907074,True
741049,Eljif Elmas,9875,Napoli,ITA-Serie A,0.6,34.1,1.0,0.0,0.9,1.7,0.09,0.15,1.0,2.0,0.06,0.3,0.4,0.3,0.4,6.75,0.0,21.0,1.3,1.3,0.7,1633,31,Midfielder,0.6153846153846154,0.18749999999999997,0.01759530791788856,0.7,22.97005205819708,8.059818665019337,52.143147172191014,11.719304003140223,18.967477851579062,True
771294,Ismaïla Sarr,9826,Crystal Palace,ENG-Premier League,0.3,14.0,3.0,0.0,1.1,1.0,0.05,0.44,0.5,1.0,0.35,0.4,0.9,0.1,0.4,6.88,0.0,18.0,2.0,0.8,0.4,2042,26,Midfielder,0.7058823529411765,0.3333333333333333,0.02142857142857143,0.8,8.22125055500859,8.846447623276255,59.284386401806906,41.3781040263058,18.956702419556457,True
1453218,Mert Kömür,8406,FC Augsburg,GER-Bundesliga,0.5,22.1,5.0,0.0,1.4,2.1,0.13,0.22,1.7,4.0,0.13,0.4,1.0,0.0,0.6,6.73,0.0,23.0,2.8,1.0,1.1,1407,27,Midfielder,0.4516129032258065,0.28571428571428575,0.02262443438914027,0.6470588235294118,16.02333931777379,12.02423698384201,32.001795332136446,20.035906642728904,18.53940006998544,True
959594,Karim Adeyemi,9789,Borussia Dortmund,GER-Bundesliga,0.3,15.7,5.0,0.0,0.1,3.0,0.22,0.37,1.6,3.0,0.53,0.6,1.1,0.0,0.9,6.95,0.0,14.0,2.3,0.4,2.0,1189,27,Midfielder,0.3846153846153846,0.6,0.01910828025477707,1.25,10.194333442726332,10.549349111664512,39.20997342393647,34.37053660482745,18.361174839640753,True
1791727,Alexis Vossah,9941,Toulouse,FRA-Ligue 1,0.4,24.9,1.0,0.0,1.7,0.5,0.04,0.05,1.5,1.0,0.08,0.7,0.2,0.2,0.4,6.45,0.0,7.0,0.7,0.9,0.3,1093,23,Midfielder,0.5161290322580645,0.43749999999999994,0.016064257028112452,0.19999999999999998,16.068222621184923,7.477558348294435,22.145421903052068,44.19210053859964,17.604359280781757,True
966027,Conor Gallagher,8586,Tottenham Hotspur,ENG-Premier League,0.0,0.0,1.0,0.0,0.0,0.7,0.0,0.0,0.0,1.0,0.0,0.0,0.0,0.0,0.0,0.0,0.0,11.0,0.0,0.0,0.0,1018,14,Midfielder,0.0,0.0,0.0,0.0,16.096146792532966,8.072849301493536,37.687985431426675,20.51729374593798,17.589278876827784,True
1339372,Cesare Casadei,9804,Torino,ITA-Serie A,0.8,25.2,3.0,0.0,1.8,1.5,0.07,0.19,2.3,0.0,0.24,0.5,0.7,0.1,0.3,6.74,0.0,16.0,1.6,1.6,0.6,1914,31,Midfielder,0.47727272727272724,0.23809523809523808,0.03174603174603175,0.2608695652173913,17.802487725462186,16.25550986789187,22.774505640174254,12.784534404097732,17.32182235761213,True
670928,Giuseppe Pezzella,7801,Cremonese,ITA-Serie A,0.6,20.4,0.0,0.0,3.2,1.9,0.07,0.0,1.7,1.0,0.0,0.4,0.0,0.4,0.1,6.64,0.0,26.0,0.2,1.8,0.5,2411,29,Midfielder,0.5641025641025641,0.18181818181818182,0.029411764705882353,0.29411764705882354,17.773788150807903,17.329443447037704,18.72980251346499,14.932675044883304,17.281879635088853,True
1609213,Mateus Mané,8602,Wolverhampton Wanderers,ENG-Premier League,0.4,14.9,4.0,0.0,1.3,2.6,0.14,0.1,1.3,1.0,0.11,0.3,0.8,0.1,0.6,6.56,0.0,21.0,2.0,1.3,1.6,1610,25,Midfielder,0.5517241379310345,0.18749999999999997,0.026845637583892617,1.2307692307692308,11.409335727109516,12.890484739676841,45.30520646319569,12.44165170556553,16.89499457053036,True
593118,Denzel Dumfries,8636,Internazionale,ITA-Serie A,0.2,20.5,1.0,0.0,1.4,0.9,0.06,0.23,1.4,1.0,0.2,0.5,0.3,0.0,0.5,6.78,0.0,13.0,1.6,1.1,0.4,1327,20,Midfielder,0.5333333333333333,0.3125,0.00975609756097561,0.28571428571428575,14.769582955284006,12.115123260168724,20.483533136425937,22.812075699954317,16.63897644754644,True
1286471,Roger Brugué,8581,Levante,ESP-La Liga,0.3,18.2,2.0,0.0,1.7,1.3,0.12,0.3,1.0,1.0,0.09,0.4,0.8,0.1,0.2,6.37,0.0,8.0,2.4,0.9,0.8,987,18,Midfielder,0.5652173913043479,0.3076923076923077,0.016483516483516484,0.8,8.397666068222621,6.472172351885099,49.1786355475763,26.867145421903054,15.445377336827214,True
690516,Ademola Lookman,8524,Atalanta,ITA-Serie A,0.3,25.3,12.0,0.0,0.2,7.9,0.31,0.41,1.2,5.0,0.6,0.1,1.4,0.0,0.4,7.39,0.0,61.0,3.3,1.3,1.5,2263,31,Midfielder,0.5384615384615385,0.07142857142857142,0.011857707509881422,1.25,16.72043010752688,6.844086021505376,54.30107526881719,6.897849462365589,15.040003874107557,False
1422593,Joshua King,9879,Fulham,ENG-Premier League,0.2,18.3,0.0,0.0,1.0,0.6,0.04,0.17,0.9,2.0,0.07,0.2,0.7,0.4,0.3,6.5,0.0,13.0,1.8,1.9,1.1,1263,30,Midfielder,0.7000000000000001,0.09523809523809523,0.01092896174863388,1.2222222222222223,7.482046678635548,4.519748653500898,57.35188509874327,23.58617594254937,13.808710544317538,True
408943,Takumi Minamino,9829,Monaco,FRA-Ligue 1,0.0,0.0,3.0,0.0,0.0,2.0,0.0,0.0,0.0,2.0,0.0,0.0,0.0,0.0,0.0,0.0,0.0,9.0,0.0,0.0,0.0,949,15,Midfielder,0.0,0.0,0.0,0.0,9.985035681421852,11.18754464199533,35.420960341820944,8.565680842712174,13.672755330502284,True
1155130,Luca Netz,9788,Borussia Mönchengladbach,GER-Bundesliga,0.0,0.0,4.0,0.0,0.0,1.5,0.0,0.0,0.0,2.0,0.0,0.0,0.0,0.0,0.0,0.0,0.0,10.0,0.0,0.0,0.0,938,15,Midfielder,0.0,0.0,0.0,0.0,11.180376183213967,3.2753582620670127,45.67902485794997,23.712634247730094,13.591794327128776,True
1285866,Habib Diarra,8472,Sunderland,ENG-Premier League,0.3,23.0,0.0,0.0,0.9,0.6,0.04,0.22,1.3,1.0,0.13,0.3,0.5,0.0,0.6,6.65,0.0,5.0,1.6,0.9,0.4,1365,18,Midfielder,0.48,0.25,0.013043478260869565,0.3076923076923077,12.859066427289049,5.502692998204669,29.77109515260323,14.596050269299818,13.158380043616559,True
556524,Lucas Höler,8358,Sport-Club Freiburg,GER-Bundesliga,0.3,17.1,2.0,0.0,1.8,1.9,0.09,0.2,1.3,1.0,0.13,0.5,0.7,0.1,0.6,6.72,0.0,24.0,1.5,1.1,0.4,2025,32,Midfielder,0.5517241379310345,0.3125,0.017543859649122806,0.3076923076923077,7.7514719793054185,6.509005617652169,29.129630702109996,24.401350038287546,12.994525679866145,True
439148,Morten Thorsby,7801,Cremonese,ITA-Serie A,0.5,19.9,3.0,0.0,2.2,0.5,0.04,0.16,1.7,1.0,0.22,0.3,0.6,0.4,0.4,6.66,0.0,9.0,1.5,1.5,0.2,1248,22,Midfielder,0.5142857142857143,0.16666666666666666,0.02512562814070352,0.11764705882352942,14.524236983842012,12.993716337522443,12.746858168761218,9.54219030520646,12.57018722990016,True
689680,Jens Odgaard,9857,Bologna,ITA-Serie A,0.3,15.7,1.0,0.0,1.1,1.3,0.09,0.16,1.8,1.0,0.33,0.3,0.9,0.0,0.9,6.68,0.0,14.0,2.3,1.3,0.5,1357,25,Midfielder,0.47058823529411764,0.18749999999999997,0.01910828025477707,0.2777777777777778,10.18716498394497,10.936445885858058,15.34377714715932,14.969820402437529,12.406847456493052,True
1515977,Ilyas Ansah,8149,1. FC Union Berlin,GER-Bundesliga,0.2,10.2,1.0,0.0,0.8,1.0,0.05,0.15,1.1,1.0,0.24,0.2,0.5,0.1,0.7,6.43,0.0,15.0,1.5,0.8,1.2,1837,32,Midfielder,0.47619047619047616,0.2,0.019607843137254905,1.0909090909090908,7.1005385996409345,7.347396768402155,49.00359066427289,9.10233393177738,12.198552221342661,True
279879,Jean-Daniel Akpa Akpro,9876,Verona,ITA-Serie A,0.3,17.0,0.0,0.0,1.5,0.2,0.02,0.06,2.5,0.0,0.06,1.3,0.3,0.5,0.3,6.75,0.0,10.0,0.8,2.5,1.3,1388,20,Midfielder,0.6031746031746031,0.34210526315789475,0.01764705882352941,0.52,5.678011364001982,5.480524828993005,25.422620541430987,39.02032135801754,12.037260570029002,True
1307957,Romano Floriani Mussolini,7801,Cremonese,ITA-Serie A,0.3,17.4,4.0,0.0,3.0,0.7,0.06,0.03,1.6,1.0,0.0,0.4,0.1,0.4,0.1,6.33,0.0,9.0,0.4,2.2,0.5,1089,26,Midfielder,0.6190476190476191,0.15384615384615385,0.017241379310344827,0.3125,7.6660682226211865,6.87612208258528,19.622980251346494,17.70197486535009,11.155865878130138,True
1393542,Christian Ordóñez,10167,Parma,ITA-Serie A,0.1,17.7,0.0,0.0,0.9,0.2,0.02,0.04,1.6,0.0,0.1,0.6,0.2,0.6,0.2,6.18,0.0,4.0,0.8,1.9,0.4,924,26,Midfielder,0.6097560975609757,0.24,0.005649717514124295,0.25,6.220825852782766,3.9497307001795336,17.31597845601436,27.450628366247756,9.652026415179119,True
846761,Zakaria Aboukhlal,9941,Toulouse,FRA-Ligue 1,0.1,10.0,2.0,0.0,0.4,2.0,0.09,0.49,1.7,2.0,0.33,0.3,1.4,0.0,0.8,6.81,0.0,12.0,3.0,1.0,0.8,1907,26,Midfielder,0.43333333333333335,0.23076923076923075,0.01,0.4705882352941177,4.376344086021506,4.49462365591398,22.978494623655916,13.95698924731183,8.40999066413524,False
593116,Sofyan Amrabat,8603,Real Betis,ESP-La Liga,0.0,0.0,0.0,0.0,0.0,0.5,0.0,0.0,0.0,0.0,0.0,0.0,0.0,0.0,0.0,0.0,0.0,7.0,0.0,0.0,0.0,1216,16,Midfielder,0.0,0.0,0.0,0.0,1.9748653500897668,1.9748653500897668,35.843806104129264,1.9748653500897666,4.076210912681717,True
1299869,Mohamed Kaba,9830,Nantes,FRA-Ligue 1,0.0,0.0,4.0,0.0,0.0,0.7,0.0,0.0,0.0,2.0,0.0,0.0,0.0,0.0,0.0,0.0,0.0,12.0,0.0,0.0,0.0,924,12,Midfielder,0.0,0.0,0.0,0.0,1.9748653500897668,1.9748653500897668,35.843806104129264,1.9748653500897666,4.076210912681717,True
786580,Marshall Munetsi,6379,Paris FC,FRA-Ligue 1,0.0,0.0,0.0,0.0,0.0,0.4,0.0,0.0,0.0,1.0,0.0,0.0,0.0,0.0,0.0,0.0,0.0,6.0,0.0,0.0,0.0,909,14,Midfielder,0.0,0.0,0.0,0.0,1.9748653500897668,1.9748653500897668,35.843806104129264,1.9748653500897666,4.076210912681717,True
1202114,Omri Gandelman,9888,Lecce,ITA-Serie A,0.0,0.0,1.0,0.0,0.0,0.6,0.0,0.0,0.0,0.0,0.0,0.0,0.0,0.0,0.0,0.0,0.0,6.0,0.0,0.0,0.0,922,17,Midfielder,0.0,0.0,0.0,0.0,1.9748653500897668,1.9748653500897668,35.843806104129264,1.9748653500897666,4.076210912681717,True
1417802,Pape Demba Diop,9941,Toulouse,FRA-Ligue 1,0.0,0.0,2.0,0.0,0.0,1.4,0.0,0.0,0.0,2.0,0.0,0.0,0.0,0.0,0.0,0.0,0.0,19.0,0.0,0.0,0.0,1185,15,Midfielder,0.0,0.0,0.0,0.0,1.9748653500897668,1.9748653500897668,35.843806104129264,1.9748653500897666,4.076210912681717,True
763998,Bakery Jatta,9790,Hamburger SV,GER-Bundesliga,0.0,0.0,0.0,0.0,0.0,0.6,0.0,0.0,0.0,1.0,0.0,0.0,0.0,0.0,0.0,0.0,0.0,4.0,0.0,0.0,0.0,918,15,Midfielder,0.0,0.0,0.0,0.0,1.9748653500897668,1.9748653500897668,35.843806104129264,1.9748653500897666,4.076210912681717,True
279490,James Ward-Prowse,8191,Burnley,ENG-Premier League,0.0,0.0,7.0,0.0,0.0,1.7,0.0,0.0,0.0,1.0,0.0,0.0,0.0,0.0,0.0,0.0,0.0,22.0,0.0,0.0,0.0,1069,16,Midfielder,0.0,0.0,0.0,0.0,1.9748653500897668,1.9748653500897668,35.843806104129264,1.9748653500897666,4.076210912681717,True
1573122,Fer López,9910,Celta de Vigo,ESP-La Liga,0.0,0.0,2.0,0.0,0.0,1.2,0.0,0.0,0.0,0.0,0.0,0.0,0.0,0.0,0.0,0.0,0.0,8.0,0.0,0.0,0.0,1011,15,Midfielder,0.0,0.0,0.0,0.0,1.9748653500897668,1.9748653500897668,35.843806104129264,1.9748653500897666,4.076210912681717,True
1387194,Kassoum Ouattara,9829,Monaco,FRA-Ligue 1,0.0,0.0,5.0,0.0,0.0,2.2,0.0,0.0,0.0,3.0,0.0,0.0,0.0,0.0,0.0,0.0,0.0,17.0,0.0,0.0,0.0,970,15,Midfielder,0.0,0.0,0.0,0.0,1.9748653500897668,1.9748653500897668,35.843806104129264,1.9748653500897666,4.076210912681717,True
970563,Quinten Timber,8592,Marseille,FRA-Ligue 1,0.0,0.0,0.0,0.0,0.0,1.1,0.0,0.0,0.0,0.0,0.0,0.0,0.0,0.0,0.0,0.0,0.0,8.0,0.0,0.0,0.0,1103,14,Midfielder,0.0,0.0,0.0,0.0,1.9748653500897668,1.9748653500897668,35.843806104129264,1.9748653500897666,4.076210912681717,True
1167529,Rafael Obrador,9804,Torino,ITA-Serie A,0.0,0.0,1.0,0.0,0.0,0.7,0.0,0.0,0.0,2.0,0.0,0.0,0.0,0.0,0.0,0.0,0.0,11.0,0.0,0.0,0.0,970,14,Midfielder,0.0,0.0,0.0,0.0,1.9748653500897668,1.9748653500897668,35.843806104129264,1.9748653500897666,4.076210912681717,True
1137106,Lucas Gourna-Douath,9746,Le Havre,FRA-Ligue 1,0.0,0.0,0.0,0.0,0.0,0.4,0.0,0.0,0.0,0.0,0.0,0.0,0.0,0.0,0.0,0.0,0.0,6.0,0.0,0.0,0.0,1275,15,Midfielder,0.0,0.0,0.0,0.0,1.9748653500897668,1.9748653500897668,35.843806104129264,1.9748653500897666,4.076210912681717,True
505059,Branco van den Boomen,8121,Angers,FRA-Ligue 1,0.0,0.0,2.0,0.0,0.0,2.0,0.0,0.0,0.0,1.0,0.0,0.0,0.0,0.0,0.0,0.0,0.0,26.0,0.0,0.0,0.0,1152,14,Midfielder,0.0,0.0,0.0,0.0,1.9748653500897668,1.9748653500897668,35.843806104129264,1.9748653500897666,4.076210912681717,True
970565,Kenneth Taylor,8543,Lazio,ITA-Serie A,0.0,0.0,1.0,0.0,0.0,0.9,0.0,0.0,0.0,2.0,0.0,0.0,0.0,0.0,0.0,0.0,0.0,13.0,0.0,0.0,0.0,1338,16,Midfielder,0.0,0.0,0.0,0.0,1.9748653500897668,1.9748653500897668,35.843806104129264,1.9748653500897666,4.076210912681717,True
