player_id,player,team_id,team,league,accurate_long_balls,accurate_pass,big_chance_created,clean_sheet,effective_clearance,expected_assists,expected_assists_per_90,expected_goals_per_90,fouls,goal_assist,goals_per_90,interception,ontarget_scoring_att,outfielder_block,poss_won_att_3rd,rating,saves,total_att_assist,total_scoring_att,total_tackle,won_contest,minutes_played,matches_played,position,clean_defend_rate,interception_share,progressive_pass_share,carry_to_foul_ratio,chance_quality,shot_accuracy,xg_per_shot,dribbling_threat,chance_creation,goal_output,defensive_work_rate,composite_score,has_primary_season,is_manual_add,nationality
1737700,Lennart Karl,9823,Bayern München,GER-Bundesliga,2.1,49.0,4.0,0.0,0.2,3.0,0.3,0.47,0.4,2.0,0.4,1.1,1.4,0.2,1.1,7.03,0.0,15.0,3.1,2.0,1.5,905,20,Midfielder,0.8857142857142858,0.3548387096774194,0.0428571428571428,3.75,0.2,0.4516129032258064,0.1516129032258064,92.80147058823528,80.17647058823529,87.63235294117648,88.03676470588235,87.2724411663353,True,False,Germany
1156141,Jamal Musiala,9823,Bayern München,GER-Bundesliga,0.6,38.5,9.0,0.0,0.2,5.9,0.3,0.47,1.0,2.0,0.6,0.4,1.6,0.0,0.7,7.77,0.0,41.0,3.4,1.8,3.6,1804,25,Midfielder,0.6875,0.1818181818181818,0.0155844155844155,3.6,0.1439024390243902,0.4705882352941177,0.138235294117647,91.4820954907162,89.4031830238727,88.83289124668435,61.50862068965515,83.40070532280868,False,False,Germany
1297165,Bradley Barcola,9847,Paris Saint-Germain,FRA-Ligue 1,0.9,32.5,6.0,0.0,0.3,3.1,0.25,0.6,1.1,1.0,0.58,0.6,1.8,0.1,1.2,7.42,0.0,26.0,3.7,1.7,2.2,1084,19,Attacker,0.676470588235294,0.2608695652173913,0.0276923076923076,2.0,0.1192307692307692,0.4864864864864864,0.1621621621621621,84.05875201539503,83.48840172673845,93.62264003744734,68.23763457637695,82.68589503815954,True,False,France
1029063,Michael Olise,9823,Bayern München,GER-Bundesliga,0.9,50.3,21.0,0.0,0.3,12.4,0.69,0.44,1.3,16.0,0.56,0.6,2.0,0.0,0.9,8.18,0.0,55.0,3.7,1.1,2.3,1613,21,Attacker,0.5666666666666668,0.3529411764705882,0.0178926441351888,1.769230769230769,0.2254545454545454,0.5405405405405405,0.1189189189189189,87.01601913975139,98.20335985853228,84.71231861444845,58.86857674104124,82.39003728218904,True,False,France
1735453,Yan Diomande,178475,RB Leipzig,GER-Bundesliga,1.1,34.6,5.0,0.0,0.5,4.5,0.28,0.28,0.6,4.0,0.5,0.7,1.2,0.1,0.6,7.59,0.0,33.0,2.1,1.2,4.6,1449,21,Attacker,0.76,0.3684210526315789,0.0317919075144508,7.666666666666666,0.1363636363636363,0.5714285714285714,0.1333333333333333,93.2095588235294,86.44852941176472,84.30882352941177,58.90441176470589,81.38143811231603,True,False,Ivory Coast
1467236,Lamine Yamal,8634,Barcelona,ESP-La Liga,1.2,44.4,21.0,0.0,0.2,8.3,0.44,0.48,1.0,8.0,0.53,0.4,1.5,0.0,0.8,8.41,0.0,58.0,4.6,1.7,5.5,1688,20,Attacker,0.6774193548387097,0.1904761904761904,0.027027027027027,5.5,0.143103448275862,0.3260869565217391,0.1043478260869565,91.89938627971082,96.57013574660634,69.22664742289489,62.53610807718312,80.25996917902904,True,False,Spain
696263,Romain Del Castillo,8521,Brest,FRA-Ligue 1,0.9,25.8,7.0,0.0,0.7,4.0,0.22,0.39,1.2,2.0,0.38,0.9,0.5,0.1,0.9,7.35,0.0,43.0,1.2,2.4,1.1,1641,20,Attacker,0.7333333333333333,0.2727272727272727,0.0348837209302325,0.9166666666666669,0.0930232558139534,0.4166666666666667,0.325,74.0591290893015,79.21450304259635,88.50048759556874,79.97822723253758,79.96602828771125,True,False,France
961995,Bukayo Saka,9825,Arsenal,ENG-Premier League,0.5,24.6,9.0,0.0,0.5,5.2,0.29,0.34,1.2,3.0,0.27,0.5,1.2,0.0,1.0,7.52,0.0,44.0,2.8,1.6,2.4,1642,23,Attacker,0.6363636363636365,0.238095238095238,0.0203252032520325,2.0,0.1181818181818181,0.4285714285714286,0.1214285714285714,86.23075622822073,90.27724033910648,73.9182919852291,62.92836896031622,78.80440657842745,True,False,England
254308,Florian Thauvin,8588,Lens,FRA-Ligue 1,1.5,31.6,10.0,0.0,0.3,5.6,0.29,0.42,0.8,3.0,0.31,0.4,0.9,0.1,0.9,7.34,0.0,44.0,2.3,0.9,2.0,1749,22,Midfielder,0.6190476190476191,0.3076923076923077,0.0474683544303797,2.5,0.1272727272727272,0.391304347826087,0.1826086956521739,90.82395199459096,87.83296926197534,84.09557523274562,48.09584178498986,77.80173862262531,True,False,France
860914,Luis Diaz,9823,Bayern München,GER-Bundesliga,1.6,40.4,11.0,0.0,0.1,5.5,0.28,0.59,1.1,10.0,0.67,0.5,1.5,0.1,1.0,8.06,0.0,46.0,3.2,0.7,2.5,1750,21,Attacker,0.5217391304347826,0.4166666666666667,0.0396039603960396,2.2727272727272725,0.1195652173913043,0.46875,0.1843749999999999,84.38323711447443,82.15714880116502,91.69090341706976,51.67860300618921,77.5857406341726,True,False,Colombia
385437,Serge Gnabry,9823,Bayern München,GER-Bundesliga,1.0,42.9,7.0,0.0,0.3,3.5,0.32,0.43,0.6,5.0,0.54,0.4,1.3,0.1,0.7,7.35,0.0,18.0,3.2,1.3,1.3,1002,17,Midfielder,0.7391304347826086,0.2352941176470588,0.0233100233100233,2.166666666666667,0.1944444444444444,0.40625,0.134375,81.63404977375565,87.16303895563529,84.26757294429707,55.73375331564986,77.49671133331819,True,False,Germany
999690,Ilan Kebbal,6379,Paris FC,FRA-Ligue 1,3.3,51.0,6.0,0.0,0.3,4.6,0.23,0.28,0.5,4.0,0.4,0.3,0.8,0.0,0.9,7.62,0.0,45.0,2.1,1.3,1.3,1812,21,Midfielder,0.7619047619047619,0.1874999999999999,0.0647058823529411,2.6,0.1022222222222222,0.3809523809523809,0.1333333333333333,86.0110294117647,80.80147058823529,76.45220588235294,60.45220588235294,76.62156101128299,True,False,Algeria
696679,Raphinha,8634,Barcelona,ESP-La Liga,1.6,34.6,9.0,0.0,0.6,4.5,0.43,0.62,0.7,3.0,0.77,0.2,1.1,0.0,0.5,7.81,0.0,31.0,4.2,0.9,1.3,936,15,Attacker,0.6111111111111112,0.1818181818181818,0.0462427745664739,1.8571428571428568,0.1451612903225806,0.2619047619047619,0.1476190476190476,89.34947599729547,91.26936079471577,83.34881936859624,42.50899126228741,76.09040193049441,True,False,Brazil
1613676,Said El Mala,8722,1. FC Köln,GER-Bundesliga,0.2,14.0,4.0,0.0,0.2,1.4,0.12,0.52,0.7,2.0,0.61,0.3,1.6,0.0,1.0,6.8,0.0,10.0,3.8,1.4,2.6,1041,22,Attacker,0.7083333333333334,0.1764705882352941,0.0142857142857142,3.714285714285715,0.1399999999999999,0.4210526315789474,0.1368421052631579,94.9264705882353,60.34558823529412,87.37867647058823,60.540441176470594,75.88187670017096,True,False,Germany
516846,Julian Brandt,9789,Borussia Dortmund,GER-Bundesliga,1.0,32.3,4.0,0.0,0.7,2.9,0.24,0.38,0.3,2.0,0.5,0.3,1.2,0.0,0.8,7.42,0.0,20.0,2.1,0.9,1.1,1080,17,Midfielder,0.7999999999999999,0.25,0.0309597523219814,3.666666666666667,0.145,0.5714285714285714,0.1809523809523809,80.4103344255474,81.4342331096895,80.09172647838976,59.217662661881725,75.8023167906147,True,False,Germany
784246,Daniel Raba,7854,Leganés,ESP-La Liga,1.0,19.0,12.0,0.0,0.8,4.6,0.22,0.36,1.9,6.0,0.38,0.7,0.8,0.1,0.8,7.3,0.0,47.0,2.1,1.8,2.2,1890,29,Attacker,0.5681818181818181,0.2799999999999999,0.0526315789473684,1.1578947368421053,0.0978723404255319,0.3809523809523809,0.1714285714285714,73.94893899204244,78.40185676392572,82.05570291777188,67.0026525198939,75.5103986184774,False,False,Spain
614449,Nadiem Amiri,9905,1. FSV Mainz 05,GER-Bundesliga,2.9,40.0,11.0,0.0,0.5,5.0,0.29,0.4,1.0,2.0,0.52,0.9,0.8,0.2,0.7,7.59,0.0,43.0,2.1,1.5,1.0,1561,19,Midfielder,0.7058823529411765,0.375,0.0725,1.0,0.1162790697674418,0.3809523809523809,0.1904761904761904,67.54286290112863,90.45675352369064,78.05872601029803,66.1194999219847,75.01625261524616,True,False,Germany
1104053,Rayan Cherki,8456,Manchester City,ENG-Premier League,1.3,52.3,14.0,0.0,0.4,5.5,0.46,0.17,0.7,7.0,0.25,0.6,0.6,0.1,1.3,7.27,0.0,34.0,2.3,1.8,2.3,1076,21,Attacker,0.7741935483870969,0.25,0.0248565965583174,3.2857142857142856,0.1617647058823529,0.2608695652173913,0.0739130434782608,86.64352213033756,96.11871326780047,55.54483928850053,64.10551568107348,74.91397209057398,True,False,France
965764,Iliman Ndiaye,8668,Everton,ENG-Premier League,0.2,25.0,5.0,0.0,0.5,3.7,0.19,0.24,1.1,2.0,0.26,0.5,0.7,0.1,0.8,7.27,0.0,20.0,1.4,2.5,1.9,1708,20,Attacker,0.7317073170731708,0.1666666666666666,0.008,1.727272727272727,0.185,0.5,0.1714285714285714,82.85256410256409,63.94848390284496,79.86901882769023,71.80189317106154,74.7775299675014,True,False,Senegal
1305618,Maghnes Akliouche,9829,Monaco,FRA-Ligue 1,1.7,34.9,7.0,0.0,0.6,3.5,0.19,0.26,0.9,2.0,0.22,0.7,0.6,0.1,1.2,7.15,0.0,26.0,1.8,1.7,0.8,1657,21,Attacker,0.7272727272727273,0.2916666666666667,0.0487106017191977,0.888888888888889,0.1346153846153846,0.3333333333333333,0.1444444444444444,70.5498517709471,86.63556457065584,68.33219561033962,74.4654652311853,74.47666300434113,True,False,France
1404415,Fermin Lopez,8634,Barcelona,ESP-La Liga,2.0,39.4,10.0,0.0,0.3,3.0,0.25,0.34,1.3,5.0,0.34,0.4,1.3,0.0,0.7,7.31,0.0,22.0,3.5,2.0,1.8,1070,18,Midfielder,0.6486486486486486,0.1666666666666666,0.0507614213197969,1.3846153846153846,0.1363636363636363,0.3714285714285714,0.0971428571428571,76.33127893067041,86.12356321839081,74.21248764757893,60.02686326519997,74.45256021091443,True,False,Spain
950473,Mason Greenwood,8592,Marseille,FRA-Ligue 1,3.3,40.0,9.0,0.0,0.1,4.1,0.22,0.57,0.7,4.0,0.76,0.2,1.6,0.0,0.5,7.71,0.0,40.0,3.9,0.4,1.9,1651,21,Attacker,0.4615384615384615,0.3333333333333333,0.0824999999999999,2.7142857142857144,0.1025,0.4102564102564103,0.1461538461538461,91.26926977687629,85.63053258438656,89.01909424247151,36.27041400114423,74.22254289404835,True,False,England
701154,Kylian Mbappé,8633,Real Madrid,ESP-La Liga,1.0,30.3,8.0,0.0,0.0,5.4,0.25,0.95,0.4,4.0,1.07,0.1,2.3,0.0,0.9,8.38,0.0,53.0,5.1,0.1,2.9,1936,22,Attacker,0.3333333333333333,0.5,0.033003300330033,7.249999999999999,0.1018867924528302,0.4509803921568627,0.1862745098039215,97.1200330264732,84.81749622926094,94.77379466375407,30.771044624746448,74.1505751374907,True,False,France
1087966,Evann Guessand,9831,Nice,FRA-Ligue 1,0.1,14.5,12.0,0.0,0.5,5.3,0.19,0.32,1.6,8.0,0.42,0.5,0.9,0.1,0.8,7.31,0.0,32.0,2.2,1.5,1.7,2572,33,Attacker,0.5555555555555556,0.25,0.0068965517241379,1.0625,0.165625,0.409090909090909,0.1454545454545454,70.89522546419097,85.83554376657825,80.75928381962865,59.32029177718832,74.137964409026,False,False,Ivory Coast
1152455,Florian Wirtz,8650,Liverpool,ENG-Premier League,1.4,45.5,4.0,0.0,0.5,4.1,0.2,0.28,0.9,2.0,0.19,0.4,0.7,0.0,0.6,7.19,0.0,44.0,2.0,1.4,1.6,1861,25,Midfielder,0.6666666666666666,0.2222222222222222,0.0307692307692307,1.777777777777778,0.0931818181818181,0.35,0.14,86.62289358714308,80.56549383679202,73.4235970250169,53.21858584282519,74.04549737243131,True,False,Germany
688295,Christian Pulisic,8564,Milan,ITA-Serie A,0.4,31.7,5.0,0.0,0.8,2.1,0.21,0.59,0.8,2.0,0.8,0.3,1.8,0.1,0.7,7.26,0.0,23.0,3.1,1.0,1.3,900,18,Attacker,0.6190476190476191,0.2307692307692307,0.0126182965299684,1.625,0.0913043478260869,0.5806451612903226,0.1903225806451612,85.13339314505644,71.7265043948614,93.9751716336402,46.33487413533052,74.0260845464161,True,False,USA
173461,Andrej Kramaric,8226,TSG 1899 Hoffenheim,GER-Bundesliga,1.0,34.3,5.0,0.0,0.5,3.1,0.21,0.48,0.2,4.0,0.6,0.4,1.4,0.1,1.1,7.24,0.0,24.0,2.8,0.3,0.8,1347,22,Midfielder,0.7777777777777778,0.5714285714285715,0.0291545189504373,4.0,0.1291666666666666,0.5,0.1714285714285714,78.02778644614344,78.44336089873616,88.92061944141051,49.62467493628751,73.74014530182774,True,False,Croatia
575735,Nicolas Pépé,10205,Villarreal,ESP-La Liga,0.4,27.3,8.0,0.0,1.2,3.9,0.24,0.35,1.0,4.0,0.19,0.7,0.8,0.0,0.8,7.18,0.0,34.0,2.4,1.6,2.3,1433,23,Attacker,0.6969696969696969,0.3043478260869565,0.0146520146520146,2.3,0.1147058823529411,0.3333333333333333,0.1458333333333333,82.87042310292819,83.86898632131899,69.36996151245644,56.45105190617361,73.62876000789213,True,False,Ivory Coast
493165,James Maddison,8586,Tottenham Hotspur,ENG-Premier League,2.0,49.3,6.0,0.0,0.8,5.9,0.29,0.29,1.6,7.0,0.45,0.6,0.8,0.2,0.7,7.29,0.0,41.0,1.9,1.5,1.6,1816,31,Midfielder,0.5675675675675675,0.2857142857142857,0.0405679513184584,1.0,0.1439024390243902,0.4210526315789474,0.1526315789473684,68.49801061007958,85.815649867374,81.35278514588859,58.36870026525199,73.26965092144515,False,False,England
1096353,Cole Palmer,8455,Chelsea,ENG-Premier League,1.9,32.4,2.0,0.0,0.6,1.0,0.09,0.69,0.8,1.0,0.72,0.8,1.4,0.0,0.8,7.22,0.0,11.0,3.1,1.2,1.3,1000,15,Midfielder,0.7142857142857143,0.4,0.0586419753086419,1.625,0.0909090909090909,0.4516129032258064,0.2225806451612903,86.93093046237063,54.74834867634056,91.40120663650076,60.441566547043216,72.92059090143773,True,False,England
966146,Zuriko Davitashvili,9853,St Etienne,FRA-Ligue 1,0.4,23.3,9.0,0.0,0.5,5.6,0.18,0.27,0.7,8.0,0.29,0.5,0.9,0.0,0.8,7.15,0.0,53.0,2.3,0.8,1.6,2761,33,Attacker,0.65,0.3846153846153846,0.0171673819742489,2.285714285714286,0.1056603773584905,0.391304347826087,0.1173913043478261,84.02188328912466,77.63262599469496,71.08421750663129,54.91710875331565,72.56273146412018,False,False,Georgia
523825,Jarrod Bowen,8654,West Ham United,ENG-Premier League,0.4,15.7,5.0,0.0,0.9,2.5,0.1,0.22,0.5,3.0,0.31,0.7,0.9,0.1,0.6,7.07,0.0,18.0,2.4,1.2,1.5,2329,26,Attacker,0.7916666666666666,0.3684210526315789,0.0254777070063694,3.0,0.1388888888888889,0.375,0.0916666666666666,84.651317158163,72.20317782285328,67.27926223539814,62.00800306860145,72.17537487615346,True,False,England
953812,Sofiane Diop,9831,Nice,FRA-Ligue 1,2.2,29.9,4.0,0.0,0.3,2.9,0.18,0.35,1.1,2.0,0.45,0.8,0.8,0.1,0.7,7.09,0.0,21.0,2.7,0.6,1.3,1414,21,Attacker,0.5599999999999999,0.5714285714285715,0.0735785953177257,1.1818181818181817,0.1380952380952381,0.2962962962962963,0.1296296296296296,70.24726296354085,74.52345659749311,80.4894549331669,61.94672205752327,71.92841370319643,True,False,Morocco
1083323,Pedri,8634,Barcelona,ESP-La Liga,3.5,82.1,5.0,0.0,0.9,3.3,0.24,0.11,0.6,5.0,0.15,1.0,0.7,0.1,0.8,7.9,0.0,38.0,1.3,2.1,1.8,1218,16,Midfielder,0.8378378378378378,0.3225806451612903,0.0426309378806333,3.0,0.0868421052631578,0.5384615384615384,0.0846153846153846,79.74827066104957,79.00946585530765,50.65109611483851,83.11814765694076,71.6180590670288,True,False,Spain
1202110,Nico Williams,8315,Athletic Club,ESP-La Liga,0.3,23.8,5.0,0.0,0.5,4.3,0.3,0.31,1.2,2.0,0.27,0.4,0.9,0.0,1.2,6.99,0.0,27.0,2.5,0.8,3.2,1316,19,Attacker,0.5,0.3333333333333333,0.0126050420168067,2.666666666666667,0.1592592592592592,0.36,0.124,86.36780959067977,82.59783117491028,66.49287460342227,49.40761039163675,71.54845822193288,True,False,Spain
846033,Vinicius Junior,8633,Real Madrid,ESP-La Liga,1.4,31.2,6.0,0.0,0.1,3.1,0.16,0.43,1.1,5.0,0.41,0.1,1.4,0.0,0.7,7.65,0.0,42.0,3.2,1.2,2.7,1768,23,Attacker,0.5416666666666666,0.0769230769230769,0.0448717948717948,2.4545454545454546,0.0738095238095238,0.4374999999999999,0.134375,88.4090016643262,73.25621521818277,82.62600769750871,41.6537096270869,71.34605996706826,True,False,Brazil
974753,Julián Álvarez,9906,Atlético de Madrid,ESP-La Liga,1.0,25.7,9.0,0.0,0.2,4.3,0.23,0.37,0.7,3.0,0.38,0.1,1.2,0.0,0.8,7.12,0.0,43.0,2.5,0.8,1.2,1677,24,Attacker,0.5625,0.1111111111111111,0.0389105058365758,1.7142857142857144,0.0999999999999999,0.48,0.148,81.0144263275602,81.78258438653977,88.62213293805587,37.456740521142144,71.1746699631662,True,False,Argentina
923312,Bryan Mbeumo,10260,Manchester United,ENG-Premier League,0.6,23.6,3.0,0.0,0.3,3.8,0.19,0.36,0.7,2.0,0.45,0.2,1.4,0.0,0.8,7.3,0.0,32.0,2.6,0.8,0.6,1810,21,Attacker,0.5882352941176471,0.2,0.0254237288135593,0.8571428571428572,0.11875,0.5384615384615384,0.1384615384615384,70.09088781401155,80.13604566495032,86.38715738284704,49.18169761273209,71.14238889842508,True,False,Cameroon
959594,Karim Adeyemi,9789,Borussia Dortmund,GER-Bundesliga,0.3,16.9,4.0,0.0,0.1,2.3,0.22,0.33,1.6,2.0,0.49,0.4,1.1,0.0,0.8,6.98,0.0,11.0,2.2,0.4,2.2,918,20,Midfielder,0.3333333333333333,0.5,0.0177514792899408,1.375,0.209090909090909,0.5,0.15,77.5933257918552,78.15684974254954,83.30141207676705,45.05912908930151,70.97554255938641,True,False,Germany
1084981,Noni Madueke,8455,Chelsea,ENG-Premier League,0.6,22.0,6.0,0.0,0.4,3.2,0.14,0.42,1.0,3.0,0.31,0.4,1.4,0.0,0.8,7.18,0.0,32.0,3.5,1.1,2.0,2046,32,Attacker,0.6,0.2666666666666666,0.0272727272727272,2.0,0.1,0.3999999999999999,0.12,85.79575596816977,65.026525198939,77.32427055702917,53.50132625994696,70.96827448449982,False,False,England
863098,Matheus Cunha,10260,Manchester United,ENG-Premier League,0.9,26.1,3.0,0.0,0.7,2.2,0.12,0.29,0.7,2.0,0.33,0.7,1.3,0.1,0.9,7.17,0.0,23.0,3.4,1.4,1.7,1634,23,Attacker,0.7499999999999999,0.3333333333333333,0.0344827586206896,2.428571428571429,0.0956521739130434,0.3823529411764706,0.0852941176470588,84.00306860144588,63.74574816664066,67.9433804025589,66.13248296666147,70.87957492615371,True,False,Brazil
629805,Ritsu Doan,9810,Eintracht Frankfurt,GER-Bundesliga,0.9,25.2,10.0,0.0,0.6,4.1,0.2,0.12,0.8,5.0,0.2,0.7,0.5,0.0,0.7,7.11,0.0,29.0,1.5,1.7,1.4,1817,22,Midfielder,0.7499999999999999,0.2916666666666667,0.0357142857142857,1.7499999999999998,0.1413793103448275,0.3333333333333333,0.08,78.69061085972851,85.90444427107714,53.878309148593125,66.72845477713632,70.79400566258812,True,False,Japan
1047667,Maximilian Beier,9789,Borussia Dortmund,GER-Bundesliga,0.4,18.9,4.0,0.0,1.0,2.6,0.21,0.37,1.0,3.0,0.55,0.5,1.2,0.2,1.1,7.04,0.0,15.0,2.3,1.0,0.9,1136,20,Midfielder,0.6,0.3333333333333333,0.0211640211640211,0.9,0.1733333333333333,0.5217391304347826,0.1608695652173913,70.59181749622927,71.45090237686587,86.4351757944557,54.61405835543766,70.75575321299618,True,False,Germany
708435,Gaëtan Perrin,8583,Auxerre,FRA-Ligue 1,1.7,22.3,19.0,0.0,0.1,4.7,0.16,0.2,0.8,11.0,0.33,0.4,0.9,0.0,0.7,7.29,0.0,73.0,2.0,1.6,2.0,2704,34,Midfielder,0.7142857142857143,0.2,0.0762331838565022,2.5,0.0643835616438356,0.45,0.1,84.00198938992042,66.33289124668435,69.2738726790451,60.87864721485411,70.75456555934713,False,False,France
1021586,Gabriel Martinelli,9825,Arsenal,ENG-Premier League,0.4,18.2,7.0,0.0,0.6,4.7,0.18,0.29,0.6,4.0,0.31,0.2,1.0,0.0,0.7,7.01,0.0,40.0,2.2,0.9,1.3,2300,33,Attacker,0.6470588235294118,0.1818181818181818,0.0219780219780219,2.166666666666667,0.1175,0.4545454545454545,0.1318181818181818,81.2997347480106,76.45225464190982,77.89787798408489,45.12931034482758,70.4121262775654,False,False,Brazil
1077894,Jude Bellingham,8633,Real Madrid,ESP-La Liga,3.0,51.4,3.0,0.0,0.8,1.7,0.12,0.37,1.9,3.0,0.28,0.8,1.3,0.1,1.1,7.75,0.0,30.0,2.5,2.9,1.6,1291,18,Midfielder,0.6607142857142858,0.2162162162162162,0.0583657587548638,0.8421052631578948,0.0566666666666666,0.52,0.148,71.46919046133041,55.14675976491393,82.81309486659386,75.48626280751027,70.26094676133012,True,False,England
1347574,Nico Paz,10171,Como,ITA-Serie A,0.8,36.4,11.0,0.0,0.4,3.3,0.14,0.28,1.8,6.0,0.38,0.8,1.6,0.1,0.9,7.7,0.0,40.0,4.0,2.7,2.1,2113,25,Midfielder,0.6603773584905661,0.2285714285714286,0.0219780219780219,1.1666666666666667,0.0824999999999999,0.4,0.07,74.64982186508557,66.88456337442139,63.684525667030734,75.00290606958963,69.86573054817055,True,False,Argentina
1412132,Kenan Yildiz,9885,Juventus,ITA-Serie A,1.1,32.5,10.0,0.0,0.3,5.1,0.23,0.31,0.8,4.0,0.37,0.3,1.4,0.0,0.7,7.56,0.0,50.0,3.3,0.6,2.4,1967,24,Midfielder,0.5294117647058824,0.3333333333333333,0.0338461538461538,3.0,0.102,0.4242424242424242,0.0939393939393939,87.1734669995319,79.04931866645863,66.74515655068393,44.99554012586467,69.7153900104521,True,False,Turkiye
1070052,Amad,10260,Manchester United,ENG-Premier League,1.1,31.9,5.0,0.0,1.3,3.2,0.18,0.22,0.8,2.0,0.11,0.7,0.7,0.1,0.4,7.48,0.0,32.0,1.9,1.6,1.7,1653,20,Midfielder,0.7419354838709677,0.3043478260869565,0.0344827586206896,2.125,0.1,0.3684210526315789,0.1157894736842105,83.03439824205545,72.31921256566288,61.62068315389817,59.6947261663286,69.69628907565459,True,False,Ivory Coast
749488,Romano Schmid,8697,SV Werder Bremen,GER-Bundesliga,2.1,32.6,11.0,0.0,0.3,6.4,0.3,0.21,0.7,5.0,0.09,0.4,0.6,0.1,1.2,7.16,0.0,60.0,1.7,1.4,1.1,1931,22,Midfielder,0.72,0.2222222222222222,0.0644171779141104,1.5714285714285716,0.1066666666666666,0.3529411764705882,0.1235294117647058,75.26514796900192,86.91912414833307,55.10623082124096,62.79109455453269,69.60441676788781,True,False,Austria
604126,Giovani Lo Celso,8603,Real Betis,ESP-La Liga,2.5,49.0,6.0,0.0,0.3,2.0,0.17,0.2,0.6,2.0,0.16,0.4,0.8,0.0,0.9,7.11,0.0,25.0,2.2,1.1,1.1,1098,17,Midfielder,0.7142857142857143,0.2666666666666666,0.0510204081632653,1.8333333333333333,0.08,0.3636363636363636,0.0909090909090909,78.33503666718676,70.97226556405055,66.21800722941697,60.52526395173454,69.59697244816981,True,False,Argentina
1209399,Abdessamad Ezzalzouli,8603,Real Betis,ESP-La Liga,0.6,26.1,7.0,0.0,0.6,1.5,0.11,0.41,1.4,4.0,0.39,0.8,1.0,0.0,1.3,7.67,0.0,16.0,3.3,2.4,1.7,1143,15,Attacker,0.6956521739130436,0.25,0.0229885057471264,1.2142857142857144,0.09375,0.303030303030303,0.1242424242424242,80.4629817444219,52.58489363915328,72.04938367920113,75.67569693659956,69.51730703628289,True,False,Morocco
969870,Adam Hlozek,8226,TSG 1899 Hoffenheim,GER-Bundesliga,0.7,16.4,7.0,0.0,0.9,3.2,0.15,0.27,0.7,3.0,0.38,0.2,1.2,0.0,0.7,7.01,0.0,22.0,2.8,1.1,1.6,1874,27,Attacker,0.65,0.1538461538461538,0.0426829268292682,2.285714285714286,0.1454545454545454,0.4285714285714286,0.0964285714285714,84.02188328912466,72.75198938992042,72.17506631299736,47.09880636604775,69.49886625796594,False,False,Czechia
194165,Harry Kane,9823,Bayern München,GER-Bundesliga,3.3,23.7,14.0,0.0,1.4,3.3,0.17,1.03,0.9,5.0,1.32,0.3,2.5,0.2,0.4,8.28,0.0,31.0,4.3,0.7,1.2,1768,22,Attacker,0.5263157894736842,0.3,0.1392405063291139,1.3333333333333333,0.1064516129032258,0.5813953488372093,0.2395348837209302,82.10030165912518,81.98347376085712,97.6155536485151,28.47365683674,69.34312501331354,True,False,England
184138,Antoine Griezmann,9906,Atlético de Madrid,ESP-La Liga,2.2,38.1,13.0,0.0,0.8,6.5,0.24,0.27,0.4,7.0,0.29,0.2,0.7,0.0,0.7,7.18,0.0,48.0,1.8,1.1,0.5,2482,38,Attacker,0.7647058823529411,0.1538461538461538,0.0577427821522309,1.25,0.1354166666666666,0.3888888888888888,0.15,61.9893899204244,89.47612732095492,74.73806366047745,52.738726790450926,68.93398606010686,False,False,France
574629,Alex Berenguer,8315,Athletic Club,ESP-La Liga,0.9,25.1,6.0,0.0,0.7,4.0,0.25,0.2,1.0,2.0,0.12,0.5,1.0,0.0,0.9,6.74,0.0,34.0,1.9,1.1,1.2,1457,20,Attacker,0.6153846153846154,0.3125,0.0358565737051792,1.2,0.1176470588235294,0.5263157894736842,0.1052631578947368,71.85613980340146,80.19326988089666,64.83059629687419,55.63617569043532,68.38960625985233,True,False,Spain
1400227,Yankuba Minteh,10204,Brighton and Hove Albion,ENG-Premier League,0.5,15.1,6.0,0.0,0.6,2.8,0.16,0.16,1.0,4.0,0.05,0.5,0.4,0.0,0.7,7.06,0.0,30.0,1.8,1.9,2.7,1640,24,Attacker,0.7058823529411765,0.2083333333333333,0.0331125827814569,2.7,0.0933333333333333,0.2222222222222222,0.0888888888888888,82.6292583346336,76.1027981484371,48.98446195454309,67.95607739116866,68.30469535318912,True,False,Gambia
288406,Alejandro Grimaldo,8178,Bayer 04 Leverkusen,GER-Bundesliga,2.1,60.0,8.0,0.0,1.9,3.7,0.23,0.25,0.5,5.0,0.31,0.7,0.8,0.2,0.4,7.65,0.0,33.0,1.9,1.6,1.0,1444,17,Midfielder,0.8214285714285714,0.3043478260869565,0.035,2.0,0.1121212121212121,0.4210526315789474,0.131578947368421,72.75751547303271,84.93000728142717,61.034573776460185,54.35597727154522,68.27663189917617,True,False,Spain
955411,Yann Gboho,9941,Toulouse,FRA-Ligue 1,0.6,20.3,1.0,0.0,0.0,3.6,0.18,0.2,0.6,2.0,0.3,0.4,0.6,0.0,1.1,7.32,0.0,39.0,1.7,0.4,2.8,1804,21,Attacker,0.5714285714285715,0.5,0.0295566502463054,4.666666666666667,0.0923076923076923,0.3529411764705882,0.1176470588235294,88.81284781817236,65.9817314193582,66.89392520934103,48.96153846153845,68.18931801650882,True,False,Ivory Coast
942358,Felix Correia,8639,Lille,FRA-Ligue 1,1.9,31.1,8.0,0.0,0.4,3.8,0.27,0.19,0.5,5.0,0.21,0.9,0.4,0.1,0.6,6.91,0.0,27.0,1.6,0.9,0.7,1257,22,Attacker,0.782608695652174,0.5,0.0610932475884244,1.4,0.1407407407407407,0.25,0.11875,68.93382352941175,88.83823529411765,56.40808823529412,60.19117647058824,67.98633075748782,True,False,Portugal
1253890,Arda Güler,8633,Real Madrid,ESP-La Liga,2.9,52.4,11.0,0.0,0.5,5.5,0.33,0.25,1.2,7.0,0.18,0.5,0.9,0.1,0.4,7.49,0.0,55.0,2.3,1.7,1.1,1532,24,Midfielder,0.6470588235294118,0.2272727272727272,0.0553435114503816,0.9166666666666669,0.1,0.391304347826087,0.108695652173913,69.14025198938992,85.15557549279659,63.71818276382171,53.86128231133301,67.88811382037328,True,False,Turkiye
1095432,Charles De Ketelaere,8524,Atalanta,ITA-Serie A,1.6,31.4,12.0,0.0,0.3,6.5,0.38,0.16,0.9,3.0,0.17,0.1,0.8,0.1,0.8,7.12,0.0,45.0,2.0,0.9,2.4,1547,21,Midfielder,0.5263157894736842,0.1,0.0509554140127388,2.6666666666666665,0.1444444444444444,0.4,0.08,83.58787122275966,91.09974254953973,62.62309512664482,37.92685416341603,67.84147213979143,True,False,Belgium
952322,Brenden Aaronson,8463,Leeds United,ENG-Premier League,0.3,21.0,7.0,0.0,0.4,2.8,0.15,0.18,0.8,3.0,0.22,0.5,0.8,0.2,0.4,6.79,0.0,23.0,1.8,2.1,1.1,1662,25,Midfielder,0.7647058823529411,0.1923076923076923,0.0142857142857142,1.375,0.1217391304347826,0.4444444444444445,0.0999999999999999,73.57720588235293,75.81617647058823,63.992647058823536,55.71691176470588,67.71632538276437,True,False,USA
1079539,Dilane Bakwa,9848,Strasbourg,FRA-Ligue 1,1.8,26.8,12.0,0.0,0.9,6.0,0.21,0.16,1.0,8.0,0.22,0.5,0.8,0.0,0.7,7.38,0.0,47.0,1.9,0.9,1.8,2509,30,Midfielder,0.5833333333333334,0.3571428571428571,0.0671641791044776,1.8,0.1276595744680851,0.4210526315789474,0.0842105263157894,76.88328912466844,85.86206896551725,58.07692307692309,50.10941644562334,67.63705544933191,False,False,France
848289,Takefusa Kubo,8560,Real Sociedad,ESP-La Liga,0.4,22.7,5.0,0.0,0.7,2.3,0.18,0.17,0.5,3.0,0.15,0.5,0.9,0.0,0.5,7.16,0.0,26.0,1.9,1.9,2.1,1183,18,Attacker,0.8275862068965517,0.2083333333333333,0.0176211453744493,4.2,0.0884615384615384,0.4736842105263158,0.0894736842105263,86.61441592552139,66.58947053622511,55.01866515837104,61.53252587507152,67.62027081370826,True,False,Japan
690516,Ademola Lookman,8524,Atalanta,ITA-Serie A,0.3,25.3,12.0,0.0,0.2,7.9,0.31,0.41,1.2,5.0,0.6,0.1,1.4,0.0,0.4,7.39,0.0,61.0,3.3,1.3,1.5,2263,31,Midfielder,0.5384615384615385,0.0714285714285714,0.0118577075098814,1.25,0.1295081967213114,0.4242424242424242,0.1242424242424242,76.35610079575598,91.39257294429709,83.76657824933687,29.303713527851457,67.48901266675892,False,False,Nigeria
1173787,Xavi Simons,8586,Tottenham Hotspur,ENG-Premier League,1.8,34.6,6.0,0.0,0.5,3.3,0.21,0.13,1.0,4.0,0.07,0.8,0.5,0.1,1.2,7.01,0.0,26.0,2.0,1.9,1.4,1378,20,Midfielder,0.7297297297297297,0.2962962962962963,0.0520231213872832,1.4,0.1269230769230769,0.25,0.065,73.6036888230093,83.1158787122276,46.445317782285336,72.76843761377229,67.4706616533675,True,False,Netherlands
1280082,Matias Soulé,8686,Roma,ITA-Serie A,1.6,33.2,4.0,0.0,0.5,3.0,0.16,0.18,0.3,4.0,0.32,0.5,0.7,0.1,1.7,7.11,0.0,34.0,2.2,0.8,1.4,1691,25,Midfielder,0.8125,0.3846153846153846,0.0481927710843373,4.666666666666667,0.088235294117647,0.3181818181818181,0.0818181818181818,84.79904561294013,65.21987309512664,53.99065116762886,65.69096192853799,67.40514423078969,True,False,Argentina
422685,Bruno Fernandes,10260,Manchester United,ENG-Premier League,4.2,49.1,18.0,0.0,1.6,6.7,0.3,0.37,0.7,12.0,0.27,0.5,0.7,0.2,0.5,7.98,0.0,78.0,2.6,1.7,0.5,1987,23,Midfielder,0.7586206896551724,0.2272727272727272,0.0855397148676171,0.7142857142857143,0.0858974358974359,0.2692307692307692,0.1423076923076923,59.48407187808811,80.10989753991782,67.84484058875539,64.94016877307952,67.39437345713144,True,False,Portugal
923196,Lassine Sinayoko,8583,Auxerre,FRA-Ligue 1,0.5,19.0,5.0,0.0,0.5,2.3,0.12,0.35,0.8,3.0,0.3,0.9,1.0,0.0,0.9,7.07,0.0,26.0,2.7,1.2,1.2,1805,21,Attacker,0.7241379310344827,0.4285714285714285,0.0263157894736842,1.4999999999999998,0.0884615384615384,0.3703703703703703,0.1296296296296296,74.20839184480158,61.559460654288245,69.72541218078744,61.436150985593166,67.14167630979325,True,False,Mali
815006,Phil Foden,8456,Manchester City,ENG-Premier League,1.9,44.9,7.0,0.0,0.6,3.6,0.19,0.28,0.8,3.0,0.37,0.4,0.8,0.1,0.5,7.48,0.0,42.0,2.5,1.4,1.0,1717,23,Midfielder,0.6923076923076923,0.2222222222222222,0.042316258351893,1.25,0.0857142857142857,0.32,0.112,73.45313231393352,76.43018931710616,66.19959562074166,50.76043454517085,67.13333625058816,True,False,England
693171,Ludovic Blas,9851,Rennes,FRA-Ligue 1,1.7,25.7,8.0,0.0,0.4,5.4,0.21,0.2,1.2,8.0,0.23,0.5,1.0,0.1,0.5,7.28,0.0,47.0,2.2,1.5,1.7,2302,29,Midfielder,0.625,0.25,0.0661478599221789,1.4166666666666667,0.1148936170212766,0.4545454545454545,0.0909090909090909,73.88262599469496,80.25198938992042,63.76657824933688,49.001989389920425,66.96805249534751,False,False,France
1156569,Sebastian Nanasi,9848,Strasbourg,FRA-Ligue 1,0.6,26.2,12.0,0.0,0.7,4.7,0.2,0.27,0.4,4.0,0.25,0.3,0.5,0.1,0.4,7.02,0.0,37.0,1.2,0.8,0.8,2122,31,Attacker,0.7333333333333334,0.2727272727272727,0.0229007633587786,2.0,0.127027027027027,0.4166666666666667,0.225,73.0106100795756,83.38196286472149,79.36007957559681,36.14721485411141,66.95751289233516,False,False,Sweden
292462,Mohamed Salah,8650,Liverpool,ENG-Premier League,0.6,22.7,9.0,0.0,0.4,3.6,0.21,0.36,0.5,6.0,0.23,0.2,0.8,0.1,0.8,7.09,0.0,41.0,2.9,0.3,0.7,1537,18,Attacker,0.5,0.4,0.026431718061674,1.4,0.0878048780487805,0.2758620689655172,0.1241379310344827,78.10457949758153,79.13659177198731,75.76924377177927,36.82647448899984,66.91177522442824,True,False,Egypt
298823,Mitchell Weiser,8697,SV Werder Bremen,GER-Bundesliga,1.1,28.3,10.0,0.0,1.7,5.4,0.17,0.17,0.9,8.0,0.16,0.7,0.5,0.1,0.4,7.24,0.0,42.0,1.3,1.9,1.1,2870,32,Midfielder,0.7428571428571429,0.2692307692307693,0.03886925795053,1.2222222222222223,0.1285714285714286,0.3846153846153846,0.1307692307692307,67.40716180371352,81.32625994694959,61.34615384615384,57.304376657824925,66.79653060505365,False,False,Germany
674014,David Brooks,8678,Bournemouth,ENG-Premier League,0.8,25.1,6.0,0.0,1.1,2.7,0.25,0.42,1.0,2.0,0.09,0.3,1.1,0.0,0.6,6.78,0.0,20.0,3.7,1.4,1.4,955,21,Attacker,0.6296296296296295,0.1764705882352941,0.0318725099601593,1.4,0.135,0.2972972972972973,0.1135135135135135,76.32064934727207,73.95220263171582,62.19518775680033,52.24275758048577,66.69216405409881,True,False,Wales
1251666,Ernest Poku,8178,Bayer 04 Leverkusen,GER-Bundesliga,0.4,28.1,3.0,0.0,0.7,3.3,0.26,0.22,0.2,4.0,0.4,0.5,0.6,0.0,0.2,6.93,0.0,21.0,1.8,0.9,1.3,1123,19,Attacker,0.875,0.3571428571428571,0.0142348754448398,6.5,0.1571428571428571,0.3333333333333333,0.1222222222222222,86.49264705882352,79.36029411764706,68.65441176470588,34.93014705882353,66.65024791740247,True,False,Netherlands
400625,Vincenzo Grifo,8358,Sport-Club Freiburg,GER-Bundesliga,3.6,36.1,8.0,0.0,1.3,3.0,0.26,0.4,0.6,1.0,0.51,0.5,0.5,0.1,0.3,6.87,0.0,28.0,1.6,0.4,0.7,1057,22,Attacker,0.6,0.5555555555555556,0.0997229916897507,1.1666666666666667,0.1071428571428571,0.3125,0.25,72.05458469860092,84.77748738752796,80.60497607531076,34.58927549799761,66.64190106110432,True,False,Italy
942368,Jérémy Doku,8456,Manchester City,ENG-Premier League,0.8,29.8,10.0,0.0,0.0,4.4,0.33,0.13,1.3,4.0,0.08,0.8,0.6,0.0,0.8,7.26,0.0,39.0,1.5,1.1,4.7,1187,20,Attacker,0.59375,0.4210526315789473,0.0268456375838926,3.615384615384616,0.1128205128205128,0.3999999999999999,0.0866666666666666,81.16799942788786,84.84826025901077,43.24398632131898,61.48102928173922,66.32936571335584,True,False,Belgium
1226147,Giuliano Simeone,9906,Atlético de Madrid,ESP-La Liga,0.5,31.6,6.0,0.0,0.5,3.4,0.19,0.21,1.0,5.0,0.11,0.8,0.5,0.1,0.6,7.2,0.0,21.0,1.7,1.8,1.4,1597,21,Midfielder,0.7222222222222222,0.3076923076923077,0.0158227848101265,1.4,0.1619047619047619,0.2941176470588235,0.1235294117647058,73.49303713527851,83.3737712591668,51.236360326624016,58.77211083372341,66.27657326551933,True,False,Argentina
906937,Anthony Gordon,10261,Newcastle United,ENG-Premier League,1.0,22.9,5.0,0.0,0.6,3.1,0.21,0.38,0.8,2.0,0.21,0.1,0.8,0.0,0.5,6.94,0.0,21.0,2.3,1.0,1.8,1315,20,Attacker,0.5789473684210527,0.0909090909090909,0.0436681222707423,2.25,0.1476190476190476,0.3478260869565218,0.1652173913043478,86.41506085192698,78.18645654548293,72.33521870286575,32.45516071149945,66.27563802795925,True,False,England
813055,Mousa Tamari,9851,Rennes,FRA-Ligue 1,0.5,21.0,4.0,0.0,0.3,2.9,0.19,0.19,0.9,3.0,0.2,0.5,1.0,0.1,1.0,6.93,0.0,21.0,2.3,1.2,1.3,1365,21,Midfielder,0.6538461538461539,0.2941176470588235,0.0238095238095238,1.4444444444444444,0.1380952380952381,0.4347826086956522,0.0826086956521739,79.58495865189578,67.45637644978416,57.609435949446095,58.602824153534094,66.2540094861598,True,False,Jordan
325916,Paulo Dybala,8686,Roma,ITA-Serie A,2.0,36.1,4.0,0.0,0.1,3.1,0.27,0.36,0.9,2.0,0.17,0.2,1.2,0.0,0.9,6.93,0.0,40.0,3.1,0.6,0.9,1056,17,Attacker,0.4705882352941176,0.25,0.0554016620498614,1.0,0.0775,0.3870967741935484,0.1161290322580645,71.72995657148802,75.06241223279763,71.77887215894316,45.4381923857076,66.2291477256947,True,False,Argentina
1444231,Matias Fernandez-Pardo,8639,Lille,FRA-Ligue 1,0.7,22.1,3.0,0.0,0.2,2.7,0.19,0.26,0.6,3.0,0.2,0.2,1.2,0.1,0.8,7.08,0.0,23.0,2.5,0.9,1.2,1320,17,Attacker,0.6470588235294118,0.1818181818181818,0.0316742081447963,2.0,0.117391304347826,0.48,0.104,78.29363005149008,68.31388152077807,72.22714802101211,44.11771207156602,66.12152819679706,True,False,Belgium
614834,Dani Olmo,8634,Barcelona,ESP-La Liga,1.7,47.3,7.0,0.0,1.0,4.1,0.31,0.41,1.0,6.0,0.45,0.6,1.2,0.0,0.6,7.6,0.0,36.0,3.7,1.9,0.4,1209,19,Midfielder,0.7142857142857143,0.24,0.0359408033826638,0.4,0.1138888888888888,0.3243243243243243,0.1108108108108108,55.08392494929007,84.41063348416289,78.20435455349248,51.81482420554429,66.08536500805191,True,False,Spain
605654,Fabián Ruiz,9847,Paris Saint-Germain,FRA-Ligue 1,3.4,67.6,9.0,0.0,1.2,5.1,0.24,0.19,0.3,5.0,0.19,0.7,0.6,0.1,0.4,7.38,0.0,36.0,2.0,1.7,0.7,1923,30,Midfielder,0.888888888888889,0.2916666666666667,0.0502958579881656,2.333333333333333,0.1416666666666666,0.3,0.095,68.9157824933687,86.5450928381963,52.87798408488064,57.987400530503976,65.96167419539798,False,False,Spain
823293,Aron Dønnum,9941,Toulouse,FRA-Ligue 1,3.2,28.2,6.0,0.0,0.6,4.9,0.26,0.23,1.2,3.0,0.16,1.1,0.6,0.1,0.5,7.41,0.0,43.0,1.5,1.7,1.1,1681,19,Midfielder,0.7,0.3928571428571429,0.1134751773049645,0.9166666666666669,0.113953488372093,0.3999999999999999,0.1533333333333333,66.01917225776252,83.26081812035159,54.990787694388096,61.72858480262132,65.94485841929236,True,False,Norway
1180718,Mohamed-Ali Cho,9831,Nice,FRA-Ligue 1,0.5,19.1,6.0,0.0,0.5,2.2,0.2,0.19,0.6,2.0,0.36,0.3,0.6,0.2,0.6,6.83,0.0,16.0,1.5,0.7,1.2,988,14,Attacker,0.625,0.3,0.0261780104712041,2.0,0.1375,0.3999999999999999,0.1266666666666666,78.00844515525043,76.6629479377958,68.42019035731003,40.54710823321371,65.94424678925498,True,False,France
1327150,Arijon Ibrahimovic,94937,1. FC Heidenheim 1846,GER-Bundesliga,1.8,25.3,6.0,0.0,1.0,4.0,0.22,0.23,0.5,2.0,0.0,0.8,0.8,0.2,0.5,6.88,0.0,41.0,2.0,1.3,0.8,1602,22,Midfielder,0.8076923076923077,0.3809523809523809,0.0711462450592885,1.6,0.0975609756097561,0.4,0.115,73.41544117647058,78.125,52.80882352941176,59.40808823529412,65.82327248199334,True,False,Germany
678234,Mikel Oyarzabal,8560,Real Sociedad,ESP-La Liga,0.5,16.9,9.0,0.0,0.9,2.7,0.13,0.53,0.7,3.0,0.5,0.1,1.3,0.1,0.8,7.38,0.0,30.0,3.0,0.9,1.1,1804,21,Attacker,0.5882352941176471,0.1,0.029585798816568,1.5714285714285716,0.09,0.4333333333333333,0.1766666666666666,73.39255994174859,61.61746502314454,89.4222642637957,41.11585920840485,65.7332124675047,True,False,Spain
1074968,Jamie Leweling,10269,VfB Stuttgart,GER-Bundesliga,0.5,20.5,5.0,0.0,0.9,3.4,0.2,0.15,0.7,6.0,0.29,0.7,0.8,0.1,0.7,7.17,0.0,29.0,2.0,0.8,1.2,1575,21,Attacker,0.6818181818181818,0.4666666666666666,0.024390243902439,1.7142857142857144,0.1172413793103448,0.4,0.075,76.82872392989026,78.3314739688979,52.15512690487336,55.55181515577053,65.67575334040272,True,False,Germany
806552,Cody Gakpo,8650,Liverpool,ENG-Premier League,0.7,22.7,8.0,0.0,0.8,4.1,0.21,0.27,1.3,3.0,0.26,0.4,0.6,0.1,0.6,7.28,0.0,38.0,2.8,0.8,1.3,1747,24,Attacker,0.4800000000000001,0.3333333333333333,0.0308370044052863,1.0,0.1078947368421052,0.2142857142857143,0.0964285714285714,73.81771077131117,79.3446455505279,64.61088573360378,44.27962630675612,65.63640574240577,True,False,Netherlands
1331097,Pablo Pagis,8689,Lorient,FRA-Ligue 1,2.3,24.8,2.0,0.0,1.3,1.6,0.12,0.42,1.2,0.0,0.56,1.0,1.0,0.2,0.8,7.08,0.0,18.0,2.9,1.3,1.0,1130,19,Midfielder,0.6571428571428571,0.4347826086956522,0.0927419354838709,0.8333333333333334,0.0888888888888888,0.3448275862068966,0.1448275862068965,67.97426470588235,48.88970588235294,81.77941176470588,67.71691176470588,65.51008094228054,True,False,France
690107,Alexander Isak,10261,Newcastle United,ENG-Premier League,0.5,16.5,11.0,0.0,0.6,3.6,0.12,0.66,0.9,6.0,0.75,0.1,1.5,0.1,0.6,7.4,0.0,42.0,3.2,0.4,1.4,2769,34,Attacker,0.3571428571428571,0.2,0.0303030303030303,1.5555555555555554,0.0857142857142857,0.46875,0.20625,81.98607427055703,64.38992042440319,95.56366047745357,29.69164456233422,65.45254596434718,False,False,Sweden
179515,Téji Savanier,10249,Montpellier,FRA-Ligue 1,7.2,38.1,16.0,0.0,0.8,7.7,0.3,0.16,0.8,5.0,0.08,0.6,0.7,0.0,0.7,7.04,0.0,70.0,1.8,1.2,1.1,2339,31,Midfielder,0.6923076923076923,0.3333333333333333,0.1889763779527559,1.375,0.11,0.3888888888888888,0.0888888888888888,69.2871352785146,87.42042440318305,49.379973474801055,59.293766578249326,65.40162365858069,False,False,France
940608,Juan Cruz,7854,Leganés,ESP-La Liga,0.7,16.5,10.0,0.0,1.0,3.7,0.15,0.1,0.6,4.0,0.2,0.5,0.6,0.1,0.5,6.88,0.0,25.0,1.3,1.3,1.6,2265,34,Midfielder,0.75,0.2777777777777778,0.0424242424242424,2.666666666666667,0.148,0.4615384615384615,0.0769230769230769,78.36870026525197,77.12201591511936,53.007294429708224,52.4104774535809,65.31379506054431,False,False,Spain
843040,Pedro Neto,8455,Chelsea,ENG-Premier League,1.2,26.9,9.0,0.0,0.5,5.0,0.23,0.19,0.3,3.0,0.23,0.3,0.5,0.0,0.5,7.12,0.0,39.0,1.7,0.7,1.5,1991,26,Attacker,0.7692307692307692,0.3,0.0446096654275092,5.0,0.1282051282051282,0.2941176470588235,0.1117647058823529,82.10309070577833,84.83774119727467,52.43823789462735,43.56501924377178,65.19206389792154,True,False,Portugal
818975,Eberechi Eze,9825,Arsenal,ENG-Premier League,0.5,26.9,3.0,0.0,0.6,1.7,0.13,0.21,0.9,2.0,0.31,0.5,0.9,0.1,0.5,6.9,0.0,9.0,2.6,1.0,1.6,1157,22,Midfielder,0.625,0.3333333333333333,0.0185873605947955,1.777777777777778,0.1888888888888888,0.3461538461538461,0.0807692307692307,85.6302920372393,64.21485411140584,61.50595516721277,47.32127346960005,65.1534892683165,True,False,England
696365,Marcus Rashford,8634,Barcelona,ESP-La Liga,0.9,33.5,5.0,0.0,0.9,3.5,0.25,0.41,0.4,6.0,0.29,0.1,1.5,0.1,0.6,7.27,0.0,33.0,4.5,0.5,1.4,1250,21,Attacker,0.6,0.1666666666666666,0.026865671641791,3.5,0.106060606060606,0.3333333333333333,0.0911111111111111,78.84496411296614,79.26964685078275,71.45581734019868,33.93487673584023,65.08000412747059,True,False,England
1203665,Alejandro Garnacho,10260,Manchester United,ENG-Premier League,0.7,25.6,4.0,0.0,0.4,2.8,0.11,0.3,0.5,2.0,0.25,0.5,1.2,0.0,0.9,6.72,0.0,37.0,3.4,1.2,1.1,2195,36,Attacker,0.7727272727272726,0.2941176470588235,0.0273437499999999,2.2,0.0756756756756756,0.3529411764705882,0.088235294117647,79.9104774535809,50.948275862068975,62.8183023872679,67.03249336870026,64.91455948575764,False,False,Argentina
1073498,Patrick Wimmer,8721,VfL Wolfsburg,GER-Bundesliga,0.8,18.4,2.0,0.0,1.2,0.9,0.07,0.15,1.5,3.0,0.23,1.4,0.5,0.0,0.8,6.79,0.0,7.0,1.2,2.3,1.9,1166,17,Attacker,0.7115384615384616,0.3783783783783784,0.0434782608695652,1.2666666666666666,0.1285714285714286,0.4166666666666667,0.125,69.81187912830914,52.46079731627399,59.231776928277945,85.05470172153741,64.89569317992435,True,False,Austria
921341,Alexis Saelemaekers,8564,Milan,ITA-Serie A,0.9,36.9,4.0,0.0,0.9,3.3,0.16,0.1,0.7,3.0,0.1,0.9,0.3,0.1,0.7,7.51,0.0,30.0,1.4,2.4,1.8,1874,23,Midfielder,0.825,0.2727272727272727,0.024390243902439,2.571428571428572,0.11,0.2142857142857143,0.0714285714285714,78.0553518489624,66.90296198054818,44.495078535392935,75.35027565402818,64.8003132997363,True,False,Belgium
888912,Mikkel Damsgaard,9937,Brentford,ENG-Premier League,1.4,28.0,9.0,0.0,0.7,3.7,0.25,0.08,0.8,3.0,0.07,1.1,0.4,0.2,1.1,6.89,0.0,29.0,1.0,2.5,0.8,1303,22,Midfielder,0.8181818181818181,0.3055555555555556,0.0499999999999999,1.0,0.1275862068965517,0.4,0.08,65.27536797212254,86.13834711603475,37.13704035991054,89.9420086336922,64.78407630655916,True,False,Denmark
1067260,Jakub Kaminski,8722,1. FC Köln,GER-Bundesliga,0.7,23.7,7.0,0.0,1.1,3.2,0.15,0.17,0.4,1.0,0.23,0.6,0.6,0.3,0.5,7.07,0.0,29.0,1.8,1.7,0.6,1961,22,Midfielder,0.8518518518518519,0.2608695652173913,0.0295358649789029,1.4999999999999998,0.1103448275862069,0.3333333333333333,0.0944444444444444,66.37132352941175,75.71323529411765,55.98897058823529,61.1360294117647,64.66542869496513,True,False,Poland
521148,Jacob Murphy,10261,Newcastle United,ENG-Premier League,1.2,20.3,9.0,0.0,0.8,2.4,0.2,0.24,0.2,1.0,0.16,0.2,0.8,0.1,0.3,6.68,0.0,18.0,2.8,0.7,1.2,1091,21,Attacker,0.8181818181818182,0.2222222222222222,0.0591133004926108,5.999999999999999,0.1333333333333333,0.2857142857142857,0.0857142857142857,84.31701513496644,83.33822229156915,58.49516305195818,35.52200031206116,64.5453703325873,True,False,England
1314412,Romulo Cruz,178475,RB Leipzig,GER-Bundesliga,0.5,17.8,4.0,0.0,1.5,1.7,0.11,0.53,0.5,3.0,0.4,0.3,1.0,0.2,0.6,7.2,0.0,17.0,2.3,1.1,0.5,1350,18,Attacker,0.736842105263158,0.2142857142857142,0.0280898876404494,1.0,0.0999999999999999,0.4347826086956522,0.2304347826086956,66.93382352941177,55.18382352941177,91.11029411764706,48.30514705882353,64.54122160074357,True,False,Brazil
1250253,Dango Ouattara,9937,Brentford,ENG-Premier League,0.6,11.3,5.0,0.0,2.3,1.4,0.09,0.31,1.4,1.0,0.33,1.1,0.7,0.0,0.3,6.9,0.0,12.0,2.0,0.9,1.0,1371,20,Attacker,0.5882352941176471,0.55,0.0530973451327433,0.7142857142857143,0.1166666666666666,0.35,0.155,70.78727830654809,59.18046237062464,75.36655484474956,51.24569615644666,64.45510171672314,True,False,Burkina Faso
895362,Rodrygo,8633,Real Madrid,ESP-La Liga,0.6,41.8,5.0,0.0,0.3,4.2,0.19,0.19,0.4,5.0,0.28,0.5,0.9,0.0,0.4,7.36,0.0,49.0,2.5,1.0,2.3,1937,30,Attacker,0.7894736842105263,0.3333333333333333,0.0143540669856459,5.749999999999999,0.0857142857142857,0.36,0.076,88.89588859416445,66.12068965517241,56.31299734748011,45.2685676392573,64.35174943443853,False,False,Brazil
1026135,Tajon Buchanan,10205,Villarreal,ESP-La Liga,0.6,19.5,4.0,0.0,1.0,1.8,0.12,0.11,0.9,1.0,0.34,1.2,0.5,0.1,0.6,6.96,0.0,14.0,1.4,1.6,1.3,1343,22,Midfielder,0.7567567567567568,0.4285714285714286,0.0307692307692307,1.4444444444444444,0.1285714285714286,0.3571428571428571,0.0785714285714285,72.85294117647058,61.94117647058823,53.32352941176471,70.66544117647058,64.31320102447856,True,False,Canada
1185336,Chico Conceicao,9885,Juventus,ITA-Serie A,0.5,33.1,1.0,0.0,0.2,2.1,0.17,0.32,1.6,1.0,0.16,0.4,1.0,0.0,1.0,6.96,0.0,14.0,2.8,1.5,2.2,1122,18,Midfielder,0.5428571428571428,0.2105263157894737,0.0151057401812688,1.375,0.15,0.3571428571428571,0.1142857142857143,75.66922166744682,69.3101237842617,58.70299578717428,51.41841550943985,64.30781487109793,True,False,Portugal
844437,Amine Gouiri,8592,Marseille,FRA-Ligue 1,0.0,23.0,7.0,0.0,0.0,3.3,0.14,0.51,1.3,5.0,0.56,0.1,1.8,0.0,1.0,7.01,0.0,34.0,3.5,0.0,1.1,2088,33,Attacker,0.0714285714285714,1.0,0.0,0.8461538461538461,0.0970588235294117,0.5142857142857143,0.1457142857142857,67.29442970822281,65.58355437665783,90.98474801061008,37.97413793103448,64.30314383638874,False,False,Algeria
1310270,Kamory Doumbia,8521,Brest,FRA-Ligue 1,1.6,27.4,7.0,0.0,0.3,1.9,0.14,0.26,1.7,2.0,0.37,0.7,0.7,0.0,1.4,7.12,0.0,15.0,2.2,3.0,0.7,1206,16,Midfielder,0.6851851851851851,0.1891891891891891,0.0583941605839416,0.4117647058823529,0.1266666666666666,0.3181818181818181,0.1181818181818181,52.49178238934832,62.10875331564987,68.42060643886201,84.13566859104384,64.28480912714765,True,False,Mali
1197030,Hugo Ekitike,8650,Liverpool,ENG-Premier League,0.1,15.2,2.0,0.0,1.4,2.0,0.12,0.51,1.7,2.0,0.59,0.1,1.0,0.1,0.7,7.03,0.0,16.0,3.4,0.5,1.8,1520,23,Attacker,0.2608695652173913,0.1666666666666666,0.006578947368421,1.0588235294117647,0.125,0.2941176470588235,0.15,77.4077079107505,65.77987985645187,84.44636448743954,33.50444037031258,64.24276791689482,True,False,France
887704,Keito Nakamura,9837,Reims,FRA-Ligue 1,0.9,18.6,5.0,0.0,0.6,3.4,0.11,0.31,1.0,2.0,0.37,0.4,1.1,0.0,0.8,6.92,0.0,25.0,2.8,0.8,1.0,2661,32,Attacker,0.5454545454545455,0.3333333333333333,0.0483870967741935,1.0,0.136,0.3928571428571429,0.1107142857142857,66.92639257294431,65.66976127320956,74.07824933687003,48.88262599469497,64.16144962605259,False,False,Japan
848844,Rafael Leao,8564,Milan,ITA-Serie A,0.7,22.8,6.0,0.0,0.5,1.9,0.14,0.43,1.1,2.0,0.61,0.2,1.4,0.0,0.5,7.15,0.0,10.0,2.7,0.3,1.0,1172,18,Attacker,0.3125,0.4,0.0307017543859649,0.9090909090909092,0.19,0.5185185185185185,0.1592592592592592,77.05864149373276,74.3313049357674,85.98037915431424,27.86814115566651,64.04139494337913,True,False,Portugal
1073742,Julio Enciso,9848,Strasbourg,FRA-Ligue 1,0.5,27.6,2.0,0.0,0.6,2.4,0.21,0.32,0.7,2.0,0.09,0.2,1.0,0.0,0.9,6.92,0.0,12.0,2.8,1.0,2.6,1057,15,Midfielder,0.631578947368421,0.1666666666666666,0.0181159420289855,3.714285714285715,0.1999999999999999,0.3571428571428571,0.1142857142857143,90.18558537473346,59.36158787122276,57.76469938107869,47.85572372184947,64.02062697093379,True,False,Paraguay
312765,Jack Grealish,8668,Everton,ENG-Premier League,1.0,26.6,5.0,0.0,0.6,3.6,0.2,0.12,0.7,6.0,0.11,0.7,0.4,0.3,0.9,7.21,0.0,38.0,1.4,1.2,1.3,1631,20,Attacker,0.7307692307692308,0.3684210526315789,0.037593984962406,1.8571428571428568,0.0947368421052631,0.2857142857142857,0.0857142857142857,77.12132352941177,74.21323529411765,42.57720588235294,66.47058823529412,63.913540686286325,True,False,England
1219540,Fisnik Asllani,8226,TSG 1899 Hoffenheim,GER-Bundesliga,0.3,16.9,6.0,0.0,0.9,2.7,0.17,0.36,0.9,4.0,0.44,0.3,1.1,0.0,1.1,7.17,0.0,24.0,2.9,0.6,0.6,1433,21,Attacker,0.5,0.3333333333333333,0.0177514792899408,0.6666666666666666,0.1125,0.3793103448275862,0.1241379310344827,58.8125,74.69117647058823,78.08455882352942,45.6875,63.71753795858167,True,False,Kosovo
884919,Robin Hack,9788,Borussia Mönchengladbach,GER-Bundesliga,1.4,26.5,10.0,0.0,0.8,3.8,0.16,0.22,0.8,7.0,0.16,0.4,1.0,0.1,0.7,6.91,0.0,33.0,2.4,0.9,1.0,2188,33,Attacker,0.6190476190476191,0.3076923076923077,0.0528301886792452,1.25,0.1151515151515151,0.4166666666666667,0.0916666666666666,69.23076923076923,75.03315649867375,60.08289124668435,48.849469496021214,63.586178878027845,False,False,Germany
1002618,Ander Barrenetxea,8560,Real Sociedad,ESP-La Liga,1.7,28.2,8.0,0.0,0.7,3.0,0.25,0.16,1.8,3.0,0.25,0.8,0.6,0.2,0.7,7.02,0.0,29.0,1.7,0.9,2.9,1099,19,Attacker,0.4857142857142857,0.4705882352941176,0.0602836879432624,1.611111111111111,0.1034482758620689,0.3529411764705882,0.0941176470588235,68.64194882196911,75.95692255682114,50.86026161127581,58.99910932542778,63.36981805952584,True,False,Spain
1044470,Hákon Arnar Haraldsson,8639,Lille,FRA-Ligue 1,1.1,38.6,3.0,0.0,0.4,3.5,0.21,0.28,1.2,1.0,0.29,0.4,0.4,0.0,0.9,7.12,0.0,33.0,1.9,0.9,0.8,1526,20,Midfielder,0.52,0.3076923076923077,0.0284974093264248,0.6666666666666667,0.106060606060606,0.2105263157894737,0.1473684210526316,63.40692775784053,70.35065272793467,65.04297342279087,53.28718728870857,63.25322922713914,True,False,Iceland
933576,Antoine Semenyo,8456,Manchester City,ENG-Premier League,0.0,19.2,5.0,0.0,0.9,2.2,0.09,0.33,1.9,4.0,0.52,0.4,1.3,0.0,0.7,7.38,0.0,29.0,2.4,1.3,1.4,2247,25,Attacker,0.4722222222222222,0.2352941176470588,0.0,0.7368421052631579,0.0758620689655172,0.5416666666666667,0.1375,66.27358012170386,57.89483538773599,77.61154886357727,50.88696234461954,63.22152659726056,True,False,Ghana
445856,Wesley Said,8588,Lens,FRA-Ligue 1,1.3,25.4,8.0,0.0,0.9,3.2,0.19,0.44,1.7,2.0,0.58,0.5,1.2,0.0,0.5,7.32,0.0,20.0,2.4,0.9,1.2,1546,22,Midfielder,0.4516129032258065,0.3571428571428571,0.0511811023622047,0.7058823529411765,0.16,0.5,0.1833333333333333,59.200284755812135,70.44319186560567,89.01738440734384,39.47158293025433,63.13679196265014,True,False,France
479020,Ayoze Pérez,10205,Villarreal,ESP-La Liga,0.5,14.0,5.0,0.0,0.5,1.9,0.09,0.58,1.0,2.0,0.86,0.4,1.4,0.0,0.5,7.36,0.0,32.0,3.4,1.2,1.5,1977,30,Attacker,0.6153846153846154,0.25,0.0357142857142857,1.5,0.059375,0.4117647058823529,0.1705882352941176,81.51193633952255,44.17771883289125,90.87533156498677,42.40053050397878,63.0598516766031,False,False,Spain
1117069,Georges Mikautadze,10205,Villarreal,ESP-La Liga,0.7,11.4,6.0,0.0,0.3,1.9,0.14,0.44,0.7,4.0,0.61,0.2,1.5,0.1,0.2,7.05,0.0,14.0,2.7,0.1,1.2,1181,19,Attacker,0.3,0.6666666666666666,0.0614035087719298,1.7142857142857144,0.1357142857142857,0.5555555555555555,0.1629629629629629,84.57179357154003,73.78355957767722,92.97935195298278,20.506221719457013,63.042194366945246,True,False,Georgia
1169596,Raul Moro,10281,Real Valladolid,ESP-La Liga,1.5,17.1,8.0,0.0,0.7,5.5,0.21,0.16,0.2,5.0,0.15,0.4,0.6,0.0,0.3,6.94,0.0,44.0,1.8,0.8,2.2,2346,33,Attacker,0.8571428571428572,0.3333333333333333,0.087719298245614,11.0,0.125,0.3333333333333333,0.0888888888888888,88.03050397877985,82.42705570291777,48.932360742705576,37.05901856763926,62.89052616256186,False,False,Spain
1248482,Antonio Nusa,178475,RB Leipzig,GER-Bundesliga,0.8,21.6,6.0,0.0,0.4,4.2,0.27,0.25,0.6,2.0,0.13,0.3,0.8,0.0,0.3,7.33,0.0,24.0,3.2,1.2,3.3,1377,19,Attacker,0.7142857142857143,0.1999999999999999,0.037037037037037,5.5,0.175,0.25,0.078125,88.02738986841422,81.45087637176886,43.94969964112966,42.97667992926614,62.8774380488623,True,False,Norway
875672,Hamed Traorè,8583,Auxerre,FRA-Ligue 1,1.0,19.4,4.0,0.0,0.5,2.8,0.12,0.33,1.3,2.0,0.43,0.3,1.2,0.0,0.4,7.12,0.0,27.0,2.9,1.8,1.5,2106,26,Midfielder,0.6176470588235293,0.1428571428571428,0.0515463917525773,1.1538461538461535,0.1037037037037037,0.4137931034482758,0.1137931034482758,72.99071618037135,58.46816976127322,77.8050397877984,41.9761273209549,62.81488489363355,False,False,Ivory Coast
1367047,Afonso Moreira,9748,Lyon,FRA-Ligue 1,0.6,22.5,7.0,0.0,0.8,3.8,0.34,0.12,1.3,6.0,0.18,0.8,0.7,0.0,0.6,7.11,0.0,21.0,2.1,1.9,1.2,1002,19,Attacker,0.675,0.2962962962962963,0.0266666666666666,0.923076923076923,0.1809523809523809,0.3333333333333333,0.0571428571428571,63.084558823529406,89.34558823529412,42.45588235294117,65.28308823529412,62.76099282143913,True,False,Portugal
1342754,Diego Moreira,9848,Strasbourg,FRA-Ligue 1,1.5,34.3,10.0,0.0,1.2,3.3,0.18,0.08,0.8,3.0,0.11,0.9,0.4,0.2,0.5,7.09,0.0,28.0,1.1,2.1,1.3,1660,21,Midfielder,0.7894736842105263,0.3,0.0437317784256559,1.625,0.1178571428571428,0.3636363636363636,0.0727272727272727,73.31804233629792,84.3578951474489,38.14910022364384,63.6947651739741,62.70273937288111,True,False,Belgium
789630,Marcus Tavernier,8678,Bournemouth,ENG-Premier League,1.1,30.2,3.0,0.0,1.5,2.5,0.13,0.26,1.0,3.0,0.25,0.6,0.7,0.1,0.8,7.11,0.0,28.0,2.2,1.4,0.9,1765,22,Midfielder,0.6666666666666666,0.3,0.0364238410596026,0.9,0.0892857142857142,0.3181818181818181,0.1181818181818181,64.83192255682114,62.01950382274927,61.04627607010974,61.96725958287824,62.59159147524018,True,False,England
1071186,Angelo Stiller,10269,VfB Stuttgart,GER-Bundesliga,2.4,67.5,6.0,0.0,1.4,4.9,0.26,0.11,0.6,5.0,0.05,1.0,0.2,0.2,0.7,7.32,0.0,36.0,0.4,1.4,0.5,1703,22,Midfielder,0.7999999999999999,0.4166666666666667,0.0355555555555555,0.8333333333333334,0.1361111111111111,0.5,0.2749999999999999,52.65844905601497,89.9316195974411,49.32169605242628,69.34735658189005,62.572571848806014,True,False,Germany
670009,Dimitrios Giannoulis,8406,FC Augsburg,GER-Bundesliga,1.4,22.6,4.0,0.0,3.1,2.5,0.2,0.07,0.9,3.0,0.16,1.1,0.3,0.5,0.6,7.13,0.0,20.0,0.5,1.3,1.0,1149,17,Midfielder,0.7272727272727273,0.4583333333333333,0.0619469026548672,1.1111111111111112,0.125,0.6,0.14,63.01116268788683,76.24045612940137,50.22195350288657,63.59344281479171,62.55722671777305,True,False,Greece
1021382,Joao Pedro,8455,Chelsea,ENG-Premier League,0.5,19.1,5.0,0.0,1.1,1.7,0.08,0.42,1.2,4.0,0.47,0.2,0.9,0.2,0.5,7.21,0.0,24.0,2.1,0.9,1.2,1900,26,Attacker,0.4782608695652174,0.1818181818181818,0.0261780104712041,1.0,0.0708333333333333,0.4285714285714285,0.1999999999999999,73.38899724345971,54.98559317626255,88.34257164404222,37.56503224632028,62.55337942677705,True,False,Brazil
1032811,Federico Vinas,8670,Real Oviedo,ESP-La Liga,0.6,13.8,4.0,0.0,0.6,1.6,0.11,0.29,2.0,1.0,0.21,0.5,0.7,0.1,0.4,6.83,0.0,17.0,1.7,2.3,1.8,1277,19,Attacker,0.5833333333333334,0.1785714285714285,0.0434782608695652,0.9,0.0941176470588235,0.4117647058823529,0.1705882352941176,69.375,53.94852941176471,76.66176470588236,49.87132352941176,62.527445072812434,True,False,Uruguay
886016,Kiernan Dewsbury-Hall,8668,Everton,ENG-Premier League,1.0,29.6,6.0,0.0,1.3,3.3,0.19,0.13,1.2,2.0,0.29,0.5,0.4,0.0,0.7,7.16,0.0,23.0,1.3,1.7,0.9,1565,19,Midfielder,0.6470588235294118,0.2272727272727272,0.0337837837837837,0.75,0.1434782608695652,0.3076923076923077,0.1,57.05514705882353,81.6470588235294,55.53308823529412,59.47426470588235,62.49961723310331,True,False,England
1126058,Malik Tillman,8178,Bayer 04 Leverkusen,GER-Bundesliga,0.7,36.6,6.0,0.0,0.8,2.1,0.15,0.19,0.9,0.0,0.29,0.9,0.4,0.3,0.8,7.28,0.0,22.0,1.7,2.0,0.6,1248,17,Midfielder,0.7631578947368421,0.3103448275862069,0.0191256830601092,0.6666666666666666,0.0954545454545454,0.2352941176470588,0.1117647058823529,54.28308823529412,67.27205882352942,56.93014705882353,79.08088235294116,62.489625459838045,True,False,USA
862608,Kaoru Mitoma,10204,Brighton and Hove Albion,ENG-Premier League,0.5,23.2,3.0,0.0,0.7,2.0,0.15,0.17,1.1,1.0,0.15,0.5,0.5,0.0,0.4,6.81,0.0,22.0,1.1,0.8,1.5,1188,16,Attacker,0.5416666666666666,0.3846153846153846,0.021551724137931,1.3636363636363635,0.0909090909090909,0.4545454545454545,0.1545454545454545,74.97190799396681,63.47468403807147,73.00644276278149,38.20581083892443,62.42892939663909,True,False,Japan
940976,Kang-In Lee,9847,Paris Saint-Germain,FRA-Ligue 1,3.6,56.0,8.0,0.0,0.5,3.3,0.31,0.16,1.3,2.0,0.19,0.2,1.0,0.1,0.7,7.19,0.0,32.0,2.8,1.1,1.3,949,17,Midfielder,0.5,0.1538461538461538,0.0642857142857143,1.0,0.103125,0.3571428571428571,0.0571428571428571,69.50851016799292,84.8079393561138,52.013308108389246,45.32714412024757,62.37647266997249,True,False,South Korea
1134206,Mohamed Amoura,8721,VfL Wolfsburg,GER-Bundesliga,0.8,16.0,5.0,0.0,0.8,1.5,0.1,0.5,1.0,2.0,0.56,0.3,1.0,0.1,0.6,7.03,0.0,21.0,3.2,1.9,0.6,1292,19,Attacker,0.6875,0.1363636363636363,0.05,0.6,0.0714285714285714,0.3125,0.15625,63.16610105580693,54.28993082644198,79.3867738076663,53.499577417173775,62.29198235341518,True,False,Algeria
1342757,Joao Neves,9847,Paris Saint-Germain,FRA-Ligue 1,2.3,64.0,2.0,0.0,0.2,1.4,0.13,0.22,1.1,1.0,0.46,0.5,0.6,0.5,0.7,7.49,0.0,9.0,1.9,2.0,0.6,977,13,Midfielder,0.6944444444444444,0.2,0.0359375,0.5454545454545454,0.1555555555555555,0.3157894736842105,0.1157894736842105,53.771545222863686,63.95423102928174,64.68243225672231,70.75457039579757,62.12702544391856,True,False,Portugal
1395447,Nathaniel Brown,9810,Eintracht Frankfurt,GER-Bundesliga,1.1,30.0,6.0,0.0,1.4,2.1,0.12,0.12,0.9,4.0,0.17,1.0,0.4,0.1,0.4,7.13,0.0,20.0,0.7,2.9,0.6,1622,21,Midfielder,0.8125,0.2564102564102564,0.0366666666666666,0.6666666666666666,0.105,0.5714285714285715,0.1714285714285714,49.72964451032402,70.36239402922973,65.01551204035991,69.55120403599106,62.02045323476689,True,False,Germany
947901,Jonathan Burkardt,9905,1. FSV Mainz 05,GER-Bundesliga,0.8,15.5,4.0,0.0,0.6,2.7,0.11,0.63,1.0,2.0,0.76,0.0,1.3,0.0,1.0,7.21,0.0,20.0,3.1,0.6,0.7,2120,29,Attacker,0.3749999999999999,0.0,0.0516129032258064,0.7,0.135,0.4193548387096774,0.2032258064516129,60.01657824933687,60.73607427055703,92.91445623342176,40.25198938992042,61.989957847124735,False,False,Germany
1175708,Ansgar Knauff,9810,Eintracht Frankfurt,GER-Bundesliga,0.1,15.9,4.0,0.0,0.6,1.4,0.13,0.3,1.8,1.0,0.36,0.6,1.2,0.0,0.6,6.72,0.0,16.0,2.3,0.9,0.8,1004,20,Attacker,0.4545454545454546,0.3999999999999999,0.0062893081761006,0.4444444444444445,0.0875,0.5217391304347826,0.1304347826086956,55.4696195454309,63.62960940344308,79.20989363915328,51.63150127424975,61.85989501628183,True,False,Germany
318615,Leandro Trossard,9825,Arsenal,ENG-Premier League,1.5,25.8,4.0,0.0,0.7,2.5,0.15,0.26,0.7,5.0,0.3,0.4,0.6,0.1,0.4,7.16,0.0,28.0,2.2,1.2,0.8,1523,23,Attacker,0.6956521739130436,0.25,0.0581395348837209,1.142857142857143,0.0892857142857142,0.2727272727272727,0.1181818181818181,70.99961642481928,67.05467571644043,63.61500754147813,43.51425729442971,61.744784356512376,True,False,Belgium
650616,Mathias Jensen,9937,Brentford,ENG-Premier League,2.8,33.7,6.0,0.0,1.3,3.3,0.25,0.14,0.9,1.0,0.15,0.4,0.3,0.1,0.5,6.66,0.0,17.0,1.3,1.7,1.0,1206,24,Midfielder,0.7000000000000001,0.1904761904761904,0.0830860534124628,1.1111111111111112,0.1941176470588235,0.2307692307692307,0.1076923076923077,67.62132352941177,83.61764705882352,46.90441176470589,51.275735294117645,61.572301672158034,True,False,Denmark
467486,Moses Simon,6379,Paris FC,FRA-Ligue 1,0.3,16.6,4.0,0.0,0.5,2.5,0.17,0.15,0.6,2.0,0.21,0.6,0.5,0.1,0.6,6.53,0.0,15.0,1.7,0.6,1.0,1309,19,Attacker,0.6666666666666667,0.5,0.0180722891566265,1.6666666666666667,0.1666666666666666,0.2941176470588235,0.088235294117647,73.94852941176471,72.875,51.20955882352941,46.54779411764706,61.269041186256224,True,False,Nigeria
1624586,Bazoumana Touré,8226,TSG 1899 Hoffenheim,GER-Bundesliga,0.7,19.4,6.0,0.0,0.7,2.4,0.16,0.16,1.7,5.0,0.13,0.3,0.5,0.1,0.9,7.19,0.0,25.0,1.5,1.3,2.1,1352,18,Attacker,0.4848484848484849,0.1874999999999999,0.0360824742268041,1.2352941176470589,0.096,0.3333333333333333,0.1066666666666666,70.35661764705881,69.94852941176471,52.38970588235294,51.16544117647059,61.23404762885315,True,False,Ivory Coast
1215652,Omari Hutchinson,10203,Nottingham Forest,ENG-Premier League,0.5,25.0,6.0,0.0,0.4,3.0,0.26,0.14,1.4,3.0,0.09,0.5,0.6,0.0,0.7,6.77,0.0,25.0,1.7,1.4,2.4,1033,20,Attacker,0.5757575757575758,0.2631578947368421,0.02,1.7142857142857144,0.12,0.3529411764705882,0.0823529411764706,74.82074036511156,71.88248296666147,45.298109429448175,53.752893067041136,61.159335171472144,True,False,England
793066,David Neres,9875,Napoli,ITA-Serie A,0.4,26.3,9.0,0.0,0.2,3.2,0.31,0.15,1.8,3.0,0.29,0.1,0.4,0.3,0.8,6.88,0.0,21.0,1.7,1.0,1.8,925,16,Attacker,0.3793103448275862,0.0909090909090909,0.0152091254752851,1.0,0.1523809523809524,0.2352941176470588,0.088235294117647,71.81202215634265,83.83045977011496,49.53244785978052,41.97573074322567,61.09866340514368,True,False,Brazil
534670,Martin Ødegaard,9825,Arsenal,ENG-Premier League,2.6,45.0,4.0,0.0,0.5,2.9,0.25,0.09,0.6,4.0,0.08,0.6,0.6,0.0,1.1,6.98,0.0,29.0,1.7,1.4,0.8,1065,19,Midfielder,0.7692307692307692,0.3,0.0577777777777777,1.3333333333333337,0.0999999999999999,0.3529411764705882,0.0529411764705882,67.69540880012482,77.7792167264784,41.0435000260051,63.37836115878712,61.03556287498542,True,False,Norway
970692,Bryan Gil,7732,Girona,ESP-La Liga,0.4,22.6,6.0,0.0,0.6,2.3,0.17,0.13,1.0,3.0,0.0,0.6,0.4,0.0,0.4,6.58,0.0,17.0,1.5,1.9,1.7,1209,21,Attacker,0.7142857142857143,0.24,0.0176991150442477,1.7,0.1352941176470588,0.2666666666666666,0.0866666666666666,76.59757762521454,73.01347064024549,39.979475477193525,58.21440552348261,60.89485843551066,True,False,Spain
1102708,Germán Valera,10268,Elche,ESP-La Liga,0.8,33.8,6.0,0.0,1.1,3.2,0.16,0.11,1.3,3.0,0.2,0.5,0.3,0.3,0.5,7.15,0.0,27.0,0.9,1.9,1.1,1802,23,Midfielder,0.6486486486486486,0.2083333333333333,0.0236686390532544,0.8461538461538461,0.1185185185185185,0.3333333333333333,0.1222222222222222,59.30882352941177,76.63970588235294,55.0625,53.75367647058824,60.861810319160526,True,False,Spain
850354,Bruno Guimaraes,10261,Newcastle United,ENG-Premier League,2.9,45.4,5.0,0.0,1.3,3.6,0.16,0.22,1.5,4.0,0.4,0.5,0.8,0.0,0.7,7.63,0.0,38.0,1.4,2.2,0.6,2018,23,Midfielder,0.6428571428571429,0.1851851851851851,0.0638766519823788,0.3999999999999999,0.0947368421052631,0.5714285714285715,0.1571428571428571,42.90179175118323,72.75111821917096,71.68001378270141,65.45631143704166,60.56788005555889,True,False,Brazil
1175939,Paul Nebel,9905,1. FSV Mainz 05,GER-Bundesliga,0.6,27.9,2.0,0.0,0.9,1.9,0.15,0.19,1.3,0.0,0.08,0.6,0.1,0.1,0.8,6.6,0.0,21.0,1.1,1.7,0.9,1141,18,Midfielder,0.638888888888889,0.2608695652173913,0.021505376344086,0.6923076923076923,0.0904761904761904,0.0909090909090909,0.1727272727272727,57.15756488271701,65.71982108493263,58.66126410776513,62.01093514328807,60.551892194643486,True,False,Germany
1047676,Yéremi Pino,9826,Crystal Palace,ENG-Premier League,1.5,25.3,9.0,0.0,0.9,4.7,0.26,0.2,1.3,1.0,0.11,0.4,0.5,0.1,0.8,6.78,0.0,37.0,1.9,1.6,0.9,1638,24,Midfielder,0.6060606060606061,0.2,0.0592885375494071,0.6923076923076923,0.127027027027027,0.2631578947368421,0.1052631578947368,55.06124200343266,83.85404639309304,52.99130129505383,54.76390622562022,60.51803760643128,True,False,Spain
1171140,Jaidon Anthony,8191,Burnley,ENG-Premier League,0.8,21.4,2.0,0.0,1.0,1.7,0.09,0.17,0.9,1.0,0.32,0.5,0.7,0.3,0.9,6.86,0.0,24.0,1.6,1.6,1.1,1679,25,Attacker,0.7000000000000001,0.238095238095238,0.0373831775700934,1.2222222222222223,0.0708333333333333,0.4374999999999999,0.10625,71.12867647058823,41.86029411764706,67.47058823529412,65.46691176470588,60.47097656347824,True,False,England
883080,Morgan Rogers,10252,Aston Villa,ENG-Premier League,1.0,21.1,10.0,0.0,0.9,2.9,0.11,0.19,1.3,5.0,0.31,0.4,0.9,0.0,0.6,7.07,0.0,33.0,2.2,1.1,1.1,2320,26,Attacker,0.5357142857142857,0.2666666666666666,0.0473933649289099,0.8461538461538461,0.0878787878787878,0.409090909090909,0.0863636363636363,66.29162115774692,68.7682295729963,63.53277942476725,41.99813413429032,60.419901914887646,True,False,England
868344,Tijjani Reijnders,8456,Manchester City,ENG-Premier League,0.7,39.0,4.0,0.0,1.0,2.0,0.12,0.24,1.1,2.0,0.31,0.5,0.9,0.1,0.8,7.0,0.0,16.0,2.5,0.6,1.1,1464,24,Midfielder,0.5,0.4545454545454545,0.0179487179487179,1.0,0.125,0.36,0.096,68.91521038123471,60.95338586362927,62.959906641701785,46.54630207520674,60.40696833725564,True,False,Netherlands
460632,Joshua Kimmich,9823,Bayern München,GER-Bundesliga,6.9,96.7,12.0,0.0,0.7,6.3,0.41,0.13,0.3,5.0,0.07,0.8,0.3,0.1,0.3,7.61,0.0,34.0,1.0,1.0,0.7,1377,18,Midfielder,0.8571428571428571,0.4444444444444445,0.0713547052740434,2.333333333333333,0.1852941176470588,0.3,0.13,61.28665418422011,95.13889322307172,41.46993810786915,53.39433478961877,60.35756077369101,True,False,Germany
935379,Dejan Kulusevski,8586,Tottenham Hotspur,ENG-Premier League,0.5,24.1,9.0,0.0,0.3,3.9,0.15,0.16,1.8,4.0,0.26,0.5,0.7,0.2,1.0,6.92,0.0,65.0,1.8,1.7,1.4,2391,32,Midfielder,0.55,0.2272727272727272,0.0207468879668049,0.7777777777777777,0.06,0.3888888888888888,0.0888888888888888,57.87466843501327,61.57824933687002,58.44827586206896,64.94363395225463,60.29810068490535,False,False,Sweden
853108,Jean-Philippe Krasso,6379,Paris FC,FRA-Ligue 1,0.5,14.1,4.0,0.0,0.6,2.2,0.21,0.28,1.5,2.0,0.19,0.1,0.8,0.1,0.5,6.53,0.0,19.0,2.0,1.2,1.3,962,21,Attacker,0.4642857142857143,0.0769230769230769,0.0354609929078014,0.8666666666666667,0.1157894736842105,0.4,0.14,67.61397058823529,71.7720588235294,72.02941176470587,32.55147058823529,60.24088908945625,True,False,Ivory Coast
638070,Luis Rioja,10267,Valencia CF,ESP-La Liga,1.1,23.0,4.0,0.0,1.2,2.7,0.15,0.09,0.4,4.0,0.11,0.7,0.2,0.0,0.6,6.87,0.0,25.0,1.6,1.2,1.2,1635,23,Midfielder,0.8260869565217391,0.3684210526315789,0.0478260869565217,3.0,0.108,0.125,0.0562499999999999,75.88288604566493,72.43754875955688,37.1801568107349,61.76103266240184,60.22194840810238,True,False,Spain
1037539,Pavel Sulc,9748,Lyon,FRA-Ligue 1,0.4,16.3,4.0,0.0,0.7,1.5,0.11,0.55,1.8,3.0,0.73,0.5,1.1,0.0,0.4,7.28,0.0,14.0,2.6,1.4,1.0,1230,20,Attacker,0.5135135135135135,0.2631578947368421,0.0245398773006134,0.5555555555555556,0.1071428571428571,0.4230769230769231,0.2115384615384615,59.53676470588236,55.61029411764706,92.88235294117648,39.05882352941176,60.12450322062195,True,False,Czechia
586388,Aleksandr Golovin,9829,Monaco,FRA-Ligue 1,1.1,30.7,2.0,0.0,0.6,1.3,0.11,0.17,1.7,4.0,0.16,1.4,0.8,0.3,1.0,7.08,0.0,18.0,1.7,1.5,1.0,1133,16,Midfielder,0.6304347826086957,0.4827586206896551,0.0358306188925081,0.5882352941176471,0.0722222222222222,0.4705882352941177,0.1,56.11694492120455,51.70341186872628,60.49203593904405,78.9774600821761,59.98369149621024,True,False,Russia
1296763,Lewis Miley,10261,Newcastle United,ENG-Premier League,1.2,48.0,2.0,0.0,1.8,2.0,0.16,0.11,0.3,3.0,0.08,1.4,0.3,0.2,0.2,7.18,0.0,14.0,1.0,1.9,0.9,1133,19,Midfielder,0.9166666666666669,0.4242424242424242,0.0249999999999999,3.0,0.1428571428571428,0.3,0.11,73.7279411764706,63.80882352941177,43.83455882352941,59.94485294117647,59.91207429439349,True,False,England
564847,Viktor Tsigankov,7732,Girona,ESP-La Liga,1.2,27.4,2.0,0.0,1.0,1.9,0.12,0.2,0.6,2.0,0.26,0.8,0.8,0.1,0.1,7.1,0.0,23.0,1.5,1.5,0.8,1401,18,Attacker,0.793103448275862,0.3478260869565218,0.0437956204379562,1.3333333333333337,0.0826086956521739,0.5333333333333333,0.1333333333333333,65.97339028449575,60.34567275185936,63.677764341810985,47.44304233629792,59.869224419608656,True,False,Ukraine
683450,Pablo Fornals,8603,Real Betis,ESP-La Liga,3.2,45.4,6.0,0.0,0.8,4.1,0.19,0.15,0.9,4.0,0.28,1.2,0.7,0.1,0.9,7.46,0.0,51.0,1.6,1.3,0.8,1948,24,Midfielder,0.7352941176470589,0.48,0.0704845814977973,0.888888888888889,0.080392156862745,0.4374999999999999,0.0937499999999999,53.51882769022728,64.87491548343475,53.1315987933635,74.27534196702554,59.8519537882777,True,False,Spain
1083796,Kevin Schade,9937,Brentford,ENG-Premier League,0.2,11.7,7.0,0.0,1.1,1.7,0.08,0.42,1.6,3.0,0.29,0.8,1.0,0.1,0.4,6.98,0.0,23.0,2.0,1.4,0.7,1865,23,Attacker,0.5789473684210527,0.3636363636363636,0.017094017094017,0.4374999999999999,0.0739130434782608,0.5,0.21,59.12709991158266,49.12071566026942,86.94003224632029,48.79405263431632,59.81780492676139,True,False,Germany
690230,Lautaro Martinez,8636,Internazionale,ITA-Serie A,0.8,19.3,11.0,0.0,0.8,2.0,0.09,0.54,1.9,4.0,0.66,0.2,1.5,0.0,1.1,7.47,0.0,32.0,3.9,0.9,0.9,1905,25,Attacker,0.3666666666666667,0.1818181818181818,0.0414507772020725,0.4736842105263158,0.0625,0.3846153846153846,0.1384615384615384,52.620644146252666,61.49721745462111,83.07391948821969,46.38908826129921,59.8012218051628,True,False,Argentina
892679,Chris Führich,10269,VfB Stuttgart,GER-Bundesliga,0.7,34.3,9.0,0.0,0.7,6.0,0.27,0.13,0.4,3.0,0.09,0.3,0.5,0.1,0.4,6.82,0.0,33.0,1.6,0.7,1.8,1986,33,Attacker,0.7142857142857143,0.3,0.0204081632653061,4.5,0.1818181818181818,0.3125,0.08125,83.83620689655173,89.3501326259947,41.34946949602122,34.22745358090185,59.67544828559324,False,False,Germany
1103837,Issa Soumaré,9746,Le Havre,FRA-Ligue 1,0.8,14.8,6.0,0.0,1.4,2.2,0.1,0.5,1.8,2.0,0.29,0.3,0.9,0.2,0.6,7.11,0.0,18.0,2.4,1.0,1.0,1869,22,Attacker,0.4193548387096774,0.2307692307692307,0.054054054054054,0.5555555555555556,0.1222222222222222,0.375,0.2083333333333333,59.68067041140065,56.33551776148124,76.65701877568004,46.53142715972331,59.58445020172916,True,False,Senegal
620027,Xaver Schlager,178475,RB Leipzig,GER-Bundesliga,1.5,45.0,2.0,0.0,1.3,2.2,0.16,0.11,1.2,1.0,0.15,0.5,0.4,0.1,0.7,7.14,0.0,15.0,1.2,1.7,1.3,1237,18,Midfielder,0.6470588235294118,0.2272727272727272,0.0333333333333333,1.0833333333333337,0.1466666666666666,0.3333333333333333,0.0916666666666666,66.65441176470587,65.10294117647058,47.665441176470594,59.47426470588235,59.56148853229314,True,False,Austria
881771,Ferran Torres,8634,Barcelona,ESP-La Liga,0.3,14.5,3.0,0.0,0.3,1.3,0.09,0.75,0.6,1.0,0.79,0.2,1.7,0.1,0.6,7.22,0.0,17.0,3.5,0.3,0.3,1370,22,Attacker,0.4545454545454545,0.4,0.0206896551724137,0.5,0.0764705882352941,0.4857142857142857,0.2142857142857142,61.5697131637801,52.37771103136214,95.31384251313256,36.50336115878712,59.40901249548198,True,False,Spain
760359,Harvey Barnes,10261,Newcastle United,ENG-Premier League,0.4,20.4,3.0,0.0,0.8,2.0,0.13,0.37,0.8,0.0,0.33,0.1,1.0,0.0,0.5,6.68,0.0,15.0,2.8,0.7,0.7,1382,25,Attacker,0.4999999999999999,0.125,0.0196078431372549,0.8749999999999999,0.1333333333333333,0.3571428571428571,0.1321428571428571,70.04069147552921,69.75052010193998,75.7196585530764,28.02900218442815,59.40399861473429,True,False,England
942372,Álex Baena,10205,Villarreal,ESP-La Liga,2.4,26.7,21.0,0.0,0.5,12.6,0.44,0.25,1.5,9.0,0.24,0.8,0.6,0.1,0.6,7.5,0.0,95.0,2.4,1.0,0.7,2602,32,Midfielder,0.5454545454545455,0.4444444444444445,0.0898876404494382,0.4666666666666666,0.1326315789473684,0.25,0.1041666666666666,45.271883289124666,94.45623342175064,57.97082228116711,51.044429708222815,59.28546910369998,False,False,Spain
439366,Abdoulaye Touré,9746,Le Havre,FRA-Ligue 1,3.0,33.3,2.0,0.0,1.5,1.1,0.04,0.36,1.2,1.0,0.39,1.3,0.6,0.7,0.6,7.14,0.0,7.0,1.8,2.4,0.7,2329,28,Midfielder,0.7551020408163265,0.3513513513513513,0.0900900900900901,0.5833333333333334,0.1571428571428571,0.3333333333333333,0.1999999999999999,53.81962864721485,38.826259946949605,80.11273209549071,79.5291777188329,59.23716731426865,False,False,Guinea
609504,Oliver Burke,8149,1. FC Union Berlin,GER-Bundesliga,0.2,12.0,2.0,0.0,0.0,1.3,0.12,0.26,0.6,1.0,0.36,0.4,0.9,0.2,0.8,6.56,0.0,14.0,2.1,0.5,0.7,1000,20,Attacker,0.6,0.4444444444444445,0.0166666666666666,1.1666666666666667,0.0928571428571428,0.4285714285714285,0.1238095238095238,68.86764705882354,47.39705882352942,75.90073529411765,45.76838235294117,59.226631110967126,True,False,Scotland
1392779,Etta Eyong,8581,Levante,ESP-La Liga,0.4,10.0,3.0,0.0,0.9,1.6,0.09,0.43,1.4,3.0,0.35,0.2,1.0,0.0,1.0,6.79,0.0,12.0,2.4,1.6,0.6,1532,22,Attacker,0.5625,0.1111111111111111,0.04,0.4285714285714286,0.1333333333333333,0.4166666666666667,0.1791666666666666,49.47794117647059,53.66911764705882,85.66544117647058,55.09926470588235,59.18139179149943,True,False,Cameroon
794253,Justin Kluivert,8678,Bournemouth,ENG-Premier League,1.2,26.5,3.0,0.0,0.2,1.5,0.15,0.22,1.5,0.0,0.2,0.4,0.4,0.1,1.0,6.59,0.0,21.0,1.6,1.0,1.1,920,18,Midfielder,0.4827586206896551,0.2857142857142857,0.0452830188679245,0.7333333333333334,0.0714285714285714,0.25,0.1374999999999999,62.160958547875374,55.31665106360847,69.59394991418317,48.388373121131735,59.06910035870106,True,False,Netherlands
771401,Anthony Caci,9905,1. FSV Mainz 05,GER-Bundesliga,1.5,31.5,6.0,0.0,1.4,7.9,0.26,0.1,1.2,7.0,0.03,0.9,0.4,0.3,0.5,7.25,0.0,50.0,1.1,2.0,1.0,2703,33,Midfielder,0.7073170731707318,0.3103448275862069,0.0476190476190476,0.8333333333333334,0.158,0.3636363636363636,0.0909090909090909,55.01989389920424,87.77851458885942,40.212201591511935,64.69827586206897,59.05694613807334,False,False,France
1184694,Alberto Moleiro,10205,Villarreal,ESP-La Liga,0.5,18.4,6.0,0.0,0.6,2.4,0.13,0.26,1.3,4.0,0.51,0.3,1.0,0.2,0.4,7.09,0.0,23.0,2.0,0.8,1.1,1598,23,Midfielder,0.4583333333333333,0.2727272727272727,0.0271739130434782,0.8461538461538461,0.1043478260869565,0.5,0.13,70.38869818484424,65.48537213293805,72.69566885109481,30.618193165860507,59.00108535768958,True,False,Spain
797901,Jorge de Frutos,8370,Rayo Vallecano,ESP-La Liga,0.2,11.7,1.0,0.0,0.5,2.0,0.12,0.32,1.4,1.0,0.41,0.2,0.9,0.0,0.7,6.95,0.0,19.0,1.9,1.2,0.9,1521,21,Attacker,0.5,0.1428571428571428,0.017094017094017,0.6428571428571429,0.1052631578947368,0.4736842105263158,0.1684210526315789,58.86968845893795,51.13111769906902,79.09046523118532,49.06349144432309,58.99586394554028,True,False,Spain
1520063,Johan Manzambi,8358,Sport-Club Freiburg,GER-Bundesliga,1.3,34.1,3.0,0.0,1.4,2.8,0.18,0.13,1.1,2.0,0.2,1.3,0.4,0.1,0.5,6.89,0.0,13.0,2.0,1.2,1.3,1384,18,Midfielder,0.6944444444444444,0.52,0.0381231671554252,1.1818181818181817,0.2153846153846153,0.2,0.065,69.76838235294117,71.00735294117646,39.60294117647059,59.77941176470589,58.97468290474518,True,False,Switzerland
625175,Grischa Prömel,8226,TSG 1899 Hoffenheim,GER-Bundesliga,1.3,40.5,1.0,0.0,2.5,1.7,0.13,0.26,0.9,2.0,0.47,0.9,0.6,0.4,0.6,7.1,0.0,12.0,1.9,2.0,0.4,1160,22,Midfielder,0.7631578947368421,0.3103448275862069,0.0320987654320987,0.4444444444444445,0.1416666666666666,0.3157894736842105,0.1368421052631579,45.43014705882353,55.13235294117647,72.83088235294117,72.15808823529412,58.85600382856008,True,False,Germany
864157,Jan-Niklas Beste,8358,Sport-Club Freiburg,GER-Bundesliga,0.9,18.2,2.0,0.0,1.3,3.0,0.24,0.13,0.9,2.0,0.08,1.0,0.6,0.0,0.3,6.99,0.0,26.0,1.2,2.0,0.6,1128,17,Attacker,0.7692307692307693,0.3333333333333333,0.0494505494505494,0.6666666666666666,0.1153846153846153,0.5,0.1083333333333333,51.79779411764706,71.36764705882354,56.0110294117647,59.4375,58.82327762410444,True,False,Germany
494417,Harry Wilson,9879,Fulham,ENG-Premier League,1.3,21.5,5.0,0.0,1.5,3.7,0.17,0.2,0.5,4.0,0.37,0.5,0.9,0.0,0.3,7.16,0.0,27.0,2.5,0.9,0.5,1938,25,Attacker,0.7368421052631579,0.3571428571428571,0.0604651162790697,1.0,0.137037037037037,0.36,0.08,60.167212773703646,63.51002496489312,65.89622666042544,44.66050995995215,58.77848812515578,True,False,Wales
621562,Marcus Thuram,8636,Internazionale,ITA-Serie A,0.3,17.4,3.0,0.0,0.2,1.6,0.12,0.43,2.2,3.0,0.53,0.0,1.5,0.1,0.8,7.17,0.0,21.0,3.5,1.1,1.1,1193,19,Attacker,0.3333333333333333,0.0,0.0172413793103448,0.5,0.0761904761904762,0.4285714285714285,0.1228571428571428,59.000656628699225,56.42753679721225,84.87775003900764,38.773209549071616,58.75362158790322,True,False,France
1137705,Enzo Fernández,8455,Chelsea,ENG-Premier League,2.6,49.2,9.0,0.0,1.0,5.1,0.22,0.41,1.1,2.0,0.34,0.5,0.9,0.0,0.3,7.33,0.0,45.0,2.2,1.8,0.3,2148,25,Midfielder,0.676470588235294,0.2173913043478261,0.0528455284552845,0.2727272727272727,0.1133333333333333,0.409090909090909,0.1863636363636363,40.26046055026785,80.91677068705467,76.93568939512143,49.16348754355854,58.65887859892497,True,False,Argentina
1053714,Nicola Zalewski,8524,Atalanta,ITA-Serie A,1.9,23.1,6.0,0.0,1.4,2.6,0.2,0.16,0.9,2.0,0.16,0.7,0.5,0.0,0.3,7.09,0.0,21.0,2.0,1.3,1.6,1148,21,Midfielder,0.6896551724137931,0.35,0.0822510822510822,1.777777777777778,0.1238095238095238,0.25,0.08,73.07943907005773,74.62934935247308,39.430195818380405,49.31533130493576,58.19954640655207,True,False,Poland
1209980,Carlos Álvarez,8581,Levante,ESP-La Liga,1.0,24.8,6.0,0.0,0.3,3.8,0.21,0.1,0.9,1.0,0.16,0.6,0.5,0.1,0.5,6.78,0.0,35.0,1.3,1.1,0.9,1654,24,Midfielder,0.6538461538461539,0.3529411764705882,0.0403225806451612,1.0,0.1085714285714285,0.3846153846153846,0.0769230769230769,62.15808823529412,80.27941176470588,46.36029411764706,46.7610294117647,58.17196019553638,True,False,Spain
915797,Noah Okafor,8463,Leeds United,ENG-Premier League,1.3,13.3,2.0,0.0,0.8,1.0,0.07,0.3,1.1,0.0,0.28,0.7,0.6,0.0,0.5,6.78,0.0,14.0,1.8,1.4,2.3,1277,23,Attacker,0.6562499999999999,0.3333333333333333,0.0977443609022556,2.0909090909090904,0.0714285714285714,0.3333333333333333,0.1666666666666666,84.86764705882352,31.69117647058824,73.68014705882352,52.37132352941176,58.14515998894641,True,False,Switzerland
408943,Takumi Minamino,9829,Monaco,FRA-Ligue 1,0.7,21.4,3.0,0.0,0.5,2.0,0.19,0.3,0.9,2.0,0.28,0.4,0.7,0.2,1.3,6.65,0.0,9.0,2.0,0.3,0.4,949,15,Midfielder,0.4374999999999999,0.5714285714285715,0.0327102803738317,0.4444444444444445,0.2222222222222222,0.35,0.15,45.93200317262183,72.17012534456752,74.11810864929527,46.465731783429554,58.09404530677829,True,False,Japan
1265963,Igor Paixao,8592,Marseille,FRA-Ligue 1,0.8,26.1,1.0,0.0,0.8,1.0,0.08,0.28,1.0,2.0,0.31,0.8,1.0,0.1,0.6,6.95,0.0,11.0,2.5,1.1,1.3,1165,19,Attacker,0.6551724137931034,0.4210526315789473,0.0306513409961685,1.3,0.0909090909090909,0.4,0.112,77.15441176470588,34.536764705882355,71.82720588235294,55.02205882352941,57.93730006475264,True,False,Brazil
474658,Álvaro Garcia,8370,Rayo Vallecano,ESP-La Liga,0.9,15.2,10.0,0.0,1.3,3.9,0.22,0.3,0.8,4.0,0.17,0.6,0.7,0.1,0.5,6.83,0.0,29.0,1.8,1.1,0.1,1608,23,Attacker,0.68,0.3529411764705882,0.0592105263157894,0.125,0.1344827586206896,0.3888888888888888,0.1666666666666666,38.09245462110574,84.7289878816248,68.96066729078899,54.23132834035471,57.91087201765367,True,False,Spain
1202525,Bryan Zaragoza,9910,Celta de Vigo,ESP-La Liga,1.0,20.5,4.0,0.0,0.4,2.9,0.23,0.16,0.6,1.0,0.08,0.2,1.0,0.0,0.6,6.85,0.0,18.0,2.1,0.8,2.1,1135,19,Attacker,0.625,0.2,0.048780487804878,3.5000000000000004,0.1611111111111111,0.4761904761904761,0.0761904761904761,85.21409346231862,79.21328080303739,45.30342097051022,29.7488492744578,57.886822676263215,True,False,Spain
352879,Adrien Rabiot,8564,Milan,ITA-Serie A,1.5,40.5,5.0,0.0,1.3,1.8,0.11,0.12,1.2,4.0,0.24,0.5,0.4,0.2,0.3,7.51,0.0,14.0,1.4,1.8,0.9,1470,17,Midfielder,0.6571428571428571,0.2173913043478261,0.037037037037037,0.75,0.1285714285714286,0.2857142857142857,0.0857142857142857,53.57274275758048,65.96536121079731,59.67602200031206,52.91679019087741,57.833678394986464,True,False,France
891743,Mohammed Kudus,8586,Tottenham Hotspur,ENG-Premier League,1.1,22.1,3.0,0.0,0.3,2.4,0.14,0.11,1.3,5.0,0.12,0.2,0.5,0.0,0.7,6.99,0.0,23.0,1.5,1.7,3.0,1545,19,Attacker,0.5937499999999999,0.1052631578947368,0.0497737556561086,2.3076923076923075,0.1043478260869565,0.3333333333333333,0.0733333333333333,78.68963566859104,58.87745098039216,45.686723097727146,47.16851952982785,57.66873986268057,True,False,Ghana
956925,Georginio Rutter,10204,Brighton and Hove Albion,ENG-Premier League,0.8,14.6,6.0,0.0,1.4,2.1,0.12,0.13,1.6,2.0,0.12,0.4,0.7,0.1,0.9,6.59,0.0,19.0,2.0,1.4,1.5,1515,23,Midfielder,0.5294117647058824,0.2222222222222222,0.0547945205479452,0.9375,0.1105263157894737,0.35,0.065,64.33709757112393,59.69585738804806,47.34700551308057,59.32893197066625,57.54411606941775,True,False,France
846005,Dominik Szoboszlai,8650,Liverpool,ENG-Premier League,3.5,54.0,5.0,0.0,1.7,3.8,0.16,0.15,1.0,2.0,0.17,0.6,0.7,0.3,0.4,7.4,0.0,44.0,2.0,1.5,0.9,2153,24,Midfielder,0.6774193548387097,0.2857142857142857,0.0648148148148148,0.9,0.0863636363636363,0.35,0.075,57.60195948405888,72.77310552868363,53.901791751183225,46.46766916315598,57.53801597874124,True,False,Hungary
689065,Alexis Claude,8406,FC Augsburg,GER-Bundesliga,0.2,28.4,2.0,0.0,0.5,1.9,0.13,0.25,1.1,2.0,0.2,0.3,1.3,0.1,0.4,7.02,0.0,18.0,3.1,1.5,1.5,1352,19,Midfielder,0.6206896551724137,0.1666666666666666,0.0070422535211267,1.3636363636363635,0.1055555555555555,0.4193548387096774,0.0806451612903225,77.28640063452436,49.69562334217508,61.556346543922615,40.78756436261508,57.53527902176978,True,False,France
593129,Pere Milla,8558,Espanyol,ESP-La Liga,0.8,17.4,4.0,0.0,0.7,2.0,0.12,0.34,1.0,0.0,0.36,0.7,1.0,0.2,0.8,6.91,0.0,28.0,2.8,1.5,0.4,1520,22,Attacker,0.6875,0.3181818181818181,0.0459770114942528,0.4,0.0714285714285714,0.3571428571428571,0.1214285714285714,44.76838235294117,53.90441176470589,74.12132352941177,66.125,57.51172934615909,True,False,Spain
704151,Arnaut Danjuma,10267,Valencia CF,ESP-La Liga,1.2,15.8,4.0,0.0,0.4,2.4,0.15,0.25,1.0,2.0,0.19,0.0,0.8,0.1,0.6,6.69,0.0,12.0,2.0,0.8,1.4,1429,22,Attacker,0.4444444444444445,0.0,0.0759493670886075,1.4,0.1999999999999999,0.4,0.125,77.15283845633745,64.64409424247152,70.27985385135487,24.84970354189421,57.49230766761792,True,False,Netherlands
1250492,Matthis Abline,9830,Nantes,FRA-Ligue 1,0.3,10.3,6.0,0.0,0.5,2.1,0.1,0.23,1.3,2.0,0.2,0.2,0.8,0.0,0.6,6.88,0.0,18.0,3.0,0.9,2.1,1784,22,Attacker,0.4583333333333333,0.1818181818181818,0.029126213592233,1.6153846153846154,0.1166666666666666,0.2666666666666666,0.0766666666666666,74.54008035574972,63.98697144640349,56.81339392520934,34.49280308940552,57.46431407454109,True,False,France
900433,Khvicha Kvaratskhelia,9847,Paris Saint-Germain,FRA-Ligue 1,1.1,43.8,7.0,0.0,0.4,4.0,0.38,0.33,1.3,3.0,0.39,0.6,1.6,0.2,0.7,7.13,0.0,25.0,3.7,1.6,2.4,927,18,Attacker,0.6285714285714287,0.2727272727272727,0.0251141552511415,1.846153846153846,0.16,0.4324324324324324,0.0891891891891892,61.12255552088209,79.17678264939929,50.70746866385812,40.96142793987621,57.44508997471777,True,False,Georgia
671686,Aleix Febas,10268,Elche,ESP-La Liga,1.6,54.0,1.0,0.0,0.6,2.1,0.09,0.07,0.9,1.0,0.09,0.6,0.3,0.1,0.5,7.3,0.0,18.0,0.7,1.9,1.7,2060,23,Midfielder,0.7352941176470589,0.24,0.0296296296296296,1.8888888888888888,0.1166666666666666,0.4285714285714286,0.1,74.86397058823529,48.97058823529412,47.29044117647059,59.900735294117645,57.40443667643399,True,False,Spain
1044029,Nicolo Cambiaghi,9857,Bologna,ITA-Serie A,0.4,19.0,5.0,0.0,0.2,2.0,0.16,0.15,1.9,4.0,0.24,0.3,0.5,0.0,1.0,6.8,0.0,16.0,1.5,1.7,1.0,1136,20,Attacker,0.5128205128205129,0.15,0.0210526315789473,0.5263157894736842,0.125,0.3333333333333333,0.0999999999999999,50.00367647058824,69.65441176470588,55.63235294117647,57.5,57.3724193718524,True,False,Italy
846761,Zakaria Aboukhlal,9941,Toulouse,FRA-Ligue 1,0.1,10.0,2.0,0.0,0.4,2.0,0.09,0.48,1.7,2.0,0.33,0.3,1.4,0.0,0.8,6.81,0.0,12.0,3.0,1.0,0.8,1907,26,Midfielder,0.4333333333333333,0.2307692307692307,0.01,0.4705882352941177,0.1666666666666666,0.4666666666666666,0.16,51.004641909814325,51.11405835543767,86.72413793103448,46.94628647214855,57.31565353324411,False,False,Morocco
1398377,Lucas Stassin,9853,St Etienne,FRA-Ligue 1,0.4,17.3,7.0,0.0,0.4,3.1,0.15,0.38,1.5,4.0,0.58,0.1,1.1,0.0,0.4,6.92,0.0,18.0,2.1,0.8,1.0,1867,28,Attacker,0.375,0.1111111111111111,0.0231213872832369,0.6666666666666666,0.1722222222222222,0.5238095238095238,0.1809523809523809,58.94562334217506,72.09549071618036,91.8998673740053,22.417108753315645,57.08961784259444,False,False,Belgium
541555,Mattia Zaccagni,8543,Lazio,ITA-Serie A,0.9,25.3,3.0,0.0,0.3,1.4,0.08,0.15,1.2,0.0,0.17,0.9,0.6,0.0,0.4,7.04,0.0,23.0,1.5,1.6,1.2,1621,19,Attacker,0.6756756756756757,0.36,0.0355731225296442,1.0,0.0608695652173913,0.3999999999999999,0.0999999999999999,68.26873667238779,47.206454465075154,60.81128101107817,51.14270947105632,57.08469568302555,True,False,Italy
1215057,Vitinha,10233,Genoa,ITA-Serie A,0.5,10.1,4.0,0.0,1.4,1.7,0.1,0.21,1.6,1.0,0.18,0.6,0.8,0.2,0.6,6.78,0.0,13.0,2.6,1.3,1.8,1531,24,Attacker,0.5428571428571428,0.3157894736842105,0.0495049504950495,1.125,0.1307692307692307,0.3076923076923077,0.0807692307692307,67.81584490560151,59.95202059603682,45.2987010454049,54.7749323867478,56.96237866536804,True,False,Portugal
613260,Jean-Luc Dompe,9790,Hamburger SV,GER-Bundesliga,0.5,18.1,6.0,0.0,0.0,3.6,0.32,0.11,0.2,0.0,0.18,0.0,0.8,0.0,0.4,6.95,0.0,29.0,1.9,0.4,1.6,997,15,Attacker,0.6666666666666666,0.0,0.0276243093922651,8.0,0.1241379310344827,0.4210526315789474,0.0578947368421052,84.29779411764706,85.4485294117647,47.38235294117648,23.85661764705882,56.89799216695509,True,False,France
1574189,Senny Mayulu,9847,Paris Saint-Germain,FRA-Ligue 1,0.8,31.8,5.0,0.0,0.2,1.7,0.13,0.22,1.5,4.0,0.24,0.5,0.6,0.0,1.3,7.21,0.0,23.0,1.8,2.7,0.6,1145,17,Midfielder,0.6808510638297872,0.15625,0.0251572327044025,0.3999999999999999,0.0739130434782608,0.3333333333333333,0.1222222222222222,42.77941176470589,56.05147058823529,64.00367647058823,76.51838235294117,56.86192808757261,True,False,France
848266,Weston McKennie,9885,Juventus,ITA-Serie A,0.9,30.3,4.0,0.0,1.7,3.9,0.2,0.27,1.6,4.0,0.2,0.9,0.7,0.3,0.4,7.24,0.0,28.0,1.7,1.3,0.6,1765,24,Midfielder,0.5789473684210527,0.409090909090909,0.0297029702970297,0.3749999999999999,0.1392857142857143,0.4117647058823529,0.1588235294117647,44.95765069953711,76.06181411556666,65.56132001872368,46.75905627502991,56.78947086932962,True,False,USA
771294,Ismaila Sarr,9826,Crystal Palace,ENG-Premier League,0.3,14.2,3.0,0.0,1.4,0.6,0.04,0.41,0.6,1.0,0.33,0.5,0.7,0.1,0.5,6.94,0.0,14.0,1.8,0.7,0.5,1370,16,Midfielder,0.6666666666666667,0.4166666666666667,0.0211267605633802,0.8333333333333334,0.0428571428571428,0.3888888888888888,0.2277777777777777,63.31115098559318,46.35127685026265,84.6092409112186,37.77660971550424,56.78825630708417,True,False,Senegal
1242587,Amine Sbai,8121,Angers,FRA-Ligue 1,0.7,22.2,3.0,0.0,0.2,1.3,0.12,0.12,1.0,1.0,0.09,0.4,0.7,0.0,0.8,6.64,0.0,16.0,1.6,1.3,2.0,1007,15,Attacker,0.6296296296296297,0.2352941176470588,0.0315315315315315,2.0,0.08125,0.4374999999999999,0.075,78.52573529411765,47.18382352941177,47.338235294117645,55.084558823529406,56.74934814390693,True,False,France
1113694,Jonathan Rowe,9857,Bologna,ITA-Serie A,0.5,18.8,4.0,0.0,0.2,1.2,0.12,0.24,1.3,1.0,0.0,0.5,0.9,0.0,0.7,6.77,0.0,12.0,2.9,1.3,2.7,945,16,Attacker,0.5806451612903226,0.2777777777777778,0.026595744680851,2.076923076923077,0.0999999999999999,0.3103448275862069,0.0827586206896551,81.73897058823529,52.6985294117647,41.81985294117647,52.73529411764706,56.74717849865147,True,False,England
1061249,Vitinha,9847,Paris Saint-Germain,FRA-Ligue 1,7.5,111.0,8.0,0.0,1.1,3.3,0.18,0.04,0.6,7.0,0.05,1.1,0.5,0.2,0.8,7.78,0.0,29.0,1.5,0.9,0.5,1649,21,Midfielder,0.7692307692307692,0.55,0.0675675675675675,0.8333333333333334,0.1137931034482758,0.3333333333333333,0.0266666666666666,57.30065792895406,76.87815311801114,36.0500728142716,67.31804883757216,56.72198993567434,True,False,Portugal
900433,Khvicha Kvaratskhelia,9847,Paris Saint-Germain,FRA-Ligue 1,1.1,43.8,7.0,0.0,0.4,4.0,0.38,0.33,1.3,3.0,0.39,0.6,1.6,0.2,0.7,7.13,0.0,25.0,3.7,1.6,2.4,927,18,Attacker,0.6285714285714287,0.2727272727272727,0.0251141552511415,1.846153846153846,0.16,0.4324324324324324,0.0891891891891892,61.12255552088209,75.21126540801997,50.70746866385812,40.96142793987621,56.71189710077631,True,False,Georgia
1199383,Ange-Yoan Bonny,10167,Parma,ITA-Serie A,0.4,15.1,7.0,0.0,0.5,2.2,0.08,0.33,0.7,4.0,0.21,0.1,0.8,0.1,0.4,6.63,0.0,30.0,2.3,1.2,1.2,2545,37,Attacker,0.65,0.0769230769230769,0.0264900662251655,1.7142857142857144,0.0733333333333333,0.3478260869565218,0.1434782608695652,79.07493368700264,48.1498673740053,70.81233421750663,31.604774535809018,56.56374967698613,False,False,Ivory Coast
442728,Tim Kleindienst,9788,Borussia Mönchengladbach,GER-Bundesliga,0.4,14.8,11.0,0.0,2.1,4.0,0.13,0.44,2.5,7.0,0.53,0.4,1.3,0.3,0.7,7.26,0.0,29.0,2.5,1.0,0.5,2741,31,Attacker,0.358974358974359,0.2857142857142857,0.027027027027027,0.2,0.1379310344827586,0.52,0.176,33.91909814323607,76.3395225464191,92.33090185676392,45.278514588859416,56.537402576294525,False,False,Germany
1095445,Arnaud Kalimuendo-Muinga,9851,Rennes,FRA-Ligue 1,0.7,16.5,5.0,0.0,0.6,2.1,0.07,0.52,1.0,3.0,0.59,0.1,1.3,0.1,0.6,6.85,0.0,19.0,2.6,0.7,0.7,2589,33,Attacker,0.4444444444444445,0.125,0.0424242424242424,0.7,0.1105263157894737,0.5,0.2,59.565649867374,49.20424403183025,94.78116710875332,32.5,56.50105946796548,False,False,France
1076647,Lucas Da Cunha,10171,Como,ITA-Serie A,2.0,58.4,5.0,0.0,0.7,3.0,0.16,0.21,1.2,1.0,0.11,0.7,0.5,0.0,0.3,7.12,0.0,29.0,1.1,1.6,0.7,1695,23,Midfielder,0.6571428571428571,0.3043478260869565,0.0342465753424657,0.5833333333333334,0.1034482758620689,0.4545454545454545,0.1909090909090909,48.519237270505016,70.43542934415144,59.21772767462423,50.21632339938628,56.36427150306481,True,False,France
150565,Pierre-Emerick Aubameyang,8592,Marseille,FRA-Ligue 1,0.4,17.6,8.0,0.0,0.5,3.1,0.23,0.56,1.1,5.0,0.46,0.3,1.4,0.0,0.4,7.04,0.0,18.0,2.4,0.5,0.4,1186,19,Attacker,0.4210526315789473,0.3749999999999999,0.0227272727272727,0.3636363636363636,0.1722222222222222,0.5833333333333334,0.2333333333333333,45.24264705882353,84.78676470588235,95.98161764705884,23.81985294117647,56.192874601605794,True,False,Gabon
1305543,Kévin Danois,8583,Auxerre,FRA-Ligue 1,2.8,40.1,6.0,0.0,0.4,3.0,0.15,0.08,1.0,1.0,0.1,1.2,0.3,0.1,0.5,7.15,0.0,34.0,1.0,2.0,1.3,1762,21,Midfielder,0.7619047619047619,0.3749999999999999,0.0698254364089775,1.3,0.088235294117647,0.3,0.08,64.59035470952307,60.730769230769226,34.03760987153482,77.09871534820824,56.14378513074945,True,False,France
540307,Lorenzo Pellegrini,8686,Roma,ITA-Serie A,1.8,34.7,3.0,0.0,0.9,2.2,0.2,0.39,1.2,0.0,0.28,0.9,0.9,0.3,0.5,6.85,0.0,17.0,2.3,0.6,0.5,976,17,Midfielder,0.5555555555555555,0.6,0.0518731988472622,0.4166666666666667,0.1294117647058823,0.391304347826087,0.1695652173913043,45.9460459250013,66.17940916419619,73.30676912674885,44.03435923440994,56.09181850002108,True,False,Italy
654096,Declan Rice,9825,Arsenal,ENG-Premier League,2.5,55.8,13.0,0.0,2.3,5.6,0.22,0.11,0.7,4.0,0.16,1.1,0.5,0.4,0.4,7.66,0.0,51.0,1.4,1.9,0.4,2239,26,Midfielder,0.8108108108108107,0.3666666666666667,0.0448028673835125,0.5714285714285715,0.1098039215686274,0.3571428571428571,0.0785714285714285,43.629037291309096,82.78500286056067,44.59723305767931,66.89955531284131,56.08312835891587,True,False,England
706297,Jean-Philippe Mateta,9826,Crystal Palace,ENG-Premier League,0.5,8.0,2.0,0.0,1.9,1.2,0.06,0.56,0.8,0.0,0.38,0.2,1.2,0.2,0.5,6.72,0.0,6.0,2.5,0.4,0.7,1914,23,Attacker,0.4285714285714286,0.3333333333333333,0.0625,0.8749999999999999,0.1999999999999999,0.48,0.224,66.17938966037343,47.00644926405576,91.84367686066469,29.37204192021636,56.05383520343632,True,False,France
846383,Callum Hudson-Odoi,10203,Nottingham Forest,ENG-Premier League,1.1,28.9,4.0,0.0,0.7,2.0,0.12,0.14,0.6,1.0,0.18,0.4,0.6,0.1,0.4,6.78,0.0,32.0,1.6,0.7,1.5,1472,24,Attacker,0.6470588235294118,0.3636363636363636,0.0380622837370242,2.5,0.0625,0.3749999999999999,0.0875,80.96882638997243,50.5605268632652,53.11683439954231,39.19424507203412,56.02743725762903,True,False,England
31097,Luka Modric,8564,Milan,ITA-Serie A,5.2,62.7,4.0,0.0,1.2,3.4,0.15,0.06,0.7,3.0,0.09,1.4,0.3,0.4,0.4,7.73,0.0,38.0,0.5,1.8,0.5,2006,24,Midfielder,0.8205128205128205,0.4374999999999999,0.0829346092503987,0.7142857142857143,0.0894736842105263,0.6,0.12,45.96805273833672,72.08031674208145,46.29942918812088,69.49809512664483,55.97311709858478,True,False,Croatia
1024292,Marco Grüll,8697,SV Werder Bremen,GER-Bundesliga,0.4,21.9,0.0,0.0,0.9,2.5,0.16,0.14,1.3,1.0,0.13,0.6,0.7,0.3,0.6,6.87,0.0,28.0,2.1,2.0,1.1,1410,22,Attacker,0.6666666666666666,0.2307692307692307,0.0182648401826484,0.8461538461538461,0.0892857142857142,0.3333333333333333,0.0666666666666666,59.02341758984761,54.1317548239455,56.44050033806625,53.3287824413585,55.970653766706256,True,False,Austria
536455,Goncalo Guedes,8560,Real Sociedad,ESP-La Liga,1.0,19.1,4.0,0.0,0.3,1.9,0.13,0.19,1.0,3.0,0.41,0.2,1.0,0.0,0.6,6.82,0.0,18.0,2.2,1.3,1.0,1323,24,Attacker,0.6,0.1333333333333333,0.0523560209424083,1.0,0.1055555555555555,0.4545454545454545,0.0863636363636363,62.26207286628179,50.64941228480782,65.54859052374265,44.33376241743381,55.96267075372202,True,False,Portugal
1372921,Andrey Santos,9848,Strasbourg,FRA-Ligue 1,1.6,44.1,9.0,0.0,2.0,2.0,0.06,0.16,0.9,3.0,0.32,1.0,0.5,0.4,0.5,7.75,0.0,27.0,1.4,3.5,0.6,2857,32,Midfielder,0.8333333333333333,0.2222222222222222,0.0362811791383219,0.6666666666666666,0.074074074074074,0.3571428571428571,0.1142857142857143,49.27718832891247,44.794429708222815,63.136604774535805,76.62135278514589,55.9165087834932,False,False,Brazil
183353,Kike Garcia,8558,Espanyol,ESP-La Liga,0.2,12.6,3.0,0.0,1.1,2.1,0.2,0.46,2.0,1.0,0.39,0.3,1.5,0.1,0.9,6.59,0.0,15.0,3.3,0.7,0.8,935,23,Attacker,0.3333333333333333,0.3,0.0158730158730158,0.4,0.14,0.4545454545454546,0.1393939393939394,45.638145576533,58.68914807302232,85.96671347584127,40.90961928537993,55.70388899136825,True,False,Spain
1033099,Hicham Boudaoui,9831,Nice,FRA-Ligue 1,1.3,29.6,2.0,0.0,1.8,1.5,0.14,0.14,1.1,2.0,0.09,1.2,0.7,0.5,0.5,6.8,0.0,12.0,1.4,1.2,0.7,949,15,Midfielder,0.6857142857142857,0.5,0.0439189189189189,0.6363636363636362,0.125,0.5,0.1,50.0444557133198,58.76085712799709,53.126521298174445,64.76525198938991,55.67690409016531,True,False,Algeria
1181101,Tyrhys Dolan,8558,Espanyol,ESP-La Liga,0.2,18.6,4.0,0.0,0.5,2.6,0.15,0.1,1.4,3.0,0.06,0.5,0.4,0.0,0.7,6.82,0.0,20.0,1.4,2.4,1.3,1517,23,Attacker,0.6744186046511628,0.1724137931034483,0.010752688172043,0.9285714285714288,0.13,0.2857142857142857,0.0714285714285714,62.16544117647058,71.05882352941177,32.893382352941174,66.83088235294117,55.621382795241225,True,False,England
933768,Curtis Jones,8650,Liverpool,ENG-Premier League,2.7,74.9,3.0,0.0,0.8,2.3,0.18,0.09,0.7,1.0,0.0,0.6,0.3,0.2,0.5,6.89,0.0,17.0,1.2,1.8,1.2,1111,23,Midfielder,0.7741935483870969,0.25,0.0360480640854472,1.7142857142857144,0.1352941176470588,0.25,0.075,65.98650985593177,57.711291413116975,38.99951890570552,63.97781765225985,55.60610077603407,True,False,England
1690093,Jan Virgili,8661,Mallorca,ESP-La Liga,0.1,16.1,7.0,0.0,0.5,1.9,0.14,0.12,0.8,4.0,0.0,0.3,0.7,0.1,0.7,6.77,0.0,25.0,1.7,0.8,2.6,1284,19,Attacker,0.5789473684210527,0.2727272727272727,0.0062111801242236,3.25,0.076,0.4117647058823529,0.0705882352941176,83.6654411764706,61.95588235294118,37.86764705882352,42.45955882352941,55.58359647303339,True,False,Spain
317062,Adrien Thomasson,8588,Lens,FRA-Ligue 1,1.4,38.3,7.0,0.0,1.1,3.9,0.19,0.23,2.2,5.0,0.1,0.7,0.4,0.1,0.5,7.53,0.0,47.0,1.4,2.9,0.5,1832,21,Midfielder,0.6206896551724137,0.1944444444444444,0.0365535248041775,0.2272727272727272,0.0829787234042553,0.2857142857142857,0.1642857142857143,36.75873121131742,72.50442086648984,58.39561554064596,69.3712097571124,55.5303217136157,True,False,France
747718,Christoph Baumgartner,178475,RB Leipzig,GER-Bundesliga,1.3,25.3,4.0,0.0,1.6,2.7,0.14,0.43,1.9,6.0,0.42,0.6,1.1,0.2,0.4,7.31,0.0,27.0,2.6,1.8,0.5,1713,21,Midfielder,0.5581395348837209,0.25,0.0513833992094861,0.2631578947368421,0.1,0.4230769230769231,0.1653846153846153,40.44646200655328,57.90847506111199,77.66303895563532,55.40596556925158,55.46443512884487,True,False,Austria
343748,Leon Goretzka,9823,Bayern München,GER-Bundesliga,2.5,71.2,2.0,0.0,2.0,2.7,0.2,0.09,0.7,0.0,0.15,1.3,0.3,0.4,0.4,7.13,0.0,11.0,1.0,1.4,0.5,1202,19,Midfielder,0.7941176470588235,0.4814814814814814,0.0351123595505617,0.7142857142857143,0.2454545454545454,0.3,0.09,48.83502366463826,65.45606438862016,48.15062802309253,64.83159749310865,55.413390903097024,True,False,Germany
1164506,Tiago Tomás,8721,VfL Wolfsburg,GER-Bundesliga,0.7,15.4,4.0,0.0,0.7,1.5,0.07,0.26,1.4,1.0,0.29,0.4,1.0,0.2,0.5,6.75,0.0,20.0,2.0,1.6,1.4,1892,32,Attacker,0.5882352941176471,0.2,0.0454545454545454,1.0,0.075,0.5,0.13,67.12201591511936,36.30636604774536,77.43368700265252,46.27984084880637,55.38167018680309,False,False,Portugal
362212,Piotr Zielinski,8636,Internazionale,ITA-Serie A,2.4,60.5,4.0,0.0,1.3,1.9,0.14,0.15,1.0,1.0,0.38,0.2,0.6,0.2,0.5,7.32,0.0,20.0,1.4,1.1,1.0,1188,22,Midfielder,0.5652173913043479,0.1538461538461538,0.0396694214876033,1.0,0.095,0.4285714285714286,0.1071428571428571,62.09669345191657,50.11888230093098,67.85342227076507,40.70993914807303,55.30366545473636,True,False,Poland
1079892,Rayan Philippe,9790,Hamburger SV,GER-Bundesliga,0.5,11.1,2.0,0.0,0.7,1.3,0.12,0.4,1.5,0.0,0.45,0.2,1.3,0.0,0.4,6.7,0.0,14.0,2.8,1.4,1.0,1008,19,Attacker,0.5161290322580645,0.125,0.045045045045045,0.6666666666666666,0.0928571428571428,0.4642857142857143,0.1428571428571428,61.83088235294117,47.39705882352942,86.16544117647058,32.48161764705882,55.26628730437823,True,False,France
1137364,Justin Njinmah,8697,SV Werder Bremen,GER-Bundesliga,0.1,14.3,1.0,0.0,0.6,0.6,0.04,0.33,0.5,0.0,0.3,0.4,1.1,0.0,0.7,6.63,0.0,8.0,2.7,1.0,0.8,1212,21,Attacker,0.7368421052631579,0.2857142857142857,0.0069930069930069,1.6,0.075,0.4074074074074074,0.1222222222222222,75.75960238206689,30.96550423883081,72.62818562438237,50.42761481250324,55.25363178472078,True,False,Germany
477615,Sandro Ramirez,8306,Las Palmas,ESP-La Liga,0.7,17.7,6.0,0.0,0.9,3.2,0.14,0.18,1.1,3.0,0.4,0.7,0.9,0.0,0.4,6.93,0.0,28.0,2.3,1.2,0.7,2045,31,Attacker,0.6333333333333333,0.3684210526315789,0.03954802259887,0.6363636363636362,0.1142857142857143,0.391304347826087,0.0782608695652174,49.87068965517241,67.22811671087533,61.432360742705576,43.9290450928382,55.19388982761786,False,False,Spain
604785,Alex Iwobi,9879,Fulham,ENG-Premier League,2.6,43.8,2.0,0.0,0.6,3.1,0.17,0.05,0.2,2.0,0.11,0.5,0.4,0.1,0.3,6.86,0.0,28.0,1.1,1.1,0.6,1697,20,Attacker,0.888888888888889,0.3125,0.0593607305936073,3.0,0.1107142857142857,0.3636363636363636,0.0454545454545454,67.21353435273313,73.06112498049617,39.26326259946949,44.26910724502002,55.19190159243402,True,False,Nigeria
789502,Morgan Gibbs-White,10203,Nottingham Forest,ENG-Premier League,1.1,30.1,3.0,0.0,1.0,2.0,0.08,0.27,0.8,2.0,0.24,0.4,0.7,0.1,0.5,6.94,0.0,36.0,2.2,0.6,0.7,2215,26,Midfielder,0.5555555555555556,0.4,0.0365448504983388,0.8749999999999999,0.0555555555555555,0.3181818181818181,0.1227272727272727,62.64913273001509,52.584269516825294,64.40357310032766,39.91923466999532,55.1762794105047,True,False,England
751649,Jack Harrison,8668,Everton,ENG-Premier League,0.6,16.2,6.0,0.0,1.3,3.1,0.14,0.15,0.6,0.0,0.04,0.4,0.3,0.1,0.4,6.44,0.0,33.0,1.3,1.4,1.0,2083,34,Attacker,0.75,0.2222222222222222,0.037037037037037,1.6666666666666667,0.0939393939393939,0.2307692307692307,0.1153846153846153,70.51724137931035,62.86472148541114,41.83023872679045,45.72281167108753,55.1428889114599,False,False,England
1345875,Fares Chaibi,9810,Eintracht Frankfurt,GER-Bundesliga,1.1,30.3,6.0,0.0,1.3,1.8,0.14,0.12,0.8,7.0,0.08,0.7,0.4,0.2,0.8,7.14,0.0,24.0,1.3,1.5,0.4,1168,16,Midfielder,0.7333333333333334,0.3181818181818181,0.0363036303630363,0.5,0.075,0.3076923076923077,0.0923076923076923,49.86333671399594,63.75128725230146,44.77123966297395,68.55625552608312,55.0067312982029,True,False,Algeria
239219,Mateo Kovacic,8456,Manchester City,ENG-Premier League,1.8,71.2,6.0,0.0,0.9,3.2,0.13,0.08,1.0,2.0,0.25,1.0,0.5,0.0,0.6,7.33,0.0,33.0,1.8,2.8,0.9,2202,31,Midfielder,0.7916666666666666,0.2631578947368421,0.0252808988764044,0.9,0.0969696969696969,0.2777777777777778,0.0444444444444444,54.35344827586207,62.74535809018568,35.6631299734748,79.40649867374006,54.70028693856959,False,False,Croatia
561164,Lucas Boye,9866,Alavés,ESP-La Liga,0.3,14.8,3.0,0.0,0.7,0.9,0.06,0.34,2.4,1.0,0.33,0.3,0.8,0.2,1.3,6.66,0.0,18.0,2.7,1.6,1.9,1353,18,Attacker,0.4418604651162791,0.1578947368421052,0.0202702702702702,0.7916666666666666,0.05,0.2962962962962963,0.1259259259259259,68.09926470588235,31.625000000000004,70.71691176470588,56.55514705882352,54.67963529265576,True,False,Argentina
967622,Antony,8603,Real Betis,ESP-La Liga,0.7,36.2,7.0,0.0,0.8,3.6,0.2,0.28,0.6,5.0,0.34,1.0,1.4,0.1,0.6,7.67,0.0,41.0,3.0,1.3,1.0,1595,19,Attacker,0.793103448275862,0.4347826086956522,0.0193370165745856,1.6666666666666667,0.0878048780487805,0.4666666666666666,0.0933333333333333,58.1446143444115,63.710225204140016,50.17070395797575,45.57172205752328,54.60806275698845,True,False,Brazil
661761,Riccardo Orsolini,9857,Bologna,ITA-Serie A,1.9,16.7,1.0,0.0,0.4,0.8,0.05,0.37,0.9,1.0,0.45,0.3,1.4,0.0,0.3,7.02,0.0,17.0,3.2,0.7,1.6,1390,23,Attacker,0.5263157894736842,0.3,0.1137724550898203,1.777777777777778,0.0470588235294117,0.4374999999999999,0.1156249999999999,82.67918161959743,36.63752795547927,80.97159593280283,29.427257242419515,54.5799990050295,True,False,Italy
836436,Gabriel Strefezza,10171,Como,ITA-Serie A,1.2,28.6,5.0,0.0,0.9,4.1,0.14,0.12,1.6,4.0,0.21,0.4,0.8,0.1,0.7,7.05,0.0,57.0,2.0,1.9,1.2,2632,37,Attacker,0.5897435897435898,0.1739130434782609,0.0419580419580419,0.7499999999999999,0.0719298245614035,0.4,0.06,54.0152519893899,57.86472148541114,49.06167108753315,58.875994694960205,54.57976034324652,False,False,Brazil
640122,Brais Méndez,8560,Real Sociedad,ESP-La Liga,2.5,36.7,3.0,0.0,0.4,1.6,0.11,0.22,2.4,2.0,0.36,0.4,0.9,0.1,0.8,6.93,0.0,18.0,1.9,1.6,1.1,1241,21,Midfielder,0.4545454545454545,0.2,0.0681198910081743,0.4583333333333333,0.0888888888888888,0.4736842105263158,0.1157894736842105,47.39650621521818,50.45133146096635,70.24516955323244,54.09438549955792,54.54144144018747,True,False,Spain
364520,Domenico Berardi,7943,Sassuolo,ITA-Serie A,1.9,23.7,3.0,0.0,1.2,1.9,0.14,0.31,1.8,3.0,0.39,1.0,0.9,0.0,0.5,7.26,0.0,19.0,2.0,1.3,0.5,1156,15,Attacker,0.5609756097560976,0.4347826086956522,0.080168776371308,0.2777777777777778,0.0999999999999999,0.45,0.155,36.338235294117645,58.95588235294118,83.46691176470587,53.375,54.52392347395233,True,False,Italy
843099,Scott McTominay,9875,Napoli,ITA-Serie A,0.9,35.1,1.0,0.0,1.9,1.2,0.05,0.28,0.7,3.0,0.28,0.8,1.2,0.4,0.9,7.33,0.0,16.0,3.0,1.1,0.9,1938,23,Midfielder,0.7307692307692308,0.4210526315789473,0.0256410256410256,1.2857142857142858,0.075,0.3999999999999999,0.0933333333333333,69.96973006709315,29.99663233993863,68.6565701877568,59.34103084204503,54.5233746228236,True,False,Scotland
889785,Jonas Wind,8721,VfL Wolfsburg,GER-Bundesliga,0.9,19.6,9.0,0.0,0.6,4.9,0.22,0.26,0.7,3.0,0.41,0.3,0.6,0.1,0.5,6.87,0.0,34.0,1.8,0.5,0.3,1971,31,Attacker,0.5333333333333333,0.3749999999999999,0.0459183673469387,0.4285714285714286,0.1441176470588235,0.3333333333333333,0.1444444444444444,43.033819628647215,85.24535809018566,72.47015915119363,31.130636604774537,54.51149056638022,False,False,Denmark
1310103,Anton Kade,8406,FC Augsburg,GER-Bundesliga,0.8,20.0,2.0,0.0,1.2,1.2,0.11,0.25,1.0,0.0,0.18,0.5,0.8,0.1,0.5,6.68,0.0,16.0,1.9,1.3,0.8,1007,17,Midfielder,0.6428571428571429,0.2777777777777778,0.04,0.8,0.075,0.4210526315789474,0.131578947368421,62.15441176470589,40.88970588235294,70.20955882352942,46.43014705882353,54.43825025261009,True,False,Germany
939569,Jonathan David,9885,Juventus,ITA-Serie A,0.2,21.9,4.0,0.0,0.2,1.3,0.09,0.52,1.3,4.0,0.35,0.3,1.0,0.0,0.9,6.79,0.0,27.0,2.2,0.7,0.3,1296,24,Attacker,0.4347826086956522,0.3,0.0091324200913242,0.2307692307692307,0.0481481481481481,0.4545454545454545,0.2363636363636363,44.49318016331201,49.8027253341655,92.0202579705622,42.64497841576949,54.41839806410109,True,False,Canada
1049999,Enzo Le Fee,8472,Sunderland,ENG-Premier League,1.0,27.6,4.0,0.0,1.2,2.7,0.12,0.17,1.0,4.0,0.13,0.9,0.2,0.5,0.6,6.98,0.0,31.0,1.0,2.6,0.4,2030,25,Midfielder,0.7777777777777778,0.2571428571428572,0.036231884057971,0.4,0.0870967741935483,0.2,0.17,39.694852941176464,59.8014705882353,54.65808823529412,76.9485294117647,54.38158976526698,True,False,France
1197347,Nicolas Jackson,8455,Chelsea,ENG-Premier League,0.2,12.0,6.0,0.0,0.6,1.9,0.08,0.5,1.4,5.0,0.4,0.1,1.4,0.1,0.8,7.05,0.0,28.0,3.1,0.9,0.7,2238,30,Attacker,0.4166666666666667,0.1,0.0166666666666666,0.5,0.0678571428571428,0.4516129032258064,0.1612903225806451,51.48541114058355,44.40981432360744,87.75862068965517,41.70092838196287,54.35338384195902,False,False,Senegal
637746,Odsonne Edouard,8588,Lens,FRA-Ligue 1,0.3,11.6,3.0,0.0,1.5,1.3,0.1,0.51,1.2,3.0,0.63,0.1,1.3,0.2,0.4,7.09,0.0,11.0,2.3,0.7,0.9,1136,18,Attacker,0.3999999999999999,0.125,0.0258620689655172,0.75,0.1181818181818181,0.5652173913043479,0.2217391304347826,66.24632352941175,51.4264705882353,96.375,21.11029411764705,54.32943253075914,True,False,France
881735,Anton Stach,8463,Leeds United,ENG-Premier League,1.8,30.1,7.0,0.0,2.0,3.3,0.18,0.12,1.4,3.0,0.16,0.7,0.5,0.4,0.8,7.3,0.0,44.0,2.0,2.4,0.8,1699,21,Midfielder,0.6888888888888888,0.2258064516129032,0.0598006644518272,0.5714285714285715,0.075,0.25,0.06,48.87867647058823,69.16911764705883,37.4375,74.75735294117646,54.29644345074051,True,False,Germany
966019,Felix Nmecha,9789,Borussia Dortmund,GER-Bundesliga,1.7,38.0,2.0,0.0,1.0,3.5,0.19,0.09,1.0,3.0,0.11,1.1,0.3,0.2,0.4,7.39,0.0,17.0,1.3,1.5,1.5,1674,22,Midfielder,0.7222222222222222,0.4230769230769231,0.0447368421052631,1.5,0.2058823529411764,0.2307692307692307,0.0692307692307692,65.48009309824725,56.68247776564206,37.15802647318875,61.936300514900914,54.21222164204524,True,False,Germany
557805,Mathias Honsak,94937,1. FC Heidenheim 1846,GER-Bundesliga,0.7,14.8,2.0,0.0,2.2,1.6,0.15,0.14,1.0,0.0,0.0,1.5,0.4,0.1,0.3,6.48,0.0,8.0,2.2,1.6,1.3,937,19,Attacker,0.7560975609756099,0.4838709677419354,0.0472972972972972,1.3,0.2,0.1818181818181818,0.0636363636363636,65.66026941280491,58.68977219535029,40.86894081239923,52.06555234826026,54.13645899715456,True,False,Austria
574645,Mikel Merino,9825,Arsenal,ENG-Premier League,0.6,24.2,4.0,0.0,1.7,1.5,0.13,0.27,1.9,3.0,0.36,0.9,0.7,0.2,0.7,6.97,0.0,12.0,1.9,2.3,0.5,999,21,Midfielder,0.6274509803921569,0.28125,0.024793388429752,0.2631578947368421,0.125,0.3684210526315789,0.1421052631578947,33.791367608051175,50.9918864097363,77.57096140843605,75.38619519425806,54.12528034356435,True,False,Spain
743533,Federico Valverde,8633,Real Madrid,ESP-La Liga,2.3,54.8,6.0,0.0,1.9,3.4,0.16,0.08,0.5,6.0,0.05,0.9,0.5,0.3,0.4,7.57,0.0,33.0,1.5,1.6,0.7,1906,23,Midfielder,0.8333333333333334,0.36,0.041970802919708,1.4,0.103030303030303,0.3333333333333333,0.0533333333333333,59.772936495553125,68.2841967025537,32.917947417693874,64.9236490352109,54.12154675099055,True,False,Uruguay
1209441,Ivan Romero,8581,Levante,ESP-La Liga,0.4,15.4,2.0,0.0,0.5,1.1,0.07,0.33,1.4,1.0,0.23,0.4,0.6,0.1,0.6,6.77,0.0,13.0,2.2,1.2,1.4,1547,20,Attacker,0.5333333333333333,0.25,0.0259740259740259,1.0,0.0846153846153846,0.2727272727272727,0.15,72.91176470588235,34.713235294117645,68.79411764705883,44.24999999999999,54.01738265107205,True,False,Spain
1292354,Theo Le Bris,8689,Lorient,FRA-Ligue 1,0.5,26.4,2.0,0.0,1.8,1.6,0.1,0.08,0.5,2.0,0.13,0.6,0.3,0.1,0.3,6.98,0.0,12.0,0.8,1.9,0.7,1436,21,Midfielder,0.8333333333333334,0.24,0.0189393939393939,1.4,0.1333333333333333,0.3749999999999999,0.0999999999999999,62.9485294117647,52.31617647058824,47.06617647058824,53.06985294117647,54.01339581298064,True,False,France
464981,Matus Bero,9911,VfL Bochum 1848,GER-Bundesliga,1.9,28.0,5.0,0.0,1.2,3.8,0.14,0.14,1.8,2.0,0.18,0.6,0.5,0.3,0.8,7.1,0.0,53.0,1.1,2.3,0.7,2479,29,Midfielder,0.6170212765957447,0.2068965517241379,0.0678571428571428,0.3888888888888888,0.0716981132075471,0.4545454545454545,0.1272727272727273,36.87997347480106,57.37400530503979,63.99535809018568,71.56498673740053,53.97506943867813,False,False,Slovakia
557677,Nikola Vlasic,9804,Torino,ITA-Serie A,1.2,26.6,2.0,0.0,0.8,1.9,0.09,0.21,1.5,3.0,0.28,0.6,0.5,0.1,0.5,7.1,0.0,30.0,1.4,1.9,0.9,1898,24,Midfielder,0.625,0.24,0.0451127819548872,0.6,0.0633333333333333,0.3571428571428571,0.15,55.68588443334894,41.18643054038592,66.22722603630312,55.77068705466272,53.94515129061341,True,False,Croatia
841672,Nicolás González,9906,Atlético de Madrid,ESP-La Liga,1.4,25.0,3.0,0.0,1.5,1.8,0.14,0.21,1.7,0.0,0.08,0.8,1.2,0.2,0.6,6.88,0.0,10.0,2.7,1.3,1.4,1132,18,Midfielder,0.5526315789473685,0.3809523809523809,0.0559999999999999,0.8235294117647058,0.18,0.4444444444444444,0.0777777777777777,60.04069797680344,50.908189005045,55.90079705622302,46.97856529879856,53.884651900212624,True,False,Argentina
770321,Mahdi Camara,9851,Rennes,FRA-Ligue 1,0.5,33.6,3.0,0.0,1.5,1.9,0.11,0.08,1.4,1.0,0.06,1.1,0.3,0.2,0.5,7.09,0.0,17.0,0.7,1.9,0.8,1598,20,Midfielder,0.6818181818181818,0.3666666666666667,0.0148809523809523,0.5714285714285715,0.1117647058823529,0.4285714285714286,0.1142857142857143,48.316163468039726,54.44018827690227,49.02233837832216,70.37722343579343,53.86325179721743,True,False,France
1354561,Diego Gomez,10204,Brighton and Hove Albion,ENG-Premier League,0.8,24.7,3.0,0.0,1.2,1.2,0.07,0.27,1.7,0.0,0.18,0.6,0.6,0.1,0.6,6.81,0.0,17.0,1.7,3.4,0.8,1527,23,Midfielder,0.7017543859649122,0.15,0.0323886639676113,0.4705882352941177,0.0705882352941176,0.3529411764705882,0.1588235294117647,50.07720588235294,36.45588235294117,70.18014705882354,69.62867647058823,53.75825050036122,True,False,Paraguay
1340895,Bilal El Khannouss,10269,VfB Stuttgart,GER-Bundesliga,2.8,41.9,4.0,0.0,0.5,3.6,0.29,0.13,1.1,3.0,0.24,0.5,0.7,0.2,0.5,7.27,0.0,32.0,2.0,1.6,0.8,1105,16,Midfielder,0.65625,0.238095238095238,0.0668257756563245,0.7272727272727273,0.1125,0.35,0.065,57.21648593124252,72.80442866801893,39.87986945441306,48.16142013834712,53.64436301899137,True,False,Morocco
1408580,Joaquin Panichelli,9848,Strasbourg,FRA-Ligue 1,0.1,14.2,5.0,0.0,1.2,1.3,0.06,0.58,1.7,1.0,0.58,0.6,1.2,0.4,0.8,7.27,0.0,22.0,2.4,1.2,0.5,1854,22,Attacker,0.5142857142857142,0.3333333333333333,0.0070422535211267,0.2941176470588235,0.059090909090909,0.5,0.2416666666666666,40.97794117647059,40.26470588235294,96.11029411764704,55.27573529411764,53.60379719757426,True,False,Argentina
93447,Robert Lewandowski,8634,Barcelona,ESP-La Liga,0.3,13.7,3.0,0.0,0.8,0.8,0.08,0.96,1.0,1.0,0.96,0.2,2.1,0.0,0.8,6.97,0.0,9.0,4.3,0.3,0.8,935,19,Attacker,0.3333333333333333,0.4,0.0218978102189781,0.8,0.0888888888888888,0.4883720930232558,0.2232558139534883,65.39064856711916,35.59828626410776,96.01676028501583,31.854195922400788,53.54661943802509,True,False,Poland
528811,Jens Stage,8697,SV Werder Bremen,GER-Bundesliga,2.3,31.4,4.0,0.0,1.6,2.2,0.12,0.19,1.1,1.0,0.32,0.9,0.6,0.4,0.4,7.12,0.0,15.0,1.8,1.7,0.4,1708,20,Midfielder,0.7027027027027027,0.3461538461538461,0.0732484076433121,0.3636363636363636,0.1466666666666666,0.3333333333333333,0.1055555555555555,35.34536069069537,69.00390076454985,66.36254355853747,55.48122431996672,53.521478115906646,True,False,Denmark
501543,Franck Honorat,9788,Borussia Mönchengladbach,GER-Bundesliga,0.4,20.0,5.0,0.0,1.1,4.4,0.33,0.04,0.7,5.0,0.0,0.4,0.2,0.2,0.5,6.92,0.0,30.0,0.9,0.9,1.0,1200,16,Attacker,0.65,0.3076923076923077,0.02,1.4285714285714286,0.1466666666666666,0.2222222222222222,0.0444444444444444,66.36687990846207,85.85864929526186,31.40380064492641,41.79056145004421,53.51710685193085,True,False,France
864006,Matteo Tramoni,6479,Pisa,ITA-Serie A,0.8,14.3,4.0,0.0,0.6,2.1,0.16,0.2,1.1,2.0,0.15,0.7,0.5,0.0,1.2,6.64,0.0,25.0,1.8,1.7,0.4,1227,22,Midfielder,0.6857142857142857,0.2916666666666667,0.0559440559440559,0.3636363636363636,0.084,0.2777777777777778,0.1111111111111111,38.61029411764706,61.544117647058826,53.70220588235294,72.60661764705883,53.45653968379359,True,False,France
1338192,Pablo Barrios,9906,Atlético de Madrid,ESP-La Liga,2.4,50.2,3.0,0.0,0.7,2.0,0.12,0.1,0.7,1.0,0.06,1.3,0.3,0.1,0.6,7.24,0.0,20.0,1.2,1.7,1.8,1580,21,Midfielder,0.8108108108108107,0.4333333333333333,0.047808764940239,2.571428571428572,0.1,0.25,0.0833333333333333,71.50473292765382,53.65769490820201,29.33513418630052,72.76576559005565,53.44915947339096,True,False,Spain
1159233,Alieu Fadera,7943,Sassuolo,ITA-Serie A,0.9,18.7,1.0,0.0,0.5,1.2,0.12,0.21,3.1,1.0,0.2,0.7,0.4,0.0,0.5,6.49,0.0,7.0,1.3,3.0,0.9,904,23,Attacker,0.5441176470588235,0.1891891891891891,0.0481283422459893,0.2903225806451613,0.1714285714285714,0.3076923076923077,0.1615384615384615,42.088235294117645,51.977941176470594,65.64338235294117,61.09191176470589,53.419210374002205,True,False,Gambia
1106563,Nick Woltemade,10261,Newcastle United,ENG-Premier League,0.3,11.5,2.0,0.0,1.1,0.8,0.05,0.4,1.0,2.0,0.44,0.2,0.8,0.1,0.4,6.67,0.0,11.0,1.9,1.0,0.6,1426,23,Attacker,0.5454545454545454,0.1666666666666666,0.0260869565217391,0.6,0.0727272727272727,0.4210526315789474,0.2105263157894737,64.58523820668852,40.64166276590212,90.71236412336818,29.132177406771728,53.404033206150594,True,False,Germany
1161211,Fabian Rieder,8406,FC Augsburg,GER-Bundesliga,1.1,19.2,3.0,0.0,0.3,2.2,0.15,0.19,1.8,2.0,0.2,0.5,0.5,0.1,0.6,6.71,0.0,18.0,1.8,1.1,0.9,1330,20,Midfielder,0.4705882352941176,0.3125,0.0572916666666666,0.5,0.1222222222222222,0.2777777777777778,0.1055555555555555,49.62499999999999,65.33088235294117,55.231617647058826,44.2389705882353,53.3577773156466,True,False,Switzerland
1624039,Jesus Rodriguez,10171,Como,ITA-Serie A,0.4,19.1,7.0,0.0,0.6,2.9,0.2,0.19,1.2,6.0,0.0,0.2,0.6,0.0,0.4,6.91,0.0,30.0,2.5,1.2,2.2,1324,22,Attacker,0.5384615384615385,0.1428571428571428,0.0209424083769633,1.8333333333333333,0.0966666666666666,0.24,0.076,78.32229416965724,58.28999583918448,39.84865683674,38.25057861340823,53.23474152750135,True,False,Spain
715301,Jonathan Clauss,9831,Nice,FRA-Ligue 1,2.2,39.6,6.0,0.0,2.6,4.0,0.22,0.04,0.8,4.0,0.06,1.5,0.1,0.2,0.4,7.41,0.0,40.0,0.7,2.2,1.2,1605,19,Midfielder,0.8222222222222223,0.4054054054054054,0.0555555555555555,1.4999999999999998,0.1,0.1428571428571428,0.0571428571428571,55.90311801113018,82.54348052218235,25.08794273677641,72.9351757944557,53.19308432789692,True,False,France
763974,Gauthier Hein,8550,Metz,FRA-Ligue 1,4.8,48.6,5.0,0.0,0.2,2.2,0.12,0.33,0.6,4.0,0.34,0.3,0.5,0.1,0.5,6.91,0.0,31.0,1.5,0.7,0.3,1598,20,Midfielder,0.625,0.3,0.0987654320987654,0.5,0.0709677419354838,0.3333333333333333,0.22,48.52573529411764,56.48529411764706,78.67279411764706,34.71323529411765,53.19008056762924,True,False,France
473852,Corentin Tolisso,9748,Lyon,FRA-Ligue 1,3.6,42.9,6.0,0.0,1.4,2.3,0.14,0.4,1.8,1.0,0.24,0.8,1.0,0.2,0.7,7.15,0.0,22.0,2.1,1.1,0.2,1510,19,Midfielder,0.5135135135135135,0.4210526315789473,0.0839160839160839,0.1111111111111111,0.1045454545454545,0.4761904761904761,0.1904761904761904,26.462065064752693,73.52690227284548,78.29030790034847,62.2117660061372,53.161863186617055,True,False,France
737066,Erling Haaland,8456,Manchester City,ENG-Premier League,0.2,7.4,7.0,0.0,1.3,1.8,0.07,0.85,0.7,6.0,0.92,0.1,2.0,0.0,0.5,7.71,0.0,19.0,3.9,0.5,0.4,2148,26,Attacker,0.4615384615384615,0.1666666666666666,0.027027027027027,0.5714285714285715,0.0947368421052631,0.5128205128205129,0.2179487179487179,54.254758932750825,49.90469131949863,97.5972200551308,26.047160243407703,53.13468779059724,True,False,Norway
675023,Danel Sinani,8152,FC St. Pauli,GER-Bundesliga,1.1,33.8,3.0,0.0,0.5,3.3,0.24,0.31,1.7,2.0,0.3,0.5,0.9,0.0,0.7,6.92,0.0,27.0,2.6,1.2,0.6,1216,19,Midfielder,0.5,0.2941176470588235,0.0325443786982248,0.3529411764705882,0.1222222222222222,0.3461538461538461,0.1192307692307692,40.29605502678525,73.05559889738389,60.17634706402455,46.1368128153118,53.10777526109458,True,False,Luxembourg
1185568,Benedict Hollerbach,8149,1. FC Union Berlin,GER-Bundesliga,0.7,15.0,3.0,0.0,0.4,2.2,0.08,0.22,1.4,0.0,0.29,0.1,0.8,0.0,0.6,6.57,0.0,26.0,2.6,1.6,1.5,2464,33,Attacker,0.5483870967741936,0.0588235294117647,0.0466666666666666,1.0714285714285714,0.0846153846153846,0.3076923076923077,0.0846153846153846,68.04708222811671,42.8050397877984,57.0523872679045,43.57758620689655,53.0441712116916,False,False,Germany
1134467,Yuito Suzuki,8358,Sport-Club Freiburg,GER-Bundesliga,1.1,16.8,1.0,0.0,0.8,1.3,0.11,0.24,1.0,2.0,0.25,0.4,0.9,0.0,0.5,6.78,0.0,16.0,2.4,1.1,1.0,1066,17,Midfielder,0.6,0.2666666666666666,0.0654761904761904,1.0,0.08125,0.375,0.1,68.96691176470588,39.36029411764706,64.74264705882354,40.29779411764706,52.99204569851189,True,False,Japan
282472,Sergi Darder,8661,Mallorca,ESP-La Liga,2.9,30.2,9.0,0.0,0.4,3.1,0.17,0.1,0.8,3.0,0.05,0.9,0.4,0.3,0.4,7.01,0.0,36.0,1.5,0.9,1.6,1666,24,Midfielder,0.6923076923076923,0.5,0.0960264900662251,2.0,0.0861111111111111,0.2666666666666666,0.0666666666666666,73.95213111769907,72.98953294845789,28.753400166432623,46.25055260831123,52.9902589329801,True,False,Spain
837089,Edu Exposito,8558,Espanyol,ESP-La Liga,2.5,29.5,8.0,0.0,1.0,5.3,0.3,0.09,0.9,5.0,0.0,0.8,0.5,0.1,0.4,7.09,0.0,55.0,1.5,1.9,1.0,1582,23,Midfielder,0.75,0.2962962962962963,0.0847457627118644,1.1111111111111112,0.0963636363636363,0.3333333333333333,0.06,63.33198756956364,77.57000572112135,26.948301867165963,58.47800618921308,52.95924114993708,True,False,Spain
1050158,Fabio Silva,8306,Las Palmas,ESP-La Liga,0.4,14.4,4.0,0.0,1.2,1.8,0.09,0.42,1.9,3.0,0.48,0.2,1.2,0.0,0.5,7.09,0.0,16.0,2.3,0.6,1.0,1877,24,Attacker,0.2962962962962963,0.25,0.0277777777777777,0.5263157894736842,0.1125,0.5217391304347826,0.1826086956521739,54.32029177718832,50.026525198939,91.80039787798408,27.131962864721487,52.80755942643736,False,False,Portugal
1327406,Álvaro Rodriguez,10268,Elche,ESP-La Liga,0.5,15.1,6.0,0.0,1.0,2.1,0.14,0.4,1.5,4.0,0.33,0.1,1.1,0.1,0.3,6.98,0.0,26.0,3.2,0.7,1.8,1346,21,Attacker,0.3478260869565217,0.125,0.0331125827814569,1.2,0.0807692307692307,0.34375,0.125,77.3529411764706,62.26470588235294,74.90073529411765,15.492647058823527,52.692666975020096,True,False,Uruguay
1341387,Wilson Odobert,8586,Tottenham Hotspur,ENG-Premier League,0.6,25.3,2.0,0.0,1.2,1.2,0.11,0.17,0.2,2.0,0.0,0.1,0.7,0.0,0.6,6.56,0.0,20.0,2.0,0.9,2.2,980,24,Attacker,0.8333333333333334,0.1,0.0237154150197628,11.0,0.06,0.35,0.085,89.55882352941175,40.36764705882353,40.99632352941176,45.0514705882353,52.61007190070397,True,False,France
527103,Breel Embolo,9851,Rennes,FRA-Ligue 1,0.2,12.3,2.0,0.0,0.7,1.1,0.08,0.34,2.3,2.0,0.41,0.3,0.8,0.2,0.6,6.88,0.0,13.0,1.6,1.0,0.7,1316,19,Attacker,0.3611111111111111,0.2307692307692307,0.016260162601626,0.3043478260869565,0.0846153846153846,0.5,0.2125,45.89077209132989,49.481250325063705,87.0459835127685,37.14367816091954,52.60680681765248,True,False,Switzerland
724368,Keinan Davis,8600,Udinese,ITA-Serie A,0.3,13.3,4.0,0.0,0.8,1.4,0.08,0.43,1.9,3.0,0.42,0.0,0.9,0.0,0.8,6.94,0.0,21.0,2.2,0.6,1.6,1503,22,Attacker,0.24,0.0,0.0225563909774436,0.8421052631578948,0.0666666666666666,0.409090909090909,0.1954545454545454,66.44338040255889,36.262690487335526,77.90969730067093,36.024854371456804,52.57979005980216,True,False,Jamaica
818893,Nicolo Zaniolo,8600,Udinese,ITA-Serie A,1.0,17.5,2.0,0.0,0.0,1.7,0.11,0.26,3.1,2.0,0.33,0.3,0.9,0.0,1.3,6.91,0.0,29.0,3.1,1.1,1.4,1347,21,Attacker,0.3111111111111111,0.2142857142857142,0.0571428571428571,0.4516129032258064,0.0586206896551724,0.2903225806451613,0.0838709677419354,56.38970588235294,44.43382352941177,59.75367647058823,49.588235294117645,52.53578896947273,True,False,Italy
1640832,Arsene Kouassi,8689,Lorient,FRA-Ligue 1,0.5,25.1,6.0,0.0,1.9,2.2,0.11,0.02,0.6,4.0,0.1,0.9,0.1,0.1,0.5,7.23,0.0,23.0,0.3,0.9,1.5,1790,21,Midfielder,0.75,0.5,0.0199203187250996,2.5,0.0956521739130434,0.3333333333333333,0.0666666666666666,73.20220588235294,62.23529411764706,28.937500000000007,54.22794117647059,52.48996853423418,True,False,Burkina Faso
578756,Deiver Machado,8588,Lens,FRA-Ligue 1,0.6,31.4,5.0,0.0,1.5,2.9,0.14,0.12,1.4,4.0,0.05,0.8,0.2,0.2,0.4,6.86,0.0,20.0,1.1,1.8,1.1,1805,27,Midfielder,0.65,0.3076923076923077,0.019108280254777,0.7857142857142858,0.145,0.1818181818181818,0.109090909090909,55.288461538461526,67.20822281167109,38.05371352785146,53.27254641909814,52.486293771401975,False,False,Colombia
448540,Serhou Guirassy,9789,Borussia Dortmund,GER-Bundesliga,0.3,16.9,1.0,0.0,1.5,2.7,0.15,0.6,1.7,1.0,0.6,0.0,1.4,0.1,0.5,7.33,0.0,15.0,3.1,0.1,0.6,1642,21,Attacker,0.0555555555555555,0.0,0.0177514792899408,0.3529411764705882,0.18,0.4516129032258064,0.1935483870967742,49.65421022520414,63.99313465439226,93.95716310396836,21.338566859104382,52.40656480677349,True,False,Guinea
1320176,Wesley,8686,Roma,ITA-Serie A,0.9,31.0,7.0,0.0,2.1,3.2,0.15,0.06,1.2,0.0,0.14,0.8,0.4,0.2,0.4,7.18,0.0,26.0,1.0,2.2,0.7,1873,23,Midfielder,0.7142857142857143,0.2666666666666666,0.0290322580645161,0.5833333333333334,0.123076923076923,0.4,0.06,44.48897058823529,77.43382352941177,38.45588235294117,60.24264705882352,52.35159134677016,True,False,Brazil
665188,Albert Gudmundsson,8535,Fiorentina,ITA-Serie A,1.3,28.4,5.0,0.0,0.6,1.8,0.1,0.24,1.6,3.0,0.24,0.1,0.6,0.1,0.6,6.79,0.0,22.0,1.6,0.2,0.9,1528,22,Attacker,0.1578947368421052,0.3333333333333333,0.0457746478873239,0.5625,0.0818181818181818,0.3749999999999999,0.15,60.10390336505954,44.93623550215843,76.99633328132315,31.774386279710825,52.34231420176161,True,False,Iceland
157723,Christian Eriksen,8721,VfL Wolfsburg,GER-Bundesliga,1.9,33.9,5.0,0.0,1.4,2.8,0.18,0.16,0.6,4.0,0.06,0.6,0.5,0.3,0.6,6.86,0.0,29.0,1.4,1.4,0.4,1395,19,Midfielder,0.7692307692307692,0.3,0.0560471976401179,0.6666666666666667,0.096551724137931,0.3571428571428571,0.1142857142857143,40.82273625630624,68.21120039527749,45.96462006553284,63.75436885629584,52.26879226015761,True,False,Denmark
1453218,Mert Kömür,8406,FC Augsburg,GER-Bundesliga,0.3,22.7,4.0,0.0,1.4,1.9,0.15,0.23,1.6,3.0,0.16,0.3,1.0,0.0,0.6,6.68,0.0,20.0,2.7,0.6,1.0,1120,19,Attacker,0.36,0.3333333333333333,0.013215859030837,0.625,0.095,0.3703703703703703,0.0851851851851851,56.78676470588235,62.36764705882353,56.84558823529412,33.31617647058823,52.26599226683284,True,False,Turkiye
1284434,Diego Lopez,10267,Valencia CF,ESP-La Liga,0.6,17.4,3.0,0.0,0.6,1.2,0.08,0.16,1.0,0.0,0.21,0.6,0.3,0.1,0.6,6.53,0.0,10.0,1.5,0.8,0.4,1291,22,Attacker,0.5833333333333334,0.4285714285714286,0.0344827586206896,0.4,0.12,0.1999999999999999,0.1066666666666666,47.89753341654964,57.9237530555989,56.64697430696416,47.16909814323608,52.219632614384295,True,False,Spain
638010,Isi Palazon,8370,Rayo Vallecano,ESP-La Liga,2.1,29.0,6.0,0.0,0.8,2.8,0.15,0.23,1.5,3.0,0.11,0.1,0.7,0.3,0.3,6.76,0.0,26.0,2.0,0.9,1.1,1653,22,Midfielder,0.4,0.1,0.0724137931034482,0.7333333333333334,0.1076923076923076,0.35,0.115,58.1022390388516,73.45973110729703,54.49873875279555,27.259959952150624,52.11609293010621,True,False,Spain
1025462,Fabio Vieira,9790,Hamburger SV,GER-Bundesliga,2.7,30.5,4.0,0.0,0.9,2.3,0.18,0.23,0.9,4.0,0.16,0.5,0.5,0.2,0.2,7.12,0.0,23.0,2.5,0.7,1.2,1153,16,Midfielder,0.5714285714285714,0.4166666666666667,0.0885245901639344,1.3333333333333333,0.0999999999999999,0.2,0.092,75.65441176470588,67.63970588235294,49.30147058823529,22.93014705882353,52.05914626994487,True,False,Portugal
1054786,Aimar Oroz,8371,Osasuna,ESP-La Liga,1.4,28.2,3.0,0.0,0.7,2.0,0.14,0.07,1.2,2.0,0.0,0.5,0.2,0.1,0.9,6.96,0.0,23.0,1.3,2.1,1.3,1328,18,Midfielder,0.6842105263157895,0.1923076923076923,0.0496453900709219,1.0833333333333337,0.0869565217391304,0.1538461538461538,0.0538461538461538,67.58462058563477,57.56042284287721,27.64423076923077,68.05773131533779,51.99504745762145,True,False,Spain
1022649,Dan Ndoye,10203,Nottingham Forest,ENG-Premier League,0.5,17.4,2.0,0.0,0.8,1.5,0.13,0.08,1.2,1.0,0.08,0.8,0.3,0.2,0.2,6.59,0.0,13.0,1.2,1.8,1.0,1088,19,Attacker,0.6842105263157895,0.3076923076923077,0.028735632183908,0.8333333333333334,0.1153846153846153,0.25,0.0666666666666666,63.387014354813545,56.83718208768919,44.23227752639517,42.28535392937015,51.99134382444353,True,False,Switzerland
889534,Emile Smith Rowe,9879,Fulham,ENG-Premier League,0.4,41.8,1.0,0.0,0.8,0.9,0.06,0.25,0.3,0.0,0.21,1.3,0.5,0.1,0.4,6.69,0.0,13.0,1.8,1.3,0.6,1269,26,Midfielder,0.896551724137931,0.5,0.0095693779904306,2.0,0.0692307692307692,0.2777777777777778,0.1388888888888889,66.84407343839392,30.13655276434181,63.574023508607695,54.81516877307953,51.98671089087877,True,False,England
982677,Folarin Balogun,9829,Monaco,FRA-Ligue 1,0.2,12.5,6.0,0.0,0.3,1.0,0.07,0.44,1.7,3.0,0.29,0.2,1.2,0.1,0.9,6.81,0.0,13.0,3.0,0.4,0.8,1249,18,Attacker,0.2608695652173913,0.3333333333333333,0.016,0.4705882352941177,0.0769230769230769,0.3999999999999999,0.1466666666666666,53.53308823529412,41.40441176470589,80.60661764705883,38.04411764705881,51.93959056418212,True,False,USA
1286183,Tom Bischof,8226,TSG 1899 Hoffenheim,GER-Bundesliga,2.3,40.2,8.0,0.0,1.8,4.8,0.17,0.08,1.6,2.0,0.18,1.1,0.6,0.4,0.3,7.23,0.0,50.0,1.8,3.3,1.0,2567,31,Midfielder,0.7333333333333334,0.25,0.0572139303482586,0.625,0.096,0.3333333333333333,0.0444444444444444,46.375994694960205,72.18169761273211,35.72612732095491,64.78779840848806,51.88476739810713,False,False,Germany
798659,Joe Aribo,8466,Southampton,ENG-Premier League,0.7,41.2,3.0,0.0,1.2,1.3,0.06,0.12,0.9,0.0,0.13,0.9,0.3,0.5,0.5,6.62,0.0,16.0,0.8,2.1,0.9,2018,32,Midfielder,0.7692307692307693,0.3,0.0169902912621359,1.0,0.08125,0.3749999999999999,0.15,59.06167108753315,31.84350132625995,57.36737400530504,68.8395225464191,51.80608040823119,False,False,Nigeria
1016093,Gustav Isaksen,8543,Lazio,ITA-Serie A,0.8,22.2,0.0,0.0,0.4,0.7,0.06,0.2,1.2,1.0,0.25,0.5,1.1,0.2,0.9,6.79,0.0,13.0,2.5,1.1,1.4,1066,19,Attacker,0.5714285714285715,0.3125,0.036036036036036,1.1666666666666667,0.0538461538461538,0.44,0.08,75.44465465231184,29.881221719457017,61.991470328184334,46.29537239298903,51.68072894239605,True,False,Denmark
541820,Nicolo Barella,8636,Internazionale,ITA-Serie A,2.9,51.1,12.0,0.0,0.4,4.7,0.25,0.12,1.3,5.0,0.05,0.2,0.2,0.1,0.9,7.34,0.0,50.0,1.2,1.9,0.7,1681,23,Midfielder,0.6176470588235293,0.0952380952380952,0.0567514677103718,0.5384615384615384,0.094,0.1666666666666666,0.1,49.07700109221407,78.1550423883081,32.65004290841005,59.04767384407344,51.66710804869255,True,False,Italy
654908,Richarlison,8586,Tottenham Hotspur,ENG-Premier League,0.5,9.2,3.0,0.0,2.8,1.2,0.08,0.33,1.0,3.0,0.49,0.3,0.9,0.1,0.6,6.88,0.0,14.0,2.5,1.1,0.5,1278,21,Attacker,0.5833333333333333,0.2142857142857142,0.0543478260869565,0.5,0.0857142857142857,0.36,0.132,50.86397058823529,40.94117647058823,78.04779411764706,42.16176470588236,51.64604528285649,True,False,Brazil
661519,Deniz Undav,10269,VfB Stuttgart,GER-Bundesliga,0.6,17.0,4.0,0.0,0.3,1.7,0.11,0.62,1.4,3.0,0.8,0.3,1.9,0.0,0.7,7.34,0.0,19.0,5.1,0.8,0.2,1357,18,Attacker,0.44,0.2727272727272727,0.0352941176470588,0.1428571428571428,0.0894736842105263,0.3725490196078431,0.1215686274509804,35.73999453892963,62.78843553336454,85.03430722421594,37.54524886877828,51.60904253703431,True,False,Germany
1089691,Elliot Anderson,10203,Nottingham Forest,ENG-Premier League,3.6,57.2,2.0,0.0,1.1,3.0,0.12,0.08,1.5,2.0,0.04,1.2,0.3,0.4,0.6,7.48,0.0,38.0,1.0,2.8,1.4,2340,26,Midfielder,0.7272727272727273,0.3,0.0629370629370629,0.9333333333333332,0.0789473684210526,0.3,0.08,57.6998491704374,56.65573152337858,28.739981536381134,80.72287018255577,51.6041116831275,True,False,England
304733,Hakan Calhanoglu,8636,Internazionale,ITA-Serie A,3.9,70.0,6.0,0.0,0.9,3.0,0.21,0.33,1.4,2.0,0.48,0.7,1.0,0.2,0.6,7.8,0.0,35.0,3.0,1.7,0.2,1307,17,Midfielder,0.631578947368421,0.2916666666666667,0.0557142857142857,0.1428571428571428,0.0857142857142857,0.3333333333333333,0.11,27.29021038123472,76.41658865137568,66.79456623498206,59.44811333021272,51.59550593080802,True,False,Turkiye
1353457,Arthur,8178,Bayer 04 Leverkusen,GER-Bundesliga,1.1,30.2,2.0,0.0,2.3,1.4,0.13,0.09,1.6,3.0,0.1,1.4,0.2,0.1,0.6,6.92,0.0,11.0,1.0,1.6,1.2,942,14,Midfielder,0.6521739130434783,0.4666666666666666,0.0364238410596026,0.7499999999999999,0.1272727272727272,0.2,0.09,55.37867647058823,55.14705882352942,35.72794117647059,67.45220588235294,51.57444811929239,True,False,Brazil
1185211,Mamadou Sangare,8588,Lens,FRA-Ligue 1,3.0,46.1,2.0,0.0,1.4,1.2,0.07,0.13,1.5,2.0,0.06,1.5,0.4,0.2,1.0,7.59,0.0,18.0,1.5,3.8,1.3,1579,20,Midfielder,0.7794117647058824,0.2830188679245283,0.0650759219088937,0.8666666666666667,0.0666666666666666,0.2666666666666666,0.0866666666666666,62.15808823529411,33.55882352941177,38.838235294117645,94.76102941176472,51.539690059866246,True,False,Mali
1428426,Arthur Atta,8600,Udinese,ITA-Serie A,1.2,25.7,4.0,0.0,1.2,1.6,0.09,0.13,0.7,3.0,0.11,0.6,0.7,0.1,0.7,7.06,0.0,26.0,2.1,1.0,2.5,1607,20,Midfielder,0.6956521739130436,0.3749999999999999,0.046692607003891,3.571428571428572,0.0615384615384615,0.3333333333333333,0.0619047619047619,81.03907265824103,43.07105892754979,34.990820200759345,52.877307952358656,51.49880173939175,True,False,France
1553105,Victor Munoz,8371,Osasuna,ESP-La Liga,0.1,14.8,0.0,0.0,0.8,1.3,0.07,0.15,1.0,1.0,0.2,0.3,0.9,0.0,0.8,6.74,0.0,14.0,2.3,0.8,2.6,1829,24,Attacker,0.5238095238095238,0.2727272727272727,0.0067567567567567,2.6,0.0928571428571428,0.391304347826087,0.0652173913043478,82.32720588235294,32.93382352941177,51.209558823529406,44.22058823529412,51.34949927402786,True,False,Spain
972120,Boulaye Dia,8543,Lazio,ITA-Serie A,0.8,20.3,7.0,0.0,0.7,1.5,0.06,0.29,0.9,3.0,0.37,0.2,0.8,0.0,0.5,6.76,0.0,26.0,1.6,0.9,0.7,2194,35,Attacker,0.55,0.1818181818181818,0.0394088669950738,0.7777777777777777,0.0576923076923076,0.5,0.1812499999999999,58.4316976127321,38.01724137931035,85.02984084880637,32.65915119363395,51.30781515834028,False,False,Senegal
1050166,Anthony Elanga,10261,Newcastle United,ENG-Premier League,0.4,24.5,2.0,0.0,0.4,1.4,0.13,0.12,0.5,1.0,0.0,0.2,0.3,0.0,0.2,6.34,0.0,13.0,1.1,1.0,0.8,922,22,Attacker,0.7058823529411765,0.1666666666666666,0.0163265306122449,1.6,0.1076923076923076,0.2727272727272727,0.109090909090909,70.31811385031466,60.50408280022885,46.45867139959432,29.28338404327248,51.24568273022812,True,False,Sweden
971787,Haissem Hassan,8670,Real Oviedo,ESP-La Liga,2.3,18.5,1.0,0.0,0.4,2.7,0.19,0.09,0.4,2.0,0.0,0.2,0.4,0.0,0.8,6.61,0.0,15.0,1.9,1.4,3.2,1307,22,Attacker,0.7999999999999999,0.125,0.1243243243243243,8.0,0.18,0.2105263157894737,0.0473684210526315,85.89338235294117,66.24264705882352,19.00735294117647,59.03308823529412,51.21790869051302,True,False,Egypt
1580704,Christantus Uche,8305,Getafe,ESP-La Liga,0.3,13.7,7.0,0.0,0.7,3.1,0.11,0.13,2.0,6.0,0.14,0.4,0.5,0.1,0.9,6.66,0.0,29.0,1.8,1.3,1.2,2501,33,Attacker,0.4594594594594595,0.2352941176470588,0.0218978102189781,0.6,0.1068965517241379,0.2777777777777778,0.0722222222222222,50.15915119363395,63.938992042440326,39.68501326259947,55.01657824933688,51.20375933183725,False,False,Nigeria
762721,Lovro Majer,8721,VfL Wolfsburg,GER-Bundesliga,1.1,28.9,2.0,0.0,1.4,1.7,0.13,0.17,1.9,3.0,0.16,0.6,0.4,0.1,1.0,6.84,0.0,19.0,1.6,1.7,0.8,1129,20,Midfielder,0.5476190476190477,0.2608695652173913,0.0380622837370242,0.4210526315789474,0.0894736842105263,0.25,0.10625,44.022058823529406,51.77941176470589,50.10661764705882,65.02941176470588,51.1960105637385,True,False,Croatia
1192406,Lorenz Assignon,9851,Rennes,FRA-Ligue 1,0.8,31.4,6.0,0.0,2.2,3.7,0.14,0.08,2.0,4.0,0.11,1.0,0.2,0.1,0.5,6.89,0.0,29.0,0.8,1.9,1.1,2362,32,Midfielder,0.5918367346938775,0.3448275862068966,0.0254777070063694,0.55,0.1275862068965517,0.25,0.0999999999999999,44.592175066313,70.90185676392572,38.080238726790455,60.2420424403183,51.12070708139206,False,False,France
1214915,Brooke Norton-Cuffy,10233,Genoa,ITA-Serie A,1.2,23.8,2.0,0.0,1.7,1.7,0.08,0.06,1.0,1.0,0.05,0.5,0.2,0.3,0.4,6.77,0.0,18.0,0.5,1.8,1.3,1992,23,Midfielder,0.6969696969696969,0.2173913043478261,0.0504201680672268,1.3,0.0944444444444444,0.4,0.12,66.53676470588235,44.80882352941177,43.38235294117647,49.70955882352941,51.09467568700008,True,False,England
639671,Patrick Cutrone,10171,Como,ITA-Serie A,0.2,14.5,5.0,0.0,0.2,2.1,0.09,0.31,1.0,4.0,0.31,0.2,1.1,0.0,0.9,6.64,0.0,19.0,3.1,0.7,0.4,2053,33,Attacker,0.4736842105263157,0.2222222222222222,0.0137931034482758,0.4,0.1105263157894737,0.3548387096774194,0.0999999999999999,42.66909814323608,53.362068965517246,67.62599469496021,44.60875331564986,51.08044096978931,False,False,Italy
593118,Denzel Dumfries,8636,Internazionale,ITA-Serie A,0.8,22.1,6.0,0.0,1.0,2.8,0.13,0.24,2.5,2.0,0.32,0.3,0.9,0.4,0.6,7.01,0.0,21.0,1.7,1.2,0.6,1951,29,Midfielder,0.375,0.1999999999999999,0.0361990950226244,0.24,0.1333333333333333,0.5294117647058824,0.1411764705882353,32.82161803713527,66.65119363395226,79.51259946949602,40.89522546419098,51.07912961784013,False,False,Netherlands
604105,Inaki Williams,8315,Athletic Club,ESP-La Liga,0.5,15.4,4.0,0.0,0.4,1.4,0.11,0.27,1.2,2.0,0.08,0.1,0.9,0.0,0.7,6.6,0.0,12.0,2.7,0.4,0.4,1090,16,Attacker,0.2941176470588235,0.2,0.0324675324675324,0.3333333333333333,0.1166666666666666,0.3333333333333333,0.1,51.0669436209497,63.7445259270817,58.15166172569823,32.8145641545743,51.03951561553817,True,False,Ghana
747767,Ikoma Lois Openda,178475,RB Leipzig,GER-Bundesliga,0.4,13.6,7.0,0.0,0.4,2.3,0.08,0.33,1.1,5.0,0.33,0.2,1.2,0.0,0.5,7.05,0.0,29.0,2.9,0.3,0.8,2463,33,Attacker,0.3125,0.4,0.0294117647058823,0.7272727272727273,0.0793103448275862,0.4137931034482758,0.1137931034482758,59.0285145888594,49.75464190981433,75.74933687002653,25.74602122015916,50.99336728360942,False,False,Belgium
659490,Gabriel Suazo,8302,Sevilla,ESP-La Liga,2.0,36.1,4.0,0.0,2.0,2.6,0.18,0.03,1.1,1.0,0.0,1.1,0.1,0.2,0.3,7.13,0.0,29.0,0.3,3.9,0.7,1339,17,Midfielder,0.819672131147541,0.22,0.0554016620498614,0.6363636363636362,0.0896551724137931,0.3333333333333333,0.1,44.91902012794507,72.11296614136371,32.698626930878454,69.0115527643418,50.89195809461509,True,False,Chile
974755,Lucas Beltran,10267,Valencia CF,ESP-La Liga,0.6,20.6,4.0,0.0,0.9,1.4,0.11,0.22,1.7,2.0,0.08,0.3,0.7,0.1,0.5,6.57,0.0,11.0,2.2,1.4,1.2,1099,21,Attacker,0.5,0.1764705882352941,0.029126213592233,0.7058823529411765,0.1272727272727272,0.3181818181818181,0.0999999999999999,55.40190227284548,52.50479794039632,56.79390960628283,37.39227388568159,50.843913082490914,True,False,Argentina
1124825,Tim Lemperle,8226,TSG 1899 Hoffenheim,GER-Bundesliga,0.3,16.6,2.0,0.0,1.3,1.6,0.11,0.36,2.6,2.0,0.42,0.3,1.0,0.1,1.2,7.13,0.0,19.0,2.4,1.1,0.6,1291,18,Attacker,0.35,0.2142857142857142,0.0180722891566265,0.2307692307692307,0.0842105263157894,0.4166666666666667,0.15,37.04044117647059,46.08823529411765,83.30514705882354,49.64705882352941,50.79804856998712,True,False,Germany
823658,Valentin Castellanos,8543,Lazio,ITA-Serie A,0.3,13.5,7.0,0.0,0.9,2.6,0.1,0.52,1.4,3.0,0.38,0.2,1.5,0.1,0.5,7.16,0.0,27.0,4.1,0.5,0.6,2394,29,Attacker,0.3333333333333333,0.2857142857142857,0.0222222222222222,0.4285714285714286,0.0962962962962963,0.3658536585365854,0.1268292682926829,47.49668435013263,58.295755968169765,79.67506631299734,26.89323607427056,50.77704741490113,False,False,Argentina
488139,Bernardo Silva,8456,Manchester City,ENG-Premier League,2.0,54.6,7.0,0.0,1.0,2.7,0.13,0.05,1.4,4.0,0.05,0.8,0.1,0.2,0.7,7.05,0.0,27.0,0.5,1.4,0.6,1909,26,Midfielder,0.6111111111111112,0.3636363636363636,0.0366300366300366,0.4285714285714286,0.1,0.2,0.1,43.30033286524159,69.28622510011962,36.631683309928746,65.19674806262027,50.68955766318718,True,False,Portugal
833638,Nikola Krstovic,8524,Atalanta,ITA-Serie A,0.6,18.0,3.0,0.0,0.6,1.3,0.12,0.72,1.9,4.0,0.65,0.2,1.8,0.3,1.4,7.05,0.0,13.0,5.2,0.6,0.7,976,21,Attacker,0.2962962962962963,0.25,0.0333333333333333,0.3684210526315789,0.1,0.3461538461538461,0.1384615384615384,44.57442008633692,46.26730639205284,77.43571540021844,40.0223708846934,50.55221108401183,True,False,Montenegro
215242,Leonardo Spinazzola,9875,Napoli,ITA-Serie A,2.4,33.8,1.0,0.0,1.5,2.2,0.15,0.06,0.5,2.0,0.2,0.3,0.5,0.1,0.5,7.03,0.0,22.0,1.2,1.0,0.7,1346,21,Midfielder,0.7222222222222222,0.2307692307692307,0.0710059171597633,1.4,0.1,0.4166666666666667,0.05,66.46681749622925,62.95326884069277,35.40032896447703,39.753868258178606,50.54331702772112,True,False,Italy
1169595,Ilyas Chaira,8670,Real Oviedo,ESP-La Liga,0.4,21.1,2.0,0.0,0.6,0.8,0.05,0.25,2.0,1.0,0.19,0.3,1.1,0.3,0.7,6.58,0.0,9.0,2.5,1.9,1.3,1406,21,Attacker,0.5238095238095238,0.1363636363636363,0.0189573459715639,0.65,0.0888888888888888,0.44,0.1,60.09926470588235,29.448529411764707,66.57720588235294,54.044117647058826,50.50190119804312,True,False,Morocco
1233931,Quentin Merlin,9851,Rennes,FRA-Ligue 1,1.5,34.5,5.0,0.0,2.0,2.9,0.18,0.07,0.5,3.0,0.06,1.4,0.3,0.4,0.6,6.99,0.0,24.0,1.1,1.4,0.5,1452,21,Midfielder,0.8484848484848485,0.5,0.0434782608695652,1.0,0.1208333333333333,0.2727272727272727,0.0636363636363636,46.68003328652416,70.09780516981328,32.91123160139387,64.34203853955376,50.48942783015474,True,False,France
1254297,Andy Diouf,8588,Lens,FRA-Ligue 1,0.4,34.1,3.0,0.0,0.6,3.3,0.13,0.12,1.7,2.0,0.04,0.6,0.2,0.0,0.8,6.85,0.0,33.0,1.6,1.5,1.7,2233,34,Midfielder,0.5526315789473685,0.2857142857142857,0.0117302052785923,1.0,0.0999999999999999,0.125,0.075,62.17506631299735,57.68567639257295,29.40649867374005,61.35941644562335,50.47065581900279,False,False,France
704523,Christopher Nkunku,8564,Milan,ITA-Serie A,0.7,18.0,2.0,0.0,0.6,0.7,0.07,0.66,0.6,2.0,0.48,0.1,1.0,0.0,0.5,6.91,0.0,9.0,1.9,0.4,0.4,946,19,Attacker,0.4545454545454545,0.2,0.0388888888888888,0.6666666666666667,0.0777777777777777,0.5263157894736842,0.3473684210526316,58.51960784313726,29.313829510584075,93.82455011182192,36.19659853331253,50.32354608659751,True,False,France
1356312,Mateus Fernandes,8654,West Ham United,ENG-Premier League,2.8,39.1,2.0,0.0,1.3,1.9,0.09,0.05,1.3,3.0,0.14,1.2,0.2,0.5,0.6,7.27,0.0,26.0,0.8,3.1,0.9,1950,24,Midfielder,0.7678571428571429,0.2790697674418604,0.0716112531969309,0.6923076923076923,0.073076923076923,0.25,0.0625,53.82343839392521,50.226010298018416,32.69827586206896,77.62169085140688,50.25177828481822,True,False,Portugal
73167,Henrikh Mkhitaryan,8636,Internazionale,ITA-Serie A,2.0,46.6,1.0,0.0,1.3,1.8,0.16,0.24,1.6,0.0,0.09,1.2,0.6,0.4,0.7,7.03,0.0,11.0,2.8,2.0,0.9,1011,18,Midfielder,0.6666666666666666,0.3749999999999999,0.0429184549356223,0.5625,0.1636363636363636,0.2142857142857143,0.0857142857142857,43.69585738804805,64.64332709211006,36.95683804025589,66.0722226556405,50.1984710789734,True,False,Armenia
941213,Crysencio Summerville,8654,West Ham United,ENG-Premier League,0.4,19.1,1.0,0.0,1.2,1.3,0.07,0.18,1.8,1.0,0.23,0.6,0.7,0.2,0.5,6.95,0.0,16.0,1.9,1.4,1.6,1594,21,Attacker,0.5263157894736842,0.3,0.0209424083769633,0.888888888888889,0.08125,0.3684210526315789,0.0947368421052631,65.34558823529412,32.76470588235294,59.3125,46.7389705882353,50.19250096601789,True,False,Netherlands
1609213,Mateus Mane,8602,Wolverhampton Wanderers,ENG-Premier League,0.3,15.5,2.0,0.0,1.4,1.3,0.12,0.11,1.5,1.0,0.18,0.2,1.1,0.1,0.4,6.67,0.0,10.0,2.5,1.6,1.5,987,16,Midfielder,0.5454545454545455,0.1111111111111111,0.0193548387096774,1.0,0.13,0.44,0.044,64.90808823529413,53.32352941176472,45.919117647058826,35.18014705882353,50.139186210689495,True,False,England
699461,Jean-Victor Makengo,8689,Lorient,FRA-Ligue 1,0.9,22.6,0.0,0.0,1.1,0.8,0.07,0.17,0.5,1.0,0.26,0.5,0.9,0.0,0.6,6.86,0.0,14.0,2.2,1.4,1.1,1027,19,Midfielder,0.7916666666666666,0.2631578947368421,0.0398230088495575,2.2,0.0571428571428571,0.409090909090909,0.0772727272727272,78.5955882352941,22.25735294117647,58.03308823529412,58.544117647058826,50.107576971996025,True,False,France
540088,Ollie Watkins,10252,Aston Villa,ENG-Premier League,0.1,11.0,1.0,0.0,0.5,1.1,0.05,0.43,1.0,1.0,0.38,0.2,1.0,0.0,0.6,6.86,0.0,13.0,2.4,0.7,0.9,1911,25,Attacker,0.4736842105263157,0.2222222222222222,0.009090909090909,0.9,0.0846153846153846,0.4166666666666667,0.1791666666666666,60.14934077079108,34.23493004628907,88.62252301451083,29.956382951058405,50.06918531848062,True,False,England
923298,Pablo Martinez,8581,Levante,ESP-La Liga,1.9,24.3,6.0,0.0,1.4,2.2,0.17,0.13,1.5,2.0,0.08,1.2,0.3,0.7,0.5,6.76,0.0,19.0,1.8,0.9,0.9,1175,17,Midfielder,0.5833333333333334,0.5714285714285714,0.0781893004115226,0.6,0.1157894736842105,0.1666666666666666,0.0722222222222222,51.397058823529406,72.27941176470588,32.897058823529406,51.41911764705883,50.06674119140481,True,False,Spain
439369,Ryan Christie,8678,Bournemouth,ENG-Premier League,2.3,34.6,5.0,0.0,2.1,3.0,0.13,0.09,1.8,3.0,0.08,1.3,0.5,0.5,0.7,7.25,0.0,41.0,1.4,2.3,1.0,2131,29,Midfielder,0.6666666666666666,0.3611111111111111,0.0664739884393063,0.5555555555555556,0.073170731707317,0.3571428571428571,0.0642857142857143,44.4396551724138,54.92042440318303,36.415782493368695,78.5079575596817,49.953948604809135,False,False,Scotland
356406,John McGinn,10252,Aston Villa,ENG-Premier League,1.6,25.4,3.0,0.0,0.7,1.8,0.1,0.14,1.3,2.0,0.17,0.6,0.4,0.3,1.0,6.88,0.0,24.0,1.0,1.5,0.6,1607,22,Midfielder,0.6176470588235293,0.2857142857142857,0.0629921259842519,0.4615384615384615,0.075,0.4,0.14,42.84811723097727,50.699771155146415,54.49576767046341,54.95830082696208,49.88022179386044,True,False,Scotland
655575,Jacob Bruun Larsen,8191,Burnley,ENG-Premier League,0.3,20.6,2.0,0.0,1.2,1.1,0.11,0.12,0.1,1.0,0.0,0.6,0.4,0.1,0.4,6.34,0.0,10.0,1.5,1.2,0.9,913,21,Attacker,0.9473684210526316,0.3333333333333333,0.0145631067961165,9.0,0.11,0.2666666666666666,0.08,76.0,47.21323529411765,31.426470588235293,50.40808823529412,49.84068078262106,True,False,Denmark
1431818,Lilian Rao-Lisoa,8121,Angers,FRA-Ligue 1,1.3,23.5,4.0,0.0,2.2,1.4,0.12,0.06,1.3,1.0,0.17,0.7,0.4,0.2,0.5,6.69,0.0,14.0,1.0,2.5,1.0,1031,20,Attacker,0.7111111111111111,0.2187499999999999,0.0553191489361702,0.7692307692307692,0.0999999999999999,0.4,0.06,57.05018983720809,54.00027305351849,31.671022520414,64.68641103656317,49.80859021539483,True,False,France
1322858,Pablo Durán,9910,Celta de Vigo,ESP-La Liga,0.9,15.3,2.0,0.0,1.0,1.0,0.1,0.27,1.2,2.0,0.2,0.3,0.9,0.2,0.7,6.59,0.0,6.0,2.2,1.0,0.5,919,19,Attacker,0.52,0.2307692307692307,0.0588235294117647,0.4166666666666667,0.1666666666666666,0.409090909090909,0.1227272727272727,43.9013561658085,43.73074322567223,69.73941592552141,46.47095880792634,49.801909939082215,True,False,Spain
523749,Jae-Sung Lee,9905,1. FSV Mainz 05,GER-Bundesliga,0.9,20.6,7.0,0.0,1.5,2.6,0.14,0.1,0.8,2.0,0.11,1.0,0.3,0.0,0.3,6.81,0.0,19.0,1.1,1.6,0.2,1649,20,Midfielder,0.7647058823529411,0.3846153846153846,0.0436893203883495,0.25,0.1368421052631579,0.2727272727272727,0.0909090909090909,32.97259062776305,76.41285691995631,48.45915899516305,55.90737634576377,49.78234166109519,True,False,South Korea
459658,Ruslan Malinovsky,10233,Genoa,ITA-Serie A,3.1,37.5,7.0,0.0,0.8,2.3,0.12,0.18,1.6,3.0,0.27,0.5,0.6,0.2,0.7,6.91,0.0,24.0,2.0,1.3,0.5,1663,23,Midfielder,0.5294117647058824,0.2777777777777778,0.0826666666666666,0.3125,0.0958333333333333,0.3,0.09,34.92647058823529,65.70588235294117,55.77941176470589,51.53308823529412,49.70306715320942,True,False,Ukraine
1073905,Rassoul Ndiaye,9746,Le Havre,FRA-Ligue 1,1.0,25.8,4.0,0.0,0.8,1.7,0.1,0.11,0.7,3.0,0.17,0.5,0.3,0.1,0.4,7.03,0.0,20.0,1.2,2.4,0.7,1629,22,Midfielder,0.8055555555555556,0.1724137931034483,0.0387596899224806,1.0,0.0849999999999999,0.25,0.0916666666666666,50.87175586414937,43.28362459041972,43.93430462370625,66.1931333541374,49.6463644289853,True,False,Senegal
666857,Yoane Wissa,9937,Brentford,ENG-Premier League,0.5,13.7,3.0,0.0,0.6,1.8,0.06,0.57,1.0,4.0,0.58,0.2,1.3,0.2,0.6,7.27,0.0,28.0,2.8,0.7,0.5,2927,35,Attacker,0.4736842105263157,0.2222222222222222,0.0364963503649635,0.5,0.0642857142857143,0.4642857142857143,0.2035714285714285,50.98474801061008,33.54111405835544,94.0948275862069,34.721485411140584,49.56071360610938,False,False,DR Congo
434325,Thomas Partey,9825,Arsenal,ENG-Premier League,1.9,52.4,3.0,0.0,1.4,2.6,0.08,0.07,1.4,2.0,0.13,1.1,0.3,0.3,0.4,7.38,0.0,20.0,0.8,2.9,0.8,2799,35,Midfielder,0.7407407407407407,0.275,0.0362595419847328,0.5714285714285715,0.13,0.3749999999999999,0.0875,42.39389920424403,52.63925729442971,42.97082228116711,68.62732095490716,49.44373524967372,False,False,Ghana
282281,Denis Suárez,9866,Alavés,ESP-La Liga,1.7,49.0,1.0,0.0,0.6,1.0,0.09,0.07,1.4,0.0,0.09,0.4,0.3,0.3,0.6,6.64,0.0,13.0,0.5,1.7,1.3,980,19,Midfielder,0.6,0.1904761904761904,0.0346938775510204,0.9285714285714288,0.0769230769230769,0.6,0.14,59.959558823529406,32.654411764705884,57.26102941176471,51.713235294117645,49.43426990494342,True,False,Spain
1158512,Juanlu Sánchez,8302,Sevilla,ESP-La Liga,1.5,29.3,3.0,0.0,1.5,2.1,0.14,0.04,1.1,2.0,0.0,0.5,0.1,0.0,0.4,6.78,0.0,17.0,0.7,2.8,1.1,1336,20,Midfielder,0.7499999999999999,0.1515151515151515,0.0511945392491467,1.0,0.1235294117647058,0.1428571428571428,0.0571428571428571,55.16805793935611,56.06165808498466,32.48096426899672,60.04324647630936,49.34837485446604,True,False,Spain
1209228,Daniel Svensson,9789,Borussia Dortmund,GER-Bundesliga,0.4,28.1,3.0,0.0,2.9,3.9,0.21,0.05,1.2,1.0,0.05,0.6,0.1,0.3,0.4,7.07,0.0,22.0,0.3,1.4,0.6,1695,22,Midfielder,0.625,0.3,0.0142348754448398,0.5,0.1772727272727272,0.3333333333333333,0.1666666666666666,39.29044117647059,78.98529411764707,43.922794117647065,44.26838235294117,49.26787738546803,True,False,Sweden
859282,Daniel Munoz,9826,Crystal Palace,ENG-Premier League,0.9,23.9,5.0,0.0,3.5,3.3,0.19,0.11,1.2,2.0,0.17,1.1,0.5,0.1,0.3,7.26,0.0,18.0,1.0,2.3,0.1,1587,18,Midfielder,0.7391304347826088,0.3235294117647059,0.0376569037656903,0.0833333333333333,0.1833333333333333,0.5,0.11,24.28090055650908,71.82326936079471,60.930338846413896,68.05050839964633,49.25160670359622,True,False,Colombia
1436305,Lamine Camara,9829,Monaco,FRA-Ligue 1,2.9,46.6,6.0,0.0,0.9,2.6,0.24,0.04,1.4,3.0,0.0,2.3,0.0,0.1,1.2,7.51,0.0,21.0,0.9,2.3,1.2,938,13,Midfielder,0.7666666666666666,0.5,0.0622317596566523,0.8571428571428572,0.1238095238095238,0.0,0.0444444444444444,44.835290216882505,79.58452956779529,21.224313465439227,89.07002522494408,49.24338364310648,True,False,Senegal
813055,Mousa Tamari,9851,Rennes,FRA-Ligue 1,0.5,21.0,4.0,0.0,0.3,2.9,0.19,0.19,0.9,3.0,0.2,0.5,1.0,0.1,1.0,6.93,0.0,21.0,2.3,1.2,1.3,1365,21,Midfielder,0.6538461538461539,0.2941176470588235,0.0238095238095238,1.4444444444444444,0.1380952380952381,0.4347826086956522,0.0826086956521739,56.95343787382327,55.89802101211837,41.83246866385812,41.17466323399386,49.18237266792798,True,False,Jordan
1114635,Luis Henrique,8636,Internazionale,ITA-Serie A,1.1,38.2,4.0,0.0,0.8,1.3,0.1,0.04,0.4,2.0,0.08,0.5,0.3,0.0,0.2,7.11,0.0,19.0,0.8,1.1,0.5,1174,20,Midfielder,0.8,0.3125,0.0287958115183246,1.25,0.0684210526315789,0.3749999999999999,0.0499999999999999,63.5749271857284,54.4921984709003,42.2277591407916,35.29764133770219,49.09282116785816,True,False,Brazil
384413,Rubén Garcia,8371,Osasuna,ESP-La Liga,1.6,26.9,7.0,0.0,1.1,3.6,0.24,0.09,1.5,5.0,0.13,0.7,0.3,0.0,0.7,6.93,0.0,26.0,1.3,2.4,0.5,1357,22,Attacker,0.6739130434782609,0.2258064516129032,0.0594795539033457,0.3333333333333333,0.1384615384615384,0.2307692307692307,0.0692307692307692,30.65692775784053,81.90339106464867,41.35869480418162,64.40719431008478,49.00186871001865,True,False,Spain
659272,Julian Ryerson,9789,Borussia Dortmund,GER-Bundesliga,1.3,31.5,14.0,0.0,1.6,5.0,0.34,0.04,0.9,11.0,0.0,0.7,0.0,0.1,0.7,7.28,0.0,32.0,0.5,1.8,0.9,1334,20,Midfielder,0.7352941176470589,0.2799999999999999,0.0412698412698412,1.0,0.15625,0.0,0.08,57.805943464919125,89.98649035210902,18.08650595516721,62.17796588131273,49.000673302353,True,False,Norway
540097,Patrik Schick,8178,Bayer 04 Leverkusen,GER-Bundesliga,0.3,15.5,3.0,0.0,1.1,2.1,0.16,0.64,0.8,2.0,0.53,0.1,1.0,0.1,0.5,7.1,0.0,5.0,2.6,0.3,0.4,1194,17,Attacker,0.3333333333333333,0.25,0.0193548387096774,0.5,0.42,0.3846153846153846,0.2461538461538461,50.57985515160971,50.12275706038383,92.60848026213138,20.445623342175065,48.97616471278782,True,False,Czechia
1168311,Yasin Ayari,10204,Brighton and Hove Albion,ENG-Premier League,2.0,39.2,1.0,0.0,1.1,1.1,0.06,0.13,1.0,2.0,0.16,1.2,0.5,0.2,0.7,7.13,0.0,12.0,2.1,2.3,0.7,1701,21,Midfielder,0.7777777777777778,0.3428571428571428,0.0510204081632653,0.7,0.0916666666666666,0.238095238095238,0.0619047619047619,49.81625448587923,40.19637748998804,40.44429058095386,77.50039007645499,48.95906706993199,True,False,Sweden
1343053,Abdoul Ouattara,9848,Strasbourg,FRA-Ligue 1,0.2,33.3,4.0,0.0,1.4,0.8,0.07,0.14,0.6,0.0,0.16,0.7,0.3,0.0,0.2,6.72,0.0,4.0,1.2,1.4,0.4,1124,18,Midfielder,0.7777777777777777,0.3333333333333333,0.006006006006006,0.6666666666666667,0.2,0.25,0.1166666666666666,48.875,52.5,50.20588235294117,43.25367647058823,48.88314208516284,True,False,France
935769,Armand Laurienté,7943,Sassuolo,ITA-Serie A,0.6,20.5,8.0,0.0,0.6,2.7,0.15,0.13,1.4,3.0,0.22,0.2,1.0,0.0,0.5,6.79,0.0,33.0,2.6,0.8,0.9,1603,25,Attacker,0.4166666666666667,0.2,0.0292682926829268,0.6428571428571429,0.0818181818181818,0.3846153846153846,0.05,52.91911764705882,67.81617647058823,47.775735294117645,29.073529411764707,48.68761486705835,True,False,France
266523,Pierre-Emile Højbjerg,8592,Marseille,FRA-Ligue 1,2.8,72.6,3.0,0.0,1.5,1.8,0.1,0.1,1.0,3.0,0.11,0.9,0.5,0.2,0.8,7.37,0.0,20.0,1.5,1.0,0.7,1661,20,Midfielder,0.6551724137931034,0.4736842105263158,0.0385674931129476,0.7,0.09,0.3333333333333333,0.0666666666666666,43.10180345347688,55.94277578405367,38.857713111769904,64.91514536849222,48.654515442062085,True,False,Denmark
1030212,Sebastiano Esposito,8529,Cagliari,ITA-Serie A,2.1,24.7,10.0,0.0,0.8,3.1,0.16,0.11,1.8,4.0,0.16,0.4,0.4,0.2,0.3,7.05,0.0,45.0,1.6,1.9,0.7,1720,24,Attacker,0.5609756097560976,0.1739130434782609,0.0850202429149797,0.3888888888888888,0.0688888888888888,0.25,0.0687499999999999,43.3026213137775,57.90574452592708,46.30444167056743,49.553284443750975,48.64686083572428,True,False,Italy
1174726,Rocco Reitz,9788,Borussia Mönchengladbach,GER-Bundesliga,1.9,31.3,3.0,0.0,1.6,2.8,0.13,0.08,1.3,2.0,0.0,1.7,0.5,0.1,0.3,7.06,0.0,21.0,1.5,2.3,0.8,1883,22,Midfielder,0.7547169811320755,0.425,0.060702875399361,0.6153846153846154,0.1333333333333333,0.3333333333333333,0.0533333333333333,49.038884121287765,65.04409164196183,27.811684090081656,66.78963176782649,48.580588193691696,True,False,Germany
671865,Santi Comesana,10205,Villarreal,ESP-La Liga,1.6,37.2,1.0,0.0,2.1,2.4,0.14,0.18,1.6,2.0,0.12,0.7,0.2,0.6,0.7,6.86,0.0,12.0,1.2,2.0,0.4,1477,22,Midfielder,0.6279069767441859,0.2592592592592592,0.043010752688172,0.25,0.1999999999999999,0.1666666666666666,0.15,33.29021688250898,56.39630467571644,51.62333567379206,65.47175196338482,48.52102399431411,True,False,Spain
1302005,Igor Thiago,9937,Brentford,ENG-Premier League,0.3,12.0,4.0,0.0,1.7,1.2,0.05,0.6,1.9,1.0,0.69,0.2,1.4,0.1,0.4,7.18,0.0,14.0,2.5,0.9,0.8,2204,26,Attacker,0.3666666666666667,0.1818181818181818,0.0249999999999999,0.4210526315789474,0.0857142857142857,0.5599999999999999,0.24,52.15441176470589,37.98529411764706,97.88235294117646,24.5,48.48423034089669,True,False,Brazil
889536,Timothy Weah,8592,Marseille,FRA-Ligue 1,0.9,32.1,3.0,0.0,1.1,1.7,0.11,0.09,1.3,2.0,0.13,0.6,0.5,0.2,0.2,6.95,0.0,18.0,1.1,1.8,0.6,1417,19,Midfielder,0.6486486486486486,0.25,0.02803738317757,0.4615384615384615,0.0944444444444444,0.4545454545454545,0.0818181818181818,43.55280334945649,45.73347376085712,56.90322203151817,49.91550293857597,48.438946227933705,True,False,USA
1288119,Ismael Kone,7943,Sassuolo,ITA-Serie A,1.9,29.5,1.0,0.0,1.1,1.3,0.07,0.14,0.9,0.0,0.2,0.5,0.4,0.2,0.3,6.91,0.0,18.0,0.8,0.9,1.0,1772,22,Midfielder,0.6086956521739131,0.3571428571428571,0.0644067796610169,1.1111111111111112,0.0722222222222222,0.5,0.175,67.62132352941177,31.786764705882355,72.15808823529412,30.14705882352941,48.41800892106885,True,False,Canada
846966,Javier Puado,8558,Espanyol,ESP-La Liga,0.6,15.3,5.0,0.0,0.5,2.1,0.06,0.35,0.7,4.0,0.36,0.2,0.7,0.1,0.3,6.91,0.0,22.0,2.1,0.7,0.6,2987,35,Attacker,0.5625,0.2222222222222222,0.0392156862745098,0.8571428571428572,0.0954545454545454,0.3333333333333333,0.1666666666666666,60.72281167108755,44.62201591511936,76.81034482758622,21.322944297082223,48.36344421337266,False,False,Spain
957203,Éderson,8524,Atalanta,ITA-Serie A,3.2,49.2,2.0,0.0,1.7,1.2,0.07,0.17,1.4,0.0,0.06,1.1,0.3,0.4,0.4,7.04,0.0,18.0,1.4,2.4,0.5,1587,21,Midfielder,0.7142857142857142,0.3142857142857143,0.065040650406504,0.3571428571428571,0.0666666666666666,0.2142857142857143,0.1214285714285714,41.67998127633016,47.35486555364852,46.39575856867947,65.24825115722682,48.34513214520981,True,False,Brazil
934156,Jurgen Ekkelenkamp,8600,Udinese,ITA-Serie A,0.3,20.5,3.0,0.0,1.4,1.5,0.09,0.19,0.9,1.0,0.18,0.6,0.7,0.2,0.3,6.88,0.0,21.0,1.4,1.9,0.6,1463,21,Midfielder,0.7352941176470589,0.24,0.0146341463414634,0.6666666666666666,0.0714285714285714,0.5,0.1357142857142857,47.32046731159307,38.36877828054299,63.10408540073854,47.65283195506319,48.32160071382199,True,False,Netherlands
725398,Mathias Pereira Lage,8152,FC St. Pauli,GER-Bundesliga,0.6,15.2,3.0,0.0,0.9,1.1,0.07,0.19,1.6,2.0,0.0,0.7,0.8,0.1,0.6,6.64,0.0,22.0,1.8,1.8,0.5,1412,20,Attacker,0.6097560975609757,0.2799999999999999,0.0394736842105263,0.3125,0.05,0.4444444444444445,0.1055555555555555,35.491990430124304,50.5631923857076,52.81889400322464,64.75841915015343,48.3007975207225,True,False,Portugal
940087,Goncalo Ramos,9847,Paris Saint-Germain,FRA-Ligue 1,0.2,18.4,1.0,0.0,0.3,0.5,0.05,0.62,1.8,0.0,0.4,0.3,2.0,0.0,0.7,6.7,0.0,10.0,4.1,0.9,0.9,911,21,Attacker,0.3999999999999999,0.25,0.0108695652173913,0.5,0.05,0.4878048780487805,0.1512195121951219,50.752041400114415,27.542063244395905,93.09634888438131,39.75923180943465,48.27874049835003,True,False,Portugal
731600,Idrissa Toure,6479,Pisa,ITA-Serie A,0.9,15.9,5.0,0.0,3.3,2.8,0.13,0.09,0.9,0.0,0.05,1.0,0.3,0.2,0.2,6.84,0.0,18.0,1.3,1.7,0.7,1923,23,Midfielder,0.75,0.3703703703703703,0.0566037735849056,0.7777777777777777,0.1555555555555555,0.2307692307692307,0.0692307692307692,53.46691176470588,71.98529411764706,27.433823529411764,50.59926470588235,48.20997455004858,True,False,Germany
980793,Khéphren Thuram-Ulien,9885,Juventus,ITA-Serie A,1.8,50.7,2.0,0.0,1.1,2.2,0.11,0.1,1.6,2.0,0.05,0.6,0.6,0.3,0.5,7.21,0.0,15.0,1.7,2.4,0.8,1706,23,Midfielder,0.6521739130434783,0.1999999999999999,0.0355029585798816,0.5,0.1466666666666666,0.3529411764705882,0.0588235294117647,50.8801750143028,53.70216362407032,37.33971108337234,52.519984917043736,48.03637003971564,True,False,France
1329255,Louis Mouton,8121,Angers,FRA-Ligue 1,1.3,24.9,4.0,0.0,0.7,2.1,0.13,0.14,1.0,1.0,0.12,0.5,0.5,0.2,0.4,6.63,0.0,18.0,1.7,1.8,0.5,1484,21,Midfielder,0.6969696969696969,0.2173913043478261,0.0522088353413654,0.5,0.1166666666666666,0.2941176470588235,0.0823529411764706,44.5618856295834,55.44931606594893,39.478149217246575,56.9250728142716,47.95269624586084,True,False,France
388523,André Silva,10268,Elche,ESP-La Liga,0.2,20.4,1.0,0.0,0.9,0.8,0.07,0.47,1.2,0.0,0.44,0.2,1.1,0.1,0.5,6.8,0.0,18.0,2.6,0.4,1.1,1026,18,Attacker,0.3333333333333333,0.3333333333333333,0.0098039215686274,0.9166666666666669,0.0444444444444444,0.4230769230769231,0.1807692307692307,71.98161764705881,26.448529411764707,88.54411764705884,25.430147058823533,47.932112064716,True,False,Portugal
591734,Dominic Solanke,8586,Tottenham Hotspur,ENG-Premier League,0.4,10.3,6.0,0.0,0.9,1.2,0.05,0.45,1.5,3.0,0.37,0.0,1.1,0.4,0.6,6.65,0.0,14.0,2.4,0.7,0.7,2206,27,Attacker,0.3181818181818181,0.0,0.0388349514563106,0.4666666666666666,0.0857142857142857,0.4583333333333333,0.1875,49.436339522546426,35.97480106100796,88.6206896551724,29.665119363395224,47.70308800526045,False,False,England
605224,Federico Dimarco,8636,Internazionale,ITA-Serie A,1.4,38.6,26.0,0.0,0.9,7.3,0.36,0.15,1.3,12.0,0.25,0.9,0.7,0.2,0.8,7.82,0.0,66.0,2.1,1.8,0.1,1807,23,Midfielder,0.675,0.3333333333333333,0.0362694300518134,0.0769230769230769,0.1106060606060606,0.3333333333333333,0.0714285714285714,23.514822905289435,86.82672803869558,49.23986451344464,62.50705388256099,47.67941199934357,True,False,Italy
556524,Lucas Höler,8358,Sport-Club Freiburg,GER-Bundesliga,0.2,17.9,1.0,0.0,1.5,1.5,0.1,0.18,1.2,1.0,0.07,0.5,0.7,0.1,0.3,6.74,0.0,17.0,1.4,0.9,0.4,1355,21,Attacker,0.5384615384615385,0.3571428571428571,0.0111731843575419,0.3333333333333333,0.088235294117647,0.5,0.1285714285714286,43.23072372184948,42.51267748478702,70.80657408852134,38.753868258178606,47.64844955025872,True,False,Germany
772193,Ragnar Ache,8722,1. FC Köln,GER-Bundesliga,0.2,10.7,4.0,0.0,2.3,0.9,0.07,0.58,1.1,3.0,0.33,0.2,1.2,0.2,0.4,6.85,0.0,20.0,2.9,0.7,0.6,1103,21,Attacker,0.4499999999999999,0.2222222222222222,0.0186915887850467,0.5454545454545454,0.045,0.4137931034482758,0.1999999999999999,56.83823529411764,36.8235294117647,87.70220588235294,23.48529411764705,47.62504055694642,True,False,Germany
1185902,Jens Castrop,9788,Borussia Mönchengladbach,GER-Bundesliga,1.1,18.9,0.0,0.0,1.4,0.8,0.08,0.18,2.4,0.0,0.1,1.0,0.6,0.0,0.1,6.76,0.0,10.0,1.5,4.1,1.6,928,17,Midfielder,0.6799999999999999,0.196078431372549,0.0582010582010582,0.6666666666666667,0.08,0.3999999999999999,0.12,60.32720588235294,26.198529411764703,58.48529411764706,54.45220588235294,47.60887913757512,True,False,South Korea
951712,Nicolo Fagioli,8535,Fiorentina,ITA-Serie A,3.8,53.4,10.0,0.0,0.8,2.9,0.16,0.07,0.8,3.0,0.06,0.5,0.2,0.4,0.9,7.16,0.0,48.0,1.0,1.7,0.8,1632,22,Midfielder,0.7333333333333334,0.2272727272727272,0.0711610486891385,1.0,0.0604166666666666,0.2,0.07,53.8787902428876,63.76578509387841,24.92116554844749,61.338241795391895,47.562057181402366,True,False,Italy
942379,Miguel Gutiérrez,7732,Girona,ESP-La Liga,1.2,36.9,6.0,0.0,1.1,4.6,0.17,0.06,1.1,5.0,0.04,0.6,0.3,0.3,0.4,6.93,0.0,41.0,1.0,1.4,1.1,2464,29,Midfielder,0.6451612903225806,0.3,0.032520325203252,1.0,0.1121951219512195,0.3,0.06,56.47214854111405,73.0238726790451,26.034482758620687,45.31167108753315,47.48383234710076,False,False,Spain
845943,Cristian Casseres Jr.,9941,Toulouse,FRA-Ligue 1,2.8,39.2,3.0,0.0,1.0,2.5,0.13,0.08,1.3,0.0,0.05,1.3,0.2,0.4,0.6,7.29,0.0,25.0,0.9,3.1,0.8,1717,21,Midfielder,0.7719298245614036,0.2954545454545454,0.0714285714285714,0.6153846153846154,0.1,0.2222222222222222,0.0888888888888888,41.76655874551412,63.755096999011805,27.839340510740104,77.15652467883706,47.42601160460266,True,False,Venezuela
415539,Matteo Politano,9875,Napoli,ITA-Serie A,0.6,29.2,6.0,0.0,0.6,3.0,0.19,0.09,0.9,3.0,0.0,0.2,0.4,0.1,0.5,6.92,0.0,24.0,2.2,0.7,1.6,1400,22,Attacker,0.5,0.2222222222222222,0.0205479452054794,1.777777777777778,0.125,0.1818181818181818,0.0409090909090909,74.12120325583814,76.56529879856451,21.78502236438342,34.958814427627814,47.34145215552356,True,False,Italy
817724,Danny Namaso,8583,Auxerre,FRA-Ligue 1,0.9,20.3,2.0,0.0,0.8,1.2,0.07,0.25,2.2,1.0,0.12,0.3,0.7,0.0,0.9,6.73,0.0,20.0,2.6,1.0,1.3,1535,18,Attacker,0.3714285714285714,0.2307692307692307,0.0443349753694581,0.5909090909090908,0.06,0.2692307692307692,0.0961538461538461,58.76470588235294,33.77205882352941,51.981617647058826,46.34191176470588,47.31856778269743,True,False,Cameroon
696365,Marcus Rashford,8634,Barcelona,ESP-La Liga,0.9,33.5,5.0,0.0,0.9,3.5,0.25,0.41,0.4,6.0,0.29,0.1,1.5,0.1,0.6,7.27,0.0,33.0,4.5,0.5,1.4,1250,21,Attacker,0.6,0.1666666666666666,0.026865671641791,3.5,0.106060606060606,0.3333333333333333,0.0911111111111111,65.72383237114474,53.63967337598169,46.30550787954439,25.33739662973943,47.29867294202891,True,False,England
599353,Che Adams,9804,Torino,ITA-Serie A,1.8,19.3,5.0,0.0,0.6,1.3,0.08,0.26,0.7,1.0,0.25,0.1,0.8,0.0,0.4,6.69,0.0,22.0,2.7,0.7,0.7,1450,24,Attacker,0.5333333333333333,0.125,0.0932642487046632,1.0,0.059090909090909,0.2962962962962963,0.0962962962962963,58.58021272169345,49.048967597649145,65.37965491236282,21.795066833099288,47.26232126536076,True,False,Scotland
1146500,Matteo Cancellieri,8543,Lazio,ITA-Serie A,0.4,17.4,2.0,0.0,1.0,1.3,0.1,0.21,1.9,0.0,0.24,1.1,0.6,0.1,0.1,6.86,0.0,11.0,2.1,2.1,0.6,1136,18,Attacker,0.627450980392157,0.34375,0.0229885057471264,0.3157894736842105,0.1181818181818181,0.2857142857142857,0.0999999999999999,47.51783299526708,37.34563374421387,56.33720809278619,50.43109299422687,47.24495643150208,True,False,Italy
867414,Sandro Tonali,10261,Newcastle United,ENG-Premier League,2.7,46.7,3.0,0.0,1.3,1.6,0.08,0.08,0.9,1.0,0.0,1.2,0.3,0.3,0.4,7.0,0.0,18.0,1.3,1.3,0.9,1776,26,Midfielder,0.7352941176470589,0.48,0.0578158458244111,1.0,0.0888888888888888,0.2307692307692307,0.0615384615384615,55.466173870078535,48.12944037031258,32.522208352837154,57.546477609611486,47.191080556369386,True,False,Italy
844437,Amine Gouiri,8592,Marseille,FRA-Ligue 1,0.0,23.0,7.0,0.0,0.0,3.3,0.14,0.51,1.3,5.0,0.56,0.1,1.8,0.0,1.0,7.01,0.0,34.0,3.5,0.0,1.1,2088,33,Attacker,0.0714285714285714,1.0,0.0,0.8461538461538461,0.0970588235294117,0.5142857142857143,0.1457142857142857,50.63992042440318,44.42086648983201,62.31984969053934,32.18169761273209,47.143633307550765,False,False,Algeria
952095,Oscar Mingueza,9910,Celta de Vigo,ESP-La Liga,2.1,48.5,4.0,0.0,1.6,3.2,0.23,0.04,0.6,2.0,0.07,0.3,0.3,0.4,0.2,6.92,0.0,19.0,0.9,2.3,0.6,1259,21,Midfielder,0.8125,0.1153846153846153,0.0432989690721649,1.0,0.1684210526315789,0.3333333333333333,0.0444444444444444,53.22757060383835,83.07376345763768,24.65691475529204,43.50510350028605,47.14109753034849,True,False,Spain
1526560,Patrick Dorgu,10260,Manchester United,ENG-Premier League,0.4,24.0,5.0,0.0,2.1,1.4,0.1,0.12,1.3,3.0,0.2,0.9,0.5,0.2,0.2,7.23,0.0,24.0,1.4,3.2,0.7,1333,22,Midfielder,0.7592592592592593,0.2195121951219512,0.0166666666666666,0.5384615384615384,0.0583333333333333,0.3571428571428571,0.0857142857142857,45.546939200083216,38.47139439330109,49.78711577469184,58.341212877724026,46.91336377113464,True,False,Denmark
402419,Przemyslaw Frankowski,9851,Rennes,FRA-Ligue 1,1.8,36.3,2.0,0.0,2.7,2.4,0.19,0.04,0.9,2.0,0.08,0.6,0.2,0.1,0.6,7.23,0.0,23.0,0.7,3.2,0.3,1111,16,Midfielder,0.8085106382978724,0.1578947368421052,0.0495867768595041,0.3333333333333333,0.1043478260869565,0.2857142857142857,0.0571428571428571,29.19614344411504,68.83883341134862,40.37963540854008,70.94073438393924,46.85713775656092,True,False,Poland
921921,Kristian Thorstvedt,7943,Sassuolo,ITA-Serie A,0.5,29.7,3.0,0.0,1.6,1.2,0.08,0.21,1.4,2.0,0.13,1.2,0.5,0.3,0.4,6.95,0.0,23.0,1.6,1.6,0.5,1378,20,Midfielder,0.6666666666666667,0.4285714285714286,0.0168350168350168,0.3571428571428571,0.0521739130434782,0.3125,0.1312499999999999,39.169117647058826,39.18382352941177,58.80882352941177,57.27941176470589,46.78645846604162,True,False,Norway
1184777,Jofre Carreras,8558,Espanyol,ESP-La Liga,0.5,13.7,2.0,0.0,0.9,1.9,0.08,0.1,1.2,3.0,0.12,0.6,0.5,0.0,0.7,6.63,0.0,24.0,1.7,0.9,1.6,2175,37,Midfielder,0.5555555555555555,0.3999999999999999,0.0364963503649635,1.3333333333333337,0.0791666666666666,0.2941176470588235,0.0588235294117647,67.78514588859417,37.30106100795757,34.87732095490716,51.41246684350133,46.78645335899577,False,False,Spain
1199382,Josué Casimir,8583,Auxerre,FRA-Ligue 1,0.8,22.5,0.0,0.0,0.8,1.0,0.08,0.18,2.0,0.0,0.0,0.7,0.6,0.0,0.4,6.37,0.0,6.0,1.3,1.8,0.6,1121,20,Attacker,0.5555555555555556,0.2799999999999999,0.0355555555555555,0.3,0.1666666666666666,0.4615384615384615,0.1384615384615384,41.961772507411446,44.828795443907005,57.012931034482754,44.59526317158163,46.622601515221376,True,False,Haiti
915111,Shuto Machino,8150,Holstein Kiel,GER-Bundesliga,0.9,18.4,5.0,0.0,1.2,2.6,0.12,0.29,0.9,2.0,0.5,0.3,1.1,0.1,0.2,6.8,0.0,28.0,2.3,0.4,0.5,1962,32,Attacker,0.4374999999999999,0.4285714285714286,0.0489130434782608,0.5555555555555556,0.0928571428571428,0.4782608695652174,0.1260869565217391,49.47944297082228,56.942970822281175,81.98607427055703,16.21684350132626,46.5174349422401,False,False,Japan
1110045,Gaetano Oristanio,7881,Venezia,ITA-Serie A,0.8,11.3,2.0,0.0,0.2,2.2,0.08,0.17,1.9,3.0,0.12,0.2,0.5,0.0,0.6,6.48,0.0,33.0,1.7,0.7,2.1,2333,37,Attacker,0.3214285714285714,0.2222222222222222,0.0707964601769911,1.105263157894737,0.0666666666666666,0.2941176470588235,0.1,67.13527851458886,37.314323607427056,48.62068965517241,33.37864721485411,46.500021839402166,False,False,Italy
673689,Pepelu,10267,Valencia CF,ESP-La Liga,3.6,50.8,1.0,0.0,2.6,2.0,0.11,0.18,1.4,0.0,0.11,0.9,0.2,0.3,0.2,7.14,0.0,20.0,1.2,2.5,0.4,1709,22,Midfielder,0.7083333333333334,0.2647058823529412,0.0708661417322834,0.2857142857142857,0.1,0.1666666666666666,0.15,30.66549643730171,51.41283091485931,54.50843865397618,62.72319524626827,46.49052491749632,True,False,Spain
1565010,Arthur Avom,8689,Lorient,FRA-Ligue 1,3.2,42.4,3.0,0.0,0.8,2.3,0.14,0.05,0.8,1.0,0.0,1.4,0.1,0.1,0.7,7.02,0.0,22.0,0.9,2.5,1.1,1423,20,Midfielder,0.8297872340425532,0.358974358974359,0.0754716981132075,1.375,0.1045454545454545,0.1111111111111111,0.0555555555555555,65.53308823529412,62.90441176470589,13.753676470588234,86.70220588235294,46.43219312910267,True,False,Cameroon
1078846,Andrea Cambiaso,9885,Juventus,ITA-Serie A,1.5,43.2,7.0,0.0,0.5,3.5,0.18,0.08,1.0,3.0,0.1,0.6,0.5,0.3,0.4,6.99,0.0,39.0,0.9,2.1,0.3,1778,23,Midfielder,0.7297297297297297,0.2222222222222222,0.0347222222222222,0.3,0.0897435897435897,0.5555555555555556,0.0888888888888888,36.82971862485047,63.12000052010195,40.74336870026525,52.59015317002133,46.40837794943339,True,False,Italy
1561552,Ayyoub Bouaddi,8639,Lille,FRA-Ligue 1,1.3,33.7,2.0,0.0,1.1,1.1,0.07,0.09,1.7,1.0,0.0,1.1,0.2,0.4,0.6,7.05,0.0,17.0,0.8,2.4,1.4,1508,20,Midfielder,0.673076923076923,0.3142857142857143,0.0385756676557863,0.8235294117647058,0.0647058823529411,0.25,0.1124999999999999,54.77829354553492,38.56195714360015,31.12133978259739,73.23960446247465,46.16747109414092,True,False,Morocco
901495,Albert Sambi Lokonga,9790,Hamburger SV,GER-Bundesliga,1.3,33.4,0.0,0.0,1.0,1.1,0.09,0.1,1.0,0.0,0.34,0.9,0.7,0.8,0.5,6.93,0.0,17.0,1.2,1.8,0.5,1056,16,Midfielder,0.7297297297297297,0.3333333333333333,0.0389221556886227,0.5,0.0647058823529411,0.5833333333333334,0.0833333333333333,42.1875,29.551470588235297,61.62867647058823,64.18014705882354,46.14511826010293,True,False,Belgium
1113903,Liam Delap,9902,Ipswich Town,ENG-Premier League,0.2,7.4,3.0,0.0,1.0,1.4,0.05,0.32,2.5,2.0,0.41,0.1,1.1,0.0,0.6,6.73,0.0,21.0,2.3,0.4,1.4,2612,37,Attacker,0.1666666666666666,0.2,0.027027027027027,0.5599999999999999,0.0666666666666666,0.4782608695652174,0.1391304347826087,57.65915119363395,28.547745358090182,83.20954907161803,28.736737400530505,46.11945972211289,False,False,England
1385856,Davide Bartesaghi,8564,Milan,ITA-Serie A,1.7,32.1,2.0,0.0,2.0,2.7,0.15,0.05,0.7,0.0,0.12,0.5,0.3,0.3,0.1,7.06,0.0,29.0,0.8,2.2,0.5,1565,20,Midfielder,0.7941176470588235,0.1851851851851851,0.0529595015576324,0.7142857142857143,0.093103448275862,0.3749999999999999,0.0625,45.80882352941176,60.62500000000001,35.45955882352941,45.5110294117647,46.026117639428335,True,False,Italy
947884,Wouter Burger,8226,TSG 1899 Hoffenheim,GER-Bundesliga,2.2,37.0,9.0,0.0,2.7,3.5,0.2,0.15,2.3,5.0,0.23,0.7,0.6,0.3,0.8,7.46,0.0,33.0,1.4,2.5,0.2,1551,19,Midfielder,0.5818181818181819,0.2187499999999999,0.0594594594594594,0.0869565217391304,0.106060606060606,0.4285714285714286,0.1071428571428571,16.470588235294116,80.88970588235296,62.88970588235294,71.59926470588236,45.98462513088217,True,False,Netherlands
1344677,Mateo Joseph,8661,Mallorca,ESP-La Liga,0.1,12.4,3.0,0.0,1.1,0.5,0.03,0.25,0.9,2.0,0.14,0.5,0.7,0.2,0.4,6.49,0.0,10.0,1.7,1.5,0.8,1333,23,Attacker,0.6896551724137931,0.25,0.0080645161290322,0.888888888888889,0.05,0.4117647058823529,0.1470588235294117,65.04411764705881,20.28676470588235,69.09191176470588,45.69485294117647,45.9828478904363,True,False,Spain
747926,Moise Kean,8535,Fiorentina,ITA-Serie A,0.1,6.5,0.0,0.0,0.7,0.2,0.01,0.7,1.4,1.0,0.37,0.3,1.3,0.1,0.6,6.81,0.0,2.0,4.6,0.3,1.1,1722,22,Attacker,0.3,0.5,0.0153846153846153,0.7857142857142858,0.1,0.2826086956521739,0.1521739130434782,70.5444817184168,21.697378686222503,84.10556118999322,28.995910698496903,45.95304138483967,True,False,Italy
1193815,Julian Niehues,94937,1. FC Heidenheim 1846,GER-Bundesliga,2.1,34.0,1.0,0.0,2.5,0.8,0.07,0.11,0.7,0.0,0.27,1.4,0.5,0.4,0.2,6.72,0.0,3.0,1.5,1.1,0.4,994,17,Midfielder,0.78125,0.5599999999999999,0.0617647058823529,0.5714285714285715,0.2666666666666666,0.3333333333333333,0.0733333333333333,44.19852941176471,43.89705882352941,47.93014705882353,48.69117647058823,45.90642209345935,True,False,Germany
638622,Frenkie de Jong,8634,Barcelona,ESP-La Liga,2.3,76.5,8.0,0.0,0.8,2.9,0.18,0.04,0.6,4.0,0.0,1.0,0.1,0.3,0.3,7.44,0.0,27.0,0.4,2.3,0.3,1406,18,Midfielder,0.8461538461538461,0.303030303030303,0.0300653594771241,0.5,0.1074074074074074,0.25,0.0999999999999999,32.930078795443904,68.7607140999636,34.981393353097204,63.95796276070109,45.8934943062845,True,False,Netherlands
873270,Anastasios Douvikas,10171,Como,ITA-Serie A,0.5,11.6,2.0,0.0,0.5,1.3,0.09,0.5,1.2,0.0,0.54,0.2,1.3,0.2,0.3,6.73,0.0,17.0,2.7,0.7,0.6,1338,25,Attacker,0.4285714285714286,0.2222222222222222,0.043103448275862,0.5,0.0764705882352941,0.4814814814814814,0.1851851851851851,54.31985294117647,39.007352941176464,92.61029411764706,18.05514705882353,45.84154196555661,True,False,Greece
1515977,Ilyas Ansah,8149,1. FC Union Berlin,GER-Bundesliga,0.2,10.7,1.0,0.0,0.8,0.9,0.06,0.17,1.0,1.0,0.31,0.2,0.5,0.1,0.6,6.52,0.0,13.0,1.5,0.6,1.4,1442,22,Attacker,0.4444444444444445,0.25,0.0186915887850467,1.4,0.0692307692307692,0.3333333333333333,0.1133333333333333,75.56985294117646,24.823529411764707,61.889705882352935,31.97058823529412,45.82212077051627,True,False,Germany
978680,Han-Noah Massengo,8406,FC Augsburg,GER-Bundesliga,1.0,36.6,3.0,0.0,1.8,1.2,0.06,0.05,0.8,1.0,0.1,1.4,0.2,0.3,0.7,7.05,0.0,13.0,0.7,1.7,1.0,1798,22,Midfielder,0.7948717948717949,0.4516129032258065,0.0273224043715847,1.25,0.0923076923076923,0.2857142857142857,0.0714285714285714,55.60987803609508,38.75343267280386,30.92564492640557,69.03987231497372,45.81659543631655,True,False,France
1076756,Brennan Johnson,9826,Crystal Palace,ENG-Premier League,0.5,13.7,0.0,0.0,1.6,0.7,0.06,0.15,0.7,0.0,0.0,0.3,0.4,0.0,0.7,6.59,0.0,10.0,1.3,1.4,0.4,1057,23,Attacker,0.7083333333333334,0.1764705882352941,0.0364963503649635,0.5714285714285715,0.0699999999999999,0.3076923076923077,0.1153846153846153,51.2184948249857,28.99065116762885,56.72856529879856,52.21134342331097,45.750512103889264,True,False,Wales
1093285,Fabiano Parisi,8535,Fiorentina,ITA-Serie A,1.6,31.8,3.0,0.0,1.3,1.4,0.12,0.05,0.7,1.0,0.0,1.5,0.3,0.4,0.2,6.93,0.0,16.0,1.2,1.0,1.7,1034,16,Midfielder,0.78125,0.6,0.050314465408805,2.428571428571429,0.0875,0.25,0.0416666666666666,64.08265720081135,49.51135122484007,24.53452826754044,54.35642585946846,45.72913165777175,True,False,Italy
1012842,Gianluca Gaetano,8529,Cagliari,ITA-Serie A,2.8,37.0,2.0,0.0,1.2,1.0,0.09,0.1,1.5,3.0,0.17,0.7,0.7,0.0,0.1,6.77,0.0,19.0,1.7,1.0,0.8,1086,23,Midfielder,0.53125,0.4117647058823529,0.0756756756756756,0.5333333333333333,0.0526315789473684,0.4117647058823529,0.0588235294117647,53.44617595048629,44.89440630363551,52.42823893483123,31.18256878348156,45.71900231443895,True,False,Italy
1015185,Eduardo Camavinga,8633,Real Madrid,ESP-La Liga,2.9,59.3,1.0,0.0,1.3,1.3,0.12,0.1,2.0,0.0,0.09,0.8,0.2,0.5,0.5,7.29,0.0,10.0,0.9,4.0,1.1,988,18,Midfielder,0.7058823529411765,0.1666666666666666,0.0489038785834738,0.55,0.13,0.2222222222222222,0.1111111111111111,48.12270505018984,39.409528267540445,35.02084958651896,70.57644848390284,45.647705039553,True,False,France
609505,Borja Iglesias,9910,Celta de Vigo,ESP-La Liga,0.8,16.7,3.0,0.0,1.0,1.3,0.09,0.54,1.8,2.0,0.68,0.0,1.2,0.3,0.5,6.96,0.0,16.0,2.4,0.3,0.6,1323,22,Attacker,0.1428571428571428,0.0,0.0479041916167664,0.3333333333333333,0.08125,0.5,0.225,41.96478909866334,40.79700421282572,95.4519165756488,23.50514250793156,45.57233936078309,True,False,Spain
1284429,Javier Guerra,10267,Valencia CF,ESP-La Liga,2.3,35.0,4.0,0.0,1.7,1.2,0.1,0.09,1.4,3.0,0.0,1.1,0.3,0.3,0.2,6.64,0.0,12.0,1.1,1.2,1.1,1077,23,Midfielder,0.6216216216216216,0.4782608695652174,0.0657142857142857,0.7857142857142858,0.0999999999999999,0.2727272727272727,0.0818181818181818,55.101263847714144,55.368726270348986,28.13534352733136,48.99294611743901,45.55167676293488,True,False,Spain
751550,Diogo Dalot,10260,Manchester United,ENG-Premier League,1.4,31.8,4.0,0.0,3.1,1.9,0.09,0.07,0.8,3.0,0.05,0.8,0.2,0.3,0.3,7.12,0.0,22.0,0.8,1.8,0.7,1847,24,Midfielder,0.7647058823529411,0.3076923076923077,0.0440251572327044,0.8749999999999999,0.0863636363636363,0.25,0.0875,52.22068575440787,50.61412336818017,29.097252561502057,56.20064882717012,45.4288729857426,True,False,Portugal
950474,James Garner,8668,Everton,ENG-Premier League,1.7,41.2,9.0,0.0,2.4,4.0,0.16,0.07,0.9,3.0,0.08,1.5,0.4,0.3,0.4,7.45,0.0,34.0,1.5,3.1,0.6,2334,26,Midfielder,0.8363636363636363,0.3260869565217391,0.04126213592233,0.6666666666666666,0.1176470588235294,0.2666666666666666,0.0466666666666666,40.893684662193785,67.14454933166901,23.43698314869714,74.5813569459614,45.42040966907662,True,False,England
1323510,Alberto Reina,8670,Real Oviedo,ESP-La Liga,2.1,30.3,2.0,0.0,0.7,1.1,0.08,0.11,1.5,0.0,0.15,0.7,0.4,0.1,0.3,6.5,0.0,12.0,0.9,1.7,0.7,1239,22,Midfielder,0.6153846153846154,0.2916666666666667,0.0693069306930693,0.4666666666666666,0.0916666666666666,0.4444444444444445,0.1222222222222222,42.41176470588236,38.86029411764706,59.069852941176464,43.99999999999999,45.41030632423824,True,False,Spain
1233655,Alex Scott,8678,Bournemouth,ENG-Premier League,1.3,34.4,2.0,0.0,2.7,1.3,0.06,0.12,1.3,1.0,0.1,1.3,0.3,0.3,0.4,7.01,0.0,14.0,1.4,1.7,0.8,1870,26,Midfielder,0.6976744186046512,0.4333333333333333,0.0377906976744186,0.6153846153846154,0.0928571428571428,0.2142857142857143,0.0857142857142857,50.819852941176464,37.25,38.28676470588235,60.74632352941177,45.400199112910414,True,False,England
213516,Daniel Rodriguez,8661,Mallorca,ESP-La Liga,0.9,19.0,7.0,0.0,1.0,3.4,0.14,0.11,2.1,7.0,0.17,0.5,0.4,0.1,0.4,6.71,0.0,33.0,1.3,2.0,0.7,2175,37,Midfielder,0.5434782608695653,0.2,0.0473684210526315,0.3333333333333333,0.103030303030303,0.3076923076923077,0.0846153846153846,32.49336870026526,67.4602122015915,44.63196286472149,46.38262599469496,45.34014562230041,False,False,Spain
465960,Youri Tielemans,10252,Aston Villa,ENG-Premier League,2.8,47.5,4.0,0.0,0.9,2.6,0.18,0.07,1.5,4.0,0.0,0.7,0.3,0.7,0.3,7.26,0.0,26.0,1.2,2.6,0.6,1299,17,Midfielder,0.6875,0.2121212121212121,0.0589473684210526,0.3999999999999999,0.1,0.25,0.0583333333333333,40.42227076506995,71.80888854215426,27.35751157226816,56.61808914547251,45.27838758338925,True,False,Belgium
1130991,Isaac Romero,8302,Sevilla,ESP-La Liga,0.9,14.0,2.0,0.0,1.0,0.4,0.04,0.4,1.7,0.0,0.27,0.1,1.0,0.0,0.7,6.39,0.0,7.0,2.4,1.0,0.6,989,18,Attacker,0.3928571428571429,0.0909090909090909,0.0642857142857143,0.3529411764705882,0.0571428571428571,0.4166666666666667,0.1666666666666666,46.76698132834036,29.707754719925106,76.45093488323711,37.75150829562594,45.23054498335932,True,False,Spain
956683,Ryan Gravenberch,8650,Liverpool,ENG-Premier League,0.8,55.0,4.0,0.0,1.8,1.7,0.07,0.06,1.0,2.0,0.17,1.4,0.3,0.3,0.3,7.42,0.0,21.0,1.1,1.8,0.9,2120,24,Midfielder,0.7619047619047619,0.4374999999999999,0.0145454545454545,0.9,0.0809523809523809,0.2727272727272727,0.0545454545454545,54.47301321058927,50.34321527019296,25.514751391272693,61.16618557237218,45.2209593895868,True,False,Netherlands
951714,Adrián Bernabé,10167,Parma,ITA-Serie A,2.7,38.1,6.0,0.0,0.8,2.8,0.13,0.09,0.5,1.0,0.14,0.5,0.5,0.2,0.5,7.03,0.0,46.0,1.9,1.2,0.5,1979,25,Midfielder,0.7727272727272726,0.2941176470588235,0.0708661417322834,1.0,0.0608695652173913,0.2631578947368421,0.0473684210526315,57.75572112133978,50.620052530295936,28.57925053310449,48.11203645914599,45.1879467137925,True,False,Spain
469615,Giovanni Simeone,9804,Torino,ITA-Serie A,0.4,13.1,2.0,0.0,0.8,0.6,0.04,0.38,1.3,0.0,0.37,0.0,1.3,0.0,0.7,6.63,0.0,9.0,3.2,0.7,1.1,1203,19,Attacker,0.35,0.0,0.0305343511450381,0.8461538461538461,0.0666666666666666,0.40625,0.11875,68.1029411764706,20.669117647058822,77.68382352941177,32.794117647058826,45.13589755757802,True,False,Argentina
1339269,Hugo Larsson,9810,Eintracht Frankfurt,GER-Bundesliga,2.4,39.3,1.0,0.0,1.2,0.9,0.09,0.07,0.4,2.0,0.09,1.1,0.3,0.1,0.1,6.79,0.0,9.0,0.7,1.0,0.3,968,15,Midfielder,0.8400000000000001,0.5238095238095238,0.0610687022900763,0.7499999999999999,0.1,0.4285714285714286,0.1,42.302660321423,37.363330212721685,52.3326637020856,52.15301399074218,45.099402806043656,True,False,Sweden
1119643,Jan Thielmann,8722,1. FC Köln,GER-Bundesliga,1.4,16.5,1.0,0.0,2.6,0.8,0.06,0.13,0.6,1.0,0.21,0.8,0.7,0.2,0.2,6.74,0.0,7.0,1.5,1.1,0.4,1280,19,Attacker,0.76,0.4210526315789473,0.0848484848484848,0.6666666666666667,0.1142857142857143,0.4666666666666666,0.0866666666666666,48.40441176470589,34.11029411764706,59.3014705882353,40.73529411764706,45.07620934200526,True,False,Germany
852071,Juan Hernández,8603,Real Betis,ESP-La Liga,1.3,17.0,6.0,0.0,1.1,1.7,0.09,0.42,0.9,3.0,0.44,0.4,0.8,0.1,0.8,7.33,0.0,27.0,3.1,1.1,0.9,1651,19,Attacker,0.625,0.2666666666666666,0.0764705882352941,1.0,0.0629629629629629,0.2580645161290322,0.1354838709677419,54.06863395225464,37.95508919748271,51.20746866385812,36.04966323399386,45.02095390960832,True,False,Colombia
1272440,Valentin Barco,9848,Strasbourg,FRA-Ligue 1,2.7,53.8,11.0,0.0,0.6,5.4,0.31,0.08,1.0,4.0,0.06,0.6,0.3,0.0,0.6,7.33,0.0,27.0,1.0,2.2,1.1,1605,19,Midfielder,0.736842105263158,0.2142857142857142,0.0501858736059479,1.1,0.2,0.3,0.08,48.338241795391895,76.16215478233734,24.033449056014984,45.80211421438602,44.98867379691319,True,False,Argentina
1387194,Kassoum Ouattara,9829,Monaco,FRA-Ligue 1,0.9,25.7,5.0,0.0,1.7,2.2,0.2,0.09,2.1,3.0,0.0,1.4,0.0,0.0,0.5,7.03,0.0,17.0,1.1,2.5,0.8,963,14,Midfielder,0.65,0.358974358974359,0.0350194552529182,0.3809523809523809,0.1294117647058823,0.0,0.0818181818181818,37.66544117647058,74.36764705882352,23.264705882352946,71.30882352941177,44.97094085779967,True,False,France
543306,Federico Bonazzoli,7801,Cremonese,ITA-Serie A,1.1,23.0,3.0,0.0,0.4,0.9,0.06,0.32,0.8,1.0,0.32,0.3,1.0,0.0,0.4,6.72,0.0,9.0,2.7,1.0,0.3,1411,22,Attacker,0.6190476190476191,0.2307692307692307,0.0478260869565217,0.3749999999999999,0.1,0.3703703703703703,0.1185185185185185,42.85294117647059,38.19117647058823,72.76838235294119,32.45955882352941,44.96133028547029,True,False,Italy
1292833,Tyler Dibling,8466,Southampton,ENG-Premier League,0.7,23.7,3.0,0.0,0.8,1.5,0.07,0.12,1.4,0.0,0.1,0.4,0.4,0.2,0.2,6.47,0.0,20.0,1.3,1.6,2.2,1874,33,Attacker,0.5882352941176471,0.2,0.0295358649789029,1.5714285714285716,0.075,0.3076923076923077,0.0923076923076923,72.02254641909815,34.07824933687003,43.129973474801055,33.02718832891247,44.960277080194885,False,False,England
1016132,Kouadio Koné,8686,Roma,ITA-Serie A,1.4,45.8,2.0,0.0,0.9,1.7,0.08,0.09,1.9,1.0,0.09,0.7,0.2,0.1,0.4,7.2,0.0,20.0,0.8,1.9,1.1,1942,22,Midfielder,0.5777777777777777,0.2692307692307693,0.0305676855895196,0.5789473684210527,0.0849999999999999,0.25,0.1124999999999999,52.65735034066677,38.30823841472929,40.51191033442555,48.87180787434337,44.87124376396952,True,False,France
954621,Youssouf Fofana,8564,Milan,ITA-Serie A,0.9,27.1,2.0,0.0,0.7,2.0,0.12,0.16,1.0,2.0,0.06,0.5,0.6,0.1,0.7,6.81,0.0,21.0,1.8,1.9,0.4,1475,21,Midfielder,0.7058823529411765,0.2083333333333333,0.033210332103321,0.4,0.0952380952380952,0.3333333333333333,0.0888888888888888,38.103103708326834,54.58481562386228,35.10759608883341,60.67491028241535,44.823748182534175,True,False,France
750734,Dodo,8535,Fiorentina,ITA-Serie A,1.5,32.0,6.0,0.0,1.5,3.2,0.13,0.05,0.4,2.0,0.0,0.8,0.0,0.0,0.2,7.06,0.0,38.0,0.7,0.8,1.3,2161,25,Midfielder,0.8,0.5,0.046875,3.25,0.0842105263157894,0.0,0.0714285714285714,74.01534300722942,67.10221303375461,15.95662349820565,46.29431918656056,44.80448889458783,True,False,Brazil
1173678,Johnny Cardoso,8603,Real Betis,ESP-La Liga,1.5,39.9,2.0,0.0,2.6,0.8,0.03,0.09,1.6,1.0,0.13,2.0,0.3,0.5,0.5,7.07,0.0,9.0,0.8,2.3,1.1,2143,28,Midfielder,0.7288135593220338,0.4651162790697674,0.037593984962406,0.6875,0.0888888888888888,0.3749999999999999,0.1124999999999999,49.86737400530503,23.39522546419097,49.99336870026525,74.84416445623341,44.790555407032045,False,False,USA
1382000,Petar Sucic,8636,Internazionale,ITA-Serie A,2.4,44.3,5.0,0.0,0.9,1.5,0.12,0.1,1.7,2.0,0.08,0.3,0.3,0.1,0.6,7.0,0.0,20.0,1.3,1.9,0.9,1151,23,Midfielder,0.5641025641025641,0.1363636363636363,0.0541760722347629,0.5294117647058824,0.075,0.2307692307692307,0.0769230769230769,46.397058823529406,52.963235294117645,32.650735294117645,51.09926470588236,44.78132439282484,True,False,Croatia
610184,Emiliano Buendia,10252,Aston Villa,ENG-Premier League,1.1,28.3,1.0,0.0,1.2,1.5,0.12,0.2,2.0,2.0,0.39,0.4,0.7,0.2,0.8,6.82,0.0,22.0,2.7,2.6,0.5,1150,24,Attacker,0.6,0.1333333333333333,0.03886925795053,0.25,0.0681818181818181,0.2592592592592592,0.074074074074074,31.27205882352941,41.58088235294118,54.17647058823529,66.11764705882352,44.74932849402088,True,False,Argentina
208494,Casemiro,10260,Manchester United,ENG-Premier League,2.6,44.4,3.0,0.0,2.3,2.4,0.13,0.21,1.7,2.0,0.26,1.0,0.6,0.7,0.3,7.23,0.0,23.0,1.9,3.0,0.3,1735,24,Midfielder,0.7017543859649122,0.25,0.0585585585585585,0.1764705882352941,0.1043478260869565,0.3157894736842105,0.1105263157894736,24.29524236750403,57.67900608519269,51.823594424507206,67.46499063816508,44.70523566772373,True,False,Brazil
642551,Aleix Garcia,8178,Bayer 04 Leverkusen,GER-Bundesliga,5.5,101.1,9.0,0.0,1.1,4.0,0.21,0.07,0.3,5.0,0.05,0.8,0.2,0.2,0.2,7.45,0.0,31.0,0.9,0.7,0.2,1753,21,Midfielder,0.8333333333333333,0.5333333333333333,0.0544015825914935,0.6666666666666667,0.1290322580645161,0.2222222222222222,0.0777777777777777,37.28145966609456,84.58097987205493,30.27069355593696,42.7920632443959,44.64720625310027,True,False,Spain
113836,Danny Welbeck,10204,Brighton and Hove Albion,ENG-Premier League,0.2,15.3,1.0,0.0,1.1,0.7,0.05,0.52,1.3,0.0,0.5,0.3,0.9,0.0,0.5,6.66,0.0,13.0,2.1,1.0,0.4,1453,25,Attacker,0.5,0.2307692307692307,0.0130718954248366,0.3076923076923077,0.0538461538461538,0.4285714285714285,0.2476190476190476,49.52190929422167,21.884654392260884,89.63376371768868,38.64526447183648,44.56678464243959,True,False,England
1106742,Sergio Carreira,9910,Celta de Vigo,ESP-La Liga,2.0,43.4,0.0,0.0,2.4,1.1,0.06,0.07,0.7,1.0,0.11,0.9,0.2,0.1,0.2,7.05,0.0,13.0,0.6,1.4,0.9,1645,21,Midfielder,0.7666666666666666,0.391304347826087,0.0460829493087557,1.2857142857142858,0.0846153846153846,0.3333333333333333,0.1166666666666666,58.37732095490716,38.41407915951526,35.49038461538462,47.45192307692307,44.54246987210471,True,False,Spain
847357,Mehdi Leris,6479,Pisa,ITA-Serie A,1.5,19.6,5.0,0.0,2.3,1.6,0.13,0.12,1.3,3.0,0.08,0.9,0.5,0.6,0.5,6.79,0.0,20.0,1.7,3.0,0.4,1069,23,Midfielder,0.75,0.2307692307692307,0.0765306122448979,0.3076923076923077,0.08,0.2941176470588235,0.0705882352941176,31.11764705882353,55.897058823529406,36.9485294117647,72.40808823529412,44.52520934536738,True,False,Algeria
1367615,Warren Zaire-Emery,9847,Paris Saint-Germain,FRA-Ligue 1,1.3,67.8,6.0,0.0,0.7,2.2,0.11,0.03,1.3,3.0,0.05,0.5,0.2,0.3,0.5,7.4,0.0,31.0,0.7,1.7,1.1,1776,22,Midfielder,0.6285714285714287,0.2272727272727272,0.0191740412979351,0.8461538461538461,0.0709677419354838,0.2857142857142857,0.0428571428571428,52.4026239142872,48.97399490300099,26.66303895563531,58.75144978415769,44.52238516245279,True,False,France
244811,Davide Zappacosta,8524,Atalanta,ITA-Serie A,1.0,33.7,0.0,0.0,1.5,2.5,0.14,0.06,0.4,2.0,0.05,0.8,0.3,0.1,0.3,7.01,0.0,25.0,1.2,0.7,0.8,1657,22,Midfielder,0.7894736842105263,0.5333333333333333,0.029673590504451,2.0,0.1,0.25,0.05,58.89583658397046,57.34096582930255,26.82020075934884,39.91389712383627,44.46128008165153,True,False,Italy
1252373,Roberto Fernández,8558,Espanyol,ESP-La Liga,0.0,8.9,6.0,0.0,1.0,2.3,0.12,0.29,1.4,2.0,0.26,0.2,0.8,0.1,0.8,6.64,0.0,16.0,2.2,0.4,0.3,1732,24,Attacker,0.3,0.3333333333333333,0.0,0.2142857142857143,0.14375,0.3636363636363636,0.1318181818181818,33.95699407083789,50.28038695584335,72.74756852343059,30.778560097779167,44.43576944346679,True,False,Spain
602523,Maximilian Eggestein,8358,Sport-Club Freiburg,GER-Bundesliga,1.2,33.9,2.0,0.0,2.1,1.2,0.05,0.13,0.7,0.0,0.09,1.0,0.4,0.5,0.4,6.93,0.0,14.0,1.5,2.1,0.5,1980,22,Midfielder,0.8157894736842106,0.3225806451612903,0.0353982300884955,0.7142857142857143,0.0857142857142857,0.2666666666666666,0.0866666666666666,45.59181099495501,37.38035054870755,37.85037317314194,64.6891870806678,44.41306809372389,True,False,Germany
1107280,Pape Sarr,8586,Tottenham Hotspur,ENG-Premier League,1.2,35.5,2.0,0.0,3.4,0.9,0.09,0.11,2.2,3.0,0.19,0.8,0.5,0.6,0.4,6.78,0.0,6.0,0.8,1.9,0.6,930,17,Midfielder,0.5510204081632653,0.2962962962962963,0.0338028169014084,0.2727272727272727,0.15,0.625,0.1374999999999999,31.187516253185624,37.49451292453321,63.784560773911686,58.37797108233213,44.270543890595015,True,False,Senegal
1664716,Dayann Methalie,9941,Toulouse,FRA-Ligue 1,0.5,16.5,1.0,0.0,1.6,1.1,0.08,0.04,2.6,0.0,0.0,0.8,0.4,0.2,0.4,6.55,0.0,6.0,0.7,2.7,1.5,1214,18,Midfielder,0.5737704918032788,0.2285714285714286,0.0303030303030303,0.5769230769230769,0.1833333333333333,0.5714285714285715,0.0571428571428571,48.73529411764705,45.80147058823529,30.639705882352946,57.86397058823529,44.22071163668552,True,False,France
1473806,Marco Palestra,8529,Cagliari,ITA-Serie A,0.8,21.7,6.0,0.0,1.3,2.4,0.11,0.05,1.3,4.0,0.04,0.6,0.1,0.1,0.1,7.11,0.0,21.0,0.7,1.9,1.8,2061,24,Midfielder,0.6578947368421053,0.24,0.0368663594470046,1.3846153846153846,0.1142857142857142,0.1428571428571428,0.0714285714285714,66.93382352941177,65.94852941176471,19.819852941176467,39.22058823529412,44.2051528681648,True,False,Italy
664500,Viktor Gyökeres,9825,Arsenal,ENG-Premier League,0.1,6.9,2.0,0.0,0.9,1.3,0.07,0.44,1.1,0.0,0.44,0.1,0.8,0.1,0.6,6.72,0.0,14.0,2.0,0.3,0.3,1646,25,Attacker,0.2666666666666666,0.25,0.0144927536231884,0.2727272727272727,0.0928571428571428,0.4,0.22,38.32720588235294,39.213235294117645,88.25367647058823,26.74264705882353,44.18597035191317,True,False,Sweden
939061,Giorgi Tsitaishvili,8550,Metz,FRA-Ligue 1,0.7,19.5,4.0,0.0,1.5,3.2,0.18,0.06,0.7,1.0,0.12,0.4,0.2,0.1,0.2,6.67,0.0,25.0,1.1,0.7,1.2,1546,22,Attacker,0.6111111111111112,0.3636363636363636,0.0358974358974358,1.7142857142857144,0.128,0.1818181818181818,0.0545454545454545,70.53308823529412,75.77205882352942,25.36029411764705,21.698529411764703,43.925809474096575,True,False,Georgia
940829,Carlos Augusto,8636,Internazionale,ITA-Serie A,0.6,44.9,0.0,0.0,2.5,1.3,0.11,0.1,1.6,1.0,0.09,0.5,0.4,0.3,0.4,6.93,0.0,10.0,1.2,2.1,0.5,986,22,Midfielder,0.6190476190476191,0.1923076923076923,0.0133630289532293,0.3125,0.13,0.3333333333333333,0.0833333333333333,37.18588443334894,47.77076506995371,45.79428668018932,47.86938940032246,43.86502548162962,True,False,Brazil
1226189,Martim Neto,10268,Elche,ESP-La Liga,0.7,35.5,3.0,0.0,0.9,1.5,0.13,0.07,1.2,4.0,0.17,0.2,0.3,0.1,0.3,6.78,0.0,20.0,1.0,1.1,1.5,1076,20,Midfielder,0.52,0.1538461538461538,0.0197183098591549,1.25,0.075,0.3,0.07,66.88235294117646,50.19117647058823,37.59191176470589,23.830882352941178,43.848216619826985,True,False,Portugal
1199272,Rasmus Højlund,9875,Napoli,ITA-Serie A,0.3,12.9,3.0,0.0,0.6,1.9,0.1,0.4,1.4,2.0,0.41,0.0,0.9,0.1,0.4,6.74,0.0,18.0,1.9,0.2,0.4,1740,21,Attacker,0.125,0.0,0.0232558139534883,0.2857142857142857,0.1055555555555555,0.4736842105263158,0.2105263157894737,40.12456441462526,45.68441514536849,83.88356217818693,20.94070837884225,43.76053335667183,True,False,Denmark
975242,Simon Sohm,10167,Parma,ITA-Serie A,1.2,31.3,2.0,0.0,1.1,2.1,0.06,0.09,0.6,0.0,0.12,0.8,0.4,0.1,0.2,6.66,0.0,20.0,1.0,0.8,0.5,2999,37,Midfielder,0.7272727272727273,0.5,0.0383386581469648,0.8333333333333334,0.105,0.4,0.09,48.8395225464191,39.6684350132626,46.992705570291776,38.189655172413794,43.71590258911338,False,False,Switzerland
1238154,Pablo Ibánez,9866,Alavés,ESP-La Liga,0.9,36.1,1.0,0.0,1.4,1.0,0.06,0.22,1.6,1.0,0.06,0.8,0.6,0.4,0.5,6.7,0.0,12.0,2.0,1.9,1.7,1449,24,Midfielder,0.6279069767441859,0.2962962962962963,0.0249307479224376,1.0625,0.0833333333333333,0.3,0.11,61.03630311541062,23.75490196078432,44.41436521558226,55.13362068965517,43.629370270589725,True,False,Spain
759817,Miro Muheim,9790,Hamburger SV,GER-Bundesliga,3.0,32.6,5.0,0.0,2.2,3.5,0.17,0.05,1.3,4.0,0.0,1.1,0.3,0.1,0.3,7.34,0.0,37.0,1.0,2.2,0.8,1823,21,Midfielder,0.717391304347826,0.3333333333333333,0.0920245398773006,0.6153846153846154,0.0945945945945946,0.3,0.05,45.54044117647058,71.69852941176471,19.613970588235293,59.713235294117645,43.62668684117487,True,False,Switzerland
626890,Marius Bülter,8722,1. FC Köln,GER-Bundesliga,1.0,16.5,6.0,0.0,0.9,3.6,0.29,0.29,1.0,3.0,0.24,0.3,1.0,0.2,0.3,6.7,0.0,20.0,2.7,0.3,0.2,1117,20,Attacker,0.3749999999999999,0.5,0.0606060606060606,0.2,0.18,0.3703703703703703,0.1074074074074074,32.08823529411765,86.38970588235294,67.15073529411765,17.106617647058822,43.59280067841024,True,False,Germany
711231,Gorka Guruzeta,8315,Athletic Club,ESP-La Liga,0.7,14.5,5.0,0.0,0.7,1.3,0.08,0.4,1.9,1.0,0.26,0.3,1.1,0.0,0.7,6.57,0.0,16.0,3.2,0.6,0.5,1385,21,Attacker,0.3214285714285714,0.3333333333333333,0.0482758620689655,0.2631578947368421,0.08125,0.34375,0.125,35.86956493472721,35.48170541426119,71.13223591823997,40.932120195558326,43.58614079383528,True,False,Spain
598355,Denis Zakaria,9829,Monaco,FRA-Ligue 1,1.3,42.5,1.0,0.0,2.5,0.6,0.06,0.06,1.1,1.0,0.09,1.6,0.1,0.5,0.1,6.96,0.0,4.0,0.8,1.5,0.4,954,12,Midfielder,0.7380952380952381,0.5161290322580645,0.0305882352941176,0.3636363636363636,0.15,0.125,0.075,38.76964685078275,43.17978623810267,41.50572112133978,55.36745202059603,43.50564122422023,True,False,Switzerland
1120224,Tyrick Mitchell,9826,Crystal Palace,ENG-Premier League,1.0,21.6,1.0,0.0,2.8,1.4,0.05,0.04,0.7,0.0,0.04,1.0,0.2,0.3,0.2,7.07,0.0,19.0,0.4,2.8,0.4,2309,26,Midfielder,0.8444444444444444,0.2631578947368421,0.0462962962962962,0.5714285714285715,0.0736842105263157,0.5,0.0999999999999999,39.96333281323139,41.12295209861133,39.0223058719509,60.65908618089145,43.49376321502144,True,False,England
777028,André Almeida,10267,Valencia CF,ESP-La Liga,1.7,34.5,4.0,0.0,0.5,4.9,0.22,0.05,1.3,4.0,0.0,0.4,0.2,0.1,0.4,6.81,0.0,43.0,0.8,2.2,1.0,1988,34,Midfielder,0.6666666666666666,0.1538461538461538,0.0492753623188405,0.7692307692307692,0.113953488372093,0.25,0.0625,49.32692307692307,73.91909814323608,19.69164456233422,49.71816976127322,43.449811456952894,False,False,Portugal
1287373,Jobe Bellingham,9789,Borussia Dortmund,GER-Bundesliga,2.4,46.7,1.0,0.0,1.5,0.7,0.07,0.07,0.9,1.0,0.0,2.6,0.3,0.4,0.7,6.74,0.0,4.0,1.1,2.1,0.6,921,20,Midfielder,0.8392857142857142,0.5531914893617021,0.0513918629550321,0.6666666666666666,0.175,0.2727272727272727,0.0636363636363636,47.459558823529406,42.66911764705882,22.893382352941178,86.01470588235294,43.377803464874845,True,False,England
290201,Philipp Hofmann,9911,VfL Bochum 1848,GER-Bundesliga,0.6,17.2,7.0,0.0,1.3,2.6,0.1,0.22,1.4,2.0,0.12,0.2,0.7,0.0,0.6,6.64,0.0,27.0,2.1,0.7,0.4,2284,31,Attacker,0.391304347826087,0.2222222222222222,0.0348837209302325,0.2857142857142857,0.0962962962962963,0.3333333333333333,0.1047619047619047,32.8580901856764,58.295755968169765,54.648541114058354,34.02519893899204,43.36673314552156,False,False,Germany
506776,Stefano Moreo,6479,Pisa,ITA-Serie A,0.5,12.5,3.0,0.0,2.4,1.0,0.07,0.25,1.1,1.0,0.34,0.9,0.8,0.3,0.5,6.88,0.0,14.0,2.4,0.8,0.3,1319,24,Midfielder,0.6071428571428571,0.5294117647058824,0.04,0.2727272727272727,0.0714285714285714,0.3333333333333333,0.1041666666666666,34.25367647058823,34.63235294117647,66.15441176470588,47.30882352941176,43.19274345223128,True,False,Italy
562719,Valentin Rongier,9851,Rennes,FRA-Ligue 1,1.6,56.2,5.0,0.0,1.6,2.3,0.12,0.04,1.7,2.0,0.05,1.0,0.3,0.4,0.7,7.46,0.0,27.0,0.9,2.2,0.8,1755,20,Midfielder,0.6530612244897959,0.3125,0.0284697508896797,0.4705882352941177,0.0851851851851851,0.3333333333333333,0.0444444444444444,33.68983070681853,54.97036719196964,30.476205336245908,70.08672049721746,42.99314135523842,True,False,France
275034,Silvan Widmer,9905,1. FSV Mainz 05,GER-Bundesliga,1.2,20.1,2.0,0.0,3.3,0.9,0.07,0.17,0.9,0.0,0.15,0.8,0.2,0.5,0.2,6.78,0.0,3.0,1.3,2.2,0.2,1170,17,Midfielder,0.7692307692307693,0.2666666666666666,0.0597014925373134,0.2222222222222222,0.3,0.1538461538461538,0.1307692307692307,29.948529411764703,47.3014705882353,50.53308823529412,53.397058823529406,42.95648514006968,True,False,Switzerland
1113724,Tyler Morton,9748,Lyon,FRA-Ligue 1,3.9,46.6,2.0,0.0,1.6,2.9,0.15,0.07,1.3,2.0,0.11,0.8,0.3,0.5,0.5,7.22,0.0,24.0,1.2,1.8,0.5,1677,19,Midfielder,0.6666666666666666,0.3076923076923077,0.0836909871244635,0.3846153846153846,0.1208333333333333,0.25,0.0583333333333333,33.35294117647059,66.01470588235294,29.150735294117645,59.46691176470589,42.940576418019326,True,False,England
517052,Vedat Muriqi,8661,Mallorca,ESP-La Liga,0.6,13.2,1.0,0.0,2.1,0.7,0.03,0.56,1.0,1.0,0.76,0.0,1.6,0.2,0.7,7.27,0.0,11.0,3.3,0.2,0.6,1887,23,Attacker,0.1666666666666666,0.0,0.0454545454545454,0.6,0.0636363636363636,0.4848484848484849,0.1696969696969697,52.52049851770946,23.81519477817652,88.62384277318354,26.727310552868364,42.91319821921943,True,False,Kosovo
950545,Oihan Sancet,8315,Athletic Club,ESP-La Liga,0.9,24.9,0.0,0.0,0.5,0.7,0.05,0.33,1.3,0.0,0.16,0.2,0.6,0.2,0.6,6.48,0.0,16.0,2.3,0.8,0.5,1152,17,Midfielder,0.4347826086956522,0.2,0.036144578313253,0.3846153846153846,0.04375,0.2608695652173913,0.1434782608695652,55.94576637020856,22.293038435533365,72.87401830758829,33.24082020075935,42.79076098740182,True,False,Spain
292313,Raul Jiménez,9879,Fulham,ENG-Premier League,0.6,13.6,2.0,0.0,1.3,0.7,0.04,0.44,1.8,3.0,0.31,0.4,0.8,0.1,0.3,6.82,0.0,20.0,3.0,1.3,0.4,1718,25,Attacker,0.4857142857142857,0.2352941176470588,0.0441176470588235,0.2222222222222222,0.0349999999999999,0.2666666666666666,0.1466666666666666,40.67329796640141,32.353942372705056,75.2865501638321,31.908312529255728,42.681014628499454,True,False,Mexico
689680,Jens Odgaard,9857,Bologna,ITA-Serie A,0.3,14.6,1.0,0.0,0.9,1.0,0.08,0.18,2.0,1.0,0.34,0.3,0.8,0.0,0.9,6.73,0.0,10.0,2.2,1.2,0.5,1045,19,Midfielder,0.4285714285714285,0.1999999999999999,0.0205479452054794,0.25,0.1,0.3636363636363636,0.0818181818181818,32.64760493056639,38.10214802101212,60.14612914131169,47.70041478129713,42.6480437062974,True,False,Denmark
1481909,Ebenezer Akinsanmiro,6479,Pisa,ITA-Serie A,1.7,25.4,2.0,0.0,1.1,1.1,0.11,0.06,2.2,1.0,0.0,1.5,0.3,0.3,0.7,6.98,0.0,12.0,1.1,2.1,1.5,933,14,Midfielder,0.6206896551724137,0.4166666666666666,0.0669291338582677,0.6818181818181818,0.0916666666666666,0.2727272727272727,0.0545454545454545,52.86764705882353,43.53676470588236,20.003676470588232,76.51102941176471,42.52979577679189,True,False,Nigeria
1286471,Roger Brugué,8581,Levante,ESP-La Liga,0.3,16.8,2.0,0.0,1.6,0.7,0.07,0.22,1.1,1.0,0.0,0.4,0.5,0.1,0.2,6.26,0.0,6.0,1.8,1.0,0.9,900,15,Attacker,0.5599999999999999,0.2857142857142857,0.0178571428571428,0.8181818181818181,0.1166666666666666,0.2777777777777778,0.1222222222222222,62.39705882352941,39.25735294117647,46.57720588235294,23.47058823529412,42.4793283820006,True,False,Spain
1057433,Tanner Tessmann,9748,Lyon,FRA-Ligue 1,2.2,43.7,3.0,0.0,2.5,1.1,0.07,0.11,0.8,0.0,0.06,0.8,0.4,0.6,0.2,6.96,0.0,10.0,1.3,1.4,0.4,1495,20,Midfielder,0.7333333333333334,0.3636363636363636,0.0503432494279176,0.5,0.11,0.3076923076923077,0.0846153846153846,43.180754927965886,39.757606490872206,38.73092526135122,50.49711343423311,42.47270348030159,True,False,USA
684983,Atakan Karazor,10269,VfB Stuttgart,GER-Bundesliga,0.8,42.3,3.0,0.0,2.7,1.4,0.1,0.04,0.9,0.0,0.0,0.8,0.1,0.3,0.4,7.04,0.0,9.0,0.3,1.7,0.3,1344,20,Midfielder,0.7352941176470589,0.32,0.0189125295508274,0.3333333333333333,0.1555555555555555,0.3333333333333333,0.1333333333333333,27.25648827170125,55.99297862381027,41.58913246996411,59.770400998595726,42.4342530737288,True,False,Turkiye
737339,Dany Mota,6504,Monza,ITA-Serie A,0.7,17.0,3.0,0.0,1.0,1.7,0.07,0.22,1.3,2.0,0.21,0.4,0.5,0.0,0.5,6.52,0.0,22.0,1.8,0.6,0.6,2111,31,Attacker,0.4347826086956522,0.4,0.0411764705882352,0.4615384615384615,0.0772727272727272,0.2777777777777778,0.1222222222222222,43.60742705570292,36.02122015915119,59.01193633952254,32.960875331564985,42.39771561370517,False,False,Portugal
708890,Carlos Soler,8560,Real Sociedad,ESP-La Liga,1.9,36.4,5.0,0.0,1.0,2.0,0.14,0.12,1.6,2.0,0.14,0.6,0.8,0.4,0.3,6.81,0.0,28.0,1.5,1.7,0.5,1294,20,Midfielder,0.5897435897435898,0.2608695652173913,0.0521978021978022,0.3125,0.0714285714285714,0.5333333333333333,0.08,31.05324543610547,55.448041816195975,49.92819992718572,39.08057679305144,42.32357281121685,True,False,Spain
1033111,Kaishu Sano,9905,1. FSV Mainz 05,GER-Bundesliga,1.5,29.7,2.0,0.0,1.6,1.8,0.08,0.04,0.3,1.0,0.05,2.3,0.1,0.3,0.3,7.29,0.0,15.0,0.6,1.5,0.9,1979,22,Midfielder,0.926829268292683,0.6052631578947368,0.0505050505050505,3.0,0.12,0.1666666666666666,0.0666666666666666,66.00570811879128,45.12267904509284,16.769653352057002,63.56379050293858,42.29082393896496,True,False,Japan
604982,Ruben Loftus-Cheek,8564,Milan,ITA-Serie A,0.3,26.6,3.0,0.0,1.3,0.9,0.08,0.28,1.8,1.0,0.27,0.4,0.5,0.1,0.4,6.7,0.0,9.0,2.6,1.0,0.8,1014,22,Midfielder,0.4374999999999999,0.2857142857142857,0.0112781954887218,0.4444444444444445,0.1,0.1923076923076923,0.1076923076923077,46.25654678316951,39.003926769646846,47.86686040463931,34.836291413116975,42.24197004071525,True,False,England
667790,Suat Serdar,9876,Verona,ITA-Serie A,2.0,23.1,2.0,0.0,1.3,0.8,0.07,0.17,1.5,0.0,0.16,0.7,0.6,0.4,0.5,6.61,0.0,13.0,1.5,2.5,0.7,1108,20,Midfielder,0.6808510638297872,0.2187499999999999,0.0865800865800865,0.4666666666666666,0.0615384615384615,0.3999999999999999,0.1133333333333333,46.40952826754043,23.88525250949186,52.13142325895876,57.457475165132365,42.2336686728521,True,False,Germany
556029,Marius Wolf,8406,FC Augsburg,GER-Bundesliga,1.5,24.7,2.0,0.0,1.9,4.5,0.19,0.03,0.8,3.0,0.04,1.0,0.1,0.2,0.4,6.9,0.0,45.0,0.5,1.1,0.8,2164,32,Midfielder,0.7241379310344827,0.4761904761904761,0.0607287449392712,1.0,0.1,0.2,0.06,51.59814323607427,64.32360742705569,18.53448275862069,51.4688328912467,42.187792575205854,False,False,Germany
942193,Mikael Egill Ellertsson,10233,Genoa,ITA-Serie A,0.4,15.1,5.0,0.0,1.2,1.5,0.08,0.09,0.9,1.0,0.05,0.6,0.3,0.2,0.3,6.54,0.0,12.0,0.8,1.3,0.4,1745,24,Midfielder,0.6785714285714286,0.3157894736842105,0.0264900662251655,0.4444444444444445,0.125,0.3749999999999999,0.1124999999999999,39.942262183387946,50.41536641181671,36.535711499453896,43.64841108857336,42.14476237575952,True,False,Iceland
850295,Alessio Zerbin,7801,Cremonese,ITA-Serie A,0.8,18.8,4.0,0.0,1.7,1.7,0.14,0.12,1.5,2.0,0.0,0.2,0.6,0.2,0.1,6.52,0.0,11.0,1.4,2.5,0.5,1084,20,Midfielder,0.6428571428571429,0.074074074074074,0.0425531914893617,0.3333333333333333,0.1545454545454545,0.4285714285714286,0.0857142857142857,33.30882352941176,65.54411764705883,42.48897058823529,34.15808823529412,42.13752099896144,True,False,Italy
1255855,Yassine Kechta,9746,Le Havre,FRA-Ligue 1,0.7,21.8,3.0,0.0,1.3,1.5,0.13,0.12,2.4,1.0,0.09,1.2,0.5,0.3,0.7,6.47,0.0,9.0,1.4,2.0,0.4,1015,20,Midfielder,0.5714285714285715,0.3749999999999999,0.0321100917431192,0.1666666666666666,0.1666666666666666,0.3571428571428571,0.0857142857142857,24.629667914911323,50.50345867790086,44.91070499817965,69.39287200291257,42.13260267406968,True,False,Morocco
640123,Antonio Martinez,9866,Alavés,ESP-La Liga,0.5,12.3,3.0,0.0,1.6,0.8,0.05,0.32,1.3,2.0,0.29,0.2,1.0,0.1,0.4,6.74,0.0,12.0,2.9,0.9,0.6,1540,23,Attacker,0.4583333333333333,0.1818181818181818,0.040650406504065,0.4615384615384615,0.0666666666666666,0.3448275862068966,0.1103448275862069,50.06808134394341,27.30388256098195,67.38653976179332,30.495611639881417,41.96769773233612,True,False,Spain
674499,Niklas Dorsch,94937,1. FC Heidenheim 1846,GER-Bundesliga,2.9,33.7,5.0,0.0,1.5,1.8,0.11,0.03,1.0,0.0,0.0,0.9,0.2,0.2,0.2,6.76,0.0,15.0,0.8,2.8,0.6,1440,20,Midfielder,0.7872340425531915,0.2432432432432432,0.086053412462908,0.6,0.12,0.25,0.0375,40.18888152077808,59.53293545534925,23.250351068809483,59.924188640973625,41.88407334824918,True,False,Germany
1324358,Frank Magri,9941,Toulouse,FRA-Ligue 1,0.1,10.7,1.0,0.0,0.9,0.9,0.07,0.31,2.0,1.0,0.36,0.2,0.9,0.1,0.4,6.72,0.0,14.0,2.3,0.6,0.7,1264,17,Attacker,0.2857142857142857,0.25,0.0093457943925233,0.35,0.0642857142857143,0.391304347826087,0.1347826086956521,38.23273261559265,36.58837832215114,77.72967051542103,25.92388958235814,41.7785277285762,True,False,Cameroon
621515,Daichi Kamada,9826,Crystal Palace,ENG-Premier League,1.5,29.6,2.0,0.0,1.1,2.0,0.14,0.1,1.4,0.0,0.0,0.6,0.3,0.1,0.6,6.98,0.0,11.0,1.1,3.1,0.6,1258,16,Midfielder,0.7254901960784315,0.1621621621621621,0.0506756756756756,0.4285714285714286,0.1818181818181818,0.2727272727272727,0.0909090909090909,33.28303947573725,55.25471992510533,26.91556145004421,71.68268580641805,41.76793017698171,True,False,Japan
749736,Kai Havertz,9825,Arsenal,ENG-Premier League,0.0,19.2,3.0,0.0,1.5,1.7,0.08,0.46,1.8,3.0,0.43,0.3,1.0,0.2,0.3,7.08,0.0,17.0,2.5,0.8,0.4,1874,23,Attacker,0.3793103448275862,0.2727272727272727,0.0,0.2222222222222222,0.0999999999999999,0.4,0.184,33.86273209549072,42.67241379310345,87.1319628647215,22.088859416445622,41.71886009735827,False,False,Germany
1224237,Mateo Pellegrino,10167,Parma,ITA-Serie A,0.4,9.1,4.0,0.0,1.1,0.8,0.03,0.29,2.4,1.0,0.31,0.1,0.8,0.2,1.0,6.65,0.0,16.0,2.4,0.5,0.7,2051,25,Attacker,0.1999999999999999,0.1666666666666666,0.0439560439560439,0.2916666666666667,0.05,0.3333333333333333,0.1208333333333333,40.44485294117647,27.86029411764706,70.1029411764706,37.82352941176471,41.71496394336715,True,False,Argentina
1098096,Evanilson,8678,Bournemouth,ENG-Premier League,0.1,11.5,2.0,0.0,0.9,0.9,0.05,0.36,0.8,0.0,0.25,0.1,0.9,0.1,0.4,6.75,0.0,23.0,2.5,0.3,0.4,1826,24,Attacker,0.3333333333333333,0.25,0.008695652173913,0.5,0.0391304347826087,0.36,0.144,44.88579211525459,30.387514952930776,78.93195116242784,24.667927913871114,41.59548650945976,True,False,Brazil
1002673,Jan Schöppner,94937,1. FC Heidenheim 1846,GER-Bundesliga,1.0,19.2,3.0,0.0,3.5,0.6,0.04,0.08,1.0,1.0,0.06,1.5,0.3,0.4,0.3,6.45,0.0,6.0,1.1,1.0,0.6,1426,20,Midfielder,0.7142857142857143,0.6,0.0520833333333333,0.6,0.0999999999999999,0.2727272727272727,0.0727272727272727,43.7116879908462,37.28885161491653,35.06750273053519,54.704523586622976,41.58195301700055,True,False,Germany
730901,Yangel Herrera,7732,Girona,ESP-La Liga,1.4,34.1,5.0,0.0,1.9,1.3,0.05,0.14,2.9,3.0,0.16,1.2,0.6,0.3,0.3,6.99,0.0,17.0,1.6,2.6,0.8,2263,29,Midfielder,0.5671641791044777,0.3157894736842105,0.0410557184750733,0.2758620689655172,0.0764705882352941,0.3749999999999999,0.0875,34.13461538461538,33.0106100795756,51.30636604774535,56.641246684350136,41.47546524704869,False,False,Venezuela
797594,Azor Matusiwa,9851,Rennes,FRA-Ligue 1,2.3,41.9,2.0,0.0,2.1,1.6,0.07,0.05,1.3,3.0,0.04,1.5,0.1,0.4,0.6,7.13,0.0,17.0,0.5,2.8,0.7,2078,29,Midfielder,0.7678571428571429,0.3488372093023256,0.0548926014319809,0.5384615384615384,0.0941176470588235,0.2,0.1,38.5974801061008,36.26657824933687,29.50928381962865,82.82824933687003,41.397078687106045,False,False,Netherlands
148830,Benjamin André,8639,Lille,FRA-Ligue 1,2.4,45.1,1.0,0.0,1.6,1.6,0.1,0.13,1.6,1.0,0.12,1.0,0.2,0.2,1.1,7.35,0.0,18.0,1.1,2.3,0.4,1520,17,Midfielder,0.6734693877551019,0.303030303030303,0.0532150776053215,0.25,0.0888888888888888,0.1818181818181818,0.1181818181818181,23.65424923284964,48.000806158006974,38.96592682165704,85.38893223071723,41.34628106447608,True,False,France
535936,Joelinton,10261,Newcastle United,ENG-Premier League,0.6,31.9,3.0,0.0,2.2,1.0,0.06,0.12,1.7,0.0,0.13,1.2,0.6,0.2,0.5,6.99,0.0,12.0,1.4,2.0,0.4,1366,19,Midfielder,0.6530612244897959,0.3749999999999999,0.018808777429467,0.2352941176470588,0.0833333333333333,0.4285714285714286,0.0857142857142857,26.92786186092474,39.07224215946326,50.120202059603685,66.15891064648672,41.31887773634008,True,False,Brazil
715069,Pedro Diaz,8370,Rayo Vallecano,ESP-La Liga,1.3,32.5,2.0,0.0,0.8,0.8,0.06,0.06,0.7,0.0,0.0,0.2,0.3,0.0,0.6,6.47,0.0,17.0,2.0,2.0,0.5,1146,20,Midfielder,0.7586206896551724,0.0909090909090909,0.04,0.7142857142857143,0.0470588235294117,0.15,0.03,58.437106672907895,35.38535652987986,23.658865137566963,59.62680735424143,41.285665910325385,True,False,Spain
1276315,Dermane Karim,8689,Lorient,FRA-Ligue 1,1.3,30.6,1.0,0.0,0.3,0.7,0.07,0.09,1.6,2.0,0.1,0.8,0.2,0.2,0.7,6.66,0.0,10.0,1.2,1.7,1.4,914,20,Midfielder,0.6097560975609757,0.32,0.0424836601307189,0.8749999999999999,0.0699999999999999,0.1666666666666666,0.075,60.014705882352935,24.352941176470587,31.246323529411764,64.20220588235294,41.24059104939338,True,False,Togo
640492,Rafa Mir,10268,Elche,ESP-La Liga,0.7,18.3,1.0,0.0,1.0,0.9,0.06,0.38,2.1,0.0,0.41,0.3,1.6,0.1,0.7,6.81,0.0,6.0,3.4,0.6,0.3,1319,19,Attacker,0.3,0.3333333333333333,0.0382513661202185,0.1428571428571428,0.15,0.4705882352941177,0.1117647058823529,26.36397058823529,39.88970588235294,80.25735294117646,36.58088235294117,41.237326121324166,True,False,Spain
1282008,Santiago Castro,9857,Bologna,ITA-Serie A,1.1,11.0,4.0,0.0,1.5,0.6,0.04,0.29,1.5,2.0,0.45,0.1,1.0,0.1,0.4,6.87,0.0,20.0,2.4,0.4,0.7,1412,22,Attacker,0.25,0.2,0.1,0.4666666666666666,0.03,0.4166666666666667,0.1208333333333333,46.932607791127054,31.50361470848286,74.68589743589743,22.291140063452435,41.1120004891847,True,False,Argentina
831489,Alexis Mac Allister,8650,Liverpool,ENG-Premier League,1.7,43.3,2.0,0.0,1.3,1.1,0.06,0.11,0.8,2.0,0.0,0.6,0.4,0.3,0.3,6.83,0.0,20.0,1.7,1.6,0.4,1735,25,Midfielder,0.7333333333333334,0.2727272727272727,0.0392609699769053,0.5,0.055,0.2352941176470588,0.0647058823529411,37.13743043636553,46.81944661153586,32.480645706558484,54.485456649503305,41.08775449079237,True,False,Argentina
921594,Domagoj Bradaric,9876,Verona,ITA-Serie A,0.7,18.8,4.0,0.0,1.9,1.9,0.11,0.03,0.4,0.0,0.0,0.4,0.3,0.1,0.3,6.57,0.0,17.0,0.5,1.4,0.2,1539,20,Midfielder,0.8181818181818182,0.2222222222222222,0.0372340425531914,0.5,0.1117647058823529,0.6,0.06,36.4629947469704,54.41241483330733,34.321253965777295,43.31481770427004,41.08641849894006,True,False,Croatia
471153,Ludovic Ajorque,8521,Brest,FRA-Ligue 1,1.3,16.8,2.0,0.0,1.3,1.6,0.08,0.3,2.0,7.0,0.15,0.4,0.5,0.1,0.7,7.07,0.0,29.0,1.7,0.6,0.4,1834,21,Attacker,0.3333333333333333,0.4,0.0773809523809523,0.2,0.0551724137931034,0.2941176470588235,0.1764705882352941,28.600743745774167,37.1475139127269,74.99714594060436,37.77704530087897,41.07734996348712,True,False,France
1092731,Joel Chima Fujita,8152,FC St. Pauli,GER-Bundesliga,1.4,32.9,5.0,0.0,0.7,3.3,0.17,0.03,1.4,3.0,0.0,1.2,0.2,0.1,0.7,7.01,0.0,24.0,1.1,2.2,1.3,1770,21,Midfielder,0.7083333333333333,0.3529411764705882,0.0425531914893617,0.9285714285714288,0.1374999999999999,0.1818181818181818,0.0272727272727272,56.41544117647058,78.21323529411765,8.742647058823529,78.74264705882354,41.057471296642944,True,False,Japan
637756,Carles Alena,9866,Alavés,ESP-La Liga,1.1,33.9,6.0,0.0,1.3,2.3,0.14,0.11,1.5,4.0,0.0,0.5,0.2,0.1,0.3,6.67,0.0,24.0,1.3,1.7,0.7,1466,24,Midfielder,0.5945945945945946,0.2272727272727272,0.0324483775811209,0.4666666666666666,0.0958333333333333,0.1538461538461538,0.0846153846153846,45.919293181463566,54.59422946897592,26.9513639673376,40.81925157330837,40.99240872676928,True,False,Spain
956913,Marvin Pieringer,94937,1. FC Heidenheim 1846,GER-Bundesliga,0.2,13.8,1.0,0.0,2.1,0.4,0.04,0.28,2.2,0.0,0.19,0.8,0.4,0.1,0.2,6.61,0.0,10.0,1.8,1.3,0.9,935,16,Attacker,0.4883720930232557,0.3809523809523809,0.0144927536231884,0.409090909090909,0.04,0.2222222222222222,0.1555555555555555,45.21834529567795,27.10704998179644,67.19085790815,31.798779060695896,40.94252279765201,True,False,Germany
921825,Jon Moncayola,8371,Osasuna,ESP-La Liga,3.2,35.0,7.0,0.0,1.6,2.3,0.11,0.08,1.2,4.0,0.0,0.7,0.1,0.1,0.4,7.08,0.0,26.0,0.8,1.6,0.5,1847,22,Midfielder,0.6571428571428571,0.3043478260869565,0.0914285714285714,0.4166666666666667,0.0884615384615384,0.125,0.0999999999999999,30.09716154366256,66.7212123576221,29.65926821657045,52.334119987517546,40.871515085855926,True,False,Spain
1174672,Joao Gomes,8602,Wolverhampton Wanderers,ENG-Premier League,1.3,41.0,1.0,0.0,1.6,1.3,0.06,0.04,2.3,0.0,0.0,1.3,0.2,0.2,0.4,6.9,0.0,13.0,0.5,3.3,1.2,2026,25,Midfielder,0.6666666666666666,0.2826086956521739,0.0317073170731707,0.5217391304347826,0.1,0.4,0.08,42.40443126852863,33.60612680085297,30.86403235034067,69.96442502730535,40.84760600764145,True,False,Brazil
1251334,Jack Hinshelwood,10204,Brighton and Hove Albion,ENG-Premier League,1.7,39.1,3.0,0.0,1.8,1.5,0.07,0.13,0.9,2.0,0.24,0.8,0.5,0.1,0.4,6.89,0.0,17.0,0.9,1.3,0.1,1846,26,Midfielder,0.7000000000000001,0.3809523809523809,0.0434782608695652,0.1111111111111111,0.088235294117647,0.5555555555555556,0.1444444444444444,24.9104774535809,36.76392572944297,70.2420424403183,49.645225464190986,40.84085879379954,False,False,England
638090,Luis Milla,8305,Getafe,ESP-La Liga,2.5,32.8,11.0,0.0,1.4,4.1,0.18,0.03,0.8,8.0,0.0,1.0,0.0,0.3,0.7,7.41,0.0,52.0,0.8,1.7,0.7,2025,23,Midfielder,0.7714285714285715,0.3703703703703703,0.0762195121951219,0.8749999999999999,0.0788461538461538,0.0,0.0375,47.82986815415821,68.04856451864566,13.420398398086029,68.34357934155095,40.83150552223499,True,False,Spain
466113,Jari Vandeputte,7801,Cremonese,ITA-Serie A,2.2,31.7,7.0,0.0,2.0,3.3,0.22,0.08,1.3,4.0,0.0,0.9,0.3,0.1,0.3,6.92,0.0,37.0,0.8,1.7,0.3,1347,21,Midfielder,0.6666666666666666,0.3461538461538461,0.0694006309148265,0.2307692307692307,0.0891891891891891,0.3749999999999999,0.0999999999999999,22.75367647058824,76.11029411764706,37.39705882352941,49.74632352941177,40.7415815147724,True,False,Belgium
660327,Ibrahima Sissoko,9911,VfL Bochum 1848,GER-Bundesliga,1.5,27.8,2.0,0.0,1.8,2.7,0.1,0.05,2.6,1.0,0.04,1.3,0.2,0.4,0.4,6.94,0.0,27.0,0.7,2.2,1.1,2535,31,Midfielder,0.5737704918032788,0.3714285714285714,0.0539568345323741,0.4230769230769231,0.1,0.2857142857142857,0.0714285714285714,38.28249336870026,50.23209549071618,26.120689655172413,59.95689655172415,40.73421745899811,False,False,Mali
446266,Mario Pasalic,8524,Atalanta,ITA-Serie A,3.6,53.6,4.0,0.0,1.2,1.2,0.09,0.11,1.3,3.0,0.14,0.5,0.4,0.2,0.1,6.86,0.0,26.0,0.9,1.6,0.4,1242,20,Midfielder,0.6176470588235293,0.238095238095238,0.0671641791044776,0.3076923076923077,0.0461538461538461,0.4444444444444445,0.1222222222222222,31.871976907473865,44.406147604930574,58.98098377281948,33.16541192073647,40.70976143209169,True,False,Croatia
167008,Pascal Gross,9789,Borussia Dortmund,GER-Bundesliga,3.3,57.6,10.0,0.0,1.0,6.4,0.24,0.09,0.7,10.0,0.0,0.3,0.3,0.5,0.4,7.06,0.0,58.0,1.0,1.7,0.1,2338,30,Midfielder,0.7407407407407407,0.15,0.0572916666666666,0.1428571428571428,0.1103448275862069,0.3,0.09,25.116047745358088,83.57427055702918,31.8368700265252,46.462201591511935,40.70578053235708,False,False,Germany
1473580,Aleksandar Pavlovic,9823,Bayern München,GER-Bundesliga,4.7,96.7,2.0,0.0,1.1,1.9,0.15,0.12,1.2,1.0,0.16,0.8,0.3,0.5,0.2,7.23,0.0,16.0,0.6,1.9,0.2,1108,18,Midfielder,0.6923076923076923,0.2962962962962963,0.0486039296794208,0.1666666666666666,0.11875,0.5,0.2,22.58657096790971,56.632261923336976,54.24141831799032,45.42783585582775,40.688177420533925,True,False,Germany
956659,Himad Abdelli,8592,Marseille,FRA-Ligue 1,0.0,50.4,0.0,0.0,0.0,0.7,0.07,0.19,1.6,0.0,0.0,0.0,0.5,0.0,0.6,7.05,0.0,9.0,1.3,0.0,0.0,993,15,Midfielder,0.0,0.0,0.0,0.0,0.0777777777777777,0.3846153846153846,0.1461538461538461,34.353565298798564,35.521012118375204,58.03169371196754,39.44414755292038,40.5999692080568,True,False,Algeria
1137668,Moisés Caicedo,8455,Chelsea,ENG-Premier League,1.9,56.9,3.0,0.0,1.0,1.8,0.09,0.05,1.8,1.0,0.15,2.3,0.4,0.6,0.3,7.37,0.0,12.0,0.9,3.2,0.5,1776,21,Midfielder,0.7534246575342466,0.4181818181818181,0.0333919156414762,0.2777777777777778,0.15,0.4444444444444445,0.0555555555555555,26.71788370520622,54.60402038799604,30.765674572216152,74.07403000988194,40.5785548997871,True,False,Ecuador
1031325,Martin Zubimendi,9825,Arsenal,ENG-Premier League,1.7,53.7,1.0,0.0,2.3,1.8,0.07,0.1,1.0,1.0,0.2,1.3,0.4,0.2,0.2,7.28,0.0,15.0,0.9,1.8,0.2,2270,27,Midfielder,0.7560975609756099,0.4193548387096774,0.031657355679702,0.2,0.12,0.4444444444444445,0.1111111111111111,28.34326728038696,36.56098195246268,52.36349274457793,57.50275654028189,40.568067594355945,True,False,Spain
1231648,Vladyslav Vanat,7732,Girona,ESP-La Liga,0.1,9.7,3.0,0.0,0.9,1.3,0.07,0.41,1.5,1.0,0.4,0.1,0.9,0.1,0.3,6.69,0.0,11.0,1.3,0.2,0.5,1572,21,Attacker,0.1666666666666666,0.3333333333333333,0.0103092783505154,0.3333333333333333,0.1181818181818181,0.6923076923076923,0.3153846153846154,41.9264705882353,46.352941176470594,93.2058823529412,11.507352941176473,40.53421181869599,True,False,Ukraine
557346,Sandi Lovric,8600,Udinese,ITA-Serie A,1.8,28.0,5.0,0.0,0.9,2.4,0.09,0.1,2.1,3.0,0.08,0.9,0.5,0.2,0.5,6.74,0.0,32.0,1.9,1.8,0.8,2326,36,Midfielder,0.5625,0.3333333333333333,0.0642857142857143,0.3809523809523809,0.075,0.2631578947368421,0.0526315789473684,35.71618037135279,48.15649867374006,29.90053050397877,57.14522546419098,40.4425882251245,False,False,Slovenia
1622889,Louis Leroux,9830,Nantes,FRA-Ligue 1,1.4,23.9,0.0,0.0,2.6,0.7,0.06,0.11,0.8,1.0,0.09,0.3,0.3,0.2,0.1,6.65,0.0,12.0,0.7,2.1,0.7,1019,14,Midfielder,0.7499999999999999,0.125,0.0585774058577405,0.8749999999999999,0.0583333333333333,0.4285714285714286,0.1571428571428571,57.5110294117647,18.683823529411764,59.43382352941177,38.28676470588235,40.35616908854156,True,False,France
933817,Riccardo Sottil,9888,Lecce,ITA-Serie A,0.7,17.7,6.0,0.0,0.3,2.6,0.24,0.06,0.9,2.0,0.09,0.2,0.3,0.0,0.3,6.54,0.0,23.0,1.7,0.4,1.2,995,19,Attacker,0.4000000000000001,0.3333333333333333,0.03954802259887,1.3333333333333333,0.1130434782608695,0.1764705882352941,0.0352941176470588,66.43329692619754,53.10045768970718,23.37427185728403,26.352271545222862,40.210404505915456,True,False,Italy
1183148,Emanuel Emegha,9848,Strasbourg,FRA-Ligue 1,0.1,10.6,4.0,0.0,1.2,0.7,0.03,0.65,1.4,3.0,0.55,0.0,1.4,0.2,0.8,7.24,0.0,18.0,2.4,0.2,0.3,2302,27,Attacker,0.125,0.0,0.0094339622641509,0.2142857142857143,0.0388888888888888,0.5833333333333334,0.2708333333333333,35.19893899204244,21.976127320954912,97.5596816976127,33.92572944297083,40.074682934810106,False,False,Netherlands
577911,Rolando Mandragora,8535,Fiorentina,ITA-Serie A,1.5,31.1,2.0,0.0,1.3,2.1,0.1,0.2,1.3,1.0,0.3,0.5,0.6,0.3,0.4,6.99,0.0,25.0,2.5,1.7,0.1,1793,25,Midfielder,0.6285714285714287,0.2272727272727272,0.0482315112540192,0.0769230769230769,0.084,0.24,0.08,24.96915795495917,52.76739740989234,51.41392312893327,42.28630961668487,40.07031261516025,True,False,Italy
967871,Iván Martin,7732,Girona,ESP-La Liga,2.4,43.8,1.0,0.0,1.0,0.9,0.04,0.04,1.2,1.0,0.0,0.6,0.1,0.1,0.3,7.0,0.0,14.0,0.4,2.4,1.0,1801,22,Midfielder,0.7142857142857143,0.1999999999999999,0.0547945205479452,0.8333333333333334,0.0642857142857143,0.25,0.0999999999999999,56.13239845009622,29.045404899360275,29.930553388464137,51.56551334061476,39.99760565911363,True,False,Spain
844544,Pape Gueye,10205,Villarreal,ESP-La Liga,3.4,36.4,2.0,0.0,2.1,2.1,0.16,0.08,1.9,1.0,0.15,1.1,0.4,0.3,0.7,6.94,0.0,13.0,1.8,1.3,0.4,1217,18,Midfielder,0.5581395348837209,0.4583333333333333,0.0934065934065934,0.2105263157894737,0.1615384615384615,0.2222222222222222,0.0444444444444444,23.8723344775576,59.26081812035159,32.681522078327355,66.644861392833,39.80056895603784,True,False,Senegal
423812,Phillipp Mwene,9905,1. FSV Mainz 05,GER-Bundesliga,1.2,18.9,1.0,0.0,2.0,1.4,0.11,0.04,1.2,0.0,0.0,0.4,0.0,0.3,0.6,6.43,0.0,10.0,0.3,0.9,0.5,1113,17,Midfielder,0.52,0.3076923076923077,0.0634920634920634,0.4166666666666667,0.1399999999999999,0.0,0.1333333333333333,39.676100015603055,55.11984448951995,25.988349716544445,44.98632782025277,39.73712780203232,True,False,Austria
207236,Granit Xhaka,8472,Sunderland,ENG-Premier League,4.6,43.6,7.0,0.0,3.0,2.2,0.1,0.03,0.7,5.0,0.05,0.9,0.2,0.7,0.3,7.39,0.0,25.0,0.5,1.6,0.3,1963,22,Midfielder,0.78125,0.36,0.1055045871559633,0.4285714285714286,0.088,0.4,0.06,31.25367647058824,59.74999999999999,27.702205882352946,53.61029411764706,39.72217653401447,True,False,Switzerland
812839,Martijn Kaars,8152,FC St. Pauli,GER-Bundesliga,0.3,18.0,1.0,0.0,0.4,0.7,0.06,0.28,0.5,0.0,0.29,0.0,0.8,0.0,0.3,6.33,0.0,6.0,1.8,0.3,0.4,942,19,Attacker,0.3749999999999999,0.0,0.0166666666666666,0.8,0.1166666666666666,0.4444444444444445,0.1555555555555555,56.30882352941176,34.0,79.8345588235294,11.904411764705884,39.69465080953783,True,False,Netherlands
721089,Gianluca Scamacca,8524,Atalanta,ITA-Serie A,0.8,15.6,1.0,0.0,1.0,0.5,0.05,0.51,1.8,1.0,0.58,0.3,1.5,0.1,0.4,6.86,0.0,10.0,3.9,0.5,1.1,926,16,Attacker,0.3076923076923077,0.3749999999999999,0.0512820512820512,0.6111111111111112,0.05,0.3846153846153846,0.1307692307692307,62.11764705882353,17.09558823529412,84.00000000000001,22.738970588235293,39.68345648227834,True,False,Italy
1039403,Santiago Pierotti,9888,Lecce,ITA-Serie A,0.3,17.0,1.0,0.0,0.8,0.8,0.05,0.1,2.4,0.0,0.0,0.6,0.2,0.2,0.8,6.37,0.0,12.0,1.3,3.0,1.2,1552,24,Attacker,0.6,0.1666666666666666,0.0176470588235294,0.5,0.0666666666666666,0.1538461538461538,0.0769230769230769,46.046809174598216,26.47151141623758,31.32668252977584,70.2751534300723,39.62721113957713,True,False,Argentina
635772,Borja Mayoral,8305,Getafe,ESP-La Liga,0.9,17.8,1.0,0.0,0.4,0.2,0.02,0.25,0.5,1.0,0.34,0.4,0.6,0.2,1.0,6.58,0.0,4.0,1.2,0.4,0.5,1044,14,Attacker,0.6153846153846154,0.5,0.0505617977528089,1.0,0.05,0.5,0.2083333333333333,59.59127789046653,10.089145472512612,83.85333125292557,45.87187288708586,39.51006827651537,True,False,Spain
1296650,Adam Wharton,9826,Crystal Palace,ENG-Premier League,2.5,34.0,9.0,0.0,1.5,5.0,0.24,0.05,1.0,3.0,0.0,1.0,0.1,0.1,0.6,7.06,0.0,27.0,1.0,2.6,0.5,1905,23,Midfielder,0.782608695652174,0.2777777777777778,0.0735294117647058,0.5,0.1851851851851851,0.1,0.05,31.92655510480054,79.65844905601499,14.240891714776096,80.95129245332085,39.49868463234884,True,False,England
1293912,Pablo Marin,8560,Real Sociedad,ESP-La Liga,0.6,20.5,0.0,0.0,0.8,0.6,0.06,0.11,1.5,0.0,0.0,0.5,0.4,0.1,0.3,6.28,0.0,6.0,1.1,1.1,1.0,956,21,Midfielder,0.5161290322580645,0.3125,0.0292682926829268,0.6666666666666666,0.0999999999999999,0.3636363636363636,0.0999999999999999,55.94910802517293,25.510337026057105,38.40415821501014,41.727674624226346,39.46357254962024,True,False,Spain
1050163,Lorenzo Colombo,10233,Genoa,ITA-Serie A,0.2,13.5,0.0,0.0,1.0,0.6,0.04,0.38,1.8,1.0,0.35,0.1,1.2,0.1,0.5,6.5,0.0,11.0,2.7,0.8,0.8,1529,25,Attacker,0.3333333333333333,0.1111111111111111,0.0148148148148148,0.4444444444444445,0.0545454545454545,0.4444444444444444,0.1407407407407407,51.1196949602122,18.40225984292921,77.11242003432672,29.98617829094503,39.4420584885844,True,False,Italy
941656,Samuele Ricci,8564,Milan,ITA-Serie A,2.4,40.2,4.0,0.0,1.9,1.4,0.13,0.12,0.6,3.0,0.09,0.6,0.6,0.4,0.4,6.81,0.0,14.0,1.3,0.9,0.3,981,21,Midfielder,0.7142857142857143,0.3999999999999999,0.0597014925373134,0.5,0.0999999999999999,0.4615384615384615,0.0923076923076923,33.56572138139075,44.26699433088885,42.23354527487388,39.89413975139127,39.435287391891926,True,False,Italy
840241,Ermedin Demirovic,10269,VfB Stuttgart,GER-Bundesliga,0.1,12.5,5.0,0.0,0.3,1.7,0.08,0.69,1.2,1.0,0.73,0.1,1.5,0.1,0.2,6.82,0.0,18.0,3.2,0.6,0.2,1854,34,Attacker,0.3684210526315789,0.1428571428571428,0.008,0.1666666666666666,0.0944444444444444,0.46875,0.2156249999999999,34.57228116710876,45.87533156498674,95.8653846153846,12.64257294429708,39.155769504058384,False,False,Bosnia and Herzegovina
1185609,Robin Fellhauer,8406,FC Augsburg,GER-Bundesliga,0.9,23.0,3.0,0.0,2.3,1.5,0.08,0.06,0.9,1.0,0.05,0.7,0.2,0.2,0.5,7.05,0.0,17.0,1.0,2.3,0.5,1815,22,Midfielder,0.7692307692307693,0.2333333333333333,0.0391304347826087,0.5555555555555556,0.088235294117647,0.2,0.06,41.584558823529406,44.22058823529412,20.886029411764707,66.60294117647058,39.06145454791231,True,False,Germany
612150,Dominic Calvert-Lewin,8463,Leeds United,ENG-Premier League,0.2,8.8,2.0,0.0,0.8,0.9,0.05,0.5,1.5,1.0,0.54,0.1,1.1,0.1,0.6,6.84,0.0,13.0,2.5,0.5,0.3,1669,23,Attacker,0.2857142857142857,0.1666666666666666,0.0227272727272727,0.1999999999999999,0.0692307692307692,0.44,0.2,32.32720588235294,26.529411764705884,91.92647058823528,27.981617647058822,38.81834951073976,True,False,England
1109046,Ilaix Moriba,9910,Celta de Vigo,ESP-La Liga,1.2,31.3,3.0,0.0,1.1,1.3,0.07,0.06,1.2,1.0,0.0,0.8,0.2,0.2,0.5,6.69,0.0,13.0,0.9,3.1,0.5,1581,24,Midfielder,0.7647058823529411,0.2051282051282051,0.0383386581469648,0.4166666666666667,0.1,0.2222222222222222,0.0666666666666666,34.37835465751287,47.53998283663598,22.81966765486036,69.51771597233058,38.738848664253766,True,False,Guinea
956659,Himad Abdelli,8121,Angers,FRA-Ligue 1,1.9,0.0,0.0,0.0,1.0,0.0,0.0,0.0,0.0,0.0,0.18,1.3,0.0,0.3,0.0,0.0,0.0,0.0,0.0,1.9,1.4,993,15,Midfielder,1.0,0.40625,0.0,0.0,0.0,0.0,0.0,53.69425157330837,21.70728662817912,32.70081135902637,60.49316716076351,38.7356296500431,True,False,Algeria
1368557,Gift Orban,9876,Verona,ITA-Serie A,0.5,11.1,1.0,0.0,0.5,0.8,0.05,0.51,1.0,1.0,0.4,0.2,1.3,0.0,0.3,6.66,0.0,14.0,3.6,0.2,0.8,1584,22,Attacker,0.2857142857142857,0.5,0.045045045045045,0.8,0.0571428571428571,0.3611111111111111,0.1416666666666666,66.83088235294117,21.69117647058824,82.12500000000001,13.617647058823527,38.636982023399405,True,False,Nigeria
836797,Alex Kral,8558,Espanyol,ESP-La Liga,1.2,19.7,3.0,0.0,1.5,1.6,0.05,0.05,1.0,1.0,0.0,0.9,0.1,0.5,0.2,6.73,0.0,12.0,0.7,1.8,1.0,2710,37,Midfielder,0.7297297297297297,0.3333333333333333,0.0609137055837563,1.0,0.1333333333333333,0.1428571428571428,0.0714285714285714,55.05636604774535,42.46021220159152,18.438328912466844,50.885278514588855,38.635507697197305,False,False,Czechia
780432,Ethan Ampadu,8463,Leeds United,ENG-Premier League,2.1,42.9,1.0,0.0,2.3,1.4,0.06,0.07,1.3,1.0,0.04,1.5,0.2,0.5,0.4,7.13,0.0,10.0,0.7,2.2,0.4,2043,23,Midfielder,0.74,0.4054054054054054,0.0489510489510489,0.3076923076923077,0.1399999999999999,0.2857142857142857,0.1,27.45588235294117,41.44852941176471,34.0514705882353,69.09926470588236,38.62749602833072,True,False,Wales
575364,Alberto Grassi,7801,Cremonese,ITA-Serie A,1.5,34.9,0.0,0.0,3.1,0.4,0.04,0.04,0.7,0.0,0.0,1.9,0.3,0.5,0.3,6.55,0.0,2.0,0.4,1.1,0.3,1046,19,Midfielder,0.8108108108108107,0.6333333333333333,0.0429799426934097,0.4285714285714286,0.2,0.7499999999999999,0.0999999999999999,32.224264705882355,35.05147058823529,39.66176470588235,55.26838235294117,38.61178016922335,True,False,Italy
1075815,Patrick Osterhage,8358,Sport-Club Freiburg,GER-Bundesliga,0.9,30.5,0.0,0.0,1.3,0.8,0.07,0.08,1.2,0.0,0.09,1.4,0.2,0.8,0.2,6.52,0.0,5.0,0.6,1.0,0.4,1017,17,Midfielder,0.6666666666666667,0.5833333333333334,0.0295081967213114,0.3333333333333333,0.16,0.3333333333333333,0.1333333333333333,30.78396915795496,42.86494252873564,39.91976127320955,45.04790138867218,38.5083439864366,True,False,Germany
916710,Alessandro Zanoli,8600,Udinese,ITA-Serie A,0.6,19.5,3.0,0.0,2.5,1.1,0.07,0.01,1.1,2.0,0.07,0.5,0.1,0.3,0.3,6.94,0.0,15.0,0.2,1.7,1.0,1290,19,Midfielder,0.6666666666666666,0.2272727272727272,0.0307692307692307,0.9090909090909092,0.0733333333333333,0.5,0.0499999999999999,54.82927653820149,30.58083684402143,26.940760389036253,45.95144198262859,38.293793169342095,True,False,Italy
215151,Marcel Sabitzer,9789,Borussia Dortmund,GER-Bundesliga,1.5,33.3,2.0,0.0,2.2,1.0,0.1,0.08,1.0,1.0,0.1,1.2,0.3,0.1,0.6,6.93,0.0,8.0,1.2,1.2,0.1,939,15,Midfielder,0.7058823529411765,0.5,0.045045045045045,0.1,0.125,0.25,0.0666666666666666,24.89970484214906,47.51191033442554,33.93689213085765,63.831603994382895,38.171045153420735,True,False,Austria
266520,Christian Nørgaard,9937,Brentford,ENG-Premier League,2.1,36.7,3.0,0.0,2.0,1.4,0.04,0.14,1.4,4.0,0.16,1.6,0.5,0.6,0.4,7.24,0.0,18.0,1.2,2.5,0.2,2829,34,Midfielder,0.7454545454545454,0.3902439024390244,0.0572207084468664,0.1428571428571428,0.0777777777777777,0.4166666666666667,0.1166666666666666,22.19164456233422,28.56100795755968,59.36339522546419,70.55702917771883,38.096753614313975,False,False,Denmark
440330,Alexander Sørloth,9906,Atlético de Madrid,ESP-La Liga,0.1,13.5,1.0,0.0,1.0,0.7,0.05,0.41,1.6,0.0,0.52,0.0,1.7,0.1,0.2,6.7,0.0,8.0,2.9,0.6,0.6,1223,23,Attacker,0.2727272727272727,0.0,0.0074074074074074,0.3749999999999999,0.0875,0.5862068965517241,0.1413793103448276,48.76432880844644,22.048278462578665,92.44259374837468,16.828002288448534,37.92703475924539,True,False,Norway
625340,Mauro Arambarri,8305,Getafe,ESP-La Liga,1.1,17.2,1.0,0.0,0.9,0.5,0.02,0.19,1.4,1.0,0.21,0.7,0.5,0.2,0.7,7.02,0.0,13.0,1.7,2.0,0.7,2130,24,Midfielder,0.6585365853658538,0.2592592592592592,0.063953488372093,0.5,0.0384615384615384,0.2941176470588235,0.1117647058823529,45.11278410568471,13.097987205492275,62.07549929786239,59.20622041920216,37.8699343632708,True,False,Uruguay
741049,Eljif Elmas,9875,Napoli,ITA-Serie A,0.6,32.2,1.0,0.0,1.0,1.4,0.1,0.15,0.8,2.0,0.0,0.4,0.4,0.1,0.5,6.84,0.0,18.0,1.2,1.4,0.9,1227,22,Midfielder,0.6923076923076923,0.2222222222222222,0.0186335403726708,1.125,0.0777777777777777,0.3333333333333333,0.125,50.6617712071566,34.4790919020128,32.68050787954439,32.731035783013475,37.78828782371603,True,False,North Macedonia
1082102,Igor Jesus,10203,Nottingham Forest,ENG-Premier League,0.4,11.4,3.0,0.0,1.2,0.9,0.05,0.27,1.8,1.0,0.13,0.1,0.6,0.1,0.5,6.33,0.0,6.0,2.9,1.1,0.4,1438,25,Attacker,0.4000000000000001,0.0833333333333333,0.0350877192982456,0.2222222222222222,0.15,0.2068965517241379,0.093103448275862,30.044117647058822,44.53676470588235,49.952205882352935,30.613970588235297,37.78592884988288,True,False,Brazil
369742,Jackson Irvine,8152,FC St. Pauli,GER-Bundesliga,1.0,23.4,8.0,0.0,2.2,2.5,0.09,0.11,1.3,6.0,0.0,1.2,0.4,0.2,0.3,7.09,0.0,33.0,1.4,1.9,0.3,2610,29,Midfielder,0.7045454545454546,0.3870967741935484,0.0427350427350427,0.2307692307692307,0.0757575757575757,0.2857142857142857,0.0785714285714285,25.61339522546419,52.83819628647215,30.93501326259947,57.07559681697612,37.7728548827071,False,False,Australia
902651,Raoul Bellanova,8524,Atalanta,ITA-Serie A,1.1,29.9,1.0,0.0,1.6,1.4,0.13,0.03,0.1,1.0,0.0,0.6,0.2,0.2,0.4,6.87,0.0,17.0,0.9,1.2,0.4,1001,15,Midfielder,0.9473684210526316,0.3333333333333333,0.0367892976588628,4.0,0.0823529411764705,0.2222222222222222,0.0333333333333333,55.5762209393041,57.26165028345556,13.218845893795184,46.48227102512092,37.73014909708052,True,False,Italy
846000,Maxence Caqueret,10171,Como,ITA-Serie A,0.4,51.8,2.0,0.0,0.3,1.4,0.14,0.1,1.3,4.0,0.1,0.7,0.3,0.3,0.4,6.91,0.0,18.0,1.2,2.5,1.2,939,20,Midfielder,0.7111111111111111,0.2187499999999999,0.0077220077220077,0.923076923076923,0.0777777777777777,0.25,0.0833333333333333,46.86275159931346,38.75497997607531,26.44031180111301,41.05946715556249,37.72068055262302,True,False,France
1287783,Seydouba Cisse,7854,Leganés,ESP-La Liga,1.8,35.4,1.0,0.0,1.5,0.9,0.03,0.11,1.4,1.0,0.11,0.4,0.2,0.0,0.5,6.84,0.0,17.0,0.9,2.2,1.1,2451,34,Midfielder,0.65,0.1538461538461538,0.0508474576271186,0.7857142857142858,0.0529411764705882,0.2222222222222222,0.1222222222222222,54.797745358090175,15.271883289124672,44.28050397877985,54.472811671087534,37.70431485043134,False,False,Guinea
1127054,Tomas Suslov,9876,Verona,ITA-Serie A,1.6,15.5,4.0,0.0,0.6,1.7,0.07,0.07,2.3,1.0,0.0,0.8,0.3,0.1,0.5,6.62,0.0,27.0,1.4,2.3,1.5,2097,31,Midfielder,0.5740740740740741,0.2580645161290323,0.1032258064516129,0.6521739130434783,0.0629629629629629,0.2142857142857143,0.05,50.12931034482758,36.783819628647215,18.74005305039788,60.480769230769226,37.66672750811219,False,False,Slovakia
1323305,Archie Gray,8586,Tottenham Hotspur,ENG-Premier League,1.5,28.6,1.0,0.0,2.8,0.5,0.04,0.12,1.0,0.0,0.19,1.1,0.4,0.3,0.2,6.56,0.0,4.0,0.7,0.9,0.5,933,16,Midfielder,0.6666666666666666,0.55,0.0524475524475524,0.5,0.125,0.5714285714285715,0.1714285714285714,39.01269698860977,24.28359858532272,55.30693165860509,38.158065480834246,37.64455908235724,True,False,England
688273,Vitaly Janelt,9937,Brentford,ENG-Premier League,2.9,45.3,6.0,0.0,2.2,1.9,0.14,0.06,1.2,4.0,0.07,2.2,0.2,0.6,0.4,7.07,0.0,19.0,0.7,1.8,0.3,1210,21,Midfielder,0.7692307692307692,0.55,0.0640176600441501,0.25,0.0999999999999999,0.2857142857142857,0.0857142857142857,20.671464607062987,64.58818328392364,29.40592656160608,64.12164534248713,37.64083858403495,True,False,Germany
1000428,Isak Bergmann Johannesson,8722,1. FC Köln,GER-Bundesliga,2.6,35.9,1.0,0.0,0.9,2.6,0.2,0.05,0.6,1.0,0.08,0.2,0.1,0.4,0.1,6.66,0.0,20.0,0.4,1.4,0.2,1186,20,Midfielder,0.7272727272727273,0.125,0.0724233983286908,0.3333333333333333,0.13,0.25,0.125,28.996323529411764,66.36764705882354,37.34926470588236,27.49632352941176,37.59390383380404,True,False,Iceland
1280225,Esteban Lepaul,9851,Rennes,FRA-Ligue 1,0.4,11.9,2.0,0.0,0.7,0.5,0.03,0.48,1.0,3.0,0.59,0.1,1.2,0.0,0.5,7.05,0.0,12.0,2.8,0.3,0.2,1679,22,Attacker,0.2857142857142857,0.25,0.0336134453781512,0.2,0.0416666666666666,0.4285714285714286,0.1714285714285714,36.47952098611328,27.74836167888905,86.14142872002913,20.110950746346287,37.48984223722682,True,False,France
282462,Inigo Ruiz de Galarreta,8315,Athletic Club,ESP-La Liga,2.8,42.0,2.0,0.0,0.8,1.4,0.09,0.04,2.7,1.0,0.06,0.7,0.1,0.2,1.0,6.94,0.0,15.0,0.9,2.6,1.6,1426,22,Midfielder,0.5499999999999999,0.2121212121212121,0.0666666666666666,0.5925925925925926,0.0933333333333333,0.1111111111111111,0.0444444444444444,44.31661205596296,48.972057523274565,13.52558901544703,74.4289930826442,37.46230787938944,True,False,Spain
643448,Kristijan Jakic,8406,FC Augsburg,GER-Bundesliga,3.1,34.9,2.0,0.0,2.8,1.3,0.1,0.05,1.0,1.0,0.08,0.9,0.3,0.4,0.5,6.86,0.0,12.0,0.8,2.1,0.3,1172,17,Midfielder,0.75,0.3,0.0888252148997134,0.3,0.1083333333333333,0.3749999999999999,0.0625,29.329289540749983,43.60913038955636,26.67420814479638,68.02328756436262,37.423054058572895,True,False,Croatia
184533,Koke,9906,Atlético de Madrid,ESP-La Liga,4.4,72.8,2.0,0.0,1.3,2.2,0.14,0.02,0.9,2.0,0.13,0.8,0.2,0.1,0.5,7.08,0.0,18.0,0.5,2.1,0.1,1427,22,Midfielder,0.7631578947368421,0.2758620689655172,0.0604395604395604,0.1111111111111111,0.1222222222222222,0.4,0.04,19.9643925209341,58.36745202059603,33.343247776564205,63.61525458989962,37.41827328821175,True,False,Spain
1113809,Mika Biereth,9829,Monaco,FRA-Ligue 1,0.1,9.6,4.0,0.0,0.5,1.1,0.11,0.31,1.3,2.0,0.19,0.0,0.7,0.2,0.9,6.37,0.0,15.0,1.8,1.0,0.3,950,20,Attacker,0.4347826086956522,0.0,0.0104166666666666,0.2307692307692307,0.0733333333333333,0.3888888888888888,0.1722222222222222,27.348045716960527,47.947469704062,51.63884121287773,28.88054558693504,37.29361758581544,True,False,Denmark
655696,Artem Dovbyk,8686,Roma,ITA-Serie A,0.0,11.9,5.0,0.0,0.4,1.5,0.06,0.45,1.1,2.0,0.44,0.1,1.0,0.1,0.3,6.79,0.0,25.0,2.3,0.1,0.3,2430,32,Attacker,0.1538461538461538,0.5,0.0,0.2727272727272727,0.06,0.4347826086956522,0.1956521739130435,38.13992042440319,35.1525198938992,89.67838196286472,12.917771883289122,37.26597717337847,False,False,Ukraine
1368654,Chemsdine Talbi,8472,Sunderland,ENG-Premier League,0.9,19.6,0.0,0.0,1.0,0.6,0.05,0.11,0.2,1.0,0.25,0.2,0.5,0.0,0.2,6.59,0.0,10.0,1.4,0.6,1.1,1084,20,Attacker,0.8,0.25,0.0459183673469387,5.5,0.06,0.3571428571428571,0.0785714285714285,78.24632352941175,15.720588235294116,50.40073529411765,24.378676470588232,37.167865707938674,True,False,Morocco
994403,Cyril Ngonge,9804,Torino,ITA-Serie A,1.5,16.1,0.0,0.0,0.8,0.6,0.06,0.17,1.8,1.0,0.09,0.2,1.1,0.0,0.4,6.53,0.0,12.0,2.2,1.0,1.7,992,20,Attacker,0.3999999999999999,0.1666666666666666,0.093167701863354,0.9444444444444444,0.0499999999999999,0.5,0.0772727272727272,66.45588235294119,17.00735294117647,53.45588235294117,26.01838235294117,37.108563569309226,True,False,Belgium
1398392,Thierno Barry,8668,Everton,ENG-Premier League,0.1,9.5,2.0,0.0,1.1,0.4,0.02,0.31,1.9,0.0,0.3,0.2,0.5,0.1,0.5,6.46,0.0,9.0,1.9,0.1,0.5,1502,26,Attacker,0.1363636363636363,0.6666666666666666,0.0105263157894736,0.2631578947368421,0.0444444444444444,0.2631578947368421,0.1631578947368421,38.73661387631976,25.67076246944401,75.16610105580693,22.79106204816144,37.09835109447165,True,False,France
1210943,Jackson Tchatchoua,8602,Wolverhampton Wanderers,ENG-Premier League,0.8,20.0,2.0,0.0,3.0,1.1,0.07,0.02,0.4,0.0,0.0,0.7,0.0,0.5,0.2,6.38,0.0,14.0,0.1,1.5,0.2,1338,24,Midfielder,0.8461538461538461,0.3181818181818181,0.04,0.5,0.0785714285714285,0.0,0.1999999999999999,37.37531856243823,39.68996723357778,29.18907655900556,45.46777968481823,37.09296026380812,True,False,Cameroon
678192,Jon Guridi,9866,Alavés,ESP-La Liga,0.8,23.1,2.0,0.0,0.6,1.1,0.05,0.18,1.5,1.0,0.13,0.6,0.5,0.0,0.5,6.55,0.0,17.0,1.0,1.7,0.3,2097,33,Midfielder,0.6052631578947368,0.2608695652173913,0.0346320346320346,0.1999999999999999,0.0647058823529411,0.5,0.18,25.782493368700266,23.037135278514587,69.45291777188329,52.96419098143236,37.08716914679957,False,False,Spain
817500,Mostafa Mohamed,9830,Nantes,FRA-Ligue 1,0.1,8.6,2.0,0.0,0.8,0.7,0.07,0.25,1.4,0.0,0.28,0.7,0.5,0.3,0.2,6.37,0.0,8.0,2.6,0.7,0.3,965,18,Attacker,0.5,0.5,0.0116279069767441,0.2142857142857143,0.0875,0.1923076923076923,0.0961538461538461,35.37815961928538,24.520934103084205,63.19622796068029,34.19342591147865,37.06518192562813,True,False,Egypt
909907,Cameron Puertas,8697,SV Werder Bremen,GER-Bundesliga,1.1,30.8,1.0,0.0,1.2,1.1,0.1,0.1,1.7,0.0,0.0,0.8,0.4,0.3,0.5,6.61,0.0,9.0,2.0,3.4,0.6,939,17,Midfielder,0.711864406779661,0.1904761904761904,0.0357142857142857,0.3529411764705882,0.1222222222222222,0.2,0.05,34.27941176470588,44.22058823529412,20.46691176470588,69.50367647058823,36.98969684023982,True,False,Spain
1191093,Lorenzo Bernasconi,8524,Atalanta,ITA-Serie A,1.6,33.1,3.0,0.0,2.5,2.4,0.22,0.03,0.6,2.0,0.0,0.8,0.1,0.3,0.0,7.13,0.0,16.0,0.6,2.1,0.5,1005,15,Midfielder,0.8285714285714285,0.2758620689655172,0.0483383685800604,0.8333333333333334,0.15,0.1666666666666666,0.05,46.28676470588235,73.38970588235294,11.091911764705882,50.52941176470588,36.98335315830006,True,False,Italy
1020963,Nicolo Rovella,8543,Lazio,ITA-Serie A,3.5,60.9,6.0,0.0,1.4,2.1,0.07,0.05,1.4,3.0,0.0,1.6,0.3,0.1,0.3,7.15,0.0,31.0,0.9,2.8,0.6,2728,33,Midfielder,0.7586206896551724,0.3636363636363636,0.057471264367816,0.4285714285714286,0.0677419354838709,0.3333333333333333,0.0555555555555555,32.576259946949605,43.282493368700266,22.54310344827586,67.89124668435014,36.94576105055559,False,False,Italy
616531,Javier Munoz,8306,Las Palmas,ESP-La Liga,2.0,29.8,4.0,0.0,1.1,2.3,0.08,0.04,1.0,3.0,0.03,1.1,0.2,0.1,0.4,6.81,0.0,29.0,0.9,1.6,0.7,2590,35,Midfielder,0.7297297297297297,0.4074074074074074,0.0671140939597315,0.7,0.0793103448275862,0.2222222222222222,0.0444444444444444,43.75663129973475,44.8740053050398,16.879973474801062,58.87599469496021,36.82497528557046,False,False,Spain
839038,Elvis Rexhbecaj,8406,FC Augsburg,GER-Bundesliga,1.0,26.1,1.0,0.0,1.4,1.1,0.1,0.04,1.2,0.0,0.09,0.4,0.3,0.1,0.9,6.43,0.0,10.0,0.9,1.2,0.4,950,19,Midfielder,0.5714285714285715,0.25,0.0383141762452107,0.3333333333333333,0.11,0.3333333333333333,0.0444444444444444,32.94579887657981,44.07593488323712,24.117276486191297,58.86990950226244,36.80875558608461,True,False,Kosovo
620026,Hee-Chan Hwang,8602,Wolverhampton Wanderers,ENG-Premier League,0.9,18.3,1.0,0.0,1.1,0.9,0.07,0.16,1.7,1.0,0.16,0.6,0.5,0.0,0.2,6.37,0.0,10.0,1.2,0.6,0.6,1155,20,Attacker,0.4137931034482758,0.5,0.0491803278688524,0.3529411764705882,0.09,0.4166666666666667,0.1333333333333333,37.6764705882353,31.433823529411764,63.98161764705881,21.551470588235293,36.7603427908002,True,False,South Korea
623716,Josh Cullen,8191,Burnley,ENG-Premier League,2.5,43.1,4.0,0.0,2.1,1.4,0.08,0.05,0.9,2.0,0.12,1.3,0.4,0.7,0.2,6.89,0.0,13.0,0.7,1.8,0.1,1519,18,Midfielder,0.775,0.4193548387096774,0.0580046403712296,0.1111111111111111,0.1076923076923076,0.5714285714285715,0.0714285714285714,18.28308823529412,50.18382352941176,44.07720588235294,56.1875,36.70601681751483,True,False,Ireland
488415,Hassane Kamara,8600,Udinese,ITA-Serie A,1.3,27.3,3.0,0.0,3.1,0.9,0.07,0.03,0.8,1.0,0.0,1.2,0.3,0.3,0.2,6.92,0.0,13.0,1.0,2.0,1.0,1057,15,Midfielder,0.8,0.3749999999999999,0.0476190476190476,1.25,0.0692307692307692,0.3,0.03,55.97344229468976,39.222928694024034,14.752028397565924,55.98586622978104,36.69511261342052,True,False,Ivory Coast
518346,Robin Gosens,8535,Fiorentina,ITA-Serie A,0.7,26.2,0.0,0.0,2.8,1.0,0.08,0.2,1.2,0.0,0.16,0.9,0.5,0.5,0.2,6.67,0.0,9.0,1.0,1.6,0.0,1135,16,Midfielder,0.6756756756756757,0.36,0.0267175572519083,0.0,0.1111111111111111,0.5,0.2,20.581688510948148,35.29422166744683,63.79340250689134,45.89220237166484,36.68697672713324,True,False,Germany
362120,Danilo Cataldi,8543,Lazio,ITA-Serie A,2.1,41.4,2.0,0.0,2.1,1.2,0.06,0.15,1.0,3.0,0.16,1.0,0.3,0.4,0.3,7.05,0.0,18.0,1.2,1.4,0.3,1683,22,Midfielder,0.7058823529411765,0.4166666666666667,0.0507246376811594,0.3,0.0666666666666666,0.25,0.125,30.03340354709523,25.49564414625267,48.97041920216362,53.63219040932023,36.581914049885846,True,False,Italy
845994,Hans Nicolussi Caviglia,7881,Venezia,ITA-Serie A,2.6,34.6,4.0,0.0,1.7,2.3,0.07,0.08,1.6,2.0,0.13,0.9,0.6,0.4,0.4,6.87,0.0,29.0,1.7,1.5,0.5,2870,35,Midfielder,0.6,0.375,0.0751445086705202,0.3125,0.0793103448275862,0.3529411764705882,0.0470588235294117,27.52984084880636,42.74535809018568,34.5026525198939,49.40318302387268,36.54916482494127,False,False,Italy
860260,Derrick Köhn,8149,1. FC Union Berlin,GER-Bundesliga,1.2,20.1,3.0,0.0,1.9,2.3,0.17,0.05,1.6,1.0,0.0,0.4,0.1,0.3,0.3,6.57,0.0,16.0,1.1,1.7,0.6,1258,20,Midfielder,0.5675675675675675,0.1904761904761904,0.0597014925373134,0.3749999999999999,0.14375,0.0909090909090909,0.0454545454545454,40.4578457377646,63.96315077755239,18.40762989545951,36.7406706714516,36.54787852744923,True,False,Ghana
1073977,Benjamin Sesko,10260,Manchester United,ENG-Premier League,0.3,11.8,0.0,0.0,1.0,0.2,0.02,0.48,1.1,1.0,0.49,0.2,1.9,0.2,0.2,6.72,0.0,8.0,3.6,0.4,0.5,1101,21,Attacker,0.3529411764705882,0.3333333333333333,0.0254237288135593,0.4545454545454545,0.025,0.5277777777777778,0.1333333333333333,60.34334529567796,17.603019191761586,88.01288552556302,14.1986984448952,36.489833145632126,True,False,Slovenia
46469,Olivier Giroud,8639,Lille,FRA-Ligue 1,0.5,13.1,1.0,0.0,0.8,1.5,0.1,0.42,1.5,1.0,0.26,0.3,0.7,0.2,0.4,6.72,0.0,18.0,2.4,0.5,0.1,1364,20,Attacker,0.3478260869565218,0.3749999999999999,0.0381679389312977,0.0666666666666666,0.0833333333333333,0.2916666666666667,0.175,25.051470588235297,40.169117647058826,74.86764705882352,23.136029411764707,36.479959896244935,True,False,France
1024672,Nicolas Seiwald,178475,RB Leipzig,GER-Bundesliga,2.2,45.2,2.0,0.0,2.4,1.3,0.06,0.05,0.6,2.0,0.0,2.1,0.1,0.3,0.4,7.2,0.0,10.0,0.5,1.9,0.3,1855,22,Midfielder,0.8695652173913044,0.525,0.0486725663716814,0.5,0.13,0.2,0.1,29.44487569563634,50.36477349560514,19.45534924845269,73.46054376657825,36.45064557185428,True,False,Austria
169719,Chris Wood,10203,Nottingham Forest,ENG-Premier League,0.4,9.5,3.0,0.0,0.8,1.5,0.05,0.4,0.8,3.0,0.6,0.2,1.1,0.2,0.3,7.06,0.0,22.0,2.1,0.2,0.1,2976,36,Attacker,0.3333333333333333,0.5,0.0421052631578947,0.125,0.0681818181818181,0.5238095238095238,0.1904761904761904,34.46286472148541,29.754641909814325,92.90450928381962,15.789124668435012,36.41454634049277,False,False,New Zealand
816325,Boubacar Kamara,10252,Aston Villa,ENG-Premier League,2.0,45.8,0.0,0.0,1.3,0.9,0.05,0.03,1.1,3.0,0.06,1.1,0.3,0.5,0.3,7.25,0.0,15.0,0.4,2.3,0.9,1418,18,Midfielder,0.7555555555555555,0.3235294117647059,0.0436681222707423,0.8181818181818181,0.06,0.7499999999999999,0.075,42.03870858688303,20.256813335413742,36.8039670775472,59.84945649347272,36.35995122314938,True,False,France
524434,Joao Palhinha,8586,Tottenham Hotspur,ENG-Premier League,1.5,34.4,1.0,0.0,2.2,0.6,0.03,0.06,1.0,2.0,0.18,1.1,0.3,0.5,0.1,6.97,0.0,5.0,1.1,4.9,0.4,1517,23,Midfielder,0.8571428571428571,0.1833333333333333,0.0436046511627907,0.4,0.12,0.2727272727272727,0.0545454545454545,32.841911764705884,29.911764705882355,32.55882352941177,61.98529411764706,36.3507978249316,True,False,Portugal
181276,Romelu Lukaku,9875,Napoli,ITA-Serie A,0.2,11.0,8.0,0.0,0.5,2.6,0.08,0.41,1.5,10.0,0.44,0.0,0.8,0.1,0.3,6.96,0.0,35.0,2.0,0.1,0.2,2870,36,Attacker,0.0625,0.0,0.0181818181818181,0.1333333333333333,0.0742857142857142,0.4,0.205,28.895888594164457,50.875331564986745,87.4237400530504,11.07758620689655,36.23881622661548,False,False,Belgium
1157236,Yehor Yarmoliuk,9937,Brentford,ENG-Premier League,2.2,35.8,1.0,0.0,1.1,1.1,0.05,0.06,1.5,2.0,0.05,0.9,0.2,0.4,0.4,6.81,0.0,11.0,0.7,2.4,0.5,1880,26,Midfielder,0.6875,0.2727272727272727,0.0614525139664804,0.3333333333333333,0.1,0.2857142857142857,0.0857142857142857,33.83107088989441,32.20609039371717,25.942502730535185,68.4366645862589,36.00310526378347,True,False,Ukraine
1541825,Adrián Liso,8305,Getafe,ESP-La Liga,0.1,10.2,0.0,0.0,0.3,0.3,0.02,0.12,2.1,0.0,0.2,0.2,0.5,0.1,0.7,6.36,0.0,3.0,1.5,1.1,0.9,1357,20,Attacker,0.3823529411764705,0.1538461538461538,0.0098039215686274,0.4285714285714285,0.0999999999999999,0.3333333333333333,0.08,43.15441176470588,19.602941176470583,48.22794117647059,40.45220588235294,35.95845239035156,True,False,Spain
251269,Ante Budimir,8371,Osasuna,ESP-La Liga,0.2,7.8,1.0,0.0,1.4,0.8,0.04,0.46,1.8,0.0,0.55,0.2,1.2,0.2,0.4,6.88,0.0,8.0,3.0,0.7,0.2,1785,23,Attacker,0.3333333333333332,0.2222222222222222,0.0256410256410256,0.1111111111111111,0.1,0.3999999999999999,0.1533333333333333,29.045996515317,27.13868518229573,86.95993914807303,23.33734461954543,35.955321774080424,True,False,Croatia
750030,Andrea Pinamonti,7943,Sassuolo,ITA-Serie A,0.3,11.4,4.0,0.0,0.6,0.9,0.04,0.28,0.4,3.0,0.24,0.0,1.0,0.0,0.4,6.59,0.0,16.0,2.5,0.4,0.1,1895,24,Attacker,0.5,0.0,0.0263157894736842,0.25,0.05625,0.4,0.112,36.62132352941176,30.11029411764705,69.32720588235294,19.16911764705882,35.93728874498058,True,False,Italy
1553099,Mikel Jauregizar,8315,Athletic Club,ESP-La Liga,1.8,35.5,1.0,0.0,0.9,1.9,0.08,0.06,1.2,0.0,0.09,1.7,0.3,0.1,0.7,6.99,0.0,21.0,1.3,2.4,0.3,2025,24,Midfielder,0.7735849056603773,0.4146341463414634,0.0507042253521126,0.25,0.0904761904761904,0.2307692307692307,0.0461538461538461,26.60868830290737,36.354033390544544,25.38828860456649,85.22282467363603,35.88514718526027,True,False,Spain
1112702,Arkadiusz Pyrka,8152,FC St. Pauli,GER-Bundesliga,1.1,25.2,5.0,0.0,2.7,1.2,0.07,0.03,0.7,1.0,0.0,0.9,0.2,0.5,0.5,6.87,0.0,16.0,0.7,1.2,0.6,1502,19,Midfielder,0.7500000000000001,0.4285714285714285,0.0436507936507936,0.8571428571428572,0.075,0.2857142857142857,0.0428571428571428,49.11029411764706,41.61764705882352,14.452205882352942,57.948529411764696,35.8726251997896,True,False,Poland
1320949,Emersonn,9941,Toulouse,FRA-Ligue 1,0.3,10.4,0.0,0.0,1.0,0.4,0.04,0.44,2.7,2.0,0.27,0.4,1.0,0.0,0.9,6.64,0.0,11.0,3.2,1.4,0.6,1008,16,Attacker,0.3999999999999999,0.2222222222222222,0.0288461538461538,0.2222222222222222,0.0363636363636363,0.3125,0.1374999999999999,38.0735294117647,11.742647058823527,73.78676470588236,53.54044117647059,35.83929429572034,True,False,Brazil
1289942,Samuele Angori,6479,Pisa,ITA-Serie A,1.9,16.5,3.0,0.0,2.7,2.7,0.16,0.03,0.5,1.0,0.0,0.8,0.1,0.3,0.1,6.66,0.0,21.0,0.4,1.7,0.2,1524,22,Midfielder,0.8333333333333334,0.32,0.1151515151515151,0.4,0.1285714285714286,0.25,0.075,29.5625,69.89705882352942,18.33823529411765,47.48529411764706,35.76747518162657,True,False,Italy
951918,Philipp Sander,9788,Borussia Mönchengladbach,GER-Bundesliga,2.3,41.9,0.0,0.0,3.8,1.4,0.09,0.05,1.0,0.0,0.07,1.7,0.3,0.3,0.2,6.82,0.0,5.0,1.0,2.9,0.1,1378,18,Midfielder,0.8214285714285714,0.3695652173913044,0.0548926014319809,0.1,0.2799999999999999,0.3,0.05,26.81903703125813,37.70211161387632,29.48054818744474,64.76921776668227,35.6682655918498,True,False,Germany
1185748,Amadou Onana,10252,Aston Villa,ENG-Premier League,2.0,36.6,0.0,0.0,3.5,0.3,0.02,0.04,1.2,0.0,0.16,1.4,0.2,0.9,0.2,7.07,0.0,3.0,0.6,2.6,0.5,1146,17,Midfielder,0.7692307692307692,0.35,0.0546448087431694,0.4166666666666667,0.0999999999999999,0.3333333333333333,0.0666666666666666,35.1856048785562,20.05580693815988,41.39763743693764,61.80324543610548,35.63819394674424,True,False,Belgium
664587,Lassana Coulibaly,9888,Lecce,ITA-Serie A,1.7,22.4,1.0,0.0,1.2,0.8,0.04,0.09,1.0,1.0,0.1,0.2,0.3,0.2,0.6,6.94,0.0,15.0,0.8,1.6,0.7,1736,21,Midfielder,0.6428571428571429,0.1111111111111111,0.0758928571428571,0.7,0.0533333333333333,0.3749999999999999,0.1124999999999999,44.93170411400634,17.966518437613775,43.47803219431009,45.828379362355015,35.577564836792334,True,False,Mali
1347791,Yassin Belkhdim,8121,Angers,FRA-Ligue 1,1.0,26.9,4.0,0.0,1.1,1.2,0.06,0.08,1.1,2.0,0.1,1.4,0.5,0.3,0.4,7.07,0.0,14.0,1.3,2.7,0.3,1784,22,Midfielder,0.7884615384615385,0.3414634146341463,0.037174721189591,0.2727272727272727,0.0857142857142857,0.3846153846153846,0.0615384615384615,21.010551568107346,35.124616424819266,39.189349612524055,69.22962500650127,35.43925172512216,True,False,France
321140,Valentino Lazaro,9804,Torino,ITA-Serie A,1.5,26.4,3.0,0.0,2.0,2.6,0.13,0.02,1.5,2.0,0.0,0.9,0.1,0.4,0.5,6.73,0.0,22.0,0.3,1.9,0.5,1778,24,Midfielder,0.6511627906976744,0.3214285714285714,0.0568181818181818,0.3333333333333333,0.1181818181818181,0.3333333333333333,0.0666666666666666,27.19691059447652,65.30165912518854,19.520934103084205,50.54548941592552,35.2735001230962,True,False,Austria
1469758,Simon Ebonog,9746,Le Havre,FRA-Ligue 1,0.4,19.2,1.0,0.0,1.4,0.3,0.02,0.09,1.1,0.0,0.0,1.0,0.2,0.3,0.5,6.67,0.0,4.0,1.1,2.4,1.0,1032,19,Midfielder,0.7555555555555555,0.2941176470588235,0.0208333333333333,0.9090909090909092,0.075,0.1818181818181818,0.0818181818181818,59.5735294117647,14.76470588235294,25.36764705882353,71.63970588235294,35.230840535607705,True,False,France
75307,Daniel Parejo,10205,Villarreal,ESP-La Liga,3.5,46.9,3.0,0.0,1.0,0.9,0.08,0.01,1.0,0.0,0.0,0.9,0.0,0.5,0.1,6.79,0.0,18.0,0.2,2.5,0.5,1016,20,Midfielder,0.7727272727272726,0.2647058823529412,0.0746268656716418,0.5,0.05,0.0,0.0499999999999999,34.655139907421855,36.42355801737141,22.758679201123424,59.53356607895147,35.19776050275088,True,False,Spain
184321,Callum Wilson,8654,West Ham United,ENG-Premier League,0.1,6.8,0.0,0.0,0.2,0.2,0.02,0.48,1.0,1.0,0.49,0.3,1.1,0.2,0.7,6.48,0.0,5.0,2.6,0.3,1.1,923,22,Attacker,0.3749999999999999,0.5,0.0147058823529411,1.1,0.04,0.4230769230769231,0.1846153846153846,76.26838235294117,5.397058823529412,89.54779411764707,35.55882352941177,35.15166075063482,True,False,England
924431,Gianluca Busio,7881,Venezia,ITA-Serie A,1.2,24.5,1.0,0.0,1.7,1.8,0.06,0.09,0.9,0.0,0.07,0.7,0.2,0.3,0.3,6.76,0.0,28.0,1.3,1.6,0.5,2524,33,Midfielder,0.71875,0.3043478260869565,0.0489795918367346,0.5555555555555556,0.0642857142857143,0.1538461538461538,0.0692307692307692,41.0709549071618,28.342175066313,28.01392572944297,48.32228116710876,35.143233090833554,False,False,USA
298915,Maximilian Arnold,8721,VfL Wolfsburg,GER-Bundesliga,3.8,41.7,11.0,0.0,3.5,3.9,0.2,0.02,0.9,4.0,0.05,1.2,0.3,0.6,0.2,6.94,0.0,28.0,0.6,1.1,0.2,1800,20,Midfielder,0.71875,0.5217391304347826,0.0911270983213429,0.2222222222222222,0.1392857142857143,0.5,0.0333333333333333,17.200122223955898,81.16091954022988,29.240670671451607,44.48991652363864,35.00623066762144,True,False,Germany
624166,Manuel Locatelli,9885,Juventus,ITA-Serie A,5.6,76.2,3.0,0.0,2.2,2.6,0.12,0.06,1.4,1.0,0.05,1.4,0.4,0.6,0.6,7.51,0.0,29.0,1.2,3.0,0.2,1924,24,Midfielder,0.7586206896551724,0.3181818181818181,0.0734908136482939,0.1428571428571428,0.0896551724137931,0.3333333333333333,0.05,16.967500130025485,55.99667134758413,29.369324387579965,71.12297810370832,34.93826921864874,True,False,Italy
1080983,Ilia Gruev,8463,Leeds United,ENG-Premier League,1.5,37.6,2.0,0.0,1.0,0.8,0.07,0.03,0.7,3.0,0.0,1.1,0.1,0.4,0.4,6.82,0.0,10.0,0.4,1.8,0.5,1022,17,Midfielder,0.8055555555555556,0.3793103448275862,0.0398936170212765,0.7142857142857143,0.08,0.25,0.075,43.88235294117647,30.558823529411764,18.33823529411765,64.77573529411765,34.84119040508387,True,False,Bulgaria
1336582,Maximo Perrone,10171,Como,ITA-Serie A,2.0,66.6,3.0,0.0,0.8,2.0,0.1,0.06,1.5,3.0,0.1,0.8,0.2,0.1,0.2,7.18,0.0,23.0,0.5,1.8,0.4,1845,23,Midfielder,0.6341463414634148,0.3076923076923077,0.03003003003003,0.2666666666666666,0.0869565217391304,0.4,0.12,20.27382066885109,45.383354137410926,38.845763769698856,48.32680605398658,34.71189812823954,True,False,Argentina
820024,Sean Longstaff,8463,Leeds United,ENG-Premier League,1.2,33.7,6.0,0.0,1.0,1.3,0.13,0.08,1.0,2.0,0.1,1.0,0.2,0.5,0.5,0.0,0.0,21.0,1.2,3.5,0.0,939,16,Midfielder,0.8181818181818182,0.2222222222222222,0.0356083086053412,0.0,0.0619047619047619,0.1666666666666666,0.0666666666666666,16.481617647058826,53.66176470588235,28.65808823529412,77.05882352941177,34.60927222000364,True,False,England
295067,Will Hughes,9826,Crystal Palace,ENG-Premier League,1.2,32.5,1.0,0.0,1.7,1.6,0.13,0.08,1.2,0.0,0.0,0.9,0.0,0.4,0.0,6.61,0.0,18.0,1.2,1.6,0.8,1159,23,Midfielder,0.6756756756756757,0.36,0.0369230769230769,0.6666666666666667,0.0888888888888888,0.0,0.0666666666666666,36.8605216622458,49.030269932906855,17.32139699381079,48.38172231757424,34.60720360176834,True,False,England
1280132,Nico González,8456,Manchester City,ENG-Premier League,1.9,67.7,1.0,0.0,2.6,1.0,0.07,0.04,1.8,0.0,0.07,1.4,0.1,0.4,0.7,7.17,0.0,8.0,0.8,2.4,0.7,1375,21,Midfielder,0.6785714285714286,0.3684210526315789,0.0280649926144756,0.3888888888888888,0.125,0.125,0.0499999999999999,32.55882352941176,39.04411764705882,16.647058823529413,80.07720588235296,34.49257958854424,True,False,Spain
651435,Toma Basic,8543,Lazio,ITA-Serie A,1.0,36.7,4.0,0.0,1.1,1.5,0.12,0.09,1.1,2.0,0.08,0.7,0.7,0.5,0.5,6.83,0.0,14.0,2.0,1.2,0.1,1180,16,Midfielder,0.6333333333333333,0.3684210526315789,0.0272479564032697,0.0909090909090909,0.1071428571428571,0.35,0.045,18.691176470588232,57.19852941176471,32.6360294117647,49.20220588235294,34.487240916093064,True,False,Croatia
936164,Michel Ndary Adopo,8529,Cagliari,ITA-Serie A,0.6,25.6,1.0,0.0,1.4,0.4,0.02,0.07,1.1,1.0,0.05,0.9,0.4,0.2,0.4,6.73,0.0,18.0,0.9,1.7,0.5,2000,25,Midfielder,0.7027027027027027,0.3461538461538461,0.0234374999999999,0.4545454545454545,0.0222222222222222,0.4444444444444445,0.0777777777777777,38.83995163051958,20.957403651115623,32.02406121599834,58.34373537213293,34.41009896238178,True,False,France
795371,Ibrahim Sangaré,10203,Nottingham Forest,ENG-Premier League,1.6,36.3,1.0,0.0,2.3,1.3,0.09,0.07,1.7,2.0,0.14,1.0,0.3,0.8,0.2,6.91,0.0,6.0,0.9,2.6,0.3,1320,18,Midfielder,0.679245283018868,0.2777777777777778,0.0440771349862259,0.1764705882352941,0.2166666666666666,0.3333333333333333,0.0777777777777777,17.172794117647058,48.25,38.69117647058823,54.93749999999999,34.37188742543036,True,False,Ivory Coast
614207,Maxime Lopez,6379,Paris FC,FRA-Ligue 1,3.5,73.8,12.0,0.0,0.5,3.9,0.21,0.02,1.4,3.0,0.0,0.4,0.3,0.2,0.4,7.04,0.0,38.0,0.4,1.0,0.4,1686,20,Midfielder,0.5,0.2857142857142857,0.0474254742547425,0.2857142857142857,0.1026315789473684,0.7499999999999999,0.0499999999999999,21.323529411764703,82.33823529411765,27.084558823529413,31.650735294117645,34.34118821252693,True,False,France
530197,Manolis Saliakas,8152,FC St. Pauli,GER-Bundesliga,2.7,29.1,4.0,0.0,2.0,2.9,0.11,0.06,0.7,1.0,0.08,0.8,0.2,0.3,0.2,6.91,0.0,26.0,1.1,1.8,0.1,2323,30,Midfielder,0.787878787878788,0.3076923076923077,0.0927835051546391,0.1428571428571428,0.1115384615384615,0.1818181818181818,0.0545454545454545,22.927718832891244,58.56100795755968,23.352122015915125,51.81697612732095,34.27570456674679,False,False,Greece
1079548,Joris Chotard,8521,Brest,FRA-Ligue 1,2.5,30.1,0.0,0.0,2.8,0.7,0.04,0.06,1.0,0.0,0.1,1.5,0.4,0.4,0.2,6.89,0.0,4.0,1.1,2.3,0.2,1799,21,Midfielder,0.7916666666666666,0.3947368421052631,0.0830564784053156,0.2,0.175,0.3636363636363636,0.0545454545454545,26.186612576064903,34.4765694076039,29.650920580433763,59.857745618141166,34.1380275660051,True,False,France
1422593,Joshua King,9879,Fulham,ENG-Premier League,0.2,18.4,0.0,0.0,1.1,0.4,0.04,0.13,0.8,1.0,0.0,0.2,0.7,0.2,0.3,6.45,0.0,8.0,1.8,2.0,1.1,919,21,Midfielder,0.7333333333333334,0.0909090909090909,0.0108695652173913,1.375,0.05,0.3888888888888888,0.0722222222222222,71.48897058823529,10.801470588235292,37.757352941176464,41.63602941176471,34.1025363969415,True,False,England
1310480,Sergi Altimira,8603,Real Betis,ESP-La Liga,2.1,51.1,2.0,0.0,1.9,1.2,0.05,0.08,1.6,1.0,0.0,1.1,0.2,0.0,0.5,6.9,0.0,22.0,1.0,2.8,0.7,1972,32,Midfielder,0.7090909090909091,0.2820512820512821,0.0410958904109589,0.4374999999999999,0.0545454545454545,0.2,0.08,35.885278514588855,23.925729442970823,25.069628647214856,71.92307692307692,34.06840646750388,False,False,Spain
929838,Hugo Duro,10267,Valencia CF,ESP-La Liga,0.3,13.3,1.0,0.0,1.1,0.7,0.04,0.33,0.9,0.0,0.44,0.2,0.6,0.4,0.3,6.66,0.0,12.0,1.6,0.7,0.2,1425,23,Attacker,0.5,0.2222222222222222,0.0225563909774436,0.2222222222222222,0.0583333333333333,0.3749999999999999,0.20625,33.5314401622718,16.795040828002286,83.30206220419204,27.52309252613512,34.0435085308538,True,False,Spain
1180481,Johann Lepenant,9830,Nantes,FRA-Ligue 1,2.1,31.1,2.0,0.0,1.0,1.1,0.08,0.03,1.0,1.0,0.0,0.9,0.1,0.2,0.7,6.97,0.0,15.0,0.7,3.8,0.5,1202,16,Midfielder,0.8245614035087719,0.1914893617021276,0.067524115755627,0.5,0.0733333333333333,0.1428571428571428,0.0428571428571428,34.98795313881521,39.41095854787539,15.170951006397257,74.53597805169814,34.025632160972535,True,False,France
881500,Lyle Foster,8191,Burnley,ENG-Premier League,0.4,11.8,1.0,0.0,1.1,0.4,0.03,0.2,1.6,1.0,0.26,0.3,0.4,0.3,0.5,6.29,0.0,8.0,1.3,1.0,0.7,1028,19,Attacker,0.4482758620689654,0.2307692307692307,0.0338983050847457,0.4374999999999999,0.05,0.3076923076923077,0.1538461538461538,45.139705882352935,12.375,66.61029411764704,33.86029411764706,33.98814031138001,True,False,South Africa
882400,Jessy Deminguet,8550,Metz,FRA-Ligue 1,2.8,36.8,0.0,0.0,0.8,0.5,0.03,0.02,1.2,0.0,0.07,0.8,0.2,0.1,0.2,6.43,0.0,3.0,0.5,1.8,0.6,1297,21,Midfielder,0.6842105263157895,0.3076923076923077,0.0760869565217391,0.5,0.1666666666666666,0.4,0.04,36.62867647058823,32.419117647058826,25.294117647058822,45.70588235294117,33.85290703053393,True,False,France
914458,Aurélien Tchouaméni,8633,Real Madrid,ESP-La Liga,1.9,59.6,4.0,0.0,2.0,2.4,0.12,0.08,1.0,0.0,0.0,1.2,0.2,0.5,0.3,7.42,0.0,18.0,1.2,2.5,0.0,1735,21,Midfielder,0.7872340425531915,0.3243243243243243,0.0318791946308724,0.0,0.1333333333333333,0.1666666666666666,0.0666666666666666,20.42518983720809,56.63598065220784,22.541998231653405,62.40293597545119,33.77629772789485,True,False,France
1130583,Samu,8661,Mallorca,ESP-La Liga,2.8,33.0,0.0,0.0,3.4,0.8,0.04,0.1,2.5,0.0,0.22,1.0,0.5,0.6,0.4,6.91,0.0,10.0,1.1,2.1,0.5,1607,21,Midfielder,0.5535714285714286,0.3225806451612903,0.0848484848484848,0.2,0.08,0.4545454545454545,0.0909090909090909,22.009537369324388,27.57345139647371,45.48658136994851,56.99257554480678,33.77073695252269,True,False,Portugal
784241,Manu Morlanes,8661,Mallorca,ESP-La Liga,2.2,42.8,1.0,0.0,1.2,0.9,0.08,0.06,1.2,0.0,0.09,1.0,0.1,0.2,0.3,6.75,0.0,11.0,0.4,3.2,0.4,953,18,Midfielder,0.7777777777777778,0.238095238095238,0.0514018691588785,0.3333333333333333,0.0818181818181818,0.25,0.15,26.08306678108909,25.7868752275446,33.261403235034074,70.31877047901389,33.70207736806268,True,False,Spain
790732,Tommaso Pobega,9857,Bologna,ITA-Serie A,1.3,23.8,2.0,0.0,1.6,0.6,0.05,0.13,2.1,1.0,0.17,1.3,0.7,0.6,0.5,6.63,0.0,6.0,1.7,2.2,0.3,1068,17,Midfielder,0.625,0.3714285714285714,0.0546218487394958,0.1428571428571428,0.0999999999999999,0.4117647058823529,0.0764705882352941,18.48539163676081,27.27174026109118,50.94559083580382,63.91509335829824,33.64140660982642,True,False,Italy
641595,Nikola Moro,9857,Bologna,ITA-Serie A,8.3,56.5,0.0,0.0,1.9,1.2,0.1,0.04,0.9,0.0,0.17,0.7,0.2,0.1,0.4,6.91,0.0,13.0,0.9,1.8,0.5,1087,18,Midfielder,0.7352941176470589,0.2799999999999999,0.1469026548672566,0.5555555555555556,0.0923076923076923,0.2222222222222222,0.0444444444444444,34.702924273157535,32.95846986009258,20.31685260311021,61.73788162479846,33.626063918157755,True,False,Croatia
1269497,Yannik Engelhardt,9788,Borussia Mönchengladbach,GER-Bundesliga,1.0,40.2,1.0,0.0,1.8,1.1,0.06,0.07,1.6,1.0,0.12,1.0,0.3,0.4,0.3,6.91,0.0,9.0,0.9,2.0,0.2,1561,20,Midfielder,0.6521739130434783,0.3333333333333333,0.0248756218905472,0.125,0.1222222222222222,0.3333333333333333,0.0777777777777777,20.679246632339936,39.49080719821085,35.29459224007905,53.3223526811255,33.580976390428084,True,False,Germany
562724,Lewis Cook,8678,Bournemouth,ENG-Premier League,1.9,34.1,6.0,0.0,2.0,3.8,0.11,0.03,1.5,3.0,0.03,1.2,0.1,0.3,0.3,7.09,0.0,48.0,0.4,2.4,0.4,2978,36,Midfielder,0.7058823529411764,0.3333333333333333,0.0557184750733137,0.2666666666666666,0.0791666666666666,0.25,0.075,20.344827586206897,57.42705570291778,21.97944297082228,61.11405835543767,33.500226016481534,False,False,England
874621,Martin Payero,7801,Cremonese,ITA-Serie A,0.9,21.2,1.0,0.0,1.2,0.5,0.04,0.12,2.4,0.0,0.08,0.6,0.4,0.2,0.3,6.54,0.0,8.0,1.5,1.3,1.5,1146,17,Midfielder,0.4418604651162791,0.3157894736842105,0.0424528301886792,0.625,0.0625,0.2666666666666666,0.08,55.98529411764705,15.904411764705884,37.63970588235294,33.8125,33.46020549051029,True,False,Argentina
1188890,Nicolai Remberg,9790,Hamburger SV,GER-Bundesliga,2.1,40.1,2.0,0.0,3.5,1.0,0.05,0.04,1.5,1.0,0.0,1.4,0.3,0.5,0.3,7.07,0.0,6.0,0.7,2.1,0.4,1800,20,Midfielder,0.7,0.3999999999999999,0.0523690773067331,0.2666666666666666,0.1666666666666666,0.4285714285714286,0.0571428571428571,21.573529411764703,42.78676470588235,26.977941176470587,60.65441176470589,33.29111971176902,True,False,Germany
823825,Randal Kolo Muani,8586,Tottenham Hotspur,ENG-Premier League,0.2,11.5,0.0,0.0,0.9,1.2,0.11,0.12,1.8,0.0,0.0,0.2,0.2,0.0,0.7,6.27,0.0,13.0,1.0,1.7,1.3,1028,18,Attacker,0.5135135135135135,0.1052631578947368,0.017391304347826,0.7222222222222222,0.0923076923076923,0.2,0.12,44.00000650127424,30.547004212825712,25.562860820720857,33.84378088105269,33.27178624098465,True,False,France
1206287,Freddie Potts,8654,West Ham United,ENG-Premier League,2.0,33.8,2.0,0.0,2.4,1.1,0.09,0.02,1.1,1.0,0.0,1.2,0.1,0.2,0.0,6.69,0.0,7.0,0.2,2.2,0.2,1099,19,Midfielder,0.7555555555555556,0.3529411764705882,0.0591715976331361,0.1818181818181818,0.1571428571428571,0.5,0.0999999999999999,16.253676470588232,49.71323529411765,35.38235294117647,54.27205882352941,33.22885886409859,True,False,England
571615,Unai Lopez,8370,Rayo Vallecano,ESP-La Liga,4.1,53.7,1.0,0.0,1.2,1.0,0.09,0.04,2.0,3.0,0.0,1.1,0.3,0.3,0.3,7.0,0.0,22.0,1.2,1.7,0.6,1045,17,Midfielder,0.5833333333333334,0.3928571428571429,0.0763500931098696,0.3,0.0454545454545454,0.25,0.0333333333333333,35.26327560201799,30.11756904353253,23.16129661413637,53.04902610911739,33.11524513494374,True,False,Spain
822440,Michael Folorunsho,8529,Cagliari,ITA-Serie A,0.8,15.2,1.0,0.0,1.3,0.4,0.03,0.17,1.6,0.0,0.07,0.4,0.4,0.1,0.3,6.56,0.0,10.0,1.3,1.4,0.9,1313,16,Midfielder,0.5294117647058824,0.2222222222222222,0.0526315789473684,0.5625,0.04,0.3076923076923077,0.1307692307692307,51.43382352941176,12.683823529411764,51.8014705882353,32.03308823529412,33.0287756592189,True,False,Italy
1121170,Ransford Königsdörffer,9790,Hamburger SV,GER-Bundesliga,0.3,11.6,0.0,0.0,1.0,0.8,0.05,0.39,1.0,0.0,0.26,0.1,1.0,0.0,0.3,6.56,0.0,10.0,3.0,0.1,0.5,1391,21,Attacker,0.1666666666666666,0.5,0.0258620689655172,0.5,0.08,0.3333333333333333,0.13,51.83455882352942,20.727941176470587,71.65441176470588,11.268382352941178,32.93881056572044,True,False,Ghana
1246009,Cher Ndour,8535,Fiorentina,ITA-Serie A,1.2,30.7,1.0,0.0,1.6,0.4,0.04,0.08,1.2,0.0,0.1,0.7,0.2,0.7,0.4,6.35,0.0,3.0,0.9,1.4,0.3,920,20,Midfielder,0.6363636363636362,0.3333333333333333,0.0390879478827361,0.25,0.1333333333333333,0.2222222222222222,0.0888888888888888,24.44117647058824,33.35294117647059,35.1764705882353,46.636029411764696,32.925133576383764,True,False,Italy
286119,Jamie Vardy,7801,Cremonese,ITA-Serie A,0.0,7.9,3.0,0.0,1.1,0.7,0.04,0.21,0.9,1.0,0.27,0.2,0.5,0.2,0.3,6.51,0.0,13.0,1.1,0.5,0.2,1667,21,Attacker,0.4374999999999999,0.2857142857142857,0.0,0.2222222222222222,0.0538461538461538,0.4545454545454545,0.1909090909090909,31.56617647058824,24.86029411764705,78.22426470588235,16.669117647058822,32.836817130816264,True,False,England
1156568,Amin Sarr,9876,Verona,ITA-Serie A,0.6,15.0,2.0,0.0,0.7,1.0,0.05,0.16,2.2,1.0,0.19,0.1,0.3,0.1,0.4,6.43,0.0,22.0,1.1,1.0,0.7,1918,32,Attacker,0.3333333333333333,0.0909090909090909,0.04,0.3181818181818181,0.0454545454545454,0.2727272727272727,0.1454545454545454,34.48938992042441,22.81167108753316,56.9794429708223,23.9025198938992,32.76900211590537,False,False,Sweden
620618,Rodrigo Bentancur,8586,Tottenham Hotspur,ENG-Premier League,1.0,39.8,1.0,0.0,2.5,0.7,0.04,0.03,1.0,1.0,0.06,1.4,0.1,0.4,0.3,7.02,0.0,9.0,0.6,2.4,0.8,1415,20,Midfielder,0.7916666666666666,0.3684210526315789,0.0251256281407035,0.8,0.0777777777777777,0.1666666666666666,0.05,41.07276226140323,22.523495605138606,20.09331929058096,68.52196780568993,32.74567961429545,True,False,Uruguay
1235086,Kristoffer Lund Hansen,8722,1. FC Köln,GER-Bundesliga,1.5,25.0,3.0,0.0,4.7,1.5,0.1,0.03,0.5,1.0,0.0,1.4,0.1,0.3,0.3,6.67,0.0,13.0,0.9,1.4,0.5,1347,21,Midfielder,0.8484848484848485,0.5,0.06,1.0,0.1153846153846153,0.1111111111111111,0.0333333333333333,49.68382352941177,52.27941176470589,7.794117647058824,58.25735294117647,32.69332298519883,True,False,USA
1513317,Adama Camara,6379,Paris FC,FRA-Ligue 1,1.6,34.9,1.0,0.0,2.0,0.6,0.04,0.11,1.2,0.0,0.06,1.1,0.2,0.5,0.2,6.8,0.0,9.0,0.9,2.1,0.4,1470,19,Midfielder,0.7272727272727273,0.34375,0.0458452722063037,0.3333333333333333,0.0666666666666666,0.2222222222222222,0.1222222222222222,32.518382352941174,17.375,40.49264705882353,55.03676470588236,32.62830434296851,True,False,France
1203512,Tim Iroegbunam,8668,Everton,ENG-Premier League,0.7,24.8,3.0,0.0,0.5,0.6,0.06,0.04,1.6,2.0,0.0,1.5,0.0,0.7,0.4,6.77,0.0,5.0,0.7,4.1,0.7,939,19,Midfielder,0.7777777777777778,0.2678571428571428,0.0282258064516129,0.4374999999999999,0.12,0.0,0.0571428571428571,35.31617647058823,40.77941176470589,11.845588235294118,75.30882352941177,32.41609327522262,True,False,England
156008,Jordan Henderson,9937,Brentford,ENG-Premier League,3.7,42.3,6.0,0.0,1.4,2.2,0.13,0.02,0.7,3.0,0.06,0.8,0.1,0.4,0.2,6.76,0.0,14.0,0.4,1.3,0.2,1497,24,Midfielder,0.7500000000000001,0.3809523809523809,0.0874704491725768,0.2857142857142857,0.1571428571428571,0.25,0.0499999999999999,23.621323529411764,70.65441176470588,16.830882352941178,42.70220588235294,32.12867923943175,True,False,England
971790,Lucien Agoume,8302,Sevilla,ESP-La Liga,2.4,37.5,5.0,0.0,1.5,1.2,0.06,0.04,2.0,2.0,0.05,1.5,0.1,0.2,0.4,6.93,0.0,18.0,0.6,2.0,0.4,1670,21,Midfielder,0.6363636363636364,0.4285714285714285,0.064,0.2,0.0666666666666666,0.1666666666666666,0.0666666666666666,22.500884173297965,38.02167524834868,22.192951318458416,68.64778046497113,31.955583525252106,True,False,France
1359911,Miguel Román,9910,Celta de Vigo,ESP-La Liga,3.2,45.1,4.0,0.0,1.6,1.2,0.1,0.08,1.7,0.0,0.09,0.9,0.1,0.5,0.3,6.86,0.0,14.0,0.7,2.2,0.2,1040,16,Midfielder,0.6458333333333334,0.2903225806451613,0.0709534368070953,0.1176470588235294,0.0857142857142857,0.1428571428571428,0.1142857142857143,14.665441176470589,46.61029411764706,36.51838235294117,53.93382352941176,31.91604916095044,True,False,Spain
707970,Djibril Sow,8302,Sevilla,ESP-La Liga,1.4,33.8,1.0,0.0,0.5,0.9,0.06,0.07,1.7,0.0,0.21,1.0,0.3,0.1,0.1,6.61,0.0,13.0,0.9,1.7,0.3,1309,20,Midfielder,0.6136363636363636,0.3703703703703703,0.0414201183431952,0.1764705882352941,0.0692307692307692,0.3333333333333333,0.0777777777777777,22.91294143652156,25.129921464607065,42.518223071722055,48.91657564882718,31.849822938359345,True,False,Switzerland
561046,Ruben Aguilar,8588,Lens,FRA-Ligue 1,1.1,36.7,6.0,0.0,1.6,2.0,0.12,0.05,1.4,2.0,0.12,1.5,0.2,0.6,0.5,7.22,0.0,19.0,0.8,2.1,0.4,1501,20,Midfielder,0.72,0.4166666666666666,0.0299727520435967,0.2857142857142857,0.1052631578947368,0.25,0.0625,21.767163364019343,55.402038799604725,20.361880428564,49.33887892026837,31.84669098969027,True,False,France
827315,Nicolás Dominguez,10203,Nottingham Forest,ENG-Premier League,1.0,37.1,2.0,0.0,2.4,1.6,0.07,0.07,1.5,1.0,0.0,1.3,0.4,0.5,0.4,6.79,0.0,13.0,1.0,3.9,0.1,1970,34,Midfielder,0.7761194029850746,0.25,0.0269541778975741,0.0666666666666666,0.123076923076923,0.4,0.07,14.244031830238724,41.744031830238725,32.39389920424404,73.29244031830238,31.75894900323449,False,False,Argentina
586474,Kingsley Ehizibue,8600,Udinese,ITA-Serie A,0.9,19.7,3.0,0.0,2.1,1.8,0.07,0.04,1.2,1.0,0.0,0.8,0.1,0.5,0.4,6.75,0.0,22.0,0.5,2.0,0.4,2510,33,Midfielder,0.7,0.2857142857142857,0.0456852791878172,0.3333333333333333,0.0818181818181818,0.2,0.08,26.2002652519894,37.81167108753316,20.434350132626,57.40384615384615,31.570145270074896,False,False,Netherlands
424129,Leander Dendoncker,8670,Real Oviedo,ESP-La Liga,0.9,32.4,0.0,0.0,2.3,0.5,0.03,0.05,0.8,0.0,0.07,0.8,0.3,0.5,0.1,6.68,0.0,6.0,0.6,2.5,0.3,1318,18,Midfielder,0.8048780487804879,0.2424242424242424,0.0277777777777777,0.3749999999999999,0.0833333333333333,0.5,0.0833333333333333,30.588235294117645,16.147058823529413,41.856617647058826,53.72426470588235,31.562021570720773,True,False,Belgium
660462,Pierre Lees-Melou,6379,Paris FC,FRA-Ligue 1,3.9,42.4,1.0,0.0,1.4,0.8,0.07,0.06,1.7,1.0,0.08,0.8,0.3,0.4,0.7,7.07,0.0,9.0,1.5,2.9,0.5,1078,14,Midfielder,0.6851851851851851,0.2162162162162162,0.0919811320754717,0.2941176470588235,0.0888888888888888,0.1999999999999999,0.04,26.15441176470588,29.70588235294117,20.1875,75.62132352941177,31.294901645414694,True,False,France
1212630,Lorenzo Lucca,8600,Udinese,ITA-Serie A,0.4,9.1,1.0,0.0,1.0,0.8,0.03,0.29,2.5,1.0,0.46,0.3,1.0,0.0,0.5,6.78,0.0,14.0,2.5,0.4,0.5,2361,33,Attacker,0.2187499999999999,0.4285714285714286,0.0439560439560439,0.2,0.0571428571428571,0.4,0.1159999999999999,30.98806366047745,14.137931034482756,76.25,27.97745358090185,31.25189779404572,False,False,Italy
524437,Tomas Soucek,8654,West Ham United,ENG-Premier League,1.0,28.4,1.0,0.0,3.9,0.4,0.03,0.24,1.8,0.0,0.23,0.8,0.7,0.5,0.2,6.76,0.0,7.0,1.1,1.6,0.1,1171,23,Midfielder,0.5714285714285715,0.3333333333333333,0.0352112676056338,0.0555555555555555,0.0571428571428571,0.6363636363636362,0.2181818181818181,20.61018359598481,17.308784521766267,76.80793285483954,39.16933218910907,31.169652011403105,True,False,Czechia
299799,Bryan Cristante,8686,Roma,ITA-Serie A,4.3,51.9,1.0,0.0,1.8,1.9,0.08,0.06,1.8,0.0,0.04,0.7,0.3,0.1,0.5,7.12,0.0,18.0,1.2,2.0,0.4,2025,24,Midfielder,0.6000000000000001,0.2592592592592592,0.0828516377649325,0.2222222222222222,0.1055555555555555,0.25,0.05,19.93832891246684,40.1761585270713,25.803531492172468,55.38397825973891,31.08102593098935,True,False,Italy
785511,Fran Beltrán,9910,Celta de Vigo,ESP-La Liga,2.9,48.6,4.0,0.0,1.2,1.8,0.07,0.04,1.3,1.0,0.07,1.0,0.1,0.2,0.3,6.73,0.0,15.0,0.9,1.9,0.4,2426,34,Midfielder,0.6904761904761905,0.3448275862068966,0.0596707818930041,0.3076923076923077,0.12,0.1111111111111111,0.0444444444444444,24.3998673740053,47.23474801061008,17.257957559681696,53.9025198938992,30.927926407588583,False,False,Spain
304348,Rani Khedira,8149,1. FC Union Berlin,GER-Bundesliga,0.8,13.9,3.0,0.0,2.2,1.1,0.05,0.07,1.4,0.0,0.19,1.3,0.4,0.2,0.3,6.98,0.0,12.0,0.8,2.5,0.1,1850,21,Midfielder,0.7307692307692308,0.3421052631578947,0.0575539568345323,0.0714285714285714,0.0916666666666666,0.5,0.0875,14.077898268060542,30.960199199043007,45.2223760857128,61.43386903833152,30.816421182757,True,False,Tunisia
1321605,Mario Martin,8305,Getafe,ESP-La Liga,1.0,19.0,0.0,0.0,0.9,0.5,0.03,0.07,2.9,0.0,0.12,0.4,0.2,0.2,0.6,6.35,0.0,7.0,1.3,2.7,0.6,1457,22,Midfielder,0.5166666666666667,0.1290322580645161,0.0526315789473684,0.2068965517241379,0.0714285714285714,0.1538461538461538,0.0538461538461538,29.322248660737504,20.56255526083112,29.7156342643158,57.125819160555466,30.763885875198014,True,False,Spain
179410,Idrissa Gana Gueye,8668,Everton,ENG-Premier League,1.0,39.9,1.0,0.0,0.8,0.8,0.05,0.08,0.8,1.0,0.13,1.1,0.3,0.3,0.2,6.97,0.0,9.0,1.2,2.1,0.1,1405,17,Midfielder,0.8,0.34375,0.025062656641604,0.125,0.0888888888888888,0.25,0.0666666666666666,22.495442606750924,31.375266552244245,25.35914339210485,60.70546627138919,30.72234936232249,True,False,Senegal
637756,Carles Alena,9866,Alavés,ESP-La Liga,1.1,33.9,6.0,0.0,1.3,2.3,0.14,0.11,1.5,4.0,0.0,0.5,0.2,0.1,0.3,6.67,0.0,24.0,1.3,1.7,0.7,1466,24,Midfielder,0.5945945945945946,0.2272727272727272,0.0324483775811209,0.4666666666666666,0.0958333333333333,0.1538461538461538,0.0846153846153846,34.05147708950955,45.59555572892287,19.85697846777968,27.31682009673896,30.629205715675937,True,False,Spain
603537,Angelino,8686,Roma,ITA-Serie A,2.6,37.5,7.0,0.0,2.5,4.0,0.11,0.03,0.9,1.0,0.06,0.8,0.1,0.3,0.1,7.1,0.0,50.0,0.7,1.3,0.3,3179,38,Midfielder,0.7000000000000001,0.3809523809523809,0.0693333333333333,0.3333333333333333,0.08,0.1428571428571428,0.0428571428571428,25.858753315649864,59.46949602122017,15.305039787798412,40.0132625994695,30.47931820896858,False,False,Spain
1080917,Omar Traoré,94937,1. FC Heidenheim 1846,GER-Bundesliga,2.0,27.2,3.0,0.0,1.6,1.3,0.1,0.02,1.4,2.0,0.0,0.7,0.1,0.1,0.2,6.3,0.0,12.0,0.6,1.2,0.8,1199,20,Midfielder,0.5757575757575758,0.3684210526315789,0.0735294117647058,0.5714285714285715,0.1083333333333333,0.1666666666666666,0.0333333333333333,45.48132183908046,52.13490144068238,8.755877151921776,40.30371352785145,30.428180950159582,True,False,Germany
1178314,Nikola Stulic,9888,Lecce,ITA-Serie A,0.2,11.7,2.0,0.0,0.7,0.8,0.06,0.16,1.9,0.0,0.14,0.1,0.3,0.3,0.8,6.33,0.0,17.0,1.7,0.8,0.3,1306,23,Attacker,0.3214285714285714,0.1111111111111111,0.017094017094017,0.1578947368421052,0.0470588235294117,0.1764705882352941,0.0941176470588235,21.35294117647059,27.139705882352946,44.0,37.64338235294117,30.425623878561154,True,False,Serbia
304354,Janik Haberer,8149,1. FC Union Berlin,GER-Bundesliga,1.8,25.2,3.0,0.0,2.0,2.0,0.17,0.05,1.4,1.0,0.0,0.5,0.1,0.1,0.5,6.64,0.0,17.0,0.8,1.8,0.4,1102,19,Midfielder,0.6216216216216216,0.2173913043478261,0.0714285714285714,0.2857142857142857,0.1176470588235294,0.125,0.0625,21.069771675248347,60.6630389556353,15.40760389036251,52.14439980236126,30.423158516927696,True,False,Germany
1339372,Cesare Casadei,9804,Torino,ITA-Serie A,0.9,26.1,3.0,0.0,1.5,1.3,0.07,0.16,2.4,0.0,0.17,0.5,0.7,0.1,0.3,6.81,0.0,14.0,1.6,1.5,0.6,1570,23,Midfielder,0.4545454545454545,0.25,0.0344827586206896,0.25,0.0928571428571428,0.4374999999999999,0.0999999999999999,27.12255552088209,30.86377229937068,41.73197846777968,23.84132990066053,30.404983547084747,True,False,Italy
308517,Stanislav Lobotka,9875,Napoli,ITA-Serie A,1.5,64.2,0.0,0.0,1.2,0.9,0.05,0.02,0.5,1.0,0.06,0.5,0.2,0.1,0.3,7.18,0.0,13.0,0.3,1.1,0.2,1627,21,Midfielder,0.7619047619047619,0.3125,0.0233644859813084,0.4,0.0692307692307692,0.6666666666666667,0.0666666666666666,28.309649191241487,25.805481874447395,26.261721797472305,47.52361912934936,30.11071304202541,True,False,Slovakia
935622,Marcus Holmgren Pedersen,9804,Torino,ITA-Serie A,0.9,19.3,2.0,0.0,1.1,1.6,0.1,0.05,1.3,0.0,0.0,0.4,0.1,0.1,0.2,6.43,0.0,10.0,0.6,1.0,0.5,1475,19,Midfielder,0.5185185185185185,0.2857142857142857,0.0466321243523316,0.3846153846153846,0.16,0.1666666666666666,0.0833333333333333,32.095191657564875,38.324192541738185,24.12418734071878,26.351634420346382,30.031355142180363,True,False,Norway
933817,Riccardo Sottil,9888,Lecce,ITA-Serie A,0.7,17.7,6.0,0.0,0.3,2.6,0.24,0.06,0.9,2.0,0.09,0.2,0.3,0.0,0.3,6.54,0.0,23.0,1.7,0.4,1.2,995,19,Attacker,0.4000000000000001,0.3333333333333333,0.03954802259887,1.3333333333333333,0.1130434782608695,0.1764705882352941,0.0352941176470588,50.1446143444115,67.36438341915014,15.391292193269882,11.632996567327195,30.000739792829982,True,False,Italy
1598170,Samir El Mourabet,9848,Strasbourg,FRA-Ligue 1,1.4,52.9,2.0,0.0,1.0,1.4,0.09,0.02,1.1,0.0,0.0,1.0,0.0,0.6,0.8,6.71,0.0,16.0,0.6,3.3,0.7,1376,22,Midfielder,0.7962962962962962,0.2325581395348837,0.0264650283553875,0.6363636363636362,0.0875,0.0,0.0333333333333333,42.87499999999999,41.75,5.941176470588236,87.70220588235293,29.98441473979141,True,False,Morocco
824623,Martin Frese,9876,Verona,ITA-Serie A,1.3,20.9,1.0,0.0,3.2,1.4,0.08,0.1,1.6,0.0,0.06,0.9,0.4,0.3,0.1,6.86,0.0,20.0,0.9,2.8,0.0,1477,19,Midfielder,0.6981132075471698,0.2432432432432432,0.062200956937799,0.0,0.0699999999999999,0.4444444444444445,0.1111111111111111,11.904411764705882,34.49264705882353,49.94117647058823,52.41544117647058,29.898579456918327,True,False,Denmark
466672,Jefferson Lerma,9826,Crystal Palace,ENG-Premier League,2.3,37.2,2.0,0.0,3.6,0.9,0.07,0.08,1.5,2.0,0.0,1.2,0.5,0.2,0.0,6.76,0.0,10.0,1.0,1.4,0.2,1158,23,Midfielder,0.6341463414634146,0.4615384615384615,0.0618279569892473,0.1333333333333333,0.09,0.5,0.08,17.186944141051647,39.39864513444635,31.78794143652156,44.805202319654654,29.871787494027448,True,False,Colombia
1362622,Junior Mwanga,9830,Nantes,FRA-Ligue 1,2.1,0.0,2.0,0.0,0.0,0.0,0.0,0.07,1.2,1.0,0.06,0.7,0.2,0.0,0.0,0.0,0.0,0.0,0.6,2.1,0.0,1476,18,Midfielder,0.7,0.25,0.0,0.0,0.0,0.3333333333333333,0.1166666666666666,20.551626618817288,23.19683257918552,39.27812451240443,50.98824569615645,29.870516482910464,True,False,France
689987,Jakub Piotrowski,8600,Udinese,ITA-Serie A,1.0,22.2,1.0,0.0,2.1,0.4,0.03,0.14,1.6,1.0,0.08,1.0,0.4,0.3,0.3,6.66,0.0,10.0,1.9,2.5,0.5,1073,21,Midfielder,0.6862745098039216,0.2857142857142857,0.045045045045045,0.3125,0.04,0.2105263157894737,0.0736842105263158,33.30882352941176,12.683823529411764,35.04044117647059,59.04779411764706,29.71416036253127,True,False,Poland
729769,Tyler Adams,8678,Bournemouth,ENG-Premier League,1.5,45.1,0.0,0.0,1.9,0.3,0.02,0.04,1.6,1.0,0.15,1.6,0.4,0.4,0.3,6.95,0.0,2.0,0.6,2.6,0.3,1202,15,Midfielder,0.7241379310344827,0.3809523809523809,0.0332594235033259,0.1874999999999999,0.15,0.6666666666666667,0.0666666666666666,14.675202839756592,24.904457273625628,41.65717480626203,69.578977479586,29.679909058871875,True,False,USA
1403332,Aljoscha Kemlein,8149,1. FC Union Berlin,GER-Bundesliga,2.8,32.6,1.0,0.0,1.2,1.1,0.07,0.06,1.0,0.0,0.0,1.0,0.1,0.2,0.3,6.77,0.0,8.0,0.8,2.2,0.8,1297,20,Midfielder,0.7619047619047619,0.3125,0.0858895705521472,0.8,0.1375,0.125,0.075,40.76226140323503,31.888295105840744,14.217272585426745,41.45162401830759,29.55954117568459,True,False,Germany
1463266,Louis Oppie,8152,FC St. Pauli,GER-Bundesliga,1.2,28.4,2.0,0.0,2.4,1.0,0.06,0.05,0.8,0.0,0.06,0.5,0.2,0.1,0.3,6.65,0.0,6.0,0.9,1.2,0.2,1404,18,Midfielder,0.6799999999999999,0.2941176470588235,0.0422535211267605,0.25,0.1666666666666666,0.2222222222222222,0.0555555555555555,24.176470588235297,44.375,20.794117647058822,36.58088235294117,29.44004172568473,True,False,Germany
872396,Pathé Ciss,8370,Rayo Vallecano,ESP-La Liga,3.7,53.0,0.0,0.0,2.9,0.3,0.02,0.13,1.3,0.0,0.08,1.4,0.5,0.6,0.1,6.83,0.0,7.0,0.9,2.5,0.3,1130,16,Midfielder,0.75,0.358974358974359,0.0698113207547169,0.2307692307692307,0.0428571428571428,0.5555555555555556,0.1444444444444444,26.96310526863265,10.04760233005669,56.33382092890207,56.73862927133717,29.3910195624532,True,False,Senegal
844437,Amine Gouiri,9851,Rennes,FRA-Ligue 1,0.4,0.0,0.0,0.0,0.3,0.0,0.0,0.0,0.0,0.0,0.0,0.0,0.0,0.0,0.0,0.0,0.0,0.0,0.0,0.6,0.0,2088,33,Attacker,1.0,0.0,0.0,0.0,0.0,0.0,0.0,33.98541114058355,23.25817860300619,33.65495137046861,26.389257294429708,29.31428859485346,False,False,Algeria
1054122,Boubacar Traore,8550,Metz,FRA-Ligue 1,2.0,34.7,0.0,0.0,1.0,0.3,0.02,0.07,1.5,0.0,0.08,0.6,0.2,0.1,0.2,6.5,0.0,4.0,1.3,2.7,1.2,1150,16,Midfielder,0.6875,0.1818181818181818,0.0576368876080691,0.7999999999999999,0.075,0.1538461538461538,0.0538461538461538,55.077205882352935,11.779411764705882,22.775735294117645,48.588235294117645,29.29184974342215,True,False,Mali
1072864,Tolu Arokodare,8602,Wolverhampton Wanderers,ENG-Premier League,0.1,11.0,0.0,0.0,2.0,0.3,0.03,0.24,1.1,0.0,0.16,0.2,0.7,0.1,0.3,6.54,0.0,9.0,2.6,0.5,1.4,1092,23,Attacker,0.3888888888888888,0.2857142857142857,0.009090909090909,1.2727272727272725,0.0333333333333333,0.2692307692307692,0.0923076923076923,75.70588235294116,8.301470588235293,52.963235294117645,16.205882352941174,29.27223000986317,True,False,Nigeria
801120,Jens-Lys Cajuste,9902,Ipswich Town,ENG-Premier League,1.1,28.6,0.0,0.0,1.5,0.7,0.03,0.03,1.1,1.0,0.05,1.3,0.0,0.5,0.5,6.59,0.0,13.0,0.5,2.0,1.3,1976,30,Midfielder,0.7499999999999999,0.393939393939394,0.0384615384615384,1.1818181818181817,0.0538461538461538,0.0,0.06,58.312334217506624,11.087533156498674,16.452254641909814,70.96816976127322,29.18810752832476,False,False,Sweden
115067,Nemanja Matic,7943,Sassuolo,ITA-Serie A,4.1,49.7,1.0,0.0,1.7,1.0,0.04,0.01,0.9,1.0,0.04,0.8,0.2,0.4,0.5,7.06,0.0,19.0,0.4,1.6,0.3,2011,23,Midfielder,0.7272727272727273,0.3333333333333333,0.0824949698189134,0.3333333333333333,0.0526315789473684,0.5,0.0249999999999999,24.93382352941176,23.38235294117647,24.83455882352941,59.45588235294117,29.16498755058193,True,False,Serbia
866516,Teun Koopmeiners,9885,Juventus,ITA-Serie A,2.0,55.2,0.0,0.0,2.1,1.1,0.07,0.07,1.7,0.0,0.0,1.2,0.3,0.4,0.3,6.83,0.0,16.0,1.4,1.5,0.1,1354,22,Midfielder,0.6136363636363636,0.4444444444444444,0.036231884057971,0.0588235294117647,0.06875,0.2142857142857143,0.05,19.07804129609403,36.65665470432205,27.03756436261507,45.27555650907578,29.131509807246264,True,False,Netherlands
767013,Antoine Bernede,9876,Verona,ITA-Serie A,1.0,26.3,2.0,0.0,0.7,1.1,0.06,0.05,2.3,2.0,0.05,0.4,0.1,0.3,0.3,6.78,0.0,20.0,0.8,2.8,0.7,1810,24,Midfielder,0.5818181818181818,0.125,0.0380228136882129,0.3043478260869565,0.055,0.125,0.0625,29.356617647058822,30.88235294117647,18.613970588235293,44.86029411764705,28.878297066406592,True,False,France
214972,Geoffrey Kondogbia,8592,Marseille,FRA-Ligue 1,1.7,73.8,0.0,0.0,2.8,1.1,0.05,0.02,0.8,0.0,0.0,1.0,0.0,0.3,0.4,7.11,0.0,5.0,0.4,2.7,0.4,2021,25,Midfielder,0.8222222222222223,0.2702702702702702,0.0230352303523035,0.5,0.22,0.0,0.0499999999999999,33.19628647214854,36.90981432360742,9.383289124668435,69.11472148541114,28.78161790040244,False,False,Central African Rep.
1359649,Noah Sadiki,8472,Sunderland,ENG-Premier League,1.3,31.2,0.0,0.0,1.5,0.9,0.04,0.02,0.9,0.0,0.0,1.3,0.0,0.3,0.3,6.9,0.0,10.0,0.3,1.5,0.7,1845,21,Midfielder,0.7567567567567568,0.4642857142857143,0.0416666666666666,0.7777777777777777,0.09,0.0,0.0666666666666666,47.62867647058823,23.264705882352946,11.198529411764708,55.9264705882353,28.631801657500983,True,False,DR Congo
992060,Tom Krauss,8722,1. FC Köln,GER-Bundesliga,1.9,38.3,2.0,0.0,2.8,1.0,0.07,0.03,1.3,1.0,0.0,1.6,0.1,0.4,0.5,7.04,0.0,9.0,0.6,3.3,0.4,1209,18,Midfielder,0.7903225806451614,0.3265306122448979,0.0496083550913838,0.3076923076923077,0.1111111111111111,0.1666666666666666,0.05,23.91176470588235,39.90441176470589,11.091911764705882,80.75735294117646,28.610584706414432,True,False,Germany
540963,Sander Berge,9879,Fulham,ENG-Premier League,1.7,48.3,3.0,0.0,1.6,1.1,0.04,0.05,1.0,1.0,0.0,0.7,0.1,0.6,0.2,6.64,0.0,15.0,0.4,1.8,0.3,2166,26,Midfielder,0.7142857142857143,0.2799999999999999,0.0351966873706004,0.3,0.0733333333333333,0.25,0.125,24.718325791855204,24.5630623602226,26.99519555832943,46.3104618505227,28.604462090389458,True,False,Norway
262592,Moi Gomez,8371,Osasuna,ESP-La Liga,4.3,56.0,1.0,0.0,0.7,1.0,0.1,0.03,1.3,0.0,0.0,0.9,0.2,0.1,0.7,6.7,0.0,7.0,0.8,1.2,0.4,910,17,Midfielder,0.6176470588235293,0.4285714285714285,0.0767857142857142,0.3076923076923077,0.1428571428571428,0.25,0.0375,23.91176470588235,46.63970588235294,11.941176470588236,60.48161764705881,28.599530135581578,True,False,Spain
845998,Antonio Blanco,9866,Alavés,ESP-La Liga,3.3,51.3,1.0,0.0,1.2,0.9,0.04,0.03,2.0,1.0,0.05,1.8,0.4,0.3,0.1,7.04,0.0,12.0,1.1,3.0,0.7,1874,22,Midfielder,0.7058823529411765,0.375,0.0643274853801169,0.35,0.075,0.3636363636363636,0.0272727272727272,25.94169657252821,28.439239090861808,17.557672803869558,57.9355268632652,28.27383607347924,True,False,Spain
1352713,Carlos Baleba,10204,Brighton and Hove Albion,ENG-Premier League,1.6,33.7,0.0,0.0,1.6,0.3,0.02,0.03,1.9,0.0,0.0,1.7,0.0,0.2,0.4,6.55,0.0,4.0,0.9,2.0,0.7,1191,21,Midfielder,0.6607142857142858,0.4594594594594594,0.0474777448071216,0.3684210526315789,0.075,0.0,0.0333333333333333,39.003179123108126,16.102278046497116,15.978129713423831,71.92596348884382,28.269000656366824,True,False,Cameroon
958640,Akor Adams,8302,Sevilla,ESP-La Liga,0.2,9.1,1.0,0.0,1.2,0.3,0.02,0.56,1.4,2.0,0.44,0.0,1.6,0.1,0.6,6.64,0.0,5.0,3.0,0.4,0.6,1226,19,Attacker,0.2222222222222222,0.0,0.0219780219780219,0.4285714285714286,0.06,0.5333333333333333,0.1866666666666666,39.54657512872523,11.043909606282831,64.0604098403287,18.458976959484065,27.848533356952387,True,False,Nigeria
556972,Sasa Lukic,9879,Fulham,ENG-Premier League,0.5,29.9,1.0,0.0,1.9,1.4,0.1,0.13,2.8,2.0,0.07,0.8,0.2,0.5,0.2,6.78,0.0,22.0,0.9,2.6,0.1,1212,19,Midfielder,0.5483870967741936,0.2352941176470588,0.0167224080267558,0.0357142857142857,0.0636363636363636,0.2222222222222222,0.1444444444444444,12.521395693555938,35.32475165132366,35.92806990170074,49.33508217610652,27.78467008075265,True,False,Serbia
1388071,Reda Belahyane,9876,Verona,ITA-Serie A,1.2,32.6,1.0,0.0,1.2,0.7,0.03,0.01,1.7,2.0,0.0,0.5,0.1,0.5,0.3,6.71,0.0,16.0,0.3,2.1,1.8,1848,28,Midfielder,0.6046511627906977,0.1923076923076923,0.0368098159509202,1.0588235294117647,0.04375,0.3333333333333333,0.0333333333333333,56.1870026525199,13.733421750663132,16.375994694960212,44.90053050397878,27.75477209310556,False,False,Morocco
839750,Kervin Arriaga,8581,Levante,ESP-La Liga,1.9,37.1,1.0,0.0,2.8,0.4,0.03,0.02,1.5,1.0,0.08,0.8,0.2,0.8,0.2,6.62,0.0,3.0,0.6,2.2,0.4,1108,17,Midfielder,0.6666666666666666,0.2666666666666666,0.0512129380053908,0.2666666666666666,0.1333333333333333,0.3333333333333333,0.0333333333333333,19.86764705882353,31.94117647058824,21.86029411764705,48.57720588235294,27.398839249611413,True,False,Honduras
1296413,Henrik Meister,6479,Pisa,ITA-Serie A,0.1,5.3,1.0,0.0,0.4,0.1,0.01,0.25,1.5,0.0,0.15,0.0,0.5,0.0,0.4,6.17,0.0,2.0,1.2,0.2,0.7,1231,20,Attacker,0.1176470588235294,0.0,0.0188679245283018,0.4666666666666666,0.05,0.4166666666666667,0.2083333333333333,48.35294117647059,8.169117647058824,73.0845588235294,15.301470588235292,27.30698163706445,True,False,Denmark
1017401,Roberto Piccoli,8535,Fiorentina,ITA-Serie A,0.0,7.4,0.0,0.0,0.3,0.2,0.02,0.38,1.6,0.0,0.17,0.3,1.1,0.0,0.4,6.39,0.0,8.0,3.0,0.6,0.5,1037,21,Attacker,0.36,0.3333333333333333,0.0,0.3125,0.025,0.3666666666666667,0.1266666666666666,37.84171997711551,8.325830862849118,70.31688510948146,22.061957143600143,27.16388415524017,True,False,Italy
640220,Marc Roca,8603,Real Betis,ESP-La Liga,2.2,39.3,2.0,0.0,2.0,0.8,0.05,0.07,2.0,1.0,0.0,0.8,0.3,0.3,0.7,6.8,0.0,10.0,0.7,2.0,0.5,1357,19,Midfielder,0.5833333333333334,0.2857142857142857,0.0559796437659033,0.25,0.08,0.4285714285714286,0.1,21.79167316794092,21.76705934363135,28.386390232485567,45.80701617517033,27.0023185363328,True,False,Spain
1200631,Lesley Ugochukwu,8191,Burnley,ENG-Premier League,1.1,25.2,0.0,0.0,1.0,0.3,0.01,0.11,1.2,1.0,0.16,0.8,0.4,0.9,0.2,6.56,0.0,8.0,0.9,2.2,0.4,1723,25,Midfielder,0.7142857142857143,0.2666666666666666,0.0436507936507936,0.3333333333333333,0.0375,0.4444444444444445,0.1222222222222222,32.518382352941174,5.860294117647059,59.78676470588235,50.772058823529406,26.97085730471865,True,False,France
439148,Morten Thorsby,7801,Cremonese,ITA-Serie A,0.4,17.5,0.0,0.0,2.2,0.4,0.04,0.2,1.7,0.0,0.3,0.0,0.7,0.6,0.5,6.87,0.0,9.0,1.7,1.2,0.3,911,15,Midfielder,0.4137931034482758,0.0,0.0228571428571428,0.1764705882352941,0.0444444444444444,0.4117647058823529,0.1176470588235294,24.42279411764705,10.573529411764708,69.27941176470587,30.63970588235294,26.903052878228483,True,False,Norway
1693531,Sascha Britschgi,10167,Parma,ITA-Serie A,0.7,20.1,3.0,0.0,1.8,1.2,0.07,0.02,0.8,2.0,0.0,0.4,0.2,0.2,0.3,6.63,0.0,14.0,0.7,1.7,0.3,1566,21,Midfielder,0.7241379310344827,0.1904761904761904,0.0348258706467661,0.3749999999999999,0.0857142857142857,0.2857142857142857,0.0285714285714285,27.926470588235297,39.022058823529406,12.136029411764708,42.04044117647059,26.75376872636488,True,False,Switzerland
1362622,Junior Mwanga,9848,Strasbourg,FRA-Ligue 1,0.0,35.8,0.0,0.0,1.3,1.2,0.07,0.0,0.0,0.0,0.0,0.0,0.0,0.4,0.2,6.91,0.0,16.0,0.0,0.0,0.9,1476,18,Midfielder,0.0,0.0,0.0,0.0,0.075,0.0,0.0,36.8065285796016,36.30467571644042,14.025673532012272,25.319128049097625,26.741685603495966,True,False,France
574642,Ellyes Skhiri,9810,Eintracht Frankfurt,GER-Bundesliga,1.9,44.1,0.0,0.0,1.3,0.4,0.04,0.03,0.8,0.0,0.0,1.7,0.0,0.2,0.2,6.56,0.0,5.0,0.5,0.9,0.2,934,14,Midfielder,0.7647058823529411,0.6538461538461539,0.0430839002267573,0.25,0.08,0.0,0.06,26.12975243147657,24.0815909918344,18.4236490352109,50.00873121131742,26.712526293775472,True,False,Tunisia
956622,Oscar Valentin,8370,Rayo Vallecano,ESP-La Liga,0.9,33.7,1.0,0.0,2.8,0.9,0.06,0.07,1.2,0.0,0.07,1.2,0.2,0.5,0.1,6.81,0.0,3.0,0.8,3.1,0.0,1305,20,Midfielder,0.7818181818181817,0.2790697674418604,0.0267062314540059,0.0,0.3,0.25,0.0875,11.649106724918084,36.04665314401623,27.95192307692308,57.56520778072502,26.469087070847863,True,False,Spain
601145,Habibou Mouhamadou Diallo,8550,Metz,FRA-Ligue 1,0.6,7.9,0.0,0.0,1.3,0.3,0.02,0.39,1.5,1.0,0.28,0.1,0.8,0.1,0.3,6.61,0.0,6.0,2.0,0.4,0.7,1285,15,Attacker,0.25,0.2,0.0759493670886075,0.4666666666666666,0.0499999999999999,0.4,0.195,51.35294117647059,6.838235294117647,82.06617647058825,12.716911764705882,26.3829277583178,True,False,Senegal
812415,Hugo Magnetti,8521,Brest,FRA-Ligue 1,1.8,33.0,1.0,0.0,1.9,0.9,0.05,0.02,1.4,0.0,0.05,1.6,0.2,0.0,0.3,6.87,0.0,11.0,0.9,2.1,0.5,1735,21,Midfielder,0.7254901960784315,0.4324324324324324,0.0545454545454545,0.3571428571428571,0.0818181818181818,0.2222222222222222,0.0222222222222222,25.50813959536069,25.515147969001926,14.110885733603784,62.454367556040985,26.315055485024395,True,False,France
198559,Marten de Roon,8524,Atalanta,ITA-Serie A,3.3,52.4,0.0,0.0,2.5,1.0,0.05,0.04,1.3,1.0,0.05,0.6,0.2,0.2,0.3,7.12,0.0,14.0,0.6,2.7,0.1,1707,21,Midfielder,0.717391304347826,0.1818181818181818,0.0629770992366412,0.0769230769230769,0.0714285714285714,0.3333333333333333,0.0666666666666666,12.97584126488792,32.601822957299625,27.079101003796747,55.83875539605763,26.29037827130329,True,False,Netherlands
1254218,Hugo Sotelo,9910,Celta de Vigo,ESP-La Liga,3.2,61.6,4.0,0.0,1.3,1.6,0.15,0.01,1.8,1.0,0.0,1.2,0.1,0.7,0.2,6.99,0.0,20.0,0.2,2.3,0.0,911,14,Midfielder,0.6603773584905661,0.3428571428571428,0.0519480519480519,0.0,0.08,0.5,0.0499999999999999,12.35837624174338,54.880077495189056,18.81758074582618,49.230918760076975,26.274268763595725,True,False,Spain
762028,Ylber Ramadani,9888,Lecce,ITA-Serie A,2.4,34.1,0.0,0.0,1.5,1.0,0.04,0.03,1.4,0.0,0.04,1.4,0.2,0.3,0.6,6.96,0.0,12.0,0.9,2.5,0.3,2076,24,Midfielder,0.7358490566037736,0.358974358974359,0.0703812316715542,0.2142857142857143,0.0833333333333333,0.2222222222222222,0.0333333333333333,24.774815363811303,18.525693035835022,16.68730821240963,78.32696208456859,26.27396229160352,True,False,Albania
1047670,Andrej Ilic,8149,1. FC Union Berlin,GER-Bundesliga,0.1,9.6,5.0,0.0,1.0,1.4,0.09,0.48,1.5,7.0,0.06,0.0,0.8,0.3,0.4,6.56,0.0,22.0,2.8,0.1,0.2,1408,21,Attacker,0.0625,0.0,0.0104166666666666,0.1333333333333333,0.0636363636363636,0.2857142857142857,0.1714285714285714,24.97059473656837,32.24842669163156,44.72462552660321,11.083976959484056,26.17770684381762,True,False,Serbia
952057,Charles Vanhoutte,9831,Nice,FRA-Ligue 1,2.4,42.4,1.0,0.0,2.7,0.6,0.05,0.01,1.7,2.0,0.0,0.9,0.1,0.5,0.4,6.94,0.0,7.0,0.2,2.5,0.4,1281,17,Midfielder,0.6666666666666667,0.2647058823529412,0.0566037735849056,0.2352941176470588,0.0857142857142857,0.5,0.0499999999999999,16.91911764705882,23.544117647058822,24.613970588235293,61.96691176470589,26.164431797938025,True,False,Belgium
1323827,Jon Gorrotxategi,8560,Real Sociedad,ESP-La Liga,1.4,44.1,2.0,0.0,1.7,0.4,0.02,0.04,1.2,3.0,0.05,1.7,0.1,0.5,0.4,6.89,0.0,12.0,0.6,2.0,0.4,1706,22,Midfielder,0.7551020408163265,0.4594594594594594,0.0317460317460317,0.3333333333333333,0.0333333333333333,0.1666666666666666,0.0666666666666666,27.03308823529412,16.11764705882353,18.871323529411764,68.53308823529412,26.153195453858554,True,False,Spain
792756,Michel Aebischer,6479,Pisa,ITA-Serie A,3.4,40.6,5.0,0.0,1.0,1.7,0.08,0.02,1.2,1.0,0.05,1.1,0.0,0.2,0.4,6.95,0.0,25.0,0.5,2.2,0.3,1984,24,Midfielder,0.7333333333333334,0.3333333333333333,0.083743842364532,0.25,0.068,0.0,0.04,19.323529411764703,47.33088235294117,9.875,65.5625,26.09621147733768,True,False,Switzerland
1076756,Brennan Johnson,8586,Tottenham Hotspur,ENG-Premier League,0.0,0.0,1.0,0.0,0.0,0.0,0.0,0.0,0.0,0.0,0.17,0.0,0.0,0.1,0.0,0.0,0.0,0.0,0.0,0.0,0.0,1057,23,Attacker,0.0,0.0,0.0,0.0,0.0,0.0,0.0,30.995455609299423,19.42692567743278,38.7775849066417,16.855951266448226,25.821785537914803,True,False,Wales
1239749,Mandela Keita,10167,Parma,ITA-Serie A,1.4,31.3,0.0,0.0,0.8,0.3,0.01,0.01,1.0,1.0,0.0,1.2,0.0,0.5,0.4,7.08,0.0,10.0,0.5,2.6,1.1,1947,24,Midfielder,0.7916666666666666,0.3157894736842105,0.0447284345047923,1.1,0.03,0.0,0.02,51.577007593488325,10.73451396473709,12.417557341238885,68.22379336349924,25.80647311301781,True,False,Belgium
1072056,Tommaso Barbieri,7801,Cremonese,ITA-Serie A,1.8,19.6,1.0,0.0,2.0,0.6,0.04,0.04,2.0,1.0,0.0,0.8,0.1,0.5,0.1,6.65,0.0,8.0,0.7,2.6,0.9,1240,18,Midfielder,0.6296296296296297,0.2352941176470588,0.0918367346938775,0.45,0.075,0.1428571428571428,0.0571428571428571,37.889705882352935,19.080882352941178,13.036764705882351,47.15808823529412,25.53934051781564,True,False,Italy
1030646,Gennaro Borrelli,8529,Cagliari,ITA-Serie A,0.6,11.6,1.0,0.0,1.4,0.3,0.03,0.19,3.5,1.0,0.26,0.3,0.5,0.2,0.2,6.45,0.0,10.0,1.9,1.3,0.5,1033,22,Attacker,0.3137254901960785,0.1874999999999999,0.0517241379310344,0.1428571428571428,0.03,0.2631578947368421,0.1,27.12867647058824,12.132352941176473,55.8125,21.514705882352946,25.365579732011675,True,False,Italy
388903,Haris Tabakovic,9788,Borussia Mönchengladbach,GER-Bundesliga,0.1,12.6,0.0,0.0,2.2,0.5,0.03,0.59,1.7,2.0,0.58,0.0,1.1,0.2,0.3,6.8,0.0,10.0,2.6,0.2,0.3,1539,21,Attacker,0.1052631578947368,0.0,0.0079365079365079,0.1764705882352941,0.05,0.4230769230769231,0.2269230769230769,31.246323529411764,11.066176470588236,93.09558823529412,10.158088235294118,25.294945424835525,True,False,Bosnia and Herzegovina
303879,Lucas Torro,8371,Osasuna,ESP-La Liga,1.6,29.7,1.0,0.0,2.2,0.6,0.03,0.06,1.4,1.0,0.0,1.1,0.3,0.2,0.2,6.91,0.0,10.0,1.0,1.3,0.3,1575,22,Midfielder,0.6315789473684211,0.4583333333333333,0.0538720538720538,0.2142857142857143,0.06,0.3,0.06,17.166569147552917,23.0738024652832,25.19268476621418,48.76160477453581,25.067963626032054,True,False,Spain
844943,Flynn Downes,8466,Southampton,ENG-Premier League,0.8,41.9,2.0,0.0,2.1,1.4,0.06,0.03,2.1,0.0,0.04,1.3,0.1,0.4,0.4,6.53,0.0,15.0,0.4,2.0,0.3,2154,27,Midfielder,0.611111111111111,0.393939393939394,0.0190930787589498,0.1428571428571428,0.0933333333333333,0.25,0.075,12.320954907161804,32.61273209549072,22.5762599469496,59.41976127320955,25.046052461855304,False,False,England
933576,Antoine Semenyo,8678,Bournemouth,ENG-Premier League,0.9,0.0,0.0,0.0,0.0,0.0,0.0,0.0,0.0,0.0,0.0,0.0,0.0,0.1,0.0,0.0,0.0,0.0,0.0,0.0,0.0,2247,25,Attacker,0.0,0.0,0.0,0.0,0.0,0.0,0.0,33.405933062880315,23.992874603422266,22.403215530243926,19.6565701877568,25.02918973865024,True,False,Ghana
612863,Andre-Frank Zambo Anguissa,9875,Napoli,ITA-Serie A,0.0,0.0,1.0,0.0,0.0,1.0,0.0,0.0,0.0,1.0,0.0,0.0,0.0,0.0,0.0,0.0,0.0,10.0,0.0,0.0,0.0,932,11,Midfielder,0.0,0.0,0.0,0.0,0.1,0.0,0.0,27.6013353617309,33.56281531180111,19.42907759920945,19.9041387111874,24.86825703764088,True,False,Cameroon
880095,James Sands,8152,FC St. Pauli,GER-Bundesliga,1.0,31.8,2.0,0.0,1.5,0.7,0.04,0.05,1.2,0.0,0.05,2.0,0.2,0.3,0.2,6.88,0.0,9.0,0.8,2.0,0.1,1760,21,Midfielder,0.7692307692307692,0.5,0.0314465408805031,0.0833333333333333,0.0777777777777777,0.25,0.0625,14.378676470588236,23.889705882352946,22.202205882352946,60.06985294117647,24.221370867691373,True,False,USA
178753,Nemanja Gudelj,8302,Sevilla,ESP-La Liga,2.2,37.6,0.0,0.0,4.9,0.3,0.02,0.04,1.8,0.0,0.06,0.8,0.3,0.7,0.1,6.64,0.0,2.0,1.0,1.7,0.3,1410,20,Midfielder,0.5813953488372093,0.32,0.0585106382978723,0.1666666666666666,0.15,0.3,0.04,17.119850990794195,25.16749882977064,22.747308472460603,41.632593488323714,24.175708239656785,True,False,Serbia
1478148,Leon Avdullahu,8226,TSG 1899 Hoffenheim,GER-Bundesliga,2.9,53.3,1.0,0.0,1.7,1.2,0.06,0.02,0.8,1.0,0.0,1.1,0.0,0.2,0.8,7.09,0.0,14.0,0.5,1.3,0.3,1920,22,Midfielder,0.7500000000000001,0.4583333333333333,0.0544090056285178,0.3749999999999999,0.0857142857142857,0.0,0.04,27.926470588235297,30.823529411764707,6.5110294117647065,73.01470588235294,24.1057078785907,True,False,Kosovo
775614,Ryan Yates,10203,Nottingham Forest,ENG-Premier League,0.5,29.2,0.0,0.0,2.8,0.5,0.02,0.11,2.5,1.0,0.09,1.2,0.4,0.5,0.2,6.76,0.0,18.0,1.6,2.0,0.4,1904,35,Midfielder,0.5614035087719298,0.3749999999999999,0.0171232876712328,0.16,0.0277777777777777,0.25,0.0687499999999999,20.67639257294429,11.114058355437663,33.93899204244032,49.08819628647215,23.82213869895665,False,False,England
413525,Laurent Abergel,8689,Lorient,FRA-Ligue 1,4.2,56.6,2.0,0.0,1.8,0.8,0.04,0.03,1.1,0.0,0.05,1.0,0.2,0.2,0.4,6.98,0.0,14.0,0.9,1.5,0.3,1826,21,Midfielder,0.6944444444444444,0.4,0.0742049469964664,0.2727272727272727,0.0571428571428571,0.2222222222222222,0.0333333333333333,21.856617647058822,23.352941176470587,13.65808823529412,55.25367647058823,23.78373172161293,True,False,France
919742,Senne Lynen,8697,SV Werder Bremen,GER-Bundesliga,3.0,43.7,0.0,0.0,3.1,1.3,0.06,0.03,1.3,0.0,0.0,2.3,0.1,0.3,0.2,6.67,0.0,9.0,0.8,2.0,0.1,1857,21,Midfielder,0.7678571428571429,0.5348837209302325,0.068649885583524,0.0769230769230769,0.1444444444444444,0.125,0.0375,16.189304103604307,36.30832943256879,9.810448847974204,66.0301204035991,23.154779966971937,True,False,Belgium
449283,Alessandro Deiola,8529,Cagliari,ITA-Serie A,2.1,34.4,0.0,0.0,3.3,0.3,0.03,0.03,1.6,2.0,0.0,1.2,0.3,0.7,0.0,6.87,0.0,5.0,0.6,2.4,0.2,961,12,Midfielder,0.6923076923076923,0.3333333333333333,0.0610465116279069,0.125,0.06,0.5,0.05,12.799260154990378,16.06875747646539,34.22539267696469,51.17062594268477,22.85821376234741,True,False,Italy
485634,Roberto Gagliardini,9876,Verona,ITA-Serie A,1.6,38.4,0.0,0.0,2.7,0.6,0.04,0.04,1.8,0.0,0.07,2.6,0.2,0.6,0.6,7.02,0.0,6.0,0.6,2.9,0.1,1257,18,Midfielder,0.7534246575342466,0.4727272727272727,0.0416666666666666,0.0555555555555555,0.0999999999999999,0.3333333333333333,0.0666666666666666,7.76470588235294,23.227941176470587,28.849264705882355,83.48161764705883,22.797752823260264,True,False,Italy
921543,Morten Frendrup,10233,Genoa,ITA-Serie A,1.1,31.1,1.0,0.0,2.7,0.7,0.03,0.02,1.4,0.0,0.04,1.2,0.1,0.4,0.6,7.05,0.0,9.0,0.4,2.9,0.2,2022,24,Midfielder,0.7454545454545454,0.2926829268292683,0.0353697749196141,0.1428571428571428,0.0777777777777777,0.25,0.0499999999999999,14.442535236906432,16.56242523534613,18.95320382795028,80.63054558693504,22.562883003376324,True,False,Denmark
166733,Christopher Trimmel,8149,1. FC Union Berlin,GER-Bundesliga,2.4,19.6,6.0,0.0,3.9,3.9,0.28,0.0,1.4,2.0,0.0,0.4,0.0,0.6,0.1,6.92,0.0,37.0,0.2,1.6,0.1,1256,19,Midfielder,0.5882352941176471,0.2,0.1224489795918367,0.0714285714285714,0.1054054054054054,0.0,0.0,12.102525094918605,73.68494824985697,9.262189889218286,37.51300254849951,22.295759890558312,True,False,Austria
1078729,Batista Mendy,8302,Sevilla,ESP-La Liga,2.0,32.2,0.0,0.0,1.3,0.3,0.02,0.07,2.0,0.0,0.06,0.9,0.3,0.3,0.3,6.68,0.0,9.0,0.9,1.8,0.5,1422,19,Midfielder,0.574468085106383,0.3333333333333333,0.062111801242236,0.25,0.0333333333333333,0.3333333333333333,0.0777777777777777,24.02205882352941,7.132352941176471,33.194852941176464,48.09558823529412,22.08920113436088,True,False,France
1199283,Eric Martel,8722,1. FC Köln,GER-Bundesliga,1.0,43.7,4.0,0.0,5.1,0.9,0.05,0.04,1.5,2.0,0.05,1.2,0.1,0.8,0.2,6.88,0.0,11.0,0.5,1.2,0.1,1718,21,Midfielder,0.6153846153846154,0.5,0.022883295194508,0.0666666666666666,0.0818181818181818,0.2,0.08,9.992647058823527,34.02205882352941,22.37867647058824,41.213235294117645,22.04500762781132,True,False,Germany
821100,Jørgen Strand Larsen,8602,Wolverhampton Wanderers,ENG-Premier League,0.0,0.0,1.0,0.0,0.0,0.0,0.0,0.0,0.0,1.0,0.0,0.0,0.0,0.3,0.2,0.0,0.0,7.0,0.0,0.3,0.3,1585,24,Attacker,1.0,0.0,0.0,0.0,0.0,0.0,0.0,24.43409008165601,14.511754303843556,33.13265850106621,19.13233343735372,22.041771185410955,True,False,Norway
1239595,Dario Essugo,8306,Las Palmas,ESP-La Liga,2.0,37.4,0.0,0.0,1.9,0.7,0.03,0.03,1.7,0.0,0.05,1.9,0.2,0.5,0.3,6.8,0.0,13.0,1.1,2.7,0.6,1952,27,Midfielder,0.7301587301587301,0.4130434782608695,0.053475935828877,0.3529411764705882,0.0538461538461538,0.1818181818181818,0.0272727272727272,26.2002652519894,11.087533156498674,14.515915119363394,66.62798408488064,21.973178260882,False,False,Portugal
1355574,Giovane Nascimento,9875,Napoli,ITA-Serie A,0.6,14.7,0.0,0.0,0.0,1.8,0.1,0.18,1.3,5.0,0.0,0.0,0.0,0.0,0.0,6.61,0.0,31.0,2.7,0.0,1.8,1610,25,Attacker,0.0,0.0,0.0408163265306122,1.3846153846153846,0.0580645161290322,0.0,0.0666666666666666,74.9779411764706,37.01470588235294,27.25735294117647,1.3051470588235294,21.70583204491773,True,False,Brazil
322003,Jesper Karlström,8600,Udinese,ITA-Serie A,1.6,31.3,1.0,0.0,1.9,0.8,0.03,0.02,1.0,0.0,0.04,0.9,0.1,0.3,0.4,6.85,0.0,12.0,0.5,1.7,0.3,2217,25,Midfielder,0.7222222222222222,0.3461538461538461,0.0511182108626198,0.3,0.0666666666666666,0.2,0.04,20.95442606750923,19.130428563998542,12.222278566599051,54.45925001300255,21.667873006714505,True,False,Sweden
359191,Omar Mascarell,8661,Mallorca,ESP-La Liga,3.3,32.8,1.0,0.0,3.0,0.2,0.01,0.0,1.4,1.0,0.08,1.6,0.1,0.6,0.2,6.64,0.0,5.0,0.1,2.1,0.2,1159,17,Midfielder,0.7254901960784315,0.4324324324324324,0.1006097560975609,0.1428571428571428,0.04,1.0,0.0,16.283852135018464,12.149126228740831,25.33343085244708,56.30331044884797,21.66175774645271,True,False,Equatorial Guinea
1097009,Oliver Sørensen,10167,Parma,ITA-Serie A,0.9,21.8,0.0,0.0,1.6,0.3,0.02,0.1,0.7,0.0,0.06,1.0,0.2,0.1,0.1,6.46,0.0,7.0,0.9,1.0,0.1,1475,24,Midfielder,0.7407407407407407,0.5,0.0412844036697247,0.1428571428571428,0.0428571428571428,0.2222222222222222,0.1111111111111111,24.74264705882353,6.639705882352941,37.264705882352935,39.463235294117645,21.65878151771781,True,False,Denmark
1189223,Patrizio Masini,10233,Genoa,ITA-Serie A,1.3,27.2,0.0,0.0,3.1,0.3,0.02,0.11,2.4,0.0,0.0,1.7,0.3,0.5,0.5,6.77,0.0,7.0,1.0,4.7,0.2,1066,21,Midfielder,0.7272727272727273,0.265625,0.0477941176470588,0.0833333333333333,0.0428571428571428,0.3,0.11,16.629921464607065,7.927796848182244,30.25108571279971,71.91110807718313,21.50798006890696,True,False,Italy
940446,Brian Brobbey,8472,Sunderland,ENG-Premier League,0.1,8.4,1.0,0.0,0.6,0.3,0.02,0.21,1.1,1.0,0.4,0.0,0.8,0.3,0.2,6.55,0.0,6.0,1.6,0.6,0.1,1131,21,Attacker,0.3529411764705882,0.0,0.0119047619047619,0.0909090909090909,0.0499999999999999,0.5,0.1312499999999999,24.779411764705884,9.823529411764705,78.21691176470588,9.117647058823527,21.45832935102006,True,False,Netherlands
39591,Axel Witsel,7732,Girona,ESP-La Liga,1.1,42.8,0.0,0.0,2.5,0.4,0.03,0.1,1.4,0.0,0.06,1.0,0.1,0.3,0.3,6.8,0.0,8.0,0.8,1.3,0.1,1389,18,Midfielder,0.6216216216216216,0.4347826086956522,0.0257009345794392,0.0714285714285714,0.05,0.125,0.125,15.764705882352938,9.389705882352942,37.82352941176471,44.88970588235294,21.24900623186556,True,False,Belgium
821100,Jørgen Strand Larsen,9826,Crystal Palace,ENG-Premier League,0.2,11.4,0.0,0.0,1.4,0.5,0.03,0.21,2.0,0.0,0.17,0.2,0.6,0.0,0.0,6.18,0.0,0.0,1.5,0.0,0.0,1585,24,Attacker,0.0909090909090909,1.0,0.0175438596491228,0.0,0.0,0.3999999999999999,0.1399999999999999,20.28212929734228,12.683322931294532,75.53952124616426,8.117627555000778,20.86275740106009,True,False,Norway
1355574,Giovane Nascimento,9876,Verona,ITA-Serie A,0.0,0.0,6.0,0.0,0.6,0.0,0.0,0.0,0.0,0.0,0.17,0.3,1.4,0.1,0.7,0.0,0.0,0.0,0.0,0.7,0.0,1610,25,Attacker,1.0,0.3,0.0,0.0,0.0,0.0,0.0,16.143382352941174,17.294117647058822,15.658088235294116,51.65073529411765,20.567094706130725,True,False,Brazil
686460,Santiago Colombatto,8670,Real Oviedo,ESP-La Liga,1.8,34.9,3.0,0.0,1.7,1.4,0.09,0.03,2.0,1.0,0.0,0.7,0.1,0.2,0.5,6.74,0.0,19.0,0.7,1.7,0.3,1475,19,Midfielder,0.5454545454545454,0.2916666666666667,0.0515759312320916,0.15,0.0736842105263157,0.1428571428571428,0.0428571428571428,11.775735294117649,42.6985294117647,9.099264705882351,52.43014705882352,20.5384388728253,True,False,Argentina
1174296,Andre,8602,Wolverhampton Wanderers,ENG-Premier League,2.1,40.2,1.0,0.0,2.0,0.7,0.04,0.01,1.4,0.0,0.0,0.9,0.0,0.4,0.3,6.67,0.0,11.0,0.4,2.7,0.5,1777,24,Midfielder,0.72,0.25,0.0522388059701492,0.3571428571428571,0.0636363636363636,0.0,0.0249999999999999,28.518086544962813,17.04638009049774,6.245410100379675,64.37094320486817,20.187027359875085,True,False,Brazil
201704,Remo Freuler,9857,Bologna,ITA-Serie A,2.7,47.4,0.0,0.0,1.3,0.7,0.05,0.01,0.9,1.0,0.0,0.5,0.0,0.2,0.4,6.68,0.0,11.0,0.3,2.7,0.1,1315,18,Midfielder,0.7804878048780487,0.15625,0.0569620253164557,0.1111111111111111,0.0636363636363636,0.0,0.0333333333333333,14.805683413949131,20.629388360118583,11.161933739012849,61.43096947001612,19.92335435822419,True,False,Switzerland
561869,Haris Belkebla,8121,Angers,FRA-Ligue 1,1.1,37.3,0.0,0.0,1.3,0.3,0.02,0.01,0.7,0.0,0.0,0.9,0.0,0.4,0.2,6.96,0.0,10.0,0.2,2.3,0.7,1843,21,Midfielder,0.8205128205128206,0.28125,0.0294906166219839,1.0,0.03,0.0,0.0499999999999999,46.69921204556093,8.581226920476412,6.337370624642429,60.43395355489676,19.539510982280195,True,False,Algeria
887703,Wilson Isidor,8472,Sunderland,ENG-Premier League,0.0,5.2,0.0,0.0,1.2,0.1,0.01,0.32,1.2,0.0,0.36,0.0,1.2,0.1,0.3,6.31,0.0,0.0,3.2,0.7,0.5,1011,23,Attacker,0.3684210526315789,0.0,0.0,0.4166666666666667,0.0,0.3749999999999999,0.0999999999999999,46.04044117647059,2.4485294117647056,70.6029411764706,14.540441176470589,19.53841767474997,True,False,Haiti
1419969,Rodrigo Mendoza,10268,Elche,ESP-La Liga,0.0,0.0,1.0,0.0,0.0,0.0,0.0,0.0,0.0,0.0,0.1,0.4,0.2,0.0,0.0,0.0,0.0,10.0,0.0,0.0,1.5,901,18,Midfielder,1.0,1.0,0.0,0.0,0.0,0.0,0.0,46.38235294117647,9.264705882352942,11.705882352941176,23.477941176470587,19.179919623769056,True,False,Spain
873827,Ander Guevara,9866,Alavés,ESP-La Liga,2.4,35.1,1.0,0.0,1.9,0.6,0.03,0.04,1.8,1.0,0.0,0.6,0.1,0.2,0.1,6.6,0.0,12.0,0.6,2.3,0.4,1945,33,Midfielder,0.6170212765957447,0.2068965517241379,0.0683760683760683,0.2222222222222222,0.0499999999999999,0.1666666666666666,0.0666666666666666,18.5709549071618,11.67771883289125,16.75397877984085,43.87599469496021,19.141001600317846,False,False,Spain
670928,Giuseppe Pezzella,7801,Cremonese,ITA-Serie A,0.6,16.4,0.0,0.0,3.6,1.5,0.09,0.01,1.5,1.0,0.0,0.4,0.0,0.6,0.2,6.69,0.0,18.0,0.2,1.5,0.4,1574,19,Midfielder,0.5588235294117647,0.2105263157894737,0.0365853658536585,0.2666666666666666,0.0833333333333333,0.0,0.0499999999999999,19.36764705882353,35.59558823529412,7.0110294117647065,29.356617647058822,19.00897733166269,True,False,Italy
613334,M'Bala Nzola,7943,Sassuolo,ITA-Serie A,0.5,12.7,0.0,0.0,0.6,0.5,0.04,0.46,1.6,0.0,0.0,0.0,0.0,0.0,0.0,6.49,0.0,0.0,2.4,0.4,1.2,1091,18,Attacker,0.2,0.0,0.0393700787401574,0.7499999999999999,0.0,0.0,0.1916666666666666,66.89338235294117,5.8014705882352935,54.19485294117647,3.286764705882353,18.85136073111806,True,False,Angola
1047671,Vini Souza,8721,VfL Wolfsburg,GER-Bundesliga,0.9,26.2,0.0,0.0,5.2,0.4,0.03,0.01,2.0,0.0,0.0,1.3,0.1,0.9,0.2,6.65,0.0,3.0,0.3,2.7,0.2,914,14,Midfielder,0.6666666666666666,0.325,0.0343511450381679,0.1,0.1333333333333333,0.3333333333333333,0.0333333333333333,7.216911764705883,28.955882352941178,14.897058823529417,57.69485294117648,18.554197145563244,True,False,Brazil
613334,M'Bala Nzola,6479,Pisa,ITA-Serie A,0.0,0.0,0.0,0.0,0.0,0.0,0.0,0.0,0.0,0.0,0.25,0.1,0.6,0.1,0.7,0.0,0.0,15.0,0.0,0.0,0.0,1091,18,Attacker,1.0,1.0,0.0,0.0,0.0,0.0,0.0,16.143382352941174,10.647058823529411,18.81985294117647,43.96691176470589,18.47077091779649,True,False,Angola
1536998,Alpha Toure,8550,Metz,FRA-Ligue 1,0.6,36.7,0.0,0.0,1.6,0.3,0.02,0.04,1.5,1.0,0.0,0.6,0.1,0.3,0.1,6.54,0.0,6.0,0.9,2.5,0.7,1029,22,Midfielder,0.673913043478261,0.1935483870967742,0.0163487738419618,0.4666666666666666,0.0499999999999999,0.1111111111111111,0.0444444444444444,36.92647058823529,6.838235294117647,10.408088235294118,44.27941176470589,18.30292330737908,True,False,Senegal
888921,Lewis Ferguson,9857,Bologna,ITA-Serie A,2.8,54.3,1.0,0.0,1.8,1.1,0.09,0.05,2.2,0.0,0.08,0.4,0.2,0.6,0.2,6.55,0.0,12.0,0.8,1.4,0.1,1123,18,Midfielder,0.4499999999999999,0.2222222222222222,0.0515653775322283,0.0454545454545454,0.0916666666666666,0.25,0.0625,10.68628101107817,29.562594268476616,18.36433140895616,18.615839704582097,17.632095092660936,True,False,Scotland
1209987,Warren Bondo,7801,Cremonese,ITA-Serie A,1.4,32.2,0.0,0.0,0.4,0.3,0.02,0.01,2.1,0.0,0.0,0.5,0.0,0.2,0.1,6.48,0.0,3.0,0.3,1.6,0.8,1396,20,Midfielder,0.5,0.238095238095238,0.0434782608695652,0.3809523809523809,0.0999999999999999,0.0,0.0333333333333333,31.32720588235294,19.602941176470583,5.191176470588236,28.72058823529412,17.470764992124774,True,False,France
523193,Josh Laurent,8191,Burnley,ENG-Premier League,0.9,26.5,0.0,0.0,2.6,0.3,0.02,0.04,1.4,0.0,0.07,1.5,0.2,0.5,0.1,6.33,0.0,6.0,0.8,2.4,0.2,1262,23,Midfielder,0.7358490566037736,0.3846153846153846,0.0339622641509433,0.1428571428571428,0.0499999999999999,0.25,0.0499999999999999,14.165441176470589,6.838235294117647,20.23529411764705,57.985294117647065,17.11181178428799,True,False,England
1396089,Matteo Prati,8529,Cagliari,ITA-Serie A,0.0,0.0,4.0,0.0,0.0,0.0,0.0,0.0,0.0,0.0,0.07,1.0,0.1,0.0,0.2,0.0,0.0,8.0,0.0,0.0,0.1,1347,22,Midfielder,1.0,1.0,0.0,0.0,0.0,0.0,0.0,17.378676470588236,16.33823529411765,9.058823529411764,39.01470588235294,17.093063789017403,True,False,Italy
883823,Elisha Owusu,8583,Auxerre,FRA-Ligue 1,1.2,28.2,0.0,0.0,1.8,0.4,0.03,0.0,1.7,0.0,0.0,1.3,0.0,0.4,0.6,6.76,0.0,6.0,0.2,2.6,0.4,1269,17,Midfielder,0.6964285714285714,0.3333333333333333,0.0425531914893617,0.2352941176470588,0.0666666666666666,0.0,0.0,15.22572424195142,11.354904561294012,8.995832683205906,73.26650023404586,16.98480994913159,True,False,Ghana
750031,Pol Lozano,8558,Espanyol,ESP-La Liga,1.7,34.2,0.0,0.0,0.9,1.4,0.08,0.02,2.6,0.0,0.06,1.0,0.2,0.2,0.3,6.46,0.0,17.0,0.6,1.5,0.1,1575,22,Midfielder,0.4901960784313726,0.4,0.0497076023391812,0.0384615384615384,0.0823529411764705,0.3333333333333333,0.0333333333333333,5.401226140323504,27.808810526863265,17.184018567639257,47.1369298382483,16.758947995086054,True,False,Spain
793255,Florentino,8191,Burnley,ENG-Premier League,2.0,38.0,0.0,0.0,2.6,0.4,0.02,0.03,1.7,2.0,0.0,1.6,0.1,0.4,0.1,6.78,0.0,9.0,0.5,4.3,0.3,1587,22,Midfielder,0.7763157894736842,0.2711864406779661,0.0526315789473684,0.1764705882352941,0.0444444444444444,0.2,0.06,13.628676470588236,7.99264705882353,13.441176470588236,63.50367647058824,16.168802569533856,True,False,Portugal
1392232,Marc Aguado,10268,Elche,ESP-La Liga,0.7,43.3,0.0,0.0,1.6,0.4,0.02,0.0,0.7,1.0,0.0,1.8,0.0,0.8,0.3,6.84,0.0,3.0,0.1,2.0,0.0,1589,23,Midfielder,0.8444444444444444,0.4736842105263158,0.0161662817551963,0.0,0.1333333333333333,0.0,0.0,13.683823529411766,27.78676470588235,3.672794117647059,66.36764705882354,16.123605570484667,True,False,Spain
1187767,Urko González,8558,Espanyol,ESP-La Liga,0.7,27.9,0.0,0.0,2.2,0.4,0.02,0.03,1.1,1.0,0.0,1.2,0.1,0.4,0.3,6.61,0.0,7.0,0.7,2.1,0.2,1465,23,Midfielder,0.7499999999999999,0.3636363636363636,0.025089605734767,0.1818181818181818,0.0571428571428571,0.1428571428571428,0.0428571428571428,17.102947677744837,11.236789410724503,7.729527487387529,41.95162401830759,15.106708274034544,True,False,Spain
1419969,Rodrigo Mendoza,9906,Atlético de Madrid,ESP-La Liga,1.9,40.5,0.0,0.0,0.7,0.9,0.09,0.07,2.1,0.0,0.0,0.0,0.0,0.0,0.4,6.51,0.0,0.0,1.2,1.3,0.0,901,18,Midfielder,0.3823529411764705,0.0,0.0469135802469135,0.0,0.0,0.0,0.0583333333333333,7.227941176470588,14.470588235294116,15.94485294117647,26.477941176470587,13.584945529441429,True,False,Spain
812549,Marius Marin,6479,Pisa,ITA-Serie A,1.8,19.8,0.0,0.0,1.6,0.5,0.04,0.01,2.3,0.0,0.0,0.6,0.0,0.3,0.4,6.43,0.0,1.0,0.2,3.0,0.1,1031,19,Midfielder,0.6101694915254237,0.1666666666666666,0.0909090909090909,0.0434782608695652,0.5,0.0,0.0499999999999999,4.025735294117647,35.625,7.0110294117647065,55.75735294117647,13.492678106790052,True,False,Romania
1396089,Matteo Prati,9804,Torino,ITA-Serie A,2.7,31.3,0.0,0.0,3.1,0.5,0.04,0.07,1.3,0.0,0.0,0.0,0.0,0.5,0.0,6.55,0.0,0.0,1.4,1.7,0.0,1347,22,Midfielder,0.5666666666666667,0.0,0.0862619808306709,0.0,0.0,0.0,0.05,12.367647058823527,5.8014705882352935,14.933823529411764,20.764705882352946,11.900865835459983,True,False,Italy
439148,Morten Thorsby,10233,Genoa,ITA-Serie A,0.0,0.0,3.0,0.0,0.0,0.0,0.0,0.0,0.0,1.0,0.0,0.3,0.0,0.0,0.0,0.0,0.0,0.0,0.0,0.0,0.0,911,15,Midfielder,1.0,1.0,0.0,0.0,0.0,0.0,0.0,16.143382352941174,11.294117647058822,3.672794117647059,21.363970588235293,10.784424567391332,True,False,Norway
844437,Amine Gouiri,9851,Rennes,FRA-Ligue 1,0.4,0.0,0.0,0.0,0.3,0.0,0.0,0.0,0.0,0.0,0.0,0.0,0.0,0.0,0.0,0.0,0.0,0.0,0.0,0.6,0.0,2088,33,Attacker,1.0,0.0,0.0,0.0,0.0,0.0,0.0,17.330901856763926,2.095490716180372,4.9900530503978775,20.59681697612732,7.749150521016883,False,False,Algeria
1530314,Geovany Quenda,9768,Sporting Lisbon,POR-Liga Portugal,1.9,31.2,3.0,0.0,1.1,2.1,0.28,0.2,0.5,4.0,0.14,0.5,0.7,0.0,0.7,7.1,0.0,15.0,1.8,1.6,1.6,661,13,Attacker,0.8076923076923077,0.238095238095238,0.0608974358974358,3.2,0.14,0.3888888888888888,0.1111111111111111,89.4224849423275,78.28081266287039,67.00202570709918,61.06742085619529,74.56443829378763,True,True,Portugal
784510,Federico Chiesa,8650,Liverpool,ENG-Premier League,0.4,24.5,2.0,0.0,2.5,0.5,0.18,0.44,2.8,1.0,0.71,1.4,1.1,0.7,0.0,0.0,0.0,2.0,4.6,2.8,0.7,253,20,Attacker,0.6,0.3333333333333333,0.0163265306122449,0.25,0.25,0.2391304347826087,0.0956521739130434,42.66870759489248,53.97024321630708,53.509567169967056,39.16168823396532,47.07080016582787,True,True,Italy
963964,Harvey Elliott,10252,Aston Villa,ENG-Premier League,0.0,0.0,0.0,0.0,0.0,0.1,0.0,0.0,0.0,0.0,0.0,0.0,0.0,0.0,0.0,0.0,0.0,1.0,0.0,0.0,0.0,110,5,Midfielder,0.0,0.0,0.0,0.0,0.1,0.0,0.0,20.527819808843404,23.43877682334396,10.486407533904195,7.3874946855782255,14.62320954246071,True,True,England
