player_id,player,team_id,team,league,accurate_long_balls,accurate_pass,big_chance_created,clean_sheet,effective_clearance,expected_assists,expected_assists_per_90,expected_goals_per_90,fouls,goal_assist,goals_per_90,interception,ontarget_scoring_att,outfielder_block,poss_won_att_3rd,rating,saves,total_att_assist,total_scoring_att,total_tackle,won_contest,minutes_played,matches_played,position,clean_defend_rate,interception_share,progressive_pass_share,carry_to_foul_ratio,chance_quality,shot_accuracy,xg_per_shot,link_play,creative_output,finishing,press_trigger,composite_score,has_primary_season,is_manual_add,nationality
1029063,Michael Olise,9823,Bayern München,GER-Bundesliga,0.9,50.3,21.0,0.0,0.3,12.4,0.69,0.44,1.3,16.0,0.56,0.6,2.0,0.0,0.9,8.18,0.0,55.0,3.7,1.1,2.3,1613,21,Attacker,0.5666666666666668,0.3529411764705882,0.0178926441351888,1.769230769230769,0.2254545454545454,0.5405405405405405,0.1189189189189189,98.07705631304732,98.3839559546244,71.97883179987436,75.23447603739423,86.15606905153673,True,False,France
1297165,Bradley Barcola,9847,Paris Saint-Germain,FRA-Ligue 1,0.9,32.5,6.0,0.0,0.3,3.1,0.25,0.6,1.1,1.0,0.58,0.6,1.8,0.1,1.2,7.42,0.0,26.0,3.7,1.7,2.2,1084,19,Attacker,0.676470588235294,0.2608695652173913,0.0276923076923076,2.0,0.1192307692307692,0.4864864864864864,0.1621621621621621,86.9059001219377,82.94521117392752,87.9586751284041,80.78164837601153,84.90725876635473,True,False,France
860914,Luis Diaz,9823,Bayern München,GER-Bundesliga,1.6,40.4,11.0,0.0,0.1,5.5,0.28,0.59,1.1,10.0,0.67,0.5,1.5,0.1,1.0,8.06,0.0,46.0,3.2,0.7,2.5,1750,21,Attacker,0.5217391304347826,0.4166666666666667,0.0396039603960396,2.2727272727272725,0.1195652173913043,0.46875,0.1843749999999999,92.03883069134982,82.15732734730075,84.57511177622585,66.79705686730962,82.15140853612475,True,False,Colombia
1735453,Yan Diomande,178475,RB Leipzig,GER-Bundesliga,1.1,34.6,5.0,0.0,0.5,4.5,0.28,0.28,0.6,4.0,0.5,0.7,1.2,0.1,0.6,7.59,0.0,33.0,2.1,1.2,4.6,1449,21,Attacker,0.76,0.3684210526315789,0.0317919075144508,7.666666666666666,0.1363636363636363,0.5714285714285714,0.1333333333333333,95.0100806451613,86.06854838709678,69.08266129032258,70.02016129032259,80.52466224451527,True,False,Ivory Coast
1467236,Lamine Yamal,8634,Barcelona,ESP-La Liga,1.2,44.4,21.0,0.0,0.2,8.3,0.44,0.48,1.0,8.0,0.53,0.4,1.5,0.0,0.8,8.41,0.0,58.0,4.6,1.7,5.5,1688,20,Attacker,0.6774193548387097,0.1904761904761904,0.027027027027027,5.5,0.143103448275862,0.3260869565217391,0.1043478260869565,98.9150315929498,96.96338173890553,53.34335624284078,78.39753538040868,80.51210711029691,True,False,Spain
696263,Romain Del Castillo,8521,Brest,FRA-Ligue 1,0.9,25.8,7.0,0.0,0.7,4.0,0.22,0.39,1.2,2.0,0.38,0.9,0.5,0.1,0.9,7.35,0.0,43.0,1.2,2.4,1.1,1641,20,Attacker,0.7333333333333333,0.2727272727272727,0.0348837209302325,0.9166666666666669,0.0930232558139534,0.4166666666666667,0.325,82.3669539592802,78.79872889184495,77.23296105383734,84.05304289990023,80.48539209817629,True,False,France
701154,Kylian Mbappé,8633,Real Madrid,ESP-La Liga,1.0,30.3,8.0,0.0,0.0,5.4,0.25,0.95,0.4,4.0,1.07,0.1,2.3,0.0,0.9,8.38,0.0,53.0,5.1,0.1,2.9,1936,22,Attacker,0.3333333333333333,0.5,0.033003300330033,7.249999999999999,0.1018867924528302,0.4509803921568627,0.1862745098039215,92.96433322248087,84.30869637512471,91.01771791745188,49.074312714776646,79.41733911561806,True,False,France
696679,Raphinha,8634,Barcelona,ESP-La Liga,1.6,34.6,9.0,0.0,0.6,4.5,0.43,0.62,0.7,3.0,0.77,0.2,1.1,0.0,0.5,7.81,0.0,31.0,4.2,0.9,1.3,936,15,Attacker,0.6111111111111112,0.1818181818181818,0.0462427745664739,1.8571428571428568,0.1451612903225806,0.2619047619047619,0.1476190476190476,89.25527934818757,91.54602224439272,74.91191848649447,57.91886062151277,78.85001413956034,True,False,Brazil
961995,Bukayo Saka,9825,Arsenal,ENG-Premier League,0.5,24.6,9.0,0.0,0.5,5.2,0.29,0.34,1.2,3.0,0.27,0.5,1.2,0.0,1.0,7.52,0.0,44.0,2.8,1.6,2.4,1642,23,Attacker,0.6363636363636365,0.238095238095238,0.0203252032520325,2.0,0.1181818181818181,0.4285714285714286,0.1214285714285714,91.68341000628163,90.71887817315154,53.84655710748992,79.33405387429332,77.76659064184088,True,False,England
950473,Mason Greenwood,8592,Marseille,FRA-Ligue 1,3.3,40.0,9.0,0.0,0.1,4.1,0.22,0.57,0.7,4.0,0.76,0.2,1.6,0.0,0.5,7.71,0.0,40.0,3.9,0.4,1.9,1651,21,Attacker,0.4615384615384615,0.3333333333333333,0.0824999999999999,2.7142857142857144,0.1025,0.4102564102564103,0.1461538461538461,90.1154251191664,85.3550049883605,80.77229520008866,51.3445248124746,77.29678353731062,True,False,England
688295,Christian Pulisic,8564,Milan,ITA-Serie A,0.4,31.7,5.0,0.0,0.8,2.1,0.21,0.59,0.8,2.0,0.8,0.3,1.8,0.1,0.7,7.26,0.0,23.0,3.1,1.0,1.3,900,18,Attacker,0.6190476190476191,0.2307692307692307,0.0126182965299684,1.625,0.0913043478260869,0.5806451612903226,0.1903225806451612,81.54329712153124,70.19620884602593,88.17987196541405,61.98097956619739,75.82090219165876,True,False,USA
974753,Julián Álvarez,9906,Atlético de Madrid,ESP-La Liga,1.0,25.7,9.0,0.0,0.2,4.3,0.23,0.37,0.7,3.0,0.38,0.1,1.2,0.0,0.8,7.12,0.0,43.0,2.5,0.8,1.2,1677,24,Attacker,0.5625,0.1111111111111111,0.0389105058365758,1.7142857142857144,0.0999999999999999,0.48,0.148,80.71236559139784,81.37752651221224,77.29005006835901,55.168172412518935,74.14412780868314,True,False,Argentina
784246,Daniel Raba,7854,Leganés,ESP-La Liga,1.0,19.0,12.0,0.0,0.8,4.6,0.22,0.36,1.9,6.0,0.38,0.7,0.8,0.1,0.8,7.3,0.0,47.0,2.1,1.8,2.2,1890,29,Attacker,0.5681818181818181,0.2799999999999999,0.0526315789473684,1.1578947368421053,0.0978723404255319,0.3809523809523809,0.1714285714285714,80.71305841924399,76.8041237113402,66.96735395189003,70.63573883161513,74.07982693639018,False,False,Spain
923312,Bryan Mbeumo,10260,Manchester United,ENG-Premier League,0.6,23.6,3.0,0.0,0.3,3.8,0.19,0.36,0.7,2.0,0.45,0.2,1.4,0.0,0.8,7.3,0.0,32.0,2.6,0.8,0.6,1810,21,Attacker,0.5882352941176471,0.2,0.0254237288135593,0.8571428571428572,0.11875,0.5384615384615384,0.1384615384615384,73.08860344381628,79.29724162140191,73.33458042345639,68.28211026124228,73.64749998449099,True,False,Cameroon
846033,Vinicius Junior,8633,Real Madrid,ESP-La Liga,1.4,31.2,6.0,0.0,0.1,3.1,0.16,0.43,1.1,5.0,0.41,0.1,1.4,0.0,0.7,7.65,0.0,42.0,3.2,1.2,2.7,1768,23,Attacker,0.5416666666666666,0.0769230769230769,0.0448717948717948,2.4545454545454546,0.0738095238095238,0.4374999999999999,0.134375,90.6482097328456,73.75743635221521,68.5990328123268,56.91178915862986,73.16092177374374,True,False,Brazil
1305618,Maghnes Akliouche,9829,Monaco,FRA-Ligue 1,1.7,34.9,7.0,0.0,0.6,3.5,0.19,0.26,0.9,2.0,0.22,0.7,0.6,0.1,1.2,7.15,0.0,26.0,1.8,1.7,0.8,1657,21,Attacker,0.7272727272727273,0.2916666666666667,0.0487106017191977,0.888888888888889,0.1346153846153846,0.3333333333333333,0.1444444444444444,79.80256715811255,85.65121198684551,46.0831901489118,86.89051934375347,72.02255923645802,True,False,France
194165,Harry Kane,9823,Bayern München,GER-Bundesliga,3.3,23.7,14.0,0.0,1.4,3.3,0.17,1.03,0.9,5.0,1.32,0.3,2.5,0.2,0.4,8.28,0.0,31.0,4.3,0.7,1.2,1768,22,Attacker,0.5263157894736842,0.3,0.1392405063291139,1.3333333333333333,0.1064516129032258,0.5813953488372093,0.2395348837209302,73.26123304881203,81.31780475187524,95.97346931234527,41.54946328936186,71.82234171441546,True,False,England
953812,Sofiane Diop,9831,Nice,FRA-Ligue 1,2.2,29.9,4.0,0.0,0.3,2.9,0.18,0.35,1.1,2.0,0.45,0.8,0.8,0.1,0.7,7.09,0.0,21.0,2.7,0.6,1.3,1414,21,Attacker,0.5599999999999999,0.5714285714285715,0.0735785953177257,1.1818181818181817,0.1380952380952381,0.2962962962962963,0.1296296296296296,74.5177918190888,72.184301444777,67.26247552008277,66.01781029449802,70.3338057133169,True,False,Morocco
184138,Antoine Griezmann,9906,Atlético de Madrid,ESP-La Liga,2.2,38.1,13.0,0.0,0.8,6.5,0.24,0.27,0.4,7.0,0.29,0.2,0.7,0.0,0.7,7.18,0.0,48.0,1.8,1.1,0.5,2482,38,Attacker,0.7647058823529411,0.1538461538461538,0.0577427821522309,1.25,0.1354166666666666,0.3888888888888888,0.15,75.08591065292096,88.86597938144331,53.8573883161512,65.10309278350516,70.04595569325592,False,False,France
575735,Nicolas Pépé,10205,Villarreal,ESP-La Liga,0.4,27.3,8.0,0.0,1.2,3.9,0.24,0.35,1.0,4.0,0.19,0.7,0.8,0.0,0.8,7.18,0.0,34.0,2.4,1.6,2.3,1433,23,Attacker,0.6969696969696969,0.3043478260869565,0.0146520146520146,2.3,0.1147058823529411,0.3333333333333333,0.1458333333333333,87.42448176477109,83.06899641577063,46.55320455973099,67.63327698333518,70.04371018193015,True,False,Ivory Coast
400625,Vincenzo Grifo,8358,Sport-Club Freiburg,GER-Bundesliga,3.6,36.1,8.0,0.0,1.3,3.0,0.26,0.4,0.6,1.0,0.51,0.5,0.5,0.1,0.3,6.87,0.0,28.0,1.6,0.4,0.7,1057,22,Attacker,0.6,0.5555555555555556,0.0997229916897507,1.1666666666666667,0.1071428571428571,0.3125,0.25,79.5376759782729,84.45686915715183,66.92310534678343,47.86673687322175,69.8604532930881,True,False,Italy
1087966,Evann Guessand,9831,Nice,FRA-Ligue 1,0.1,14.5,12.0,0.0,0.5,5.3,0.19,0.32,1.6,8.0,0.42,0.5,0.9,0.1,0.8,7.31,0.0,32.0,2.2,1.5,1.7,2572,33,Attacker,0.5555555555555556,0.25,0.0068965517241379,1.0625,0.165625,0.409090909090909,0.1454545454545454,64.39003436426117,84.15807560137458,63.91752577319588,68.26460481099656,69.52862662240943,False,False,Ivory Coast
1104053,Rayan Cherki,8456,Manchester City,ENG-Premier League,1.3,52.3,14.0,0.0,0.4,5.5,0.46,0.17,0.7,7.0,0.25,0.6,0.6,0.1,1.3,7.27,0.0,34.0,2.3,1.8,2.3,1076,21,Attacker,0.7741935483870969,0.25,0.0248565965583174,3.2857142857142856,0.1617647058823529,0.2608695652173913,0.0739130434782608,96.02259080663636,96.44172855928758,30.542992277278945,78.12372981561542,69.27280313499584,True,False,France
292462,Mohamed Salah,8650,Liverpool,ENG-Premier League,0.6,22.7,9.0,0.0,0.4,3.6,0.21,0.36,0.5,6.0,0.23,0.2,0.8,0.1,0.8,7.09,0.0,41.0,2.9,0.3,0.7,1537,18,Attacker,0.5,0.4,0.026431718061674,1.4,0.0878048780487805,0.2758620689655172,0.1241379310344827,76.78403170380226,78.99202786091712,59.22807430809593,54.86011805786498,67.75796279422116,True,False,Egypt
1202110,Nico Williams,8315,Athletic Club,ESP-La Liga,0.3,23.8,5.0,0.0,0.5,4.3,0.3,0.31,1.2,2.0,0.27,0.4,0.9,0.0,1.2,6.99,0.0,27.0,2.5,0.8,3.2,1316,19,Attacker,0.5,0.3333333333333333,0.0126050420168067,2.666666666666667,0.1592592592592592,0.36,0.124,86.03478457672837,80.94132210028452,42.85791486531426,66.76119147914126,67.66395381779809,True,False,Spain
325916,Paulo Dybala,8686,Roma,ITA-Serie A,2.0,36.1,4.0,0.0,0.1,3.1,0.27,0.36,0.9,2.0,0.17,0.2,1.2,0.0,0.9,6.93,0.0,40.0,3.1,0.6,0.9,1056,17,Attacker,0.4705882352941176,0.25,0.0554016620498614,1.0,0.0775,0.3870967741935484,0.1161290322580645,81.69098492406607,74.93385803495546,50.809985034918526,63.77595794996861,67.56790101618756,True,False,Argentina
966146,Zuriko Davitashvili,9853,St Etienne,FRA-Ligue 1,0.4,23.3,9.0,0.0,0.5,5.6,0.18,0.27,0.7,8.0,0.29,0.5,0.9,0.0,0.8,7.15,0.0,53.0,2.3,0.8,1.6,2761,33,Attacker,0.65,0.3846153846153846,0.0171673819742489,2.285714285714286,0.1056603773584905,0.391304347826087,0.1173913043478261,79.3384879725086,75.30927835051547,48.41924398625429,70.00859106529208,67.50595193838123,False,False,Georgia
965764,Iliman Ndiaye,8668,Everton,ENG-Premier League,0.2,25.0,5.0,0.0,0.5,3.7,0.19,0.24,1.1,2.0,0.26,0.5,0.7,0.1,0.8,7.27,0.0,20.0,1.4,2.5,1.9,1708,20,Attacker,0.7317073170731708,0.1666666666666666,0.008,1.727272727272727,0.185,0.5,0.1714285714285714,69.33797989875475,61.90596940472231,61.052590252374095,76.04372205594353,66.50636084006986,True,False,Senegal
574629,Alex Berenguer,8315,Athletic Club,ESP-La Liga,0.9,25.1,6.0,0.0,0.7,4.0,0.25,0.2,1.0,2.0,0.12,0.5,1.0,0.0,0.9,6.74,0.0,34.0,1.9,1.1,1.2,1457,20,Attacker,0.6153846153846154,0.3125,0.0358565737051792,1.2,0.1176470588235294,0.5263157894736842,0.1052631578947368,79.55465026050327,79.16772900269741,41.538839929054426,73.15091176144551,66.41929440537349,True,False,Spain
863098,Matheus Cunha,10260,Manchester United,ENG-Premier League,0.9,26.1,3.0,0.0,0.7,2.2,0.12,0.29,0.7,2.0,0.33,0.7,1.3,0.1,0.9,7.17,0.0,23.0,3.4,1.4,1.7,1634,23,Attacker,0.7499999999999999,0.3333333333333333,0.0344827586206896,2.428571428571429,0.0956521739130434,0.3823529411764706,0.0852941176470588,77.92858330562022,63.19176551010605,47.45940028821639,79.56384177659537,65.59909790646853,True,False,Brazil
1021586,Gabriel Martinelli,9825,Arsenal,ENG-Premier League,0.4,18.2,7.0,0.0,0.6,4.7,0.18,0.29,0.6,4.0,0.31,0.2,1.0,0.0,0.7,7.01,0.0,40.0,2.2,0.9,1.3,2300,33,Attacker,0.6470588235294118,0.1818181818181818,0.0219780219780219,2.166666666666667,0.1175,0.4545454545454545,0.1318181818181818,68.12714776632302,73.59106529209622,58.79725085910652,60.96219931271477,65.47171466427687,False,False,Brazil
1084981,Noni Madueke,8455,Chelsea,ENG-Premier League,0.6,22.0,6.0,0.0,0.4,3.2,0.14,0.42,1.0,3.0,0.31,0.4,1.4,0.0,0.8,7.18,0.0,32.0,3.5,1.1,2.0,2046,32,Attacker,0.6,0.2666666666666666,0.0272727272727272,2.0,0.1,0.3999999999999999,0.12,71.69243986254295,60.82474226804124,60.28350515463918,68.07560137457045,65.20936917292528,False,False,England
1156569,Sebastian Nanasi,9848,Strasbourg,FRA-Ligue 1,0.6,26.2,12.0,0.0,0.7,4.7,0.2,0.27,0.4,4.0,0.25,0.3,0.5,0.1,0.4,7.02,0.0,37.0,1.2,0.8,0.8,2122,31,Attacker,0.7333333333333334,0.2727272727272727,0.0229007633587786,2.0,0.127027027027027,0.4166666666666667,0.225,70.96219931271477,82.21649484536083,61.38316151202749,45.73024054982818,65.0280707909815,False,False,Sweden
1613676,Said El Mala,8722,1. FC Köln,GER-Bundesliga,0.2,14.0,4.0,0.0,0.2,1.4,0.12,0.52,0.7,2.0,0.61,0.3,1.6,0.0,1.0,6.8,0.0,10.0,3.8,1.4,2.6,1041,22,Attacker,0.7083333333333334,0.1764705882352941,0.0142857142857142,3.714285714285715,0.1399999999999999,0.4210526315789474,0.1368421052631579,51.6633064516129,59.73790322580644,77.72177419354838,81.63306451612904,65.01686871392748,True,False,Germany
696365,Marcus Rashford,8634,Barcelona,ESP-La Liga,0.9,33.5,5.0,0.0,0.9,3.5,0.25,0.41,0.4,6.0,0.29,0.1,1.5,0.1,0.6,7.27,0.0,33.0,4.5,0.5,1.4,1250,21,Attacker,0.6,0.1666666666666666,0.026865671641791,3.5,0.106060606060606,0.3333333333333333,0.0911111111111111,81.3784040941507,77.81431289953072,52.50866034807671,47.40351217529468,64.73474788760062,True,False,England
844437,Amine Gouiri,8592,Marseille,FRA-Ligue 1,0.0,23.0,7.0,0.0,0.0,3.3,0.14,0.51,1.3,5.0,0.56,0.1,1.8,0.0,1.0,7.01,0.0,34.0,3.5,0.0,1.1,2088,33,Attacker,0.0714285714285714,1.0,0.0,0.8461538461538461,0.0970588235294117,0.5142857142857143,0.1457142857142857,65.72164948453609,61.64948453608247,82.63745704467354,49.218213058419245,64.64192832984573,False,False,Algeria
1219540,Fisnik Asllani,8226,TSG 1899 Hoffenheim,GER-Bundesliga,0.3,16.9,6.0,0.0,0.9,2.7,0.17,0.36,0.9,4.0,0.44,0.3,1.1,0.0,1.1,7.17,0.0,24.0,2.9,0.6,0.6,1433,21,Attacker,0.5,0.3333333333333333,0.0177514792899408,0.6666666666666666,0.1125,0.3793103448275862,0.1241379310344827,56.703629032258064,73.20564516129033,60.372983870967744,67.31854838709678,63.541433488100495,True,False,Kosovo
906937,Anthony Gordon,10261,Newcastle United,ENG-Premier League,1.0,22.9,5.0,0.0,0.6,3.1,0.21,0.38,0.8,2.0,0.21,0.1,0.8,0.0,0.5,6.94,0.0,21.0,2.3,1.0,1.8,1315,20,Attacker,0.5789473684210527,0.0909090909090909,0.0436681222707423,2.25,0.1476190476190476,0.3478260869565218,0.1652173913043478,77.91645881831282,75.98935816428333,52.03753741270369,47.36859365184939,63.36570019201023,True,False,England
806552,Cody Gakpo,8650,Liverpool,ENG-Premier League,0.7,22.7,8.0,0.0,0.8,4.1,0.21,0.27,1.3,3.0,0.26,0.4,0.6,0.1,0.6,7.28,0.0,38.0,2.8,0.8,1.3,1747,24,Attacker,0.4800000000000001,0.3333333333333333,0.0308370044052863,1.0,0.1078947368421052,0.2142857142857143,0.0964285714285714,77.9352806414662,78.12613161881536,43.87101393045856,55.64924897461479,63.14741700522763,True,False,Netherlands
690107,Alexander Isak,10261,Newcastle United,ENG-Premier League,0.5,16.5,11.0,0.0,0.6,3.6,0.12,0.66,0.9,6.0,0.75,0.1,1.5,0.1,0.6,7.4,0.0,42.0,3.2,0.4,1.4,2769,34,Attacker,0.3571428571428571,0.2,0.0303030303030303,1.5555555555555554,0.0857142857142857,0.46875,0.20625,62.80068728522336,62.54295532646048,91.85567010309278,40.14604810996564,63.08686862421011,False,False,Sweden
690230,Lautaro Martinez,8636,Internazionale,ITA-Serie A,0.8,19.3,11.0,0.0,0.8,2.0,0.09,0.54,1.9,4.0,0.66,0.2,1.5,0.0,1.1,7.47,0.0,32.0,3.9,0.9,0.9,1905,25,Attacker,0.3666666666666667,0.1818181818181818,0.0414507772020725,0.4736842105263158,0.0625,0.3846153846153846,0.1384615384615384,58.76265565532277,62.24397701659092,71.83756420204708,60.28685382256217,63.006764922502256,True,False,Argentina
933576,Antoine Semenyo,8456,Manchester City,ENG-Premier League,0.0,19.2,5.0,0.0,0.9,2.2,0.09,0.33,1.9,4.0,0.52,0.4,1.3,0.0,0.7,7.38,0.0,29.0,2.4,1.3,1.4,2247,25,Attacker,0.4722222222222222,0.2352941176470588,0.0,0.7368421052631579,0.0758620689655172,0.5416666666666667,0.1375,69.01119609799356,57.66960425673429,61.67458799837416,61.75971344640285,62.74515953781872,True,False,Ghana
848844,Rafael Leao,8564,Milan,ITA-Serie A,0.7,22.8,6.0,0.0,0.5,1.9,0.14,0.43,1.1,2.0,0.61,0.2,1.4,0.0,0.5,7.15,0.0,10.0,2.7,0.3,1.0,1172,18,Attacker,0.3125,0.4,0.0307017543859649,0.9090909090909092,0.19,0.5185185185185185,0.1592592592592592,65.65305952776855,73.38409452019363,73.1537061670916,39.13431160625208,62.538519962054686,True,False,Portugal
150565,Pierre-Emerick Aubameyang,8592,Marseille,FRA-Ligue 1,0.4,17.6,8.0,0.0,0.5,3.1,0.23,0.56,1.1,5.0,0.46,0.3,1.4,0.0,0.4,7.04,0.0,18.0,2.4,0.5,0.4,1186,19,Attacker,0.4210526315789473,0.3749999999999999,0.0227272727272727,0.3636363636363636,0.1722222222222222,0.5833333333333334,0.2333333333333333,52.26814516129032,83.60887096774195,91.4717741935484,35.100806451612904,62.43374854444533,True,False,Gabon
955411,Yann Gboho,9941,Toulouse,FRA-Ligue 1,0.6,20.3,1.0,0.0,0.0,3.6,0.18,0.2,0.6,2.0,0.3,0.4,0.6,0.0,1.1,7.32,0.0,39.0,1.7,0.4,2.8,1804,21,Attacker,0.5714285714285715,0.5,0.0295566502463054,4.666666666666667,0.0923076923076923,0.3529411764705882,0.1176470588235294,78.50236023352919,64.34610907881608,42.3384325462809,68.38594206111667,62.26907977699767,True,False,Ivory Coast
1209399,Abdessamad Ezzalzouli,8603,Real Betis,ESP-La Liga,0.6,26.1,7.0,0.0,0.6,1.5,0.11,0.41,1.4,4.0,0.39,0.8,1.0,0.0,1.3,7.67,0.0,16.0,3.3,2.4,1.7,1143,15,Attacker,0.6956521739130436,0.25,0.0229885057471264,1.2142857142857144,0.09375,0.303030303030303,0.1242424242424242,66.94552987473672,51.9168698961682,54.1572442079592,82.8272225917304,62.17164509488448,True,False,Morocco
674014,David Brooks,8678,Bournemouth,ENG-Premier League,0.8,25.1,6.0,0.0,1.1,2.7,0.25,0.42,1.0,2.0,0.09,0.3,1.1,0.0,0.6,6.78,0.0,20.0,3.7,1.4,1.4,955,21,Attacker,0.6296296296296295,0.1764705882352941,0.0318725099601593,1.4,0.135,0.2972972972972973,0.1135135135135135,72.69022743228763,71.49997228688616,41.33147655470569,67.25940398329823,61.89279705210883,True,False,Wales
678234,Mikel Oyarzabal,8560,Real Sociedad,ESP-La Liga,0.5,16.9,9.0,0.0,0.9,2.7,0.13,0.53,0.7,3.0,0.5,0.1,1.3,0.1,0.8,7.38,0.0,30.0,3.0,0.9,1.1,1804,21,Attacker,0.5882352941176471,0.1,0.029585798816568,1.5714285714285716,0.09,0.4333333333333333,0.1766666666666666,51.74119184864944,61.30034549015261,80.12600229095075,59.01472952000887,61.82328988713572,True,False,Spain
1251666,Ernest Poku,8178,Bayer 04 Leverkusen,GER-Bundesliga,0.4,28.1,3.0,0.0,0.7,3.3,0.26,0.22,0.2,4.0,0.4,0.5,0.6,0.0,0.2,6.93,0.0,21.0,1.8,0.9,1.3,1123,19,Attacker,0.875,0.3571428571428571,0.0142348754448398,6.5,0.1571428571428571,0.3333333333333333,0.1222222222222222,79.38508064516128,77.41935483870967,46.40120967741936,45.78629032258064,61.789327899445226,True,False,Netherlands
442728,Tim Kleindienst,9788,Borussia Mönchengladbach,GER-Bundesliga,0.4,14.8,11.0,0.0,2.1,4.0,0.13,0.44,2.5,7.0,0.53,0.4,1.3,0.3,0.7,7.26,0.0,29.0,2.5,1.0,0.5,2741,31,Attacker,0.358974358974359,0.2857142857142857,0.027027027027027,0.2,0.1379310344827586,0.52,0.176,44.63058419243986,73.6426116838488,83.90893470790378,51.52061855670102,60.95654348483785,False,False,Germany
1197030,Hugo Ekitike,8650,Liverpool,ENG-Premier League,0.1,15.2,2.0,0.0,1.4,2.0,0.12,0.51,1.7,2.0,0.59,0.1,1.0,0.1,0.7,7.03,0.0,16.0,3.4,0.5,1.8,1520,23,Attacker,0.2608695652173913,0.1666666666666666,0.006578947368421,1.0588235294117647,0.125,0.2941176470588235,0.15,62.40323504415623,65.17593208439568,75.01528840113808,41.68186269075859,60.93415789307212,True,False,France
1021382,Joao Pedro,8455,Chelsea,ENG-Premier League,0.5,19.1,5.0,0.0,1.1,1.7,0.08,0.42,1.2,4.0,0.47,0.2,0.9,0.2,0.5,7.21,0.0,24.0,2.1,0.9,1.2,1900,26,Attacker,0.4782608695652174,0.1818181818181818,0.0261780104712041,1.0,0.0708333333333333,0.4285714285714285,0.1999999999999999,61.20972360787792,54.78545431031298,77.56288567416767,51.06910264937369,60.91967494038836,True,False,Brazil
1444231,Matias Fernandez-Pardo,8639,Lille,FRA-Ligue 1,0.7,22.1,3.0,0.0,0.2,2.7,0.19,0.26,0.6,3.0,0.2,0.2,1.2,0.1,0.8,7.08,0.0,23.0,2.5,0.9,1.2,1320,17,Attacker,0.6470588235294118,0.1818181818181818,0.0316742081447963,2.0,0.117391304347826,0.48,0.104,66.98444370542806,65.84548091490227,50.38117078668292,60.683613235783184,60.898280501572245,True,False,Belgium
942358,Felix Correia,8639,Lille,FRA-Ligue 1,1.9,31.1,8.0,0.0,0.4,3.8,0.27,0.19,0.5,5.0,0.21,0.9,0.4,0.1,0.6,6.91,0.0,27.0,1.6,0.9,0.7,1257,22,Attacker,0.782608695652174,0.5,0.0610932475884244,1.4,0.1407407407407407,0.25,0.11875,76.10887096774194,88.66935483870968,29.536290322580648,67.27822580645162,60.88886295351593,True,False,Portugal
523825,Jarrod Bowen,8654,West Ham United,ENG-Premier League,0.4,15.7,5.0,0.0,0.9,2.5,0.1,0.22,0.5,3.0,0.31,0.7,0.9,0.1,0.6,7.07,0.0,18.0,2.4,1.2,1.5,2329,26,Attacker,0.7916666666666666,0.3684210526315789,0.0254777070063694,3.0,0.1388888888888889,0.375,0.0916666666666666,60.47821287366515,71.4569707719026,44.33407696855485,74.60587333259431,60.84569506825966,True,False,England
923196,Lassine Sinayoko,8583,Auxerre,FRA-Ligue 1,0.5,19.0,5.0,0.0,0.5,2.3,0.12,0.35,0.8,3.0,0.3,0.9,1.0,0.0,0.9,7.07,0.0,26.0,2.7,1.2,1.2,1805,21,Attacker,0.7241379310344827,0.4285714285714285,0.0263157894736842,1.4999999999999998,0.0884615384615384,0.3703703703703703,0.1296296296296296,64.93690647747847,60.64386801167645,47.77997173262387,72.27568543768244,60.402389294128255,True,False,Mali
474658,Álvaro Garcia,8370,Rayo Vallecano,ESP-La Liga,0.9,15.2,10.0,0.0,1.3,3.9,0.22,0.3,0.8,4.0,0.17,0.6,0.7,0.1,0.5,6.83,0.0,29.0,1.8,1.1,0.1,1608,23,Attacker,0.68,0.3529411764705882,0.0592105263157894,0.125,0.1344827586206896,0.3888888888888888,0.1666666666666666,55.75820770055058,83.3362893988102,46.464268558548575,62.82121808373055,60.32568030403432,True,False,Spain
969870,Adam Hlozek,8226,TSG 1899 Hoffenheim,GER-Bundesliga,0.7,16.4,7.0,0.0,0.9,3.2,0.15,0.27,0.7,3.0,0.38,0.2,1.2,0.0,0.7,7.01,0.0,22.0,2.8,1.1,1.6,1874,27,Attacker,0.65,0.1538461538461538,0.0426829268292682,2.285714285714286,0.1454545454545454,0.4285714285714286,0.0964285714285714,57.13058419243986,69.0721649484536,52.053264604811,62.45704467353952,59.581940814213866,False,False,Czechia
1180718,Mohamed-Ali Cho,9831,Nice,FRA-Ligue 1,0.5,19.1,6.0,0.0,0.5,2.2,0.2,0.19,0.6,2.0,0.36,0.3,0.6,0.2,0.6,6.83,0.0,16.0,1.5,0.7,1.2,988,14,Attacker,0.625,0.3,0.0261780104712041,2.0,0.1375,0.3999999999999999,0.1266666666666666,63.66937793297122,74.95732180467797,44.65626501127,57.0306553227654,59.371082687738514,True,False,France
939569,Jonathan David,9885,Juventus,ITA-Serie A,0.2,21.9,4.0,0.0,0.2,1.3,0.09,0.52,1.3,4.0,0.35,0.3,1.0,0.0,0.9,6.79,0.0,27.0,2.2,0.7,0.3,1296,24,Attacker,0.4347826086956522,0.3,0.0091324200913242,0.2307692307692307,0.0481481481481481,0.4545454545454545,0.2363636363636363,52.63366958578132,48.5401655396667,84.27516350737169,58.91625558881129,59.34393450499,True,False,Canada
862608,Kaoru Mitoma,10204,Brighton and Hove Albion,ENG-Premier League,0.5,23.2,3.0,0.0,0.7,2.0,0.15,0.17,1.1,1.0,0.15,0.5,0.5,0.0,0.4,6.81,0.0,22.0,1.1,0.8,1.5,1188,16,Attacker,0.5416666666666666,0.3846153846153846,0.021551724137931,1.3636363636363635,0.0909090909090909,0.4545454545454545,0.1545454545454545,73.88177585633521,61.60911576691424,52.42270350663267,47.2082501939918,59.24556914589694,True,False,Japan
1117069,Georges Mikautadze,10205,Villarreal,ESP-La Liga,0.7,11.4,6.0,0.0,0.3,1.9,0.14,0.44,0.7,4.0,0.61,0.2,1.5,0.1,0.2,7.05,0.0,14.0,2.7,0.1,1.2,1181,19,Attacker,0.3,0.6666666666666666,0.0614035087719298,1.7142857142857144,0.1357142857142857,0.5555555555555555,0.1629629629629629,51.88784040941507,72.63990503639657,85.72848538595129,35.16741030188819,59.20015734483026,True,False,Georgia
942368,Jérémy Doku,8456,Manchester City,ENG-Premier League,0.8,29.8,10.0,0.0,0.0,4.4,0.33,0.13,1.3,4.0,0.08,0.8,0.6,0.0,0.8,7.26,0.0,39.0,1.5,1.1,4.7,1187,20,Attacker,0.59375,0.4210526315789473,0.0268456375838926,3.615384615384616,0.1128205128205128,0.3999999999999999,0.0866666666666666,93.27344991316556,84.1644958060821,20.43964545689688,72.67371503528803,59.17025699144628,True,False,Belgium
1314412,Romulo Cruz,178475,RB Leipzig,GER-Bundesliga,0.5,17.8,4.0,0.0,1.5,1.7,0.11,0.53,0.5,3.0,0.4,0.3,1.0,0.2,0.6,7.2,0.0,17.0,2.3,1.1,0.5,1350,18,Attacker,0.736842105263158,0.2142857142857142,0.0280898876404494,1.0,0.0999999999999999,0.4347826086956522,0.2304347826086956,44.75806451612903,55.08064516129032,83.03427419354838,64.19354838709677,59.132163491396696,True,False,Brazil
1074968,Jamie Leweling,10269,VfB Stuttgart,GER-Bundesliga,0.5,20.5,5.0,0.0,0.9,3.4,0.2,0.15,0.7,6.0,0.29,0.7,0.8,0.1,0.7,7.17,0.0,29.0,2.0,0.8,1.2,1575,21,Attacker,0.6818181818181818,0.4666666666666666,0.024390243902439,1.7142857142857144,0.1172413793103448,0.4,0.075,73.43928980526918,76.6538262572516,31.01217529468278,68.48339984480656,59.00816644755199,True,False,Germany
621562,Marcus Thuram,8636,Internazionale,ITA-Serie A,0.3,17.4,3.0,0.0,0.2,1.6,0.12,0.43,2.2,3.0,0.53,0.0,1.5,0.1,0.8,7.17,0.0,21.0,3.5,1.1,1.1,1193,19,Attacker,0.3333333333333333,0.0,0.0172413793103448,0.5,0.0761904761904762,0.4285714285714285,0.1228571428571428,58.79579592062965,55.54654879355578,72.09035398884085,48.99916398773232,58.81324957148251,True,False,France
364520,Domenico Berardi,7943,Sassuolo,ITA-Serie A,1.9,23.7,3.0,0.0,1.2,1.9,0.14,0.31,1.8,3.0,0.39,1.0,0.9,0.0,0.5,7.26,0.0,19.0,2.0,1.3,0.5,1156,15,Attacker,0.5609756097560976,0.4347826086956522,0.080168776371308,0.2777777777777778,0.0999999999999999,0.45,0.155,56.4516129032258,58.14516129032258,67.16733870967742,53.16532258064516,58.68762400811786,True,False,Italy
889785,Jonas Wind,8721,VfL Wolfsburg,GER-Bundesliga,0.9,19.6,9.0,0.0,0.6,4.9,0.22,0.26,0.7,3.0,0.41,0.3,0.6,0.1,0.5,6.87,0.0,34.0,1.8,0.5,0.3,1971,31,Attacker,0.5333333333333333,0.3749999999999999,0.0459183673469387,0.4285714285714286,0.1441176470588235,0.3333333333333333,0.1444444444444444,58.03264604810997,83.23024054982817,53.31615120274913,43.03264604810997,58.56610036065215,False,False,Denmark
848289,Takefusa Kubo,8560,Real Sociedad,ESP-La Liga,0.4,22.7,5.0,0.0,0.7,2.3,0.18,0.17,0.5,3.0,0.15,0.5,0.9,0.0,0.5,7.16,0.0,26.0,1.9,1.9,2.1,1183,18,Attacker,0.8275862068965517,0.2083333333333333,0.0176211453744493,4.2,0.0884615384615384,0.4736842105263158,0.0894736842105263,80.22103517717917,65.2403650740864,30.621258729630863,71.3086363300447,58.48570915586318,True,False,Japan
1175708,Ansgar Knauff,9810,Eintracht Frankfurt,GER-Bundesliga,0.1,15.9,4.0,0.0,0.6,1.4,0.13,0.3,1.8,1.0,0.36,0.6,1.2,0.0,0.6,6.72,0.0,16.0,2.3,0.9,0.8,1004,20,Attacker,0.4545454545454546,0.3999999999999999,0.0062893081761006,0.4444444444444445,0.0875,0.5217391304347826,0.1304347826086956,56.10612275061893,62.69089716587223,60.2829739866238,54.658805380039176,58.42313976345037,True,False,Germany
843040,Pedro Neto,8455,Chelsea,ENG-Premier League,1.2,26.9,9.0,0.0,0.5,5.0,0.23,0.19,0.3,3.0,0.23,0.3,0.5,0.0,0.5,7.12,0.0,39.0,1.7,0.7,1.5,1991,26,Attacker,0.7692307692307692,0.3,0.0446096654275092,5.0,0.1282051282051282,0.2941176470588235,0.1117647058823529,83.7798608801685,83.8001607360603,27.03005487196541,55.861161918486495,58.22866432335656,True,False,Portugal
1134206,Mohamed Amoura,8721,VfL Wolfsburg,GER-Bundesliga,0.8,16.0,5.0,0.0,0.8,1.5,0.1,0.5,1.0,2.0,0.56,0.3,1.0,0.1,0.6,7.03,0.0,21.0,3.2,1.9,0.6,1292,19,Attacker,0.6875,0.1363636363636363,0.05,0.6,0.0714285714285714,0.3125,0.15625,51.93287421941397,53.25010161475077,65.82822950153344,65.07870524332114,58.01010378034774,True,False,Algeria
318615,Leandro Trossard,9825,Arsenal,ENG-Premier League,1.5,25.8,4.0,0.0,0.7,2.5,0.15,0.26,0.7,5.0,0.3,0.4,0.6,0.1,0.4,7.16,0.0,28.0,2.2,1.2,0.8,1523,23,Attacker,0.6956521739130436,0.25,0.0581395348837209,1.142857142857143,0.0892857142857142,0.2727272727272727,0.1181818181818181,70.79060894948823,65.86982226656322,39.663008535639065,58.27211044599638,57.85659624930829,True,False,Belgium
900433,Khvicha Kvaratskhelia,9847,Paris Saint-Germain,FRA-Ligue 1,1.1,43.8,7.0,0.0,0.4,4.0,0.38,0.33,1.3,3.0,0.39,0.6,1.6,0.2,0.7,7.13,0.0,25.0,3.7,1.6,2.4,927,18,Attacker,0.6285714285714287,0.2727272727272727,0.0251141552511415,1.846153846153846,0.16,0.4324324324324324,0.0891891891891892,66.25154731552304,78.3284373498873,38.20516018179803,53.94542364113365,57.7776802566768,True,False,Georgia
884919,Robin Hack,9788,Borussia Mönchengladbach,GER-Bundesliga,1.4,26.5,10.0,0.0,0.8,3.8,0.16,0.22,0.8,7.0,0.16,0.4,1.0,0.1,0.7,6.91,0.0,33.0,2.4,0.9,1.0,2188,33,Attacker,0.6190476190476191,0.3076923076923077,0.0528301886792452,1.25,0.1151515151515151,0.4166666666666667,0.0916666666666666,68.51374570446735,72.30240549828179,34.95704467353952,63.00687285223368,57.71421094915851,False,False,Germany
593129,Pere Milla,8558,Espanyol,ESP-La Liga,0.8,17.4,4.0,0.0,0.7,2.0,0.12,0.34,1.0,0.0,0.36,0.7,1.0,0.2,0.8,6.91,0.0,28.0,2.8,1.5,0.4,1520,22,Attacker,0.6875,0.3181818181818181,0.0459770114942528,0.4,0.0714285714285714,0.3571428571428571,0.1214285714285714,51.96572580645161,55.141129032258064,53.346774193548384,78.85080645161291,57.70617407775457,True,False,Spain
1400227,Yankuba Minteh,10204,Brighton and Hove Albion,ENG-Premier League,0.5,15.1,6.0,0.0,0.6,2.8,0.16,0.16,1.0,4.0,0.05,0.5,0.4,0.0,0.7,7.06,0.0,30.0,1.8,1.9,2.7,1640,24,Attacker,0.7058823529411765,0.2083333333333333,0.0331125827814569,2.7,0.0933333333333333,0.2222222222222222,0.0888888888888888,72.17233861730038,75.52313121235636,26.86878764364631,75.88157724568599,57.59310828743537,True,False,Gambia
1002618,Ander Barrenetxea,8560,Real Sociedad,ESP-La Liga,1.7,28.2,8.0,0.0,0.7,3.0,0.25,0.16,1.8,3.0,0.25,0.8,0.6,0.2,0.7,7.02,0.0,29.0,1.7,0.9,2.9,1099,19,Attacker,0.4857142857142857,0.4705882352941176,0.0602836879432624,1.611111111111111,0.1034482758620689,0.3529411764705882,0.0941176470588235,82.48577393489266,74.32144440749363,26.21491981672394,64.43047241621402,57.43116789403974,True,False,Spain
883080,Morgan Rogers,10252,Aston Villa,ENG-Premier League,1.0,21.1,10.0,0.0,0.9,2.9,0.11,0.19,1.3,5.0,0.31,0.4,0.9,0.0,0.6,7.07,0.0,33.0,2.2,1.1,1.1,2320,26,Attacker,0.5357142857142857,0.2666666666666666,0.0473933649289099,0.8461538461538461,0.0878787878787878,0.409090909090909,0.0863636363636363,70.50724236041829,69.23174629568045,39.07890847282267,53.93634759634926,57.39953224866936,True,False,England
887704,Keito Nakamura,9837,Reims,FRA-Ligue 1,0.9,18.6,5.0,0.0,0.6,3.4,0.11,0.31,1.0,2.0,0.37,0.4,1.1,0.0,0.8,6.92,0.0,25.0,2.8,0.8,1.0,2661,32,Attacker,0.5454545454545455,0.3333333333333333,0.0483870967741935,1.0,0.136,0.3928571428571429,0.1107142857142857,52.53436426116839,61.32302405498282,54.13230240549828,63.52233676975945,57.14633110466466,False,False,Japan
900433,Khvicha Kvaratskhelia,9847,Paris Saint-Germain,FRA-Ligue 1,1.1,43.8,7.0,0.0,0.4,4.0,0.38,0.33,1.3,3.0,0.39,0.6,1.6,0.2,0.7,7.13,0.0,25.0,3.7,1.6,2.4,927,18,Attacker,0.6285714285714287,0.2727272727272727,0.0251141552511415,1.846153846153846,0.16,0.4324324324324324,0.0891891891891892,67.01042474965821,73.88399290544285,38.20516018179803,53.94542364113365,57.13493380204603,True,False,Georgia
895362,Rodrygo,8633,Real Madrid,ESP-La Liga,0.6,41.8,5.0,0.0,0.3,4.2,0.19,0.19,0.4,5.0,0.28,0.5,0.9,0.0,0.4,7.36,0.0,49.0,2.5,1.0,2.3,1937,30,Attacker,0.7894736842105263,0.3333333333333333,0.0143540669856459,5.749999999999999,0.0857142857142857,0.36,0.076,89.60481099656359,62.920962199312726,32.113402061855666,52.7491408934708,57.08380246365315,False,False,Brazil
661519,Deniz Undav,10269,VfB Stuttgart,GER-Bundesliga,0.6,17.0,4.0,0.0,0.3,1.7,0.11,0.62,1.4,3.0,0.8,0.3,1.9,0.0,0.7,7.34,0.0,19.0,5.1,0.8,0.2,1357,18,Attacker,0.44,0.2727272727272727,0.0352941176470588,0.1428571428571428,0.0894736842105263,0.3725490196078431,0.1215686274509804,46.855023463769726,61.52565310571629,75.03780530613754,49.18666629715849,56.97448583607159,True,False,Germany
947901,Jonathan Burkardt,9905,1. FSV Mainz 05,GER-Bundesliga,0.8,15.5,4.0,0.0,0.6,2.7,0.11,0.63,1.0,2.0,0.76,0.0,1.3,0.0,1.0,7.21,0.0,20.0,3.1,0.6,0.7,2120,29,Attacker,0.3749999999999999,0.0,0.0516129032258064,0.7,0.135,0.4193548387096774,0.2032258064516129,40.59278350515464,56.30584192439861,87.15635738831615,56.24570446735395,56.920099924698846,False,False,Germany
1037539,Pavel Sulc,9748,Lyon,FRA-Ligue 1,0.4,16.3,4.0,0.0,0.7,1.5,0.11,0.55,1.8,3.0,0.73,0.5,1.1,0.0,0.4,7.28,0.0,14.0,2.6,1.4,1.0,1230,20,Attacker,0.5135135135135135,0.2631578947368421,0.0245398773006134,0.5555555555555556,0.1071428571428571,0.4230769230769231,0.2115384615384615,47.58064516129032,54.79838709677419,87.6008064516129,45.49395161290322,56.90347649698074,True,False,Czechia
760359,Harvey Barnes,10261,Newcastle United,ENG-Premier League,0.4,20.4,3.0,0.0,0.8,2.0,0.13,0.37,0.8,0.0,0.33,0.1,1.0,0.0,0.5,6.68,0.0,15.0,2.8,0.7,0.7,1382,25,Attacker,0.4999999999999999,0.125,0.0196078431372549,0.8749999999999999,0.1333333333333333,0.3571428571428571,0.1321428571428571,58.23910874625873,68.26686804862727,57.33991057901932,42.318409821527545,56.62875733991891,True,False,England
1203665,Alejandro Garnacho,10260,Manchester United,ENG-Premier League,0.7,25.6,4.0,0.0,0.4,2.8,0.11,0.3,0.5,2.0,0.25,0.5,1.2,0.0,0.9,6.72,0.0,37.0,3.4,1.2,1.1,2195,36,Attacker,0.7727272727272726,0.2941176470588235,0.0273437499999999,2.2,0.0756756756756756,0.3529411764705882,0.088235294117647,66.49484536082474,47.98969072164948,40.28350515463917,82.44845360824743,56.44710820855635,False,False,Argentina
881771,Ferran Torres,8634,Barcelona,ESP-La Liga,0.3,14.5,3.0,0.0,0.3,1.3,0.09,0.75,0.6,1.0,0.79,0.2,1.7,0.1,0.6,7.22,0.0,17.0,3.5,0.3,0.3,1370,22,Attacker,0.4545454545454545,0.4,0.0206896551724137,0.5,0.0764705882352941,0.4857142857142857,0.2142857142857142,42.17439400657725,51.578769907253445,92.00776890958134,51.6089079185604,56.12204132087834,True,False,Spain
564847,Viktor Tsigankov,7732,Girona,ESP-La Liga,1.2,27.4,2.0,0.0,1.0,1.9,0.12,0.2,0.6,2.0,0.26,0.8,0.8,0.1,0.1,7.1,0.0,23.0,1.5,1.5,0.8,1401,18,Attacker,0.793103448275862,0.3478260869565218,0.0437956204379562,1.3333333333333337,0.0826086956521739,0.5333333333333333,0.1333333333333333,66.56863152643831,60.096764955843774,41.85421516461589,56.28792077744523,55.87422396285245,True,False,Ukraine
479020,Ayoze Pérez,10205,Villarreal,ESP-La Liga,0.5,14.0,5.0,0.0,0.5,1.9,0.09,0.58,1.0,2.0,0.86,0.4,1.4,0.0,0.5,7.36,0.0,32.0,3.4,1.2,1.5,1977,30,Attacker,0.6153846153846154,0.25,0.0357142857142857,1.5,0.059375,0.4117647058823529,0.1705882352941176,53.39347079037801,41.44329896907217,83.33333333333333,52.2852233676976,55.78154097182949,False,False,Spain
853108,Jean-Philippe Krasso,6379,Paris FC,FRA-Ligue 1,0.5,14.1,4.0,0.0,0.6,2.2,0.21,0.28,1.5,2.0,0.19,0.1,0.8,0.1,0.5,6.53,0.0,19.0,2.0,1.2,1.3,962,21,Attacker,0.4642857142857143,0.0769230769230769,0.0354609929078014,0.8666666666666667,0.1157894736842105,0.4,0.14,61.64314516129033,69.4758064516129,48.78024193548388,42.358870967741936,55.57426128459066,True,False,Ivory Coast
793066,David Neres,9875,Napoli,ITA-Serie A,0.4,26.3,9.0,0.0,0.2,3.2,0.31,0.15,1.8,3.0,0.29,0.1,0.4,0.3,0.8,6.88,0.0,21.0,1.7,1.0,1.8,925,16,Attacker,0.3793103448275862,0.0909090909090909,0.0152091254752851,1.0,0.1523809523809524,0.2352941176470588,0.088235294117647,81.8461783616007,82.38443631526438,24.58421091527178,52.31981857148136,55.49554611644724,True,False,Brazil
521148,Jacob Murphy,10261,Newcastle United,ENG-Premier League,1.2,20.3,9.0,0.0,0.8,2.4,0.2,0.24,0.2,1.0,0.16,0.2,0.8,0.1,0.3,6.68,0.0,18.0,2.8,0.7,1.2,1091,21,Attacker,0.8181818181818182,0.2222222222222222,0.0591133004926108,5.999999999999999,0.1333333333333333,0.2857142857142857,0.0857142857142857,70.50146879503382,82.28587000702066,33.32037745261058,44.31403114953997,55.37025143698939,True,False,England
1624586,Bazoumana Touré,8226,TSG 1899 Hoffenheim,GER-Bundesliga,0.7,19.4,6.0,0.0,0.7,2.4,0.16,0.16,1.7,5.0,0.13,0.3,0.5,0.1,0.9,7.19,0.0,25.0,1.5,1.3,2.1,1352,18,Attacker,0.4848484848484849,0.1874999999999999,0.0360824742268041,1.2352941176470589,0.096,0.3333333333333333,0.1066666666666666,75.15120967741936,69.55645161290323,25.63508064516129,66.875,55.03342961501125,True,False,Ivory Coast
1171140,Jaidon Anthony,8191,Burnley,ENG-Premier League,0.8,21.4,2.0,0.0,1.0,1.7,0.09,0.17,0.9,1.0,0.32,0.5,0.7,0.3,0.9,6.86,0.0,24.0,1.6,1.6,1.1,1679,25,Attacker,0.7000000000000001,0.238095238095238,0.0373831775700934,1.2222222222222223,0.0708333333333333,0.4374999999999999,0.10625,61.542338709677416,42.80241935483871,44.70766129032258,82.33870967741936,54.99656660351207,True,False,England
494417,Harry Wilson,9879,Fulham,ENG-Premier League,1.3,21.5,5.0,0.0,1.5,3.7,0.17,0.2,0.5,4.0,0.37,0.5,0.9,0.0,0.3,7.16,0.0,27.0,2.5,0.9,0.5,1938,25,Attacker,0.7368421052631579,0.3571428571428571,0.0604651162790697,1.0,0.137037037037037,0.36,0.08,57.53473376935299,61.72250859106529,44.58164745224107,56.13545246277206,54.66714562361306,True,False,Wales
864157,Jan-Niklas Beste,8358,Sport-Club Freiburg,GER-Bundesliga,0.9,18.2,2.0,0.0,1.3,3.0,0.24,0.13,0.9,2.0,0.08,1.0,0.6,0.0,0.3,6.99,0.0,26.0,1.2,2.0,0.6,1128,17,Attacker,0.7692307692307693,0.3333333333333333,0.0494505494505494,0.6666666666666666,0.1153846153846153,0.5,0.1083333333333333,63.256048387096776,69.51612903225806,33.61895161290323,58.27620967741935,54.39967605642166,True,False,Germany
1124825,Tim Lemperle,8226,TSG 1899 Hoffenheim,GER-Bundesliga,0.3,16.6,2.0,0.0,1.3,1.6,0.11,0.36,2.6,2.0,0.42,0.3,1.0,0.1,1.2,7.13,0.0,19.0,2.4,1.1,0.6,1291,18,Attacker,0.35,0.2142857142857142,0.0180722891566265,0.2307692307692307,0.0842105263157894,0.4166666666666667,0.15,46.52217741935484,46.028225806451616,68.20564516129032,63.50806451612904,54.3344061140326,True,False,Germany
1398377,Lucas Stassin,9853,St Etienne,FRA-Ligue 1,0.4,17.3,7.0,0.0,0.4,3.1,0.15,0.38,1.5,4.0,0.58,0.1,1.1,0.0,0.4,6.92,0.0,18.0,2.1,0.8,1.0,1867,28,Attacker,0.375,0.1111111111111111,0.0231213872832369,0.6666666666666666,0.1722222222222222,0.5238095238095238,0.1809523809523809,49.31271477663231,68.40206185567011,83.20446735395188,27.41408934707904,54.23584336680311,False,False,Belgium
797901,Jorge de Frutos,8370,Rayo Vallecano,ESP-La Liga,0.2,11.7,1.0,0.0,0.5,2.0,0.12,0.32,1.4,1.0,0.41,0.2,0.9,0.0,0.7,6.95,0.0,19.0,1.9,1.2,0.9,1521,21,Attacker,0.5,0.1428571428571428,0.017094017094017,0.6428571428571429,0.1052631578947368,0.4736842105263158,0.1684210526315789,47.5107850201382,50.15865757676533,61.33353194398256,61.24852196726158,54.00920122844333,True,False,Spain
1408580,Joaquin Panichelli,9848,Strasbourg,FRA-Ligue 1,0.1,14.2,5.0,0.0,1.2,1.3,0.06,0.58,1.7,1.0,0.58,0.6,1.2,0.4,0.8,7.27,0.0,22.0,2.4,1.2,0.5,1854,22,Attacker,0.5142857142857142,0.3333333333333333,0.0070422535211267,0.2941176470588235,0.059090909090909,0.5,0.2416666666666666,37.19758064516129,41.25,92.7116935483871,66.6633064516129,53.897844255103934,True,False,Argentina
1103837,Issa Soumaré,9746,Le Havre,FRA-Ligue 1,0.8,14.8,6.0,0.0,1.4,2.2,0.1,0.5,1.8,2.0,0.29,0.3,0.9,0.2,0.6,7.11,0.0,18.0,2.4,1.0,1.0,1869,22,Attacker,0.4193548387096774,0.2307692307692307,0.054054054054054,0.5555555555555556,0.1222222222222222,0.375,0.2083333333333333,47.35351309906515,55.16064368325758,59.61490318885564,55.568996415770606,53.80445220312963,True,False,Senegal
967622,Antony,8603,Real Betis,ESP-La Liga,0.7,36.2,7.0,0.0,0.8,3.6,0.2,0.28,0.6,5.0,0.34,1.0,1.4,0.1,0.6,7.67,0.0,41.0,3.0,1.3,1.0,1595,19,Attacker,0.793103448275862,0.4347826086956522,0.0193370165745856,1.6666666666666667,0.0878048780487805,0.4666666666666666,0.0933333333333333,62.47540461146215,63.4682500092377,36.424246203303404,56.028756974466994,53.626776815298896,True,False,Brazil
1215652,Omari Hutchinson,10203,Nottingham Forest,ENG-Premier League,0.5,25.0,6.0,0.0,0.4,3.0,0.26,0.14,1.4,3.0,0.09,0.5,0.6,0.0,0.7,6.77,0.0,25.0,1.7,1.4,2.4,1033,20,Attacker,0.5757575757575758,0.2631578947368421,0.02,1.7142857142857144,0.12,0.3529411764705882,0.0823529411764706,79.39379872889184,70.77592099915013,21.14940139674093,66.59643701732993,53.50841366042128,True,False,England
1367047,Afonso Moreira,9748,Lyon,FRA-Ligue 1,0.6,22.5,7.0,0.0,0.8,3.8,0.34,0.12,1.3,6.0,0.18,0.8,0.7,0.0,0.6,7.11,0.0,21.0,2.1,1.9,1.2,1002,19,Attacker,0.675,0.2962962962962963,0.0266666666666666,0.923076923076923,0.1809523809523809,0.3333333333333333,0.0571428571428571,75.60483870967742,88.83064516129032,17.631048387096772,67.31854838709677,53.44438258963753,True,False,Portugal
183353,Kike Garcia,8558,Espanyol,ESP-La Liga,0.2,12.6,3.0,0.0,1.1,2.1,0.2,0.46,2.0,1.0,0.39,0.3,1.5,0.1,0.9,6.59,0.0,15.0,3.3,0.7,0.8,935,23,Attacker,0.3333333333333333,0.3,0.0158730158730158,0.4,0.14,0.4545454545454546,0.1393939393939394,39.96635166093929,57.00476665558143,72.81579093226914,51.219677234600745,53.324882229806654,True,False,Spain
1032811,Federico Vinas,8670,Real Oviedo,ESP-La Liga,0.6,13.8,4.0,0.0,0.6,1.6,0.11,0.29,2.0,1.0,0.21,0.5,0.7,0.1,0.4,6.83,0.0,17.0,1.7,2.3,1.8,1277,19,Attacker,0.5833333333333334,0.1785714285714285,0.0434782608695652,0.9,0.0941176470588235,0.4117647058823529,0.1705882352941176,54.889112903225815,53.93145161290323,55.63508064516129,47.560483870967744,53.28350982440829,True,False,Uruguay
312765,Jack Grealish,8668,Everton,ENG-Premier League,1.0,26.6,5.0,0.0,0.6,3.6,0.2,0.12,0.7,6.0,0.11,0.7,0.4,0.3,0.9,7.21,0.0,38.0,1.4,1.2,1.3,1631,20,Attacker,0.7307692307692308,0.3684210526315789,0.037593984962406,1.8571428571428568,0.0947368421052631,0.2857142857142857,0.0857142857142857,83.41733870967742,73.60887096774194,15.705645161290324,82.60080645161291,53.15207713077284,True,False,England
1250253,Dango Ouattara,9937,Brentford,ENG-Premier League,0.6,11.3,5.0,0.0,2.3,1.4,0.09,0.31,1.4,1.0,0.33,1.1,0.7,0.0,0.3,6.9,0.0,12.0,2.0,0.9,1.0,1371,20,Attacker,0.5882352941176471,0.55,0.0530973451327433,0.7142857142857143,0.1166666666666666,0.35,0.155,44.51291892990431,57.8302017514688,56.84377655840077,56.171110002586566,52.92463008289848,True,False,Burkina Faso
1044029,Nicolo Cambiaghi,9857,Bologna,ITA-Serie A,0.4,19.0,5.0,0.0,0.2,2.0,0.16,0.15,1.9,4.0,0.24,0.3,0.5,0.0,1.0,6.8,0.0,16.0,1.5,1.7,1.0,1136,20,Attacker,0.5128205128205129,0.15,0.0210526315789473,0.5263157894736842,0.125,0.3333333333333333,0.0999999999999999,58.36693548387097,68.46774193548387,28.911290322580648,69.94959677419355,52.83789171722288,True,False,Italy
1083796,Kevin Schade,9937,Brentford,ENG-Premier League,0.2,11.7,7.0,0.0,1.1,1.7,0.08,0.42,1.6,3.0,0.29,0.8,1.0,0.1,0.4,6.98,0.0,23.0,2.0,1.4,0.7,1865,23,Attacker,0.5789473684210527,0.3636363636363636,0.017094017094017,0.4374999999999999,0.0739130434782608,0.5,0.21,40.7620644422274,49.32592469423198,73.96359882496397,55.34872334922218,52.74990604855285,True,False,Germany
1248482,Antonio Nusa,178475,RB Leipzig,GER-Bundesliga,0.8,21.6,6.0,0.0,0.4,4.2,0.27,0.25,0.6,2.0,0.13,0.3,0.8,0.0,0.3,7.33,0.0,24.0,3.2,1.2,3.3,1377,19,Attacker,0.7142857142857143,0.1999999999999999,0.037037037037037,5.5,0.175,0.25,0.078125,78.7585910652921,79.52813804825779,20.1453552821195,55.41832945349739,52.33521394996428,True,False,Norway
448540,Serhou Guirassy,9789,Borussia Dortmund,GER-Bundesliga,0.3,16.9,1.0,0.0,1.5,2.7,0.15,0.6,1.7,1.0,0.6,0.0,1.4,0.1,0.5,7.33,0.0,15.0,3.1,0.1,0.6,1642,21,Attacker,0.0555555555555555,0.0,0.0177514792899408,0.3529411764705882,0.18,0.4516129032258064,0.1935483870967742,45.10320825481284,62.024720097550166,89.1518863392824,26.921257805860403,52.234222820573486,True,False,Guinea
1169596,Raul Moro,10281,Real Valladolid,ESP-La Liga,1.5,17.1,8.0,0.0,0.7,5.5,0.21,0.16,0.2,5.0,0.15,0.4,0.6,0.0,0.3,6.94,0.0,44.0,1.8,0.8,2.2,2346,33,Attacker,0.8571428571428572,0.3333333333333333,0.087719298245614,11.0,0.125,0.3333333333333333,0.0888888888888888,76.93298969072166,80.58419243986253,23.8659793814433,45.2405498281787,52.23320054054898,False,False,Spain
836436,Gabriel Strefezza,10171,Como,ITA-Serie A,1.2,28.6,5.0,0.0,0.9,4.1,0.14,0.12,1.6,4.0,0.21,0.4,0.8,0.1,0.7,7.05,0.0,57.0,2.0,1.9,1.2,2632,37,Attacker,0.5897435897435898,0.1739130434782609,0.0419580419580419,0.7499999999999999,0.0719298245614035,0.4,0.06,75.25773195876289,54.70790378006873,26.872852233676976,64.02061855670104,52.0080140744733,False,False,Brazil
818893,Nicolo Zaniolo,8600,Udinese,ITA-Serie A,1.0,17.5,2.0,0.0,0.0,1.7,0.11,0.26,3.1,2.0,0.33,0.3,0.9,0.0,1.3,6.91,0.0,29.0,3.1,1.1,1.4,1347,21,Attacker,0.3111111111111111,0.2142857142857142,0.0571428571428571,0.4516129032258064,0.0586206896551724,0.2903225806451613,0.0838709677419354,66.48185483870968,45.30241935483871,36.612903225806456,63.95161290322581,51.63214047664068,True,False,Italy
1202525,Bryan Zaragoza,9910,Celta de Vigo,ESP-La Liga,1.0,20.5,4.0,0.0,0.4,2.9,0.23,0.16,0.6,1.0,0.08,0.2,1.0,0.0,0.6,6.85,0.0,18.0,2.1,0.8,2.1,1135,19,Attacker,0.625,0.2,0.048780487804878,3.5000000000000004,0.1611111111111111,0.4761904761904761,0.0761904761904761,74.79284447400511,76.93811661678306,24.098053615637586,45.94746517385361,51.480316214131975,True,False,Spain
501543,Franck Honorat,9788,Borussia Mönchengladbach,GER-Bundesliga,0.4,20.0,5.0,0.0,1.1,4.4,0.33,0.04,0.7,5.0,0.0,0.4,0.2,0.2,0.5,6.92,0.0,30.0,0.9,0.9,1.0,1200,16,Attacker,0.65,0.3076923076923077,0.02,1.4285714285714286,0.1466666666666666,0.2222222222222222,0.0444444444444444,74.86582234046483,85.383965192329,18.631480249787533,55.13413147101208,51.401418865107246,True,False,France
892679,Chris Führich,10269,VfB Stuttgart,GER-Bundesliga,0.7,34.3,9.0,0.0,0.7,6.0,0.27,0.13,0.4,3.0,0.09,0.3,0.5,0.1,0.4,6.82,0.0,33.0,1.6,0.7,1.8,1986,33,Attacker,0.7142857142857143,0.3,0.0204081632653061,4.5,0.1818181818181818,0.3125,0.08125,85.26632302405497,88.57388316151201,18.32474226804124,44.054982817869416,51.35918906170178,False,False,Germany
613260,Jean-Luc Dompe,9790,Hamburger SV,GER-Bundesliga,0.5,18.1,6.0,0.0,0.0,3.6,0.32,0.11,0.2,0.0,0.18,0.0,0.8,0.0,0.4,6.95,0.0,29.0,1.9,0.4,1.6,997,15,Attacker,0.6666666666666666,0.0,0.0276243093922651,8.0,0.1241379310344827,0.4210526315789474,0.0578947368421052,79.53629032258065,85.20161290322581,24.02217741935484,35.060483870967744,50.92115279670655,True,False,France
1327406,Álvaro Rodriguez,10268,Elche,ESP-La Liga,0.5,15.1,6.0,0.0,1.0,2.1,0.14,0.4,1.5,4.0,0.33,0.1,1.1,0.1,0.3,6.98,0.0,26.0,3.2,0.7,1.8,1346,21,Attacker,0.3478260869565217,0.125,0.0331125827814569,1.2,0.0807692307692307,0.34375,0.125,66.63306451612902,62.47983870967742,55.8366935483871,23.417338709677423,50.89549492105543,True,False,Uruguay
604785,Alex Iwobi,9879,Fulham,ENG-Premier League,2.6,43.8,2.0,0.0,0.6,3.1,0.17,0.05,0.2,2.0,0.11,0.5,0.4,0.1,0.3,6.86,0.0,28.0,1.1,1.1,0.6,1697,20,Attacker,0.888888888888889,0.3125,0.0593607305936073,3.0,0.1107142857142857,0.3636363636363636,0.0454545454545454,75.7736577615194,71.69913719838895,20.7777916343347,55.07503325573661,50.73699694242046,True,False,Nigeria
1073498,Patrick Wimmer,8721,VfL Wolfsburg,GER-Bundesliga,0.8,18.4,2.0,0.0,1.2,0.9,0.07,0.15,1.5,3.0,0.23,1.4,0.5,0.0,0.8,6.79,0.0,7.0,1.2,2.3,1.9,1166,17,Attacker,0.7115384615384616,0.3783783783783784,0.0434782608695652,1.2666666666666666,0.1285714285714286,0.4166666666666667,0.125,53.222688726305286,50.66100395373758,33.96784816908695,77.5330940767838,50.659619461753245,True,False,Austria
704151,Arnaut Danjuma,10267,Valencia CF,ESP-La Liga,1.2,15.8,4.0,0.0,0.4,2.4,0.15,0.25,1.0,2.0,0.19,0.0,0.8,0.1,0.6,6.69,0.0,12.0,2.0,0.8,1.4,1429,22,Attacker,0.4444444444444445,0.0,0.0759493670886075,1.4,0.1999999999999999,0.4,0.125,55.19389941987216,61.76938994198721,46.36593319292022,38.63496748327975,50.60652456261739,True,False,Netherlands
536455,Goncalo Guedes,8560,Real Sociedad,ESP-La Liga,1.0,19.1,4.0,0.0,0.3,1.9,0.13,0.19,1.0,3.0,0.41,0.2,1.0,0.0,0.6,6.82,0.0,18.0,2.2,1.3,1.0,1323,24,Attacker,0.6,0.1333333333333333,0.0523560209424083,1.0,0.1055555555555555,0.4545454545454545,0.0863636363636363,53.55524609245094,49.237519861064925,44.03761593319292,56.37313860252005,50.4527729855166,True,False,Portugal
527103,Breel Embolo,9851,Rennes,FRA-Ligue 1,0.2,12.3,2.0,0.0,0.7,1.1,0.08,0.34,2.3,2.0,0.41,0.3,0.8,0.2,0.6,6.88,0.0,13.0,1.6,1.0,0.7,1316,19,Attacker,0.3611111111111111,0.2307692307692307,0.016260162601626,0.3043478260869565,0.0846153846153846,0.5,0.2125,39.78910320363596,48.82357831725974,75.2589559546244,45.41500387983594,50.42734058937736,True,False,Switzerland
1024292,Marco Grüll,8697,SV Werder Bremen,GER-Bundesliga,0.4,21.9,0.0,0.0,0.9,2.5,0.16,0.14,1.3,1.0,0.13,0.6,0.7,0.3,0.6,6.87,0.0,28.0,2.1,2.0,1.1,1410,22,Attacker,0.6666666666666666,0.2307692307692307,0.0182648401826484,0.8461538461538461,0.0892857142857142,0.3333333333333333,0.0666666666666666,61.76144551601817,52.73145068913277,33.54695525255885,58.02996711377157,50.33573420460449,True,False,Austria
477615,Sandro Ramirez,8306,Las Palmas,ESP-La Liga,0.7,17.7,6.0,0.0,0.9,3.2,0.14,0.18,1.1,3.0,0.4,0.7,0.9,0.0,0.4,6.93,0.0,28.0,2.3,1.2,0.7,2045,31,Attacker,0.6333333333333333,0.3684210526315789,0.03954802259887,0.6363636363636362,0.1142857142857143,0.391304347826087,0.0782608695652174,51.93298969072165,62.68041237113402,39.5446735395189,49.054982817869416,50.27181705886502,False,False,Spain
970692,Bryan Gil,7732,Girona,ESP-La Liga,0.4,22.6,6.0,0.0,0.6,2.3,0.17,0.13,1.0,3.0,0.0,0.6,0.4,0.0,0.4,6.58,0.0,17.0,1.5,1.9,1.7,1209,21,Attacker,0.7142857142857143,0.24,0.0176991150442477,1.7,0.1352941176470588,0.2666666666666666,0.0866666666666666,71.34637235339763,70.84058493145623,18.960388722610208,64.44742360418283,50.10545667338229,True,False,Spain
384413,Rubén Garcia,8371,Osasuna,ESP-La Liga,1.6,26.9,7.0,0.0,1.1,3.6,0.24,0.09,1.5,5.0,0.13,0.7,0.3,0.0,0.7,6.93,0.0,26.0,1.3,2.4,0.5,1357,22,Attacker,0.6739130434782609,0.2258064516129032,0.0594795539033457,0.3333333333333333,0.1384615384615384,0.2307692307692307,0.0692307692307692,68.50554724162141,80.38535084802129,17.38328160218749,64.96284133318552,50.0700348456172,True,False,Spain
665188,Albert Gudmundsson,8535,Fiorentina,ITA-Serie A,1.3,28.4,5.0,0.0,0.6,1.8,0.1,0.24,1.6,3.0,0.24,0.1,0.6,0.1,0.6,6.79,0.0,22.0,1.6,0.2,0.9,1528,22,Attacker,0.1578947368421052,0.3333333333333333,0.0457746478873239,0.5625,0.0818181818181818,0.3749999999999999,0.15,58.69533588293981,44.16153974060526,56.85717123009275,39.24149207404944,50.03657148117487,True,False,Iceland
1392779,Etta Eyong,8581,Levante,ESP-La Liga,0.4,10.0,3.0,0.0,0.9,1.6,0.09,0.43,1.4,3.0,0.35,0.2,1.0,0.0,1.0,6.79,0.0,12.0,2.4,1.6,0.6,1532,22,Attacker,0.5625,0.1111111111111111,0.04,0.4285714285714286,0.1333333333333333,0.4166666666666667,0.1791666666666666,27.973790322580648,52.33870967741937,72.14717741935485,71.09879032258065,49.96414109513456,True,False,Cameroon
541555,Mattia Zaccagni,8543,Lazio,ITA-Serie A,0.9,25.3,3.0,0.0,0.3,1.4,0.08,0.15,1.2,0.0,0.17,0.9,0.6,0.0,0.4,7.04,0.0,23.0,1.5,1.6,1.2,1621,19,Attacker,0.6756756756756757,0.36,0.0355731225296442,1.0,0.0608695652173913,0.3999999999999999,0.0999999999999999,68.56859457561984,46.85197502124672,34.574488231164324,53.2725492369656,49.94697448446159,True,False,Italy
846383,Callum Hudson-Odoi,10203,Nottingham Forest,ENG-Premier League,1.1,28.9,4.0,0.0,0.7,2.0,0.12,0.14,0.6,1.0,0.18,0.4,0.6,0.1,0.4,6.78,0.0,32.0,1.6,0.7,1.5,1472,24,Attacker,0.6470588235294118,0.3636363636363636,0.0380622837370242,2.5,0.0625,0.3749999999999999,0.0875,77.50872963086131,50.65282858515315,27.849254517237554,52.27524664671322,49.867629363549135,True,False,England
1079892,Rayan Philippe,9790,Hamburger SV,GER-Bundesliga,0.5,11.1,2.0,0.0,0.7,1.3,0.12,0.4,1.5,0.0,0.45,0.2,1.3,0.0,0.4,6.7,0.0,14.0,2.8,1.4,1.0,1008,19,Attacker,0.5161290322580645,0.125,0.045045045045045,0.6666666666666666,0.0928571428571428,0.4642857142857143,0.1428571428571428,41.98588709677419,47.62096774193549,73.44758064516128,41.91532258064517,49.81377909901044,True,False,France
609504,Oliver Burke,8149,1. FC Union Berlin,GER-Bundesliga,0.2,12.0,2.0,0.0,0.0,1.3,0.12,0.26,0.6,1.0,0.36,0.4,0.9,0.2,0.8,6.56,0.0,14.0,2.1,0.5,0.7,1000,20,Attacker,0.6,0.4444444444444445,0.0166666666666666,1.1666666666666667,0.0928571428571428,0.4285714285714285,0.1238095238095238,39.76814516129032,47.62096774193549,55.03024193548387,65.1108870967742,49.79563017419338,True,False,Scotland
626890,Marius Bülter,8722,1. FC Köln,GER-Bundesliga,1.0,16.5,6.0,0.0,0.9,3.6,0.29,0.29,1.0,3.0,0.24,0.3,1.0,0.2,0.3,6.7,0.0,20.0,2.7,0.3,0.2,1117,20,Attacker,0.3749999999999999,0.5,0.0606060606060606,0.2,0.18,0.3703703703703703,0.1074074074074074,51.6633064516129,85.54435483870968,42.76209677419354,28.76008064516129,49.71932981536502,True,False,Germany
1095445,Arnaud Kalimuendo-Muinga,9851,Rennes,FRA-Ligue 1,0.7,16.5,5.0,0.0,0.6,2.1,0.07,0.52,1.0,3.0,0.59,0.1,1.3,0.1,0.6,6.85,0.0,19.0,2.6,0.7,0.7,2589,33,Attacker,0.4444444444444445,0.125,0.0424242424242424,0.7,0.1105263157894737,0.5,0.2,35.99656357388316,45.446735395189,89.39862542955325,43.1958762886598,49.679264074246944,False,False,France
1197347,Nicolas Jackson,8455,Chelsea,ENG-Premier League,0.2,12.0,6.0,0.0,0.6,1.9,0.08,0.5,1.4,5.0,0.4,0.1,1.4,0.1,0.8,7.05,0.0,28.0,3.1,0.9,0.7,2238,30,Attacker,0.4166666666666667,0.1,0.0166666666666666,0.5,0.0678571428571428,0.4516129032258064,0.1612903225806451,37.97250859106529,41.44329896907217,76.03951890034365,53.46219931271478,49.439443164498,False,False,Senegal
833638,Nikola Krstovic,8524,Atalanta,ITA-Serie A,0.6,18.0,3.0,0.0,0.6,1.3,0.12,0.72,1.9,4.0,0.65,0.2,1.8,0.3,1.4,7.05,0.0,13.0,5.2,0.6,0.7,976,21,Attacker,0.2962962962962963,0.25,0.0333333333333333,0.3684210526315789,0.1,0.3461538461538461,0.1384615384615384,41.896223626353326,45.434264493958544,65.12895835642759,49.74148283634483,49.40667390371666,True,False,Montenegro
1265963,Igor Paixao,8592,Marseille,FRA-Ligue 1,0.8,26.1,1.0,0.0,0.8,1.0,0.08,0.28,1.0,2.0,0.31,0.8,1.0,0.1,0.6,6.95,0.0,11.0,2.5,1.1,1.3,1165,19,Attacker,0.6551724137931034,0.4210526315789473,0.0306513409961685,1.3,0.0909090909090909,0.4,0.112,54.939516129032256,34.57661290322581,49.33467741935484,64.41532258064515,49.17529471876522,True,False,Brazil
661761,Riccardo Orsolini,9857,Bologna,ITA-Serie A,1.9,16.7,1.0,0.0,0.4,0.8,0.05,0.37,0.9,1.0,0.45,0.3,1.4,0.0,0.3,7.02,0.0,17.0,3.2,0.7,1.6,1390,23,Attacker,0.5263157894736842,0.3,0.1137724550898203,1.777777777777778,0.0470588235294117,0.4374999999999999,0.1156249999999999,54.67427853526956,35.42488822377416,66.69364076414293,42.934841850497,49.11850279745393,True,False,Italy
1453218,Mert Kömür,8406,FC Augsburg,GER-Bundesliga,0.3,22.7,4.0,0.0,1.4,1.9,0.15,0.23,1.6,3.0,0.16,0.3,1.0,0.0,0.6,6.68,0.0,20.0,2.7,0.6,1.0,1120,19,Attacker,0.36,0.3333333333333333,0.013215859030837,0.625,0.095,0.3703703703703703,0.0851851851851851,65.17137096774194,61.3508064516129,30.181451612903224,41.83467741935484,48.463462793599234,True,False,Turkiye
1242587,Amine Sbai,8121,Angers,FRA-Ligue 1,0.7,22.2,3.0,0.0,0.2,1.3,0.12,0.12,1.0,1.0,0.09,0.4,0.7,0.0,0.8,6.64,0.0,16.0,1.6,1.3,2.0,1007,15,Attacker,0.6296296296296297,0.2352941176470588,0.0315315315315315,2.0,0.08125,0.4374999999999999,0.075,66.68346774193549,47.66129032258065,24.0625,73.53830645161291,48.460156614884056,True,False,France
610184,Emiliano Buendia,10252,Aston Villa,ENG-Premier League,1.1,28.3,1.0,0.0,1.2,1.5,0.12,0.2,2.0,2.0,0.39,0.4,0.7,0.2,0.8,6.82,0.0,22.0,2.7,2.6,0.5,1150,24,Attacker,0.6,0.1333333333333333,0.03886925795053,0.25,0.0681818181818181,0.2592592592592592,0.074074074074074,59.67741935483871,42.88306451612903,31.733870967741936,68.49798387096774,48.23150174319515,True,False,Argentina
1106563,Nick Woltemade,10261,Newcastle United,ENG-Premier League,0.3,11.5,2.0,0.0,1.1,0.8,0.05,0.4,1.0,2.0,0.44,0.2,0.8,0.1,0.4,6.67,0.0,11.0,1.9,1.0,0.6,1426,23,Attacker,0.5454545454545454,0.1666666666666666,0.0260869565217391,0.6,0.0727272727272727,0.4210526315789474,0.2105263157894737,40.01311754055353,40.29856261316189,81.9232670066142,41.15873147840225,48.220012425022695,True,False,Germany
915111,Shuto Machino,8150,Holstein Kiel,GER-Bundesliga,0.9,18.4,5.0,0.0,1.2,2.6,0.12,0.29,0.9,2.0,0.5,0.3,1.1,0.1,0.2,6.8,0.0,28.0,2.3,0.4,0.5,1962,32,Attacker,0.4374999999999999,0.4285714285714286,0.0489130434782608,0.5555555555555556,0.0928571428571428,0.4782608695652174,0.1260869565217391,49.0979381443299,52.37113402061855,66.3573883161512,28.221649484536083,48.159367084631455,False,False,Japan
637746,Odsonne Edouard,8588,Lens,FRA-Ligue 1,0.3,11.6,3.0,0.0,1.5,1.3,0.1,0.51,1.2,3.0,0.63,0.1,1.3,0.2,0.4,7.09,0.0,11.0,2.3,0.7,0.9,1136,18,Attacker,0.3999999999999999,0.125,0.0258620689655172,0.75,0.1181818181818181,0.5652173913043479,0.2217391304347826,35.28225806451613,50.66532258064517,92.11693548387096,31.92540322580645,48.12345096342101,True,False,France
561164,Lucas Boye,9866,Alavés,ESP-La Liga,0.3,14.8,3.0,0.0,0.7,0.9,0.06,0.34,2.4,1.0,0.33,0.3,0.8,0.2,1.3,6.66,0.0,18.0,2.7,1.6,1.9,1353,18,Attacker,0.4418604651162791,0.1578947368421052,0.0202702702702702,0.7916666666666666,0.05,0.2962962962962963,0.1259259259259259,50.65524193548387,31.814516129032256,50.625,69.60685483870967,48.04689312789292,True,False,Argentina
467486,Moses Simon,6379,Paris FC,FRA-Ligue 1,0.3,16.6,4.0,0.0,0.5,2.5,0.17,0.15,0.6,2.0,0.21,0.6,0.5,0.1,0.6,6.53,0.0,15.0,1.7,0.6,1.0,1309,19,Attacker,0.6666666666666667,0.5,0.0180722891566265,1.6666666666666667,0.1666666666666666,0.2941176470588235,0.088235294117647,54.435483870967744,70.98790322580645,23.891129032258064,58.39717741935485,48.01735716535852,True,False,Nigeria
891743,Mohammed Kudus,8586,Tottenham Hotspur,ENG-Premier League,1.1,22.1,3.0,0.0,0.3,2.4,0.14,0.11,1.3,5.0,0.12,0.2,0.5,0.0,0.7,6.99,0.0,23.0,1.5,1.7,3.0,1545,19,Attacker,0.5937499999999999,0.1052631578947368,0.0497737556561086,2.3076923076923075,0.1043478260869565,0.3333333333333333,0.0733333333333333,75.11708790599711,56.74126113143407,20.025934855707053,58.569010272327546,47.87713409043976,True,False,Ghana
1690093,Jan Virgili,8661,Mallorca,ESP-La Liga,0.1,16.1,7.0,0.0,0.5,1.9,0.14,0.12,0.8,4.0,0.0,0.3,0.7,0.1,0.7,6.77,0.0,25.0,1.7,0.8,2.6,1284,19,Attacker,0.5789473684210527,0.2727272727272727,0.0062111801242236,3.25,0.076,0.4117647058823529,0.0705882352941176,70.06048387096774,62.439516129032256,18.810483870967744,61.391129032258064,47.72302209224589,True,False,Spain
1199383,Ange-Yoan Bonny,10167,Parma,ITA-Serie A,0.4,15.1,7.0,0.0,0.5,2.2,0.08,0.33,0.7,4.0,0.21,0.1,0.8,0.1,0.4,6.63,0.0,30.0,2.3,1.2,1.2,2545,37,Attacker,0.65,0.0769230769230769,0.0264900662251655,1.7142857142857144,0.0733333333333333,0.3478260869565218,0.1434782608695652,49.012027491408936,45.48109965635738,50.29209621993127,44.18384879725087,47.42159781626563,False,False,Ivory Coast
724368,Keinan Davis,8600,Udinese,ITA-Serie A,0.3,13.3,4.0,0.0,0.8,1.4,0.08,0.43,1.9,3.0,0.42,0.0,0.9,0.0,0.8,6.94,0.0,21.0,2.2,0.6,1.6,1503,22,Attacker,0.24,0.0,0.0225563909774436,0.8421052631578948,0.0666666666666666,0.409090909090909,0.1954545454545454,50.31165705945386,35.92520230573107,61.79380057643277,43.985445996378814,47.396734250813104,True,False,Jamaica
1159233,Alieu Fadera,7943,Sassuolo,ITA-Serie A,0.9,18.7,1.0,0.0,0.5,1.2,0.12,0.21,3.1,1.0,0.2,0.7,0.4,0.0,0.5,6.49,0.0,7.0,1.3,3.0,0.9,904,23,Attacker,0.5441176470588235,0.1891891891891891,0.0481283422459893,0.2903225806451613,0.1714285714285714,0.3076923076923077,0.1615384615384615,44.45564516129033,51.75403225806451,41.80443548387097,54.60685483870968,47.38262824441939,True,False,Gambia
935769,Armand Laurienté,7943,Sassuolo,ITA-Serie A,0.6,20.5,8.0,0.0,0.6,2.7,0.15,0.13,1.4,3.0,0.22,0.2,1.0,0.0,0.5,6.79,0.0,33.0,2.6,0.8,0.9,1603,25,Attacker,0.4166666666666667,0.2,0.0292682926829268,0.6428571428571429,0.0818181818181818,0.3846153846153846,0.05,69.40524193548387,68.79032258064517,23.92137096774194,39.29435483870968,47.35458852449703,True,False,France
972120,Boulaye Dia,8543,Lazio,ITA-Serie A,0.8,20.3,7.0,0.0,0.7,1.5,0.06,0.29,0.9,3.0,0.37,0.2,0.8,0.0,0.5,6.76,0.0,26.0,1.6,0.9,0.7,2194,35,Attacker,0.55,0.1818181818181818,0.0394088669950738,0.7777777777777777,0.0576923076923076,0.5,0.1812499999999999,44.15807560137457,35.89347079037801,70.08591065292097,44.46735395189003,47.127330822623705,False,False,Senegal
737066,Erling Haaland,8456,Manchester City,ENG-Premier League,0.2,7.4,7.0,0.0,1.3,1.8,0.07,0.85,0.7,6.0,0.92,0.1,2.0,0.0,0.5,7.71,0.0,19.0,3.9,0.5,0.4,2148,26,Attacker,0.4615384615384615,0.1666666666666666,0.027027027027027,0.5714285714285715,0.0947368421052631,0.5128205128205129,0.2179487179487179,28.18181188338322,49.33821084137014,95.7072848538595,39.462781288105525,47.07174622583576,True,False,Norway
915797,Noah Okafor,8463,Leeds United,ENG-Premier League,1.3,13.3,2.0,0.0,0.8,1.0,0.07,0.3,1.1,0.0,0.28,0.7,0.6,0.0,0.5,6.78,0.0,14.0,1.8,1.4,2.3,1277,23,Attacker,0.6562499999999999,0.3333333333333333,0.0977443609022556,2.0909090909090904,0.0714285714285714,0.3333333333333333,0.1666666666666666,47.63104838709677,32.802419354838705,53.59879032258065,60.34274193548387,46.85514286650574,True,False,Switzerland
823658,Valentin Castellanos,8543,Lazio,ITA-Serie A,0.3,13.5,7.0,0.0,0.9,2.6,0.1,0.52,1.4,3.0,0.38,0.2,1.5,0.1,0.5,7.16,0.0,27.0,4.1,0.5,0.6,2394,29,Attacker,0.3333333333333333,0.2857142857142857,0.0222222222222222,0.4285714285714286,0.0962962962962963,0.3658536585365854,0.1268292682926829,40.12027491408935,54.31271477663231,65.33505154639175,31.28865979381444,46.515586330190416,False,False,Argentina
696365,Marcus Rashford,8634,Barcelona,ESP-La Liga,0.9,33.5,5.0,0.0,0.9,3.5,0.25,0.41,0.4,6.0,0.29,0.1,1.5,0.1,0.6,7.27,0.0,33.0,4.5,0.5,1.4,1250,21,Attacker,0.6,0.1666666666666666,0.026865671641791,3.5,0.106060606060606,0.3333333333333333,0.0911111111111111,59.7575564423752,53.192319772382966,32.92962254738942,41.46994974688689,46.48613849782453,True,False,England
1113694,Jonathan Rowe,9857,Bologna,ITA-Serie A,0.5,18.8,4.0,0.0,0.2,1.2,0.12,0.24,1.3,1.0,0.0,0.5,0.9,0.0,0.7,6.77,0.0,12.0,2.9,1.3,2.7,945,16,Attacker,0.5806451612903226,0.2777777777777778,0.026595744680851,2.076923076923077,0.0999999999999999,0.3103448275862069,0.0827586206896551,60.78629032258065,52.66129032258064,22.17741935483871,65.89717741935485,46.31969390265708,True,False,England
556524,Lucas Höler,8358,Sport-Club Freiburg,GER-Bundesliga,0.2,17.9,1.0,0.0,1.5,1.5,0.1,0.18,1.2,1.0,0.07,0.5,0.7,0.1,0.3,6.74,0.0,17.0,1.4,0.9,0.4,1355,21,Attacker,0.5384615384615385,0.3571428571428571,0.0111731843575419,0.3333333333333333,0.088235294117647,0.5,0.1285714285714286,43.07668680486273,41.6774747810664,53.114122602815655,49.2024627720504,46.23255642239236,True,False,Germany
844437,Amine Gouiri,8592,Marseille,FRA-Ligue 1,0.0,23.0,7.0,0.0,0.0,3.3,0.14,0.51,1.3,5.0,0.56,0.1,1.8,0.0,1.0,7.01,0.0,34.0,3.5,0.0,1.1,2088,33,Attacker,0.0714285714285714,1.0,0.0,0.8461538461538461,0.0970588235294117,0.5142857142857143,0.1457142857142857,44.90263459335625,41.91294387170675,56.50916380297824,42.36254295532646,46.20561053017156,False,False,Algeria
1030212,Sebastiano Esposito,8529,Cagliari,ITA-Serie A,2.1,24.7,10.0,0.0,0.8,3.1,0.16,0.11,1.8,4.0,0.16,0.4,0.4,0.2,0.3,7.05,0.0,45.0,1.6,1.9,0.7,1720,24,Attacker,0.5609756097560976,0.1739130434782609,0.0850202429149797,0.3888888888888888,0.0688888888888888,0.25,0.0687499999999999,65.97453164837601,58.05823448989397,21.131988323541364,53.91343808890366,46.16930607233986,True,False,Italy
1250492,Matthis Abline,9830,Nantes,FRA-Ligue 1,0.3,10.3,6.0,0.0,0.5,2.1,0.1,0.23,1.3,2.0,0.2,0.2,0.8,0.0,0.6,6.88,0.0,18.0,3.0,0.9,2.1,1784,22,Attacker,0.4583333333333333,0.1818181818181818,0.029126213592233,1.6153846153846154,0.1166666666666666,0.2666666666666666,0.0766666666666666,48.86618722979714,62.56586483390608,31.695649964896727,46.12360510660312,46.11279684634327,True,False,France
704523,Christopher Nkunku,8564,Milan,ITA-Serie A,0.7,18.0,2.0,0.0,0.6,0.7,0.07,0.66,0.6,2.0,0.48,0.1,1.0,0.0,0.5,6.91,0.0,9.0,1.9,0.4,0.4,946,19,Attacker,0.4545454545454545,0.2,0.0388888888888888,0.6666666666666667,0.0777777777777777,0.5263157894736842,0.3473684210526316,36.82945811624728,29.140662528175,88.22534456638215,49.03925562576211,45.76047972884686,True,False,France
1050158,Fabio Silva,8306,Las Palmas,ESP-La Liga,0.4,14.4,4.0,0.0,1.2,1.8,0.09,0.42,1.9,3.0,0.48,0.2,1.2,0.0,0.5,7.09,0.0,16.0,2.3,0.6,1.0,1877,24,Attacker,0.2962962962962963,0.25,0.0277777777777777,0.5263157894736842,0.1125,0.5217391304347826,0.1826086956521739,37.32817869415808,46.09965635738832,82.7233676975945,29.00343642611684,45.64911951910502,False,False,Portugal
974755,Lucas Beltran,10267,Valencia CF,ESP-La Liga,0.6,20.6,4.0,0.0,0.9,1.4,0.11,0.22,1.7,2.0,0.08,0.3,0.7,0.1,0.5,6.57,0.0,11.0,2.2,1.4,1.2,1099,21,Attacker,0.5,0.1764705882352941,0.029126213592233,0.7058823529411765,0.1272727272727272,0.3181818181818181,0.0999999999999999,52.47431918116987,50.67892510069098,33.9736679229945,45.726037394228285,45.39512489567763,True,False,Argentina
604105,Inaki Williams,8315,Athletic Club,ESP-La Liga,0.5,15.4,4.0,0.0,0.4,1.4,0.11,0.27,1.2,2.0,0.08,0.1,0.9,0.0,0.7,6.6,0.0,12.0,2.7,0.4,0.4,1090,16,Attacker,0.2941176470588235,0.2,0.0324675324675324,0.3333333333333333,0.1166666666666666,0.3333333333333333,0.1,44.093065255145405,62.400140413110144,34.52377323282711,44.73818035694492,45.370410230286375,True,False,Ghana
93447,Robert Lewandowski,8634,Barcelona,ESP-La Liga,0.3,13.7,3.0,0.0,0.8,0.8,0.08,0.96,1.0,1.0,0.96,0.2,2.1,0.0,0.8,6.97,0.0,9.0,4.3,0.3,0.8,935,19,Attacker,0.3333333333333333,0.4,0.0218978102189781,0.8,0.0888888888888888,0.4883720930232558,0.2232558139534883,30.854741713778964,34.710813657022506,93.95092007537968,45.16791837564202,45.30060975005806,True,False,Poland
982677,Folarin Balogun,9829,Monaco,FRA-Ligue 1,0.2,12.5,6.0,0.0,0.3,1.0,0.07,0.44,1.7,3.0,0.29,0.2,1.2,0.1,0.9,6.81,0.0,13.0,3.0,0.4,0.8,1249,18,Attacker,0.2608695652173913,0.3333333333333333,0.016,0.4705882352941177,0.0769230769230769,0.3999999999999999,0.1466666666666666,33.46774193548387,42.560483870967744,64.21370967741936,49.203629032258064,45.179969126868585,True,False,USA
1284434,Diego Lopez,10267,Valencia CF,ESP-La Liga,0.6,17.4,3.0,0.0,0.6,1.2,0.08,0.16,1.0,0.0,0.21,0.6,0.3,0.1,0.6,6.53,0.0,10.0,1.5,0.8,0.4,1291,22,Attacker,0.5833333333333334,0.4285714285714286,0.0344827586206896,0.4,0.12,0.1999999999999999,0.1066666666666666,41.58456656689946,57.16517939622363,31.864168791338727,58.98549218490189,45.1790647597922,True,False,Spain
471153,Ludovic Ajorque,8521,Brest,FRA-Ligue 1,1.3,16.8,2.0,0.0,1.3,1.6,0.08,0.3,2.0,7.0,0.15,0.4,0.5,0.1,0.7,7.07,0.0,29.0,1.7,0.6,0.4,1834,21,Attacker,0.3333333333333333,0.4,0.0773809523809523,0.2,0.0551724137931034,0.2941176470588235,0.1764705882352941,43.87159128699701,37.12310165170159,57.90971529394376,43.9757464065329,45.12285611710999,True,False,France
388523,André Silva,10268,Elche,ESP-La Liga,0.2,20.4,1.0,0.0,0.9,0.8,0.07,0.47,1.2,0.0,0.44,0.2,1.1,0.1,0.5,6.8,0.0,18.0,2.6,0.4,1.1,1026,18,Attacker,0.3333333333333333,0.3333333333333333,0.0098039215686274,0.9166666666666669,0.0444444444444444,0.4230769230769231,0.1807692307692307,53.07459677419354,26.25,78.30645161290323,34.929435483870975,45.1165661169376,True,False,Portugal
1164506,Tiago Tomás,8721,VfL Wolfsburg,GER-Bundesliga,0.7,15.4,4.0,0.0,0.7,1.5,0.07,0.26,1.4,1.0,0.29,0.4,1.0,0.2,0.5,6.75,0.0,20.0,2.0,1.6,1.4,1892,32,Attacker,0.5882352941176471,0.2,0.0454545454545454,1.0,0.075,0.5,0.13,43.12714776632303,33.10996563573883,57.654639175257735,52.16494845360825,45.09197158863734,False,False,Portugal
725398,Mathias Pereira Lage,8152,FC St. Pauli,GER-Bundesliga,0.6,15.2,3.0,0.0,0.9,1.1,0.07,0.19,1.6,2.0,0.0,0.7,0.8,0.1,0.6,6.64,0.0,22.0,1.8,1.8,0.5,1412,20,Attacker,0.6097560975609757,0.2799999999999999,0.0394736842105263,0.3125,0.05,0.4444444444444445,0.1055555555555555,42.721150648486855,49.5830100136718,32.622584340243144,64.76072035620588,45.04722359761296,True,False,Portugal
666857,Yoane Wissa,9937,Brentford,ENG-Premier League,0.5,13.7,3.0,0.0,0.6,1.8,0.06,0.57,1.0,4.0,0.58,0.2,1.3,0.2,0.6,7.27,0.0,28.0,2.8,0.7,0.5,2927,35,Attacker,0.4736842105263157,0.2222222222222222,0.0364963503649635,0.5,0.0642857142857143,0.4642857142857143,0.2035714285714285,34.49312714776632,31.099656357388323,88.58247422680411,45.74742268041237,45.02139486898866,False,False,DR Congo
1209441,Ivan Romero,8581,Levante,ESP-La Liga,0.4,15.4,2.0,0.0,0.5,1.1,0.07,0.33,1.4,1.0,0.23,0.4,0.6,0.1,0.6,6.77,0.0,13.0,2.2,1.2,1.4,1547,20,Attacker,0.5333333333333333,0.25,0.0259740259740259,1.0,0.0846153846153846,0.2727272727272727,0.15,45.3125,35.020161290322584,47.48991935483871,56.44153225806451,44.917446557250926,True,False,Spain
1050166,Anthony Elanga,10261,Newcastle United,ENG-Premier League,0.4,24.5,2.0,0.0,0.4,1.4,0.13,0.12,0.5,1.0,0.0,0.2,0.3,0.0,0.2,6.34,0.0,13.0,1.1,1.0,0.8,922,22,Attacker,0.7058823529411765,0.1666666666666666,0.0163265306122449,1.6,0.1076923076923076,0.2727272727272727,0.109090909090909,58.72639766470828,59.32828030890884,25.27629974503936,42.64433913461183,44.73177177381055,True,False,Sweden
1016093,Gustav Isaksen,8543,Lazio,ITA-Serie A,0.8,22.2,0.0,0.0,0.4,0.7,0.06,0.2,1.2,1.0,0.25,0.5,1.1,0.2,0.9,6.79,0.0,13.0,2.5,1.1,1.4,1066,19,Attacker,0.5714285714285715,0.3125,0.036036036036036,1.1666666666666667,0.0538461538461538,0.44,0.08,58.221903521413,29.626196282747667,38.06421590363227,61.24230961090788,44.66675764252348,True,False,Denmark
751649,Jack Harrison,8668,Everton,ENG-Premier League,0.6,16.2,6.0,0.0,1.3,3.1,0.14,0.15,0.6,0.0,0.04,0.4,0.3,0.1,0.4,6.44,0.0,33.0,1.3,1.4,1.0,2083,34,Attacker,0.75,0.2222222222222222,0.037037037037037,1.6666666666666667,0.0939393939393939,0.2307692307692307,0.1153846153846153,56.09965635738831,58.83161512027491,21.64948453608248,55.54982817869416,44.65696327731469,False,False,England
1624039,Jesus Rodriguez,10171,Como,ITA-Serie A,0.4,19.1,7.0,0.0,0.6,2.9,0.2,0.19,1.2,6.0,0.0,0.2,0.6,0.0,0.4,6.91,0.0,30.0,2.5,1.2,2.2,1324,22,Attacker,0.5384615384615385,0.1428571428571428,0.0209424083769633,1.8333333333333333,0.0966666666666666,0.24,0.076,68.67159498207884,57.85288031629901,18.58940250526549,49.885775782433576,44.51702061885734,True,False,Spain
540097,Patrik Schick,8178,Bayer 04 Leverkusen,GER-Bundesliga,0.3,15.5,3.0,0.0,1.1,2.1,0.16,0.64,0.8,2.0,0.53,0.1,1.0,0.1,0.5,7.1,0.0,5.0,2.6,0.3,0.4,1194,17,Attacker,0.3333333333333333,0.25,0.0193548387096774,0.5,0.42,0.3846153846153846,0.2461538461538461,29.919308650186604,48.28566677751913,87.42933155969405,31.31782784613679,44.49514644011644,True,False,Czechia
639671,Patrick Cutrone,10171,Como,ITA-Serie A,0.2,14.5,5.0,0.0,0.2,2.1,0.09,0.31,1.0,4.0,0.31,0.2,1.1,0.0,0.9,6.64,0.0,19.0,3.1,0.7,0.4,2053,33,Attacker,0.4736842105263157,0.2222222222222222,0.0137931034482758,0.4,0.1105263157894737,0.3548387096774194,0.0999999999999999,31.701030927835053,49.26116838487973,46.8041237113402,61.00515463917525,44.47260088154815,False,False,Italy
940087,Goncalo Ramos,9847,Paris Saint-Germain,FRA-Ligue 1,0.2,18.4,1.0,0.0,0.3,0.5,0.05,0.62,1.8,0.0,0.4,0.3,2.0,0.0,0.7,6.7,0.0,10.0,4.1,0.9,0.9,911,21,Attacker,0.3999999999999999,0.25,0.0108695652173913,0.5,0.05,0.4878048780487805,0.1512195121951219,34.938499981524586,26.32852048922884,87.27596256882089,52.6917978420722,44.42937005350315,True,False,Portugal
747767,Ikoma Lois Openda,178475,RB Leipzig,GER-Bundesliga,0.4,13.6,7.0,0.0,0.4,2.3,0.08,0.33,1.1,5.0,0.33,0.2,1.2,0.0,0.5,7.05,0.0,29.0,2.9,0.3,0.8,2463,33,Attacker,0.3125,0.4,0.0294117647058823,0.7272727272727273,0.0793103448275862,0.4137931034482758,0.1137931034482758,42.13917525773197,47.2852233676976,56.42611683848797,32.22508591065292,44.21768773368443,False,False,Belgium
609505,Borja Iglesias,9910,Celta de Vigo,ESP-La Liga,0.8,16.7,3.0,0.0,1.0,1.3,0.09,0.54,1.8,2.0,0.68,0.0,1.2,0.3,0.5,6.96,0.0,16.0,2.4,0.3,0.6,1323,22,Attacker,0.1428571428571428,0.0,0.0479041916167664,0.3333333333333333,0.08125,0.5,0.225,37.53371762184532,40.10554077522818,90.78769907253448,25.42608912537413,44.0240744477571,True,False,Spain
706297,Jean-Philippe Mateta,9826,Crystal Palace,ENG-Premier League,0.5,8.0,2.0,0.0,1.9,1.2,0.06,0.56,0.8,0.0,0.38,0.2,1.2,0.2,0.5,6.72,0.0,6.0,2.5,0.4,0.7,1914,23,Attacker,0.4285714285714286,0.3333333333333333,0.0625,0.8749999999999999,0.1999999999999999,0.48,0.224,25.03475686361453,45.92303144514651,83.87884288511991,43.05571721538632,43.93290525596385,True,False,France
873270,Anastasios Douvikas,10171,Como,ITA-Serie A,0.5,11.6,2.0,0.0,0.5,1.3,0.09,0.5,1.2,0.0,0.54,0.2,1.3,0.2,0.3,6.73,0.0,17.0,2.7,0.7,0.6,1338,25,Attacker,0.4285714285714286,0.2222222222222222,0.043103448275862,0.5,0.0764705882352941,0.4814814814814814,0.1851851851851851,35.685483870967744,39.737903225806456,85.4133064516129,29.54637096774194,43.906713112367406,True,False,Greece
1302005,Igor Thiago,9937,Brentford,ENG-Premier League,0.3,12.0,4.0,0.0,1.7,1.2,0.05,0.6,1.9,1.0,0.69,0.2,1.4,0.1,0.4,7.18,0.0,14.0,2.5,0.9,0.8,2204,26,Attacker,0.3666666666666667,0.1818181818181818,0.0249999999999999,0.4210526315789474,0.0857142857142857,0.5599999999999999,0.24,31.3508064516129,38.04435483870968,96.0483870967742,30.79637096774194,43.37800740387863,True,False,Brazil
599353,Che Adams,9804,Torino,ITA-Serie A,1.8,19.3,5.0,0.0,0.6,1.3,0.08,0.26,0.7,1.0,0.25,0.1,0.8,0.0,0.4,6.69,0.0,22.0,2.7,0.7,0.7,1450,24,Attacker,0.5333333333333333,0.125,0.0932642487046632,1.0,0.059090909090909,0.2962962962962963,0.0962962962962963,47.0897766323024,48.16128108487603,42.46988508295458,34.476429996674426,43.358797186804296,True,False,Scotland
1341387,Wilson Odobert,8586,Tottenham Hotspur,ENG-Premier League,0.6,25.3,2.0,0.0,1.2,1.2,0.11,0.17,0.2,2.0,0.0,0.1,0.7,0.0,0.6,6.56,0.0,20.0,2.0,0.9,2.2,980,24,Attacker,0.8333333333333334,0.1,0.0237154150197628,11.0,0.06,0.35,0.085,71.82459677419355,41.04838709677419,20.04032258064516,56.32056451612903,43.23301863253828,True,False,France
1022649,Dan Ndoye,10203,Nottingham Forest,ENG-Premier League,0.5,17.4,2.0,0.0,0.8,1.5,0.13,0.08,1.2,1.0,0.08,0.8,0.3,0.2,0.2,6.59,0.0,13.0,1.2,1.8,1.0,1088,19,Attacker,0.6842105263157895,0.3076923076923077,0.028735632183908,0.8333333333333334,0.1153846153846153,0.25,0.0666666666666666,54.38929534789196,55.065772456859925,23.292618150242024,47.56025292835236,42.96629159696893,True,False,Switzerland
772193,Ragnar Ache,8722,1. FC Köln,GER-Bundesliga,0.2,10.7,4.0,0.0,2.3,0.9,0.07,0.58,1.1,3.0,0.33,0.2,1.2,0.2,0.4,6.85,0.0,20.0,2.9,0.7,0.6,1103,21,Attacker,0.4499999999999999,0.2222222222222222,0.0186915887850467,0.5454545454545454,0.045,0.4137931034482758,0.1999999999999999,33.87096774193548,36.06854838709677,77.2883064516129,35.675403225806456,42.72997841778307,True,False,Germany
1181101,Tyrhys Dolan,8558,Espanyol,ESP-La Liga,0.2,18.6,4.0,0.0,0.5,2.6,0.15,0.1,1.4,3.0,0.06,0.5,0.4,0.0,0.7,6.82,0.0,20.0,1.4,2.4,1.3,1517,23,Attacker,0.6744186046511628,0.1724137931034483,0.010752688172043,0.9285714285714288,0.13,0.2857142857142857,0.0714285714285714,65.12096774193549,68.97177419354838,10.735887096774196,70.04032258064515,42.71330871302781,True,False,England
654908,Richarlison,8586,Tottenham Hotspur,ENG-Premier League,0.5,9.2,3.0,0.0,2.8,1.2,0.08,0.33,1.0,3.0,0.49,0.3,0.9,0.1,0.6,6.88,0.0,14.0,2.5,1.1,0.5,1278,21,Attacker,0.5833333333333333,0.2142857142857142,0.0543478260869565,0.5,0.0857142857142857,0.36,0.132,26.814516129032256,40.987903225806456,60.38306451612903,58.30645161290322,42.66257108010328,True,False,Brazil
852071,Juan Hernández,8603,Real Betis,ESP-La Liga,1.3,17.0,6.0,0.0,1.1,1.7,0.09,0.42,0.9,3.0,0.44,0.4,0.8,0.1,0.8,7.33,0.0,27.0,3.1,1.1,0.9,1651,19,Attacker,0.625,0.2666666666666666,0.0764705882352941,1.0,0.0629629629629629,0.2580645161290322,0.1354838709677419,39.6922227764845,38.58875586594243,40.651396740937805,55.83386450134871,42.44975870401601,True,False,Colombia
1580704,Christantus Uche,8305,Getafe,ESP-La Liga,0.3,13.7,7.0,0.0,0.7,3.1,0.11,0.13,2.0,6.0,0.14,0.4,0.5,0.1,0.9,6.66,0.0,29.0,1.8,1.3,1.2,2501,33,Attacker,0.4594594594594595,0.2352941176470588,0.0218978102189781,0.6,0.1068965517241379,0.2777777777777778,0.0722222222222222,50.6872852233677,60.27491408934708,16.786941580756015,66.8298969072165,42.436632368110544,False,False,Nigeria
1322858,Pablo Durán,9910,Celta de Vigo,ESP-La Liga,0.9,15.3,2.0,0.0,1.0,1.0,0.1,0.27,1.2,2.0,0.2,0.3,0.9,0.2,0.7,6.59,0.0,6.0,2.2,1.0,0.5,919,19,Attacker,0.52,0.2307692307692307,0.0588235294117647,0.4166666666666667,0.1666666666666666,0.409090909090909,0.1227272727272727,31.649992609836307,42.20291541957655,45.55858090381702,59.92060192883272,42.32582945606122,True,False,Spain
1185568,Benedict Hollerbach,8149,1. FC Union Berlin,GER-Bundesliga,0.7,15.0,3.0,0.0,0.4,2.2,0.08,0.22,1.4,0.0,0.29,0.1,0.8,0.0,0.6,6.57,0.0,26.0,2.6,1.6,1.5,2464,33,Attacker,0.5483870967741936,0.0588235294117647,0.0466666666666666,1.0714285714285714,0.0846153846153846,0.3076923076923077,0.0846153846153846,49.01202749140893,38.83161512027492,32.96391752577319,51.108247422680414,42.22747044181774,False,False,Germany
1215057,Vitinha,10233,Genoa,ITA-Serie A,0.5,10.1,4.0,0.0,1.4,1.7,0.1,0.21,1.6,1.0,0.18,0.6,0.8,0.2,0.6,6.78,0.0,13.0,2.6,1.3,1.8,1531,24,Attacker,0.5428571428571428,0.3157894736842105,0.0495049504950495,1.125,0.1307692307692307,0.3076923076923077,0.0807692307692307,44.26442467575657,57.66138269962679,21.80862709234009,60.79368048627276,42.2149694401393,True,False,Portugal
941213,Crysencio Summerville,8654,West Ham United,ENG-Premier League,0.4,19.1,1.0,0.0,1.2,1.3,0.07,0.18,1.8,1.0,0.23,0.6,0.7,0.2,0.5,6.95,0.0,16.0,1.9,1.4,1.6,1594,21,Attacker,0.5263157894736842,0.3,0.0209424083769633,0.888888888888889,0.08125,0.3684210526315789,0.0947368421052631,54.939516129032256,33.50806451612903,32.54032258064516,51.98588709677419,42.1245563622802,True,False,Netherlands
1169595,Ilyas Chaira,8670,Real Oviedo,ESP-La Liga,0.4,21.1,2.0,0.0,0.6,0.8,0.05,0.25,2.0,1.0,0.19,0.3,1.1,0.3,0.7,6.58,0.0,9.0,2.5,1.9,1.3,1406,21,Attacker,0.5238095238095238,0.1363636363636363,0.0189573459715639,0.65,0.0888888888888888,0.44,0.1,44.203629032258064,29.576612903225804,42.48991935483871,60.2016129032258,42.10828843146162,True,False,Morocco
817724,Danny Namaso,8583,Auxerre,FRA-Ligue 1,0.9,20.3,2.0,0.0,0.8,1.2,0.07,0.25,2.2,1.0,0.12,0.3,0.7,0.0,0.9,6.73,0.0,20.0,2.6,1.0,1.3,1535,18,Attacker,0.3714285714285714,0.2307692307692307,0.0443349753694581,0.5909090909090908,0.06,0.2692307692307692,0.0961538461538461,57.45967741935484,34.63709677419355,26.39112903225806,58.97177419354839,41.89745634357151,True,False,Cameroon
1199382,Josué Casimir,8583,Auxerre,FRA-Ligue 1,0.8,22.5,0.0,0.0,0.8,1.0,0.08,0.18,2.0,0.0,0.0,0.7,0.6,0.0,0.4,6.37,0.0,6.0,1.3,1.8,0.6,1121,20,Attacker,0.5555555555555556,0.2799999999999999,0.0355555555555555,0.3,0.1666666666666666,0.4615384615384615,0.1384615384615384,41.40835735136533,43.43808890366922,37.31538447326608,46.568446772346014,41.80078223502058,True,False,Haiti
749736,Kai Havertz,9825,Arsenal,ENG-Premier League,0.0,19.2,3.0,0.0,1.5,1.7,0.08,0.46,1.8,3.0,0.43,0.3,1.0,0.2,0.3,7.08,0.0,17.0,2.5,0.8,0.4,1874,23,Attacker,0.3793103448275862,0.2727272727272727,0.0,0.2222222222222222,0.0999999999999999,0.4,0.184,35.86769759450172,38.38487972508591,75.71305841924399,27.13917525773196,41.58752954901716,False,False,Germany
540088,Ollie Watkins,10252,Aston Villa,ENG-Premier League,0.1,11.0,1.0,0.0,0.5,1.1,0.05,0.43,1.0,1.0,0.38,0.2,1.0,0.0,0.6,6.86,0.0,13.0,2.4,0.7,0.9,1911,25,Attacker,0.4736842105263157,0.2222222222222222,0.009090909090909,0.9,0.0846153846153846,0.4166666666666667,0.1791666666666666,28.62880131544913,33.56390644052766,77.75833240956287,42.51258637253816,41.390370584812594,True,False,England
846966,Javier Puado,8558,Espanyol,ESP-La Liga,0.6,15.3,5.0,0.0,0.5,2.1,0.06,0.35,0.7,4.0,0.36,0.2,0.7,0.1,0.3,6.91,0.0,22.0,2.1,0.7,0.6,2987,35,Attacker,0.5625,0.2222222222222222,0.0392156862745098,0.8571428571428572,0.0954545454545454,0.3333333333333333,0.1666666666666666,33.59106529209622,40.96219931271477,60.98797250859106,35.197594501718214,41.35962528430911,False,False,Spain
290201,Philipp Hofmann,9911,VfL Bochum 1848,GER-Bundesliga,0.6,17.2,7.0,0.0,1.3,2.6,0.1,0.22,1.4,2.0,0.12,0.2,0.7,0.0,0.6,6.64,0.0,27.0,2.1,0.7,0.4,2284,31,Attacker,0.391304347826087,0.2222222222222222,0.0348837209302325,0.2857142857142857,0.0962962962962963,0.3333333333333333,0.1047619047619047,43.12714776632302,54.31271477663231,29.81958762886598,41.41752577319588,41.32499763793616,False,False,Germany
557805,Mathias Honsak,94937,1. FC Heidenheim 1846,GER-Bundesliga,0.7,14.8,2.0,0.0,2.2,1.6,0.15,0.14,1.0,0.0,0.0,1.5,0.4,0.1,0.3,6.48,0.0,8.0,2.2,1.6,1.3,937,19,Attacker,0.7560975609756099,0.4838709677419354,0.0472972972972972,1.3,0.2,0.1818181818181818,0.0636363636363636,47.42279588367882,56.78005949081771,21.40505487196541,51.27926042936851,41.30118802148346,True,False,Austria
1431818,Lilian Rao-Lisoa,8121,Angers,FRA-Ligue 1,1.3,23.5,4.0,0.0,2.2,1.4,0.12,0.06,1.3,1.0,0.17,0.7,0.4,0.2,0.5,6.69,0.0,14.0,1.0,2.5,1.0,1031,20,Attacker,0.7111111111111111,0.2187499999999999,0.0553191489361702,0.7692307692307692,0.0999999999999999,0.4,0.06,56.97885489413591,52.76318220448582,16.14411281084876,59.57647433765658,41.14483886409106,True,False,France
543306,Federico Bonazzoli,7801,Cremonese,ITA-Serie A,1.1,23.0,3.0,0.0,0.4,0.9,0.06,0.32,0.8,1.0,0.32,0.3,1.0,0.0,0.4,6.72,0.0,9.0,2.7,1.0,0.3,1411,22,Attacker,0.6190476190476191,0.2307692307692307,0.0478260869565217,0.3749999999999999,0.1,0.3703703703703703,0.1185185185185185,32.056451612903224,38.06451612903226,50.77620967741935,48.125,40.71870251173812,True,False,Italy
1199272,Rasmus Højlund,9875,Napoli,ITA-Serie A,0.3,12.9,3.0,0.0,0.6,1.9,0.1,0.4,1.4,2.0,0.41,0.0,0.9,0.1,0.4,6.74,0.0,18.0,1.9,0.2,0.4,1740,21,Attacker,0.125,0.0,0.0232558139534883,0.2857142857142857,0.1055555555555555,0.4736842105263158,0.2105263157894737,30.69735432139822,44.1553504785131,69.33876510364705,28.44998244836124,40.59163497350353,True,False,Denmark
1137364,Justin Njinmah,8697,SV Werder Bremen,GER-Bundesliga,0.1,14.3,1.0,0.0,0.6,0.6,0.04,0.33,0.5,0.0,0.3,0.4,1.1,0.0,0.7,6.63,0.0,8.0,2.7,1.0,0.8,1212,21,Attacker,0.7368421052631579,0.2857142857142857,0.0069930069930069,1.6,0.075,0.4074074074074074,0.1222222222222222,29.986859365184937,30.055056719506336,52.38027934818757,67.57438661641356,40.57953422286848,True,False,Germany
1553105,Victor Munoz,8371,Osasuna,ESP-La Liga,0.1,14.8,0.0,0.0,0.8,1.3,0.07,0.15,1.0,1.0,0.2,0.3,0.9,0.0,0.8,6.74,0.0,14.0,2.3,0.8,2.6,1829,24,Attacker,0.5238095238095238,0.2727272727272727,0.0067567567567567,2.6,0.0928571428571428,0.391304347826087,0.0652173913043478,50.252016129032256,33.66935483870968,25.352822580645164,63.64919354838709,40.17167183010988,True,False,Spain
711231,Gorka Guruzeta,8315,Athletic Club,ESP-La Liga,0.7,14.5,5.0,0.0,0.7,1.3,0.08,0.4,1.9,1.0,0.26,0.3,1.1,0.0,0.7,6.57,0.0,16.0,3.2,0.6,0.5,1385,21,Attacker,0.3214285714285714,0.3333333333333333,0.0482758620689655,0.2631578947368421,0.08125,0.34375,0.125,31.090996009311606,35.48456379558807,50.65141983519936,49.42610760078336,39.83267256073189,True,False,Spain
113836,Danny Welbeck,10204,Brighton and Hove Albion,ENG-Premier League,0.2,15.3,1.0,0.0,1.1,0.7,0.05,0.52,1.3,0.0,0.5,0.3,0.9,0.0,0.5,6.66,0.0,13.0,2.1,1.0,0.4,1453,25,Attacker,0.5,0.2307692307692307,0.0130718954248366,0.3076923076923077,0.0538461538461538,0.4285714285714285,0.2476190476190476,30.586732808631712,21.868602889554,80.90201566714703,50.82044673539519,39.702030402146654,True,False,England
640492,Rafa Mir,10268,Elche,ESP-La Liga,0.7,18.3,1.0,0.0,1.0,0.9,0.06,0.38,2.1,0.0,0.41,0.3,1.6,0.1,0.7,6.81,0.0,6.0,3.4,0.6,0.3,1319,19,Attacker,0.3,0.3333333333333333,0.0382513661202185,0.1428571428571428,0.15,0.4705882352941177,0.1117647058823529,24.747983870967744,39.75806451612903,64.41532258064515,43.56854838709677,39.62781897391856,True,False,Spain
1252373,Roberto Fernández,8558,Espanyol,ESP-La Liga,0.0,8.9,6.0,0.0,1.0,2.3,0.12,0.29,1.4,2.0,0.26,0.2,0.8,0.1,0.8,6.64,0.0,16.0,2.2,0.4,0.3,1732,24,Attacker,0.3,0.3333333333333333,0.0,0.2142857142857143,0.14375,0.3636363636363636,0.1318181818181818,26.32434042789048,50.41648191257436,50.245168680486266,39.092926689576174,39.39522615627364,True,False,Spain
46469,Olivier Giroud,8639,Lille,FRA-Ligue 1,0.5,13.1,1.0,0.0,0.8,1.5,0.1,0.42,1.5,1.0,0.26,0.3,0.7,0.2,0.4,6.72,0.0,18.0,2.4,0.5,0.1,1364,20,Attacker,0.3478260869565218,0.3749999999999999,0.0381679389312977,0.0666666666666666,0.0833333333333333,0.2916666666666667,0.175,33.06451612903226,40.524193548387096,58.06451612903225,30.30241935483871,39.355950923391646,True,False,France
292313,Raul Jiménez,9879,Fulham,ENG-Premier League,0.6,13.6,2.0,0.0,1.3,0.7,0.04,0.44,1.8,3.0,0.31,0.4,0.8,0.1,0.3,6.82,0.0,20.0,3.0,1.3,0.4,1718,25,Attacker,0.4857142857142857,0.2352941176470588,0.0441176470588235,0.2222222222222222,0.0349999999999999,0.2666666666666666,0.1466666666666666,33.45261519417655,30.652828585153163,59.35765620958504,40.1244549754277,39.173978162083074,True,False,Mexico
415539,Matteo Politano,9875,Napoli,ITA-Serie A,0.6,29.2,6.0,0.0,0.6,3.0,0.19,0.09,0.9,3.0,0.0,0.2,0.4,0.1,0.5,6.92,0.0,24.0,2.2,0.7,1.6,1400,22,Attacker,0.5,0.2222222222222222,0.0205479452054794,1.777777777777778,0.125,0.1818181818181818,0.0409090909090909,78.59773953368067,74.72051324686842,6.955344935890331,47.86962365591398,38.33316241241626,True,False,Italy
840241,Ermedin Demirovic,10269,VfB Stuttgart,GER-Bundesliga,0.1,12.5,5.0,0.0,0.3,1.7,0.08,0.69,1.2,1.0,0.73,0.1,1.5,0.1,0.2,6.82,0.0,18.0,3.2,0.6,0.2,1854,34,Attacker,0.3684210526315789,0.1428571428571428,0.008,0.1666666666666666,0.0944444444444444,0.46875,0.2156249999999999,24.91408934707904,41.63230240549828,92.4656357388316,21.67525773195877,38.23658140887424,False,False,Bosnia and Herzegovina
664500,Viktor Gyökeres,9825,Arsenal,ENG-Premier League,0.1,6.9,2.0,0.0,0.9,1.3,0.07,0.44,1.1,0.0,0.44,0.1,0.8,0.1,0.6,6.72,0.0,14.0,2.0,0.3,0.3,1646,25,Attacker,0.2666666666666666,0.25,0.0144927536231884,0.2727272727272727,0.0928571428571428,0.4,0.22,20.71572580645161,39.274193548387096,77.88306451612902,37.55040322580645,38.124182876416825,True,False,Sweden
181276,Romelu Lukaku,9875,Napoli,ITA-Serie A,0.2,11.0,8.0,0.0,0.5,2.6,0.08,0.41,1.5,10.0,0.44,0.0,0.8,0.1,0.3,6.96,0.0,35.0,2.0,0.1,0.2,2870,36,Attacker,0.0625,0.0,0.0181818181818181,0.1333333333333333,0.0742857142857142,0.4,0.205,34.192439862542955,48.71134020618556,76.27147766323024,13.35910652920962,37.82967148543711,False,False,Belgium
1098096,Evanilson,8678,Bournemouth,ENG-Premier League,0.1,11.5,2.0,0.0,0.9,0.9,0.05,0.36,0.8,0.0,0.25,0.1,0.9,0.1,0.4,6.75,0.0,23.0,2.5,0.3,0.4,1826,24,Attacker,0.3333333333333333,0.25,0.008695652173913,0.5,0.0391304347826087,0.36,0.144,29.766886524036508,29.200107157373537,61.1893544692015,37.17730388353102,37.084350831742725,True,False,Brazil
1130991,Isaac Romero,8302,Sevilla,ESP-La Liga,0.9,14.0,2.0,0.0,1.0,0.4,0.04,0.4,1.7,0.0,0.27,0.1,1.0,0.0,0.7,6.39,0.0,7.0,2.4,1.0,0.6,989,18,Attacker,0.3928571428571429,0.0909090909090909,0.0642857142857143,0.3529411764705882,0.0571428571428571,0.4166666666666667,0.1666666666666666,26.87236725418468,28.68524369064774,57.93292502678935,47.22069800096072,37.04795652925639,True,False,Spain
591734,Dominic Solanke,8586,Tottenham Hotspur,ENG-Premier League,0.4,10.3,6.0,0.0,0.9,1.2,0.05,0.45,1.5,3.0,0.37,0.0,1.1,0.4,0.6,6.65,0.0,14.0,2.4,0.7,0.7,2206,27,Attacker,0.3181818181818181,0.0,0.0388349514563106,0.4666666666666666,0.0857142857142857,0.4583333333333333,0.1875,22.29381443298969,33.350515463917525,77.67182130584192,35.53264604810997,36.97620487367076,False,False,England
1146500,Matteo Cancellieri,8543,Lazio,ITA-Serie A,0.4,17.4,2.0,0.0,1.0,1.3,0.1,0.21,1.9,0.0,0.24,1.1,0.6,0.1,0.1,6.86,0.0,11.0,2.1,2.1,0.6,1136,18,Attacker,0.627450980392157,0.34375,0.0229885057471264,0.3157894736842105,0.1181818181818181,0.2857142857142857,0.0999999999999999,36.663063961866754,36.75992129475669,30.811070465210804,45.9994503565754,36.75695236153151,True,False,Italy
1113903,Liam Delap,9902,Ipswich Town,ENG-Premier League,0.2,7.4,3.0,0.0,1.0,1.4,0.05,0.32,2.5,2.0,0.41,0.1,1.1,0.0,0.6,6.73,0.0,21.0,2.3,0.4,1.4,2612,37,Attacker,0.1666666666666666,0.2,0.027027027027027,0.5599999999999999,0.0666666666666666,0.4782608695652174,0.1391304347826087,34.149484536082475,26.134020618556704,68.16151202749141,28.80584192439863,36.69422517853297,False,False,England
1076756,Brennan Johnson,9826,Crystal Palace,ENG-Premier League,0.5,13.7,0.0,0.0,1.6,0.7,0.06,0.15,0.7,0.0,0.0,0.3,0.4,0.0,0.7,6.59,0.0,10.0,1.3,1.4,0.4,1057,23,Attacker,0.7083333333333334,0.1764705882352941,0.0364963503649635,0.5714285714285715,0.0699999999999999,0.3076923076923077,0.1153846153846153,28.948772309056647,28.685336067693896,38.71817610760078,66.5733196615305,36.68958471956858,True,False,Wales
1110045,Gaetano Oristanio,7881,Venezia,ITA-Serie A,0.8,11.3,2.0,0.0,0.2,2.2,0.08,0.17,1.9,3.0,0.12,0.2,0.5,0.0,0.6,6.48,0.0,33.0,1.7,0.7,2.1,2333,37,Attacker,0.3214285714285714,0.2222222222222222,0.0707964601769911,1.105263157894737,0.0666666666666666,0.2941176470588235,0.1,53.43642611683848,34.82817869415808,23.479381443298973,37.5,36.4176425373327,False,False,Italy
1113809,Mika Biereth,9829,Monaco,FRA-Ligue 1,0.1,9.6,4.0,0.0,0.5,1.1,0.11,0.31,1.3,2.0,0.19,0.0,0.7,0.2,0.9,6.37,0.0,15.0,1.8,1.0,0.3,950,20,Attacker,0.4347826086956522,0.0,0.0104166666666666,0.2307692307692307,0.0733333333333333,0.3888888888888888,0.1722222222222222,23.8490974762591,47.77810109743931,37.45919243986254,47.00321934005839,36.38010342564215,True,False,Denmark
971787,Haissem Hassan,8670,Real Oviedo,ESP-La Liga,2.3,18.5,1.0,0.0,0.4,2.7,0.19,0.09,0.4,2.0,0.0,0.2,0.4,0.0,0.8,6.61,0.0,15.0,1.9,1.4,3.2,1307,22,Attacker,0.7999999999999999,0.125,0.1243243243243243,8.0,0.18,0.2105263157894737,0.0473684210526315,69.55645161290323,64.6774193548387,5.141129032258065,76.27016129032258,36.276464595302,True,False,Egypt
1324358,Frank Magri,9941,Toulouse,FRA-Ligue 1,0.1,10.7,1.0,0.0,0.9,0.9,0.07,0.31,2.0,1.0,0.36,0.2,0.9,0.1,0.4,6.72,0.0,14.0,2.3,0.6,0.7,1264,17,Attacker,0.2857142857142857,0.25,0.0093457943925233,0.35,0.0642857142857143,0.391304347826087,0.1347826086956521,27.248919188560023,36.43438458411854,58.69625965340132,30.276345933562425,36.2540010011036,True,False,Cameroon
517052,Vedat Muriqi,8661,Mallorca,ESP-La Liga,0.6,13.2,1.0,0.0,2.1,0.7,0.03,0.56,1.0,1.0,0.76,0.0,1.6,0.2,0.7,7.27,0.0,11.0,3.3,0.2,0.6,1887,23,Attacker,0.1666666666666666,0.0,0.0454545454545454,0.6,0.0636363636363636,0.4848484848484849,0.1696969696969697,26.11868602889554,23.596746480434547,80.14981247459632,37.393650925618005,36.210425707953306,True,False,Kosovo
737339,Dany Mota,6504,Monza,ITA-Serie A,0.7,17.0,3.0,0.0,1.0,1.7,0.07,0.22,1.3,2.0,0.21,0.4,0.5,0.0,0.5,6.52,0.0,22.0,1.8,0.6,0.6,2111,31,Attacker,0.4347826086956522,0.4,0.0411764705882352,0.4615384615384615,0.0772727272727272,0.2777777777777778,0.1222222222222222,37.80068728522337,32.83505154639175,34.16666666666667,39.08934707903781,35.82173942321124,False,False,Portugal
939061,Giorgi Tsitaishvili,8550,Metz,FRA-Ligue 1,0.7,19.5,4.0,0.0,1.5,3.2,0.18,0.06,0.7,1.0,0.12,0.4,0.2,0.1,0.2,6.67,0.0,25.0,1.1,0.7,1.2,1546,22,Attacker,0.6111111111111112,0.3636363636363636,0.0358974358974358,1.7142857142857144,0.128,0.1818181818181818,0.0545454545454545,70.6149193548387,73.8508064516129,7.348790322580645,37.54032258064516,35.744671885208966,True,False,Georgia
1515977,Ilyas Ansah,8149,1. FC Union Berlin,GER-Bundesliga,0.2,10.7,1.0,0.0,0.8,0.9,0.06,0.17,1.0,1.0,0.31,0.2,0.5,0.1,0.6,6.52,0.0,13.0,1.5,0.6,1.4,1442,22,Attacker,0.4444444444444445,0.25,0.0186915887850467,1.4,0.0692307692307692,0.3333333333333333,0.1133333333333333,36.99596774193549,26.20967741935484,37.06653225806452,46.22983870967742,35.5051786048361,True,False,Germany
1292833,Tyler Dibling,8466,Southampton,ENG-Premier League,0.7,23.7,3.0,0.0,0.8,1.5,0.07,0.12,1.4,0.0,0.1,0.4,0.4,0.2,0.2,6.47,0.0,20.0,1.3,1.6,2.2,1874,33,Attacker,0.5882352941176471,0.2,0.0295358649789029,1.5714285714285716,0.075,0.3076923076923077,0.0923076923076923,58.67697594501718,30.979381443298973,19.61340206185567,41.3745704467354,35.46446681571699,False,False,England
1282008,Santiago Castro,9857,Bologna,ITA-Serie A,1.1,11.0,4.0,0.0,1.5,0.6,0.04,0.29,1.5,2.0,0.45,0.1,1.0,0.1,0.4,6.87,0.0,20.0,2.4,0.4,0.7,1412,22,Attacker,0.25,0.2,0.1,0.4666666666666666,0.03,0.4166666666666667,0.1208333333333333,33.282179544026896,29.913766027417505,55.308978125115466,27.247602815652368,35.350525122766605,True,False,Argentina
469615,Giovanni Simeone,9804,Torino,ITA-Serie A,0.4,13.1,2.0,0.0,0.8,0.6,0.04,0.38,1.3,0.0,0.37,0.0,1.3,0.0,0.7,6.63,0.0,9.0,3.2,0.7,1.1,1203,19,Attacker,0.35,0.0,0.0305343511450381,0.8461538461538461,0.0666666666666666,0.40625,0.11875,29.13306451612903,21.59274193548387,58.98185483870968,45.60483870967742,35.26749318352581,True,False,Argentina
655696,Artem Dovbyk,8686,Roma,ITA-Serie A,0.0,11.9,5.0,0.0,0.4,1.5,0.06,0.45,1.1,2.0,0.44,0.1,1.0,0.1,0.3,6.79,0.0,25.0,2.3,0.1,0.3,2430,32,Attacker,0.1538461538461538,0.5,0.0,0.2727272727272727,0.06,0.4347826086956522,0.1956521739130435,27.36254295532646,32.611683848797256,79.43298969072166,19.64776632302405,34.926342362428855,False,False,Ukraine
1231648,Vladyslav Vanat,7732,Girona,ESP-La Liga,0.1,9.7,3.0,0.0,0.9,1.3,0.07,0.41,1.5,1.0,0.4,0.1,0.9,0.1,0.3,6.69,0.0,11.0,1.3,0.2,0.5,1572,21,Attacker,0.1666666666666666,0.3333333333333333,0.0103092783505154,0.3333333333333333,0.1181818181818181,0.6923076923076923,0.3153846153846154,22.17741935483871,45.88709677419355,84.50604838709677,15.806451612903228,34.72839988858509,True,False,Ukraine
812839,Martijn Kaars,8152,FC St. Pauli,GER-Bundesliga,0.3,18.0,1.0,0.0,0.4,0.7,0.06,0.28,0.5,0.0,0.29,0.0,0.8,0.0,0.3,6.33,0.0,6.0,1.8,0.3,0.4,942,19,Attacker,0.3749999999999999,0.0,0.0166666666666666,0.8,0.1166666666666666,0.4444444444444445,0.1555555555555555,25.75604838709677,33.83064516129032,60.766129032258064,27.479838709677423,34.61860539729527,True,False,Netherlands
655575,Jacob Bruun Larsen,8191,Burnley,ENG-Premier League,0.3,20.6,2.0,0.0,1.2,1.1,0.11,0.12,0.1,1.0,0.0,0.6,0.4,0.1,0.4,6.34,0.0,10.0,1.5,1.2,0.9,913,21,Attacker,0.9473684210526316,0.3333333333333333,0.0145631067961165,9.0,0.11,0.2666666666666666,0.08,47.78225806451613,46.27016129032258,10.97782258064516,60.453629032258064,34.396858627672,True,False,Denmark
956913,Marvin Pieringer,94937,1. FC Heidenheim 1846,GER-Bundesliga,0.2,13.8,1.0,0.0,2.1,0.4,0.04,0.28,2.2,0.0,0.19,0.8,0.4,0.1,0.2,6.61,0.0,10.0,1.8,1.3,0.9,935,16,Attacker,0.4883720930232557,0.3809523809523809,0.0144927536231884,0.409090909090909,0.04,0.2222222222222222,0.1555555555555555,33.22328917710527,26.23974614787717,46.52463695820863,34.71409304216089,34.37119312716411,True,False,Germany
1224237,Mateo Pellegrino,10167,Parma,ITA-Serie A,0.4,9.1,4.0,0.0,1.1,0.8,0.03,0.29,2.4,1.0,0.31,0.1,0.8,0.2,1.0,6.65,0.0,16.0,2.4,0.5,0.7,2051,25,Attacker,0.1999999999999999,0.1666666666666666,0.0439560439560439,0.2916666666666667,0.05,0.3333333333333333,0.1208333333333333,25.302419354838708,27.842741935483872,47.096774193548384,46.27016129032258,34.15345221221625,True,False,Argentina
1286471,Roger Brugué,8581,Levante,ESP-La Liga,0.3,16.8,2.0,0.0,1.6,0.7,0.07,0.22,1.1,1.0,0.0,0.4,0.5,0.1,0.2,6.26,0.0,6.0,1.8,1.0,0.9,900,15,Attacker,0.5599999999999999,0.2857142857142857,0.0178571428571428,0.8181818181818181,0.1166666666666666,0.2777777777777778,0.1222222222222222,33.82056451612903,38.70967741935484,26.7741935483871,37.69153225806451,33.71995621249082,True,False,Spain
721089,Gianluca Scamacca,8524,Atalanta,ITA-Serie A,0.8,15.6,1.0,0.0,1.0,0.5,0.05,0.51,1.8,1.0,0.58,0.3,1.5,0.1,0.4,6.86,0.0,10.0,3.9,0.5,1.1,926,16,Attacker,0.3076923076923077,0.3749999999999999,0.0512820512820512,0.6111111111111112,0.05,0.3846153846153846,0.1307692307692307,35.181451612903224,17.43951612903226,72.16733870967741,27.681451612903224,33.674463004522615,True,False,Italy
169719,Chris Wood,10203,Nottingham Forest,ENG-Premier League,0.4,9.5,3.0,0.0,0.8,1.5,0.05,0.4,0.8,3.0,0.6,0.2,1.1,0.2,0.3,7.06,0.0,22.0,2.1,0.2,0.1,2976,36,Attacker,0.3333333333333333,0.5,0.0421052631578947,0.125,0.0681818181818181,0.5238095238095238,0.1904761904761904,21.219931271477662,27.2680412371134,85.17182130584193,27.242268041237114,33.617027801751085,False,False,New Zealand
640123,Antonio Martinez,9866,Alavés,ESP-La Liga,0.5,12.3,3.0,0.0,1.6,0.8,0.05,0.32,1.3,2.0,0.29,0.2,1.0,0.1,0.4,6.74,0.0,12.0,2.9,0.9,0.6,1540,23,Attacker,0.4583333333333333,0.1818181818181818,0.040650406504065,0.4615384615384615,0.0666666666666666,0.3448275862068966,0.1103448275862069,26.290969219968225,27.30503824409711,46.40309185973469,41.033999371836096,33.44014681506672,True,False,Spain
612150,Dominic Calvert-Lewin,8463,Leeds United,ENG-Premier League,0.2,8.8,2.0,0.0,0.8,0.9,0.05,0.5,1.5,1.0,0.54,0.1,1.1,0.1,0.6,6.84,0.0,13.0,2.5,0.5,0.3,1669,23,Attacker,0.2857142857142857,0.1666666666666666,0.0227272727272727,0.1999999999999999,0.0692307692307692,0.44,0.2,17.338709677419356,27.52016129032258,84.42540322580645,35.8266129032258,33.42544611389773,True,False,England
1183148,Emanuel Emegha,9848,Strasbourg,FRA-Ligue 1,0.1,10.6,4.0,0.0,1.2,0.7,0.03,0.65,1.4,3.0,0.55,0.0,1.4,0.2,0.8,7.24,0.0,18.0,2.4,0.2,0.3,2302,27,Attacker,0.125,0.0,0.0094339622641509,0.2142857142857143,0.0388888888888888,0.5833333333333334,0.2708333333333333,18.213058419243985,20.06872852233677,94.87972508591064,41.66666666666666,33.26564394492914,False,False,Netherlands
1119643,Jan Thielmann,8722,1. FC Köln,GER-Bundesliga,1.4,16.5,1.0,0.0,2.6,0.8,0.06,0.13,0.6,1.0,0.21,0.8,0.7,0.2,0.2,6.74,0.0,7.0,1.5,1.1,0.4,1280,19,Attacker,0.76,0.4210526315789473,0.0848484848484848,0.6666666666666667,0.1142857142857143,0.4666666666666666,0.0866666666666666,23.891129032258064,33.608870967741936,34.04233870967742,50.02016129032258,32.954774760518,True,False,Germany
620026,Hee-Chan Hwang,8602,Wolverhampton Wanderers,ENG-Premier League,0.9,18.3,1.0,0.0,1.1,0.9,0.07,0.16,1.7,1.0,0.16,0.6,0.5,0.0,0.2,6.37,0.0,10.0,1.2,0.6,0.6,1155,20,Attacker,0.4137931034482758,0.5,0.0491803278688524,0.3529411764705882,0.09,0.4166666666666667,0.1333333333333333,34.627016129032256,31.471774193548388,38.82056451612903,26.21975806451613,32.90758600718677,True,False,South Korea
747926,Moise Kean,8535,Fiorentina,ITA-Serie A,0.1,6.5,0.0,0.0,0.7,0.2,0.01,0.7,1.4,1.0,0.37,0.3,1.3,0.1,0.6,6.81,0.0,2.0,4.6,0.3,1.1,1722,22,Attacker,0.3,0.5,0.0153846153846153,0.7857142857142858,0.1,0.2826086956521739,0.1521739130434782,22.30674721945091,21.56916269445368,74.603240586779,35.69012581753686,32.86156438241027,True,False,Italy
1368557,Gift Orban,9876,Verona,ITA-Serie A,0.5,11.1,1.0,0.0,0.5,0.8,0.05,0.51,1.0,1.0,0.4,0.2,1.3,0.0,0.3,6.66,0.0,14.0,3.6,0.2,0.8,1584,22,Attacker,0.2857142857142857,0.5,0.045045045045045,0.8,0.0571428571428571,0.3611111111111111,0.1416666666666666,29.33467741935484,22.600806451612904,68.39717741935483,24.7983870967742,32.838976358184645,True,False,Nigeria
1050163,Lorenzo Colombo,10233,Genoa,ITA-Serie A,0.2,13.5,0.0,0.0,1.0,0.6,0.04,0.38,1.8,1.0,0.35,0.1,1.2,0.1,0.5,6.5,0.0,11.0,2.7,0.8,0.8,1529,25,Attacker,0.3333333333333333,0.1111111111111111,0.0148148148148148,0.4444444444444445,0.0545454545454545,0.4444444444444444,0.1407407407407407,29.87485219672616,18.47476259099139,58.35148542290212,36.55530613753094,32.609152383733864,True,False,Italy
1344677,Mateo Joseph,8661,Mallorca,ESP-La Liga,0.1,12.4,3.0,0.0,1.1,0.5,0.03,0.25,0.9,2.0,0.14,0.5,0.7,0.2,0.4,6.49,0.0,10.0,1.7,1.5,0.8,1333,23,Attacker,0.6896551724137931,0.25,0.0080645161290322,0.888888888888889,0.05,0.4117647058823529,0.1470588235294117,24.445564516129032,20.100806451612904,46.17943548387097,56.94556451612903,32.31971534721469,True,False,Spain
1280225,Esteban Lepaul,9851,Rennes,FRA-Ligue 1,0.4,11.9,2.0,0.0,0.7,0.5,0.03,0.48,1.0,3.0,0.59,0.1,1.2,0.0,0.5,7.05,0.0,12.0,2.8,0.3,0.2,1679,22,Attacker,0.2857142857142857,0.25,0.0336134453781512,0.2,0.0416666666666666,0.4285714285714286,0.1714285714285714,18.089850533939327,26.721261500942248,74.44465229279828,31.81897332150908,31.80096814572087,True,False,France
440330,Alexander Sørloth,9906,Atlético de Madrid,ESP-La Liga,0.1,13.5,1.0,0.0,1.0,0.7,0.05,0.41,1.6,0.0,0.52,0.0,1.7,0.1,0.2,6.7,0.0,8.0,2.9,0.6,0.6,1223,23,Attacker,0.2727272727272727,0.0,0.0074074074074074,0.3749999999999999,0.0875,0.5862068965517241,0.1413793103448276,23.651526068802426,21.62038576654473,84.90542899900232,23.43792724383845,31.775421165102752,True,False,Norway
994403,Cyril Ngonge,9804,Torino,ITA-Serie A,1.5,16.1,0.0,0.0,0.8,0.6,0.06,0.17,1.8,1.0,0.09,0.2,1.1,0.0,0.4,6.53,0.0,12.0,2.2,1.0,1.7,992,20,Attacker,0.3999999999999999,0.1666666666666666,0.093167701863354,0.9444444444444444,0.0499999999999999,0.5,0.0772727272727272,44.95967741935484,17.560483870967744,31.653225806451616,33.6491935483871,30.7241942070182,True,False,Belgium
933817,Riccardo Sottil,9888,Lecce,ITA-Serie A,0.7,17.7,6.0,0.0,0.3,2.6,0.24,0.06,0.9,2.0,0.09,0.2,0.3,0.0,0.3,6.54,0.0,23.0,1.7,0.4,1.2,995,19,Attacker,0.4000000000000001,0.3333333333333333,0.03954802259887,1.3333333333333333,0.1130434782608695,0.1764705882352941,0.0352941176470588,51.6638260724975,52.14393267560877,7.793574252669696,40.34094058308392,30.71427643093804,True,False,Italy
750030,Andrea Pinamonti,7943,Sassuolo,ITA-Serie A,0.3,11.4,4.0,0.0,0.6,0.9,0.04,0.28,0.4,3.0,0.24,0.0,1.0,0.0,0.4,6.59,0.0,16.0,2.5,0.4,0.1,1895,24,Attacker,0.5,0.0,0.0263157894736842,0.25,0.05625,0.4,0.112,20.01008064516129,30.44354838709677,45.050403225806456,34.57661290322581,30.36893972422816,True,False,Italy
1039403,Santiago Pierotti,9888,Lecce,ITA-Serie A,0.3,17.0,1.0,0.0,0.8,0.8,0.05,0.1,2.4,0.0,0.0,0.6,0.2,0.2,0.8,6.37,0.0,12.0,1.3,3.0,1.2,1552,24,Attacker,0.6,0.1666666666666666,0.0176470588235294,0.5,0.0666666666666666,0.1538461538461538,0.0769230769230769,40.60052008276983,26.229030410523592,12.048322432841887,69.98789860695415,29.95651404621684,True,False,Argentina
635772,Borja Mayoral,8305,Getafe,ESP-La Liga,0.9,17.8,1.0,0.0,0.4,0.2,0.02,0.25,0.5,1.0,0.34,0.4,0.6,0.2,1.0,6.58,0.0,4.0,1.2,0.4,0.5,1044,14,Attacker,0.6153846153846154,0.5,0.0505617977528089,1.0,0.05,0.5,0.2083333333333333,21.17743783024794,10.145170528027196,67.75262812696302,65.61657059453867,29.5434428661294,True,False,Spain
1073977,Benjamin Sesko,10260,Manchester United,ENG-Premier League,0.3,11.8,0.0,0.0,1.0,0.2,0.02,0.48,1.1,1.0,0.49,0.2,1.9,0.2,0.2,6.72,0.0,8.0,3.6,0.4,0.5,1101,21,Attacker,0.3529411764705882,0.3333333333333333,0.0254237288135593,0.4545454545454545,0.025,0.5277777777777778,0.1333333333333333,24.45370524332114,16.555213760484794,77.05975409230315,24.36590086095407,29.5325194978816,True,False,Slovenia
929838,Hugo Duro,10267,Valencia CF,ESP-La Liga,0.3,13.3,1.0,0.0,1.1,0.7,0.04,0.33,0.9,0.0,0.44,0.2,0.6,0.4,0.3,6.66,0.0,12.0,1.6,0.7,0.2,1425,23,Attacker,0.5,0.2222222222222222,0.0225563909774436,0.2222222222222222,0.0583333333333333,0.3749999999999999,0.20625,18.033038650556108,16.75858182758748,69.36509256180024,39.84815523038835,29.056739292624457,True,False,Spain
1320949,Emersonn,9941,Toulouse,FRA-Ligue 1,0.3,10.4,0.0,0.0,1.0,0.4,0.04,0.44,2.7,2.0,0.27,0.4,1.0,0.0,0.9,6.64,0.0,11.0,3.2,1.4,0.6,1008,16,Attacker,0.3999999999999999,0.2222222222222222,0.0288461538461538,0.2222222222222222,0.0363636363636363,0.3125,0.1374999999999999,20.161290322580648,11.774193548387096,56.20967741935484,66.07862903225806,28.87707944812632,True,False,Brazil
933817,Riccardo Sottil,9888,Lecce,ITA-Serie A,0.7,17.7,6.0,0.0,0.3,2.6,0.24,0.06,0.9,2.0,0.09,0.2,0.3,0.0,0.3,6.54,0.0,23.0,1.7,0.4,1.2,995,19,Attacker,0.4000000000000001,0.3333333333333333,0.03954802259887,1.3333333333333333,0.1130434782608695,0.1764705882352941,0.0352941176470588,59.3957848353841,64.8014355392972,5.342256955991576,26.936015038983115,28.38054341203137,True,False,Italy
1156568,Amin Sarr,9876,Verona,ITA-Serie A,0.6,15.0,2.0,0.0,0.7,1.0,0.05,0.16,2.2,1.0,0.19,0.1,0.3,0.1,0.4,6.43,0.0,22.0,1.1,1.0,0.7,1918,32,Attacker,0.3333333333333333,0.0909090909090909,0.04,0.3181818181818181,0.0454545454545454,0.2727272727272727,0.1454545454545454,33.118556701030926,20.87628865979381,33.230240549828174,26.958762886597945,28.343802097901747,False,False,Sweden
1398392,Thierno Barry,8668,Everton,ENG-Premier League,0.1,9.5,2.0,0.0,1.1,0.4,0.02,0.31,1.9,0.0,0.3,0.2,0.5,0.1,0.5,6.46,0.0,9.0,1.9,0.1,0.5,1502,26,Attacker,0.1363636363636363,0.6666666666666666,0.0105263157894736,0.2631578947368421,0.0444444444444444,0.2631578947368421,0.1631578947368421,19.52331134759635,24.27968998263312,58.10802571776966,23.65141059749473,28.138909836733625,True,False,France
1368654,Chemsdine Talbi,8472,Sunderland,ENG-Premier League,0.9,19.6,0.0,0.0,1.0,0.6,0.05,0.11,0.2,1.0,0.25,0.2,0.5,0.0,0.2,6.59,0.0,10.0,1.4,0.6,1.1,1084,20,Attacker,0.8,0.25,0.0459183673469387,5.5,0.06,0.3571428571428571,0.0785714285714285,41.02822580645161,17.318548387096772,24.41532258064516,33.891129032258064,27.95667495218454,True,False,Morocco
817500,Mostafa Mohamed,9830,Nantes,FRA-Ligue 1,0.1,8.6,2.0,0.0,0.8,0.7,0.07,0.25,1.4,0.0,0.28,0.7,0.5,0.3,0.2,6.37,0.0,8.0,2.6,0.7,0.3,965,18,Attacker,0.5,0.5,0.0116279069767441,0.2142857142857143,0.0875,0.1923076923076923,0.0961538461538461,16.690800169973766,24.673585707423417,42.39526752392565,39.37130491815394,27.58458923484029,True,False,Egypt
1178314,Nikola Stulic,9888,Lecce,ITA-Serie A,0.2,11.7,2.0,0.0,0.7,0.8,0.06,0.16,1.9,0.0,0.14,0.1,0.3,0.3,0.8,6.33,0.0,17.0,1.7,0.8,0.3,1306,23,Attacker,0.3214285714285714,0.1111111111111111,0.017094017094017,0.1578947368421052,0.0470588235294117,0.1764705882352941,0.0941176470588235,26.562500000000004,27.096774193548388,18.28629032258064,48.04435483870967,27.3759978499778,True,False,Serbia
286119,Jamie Vardy,7801,Cremonese,ITA-Serie A,0.0,7.9,3.0,0.0,1.1,0.7,0.04,0.21,0.9,1.0,0.27,0.2,0.5,0.2,0.3,6.51,0.0,13.0,1.1,0.5,0.2,1667,21,Attacker,0.4374999999999999,0.2857142857142857,0.0,0.2222222222222222,0.0538461538461538,0.4545454545454545,0.1909090909090909,14.41532258064516,24.87903225806452,59.07258064516128,30.50403225806452,27.31012051843536,True,False,England
251269,Ante Budimir,8371,Osasuna,ESP-La Liga,0.2,7.8,1.0,0.0,1.4,0.8,0.04,0.46,1.8,0.0,0.55,0.2,1.2,0.2,0.4,6.88,0.0,8.0,3.0,0.7,0.2,1785,23,Attacker,0.3333333333333332,0.2222222222222222,0.0256410256410256,0.1111111111111111,0.1,0.3999999999999999,0.1533333333333333,11.07912555888113,26.506623434209065,76.61202564386802,28.96050419391789,27.07856885031762,True,False,Croatia
844437,Amine Gouiri,9851,Rennes,FRA-Ligue 1,0.4,0.0,0.0,0.0,0.3,0.0,0.0,0.0,0.0,0.0,0.0,0.0,0.0,0.0,0.0,0.0,0.0,0.0,0.0,0.6,0.0,2088,33,Attacker,1.0,0.0,0.0,0.0,0.0,0.0,0.0,24.083619702176406,22.17640320733104,30.380870561282933,35.50687285223368,27.02102654665466,False,False,Algeria
1082102,Igor Jesus,10203,Nottingham Forest,ENG-Premier League,0.4,11.4,3.0,0.0,1.2,0.9,0.05,0.27,1.8,1.0,0.13,0.1,0.6,0.1,0.5,6.33,0.0,6.0,2.9,1.1,0.4,1438,25,Attacker,0.4000000000000001,0.0833333333333333,0.0350877192982456,0.2222222222222222,0.15,0.2068965517241379,0.093103448275862,14.768145161290324,43.81048387096775,25.846774193548384,38.2258064516129,26.96281405613439,True,False,Brazil
1047670,Andrej Ilic,8149,1. FC Union Berlin,GER-Bundesliga,0.1,9.6,5.0,0.0,1.0,1.4,0.09,0.48,1.5,7.0,0.06,0.0,0.8,0.3,0.4,6.56,0.0,22.0,2.8,0.1,0.2,1408,21,Attacker,0.0625,0.0,0.0104166666666666,0.1333333333333333,0.0636363636363636,0.2857142857142857,0.1714285714285714,22.16991371983889,32.993893877249384,35.48338598824964,19.80563869489709,26.927846841760164,True,False,Serbia
823825,Randal Kolo Muani,8586,Tottenham Hotspur,ENG-Premier League,0.2,11.5,0.0,0.0,0.9,1.2,0.11,0.12,1.8,0.0,0.0,0.2,0.2,0.0,0.7,6.27,0.0,13.0,1.0,1.7,1.3,1028,18,Attacker,0.5135135135135135,0.1052631578947368,0.017391304347826,0.7222222222222222,0.0923076923076923,0.2,0.12,32.89061633965192,30.269602409193364,12.18365480545394,46.27741288844549,26.90862420422806,True,False,France
1121170,Ransford Königsdörffer,9790,Hamburger SV,GER-Bundesliga,0.3,11.6,0.0,0.0,1.0,0.8,0.05,0.39,1.0,0.0,0.26,0.1,1.0,0.0,0.3,6.56,0.0,10.0,3.0,0.1,0.5,1391,21,Attacker,0.1666666666666666,0.5,0.0258620689655172,0.5,0.08,0.3333333333333333,0.13,20.413306451612904,21.733870967741936,51.592741935483865,21.602822580645164,26.442805455824217,True,False,Ghana
881500,Lyle Foster,8191,Burnley,ENG-Premier League,0.4,11.8,1.0,0.0,1.1,0.4,0.03,0.2,1.6,1.0,0.26,0.3,0.4,0.3,0.5,6.29,0.0,8.0,1.3,1.0,0.7,1028,19,Attacker,0.4482758620689654,0.2307692307692307,0.0338983050847457,0.4374999999999999,0.05,0.3076923076923077,0.1538461538461538,20.463709677419352,12.842741935483872,43.48790322580645,43.729838709677416,25.598082884768434,True,False,South Africa
1355574,Giovane Nascimento,9875,Napoli,ITA-Serie A,0.6,14.7,0.0,0.0,0.0,1.8,0.1,0.18,1.3,5.0,0.0,0.0,0.0,0.0,0.0,6.61,0.0,31.0,2.7,0.0,1.8,1610,25,Attacker,0.0,0.0,0.0408163265306122,1.3846153846153846,0.0580645161290322,0.0,0.0666666666666666,63.91129032258065,38.54838709677419,10.786290322580644,9.768145161290324,24.794495495872777,True,False,Brazil
184321,Callum Wilson,8654,West Ham United,ENG-Premier League,0.1,6.8,0.0,0.0,0.2,0.2,0.02,0.48,1.0,1.0,0.49,0.3,1.1,0.2,0.7,6.48,0.0,5.0,2.6,0.3,1.1,923,22,Attacker,0.3749999999999999,0.5,0.0147058823529411,1.1,0.04,0.4230769230769231,0.1846153846153846,18.296370967741936,5.705645161290323,80.18145161290323,50.372983870967744,24.22387914011276,True,False,England
1212630,Lorenzo Lucca,8600,Udinese,ITA-Serie A,0.4,9.1,1.0,0.0,1.0,0.8,0.03,0.29,2.5,1.0,0.46,0.3,1.0,0.0,0.5,6.78,0.0,14.0,2.5,0.4,0.5,2361,33,Attacker,0.2187499999999999,0.4285714285714286,0.0439560439560439,0.2,0.0571428571428571,0.4,0.1159999999999999,17.053264604810998,13.470790378006871,57.33676975945017,27.671821305841927,23.983158804744026,False,False,Italy
1541825,Adrián Liso,8305,Getafe,ESP-La Liga,0.1,10.2,0.0,0.0,0.3,0.3,0.02,0.12,2.1,0.0,0.2,0.2,0.5,0.1,0.7,6.36,0.0,3.0,1.5,1.1,0.9,1357,20,Attacker,0.3823529411764705,0.1538461538461538,0.0098039215686274,0.4285714285714285,0.0999999999999999,0.3333333333333333,0.08,17.48991935483871,20.70564516129032,21.31048387096774,49.83870967741936,23.63307425695211,True,False,Spain
933576,Antoine Semenyo,8678,Bournemouth,ENG-Premier League,0.9,0.0,0.0,0.0,0.0,0.0,0.0,0.0,0.0,0.0,0.0,0.0,0.0,0.1,0.0,0.0,0.0,0.0,0.0,0.0,0.0,2247,25,Attacker,0.0,0.0,0.0,0.0,0.0,0.0,0.0,25.49641115175701,23.381969848132133,14.356039611277389,36.93444462919854,23.2760331371828,True,False,Ghana
388903,Haris Tabakovic,9788,Borussia Mönchengladbach,GER-Bundesliga,0.1,12.6,0.0,0.0,2.2,0.5,0.03,0.59,1.7,2.0,0.58,0.0,1.1,0.2,0.3,6.8,0.0,10.0,2.6,0.2,0.3,1539,21,Attacker,0.1052631578947368,0.0,0.0079365079365079,0.1764705882352941,0.05,0.4230769230769231,0.2269230769230769,16.078629032258064,11.754032258064516,88.1350806451613,12.51008064516129,21.6351867143554,True,False,Bosnia and Herzegovina
1076756,Brennan Johnson,8586,Tottenham Hotspur,ENG-Premier League,0.0,0.0,1.0,0.0,0.0,0.0,0.0,0.0,0.0,0.0,0.17,0.0,0.0,0.1,0.0,0.0,0.0,0.0,0.0,0.0,0.0,1057,23,Attacker,0.0,0.0,0.0,0.0,0.0,0.0,0.0,14.499847577873853,17.744475852640136,29.383498688245947,33.12573901636921,21.46514450857032,True,False,Wales
1072864,Tolu Arokodare,8602,Wolverhampton Wanderers,ENG-Premier League,0.1,11.0,0.0,0.0,2.0,0.3,0.03,0.24,1.1,0.0,0.16,0.2,0.7,0.1,0.3,6.54,0.0,9.0,2.6,0.5,1.4,1092,23,Attacker,0.3888888888888888,0.2857142857142857,0.009090909090909,1.2727272727272725,0.0333333333333333,0.2692307692307692,0.0923076923076923,28.830645161290324,8.42741935483871,26.512096774193548,27.27822580645161,20.53072107004856,True,False,Nigeria
958640,Akor Adams,8302,Sevilla,ESP-La Liga,0.2,9.1,1.0,0.0,1.2,0.3,0.02,0.56,1.4,2.0,0.44,0.0,1.6,0.1,0.6,6.64,0.0,5.0,3.0,0.4,0.6,1226,19,Attacker,0.2222222222222222,0.0,0.0219780219780219,0.4285714285714286,0.06,0.5333333333333333,0.1866666666666666,10.346113697668404,11.258498688245943,59.3476333000776,30.034133318553007,20.238446189228043,True,False,Nigeria
1030646,Gennaro Borrelli,8529,Cagliari,ITA-Serie A,0.6,11.6,1.0,0.0,1.4,0.3,0.03,0.19,3.5,1.0,0.26,0.3,0.5,0.2,0.2,6.45,0.0,10.0,1.9,1.3,0.5,1033,22,Attacker,0.3137254901960785,0.1874999999999999,0.0517241379310344,0.1428571428571428,0.03,0.2631578947368421,0.1,17.792338709677416,11.633064516129032,30.201612903225804,29.455645161290324,20.19922410261493,True,False,Italy
601145,Habibou Mouhamadou Diallo,8550,Metz,FRA-Ligue 1,0.6,7.9,0.0,0.0,1.3,0.3,0.02,0.39,1.5,1.0,0.28,0.1,0.8,0.1,0.3,6.61,0.0,6.0,2.0,0.4,0.7,1285,15,Attacker,0.25,0.2,0.0759493670886075,0.4666666666666666,0.0499999999999999,0.4,0.195,13.961693548387096,7.338709677419356,66.00806451612902,18.477822580645164,18.54025765954495,True,False,Senegal
1017401,Roberto Piccoli,8535,Fiorentina,ITA-Serie A,0.0,7.4,0.0,0.0,0.3,0.2,0.02,0.38,1.6,0.0,0.17,0.3,1.1,0.0,0.4,6.39,0.0,8.0,3.0,0.6,0.5,1037,21,Attacker,0.36,0.3333333333333333,0.0,0.3125,0.025,0.3666666666666667,0.1266666666666666,12.151161179470128,8.021422237002549,49.03017958097772,27.087120792225548,18.222863361421744,True,False,Italy
1296413,Henrik Meister,6479,Pisa,ITA-Serie A,0.1,5.3,1.0,0.0,0.4,0.1,0.01,0.25,1.5,0.0,0.15,0.0,0.5,0.0,0.4,6.17,0.0,2.0,1.2,0.2,0.7,1231,20,Attacker,0.1176470588235294,0.0,0.0188679245283018,0.4666666666666666,0.05,0.4166666666666667,0.2083333333333333,11.54233870967742,9.092741935483872,52.590725806451616,19.00201612903226,17.552908475019898,True,False,Denmark
613334,M'Bala Nzola,7943,Sassuolo,ITA-Serie A,0.5,12.7,0.0,0.0,0.6,0.5,0.04,0.46,1.6,0.0,0.0,0.0,0.0,0.0,0.0,6.49,0.0,0.0,2.4,0.4,1.2,1091,18,Attacker,0.2,0.0,0.0393700787401574,0.7499999999999999,0.0,0.0,0.1916666666666666,26.764112903225804,5.866935483870967,47.096774193548384,10.504032258064518,17.49394206586095,True,False,Angola
821100,Jørgen Strand Larsen,9826,Crystal Palace,ENG-Premier League,0.2,11.4,0.0,0.0,1.4,0.5,0.03,0.21,2.0,0.0,0.17,0.2,0.6,0.0,0.0,6.18,0.0,0.0,1.5,0.0,0.0,1585,24,Attacker,0.0909090909090909,1.0,0.0175438596491228,0.0,0.0,0.3999999999999999,0.1399999999999999,11.86906477478476,12.296816686989615,56.12337416398773,10.933747182500094,17.370522157630113,True,False,Norway
821100,Jørgen Strand Larsen,8602,Wolverhampton Wanderers,ENG-Premier League,0.0,0.0,1.0,0.0,0.0,0.0,0.0,0.0,0.0,1.0,0.0,0.0,0.0,0.3,0.2,0.0,0.0,7.0,0.0,0.3,0.3,1585,24,Attacker,1.0,0.0,0.0,0.0,0.0,0.0,0.0,10.625785204892289,13.614020988064883,29.04676126076192,23.17837083841407,16.99009956568288,True,False,Norway
940446,Brian Brobbey,8472,Sunderland,ENG-Premier League,0.1,8.4,1.0,0.0,0.6,0.3,0.02,0.21,1.1,1.0,0.4,0.0,0.8,0.3,0.2,6.55,0.0,6.0,1.6,0.6,0.1,1131,21,Attacker,0.3529411764705882,0.0,0.0119047619047619,0.0909090909090909,0.0499999999999999,0.5,0.1312499999999999,5.594758064516129,9.879032258064516,59.5866935483871,21.038306451612907,15.184569069072449,True,False,Netherlands
613334,M'Bala Nzola,6479,Pisa,ITA-Serie A,0.0,0.0,0.0,0.0,0.0,0.0,0.0,0.0,0.0,0.0,0.25,0.1,0.6,0.1,0.7,0.0,0.0,15.0,0.0,0.0,0.0,1091,18,Attacker,1.0,1.0,0.0,0.0,0.0,0.0,0.0,11.49193548387097,10.423387096774196,11.471774193548388,50.12096774193548,15.049833922595626,True,False,Angola
887703,Wilson Isidor,8472,Sunderland,ENG-Premier League,0.0,5.2,0.0,0.0,1.2,0.1,0.01,0.32,1.2,0.0,0.36,0.0,1.2,0.1,0.3,6.31,0.0,0.0,3.2,0.7,0.5,1011,23,Attacker,0.3684210526315789,0.0,0.0,0.4166666666666667,0.0,0.3749999999999999,0.0999999999999999,7.157258064516129,2.721774193548387,49.96975806451613,25.28225806451613,11.75917922597386,True,False,Haiti
1355574,Giovane Nascimento,9876,Verona,ITA-Serie A,0.0,0.0,6.0,0.0,0.6,0.0,0.0,0.0,0.0,0.0,0.17,0.3,1.4,0.1,0.7,0.0,0.0,0.0,0.0,0.7,0.0,1610,25,Attacker,1.0,0.3,0.0,0.0,0.0,0.0,0.0,1.2600806451612905,17.197580645161292,7.288306451612903,64.3850806451613,8.248976113291313,True,False,Brazil
844437,Amine Gouiri,9851,Rennes,FRA-Ligue 1,0.4,0.0,0.0,0.0,0.3,0.0,0.0,0.0,0.0,0.0,0.0,0.0,0.0,0.0,0.0,0.0,0.0,0.0,0.0,0.6,0.0,2088,33,Attacker,1.0,0.0,0.0,0.0,0.0,0.0,0.0,3.264604810996564,2.4398625429553267,4.252577319587629,28.651202749140896,5.007052568886141,False,False,Algeria
1530314,Geovany Quenda,9768,Sporting Lisbon,POR-Liga Portugal,1.9,31.2,3.0,0.0,1.1,2.1,0.28,0.2,0.5,4.0,0.14,0.5,0.7,0.0,0.7,7.1,0.0,15.0,1.8,1.6,1.6,661,13,Attacker,0.8076923076923077,0.238095238095238,0.0608974358974358,3.2,0.14,0.3888888888888888,0.1111111111111111,77.28348682455818,78.28081266287039,67.00202570709918,65.36287987521443,72.34825537273294,True,True,Portugal
784510,Federico Chiesa,8650,Liverpool,ENG-Premier League,0.4,24.5,2.0,0.0,2.5,0.5,0.18,0.44,2.8,1.0,0.71,1.4,1.1,0.7,0.0,0.0,0.0,2.0,4.6,2.8,0.7,253,20,Attacker,0.6,0.3333333333333333,0.0163265306122449,0.25,0.25,0.2391304347826087,0.0956521739130434,35.84244957742347,53.97024321630708,53.509567169967056,36.2999162146165,43.999413016518425,True,True,Italy
