player_id,player,team_id,team,league,accurate_long_balls,accurate_pass,big_chance_created,clean_sheet,effective_clearance,expected_assists,expected_assists_per_90,expected_goals_per_90,fouls,goal_assist,goals_per_90,interception,ontarget_scoring_att,outfielder_block,poss_won_att_3rd,rating,saves,total_att_assist,total_scoring_att,total_tackle,won_contest,minutes_played,matches_played,position,clean_defend_rate,interception_share,progressive_pass_share,carry_to_foul_ratio,step_out_carry,line_breaking_distribution,channel_defending,counterpress_wide,composite_score,has_primary_season
1207992,Vanderson,9829,Monaco,FRA-Ligue 1,3.4,39.6,5.0,0.0,2.6,3.8,0.16,0.1,1.2,3.0,0.04,1.7,0.3,0.3,0.7,7.22,0.0,23.0,0.9,3.3,1.0,2073,29,Defender,0.8064516129032258,0.33999999999999997,0.08585858585858586,0.8333333333333334,73.32214765100672,87.85234899328857,92.55033557046981,88.32214765100669,84.37261491706828,False
866708,Oumar Solet,8600,Udinese,ITA-Serie A,4.5,55.3,3.0,0.0,3.9,2.3,0.07,0.09,0.9,1.0,0.1,1.4,0.2,0.6,0.2,7.22,0.0,21.0,1.0,2.3,1.2,2781,33,Defender,0.8043478260869565,0.3783783783783784,0.081374321880651,1.3333333333333333,85.40843781145604,92.18268735839668,75.36928435872319,66.11556684817556,81.50592859598235,True
614384,Maximilian Mittelstädt,10269,VfB Stuttgart,GER-Bundesliga,2.2,47.8,9.0,0.0,2.9,5.8,0.25,0.19,0.4,4.0,0.26,1.5,0.7,0.4,0.2,7.53,0.0,35.0,1.3,2.8,0.6,2116,31,Defender,0.9148936170212765,0.3488372093023256,0.04602510460251047,1.4999999999999998,85.32249911954635,67.84858122202688,94.92608110439544,76.76279652039017,80.51935876794661,True
210423,Florent Hanin,8121,Angers,FRA-Ligue 1,2.3,35.1,4.0,0.0,2.7,2.5,0.09,0.03,0.5,2.0,0.03,1.6,0.0,0.3,0.2,6.95,0.0,25.0,0.4,2.3,0.4,2677,33,Defender,0.8863636363636362,0.4102564102564103,0.06552706552706553,0.8,77.51118568232661,74.8937360178971,91.67225950782999,74.60850111856823,79.54643008602787,False
941573,Pedro Porro,8586,Tottenham Hotspur,ENG-Premier League,4.3,35.2,6.0,0.0,3.3,3.9,0.13,0.03,1.0,2.0,0.03,1.0,0.3,0.3,0.3,7.12,0.0,47.0,1.0,2.4,0.6,2618,32,Defender,0.7727272727272726,0.29411764705882354,0.1221590909090909,0.6,71.8315075505138,94.32547270023368,73.50365655606457,77.39439903157228,79.28058705896755,True
1197655,Lewis Hall,10261,Newcastle United,ENG-Premier League,2.0,44.5,5.0,0.0,3.2,2.6,0.12,0.04,0.7,1.0,0.05,1.2,0.2,0.6,0.5,7.03,0.0,23.0,1.0,2.3,1.6,1999,28,Defender,0.8333333333333333,0.34285714285714286,0.0449438202247191,2.285714285714286,89.82077243231913,65.86971353531723,79.40151965586024,78.87659105459097,77.82483195331793,True
662428,Antonee Robinson,9879,Fulham,ENG-Premier League,2.1,37.5,1.0,0.0,3.3,1.4,0.09,0.02,1.0,0.0,0.0,1.6,0.0,0.2,0.1,7.05,0.0,20.0,0.3,2.9,0.7,1312,20,Defender,0.8181818181818182,0.35555555555555557,0.056,0.7,78.44980630019833,69.04400913675619,93.36363234537164,67.22197270094661,77.05245597405673,True
1158945,Nuno Mendes,9847,Paris Saint-Germain,FRA-Ligue 1,3.7,61.6,11.0,0.0,1.3,3.6,0.26,0.31,0.9,5.0,0.29,0.9,1.1,0.3,0.6,7.53,0.0,30.0,2.2,1.8,1.8,1251,20,Defender,0.75,0.3333333333333333,0.060064935064935064,2.0,89.04130361321064,81.95182670961283,58.11744039649643,75.8461123872342,76.20994758801692,True
445226,Jean-Philippe Gbamin,8550,Metz,FRA-Ligue 1,4.2,57.0,3.0,0.0,3.0,0.9,0.03,0.07,0.8,1.0,0.04,1.0,0.3,0.5,0.1,6.5,0.0,15.0,0.5,1.9,1.0,2463,30,Defender,0.7837837837837838,0.3448275862068966,0.0736842105263158,1.25,87.33269598470363,86.38145315487571,66.64913957934989,53.82409177820267,75.66139689988604,True
673356,Pablo Maffeo,8661,Mallorca,ESP-La Liga,1.6,23.3,1.0,0.0,3.4,1.3,0.05,0.01,0.9,1.0,0.04,1.2,0.0,0.8,0.2,7.05,0.0,17.0,0.3,2.4,1.2,2492,29,Defender,0.7999999999999999,0.33333333333333337,0.06866952789699571,1.3333333333333333,86.6537771104866,66.76091085246448,77.34289784028641,69.31648280513242,75.32228960862203,True
1285784,Bradley Locko,8521,Brest,FRA-Ligue 1,2.0,24.9,3.0,0.0,2.1,1.2,0.09,0.01,0.8,2.0,0.0,0.8,0.1,0.0,0.2,6.8,0.0,8.0,0.1,3.7,0.8,1276,20,Defender,0.8490566037735849,0.17777777777777778,0.08032128514056225,1.0,84.80879541108986,66.52007648183556,76.453154875717,69.53154875717016,74.5751659925205,True
760712,Trent Alexander-Arnold,8633,Real Madrid,ESP-La Liga,5.9,54.5,3.0,0.0,0.8,2.9,0.23,0.03,0.8,4.0,0.0,1.1,0.2,0.2,0.1,0.0,0.0,28.0,0.8,1.1,0.4,1150,20,Defender,0.7333333333333334,0.5,0.10825688073394496,0.5,75.78597419522261,97.49013678043411,59.47334257274971,60.16528289296392,74.3100128856272,True
161012,Daley Blind,7732,Girona,ESP-La Liga,4.5,64.9,1.0,0.0,4.3,1.1,0.04,0.01,0.7,0.0,0.0,1.3,0.0,0.7,0.1,6.86,0.0,11.0,0.2,1.9,0.4,2610,31,Defender,0.8205128205128205,0.40625,0.06933744221879815,0.5714285714285715,75.83855545717289,83.28129745359973,74.40605381389705,56.3803873425699,74.25103926106249,True
1098243,Yanis Zouaoui,9746,Le Havre,FRA-Ligue 1,2.0,28.4,5.0,0.0,2.3,3.3,0.13,0.05,0.8,1.0,0.04,1.0,0.2,0.5,0.3,6.82,0.0,35.0,0.6,1.8,0.8,2348,30,Defender,0.7777777777777778,0.35714285714285715,0.07042253521126761,1.0,86.22040499441785,77.43024454510845,61.367358767393405,68.26979095820447,74.04143900187081,True
883087,Ridle Baku,178475,RB Leipzig,GER-Bundesliga,3.3,50.7,10.0,0.0,3.2,6.0,0.22,0.09,0.8,3.0,0.07,1.1,0.2,0.3,0.3,7.11,0.0,36.0,1.1,2.2,0.5,2482,31,Defender,0.8048780487804877,0.3333333333333333,0.0650887573964497,0.625,76.29819503438404,79.16728690526604,67.35576600892857,71.16518593612541,74.0034285510951,True
820712,Koffi Kouao,8550,Metz,FRA-Ligue 1,2.3,37.1,2.0,0.0,2.7,1.6,0.06,0.07,1.3,1.0,0.08,1.1,0.4,0.5,0.3,6.92,0.0,11.0,0.9,2.9,1.2,2273,27,Defender,0.7547169811320755,0.275,0.061994609164420476,0.923076923076923,76.15200764818356,68.585086042065,73.51338432122371,77.11281070745697,73.288173408614,True
879065,Antonino Gallo,9888,Lecce,ITA-Serie A,2.3,24.0,4.0,0.0,3.7,2.5,0.08,0.01,0.2,4.0,0.0,0.4,0.0,0.2,0.1,6.93,0.0,33.0,0.2,1.8,0.4,2878,35,Defender,0.9166666666666666,0.18181818181818182,0.09583333333333333,2.0,83.14581096553326,83.75195517742388,64.72296365686974,52.602378579382695,73.0745256014967,True
1279034,Aaron Zehnter,8721,VfL Wolfsburg,GER-Bundesliga,2.6,28.3,1.0,0.0,2.7,1.6,0.1,0.08,0.1,0.0,0.12,1.1,0.3,0.4,0.2,6.81,0.0,16.0,0.7,0.9,0.4,1458,20,Defender,0.9523809523809523,0.55,0.09187279151943463,4.0,85.03824091778203,82.98279158699808,57.48565965583174,60.79349904397705,72.78621625689063,True
1235086,Kristoffer Lund Hansen,8722,1. FC Köln,GER-Bundesliga,1.6,25.4,4.0,0.0,3.9,2.2,0.09,0.03,0.5,2.0,0.0,1.1,0.1,0.2,0.3,6.67,0.0,20.0,0.8,1.5,0.6,2193,32,Defender,0.8387096774193549,0.4230769230769231,0.06299212598425198,1.2,87.88240917782026,65.348948374761,65.95124282982792,71.30019120458891,72.5289712258874,True
659490,Gabriel Suazo,8302,Sevilla,ESP-La Liga,1.9,36.1,5.0,0.0,2.2,3.7,0.17,0.02,1.3,1.0,0.0,1.2,0.1,0.2,0.3,7.07,0.0,36.0,0.2,3.9,0.7,1916,27,Defender,0.796875,0.23529411764705882,0.05263157894736842,0.5384615384615384,69.36995877908527,64.77214073570279,82.51866775600526,79.81249545514821,72.47973413213111,True
279461,Kenny Lala,8521,Brest,FRA-Ligue 1,4.4,30.5,8.0,0.0,2.7,3.9,0.13,0.01,0.6,3.0,0.0,1.0,0.0,0.3,0.1,6.57,0.0,23.0,0.3,1.3,0.3,2702,31,Defender,0.793103448275862,0.4347826086956522,0.14426229508196722,0.5,73.2987211678166,94.92656945317769,59.72444296157514,56.41192683180699,72.35839451867481,True
1078788,Neco Williams,10203,Nottingham Forest,ENG-Premier League,1.3,30.5,5.0,0.0,2.5,3.9,0.11,0.06,0.8,3.0,0.06,1.3,0.5,0.4,0.3,7.1,0.0,35.0,1.3,2.7,0.9,3026,35,Defender,0.8333333333333334,0.325,0.042622950819672135,1.125,82.71377200599422,52.0382074106393,87.34747120880938,75.47960127925992,71.97092259365509,True
612747,Frédéric Guilbert,9888,Lecce,ITA-Serie A,1.8,27.6,2.0,0.0,3.6,2.1,0.08,0.01,1.2,1.0,0.0,1.7,0.0,0.3,0.2,6.85,0.0,19.0,0.4,2.4,0.7,2450,31,Defender,0.7735849056603773,0.41463414634146345,0.06521739130434782,0.5833333333333334,66.25279642058166,66.81767337807607,83.23266219239373,75.73825503355704,71.74628355482865,False
1388678,Clément Akpa,8583,Auxerre,FRA-Ligue 1,3.5,40.1,1.0,0.0,4.3,0.8,0.04,0.01,0.6,0.0,0.0,1.0,0.0,0.4,0.1,6.55,0.0,9.0,0.3,1.4,0.5,1941,26,Defender,0.7999999999999999,0.4166666666666667,0.08728179551122194,0.8333333333333334,78.41472717343724,79.83684873164772,67.0731902934798,53.520659648702555,71.59715513154826,True
179873,Loïc Négo,9746,Le Havre,FRA-Ligue 1,1.7,29.7,2.0,0.0,3.5,1.5,0.06,0.03,0.7,0.0,0.0,1.3,0.1,0.3,0.2,6.9,0.0,14.0,0.6,2.0,0.5,2323,29,Defender,0.825,0.393939393939394,0.05723905723905724,0.7142857142857143,75.79084698927629,63.0332875640022,76.73615477733433,70.13032139766135,71.10365053433704,True
837061,Krépin Diatta,9829,Monaco,FRA-Ligue 1,1.4,32.0,4.0,0.0,2.7,2.3,0.21,0.11,0.7,1.0,0.0,1.4,0.1,0.3,0.3,7.03,0.0,13.0,0.6,2.8,0.5,1011,18,Defender,0.8571428571428571,0.33333333333333337,0.04375,0.7142857142857143,79.23996175908222,48.150095602294456,92.02198852772466,79.56978967495219,70.88389250144465,True
687568,Lucas Ahijado,8670,Real Oviedo,ESP-La Liga,1.4,26.6,2.0,0.0,2.7,1.1,0.1,0.08,1.0,1.0,0.0,1.4,0.2,0.4,0.2,0.0,0.0,8.0,0.7,4.2,1.3,993,18,Defender,0.8484848484848485,0.25,0.05263157894736842,1.3,83.93403441682601,47.24665391969406,93.19311663479922,70.83173996175908,70.69242700746373,True
1395964,Carlos Romero,8558,Espanyol,ESP-La Liga,1.4,22.3,5.0,0.0,2.1,3.2,0.1,0.08,1.2,3.0,0.15,1.1,0.3,0.4,0.4,7.07,0.0,25.0,1.1,2.7,1.2,3015,34,Defender,0.76,0.2894736842105263,0.06278026905829596,1.0,75.10842412343176,59.714729454774634,73.41171153059202,80.74398689371675,70.47561940005684,True
1194892,Arnau Martínez,7732,Girona,ESP-La Liga,2.3,41.3,7.0,0.0,4.2,1.8,0.06,0.05,0.8,3.0,0.04,1.4,0.1,0.4,0.1,7.06,0.0,24.0,0.6,2.3,0.4,2543,33,Defender,0.8222222222222222,0.3783783783783784,0.05569007263922518,0.5,74.12862893049477,63.37549173514244,80.36478941117257,62.41039690992852,70.32782515513478,True
970578,Andrei Ratiu,8370,Rayo Vallecano,ESP-La Liga,1.2,34.7,10.0,0.0,2.5,4.5,0.15,0.07,0.7,3.0,0.0,1.3,0.3,0.2,0.3,7.2,0.0,41.0,1.0,2.2,2.0,2712,33,Defender,0.8333333333333333,0.37142857142857144,0.034582132564841495,2.857142857142857,92.46795077444274,46.511189959834205,78.11791805150973,77.25790376463442,70.21723247375745,True
1211437,Victor Kristiansen,8197,Leicester City,ENG-Premier League,1.5,30.4,5.0,0.0,2.4,1.7,0.06,0.0,0.7,1.0,0.0,1.5,0.0,0.5,0.3,6.42,0.0,18.0,0.1,3.1,0.3,2489,30,Defender,0.8679245283018867,0.32608695652173914,0.049342105263157895,0.4285714285714286,63.417225950782985,56.482102908277405,94.67002237136462,80.35794183445189,70.15245441537463,False
629594,Alfonso Pedraza,10205,Villarreal,ESP-La Liga,1.6,25.5,6.0,0.0,2.1,2.5,0.14,0.06,1.5,3.0,0.06,1.4,0.2,0.3,0.3,6.95,0.0,20.0,0.6,2.2,1.1,1623,26,Defender,0.7058823529411765,0.38888888888888884,0.06274509803921569,0.7333333333333334,71.91204588910134,65.01434034416826,68.86711281070745,79.52198852772466,70.06793125607464,True
682548,Ola Aina,10203,Nottingham Forest,ENG-Premier League,2.0,30.2,0.0,0.0,4.0,0.8,0.05,0.02,0.7,0.0,0.0,1.4,0.1,0.2,0.2,7.07,0.0,9.0,0.7,1.8,0.8,1590,18,Defender,0.8205128205128205,0.43749999999999994,0.06622516556291391,1.142857142857143,87.3417286548807,55.63990444048062,73.58270489617776,65.34788256245518,69.97793339887427,True
726345,Nahuel Molina,9906,Atlético de Madrid,ESP-La Liga,1.7,38.4,6.0,0.0,2.2,1.6,0.11,0.03,1.0,2.0,0.14,0.9,0.3,0.3,0.4,6.98,0.0,21.0,1.0,2.7,1.0,1321,26,Defender,0.782608695652174,0.25,0.044270833333333336,1.0,83.0016625246135,55.63539879916103,71.08491494176174,74.8179777940323,69.72309480617979,True
1092403,Melvin Bard,9831,Nice,FRA-Ligue 1,1.6,34.5,5.0,0.0,2.9,1.4,0.05,0.04,1.0,1.0,0.08,1.5,0.2,0.5,0.2,6.84,0.0,15.0,0.6,2.0,0.6,2396,29,Defender,0.7777777777777778,0.42857142857142855,0.0463768115942029,0.6,77.01793558929084,53.38131271004344,82.32432632820175,73.00813581942073,69.59564628066093,True
722207,Rasmus Kristensen,9810,Eintracht Frankfurt,GER-Bundesliga,2.9,47.0,1.0,0.0,3.4,1.1,0.07,0.04,1.5,0.0,0.12,1.2,0.4,0.1,0.4,7.1,0.0,8.0,0.9,2.8,0.9,1462,21,Defender,0.7272727272727273,0.3,0.06170212765957447,0.6,71.89993697805495,65.55561971816927,66.60499570110488,77.54473916471683,69.39226817139651,True
526968,Pacha Espino,8370,Rayo Vallecano,ESP-La Liga,1.6,24.8,5.0,0.0,1.8,2.2,0.15,0.1,1.5,0.0,0.13,1.0,0.5,0.3,0.5,6.79,0.0,16.0,1.2,3.1,1.0,1381,28,Defender,0.7321428571428571,0.24390243902439027,0.06451612903225806,0.6666666666666666,70.35372848948374,63.91013384321223,67.38527724665391,81.89292543021033,69.18075006248047,True
807729,Reece James,8455,Chelsea,ENG-Premier League,2.6,54.1,8.0,0.0,1.9,3.1,0.15,0.05,1.3,4.0,0.09,1.5,0.3,0.3,0.3,7.27,0.0,27.0,1.0,2.2,0.5,1923,28,Defender,0.74,0.4054054054054054,0.04805914972273567,0.3846153846153846,66.22915606201245,72.46702754572298,64.53354849196471,76.01409723915403,69.01403320955042,True
782502,Malang Sarr,8588,Lens,FRA-Ligue 1,4.7,54.5,1.0,0.0,4.0,0.7,0.02,0.04,0.6,1.0,0.0,2.4,0.2,0.8,0.2,7.39,0.0,6.0,0.7,2.0,0.2,2880,32,Defender,0.8800000000000001,0.5454545454545454,0.08623853211009175,0.33333333333333337,52.12998133580859,78.0604176558403,82.12749681682145,70.71025874643364,69.00809560725399,True
1173250,Arthur Theate,9810,Eintracht Frankfurt,GER-Bundesliga,3.3,61.4,1.0,0.0,5.7,1.3,0.05,0.05,0.6,0.0,0.04,1.3,0.3,0.7,0.3,6.7,0.0,12.0,0.6,1.5,0.2,2143,24,Defender,0.8235294117647058,0.46428571428571436,0.05374592833876221,0.33333333333333337,63.50395598159531,75.70241664920017,68.98610950704575,66.21196048153328,68.7707938658317,True
771630,Gideon Mensah,8583,Auxerre,FRA-Ligue 1,2.3,35.8,1.0,0.0,2.7,1.4,0.05,0.0,1.5,1.0,0.0,1.1,0.0,0.2,0.2,6.96,0.0,14.0,0.0,2.0,0.6,2243,29,Defender,0.673913043478261,0.3548387096774194,0.06424581005586592,0.39999999999999997,64.15269703982217,73.23255169011453,66.03436193132319,74.24318771271689,68.72531100248851,True
695062,Javi Galán,8371,Osasuna,ESP-La Liga,2.0,38.5,2.0,0.0,2.9,2.4,0.13,0.01,1.5,1.0,0.0,1.5,0.1,0.3,0.4,7.29,0.0,24.0,0.3,2.4,2.0,1694,23,Defender,0.7222222222222222,0.38461538461538464,0.05194805194805195,1.3333333333333333,73.94733033622636,59.458873903354,65.52283618714381,82.5378452483307,68.31843273304845,True
239920,Matt Doherty,8602,Wolverhampton Wanderers,ENG-Premier League,3.2,43.9,4.0,0.0,4.0,1.2,0.05,0.04,0.8,1.0,0.09,0.9,0.1,0.6,0.3,6.89,0.0,12.0,0.4,1.6,0.5,2113,30,Defender,0.7575757575757576,0.36,0.07289293849658315,0.625,72.38814317673378,78.2102908277405,53.64093959731543,68.9261744966443,68.23561681043006,False
806669,David Raum,178475,RB Leipzig,GER-Bundesliga,3.1,48.2,22.0,0.0,3.7,12.4,0.44,0.08,1.0,7.0,0.11,1.1,0.3,0.3,0.3,7.63,0.0,96.0,0.8,1.7,0.6,2556,30,Defender,0.7368421052631579,0.3928571428571429,0.06431535269709543,0.6,70.01942701360106,81.55720881223594,51.09923746298173,73.015314902979,68.1741875810115,True
240537,Danny da Costa,9905,1. FSV Mainz 05,GER-Bundesliga,2.6,29.2,4.0,0.0,5.1,2.9,0.1,0.05,0.7,3.0,0.07,1.0,0.2,0.5,0.1,6.91,0.0,16.0,0.5,1.4,0.5,2652,33,Defender,0.7741935483870969,0.4166666666666667,0.08904109589041097,0.7142857142857143,73.8053883763009,80.3728382546058,59.46813470726877,52.17464920873238,68.10033092302552,True
873956,Juan Miranda,9857,Bologna,ITA-Serie A,4.1,42.6,5.0,0.0,2.7,3.9,0.15,0.02,0.9,3.0,0.04,1.2,0.2,0.2,0.3,7.31,0.0,64.0,0.5,1.7,0.3,2393,30,Defender,0.7631578947368421,0.41379310344827586,0.09624413145539905,0.3333333333333333,56.35587722412571,95.76898179635356,55.42629640561038,69.35840950861419,67.88019154366742,True
1526689,Álex Jiménez,8678,Bournemouth,ENG-Premier League,1.6,27.0,2.0,0.0,1.6,1.6,0.06,0.04,1.4,0.0,0.04,1.0,0.2,0.4,0.4,6.99,0.0,14.0,0.8,2.7,1.5,2323,31,Defender,0.7254901960784315,0.27027027027027023,0.05925925925925926,1.0714285714285714,79.40524465204614,56.37716138893523,63.69031985775862,79.08701591090237,67.76724868605416,True
1002058,Nico Schlotterbeck,9789,Borussia Dortmund,GER-Bundesliga,6.8,62.6,1.0,0.0,4.6,2.7,0.1,0.14,1.1,1.0,0.19,1.0,0.3,0.4,0.2,7.58,0.0,12.0,1.2,1.7,0.5,2430,27,Defender,0.7105263157894737,0.37037037037037035,0.10862619808306709,0.45454545454545453,68.78451770389097,88.43242179646762,53.8634519771353,55.676245431978366,67.59346365969982,True
360918,Jonny Otto,9866,Alavés,ESP-La Liga,1.9,45.7,2.0,0.0,1.9,1.9,0.06,0.02,1.1,0.0,0.0,1.2,0.1,0.4,0.3,6.84,0.0,17.0,0.3,2.0,0.8,2998,34,Defender,0.7441860465116278,0.37499999999999994,0.04157549234135667,0.7272727272727273,75.83173996175908,56.266730401529635,67.99713193116635,76.47227533460803,67.5583541377329,True
1458711,Murillo,10203,Nottingham Forest,ENG-Premier League,3.5,39.9,1.0,0.0,5.5,0.5,0.02,0.03,1.0,0.0,0.04,1.4,0.2,1.0,0.1,6.94,0.0,8.0,0.5,1.5,0.4,2133,25,Defender,0.7435897435897436,0.48275862068965514,0.08771929824561404,0.4,68.79052403745386,81.62118963189197,59.566595802624384,54.24198288141466,67.4063002186836,True
1158512,Juanlu Sánchez,8302,Sevilla,ESP-La Liga,1.6,28.6,5.0,0.0,1.5,2.8,0.13,0.04,1.0,3.0,0.0,0.5,0.0,0.0,0.4,6.77,0.0,21.0,0.6,2.9,1.2,1973,31,Defender,0.7727272727272726,0.14705882352941177,0.055944055944055944,1.2,79.51086344342212,53.435309114085406,67.01417138261877,77.59882111891044,67.37462643945317,True
860314,Nahuel Tenaglia,9866,Alavés,ESP-La Liga,2.3,33.2,1.0,0.0,5.1,0.4,0.01,0.04,0.8,0.0,0.06,1.3,0.2,0.9,0.1,6.89,0.0,6.0,0.6,1.8,0.3,3059,34,Defender,0.7948717948717948,0.41935483870967744,0.06927710843373493,0.37499999999999994,62.42829471456904,65.29447788029537,79.50889578993446,62.789947286848225,67.27672249880908,True
1451265,Malick Diouf,8654,West Ham United,ENG-Premier League,1.9,24.7,5.0,0.0,4.0,2.3,0.08,0.02,0.9,5.0,0.0,1.1,0.1,0.4,0.1,6.88,0.0,25.0,0.6,1.5,0.7,2531,30,Defender,0.7428571428571429,0.4230769230769231,0.07692307692307693,0.7777777777777777,80.07648183556405,76.97418738049713,54.07265774378584,52.13193116634799,67.26126486932498,True
1429912,Michael Kayode,9937,Brentford,ENG-Premier League,1.1,27.0,4.0,0.0,2.8,2.7,0.08,0.03,0.7,1.0,0.03,1.1,0.1,0.4,0.1,7.02,0.0,33.0,0.3,1.9,1.5,3084,35,Defender,0.8108108108108107,0.3666666666666667,0.040740740740740744,2.142857142857143,92.38049713193115,50.391969407265776,72.8776290630975,55.48757170172084,67.24506298490405,True
1306664,Danilo Veiga,9888,Lecce,ITA-Serie A,1.6,21.2,0.0,0.0,4.1,1.3,0.04,0.01,1.3,1.0,0.0,0.9,0.1,0.4,0.2,6.81,0.0,19.0,0.2,2.9,0.6,2847,34,Defender,0.7450980392156863,0.2368421052631579,0.07547169811320756,0.4615384615384615,64.5793499043977,68.7906309751434,66.48183556405354,69.44550669216062,67.02074662341168,True
604089,Ainsley Maitland-Niles,9748,Lyon,FRA-Ligue 1,1.6,34.3,5.0,0.0,2.7,3.4,0.12,0.09,1.3,4.0,0.04,1.2,0.3,0.1,0.3,6.95,0.0,21.0,0.5,2.1,0.5,2440,29,Defender,0.717391304347826,0.36363636363636365,0.046647230320699715,0.3846153846153846,67.6516019978812,59.23750932140194,72.03818958769104,74.31806548293773,66.9757089672103,True
474673,Johan Mojica,8661,Mallorca,ESP-La Liga,2.2,31.6,6.0,0.0,2.8,3.4,0.12,0.02,1.0,4.0,0.0,0.8,0.1,0.2,0.3,6.91,0.0,34.0,0.5,1.7,0.5,2640,34,Defender,0.7142857142857143,0.32,0.06962025316455696,0.5,76.12376183978454,83.70125958339928,46.34119111476125,61.28191911803497,66.96799897916522,True
210683,Aïssa Mandi,8639,Lille,FRA-Ligue 1,5.5,63.9,1.0,0.0,4.0,1.2,0.05,0.05,0.7,0.0,0.04,1.7,0.2,0.6,0.1,7.23,0.0,9.0,0.5,1.3,0.2,2337,28,Defender,0.8108108108108107,0.5666666666666667,0.08607198748043819,0.28571428571428575,58.64865693391109,80.57980545895516,68.48899183423802,55.95717074241848,66.5930400273469,True
566158,Kevin Diks,9788,Borussia Mönchengladbach,GER-Bundesliga,3.0,53.3,0.0,0.0,4.8,1.1,0.04,0.19,0.5,0.0,0.15,0.9,0.5,0.6,0.1,6.91,0.0,8.0,0.8,1.6,0.4,2377,29,Defender,0.8333333333333334,0.36,0.056285178236397754,0.8,80.13862332695984,68.36042065009559,61.897705544933075,49.09177820267686,66.55243246396958,True
1334767,Andrés Lopez,8302,Sevilla,ESP-La Liga,3.6,46.9,0.0,0.0,5.9,0.2,0.01,0.03,0.8,0.0,0.08,1.4,0.2,1.0,0.0,0.0,0.0,2.0,0.7,1.7,0.5,1185,18,Defender,0.7948717948717949,0.4516129032258065,0.0767590618336887,0.625,76.04684512428298,66.70650095602294,75.05736137667304,41.137667304015295,66.4598078222034,True
966026,Ian Maatsen,10252,Aston Villa,ENG-Premier League,1.5,34.9,4.0,0.0,3.3,2.3,0.14,0.08,1.0,1.0,0.0,1.0,0.3,0.1,0.2,6.75,0.0,24.0,1.1,2.3,1.2,1509,29,Defender,0.7674418604651163,0.30303030303030304,0.042979942693409746,1.2,82.43591937183375,48.00410783311446,72.18753163573315,71.23025395562514,66.333618454328,True
1393669,Quilindschy Hartman,8191,Burnley,ENG-Premier League,1.7,27.4,6.0,0.0,3.2,2.0,0.1,0.02,0.6,5.0,0.0,1.5,0.1,0.2,0.0,6.77,0.0,20.0,0.4,2.6,0.2,1830,21,Defender,0.8723404255319149,0.3658536585365854,0.06204379562043796,0.33333333333333337,59.909177820267686,66.38623326959846,93.33652007648183,45.028680688336514,66.1313975505139,True
492116,Jordan Lefort,8121,Angers,FRA-Ligue 1,3.1,49.4,3.0,0.0,5.3,1.4,0.04,0.02,0.6,2.0,0.0,1.4,0.0,0.5,0.1,6.79,0.0,8.0,0.3,1.5,0.3,2970,33,Defender,0.8285714285714285,0.48275862068965514,0.06275303643724697,0.5,68.27262124238781,71.47323777381395,69.78617096057135,48.343399734509354,66.08607074118333,True
1395447,Nathaniel Brown,9810,Eintracht Frankfurt,GER-Bundesliga,1.0,32.6,7.0,0.0,1.5,2.8,0.1,0.09,0.9,4.0,0.14,0.9,0.3,0.2,0.3,7.12,0.0,33.0,0.6,2.8,0.6,2567,32,Defender,0.8043478260869565,0.24324324324324326,0.03067484662576687,0.6666666666666666,76.5297080030741,47.254845346713374,75.08875828232406,77.17880552026611,65.99352998102044,True
159833,Kyle Walker,8191,Burnley,ENG-Premier League,2.6,31.3,3.0,0.0,3.1,1.3,0.04,0.0,1.0,2.0,0.0,1.3,0.0,0.3,0.1,6.65,0.0,12.0,0.1,1.6,0.4,2917,34,Defender,0.7435897435897436,0.44827586206896547,0.08306709265175719,0.4,62.825047801147235,79.32122370936902,62.189292543021025,55.382409177820264,65.94643920389382,True
23354,Ashley Young,8668,Everton,ENG-Premier League,3.0,26.1,6.0,0.0,2.7,2.9,0.14,0.01,1.4,3.0,0.05,1.2,0.1,0.2,0.2,6.8,0.0,26.0,0.3,2.8,0.3,1869,32,Defender,0.7407407407407407,0.3,0.11494252873563218,0.2142857142857143,42.63422818791946,88.61856823266218,73.7807606263982,71.24161073825502,65.77801777806398,False
1197250,Malo Gusto,8455,Chelsea,ENG-Premier League,1.6,43.9,3.0,0.0,1.5,2.4,0.1,0.06,0.8,3.0,0.08,1.2,0.2,0.2,0.4,6.91,0.0,26.0,0.5,2.1,0.5,2182,33,Defender,0.8048780487804879,0.36363636363636365,0.03644646924829158,0.625,64.79185648106561,53.07302204484824,76.65799045545475,80.48177567894739,65.75249887277623,True
824635,Diogo Leite,8149,1. FC Union Berlin,GER-Bundesliga,4.0,35.9,0.0,0.0,6.5,1.1,0.05,0.06,1.2,0.0,0.0,2.0,0.0,0.5,0.0,6.95,0.0,8.0,0.5,1.5,0.3,1880,22,Defender,0.7446808510638298,0.5714285714285714,0.11142061281337048,0.25,53.44528640052014,83.06569324852461,74.96117092492547,49.763140146832576,65.68173070161698,True
531327,Eric Smith,8152,FC St. Pauli,GER-Bundesliga,3.1,48.4,1.0,0.0,4.0,1.2,0.05,0.02,0.6,2.0,0.08,0.9,0.2,0.7,0.2,6.83,0.0,17.0,0.5,1.3,0.4,2314,27,Defender,0.7857142857142857,0.40909090909090906,0.06404958677685951,0.6666666666666667,62.6397746894173,83.4361860031397,53.134261695062186,63.67296030615548,65.6747318164044,True
556027,Maximilian Wittek,9911,VfL Bochum 1848,GER-Bundesliga,2.1,26.3,8.0,0.0,2.7,6.2,0.2,0.04,1.1,0.0,0.0,0.9,0.2,0.3,0.3,6.71,0.0,46.0,1.4,2.2,0.4,2715,33,Defender,0.7380952380952381,0.2903225806451613,0.07984790874524715,0.36363636363636365,56.26398210290827,80.06152125279641,58.769574944071586,72.41610738255034,65.66889447926948,False
1233931,Quentin Merlin,9851,Rennes,FRA-Ligue 1,1.8,37.4,5.0,0.0,2.0,4.2,0.15,0.05,0.8,5.0,0.04,1.2,0.3,0.4,0.4,7.15,0.0,40.0,0.9,2.0,0.6,2442,32,Defender,0.8,0.37499999999999994,0.04812834224598931,0.7499999999999999,72.51025888901722,55.71608685051395,65.61707324376232,74.91554774197503,65.6680358266468,True
1177779,Alidu Seidu,9851,Rennes,FRA-Ligue 1,2.6,52.8,3.0,0.0,2.7,0.9,0.07,0.01,1.2,1.0,0.0,1.3,0.1,0.2,0.1,6.87,0.0,8.0,0.4,2.7,0.5,1185,21,Defender,0.7692307692307692,0.325,0.04924242424242425,0.4166666666666667,62.27533460803059,61.09942638623327,80.62619502868068,59.33078393881453,65.57178632589927,True
195305,Marc Bartra,8603,Real Betis,ESP-La Liga,3.5,45.9,0.0,0.0,7.2,0.4,0.02,0.04,0.7,0.0,0.05,1.2,0.2,1.1,0.0,6.92,0.0,5.0,0.7,2.0,0.3,1978,25,Defender,0.8205128205128205,0.37499999999999994,0.07625272331154684,0.4285714285714286,66.7946924685924,73.17563232255829,75.44087201269564,40.08651259084357,65.55169830753815,True
1401205,Michel Diaz,8521,Brest,FRA-Ligue 1,2.9,31.8,0.0,0.0,5.8,0.3,0.02,0.05,0.5,0.0,0.0,1.4,0.1,1.4,0.1,6.9,0.0,1.0,0.4,1.6,0.2,1560,20,Defender,0.8571428571428571,0.4666666666666666,0.09119496855345911,0.4,63.29827915869981,63.847992351816444,76.93116634799236,56.261950286806886,65.46656304677728,True
727897,Dávid Hancko,9906,Atlético de Madrid,ESP-La Liga,2.5,47.2,4.0,0.0,3.6,2.1,0.08,0.05,0.6,2.0,0.0,0.7,0.2,0.4,0.3,6.97,0.0,13.0,0.8,1.7,0.3,2299,28,Defender,0.7999999999999999,0.2916666666666667,0.05296610169491525,0.5,70.27246653919693,67.89196940726578,56.840344168260046,66.52963671128107,65.4180401169842,True
775539,Noussair Mazraoui,10260,Manchester United,ENG-Premier League,1.9,43.8,0.0,0.0,5.0,0.3,0.03,0.02,1.2,0.0,0.0,1.3,0.0,0.2,0.4,0.0,0.0,5.0,0.5,2.7,0.7,910,19,Defender,0.7692307692307692,0.325,0.04337899543378995,0.5833333333333334,70.26776128085686,45.98165234414544,81.04945440390793,80.2227298197886,65.40852362934086,True
970243,Mats Wieffer,10204,Brighton and Hove Albion,ENG-Premier League,2.0,35.0,4.0,0.0,3.5,1.9,0.09,0.1,1.4,3.0,0.1,1.2,0.3,0.3,0.5,7.07,0.0,20.0,0.9,3.2,0.4,1818,25,Defender,0.7586206896551724,0.2727272727272727,0.05714285714285714,0.28571428571428575,51.119491461381955,63.004767282200014,80.06223060613708,81.99602049211298,65.3602671605006,True
676533,Aitor Ruibal,8603,Real Betis,ESP-La Liga,1.6,28.6,3.0,0.0,2.2,1.6,0.08,0.19,1.6,2.0,0.2,1.0,0.6,0.1,0.4,6.93,0.0,19.0,1.5,2.2,0.7,1814,27,Defender,0.6666666666666666,0.3125,0.055944055944055944,0.43749999999999994,70.45198996781888,59.67779674139473,60.27150766458067,76.80869417674376,65.30574447993774,True
1097497,Darlin Yongwa,8689,Lorient,FRA-Ligue 1,1.7,36.3,4.0,0.0,2.2,1.5,0.11,0.03,1.0,1.0,0.0,0.8,0.1,0.1,0.2,6.68,0.0,17.0,0.7,2.2,0.9,1305,23,Defender,0.75,0.26666666666666666,0.046831955922865015,0.9,80.56883365200765,56.70172084130019,59.521988527724666,65.92734225621415,65.23162358493639,True
1102289,Juan Iglesias,8305,Getafe,ESP-La Liga,2.1,15.9,3.0,0.0,3.9,1.8,0.05,0.03,1.8,2.0,0.03,0.7,0.1,0.3,0.1,6.98,0.0,18.0,0.7,3.2,0.8,3009,35,Defender,0.6842105263157895,0.17948717948717946,0.1320754716981132,0.4444444444444445,58.27157325303026,77.83938101613619,61.380073658680566,62.91599830610699,65.1355148569103,True
950824,Josip Stanisic,9823,Bayern München,GER-Bundesliga,1.8,54.6,4.0,0.0,3.0,4.9,0.25,0.07,0.3,3.0,0.1,0.9,0.2,0.4,0.4,7.31,0.0,23.0,0.3,1.3,0.5,1810,25,Defender,0.8800000000000001,0.40909090909090906,0.03296703296703297,1.6666666666666667,87.34225621414915,52.284894837476095,57.11281070745698,69.64627151051626,65.08759997065867,True
1190025,Alvaro Carreras,8633,Real Madrid,ESP-La Liga,1.3,59.8,1.0,0.0,2.4,1.4,0.06,0.02,0.8,2.0,0.08,1.4,0.1,0.3,0.3,7.5,0.0,27.0,0.4,1.6,0.7,2244,27,Defender,0.7894736842105263,0.4666666666666666,0.02173913043478261,0.8749999999999999,82.94455066921607,43.154875717017205,71.87858508604207,75.4302103250478,64.8525409195068,True
571379,Marnon-Thomas Busch,94937,1. FC Heidenheim 1846,GER-Bundesliga,3.1,25.7,8.0,0.0,4.0,3.5,0.17,0.05,0.9,5.0,0.05,1.5,0.1,0.5,0.2,6.74,0.0,16.0,0.6,1.7,0.1,1867,28,Defender,0.7804878048780487,0.46875,0.12062256809338522,0.11111111111111112,43.3674500208885,87.75302883182694,70.90301749643184,67.83490389153381,64.79059410144751,True
175311,Kiko,8305,Getafe,ESP-La Liga,1.1,20.7,2.0,0.0,2.0,1.3,0.06,0.03,0.9,1.0,0.04,1.5,0.1,0.1,0.3,6.71,0.0,17.0,0.4,1.7,0.3,2020,28,Defender,0.7804878048780487,0.46875,0.053140096618357495,0.3333333333333333,65.18697342099372,52.24146387716139,77.58459840620067,72.6878431808687,64.76136487844906,True
1202358,Giorgio Scalvini,8524,Atalanta,ITA-Serie A,1.9,52.3,2.0,0.0,3.6,1.5,0.08,0.14,1.6,1.0,0.16,2.3,0.3,0.7,0.2,7.31,0.0,15.0,1.0,2.2,0.7,1660,22,Defender,0.7377049180327869,0.5111111111111111,0.036328871892925434,0.43749999999999994,62.06500956022945,51.31453154875717,78.96271510516252,79.80879541108986,64.6530905957405,True
957118,Nuno Tavares,8543,Lazio,ITA-Serie A,2.2,47.7,1.0,0.0,2.0,2.0,0.13,0.04,1.2,0.0,0.0,1.1,0.1,0.1,0.1,7.03,0.0,20.0,1.0,1.8,1.4,1381,22,Defender,0.7073170731707317,0.3793103448275862,0.04612159329140461,1.1666666666666667,80.98488899154908,61.106402288181386,53.88697113965634,61.79477801874404,64.54474980793285,True
951918,Philipp Sander,9788,Borussia Mönchengladbach,GER-Bundesliga,2.4,44.9,0.0,0.0,3.9,2.8,0.1,0.06,1.0,0.0,0.08,1.8,0.3,0.3,0.2,6.96,0.0,11.0,1.0,2.4,0.2,2368,29,Defender,0.8076923076923077,0.42857142857142855,0.053452115812917596,0.2,54.30216384850209,55.15291020228333,86.87692042267479,75.89045588249972,64.51635894154037,True
1258292,Nicolò Bertola,8600,Udinese,ITA-Serie A,2.6,32.2,3.0,0.0,4.4,0.7,0.04,0.03,1.0,1.0,0.0,1.1,0.2,0.7,0.2,6.79,0.0,10.0,0.6,1.8,0.3,1684,26,Defender,0.7435897435897436,0.3793103448275862,0.08074534161490683,0.3,55.377629063097515,76.39579349904398,61.467495219885265,67.33269598470363,64.46387691667637,True
750028,Fran García,8633,Real Madrid,ESP-La Liga,1.4,48.4,3.0,0.0,2.2,2.3,0.09,0.04,0.5,2.0,0.0,1.2,0.1,0.2,0.2,7.15,0.0,24.0,0.6,2.1,0.3,2174,31,Defender,0.868421052631579,0.36363636363636365,0.02892561983471074,0.6,70.69351230425056,46.18008948545861,82.11968680089485,68.81431767337807,64.33005773463823,False
245315,Jeffrey Gouweleeuw,8406,FC Augsburg,GER-Bundesliga,4.2,42.7,4.0,0.0,5.6,3.0,0.09,0.05,0.7,4.0,0.03,1.1,0.2,0.5,0.1,7.03,0.0,14.0,0.6,1.5,0.2,2945,33,Defender,0.787878787878788,0.4230769230769231,0.09836065573770492,0.28571428571428575,53.40604026845639,87.31543624161071,61.772930648769574,53.411633109619686,64.1873361187249,False
955529,Matheus Nunes,8456,Manchester City,ENG-Premier League,1.9,60.6,6.0,0.0,3.2,2.2,0.07,0.01,0.6,5.0,0.03,0.9,0.1,0.3,0.3,7.45,0.0,28.0,0.2,1.8,0.8,2775,33,Defender,0.8181818181818181,0.3333333333333333,0.03135313531353135,1.3333333333333335,82.39335104221472,52.4129669790673,57.425503640871874,70.23807894282827,64.1743340086843,True
705450,Jules Koundé,8634,Barcelona,ESP-La Liga,1.3,70.4,6.0,0.0,2.2,3.4,0.14,0.07,0.9,3.0,0.04,1.2,0.1,0.5,0.2,7.25,0.0,23.0,0.5,1.9,0.8,2171,29,Defender,0.775,0.38709677419354843,0.01846590909090909,0.888888888888889,81.62353869647234,45.245931733830666,68.35626077397221,71.74984993077567,64.16322884795261,True
196169,Marcos Alonso,9910,Celta de Vigo,ESP-La Liga,4.6,70.1,3.0,0.0,5.1,1.9,0.07,0.07,0.8,0.0,0.03,0.9,0.1,0.5,0.1,7.1,0.0,13.0,0.8,1.4,0.6,2590,30,Defender,0.7419354838709677,0.391304347826087,0.06562054208273894,0.7499999999999999,74.11726858327523,81.4789375526668,44.441489399623286,54.840178058382286,64.13593180214667,True
602563,Marcos Llorente,9906,Atlético de Madrid,ESP-La Liga,2.3,52.7,9.0,0.0,2.1,3.4,0.14,0.08,1.2,4.0,0.0,0.5,0.3,0.1,0.3,7.12,0.0,20.0,0.8,2.5,0.6,2094,28,Defender,0.7142857142857143,0.16666666666666666,0.04364326375711575,0.5,68.79795977146703,57.9026025781964,60.88939007019389,74.24722995738176,64.09431898392077,True
602304,Nordi Mukiele,8472,Sunderland,ENG-Premier League,1.5,29.2,7.0,0.0,5.0,2.1,0.07,0.06,1.0,4.0,0.1,1.2,0.1,0.3,0.1,7.11,0.0,22.0,0.8,2.3,0.4,2607,30,Defender,0.7777777777777778,0.34285714285714286,0.051369863013698634,0.4,62.825047801147235,59.067877629063105,76.73040152963671,57.915869980879535,64.04817562649507,True
640238,Nacho Vidal,8670,Real Oviedo,ESP-La Liga,1.8,29.5,0.0,0.0,3.2,0.8,0.03,0.09,1.0,0.0,0.0,1.3,0.1,0.3,0.1,6.81,0.0,7.0,0.7,1.8,0.6,2190,27,Defender,0.7560975609756099,0.41935483870967744,0.061016949152542375,0.6,73.47992351816444,55.028680688336514,69.0152963671128,57.82026768642447,63.98463441845529,True
751550,Diogo Dalot,10260,Manchester United,ENG-Premier League,1.4,33.1,5.0,0.0,3.2,2.4,0.09,0.06,0.9,3.0,0.04,0.9,0.2,0.3,0.3,7.11,0.0,27.0,0.8,1.7,0.6,2526,33,Defender,0.7428571428571429,0.34615384615384615,0.042296072507552865,0.6666666666666666,74.33731426705621,57.232506063367,56.94839400977838,71.72999516641643,63.955865325205416,True
958464,Leonardo Balerdi,8592,Marseille,FRA-Ligue 1,3.0,63.5,0.0,0.0,4.4,0.3,0.02,0.11,1.1,1.0,0.0,1.1,0.2,0.4,0.2,6.97,0.0,5.0,0.9,2.2,0.4,1908,25,Defender,0.75,0.3333333333333333,0.047244094488188976,0.36363636363636365,63.95545760063194,55.67757145932874,70.71015537333373,69.98860757147358,63.76640295792313,True
1333066,Rahim Alhassane,8670,Real Oviedo,ESP-La Liga,1.1,30.5,2.0,0.0,3.5,1.1,0.06,0.0,0.6,0.0,0.0,1.7,0.0,0.3,0.1,6.62,0.0,17.0,0.2,1.8,0.4,1633,26,Defender,0.853658536585366,0.4857142857142857,0.036065573770491806,0.6666666666666667,77.38527724665391,41.77820267686424,85.71223709369025,61.606118546845124,63.765638577745854,True
1177358,Adrien Truffert,8678,Bournemouth,ENG-Premier League,1.0,34.5,4.0,0.0,3.9,2.7,0.08,0.04,1.0,3.0,0.03,1.3,0.2,0.3,0.2,7.12,0.0,27.0,0.5,2.6,0.8,3200,36,Defender,0.7959183673469388,0.3333333333333333,0.028985507246376812,0.8,76.83173924884115,41.738617908783574,77.82812047742688,73.19914792048968,63.721157774944494,True
760320,Aaron Wan-Bissaka,8654,West Ham United,ENG-Premier League,1.0,24.3,2.0,0.0,4.1,1.0,0.04,0.0,1.0,2.0,0.0,1.7,0.0,0.3,0.1,6.82,0.0,18.0,0.0,1.4,0.7,2021,24,Defender,0.7560975609756098,0.5483870967741936,0.0411522633744856,0.7,81.37486222860997,43.72922022462618,72.99442284303116,65.83789957267699,63.675507445128545,True
488718,Diego Rico,8305,Getafe,ESP-La Liga,1.4,19.4,1.0,0.0,3.0,1.0,0.05,0.02,1.1,0.0,0.0,1.6,0.1,0.2,0.2,6.78,0.0,11.0,0.6,2.4,0.3,1753,28,Defender,0.7843137254901962,0.4,0.07216494845360825,0.2727272727272727,46.58970361149966,65.17873208971929,82.08921312396359,73.70407917381367,63.59368751966908,True
1286183,Tom Bischof,9823,Bayern München,GER-Bundesliga,2.2,76.0,5.0,0.0,1.0,2.6,0.19,0.13,1.0,3.0,0.15,1.0,0.6,0.4,0.5,7.3,0.0,23.0,2.2,1.6,0.4,1204,25,Defender,0.7222222222222222,0.3846153846153846,0.028947368421052635,0.4,64.14287303074245,62.877967699114414,57.01684838944711,75.73665809739315,63.473258505905626,True
860913,Jhon Lucumí,9857,Bologna,ITA-Serie A,4.5,57.6,1.0,0.0,3.9,0.4,0.02,0.04,0.8,0.0,0.04,1.3,0.1,0.5,0.1,7.0,0.0,7.0,0.3,1.6,0.2,2197,28,Defender,0.7837837837837839,0.44827586206896547,0.078125,0.25,54.52982349577881,77.27427948949372,65.55042611104695,54.401099034281366,63.37029775436249,True
1289961,Adam Obert,8529,Cagliari,ITA-Serie A,1.8,32.2,6.0,0.0,3.6,2.2,0.07,0.05,1.3,3.0,0.0,1.4,0.1,0.6,0.1,6.87,0.0,24.0,0.3,2.2,0.6,2602,33,Defender,0.7346938775510203,0.38888888888888884,0.05590062111801242,0.4615384615384615,57.85155765438594,60.06334632269802,74.54150109147736,62.681754861743826,63.088191780721225,True
267371,Emerson,8592,Marseille,FRA-Ligue 1,1.1,48.5,7.0,0.0,2.1,5.0,0.22,0.02,0.7,3.0,0.0,1.5,0.1,0.4,0.4,7.14,0.0,41.0,0.6,2.0,0.4,2021,27,Defender,0.8333333333333333,0.42857142857142855,0.022680412371134023,0.5714285714285715,68.142806016457,42.54931609782945,79.12556338339444,80.85550864555573,63.01289385962848,True
763970,Valentin Rosier,8371,Osasuna,ESP-La Liga,1.2,30.3,4.0,0.0,3.1,1.7,0.06,0.02,1.2,1.0,0.04,1.6,0.1,0.1,0.3,7.01,0.0,14.0,0.6,1.7,1.0,2386,29,Defender,0.7333333333333333,0.4848484848484849,0.039603960396039604,0.8333333333333334,72.14309189654706,45.39848191255919,71.71506666495566,74.44991252496995,62.98730907897923,True
1575945,Oso,8302,Sevilla,ESP-La Liga,1.3,21.2,3.0,0.0,1.1,1.2,0.09,0.09,0.7,3.0,0.14,0.4,0.5,0.2,0.1,6.87,0.0,19.0,1.1,1.8,1.0,1254,19,Defender,0.7586206896551724,0.18181818181818182,0.06132075471698114,1.4285714285714286,89.92351816443593,60.391969407265776,50.49235181644359,47.30401529636711,62.73311393955294,True
210126,Dennis Appiah,9853,St Etienne,FRA-Ligue 1,1.4,29.9,4.0,0.0,3.1,2.2,0.09,0.01,1.6,1.0,0.0,1.2,0.1,0.3,0.3,6.59,0.0,13.0,0.2,3.0,0.8,2124,29,Defender,0.7241379310344827,0.2857142857142857,0.046822742474916385,0.5,61.91834451901567,50.710290827740494,72.01901565995526,77.69574944071589,62.6608115892456,False
1581722,Abdelhamid Aït Boudlal,9851,Rennes,FRA-Ligue 1,2.6,47.1,1.0,0.0,5.4,0.4,0.03,0.11,0.8,1.0,0.14,1.2,0.3,1.0,0.2,6.82,0.0,1.0,0.8,1.5,0.5,1312,19,Defender,0.7714285714285715,0.4444444444444444,0.055201698513800426,0.625,76.04684512428298,50.89866156787763,61.77342256214149,65.86998087954112,62.63827884602457,True
307021,Emre Can,9789,Borussia Dortmund,GER-Bundesliga,3.9,72.4,0.0,0.0,3.7,1.4,0.06,0.09,1.1,0.0,0.13,0.9,0.1,0.7,0.1,6.97,0.0,8.0,0.4,2.1,0.6,2102,31,Defender,0.7317073170731708,0.3,0.05386740331491712,0.5454545454545454,65.92841163310963,69.12751677852349,56.77293064876957,54.29530201342282,62.570083855380105,False
744494,Gabriel Gudmundsson,8463,Leeds United,ENG-Premier League,1.0,24.9,4.0,0.0,2.8,2.7,0.09,0.04,1.1,0.0,0.0,0.9,0.1,0.2,0.3,6.78,0.0,21.0,0.6,2.2,1.3,2637,32,Defender,0.7380952380952381,0.2903225806451613,0.040160642570281124,1.1818181818181817,81.08030592734227,45.95602294455067,60.15774378585086,73.36520076481835,62.52068769039656,True
1132355,Álvaro Núñez,9910,Celta de Vigo,ESP-La Liga,2.2,50.7,6.0,0.0,1.5,2.8,0.13,0.01,0.6,2.0,0.0,0.7,0.0,0.4,0.2,6.99,0.0,21.0,0.3,1.3,0.7,1984,25,Defender,0.7692307692307692,0.35,0.04339250493096647,1.1666666666666667,88.13575525812621,64.2925430210325,43.087954110898664,55.12428298279159,62.48621687063484,True
770881,Achraf Hakimi,9847,Paris Saint-Germain,FRA-Ligue 1,1.8,76.0,2.0,0.0,0.8,2.3,0.15,0.16,0.6,2.0,0.13,0.7,0.6,0.1,0.7,7.18,0.0,21.0,1.8,1.2,0.5,1374,18,Defender,0.76,0.3684210526315789,0.02368421052631579,0.8333333333333334,83.29541322861995,49.28697513199675,53.418070758530426,72.9687328454123,62.43074911397477,True
664970,Waldemar Anton,9789,Borussia Dortmund,GER-Bundesliga,2.7,66.0,0.0,0.0,5.2,1.2,0.04,0.06,0.9,0.0,0.06,0.9,0.2,0.5,0.1,7.44,0.0,8.0,0.5,2.3,0.4,2790,31,Defender,0.7804878048780488,0.28125000000000006,0.04090909090909091,0.4444444444444445,70.95754858892154,56.75938164350396,68.0464480289958,50.535130456852066,62.40957877323326,True
1163501,Filippo Terracciano,7801,Cremonese,ITA-Serie A,2.2,41.0,1.0,0.0,3.6,0.8,0.02,0.06,0.5,0.0,0.06,1.7,0.1,0.7,0.1,6.76,0.0,11.0,0.4,1.0,0.2,2839,34,Defender,0.84375,0.6296296296296295,0.05365853658536586,0.4,63.29827915869981,63.499043977055436,68.31261950286807,49.93307839388145,62.32054074432683,True
298823,Mitchell Weiser,8697,SV Werder Bremen,GER-Bundesliga,1.1,28.3,10.0,0.0,1.7,5.4,0.17,0.17,0.9,8.0,0.16,0.7,0.5,0.1,0.4,7.24,0.0,42.0,1.3,1.9,1.1,2870,32,Defender,0.7428571428571429,0.2692307692307693,0.03886925795053004,1.2222222222222223,82.10850111856823,51.61073825503356,51.11856823266219,72.56152125279642,62.28580558759418,False
1282582,Tom Rothe,8149,1. FC Union Berlin,GER-Bundesliga,1.3,24.0,1.0,0.0,3.7,1.0,0.1,0.11,0.9,0.0,0.19,1.6,0.5,0.2,0.3,6.45,0.0,9.0,1.7,1.7,0.5,933,20,Defender,0.7857142857142856,0.4848484848484849,0.05416666666666667,0.5555555555555556,63.33366484017093,48.5427886212595,71.881276351229,74.97191103354565,61.903689561684175,True
80295,Yuri Berchiche,8315,Athletic Club,ESP-La Liga,1.9,42.0,5.0,0.0,3.5,3.4,0.12,0.02,0.9,5.0,0.0,1.2,0.2,0.1,0.2,7.09,0.0,27.0,0.8,1.5,0.3,2619,31,Defender,0.75,0.4444444444444444,0.04523809523809524,0.3333333333333333,58.74588468124727,64.09463343898777,59.5295525869653,68.07066585108856,61.85387173269527,True
760398,Cédric Kipré,9837,Reims,FRA-Ligue 1,2.5,46.9,1.0,0.0,6.5,1.4,0.06,0.03,1.0,1.0,0.0,1.3,0.0,1.1,0.1,6.96,0.0,10.0,0.4,1.7,0.4,2190,28,Defender,0.75,0.43333333333333335,0.05330490405117271,0.4,59.50223713646532,63.724832214765094,64.99440715883668,57.95302013422818,61.849046150533894,False
1252070,Nathan Ngoy,8639,Lille,FRA-Ligue 1,3.4,55.4,3.0,0.0,3.8,1.0,0.04,0.05,0.7,2.0,0.04,1.3,0.2,0.5,0.1,6.94,0.0,4.0,0.8,1.2,0.3,2314,28,Defender,0.78125,0.52,0.061371841155234655,0.4285714285714286,66.5678776290631,65.14818355640534,59.5793499043977,50.93690248565966,61.798641234976856,True
914103,Johan Vásquez,10233,Genoa,ITA-Serie A,2.7,47.2,0.0,0.0,4.3,0.7,0.02,0.03,0.6,0.0,0.0,1.3,0.1,0.8,0.1,6.85,0.0,9.0,0.7,1.7,0.2,3127,35,Defender,0.8333333333333333,0.43333333333333335,0.057203389830508475,0.33333333333333337,50.98904173849314,65.79433315795552,74.7927191117613,57.61111895320835,61.69363775298098,True
844477,Sergio Gómez,8560,Real Sociedad,ESP-La Liga,1.9,43.8,13.0,0.0,2.2,5.3,0.18,0.03,1.5,5.0,0.0,1.0,0.0,0.2,0.2,7.07,0.0,44.0,0.4,3.0,0.4,2604,33,Defender,0.7272727272727273,0.25,0.04337899543378995,0.26666666666666666,56.73046212766079,61.26672327235033,62.47937884886567,72.3196424573996,61.67865701361359,True
844425,Marc Guéhi,8456,Manchester City,ENG-Premier League,2.2,59.5,5.0,0.0,4.8,2.3,0.07,0.12,0.7,3.0,0.09,1.4,0.3,0.6,0.1,7.4,0.0,18.0,0.9,1.3,0.2,3060,34,Defender,0.7941176470588235,0.5185185185185185,0.03697478991596639,0.28571428571428575,60.910029044276484,66.02812033484328,63.66931016635226,52.194846173698174,61.652685933574354,True
936140,Sebastian Sebulonsen,8722,1. FC Köln,GER-Bundesliga,1.2,22.9,5.0,0.0,3.1,3.1,0.11,0.05,0.4,0.0,0.0,0.5,0.2,0.2,0.1,6.54,0.0,20.0,1.1,1.6,0.6,2415,30,Defender,0.8400000000000001,0.23809523809523808,0.052401746724890834,1.4999999999999998,89.17782026768643,55.27724665391969,55.27724665391969,43.718929254302104,61.599616009739975,True
1202595,Warmed Omari,9790,Hamburger SV,GER-Bundesliga,2.4,34.9,0.0,0.0,4.8,0.3,0.02,0.01,0.9,1.0,0.0,1.4,0.1,0.8,0.1,6.61,0.0,8.0,0.2,1.2,0.4,1530,19,Defender,0.7428571428571429,0.5384615384615385,0.06876790830945559,0.4444444444444445,66.74952198852773,67.89196940726576,55.41586998087954,51.45315487571702,61.588596914896975,True
277771,Thomas Meunier,8639,Lille,FRA-Ligue 1,2.4,40.1,6.0,0.0,2.5,3.4,0.16,0.06,1.4,2.0,0.05,0.8,0.2,0.1,0.5,7.11,0.0,18.0,0.8,1.5,0.6,1910,25,Defender,0.6216216216216216,0.3478260869565218,0.059850374064837904,0.4285714285714286,62.9332651783792,69.91385456189055,47.648062360357194,68.69285784559054,61.387663287484976,True
958421,João Mário,9857,Bologna,ITA-Serie A,1.7,35.0,1.0,0.0,1.2,0.8,0.08,0.02,0.9,0.0,0.1,1.2,0.2,0.3,0.2,0.0,0.0,6.0,0.6,1.4,1.4,904,19,Defender,0.7428571428571429,0.46153846153846156,0.04857142857142857,1.5555555555555554,87.36137667304016,45.717017208413,54.78011472275334,64.78011472275334,61.20560542823419,True
774448,Ferdi Kadioglu,10204,Brighton and Hove Albion,ENG-Premier League,1.3,33.6,0.0,0.0,2.3,2.6,0.08,0.06,0.6,0.0,0.03,0.8,0.4,0.2,0.3,6.96,0.0,18.0,0.8,1.7,0.4,2954,35,Defender,0.8064516129032258,0.32,0.03869047619047619,0.6666666666666667,77.38527724665391,46.95984703632887,59.62237093690249,67.868068833652,61.19523955654463,True
1338016,Valentín Gómez,8603,Real Betis,ESP-La Liga,2.1,39.7,3.0,0.0,5.6,0.7,0.03,0.04,1.3,0.0,0.05,1.2,0.3,0.7,0.0,6.87,0.0,10.0,0.6,2.3,0.7,1774,26,Defender,0.7291666666666667,0.34285714285714286,0.05289672544080604,0.5384615384615384,68.2887189292543,60.133843212237096,68.69980879541109,41.32887189292543,61.05444569378983,True
1225450,Mika Mármol,8306,Las Palmas,ESP-La Liga,2.7,37.0,1.0,0.0,4.3,2.0,0.08,0.02,1.2,1.0,0.0,1.4,0.0,0.5,0.0,6.74,0.0,16.0,0.4,2.3,0.3,2398,30,Defender,0.7551020408163266,0.3783783783783784,0.07297297297297298,0.25,46.30313199105145,77.38255033557047,75.79977628635346,45.68232662192393,60.97548105184558,False
1281461,José Ángel Carmona,8302,Sevilla,ESP-La Liga,1.6,33.2,3.0,0.0,2.7,1.4,0.05,0.03,1.8,3.0,0.04,1.3,0.1,0.3,0.2,6.85,0.0,18.0,0.7,2.4,0.6,2404,33,Defender,0.6727272727272727,0.35135135135135137,0.048192771084337345,0.3333333333333333,55.60534930839831,52.50276255697997,70.44813308181588,76.68483894471036,60.85039717158961,True
874025,Vitaliy Mykolenko,8668,Everton,ENG-Premier League,1.6,28.6,1.0,0.0,4.5,2.4,0.08,0.01,0.9,1.0,0.0,0.9,0.1,0.3,0.3,6.79,0.0,20.0,0.3,1.6,0.3,2780,31,Defender,0.7352941176470589,0.36,0.055944055944055944,0.3333333333333333,58.016951049629064,63.31337519587421,58.899896341732926,65.00706501668941,60.81179555359738,True
900523,Keven Schlotterbeck,8406,FC Augsburg,GER-Bundesliga,3.7,45.9,1.0,0.0,5.5,1.1,0.05,0.06,1.2,1.0,0.0,1.5,0.1,1.0,0.0,7.02,0.0,12.0,0.5,1.8,0.4,2031,24,Defender,0.7333333333333333,0.4545454545454546,0.08061002178649238,0.33333333333333337,55.43426326348165,79.25307588441034,63.02364891358436,40.462648090877074,60.78163150992699,True
959407,James Hill,8678,Bournemouth,ENG-Premier League,2.3,33.5,2.0,0.0,7.3,1.1,0.05,0.04,0.6,3.0,0.0,1.7,0.1,0.7,0.0,7.22,0.0,12.0,0.5,1.8,0.1,1924,27,Defender,0.853658536585366,0.4857142857142857,0.06865671641791045,0.16666666666666669,44.67973231357552,72.02676864244741,85.71223709369025,45.01912045889101,60.75074478623356,True
391058,José Gayà,10267,Valencia CF,ESP-La Liga,1.2,28.3,3.0,0.0,3.1,2.5,0.09,0.03,1.1,2.0,0.04,0.8,0.1,0.3,0.3,6.92,0.0,25.0,0.5,2.5,0.4,2461,32,Defender,0.7499999999999999,0.24242424242424246,0.04240282685512367,0.36363636363636365,53.56768727997571,58.15093328086257,66.01487431969805,73.5305050453202,60.66224214752011,True
710158,James Justin,8463,Leeds United,ENG-Premier League,1.6,25.8,4.0,0.0,4.4,1.1,0.06,0.08,0.6,1.0,0.1,1.4,0.3,0.6,0.1,7.04,0.0,11.0,1.2,2.7,0.1,1716,27,Defender,0.8723404255319149,0.34146341463414637,0.06201550387596899,0.16666666666666669,44.67973231357552,58.3795411089866,92.0889101338432,60.21032504780114,60.66159858513258,True
1190113,Otávio,6379,Paris FC,FRA-Ligue 1,3.4,58.5,0.0,0.0,6.4,0.2,0.01,0.03,1.1,0.0,0.05,1.3,0.1,0.8,0.1,6.88,0.0,3.0,0.6,2.1,0.3,1820,22,Defender,0.7555555555555556,0.38235294117647056,0.05811965811965812,0.2727272727272727,51.38623326959848,61.744741873804976,73.36520076481835,59.02485659655832,60.59848933084259,True
469804,Kenny Tete,9879,Fulham,ENG-Premier League,1.8,37.5,1.0,0.0,3.4,1.4,0.07,0.05,1.4,0.0,0.05,1.4,0.2,0.3,0.1,7.12,0.0,11.0,0.8,3.3,0.4,1794,22,Defender,0.7704918032786885,0.29787234042553196,0.048,0.28571428571428575,50.64596424288829,53.19254630045498,81.7100227705987,67.16429051120492,60.4307918309465,True
1253852,Castello Lukeba,178475,RB Leipzig,GER-Bundesliga,2.3,63.4,0.0,0.0,5.2,0.7,0.03,0.05,0.5,0.0,0.04,1.3,0.1,0.9,0.1,7.15,0.0,6.0,0.3,1.2,0.8,2087,25,Defender,0.8333333333333334,0.52,0.0362776025236593,1.6,90.74097125087154,42.760018992133666,65.43276970041762,46.68724147813552,60.392214097983796,True
1327489,Kike Salas,8302,Sevilla,ESP-La Liga,2.7,45.9,0.0,0.0,7.1,0.5,0.02,0.06,1.3,0.0,0.09,1.6,0.3,0.7,0.1,7.24,0.0,7.0,0.8,2.3,0.3,2023,24,Defender,0.75,0.4102564102564103,0.05882352941176471,0.23076923076923075,43.17523308851731,65.0093249665285,79.02951907982258,65.02036093608976,60.37648774342396,True
1073980,David Affengruber,10268,Elche,ESP-La Liga,2.1,56.4,2.0,0.0,5.3,1.6,0.05,0.03,1.0,1.0,0.03,1.6,0.1,0.8,0.1,7.01,0.0,8.0,0.5,2.3,0.3,2773,34,Defender,0.7959183673469387,0.4102564102564103,0.037234042553191495,0.3,55.377629063097515,47.447418738049706,87.39961759082217,62.7151051625239,60.373630286600765,True
1053678,Mamadou Mbow,6379,Paris FC,FRA-Ligue 1,3.4,48.3,1.0,0.0,5.3,0.5,0.02,0.02,0.9,1.0,0.0,1.3,0.1,1.0,0.1,6.93,0.0,4.0,0.3,1.7,0.2,2716,31,Defender,0.7692307692307693,0.43333333333333335,0.07039337474120083,0.22222222222222224,48.90535372848949,68.76195028680688,68.7810707456979,56.634799235181646,60.30330502614413,True
719219,Konstantinos Mavropanos,8654,West Ham United,ENG-Premier League,3.1,34.1,0.0,0.0,6.9,0.6,0.02,0.1,0.5,0.0,0.11,1.7,0.3,1.0,0.0,6.9,0.0,4.0,0.8,1.4,0.1,2348,29,Defender,0.861111111111111,0.5483870967741936,0.09090909090909091,0.2,54.38363254498868,67.84650306626001,75.83331194579542,39.93650039994696,60.293321735004604,True
307317,Vladimír Coufal,8226,TSG 1899 Hoffenheim,GER-Bundesliga,1.8,31.2,16.0,0.0,3.2,9.0,0.28,0.03,1.0,8.0,0.03,1.1,0.2,0.5,0.3,7.38,0.0,59.0,0.8,1.7,0.9,2927,33,Defender,0.7368421052631579,0.3928571428571429,0.057692307692307696,0.9,68.19987866136826,56.38699965637355,50.873659536061524,71.44559081647638,60.284871027829624,True
789646,Jayden Bogle,8463,Leeds United,ENG-Premier League,1.0,21.7,7.0,0.0,2.3,2.9,0.1,0.07,1.3,2.0,0.03,1.1,0.1,0.2,0.5,6.68,0.0,20.0,0.6,2.0,0.6,2724,33,Defender,0.7045454545454545,0.3548387096774194,0.04608294930875576,0.4615384615384615,64.5793499043977,49.42160611854684,58.2887189292543,80.1434034416826,60.00389633126759,True
1176780,Nnamdi Collins,9810,Eintracht Frankfurt,GER-Bundesliga,3.0,56.7,1.0,0.0,3.4,0.5,0.03,0.03,1.3,2.0,0.06,1.5,0.1,0.1,0.2,6.81,0.0,3.0,0.2,2.9,0.7,1497,23,Defender,0.7719298245614036,0.3409090909090909,0.05291005291005291,0.5384615384615384,65.14177085962218,43.786635070143994,73.85980896651138,67.31622045133408,59.962584471286114,True
988805,Pep Chavarría,8370,Rayo Vallecano,ESP-La Liga,1.9,35.8,5.0,0.0,2.8,3.3,0.11,0.02,1.1,2.0,0.03,1.0,0.1,0.5,0.1,6.84,0.0,27.0,0.6,1.8,0.6,2600,32,Defender,0.717948717948718,0.35714285714285715,0.05307262569832402,0.5454545454545454,62.942853924541915,65.79121057742074,52.16144240407332,56.594604922270555,59.89463813955887,True
769525,Caio Henrique,9829,Monaco,FRA-Ligue 1,1.6,36.8,7.0,0.0,1.9,3.7,0.22,0.01,0.8,2.0,0.0,0.6,0.0,0.4,0.4,6.64,0.0,21.0,0.1,1.4,0.4,1533,22,Defender,0.7142857142857143,0.3,0.04347826086956522,0.5,74.12862893049477,58.805245792714835,44.96176977598693,64.71688603151382,59.79764799767027,True
1112072,Jon Pacheco,9866,Alavés,ESP-La Liga,3.3,42.1,1.0,0.0,5.3,0.3,0.02,0.02,0.7,0.0,0.0,0.6,0.1,1.1,0.1,6.64,0.0,5.0,0.2,1.9,0.2,1734,22,Defender,0.78125,0.24,0.07838479809976247,0.28571428571428575,55.83652007648184,72.52390057361376,57.4378585086042,49.5793499043977,59.746783988234675,True
357880,Andrew Robertson,8650,Liverpool,ENG-Premier League,2.1,46.0,3.0,0.0,2.4,1.1,0.09,0.09,0.3,0.0,0.08,0.6,0.2,0.2,0.2,6.73,0.0,18.0,0.7,1.0,0.2,1089,23,Defender,0.8421052631578947,0.37499999999999994,0.04565217391304348,0.6666666666666667,71.45808826779478,64.27031423996533,48.66934224765913,50.6979110078806,59.72840589468001,True
1080917,Omar Traoré,94937,1. FC Heidenheim 1846,GER-Bundesliga,2.0,26.1,3.0,0.0,1.5,1.3,0.08,0.03,1.3,2.0,0.0,0.9,0.1,0.1,0.1,6.3,0.0,13.0,0.6,1.4,0.7,1455,25,Defender,0.638888888888889,0.391304347826087,0.07662835249042145,0.5384615384615384,73.00716981562516,73.05286072577897,38.21667500780645,55.51131899797959,59.61029607495618,True
1334805,Lamine Sy,8583,Auxerre,FRA-Ligue 1,1.0,26.0,2.0,0.0,2.0,0.8,0.05,0.07,1.4,0.0,0.0,1.2,0.1,0.4,0.4,6.87,0.0,13.0,0.8,2.6,0.7,1443,23,Defender,0.7307692307692308,0.3157894736842105,0.038461538461538464,0.5,65.9225621414914,39.58413001912046,71.27629063097514,81.23326959847036,59.51999929284628,True
807148,Luca Pellegrini,8543,Lazio,ITA-Serie A,1.9,38.8,2.0,0.0,1.6,1.3,0.09,0.03,1.5,0.0,0.06,1.0,0.3,0.6,0.1,6.57,0.0,16.0,0.4,1.7,0.6,1394,23,Defender,0.6428571428571429,0.37037037037037035,0.04896907216494845,0.39999999999999997,61.79251806890494,65.42032928253364,50.78491907668573,59.167197790524746,59.462125208652836,True
479217,David Costas,8670,Real Oviedo,ESP-La Liga,4.1,39.0,1.0,0.0,5.0,0.2,0.01,0.03,0.7,0.0,0.05,1.2,0.0,0.8,0.0,6.55,0.0,4.0,0.1,1.2,0.3,1974,24,Defender,0.7741935483870969,0.5,0.10512820512820512,0.4285714285714286,66.5678776290631,74.51720841300191,55.61663479923517,33.73804971319312,59.453244381224955,True
1013277,Toti Gomes,8602,Wolverhampton Wanderers,ENG-Premier League,2.5,44.5,0.0,0.0,6.0,0.3,0.02,0.03,0.7,0.0,0.0,0.9,0.1,0.8,0.0,0.0,0.0,6.0,0.3,1.5,0.6,1403,18,Defender,0.7741935483870969,0.375,0.056179775280898875,0.8571428571428572,81.58595366318619,54.081911418521315,57.78423681422641,39.373131263875166,59.31063403482847,True
658554,Dayot Upamecano,9823,Bayern München,GER-Bundesliga,3.0,76.0,4.0,0.0,2.6,1.5,0.08,0.05,0.8,1.0,0.05,0.9,0.1,0.3,0.2,7.28,0.0,10.0,0.4,2.2,0.2,1707,23,Defender,0.7948717948717948,0.2903225806451613,0.039473684210526314,0.25,48.85495399540596,60.78158618536151,71.33896324622901,59.72087837192358,59.09555528718551,True
881640,Lutsharel Geertruida,8472,Sunderland,ENG-Premier League,1.4,33.7,1.0,0.0,2.6,0.8,0.05,0.07,0.9,0.0,0.0,1.1,0.2,0.5,0.3,6.7,0.0,8.0,0.6,2.0,0.4,1505,26,Defender,0.775,0.3548387096774194,0.041543026706231445,0.4444444444444445,66.74952198852773,40.11950286806883,69.93307839388144,74.98087954110898,58.98673417134936,True
894803,Djed Spence,8586,Tottenham Hotspur,ENG-Premier League,1.5,31.9,4.0,0.0,2.4,1.8,0.08,0.04,1.2,0.0,0.0,0.8,0.3,0.1,0.3,6.62,0.0,10.0,0.6,1.9,1.4,1944,28,Defender,0.6923076923076923,0.2962962962962963,0.047021943573667714,1.1666666666666667,79.97631330176534,41.697414817001096,54.82360628109213,72.48917434122818,58.97989921801795,True
1018564,Nicolás Capaldo,9790,Hamburger SV,GER-Bundesliga,1.0,26.2,2.0,0.0,2.9,1.9,0.09,0.06,1.4,2.0,0.05,1.6,0.2,0.2,0.2,7.01,0.0,19.0,0.9,3.1,0.4,1919,25,Defender,0.7704918032786886,0.3404255319148936,0.03816793893129771,0.28571428571428575,51.32409177820268,43.494263862332694,87.70076481835564,73.78585086042065,58.96207868079919,True
1381853,Tim Oermann,9911,VfL Bochum 1848,GER-Bundesliga,1.8,28.7,1.0,0.0,2.3,0.7,0.03,0.01,0.7,2.0,0.0,0.9,0.0,0.7,0.2,6.48,0.0,7.0,0.4,2.0,0.2,2215,29,Defender,0.8055555555555556,0.3103448275862069,0.0627177700348432,0.28571428571428575,53.40604026845639,55.352348993288594,67.61744966442953,64.78747203579418,58.946263639118634,False
1137667,Piero Hincapié,9825,Arsenal,ENG-Premier League,1.2,36.9,2.0,0.0,4.5,1.6,0.09,0.02,1.0,2.0,0.05,1.3,0.1,0.5,0.2,7.11,0.0,13.0,0.1,2.5,0.4,1684,23,Defender,0.7916666666666666,0.34210526315789475,0.032520325203252036,0.4,57.09589316497064,45.70972405798589,76.84576947370972,66.47868446680155,58.85608830224792,True
1398483,Lukas Ullrich,9788,Borussia Mönchengladbach,GER-Bundesliga,1.3,26.1,1.0,0.0,3.0,1.3,0.1,0.04,1.2,0.0,0.0,1.5,0.1,0.4,0.1,6.55,0.0,14.0,0.7,1.9,0.7,1216,22,Defender,0.7391304347826088,0.4411764705882353,0.04980842911877394,0.5833333333333334,67.02018484536096,49.9437543398879,61.87519872587307,57.346241425379596,58.75717913297501,True
753724,Viti,8306,Las Palmas,ESP-La Liga,1.3,26.4,2.0,0.0,2.4,1.3,0.06,0.0,1.3,2.0,0.0,1.2,0.1,0.3,0.1,6.82,0.0,12.0,0.1,3.2,0.4,1986,29,Defender,0.7719298245614036,0.2727272727272727,0.04924242424242425,0.3076923076923077,51.56599552572706,50.53131991051455,80.27964205816555,59.56375838926174,58.50269671114838,False
642534,Jonas Föhrenbach,94937,1. FC Heidenheim 1846,GER-Bundesliga,1.1,23.9,3.0,0.0,3.7,2.7,0.11,0.02,0.6,1.0,0.04,1.2,0.0,0.3,0.2,6.62,0.0,20.0,0.2,1.7,0.1,2237,26,Defender,0.8285714285714285,0.41379310344827586,0.04602510460251047,0.16666666666666669,50.92556352597801,57.21835820703992,71.39401476880784,57.630004149182355,58.45936848496883,True
767789,Marco Friedl,8697,SV Werder Bremen,GER-Bundesliga,4.2,56.4,0.0,0.0,5.6,1.1,0.04,0.02,0.6,0.0,0.04,1.2,0.1,0.8,0.1,6.8,0.0,5.0,0.3,1.5,0.1,2504,29,Defender,0.8181818181818181,0.4444444444444444,0.07446808510638299,0.16666666666666669,42.91847926050448,70.6772435170808,72.97445401180306,51.10673379501898,58.430770209938196,True
1208708,Omar El Hilali,8558,Espanyol,ESP-La Liga,2.1,32.6,3.0,0.0,2.8,2.0,0.07,0.0,1.4,2.0,0.0,1.3,0.0,0.5,0.1,6.72,0.0,17.0,0.0,2.3,0.2,2727,34,Defender,0.72,0.36111111111111116,0.06441717791411043,0.14285714285714288,40.63078622015191,72.18052721706782,73.02323898577443,54.356848218346805,58.38966666669383,True
1276626,Samson Baidoo,8588,Lens,FRA-Ligue 1,2.8,48.3,1.0,0.0,4.1,0.4,0.02,0.08,0.9,1.0,0.1,1.1,0.2,1.2,0.1,7.22,0.0,3.0,0.8,1.7,0.3,1827,23,Defender,0.7567567567567568,0.3928571428571429,0.057971014492753624,0.3333333333333333,58.46558317399618,58.23135755258126,60.99904397705545,53.90057361376673,58.30246614720272,True
1201760,Marvin Senaya,8583,Auxerre,FRA-Ligue 1,1.7,24.1,0.0,0.0,3.9,0.6,0.03,0.07,1.3,0.0,0.05,1.7,0.3,0.7,0.2,6.85,0.0,6.0,0.8,2.8,0.2,1776,24,Defender,0.7758620689655172,0.37777777777777777,0.07053941908713693,0.15384615384615385,36.615678776290636,55.688336520076476,88.75717017208413,75.74569789674952,57.780854197350415,True
38432,Dante,9831,Nice,FRA-Ligue 1,2.8,57.8,0.0,0.0,3.3,0.5,0.02,0.02,0.9,0.0,0.0,1.6,0.1,0.6,0.1,6.91,0.0,4.0,0.4,1.5,0.3,1965,25,Defender,0.775,0.5161290322580645,0.04844290657439446,0.3333333333333333,54.98322147651006,52.913870246085004,68.53467561521252,56.92393736017897,57.73135396927916,False
210389,Maxime Colin,8550,Metz,FRA-Ligue 1,1.5,44.0,0.0,0.0,2.3,0.4,0.02,0.02,0.6,0.0,0.0,1.3,0.1,0.6,0.2,6.4,0.0,5.0,0.4,2.1,0.3,1602,21,Defender,0.8500000000000001,0.38235294117647056,0.03409090909090909,0.5,70.27246653919693,31.132887189292546,83.93881453154876,71.50095602294455,57.695091142924944,True
353519,Kevin Akpoguma,8226,TSG 1899 Hoffenheim,GER-Bundesliga,2.6,48.0,0.0,0.0,4.4,0.6,0.03,0.0,1.0,0.0,0.0,1.2,0.0,1.5,0.0,6.53,0.0,7.0,0.2,2.2,0.3,2216,32,Defender,0.7727272727272727,0.3529411764705882,0.05416666666666667,0.3,52.13646532438478,60.59843400447428,73.70246085011186,42.572706935123044,57.692728997320486,False
1053838,Morato,10203,Nottingham Forest,ENG-Premier League,3.3,45.7,0.0,0.0,5.7,0.2,0.01,0.06,1.1,0.0,0.0,0.7,0.1,0.9,0.1,0.0,0.0,2.0,0.3,2.1,0.4,1162,19,Defender,0.717948717948718,0.25,0.07221006564551422,0.36363636363636365,59.034416826003834,64.53154875717017,51.28585086042065,52.217973231357554,57.46925969246934,True
940743,Daniel Vivian,8315,Athletic Club,ESP-La Liga,3.3,41.3,3.0,0.0,5.1,0.8,0.03,0.04,1.3,0.0,0.04,1.1,0.2,0.5,0.1,6.63,0.0,6.0,0.6,1.9,0.2,2473,30,Defender,0.6976744186046512,0.3666666666666667,0.07990314769975787,0.15384615384615385,42.73819300969711,76.83184262194104,59.003394202266215,55.45927598906669,57.44108036816447,True
1159181,Javi López,8670,Real Oviedo,ESP-La Liga,1.5,30.1,2.0,0.0,3.0,1.4,0.08,0.03,2.0,1.0,0.0,1.0,0.1,0.1,0.1,6.8,0.0,16.0,0.4,2.4,1.0,1609,23,Defender,0.6296296296296295,0.29411764705882354,0.04983388704318937,0.5,64.88527724665393,54.77533460803059,52.22753346080306,56.31931166347992,57.18641095630742,True
1119461,Loic Badé,8178,Bayer 04 Leverkusen,GER-Bundesliga,2.5,71.3,0.0,0.0,6.0,0.9,0.05,0.07,0.6,0.0,0.0,1.1,0.2,1.0,0.1,7.12,0.0,2.0,0.7,1.8,0.2,1652,23,Defender,0.8285714285714285,0.3793103448275862,0.03506311360448808,0.33333333333333337,63.93087619039471,48.893162831881114,66.11960552825079,48.90514341770004,57.144360986585085,True
1238058,Bashir Humphreys,8191,Burnley,ENG-Premier League,2.9,38.1,1.0,0.0,5.0,0.7,0.04,0.03,0.9,0.0,0.0,0.6,0.2,1.0,0.1,0.0,0.0,9.0,0.5,1.6,0.4,1480,18,Defender,0.7096774193548387,0.2727272727272727,0.07611548556430446,0.4444444444444445,66.74952198852773,76.21892925430211,38.83365200764818,44.50286806883365,57.08388989006781,True
1406645,Ismaëlo Ganiou,8588,Lens,FRA-Ligue 1,1.9,51.0,1.0,0.0,4.8,0.9,0.04,0.09,1.1,0.0,0.14,1.3,0.2,0.6,0.1,7.22,0.0,9.0,0.9,1.7,0.5,1963,22,Defender,0.7317073170731708,0.43333333333333335,0.03725490196078431,0.45454545454545453,65.26290630975144,46.104206500956025,62.55736137667304,56.634799235181646,56.95793018063624,True
1048023,Strahinja Pavlovic,8564,Milan,ITA-Serie A,2.1,53.2,0.0,0.0,3.7,1.1,0.04,0.12,0.8,1.0,0.17,0.7,0.2,0.5,0.2,7.21,0.0,15.0,0.8,1.7,0.5,2690,32,Defender,0.7499999999999999,0.2916666666666667,0.039473684210526314,0.625,64.79185648106561,53.720558271772866,54.47077963279023,53.213798383957645,56.94332454939656,True
949731,Gabriele Zappa,8529,Cagliari,ITA-Serie A,1.7,43.1,4.0,0.0,2.7,1.4,0.09,0.03,0.8,3.0,0.0,1.0,0.0,0.1,0.1,6.59,0.0,11.0,0.6,1.7,0.3,1414,29,Defender,0.7714285714285715,0.37037037037037035,0.03944315545243619,0.37499999999999994,65.46707174663466,57.36252803549761,51.911201081353916,49.37226863317949,56.91583235773688,True
1250485,Tarik Muharemovic,7943,Sassuolo,ITA-Serie A,2.8,43.6,1.0,0.0,7.0,0.4,0.01,0.05,0.8,2.0,0.07,1.5,0.2,1.0,0.0,6.94,0.0,5.0,0.7,1.4,0.2,2745,31,Defender,0.7837837837837838,0.5172413793103449,0.06422018348623852,0.25,52.141491395793494,65.2963671128107,68.24091778202677,37.97323135755258,56.89244371606921,True
751998,Omar Alderete,8472,Sunderland,ENG-Premier League,2.5,33.9,1.0,0.0,7.0,0.9,0.03,0.05,1.1,1.0,0.03,1.2,0.3,0.9,0.1,6.94,0.0,9.0,0.8,1.0,0.6,2779,32,Defender,0.6666666666666666,0.5454545454545454,0.07374631268436578,0.5454545454545454,70.02390057361377,72.06978967495219,36.543977055449325,48.93881453154876,56.89208302809048,True
343766,Anthony Jung,8697,SV Werder Bremen,GER-Bundesliga,2.5,63.6,0.0,0.0,3.5,0.5,0.02,0.0,0.4,0.0,0.0,1.2,0.0,0.7,0.0,6.67,0.0,2.0,0.0,1.6,0.3,1898,28,Defender,0.875,0.4285714285714286,0.03930817610062893,0.7499999999999999,74.04921700223713,41.14093959731544,74.68120805369128,40.246085011185684,56.77403781469711,False
1010426,Keane Lewis-Potter,9937,Brentford,ENG-Premier League,1.0,19.7,6.0,0.0,1.7,2.3,0.12,0.15,0.8,3.0,0.15,0.5,0.5,0.1,0.4,6.65,0.0,18.0,1.4,1.1,0.8,1789,34,Defender,0.6666666666666666,0.3125,0.050761421319796954,1.0,87.54963691089809,58.352271998152126,30.968028482497147,61.92441501519229,56.75463202525924,True
1107620,Jarell Quansah,8178,Bayer 04 Leverkusen,GER-Bundesliga,1.9,57.7,1.0,0.0,3.5,1.3,0.05,0.11,0.7,0.0,0.12,1.0,0.3,0.5,0.2,7.09,0.0,11.0,0.6,1.1,0.6,2212,27,Defender,0.7500000000000001,0.47619047619047616,0.03292894280762565,0.8571428571428572,83.06405353728488,46.19980879541109,44.364244741873804,60.09560229445506,56.72841724467706,True
765998,Amos Pieper,8697,SV Werder Bremen,GER-Bundesliga,4.2,52.3,0.0,0.0,6.7,0.5,0.03,0.03,0.6,0.0,0.0,1.5,0.2,1.0,0.1,6.86,0.0,2.0,0.6,1.9,0.0,1459,18,Defender,0.85,0.4411764705882353,0.08030592734225622,0.0,31.29925371751055,69.94080642424605,83.61397704119098,64.20679325237437,56.72653448506974,True
1030829,Jarrad Branthwaite,8668,Everton,ENG-Premier League,3.0,35.2,2.0,0.0,6.7,0.6,0.02,0.04,0.4,1.0,0.0,1.0,0.1,0.8,0.1,6.98,0.0,3.0,0.4,1.3,0.1,2510,30,Defender,0.8518518518518519,0.4347826086956522,0.08522727272727272,0.25,49.670022371364645,64.46868008948546,60.77181208053691,50.25727069351231,56.58982120906634,False
950485,Maxence Lacroix,9826,Crystal Palace,ENG-Premier League,2.5,42.9,3.0,0.0,7.4,0.9,0.03,0.07,1.0,2.0,0.03,1.3,0.2,0.5,0.0,7.04,0.0,7.0,0.7,1.8,0.2,3026,34,Defender,0.7560975609756099,0.41935483870967744,0.05827505827505828,0.2,44.39351358750284,67.37290099138367,72.24807975555468,43.09660180539336,56.57368413958815,True
974618,Jan Paul van Hecke,10204,Brighton and Hove Albion,ENG-Premier League,3.7,60.9,2.0,0.0,5.3,1.5,0.04,0.07,0.8,3.0,0.09,1.3,0.3,0.8,0.1,7.16,0.0,12.0,0.7,1.5,0.1,3031,34,Defender,0.7777777777777778,0.46428571428571436,0.060755336617405585,0.125,41.695964029012906,79.84743556291285,56.555455034127384,51.39732627259415,56.42430285787877,True
303905,Dominik Kohr,9905,1. FSV Mainz 05,GER-Bundesliga,3.9,36.4,3.0,0.0,5.1,2.1,0.08,0.06,1.6,0.0,0.08,1.7,0.1,0.6,0.1,6.69,0.0,10.0,0.6,1.8,0.2,2255,28,Defender,0.6862745098039216,0.4857142857142857,0.10714285714285715,0.125,30.247172211029408,83.51181590177701,66.32601665661451,68.45702459424275,56.42395099248363,True
865010,Nicolas Cozza,9830,Nantes,FRA-Ligue 1,1.7,24.3,0.0,0.0,3.7,0.7,0.03,0.08,0.9,1.0,0.0,0.7,0.1,0.4,0.2,6.62,0.0,10.0,0.5,1.7,0.3,2303,29,Defender,0.7272727272727273,0.2916666666666667,0.06995884773662552,0.3333333333333333,58.016951049629064,51.422966365957876,58.76709755426375,59.65302284331633,56.36922151324181,True
643724,Philipp Lienhart,8358,Sport-Club Freiburg,GER-Bundesliga,3.2,63.3,0.0,0.0,5.1,0.6,0.04,0.08,0.4,0.0,0.07,1.1,0.1,0.6,0.1,6.66,0.0,4.0,0.6,1.3,0.2,1210,19,Defender,0.8571428571428572,0.4583333333333333,0.05055292259083729,0.5,57.84801088768264,62.0094589950994,56.077333059572844,44.44527142924361,56.33711251058947,True
956682,Sven Botman,10261,Newcastle United,ENG-Premier League,2.4,50.3,3.0,0.0,6.9,0.9,0.05,0.09,0.6,1.0,0.05,1.2,0.2,1.2,0.1,7.01,0.0,8.0,0.8,1.0,0.2,1658,23,Defender,0.7857142857142857,0.5454545454545454,0.04771371769383698,0.33333333333333337,59.909177820267686,58.38910133843211,54.378585086042065,48.93881453154876,56.292759397110245,True
1281090,Philipp Treu,8358,Sport-Club Freiburg,GER-Bundesliga,1.2,28.7,3.0,0.0,1.8,1.7,0.07,0.05,0.8,2.0,0.04,0.3,0.2,0.3,0.1,6.65,0.0,20.0,0.7,1.7,0.6,2098,27,Defender,0.7142857142857143,0.15,0.04181184668989547,0.7499999999999999,78.36782786739157,48.834874661898674,46.69097716809036,52.2580748649377,56.220100531689845,True
1487894,Nhoa Sangui,6379,Paris FC,FRA-Ligue 1,1.0,34.3,2.0,0.0,2.9,1.1,0.06,0.01,0.3,0.0,0.0,0.9,0.1,0.3,0.1,6.74,0.0,17.0,0.2,1.4,0.5,1733,26,Defender,0.8846153846153847,0.391304347826087,0.02915451895043732,1.6666666666666667,87.34225621414915,37.32791586998088,59.62237093690248,47.79158699808796,56.19950276272787,True
734042,Kyle Walker-Peters,8654,West Ham United,ENG-Premier League,1.0,34.4,1.0,0.0,2.3,0.4,0.03,0.08,0.8,0.0,0.07,0.6,0.2,0.3,0.5,6.7,0.0,7.0,0.3,3.1,1.1,1290,22,Defender,0.8222222222222223,0.16216216216216214,0.029069767441860465,1.375,86.5326523541263,30.269343958662166,57.731127993007696,74.30711506352812,55.77787671770017,True
1598982,Gerard Martín,8634,Barcelona,ESP-La Liga,2.1,74.1,1.0,0.0,4.5,0.9,0.04,0.01,0.7,0.0,0.0,1.3,0.1,0.2,0.1,7.22,0.0,13.0,0.3,1.7,0.2,1944,30,Defender,0.8108108108108107,0.43333333333333335,0.028340080971659923,0.28571428571428575,55.17923113227052,44.57075211415812,68.66411655922992,62.38367674590037,55.67891792649115,True
952528,Adrián De La Fuente,8581,Levante,ESP-La Liga,6.0,41.3,3.0,0.0,5.8,1.8,0.07,0.11,1.2,1.0,0.11,1.7,0.3,0.8,0.1,6.92,0.0,18.0,1.3,1.0,0.2,2530,31,Defender,0.6923076923076923,0.6296296296296295,0.14527845036319614,0.16666666666666669,39.03919694072658,94.07265774378585,48.40344168260037,49.93307839388145,55.650183242336404,True
411617,Aymeric Laporte,8315,Athletic Club,ESP-La Liga,2.9,47.6,1.0,0.0,5.7,0.3,0.01,0.07,0.3,1.0,0.0,1.1,0.2,0.6,0.0,6.92,0.0,7.0,0.7,1.2,0.1,1970,24,Defender,0.8846153846153847,0.47826086956521746,0.06092436974789916,0.33333333333333337,54.866156787762904,67.91108986615679,61.23326959847036,32.64818355640536,55.61594078766963,True
1203189,Fredrik Oppegård,8583,Auxerre,FRA-Ligue 1,0.5,22.6,1.0,0.0,1.7,1.0,0.07,0.04,0.6,0.0,0.0,0.9,0.1,0.4,0.2,6.47,0.0,11.0,0.7,1.9,0.6,1248,23,Defender,0.8235294117647058,0.32142857142857145,0.022123893805309734,1.0,85.63097514340345,28.197896749521988,67.85372848948374,64.98087954110899,55.54763187330976,True
839893,Andoni Gorosabel,8315,Athletic Club,ESP-La Liga,0.4,31.0,1.0,0.0,2.8,1.1,0.08,0.02,0.9,1.0,0.0,1.0,0.1,0.1,0.3,6.6,0.0,12.0,0.4,2.6,0.9,1223,22,Defender,0.8,0.2777777777777778,0.012903225806451613,1.0,71.56942466097188,29.066886673139958,73.62755456317379,76.35648320436648,55.54241955795642,True
1067763,Trai Hume,8472,Sunderland,ENG-Premier League,1.3,23.1,1.0,0.0,3.1,1.8,0.06,0.06,1.0,1.0,0.03,0.8,0.2,0.4,0.3,6.79,0.0,23.0,1.0,2.0,0.2,2887,36,Defender,0.7368421052631579,0.28571428571428575,0.05627705627705627,0.2,45.44933078393882,60.31548757170171,54.93785850860421,71.21414913957935,55.49320086911998,True
465750,Timothy Castagne,9879,Fulham,ENG-Premier League,1.7,32.9,3.0,0.0,3.3,1.2,0.06,0.07,1.0,0.0,0.0,1.6,0.3,0.5,0.1,6.77,0.0,15.0,0.6,1.8,0.1,1662,28,Defender,0.7727272727272727,0.47058823529411764,0.05167173252279635,0.1,40.874629104446754,51.5741334839016,79.54989926469645,64.07811156595275,55.377340336016196,True
1080669,Nadir Zortea,9857,Bologna,ITA-Serie A,2.2,31.0,4.0,0.0,1.9,2.5,0.12,0.02,1.4,2.0,0.0,1.0,0.1,0.3,0.3,6.63,0.0,24.0,0.6,1.3,1.0,1787,31,Defender,0.6216216216216216,0.4347826086956522,0.07096774193548387,0.7142857142857143,74.3960551399244,67.96266947841498,27.48394508820934,65.43983471710703,55.3722534521773,True
1555492,Abdoulaye Faye,8689,Lorient,FRA-Ligue 1,2.5,45.3,0.0,0.0,5.7,0.2,0.01,0.04,1.6,0.0,0.0,1.9,0.1,0.4,0.0,6.73,0.0,1.0,0.5,2.0,0.5,1356,16,Defender,0.7090909090909091,0.48717948717948717,0.05518763796909493,0.3125,53.226577437858516,49.593690248565956,71.47227533460803,47.96367112810707,55.22525812118412,True
500502,Adam Masina,9804,Torino,ITA-Serie A,3.1,49.1,1.0,0.0,4.2,0.7,0.03,0.03,1.1,2.0,0.05,1.3,0.1,0.7,0.1,6.87,0.0,4.0,0.4,1.5,0.3,1918,28,Defender,0.717948717948718,0.46428571428571436,0.06313645621181263,0.2727272727272727,48.780760626398205,62.074944071588355,55.20693512304249,55.46979865771812,55.13868053175307,False
700074,Jordan Torunarigha,9790,Hamburger SV,GER-Bundesliga,2.4,41.2,0.0,0.0,8.4,0.7,0.03,0.02,0.9,0.0,0.0,1.3,0.0,0.8,0.0,6.84,0.0,1.0,0.2,1.7,0.3,1876,23,Defender,0.7692307692307693,0.43333333333333335,0.058252427184466014,0.3333333333333333,58.46558317399618,50.597514340344155,68.7810707456979,40.04780114722753,55.08874452744165,True
729731,Matty Cash,10252,Aston Villa,ENG-Premier League,1.7,35.7,4.0,0.0,2.6,2.9,0.09,0.04,1.2,3.0,0.09,0.7,0.3,0.4,0.1,6.94,0.0,29.0,0.9,2.0,0.3,2975,34,Defender,0.6923076923076923,0.25925925925925924,0.047619047619047616,0.25,55.54819467792506,55.49054456949025,52.21312538943142,56.852089491161955,54.86856068532565,True
924610,Yukinari Sugawara,8697,SV Werder Bremen,GER-Bundesliga,2.3,32.9,4.0,0.0,2.6,3.1,0.11,0.07,0.8,6.0,0.0,0.4,0.4,0.2,0.3,6.8,0.0,20.0,1.1,1.3,0.4,2432,31,Defender,0.68,0.23529411764705882,0.06990881458966565,0.5,69.6804559252748,64.59850244459558,32.74901153928962,57.63115907622946,54.814843979285996,True
711357,Ethan Pinnock,9937,Brentford,ENG-Premier League,2.2,42.5,2.0,0.0,6.5,0.7,0.03,0.05,0.4,0.0,0.09,1.1,0.3,0.8,0.0,6.68,0.0,8.0,0.5,1.6,0.1,1913,22,Defender,0.8709677419354839,0.40740740740740744,0.05176470588235295,0.25,49.670022371364645,57.03020134228186,71.59955257270693,38.85906040268456,54.67782107938687,False
1106074,Mario Gila,8543,Lazio,ITA-Serie A,4.9,60.4,1.0,0.0,4.1,0.6,0.02,0.04,0.7,0.0,0.0,0.9,0.1,0.6,0.0,7.02,0.0,5.0,0.4,1.7,0.2,2346,29,Defender,0.787878787878788,0.34615384615384615,0.08112582781456955,0.28571428571428575,46.454398917505415,78.34208083633827,56.64300135596991,34.70150839175696,54.65695104502663,True
1337884,Konstantinos Koulierakis,8721,VfL Wolfsburg,GER-Bundesliga,3.2,44.8,3.0,0.0,5.9,1.3,0.05,0.11,1.1,1.0,0.11,1.4,0.4,0.6,0.1,6.77,0.0,13.0,0.9,1.4,0.1,2391,28,Defender,0.717948717948718,0.5,0.07142857142857144,0.09090909090909091,37.17413947241221,81.81392342976261,56.70978750768169,48.98918931250473,54.55693780894509,True
1052330,Manuel Sánchez,8581,Levante,ESP-La Liga,0.8,24.1,2.0,0.0,2.7,1.2,0.04,0.03,1.2,2.0,0.03,1.1,0.1,0.2,0.2,6.75,0.0,16.0,0.4,2.5,0.4,2638,31,Defender,0.75,0.3055555555555556,0.03319502074688797,0.33333333333333337,56.44837476099427,37.17495219885277,71.10420650095602,70.08604206500956,54.49907261408433,True
1643851,Karim Coulibaly,8697,SV Werder Bremen,GER-Bundesliga,2.7,52.7,0.0,0.0,4.6,0.5,0.02,0.03,0.8,0.0,0.04,1.0,0.0,0.7,0.1,6.47,0.0,7.0,0.3,1.2,0.3,2032,26,Defender,0.7333333333333334,0.45454545454545453,0.051233396584440226,0.37499999999999994,62.672084130019115,61.285850860420645,43.025812619502865,48.18355640535373,54.47502087222305,True
770271,Mickaël Nadé,9853,St Etienne,FRA-Ligue 1,1.6,49.4,2.0,0.0,5.3,0.5,0.02,0.02,0.8,2.0,0.04,1.3,0.1,0.8,0.2,6.7,0.0,7.0,0.2,2.3,0.2,2278,26,Defender,0.8181818181818182,0.36111111111111116,0.032388663967611336,0.25,49.25615212527965,36.71700223713646,83.90380313199104,70.96196868008948,54.42489117820688,False
927646,Adrià Pedrosa,10268,Elche,ESP-La Liga,1.0,30.1,4.0,0.0,3.2,1.8,0.15,0.05,1.6,1.0,0.09,1.2,0.3,0.1,0.3,6.54,0.0,23.0,1.0,2.8,0.4,1045,25,Defender,0.7142857142857143,0.3,0.03322259136212624,0.25,47.36615678776291,42.28011472275334,69.73709369024856,77.84894837476098,54.3294320650562,True
1195281,Milos Kerkez,8650,Liverpool,ENG-Premier League,1.1,36.2,3.0,0.0,2.8,0.7,0.03,0.06,0.9,1.0,0.08,0.6,0.1,0.3,0.1,6.89,0.0,26.0,0.3,1.6,0.5,2253,33,Defender,0.7096774193548387,0.2727272727272727,0.03038674033149171,0.5555555555555556,73.77177073129695,46.8951497341529,45.34100290442765,53.43069653507627,54.32463866391092,True
1051097,Matteo Ruggeri,9906,Atlético de Madrid,ESP-La Liga,1.8,39.6,5.0,0.0,3.3,3.5,0.19,0.01,1.5,3.0,0.0,1.0,0.1,0.1,0.2,6.98,0.0,24.0,0.3,1.9,0.2,1640,24,Defender,0.6590909090909091,0.3448275862068966,0.045454545454545456,0.13333333333333333,44.27397863812714,55.26865242826975,57.94609057194554,70.4268239648788,54.26314720772486,True
198277,Nicolas Pallois,9830,Nantes,FRA-Ligue 1,2.9,31.5,1.0,0.0,7.0,0.4,0.02,0.02,1.0,2.0,0.0,1.2,0.0,0.8,0.1,6.81,0.0,3.0,0.1,2.7,0.1,2020,26,Defender,0.7959183673469388,0.30769230769230765,0.09206349206349206,0.1,30.380313199105146,64.27293064876957,82.98098434004474,60.62639821029083,54.24129074654883,False
1327156,Jacques Ekomié,8121,Angers,FRA-Ligue 1,0.5,24.3,1.0,0.0,2.0,1.1,0.04,0.04,1.2,0.0,0.0,1.3,0.1,0.4,0.2,6.58,0.0,12.0,0.4,2.4,0.6,2215,31,Defender,0.7551020408163265,0.35135135135135137,0.0205761316872428,0.5,67.00286806883365,28.56118546845124,76.54397705544933,71.91204588910134,54.20743894401198,True
980381,Leif Davis,9902,Ipswich Town,ENG-Premier League,1.1,25.1,12.0,0.0,2.3,4.7,0.16,0.03,0.9,2.0,0.03,0.8,0.1,0.3,0.2,6.59,0.0,61.0,0.5,1.5,0.4,2746,33,Defender,0.71875,0.3478260869565218,0.043824701195219126,0.4444444444444445,62.93624161073825,55.29082774049217,42.10850111856823,58.82550335570469,54.19927313869984,False
637716,Bernardo,8226,TSG 1899 Hoffenheim,GER-Bundesliga,1.8,38.3,1.0,0.0,5.2,1.2,0.05,0.01,1.6,0.0,0.0,1.6,0.0,0.5,0.2,7.06,0.0,8.0,0.4,2.5,0.2,2242,28,Defender,0.7192982456140351,0.39024390243902446,0.046997389033942565,0.125,32.97275013794962,58.43251447579857,76.00018108115428,70.41873947554906,54.05051270133743,True
792645,Pau Torres,10252,Aston Villa,ENG-Premier League,2.9,55.6,0.0,0.0,3.1,0.4,0.02,0.06,0.4,0.0,0.0,0.6,0.1,1.0,0.2,6.79,0.0,1.0,0.4,1.2,0.4,1659,20,Defender,0.8181818181818182,0.33333333333333337,0.05215827338129496,1.0,84.06133660705247,48.84347245213826,41.53564660943361,42.22709858086557,54.00883099069484,True
968029,Lautaro Valenti,10167,Parma,ITA-Serie A,2.4,34.7,3.0,0.0,5.7,0.5,0.02,0.02,0.9,0.0,0.0,1.1,0.2,1.0,0.2,6.9,0.0,10.0,0.7,2.0,0.3,2100,25,Defender,0.775,0.3548387096774194,0.06916426512968299,0.3333333333333333,42.63104500936061,66.16122924161216,54.13323794491425,55.92104006171018,53.77756705985218,True
443966,Jeremy Toljan,8581,Levante,ESP-La Liga,1.6,24.8,11.0,0.0,2.7,4.0,0.12,0.03,0.9,4.0,0.03,0.9,0.0,0.5,0.2,6.61,0.0,28.0,0.3,1.9,0.1,3060,35,Defender,0.7567567567567568,0.32142857142857145,0.06451612903225806,0.11111111111111112,34.847036328871894,69.53154875717016,59.287762906309744,64.98087954110899,53.76051606887215,True
243138,James Tarkowski,8668,Everton,ENG-Premier League,2.7,34.0,2.0,0.0,6.6,2.0,0.06,0.07,0.8,3.0,0.06,0.8,0.3,1.4,0.1,7.15,0.0,17.0,0.5,1.3,0.1,3150,35,Defender,0.7241379310344827,0.38095238095238093,0.07941176470588236,0.125,38.40923770537383,85.17383077894839,48.2537217880552,49.84869029847022,53.697408590186946,True
861805,Jaka Bijol,8463,Leeds United,ENG-Premier League,3.3,41.9,3.0,0.0,7.3,0.8,0.04,0.05,0.8,2.0,0.05,1.2,0.3,0.6,0.1,7.06,0.0,7.0,0.8,1.3,0.1,1733,23,Defender,0.7575757575757576,0.48,0.07875894988066826,0.125,37.915869980879535,76.24282982791587,54.98087954110898,51.137667304015295,53.66239695449336,True
1037537,Jesús Areso,8315,Athletic Club,ESP-La Liga,1.1,29.0,3.0,0.0,3.1,1.3,0.08,0.01,1.1,1.0,0.0,1.1,0.0,0.5,0.2,6.79,0.0,23.0,0.2,1.3,0.8,1504,26,Defender,0.6857142857142857,0.4583333333333333,0.03793103448275863,0.7272727272727273,75.58432179404372,48.918585485276104,36.46348149193761,61.4390319715175,53.59235863800684,True
1059657,Sergi Cardona,10205,Villarreal,ESP-La Liga,1.0,27.0,4.0,0.0,2.7,2.6,0.13,0.05,1.3,4.0,0.05,1.7,0.2,0.4,0.2,6.9,0.0,18.0,0.8,2.2,0.2,1852,29,Defender,0.75,0.43589743589743585,0.037037037037037035,0.15384615384615385,39.84482984787758,45.61888405530531,75.86411712956429,73.96449383539864,53.48322482310058,True
672469,Ben Chilwell,9848,Strasbourg,FRA-Ligue 1,1.2,39.0,4.0,0.0,3.0,1.0,0.05,0.02,0.8,2.0,0.0,1.2,0.2,0.2,0.2,6.77,0.0,7.0,0.3,1.4,0.6,1602,20,Defender,0.7647058823529412,0.46153846153846156,0.030769230769230767,0.7499999999999999,80.2055449330784,29.799235181644356,58.561185468451235,64.78011472275334,53.35087852509145,True
940573,Eric García,8634,Barcelona,ESP-La Liga,2.2,69.4,3.0,0.0,2.6,2.3,0.08,0.1,1.1,2.0,0.03,1.6,0.2,0.2,0.3,7.43,0.0,30.0,0.8,2.4,0.1,2605,32,Defender,0.7843137254901962,0.4,0.03170028818443804,0.09090909090909091,34.28077631059268,50.953114239394985,75.6127030568495,78.59803263167952,53.28768540100726,True
815465,Romain Perraud,8639,Lille,FRA-Ligue 1,0.8,38.7,7.0,0.0,1.9,3.8,0.15,0.09,0.9,4.0,0.12,0.9,0.5,0.2,0.4,7.21,0.0,37.0,1.3,1.7,0.5,2203,29,Defender,0.7428571428571429,0.34615384615384615,0.020671834625323,0.5555555555555556,68.17333672682268,37.489334747762506,50.17173480023326,72.3269641245439,53.24348822900662,True
1332850,Enzo Tchato,10249,Montpellier,FRA-Ligue 1,1.3,28.2,2.0,0.0,2.5,1.2,0.06,0.01,1.0,0.0,0.0,1.0,0.1,0.5,0.0,6.52,0.0,14.0,0.2,2.3,0.3,1902,27,Defender,0.7674418604651163,0.30303030303030304,0.04609929078014185,0.3,52.13646532438478,49.96644295302013,68.32774049217002,41.118568232662184,53.14971838985047,False
1187389,Kilian Fischer,8721,VfL Wolfsburg,GER-Bundesliga,1.9,30.6,0.0,0.0,3.5,1.0,0.04,0.01,1.3,0.0,0.04,0.7,0.0,0.3,0.0,6.55,0.0,12.0,0.2,2.5,0.4,2306,32,Defender,0.7111111111111111,0.21874999999999997,0.06209150326797385,0.3076923076923077,51.56599552572706,62.902684563758385,53.93736017897092,39.20581655480984,53.12326674184839,False
1395704,Guéla Doué,9848,Strasbourg,FRA-Ligue 1,1.0,48.5,6.0,0.0,4.4,2.4,0.11,0.1,1.9,6.0,0.09,1.2,0.2,0.4,0.2,7.35,0.0,19.0,0.5,2.1,0.8,1973,23,Defender,0.6346153846153847,0.36363636363636365,0.020618556701030927,0.4210526315789474,63.56204809914692,36.70533177061723,56.88406386033652,69.30106951947906,53.11739344359197,True
1098607,Jake O'Brien,8668,Everton,ENG-Premier League,1.2,23.1,0.0,0.0,4.2,1.0,0.03,0.04,0.6,1.0,0.03,0.4,0.2,0.5,0.2,6.76,0.0,16.0,0.3,1.7,0.2,2974,35,Defender,0.7777777777777778,0.19047619047619047,0.051948051948051945,0.33333333333333337,57.741465302997256,54.50056534391873,45.18172990961627,55.83414249518424,53.105846250298555,True
954962,David Carmo,8670,Real Oviedo,ESP-La Liga,5.3,42.2,1.0,0.0,7.5,0.5,0.02,0.05,1.0,0.0,0.05,1.1,0.2,0.9,0.1,6.62,0.0,7.0,0.5,1.7,0.1,1787,22,Defender,0.7368421052631579,0.3928571428571429,0.12559241706161137,0.1,31.658699808795408,82.33269598470363,57.71988527724665,53.90057361376673,53.07499920090065,True
184521,Florian Lejeune,8370,Rayo Vallecano,ESP-La Liga,4.0,51.6,2.0,0.0,6.2,0.4,0.01,0.06,1.3,1.0,0.06,1.4,0.5,0.8,0.1,7.24,0.0,16.0,1.4,1.8,0.2,3141,35,Defender,0.7111111111111111,0.43749999999999994,0.07751937984496124,0.15384615384615385,31.970109489935737,87.95289180900072,54.4216381998537,50.94174319840649,53.05205938351808,True
304455,Joël Veltman,10204,Brighton and Hove Albion,ENG-Premier League,1.2,30.0,0.0,0.0,3.8,0.2,0.01,0.09,0.8,0.0,0.09,1.6,0.1,0.5,0.4,6.83,0.0,4.0,0.3,2.6,0.2,985,23,Defender,0.8400000000000001,0.38095238095238093,0.04,0.25,46.01379068444398,35.28283593049335,81.54383803645293,76.06352383926267,52.86396121528725,True
362694,Luke Shaw,10260,Manchester United,ENG-Premier League,1.6,42.1,1.0,0.0,2.6,1.9,0.06,0.02,1.3,1.0,0.0,1.2,0.1,0.3,0.1,6.93,0.0,16.0,0.2,2.1,0.3,3059,36,Defender,0.717391304347826,0.36363636363636365,0.03800475059382423,0.23076923076923075,46.47705544933078,48.752390057361374,64.58413001912047,57.571701720841304,52.86073148472113,True
860592,Sebastian Walukiewicz,7943,Sassuolo,ITA-Serie A,1.4,33.4,2.0,0.0,3.4,2.1,0.07,0.01,1.1,1.0,0.0,0.8,0.0,0.3,0.1,6.8,0.0,21.0,0.2,1.6,0.7,2855,34,Defender,0.6857142857142857,0.3333333333333333,0.041916167664670656,0.6363636363636362,73.4321223709369,51.945506692160606,38.910133843212236,47.122370936902485,52.83600485948583,True
423624,Patrick Mainka,94937,1. FC Heidenheim 1846,GER-Bundesliga,1.3,34.5,3.0,0.0,7.7,1.3,0.04,0.1,0.3,2.0,0.06,0.9,0.2,1.2,0.0,6.78,0.0,10.0,1.1,1.4,0.1,2970,33,Defender,0.8846153846153847,0.391304347826087,0.03768115942028986,0.33333333333333337,56.713530326815835,44.93686042350177,68.0853091853772,41.313872099671634,52.79156797143341,True
857120,Ayumu Seko,9746,Le Havre,FRA-Ligue 1,2.6,33.3,1.0,0.0,4.0,1.2,0.04,0.04,1.0,0.0,0.0,1.3,0.2,0.2,0.2,6.8,0.0,10.0,0.6,1.4,0.1,2625,30,Defender,0.7297297297297297,0.48148148148148145,0.07807807807807808,0.1,31.658699808795408,75.4923518164436,55.46367112810707,65.75525812619503,52.74855111873036,True
896402,José Copete,10267,Valencia CF,ESP-La Liga,2.6,43.9,0.0,0.0,5.7,0.6,0.03,0.08,1.0,0.0,0.0,1.1,0.0,0.8,0.2,6.68,0.0,5.0,0.7,1.3,0.4,1760,21,Defender,0.7058823529411765,0.4583333333333333,0.05922551252847381,0.4,52.09962172574618,61.596159083358636,43.5891568034471,54.36968074109245,52.7308285092585,True
1254166,Alejandro Balde,8634,Barcelona,ESP-La Liga,0.8,53.3,4.0,0.0,1.1,2.0,0.1,0.02,0.7,2.0,0.0,0.3,0.1,0.5,0.5,7.16,0.0,22.0,0.4,1.8,1.2,1739,26,Defender,0.7500000000000001,0.14285714285714285,0.015009380863039401,1.7142857142857144,91.74248192396588,35.943272407367004,37.35109283189538,66.29293370005831,52.692929463823866,True
209405,Virgil van Dijk,8650,Liverpool,ENG-Premier League,3.6,65.7,0.0,0.0,7.4,1.2,0.03,0.1,0.5,0.0,0.16,0.7,0.4,0.6,0.1,7.25,0.0,11.0,0.8,0.6,0.1,3330,37,Defender,0.7222222222222222,0.5384615384615385,0.0547945205479452,0.2,47.493252231789576,75.20134941105849,40.512256485057954,47.882348579796194,52.45419037233794,True
877401,Calvin Bassey,9879,Fulham,ENG-Premier League,2.0,53.6,0.0,0.0,3.6,0.4,0.01,0.07,1.0,0.0,0.04,0.7,0.1,0.8,0.1,6.75,0.0,9.0,0.5,2.2,0.3,2352,28,Defender,0.7435897435897436,0.24137931034482754,0.03731343283582089,0.3,59.23385561700908,47.746416518023274,51.775572009701385,50.62400280604498,52.43701170827115,True
961306,Nathan Collins,9937,Brentford,ENG-Premier League,2.8,44.3,4.0,0.0,6.2,1.3,0.04,0.07,0.6,2.0,0.03,1.1,0.2,1.2,0.0,6.83,0.0,10.0,0.6,0.9,0.2,2792,33,Defender,0.7692307692307692,0.55,0.06320541760722348,0.33333333333333337,56.35816925527167,67.33354792163034,43.648699708986896,37.20132659768473,52.400219289119484,True
1125187,Ramon Hendriks,10269,VfB Stuttgart,GER-Bundesliga,1.4,50.3,1.0,0.0,3.4,1.1,0.05,0.01,0.7,3.0,0.0,1.0,0.0,0.5,0.1,6.76,0.0,6.0,0.2,1.5,0.4,1932,30,Defender,0.78125,0.4,0.027833001988071572,0.5714285714285715,70.366892519067,32.56009541693579,61.70039837853946,56.59891094656965,52.30093051073924,True
1523208,Sadibou Sané,8550,Metz,FRA-Ligue 1,4.2,60.4,1.0,0.0,5.8,0.5,0.02,0.01,1.1,1.0,0.1,1.8,0.1,1.0,0.0,6.56,0.0,3.0,0.2,2.1,0.1,1851,22,Defender,0.78,0.4615384615384615,0.06953642384105961,0.09090909090909091,28.269598470363288,67.70076481835564,84.08221797323137,47.54302103250478,52.157050091318816,True
458976,Hauke Wahl,8152,FC St. Pauli,GER-Bundesliga,2.1,47.7,1.0,0.0,5.6,1.4,0.05,0.02,0.4,1.0,0.07,1.0,0.1,0.7,0.1,6.72,0.0,6.0,0.4,1.5,0.1,2501,29,Defender,0.8620689655172414,0.4,0.0440251572327044,0.25,55.18148038834065,47.20974615844173,60.53184034060367,44.34686023814311,52.152232582603446,True
942381,Jurriën Timber,9825,Arsenal,ENG-Premier League,0.7,33.9,4.0,0.0,1.9,1.6,0.06,0.17,1.4,5.0,0.11,0.9,0.3,0.2,0.3,7.26,0.0,27.0,0.9,2.4,0.5,2457,30,Defender,0.7021276595744681,0.27272727272727276,0.02064896755162242,0.35714285714285715,62.12529746500642,35.63758389261745,55.30996245774178,71.20219350588799,52.13481863155953,True
526827,Konrad Laimer,9823,Bayern München,GER-Bundesliga,1.1,55.3,5.0,0.0,1.3,5.2,0.24,0.11,1.2,9.0,0.14,0.8,0.4,0.3,0.6,7.37,0.0,45.0,0.8,1.9,0.6,1952,28,Defender,0.6923076923076923,0.2962962962962963,0.019891500904159136,0.5,65.01347058429327,39.16224657549872,45.25611933105484,75.21130174536567,52.13424372444886,True
1112511,Alejandro Francés,7732,Girona,ESP-La Liga,3.9,48.9,2.0,0.0,5.0,1.6,0.14,0.07,1.3,2.0,0.0,1.1,0.4,0.5,0.3,6.79,0.0,10.0,1.2,2.1,0.6,1019,23,Defender,0.7111111111111111,0.34375,0.07975460122699386,0.4615384615384615,53.371691882573856,58.83458593013689,42.53095133194457,54.298517273288525,52.056812387895526,True
1178512,Chrislain Matsima,8406,FC Augsburg,GER-Bundesliga,2.1,39.1,1.0,0.0,5.7,0.4,0.03,0.03,0.6,1.0,0.06,1.9,0.1,1.2,0.0,6.86,0.0,4.0,0.4,1.0,0.1,1429,17,Defender,0.8285714285714285,0.6551724137931034,0.05370843989769821,0.16666666666666669,51.210798425306876,45.559212824538065,69.13708770173794,43.186885732088285,51.95314957985574,True
1073941,Lilian Brassier,9851,Rennes,FRA-Ligue 1,2.0,54.1,3.0,0.0,3.1,1.1,0.05,0.03,1.1,1.0,0.0,1.5,0.1,0.9,0.1,6.96,0.0,13.0,0.4,1.2,0.3,2252,27,Defender,0.7105263157894737,0.5555555555555555,0.03696857670979667,0.2727272727272727,47.72691464803955,53.379295152300664,53.64220502664174,55.057368505852345,51.920615400027394,True
1664722,Jaydee Canvot,9826,Crystal Palace,ENG-Premier League,2.7,47.4,0.0,0.0,6.9,0.3,0.02,0.11,0.9,0.0,0.0,0.7,0.1,0.9,0.2,0.0,0.0,3.0,0.5,2.7,0.1,1244,19,Defender,0.7906976744186046,0.20588235294117643,0.0569620253164557,0.11111111111111112,42.16685345116441,49.70546865085985,60.16911839142901,66.84320653375025,51.88174963313698,True
935406,Luca Ranieri,8535,Fiorentina,ITA-Serie A,3.1,44.9,2.0,0.0,4.6,1.1,0.04,0.07,0.8,0.0,0.04,0.9,0.1,0.4,0.0,6.85,0.0,7.0,0.7,1.3,0.2,2399,33,Defender,0.7333333333333334,0.40909090909090906,0.0690423162583519,0.25,55.90006958078999,76.39000817003948,40.93778650389324,30.3974873920464,51.83121789578174,True
1300526,Nico O'Reilly,8456,Manchester City,ENG-Premier League,0.5,39.7,6.0,0.0,2.4,2.6,0.09,0.19,1.5,3.0,0.18,0.7,0.5,0.4,0.4,7.17,0.0,23.0,1.4,2.4,0.8,2558,33,Defender,0.6739130434782609,0.22580645161290325,0.012594458438287152,0.5333333333333333,66.7925430210325,34.51720841300191,48.40822179732314,77.27533460803059,51.673158649889594,True
566187,Ali Abdi,9831,Nice,FRA-Ligue 1,0.8,24.7,3.0,0.0,2.2,0.7,0.06,0.16,1.8,0.0,0.25,0.8,0.3,0.3,0.4,6.63,0.0,13.0,0.9,1.8,1.4,1075,21,Defender,0.5909090909090908,0.3076923076923077,0.032388663967611336,0.7777777777777777,67.60052855735353,34.62052091487332,47.80603071535611,75.21347614505314,51.53474454660248,True
805451,Alessandro Bastoni,8636,Internazionale,ITA-Serie A,4.4,64.7,7.0,0.0,3.2,3.0,0.12,0.05,1.8,4.0,0.04,0.9,0.3,0.2,0.2,7.42,0.0,25.0,0.7,2.0,0.2,2249,28,Defender,0.6170212765957447,0.3103448275862069,0.06800618238021638,0.11111111111111112,32.5184004117814,90.31229013478425,41.33796872571623,60.68633322069231,51.51263036153062,True
950829,Chris Richards,9826,Crystal Palace,ENG-Premier League,2.1,39.8,1.0,0.0,6.2,1.4,0.04,0.08,0.5,0.0,0.03,1.4,0.1,0.6,0.0,6.89,0.0,9.0,0.5,1.8,0.1,2797,32,Defender,0.8648648648648649,0.43749999999999994,0.05276381909547739,0.2,41.21249160539137,49.74065827990014,79.7763041764158,41.29686900703365,51.449145624074404,True
215584,David López,7732,Girona,ESP-La Liga,3.1,69.3,1.0,0.0,4.1,1.3,0.05,0.03,0.4,1.0,0.04,0.5,0.1,0.4,0.1,6.77,0.0,4.0,0.4,1.2,0.2,2429,29,Defender,0.8095238095238094,0.29411764705882354,0.044733044733044736,0.5,64.27293064876959,53.30536912751677,44.161073825503344,39.384787472035796,51.40423491487944,False
812652,Facundo Medina,8592,Marseille,FRA-Ligue 1,2.7,64.5,2.0,0.0,3.0,0.7,0.05,0.02,1.7,1.0,0.0,1.4,0.1,0.7,0.1,0.0,0.0,6.0,0.3,1.1,0.3,1276,16,Defender,0.5952380952380952,0.5599999999999999,0.04186046511627907,0.17647058823529413,46.02910772617677,61.86249452835489,43.00950818643659,59.352242768516966,51.37415416824383,True
955214,Jean-Clair Todibo,8654,West Ham United,ENG-Premier League,1.3,33.9,0.0,0.0,4.8,0.3,0.02,0.01,0.4,1.0,0.0,0.9,0.0,0.7,0.1,6.71,0.0,5.0,0.1,1.9,0.2,1791,22,Defender,0.875,0.32142857142857145,0.038348082595870206,0.5,66.6940213276528,29.148636972209033,74.94371512940172,49.820487265147015,51.27510363569273,True
839232,Fernando Calero,8558,Espanyol,ESP-La Liga,3.1,44.8,1.0,0.0,5.4,0.1,0.01,0.08,0.6,0.0,0.0,1.2,0.0,1.3,0.0,6.7,0.0,3.0,0.5,1.2,0.1,2034,26,Defender,0.7999999999999999,0.5,0.06919642857142858,0.16666666666666669,44.67973231357552,64.35468451242829,59.16347992351816,33.73804971319312,51.267087081953264,True
846392,Montassar Talbi,8689,Lorient,FRA-Ligue 1,2.3,44.3,1.0,0.0,6.4,0.5,0.02,0.02,0.2,1.0,0.0,0.9,0.1,0.9,0.0,6.91,0.0,7.0,0.5,0.8,0.1,2520,28,Defender,0.8947368421052632,0.5294117647058824,0.05191873589164785,0.5,59.92351816443595,57.37093690248565,50.58795411089866,30.573613766730404,51.25079055440411,True
1131217,Pierre Kalulu,9885,Juventus,ITA-Serie A,2.2,54.1,10.0,0.0,1.7,3.0,0.09,0.05,0.9,4.0,0.06,0.7,0.1,0.2,0.2,7.26,0.0,38.0,0.4,1.7,0.2,3102,35,Defender,0.7272727272727273,0.2916666666666667,0.04066543438077634,0.22222222222222224,46.69752888386995,61.501804395281624,43.62727652518098,55.894633581571355,51.22707628127422,True
1605748,Matías Moreno,8581,Levante,ESP-La Liga,2.5,37.9,1.0,0.0,5.0,0.8,0.03,0.04,1.0,0.0,0.0,1.3,0.0,0.8,0.0,6.8,0.0,8.0,0.4,1.3,0.2,2076,26,Defender,0.7222222222222222,0.5,0.06596306068601583,0.2,45.44933078393882,68.36042065009559,52.01720841300191,35.48757170172084,51.197395542778104,True
1413963,Jacobo Ramón,10171,Como,ITA-Serie A,2.3,63.7,1.0,0.0,4.0,1.4,0.05,0.15,1.1,0.0,0.07,1.2,0.2,0.6,0.1,7.21,0.0,11.0,1.2,1.7,0.2,2563,30,Defender,0.725,0.41379310344827586,0.03610675039246467,0.18181818181818182,41.892925430210326,53.32695984703632,58.79541108986615,55.1434034416826,51.08414713658222,True
604088,Thilo Kehrer,9829,Monaco,FRA-Ligue 1,2.3,54.8,1.0,0.0,4.0,0.5,0.02,0.06,1.0,0.0,0.0,1.2,0.0,0.9,0.1,6.99,0.0,5.0,0.6,2.5,0.2,2337,27,Defender,0.7872340425531915,0.3243243243243243,0.041970802919708027,0.2,36.647428576317154,52.035566049707484,73.62667767411949,51.90932967178685,51.067988411900544,True
503659,Joachim Andersen,9879,Fulham,ENG-Premier League,5.2,61.3,3.0,0.0,7.2,1.8,0.06,0.05,1.0,1.0,0.0,1.1,0.1,0.6,0.0,6.94,0.0,7.0,0.5,1.4,0.2,2877,33,Defender,0.7142857142857143,0.44000000000000006,0.08482871125611746,0.2,43.76897965759978,79.32145897228604,45.99987809103391,34.251200910253615,51.057280094566885,True
1107951,Cenk Özkacar,8722,1. FC Köln,GER-Bundesliga,1.7,47.8,0.0,0.0,6.0,0.3,0.02,0.05,0.6,0.0,0.0,1.2,0.2,0.7,0.0,6.63,0.0,4.0,0.6,1.6,0.3,1703,24,Defender,0.8235294117647058,0.4285714285714286,0.03556485355648536,0.5,70.27246653919693,32.590822179732314,70.03824091778202,37.7246653919694,50.791585645413896,True
278856,Willi Orbán,178475,RB Leipzig,GER-Bundesliga,2.5,62.3,1.0,0.0,7.5,1.0,0.03,0.07,0.7,0.0,0.06,1.2,0.3,1.1,0.0,7.26,0.0,9.0,0.6,1.4,0.2,2860,32,Defender,0.7878787878787878,0.46153846153846156,0.04012841091492777,0.28571428571428575,48.27393657596925,55.82681369886061,55.508442374130766,39.84042757965788,50.73469172411589,True
600524,Reinildo,8472,Sunderland,ENG-Premier League,1.1,31.7,0.0,0.0,3.7,0.7,0.03,0.01,1.6,1.0,0.0,1.5,0.0,0.7,0.3,6.81,0.0,6.0,0.2,1.7,0.8,1789,23,Defender,0.6666666666666666,0.46875,0.034700315457413256,0.5,64.8661567877629,28.652007648183556,57.734225621414915,77.73422562141491,50.6643115358641,True
361712,Adam Dzwigala,8152,FC St. Pauli,GER-Bundesliga,2.0,35.6,0.0,0.0,5.2,0.3,0.02,0.01,1.5,1.0,0.07,1.6,0.1,0.4,0.0,6.88,0.0,5.0,0.3,3.3,0.2,1218,18,Defender,0.765625,0.32653061224489793,0.056179775280898875,0.13333333333333333,32.7868068833652,52.68164435946462,87.39961759082217,44.36902485659656,50.54135710513556,True
785411,Marcos Senesi,8678,Bournemouth,ENG-Premier League,5.0,48.8,7.0,0.0,7.0,4.6,0.13,0.04,1.0,5.0,0.0,1.6,0.1,1.3,0.1,7.18,0.0,24.0,0.5,1.7,0.2,3110,35,Defender,0.7674418604651163,0.4848484848484849,0.10245901639344263,0.2,40.61834580226794,66.76251848239734,51.23076012735566,43.69940956137012,50.51618190424731,True
260964,Berat Djimsiti,8524,Atalanta,ITA-Serie A,2.1,50.8,0.0,0.0,5.6,0.7,0.03,0.05,0.6,0.0,0.0,1.4,0.1,0.8,0.0,6.95,0.0,5.0,0.6,1.9,0.1,2414,32,Defender,0.8461538461538461,0.42424242424242425,0.04133858267716536,0.16666666666666669,37.001253309721484,47.34386740867165,80.91197531022623,48.70050745498279,50.4867336321716,True
793907,Trevoh Chalobah,8455,Chelsea,ENG-Premier League,1.6,69.0,1.0,0.0,5.7,1.0,0.03,0.05,0.7,0.0,0.1,1.1,0.2,0.5,0.2,7.05,0.0,5.0,0.5,1.1,0.2,2741,32,Defender,0.7586206896551724,0.5,0.02318840579710145,0.28571428571428575,58.20309392123397,38.49940400061025,51.64273757633568,62.4685139796077,50.4337792901549,True
959696,Joseph Scally,9788,Borussia Mönchengladbach,GER-Bundesliga,1.0,24.9,2.0,0.0,2.7,1.8,0.07,0.05,1.1,3.0,0.07,0.6,0.4,0.1,0.2,6.8,0.0,18.0,0.6,1.5,0.8,2521,31,Defender,0.65625,0.2857142857142857,0.040160642570281124,0.7272727272727273,78.99968346443895,45.88316986125191,34.32815327165167,47.093946899020885,50.4244306331901,True
210111,Lucas Digne,10252,Aston Villa,ENG-Premier League,0.6,28.7,4.0,0.0,3.0,3.3,0.16,0.03,0.7,6.0,0.0,0.7,0.2,0.2,0.0,6.81,0.0,26.0,0.7,1.7,0.2,1852,31,Defender,0.7741935483870969,0.2916666666666667,0.020905923344947733,0.28571428571428575,56.99317594957105,40.7961011944227,61.463003836924294,43.25674456007974,50.40736270248528,True
773991,Ryan Sessegnon,9879,Fulham,ENG-Premier League,1.0,25.6,3.0,0.0,3.2,1.8,0.09,0.08,1.6,1.0,0.15,1.2,0.2,0.4,0.1,6.69,0.0,14.0,0.8,2.4,0.4,1822,27,Defender,0.6923076923076923,0.33333333333333337,0.0390625,0.25,47.36615678776291,40.66443594646272,64.1491395793499,58.4225621414914,50.37205501762373,True
1407468,Santiago Mouriño,10205,Villarreal,ESP-La Liga,1.4,37.9,1.0,0.0,4.8,0.4,0.02,0.04,2.1,2.0,0.04,1.1,0.1,0.4,0.2,7.31,0.0,7.0,0.6,4.0,0.5,2204,26,Defender,0.7083333333333334,0.21568627450980396,0.036939313984168866,0.23809523809523808,42.568072968576004,41.35059450226209,65.77148057369932,66.96794578401723,50.35692189170221,True
191869,Kieran Trippier,10261,Newcastle United,ENG-Premier League,2.9,49.6,1.0,0.0,2.7,2.0,0.12,0.0,1.3,1.0,0.0,0.6,0.0,0.1,0.1,6.79,0.0,27.0,0.1,1.5,0.2,1507,20,Defender,0.6176470588235293,0.2857142857142857,0.05846774193548387,0.15384615384615385,40.67070605965983,75.1655716247257,39.634526187614334,51.05842647606092,50.27114009201123,True
1249284,Jon Aramburu,8560,Real Sociedad,ESP-La Liga,1.3,33.7,0.0,0.0,3.1,0.8,0.03,0.06,2.2,0.0,0.03,1.5,0.2,0.3,0.1,6.92,0.0,10.0,0.7,3.3,0.4,2695,33,Defender,0.6857142857142857,0.3125,0.03857566765578635,0.18181818181818182,40.77931554175347,39.83677031067537,72.57347332189812,65.5801868700479,50.225884169809355,True
1250443,Maxime Estève,8191,Burnley,ENG-Premier League,1.5,36.1,1.0,0.0,6.9,0.7,0.02,0.02,0.4,0.0,0.0,1.2,0.0,1.0,0.1,6.43,0.0,7.0,0.3,1.3,0.1,2855,33,Defender,0.8620689655172414,0.48,0.04155124653739612,0.25,50.635755258126196,39.33556405353728,65.52103250478011,51.137667304015295,50.139398823062265,True
1199947,Leopold Querfeld,8149,1. FC Union Berlin,GER-Bundesliga,4.5,32.4,3.0,0.0,7.2,1.8,0.06,0.12,1.5,0.0,0.1,1.2,0.3,0.8,0.1,6.87,0.0,21.0,1.0,1.7,0.1,2700,30,Defender,0.6590909090909091,0.41379310344827586,0.1388888888888889,0.06666666666666667,27.918051509746302,91.99202458711358,46.93695167699684,53.51469252562583,50.12336966141111,True
1133081,Sinaly Diomandé,8583,Auxerre,FRA-Ligue 1,2.6,35.6,1.0,0.0,4.8,0.3,0.01,0.08,1.3,2.0,0.09,1.3,0.2,0.6,0.0,6.92,0.0,4.0,0.4,1.4,0.2,2044,23,Defender,0.675,0.48148148148148145,0.07303370786516854,0.15384615384615385,43.165113218496515,61.73363104786103,54.20157469312446,39.07739864802244,50.11736564009098,True
427438,Héctor Bellerín,8603,Real Betis,ESP-La Liga,1.2,44.1,5.0,0.0,3.6,2.9,0.16,0.02,0.8,3.0,0.11,0.7,0.3,0.2,0.2,7.03,0.0,24.0,0.3,1.5,0.3,1640,25,Defender,0.7333333333333334,0.3181818181818181,0.027210884353741496,0.37499999999999994,62.672084130019115,42.80114722753346,42.08413001912046,57.151051625239006,49.90477322884852,True
1192406,Lorenz Assignon,10269,VfB Stuttgart,GER-Bundesliga,0.7,33.1,3.0,0.0,2.6,2.0,0.17,0.05,1.6,0.0,0.0,1.1,0.3,0.2,0.3,6.76,0.0,10.0,1.0,1.8,0.9,1092,24,Defender,0.6444444444444445,0.3793103448275862,0.021148036253776432,0.5625,66.51188505481626,31.716816878474578,47.42355024574281,75.50948679889869,49.88332558573544,True
1358581,Leny Yoro,10260,Manchester United,ENG-Premier League,1.9,45.5,0.0,0.0,4.4,0.6,0.03,0.07,0.8,0.0,0.0,1.6,0.2,0.5,0.1,6.68,0.0,4.0,0.5,1.6,0.1,1723,31,Defender,0.8,0.5,0.041758241758241756,0.125,43.07926007673848,34.66033381669169,79.31499637124773,62.45546045230366,49.7055269480192,True
1313884,Rafa Marín,10205,Villarreal,ESP-La Liga,3.3,45.5,1.0,0.0,6.4,0.6,0.03,0.02,0.8,0.0,0.05,0.9,0.1,0.8,0.0,7.07,0.0,5.0,0.3,1.7,0.1,1800,21,Defender,0.7647058823529411,0.34615384615384615,0.07252747252747252,0.125,37.915869980879535,71.18546845124283,56.34321223709369,33.718929254302104,49.68841905137625,True
1002668,David Nemeth,8152,FC St. Pauli,GER-Bundesliga,2.3,40.1,0.0,0.0,3.8,0.3,0.01,0.01,0.9,1.0,0.0,0.8,0.0,0.5,0.1,6.75,0.0,3.0,0.2,1.8,0.2,2141,24,Defender,0.7428571428571429,0.3076923076923077,0.05735660847880299,0.22222222222222224,45.637583892617464,50.844519015659955,51.97427293064876,51.36465324384787,49.56975769873147,False
1413846,Jorrel Hato,8455,Chelsea,ENG-Premier League,0.6,54.9,1.0,0.0,3.2,0.6,0.05,0.03,1.4,0.0,0.0,1.3,0.0,0.5,0.3,0.0,0.0,7.0,0.4,3.2,0.6,1000,20,Defender,0.7627118644067796,0.2888888888888889,0.01092896174863388,0.4285714285714286,62.246653919694076,20.764818355640532,81.46271510516252,78.0019120458891,49.54373586637721,True
723564,Igor Silva,8689,Lorient,FRA-Ligue 1,1.4,38.9,0.0,0.0,3.3,0.8,0.06,0.03,0.7,0.0,0.07,1.0,0.1,0.5,0.1,0.0,0.0,8.0,0.6,1.6,0.2,1212,17,Defender,0.787878787878788,0.3846153846153846,0.03598971722365039,0.28571428571428575,55.83652007648184,36.43881453154875,60.76003824091779,50.94646271510516,49.48987877146386,True
1200657,Yerson Mosquera,8602,Wolverhampton Wanderers,ENG-Premier League,1.0,28.3,1.0,0.0,4.9,0.6,0.03,0.09,1.3,0.0,0.0,1.2,0.3,0.6,0.0,6.77,0.0,11.0,1.2,2.6,0.4,1962,25,Defender,0.7450980392156863,0.3157894736842105,0.0353356890459364,0.3076923076923077,53.589866156787764,35.42543021032505,73.98661567877629,41.797323135755256,49.428781266863965,True
1641063,Noahkai Banks,8406,FC Augsburg,GER-Bundesliga,2.7,41.2,1.0,0.0,4.6,1.0,0.05,0.06,1.5,1.0,0.05,0.8,0.3,0.6,0.2,6.82,0.0,7.0,0.5,2.1,0.2,1697,22,Defender,0.6590909090909092,0.27586206896551724,0.06553398058252427,0.13333333333333333,32.7868068833652,68.98183556405354,45.86998087954111,65.32504780114724,49.42813918642455,True
1123969,Andrea Carboni,6504,Monza,ITA-Serie A,1.8,39.9,1.0,0.0,4.3,0.2,0.01,0.01,1.2,1.0,0.0,1.1,0.0,0.7,0.2,6.6,0.0,4.0,0.3,2.5,0.2,2196,26,Defender,0.75,0.3055555555555556,0.04511278195488722,0.16666666666666669,36.99664429530202,41.24720357941834,70.54250559284115,69.72035794183445,49.39508246345992,False
1060604,Abner,9748,Lyon,FRA-Ligue 1,1.9,35.1,5.0,0.0,1.7,3.2,0.14,0.07,1.0,2.0,0.13,0.3,0.3,0.2,0.1,6.95,0.0,21.0,0.7,1.4,0.4,2064,25,Defender,0.6296296296296295,0.17647058823529413,0.054131054131054124,0.4,60.82072537973574,58.52628813576238,31.127133941594906,49.8913726949581,49.36388984907175,True
1281108,Jordy Makengo,8358,Sport-Club Freiburg,GER-Bundesliga,1.1,29.0,0.0,0.0,4.0,0.7,0.06,0.0,0.8,0.0,0.0,0.9,0.0,0.7,0.2,6.37,0.0,4.0,0.0,1.6,0.5,1083,19,Defender,0.7575757575757576,0.36,0.03793103448275863,0.625,76.04684512428298,27.036328871892927,52.69598470363288,61.5678776290631,49.28970117380177,True
658240,Cédric Zesiger,8406,FC Augsburg,GER-Bundesliga,1.9,37.4,1.0,0.0,5.9,1.2,0.06,0.04,0.9,0.0,0.0,0.9,0.2,0.8,0.1,6.59,0.0,8.0,0.6,1.7,0.2,1722,26,Defender,0.7428571428571429,0.34615384615384615,0.05080213903743316,0.22222222222222224,43.26911725076033,56.02220668061133,48.46591824542342,50.90119242653025,49.28670430021609,True
1440009,Moïse Bombito,9831,Nice,FRA-Ligue 1,3.0,51.8,0.0,0.0,4.8,0.6,0.02,0.04,1.1,0.0,0.0,0.7,0.0,0.8,0.1,6.74,0.0,2.0,0.3,1.5,0.5,2195,27,Defender,0.6666666666666666,0.3181818181818181,0.05791505791505792,0.45454545454545453,61.94071588366891,54.647651006711406,33.344519015659955,46.588366890380314,48.96232734675773,False
992052,Thierry Correia,10267,Valencia CF,ESP-La Liga,1.2,34.5,2.0,0.0,1.8,1.9,0.12,0.02,1.8,1.0,0.0,1.1,0.1,0.0,0.4,6.71,0.0,11.0,0.3,1.9,0.5,1367,22,Defender,0.625,0.3666666666666667,0.034782608695652174,0.2777777777777778,50.61185468451243,37.60038240917782,48.7189292543021,78.33652007648183,48.961242364001386,True
724196,Danilho Doekhi,8149,1. FC Union Berlin,GER-Bundesliga,2.2,28.0,0.0,0.0,5.4,1.6,0.05,0.13,0.8,0.0,0.15,1.2,0.3,0.7,0.1,6.92,0.0,8.0,1.4,1.3,0.1,2970,33,Defender,0.7575757575757576,0.48,0.07857142857142858,0.125,34.50729885377055,65.75213554566025,50.94549314671993,51.00452988052921,48.94000431684165,True
1337979,Étienne Youté Kinkoué,9746,Le Havre,FRA-Ligue 1,2.4,43.4,0.0,0.0,5.9,0.3,0.01,0.05,0.5,0.0,0.0,1.1,0.1,0.9,0.1,6.33,0.0,3.0,0.5,0.7,0.1,2320,28,Defender,0.782608695652174,0.6111111111111112,0.05529953917050691,0.2,46.275167785234906,51.353467561521256,49.519015659955265,48.70246085011186,48.932901644080275,False
1362998,Abdukodir Khusanov,8456,Manchester City,ENG-Premier League,2.6,61.6,0.0,0.0,3.6,0.4,0.02,0.04,0.9,0.0,0.0,2.1,0.1,0.6,0.1,7.12,0.0,6.0,0.4,1.7,0.5,1339,20,Defender,0.8085106382978723,0.5526315789473685,0.04220779220779221,0.5555555555555556,58.81464918021567,37.675060562378185,56.16065177808861,45.17805838227515,48.89438751110934,True
559065,Ramy Bensebaini,9789,Borussia Dortmund,GER-Bundesliga,2.6,60.1,1.0,0.0,5.0,1.9,0.11,0.18,1.8,2.0,0.29,1.1,0.4,0.5,0.2,7.49,0.0,10.0,1.0,1.6,0.2,1529,21,Defender,0.6000000000000001,0.40740740740740744,0.04326123128119801,0.11111111111111112,31.675745676509212,59.152137399246875,52.620811072470964,70.20580514812296,48.87137126572301,True
442602,Denis Vavro,8721,VfL Wolfsburg,GER-Bundesliga,2.1,33.0,0.0,0.0,11.1,0.2,0.02,0.08,0.7,0.0,0.08,1.1,0.4,0.7,0.0,0.0,0.0,3.0,1.0,0.6,0.1,1084,16,Defender,0.7083333333333333,0.6470588235294118,0.06363636363636364,0.14285714285714288,45.39237577048605,62.71035356451836,45.900130178814074,37.36771451344064,48.71072669422557,True
307209,Lukas Kübler,8358,Sport-Club Freiburg,GER-Bundesliga,1.4,29.4,3.0,0.0,4.0,1.5,0.09,0.18,1.1,2.0,0.12,2.2,0.3,0.5,0.2,6.81,0.0,11.0,1.1,2.2,0.1,1563,22,Defender,0.8,0.5,0.047619047619047616,0.09090909090909091,23.227457891502443,51.2903814538678,86.0048328706496,74.5004441478706,48.67050208705861,True
1230286,Daouda Guindo,8521,Brest,FRA-Ligue 1,1.3,27.6,1.0,0.0,2.5,0.6,0.03,0.07,1.5,1.0,0.06,1.6,0.3,0.4,0.2,6.63,0.0,8.0,1.1,2.0,0.2,1605,24,Defender,0.7058823529411765,0.4444444444444445,0.04710144927536232,0.13333333333333333,32.7868068833652,43.030592734225614,69.59847036328873,74.88527724665393,48.60179679636421,True
1186553,Alexsandro Ribeiro,8639,Lille,FRA-Ligue 1,4.0,73.0,1.0,0.0,4.8,1.0,0.03,0.05,0.9,1.0,0.03,0.9,0.1,0.4,0.1,7.25,0.0,9.0,0.7,1.1,0.2,2700,30,Defender,0.6896551724137931,0.45,0.0547945205479452,0.22222222222222224,45.637583892617464,71.45973154362417,32.85234899328859,48.14317673378076,48.47714401893758,False
1386006,Daniele Ghilardi,8686,Roma,ITA-Serie A,2.9,40.8,0.0,0.0,4.7,0.3,0.02,0.02,2.0,0.0,0.0,1.6,0.0,0.4,0.0,6.68,0.0,3.0,0.2,2.2,0.3,1041,22,Defender,0.6551724137931034,0.42105263157894735,0.07107843137254902,0.15,31.554788455862536,61.71248946663758,63.19028278602624,45.221275467210766,48.45019145881036,True
729093,Mathías Olivera,9875,Napoli,ITA-Serie A,1.3,62.6,0.0,0.0,1.3,0.6,0.04,0.1,1.0,0.0,0.0,0.9,0.2,0.3,0.4,6.86,0.0,10.0,0.6,2.9,0.1,1293,23,Defender,0.7916666666666666,0.2368421052631579,0.020766773162939296,0.1,34.23779092398441,39.69730574055776,72.84782552902074,72.7312527536455,48.39966311270304,True
1254147,Antoine Mendy,9831,Nice,FRA-Ligue 1,2.2,43.3,0.0,0.0,5.4,0.4,0.02,0.1,1.3,0.0,0.04,0.8,0.3,0.8,0.1,6.81,0.0,1.0,0.7,2.3,0.3,2008,24,Defender,0.7045454545454546,0.2580645161290323,0.05080831408775982,0.23076923076923075,46.47705544933078,43.87189292543021,53.16443594646271,54.24474187380497,48.34888280229186,True
671203,Mario Hermoso,8686,Roma,ITA-Serie A,2.7,52.6,1.0,0.0,3.5,0.8,0.04,0.08,1.7,2.0,0.14,1.3,0.3,0.3,0.2,7.09,0.0,10.0,0.8,1.6,0.2,1916,25,Defender,0.6304347826086957,0.44827586206896547,0.051330798479087454,0.11764705882352942,29.69885277246654,65.9225621414914,48.30305927342256,67.8585086042065,48.22435542429136,True
303912,Matthias Ginter,8358,Sport-Club Freiburg,GER-Bundesliga,3.1,49.7,5.0,0.0,6.1,2.9,0.09,0.07,0.5,4.0,0.07,0.7,0.2,0.7,0.0,6.96,0.0,15.0,0.6,0.7,0.1,2764,31,Defender,0.7368421052631579,0.5,0.06237424547283702,0.2,47.493252231789576,76.63046112957568,34.49494755062786,34.21372994383633,48.18134734080067,True
935550,Torbjørn Heggem,9857,Bologna,ITA-Serie A,3.8,46.3,0.0,0.0,4.3,0.1,0.01,0.05,1.4,0.0,0.0,1.0,0.1,0.3,0.0,6.62,0.0,3.0,0.5,1.4,0.4,2014,25,Defender,0.631578947368421,0.4166666666666667,0.08207343412526998,0.28571428571428575,51.32409177820268,70.6453154875717,35.396749521988525,32.944550669216056,48.16480169146801,True
1130330,Josh Doig,7943,Sassuolo,ITA-Serie A,0.7,28.1,4.0,0.0,2.5,1.0,0.05,0.03,0.8,0.0,0.0,1.1,0.2,0.7,0.0,6.56,0.0,15.0,0.5,1.5,0.4,1919,30,Defender,0.7647058823529411,0.4230769230769231,0.024911032028469747,0.5,70.25334608030593,32.911089866156786,57.75334608030592,35.54493307839388,48.10760389491452,True
266105,Clinton Mata,9748,Lyon,FRA-Ligue 1,2.0,53.1,0.0,0.0,4.7,0.8,0.03,0.0,1.1,0.0,0.0,1.0,0.0,0.9,0.1,6.86,0.0,2.0,0.2,1.3,0.3,2746,31,Defender,0.676470588235294,0.4347826086956522,0.03766478342749529,0.2727272727272727,55.91856267190234,38.29998659714291,48.00782570012105,55.897385444782365,48.04665084269191,True
513072,Jonathan Gradit,8588,Lens,FRA-Ligue 1,3.0,48.1,1.0,0.0,5.1,0.9,0.04,0.03,1.2,0.0,0.0,1.1,0.2,0.5,0.1,6.96,0.0,11.0,0.7,1.9,0.1,2115,25,Defender,0.7142857142857143,0.3666666666666667,0.06237006237006237,0.08333333333333334,25.36912751677853,72.41051454138702,57.388143176733784,55.984340044742716,47.98966046438045,False
1413996,Luka Vuskovic,9790,Hamburger SV,GER-Bundesliga,3.4,47.6,0.0,0.0,9.2,1.0,0.04,0.16,1.1,0.0,0.23,1.4,0.4,0.9,0.0,7.38,0.0,9.0,1.2,0.8,0.2,2351,27,Defender,0.6666666666666666,0.6363636363636362,0.07142857142857142,0.18181818181818182,41.892925430210326,77.95889101338432,39.95697896749522,32.06500956022945,47.91867156004624,True
867080,Jeff Chabot,10269,VfB Stuttgart,GER-Bundesliga,3.3,61.0,0.0,0.0,7.8,0.8,0.03,0.05,1.4,0.0,0.0,1.5,0.3,0.6,0.2,7.18,0.0,6.0,0.7,1.3,0.2,2206,26,Defender,0.6666666666666667,0.5357142857142857,0.054098360655737705,0.14285714285714288,30.57112924774326,65.55239732912426,50.33502508758196,57.347838361543495,47.84264130674137,True
941953,Saúl Coco,9804,Torino,ITA-Serie A,2.4,37.2,0.0,0.0,4.9,0.6,0.02,0.03,1.3,1.0,0.03,1.3,0.1,1.2,0.1,6.75,0.0,10.0,0.5,1.7,0.2,2910,33,Defender,0.6976744186046512,0.43333333333333335,0.06451612903225806,0.15384615384615385,34.28741001193425,59.41079471813364,52.958263645605655,50.690910153804914,47.799456714987244,True
402830,Guillermo Maripán,9804,Torino,ITA-Serie A,1.9,34.6,0.0,0.0,6.4,0.5,0.02,0.07,1.2,0.0,0.09,1.2,0.3,1.1,0.1,6.83,0.0,9.0,0.8,2.2,0.1,2100,26,Defender,0.7391304347826086,0.3529411764705882,0.054913294797687855,0.08333333333333334,26.41934474287189,59.21222568700336,66.69562895758565,57.43863558914825,47.665591716179385,True
1192393,Victor Chust,10268,Elche,ESP-La Liga,2.6,59.2,0.0,0.0,3.4,0.9,0.04,0.02,1.6,0.0,0.0,0.9,0.1,0.8,0.0,6.72,0.0,5.0,0.4,2.7,0.3,1990,29,Defender,0.6923076923076923,0.25,0.04391891891891892,0.18749999999999997,40.72179732313575,52.44741873804971,56.945506692160606,39.93307839388145,47.63543122202877,True
526657,Lukas Klostermann,178475,RB Leipzig,GER-Bundesliga,1.8,51.5,0.0,0.0,6.8,0.7,0.03,0.02,0.6,0.0,0.05,1.2,0.1,0.8,0.1,6.75,0.0,2.0,0.2,1.3,0.2,1833,28,Defender,0.8064516129032258,0.48,0.03495145631067961,0.33333333333333337,57.11968680089486,30.06152125279642,62.74049217002236,52.0917225950783,47.570894706734094,False
560945,Mërgim Vojvoda,10171,Como,ITA-Serie A,1.1,35.6,4.0,0.0,1.3,2.7,0.15,0.08,0.9,2.0,0.11,0.8,0.4,0.1,0.4,6.73,0.0,29.0,1.0,0.7,0.7,1585,29,Defender,0.625,0.5333333333333333,0.030898876404494385,0.7777777777777777,73.2184002691978,51.632574931239056,20.828546089431278,67.24848611877498,47.54231461184681,True
634110,Carlens Arcus,8121,Angers,FRA-Ligue 1,1.9,43.1,3.0,0.0,2.9,1.5,0.07,0.01,1.4,3.0,0.0,1.4,0.0,0.1,0.2,6.83,0.0,16.0,0.4,1.6,0.1,2019,25,Defender,0.6818181818181818,0.4666666666666666,0.04408352668213457,0.07142857142857144,29.89810620480991,55.29772522146794,56.78441932121658,65.47488176256125,47.4759637541419,True
1487877,Finn Jeltsch,10269,VfB Stuttgart,GER-Bundesliga,1.9,56.7,0.0,0.0,4.1,0.3,0.02,0.01,0.8,1.0,0.0,1.1,0.0,0.8,0.0,6.84,0.0,5.0,0.2,1.4,0.3,1503,22,Defender,0.7575757575757576,0.44000000000000006,0.03350970017636684,0.37499999999999994,62.672084130019115,37.021988527724666,54.34034416826003,34.66539196940727,47.25254204278006,True
789066,Cristian Romero,8586,Tottenham Hotspur,ENG-Premier League,2.3,47.4,4.0,0.0,4.5,1.3,0.06,0.06,1.5,1.0,0.19,1.4,0.3,0.7,0.1,7.06,0.0,11.0,0.8,2.8,0.4,1872,23,Defender,0.7368421052631579,0.33333333333333337,0.04852320675105485,0.26666666666666666,43.04664408142664,47.17506270113197,54.2900335499178,44.3877460814466,47.10478513437503,True
1137407,Malick Thiaw,10261,Newcastle United,ENG-Premier League,2.6,45.7,1.0,0.0,5.8,1.0,0.03,0.15,0.7,0.0,0.13,0.9,0.5,1.0,0.0,7.05,0.0,6.0,0.9,1.3,0.3,2784,33,Defender,0.7586206896551724,0.40909090909090906,0.05689277899343545,0.4285714285714286,52.83496092496824,62.10655128802882,38.85662222336288,29.53246129212097,47.068336445038746,True
1288450,Rico Lewis,8456,Manchester City,ENG-Premier League,1.0,52.4,0.0,0.0,1.9,1.0,0.05,0.07,0.6,2.0,0.05,0.6,0.1,0.3,0.6,6.92,0.0,7.0,0.5,1.4,0.4,1891,28,Defender,0.7692307692307692,0.3,0.019083969465648856,0.6666666666666667,74.69239373601789,25.989932885906043,43.344519015659955,68.00894854586129,46.83202283597439,False
1435439,Javi Rodríguez,9910,Celta de Vigo,ESP-La Liga,2.0,58.9,2.0,0.0,3.3,0.8,0.03,0.03,1.2,1.0,0.0,0.9,0.1,0.6,0.1,6.7,0.0,10.0,0.5,1.4,0.2,2381,31,Defender,0.6571428571428571,0.391304347826087,0.03395585738539898,0.16666666666666669,43.214796469060076,52.73954398917505,42.40327485980469,51.01467470267758,46.80958283089046,True
201690,Lewis Dunk,10204,Brighton and Hove Albion,ENG-Premier League,2.6,72.4,1.0,0.0,4.5,0.5,0.02,0.05,0.5,0.0,0.03,1.0,0.1,0.9,0.1,7.0,0.0,6.0,0.8,1.1,0.1,2657,31,Defender,0.8076923076923077,0.47619047619047616,0.03591160220994475,0.2,41.827704133355574,53.649483918710246,48.62495954190745,41.72396388072598,46.78229467448016,True
1186015,Albian Hajdari,8226,TSG 1899 Hoffenheim,GER-Bundesliga,3.8,47.5,4.0,0.0,6.3,1.6,0.06,0.07,1.6,2.0,0.04,1.5,0.2,0.9,0.0,7.15,0.0,10.0,0.7,2.2,0.1,2375,29,Defender,0.6981132075471698,0.4054054054054054,0.08,0.0625,19.37858508604206,82.45219885277247,69.74665391969407,44.83747609942638,46.739526659290746,True
1406428,Christian Mawissa,9829,Monaco,FRA-Ligue 1,0.8,56.9,0.0,0.0,3.8,0.8,0.06,0.03,0.7,0.0,0.0,1.5,0.1,0.5,0.0,7.06,0.0,3.0,0.1,2.4,1.3,1101,17,Defender,0.8478260869565218,0.38461538461538464,0.0140597539543058,1.8571428571428574,83.07237685412132,14.090612581860801,89.30571061520538,55.31880264007768,46.737628972139134,True
1206806,Kialonda Gaspar,9888,Lecce,ITA-Serie A,2.3,32.9,0.0,0.0,6.9,0.2,0.01,0.04,0.6,0.0,0.0,0.8,0.0,1.0,0.0,6.65,0.0,0.0,0.4,1.1,0.0,1829,22,Defender,0.76,0.42105263157894735,0.06990881458966565,0.0,42.51290024994902,58.38173333162232,50.723258804892886,31.54132143615891,46.727557995738366,True
1052898,Destiny Udogie,8586,Tottenham Hotspur,ENG-Premier League,0.3,34.2,2.0,0.0,1.8,0.7,0.06,0.01,1.1,1.0,0.0,0.5,0.1,0.3,0.1,6.69,0.0,12.0,0.2,2.0,0.4,1183,18,Defender,0.6944444444444444,0.2,0.008771929824561403,0.36363636363636365,59.00952173187728,28.87377146417658,53.945687060396985,60.327949377123595,46.719119536180884,True
831044,Hjalmar Ekdal,8191,Burnley,ENG-Premier League,1.8,33.9,0.0,0.0,7.3,0.3,0.02,0.01,0.3,0.0,0.0,0.7,0.1,0.8,0.0,6.44,0.0,4.0,0.4,1.4,0.1,1539,19,Defender,0.875,0.33333333333333337,0.05309734513274337,0.33333333333333337,54.866156787762904,45.50669216061185,54.73231357552581,27.151051625239003,46.64905952005005,True
776591,Abdul Mumin,8370,Rayo Vallecano,ESP-La Liga,2.2,40.1,0.0,0.0,5.4,0.1,0.01,0.03,1.0,1.0,0.09,1.0,0.2,1.3,0.1,7.0,0.0,1.0,0.4,1.6,0.2,2020,24,Defender,0.7222222222222222,0.3846153846153846,0.054862842892768084,0.2,42.281879194630875,45.30760626398209,50.397091722595086,52.774049217002236,46.629638771820936,False
291635,Pedro Bigas,10268,Elche,ESP-La Liga,3.2,60.0,4.0,0.0,4.6,1.2,0.06,0.03,1.1,2.0,0.05,1.2,0.1,0.9,0.0,6.91,0.0,13.0,0.5,1.6,0.1,1888,26,Defender,0.717948717948718,0.4285714285714286,0.05333333333333334,0.09090909090909091,28.269598470363288,73.84799235181644,55.315487571701716,37.7246653919694,46.56965231562348,True
940829,Carlos Augusto,8636,Internazionale,ITA-Serie A,1.0,51.6,1.0,0.0,3.3,1.5,0.08,0.07,1.5,1.0,0.06,0.9,0.3,0.5,0.3,6.96,0.0,11.0,0.9,2.0,0.3,1573,32,Defender,0.6590909090909091,0.3103448275862069,0.01937984496124031,0.19999999999999998,53.800733022215944,31.989800283171004,49.11036040853049,66.68766922889371,46.46650709631374,True
1105912,Riccardo Calafiori,9825,Arsenal,ENG-Premier League,1.1,33.7,0.0,0.0,2.8,0.5,0.03,0.19,1.5,2.0,0.06,0.8,0.5,0.2,0.3,7.15,0.0,6.0,1.8,1.8,0.8,1590,24,Defender,0.6341463414634148,0.3076923076923077,0.032640949554896145,0.5333333333333333,65.73455142490907,30.15658172962445,43.963182066406866,59.61277862615012,46.36880776040204,True
1185260,Jamil Siebert,9888,Lecce,ITA-Serie A,3.1,25.4,0.0,0.0,7.5,0.2,0.01,0.02,1.2,0.0,0.06,0.9,0.1,1.2,0.1,0.0,0.0,3.0,0.4,1.4,0.2,1520,19,Defender,0.6571428571428571,0.391304347826087,0.1220472440944882,0.16666666666666669,39.03919694072658,69.90917782026769,34.19216061185468,47.79158699808796,46.36549226063727,True
1539619,Juma Bah,9831,Nice,FRA-Ligue 1,1.4,48.9,2.0,0.0,6.6,1.0,0.04,0.04,1.2,0.0,0.0,1.3,0.1,1.3,0.1,6.61,0.0,6.0,0.3,1.6,0.4,1954,26,Defender,0.7073170731707317,0.44827586206896547,0.028629856850715747,0.33333333333333337,56.44837476099427,29.622370936902485,56.16634799235182,55.382409177820264,46.32934931784609,True
710159,Ezri Konsa,10252,Aston Villa,ENG-Premier League,1.8,59.4,1.0,0.0,3.6,0.6,0.02,0.04,0.3,0.0,0.0,0.7,0.1,0.9,0.1,6.76,0.0,5.0,0.3,0.7,0.2,3036,34,Defender,0.8235294117647058,0.5,0.030303030303030304,0.6666666666666667,69.52296522528918,30.830481661612072,44.427491256061586,49.089774903292685,46.22683743570175,True
666954,Chidozie Awaziem,9830,Nantes,FRA-Ligue 1,5.0,46.7,2.0,0.0,7.3,1.3,0.05,0.02,0.9,2.0,0.04,0.8,0.2,0.7,0.0,6.82,0.0,10.0,0.4,1.1,0.2,2232,26,Defender,0.6785714285714286,0.42105263157894735,0.1070663811563169,0.22222222222222224,48.90535372848949,85.9321223709369,27.53346080305927,28.1453154875717,46.177423954922936,True
1140003,Ilya Zabarnyi,9847,Paris Saint-Germain,FRA-Ligue 1,2.9,78.3,0.0,0.0,3.4,0.4,0.02,0.02,0.7,0.0,0.04,0.7,0.1,0.5,0.0,7.16,0.0,4.0,0.2,1.1,0.1,2297,27,Defender,0.72,0.38888888888888884,0.037037037037037035,0.14285714285714288,46.51280828353601,59.26635754545208,43.92808155210788,30.02806757891645,46.177339383734804,True
1367619,Dean Huijsen,8633,Real Madrid,ESP-La Liga,5.1,65.9,1.0,0.0,5.8,1.2,0.05,0.11,1.0,2.0,0.09,0.8,0.2,0.7,0.0,7.27,0.0,10.0,0.9,1.4,0.1,1927,26,Defender,0.6875,0.36363636363636365,0.07738998482549315,0.1,29.562175711456447,85.22354254622915,42.45579908832055,37.50522212383955,46.07727734639481,True
1134871,Maxim De Cuyper,10204,Brighton and Hove Albion,ENG-Premier League,0.8,36.7,9.0,0.0,1.8,3.5,0.24,0.12,1.1,3.0,0.14,0.7,0.4,0.1,0.6,6.76,0.0,27.0,0.8,1.5,0.4,1279,28,Defender,0.6666666666666666,0.3181818181818181,0.021798365122615803,0.36363636363636365,59.034416826003834,38.3699808795411,32.81548757170172,69.53154875717017,45.906698329470544,True
939780,Isak Hien,8524,Atalanta,ITA-Serie A,2.6,48.5,0.0,0.0,4.8,0.3,0.01,0.04,1.6,0.0,0.05,1.3,0.1,0.6,0.0,6.8,0.0,2.0,0.4,2.4,0.2,1875,27,Defender,0.6981132075471698,0.35135135135135137,0.053608247422680416,0.125,31.893331793430605,46.84308177311244,64.18544848954078,51.29900063164529,45.780347593543475,True
355358,Christian Günter,8358,Sport-Club Freiburg,GER-Bundesliga,1.7,23.5,3.0,0.0,1.9,2.5,0.14,0.02,0.6,3.0,0.0,0.5,0.0,0.3,0.3,6.42,0.0,19.0,0.5,1.1,0.1,1550,24,Defender,0.7272727272727273,0.3125,0.07234042553191489,0.16666666666666669,45.21154413746198,65.11297610441682,28.001152788293314,52.576513916870915,45.77072711134748,True
935380,Enrico Del Prato,10167,Parma,ITA-Serie A,1.4,29.7,1.0,0.0,3.4,0.9,0.03,0.07,0.5,0.0,0.06,0.8,0.3,0.6,0.0,6.69,0.0,7.0,0.5,1.1,0.2,2863,34,Defender,0.7916666666666666,0.42105263157894735,0.04713804713804714,0.4,56.64516149729875,48.73233567598165,39.858378853143186,32.82021778216935,45.69252313380209,True
1353289,Ivan Smolcic,10171,Como,ITA-Serie A,1.8,41.4,1.0,0.0,2.4,0.6,0.04,0.05,1.4,1.0,0.0,1.3,0.2,0.5,0.2,6.98,0.0,14.0,0.7,2.2,0.1,1556,26,Defender,0.7142857142857142,0.37142857142857144,0.04347826086956522,0.07142857142857144,22.165391969407263,53.881453154875715,67.64340344168261,71.64435946462714,45.60033970553402,True
421365,Djené,8305,Getafe,ESP-La Liga,1.8,22.0,0.0,0.0,5.0,0.2,0.01,0.0,1.2,0.0,0.0,1.2,0.0,0.4,0.1,6.76,0.0,2.0,0.1,1.2,0.3,2546,33,Defender,0.6666666666666667,0.5,0.08181818181818182,0.25,43.71933561752238,56.51111153886186,33.14194695035096,54.78045692335991,45.575408813199026,True
1190029,Thomas Kristensen,8600,Udinese,ITA-Serie A,3.0,37.3,0.0,0.0,7.2,0.2,0.01,0.04,1.0,0.0,0.12,0.9,0.2,0.9,0.0,7.0,0.0,3.0,0.4,1.0,0.2,2326,26,Defender,0.6551724137931034,0.4736842105263158,0.0804289544235925,0.2,47.54787600361022,62.918368758225284,32.35696014646186,38.04458018401837,45.42641045395027,True
956921,Abdelkabir Abqar,8305,Getafe,ESP-La Liga,3.5,19.7,3.0,0.0,4.7,0.4,0.03,0.02,1.7,2.0,0.0,1.4,0.1,0.5,0.1,6.75,0.0,4.0,0.5,2.5,0.1,1332,21,Defender,0.6964285714285715,0.358974358974359,0.17766497461928935,0.05882352941176471,18.816360183248424,75.29527991296698,61.387384632055934,58.15741370484913,45.40477798409709,True
1329406,Jeanuël Belocian,8721,VfL Wolfsburg,GER-Bundesliga,1.4,37.8,1.0,0.0,4.0,0.7,0.04,0.03,1.4,1.0,0.0,0.9,0.0,0.8,0.2,6.51,0.0,5.0,0.2,1.9,0.4,1453,21,Defender,0.6666666666666667,0.32142857142857145,0.037037037037037035,0.28571428571428575,51.32409177820268,32.0697896749522,46.773422562141484,64.98087954110899,45.11727286547627,True
1298907,Cristhian Mosquera,10267,Valencia CF,ESP-La Liga,2.0,49.4,0.0,0.0,3.3,0.3,0.01,0.01,0.4,0.0,0.03,0.9,0.1,0.7,0.0,6.85,0.0,0.0,0.1,1.5,0.1,3320,37,Defender,0.8571428571428572,0.375,0.04048582995951417,0.25,49.670022371364645,34.87695749440715,62.72371364653244,34.41834451901566,44.819429254079836,False
1187734,Flavien Boyomo,8371,Osasuna,ESP-La Liga,1.9,40.0,2.0,0.0,4.2,1.0,0.04,0.03,1.1,1.0,0.04,0.5,0.1,0.5,0.1,6.8,0.0,8.0,0.3,2.1,0.1,2365,28,Defender,0.7027027027027027,0.1923076923076923,0.0475,0.09090909090909091,33.68420658650617,48.657393743147075,51.34463807295432,53.507570475502,44.797998264046846,True
552718,Kristoffer Ajer,9937,Brentford,ENG-Premier League,1.3,27.3,1.0,0.0,5.7,0.7,0.04,0.04,1.2,1.0,0.0,0.8,0.2,0.8,0.1,6.57,0.0,4.0,0.5,1.9,0.2,1725,26,Defender,0.6923076923076923,0.2962962962962963,0.047619047619047616,0.16666666666666669,48.34156753542845,37.87639571507807,46.28706638549183,50.228604263534386,44.70070708197013,True
851626,Hiroki Ito,9823,Bayern München,GER-Bundesliga,1.9,71.9,2.0,0.0,3.6,1.1,0.1,0.08,1.0,2.0,0.1,1.4,0.3,0.3,0.1,0.0,0.0,6.0,1.0,0.4,0.4,921,16,Defender,0.6428571428571428,0.7777777777777778,0.026425591098748258,0.4,62.825047801147235,36.18068833652008,36.7112810707457,47.95411089866157,44.69991088140365,True
1191407,Aitor Paredes,8315,Athletic Club,ESP-La Liga,3.5,47.0,1.0,0.0,4.2,0.5,0.03,0.06,1.1,0.0,0.12,1.5,0.2,0.2,0.0,0.0,0.0,4.0,0.8,1.2,0.2,1539,18,Defender,0.7105263157894737,0.5555555555555555,0.07446808510638298,0.18181818181818182,32.8876027849426,69.05429654249063,44.67315208107873,34.603396626187184,44.69370272115176,True
789914,Edmond Tapsoba,8178,Bayer 04 Leverkusen,GER-Bundesliga,3.5,76.7,4.0,0.0,4.9,1.3,0.05,0.09,1.1,3.0,0.18,0.7,0.4,0.7,0.1,7.4,0.0,10.0,1.0,1.1,0.3,2486,28,Defender,0.6206896551724137,0.38888888888888884,0.04563233376792699,0.2727272727272727,52.21237326101494,65.12396929890225,25.331007795044645,39.370928347470496,44.63173343163143,True
966018,Jeremie Frimpong,8650,Liverpool,ENG-Premier League,0.6,31.7,4.0,0.0,1.1,1.5,0.13,0.04,0.7,1.0,0.0,0.5,0.2,0.0,0.8,0.0,0.0,14.0,0.9,1.0,1.6,1023,20,Defender,0.6818181818181818,0.3333333333333333,0.01892744479495268,2.285714285714286,89.78721538533927,32.75288981283052,22.902959037161555,62.253968457659084,44.63105915561518,True
814663,Alejandro Catena,8371,Osasuna,ESP-La Liga,4.4,42.2,2.0,0.0,6.3,1.1,0.03,0.08,1.4,2.0,0.09,1.0,0.1,1.0,0.0,6.87,0.0,11.0,0.6,1.2,0.2,2893,33,Defender,0.6111111111111112,0.45454545454545453,0.1042654028436019,0.14285714285714288,36.14346332678875,85.73162133221547,31.652914479790912,32.55952508259154,44.60220977502069,True
279820,Matteo Bianchetti,7801,Cremonese,ITA-Serie A,3.2,41.7,1.0,0.0,5.5,0.4,0.02,0.02,1.1,2.0,0.0,0.8,0.0,0.8,0.0,6.72,0.0,4.0,0.3,2.0,0.1,2017,25,Defender,0.717948717948718,0.28571428571428575,0.07673860911270983,0.09090909090909091,28.269598470363288,69.36424474187379,52.06022944550669,35.45889101338432,44.59866740895413,True
955406,William Saliba,9825,Arsenal,ENG-Premier League,2.0,67.6,1.0,0.0,4.5,1.4,0.05,0.03,0.8,0.0,0.04,0.6,0.0,0.2,0.1,7.15,0.0,10.0,0.2,1.2,0.2,2525,30,Defender,0.6923076923076923,0.33333333333333337,0.02958579881656805,0.25,57.07643050547307,43.85264057672209,34.50107151564926,42.6941881504485,44.519392160737944,True
831474,Marin Pongracic,8535,Fiorentina,ITA-Serie A,2.5,54.5,1.0,0.0,3.7,0.5,0.02,0.02,2.2,0.0,0.0,1.1,0.0,0.7,0.1,6.81,0.0,6.0,0.3,1.0,0.5,2804,33,Defender,0.48837209302325574,0.5238095238095238,0.045871559633027525,0.22727272727272727,50.227545580407885,58.873154790166865,26.353759857872678,47.77075553616419,44.498230577708384,True
845990,Ozan Kabak,8226,TSG 1899 Hoffenheim,GER-Bundesliga,1.8,49.5,0.0,0.0,7.5,0.8,0.04,0.23,1.4,0.0,0.22,1.4,0.7,0.7,0.2,7.16,0.0,8.0,1.9,1.0,0.3,1655,24,Defender,0.631578947368421,0.5833333333333334,0.03636363636363636,0.2142857142857143,44.44550669216061,42.026768642447415,38.81931166347992,62.08413001912046,44.42374891289137,True
504606,Lucas Hernández,9847,Paris Saint-Germain,FRA-Ligue 1,1.8,77.4,1.0,0.0,2.3,0.7,0.04,0.03,1.1,3.0,0.0,1.0,0.2,0.4,0.3,7.18,0.0,15.0,0.6,1.3,0.2,1746,25,Defender,0.676470588235294,0.4347826086956522,0.023255813953488372,0.18181818181818182,41.892925430210326,44.187380497131926,36.83556405353728,68.12619502868068,44.339994482301485,True
798029,Ladislav Krejcí,8602,Wolverhampton Wanderers,ENG-Premier League,3.5,42.9,1.0,0.0,4.4,1.4,0.06,0.09,1.3,1.0,0.08,1.3,0.4,0.6,0.0,6.52,0.0,8.0,0.8,1.1,0.1,2205,26,Defender,0.6486486486486487,0.5416666666666666,0.08158508158508158,0.07692307692307693,34.191347885414125,71.67814464534472,40.15412572735451,33.461494589665826,44.300154110430704,True
828159,Min-Jae Kim,9823,Bayern München,GER-Bundesliga,1.2,84.1,1.0,0.0,4.5,1.4,0.08,0.03,0.5,1.0,0.06,2.2,0.2,1.0,0.1,7.39,0.0,4.0,0.3,1.2,0.1,1605,25,Defender,0.8717948717948718,0.6470588235294118,0.014268727705112961,0.2,42.19496736974633,29.048646667892882,68.83777623787505,53.54047163798598,44.18501479883675,True
1178332,Ismaël Doukouré,9848,Strasbourg,FRA-Ligue 1,1.6,59.9,2.0,0.0,3.1,0.5,0.02,0.02,0.9,2.0,0.0,1.0,0.1,0.5,0.2,6.8,0.0,6.0,0.3,0.9,0.5,1986,24,Defender,0.6785714285714286,0.5263157894736842,0.02671118530884808,0.5555555555555556,68.32993627939538,33.19569383311731,33.72786568055859,51.28934772286883,44.17831232056594,True
169586,Leandro Cabrera,8558,Espanyol,ESP-La Liga,3.0,33.1,1.0,0.0,5.9,1.6,0.05,0.08,1.0,0.0,0.09,0.7,0.3,0.7,0.1,6.75,0.0,11.0,1.1,1.0,0.2,3150,35,Defender,0.6296296296296295,0.4117647058823529,0.09063444108761329,0.2,37.514318956630355,81.84020871385327,27.358443015756908,39.37449293712206,44.126982353333624,True
478447,Adam Marusic,8543,Lazio,ITA-Serie A,1.3,43.5,3.0,0.0,2.2,1.4,0.05,0.04,0.7,2.0,0.03,1.1,0.2,0.4,0.1,6.83,0.0,8.0,0.5,1.2,0.2,2614,31,Defender,0.7666666666666666,0.47826086956521746,0.029885057471264367,0.28571428571428575,59.539782959265295,32.0913910882407,43.4996356989376,46.80182877707485,44.1082234049547,True
822789,Alberto Dossena,10171,Como,ITA-Serie A,2.0,43.8,2.0,0.0,4.3,0.4,0.02,0.04,1.1,2.0,0.0,1.1,0.2,0.5,0.0,6.73,0.0,5.0,0.6,1.6,0.2,1828,23,Defender,0.7105263157894737,0.40740740740740744,0.04566210045662101,0.18181818181818182,39.395973154362416,46.21923937360179,51.51565995525726,38.85906040268456,44.10532730555452,False
750880,Ardian Ismajli,9804,Torino,ITA-Serie A,2.2,40.1,1.0,0.0,7.7,0.3,0.02,0.02,1.0,1.0,0.0,1.6,0.2,0.8,0.0,6.96,0.0,4.0,0.3,1.5,0.1,1817,24,Defender,0.7560975609756099,0.5161290322580645,0.054862842892768084,0.1,28.320564973201414,51.661266313344534,66.60661402480669,38.588693406792395,43.99754440968334,True
193901,Stefan Bell,9905,1. FSV Mainz 05,GER-Bundesliga,2.9,25.3,3.0,0.0,8.9,0.6,0.05,0.15,1.3,1.0,0.17,1.6,0.4,0.9,0.1,6.86,0.0,5.0,1.0,1.0,0.1,1041,18,Defender,0.6666666666666666,0.6153846153846154,0.11462450592885375,0.07692307692307693,22.966515670649027,72.58793486211454,47.35108570271607,51.78757754764788,43.90906513138753,True
667788,Benedikt Gimber,94937,1. FC Heidenheim 1846,GER-Bundesliga,2.2,34.8,1.0,0.0,5.6,0.4,0.02,0.02,1.7,0.0,0.0,0.8,0.1,0.4,0.0,6.26,0.0,1.0,0.3,2.2,0.3,1437,21,Defender,0.6382978723404255,0.26666666666666666,0.06321839080459771,0.17647058823529413,38.008973497988855,50.15071441505796,47.67292893776655,38.35319522687187,43.77107077250032,True
928454,Josha Vagnoman,10269,VfB Stuttgart,GER-Bundesliga,0.7,28.5,3.0,0.0,2.7,1.9,0.11,0.17,1.0,3.0,0.06,0.2,0.6,0.2,0.1,6.76,0.0,16.0,1.1,1.7,0.3,1569,26,Defender,0.6551724137931034,0.10526315789473685,0.02456140350877193,0.3,57.89716657897776,38.77432654207713,32.308374789510985,52.62216918112821,43.7385682051951,True
795179,Gabriel,9825,Arsenal,ENG-Premier League,2.5,50.1,5.0,0.0,6.0,1.8,0.06,0.1,0.6,4.0,0.1,0.8,0.2,1.2,0.1,7.36,0.0,7.0,0.9,1.3,0.0,2616,30,Defender,0.7777777777777778,0.38095238095238093,0.0499001996007984,0.0,35.63184133868877,57.41582577996786,39.674207199615594,44.06942109638223,43.60222287505589,True
195416,Antonio Caracciolo,6479,Pisa,ITA-Serie A,1.9,30.8,0.0,0.0,5.7,0.2,0.0,0.06,1.2,0.0,0.06,1.4,0.2,0.7,0.0,6.5,0.0,2.0,0.8,2.1,0.1,2984,34,Defender,0.7446808510638298,0.39999999999999997,0.06168831168831168,0.08333333333333334,25.78393881453155,47.03154875717017,74.35468451242829,43.50860420650096,43.5246130881488,True
924485,Mark McKenzie,9941,Toulouse,FRA-Ligue 1,1.7,37.5,3.0,0.0,3.7,1.0,0.04,0.01,1.3,2.0,0.0,0.9,0.0,0.5,0.1,6.89,0.0,19.0,0.2,1.6,0.2,2405,29,Defender,0.6578947368421053,0.36,0.04533333333333333,0.15384615384615385,33.64050471737795,54.00998156394232,41.94724977650023,49.95753147889121,43.47774171542737,True
708457,Léo Pétrot,10268,Elche,ESP-La Liga,1.8,47.4,1.0,0.0,4.0,0.3,0.02,0.04,1.1,0.0,0.0,0.9,0.0,0.9,0.1,6.65,0.0,2.0,0.5,2.1,0.2,1567,31,Defender,0.7317073170731708,0.3,0.0379746835443038,0.18181818181818182,41.892925430210326,31.739961759082217,57.882409177820264,53.91969407265775,43.403313829566166,True
1188375,Natan,8603,Real Betis,ESP-La Liga,1.7,40.3,0.0,0.0,7.1,0.2,0.01,0.02,0.9,0.0,0.0,1.2,0.0,0.7,0.1,6.81,0.0,7.0,0.3,1.1,0.1,2641,31,Defender,0.71875,0.5217391304347826,0.04218362282878412,0.11111111111111112,35.42188700821139,46.5785785271971,49.26246144896292,45.55489254188037,43.36572966992257,True
713924,Sergio Akieme,9837,Reims,FRA-Ligue 1,0.8,27.5,5.0,0.0,3.0,2.5,0.09,0.05,0.9,3.0,0.07,0.6,0.2,0.3,0.2,6.73,0.0,21.0,0.9,1.2,0.5,2526,30,Defender,0.6666666666666666,0.33333333333333337,0.02909090909090909,0.5555555555555556,68.53467561521254,39.74832214765101,24.63087248322147,52.67337807606264,43.31889535593456,False
749662,Fikayo Tomori,8564,Milan,ITA-Serie A,2.0,50.3,2.0,0.0,3.6,1.0,0.04,0.02,1.2,2.0,0.0,1.0,0.1,0.8,0.0,7.01,0.0,4.0,0.3,2.4,0.1,2426,31,Defender,0.7391304347826088,0.29411764705882354,0.039761431411530816,0.08333333333333334,31.635601267853247,40.52079724186311,70.67661614930212,40.567254538792,43.241574798708925,True
1343053,Abdoul Ouattara,9848,Strasbourg,FRA-Ligue 1,0.5,39.9,4.0,0.0,1.7,0.9,0.05,0.13,0.6,0.0,0.11,1.1,0.6,0.1,0.2,6.8,0.0,5.0,1.5,1.1,0.4,1675,27,Defender,0.7857142857142857,0.5,0.012531328320802006,0.6666666666666667,77.38527724665391,17.012428298279158,52.80114722753346,61.2810707456979,43.110909646210516,True
784448,Thibault De Smet,6379,Paris FC,FRA-Ligue 1,1.3,36.6,1.0,0.0,4.1,0.6,0.04,0.01,0.9,1.0,0.0,0.6,0.0,0.2,0.2,6.54,0.0,5.0,0.3,1.8,0.2,1147,17,Defender,0.7272727272727273,0.25,0.03551912568306011,0.22222222222222224,48.90535372848949,29.627151051625233,46.69694072657744,60.79349904397705,42.97486957088588,True
766611,Nikola Milenkovic,10203,Nottingham Forest,ENG-Premier League,2.2,35.1,1.0,0.0,5.9,0.5,0.01,0.02,0.6,0.0,0.0,0.8,0.0,0.9,0.0,6.7,0.0,1.0,0.4,0.8,0.1,3195,36,Defender,0.7272727272727273,0.5,0.06267806267806268,0.16666666666666669,38.93078351106377,57.88676867096414,38.28082692776573,34.92186419483762,42.960732334686284,True
789578,Dara O'Shea,9902,Ipswich Town,ENG-Premier League,2.7,34.3,1.0,0.0,6.3,0.7,0.02,0.04,0.6,2.0,0.0,1.0,0.1,1.4,0.0,6.56,0.0,3.0,0.6,1.4,0.0,3123,35,Defender,0.7999999999999999,0.4166666666666667,0.07871720116618076,0.0,26.062639821029084,60.592841163310965,58.07046979865771,35.313199105145415,42.925099453986114,False
857269,Gleison Bremer,9885,Juventus,ITA-Serie A,2.6,49.7,0.0,0.0,3.9,1.2,0.05,0.11,0.8,3.0,0.17,1.3,0.3,0.4,0.1,7.33,0.0,8.0,0.9,1.1,0.0,2085,25,Defender,0.7500000000000001,0.5416666666666666,0.05231388329979879,0.0,22.825047801147225,62.571701720841304,53.05449330783939,50.02868068833652,42.90424845787174,True
617310,Nayef Aguerd,8592,Marseille,FRA-Ligue 1,1.8,77.8,1.0,0.0,4.8,0.3,0.02,0.04,1.4,0.0,0.06,1.4,0.1,0.6,0.1,7.28,0.0,3.0,0.6,1.4,0.1,1399,16,Defender,0.6666666666666667,0.5,0.023136246786632394,0.07142857142857144,37.19303536215518,41.675774193226424,50.098190186542105,46.326996918768714,42.8483616963521,True
1257648,Aurèle Amenda,9810,Eintracht Frankfurt,GER-Bundesliga,2.6,65.9,1.0,0.0,6.5,0.9,0.05,0.04,1.0,0.0,0.0,1.5,0.1,0.3,0.1,6.69,0.0,6.0,0.6,0.8,0.1,1586,23,Defender,0.6969696969696969,0.6521739130434783,0.03945371775417299,0.1,31.658699808795408,51.070745697896754,45.25334608030593,48.76673040152964,42.63151851409105,True
1079103,Jacob Greaves,9902,Ipswich Town,ENG-Premier League,1.0,38.7,0.0,0.0,5.9,0.2,0.01,0.05,0.7,0.0,0.04,0.9,0.2,1.1,0.1,6.47,0.0,5.0,0.4,1.6,0.2,2205,25,Defender,0.78125,0.36,0.025839793281653745,0.28571428571428575,53.40604026845639,24.25615212527964,57.32102908277404,51.029082774049215,42.606400455112585,False
1580952,Vitor Reis,7732,Girona,ESP-La Liga,2.2,50.5,2.0,0.0,6.1,0.4,0.01,0.05,1.1,1.0,0.03,0.9,0.1,1.2,0.0,6.85,0.0,8.0,0.5,1.5,0.2,2958,34,Defender,0.6857142857142857,0.375,0.04356435643564357,0.18181818181818182,41.892925430210326,53.20267686424474,39.445506692160606,31.912045889101336,42.56129501564997,True
1574492,Tiago Gabriel,9888,Lecce,ITA-Serie A,1.9,33.3,0.0,0.0,6.8,0.1,0.0,0.11,0.7,0.0,0.06,1.3,0.1,0.6,0.0,6.88,0.0,2.0,0.6,1.8,0.0,3040,35,Defender,0.8157894736842106,0.41935483870967744,0.05705705705705706,0.0,24.880497131931165,45.09082217973231,76.97896749521988,41.23326959847036,42.54654989273716,True
521318,Manuel Akanji,8636,Internazionale,ITA-Serie A,2.9,61.9,1.0,0.0,3.4,1.4,0.04,0.07,0.8,0.0,0.06,1.2,0.2,0.4,0.1,7.19,0.0,7.0,0.7,1.5,0.0,2820,33,Defender,0.7714285714285715,0.4444444444444444,0.046849757673667204,0.0,27.407227989728273,57.30905562613443,46.241938680502976,48.254384801730396,42.424431874023135,True
517346,Nico Elvedi,9788,Borussia Mönchengladbach,GER-Bundesliga,1.8,51.2,2.0,0.0,8.1,1.2,0.04,0.01,0.6,0.0,0.0,1.2,0.0,0.8,0.1,6.9,0.0,11.0,0.3,1.3,0.0,2877,32,Defender,0.8064516129032258,0.48,0.03515625,0.0,27.374943501254023,41.91419533666123,67.04872295011143,47.86508170752399,42.31698891177974,True
656491,Rasmus Nicolaisen,9941,Toulouse,FRA-Ligue 1,2.1,36.8,0.0,0.0,5.3,0.5,0.02,0.03,1.0,0.0,0.04,1.5,0.2,0.7,0.1,6.76,0.0,2.0,0.5,0.9,0.1,2568,32,Defender,0.7058823529411765,0.625,0.05706521739130435,0.1,31.658699808795408,48.0019120458891,47.09369024856596,48.96749521988528,42.291427808795206,True
562892,Rico Henry,9937,Brentford,ENG-Premier League,1.6,25.1,1.0,0.0,2.8,0.5,0.04,0.01,1.0,1.0,0.0,0.5,0.0,0.3,0.2,6.52,0.0,4.0,0.3,1.0,1.0,1328,25,Defender,0.6,0.3333333333333333,0.06374501992031872,1.0,81.5774378585086,47.68164435946462,15.15774378585086,49.38814531548757,42.28423069901026,True
255610,Harry Maguire,10260,Manchester United,ENG-Premier League,2.5,39.7,2.0,0.0,5.5,0.4,0.03,0.06,0.8,2.0,0.06,0.7,0.2,0.6,0.1,7.01,0.0,3.0,0.8,1.2,0.0,1475,21,Defender,0.7037037037037036,0.3684210526315789,0.06297229219143577,0.0,26.266288392412843,61.10316564077775,44.847424869143914,47.55655221482214,42.28191586376989,True
1327298,Saël Kumbedi,8721,VfL Wolfsburg,GER-Bundesliga,0.6,25.9,4.0,0.0,3.3,2.6,0.14,0.02,1.0,5.0,0.0,0.8,0.0,0.3,0.2,6.63,0.0,17.0,0.2,2.2,0.8,1715,23,Defender,0.75,0.26666666666666666,0.023166023166023165,0.8,63.02115013623862,26.82417875419017,41.76931971945253,48.07162116111517,42.25727557100108,True
683473,Kelvin Amian,9830,Nantes,FRA-Ligue 1,1.3,29.2,4.0,0.0,3.3,1.2,0.06,0.02,1.1,1.0,0.0,0.3,0.1,0.5,0.1,6.37,0.0,8.0,0.5,1.3,0.2,1962,23,Defender,0.5925925925925926,0.18749999999999997,0.044520547945205484,0.18181818181818182,49.58969077897691,45.70182849190766,30.10388283621566,46.03998328920371,42.23994998375855,True
592102,Moussa Niakhaté,9748,Lyon,FRA-Ligue 1,2.8,61.4,3.0,0.0,6.0,1.9,0.06,0.01,1.2,2.0,0.0,1.0,0.0,0.7,0.1,7.22,0.0,14.0,0.1,1.2,0.2,2668,31,Defender,0.6470588235294118,0.45454545454545453,0.04560260586319218,0.16666666666666669,35.25618349366858,58.738074665320674,34.76383167722498,43.31551038507549,42.23037388597617,True
614006,Rúben Dias,8456,Manchester City,ENG-Premier League,2.1,68.9,0.0,0.0,5.0,0.6,0.03,0.02,0.6,0.0,0.09,1.0,0.2,0.7,0.1,7.22,0.0,6.0,0.4,0.6,0.1,2050,25,Defender,0.7272727272727273,0.625,0.03047895500725689,0.16666666666666669,45.21154413746198,44.664265559077364,36.112943310192016,42.414225279214314,42.17987743632769,True
1096400,Levi Colwill,8455,Chelsea,ENG-Premier League,2.5,66.5,2.0,0.0,3.3,1.2,0.03,0.05,1.3,1.0,0.06,0.9,0.1,0.7,0.1,7.02,0.0,15.0,0.5,1.3,0.2,3149,35,Defender,0.6285714285714287,0.40909090909090906,0.03759398496240601,0.15384615384615385,35.246085011185684,58.95413870246085,31.951901565995524,48.71364653243848,42.126883186208126,False
872362,Marash Kumbulla,8558,Espanyol,ESP-La Liga,2.6,35.8,1.0,0.0,6.7,0.3,0.01,0.06,1.1,0.0,0.09,1.0,0.2,1.1,0.1,6.79,0.0,1.0,0.5,1.5,0.1,2975,35,Defender,0.6944444444444444,0.4,0.07262569832402235,0.09090909090909091,27.69015659955257,55.0950782997763,44.446308724832214,52.11409395973155,42.12439420872213,False
1412942,Alan Matturro,8581,Levante,ESP-La Liga,1.8,37.4,2.0,0.0,7.5,0.4,0.04,0.06,0.7,1.0,0.1,0.6,0.1,0.6,0.2,0.0,0.0,4.0,0.8,2.0,0.0,941,19,Defender,0.787878787878788,0.23076923076923075,0.04812834224598931,0.0,24.880497131931165,42.99713193116635,60.114722753346086,63.14531548757171,42.03257001624577,True
628201,Robin Koch,9810,Eintracht Frankfurt,GER-Bundesliga,3.0,62.8,1.0,0.0,6.7,1.6,0.05,0.04,1.0,1.0,0.1,1.4,0.2,0.9,0.0,6.87,0.0,9.0,0.5,1.3,0.1,2745,31,Defender,0.7297297297297297,0.5185185185185185,0.04777070063694268,0.1,28.320564973201414,62.71658803181895,46.45920041976607,34.80202269075188,41.96178039430342,True
1520184,Mariano Troilo,10167,Parma,ITA-Serie A,2.2,42.9,1.0,0.0,6.9,0.7,0.04,0.05,1.5,0.0,0.06,1.0,0.1,0.9,0.1,6.82,0.0,6.0,0.6,1.5,0.2,1448,19,Defender,0.625,0.4,0.05128205128205129,0.13333333333333333,32.7868068833652,54.01529636711281,36.86902485659655,50.33460803059273,41.822518527311466,True
662205,Manuel Lazzari,8543,Lazio,ITA-Serie A,0.9,31.7,0.0,0.0,2.4,0.3,0.03,0.01,0.9,0.0,0.0,0.6,0.2,0.1,0.1,0.0,0.0,2.0,0.4,1.2,1.0,914,21,Defender,0.6666666666666666,0.33333333333333337,0.028391167192429023,1.1111111111111112,84.34107134454898,24.261691497598175,31.712097361775903,48.31312923918824,41.80267498735513,True
426892,Hamari Traoré,6379,Paris FC,FRA-Ligue 1,1.8,39.2,1.0,0.0,3.5,0.6,0.05,0.01,1.6,1.0,0.0,1.3,0.0,0.1,0.1,6.84,0.0,9.0,0.3,2.4,0.1,1147,17,Defender,0.6981132075471698,0.35135135135135137,0.04591836734693877,0.0625,19.37858508604206,50.21988527724665,67.84416826003823,59.43594646271511,41.729659612396105,True
521846,Martin Valjent,8661,Mallorca,ESP-La Liga,2.9,41.7,0.0,0.0,6.6,0.3,0.01,0.02,1.0,0.0,0.0,0.6,0.2,0.4,0.1,6.69,0.0,3.0,0.5,1.3,0.1,3150,35,Defender,0.6551724137931034,0.3157894736842105,0.06954436450839328,0.1,41.2418923408375,61.738008363953156,28.849015389046443,35.86759973365386,41.68746204683642,True
1403692,Youssef Enríquez,9866,Alavés,ESP-La Liga,1.7,29.4,4.0,0.0,2.4,2.4,0.17,0.06,1.5,1.0,0.0,0.7,0.2,0.1,0.1,6.65,0.0,15.0,0.8,1.0,0.6,1287,24,Defender,0.53125,0.4117647058823529,0.05782312925170068,0.39999999999999997,59.64627151051625,61.5869980879541,16.754302103250478,42.590822179732314,41.68220548209091,True
1529222,Pietro Comuzzo,8535,Fiorentina,ITA-Serie A,2.1,48.4,0.0,0.0,5.5,0.2,0.01,0.06,1.2,0.0,0.06,1.3,0.1,0.7,0.0,6.62,0.0,3.0,0.6,1.8,0.1,1579,25,Defender,0.7209302325581396,0.41935483870967744,0.04338842975206612,0.08333333333333334,22.81009791214855,49.81791363141858,63.78731234217779,46.53433484044183,41.49572988355609,True
414906,Giovanni Di Lorenzo,9875,Napoli,ITA-Serie A,1.5,49.6,3.0,0.0,1.8,2.8,0.12,0.09,1.4,1.0,0.09,0.4,0.4,0.3,0.1,7.14,0.0,14.0,1.1,1.8,0.3,2100,24,Defender,0.6111111111111112,0.18181818181818182,0.030241935483870965,0.2142857142857143,38.08671363369992,45.16389626758947,35.91162241585073,52.23697962337972,41.41664693164288,True
796974,Pascal Struijk,8463,Leeds United,ENG-Premier League,2.1,49.5,2.0,0.0,6.5,0.8,0.02,0.1,0.8,1.0,0.0,0.9,0.2,0.6,0.0,6.95,0.0,12.0,1.0,1.2,0.1,2847,33,Defender,0.7241379310344827,0.42857142857142855,0.04242424242424243,0.125,37.915869980879535,56.367112810707454,38.475143403441685,30.066921606118544,41.39638823220102,True
1255209,Lucas Beraldo,9847,Paris Saint-Germain,FRA-Ligue 1,2.6,78.1,3.0,0.0,3.9,1.2,0.07,0.1,0.9,1.0,0.12,1.3,0.2,0.5,0.1,7.29,0.0,14.0,0.9,1.6,0.0,1480,19,Defender,0.7631578947368421,0.44827586206896547,0.03329065300896287,0.0,19.371602054914643,56.45281623970012,60.16328672275905,54.23331379938204,41.36453580900623,True
1577843,Bruno Ogbus,8358,Sport-Club Freiburg,GER-Bundesliga,1.1,43.6,0.0,0.0,5.8,0.2,0.02,0.03,0.4,0.0,0.0,0.8,0.2,1.4,0.2,6.31,0.0,1.0,0.4,1.7,0.2,1157,17,Defender,0.8620689655172414,0.32,0.02522935779816514,0.5,66.5678776290631,14.82791586998088,63.13575525812619,61.17590822179733,41.338941870032386,True
1429607,Kojo Peprah Oppong,9831,Nice,FRA-Ligue 1,1.2,48.8,1.0,0.0,5.4,0.4,0.01,0.06,1.2,0.0,0.04,1.0,0.1,0.7,0.0,6.88,0.0,6.0,0.4,1.7,0.5,2338,28,Defender,0.6923076923076923,0.37037037037037035,0.02459016393442623,0.4166666666666667,62.27533460803059,25.84130019120459,47.91108986615679,35.49713193116635,41.1743859898867,True
1311985,César Tárrega,10267,Valencia CF,ESP-La Liga,2.1,40.1,0.0,0.0,6.9,0.1,0.0,0.02,1.4,0.0,0.0,1.0,0.0,0.7,0.0,6.76,0.0,2.0,0.4,1.4,0.4,2417,30,Defender,0.631578947368421,0.4166666666666667,0.05236907730673317,0.28571428571428575,46.99943180440954,48.50355318296469,33.38157648967766,32.235218716091836,41.16102229393633,True
420731,Gautier Lloris,9746,Le Havre,FRA-Ligue 1,2.5,52.9,1.0,0.0,5.7,0.4,0.02,0.04,1.1,1.0,0.04,1.6,0.2,0.8,0.0,6.95,0.0,4.0,0.4,1.6,0.0,2310,28,Defender,0.7441860465116278,0.5,0.04725897920604915,0.0,20.563354877713188,53.58147154815831,68.35074635378125,41.248319295979286,41.0798960639207,True
966021,Taylor Harwood-Bellis,8466,Southampton,ENG-Premier League,3.2,59.6,3.0,0.0,4.5,0.7,0.02,0.06,1.1,0.0,0.03,1.0,0.3,1.4,0.1,6.45,0.0,14.0,0.6,0.9,0.1,2828,34,Defender,0.6333333333333333,0.5263157894736842,0.053691275167785234,0.09090909090909091,27.69015659955257,72.82997762863533,29.569351230425056,48.70246085011186,40.9481005832576,False
1427819,Hugo Rincón,7732,Girona,ESP-La Liga,0.8,32.9,2.0,0.0,2.6,0.9,0.05,0.05,1.7,1.0,0.05,0.3,0.1,0.5,0.1,6.64,0.0,10.0,0.4,2.4,0.5,1709,32,Defender,0.6136363636363636,0.11111111111111112,0.024316109422492405,0.29411764705882354,52.13193116634799,28.379541108986615,39.84225621414914,53.604206500956025,40.78482153675056,True
979752,Bafodé Diakité,8678,Bournemouth,ENG-Premier League,2.4,46.5,0.0,0.0,5.9,0.2,0.01,0.0,0.6,0.0,0.0,0.8,0.0,0.4,0.1,0.0,0.0,3.0,0.1,1.4,0.0,1275,18,Defender,0.7857142857142857,0.36363636363636365,0.05161290322580645,0.0,32.04123731184313,47.337230142740424,41.94909266935009,46.419298403206426,40.734188146940404,True
865931,Max Kilman,8654,West Ham United,ENG-Premier League,1.6,34.9,0.0,0.0,6.4,0.3,0.02,0.03,0.9,0.0,0.0,0.5,0.1,1.4,0.0,6.36,0.0,4.0,0.4,0.9,0.2,1559,21,Defender,0.6086956521739131,0.35714285714285715,0.04584527220630373,0.22222222222222224,57.501033730998955,49.73290529740797,25.216181668598676,30.419495168555187,40.718191111037115,True
1318686,Alessandro Circati,10167,Parma,ITA-Serie A,2.8,44.6,0.0,0.0,5.3,0.5,0.02,0.04,1.0,0.0,0.04,0.8,0.0,1.0,0.0,6.81,0.0,8.0,0.3,1.4,0.1,2486,29,Defender,0.6875,0.36363636363636365,0.06278026905829596,0.1,31.658699808795408,69.83269598470362,34.995219885277244,29.08221797323136,40.63608644845679,True
290410,Michael Keane,8668,Everton,ENG-Premier League,2.1,32.2,0.0,0.0,7.1,0.2,0.01,0.08,0.6,0.0,0.11,1.3,0.3,1.0,0.0,7.01,0.0,1.0,0.9,1.3,0.2,2410,31,Defender,0.8125,0.5,0.06521739130434782,0.33333333333333337,50.25824382648718,35.82037604994988,45.5774777819127,27.778440791452965,40.536382259538115,True
957107,Zé Pedro,8529,Cagliari,ITA-Serie A,1.6,42.5,1.0,0.0,4.3,0.4,0.02,0.04,1.5,1.0,0.0,1.1,0.0,0.7,0.1,6.59,0.0,3.0,0.3,1.7,0.3,1642,22,Defender,0.6511627906976744,0.3928571428571429,0.037647058823529415,0.19999999999999998,41.94550669216061,30.29158699808795,46.44359464627151,53.90057361376673,40.52030503942145,True
819215,Lloyd Kelly,9885,Juventus,ITA-Serie A,3.9,55.5,2.0,0.0,3.6,1.3,0.04,0.03,1.2,1.0,0.03,0.4,0.1,0.5,0.4,7.17,0.0,9.0,0.5,1.5,0.5,2827,33,Defender,0.6129032258064516,0.2105263157894737,0.07027027027027027,0.4166666666666667,51.835681684995784,55.53562237022398,18.88531717005802,47.045489867297455,40.51995060346706,True
1178325,Ousmane Camara,8121,Angers,FRA-Ligue 1,1.4,41.2,0.0,0.0,5.8,0.3,0.01,0.02,0.7,0.0,0.03,1.1,0.2,0.8,0.0,6.78,0.0,4.0,0.4,1.6,0.1,2629,31,Defender,0.7941176470588235,0.40740740740740744,0.03398058252427184,0.14285714285714288,41.20936902485659,28.0736137667304,64.31166347992351,35.83173996175908,40.197672364301546,True
889535,Yann Aurel Bisseck,8636,Internazionale,ITA-Serie A,1.1,56.5,0.0,0.0,3.5,1.1,0.05,0.12,1.0,1.0,0.15,1.0,0.6,0.2,0.1,7.3,0.0,8.0,1.2,1.3,0.4,1832,22,Defender,0.6969696969696969,0.4347826086956522,0.01946902654867257,0.4,57.09589316497064,27.014677554349294,35.62792029007205,52.23593876320146,40.00409283126845,True
477588,Álex Moreno,7732,Girona,ESP-La Liga,0.6,30.9,6.0,0.0,3.6,1.9,0.07,0.06,1.0,3.0,0.0,1.0,0.2,0.4,0.3,6.85,0.0,15.0,0.6,1.4,1.3,2378,29,Defender,0.7058823529411765,0.4166666666666667,0.01941747572815534,1.3,66.27481489085939,26.918540571446496,30.68264030581327,49.91993218724647,39.983820612026356,True
448865,Brendan Chardonnet,8521,Brest,FRA-Ligue 1,3.3,36.6,6.0,0.0,6.6,1.5,0.06,0.03,1.0,3.0,0.04,1.1,0.2,1.5,0.1,6.86,0.0,12.0,0.4,1.2,0.0,2457,28,Defender,0.6969696969696969,0.47826086956521746,0.0901639344262295,0.0,16.0739288764556,83.54342668280712,43.533859324182316,46.07848798661996,39.59513458200431,True
411851,Robert Andrich,8178,Bayer 04 Leverkusen,GER-Bundesliga,2.6,58.8,0.0,0.0,2.9,1.6,0.06,0.02,1.1,0.0,0.07,1.2,0.1,0.7,0.1,6.84,0.0,12.0,0.4,1.6,0.0,2485,31,Defender,0.717948717948718,0.4285714285714286,0.04421768707482993,0.0,17.15545032886904,59.343252873415715,52.49220424243202,57.75512837513171,39.49974817227857,True
873573,Sam Beukema,9875,Napoli,ITA-Serie A,2.7,65.2,0.0,0.0,3.2,0.5,0.03,0.09,1.0,0.0,0.11,0.8,0.2,0.6,0.1,6.94,0.0,6.0,0.4,1.1,0.1,1590,23,Defender,0.6551724137931034,0.42105263157894735,0.04141104294478528,0.1,28.320564973201414,59.803362976460875,34.58522078355384,41.573965948187976,39.46336482619497,True
1137670,Willian Pacho,9847,Paris Saint-Germain,FRA-Ligue 1,1.6,75.6,0.0,0.0,3.1,0.5,0.02,0.05,0.3,0.0,0.0,1.1,0.0,0.5,0.1,7.05,0.0,2.0,0.4,1.9,0.0,1915,23,Defender,0.9090909090909092,0.3666666666666667,0.021164021164021166,0.0,31.502192935553648,22.421668142406777,81.66077796456227,53.40111044096826,39.069561208894385,True
604330,Sebastiano Luperto,7801,Cremonese,ITA-Serie A,2.0,44.0,4.0,0.0,4.8,0.7,0.02,0.02,1.0,1.0,0.03,0.9,0.1,0.6,0.0,6.66,0.0,6.0,0.3,1.1,0.2,2837,32,Defender,0.6666666666666666,0.45,0.045454545454545456,0.2,45.44933078393882,48.193116634799225,28.972275334608028,29.923518164435947,38.819621860379684,True
1333331,Oliver Provstgaard,8543,Lazio,ITA-Serie A,2.8,63.5,1.0,0.0,4.3,0.3,0.02,0.02,0.8,0.0,0.0,0.8,0.1,0.8,0.3,6.66,0.0,4.0,0.4,0.6,0.1,1392,24,Defender,0.6363636363636362,0.5714285714285715,0.04409448818897638,0.125,37.915869980879535,52.46653919694072,20.071701720841297,66.52963671128107,38.789068865788,True
1079554,Anthony Rouault,9851,Rennes,FRA-Ligue 1,2.3,56.8,0.0,0.0,5.9,0.4,0.02,0.08,1.4,0.0,0.06,0.9,0.2,1.0,0.0,6.9,0.0,6.0,0.5,1.4,0.2,1634,20,Defender,0.6216216216216216,0.391304347826087,0.040492957746478875,0.14285714285714288,30.98872805460381,52.56968059850885,34.8155788251968,37.7978392883368,38.516354730396486,True
496042,Yerry Mina,8529,Cagliari,ITA-Serie A,1.6,45.5,0.0,0.0,5.2,0.6,0.03,0.04,1.1,0.0,0.05,1.0,0.1,1.0,0.1,6.75,0.0,8.0,0.4,1.4,0.1,1973,24,Defender,0.6857142857142857,0.4166666666666667,0.035164835164835165,0.09090909090909091,26.406055952650842,40.64254580141243,49.64011189959834,47.83833302677863,38.47068563891007,True
787242,Evan N'Dicka,8686,Roma,ITA-Serie A,2.9,49.5,1.0,0.0,4.7,0.8,0.03,0.07,1.1,0.0,0.1,1.6,0.2,0.4,0.0,7.14,0.0,6.0,0.8,0.8,0.1,2646,30,Defender,0.6857142857142857,0.6666666666666666,0.05858585858585858,0.09090909090909091,24.46720434936971,59.56574386569766,38.653383579789065,37.54813978324443,38.19965307295171,True
922877,Logan Costa,10205,Villarreal,ESP-La Liga,3.7,46.9,0.0,0.0,3.8,0.5,0.02,0.02,0.7,1.0,0.07,0.7,0.2,0.5,0.0,6.85,0.0,4.0,0.4,1.3,0.0,2585,32,Defender,0.7407407407407407,0.35,0.07889125799573561,0.0,24.18903803131991,68.80872483221476,38.277404921700224,28.579418344519013,38.06468686957418,False
426393,Adrien Tamèze,9804,Torino,ITA-Serie A,2.6,33.3,0.0,0.0,2.9,0.3,0.02,0.02,1.3,0.0,0.0,1.6,0.0,0.5,0.2,6.26,0.0,8.0,0.4,1.2,0.0,1117,24,Defender,0.6829268292682927,0.5714285714285715,0.07807807807807808,0.0,12.284894837476099,72.71032504780115,49.45506692160612,64.7131931166348,38.062024256001024,True
1532137,Pau Cubarsí,8634,Barcelona,ESP-La Liga,2.4,87.4,1.0,0.0,4.9,0.7,0.02,0.02,0.8,0.0,0.03,1.0,0.1,0.4,0.0,7.28,0.0,5.0,0.3,1.4,0.0,2708,31,Defender,0.7499999999999999,0.4166666666666667,0.02745995423340961,0.0,31.635415909191366,47.127147487035586,41.28090677457392,29.834025576643665,37.772653641066256,True
1428427,Nobel Mendy,8370,Rayo Vallecano,ESP-La Liga,2.4,41.5,1.0,0.0,7.9,0.2,0.01,0.08,1.6,0.0,0.11,1.1,0.2,1.1,0.0,6.79,0.0,3.0,0.6,1.3,0.2,1714,23,Defender,0.6000000000000001,0.4583333333333333,0.057831325301204814,0.125,30.96080305927342,54.18260038240918,33.360420650095605,33.53728489483748,37.76058230263501,True
1473534,Jérémy Jacquet,9851,Rennes,FRA-Ligue 1,3.1,52.3,0.0,0.0,4.9,0.5,0.03,0.06,1.1,0.0,0.0,1.0,0.2,0.9,0.0,6.85,0.0,9.0,0.6,1.5,0.2,1673,19,Defender,0.6944444444444444,0.4,0.0592734225621415,0.18181818181818182,38.24740889978228,51.8460582054715,31.240320356801163,26.618466285398153,37.72694618264039,True
974268,Daniel Ballard,8472,Sunderland,ENG-Premier League,2.4,38.0,3.0,0.0,7.8,0.7,0.03,0.1,1.2,0.0,0.08,0.8,0.4,1.0,0.0,6.85,0.0,15.0,1.1,1.4,0.1,2148,29,Defender,0.6470588235294118,0.36363636363636365,0.06315789473684211,0.08333333333333334,25.78393881453155,73.59942638623326,30.812619502868067,29.08221797323136,37.60048020744268,True
304345,Sead Kolasinac,8524,Atalanta,ITA-Serie A,1.2,51.2,0.0,0.0,2.4,0.3,0.02,0.01,1.6,0.0,0.0,0.8,0.0,0.4,0.3,0.0,0.0,0.0,0.2,2.0,0.4,1217,18,Defender,0.6363636363636362,0.28571428571428575,0.023437499999999997,0.25,37.88243412994783,22.280959530500766,46.20103857884089,74.04955207366439,37.540740069044716,True
1436436,Alessandro Marcandalli,10233,Genoa,ITA-Serie A,1.6,33.9,1.0,0.0,3.7,0.7,0.03,0.01,0.8,2.0,0.0,0.7,0.1,0.4,0.1,6.72,0.0,10.0,0.1,1.0,0.1,2426,30,Defender,0.6799999999999999,0.4117647058823529,0.04719764011799411,0.125,37.915869980879535,49.392925430210326,24.24952198852772,42.590822179732314,37.35243610052565,True
1244272,Arouna Sangante,9746,Le Havre,FRA-Ligue 1,2.6,47.8,0.0,0.0,4.7,0.8,0.03,0.02,1.6,1.0,0.04,1.5,0.2,0.6,0.0,6.88,0.0,10.0,0.4,1.6,0.2,2244,27,Defender,0.6595744680851063,0.48387096774193544,0.05439330543933055,0.125,30.95932731915767,47.60063193045343,38.592136800395814,31.156388528865335,37.254440318534606,True
919435,Sepp van den Berg,9937,Brentford,ENG-Premier League,1.8,41.4,4.0,0.0,6.3,1.0,0.03,0.1,0.5,1.0,0.0,1.0,0.2,0.7,0.0,6.85,0.0,6.0,0.7,0.6,0.0,2663,30,Defender,0.7619047619047619,0.625,0.04347826086956522,0.0,30.896711737338222,40.349625646794784,40.87986548664491,39.4509319976103,37.24015551160313,True
820140,Ibrahima Konaté,8650,Liverpool,ENG-Premier League,1.9,56.4,2.0,0.0,5.6,1.0,0.03,0.03,1.0,0.0,0.03,0.9,0.1,0.7,0.0,7.1,0.0,7.0,0.3,1.6,0.1,3011,35,Defender,0.7142857142857143,0.36,0.03368794326241135,0.1,32.155389730844966,40.240531380508536,40.94017834354944,36.155312022790554,37.182492160045946,True
195750,Nicolás Tagliafico,9748,Lyon,FRA-Ligue 1,1.0,39.6,3.0,0.0,2.4,1.1,0.07,0.1,2.5,3.0,0.0,1.4,0.1,0.3,0.3,6.83,0.0,13.0,1.0,2.0,0.2,1310,20,Defender,0.5762711864406779,0.4117647058823529,0.025252525252525252,0.08,19.812032058493493,30.65615540470212,62.09408591801729,80.5183768854897,37.083509205230335,True
1189288,Federico Gatti,9885,Juventus,ITA-Serie A,2.6,49.9,0.0,0.0,4.8,0.1,0.01,0.18,1.3,0.0,0.18,1.1,0.5,0.5,0.2,0.0,0.0,2.0,1.1,0.9,0.1,990,19,Defender,0.6060606060606061,0.55,0.05210420841683367,0.07692307692307693,35.63243662516059,42.0652483877361,27.756985526340177,50.014457975626755,37.0201439758499,True
897315,Simone Canestrelli,6479,Pisa,ITA-Serie A,2.0,27.6,1.0,0.0,5.4,0.4,0.01,0.04,1.3,0.0,0.03,0.9,0.1,0.6,0.1,6.5,0.0,10.0,0.4,1.2,0.1,3021,35,Defender,0.6176470588235293,0.42857142857142855,0.07246376811594203,0.07692307692307693,23.795411089866157,67.36137667304016,26.42925430210325,46.653919694072655,36.9254416110163,True
776594,Victor Nelsson,9876,Verona,ITA-Serie A,1.1,29.0,0.0,0.0,7.1,0.3,0.01,0.01,1.2,0.0,0.0,1.9,0.0,0.6,0.0,6.76,0.0,3.0,0.2,1.9,0.1,3135,36,Defender,0.76,0.5,0.03793103448275863,0.08333333333333334,25.78393881453155,24.77055449330784,78.53250478011472,47.04588910133843,36.832068660685486,True
518346,Robin Gosens,8535,Fiorentina,ITA-Serie A,1.0,29.5,1.0,0.0,3.1,1.5,0.08,0.15,1.0,1.0,0.15,1.0,0.4,0.3,0.1,6.78,0.0,11.0,0.9,1.5,0.0,1743,24,Defender,0.7142857142857143,0.4,0.03389830508474576,0.0,23.143280106880656,38.927835595421925,47.85486202899293,53.81740460801634,36.81505726174035,True
545905,Dani Calvo,8670,Real Oviedo,ESP-La Liga,1.8,39.6,1.0,0.0,8.0,0.2,0.01,0.01,0.7,0.0,0.0,0.6,0.0,1.3,0.0,0.0,0.0,2.0,0.1,1.4,0.1,1429,18,Defender,0.7407407407407407,0.3,0.045454545454545456,0.14285714285714288,41.20936902485659,36.49139579349904,39.53632887189292,25.4302103250478,36.57695180493198,True
469700,Jonathan Tah,9823,Bayern München,GER-Bundesliga,1.9,81.6,1.0,0.0,5.6,1.7,0.08,0.03,1.2,1.0,0.09,1.2,0.2,0.8,0.0,7.27,0.0,5.0,0.4,1.1,0.1,1929,27,Defender,0.6571428571428571,0.5217391304347826,0.023284313725490197,0.08333333333333334,32.61434847143266,36.519235238677794,40.567942504594754,38.20308322746502,36.487123118566785,True
1279557,Clemens Riedel,8558,Espanyol,ESP-La Liga,3.0,47.3,0.0,0.0,6.1,0.2,0.01,0.01,1.6,1.0,0.0,0.8,0.1,0.3,0.0,6.74,0.0,4.0,0.2,1.9,0.1,1307,19,Defender,0.6279069767441859,0.2962962962962963,0.06342494714587739,0.0625,19.37858508604206,64.21128107074568,40.315487571701716,34.751434034416825,36.39099316810127,True
544693,Amir Rrahmani,9875,Napoli,ITA-Serie A,1.9,73.2,0.0,0.0,3.6,0.3,0.01,0.06,1.1,1.0,0.06,1.2,0.1,0.6,0.0,7.25,0.0,4.0,0.7,1.2,0.1,1620,19,Defender,0.6857142857142857,0.5,0.025956284153005462,0.09090909090909091,28.07645118009305,47.673880683203514,34.87277623074586,37.47339033825104,36.27996790497229,True
1384881,Álex Valle,10171,Como,ITA-Serie A,1.0,38.0,3.0,0.0,2.3,1.2,0.05,0.05,1.5,4.0,0.04,1.0,0.1,0.3,0.3,6.97,0.0,14.0,0.5,2.3,0.2,2025,28,Defender,0.6875,0.30303030303030304,0.02631578947368421,0.13333333333333333,32.176663201885525,30.529783572374715,39.89551474813322,54.196541492536454,36.1414999950991,True
1056071,Victor Parada,9866,Alavés,ESP-La Liga,1.1,26.4,3.0,0.0,3.4,1.5,0.07,0.04,1.2,3.0,0.0,0.4,0.0,0.4,0.0,6.5,0.0,14.0,0.5,1.5,0.3,2028,28,Defender,0.6129032258064516,0.2105263157894737,0.04166666666666667,0.25,48.69980879541109,43.44168260038241,25.195984703632888,24.952198852772465,36.10183905065167,True
873289,Marc Cucurella,8455,Chelsea,ENG-Premier League,1.5,43.8,6.0,0.0,3.1,3.2,0.11,0.08,1.6,4.0,0.04,1.1,0.2,0.3,0.2,6.99,0.0,39.0,0.7,1.8,0.0,2530,32,Defender,0.6444444444444445,0.3793103448275862,0.03424657534246576,0.0,14.966189867154872,48.71721468667969,49.436973064534754,68.29636853864656,36.100292439600636,True
588687,Gianluca Mancini,8686,Roma,ITA-Serie A,1.8,41.7,5.0,0.0,3.7,1.4,0.04,0.07,2.1,2.0,0.06,1.4,0.2,0.4,0.1,7.15,0.0,21.0,0.6,1.6,0.1,2893,34,Defender,0.5882352941176471,0.4666666666666666,0.043165467625899276,0.047619047619047616,15.291975538359972,60.987106166312344,42.264541030565645,54.03667677584292,36.08343055930103,True
917802,Wesley Fofana,8455,Chelsea,ENG-Premier League,1.6,61.2,1.0,0.0,6.8,0.6,0.03,0.04,1.2,1.0,0.0,1.9,0.1,1.1,0.1,6.92,0.0,3.0,0.5,1.1,0.6,1583,23,Defender,0.7142857142857143,0.6333333333333333,0.026143790849673203,0.5,54.987370658864485,21.677823832276076,37.82413170160677,38.2500787774313,35.86911675314869,True
1580528,Raúl Asencio,8633,Real Madrid,ESP-La Liga,1.8,57.2,1.0,0.0,3.0,0.7,0.04,0.07,0.9,0.0,0.11,0.5,0.2,0.7,0.1,6.89,0.0,5.0,0.8,0.9,0.1,1616,22,Defender,0.6086956521739131,0.35714285714285715,0.031468531468531465,0.11111111111111112,45.6474649351316,34.43137309419214,25.71021597135781,41.250051686549945,35.78915194890001,True
951765,Armel Bella-Kotchap,9876,Verona,ITA-Serie A,1.6,31.5,0.0,0.0,5.7,0.4,0.03,0.01,1.5,0.0,0.0,2.2,0.0,1.0,0.1,0.0,0.0,1.0,0.2,1.3,0.1,1315,18,Defender,0.7,0.6285714285714287,0.050793650793650794,0.06666666666666667,20.736137667304014,34.737093690248564,55.55927342256214,54.349904397705544,35.78700560478016,True
611223,Benjamin Pavard,8592,Marseille,FRA-Ligue 1,1.5,57.0,3.0,0.0,3.5,1.1,0.05,0.04,1.0,2.0,0.05,1.2,0.1,0.6,0.2,6.91,0.0,11.0,0.5,1.3,0.0,1927,26,Defender,0.7142857142857143,0.48,0.02631578947368421,0.0,17.714495617693483,42.96774188948916,47.48767721357452,62.99829042280311,35.76728234188814,True
362121,Edoardo Goldaniga,10171,Como,ITA-Serie A,2.2,45.2,0.0,0.0,3.5,0.4,0.01,0.07,1.6,0.0,0.04,1.2,0.2,0.4,0.1,6.65,0.0,4.0,0.4,1.2,0.1,2531,32,Defender,0.6,0.5,0.048672566371681415,0.0625,20.156599552572704,47.78523489932885,36.90156599552573,51.04026845637585,34.91897118248664,False
1669629,Honest Ahanor,8524,Atalanta,ITA-Serie A,0.8,42.0,0.0,0.0,3.4,0.7,0.05,0.14,1.5,0.0,0.0,1.4,0.2,0.8,0.0,6.83,0.0,2.0,0.9,2.3,0.4,1194,20,Defender,0.7115384615384616,0.3783783783783784,0.01904761904761905,0.26666666666666666,49.09177820267687,12.165391969407263,70.97514340344168,43.89101338432123,34.83159578977146,True
1186444,Charlie Cresswell,9941,Toulouse,FRA-Ligue 1,2.8,42.9,1.0,0.0,6.1,0.9,0.03,0.12,1.1,2.0,0.11,1.0,0.4,1.1,0.0,7.04,0.0,11.0,1.3,0.9,0.0,2533,29,Defender,0.6333333333333333,0.5263157894736842,0.06526806526806526,0.0,20.563354877713188,68.0197599462745,30.243318889616067,31.966149230832844,34.640139332517606,True
362195,Alessio Romagnoli,8543,Lazio,ITA-Serie A,2.3,63.2,0.0,0.0,4.5,0.4,0.01,0.05,0.6,0.0,0.0,1.1,0.1,0.7,0.0,6.86,0.0,3.0,0.3,0.8,0.0,2577,31,Defender,0.76,0.5789473684210527,0.03639240506329113,0.0,23.450633284997497,41.442336346124506,46.03452233785751,32.82316926240085,34.63200448858664,True
848034,Santiago Bueno,8602,Wolverhampton Wanderers,ENG-Premier League,2.0,34.0,1.0,0.0,4.1,1.4,0.05,0.07,1.0,1.0,0.11,0.8,0.2,0.7,0.0,6.63,0.0,9.0,0.3,1.9,0.0,2373,27,Defender,0.7297297297297297,0.2962962962962963,0.058823529411764705,0.0,15.747679808595793,50.625685292360515,51.07848085744066,40.97522895359332,34.62692678573776,True
462863,Karol Mets,8152,FC St. Pauli,GER-Bundesliga,2.7,47.9,0.0,0.0,5.8,0.6,0.03,0.04,0.6,0.0,0.05,0.9,0.0,0.3,0.1,6.56,0.0,4.0,0.3,1.2,0.0,1934,23,Defender,0.7777777777777778,0.42857142857142855,0.05636743215031316,0.0,28.148619862178705,42.33294550597925,33.604883772989815,35.222672786354174,34.39256951355053,True
759097,Joakim Mæhle,8721,VfL Wolfsburg,GER-Bundesliga,0.0,0.0,3.0,0.0,0.0,1.7,0.0,0.0,0.0,2.0,0.0,0.0,0.0,0.0,0.0,0.0,0.0,14.0,0.0,0.0,0.0,1134,15,Defender,0.0,0.0,0.0,0.0,50.51717918336677,33.13697791237667,24.495001019472642,30.227941249859196,34.39190623022344,True
1282000,Soumaïla Coulibaly,8521,Brest,FRA-Ligue 1,2.6,45.2,0.0,0.0,5.0,0.1,0.01,0.02,1.7,0.0,0.0,0.9,0.1,0.6,0.1,6.45,0.0,1.0,0.4,0.9,0.2,1339,16,Defender,0.5142857142857143,0.5,0.05752212389380531,0.11764705882352942,29.69885277246654,52.237093690248564,20.17208413001912,46.76864244741874,34.189796128471066,True
425962,Niklas Stark,8697,SV Werder Bremen,GER-Bundesliga,2.9,46.5,0.0,0.0,5.2,0.3,0.01,0.05,1.3,1.0,0.0,1.5,0.1,1.2,0.1,6.74,0.0,1.0,0.5,1.4,0.0,2109,26,Defender,0.6904761904761905,0.5172413793103449,0.06236559139784946,0.0,11.940715883668906,53.8814317673378,52.1923937360179,55.0,34.11905980135002,False
1375810,Terry Yegbe,8550,Metz,FRA-Ligue 1,2.8,46.2,1.0,0.0,5.7,0.3,0.01,0.05,0.9,1.0,0.0,1.1,0.1,0.8,0.0,6.16,0.0,4.0,0.3,0.7,0.0,1876,23,Defender,0.6666666666666666,0.6111111111111112,0.0606060606060606,0.0,20.626195028680687,61.367112810707454,31.453154875717015,31.2906309751434,33.84033430792483,True
497662,Carl Starfelt,9910,Celta de Vigo,ESP-La Liga,1.9,58.7,0.0,0.0,6.5,0.1,0.01,0.03,1.1,0.0,0.0,1.0,0.1,0.8,0.0,6.76,0.0,1.0,0.2,1.4,0.1,1492,19,Defender,0.6857142857142857,0.4166666666666667,0.03236797274275979,0.09090909090909091,26.061164080913333,31.509692832180537,48.627807649039056,35.3783954498726,33.75695667822352,True
933845,Rayan Aït-Nouri,8456,Manchester City,ENG-Premier League,0.0,0.0,2.0,0.0,0.0,2.0,0.0,0.0,0.0,2.0,0.0,0.0,0.0,0.0,0.0,0.0,0.0,12.0,0.0,0.0,0.0,963,16,Defender,0.0,0.0,0.0,0.0,48.84119111476125,28.936629438092343,25.896939871075926,34.04598748401281,33.743665652752995,True
1531887,Pau Navarro,10205,Villarreal,ESP-La Liga,1.7,40.3,1.0,0.0,5.0,0.2,0.01,0.0,1.7,0.0,0.0,0.9,0.1,0.8,0.0,6.82,0.0,4.0,0.1,3.1,0.3,1834,22,Defender,0.7017543859649122,0.225,0.04218362282878412,0.17647058823529413,36.51382062699706,26.6140248066923,41.74701251741302,31.1054006384893,33.5237096826274,True
583659,Arturo Calabresi,6479,Pisa,ITA-Serie A,1.8,24.7,0.0,0.0,4.2,0.2,0.02,0.01,1.9,0.0,0.0,1.2,0.1,0.9,0.1,6.31,0.0,4.0,0.3,1.1,0.1,1369,24,Defender,0.5476190476190477,0.5217391304347826,0.07287449392712551,0.052631578947368425,17.739005736137667,53.8718929254302,31.7925430210325,49.51242829827916,33.40995601534879,True
1200630,Koni De Winter,8564,Milan,ITA-Serie A,1.5,58.0,0.0,0.0,4.9,0.4,0.02,0.04,1.3,1.0,0.05,0.7,0.1,0.6,0.1,6.95,0.0,5.0,0.4,1.4,0.2,1784,25,Defender,0.6176470588235294,0.33333333333333337,0.02586206896551724,0.15384615384615385,36.779952890383164,29.58929867411523,30.16305145984204,41.3771934702421,33.37388194355995,True
1225995,Robin Hranác,8226,TSG 1899 Hoffenheim,GER-Bundesliga,2.2,43.7,0.0,0.0,6.2,0.5,0.02,0.09,1.0,0.0,0.04,0.7,0.1,0.7,0.1,6.82,0.0,3.0,0.3,1.0,0.1,2251,29,Defender,0.6296296296296295,0.4117647058823529,0.05034324942791762,0.1,31.658699808795408,47.32313575525813,19.933078393881452,42.590822179732314,33.26296616575056,True
115591,Ricardo Rodríguez,8603,Real Betis,ESP-La Liga,1.3,31.0,1.0,0.0,4.0,0.4,0.03,0.01,0.6,1.0,0.0,0.5,0.0,0.2,0.1,6.72,0.0,7.0,0.2,1.4,0.1,1456,22,Defender,0.76,0.2631578947368421,0.041935483870967745,0.16666666666666669,40.105280155359075,30.90992567117658,30.1504542000134,31.137268069974322,33.251052384780756,True
1436942,Lucas Høgsberg,9848,Strasbourg,FRA-Ligue 1,2.4,61.6,0.0,0.0,3.3,0.6,0.03,0.01,0.8,0.0,0.0,0.7,0.1,1.0,0.0,6.5,0.0,1.0,0.2,1.1,0.1,1795,23,Defender,0.6923076923076923,0.38888888888888884,0.03896103896103896,0.125,37.915869980879535,38.819311663479915,27.294455066921604,25.640535372848948,33.16792685851077,True
609516,Robin Le Normand,9906,Atlético de Madrid,ESP-La Liga,1.8,47.5,1.0,0.0,4.8,0.3,0.02,0.03,1.1,1.0,0.05,1.1,0.1,0.3,0.2,6.8,0.0,2.0,0.3,1.5,0.1,1693,27,Defender,0.7027027027027027,0.4230769230769231,0.037894736842105266,0.09090909090909091,25.94930725764711,30.737296158940776,37.3079612971114,50.029514802314985,32.989197583260655,True
717174,Joe Rodon,8463,Leeds United,ENG-Premier League,1.2,39.8,1.0,0.0,5.7,0.6,0.02,0.05,0.5,0.0,0.06,0.9,0.2,0.6,0.0,6.71,0.0,7.0,0.6,1.1,0.0,2773,33,Defender,0.8,0.45,0.030150753768844223,0.0,28.05927342256214,29.397705544933075,48.71414913957934,29.923518164435947,32.97863190537934,True
355356,Marc-Oliver Kempf,10171,Como,ITA-Serie A,1.6,61.0,2.0,0.0,5.4,0.8,0.03,0.12,1.1,1.0,0.17,0.5,0.3,0.8,0.0,6.97,0.0,8.0,0.9,0.7,0.1,2151,32,Defender,0.5217391304347826,0.4166666666666667,0.02622950819672131,0.09090909090909091,32.31582478188276,44.08920100435878,23.7181272216305,32.90254554476198,32.9214356151257,True
1070712,Josko Gvardiol,8456,Manchester City,ENG-Premier League,0.0,0.0,1.0,0.0,0.0,0.7,0.0,0.0,0.0,2.0,0.0,0.0,0.0,0.0,0.0,0.0,0.0,4.0,0.0,0.0,0.0,1362,17,Defender,0.0,0.0,0.0,0.0,49.95043794548459,24.91769006035563,28.335418618279505,31.872236551872618,32.89337325926929,True
1523234,Jon Martín,8560,Real Sociedad,ESP-La Liga,1.3,49.6,0.0,0.0,6.3,0.2,0.01,0.08,0.7,0.0,0.08,1.4,0.2,1.0,0.0,7.0,0.0,2.0,0.6,1.2,0.3,2160,24,Defender,0.7878787878787878,0.5384615384615385,0.02620967741935484,0.4285714285714286,54.69737703235079,16.705841506937404,43.98410620766159,27.364164182147675,32.7078297225386,True
1107910,Valentino Livramento,10261,Newcastle United,ENG-Premier League,0.0,0.0,1.0,0.0,0.0,0.9,0.0,0.0,0.0,1.0,0.0,0.0,0.0,0.0,0.0,0.0,0.0,10.0,0.0,0.0,0.0,1328,17,Defender,0.0,0.0,0.0,0.0,51.016806327289224,27.02658684837519,24.813792965781364,30.884167946354353,32.65765641924141,True
937412,Jay Idzes,7943,Sassuolo,ITA-Serie A,1.2,37.7,2.0,0.0,5.5,0.6,0.02,0.01,1.0,0.0,0.0,1.2,0.0,0.7,0.0,6.7,0.0,3.0,0.1,0.8,0.2,3009,34,Defender,0.6666666666666666,0.6,0.031830238726790444,0.2,45.44933078393882,22.16061185468451,34.93785850860421,31.68260038240918,32.49974589186293,True
1800345,Tylel Tati,9830,Nantes,FRA-Ligue 1,1.6,43.6,0.0,0.0,4.1,0.2,0.01,0.01,1.2,0.0,0.0,0.9,0.0,0.8,0.0,6.21,0.0,1.0,0.2,1.0,0.4,1724,20,Defender,0.6129032258064516,0.4736842105263158,0.03669724770642202,0.33333333333333337,56.44837476099427,25.702676864244737,22.81548757170172,29.751434034416825,32.29033596927008,True
1097466,Micky van de Ven,8586,Tottenham Hotspur,ENG-Premier League,2.0,46.5,1.0,0.0,3.9,0.4,0.01,0.08,0.8,1.0,0.13,0.7,0.2,0.7,0.0,6.69,0.0,6.0,0.5,1.2,0.3,2863,33,Defender,0.7037037037037036,0.3684210526315789,0.043010752688172046,0.37499999999999994,52.100181366321465,33.34746336671215,22.448096010083507,21.271111282211415,32.280036455245465,True
1287489,Bamo Meité,8689,Lorient,FRA-Ligue 1,1.1,33.2,2.0,0.0,5.2,0.5,0.02,0.03,1.4,3.0,0.0,0.6,0.0,0.6,0.1,6.83,0.0,7.0,0.4,1.3,0.3,1962,24,Defender,0.5757575757575758,0.3157894736842105,0.03313253012048193,0.2142857142857143,44.44550669216061,29.59847036328872,20.798279158699806,40.602294455066925,32.101001061827304,True
754126,Kevin Danso,8586,Tottenham Hotspur,ENG-Premier League,2.2,49.4,1.0,0.0,8.3,0.3,0.02,0.03,1.4,0.0,0.0,1.2,0.1,0.8,0.0,0.0,0.0,3.0,0.5,1.8,0.1,1311,22,Defender,0.6818181818181818,0.39999999999999997,0.04453441295546559,0.07142857142857144,25.095719925913567,34.638308217234645,38.719606526335895,30.52541338546189,31.726989604185288,True
1249665,Nicolás Valentini,9876,Verona,ITA-Serie A,1.8,24.5,2.0,0.0,6.3,0.8,0.06,0.04,1.8,0.0,0.0,1.0,0.4,0.9,0.1,0.0,0.0,3.0,0.9,1.9,0.1,1266,19,Defender,0.6170212765957447,0.3448275862068966,0.07346938775510205,0.05555555555555556,22.364681047647153,39.679735878165175,31.976458024105174,40.00278750910752,31.692797210588825,True
188058,Daniel Burn,10261,Newcastle United,ENG-Premier League,1.2,33.5,0.0,0.0,6.4,0.4,0.02,0.05,1.5,2.0,0.04,0.9,0.1,0.5,0.1,6.74,0.0,6.0,0.4,1.6,0.1,2100,27,Defender,0.625,0.36,0.03582089552238806,0.06666666666666667,24.873681636517365,33.68798861612649,32.394345562727516,42.2133107480933,31.50643470342086,True
566425,Domingos Duarte,8305,Getafe,ESP-La Liga,2.3,20.9,1.0,0.0,6.2,0.3,0.01,0.03,1.0,1.0,0.03,1.0,0.1,0.5,0.0,6.76,0.0,1.0,0.4,0.9,0.0,2766,32,Defender,0.6551724137931034,0.5263157894736842,0.11004784688995216,0.0,16.47474915982622,60.62857973915758,30.57638701747932,31.91394937997528,31.390084598530972,True
149219,Christian Kabasele,8600,Udinese,ITA-Serie A,1.9,29.3,0.0,0.0,6.2,0.1,0.0,0.05,1.3,0.0,0.13,1.4,0.3,0.8,0.0,6.88,0.0,1.0,0.4,0.7,0.2,2147,28,Defender,0.6176470588235294,0.6666666666666667,0.06484641638225255,0.15384615384615385,34.72924446383582,36.68738406172158,25.60297172710072,25.362889484888274,31.208006517222568,True
640231,Antonio Raíllo,8661,Mallorca,ESP-La Liga,2.3,44.0,1.0,0.0,5.3,0.6,0.03,0.02,1.0,1.0,0.0,0.7,0.0,1.5,0.0,6.76,0.0,7.0,0.5,1.1,0.0,2033,23,Defender,0.6428571428571429,0.38888888888888884,0.05227272727272727,0.0,19.653347220974613,61.20712689796576,22.11133853193088,32.79838823514314,30.732875037613876,True
1383070,Daniel Elfadli,9790,Hamburger SV,GER-Bundesliga,1.0,44.7,0.0,0.0,4.3,0.4,0.03,0.03,1.4,0.0,0.0,1.4,0.1,0.6,0.0,6.45,0.0,2.0,0.3,1.6,0.2,1253,21,Defender,0.6818181818181818,0.4666666666666666,0.022371364653243846,0.14285714285714288,34.51720841300192,14.373804971319311,54.98087954110899,39.67495219885277,30.444763617313697,True
1198712,Martin Vitík,9857,Bologna,ITA-Serie A,1.4,43.7,0.0,0.0,6.3,0.1,0.01,0.02,1.6,0.0,0.0,0.7,0.1,0.5,0.1,6.88,0.0,3.0,0.5,2.4,0.1,1324,19,Defender,0.6595744680851064,0.22580645161290325,0.03203661327231121,0.0625,19.37858508604206,24.737093690248564,47.27055449330784,54.4263862332696,30.424280783511787,True
1014496,Odilon Kossounou,8524,Atalanta,ITA-Serie A,1.7,52.5,0.0,0.0,2.6,0.2,0.02,0.04,1.5,0.0,0.09,0.8,0.1,0.6,0.1,0.0,0.0,4.0,0.5,1.6,0.5,985,19,Defender,0.6153846153846154,0.3333333333333333,0.03238095238095238,0.3333333333333333,46.797440767213764,22.44257802530288,23.63356446132634,35.53497361490739,30.364711601993395,True
557325,Stefan Posch,9905,1. FSV Mainz 05,GER-Bundesliga,0.0,0.0,0.0,0.0,0.0,1.2,0.0,0.0,0.0,0.0,0.0,0.0,0.0,0.0,0.0,0.0,0.0,7.0,0.0,0.0,0.0,1350,15,Defender,0.0,0.0,0.0,0.0,32.13910312072695,37.66375011941375,20.70305471074781,32.371863695795064,30.22880345049531,True
847983,Lisandro Martínez,10260,Manchester United,ENG-Premier League,0.0,0.0,1.0,0.0,0.0,0.6,0.0,0.0,0.0,0.0,0.0,0.0,0.0,0.0,0.0,0.0,0.0,4.0,0.0,0.0,0.0,1051,16,Defender,0.0,0.0,0.0,0.0,36.6394759768045,24.548562543577106,29.379415635430878,28.158590019434143,29.555956600715014,True
1079554,Anthony Rouault,9851,Rennes,FRA-Ligue 1,2.3,56.8,0.0,0.0,5.9,0.4,0.02,0.08,1.4,0.0,0.06,0.9,0.2,1.0,0.0,6.9,0.0,6.0,0.5,1.4,0.2,1634,20,Defender,0.6216216216216216,0.391304347826087,0.040492957746478875,0.14285714285714288,33.33026422164334,34.27176859254316,22.964348400140867,24.923118930394974,29.314768725019515,True
698653,Igor Zubeldia,8560,Real Sociedad,ESP-La Liga,1.6,42.6,1.0,0.0,6.6,0.4,0.02,0.01,1.6,1.0,0.0,1.0,0.0,0.6,0.0,6.81,0.0,5.0,0.3,1.5,0.0,1902,23,Defender,0.6097560975609757,0.4,0.03755868544600939,0.0,16.40168576573802,39.47341742913239,36.95540199303337,34.60504346660621,29.251514516606736,True
879609,Alex Suárez,8306,Las Palmas,ESP-La Liga,2.3,41.4,0.0,0.0,3.7,0.2,0.01,0.02,1.0,0.0,0.0,0.5,0.1,0.9,0.0,6.31,0.0,3.0,0.2,1.5,0.0,2468,30,Defender,0.6666666666666666,0.25,0.05555555555555555,0.0,16.86241610738255,50.37472035794184,29.753914988814316,27.080536912751672,28.975060746930673,False
740944,Leo Østigard,10233,Genoa,ITA-Serie A,2.8,51.6,1.0,0.0,7.4,0.8,0.03,0.12,1.3,1.0,0.17,1.0,0.4,0.9,0.1,7.16,0.0,10.0,0.8,1.2,0.0,2623,30,Defender,0.6285714285714287,0.45454545454545453,0.05426356589147286,0.0,18.508721837959456,48.8498352446663,22.428975551192494,36.24243059387489,28.738018256355645,True
740944,Leo Østigard,10233,Genoa,ITA-Serie A,2.8,51.6,1.0,0.0,7.4,0.8,0.03,0.12,1.3,1.0,0.17,1.0,0.4,0.9,0.1,7.16,0.0,10.0,0.8,1.2,0.0,2623,30,Defender,0.6285714285714287,0.45454545454545453,0.05426356589147286,0.0,18.508721837959456,48.133951575762495,22.428975551192494,36.24243059387489,28.611019961709584,True
844996,Matteo Gabbia,8564,Milan,ITA-Serie A,3.2,49.9,0.0,0.0,5.7,0.2,0.01,0.05,0.8,0.0,0.0,0.5,0.1,0.7,0.0,6.95,0.0,2.0,0.7,0.8,0.0,2351,28,Defender,0.6190476190476191,0.3846153846153846,0.06412825651302606,0.0,22.43146363476929,58.681618694419136,16.757043272692535,24.36136098884569,28.174906854763883,True
833219,Juan Foyth,10205,Villarreal,ESP-La Liga,0.0,0.0,0.0,0.0,0.0,0.2,0.0,0.0,0.0,0.0,0.0,0.0,0.0,0.0,0.0,0.0,0.0,0.0,0.0,0.0,0.0,936,13,Defender,0.0,0.0,0.0,0.0,35.591750398877586,27.62227611881775,21.435716903141543,28.617202994825643,28.122972593289955,True
73024,Francesco Acerbi,8636,Internazionale,ITA-Serie A,0.0,0.0,0.0,0.0,0.0,0.5,0.0,0.0,0.0,0.0,0.0,0.0,0.0,0.0,0.0,0.0,0.0,3.0,0.0,0.0,0.0,1289,17,Defender,0.0,0.0,0.0,0.0,39.41911803497005,23.03058916963597,25.184784762947658,24.55307174948634,27.938560203186395,True
314605,Alberto Moreno,10171,Como,ITA-Serie A,0.0,0.0,2.0,0.0,0.0,0.5,0.0,0.0,0.0,1.0,0.0,0.0,0.0,0.0,0.0,0.0,0.0,15.0,0.0,0.0,0.0,1068,17,Defender,0.0,0.0,0.0,0.0,35.591750398877586,40.688546830865924,13.943174024692626,25.59706876663772,27.89750764220034,True
197352,Juan Jesus,9875,Napoli,ITA-Serie A,2.7,67.7,0.0,0.0,3.1,0.3,0.02,0.02,2.1,0.0,0.0,1.4,0.0,0.6,0.0,6.84,0.0,4.0,0.2,2.0,0.0,1633,23,Defender,0.6181818181818182,0.4117647058823529,0.03988183161004431,0.0,15.019238090349512,34.287702308285674,40.5711042956157,33.023820013887644,27.759662967761148,True
189982,Fabian Schär,10261,Newcastle United,ENG-Premier League,0.0,0.0,0.0,0.0,0.0,0.6,0.0,0.0,0.0,0.0,0.0,0.0,0.0,0.0,0.0,0.0,0.0,4.0,0.0,0.0,0.0,1091,16,Defender,0.0,0.0,0.0,0.0,33.511213486125904,31.71672063455399,18.725053219323495,27.80810530653332,27.71245522938246,True
420568,Diego Llorente,8603,Real Betis,ESP-La Liga,0.0,0.0,0.0,0.0,0.0,0.1,0.0,0.0,0.0,0.0,0.0,0.0,0.0,0.0,0.0,0.0,0.0,1.0,0.0,0.0,0.0,1136,17,Defender,0.0,0.0,0.0,0.0,38.181235857490556,25.200946612427867,25.60238356980821,19.84017092920297,27.649161302265068,True
1098365,Jorge Herrando,8371,Osasuna,ESP-La Liga,1.3,35.2,1.0,0.0,5.9,0.8,0.05,0.02,1.4,1.0,0.0,1.1,0.0,0.6,0.0,6.67,0.0,2.0,0.2,1.8,0.2,1530,27,Defender,0.6744186046511628,0.3793103448275862,0.03693181818181818,0.14285714285714288,33.33026422164334,17.580399319591127,36.307241962919704,29.63312530388127,27.613736799235845,True
557799,Duje Caleta-Car,8560,Real Sociedad,ESP-La Liga,2.0,51.5,0.0,0.0,5.4,0.6,0.03,0.05,1.3,0.0,0.04,1.2,0.1,1.1,0.0,6.72,0.0,3.0,0.5,1.0,0.0,2150,27,Defender,0.6285714285714287,0.5454545454545454,0.038834951456310676,0.0,15.292838169055655,39.26857828480501,31.950903480893086,32.611874646214474,27.332989321905654,True
823018,Alessandro Buongiorno,9875,Napoli,ITA-Serie A,1.0,58.7,0.0,0.0,4.1,0.8,0.03,0.05,1.8,1.0,0.0,1.5,0.1,0.4,0.1,6.95,0.0,3.0,0.3,1.2,0.0,2460,32,Defender,0.6000000000000001,0.5555555555555555,0.017035775127768313,0.0,12.233885559562154,22.894906629138664,53.98377826541364,58.577129877962705,27.065497827041145,True
261609,Dimitri Foulquier,10267,Valencia CF,ESP-La Liga,0.0,0.0,0.0,0.0,0.0,0.3,0.0,0.0,0.0,0.0,0.0,0.0,0.0,0.0,0.0,0.0,0.0,6.0,0.0,0.0,0.0,1148,15,Defender,0.0,0.0,0.0,0.0,38.70696292684178,23.48658930081287,19.312301541471147,29.549343188710797,26.892018309962314,True
267365,Marquinhos,9847,Paris Saint-Germain,FRA-Ligue 1,0.0,0.0,0.0,0.0,0.0,0.4,0.0,0.0,0.0,0.0,0.0,0.0,0.0,0.0,0.0,0.0,0.0,2.0,0.0,0.0,0.0,959,13,Defender,0.0,0.0,0.0,0.0,35.591750398877586,29.152051849095233,16.29776015444654,30.000499042551215,26.878609318708282,True
1622290,Nicolò Savona,10203,Nottingham Forest,ENG-Premier League,0.0,0.0,1.0,0.0,0.0,0.4,0.0,0.0,0.0,0.0,0.0,0.0,0.0,0.0,0.0,0.0,0.0,7.0,0.0,0.0,0.0,1026,14,Defender,0.0,0.0,0.0,0.0,41.51829775159943,26.164868687646415,17.785455903887257,22.03256466522087,26.59276147454977,True
474589,José Giménez,9906,Atlético de Madrid,ESP-La Liga,0.0,0.0,1.0,0.0,0.0,0.4,0.0,0.0,0.0,1.0,0.0,0.0,0.0,0.0,0.0,0.0,0.0,1.0,0.0,0.0,0.0,1177,16,Defender,0.0,0.0,0.0,0.0,34.82553115950398,25.297889192591924,23.350332861381663,18.990059072379704,26.142482551101516,True
705484,Eray Cömert,10267,Valencia CF,ESP-La Liga,0.0,0.0,0.0,0.0,0.0,0.2,0.0,0.0,0.0,0.0,0.0,0.0,0.0,0.0,0.0,0.0,0.0,5.0,0.0,0.0,0.0,1269,16,Defender,0.0,0.0,0.0,0.0,35.591750398877586,26.819181199498672,20.453241138786584,19.340543785280527,25.97761614670263,True
1343750,Renato Veiga,10205,Villarreal,ESP-La Liga,3.2,49.6,0.0,0.0,5.7,0.3,0.01,0.01,0.9,0.0,0.0,0.8,0.1,1.1,0.0,6.67,0.0,3.0,0.3,0.7,0.0,2478,32,Defender,0.625,0.5333333333333333,0.06451612903225806,0.0,24.069588632095847,44.8579796191022,14.956062867954769,24.2539028692095,25.787787259328162,True
894802,Moritz Jenz,8721,VfL Wolfsburg,GER-Bundesliga,1.3,45.7,0.0,0.0,6.4,0.2,0.01,0.03,1.6,0.0,0.05,0.6,0.1,1.0,0.1,6.45,0.0,2.0,0.3,1.6,0.0,1789,22,Defender,0.5789473684210527,0.2727272727272727,0.028446389496717725,0.0,12.839045944708936,24.649992942112487,41.110073815522505,45.46276215774592,25.24877444014086,True
1355636,Arthur Chaves,8406,FC Augsburg,GER-Bundesliga,0.0,0.0,0.0,0.0,0.0,0.2,0.0,0.0,0.0,0.0,0.0,0.0,0.0,0.0,0.0,0.0,0.0,4.0,0.0,0.0,0.0,1068,15,Defender,0.0,0.0,0.0,0.0,27.098088952195997,20.284953296746384,25.132584912090095,27.830476671186563,24.477732772918383,True
921253,Ronald Araujo,8634,Barcelona,ESP-La Liga,1.9,63.3,1.0,0.0,3.1,0.4,0.04,0.13,1.5,0.0,0.27,0.8,0.5,0.4,0.3,0.0,0.0,3.0,1.0,1.5,0.0,989,22,Defender,0.6052631578947368,0.3478260869565218,0.030015797788309637,0.0,9.727533460803059,30.96080305927342,29.507648183556405,65.67877629063098,24.195906195855663,True
693678,Wout Faes,9829,Monaco,FRA-Ligue 1,0.0,0.0,0.0,0.0,0.0,0.6,0.0,0.0,0.0,0.0,0.0,0.0,0.0,0.0,0.0,0.0,0.0,0.0,0.0,0.0,0.0,1051,13,Defender,0.0,0.0,0.0,0.0,38.181235857490556,21.576414821278604,17.804098707764958,17.468806275959125,23.64385362639049,True
570434,Diego Carlos,10171,Como,ITA-Serie A,2.6,56.8,0.0,0.0,5.5,0.2,0.01,0.05,1.8,0.0,0.05,1.0,0.1,0.8,0.0,6.92,0.0,2.0,0.4,1.4,0.0,1940,26,Defender,0.5714285714285714,0.4166666666666667,0.045774647887323945,0.0,7.528680688336519,47.131931166348,32.05066921606118,32.944550669216056,23.395754073337663,True
488412,Clément Lenglet,9906,Atlético de Madrid,ESP-La Liga,0.0,0.0,2.0,0.0,0.0,0.4,0.0,0.0,0.0,1.0,0.0,0.0,0.0,0.0,0.0,0.0,0.0,4.0,0.0,0.0,0.0,1276,17,Defender,0.0,0.0,0.0,0.0,28.356478213940964,32.2126192177009,14.36822995310426,18.50534617155942,23.31572362610187,True
769895,Matthijs de Ligt,10260,Manchester United,ENG-Premier League,0.0,0.0,2.0,0.0,0.0,0.8,0.0,0.0,0.0,0.0,0.0,0.0,0.0,0.0,0.0,0.0,0.0,3.0,0.0,0.0,0.0,1170,13,Defender,0.0,0.0,0.0,0.0,33.84864823631233,16.084280444803756,24.923785508659808,19.71339986283459,23.128667935041687,True
1426170,Mamadou Sarr,9848,Strasbourg,FRA-Ligue 1,0.0,0.0,0.0,0.0,0.0,0.1,0.0,0.0,0.0,0.0,0.0,0.0,0.0,0.0,0.0,0.0,0.0,1.0,0.0,0.0,0.0,1305,15,Defender,0.0,0.0,0.0,0.0,39.13388313564119,16.60288546403115,16.95212257055392,19.004973315481866,22.027086906456386,True
799230,Federico Baschirotto,7801,Cremonese,ITA-Serie A,2.3,40.3,0.0,0.0,6.6,0.2,0.01,0.04,1.6,0.0,0.07,0.9,0.2,1.2,0.0,6.58,0.0,2.0,0.4,0.9,0.0,2541,29,Defender,0.5294117647058824,0.5,0.05707196029776675,0.0,8.604206500956021,50.61185468451242,20.30592734225621,30.18164435946463,21.905645983832223,True
276738,Antonio Rüdiger,8633,Real Madrid,ESP-La Liga,0.0,0.0,1.0,0.0,0.0,0.6,0.0,0.0,0.0,0.0,0.0,0.0,0.0,0.0,0.0,0.0,0.0,2.0,0.0,0.0,0.0,1402,17,Defender,0.0,0.0,0.0,0.0,34.82553115950398,29.159508970646314,9.571436515371223,14.635100086548235,20.9921548806978,True
1050822,Andrew Omobamidele,9848,Strasbourg,FRA-Ligue 1,0.9,78.5,0.0,0.0,4.9,0.1,0.01,0.04,0.9,0.0,0.07,1.1,0.1,0.6,0.0,6.71,0.0,0.0,0.2,0.5,0.0,1261,24,Defender,0.64,0.6875,0.011464968152866243,0.0,20.626195028680687,9.192160611854684,28.709369024856596,31.386233269598474,18.72267112901515,True
1563022,Ángel Pérez,9866,Alavés,ESP-La Liga,0.0,0.0,2.0,0.0,0.0,2.0,0.0,0.0,0.0,3.0,0.0,0.0,0.0,0.0,0.0,0.0,0.0,22.0,0.0,0.0,0.0,1110,14,Defender,0.0,0.0,0.0,0.0,30.568833652007648,30.05736137667304,5.162523900573614,10.850860420650095,16.691834184455317,True
969856,Olivier Deman,8697,SV Werder Bremen,GER-Bundesliga,0.0,0.0,1.0,0.0,0.0,1.7,0.0,0.0,0.0,2.0,0.0,0.0,0.0,0.0,0.0,0.0,0.0,17.0,0.0,0.0,0.0,1165,15,Defender,0.0,0.0,0.0,0.0,30.568833652007648,27.189292543021033,5.162523900573614,10.850860420650095,16.197134114220297,True
1678681,Hennes Behrens,94937,1. FC Heidenheim 1846,GER-Bundesliga,0.0,0.0,5.0,0.0,0.0,2.0,0.0,0.0,0.0,2.0,0.0,0.0,0.0,0.0,0.0,0.0,0.0,16.0,0.0,0.0,0.0,1229,15,Defender,0.0,0.0,0.0,0.0,30.568833652007648,26.50095602294455,5.162523900573614,10.850860420650095,16.073011979017146,True
844415,Éder Militao,8633,Real Madrid,ESP-La Liga,0.0,0.0,2.0,0.0,0.0,0.7,0.0,0.0,0.0,1.0,0.0,0.0,0.0,0.0,0.0,0.0,0.0,8.0,0.0,0.0,0.0,1141,16,Defender,0.0,0.0,0.0,0.0,30.698014380980492,17.366160352352555,5.529676634685168,11.353966604072474,14.520825395147451,True
1315546,Tomoya Ando,8152,FC St. Pauli,GER-Bundesliga,0.0,0.0,3.0,0.0,0.0,0.4,0.0,0.0,0.0,1.0,0.0,0.0,0.0,0.0,0.0,0.0,0.0,6.0,0.0,0.0,0.0,1171,14,Defender,0.0,0.0,0.0,0.0,30.568833652007648,14.79923518164436,5.162523900573614,10.850860420650095,13.495549966961782,True
805352,Unai Núñez,9876,Verona,ITA-Serie A,0.0,0.0,0.0,0.0,0.0,0.4,0.0,0.0,0.0,0.0,0.0,0.0,0.0,0.0,0.0,0.0,0.0,5.0,0.0,0.0,0.0,1265,17,Defender,0.0,0.0,0.0,0.0,30.568833652007648,12.963671128107075,5.162523900573614,10.850860420650095,12.96991731656195,True
769167,Enzo Ebosse,9804,Torino,ITA-Serie A,0.0,0.0,1.0,0.0,0.0,0.3,0.0,0.0,0.0,1.0,0.0,0.0,0.0,0.0,0.0,0.0,0.0,5.0,0.0,0.0,0.0,1151,15,Defender,0.0,0.0,0.0,0.0,30.568833652007648,12.963671128107075,5.162523900573614,10.850860420650095,12.96991731656195,True
419664,Tyrone Mings,10252,Aston Villa,ENG-Premier League,0.0,0.0,1.0,0.0,0.0,0.4,0.0,0.0,0.0,0.0,0.0,0.0,0.0,0.0,0.0,0.0,0.0,5.0,0.0,0.0,0.0,1233,16,Defender,0.0,0.0,0.0,0.0,30.698014380980492,11.692410133130295,5.529676634685168,11.353966604072474,12.895891586943005,True
1321562,Diego Coppola,6379,Paris FC,FRA-Ligue 1,0.0,0.0,2.0,0.0,0.0,0.2,0.0,0.0,0.0,2.0,0.0,0.0,0.0,0.0,0.0,0.0,0.0,4.0,0.0,0.0,0.0,1080,12,Defender,0.0,0.0,0.0,0.0,30.568833652007648,10.841300191204589,5.162523900573614,10.850860420650095,12.292584913986355,True
277761,Chancel Mbemba,8639,Lille,FRA-Ligue 1,0.0,0.0,1.0,0.0,0.0,0.1,0.0,0.0,0.0,0.0,0.0,0.0,0.0,0.0,0.0,0.0,0.0,4.0,0.0,0.0,0.0,953,13,Defender,0.0,0.0,0.0,0.0,30.568833652007648,10.841300191204589,5.162523900573614,10.850860420650095,12.292584913986355,True
1113690,Conor Bradley,8650,Liverpool,ENG-Premier League,0.0,0.0,3.0,0.0,0.0,0.9,0.0,0.0,0.0,1.0,0.0,0.0,0.0,0.0,0.0,0.0,0.0,4.0,0.0,0.0,0.0,932,15,Defender,0.0,0.0,0.0,0.0,30.568833652007648,10.841300191204589,5.162523900573614,10.850860420650095,12.292584913986355,True
1073979,Bryan Okoh,8583,Auxerre,FRA-Ligue 1,0.0,0.0,0.0,0.0,0.0,0.1,0.0,0.0,0.0,0.0,0.0,0.0,0.0,0.0,0.0,0.0,0.0,4.0,0.0,0.0,0.0,1006,13,Defender,0.0,0.0,0.0,0.0,30.568833652007648,10.841300191204589,5.162523900573614,10.850860420650095,12.292584913986355,True
1173779,Tim Siersleben,94937,1. FC Heidenheim 1846,GER-Bundesliga,0.0,0.0,0.0,0.0,0.0,0.4,0.0,0.0,0.0,0.0,0.0,0.0,0.0,0.0,0.0,0.0,0.0,2.0,0.0,0.0,0.0,1082,15,Defender,0.0,0.0,0.0,0.0,30.698014380980492,9.52677220703707,5.529676634685168,11.353966604072474,12.127293702168657,True
821728,Jorge Cuenca,9879,Fulham,ENG-Premier League,0.0,0.0,1.0,0.0,0.0,0.6,0.0,0.0,0.0,0.0,0.0,0.0,0.0,0.0,0.0,0.0,0.0,3.0,0.0,0.0,0.0,934,14,Defender,0.0,0.0,0.0,0.0,30.568833652007648,8.575525812619503,5.162523900573614,10.850860420650095,11.457689096122987,True
1303501,Ali Yousef Musrati,9830,Nantes,FRA-Ligue 1,0.0,0.0,0.0,0.0,0.0,0.2,0.0,0.0,0.0,0.0,0.0,0.0,0.0,0.0,0.0,0.0,0.0,3.0,0.0,0.0,0.0,968,13,Defender,0.0,0.0,0.0,0.0,30.568833652007648,8.575525812619503,5.162523900573614,10.850860420650095,11.457689096122987,True
1323897,Marc Pubill,9906,Atlético de Madrid,ESP-La Liga,0.0,0.0,1.0,0.0,0.0,0.6,0.0,0.0,0.0,1.0,0.0,0.0,0.0,0.0,0.0,0.0,0.0,3.0,0.0,0.0,0.0,1247,17,Defender,0.0,0.0,0.0,0.0,30.568833652007648,8.575525812619503,5.162523900573614,10.850860420650095,11.457689096122987,True
938247,Mohammed Salisu,9829,Monaco,FRA-Ligue 1,0.0,0.0,0.0,0.0,0.0,0.2,0.0,0.0,0.0,0.0,0.0,0.0,0.0,0.0,0.0,0.0,0.0,2.0,0.0,0.0,0.0,1080,12,Defender,0.0,0.0,0.0,0.0,30.698014380980492,7.390306882652283,5.529676634685168,11.353966604072474,11.237738013275223,True
574200,Eric Bailly,8670,Real Oviedo,ESP-La Liga,0.0,0.0,0.0,0.0,0.0,0.2,0.0,0.0,0.0,0.0,0.0,0.0,0.0,0.0,0.0,0.0,0.0,2.0,0.0,0.0,0.0,1146,14,Defender,0.0,0.0,0.0,0.0,30.568833652007648,6.510516252390056,5.162523900573614,10.850860420650095,10.548809127352492,True
1003254,Joël Schmied,8722,1. FC Köln,GER-Bundesliga,0.0,0.0,0.0,0.0,0.0,0.3,0.0,0.0,0.0,0.0,0.0,0.0,0.0,0.0,0.0,0.0,0.0,2.0,0.0,0.0,0.0,1035,15,Defender,0.0,0.0,0.0,0.0,30.568833652007648,6.510516252390056,5.162523900573614,10.850860420650095,10.548809127352492,True
1800401,Kacper Potulski,9905,1. FSV Mainz 05,GER-Bundesliga,0.0,0.0,1.0,0.0,0.0,0.1,0.0,0.0,0.0,0.0,0.0,0.0,0.0,0.0,0.0,0.0,0.0,2.0,0.0,0.0,0.0,970,14,Defender,0.0,0.0,0.0,0.0,30.568833652007648,6.510516252390056,5.162523900573614,10.850860420650095,10.548809127352492,True
693736,Unai Elgezabal,8581,Levante,ESP-La Liga,0.0,0.0,0.0,0.0,0.0,0.4,0.0,0.0,0.0,0.0,0.0,0.0,0.0,0.0,0.0,0.0,0.0,2.0,0.0,0.0,0.0,958,12,Defender,0.0,0.0,0.0,0.0,30.568833652007648,6.510516252390056,5.162523900573614,10.850860420650095,10.548809127352492,True
72541,César Azpilicueta,8302,Sevilla,ESP-La Liga,0.0,0.0,1.0,0.0,0.0,0.6,0.0,0.0,0.0,1.0,0.0,0.0,0.0,0.0,0.0,0.0,0.0,2.0,0.0,0.0,0.0,1128,16,Defender,0.0,0.0,0.0,0.0,30.568833652007648,6.510516252390056,5.162523900573614,10.850860420650095,10.548809127352492,True
1559639,Ayden Heaven,10260,Manchester United,ENG-Premier League,0.0,0.0,1.0,0.0,0.0,0.2,0.0,0.0,0.0,1.0,0.0,0.0,0.0,0.0,0.0,0.0,0.0,2.0,0.0,0.0,0.0,923,17,Defender,0.0,0.0,0.0,0.0,30.568833652007648,6.510516252390056,5.162523900573614,10.850860420650095,10.548809127352492,True
1039219,Samir Chergui,6379,Paris FC,FRA-Ligue 1,0.0,0.0,0.0,0.0,0.0,0.4,0.0,0.0,0.0,0.0,0.0,0.0,0.0,0.0,0.0,0.0,0.0,2.0,0.0,0.0,0.0,1065,14,Defender,0.0,0.0,0.0,0.0,30.568833652007648,6.510516252390056,5.162523900573614,10.850860420650095,10.548809127352492,True
1199391,Rav van den Berg,8722,1. FC Köln,GER-Bundesliga,0.0,0.0,1.0,0.0,0.0,0.1,0.0,0.0,0.0,1.0,0.0,0.0,0.0,0.0,0.0,0.0,0.0,1.0,0.0,0.0,0.0,1132,14,Defender,0.0,0.0,0.0,0.0,30.568833652007648,4.789674952198853,5.162523900573614,10.850860420650095,9.620787414118798,True
1118199,Zaid Abner Romero,8305,Getafe,ESP-La Liga,0.0,0.0,0.0,0.0,0.0,0.1,0.0,0.0,0.0,0.0,0.0,0.0,0.0,0.0,0.0,0.0,0.0,1.0,0.0,0.0,0.0,1170,13,Defender,0.0,0.0,0.0,0.0,30.568833652007648,4.789674952198853,5.162523900573614,10.850860420650095,9.620787414118798,True
696646,Axel Disasi,8654,West Ham United,ENG-Premier League,0.0,0.0,0.0,0.0,0.0,0.0,0.0,0.0,0.0,0.0,0.0,0.0,0.0,0.0,0.0,0.0,0.0,1.0,0.0,0.0,0.0,1075,12,Defender,0.0,0.0,0.0,0.0,30.568833652007648,4.789674952198853,5.162523900573614,10.850860420650095,9.620787414118798,True
846006,Andrias Edmundsson,9876,Verona,ITA-Serie A,0.0,0.0,0.0,0.0,0.0,0.1,0.0,0.0,0.0,0.0,0.0,0.0,0.0,0.0,0.0,0.0,0.0,1.0,0.0,0.0,0.0,1140,13,Defender,0.0,0.0,0.0,0.0,30.568833652007648,4.789674952198853,5.162523900573614,10.850860420650095,9.620787414118798,True
1621219,Juan Rodríguez,8529,Cagliari,ITA-Serie A,0.0,0.0,0.0,0.0,0.0,0.5,0.0,0.0,0.0,0.0,0.0,0.0,0.0,0.0,0.0,0.0,0.0,0.0,0.0,0.0,0.0,1245,15,Defender,0.0,0.0,0.0,0.0,30.568833652007648,3.87189292543021,5.162523900573614,10.850860420650095,9.026009942226924,True
753593,Marcão,8302,Sevilla,ESP-La Liga,0.0,0.0,0.0,0.0,0.0,0.1,0.0,0.0,0.0,0.0,0.0,0.0,0.0,0.0,0.0,0.0,0.0,0.0,0.0,0.0,0.0,937,13,Defender,0.0,0.0,0.0,0.0,30.568833652007648,3.87189292543021,5.162523900573614,10.850860420650095,9.026009942226924,True
690149,Axel Tuanzebe,8191,Burnley,ENG-Premier League,0.0,0.0,0.0,0.0,0.0,0.1,0.0,0.0,0.0,0.0,0.0,0.0,0.0,0.0,0.0,0.0,0.0,0.0,0.0,0.0,0.0,1022,12,Defender,0.0,0.0,0.0,0.0,30.568833652007648,3.87189292543021,5.162523900573614,10.850860420650095,9.026009942226924,True
