player_id,player,team_id,team,league,accurate_long_balls,accurate_pass,big_chance_created,clean_sheet,effective_clearance,expected_assists,expected_assists_per_90,expected_goals_per_90,fouls,goal_assist,goals_per_90,interception,ontarget_scoring_att,outfielder_block,poss_won_att_3rd,rating,saves,total_att_assist,total_scoring_att,total_tackle,won_contest,minutes_played,matches_played,position,clean_defend_rate,interception_share,progressive_pass_share,carry_to_foul_ratio,chance_creation_rate,xg_per_shot,ball_progression,counter_press_intensity,third_man_link,box_arrival,composite_score,has_primary_season,is_manual_add
1737700,Lennart Karl,9823,Bayern München,GER-Bundesliga,2.1,49.0,4.0,0.0,0.2,3.0,0.3,0.47,0.4,2.0,0.4,1.1,1.4,0.2,1.1,7.03,0.0,15.0,3.1,2.0,1.5,905,20,Midfielder,0.8857142857142858,0.3548387096774194,0.0428571428571428,3.75,0.3061224489795918,0.1516129032258064,83.02083333333334,83.15393518518519,63.27546296296296,96.85763888888889,80.03177270260132,True,False
1077894,Jude Bellingham,8633,Real Madrid,ESP-La Liga,3.0,51.4,3.0,0.0,0.8,1.7,0.12,0.37,1.9,3.0,0.28,0.8,1.3,0.1,1.1,7.75,0.0,30.0,2.5,2.9,1.6,1291,18,Midfielder,0.6607142857142858,0.2162162162162162,0.0583657587548638,0.8421052631578948,0.5836575875486382,0.148,82.37587659653894,68.08965282777378,72.50291643335198,94.17075800602618,78.14161396302133,True,False
1083323,Pedri,8634,Barcelona,ESP-La Liga,3.5,82.1,5.0,0.0,0.9,3.3,0.24,0.11,0.6,5.0,0.15,1.0,0.7,0.1,0.8,7.9,0.0,38.0,1.3,2.1,1.8,1218,16,Midfielder,0.8378378378378378,0.3225806451612903,0.0426309378806333,3.0,0.4628501827040195,0.0846153846153846,87.98571114310853,78.16512179025678,83.83545982988028,59.66205203583714,78.0860531083613,True,False
999690,Ilan Kebbal,6379,Paris FC,FRA-Ligue 1,3.3,51.0,6.0,0.0,0.3,4.6,0.23,0.28,0.5,4.0,0.4,0.3,0.8,0.0,0.9,7.62,0.0,45.0,2.1,1.3,1.3,1812,21,Midfielder,0.7619047619047619,0.1874999999999999,0.0647058823529411,2.6,0.8823529411764706,0.1333333333333333,88.53009259259258,49.90162037037037,89.57175925925927,91.20949074074076,77.3938978178779,True,False
614449,Nadiem Amiri,9905,1. FSV Mainz 05,GER-Bundesliga,2.9,40.0,11.0,0.0,0.5,5.0,0.29,0.4,1.0,2.0,0.52,0.9,0.8,0.2,0.7,7.59,0.0,43.0,2.1,1.5,1.0,1561,19,Midfielder,0.7058823529411765,0.375,0.0725,1.0,1.075,0.1904761904761904,77.82244920406367,55.72364210863131,89.93143881822787,90.65703077087166,76.52432818428473,True,False
422685,Bruno Fernandes,10260,Manchester United,ENG-Premier League,4.2,49.1,18.0,0.0,1.6,6.7,0.3,0.37,0.7,12.0,0.27,0.5,0.7,0.2,0.5,7.98,0.0,78.0,2.6,1.7,0.5,1987,23,Midfielder,0.7586206896551724,0.2272727272727272,0.0855397148676171,0.7142857142857143,1.5885947046843176,0.1423076923076923,71.13759232594725,58.69808748633443,95.06497813508253,89.18099885342507,76.26852389212753,True,False
1156141,Jamal Musiala,9823,Bayern München,GER-Bundesliga,0.6,38.5,9.0,0.0,0.2,5.9,0.3,0.47,1.0,2.0,0.6,0.4,1.6,0.0,0.7,7.77,0.0,41.0,3.4,1.8,3.6,1804,25,Midfielder,0.6875,0.1818181818181818,0.0155844155844155,3.6,1.0649350649350648,0.138235294117647,73.17494600431965,51.209503239740826,81.92224622030238,95.5831533477322,72.62281812269372,False,False
1253890,Arda Güler,8633,Real Madrid,ESP-La Liga,2.9,52.4,11.0,0.0,0.5,5.5,0.33,0.25,1.2,7.0,0.18,0.5,0.9,0.1,0.4,7.49,0.0,55.0,2.3,1.7,1.1,1532,24,Midfielder,0.6470588235294118,0.2272727272727272,0.0553435114503816,0.9166666666666669,1.049618320610687,0.108695652173913,80.80433565314775,44.752953097085566,90.60621816921314,80.83200010665813,71.7367983020231,True,False
1347574,Nico Paz,10171,Como,ITA-Serie A,0.8,36.4,11.0,0.0,0.4,3.3,0.14,0.28,1.8,6.0,0.38,0.8,1.6,0.1,0.9,7.7,0.0,40.0,4.0,2.7,2.1,2113,25,Midfielder,0.6603773584905661,0.2285714285714286,0.0219780219780219,1.1666666666666667,1.098901098901099,0.07,67.14361184438577,64.18402361144442,77.76847852171828,79.04652627789777,71.15994489161587,True,False
493165,James Maddison,8586,Tottenham Hotspur,ENG-Premier League,2.0,49.3,6.0,0.0,0.8,5.9,0.29,0.29,1.6,7.0,0.45,0.6,0.8,0.2,0.7,7.29,0.0,41.0,1.9,1.5,1.6,1816,31,Midfielder,0.5675675675675675,0.2857142857142857,0.0405679513184584,1.0,0.8316430020283976,0.1526315789473684,76.8574514038877,45.39416846652268,82.14902807775378,92.74838012958963,71.13243637231595,False,False
604126,Giovani Lo Celso,8603,Real Betis,ESP-La Liga,2.5,49.0,6.0,0.0,0.3,2.0,0.17,0.2,0.6,2.0,0.16,0.4,0.8,0.0,0.9,7.11,0.0,25.0,2.2,1.1,1.1,1098,17,Midfielder,0.7142857142857143,0.2666666666666666,0.0510204081632653,1.8333333333333333,0.5102040816326531,0.0909090909090909,81.5045796336293,50.0550872596859,76.28251406554142,81.33191011385755,70.93737328630195,True,False
683450,Pablo Fornals,8603,Real Betis,ESP-La Liga,3.2,45.4,6.0,0.0,0.8,4.1,0.19,0.15,0.9,4.0,0.28,1.2,0.7,0.1,0.9,7.46,0.0,51.0,1.6,1.3,0.8,1948,24,Midfielder,0.7352941176470589,0.48,0.0704845814977973,0.888888888888889,1.1233480176211454,0.0937499999999999,66.72022071567609,66.46409120603685,83.18041223368799,66.49804682292083,70.38677304403609,True,False
1152455,Florian Wirtz,8650,Liverpool,ENG-Premier League,1.4,45.5,4.0,0.0,0.5,4.1,0.2,0.28,0.9,2.0,0.19,0.4,0.7,0.0,0.6,7.19,0.0,44.0,2.0,1.4,1.6,1861,25,Midfielder,0.6666666666666666,0.2222222222222222,0.0307692307692307,1.777777777777778,0.967032967032967,0.14,77.68463522918167,40.94529937604992,88.55194917739914,89.2065968055889,70.31216612539859,True,False
749488,Romano Schmid,8697,SV Werder Bremen,GER-Bundesliga,2.1,32.6,11.0,0.0,0.3,6.4,0.3,0.21,0.7,5.0,0.09,0.4,0.6,0.1,1.2,7.16,0.0,60.0,1.7,1.4,1.1,1931,22,Midfielder,0.72,0.2222222222222222,0.0644171779141104,1.5714285714285716,1.840490797546012,0.1235294117647058,75.20944991067383,49.22315381436152,88.38331266831987,73.6692397941498,70.14131265457337,True,False
179515,Téji Savanier,10249,Montpellier,FRA-Ligue 1,7.2,38.1,16.0,0.0,0.8,7.7,0.3,0.16,0.8,5.0,0.08,0.6,0.7,0.0,0.7,7.04,0.0,70.0,1.8,1.2,1.1,2339,31,Midfielder,0.6923076923076923,0.3333333333333333,0.1889763779527559,1.375,1.837270341207349,0.0888888888888888,80.57235421166307,48.10475161987042,90.43196544276458,65.8207343412527,70.00931804768953,False,False
708435,Gaëtan Perrin,8583,Auxerre,FRA-Ligue 1,1.7,22.3,19.0,0.0,0.1,4.7,0.16,0.2,0.8,11.0,0.33,0.4,0.9,0.0,0.7,7.29,0.0,73.0,2.0,1.6,2.0,2704,34,Midfielder,0.7142857142857143,0.2,0.0762331838565022,2.5,3.2735426008968607,0.1,75.63714902807776,51.24190064794817,75.63714902807776,82.86177105831534,69.8845998382866,False,False
1404415,Fermin Lopez,8634,Barcelona,ESP-La Liga,2.0,39.4,10.0,0.0,0.3,3.0,0.25,0.34,1.3,5.0,0.34,0.4,1.3,0.0,0.7,7.31,0.0,22.0,3.5,2.0,1.8,1070,18,Midfielder,0.6486486486486486,0.1666666666666666,0.0507614213197969,1.3846153846153846,0.5583756345177665,0.0971428571428571,78.2458986614404,47.17591759325921,74.30452230488228,88.83185178519052,69.81297069891008,True,False
605654,Fabián Ruiz,9847,Paris Saint-Germain,FRA-Ligue 1,3.4,67.6,9.0,0.0,1.2,5.1,0.24,0.19,0.3,5.0,0.19,0.7,0.6,0.1,0.4,7.38,0.0,36.0,2.0,1.7,0.7,1923,30,Midfielder,0.888888888888889,0.2916666666666667,0.0502958579881656,2.333333333333333,0.5325443786982249,0.095,75.88012958963283,54.63282937365011,75.85313174946005,74.68682505399568,69.66971292051002,False,False
1173787,Xavi Simons,8586,Tottenham Hotspur,ENG-Premier League,1.8,34.6,6.0,0.0,0.5,3.3,0.21,0.13,1.0,4.0,0.07,0.8,0.5,0.1,1.2,7.01,0.0,26.0,2.0,1.9,1.4,1378,20,Midfielder,0.7297297297297297,0.2962962962962963,0.0520231213872832,1.4,0.7514450867052023,0.065,74.44189464842812,60.7808125349972,78.7530830866864,63.844267458603305,69.59501353978298,True,False
1280082,Matias Soulé,8686,Roma,ITA-Serie A,1.6,33.2,4.0,0.0,0.5,3.0,0.16,0.18,0.3,4.0,0.32,0.5,0.7,0.1,1.7,7.11,0.0,34.0,2.2,0.8,1.4,1691,25,Midfielder,0.8125,0.3846153846153846,0.0481927710843373,4.666666666666667,1.0240963855421683,0.0818181818181818,74.08433991947311,55.565588086286425,78.17234621230303,71.86506746126976,69.45224006154302,True,False
1185211,Mamadou Sangare,8588,Lens,FRA-Ligue 1,3.0,46.1,2.0,0.0,1.4,1.2,0.07,0.13,1.5,2.0,0.06,1.5,0.4,0.2,1.0,7.59,0.0,18.0,1.5,3.8,1.3,1579,20,Midfielder,0.7794117647058824,0.2830188679245283,0.0650759219088937,0.8666666666666667,0.3904555314533622,0.0866666666666666,81.26157407407408,92.85879629629628,48.77314814814815,58.53587962962962,69.25497209065138,True,False
921341,Alexis Saelemaekers,8564,Milan,ITA-Serie A,0.9,36.9,4.0,0.0,0.9,3.3,0.16,0.1,0.7,3.0,0.1,0.9,0.3,0.1,0.7,7.51,0.0,30.0,1.4,2.4,1.8,1874,23,Midfielder,0.825,0.2727272727272727,0.024390243902439,2.571428571428572,0.8130081300813008,0.0714285714285714,71.16166540010133,72.10720642348612,72.07733381329494,59.33801129242994,69.06925543628499,True,False
1305543,Kévin Danois,8583,Auxerre,FRA-Ligue 1,2.8,40.1,6.0,0.0,0.4,3.0,0.15,0.08,1.0,1.0,0.1,1.2,0.3,0.1,0.5,7.15,0.0,34.0,1.0,2.0,1.3,1762,21,Midfielder,0.7619047619047619,0.3749999999999999,0.0698254364089775,1.3,0.8478802992518703,0.08,79.66384355918193,74.74831180172254,72.2160060528491,47.34822047569528,68.94421366415145,True,False
823293,Aron Dønnum,9941,Toulouse,FRA-Ligue 1,3.2,28.2,6.0,0.0,0.6,4.9,0.26,0.23,1.2,3.0,0.16,1.1,0.6,0.1,0.5,7.41,0.0,43.0,1.5,1.7,1.1,1681,19,Midfielder,0.7,0.3928571428571429,0.1134751773049645,0.9166666666666669,1.524822695035461,0.1533333333333333,71.5962972962163,55.54699790683412,80.59248593445858,69.53534550569287,68.80929025048651,True,False
288406,Alejandro Grimaldo,8178,Bayer 04 Leverkusen,GER-Bundesliga,2.1,60.0,8.0,0.0,1.9,3.7,0.23,0.25,0.5,5.0,0.31,0.7,0.8,0.2,0.4,7.65,0.0,33.0,1.9,1.6,1.0,1444,17,Midfielder,0.8214285714285714,0.3043478260869565,0.035,2.0,0.55,0.131578947368421,71.90780570887661,49.12203690371437,85.6807955363571,74.57911700397301,68.80123319887424,True,False
888912,Mikkel Damsgaard,9937,Brentford,ENG-Premier League,1.4,28.0,9.0,0.0,0.7,3.7,0.25,0.08,0.8,3.0,0.07,1.1,0.4,0.2,1.1,6.89,0.0,29.0,1.0,2.5,0.8,1303,22,Midfielder,0.8181818181818181,0.3055555555555556,0.0499999999999999,1.0,1.0357142857142858,0.08,64.29374816681332,85.39579333653309,80.18065221448951,47.97958663306935,68.79207974361016,True,False
850354,Bruno Guimaraes,10261,Newcastle United,ENG-Premier League,2.9,45.4,5.0,0.0,1.3,3.6,0.16,0.22,1.5,4.0,0.4,0.5,0.8,0.0,0.7,7.63,0.0,38.0,1.4,2.2,0.6,2018,23,Midfielder,0.6428571428571429,0.1851851851851851,0.0638766519823788,0.3999999999999999,0.8370044052863437,0.1571428571428571,62.04227828440391,55.93700837266351,81.33232674719356,82.22531364157534,68.43811466271043,True,False
31097,Luka Modric,8564,Milan,ITA-Serie A,5.2,62.7,4.0,0.0,1.2,3.4,0.15,0.06,0.7,3.0,0.09,1.4,0.3,0.4,0.4,7.73,0.0,38.0,0.5,1.8,0.5,2006,24,Midfielder,0.8205128205128205,0.4374999999999999,0.0829346092503987,0.7142857142857143,0.6060606060606061,0.12,71.50367970562355,67.56508645974988,81.49099738687572,51.228768365197446,68.14112400069763,True,False
1070052,Amad,10260,Manchester United,ENG-Premier League,1.1,31.9,5.0,0.0,1.3,3.2,0.18,0.22,0.8,2.0,0.11,0.7,0.7,0.1,0.4,7.48,0.0,32.0,1.9,1.6,1.7,1653,20,Midfielder,0.7419354838709677,0.3043478260869565,0.0344827586206896,2.125,1.0031347962382446,0.1157894736842105,68.18390362104365,50.92132629389649,78.3522818174546,79.89142535263845,67.73956933830496,True,False
815006,Phil Foden,8456,Manchester City,ENG-Premier League,1.9,44.9,7.0,0.0,0.6,3.6,0.19,0.28,0.8,3.0,0.37,0.4,0.8,0.1,0.5,7.48,0.0,42.0,2.5,1.4,1.0,1717,23,Midfielder,0.6923076923076923,0.2222222222222222,0.042316258351893,1.25,0.935412026726058,0.112,70.3684621896915,42.3462706316828,84.76725195317708,86.03952517131962,67.59488558391055,True,False
516846,Julian Brandt,9789,Borussia Dortmund,GER-Bundesliga,1.0,32.3,4.0,0.0,0.7,2.9,0.24,0.38,0.3,2.0,0.5,0.3,1.2,0.0,0.8,7.42,0.0,20.0,2.1,0.9,1.1,1080,17,Midfielder,0.7999999999999999,0.25,0.0309597523219814,3.666666666666667,0.6191950464396285,0.1809523809523809,63.417026637868965,51.03567547929499,74.60839799482709,90.436773391462,67.1577550512149,True,False
1089691,Elliot Anderson,10203,Nottingham Forest,ENG-Premier League,3.6,57.2,2.0,0.0,1.1,3.0,0.12,0.08,1.5,2.0,0.04,1.2,0.3,0.4,0.6,7.48,0.0,38.0,1.0,2.8,1.4,2340,26,Midfielder,0.7272727272727273,0.3,0.0629370629370629,0.9333333333333332,0.6643356643356643,0.08,78.18639508839293,77.42753913020292,72.63753899688025,40.35064694824414,67.08471851876521,True,False
254308,Florian Thauvin,8588,Lens,FRA-Ligue 1,1.5,31.6,10.0,0.0,0.3,5.6,0.29,0.42,0.8,3.0,0.31,0.4,0.9,0.1,0.9,7.34,0.0,44.0,2.3,0.9,2.0,1749,22,Midfielder,0.6190476190476191,0.3076923076923077,0.0474683544303797,2.5,1.3924050632911391,0.1826086956521739,74.52230488227609,36.1222352211823,81.72172892835239,95.74762352345148,66.90206530585515,True,False
1327150,Arijon Ibrahimovic,94937,1. FC Heidenheim 1846,GER-Bundesliga,1.8,25.3,6.0,0.0,1.0,4.0,0.22,0.23,0.5,2.0,0.0,0.8,0.8,0.2,0.5,6.88,0.0,41.0,2.0,1.3,0.8,1602,22,Midfielder,0.8076923076923077,0.3809523809523809,0.0711462450592885,1.6,1.6205533596837944,0.115,64.96527777777777,54.22453703703704,80.13888888888889,69.77430555555556,66.38245150078225,True,False
1096353,Cole Palmer,8455,Chelsea,ENG-Premier League,1.9,32.4,2.0,0.0,0.6,1.0,0.09,0.69,0.8,1.0,0.72,0.8,1.4,0.0,0.8,7.22,0.0,11.0,3.1,1.2,1.3,1000,15,Midfielder,0.7142857142857143,0.4,0.0586419753086419,1.625,0.3395061728395062,0.2225806451612903,76.25858264672159,51.08802962429672,53.08943617843906,98.26926345892328,66.29823633515007,True,False
1310270,Kamory Doumbia,8521,Brest,FRA-Ligue 1,1.6,27.4,7.0,0.0,0.3,1.9,0.14,0.26,1.7,2.0,0.37,0.7,0.7,0.0,1.4,7.12,0.0,15.0,2.2,3.0,0.7,1206,16,Midfielder,0.6851851851851851,0.1891891891891891,0.0583941605839416,0.4117647058823529,0.5474452554744526,0.1181818181818181,56.72249553369064,77.92979061675065,55.22521531610804,85.56537976961845,66.22873305154725,True,False
1071186,Angelo Stiller,10269,VfB Stuttgart,GER-Bundesliga,2.4,67.5,6.0,0.0,1.4,4.9,0.26,0.11,0.6,5.0,0.05,1.0,0.2,0.2,0.7,7.32,0.0,36.0,0.4,1.4,0.5,1703,22,Midfielder,0.7999999999999999,0.4166666666666667,0.0355555555555555,0.8333333333333334,0.5333333333333333,0.2749999999999999,63.78520551689199,64.02519465109458,84.59396581606806,53.492928899021415,66.14512423254892,True,False
534670,Martin Ødegaard,9825,Arsenal,ENG-Premier League,2.6,45.0,4.0,0.0,0.5,2.9,0.25,0.09,0.6,4.0,0.08,0.6,0.6,0.0,1.1,6.98,0.0,29.0,1.7,1.4,0.8,1065,19,Midfielder,0.7692307692307692,0.3,0.0577777777777777,1.3333333333333337,0.6444444444444445,0.0529411764705882,73.65761572407541,52.66860317841239,83.81999440044797,55.31931612137695,66.06409872933047,True,False
460632,Joshua Kimmich,9823,Bayern München,GER-Bundesliga,6.9,96.7,12.0,0.0,0.7,6.3,0.41,0.13,0.3,5.0,0.07,0.8,0.3,0.1,0.3,7.61,0.0,34.0,1.0,1.0,0.7,1377,18,Midfielder,0.8571428571428571,0.4444444444444445,0.0713547052740434,2.333333333333333,0.3516028955532574,0.13,77.73935585153188,49.74310388502253,81.88231608138015,55.7462652987761,65.90466952587917,True,False
629805,Ritsu Doan,9810,Eintracht Frankfurt,GER-Bundesliga,0.9,25.2,10.0,0.0,0.6,4.1,0.2,0.12,0.8,5.0,0.2,0.7,0.5,0.0,0.7,7.11,0.0,29.0,1.5,1.7,1.4,1817,22,Midfielder,0.7499999999999999,0.2916666666666667,0.0357142857142857,1.7499999999999998,1.150793650793651,0.08,63.40821900914593,59.16163373596779,72.40517425272645,70.72120896994907,65.84245902378638,True,False
385437,Serge Gnabry,9823,Bayern München,GER-Bundesliga,1.0,42.9,7.0,0.0,0.3,3.5,0.32,0.43,0.6,5.0,0.54,0.4,1.3,0.1,0.7,7.35,0.0,18.0,3.2,1.3,1.3,1002,17,Midfielder,0.7391304347826086,0.2352941176470588,0.0233100233100233,2.166666666666667,0.4195804195804196,0.134375,67.6002253153081,44.60380669546437,68.96051649201397,95.86964709489908,65.66195005218242,True,False
654096,Declan Rice,9825,Arsenal,ENG-Premier League,2.5,55.8,13.0,0.0,2.3,5.6,0.22,0.11,0.7,4.0,0.16,1.1,0.5,0.4,0.4,7.66,0.0,51.0,1.4,1.9,0.4,2239,26,Midfielder,0.8108108108108107,0.3666666666666667,0.0448028673835125,0.5714285714285715,0.913978494623656,0.0785714285714285,54.21622103565048,64.33348665440099,89.06484147934833,59.37332513398928,65.2368367446544,True,False
1286183,Tom Bischof,8226,TSG 1899 Hoffenheim,GER-Bundesliga,2.3,40.2,8.0,0.0,1.8,4.8,0.17,0.08,1.6,2.0,0.18,1.1,0.6,0.4,0.3,7.23,0.0,50.0,1.8,3.3,1.0,2567,31,Midfielder,0.7333333333333334,0.25,0.0572139303482586,0.625,1.243781094527363,0.0444444444444444,67.548596112311,65.26457883369329,80.70194384449245,46.66846652267819,65.0249441974835,False,False
586388,Aleksandr Golovin,9829,Monaco,FRA-Ligue 1,1.1,30.7,2.0,0.0,0.6,1.3,0.11,0.17,1.7,4.0,0.16,1.4,0.8,0.3,1.0,7.08,0.0,18.0,1.7,1.5,1.0,1133,16,Midfielder,0.6304347826086957,0.4827586206896551,0.0358306188925081,0.5882352941176471,0.5863192182410424,0.1,62.21871416953311,68.25353138415595,57.99041076713864,75.39985967789244,65.01607456909299,True,False
940976,Kang-In Lee,9847,Paris Saint-Germain,FRA-Ligue 1,3.6,56.0,8.0,0.0,0.5,3.3,0.31,0.16,1.3,2.0,0.19,0.2,1.0,0.1,0.7,7.19,0.0,32.0,2.8,1.1,1.3,949,17,Midfielder,0.5,0.1538461538461538,0.0642857142857143,1.0,0.5714285714285714,0.0571428571428571,84.40819734421247,33.583305002266485,85.76753859691225,68.48618777164494,64.55019835746671,True,False
1331097,Pablo Pagis,8689,Lorient,FRA-Ligue 1,2.3,24.8,2.0,0.0,1.3,1.6,0.12,0.42,1.2,0.0,0.56,1.0,1.0,0.2,0.8,7.08,0.0,18.0,2.9,1.3,1.0,1130,19,Midfielder,0.6571428571428571,0.4347826086956522,0.0927419354838709,0.8333333333333334,0.7258064516129032,0.1448275862068965,64.77430555555556,56.13425925925926,53.69212962962963,95.74074074074076,64.4799723968191,True,False
298823,Mitchell Weiser,8697,SV Werder Bremen,GER-Bundesliga,1.1,28.3,10.0,0.0,1.7,5.4,0.17,0.17,0.9,8.0,0.16,0.7,0.5,0.1,0.4,7.24,0.0,42.0,1.3,1.9,1.1,2870,32,Midfielder,0.7428571428571429,0.2692307692307693,0.03886925795053,1.2222222222222223,1.4840989399293285,0.1307692307692307,60.199784017278624,52.44600431965443,74.22246220302377,76.77105831533477,64.3398325602685,False,False
317062,Adrien Thomasson,8588,Lens,FRA-Ligue 1,1.4,38.3,7.0,0.0,1.1,3.9,0.19,0.23,2.2,5.0,0.1,0.7,0.4,0.1,0.5,7.53,0.0,47.0,1.4,2.9,0.5,1832,21,Midfielder,0.6206896551724137,0.1944444444444444,0.0365535248041775,0.2272727272727272,1.2271540469973892,0.1642857142857143,45.978146748260144,61.61362091032717,85.75213982881371,78.24015745407034,64.2956818509271,True,False
693171,Ludovic Blas,9851,Rennes,FRA-Ligue 1,1.7,25.7,8.0,0.0,0.4,5.4,0.21,0.2,1.2,8.0,0.23,0.5,1.0,0.1,0.5,7.28,0.0,47.0,2.2,1.5,1.7,2302,29,Midfielder,0.625,0.25,0.0661478599221789,1.4166666666666667,1.828793774319066,0.0909090909090909,73.27753779697623,38.61231101511879,77.96976241900649,78.5097192224622,64.2893369870805,False,False
173461,Andrej Kramaric,8226,TSG 1899 Hoffenheim,GER-Bundesliga,1.0,34.3,5.0,0.0,0.5,3.1,0.21,0.48,0.2,4.0,0.6,0.4,1.4,0.1,1.1,7.24,0.0,24.0,2.8,0.3,0.8,1347,22,Midfielder,0.7777777777777778,0.5714285714285715,0.0291545189504373,4.0,0.6997084548104957,0.1714285714285714,59.68404194331121,43.04922272884837,75.31239167533263,97.30505726208573,64.2824601261504,True,False
439369,Ryan Christie,8678,Bournemouth,ENG-Premier League,2.3,34.6,5.0,0.0,2.1,3.0,0.13,0.09,1.8,3.0,0.08,1.3,0.5,0.5,0.7,7.25,0.0,41.0,1.4,2.3,1.0,2131,29,Midfielder,0.6666666666666666,0.3611111111111111,0.0664739884393063,0.5555555555555556,1.184971098265896,0.0642857142857143,64.16306695464363,73.18574514038878,71.52267818574515,47.58099352051837,64.17853547807333,False,False
239219,Mateo Kovacic,8456,Manchester City,ENG-Premier League,1.8,71.2,6.0,0.0,0.9,3.2,0.13,0.08,1.0,2.0,0.25,1.0,0.5,0.0,0.6,7.33,0.0,33.0,1.8,2.8,0.9,2202,31,Midfielder,0.7916666666666666,0.2631578947368421,0.0252808988764044,0.9,0.4634831460674157,0.0444444444444444,65.58855291576674,78.81209503239741,64.87041036717063,47.40280777537797,64.17547731409657,False,False
1342754,Diego Moreira,9848,Strasbourg,FRA-Ligue 1,1.5,34.3,10.0,0.0,1.2,3.3,0.18,0.08,0.8,3.0,0.11,0.9,0.4,0.2,0.5,7.09,0.0,28.0,1.1,2.1,1.3,1660,21,Midfielder,0.7894736842105263,0.3,0.0437317784256559,1.625,0.8163265306122449,0.0727272727272727,71.09012945631015,60.93173379462976,74.71940578087086,48.35039030210916,64.11978016936966,True,False
881735,Anton Stach,8463,Leeds United,ENG-Premier League,1.8,30.1,7.0,0.0,2.0,3.3,0.18,0.12,1.4,3.0,0.16,0.7,0.5,0.4,0.8,7.3,0.0,44.0,2.0,2.4,0.8,1699,21,Midfielder,0.6888888888888888,0.2258064516129032,0.0598006644518272,0.5714285714285715,1.4617940199335548,0.06,56.76504629629629,65.58449074074073,79.57175925925925,56.90972222222221,64.06954204207165,True,False
1356312,Mateus Fernandes,8654,West Ham United,ENG-Premier League,2.8,39.1,2.0,0.0,1.3,1.9,0.09,0.05,1.3,3.0,0.14,1.2,0.2,0.5,0.6,7.27,0.0,26.0,0.8,3.1,0.9,1950,24,Midfielder,0.7678571428571429,0.2790697674418604,0.0716112531969309,0.6923076923076923,0.6649616368286445,0.0625,71.57772378209744,76.41103711703063,62.85142188624909,43.95320041063382,63.8850539767876,True,False
1342757,Joao Neves,9847,Paris Saint-Germain,FRA-Ligue 1,2.3,64.0,2.0,0.0,0.2,1.4,0.13,0.22,1.1,1.0,0.46,0.5,0.6,0.5,0.7,7.49,0.0,9.0,1.9,2.0,0.6,977,13,Midfielder,0.6944444444444444,0.2,0.0359375,0.5454545454545454,0.140625,0.1157894736842105,63.02637455670213,64.66244367117297,52.81527477801776,80.6522561528411,63.75774026260772,True,False
1412132,Kenan Yildiz,9885,Juventus,ITA-Serie A,1.1,32.5,10.0,0.0,0.3,5.1,0.23,0.31,0.8,4.0,0.37,0.3,1.4,0.0,0.7,7.56,0.0,50.0,3.3,0.6,2.4,1967,24,Midfielder,0.5294117647058824,0.3333333333333333,0.0338461538461538,3.0,1.5384615384615383,0.0939393939393939,70.19062641655334,35.89551169239794,83.89913806895447,80.09039276857851,63.723442894106384,True,False
614834,Dani Olmo,8634,Barcelona,ESP-La Liga,1.7,47.3,7.0,0.0,1.0,4.1,0.31,0.41,1.0,6.0,0.45,0.6,1.2,0.0,0.6,7.6,0.0,36.0,3.7,1.9,0.4,1209,19,Midfielder,0.7142857142857143,0.24,0.0359408033826638,0.4,0.7610993657505286,0.1108108108108108,55.38261105778204,43.52490967389276,81.5523758099352,92.42416440018133,63.63744851765551,True,False
1079539,Dilane Bakwa,9848,Strasbourg,FRA-Ligue 1,1.8,26.8,12.0,0.0,0.9,6.0,0.21,0.16,1.0,8.0,0.22,0.5,0.8,0.0,0.7,7.38,0.0,47.0,1.9,0.9,1.8,2509,30,Midfielder,0.5833333333333334,0.3571428571428571,0.0671641791044776,1.8,1.753731343283582,0.0842105263157894,75.72354211663067,37.92116630669547,78.09935205183585,72.29481641468682,63.60232435404134,False,False
846005,Dominik Szoboszlai,8650,Liverpool,ENG-Premier League,3.5,54.0,5.0,0.0,1.7,3.8,0.16,0.15,1.0,2.0,0.17,0.6,0.7,0.3,0.4,7.4,0.0,44.0,2.0,1.5,0.9,2153,24,Midfielder,0.6774193548387097,0.2857142857142857,0.0648148148148148,0.9,0.8148148148148148,0.075,72.21777257819375,36.5230781537477,84.6836253099752,72.78402727781777,63.473456214108296,True,False
1338192,Pablo Barrios,9906,Atlético de Madrid,ESP-La Liga,2.4,50.2,3.0,0.0,0.7,2.0,0.12,0.1,0.7,1.0,0.06,1.3,0.3,0.1,0.6,7.24,0.0,20.0,1.2,1.7,1.8,1580,21,Midfielder,0.8108108108108107,0.4333333333333333,0.047808764940239,2.571428571428572,0.398406374501992,0.0833333333333333,81.46444117803908,70.41651667866572,58.01547542863239,42.84981368157214,63.457770652940845,True,False
771401,Anthony Caci,9905,1. FSV Mainz 05,GER-Bundesliga,1.5,31.5,6.0,0.0,1.4,7.9,0.26,0.1,1.2,7.0,0.03,0.9,0.4,0.3,0.5,7.25,0.0,50.0,1.1,2.0,1.0,2703,33,Midfielder,0.7073170731707318,0.3103448275862069,0.0476190476190476,0.8333333333333334,1.5873015873015872,0.0909090909090909,61.0097192224622,59.38984881209503,82.21382289416847,51.97624190064795,63.23316915807768,False,False
1126058,Malik Tillman,8178,Bayer 04 Leverkusen,GER-Bundesliga,0.7,36.6,6.0,0.0,0.8,2.1,0.15,0.19,0.9,0.0,0.29,0.9,0.4,0.3,0.8,7.28,0.0,22.0,1.7,2.0,0.6,1248,17,Midfielder,0.7631578947368421,0.3103448275862069,0.0191256830601092,0.6666666666666666,0.6010928961748634,0.1117647058823529,47.08912037037037,72.1412037037037,66.67824074074073,77.7488425925926,63.17668576460586,True,False
715301,Jonathan Clauss,9831,Nice,FRA-Ligue 1,2.2,39.6,6.0,0.0,2.6,4.0,0.22,0.04,0.8,4.0,0.06,1.5,0.1,0.2,0.4,7.41,0.0,40.0,0.7,2.2,1.2,1605,19,Midfielder,0.8222222222222223,0.4054054054054054,0.0555555555555555,1.4999999999999998,1.0101010101010102,0.0571428571428571,63.6984124603365,74.52126329893609,85.63851558541984,34.70531524144736,63.17643511991599,True,False
1372921,Andrey Santos,9848,Strasbourg,FRA-Ligue 1,1.6,44.1,9.0,0.0,2.0,2.0,0.06,0.16,0.9,3.0,0.32,1.0,0.5,0.4,0.5,7.75,0.0,27.0,1.4,3.5,0.6,2857,32,Midfielder,0.8333333333333333,0.2222222222222222,0.0362811791383219,0.6666666666666666,0.6122448979591837,0.1142857142857143,53.963282937365015,78.35313174946005,51.54427645788337,78.11015118790498,63.05655011256577,False,False
541820,Nicolo Barella,8636,Internazionale,ITA-Serie A,2.9,51.1,12.0,0.0,0.4,4.7,0.25,0.12,1.3,5.0,0.05,0.2,0.2,0.1,0.9,7.34,0.0,50.0,1.2,1.9,0.7,1681,23,Midfielder,0.6176470588235293,0.0952380952380952,0.0567514677103718,0.5384615384615384,0.9784735812133072,0.1,68.85328340399435,48.52668453190412,89.22442871236967,49.50247313548249,63.01136314783419,True,False
743533,Federico Valverde,8633,Real Madrid,ESP-La Liga,2.3,54.8,6.0,0.0,1.9,3.4,0.16,0.08,0.5,6.0,0.05,0.9,0.5,0.3,0.4,7.57,0.0,33.0,1.5,1.6,0.7,1906,23,Midfielder,0.8333333333333334,0.36,0.041970802919708,1.4,0.6021897810218978,0.0533333333333333,71.92151294563102,62.57241087379676,73.84815881396155,42.67714416180039,62.99083342075261,True,False
1436305,Lamine Camara,9829,Monaco,FRA-Ligue 1,2.9,46.6,6.0,0.0,0.9,2.6,0.24,0.04,1.4,3.0,0.0,2.3,0.0,0.1,1.2,7.51,0.0,21.0,0.9,2.3,1.2,938,13,Midfielder,0.7666666666666666,0.5,0.0622317596566523,0.8571428571428572,0.4506437768240343,0.0444444444444444,70.9183681972109,85.41060881796123,75.36813721568942,28.58982948030824,62.89915817560386,True,False
789630,Marcus Tavernier,8678,Bournemouth,ENG-Premier League,1.1,30.2,3.0,0.0,1.5,2.5,0.13,0.26,1.0,3.0,0.25,0.6,0.7,0.1,0.8,7.11,0.0,28.0,2.2,1.4,0.9,1765,22,Midfielder,0.6666666666666666,0.3,0.0364238410596026,0.9,0.9271523178807948,0.1181818181818181,57.80968355864864,49.29735621150308,70.45063061621737,82.79993433858624,62.71671528097265,True,False
1137705,Enzo Fernández,8455,Chelsea,ENG-Premier League,2.6,49.2,9.0,0.0,1.0,5.1,0.22,0.41,1.1,2.0,0.34,0.5,0.9,0.0,0.3,7.33,0.0,45.0,2.2,1.8,0.3,2148,25,Midfielder,0.676470588235294,0.2173913043478261,0.0528455284552845,0.2727272727272727,0.9146341463414632,0.1863636363636363,52.98115317441272,40.08216009385916,89.37305015598751,90.4329736954377,62.667332514444425,True,False
464981,Matus Bero,9911,VfL Bochum 1848,GER-Bundesliga,1.9,28.0,5.0,0.0,1.2,3.8,0.14,0.14,1.8,2.0,0.18,0.6,0.5,0.3,0.8,7.1,0.0,53.0,1.1,2.3,0.7,2479,29,Midfielder,0.6170212765957447,0.2068965517241379,0.0678571428571428,0.3888888888888888,1.8928571428571428,0.1272727272727273,49.23326133909288,60.485961123110165,74.89200863930887,74.8866090712743,62.60095102422134,False,False
1061249,Vitinha,9847,Paris Saint-Germain,FRA-Ligue 1,7.5,111.0,8.0,0.0,1.1,3.3,0.18,0.04,0.6,7.0,0.05,1.1,0.5,0.2,0.8,7.78,0.0,29.0,1.5,0.9,0.5,1649,21,Midfielder,0.7692307692307692,0.55,0.0675675675675675,0.8333333333333334,0.2612612612612612,0.0266666666666666,78.01001753193079,61.75280144255127,65.91334359917873,42.91662500333306,62.60048914524312,True,False
1044470,Hákon Arnar Haraldsson,8639,Lille,FRA-Ligue 1,1.1,38.6,3.0,0.0,0.4,3.5,0.21,0.28,1.2,1.0,0.29,0.4,0.4,0.0,0.9,7.12,0.0,33.0,1.9,0.9,0.8,1526,20,Midfielder,0.52,0.3076923076923077,0.0284974093264248,0.6666666666666667,0.854922279792746,0.1473684210526316,59.89562501666534,39.80517391941978,78.92623590112792,84.79573300802603,62.11315068456244,True,False
670009,Dimitrios Giannoulis,8406,FC Augsburg,GER-Bundesliga,1.4,22.6,4.0,0.0,3.1,2.5,0.2,0.07,0.9,3.0,0.16,1.1,0.3,0.5,0.6,7.13,0.0,20.0,0.5,1.3,1.0,1149,17,Midfielder,0.7272727272727273,0.4583333333333333,0.0619469026548672,1.1111111111111112,0.8849557522123893,0.14,63.895471695597685,59.07781544143136,69.62859637895636,53.27054668959816,61.729317029376645,True,False
1296763,Lewis Miley,10261,Newcastle United,ENG-Premier League,1.2,48.0,2.0,0.0,1.8,2.0,0.16,0.11,0.3,3.0,0.08,1.4,0.3,0.2,0.2,7.18,0.0,14.0,1.0,1.9,0.9,1133,19,Midfielder,0.9166666666666669,0.4242424242424242,0.0249999999999999,3.0,0.2916666666666667,0.11,69.61805555555556,61.215277777777786,55.09259259259259,59.57754629629629,61.634141064470576,True,False
957203,Éderson,8524,Atalanta,ITA-Serie A,3.2,49.2,2.0,0.0,1.7,1.2,0.07,0.17,1.4,0.0,0.06,1.1,0.3,0.4,0.4,7.04,0.0,18.0,1.4,2.4,0.5,1587,21,Midfielder,0.7142857142857142,0.3142857142857143,0.065040650406504,0.3571428571428571,0.3658536585365853,0.1214285714285714,62.02282150761272,61.91999640028798,56.848418793163226,66.18708836626402,61.45503056329688,True,False
650616,Mathias Jensen,9937,Brentford,ENG-Premier League,2.8,33.7,6.0,0.0,1.3,3.3,0.25,0.14,0.9,1.0,0.15,0.4,0.3,0.1,0.5,6.66,0.0,17.0,1.3,1.7,1.0,1206,24,Midfielder,0.7000000000000001,0.1904761904761904,0.0830860534124628,1.1111111111111112,0.5044510385756676,0.1076923076923077,74.67013888888889,42.50578703703704,64.38657407407408,67.37268518518519,61.22822986340207,True,False
304733,Hakan Calhanoglu,8636,Internazionale,ITA-Serie A,3.9,70.0,6.0,0.0,0.9,3.0,0.21,0.33,1.4,2.0,0.48,0.7,1.0,0.2,0.6,7.8,0.0,35.0,3.0,1.7,0.2,1307,17,Midfielder,0.631578947368421,0.2916666666666667,0.0557142857142857,0.1428571428571428,0.5,0.11,45.00535790470096,50.743790496760255,81.20898661440418,85.07506066181372,61.05011249265301,True,False
942372,Álex Baena,10205,Villarreal,ESP-La Liga,2.4,26.7,21.0,0.0,0.5,12.6,0.44,0.25,1.5,9.0,0.24,0.8,0.6,0.1,0.6,7.5,0.0,95.0,2.4,1.0,0.7,2602,32,Midfielder,0.5454545454545455,0.4444444444444445,0.0898876404494382,0.4666666666666666,3.558052434456929,0.1041666666666666,52.73758099352052,40.367170626349896,85.68034557235421,82.01403887688986,60.83325873636717,False,False
1095432,Charles De Ketelaere,8524,Atalanta,ITA-Serie A,1.6,31.4,12.0,0.0,0.3,6.5,0.38,0.16,0.9,3.0,0.17,0.1,0.8,0.1,0.8,7.12,0.0,45.0,2.0,0.9,2.4,1547,21,Midfielder,0.5263157894736842,0.1,0.0509554140127388,2.6666666666666665,1.4331210191082804,0.08,73.73199310721809,28.952592125963253,82.74838012958962,77.45808668639842,60.66970502754413,True,False
837089,Edu Exposito,8558,Espanyol,ESP-La Liga,2.5,29.5,8.0,0.0,1.0,5.3,0.3,0.09,0.9,5.0,0.0,0.8,0.5,0.1,0.4,7.09,0.0,55.0,1.5,1.9,1.0,1582,23,Midfielder,0.75,0.2962962962962963,0.0847457627118644,1.1111111111111112,1.8644067796610169,0.06,70.17851905180919,54.53599545369704,79.62977961763059,39.43126216569341,60.59950618118174,True,False
1565010,Arthur Avom,8689,Lorient,FRA-Ligue 1,3.2,42.4,3.0,0.0,0.8,2.3,0.14,0.05,0.8,1.0,0.0,1.4,0.1,0.1,0.7,7.02,0.0,22.0,0.9,2.5,1.1,1423,20,Midfielder,0.8297872340425532,0.358974358974359,0.0754716981132075,1.375,0.5188679245283019,0.0555555555555555,82.53472222222221,86.52199074074073,66.20370370370371,21.85185185185185,60.588591292189015,True,False
1226147,Giuliano Simeone,9906,Atlético de Madrid,ESP-La Liga,0.5,31.6,6.0,0.0,0.5,3.4,0.19,0.21,1.0,5.0,0.11,0.8,0.5,0.1,0.6,7.2,0.0,21.0,1.7,1.8,1.4,1597,21,Midfielder,0.7222222222222222,0.3076923076923077,0.0158227848101265,1.4,0.6645569620253164,0.1235294117647058,58.74767518598512,50.302625789936805,66.56274164733487,70.83277504466308,60.52705190476871,True,False
1395447,Nathaniel Brown,9810,Eintracht Frankfurt,GER-Bundesliga,1.1,30.0,6.0,0.0,1.4,2.1,0.12,0.12,0.9,4.0,0.17,1.0,0.4,0.1,0.4,7.13,0.0,20.0,0.7,2.9,0.6,1622,21,Midfielder,0.8125,0.2564102564102564,0.0366666666666666,0.6666666666666666,0.6666666666666666,0.1714285714285714,45.13463089619497,70.3148248140149,63.17692917899902,72.67150294643095,60.3291421442462,True,False
933768,Curtis Jones,8650,Liverpool,ENG-Premier League,2.7,74.9,3.0,0.0,0.8,2.3,0.18,0.09,0.7,1.0,0.0,0.6,0.3,0.2,0.5,6.89,0.0,17.0,1.2,1.8,1.2,1111,23,Midfielder,0.7741935483870969,0.25,0.0360480640854472,1.7142857142857144,0.2269692923898531,0.075,70.67614590832734,57.748713436258434,56.10546156307496,54.812731648134815,60.28302124198283,True,False
845943,Cristian Casseres Jr.,9941,Toulouse,FRA-Ligue 1,2.8,39.2,3.0,0.0,1.0,2.5,0.13,0.08,1.3,0.0,0.05,1.3,0.2,0.4,0.6,7.29,0.0,25.0,0.9,3.1,0.8,1717,21,Midfielder,0.7719298245614036,0.2954545454545454,0.0714285714285714,0.6153846153846154,0.6377551020408163,0.0888888888888888,63.38466256032851,77.61138275604618,65.31054182332079,36.75916759992534,60.24147062745237,True,False
966019,Felix Nmecha,9789,Borussia Dortmund,GER-Bundesliga,1.7,38.0,2.0,0.0,1.0,3.5,0.19,0.09,1.0,3.0,0.11,1.1,0.3,0.2,0.4,7.39,0.0,17.0,1.3,1.5,1.5,1674,22,Midfielder,0.7222222222222222,0.4230769230769231,0.0447368421052631,1.5,0.4473684210526316,0.0692307692307692,76.22756012852305,57.626931512145696,53.98381462816309,50.80151921179638,60.121694428407935,True,False
951712,Nicolo Fagioli,8535,Fiorentina,ITA-Serie A,3.8,53.4,10.0,0.0,0.8,2.9,0.16,0.07,0.8,3.0,0.06,0.5,0.2,0.4,0.9,7.16,0.0,48.0,1.0,1.7,0.8,1632,22,Midfielder,0.7333333333333334,0.2272727272727272,0.0711610486891385,1.0,0.898876404494382,0.07,75.6066598005493,51.14922472868837,78.78343065888062,37.18615010799136,60.11221695624384,True,False
638070,Luis Rioja,10267,Valencia CF,ESP-La Liga,1.1,23.0,4.0,0.0,1.2,2.7,0.15,0.09,0.4,4.0,0.11,0.7,0.2,0.0,0.6,6.87,0.0,25.0,1.6,1.2,1.2,1635,23,Midfielder,0.8260869565217391,0.3684210526315789,0.0478260869565217,3.0,1.0869565217391304,0.0562499999999999,64.9206563474922,55.19545103058422,69.15311775057995,49.91713996213637,60.088805704112,True,False
673689,Pepelu,10267,Valencia CF,ESP-La Liga,3.6,50.8,1.0,0.0,2.6,2.0,0.11,0.18,1.4,0.0,0.11,0.9,0.2,0.3,0.2,7.14,0.0,20.0,1.2,2.5,0.4,1709,22,Midfielder,0.7083333333333334,0.2647058823529412,0.0708661417322834,0.2857142857142857,0.3937007874015748,0.15,54.562534997200224,57.75879596298963,61.71517945231048,70.17111964376183,60.02090991020946,True,False
935379,Dejan Kulusevski,8586,Tottenham Hotspur,ENG-Premier League,0.5,24.1,9.0,0.0,0.3,3.9,0.15,0.16,1.8,4.0,0.26,0.5,0.7,0.2,1.0,6.92,0.0,65.0,1.8,1.7,1.4,2391,32,Midfielder,0.55,0.2272727272727272,0.0207468879668049,0.7777777777777777,2.697095435684647,0.0888888888888888,50.264578833693314,49.38984881209503,75.39956803455723,73.66090712742981,59.78299460347717,False,False
1340895,Bilal El Khannouss,10269,VfB Stuttgart,GER-Bundesliga,2.8,41.9,4.0,0.0,0.5,3.6,0.29,0.13,1.1,3.0,0.24,0.5,0.7,0.2,0.5,7.27,0.0,32.0,2.0,1.6,0.8,1105,16,Midfielder,0.65625,0.238095238095238,0.0668257756563245,0.7272727272727273,0.7637231503579952,0.065,72.01699697357544,39.54873610111191,79.3527851105245,52.89790983387994,59.71616378325186,True,False
620027,Xaver Schlager,178475,RB Leipzig,GER-Bundesliga,1.5,45.0,2.0,0.0,1.3,2.2,0.16,0.11,1.2,1.0,0.15,0.5,0.4,0.1,0.7,7.14,0.0,15.0,1.2,1.7,1.3,1237,18,Midfielder,0.6470588235294118,0.2272727272727272,0.0333333333333333,1.0833333333333337,0.3333333333333333,0.0916666666666666,71.72453703703704,47.28009259259259,57.15277777777778,62.86458333333333,59.47171325039466,True,False
1067260,Jakub Kaminski,8722,1. FC Köln,GER-Bundesliga,0.7,23.7,7.0,0.0,1.1,3.2,0.15,0.17,0.4,1.0,0.23,0.6,0.6,0.3,0.5,7.07,0.0,29.0,1.8,1.7,0.6,1961,22,Midfielder,0.8518518518518519,0.2608695652173913,0.0295358649789029,1.4999999999999998,1.2236286919831223,0.0944444444444444,45.83912037037037,57.03703703703704,70.54398148148147,74.7511574074074,59.463257629590224,True,False
1076647,Lucas Da Cunha,10171,Como,ITA-Serie A,2.0,58.4,5.0,0.0,0.7,3.0,0.16,0.21,1.2,1.0,0.11,0.7,0.5,0.0,0.3,7.12,0.0,29.0,1.1,1.6,0.7,1695,23,Midfielder,0.6571428571428571,0.3043478260869565,0.0342465753424657,0.5833333333333334,0.4965753424657534,0.1909090909090909,58.19590266112044,41.85365170786337,76.84955203583714,68.52680952190491,59.35857947294859,True,False
1102708,Germán Valera,10268,Elche,ESP-La Liga,0.8,33.8,6.0,0.0,1.1,3.2,0.16,0.11,1.3,3.0,0.2,0.5,0.3,0.3,0.5,7.15,0.0,27.0,0.9,1.9,1.1,1802,23,Midfielder,0.6486486486486486,0.2083333333333333,0.0236686390532544,0.8461538461538461,0.7988165680473374,0.1222222222222222,57.31481481481482,44.38078703703704,72.97453703703704,69.40393518518519,59.34012737178416,True,False
671686,Aleix Febas,10268,Elche,ESP-La Liga,1.6,54.0,1.0,0.0,0.6,2.1,0.09,0.07,0.9,1.0,0.09,0.6,0.3,0.1,0.5,7.3,0.0,18.0,0.7,1.9,1.7,2060,23,Midfielder,0.7352941176470589,0.24,0.0296296296296296,1.8888888888888888,0.3333333333333333,0.1,79.02199074074075,53.44328703703704,51.70138888888889,52.15856481481482,59.3114251355582,True,False
1047676,Yéremi Pino,9826,Crystal Palace,ENG-Premier League,1.5,25.3,9.0,0.0,0.9,4.7,0.26,0.2,1.3,1.0,0.11,0.4,0.5,0.1,0.8,6.78,0.0,37.0,1.9,1.6,0.9,1638,24,Midfielder,0.6060606060606061,0.2,0.0592885375494071,0.6923076923076923,1.4624505928853757,0.1052631578947368,53.11113444257793,42.84641395355038,77.86960376503212,74.25693444524438,59.22753904078478,True,False
952322,Brenden Aaronson,8463,Leeds United,ENG-Premier League,0.3,21.0,7.0,0.0,0.4,2.8,0.15,0.18,0.8,3.0,0.22,0.5,0.8,0.2,0.4,6.79,0.0,23.0,1.8,2.1,1.1,1662,25,Midfielder,0.7647058823529411,0.1923076923076923,0.0142857142857142,1.375,1.0952380952380951,0.0999999999999999,50.10995370370371,51.37152777777778,66.53935185185185,77.50578703703704,59.06011503947879,True,False
1520063,Johan Manzambi,8358,Sport-Club Freiburg,GER-Bundesliga,1.3,34.1,3.0,0.0,1.4,2.8,0.18,0.13,1.1,2.0,0.2,1.3,0.4,0.1,0.5,6.89,0.0,13.0,2.0,1.2,1.3,1384,18,Midfielder,0.6944444444444444,0.52,0.0381231671554252,1.1818181818181817,0.3812316715542522,0.065,67.98032407407408,53.71527777777778,53.645833333333336,60.0636574074074,58.931267144792926,True,False
157723,Christian Eriksen,8721,VfL Wolfsburg,GER-Bundesliga,1.9,33.9,5.0,0.0,1.4,2.8,0.18,0.16,0.6,4.0,0.06,0.6,0.5,0.3,0.6,6.86,0.0,29.0,1.4,1.4,0.4,1395,19,Midfielder,0.7692307692307692,0.3,0.0560471976401179,0.6666666666666667,0.8554572271386431,0.1142857142857143,47.15646914913473,55.67826240567422,75.65543089886143,63.49562868303868,58.71412526986039,True,False
488139,Bernardo Silva,8456,Manchester City,ENG-Premier League,2.0,54.6,7.0,0.0,1.0,2.7,0.13,0.05,1.4,4.0,0.05,0.8,0.1,0.2,0.7,7.05,0.0,27.0,0.5,1.4,0.6,1909,26,Midfielder,0.6111111111111112,0.3636363636363636,0.0366300366300366,0.4285714285714286,0.4945054945054944,0.1,59.2524848012159,54.40331440151454,72.5349638695571,48.37466336026451,58.58396355039972,True,False
947884,Wouter Burger,8226,TSG 1899 Hoffenheim,GER-Bundesliga,2.2,37.0,9.0,0.0,2.7,3.5,0.2,0.15,2.3,5.0,0.23,0.7,0.6,0.3,0.8,7.46,0.0,33.0,1.4,2.5,0.2,1551,19,Midfielder,0.5818181818181819,0.2187499999999999,0.0594594594594594,0.0869565217391304,0.8918918918918919,0.1071428571428571,36.04745370370371,60.64814814814814,81.2962962962963,75.80439814814814,58.37452166169607,True,False
659490,Gabriel Suazo,8302,Sevilla,ESP-La Liga,2.0,36.1,4.0,0.0,2.0,2.6,0.18,0.03,1.1,1.0,0.0,1.1,0.1,0.2,0.3,7.13,0.0,29.0,0.3,3.9,0.7,1339,17,Midfielder,0.819672131147541,0.22,0.0554016620498614,0.6363636363636362,0.8033240997229917,0.1,60.154612630989526,71.1250183318668,77.01828853691705,30.77563794896409,58.35474249216662,True,False
343748,Leon Goretzka,9823,Bayern München,GER-Bundesliga,2.5,71.2,2.0,0.0,2.0,2.7,0.2,0.09,0.7,0.0,0.15,1.3,0.3,0.4,0.4,7.13,0.0,11.0,1.0,1.4,0.5,1202,19,Midfielder,0.7941176470588235,0.4814814814814814,0.0351123595505617,0.7142857142857143,0.1544943820224719,0.09,56.89738154280991,62.49731688131616,52.455803535717145,63.34633229341652,58.315728885445495,True,False
282472,Sergi Darder,8661,Mallorca,ESP-La Liga,2.9,30.2,9.0,0.0,0.4,3.1,0.17,0.1,0.8,3.0,0.05,0.9,0.4,0.3,0.4,7.01,0.0,36.0,1.5,0.9,1.6,1666,24,Midfielder,0.6923076923076923,0.5,0.0960264900662251,2.0,1.1920529801324504,0.0666666666666666,77.98756932778711,39.05010932458737,77.47448537450337,43.57012272351545,58.29624887678993,True,False
473852,Corentin Tolisso,9748,Lyon,FRA-Ligue 1,3.6,42.9,6.0,0.0,1.4,2.3,0.14,0.4,1.8,1.0,0.24,0.8,1.0,0.2,0.7,7.15,0.0,22.0,2.1,1.1,0.2,1510,19,Midfielder,0.5135135135135135,0.4210526315789473,0.0839160839160839,0.1111111111111111,0.5128205128205129,0.1904761904761904,43.45698177479135,49.75481961443084,68.0146921579607,90.99682025437966,58.28846043773117,True,False
208494,Casemiro,10260,Manchester United,ENG-Premier League,2.6,44.4,3.0,0.0,2.3,2.4,0.13,0.21,1.7,2.0,0.26,1.0,0.6,0.7,0.3,7.23,0.0,23.0,1.9,3.0,0.3,1735,24,Midfielder,0.7017543859649122,0.25,0.0585585585585585,0.1764705882352941,0.5180180180180181,0.1105263157894736,43.676089246193634,65.8244423779431,62.66961976375223,69.95818667839906,58.19717374578241,True,False
1574189,Senny Mayulu,9847,Paris Saint-Germain,FRA-Ligue 1,0.8,31.8,5.0,0.0,0.2,1.7,0.13,0.22,1.5,4.0,0.24,0.5,0.6,0.0,1.3,7.21,0.0,23.0,1.8,2.7,0.6,1145,17,Midfielder,0.6808510638297872,0.15625,0.0251572327044025,0.3999999999999999,0.7232704402515723,0.1222222222222222,38.22337962962963,65.80439814814815,63.28703703703704,83.59375,58.07990642086072,True,False
886016,Kiernan Dewsbury-Hall,8668,Everton,ENG-Premier League,1.0,29.6,6.0,0.0,1.3,3.3,0.19,0.13,1.2,2.0,0.29,0.5,0.4,0.0,0.7,7.16,0.0,23.0,1.3,1.7,0.9,1565,19,Midfielder,0.6470588235294118,0.2272727272727272,0.0337837837837837,0.75,0.777027027027027,0.1,51.47569444444444,47.28009259259259,69.32870370370371,71.6724537037037,58.00280125763664,True,False
465960,Youri Tielemans,10252,Aston Villa,ENG-Premier League,2.8,47.5,4.0,0.0,0.9,2.6,0.18,0.07,1.5,4.0,0.0,0.7,0.3,0.7,0.3,7.26,0.0,26.0,1.2,2.6,0.6,1299,17,Midfielder,0.6875,0.2121212121212121,0.0589473684210526,0.3999999999999999,0.5473684210526316,0.0583333333333333,63.51603538383596,52.20524024744687,77.99641028717703,39.41797156227502,57.86967554441203,True,False
940608,Juan Cruz,7854,Leganés,ESP-La Liga,0.7,16.5,10.0,0.0,1.0,3.7,0.15,0.1,0.6,4.0,0.2,0.5,0.6,0.1,0.5,6.88,0.0,25.0,1.3,1.3,1.6,2265,34,Midfielder,0.75,0.2777777777777778,0.0424242424242424,2.666666666666667,1.5151515151515151,0.0769230769230769,63.62311015118791,45.46436285097192,62.6997840172786,61.02051835853131,57.79814971236711,False,False
1026135,Tajon Buchanan,10205,Villarreal,ESP-La Liga,0.6,19.5,4.0,0.0,1.0,1.8,0.12,0.11,0.9,1.0,0.34,1.2,0.5,0.1,0.6,6.96,0.0,14.0,1.4,1.6,1.3,1343,22,Midfielder,0.7567567567567568,0.4285714285714286,0.0307692307692307,1.4444444444444444,0.717948717948718,0.0785714285714285,55.47453703703703,65.76967592592592,48.43750000000001,65.10995370370371,57.77759212440695,True,False
1175939,Paul Nebel,9905,1. FSV Mainz 05,GER-Bundesliga,0.6,27.9,2.0,0.0,0.9,1.9,0.15,0.19,1.3,0.0,0.08,0.6,0.1,0.1,0.8,6.6,0.0,21.0,1.1,1.7,0.9,1141,18,Midfielder,0.638888888888889,0.2608695652173913,0.021505376344086,0.6923076923076923,0.7526881720430108,0.1727272727272727,49.15999220062395,48.97568194544437,66.82003773031492,75.09773384795882,57.7205831460539,True,False
1053714,Nicola Zalewski,8524,Atalanta,ITA-Serie A,1.9,23.1,6.0,0.0,1.4,2.6,0.2,0.16,0.9,2.0,0.16,0.7,0.5,0.0,0.3,7.09,0.0,21.0,2.0,1.3,1.6,1148,21,Midfielder,0.6896551724137931,0.35,0.0822510822510822,1.777777777777778,0.9090909090909092,0.08,70.5847448870757,40.2697450870597,66.13870890328774,55.8588229608298,57.595726289892056,True,False
1168311,Yasin Ayari,10204,Brighton and Hove Albion,ENG-Premier League,2.0,39.2,1.0,0.0,1.1,1.1,0.06,0.13,1.0,2.0,0.16,1.2,0.5,0.2,0.7,7.13,0.0,12.0,2.1,2.3,0.7,1701,21,Midfielder,0.7777777777777778,0.3428571428571428,0.0510204081632653,0.7,0.3061224489795918,0.0619047619047619,55.94634929205663,74.34846045649681,44.32113764232195,60.35174686025116,57.53607271698411,True,False
1054786,Aimar Oroz,8371,Osasuna,ESP-La Liga,1.4,28.2,3.0,0.0,0.7,2.0,0.14,0.07,1.2,2.0,0.0,0.5,0.2,0.1,0.9,6.96,0.0,23.0,1.3,2.1,1.3,1328,18,Midfielder,0.6842105263157895,0.1923076923076923,0.0496453900709219,1.0833333333333337,0.8156028368794327,0.0538461538461538,66.10773638108952,56.01439384849212,65.91436018451857,40.40579253659707,57.4360192354109,True,False
813055,Mousa Tamari,9851,Rennes,FRA-Ligue 1,0.5,21.0,4.0,0.0,0.3,2.9,0.19,0.19,0.9,3.0,0.2,0.5,1.0,0.1,1.0,6.93,0.0,21.0,2.3,1.2,1.3,1365,21,Midfielder,0.6538461538461539,0.2941176470588235,0.0238095238095238,1.4444444444444444,1.0,0.0826086956521739,54.452977095165714,44.65756072847506,64.53215409433912,73.35849798682773,57.38711136612287,True,False
875672,Hamed Traorè,8583,Auxerre,FRA-Ligue 1,1.0,19.4,4.0,0.0,0.5,2.8,0.12,0.33,1.3,2.0,0.43,0.3,1.2,0.0,0.4,7.12,0.0,27.0,2.9,1.8,1.5,2106,26,Midfielder,0.6176470588235293,0.1428571428571428,0.0515463917525773,1.1538461538461535,1.3917525773195878,0.1137931034482758,63.15334773218143,33.720302375809936,60.23758099352052,90.83693304535636,57.37347454380142,False,False
868344,Tijjani Reijnders,8456,Manchester City,ENG-Premier League,0.7,39.0,4.0,0.0,1.0,2.0,0.12,0.24,1.1,2.0,0.31,0.5,0.9,0.1,0.8,7.0,0.0,16.0,2.5,0.6,1.1,1464,24,Midfielder,0.5,0.4545454545454545,0.0179487179487179,1.0,0.4102564102564102,0.096,64.5360621150308,36.92458769965069,59.13305268911821,80.21513278937684,57.35595145703319,True,False
1185336,Chico Conceicao,9885,Juventus,ITA-Serie A,0.5,33.1,1.0,0.0,0.2,2.1,0.17,0.32,1.6,1.0,0.16,0.4,1.0,0.0,1.0,6.96,0.0,14.0,2.8,1.5,2.2,1122,18,Midfielder,0.5428571428571428,0.2105263157894737,0.0151057401812688,1.375,0.4229607250755287,0.1142857142857143,64.6023234807882,37.089741154041015,59.99938338266272,78.14173199477375,57.34574450198792,True,False
640122,Brais Méndez,8560,Real Sociedad,ESP-La Liga,2.5,36.7,3.0,0.0,0.4,1.6,0.11,0.22,2.4,2.0,0.36,0.4,0.9,0.1,0.8,6.93,0.0,18.0,1.9,1.6,1.1,1241,21,Midfielder,0.4545454545454545,0.2,0.0681198910081743,0.4583333333333333,0.4904632152588555,0.1157894736842105,61.19792916566674,39.76162740314109,55.62569994400449,84.62717149294723,57.24108973889997,True,False
73167,Henrikh Mkhitaryan,8636,Internazionale,ITA-Serie A,2.0,46.6,1.0,0.0,1.3,1.8,0.16,0.24,1.6,0.0,0.09,1.2,0.6,0.4,0.7,7.03,0.0,11.0,2.8,2.0,0.9,1011,18,Midfielder,0.6666666666666666,0.3749999999999999,0.0429184549356223,0.5625,0.2360515021459227,0.0857142857142857,57.40554922272885,58.10174352718449,55.86549742687252,57.150611284430575,57.13780435748856,True,False
148830,Benjamin André,8639,Lille,FRA-Ligue 1,2.4,45.1,1.0,0.0,1.6,1.6,0.1,0.13,1.6,1.0,0.12,1.0,0.2,0.2,1.1,7.35,0.0,18.0,1.1,2.3,0.4,1520,17,Midfielder,0.6734693877551019,0.303030303030303,0.0532150776053215,0.25,0.3991130820399113,0.1181818181818181,47.400441298029484,78.85590819401115,52.865154121003656,55.58682805375569,57.11234983384621,True,False
557677,Nikola Vlasic,9804,Torino,ITA-Serie A,1.2,26.6,2.0,0.0,0.8,1.9,0.09,0.21,1.5,3.0,0.28,0.6,0.5,0.1,0.5,7.1,0.0,30.0,1.4,1.9,0.9,1898,24,Midfielder,0.625,0.24,0.0451127819548872,0.6,1.1278195488721805,0.15,51.40717075967257,45.32434905207584,61.063031624136734,81.71280464229528,57.05485666277889,True,False
1015185,Eduardo Camavinga,8633,Real Madrid,ESP-La Liga,2.9,59.3,1.0,0.0,1.3,1.3,0.12,0.1,2.0,0.0,0.09,0.8,0.2,0.5,0.5,7.29,0.0,10.0,0.9,4.0,1.1,988,18,Midfielder,0.7058823529411765,0.1666666666666666,0.0489038785834738,0.55,0.1686340640809443,0.1111111111111111,72.14951137242355,68.86879049676025,40.353588379596296,47.756704463642905,56.78753822034968,True,False
266523,Pierre-Emile Højbjerg,8592,Marseille,FRA-Ligue 1,2.8,72.6,3.0,0.0,1.5,1.8,0.1,0.1,1.0,3.0,0.11,0.9,0.5,0.2,0.8,7.37,0.0,20.0,1.5,1.0,0.7,1661,20,Midfielder,0.6551724137931034,0.4736842105263158,0.0385674931129476,0.7,0.2754820936639118,0.0666666666666666,55.58302002506466,57.475485294509774,59.22271218302535,54.727430138922216,56.769672378580026,True,False
434325,Thomas Partey,9825,Arsenal,ENG-Premier League,1.9,52.4,3.0,0.0,1.4,2.6,0.08,0.07,1.4,2.0,0.13,1.1,0.3,0.3,0.4,7.38,0.0,20.0,0.8,2.9,0.8,2799,35,Midfielder,0.7407407407407407,0.275,0.0362595419847328,0.5714285714285715,0.3816793893129771,0.0875,60.48596112311015,68.75269978401728,47.49460043196544,50.39416846652269,56.68340508081417,False,False
625175,Grischa Prömel,8226,TSG 1899 Hoffenheim,GER-Bundesliga,1.3,40.5,1.0,0.0,2.5,1.7,0.13,0.26,0.9,2.0,0.47,0.9,0.6,0.4,0.6,7.1,0.0,12.0,1.9,2.0,0.4,1160,22,Midfielder,0.7631578947368421,0.3103448275862069,0.0320987654320987,0.4444444444444445,0.2962962962962963,0.1368421052631579,42.37847222222222,67.31481481481481,46.80555555555556,89.31712962962963,56.61513605191199,True,False
794253,Justin Kluivert,8678,Bournemouth,ENG-Premier League,1.2,26.5,3.0,0.0,0.2,1.5,0.15,0.22,1.5,0.0,0.2,0.4,0.4,0.1,1.0,6.59,0.0,21.0,1.6,1.0,1.1,920,18,Midfielder,0.4827586206896551,0.2857142857142857,0.0452830188679245,0.7333333333333334,0.7924528301886793,0.1374999999999999,56.76149241394023,34.23845259045943,66.0822300882596,86.79665626749862,56.56742966049418,True,False
1049999,Enzo Le Fee,8472,Sunderland,ENG-Premier League,1.0,27.6,4.0,0.0,1.2,2.7,0.12,0.17,1.0,4.0,0.13,0.9,0.2,0.5,0.6,6.98,0.0,31.0,1.0,2.6,0.4,2030,25,Midfielder,0.7777777777777778,0.2571428571428572,0.036231884057971,0.4,1.123188405797101,0.17,32.5,74.49074074074075,67.88194444444446,73.15972222222221,56.54361354518012,True,False
951714,Adrián Bernabé,10167,Parma,ITA-Serie A,2.7,38.1,6.0,0.0,0.8,2.8,0.13,0.09,0.5,1.0,0.14,0.5,0.5,0.2,0.5,7.03,0.0,46.0,1.9,1.2,0.5,1979,25,Midfielder,0.7727272727272726,0.2941176470588235,0.0708661417322834,1.0,1.207349081364829,0.0473684210526315,71.32533563981548,41.89278191078047,70.57642055302243,42.99277724448712,56.27972343720352,True,False
867414,Sandro Tonali,10261,Newcastle United,ENG-Premier League,2.7,46.7,3.0,0.0,1.3,1.6,0.08,0.08,0.9,1.0,0.0,1.2,0.3,0.3,0.4,7.0,0.0,18.0,1.3,1.3,0.9,1776,26,Midfielder,0.7352941176470589,0.48,0.0578158458244111,1.0,0.3854389721627408,0.0615384615384615,69.27209156600806,52.8288320267712,53.69913740234114,47.16906814121537,56.24818705173451,True,False
1345875,Fares Chaibi,9810,Eintracht Frankfurt,GER-Bundesliga,1.1,30.3,6.0,0.0,1.3,1.8,0.14,0.12,0.8,7.0,0.08,0.7,0.4,0.2,0.8,7.14,0.0,24.0,1.3,1.5,0.4,1168,16,Midfielder,0.7333333333333334,0.3181818181818181,0.0363036303630363,0.5,0.792079207920792,0.0923076923076923,42.22526364557502,59.500389968802494,66.09091272698184,64.76018585179851,56.052981589485455,True,False
1174726,Rocco Reitz,9788,Borussia Mönchengladbach,GER-Bundesliga,1.9,31.3,3.0,0.0,1.6,2.8,0.13,0.08,1.3,2.0,0.0,1.7,0.5,0.1,0.3,7.06,0.0,21.0,1.5,2.3,0.8,1883,22,Midfielder,0.7547169811320755,0.425,0.060702875399361,0.6153846153846154,0.6709265175718849,0.0533333333333333,60.32556562141696,68.42230954856944,55.50309308588646,39.596823920753,56.04814198597949,True,False
1113724,Tyler Morton,9748,Lyon,FRA-Ligue 1,3.9,46.6,2.0,0.0,1.6,2.9,0.15,0.07,1.3,2.0,0.11,0.8,0.3,0.5,0.5,7.22,0.0,24.0,1.2,1.8,0.5,1677,19,Midfielder,0.6666666666666666,0.3076923076923077,0.0836909871244635,0.3846153846153846,0.5150214592274678,0.0583333333333333,61.28472222222223,51.18055555555556,69.91898148148148,41.41782407407407,55.984543931993656,True,False
352879,Adrien Rabiot,8564,Milan,ITA-Serie A,1.5,40.5,5.0,0.0,1.3,1.8,0.11,0.12,1.2,4.0,0.24,0.5,0.4,0.2,0.3,7.51,0.0,14.0,1.4,1.8,0.9,1470,17,Midfielder,0.6571428571428571,0.2173913043478261,0.037037037037037,0.75,0.345679012345679,0.0857142857142857,59.53754532970695,42.55386235767806,53.893471855584885,74.7323380796203,55.880177654812506,True,False
843099,Scott McTominay,9875,Napoli,ITA-Serie A,0.9,35.1,1.0,0.0,1.9,1.2,0.05,0.28,0.7,3.0,0.28,0.8,1.2,0.4,0.9,7.33,0.0,16.0,3.0,1.1,0.9,1938,23,Midfielder,0.7307692307692308,0.4210526315789473,0.0256410256410256,1.2857142857142858,0.4558404558404558,0.0933333333333333,60.28281904114338,48.36259765885396,42.39034210596486,84.05426732528063,55.83598149742648,True,False
798659,Joe Aribo,8466,Southampton,ENG-Premier League,0.7,41.2,3.0,0.0,1.2,1.3,0.06,0.12,0.9,0.0,0.13,0.9,0.3,0.5,0.5,6.62,0.0,16.0,0.8,2.1,0.9,2018,32,Midfielder,0.7692307692307693,0.3,0.0169902912621359,1.0,0.3883495145631068,0.15,58.50431965442764,66.33909287257019,37.267818574514045,68.4719222462203,55.65891798422205,False,False
889534,Emile Smith Rowe,9879,Fulham,ENG-Premier League,0.4,41.8,1.0,0.0,0.8,0.9,0.06,0.25,0.3,0.0,0.21,1.3,0.5,0.1,0.4,6.69,0.0,13.0,1.8,1.3,0.6,1269,26,Midfielder,0.896551724137931,0.5,0.0095693779904306,2.0,0.3110047846889952,0.1388888888888889,55.77132996026984,51.27803109084607,42.91618337199691,84.07388242273952,55.52564720067979,True,False
362212,Piotr Zielinski,8636,Internazionale,ITA-Serie A,2.4,60.5,4.0,0.0,1.3,1.9,0.14,0.15,1.0,1.0,0.38,0.2,0.6,0.2,0.5,7.32,0.0,20.0,1.4,1.1,1.0,1188,22,Midfielder,0.5652173913043479,0.1538461538461538,0.0396694214876033,1.0,0.3305785123966942,0.1071428571428571,69.29104838279603,31.30035430498893,56.0118857158094,80.45983821294296,55.49787221129532,True,False
1254297,Andy Diouf,8588,Lens,FRA-Ligue 1,0.4,34.1,3.0,0.0,0.6,3.3,0.13,0.12,1.7,2.0,0.04,0.6,0.2,0.0,0.8,6.85,0.0,33.0,1.6,1.5,1.7,2233,34,Midfielder,0.5526315789473685,0.2857142857142857,0.0117302052785923,1.0,0.9677419354838708,0.075,61.23650107991361,47.100431965442766,66.7062634989201,46.295896328293736,55.39996444335696,False,False
956925,Georginio Rutter,10204,Brighton and Hove Albion,ENG-Premier League,0.8,14.6,6.0,0.0,1.4,2.1,0.12,0.13,1.6,2.0,0.12,0.4,0.7,0.1,0.9,6.59,0.0,19.0,2.0,1.4,1.5,1515,23,Midfielder,0.5294117647058824,0.2222222222222222,0.0547945205479452,0.9375,1.3013698630136987,0.065,57.83684805215583,44.63095452363811,56.33937618323868,66.53915186785058,55.38458292524541,True,False
818975,Eberechi Eze,9825,Arsenal,ENG-Premier League,0.5,26.9,3.0,0.0,0.6,1.7,0.13,0.21,0.9,2.0,0.31,0.5,0.9,0.1,0.5,6.9,0.0,9.0,2.6,1.0,1.6,1157,22,Midfielder,0.625,0.3333333333333333,0.0185873605947955,1.777777777777778,0.3345724907063197,0.0807692307692307,63.89454676959176,37.7761612404341,50.39436845052396,80.65839732821374,55.31832397108693,True,False
959594,Karim Adeyemi,9789,Borussia Dortmund,GER-Bundesliga,0.3,16.9,4.0,0.0,0.1,2.3,0.22,0.33,1.6,2.0,0.49,0.4,1.1,0.0,0.8,6.98,0.0,11.0,2.2,0.4,2.2,918,20,Midfielder,0.3333333333333333,0.5,0.0177514792899408,1.375,0.6508875739644971,0.15,55.75678945684346,33.11357591392689,59.68350865264112,93.70101225235317,55.2335924761565,True,False
1428426,Arthur Atta,8600,Udinese,ITA-Serie A,1.2,25.7,4.0,0.0,1.2,1.6,0.09,0.13,0.7,3.0,0.11,0.6,0.7,0.1,0.7,7.06,0.0,26.0,2.1,1.0,2.5,1607,20,Midfielder,0.6956521739130436,0.3749999999999999,0.046692607003891,3.571428571428572,1.0116731517509727,0.0619047619047619,71.45205883529316,42.0214382849372,55.68496186971709,51.94715256112843,55.15933014845377,True,False
459658,Ruslan Malinovsky,10233,Genoa,ITA-Serie A,3.1,37.5,7.0,0.0,0.8,2.3,0.12,0.18,1.6,3.0,0.27,0.5,0.6,0.2,0.7,6.91,0.0,24.0,2.0,1.3,0.5,1663,23,Midfielder,0.5294117647058824,0.2777777777777778,0.0826666666666666,0.3125,0.64,0.09,54.340277777777786,37.5,64.5486111111111,75.05208333333333,55.15547754015167,True,False
1047667,Maximilian Beier,9789,Borussia Dortmund,GER-Bundesliga,0.4,18.9,4.0,0.0,1.0,2.6,0.21,0.37,1.0,3.0,0.55,0.5,1.2,0.2,1.1,7.04,0.0,15.0,2.3,1.0,0.9,1136,20,Midfielder,0.6,0.3333333333333333,0.0211640211640211,0.9,0.7936507936507937,0.1608695652173913,45.126298229474976,40.45579686958377,61.10266178705704,96.17584759885877,55.10643798686695,True,False
770321,Mahdi Camara,9851,Rennes,FRA-Ligue 1,0.5,33.6,3.0,0.0,1.5,1.9,0.11,0.08,1.4,1.0,0.06,1.1,0.3,0.2,0.5,7.09,0.0,17.0,0.7,1.9,0.8,1598,20,Midfielder,0.6818181818181818,0.3666666666666667,0.0148809523809523,0.5714285714285715,0.5059523809523809,0.1142857142857143,48.12764145535024,64.99535037197025,52.98811095112391,57.47639355518225,55.065737137183625,True,False
763974,Gauthier Hein,8550,Metz,FRA-Ligue 1,4.8,48.6,5.0,0.0,0.2,2.2,0.12,0.33,0.6,4.0,0.34,0.3,0.5,0.1,0.5,6.91,0.0,31.0,1.5,0.7,0.3,1598,20,Midfielder,0.625,0.3,0.0987654320987654,0.5,0.6378600823045267,0.22,59.32291666666667,25.66550925925926,71.00694444444444,92.52893518518518,55.0028178157812,True,False
950474,James Garner,8668,Everton,ENG-Premier League,1.7,41.2,9.0,0.0,2.4,4.0,0.16,0.07,0.9,3.0,0.08,1.5,0.4,0.3,0.4,7.45,0.0,34.0,1.5,3.1,0.6,2334,26,Midfielder,0.8363636363636363,0.3260869565217391,0.04126213592233,0.6666666666666666,0.8252427184466019,0.0466666666666666,50.925184318587846,77.7565794736421,64.46350958589979,32.47707683385329,54.87922161187733,True,False
1233931,Quentin Merlin,9851,Rennes,FRA-Ligue 1,1.5,34.5,5.0,0.0,2.0,2.9,0.18,0.07,0.5,3.0,0.06,1.4,0.3,0.4,0.6,6.99,0.0,24.0,1.1,1.4,0.5,1452,21,Midfielder,0.8484848484848485,0.5,0.0434782608695652,1.0,0.6956521739130435,0.0636363636363636,47.70780837532998,61.27522298216142,68.38144615097458,44.61840552755779,54.83217138137781,True,False
759817,Miro Muheim,9790,Hamburger SV,GER-Bundesliga,3.0,32.6,5.0,0.0,2.2,3.5,0.17,0.05,1.3,4.0,0.0,1.1,0.3,0.1,0.3,7.34,0.0,37.0,1.0,2.2,0.8,1823,21,Midfielder,0.717391304347826,0.3333333333333333,0.0920245398773006,0.6153846153846154,1.134969325153374,0.05,65.00578703703704,56.857638888888886,79.24768518518519,25.358796296296298,54.72114609744551,True,False
797594,Azor Matusiwa,9851,Rennes,FRA-Ligue 1,2.3,41.9,2.0,0.0,2.1,1.6,0.07,0.05,1.3,3.0,0.04,1.5,0.1,0.4,0.6,7.13,0.0,17.0,0.5,2.8,0.7,2078,29,Midfielder,0.7678571428571429,0.3488372093023256,0.0548926014319809,0.5384615384615384,0.405727923627685,0.1,60.36177105831533,83.97948164146868,40.9719222462203,39.63822894168466,54.70365227617373,False,False
1033099,Hicham Boudaoui,9831,Nice,FRA-Ligue 1,1.3,29.6,2.0,0.0,1.8,1.5,0.14,0.14,1.1,2.0,0.09,1.2,0.7,0.5,0.5,6.8,0.0,12.0,1.4,1.2,0.7,949,15,Midfielder,0.6857142857142857,0.5,0.0439189189189189,0.6363636363636362,0.4054054054054054,0.1,51.71396288296936,58.2573477455137,48.06968775831268,63.7016205370237,54.54035299495428,True,False
1209980,Carlos Álvarez,8581,Levante,ESP-La Liga,1.0,24.8,6.0,0.0,0.3,3.8,0.21,0.1,0.9,1.0,0.16,0.6,0.5,0.1,0.5,6.78,0.0,35.0,1.3,1.1,0.9,1654,24,Midfielder,0.6538461538461539,0.3529411764705882,0.0403225806451612,1.0,1.411290322580645,0.0769230769230769,54.18402777777778,36.45833333333333,77.58101851851852,58.52430555555554,54.51508724359613,True,False
789502,Morgan Gibbs-White,10203,Nottingham Forest,ENG-Premier League,1.1,30.1,3.0,0.0,1.0,2.0,0.08,0.27,0.8,2.0,0.24,0.4,0.7,0.1,0.5,6.94,0.0,36.0,2.2,0.6,0.7,2215,26,Midfielder,0.5555555555555556,0.4,0.0365448504983388,0.8749999999999999,1.1960132890365447,0.1227272727272727,54.65362770978322,30.17906900781271,68.24117403941018,84.68718335866464,54.36098507860452,True,False
923298,Pablo Martinez,8581,Levante,ESP-La Liga,1.9,24.3,6.0,0.0,1.4,2.2,0.17,0.13,1.5,2.0,0.08,1.2,0.3,0.7,0.5,6.76,0.0,19.0,1.8,0.9,0.9,1175,17,Midfielder,0.5833333333333334,0.5714285714285714,0.0781893004115226,0.6,0.7818930041152263,0.0722222222222222,58.55902777777777,43.52430555555556,62.46527777777778,53.43171296296296,54.25385574875629,True,False
1192406,Lorenz Assignon,9851,Rennes,FRA-Ligue 1,0.8,31.4,6.0,0.0,2.2,3.7,0.14,0.08,2.0,4.0,0.11,1.0,0.2,0.1,0.5,6.89,0.0,29.0,0.8,1.9,1.1,2362,32,Midfielder,0.5918367346938775,0.3448275862068966,0.0254777070063694,0.55,0.9235668789808916,0.0999999999999999,49.61663066954643,52.6511879049676,64.26565874730022,52.0572354211663,54.24143683114709,False,False
747718,Christoph Baumgartner,178475,RB Leipzig,GER-Bundesliga,1.3,25.3,4.0,0.0,1.6,2.7,0.14,0.43,1.9,6.0,0.42,0.6,1.1,0.2,0.4,7.31,0.0,27.0,2.6,1.8,0.5,1713,21,Midfielder,0.5581395348837209,0.25,0.0513833992094861,0.2631578947368421,1.067193675889328,0.1653846153846153,39.77462636322428,45.19150134655894,61.8859157934032,91.06100678612376,54.12656542820328,True,False
1354561,Diego Gomez,10204,Brighton and Hove Albion,ENG-Premier League,0.8,24.7,3.0,0.0,1.2,1.2,0.07,0.27,1.7,0.0,0.18,0.6,0.6,0.1,0.6,6.81,0.0,17.0,1.7,3.4,0.8,1527,23,Midfielder,0.7017543859649122,0.15,0.0323886639676113,0.4705882352941177,0.688259109311741,0.1588235294117647,40.607638888888886,64.13773148148148,43.726851851851855,87.75462962962962,54.10056249576161,True,False
1382000,Petar Sucic,8636,Internazionale,ITA-Serie A,2.4,44.3,5.0,0.0,0.9,1.5,0.12,0.1,1.7,2.0,0.08,0.3,0.3,0.1,0.6,7.0,0.0,20.0,1.3,1.9,0.9,1151,23,Midfielder,0.5641025641025641,0.1363636363636363,0.0541760722347629,0.5294117647058824,0.4514672686230249,0.0769230769230769,67.02546296296296,40.42824074074075,59.75694444444444,49.85532407407406,54.09816845426049,True,False
671865,Santi Comesana,10205,Villarreal,ESP-La Liga,1.6,37.2,1.0,0.0,2.1,2.4,0.14,0.18,1.6,2.0,0.12,0.7,0.2,0.6,0.7,6.86,0.0,12.0,1.2,2.0,0.4,1477,22,Midfielder,0.6279069767441859,0.2592592592592592,0.043010752688172,0.25,0.3225806451612903,0.15,44.28554882276084,57.3944084473242,51.57890702077167,71.9641428685705,54.09252700148336,True,False
690516,Ademola Lookman,8524,Atalanta,ITA-Serie A,0.3,25.3,12.0,0.0,0.2,7.9,0.31,0.41,1.2,5.0,0.6,0.1,1.4,0.0,0.4,7.39,0.0,61.0,3.3,1.3,1.5,2263,31,Midfielder,0.5384615384615385,0.0714285714285714,0.0118577075098814,1.25,2.411067193675889,0.1242424242424242,55.58315334773218,21.90064794816415,83.1425485961123,93.75809935205184,54.06980305140927,False,False
402419,Przemyslaw Frankowski,9851,Rennes,FRA-Ligue 1,1.8,36.3,2.0,0.0,2.7,2.4,0.19,0.04,0.9,2.0,0.08,0.6,0.2,0.1,0.6,7.23,0.0,23.0,0.7,3.2,0.3,1111,16,Midfielder,0.8085106382978724,0.1578947368421052,0.0495867768595041,0.3333333333333333,0.6336088154269973,0.0571428571428571,40.52780777537797,69.0687828307069,67.35441164706823,45.92671752926432,53.907721680910605,True,False
864006,Matteo Tramoni,6479,Pisa,ITA-Serie A,0.8,14.3,4.0,0.0,0.6,2.1,0.16,0.2,1.1,2.0,0.15,0.7,0.5,0.0,1.2,6.64,0.0,25.0,1.8,1.7,0.4,1227,22,Midfielder,0.6857142857142857,0.2916666666666667,0.0559440559440559,0.3636363636363636,1.748251748251748,0.1111111111111111,32.31481481481481,59.583333333333336,68.7037037037037,75.41087962962963,53.86833337255889,True,False
762721,Lovro Majer,8721,VfL Wolfsburg,GER-Bundesliga,1.1,28.9,2.0,0.0,1.4,1.7,0.13,0.17,1.9,3.0,0.16,0.6,0.4,0.1,1.0,6.84,0.0,19.0,1.6,1.7,0.8,1129,20,Midfielder,0.5476190476190477,0.2608695652173913,0.0380622837370242,0.4210526315789474,0.6574394463667821,0.10625,45.19675925925926,49.81481481481481,57.12962962962963,71.71296296296296,53.85260351839457,True,False
699461,Jean-Victor Makengo,8689,Lorient,FRA-Ligue 1,0.9,22.6,0.0,0.0,1.1,0.8,0.07,0.17,0.5,1.0,0.26,0.5,0.9,0.0,0.6,6.86,0.0,14.0,2.2,1.4,1.1,1027,19,Midfielder,0.7916666666666666,0.2631578947368421,0.0398230088495575,2.2,0.6194690265486725,0.0772727272727272,59.76273148148149,51.45833333333333,39.21296296296296,72.04282407407408,53.78592243022548,True,False
624166,Manuel Locatelli,9885,Juventus,ITA-Serie A,5.6,76.2,3.0,0.0,2.2,2.6,0.12,0.06,1.4,1.0,0.05,1.4,0.4,0.6,0.6,7.51,0.0,29.0,1.2,3.0,0.2,1924,24,Midfielder,0.7586206896551724,0.3181818181818181,0.0734908136482939,0.1428571428571428,0.3805774278215223,0.05,50.436956710129856,68.72586859717889,62.579510305842206,35.53780697544197,53.62297272045596,True,False
1073742,Julio Enciso,9848,Strasbourg,FRA-Ligue 1,0.5,27.6,2.0,0.0,0.6,2.4,0.21,0.32,0.7,2.0,0.09,0.2,1.0,0.0,0.9,6.92,0.0,12.0,2.8,1.0,2.6,1057,15,Midfielder,0.631578947368421,0.1666666666666666,0.0181159420289855,3.714285714285715,0.4347826086956521,0.1142857142857143,62.36843552515799,35.95171552942431,50.409767218622505,75.49024411380424,53.53356907167409,True,False
659272,Julian Ryerson,9789,Borussia Dortmund,GER-Bundesliga,1.3,31.5,14.0,0.0,1.6,5.0,0.34,0.04,0.9,11.0,0.0,0.7,0.0,0.1,0.7,7.28,0.0,32.0,0.5,1.8,0.9,1334,20,Midfielder,0.7352941176470589,0.2799999999999999,0.0412698412698412,1.0,1.0158730158730158,0.08,62.67194457776712,54.23386129109671,80.1470215716076,24.41356358158014,53.23382405259522,True,False
847357,Mehdi Leris,6479,Pisa,ITA-Serie A,1.5,19.6,5.0,0.0,2.3,1.6,0.13,0.12,1.3,3.0,0.08,0.9,0.5,0.6,0.5,6.79,0.0,20.0,1.7,3.0,0.4,1069,23,Midfielder,0.75,0.2307692307692307,0.0765306122448979,0.3076923076923077,1.020408163265306,0.0705882352941176,36.95601851851852,70.19097222222221,60.67129629629631,55.28935185185185,53.22920570285324,True,False
1078846,Andrea Cambiaso,9885,Juventus,ITA-Serie A,1.5,43.2,7.0,0.0,0.5,3.5,0.18,0.08,1.0,3.0,0.1,0.6,0.5,0.3,0.4,6.99,0.0,39.0,0.9,2.1,0.3,1778,23,Midfielder,0.7297297297297297,0.2222222222222222,0.0347222222222222,0.3,0.9027777777777776,0.0888888888888888,49.35899294723089,46.35393335199851,76.23801762525665,45.05785370503693,53.18982163785905,True,False
956683,Ryan Gravenberch,8650,Liverpool,ENG-Premier League,0.8,55.0,4.0,0.0,1.8,1.7,0.07,0.06,1.0,2.0,0.17,1.4,0.3,0.3,0.3,7.42,0.0,21.0,1.1,1.8,0.9,2120,24,Midfielder,0.7619047619047619,0.4374999999999999,0.0145454545454545,0.9,0.3818181818181818,0.0545454545454545,64.4428862357678,60.11424919339786,54.69562435005199,32.70491693997813,53.0771515538732,True,False
638622,Frenkie de Jong,8634,Barcelona,ESP-La Liga,2.3,76.5,8.0,0.0,0.8,2.9,0.18,0.04,0.6,4.0,0.0,1.0,0.1,0.3,0.3,7.44,0.0,27.0,0.4,2.3,0.3,1406,18,Midfielder,0.8461538461538461,0.303030303030303,0.0300653594771241,0.5,0.3529411764705882,0.0999999999999999,47.45112890968722,61.87736647734848,66.43293536517079,38.87103198410794,53.0002593694899,True,False
901495,Albert Sambi Lokonga,9790,Hamburger SV,GER-Bundesliga,1.3,33.4,0.0,0.0,1.0,1.1,0.09,0.1,1.0,0.0,0.34,0.9,0.7,0.8,0.5,6.93,0.0,17.0,1.2,1.8,0.5,1056,16,Midfielder,0.7297297297297297,0.3333333333333333,0.0389221556886227,0.5,0.5089820359281437,0.0833333333333333,44.60069444444445,58.36805555555556,48.59953703703704,67.43634259259258,52.93990131195616,True,False
528811,Jens Stage,8697,SV Werder Bremen,GER-Bundesliga,2.3,31.4,4.0,0.0,1.6,2.2,0.12,0.19,1.1,1.0,0.32,0.9,0.6,0.4,0.4,7.12,0.0,15.0,1.8,1.7,0.4,1708,20,Midfielder,0.7027027027027027,0.3461538461538461,0.0732484076433121,0.3636363636363636,0.4777070063694267,0.1055555555555555,42.37000206650134,48.4932538730235,52.40895728341732,83.46898914753486,52.929072979649206,True,False
439366,Abdoulaye Touré,9746,Le Havre,FRA-Ligue 1,3.0,33.3,2.0,0.0,1.5,1.1,0.04,0.36,1.2,1.0,0.39,1.3,0.6,0.7,0.6,7.14,0.0,7.0,1.8,2.4,0.7,2329,28,Midfielder,0.7551020408163265,0.3513513513513513,0.0900900900900901,0.5833333333333334,0.2102102102102102,0.1999999999999999,60.20518358531317,78.80669546436286,19.017278617710584,93.85529157667388,52.7606077718383,False,False
980793,Khéphren Thuram-Ulien,9885,Juventus,ITA-Serie A,1.8,50.7,2.0,0.0,1.1,2.2,0.11,0.1,1.6,2.0,0.05,0.6,0.6,0.3,0.5,7.21,0.0,15.0,1.7,2.4,0.8,1706,23,Midfielder,0.6521739130434783,0.1999999999999999,0.0355029585798816,0.5,0.2958579881656804,0.0588235294117647,64.30314741487348,44.097497200223984,50.141338692904576,52.20840666080047,52.74365519039426,True,False
1353457,Arthur,8178,Bayer 04 Leverkusen,GER-Bundesliga,1.1,30.2,2.0,0.0,2.3,1.4,0.13,0.09,1.6,3.0,0.1,1.4,0.2,0.1,0.6,6.92,0.0,11.0,1.0,1.6,1.2,942,14,Midfielder,0.6521739130434783,0.4666666666666666,0.0364238410596026,0.7499999999999999,0.3642384105960265,0.09,57.51736111111112,60.04050925925926,42.24537037037037,51.96759259259259,52.74023708336162,True,False
848266,Weston McKennie,9885,Juventus,ITA-Serie A,0.9,30.3,4.0,0.0,1.7,3.9,0.2,0.27,1.6,4.0,0.2,0.9,0.7,0.3,0.4,7.24,0.0,28.0,1.7,1.3,0.6,1765,24,Midfielder,0.5789473684210527,0.409090909090909,0.0297029702970297,0.3749999999999999,0.924092409240924,0.1588235294117647,41.11716062714984,36.43730168253207,72.64075540623416,80.26598705436898,52.57688900505036,True,False
1185902,Jens Castrop,9788,Borussia Mönchengladbach,GER-Bundesliga,1.1,18.9,0.0,0.0,1.4,0.8,0.08,0.18,2.4,0.0,0.1,1.0,0.6,0.0,0.1,6.76,0.0,10.0,1.5,4.1,1.6,928,17,Midfielder,0.6799999999999999,0.196078431372549,0.0582010582010582,0.6666666666666667,0.5291005291005292,0.12,60.12152777777777,51.68402777777778,34.201388888888886,75.17939814814814,52.574941104602885,True,False
356406,John McGinn,10252,Aston Villa,ENG-Premier League,1.6,25.4,3.0,0.0,0.7,1.8,0.1,0.14,1.3,2.0,0.17,0.6,0.4,0.3,1.0,6.88,0.0,24.0,1.0,1.5,0.6,1607,22,Midfielder,0.6176470588235293,0.2857142857142857,0.0629921259842519,0.4615384615384615,0.9448818897637796,0.14,47.85386335759807,40.921342959229925,60.52554129003013,69.3412860304509,52.55882165406464,True,False
540307,Lorenzo Pellegrini,8686,Roma,ITA-Serie A,1.8,34.7,3.0,0.0,0.9,2.2,0.2,0.39,1.2,0.0,0.28,0.9,0.9,0.3,0.5,6.85,0.0,17.0,2.3,0.6,0.5,976,17,Midfielder,0.5555555555555555,0.6,0.0518731988472622,0.4166666666666667,0.4899135446685878,0.1695652173913043,44.75499460043197,34.75852765112124,62.68278537716983,89.67766745327042,52.52205716166392,True,False
1020963,Nicolo Rovella,8543,Lazio,ITA-Serie A,3.5,60.9,6.0,0.0,1.4,2.1,0.07,0.05,1.4,3.0,0.0,1.6,0.3,0.1,0.3,7.15,0.0,31.0,0.9,2.8,0.6,2728,33,Midfielder,0.7586206896551724,0.3636363636363636,0.057471264367816,0.4285714285714286,0.5090311986863711,0.0555555555555555,61.25269978401728,70.28617710583154,55.37796976241901,27.00863930885529,52.479519467920255,False,False
282281,Denis Suárez,9866,Alavés,ESP-La Liga,1.7,49.0,1.0,0.0,0.6,1.0,0.09,0.07,1.4,0.0,0.09,0.4,0.3,0.3,0.6,6.64,0.0,13.0,0.5,1.7,1.3,980,19,Midfielder,0.6,0.1904761904761904,0.0346938775510204,0.9285714285714288,0.2653061224489796,0.14,72.39004629629629,39.67013888888889,43.32175925925926,58.30439814814815,52.46097660098325,True,False
1329255,Louis Mouton,8121,Angers,FRA-Ligue 1,1.3,24.9,4.0,0.0,0.7,2.1,0.13,0.14,1.0,1.0,0.12,0.5,0.5,0.2,0.4,6.63,0.0,18.0,1.7,1.8,0.5,1484,21,Midfielder,0.6969696969696969,0.2173913043478261,0.0522088353413654,0.5,0.7228915662650602,0.0823529411764706,49.58646641602005,51.08674639362184,52.23035490494095,59.23267805242247,52.44197357378226,True,False
638090,Luis Milla,8305,Getafe,ESP-La Liga,2.5,32.8,11.0,0.0,1.4,4.1,0.18,0.03,0.8,8.0,0.0,1.0,0.0,0.3,0.7,7.41,0.0,52.0,0.8,1.7,0.7,2025,23,Midfielder,0.7714285714285715,0.3703703703703703,0.0762195121951219,0.8749999999999999,1.5853658536585369,0.0375,63.46069814414847,62.13097952163827,82.12697984161267,18.152922766178705,52.419066047536106,True,False
751550,Diogo Dalot,10260,Manchester United,ENG-Premier League,1.4,31.8,4.0,0.0,3.1,1.9,0.09,0.07,0.8,3.0,0.05,0.8,0.2,0.3,0.3,7.12,0.0,22.0,0.8,1.8,0.7,1847,24,Midfielder,0.7647058823529411,0.3076923076923077,0.0440251572327044,0.8749999999999999,0.6918238993710691,0.0875,57.82774878009759,52.87555328907021,55.47124563368264,40.89292023304802,52.21571407371955,True,False
1320176,Wesley,8686,Roma,ITA-Serie A,0.9,31.0,7.0,0.0,2.1,3.2,0.15,0.06,1.2,0.0,0.14,0.8,0.4,0.2,0.4,7.18,0.0,26.0,1.0,2.2,0.7,1873,23,Midfielder,0.7142857142857143,0.2666666666666666,0.0290322580645161,0.5833333333333334,0.8387096774193549,0.06,44.46180555555556,55.17361111111112,69.6412037037037,43.21759259259259,52.200860525154205,True,False
1073905,Rassoul Ndiaye,9746,Le Havre,FRA-Ligue 1,1.0,25.8,4.0,0.0,0.8,1.7,0.1,0.11,0.7,3.0,0.17,0.5,0.3,0.1,0.4,7.03,0.0,20.0,1.2,2.4,0.7,1629,22,Midfielder,0.8055555555555556,0.1724137931034483,0.0387596899224806,1.0,0.7751937984496123,0.0916666666666666,43.32912533663973,64.60928959016611,45.44424779350985,62.83186511745728,52.193141556643255,True,False
1561552,Ayyoub Bouaddi,8639,Lille,FRA-Ligue 1,1.3,33.7,2.0,0.0,1.1,1.1,0.07,0.09,1.7,1.0,0.0,1.1,0.2,0.4,0.6,7.05,0.0,17.0,0.8,2.4,1.4,1508,20,Midfielder,0.673076923076923,0.3142857142857143,0.0385756676557863,0.8235294117647058,0.5044510385756676,0.1124999999999999,64.37999126736527,69.54578633709303,40.59806882116097,35.876046582940035,52.03316450614475,True,False
605224,Federico Dimarco,8636,Internazionale,ITA-Serie A,1.4,38.6,26.0,0.0,0.9,7.3,0.36,0.15,1.3,12.0,0.25,0.9,0.7,0.2,0.8,7.82,0.0,66.0,2.1,1.8,0.1,1807,23,Midfielder,0.675,0.3333333333333333,0.0362694300518134,0.0769230769230769,1.709844559585492,0.0714285714285714,27.97162893635176,52.72679852278484,88.62647654854278,65.95609017945232,51.91167350751467,True,False
1016132,Kouadio Koné,8686,Roma,ITA-Serie A,1.4,45.8,2.0,0.0,0.9,1.7,0.08,0.09,1.9,1.0,0.09,0.7,0.2,0.1,0.4,7.2,0.0,20.0,0.8,1.9,1.1,1942,22,Midfielder,0.5777777777777777,0.2692307692307693,0.0305676855895196,0.5789473684210527,0.4366812227074236,0.1124999999999999,63.48614610831135,39.92673086153108,49.07514065541424,56.798706103511726,51.844501634595225,True,False
562719,Valentin Rongier,9851,Rennes,FRA-Ligue 1,1.6,56.2,5.0,0.0,1.6,2.3,0.12,0.04,1.7,2.0,0.05,1.0,0.3,0.4,0.7,7.46,0.0,27.0,0.9,2.2,0.8,1755,20,Midfielder,0.6530612244897959,0.3125,0.0284697508896797,0.4705882352941177,0.4804270462633451,0.0444444444444444,53.79603798362797,64.65441098045488,57.364894141802,32.61124943337867,51.7856777054396,True,False
1158512,Juanlu Sánchez,8302,Sevilla,ESP-La Liga,1.5,29.3,3.0,0.0,1.5,2.1,0.14,0.04,1.1,2.0,0.0,0.5,0.1,0.0,0.4,6.78,0.0,17.0,0.7,2.8,1.1,1336,20,Midfielder,0.7499999999999999,0.1515151515151515,0.0511945392491467,1.0,0.5802047781569966,0.0571428571428571,54.54234494573768,57.63684738554249,54.62363010959123,39.15915893395195,51.773438207050496,True,False
1310480,Sergi Altimira,8603,Real Betis,ESP-La Liga,2.1,51.1,2.0,0.0,1.9,1.2,0.05,0.08,1.6,1.0,0.0,1.1,0.2,0.0,0.5,6.9,0.0,22.0,1.0,2.8,0.7,1972,32,Midfielder,0.7090909090909091,0.2820512820512821,0.0410958904109589,0.4374999999999999,0.4305283757338551,0.08,56.49028077753778,70.19438444924405,43.56371490280778,38.385529157667385,51.73476082838109,False,False
215242,Leonardo Spinazzola,9875,Napoli,ITA-Serie A,2.4,33.8,1.0,0.0,1.5,2.2,0.15,0.06,0.5,2.0,0.2,0.3,0.5,0.1,0.5,7.03,0.0,22.0,1.2,1.0,0.7,1346,21,Midfielder,0.7222222222222222,0.2307692307692307,0.0710059171597633,1.4,0.6508875739644971,0.05,73.71276964509507,32.76747026904514,66.47351545209716,39.29263992213957,51.71874178257587,True,False
578756,Deiver Machado,8588,Lens,FRA-Ligue 1,0.6,31.4,5.0,0.0,1.5,2.9,0.14,0.12,1.4,4.0,0.05,0.8,0.2,0.2,0.4,6.86,0.0,20.0,1.1,1.8,1.1,1805,27,Midfielder,0.65,0.3076923076923077,0.019108280254777,0.7857142857142858,0.6369426751592357,0.109090909090909,52.149028077753776,45.52375809935206,54.04967602591793,56.56587473002159,51.694289139850895,False,False
642551,Aleix Garcia,8178,Bayer 04 Leverkusen,GER-Bundesliga,5.5,101.1,9.0,0.0,1.1,4.0,0.21,0.07,0.3,5.0,0.05,0.8,0.2,0.2,0.2,7.45,0.0,31.0,0.9,0.7,0.2,1753,21,Midfielder,0.8333333333333333,0.5333333333333333,0.0544015825914935,0.6666666666666667,0.3066271018793274,0.0777777777777777,56.24417546596271,39.867927232488064,72.20814001546543,40.85337339679493,51.53132445660974,True,False
675023,Danel Sinani,8152,FC St. Pauli,GER-Bundesliga,1.1,33.8,3.0,0.0,0.5,3.3,0.24,0.31,1.7,2.0,0.3,0.5,0.9,0.0,0.7,6.92,0.0,27.0,2.6,1.2,0.6,1216,19,Midfielder,0.5,0.2941176470588235,0.0325443786982248,0.3529411764705882,0.7988165680473374,0.1192307692307692,41.59984701223902,34.027977761779056,73.00744273791429,77.10536490414098,51.51637057938195,True,False
167008,Pascal Gross,9789,Borussia Dortmund,GER-Bundesliga,3.3,57.6,10.0,0.0,1.0,6.4,0.24,0.09,0.7,10.0,0.0,0.3,0.3,0.5,0.4,7.06,0.0,58.0,1.0,1.7,0.1,2338,30,Midfielder,0.7407407407407407,0.15,0.0572916666666666,0.1428571428571428,1.0069444444444444,0.09,43.234341252699785,41.40388768898488,87.47300215982722,45.17818574514039,51.4592200761812,False,False
1134467,Yuito Suzuki,8358,Sport-Club Freiburg,GER-Bundesliga,1.1,16.8,1.0,0.0,0.8,1.3,0.11,0.24,1.0,2.0,0.25,0.4,0.9,0.0,0.5,6.78,0.0,16.0,2.4,1.1,1.0,1066,17,Midfielder,0.6,0.2666666666666666,0.0654761904761904,1.0,0.9523809523809524,0.1,60.43402777777777,28.524305555555557,52.55787037037037,82.2337962962963,51.44672572858565,True,False
689065,Alexis Claude,8406,FC Augsburg,GER-Bundesliga,0.2,28.4,2.0,0.0,0.5,1.9,0.13,0.25,1.1,2.0,0.2,0.3,1.3,0.1,0.4,7.02,0.0,18.0,3.1,1.5,1.5,1352,19,Midfielder,0.6206896551724137,0.1666666666666666,0.0070422535211267,1.3636363636363635,0.6338028169014085,0.0806451612903225,58.56731461483081,31.087771311628405,52.42113964216196,77.576927179159,51.43599196558818,True,False
1526560,Patrick Dorgu,10260,Manchester United,ENG-Premier League,0.4,24.0,5.0,0.0,2.1,1.4,0.1,0.12,1.3,3.0,0.2,0.9,0.5,0.2,0.2,7.23,0.0,24.0,1.4,3.2,0.7,1333,22,Midfielder,0.7592592592592593,0.2195121951219512,0.0166666666666666,0.5384615384615384,1.0,0.0857142857142857,39.01055415566754,56.6773074820681,52.30371570274378,67.0954490307442,51.366347664915125,True,False
777028,André Almeida,10267,Valencia CF,ESP-La Liga,1.7,34.5,4.0,0.0,0.5,4.9,0.22,0.05,1.3,4.0,0.0,0.4,0.2,0.1,0.4,6.81,0.0,43.0,0.8,2.2,1.0,1988,34,Midfielder,0.6666666666666666,0.1538461538461538,0.0492753623188405,0.7692307692307692,1.2463768115942029,0.0625,62.94816414686826,42.87257019438445,79.56803455723542,27.024838012958963,51.20083906520681,False,False
1233655,Alex Scott,8678,Bournemouth,ENG-Premier League,1.3,34.4,2.0,0.0,2.7,1.3,0.06,0.12,1.3,1.0,0.1,1.3,0.3,0.3,0.4,7.01,0.0,14.0,1.4,1.7,0.8,1870,26,Midfielder,0.6976744186046512,0.4333333333333333,0.0377906976744186,0.6153846153846154,0.4069767441860465,0.0857142857142857,54.97106481481482,56.09953703703704,38.50694444444445,58.42592592592592,51.16652816585547,True,False
557346,Sandi Lovric,8600,Udinese,ITA-Serie A,1.8,28.0,5.0,0.0,0.9,2.4,0.09,0.1,2.1,3.0,0.08,0.9,0.5,0.2,0.5,6.74,0.0,32.0,1.9,1.8,0.8,2326,36,Midfielder,0.5625,0.3333333333333333,0.0642857142857143,0.3809523809523809,1.1428571428571428,0.0526315789473684,50.62634989200865,48.41252699784017,59.65442764578834,45.69654427645789,51.102219781544,False,False
952095,Oscar Mingueza,9910,Celta de Vigo,ESP-La Liga,2.1,48.5,4.0,0.0,1.6,3.2,0.23,0.04,0.6,2.0,0.07,0.3,0.3,0.4,0.2,6.92,0.0,19.0,0.9,2.3,0.6,1259,21,Midfielder,0.8125,0.1153846153846153,0.0432989690721649,1.0,0.3917525773195876,0.0444444444444444,68.60496993573848,39.85515325440631,71.51939511505746,29.1315944724422,50.99253512111176,True,False
1161211,Fabian Rieder,8406,FC Augsburg,GER-Bundesliga,1.1,19.2,3.0,0.0,0.3,2.2,0.15,0.19,1.8,2.0,0.2,0.5,0.5,0.1,0.6,6.71,0.0,18.0,1.8,1.1,0.9,1330,20,Midfielder,0.4705882352941176,0.3125,0.0572916666666666,0.5,0.9375,0.1055555555555555,49.90162037037037,31.805555555555557,60.75231481481482,76.24421296296296,50.97910722455874,True,False
1296650,Adam Wharton,9826,Crystal Palace,ENG-Premier League,2.5,34.0,9.0,0.0,1.5,5.0,0.24,0.05,1.0,3.0,0.0,1.0,0.1,0.1,0.6,7.06,0.0,27.0,1.0,2.6,0.5,1905,23,Midfielder,0.782608695652174,0.2777777777777778,0.0735294117647058,0.5,0.7941176470588235,0.05,49.6234467909234,79.76668533184012,73.42759245926992,19.219479108338,50.97703938823588,True,False
445856,Wesley Said,8588,Lens,FRA-Ligue 1,1.3,25.4,8.0,0.0,0.9,3.2,0.19,0.44,1.7,2.0,0.58,0.5,1.2,0.0,0.5,7.32,0.0,20.0,2.4,0.9,1.2,1546,22,Midfielder,0.4516129032258065,0.3571428571428571,0.0511811023622047,0.7058823529411765,0.7874015748031497,0.1833333333333333,50.20366703997013,29.07899034743887,54.447344212463,96.69565601418552,50.95549573080888,True,False
844544,Pape Gueye,10205,Villarreal,ESP-La Liga,3.4,36.4,2.0,0.0,2.1,2.1,0.16,0.08,1.9,1.0,0.15,1.1,0.4,0.3,0.7,6.94,0.0,13.0,1.8,1.3,0.4,1217,18,Midfielder,0.5581395348837209,0.4583333333333333,0.0934065934065934,0.2105263157894737,0.3571428571428571,0.0444444444444444,48.10275177985761,57.83169846412287,49.976918513185616,48.45434865210783,50.92738584379889,True,False
1385856,Davide Bartesaghi,8564,Milan,ITA-Serie A,1.7,32.1,2.0,0.0,2.0,2.7,0.15,0.05,0.7,0.0,0.12,0.5,0.3,0.3,0.1,7.06,0.0,29.0,0.8,2.2,0.5,1565,20,Midfielder,0.7941176470588235,0.1851851851851851,0.0529595015576324,0.7142857142857143,0.9034267912772586,0.0625,52.343750000000014,42.5,72.5810185185185,39.201388888888886,50.88886185301687,True,False
1553099,Mikel Jauregizar,8315,Athletic Club,ESP-La Liga,1.8,35.5,1.0,0.0,0.9,1.9,0.08,0.06,1.2,0.0,0.09,1.7,0.3,0.1,0.7,6.99,0.0,21.0,1.3,2.4,0.3,2025,24,Midfielder,0.7735849056603773,0.4146341463414634,0.0507042253521126,0.25,0.5915492957746479,0.0461538461538461,45.13982214756152,83.85803302402475,51.23720102391809,32.33392995227049,50.884108365257845,True,False
1173678,Johnny Cardoso,8603,Real Betis,ESP-La Liga,1.5,39.9,2.0,0.0,2.6,0.8,0.03,0.09,1.6,1.0,0.13,2.0,0.3,0.5,0.5,7.07,0.0,9.0,0.8,2.3,1.1,2143,28,Midfielder,0.7288135593220338,0.4651162790697674,0.037593984962406,0.6875,0.2255639097744361,0.1124999999999999,63.050755939524855,75.21058315334773,23.23974082073434,60.18898488120951,50.86722574215558,False,False
1367615,Warren Zaire-Emery,9847,Paris Saint-Germain,FRA-Ligue 1,1.3,67.8,6.0,0.0,0.7,2.2,0.11,0.03,1.3,3.0,0.05,0.5,0.2,0.3,0.5,7.4,0.0,31.0,0.7,1.7,1.1,1776,22,Midfielder,0.6285714285714287,0.2272727272727272,0.0191740412979351,0.8461538461538461,0.4572271386430678,0.0428571428571428,66.64961803055756,50.61070114390848,58.031874116737335,28.864557502066504,50.83812419858336,True,False
1310103,Anton Kade,8406,FC Augsburg,GER-Bundesliga,0.8,20.0,2.0,0.0,1.2,1.2,0.11,0.25,1.0,0.0,0.18,0.5,0.8,0.1,0.5,6.68,0.0,16.0,1.9,1.3,0.8,1007,17,Midfielder,0.6428571428571429,0.2777777777777778,0.04,0.8,0.8,0.131578947368421,47.56365740740741,35.32407407407408,51.23842592592593,86.26157407407406,50.6713750828364,True,False
942379,Miguel Gutiérrez,7732,Girona,ESP-La Liga,1.2,36.9,6.0,0.0,1.1,4.6,0.17,0.06,1.1,5.0,0.04,0.6,0.3,0.3,0.4,6.93,0.0,41.0,1.0,1.4,1.1,2464,29,Midfielder,0.6451612903225806,0.3,0.032520325203252,1.0,1.1111111111111112,0.06,62.86717062634989,35.62634989200864,75.92872570194385,34.34665226781857,50.66970982812491,False,False
831489,Alexis Mac Allister,8650,Liverpool,ENG-Premier League,1.7,43.3,2.0,0.0,1.3,1.1,0.06,0.11,0.8,2.0,0.0,0.6,0.4,0.3,0.3,6.83,0.0,20.0,1.7,1.6,0.4,1735,25,Midfielder,0.7333333333333334,0.2727272727272727,0.0392609699769053,0.5,0.4618937644341802,0.0647058823529411,47.52021504946271,48.02942431272165,59.75613617577261,48.23833260005866,50.6074493463429,True,False
750734,Dodo,8535,Fiorentina,ITA-Serie A,1.5,32.0,6.0,0.0,1.5,3.2,0.13,0.05,0.4,2.0,0.0,0.8,0.0,0.0,0.2,7.06,0.0,38.0,0.7,0.8,1.3,2161,25,Midfielder,0.8,0.5,0.046875,3.25,1.1875,0.0714285714285714,72.73538116950644,42.66931978775032,71.75959256592806,23.471213969549108,50.59758017134144,True,False
1137668,Moisés Caicedo,8455,Chelsea,ENG-Premier League,1.9,56.9,3.0,0.0,1.0,1.8,0.09,0.05,1.8,1.0,0.15,2.3,0.4,0.6,0.3,7.37,0.0,12.0,0.9,3.2,0.5,1776,21,Midfielder,0.7534246575342466,0.4181818181818181,0.0333919156414762,0.2777777777777778,0.210896309314587,0.0555555555555555,52.37094365784071,74.72268885155854,47.29799949337386,31.44583433325333,50.38642669478875,True,False
1287783,Seydouba Cisse,7854,Leganés,ESP-La Liga,1.8,35.4,1.0,0.0,1.5,0.9,0.03,0.11,1.4,1.0,0.11,0.4,0.2,0.0,0.5,6.84,0.0,17.0,0.9,2.2,1.1,2451,34,Midfielder,0.65,0.1538461538461538,0.0508474576271186,0.7857142857142858,0.480225988700565,0.1222222222222222,66.3390928725702,46.94384449244061,32.93736501079914,61.45248380129588,50.29856828536631,False,False
638010,Isi Palazon,8370,Rayo Vallecano,ESP-La Liga,2.1,29.0,6.0,0.0,0.8,2.8,0.15,0.23,1.5,3.0,0.11,0.1,0.7,0.3,0.3,6.76,0.0,26.0,2.0,0.9,1.1,1653,22,Midfielder,0.4,0.1,0.0724137931034482,0.7333333333333334,0.896551724137931,0.115,63.54337486334427,18.91604504972936,72.2506366157374,75.62351678532383,50.18459937427284,True,False
1214915,Brooke Norton-Cuffy,10233,Genoa,ITA-Serie A,1.2,23.8,2.0,0.0,1.7,1.7,0.08,0.06,1.0,1.0,0.05,0.5,0.2,0.3,0.4,6.77,0.0,18.0,0.5,1.8,1.3,1992,23,Midfielder,0.6969696969696969,0.2173913043478261,0.0504201680672268,1.3,0.7563025210084033,0.12,63.42592592592592,41.96759259259259,47.91666666666667,46.73611111111111,50.17192024255196,True,False
715069,Pedro Diaz,8370,Rayo Vallecano,ESP-La Liga,1.3,32.5,2.0,0.0,0.8,0.8,0.06,0.06,0.7,0.0,0.0,0.2,0.3,0.0,0.6,6.47,0.0,17.0,2.0,2.0,0.5,1146,20,Midfielder,0.7586206896551724,0.0909090909090909,0.04,0.7142857142857143,0.5230769230769231,0.03,55.79488640908727,54.82885535823802,49.9692857904701,38.14108204676959,50.08238490371845,True,False
1184777,Jofre Carreras,8558,Espanyol,ESP-La Liga,0.5,13.7,2.0,0.0,0.9,1.9,0.08,0.1,1.2,3.0,0.12,0.6,0.5,0.0,0.7,6.63,0.0,24.0,1.7,0.9,1.6,2175,37,Midfielder,0.5555555555555555,0.3999999999999999,0.0364963503649635,1.3333333333333337,1.7518248175182485,0.0588235294117647,58.04535637149027,39.16306695464363,53.47732181425486,50.199784017278624,50.06476712609871,False,False
1481909,Ebenezer Akinsanmiro,6479,Pisa,ITA-Serie A,1.7,25.4,2.0,0.0,1.1,1.1,0.11,0.06,2.2,1.0,0.0,1.5,0.3,0.3,0.7,6.98,0.0,12.0,1.1,2.1,1.5,933,14,Midfielder,0.6206896551724137,0.4166666666666666,0.0669291338582677,0.6818181818181818,0.4724409448818898,0.0545454545454545,65.52083333333333,69.4675925925926,40.9837962962963,28.49537037037037,50.05728528348229,True,False
1387194,Kassoum Ouattara,9829,Monaco,FRA-Ligue 1,0.9,25.7,5.0,0.0,1.7,2.2,0.2,0.09,2.1,3.0,0.0,1.4,0.0,0.0,0.5,7.03,0.0,17.0,1.1,2.5,0.8,963,14,Midfielder,0.65,0.358974358974359,0.0350194552529182,0.3809523809523809,0.6614785992217899,0.0818181818181818,40.4050925925926,67.67939814814815,60.99537037037037,36.938657407407405,50.04554156931062,True,False
660327,Ibrahima Sissoko,9911,VfL Bochum 1848,GER-Bundesliga,1.5,27.8,2.0,0.0,1.8,2.7,0.1,0.05,2.6,1.0,0.04,1.3,0.2,0.4,0.4,6.94,0.0,27.0,0.7,2.2,1.1,2535,31,Midfielder,0.5737704918032788,0.3714285714285714,0.0539568345323741,0.4230769230769231,0.9712230215827338,0.0714285714285714,54.33045356371489,55.34557235421166,57.40820734341253,32.73758099352052,50.00766004317317,False,False
921825,Jon Moncayola,8371,Osasuna,ESP-La Liga,3.2,35.0,7.0,0.0,1.6,2.3,0.11,0.08,1.2,4.0,0.0,0.7,0.1,0.1,0.4,7.08,0.0,26.0,0.8,1.6,0.5,1847,22,Midfielder,0.6571428571428571,0.3043478260869565,0.0914285714285714,0.4166666666666667,0.7428571428571429,0.0999999999999999,48.90776237900968,44.90410767138629,67.06311828387062,40.28396894915073,49.83474519075095,True,False
1174672,Joao Gomes,8602,Wolverhampton Wanderers,ENG-Premier League,1.3,41.0,1.0,0.0,1.6,1.3,0.06,0.04,2.3,0.0,0.0,1.3,0.2,0.2,0.4,6.9,0.0,13.0,0.5,3.3,1.2,2026,25,Midfielder,0.6666666666666666,0.2826086956521739,0.0317073170731707,0.5217391304347826,0.3170731707317073,0.08,58.01567541263366,67.07868370530359,40.35832133429326,35.512250686611736,49.80450771754798,True,False
1284429,Javier Guerra,10267,Valencia CF,ESP-La Liga,2.3,35.0,4.0,0.0,1.7,1.2,0.1,0.09,1.4,3.0,0.0,1.1,0.3,0.3,0.2,6.64,0.0,12.0,1.1,1.2,1.1,1077,23,Midfielder,0.6216216216216216,0.4782608695652174,0.0657142857142857,0.7857142857142858,0.3428571428571428,0.0818181818181818,70.48298636109111,40.02029004346319,46.44900074660694,41.90236447750846,49.68063599588885,True,False
282462,Inigo Ruiz de Galarreta,8315,Athletic Club,ESP-La Liga,2.8,42.0,2.0,0.0,0.8,1.4,0.09,0.04,2.7,1.0,0.06,0.7,0.1,0.2,1.0,6.94,0.0,15.0,0.9,2.6,1.6,1426,22,Midfielder,0.5499999999999999,0.2121212121212121,0.0666666666666666,0.5925925925925926,0.3571428571428571,0.0444444444444444,73.21012652321149,62.95866330693544,54.12616990640748,18.530009265925397,49.66634184109983,True,False
1127054,Tomas Suslov,9876,Verona,ITA-Serie A,1.6,15.5,4.0,0.0,0.6,1.7,0.07,0.07,2.3,1.0,0.0,0.8,0.3,0.1,0.5,6.62,0.0,27.0,1.4,2.3,1.5,2097,31,Midfielder,0.5740740740740741,0.2580645161290323,0.1032258064516129,0.6521739130434783,1.7419354838709675,0.05,62.78617710583152,52.92116630669548,52.80777537796976,29.746220302375807,49.61664447893829,False,False
1092731,Joel Chima Fujita,8152,FC St. Pauli,GER-Bundesliga,1.4,32.9,5.0,0.0,0.7,3.3,0.17,0.03,1.4,3.0,0.0,1.2,0.2,0.1,0.7,7.01,0.0,24.0,1.1,2.2,1.3,1770,21,Midfielder,0.7083333333333333,0.3529411764705882,0.0425531914893617,0.9285714285714288,0.729483282674772,0.0272727272727272,65.89699074074075,73.33912037037037,69.71064814814814,12.8125,49.47036956992221,True,False
731600,Idrissa Toure,6479,Pisa,ITA-Serie A,0.9,15.9,5.0,0.0,3.3,2.8,0.13,0.09,0.9,0.0,0.05,1.0,0.3,0.2,0.2,6.84,0.0,18.0,1.3,1.7,0.7,1923,23,Midfielder,0.75,0.3703703703703703,0.0566037735849056,0.7777777777777777,1.1320754716981132,0.0692307692307692,49.34606481481482,46.40046296296296,59.02777777777778,43.11342592592592,49.46442343293426,True,False
967871,Iván Martin,7732,Girona,ESP-La Liga,2.4,43.8,1.0,0.0,1.0,0.9,0.04,0.04,1.2,1.0,0.0,0.6,0.1,0.1,0.3,7.0,0.0,14.0,0.4,2.4,1.0,1801,22,Midfielder,0.7142857142857143,0.1999999999999999,0.0547945205479452,0.8333333333333334,0.319634703196347,0.0999999999999999,72.39011712396342,45.09953370397034,41.55997520198384,38.53265905394235,49.34934725060212,True,False
266520,Christian Nørgaard,9937,Brentford,ENG-Premier League,2.1,36.7,3.0,0.0,2.0,1.4,0.04,0.14,1.4,4.0,0.16,1.6,0.5,0.6,0.4,7.24,0.0,18.0,1.2,2.5,0.2,2829,34,Midfielder,0.7454545454545454,0.3902439024390244,0.0572207084468664,0.1428571428571428,0.4904632152588555,0.1166666666666666,36.30129589632829,71.9438444924406,35.90712742980561,72.08963282937366,49.27138582158661,False,False
75307,Daniel Parejo,10205,Villarreal,ESP-La Liga,3.5,46.9,3.0,0.0,1.0,0.9,0.08,0.01,1.0,0.0,0.0,0.9,0.0,0.5,0.1,6.79,0.0,18.0,0.2,2.5,0.5,1016,20,Midfielder,0.7727272727272726,0.2647058823529412,0.0746268656716418,0.5,0.3837953091684435,0.0499999999999999,60.61139275524624,57.85880462896301,50.9782550729275,27.79430145588353,49.09033971000594,True,False
466113,Jari Vandeputte,7801,Cremonese,ITA-Serie A,2.2,31.7,7.0,0.0,2.0,3.3,0.22,0.08,1.3,4.0,0.0,0.9,0.3,0.1,0.3,6.92,0.0,37.0,0.8,1.7,0.3,1347,21,Midfielder,0.6666666666666666,0.3461538461538461,0.0694006309148265,0.2307692307692307,1.167192429022082,0.0999999999999999,37.76041666666667,42.476851851851855,82.17592592592592,45.376157407407405,49.000533501299415,True,False
1031325,Martin Zubimendi,9825,Arsenal,ENG-Premier League,1.7,53.7,1.0,0.0,2.3,1.8,0.07,0.1,1.0,1.0,0.2,1.3,0.4,0.2,0.2,7.28,0.0,15.0,0.9,1.8,0.2,2270,27,Midfielder,0.7560975609756099,0.4193548387096774,0.031657355679702,0.2,0.2793296089385474,0.1111111111111111,43.02864104204997,55.9371250299976,41.36492413940218,62.22716349358718,48.978601838456576,True,False
1287373,Jobe Bellingham,9789,Borussia Dortmund,GER-Bundesliga,2.4,46.7,1.0,0.0,1.5,0.7,0.07,0.07,0.9,1.0,0.0,2.6,0.3,0.4,0.7,6.74,0.0,4.0,1.1,2.1,0.6,921,20,Midfielder,0.8392857142857142,0.5531914893617021,0.0513918629550321,0.6666666666666666,0.0856531049250535,0.0636363636363636,63.25231481481481,85.83333333333333,27.82407407407408,33.48958333333333,48.95804316161999,True,False
1339269,Hugo Larsson,9810,Eintracht Frankfurt,GER-Bundesliga,2.4,39.3,1.0,0.0,1.2,0.9,0.09,0.07,0.4,2.0,0.09,1.1,0.3,0.1,0.1,6.79,0.0,9.0,0.7,1.0,0.3,968,15,Midfielder,0.8400000000000001,0.5238095238095238,0.0610687022900763,0.7499999999999999,0.2290076335877862,0.1,52.24902007839373,50.38199444044477,38.41551009252593,57.88432758712636,48.93630039745263,True,False
571615,Unai Lopez,8370,Rayo Vallecano,ESP-La Liga,4.1,53.7,1.0,0.0,1.2,1.0,0.09,0.04,2.0,3.0,0.0,1.1,0.3,0.3,0.3,7.0,0.0,22.0,1.2,1.7,0.6,1045,17,Midfielder,0.5833333333333334,0.3928571428571429,0.0763500931098696,0.3,0.4096834264432029,0.0333333333333333,66.17542263285604,47.02192991227368,53.2901867850572,29.133261005786206,48.84541008508379,True,False
1114635,Luis Henrique,8636,Internazionale,ITA-Serie A,1.1,38.2,4.0,0.0,0.8,1.3,0.1,0.04,0.4,2.0,0.08,0.5,0.3,0.0,0.2,7.11,0.0,19.0,0.8,1.1,0.5,1174,20,Midfielder,0.8,0.3125,0.0287958115183246,1.25,0.4973821989528795,0.0499999999999999,60.138288936885054,30.99273724768685,63.54416646668267,45.21422452870437,48.79600228139542,True,False
556029,Marius Wolf,8406,FC Augsburg,GER-Bundesliga,1.5,24.7,2.0,0.0,1.9,4.5,0.19,0.03,0.8,3.0,0.04,1.0,0.1,0.2,0.4,6.9,0.0,45.0,0.5,1.1,0.8,2164,32,Midfielder,0.7241379310344827,0.4761904761904761,0.0607287449392712,1.0,1.8218623481781375,0.06,58.06695464362851,46.92224622030238,75.88552915766739,22.71598272138229,48.78984755061687,False,False
1184694,Alberto Moleiro,10205,Villarreal,ESP-La Liga,0.5,18.4,6.0,0.0,0.6,2.4,0.13,0.26,1.3,4.0,0.51,0.3,1.0,0.2,0.4,7.09,0.0,23.0,2.0,0.8,1.1,1598,23,Midfielder,0.4583333333333333,0.2727272727272727,0.0271739130434782,0.8461538461538461,1.25,0.13,52.752138162280346,21.25114157534064,65.1966509345919,84.87859304588966,48.73416647701846,True,False
921921,Kristian Thorstvedt,7943,Sassuolo,ITA-Serie A,0.5,29.7,3.0,0.0,1.6,1.2,0.08,0.21,1.4,2.0,0.13,1.2,0.5,0.3,0.4,6.95,0.0,23.0,1.6,1.6,0.5,1378,20,Midfielder,0.6666666666666667,0.4285714285714286,0.0168350168350168,0.3571428571428571,0.7744107744107744,0.1312499999999999,30.54976851851852,51.09375,54.953703703703695,78.91782407407408,48.643922093180166,True,False
602523,Maximilian Eggestein,8358,Sport-Club Freiburg,GER-Bundesliga,1.2,33.9,2.0,0.0,2.1,1.2,0.05,0.13,0.7,0.0,0.09,1.0,0.4,0.5,0.4,6.93,0.0,14.0,1.5,2.1,0.5,1980,22,Midfielder,0.8157894736842106,0.3225806451612903,0.0353982300884955,0.7142857142857143,0.4129793510324483,0.0866666666666666,43.299686025118,63.90767905234247,39.811148441458016,52.80755039596832,48.62661813270493,True,False
667790,Suat Serdar,9876,Verona,ITA-Serie A,2.0,23.1,2.0,0.0,1.3,0.8,0.07,0.17,1.5,0.0,0.16,0.7,0.6,0.4,0.5,6.61,0.0,13.0,1.5,2.5,0.7,1108,20,Midfielder,0.6808510638297872,0.2187499999999999,0.0865800865800865,0.4666666666666666,0.5627705627705627,0.1133333333333333,52.7451970509026,50.52145828333733,31.847152227821777,69.39753986347758,48.59150060285561,True,False
841672,Nicolás González,9906,Atlético de Madrid,ESP-La Liga,1.4,25.0,3.0,0.0,1.5,1.8,0.14,0.21,1.7,0.0,0.08,0.8,1.2,0.2,0.6,6.88,0.0,10.0,2.7,1.3,1.4,1132,18,Midfielder,0.5526315789473685,0.3809523809523809,0.0559999999999999,0.8235294117647058,0.4,0.0777777777777777,56.95736007786044,35.17965229448311,40.80613550915927,70.34707223422124,48.45832670104888,True,False
1640832,Arsene Kouassi,8689,Lorient,FRA-Ligue 1,0.5,25.1,6.0,0.0,1.9,2.2,0.11,0.02,0.6,4.0,0.1,0.9,0.1,0.1,0.5,7.23,0.0,23.0,0.3,0.9,1.5,1790,21,Midfielder,0.75,0.5,0.0199203187250996,2.5,0.9163346613545816,0.0666666666666666,58.62847222222222,48.576388888888886,60.08101851851852,27.256944444444443,48.285711504008766,True,False
674499,Niklas Dorsch,94937,1. FC Heidenheim 1846,GER-Bundesliga,2.9,33.7,5.0,0.0,1.5,1.8,0.11,0.03,1.0,0.0,0.0,0.9,0.2,0.2,0.2,6.76,0.0,15.0,0.8,2.8,0.6,1440,20,Midfielder,0.7872340425531915,0.2432432432432432,0.086053412462908,0.6,0.4451038575667655,0.0375,59.46230134922539,58.93629342985895,46.96045982988028,27.631739460843136,47.98250852089058,True,False
688273,Vitaly Janelt,9937,Brentford,ENG-Premier League,2.9,45.3,6.0,0.0,2.2,1.9,0.14,0.06,1.2,4.0,0.07,2.2,0.2,0.6,0.4,7.07,0.0,19.0,0.7,1.8,0.3,1210,21,Midfielder,0.7692307692307692,0.55,0.0640176600441501,0.25,0.4194260485651214,0.0857142857142857,42.08678305735542,62.44515438764898,55.30534223928752,35.14000546622937,47.97009088594817,True,False
889536,Timothy Weah,8592,Marseille,FRA-Ligue 1,0.9,32.1,3.0,0.0,1.1,1.7,0.11,0.09,1.3,2.0,0.13,0.6,0.5,0.2,0.2,6.95,0.0,18.0,1.1,1.8,0.6,1417,19,Midfielder,0.6486486486486486,0.25,0.02803738317757,0.4615384615384615,0.5607476635514018,0.0818181818181818,41.82982028104418,42.02237154360984,49.59651561208437,66.4651161240434,47.93993979895236,True,False
954621,Youssouf Fofana,8564,Milan,ITA-Serie A,0.9,27.1,2.0,0.0,0.7,2.0,0.12,0.16,1.0,2.0,0.06,0.5,0.6,0.1,0.7,6.81,0.0,21.0,1.8,1.9,0.4,1475,21,Midfielder,0.7058823529411765,0.2083333333333333,0.033210332103321,0.4,0.7749077490774907,0.0888888888888888,37.23144648428126,52.52412307015438,57.030520891662,50.269961736394414,47.93483324333955,True,False
1025462,Fabio Vieira,9790,Hamburger SV,GER-Bundesliga,2.7,30.5,4.0,0.0,0.9,2.3,0.18,0.23,0.9,4.0,0.16,0.5,0.5,0.2,0.2,7.12,0.0,23.0,2.5,0.7,1.2,1153,16,Midfielder,0.5714285714285714,0.4166666666666667,0.0885245901639344,1.3333333333333333,0.7540983606557377,0.092,75.20254629629629,13.63425925925926,68.50694444444444,74.22453703703704,47.81573099645514,True,False
641595,Nikola Moro,9857,Bologna,ITA-Serie A,8.3,56.5,0.0,0.0,1.9,1.2,0.1,0.04,0.9,0.0,0.17,0.7,0.2,0.1,0.4,6.91,0.0,13.0,0.9,1.8,0.5,1087,18,Midfielder,0.7352941176470589,0.2799999999999999,0.1469026548672566,0.5555555555555556,0.2300884955752212,0.0444444444444444,65.2271568274538,56.194254459643226,45.88557915366771,25.720134055942196,47.77769712001209,True,False
1106742,Sergio Carreira,9910,Celta de Vigo,ESP-La Liga,2.0,43.4,0.0,0.0,2.4,1.1,0.06,0.07,0.7,1.0,0.11,0.9,0.2,0.1,0.2,7.05,0.0,13.0,0.6,1.4,0.9,1645,21,Midfielder,0.7666666666666666,0.391304347826087,0.0460829493087557,1.2857142857142858,0.2995391705069125,0.1166666666666666,67.16051882516065,42.07661720395702,40.33675639282191,41.39088039623497,47.74749510447746,True,False
1292354,Theo Le Bris,8689,Lorient,FRA-Ligue 1,0.5,26.4,2.0,0.0,1.8,1.6,0.1,0.08,0.5,2.0,0.13,0.6,0.3,0.1,0.3,6.98,0.0,12.0,0.8,1.9,0.7,1436,21,Midfielder,0.8333333333333334,0.24,0.0189393939393939,1.4,0.4545454545454546,0.0999999999999999,47.51736111111112,50.35300925925926,39.71064814814815,55.97800925925926,47.63128363448588,True,False
971790,Lucien Agoume,8302,Sevilla,ESP-La Liga,2.4,37.5,5.0,0.0,1.5,1.2,0.06,0.04,2.0,2.0,0.05,1.5,0.1,0.2,0.4,6.93,0.0,18.0,0.6,2.0,0.4,1670,21,Midfielder,0.6363636363636364,0.4285714285714285,0.064,0.2,0.48,0.0666666666666666,49.452810441831325,65.18764332186758,48.3746133642642,29.81882282750713,47.62676562341244,True,False
730901,Yangel Herrera,7732,Girona,ESP-La Liga,1.4,34.1,5.0,0.0,1.9,1.3,0.05,0.14,2.9,3.0,0.16,1.2,0.6,0.3,0.3,6.99,0.0,17.0,1.6,2.6,0.8,2263,29,Midfielder,0.5671641791044777,0.3157894736842105,0.0410557184750733,0.2758620689655172,0.4985337243401759,0.0875,45.0,52.42980561555075,35.161987041036724,66.90604751619871,47.58496380798431,False,False
621515,Daichi Kamada,9826,Crystal Palace,ENG-Premier League,1.5,29.6,2.0,0.0,1.1,2.0,0.14,0.1,1.4,0.0,0.0,0.6,0.3,0.1,0.6,6.98,0.0,11.0,1.1,3.1,0.6,1258,16,Midfielder,0.7254901960784315,0.1621621621621621,0.0506756756756756,0.4285714285714286,0.3716216216216216,0.0909090909090909,42.04886109111271,66.94156967442605,45.06552809108604,39.98174312721648,47.57553767556789,True,False
625340,Mauro Arambarri,8305,Getafe,ESP-La Liga,1.1,17.2,1.0,0.0,0.9,0.5,0.02,0.19,1.4,1.0,0.21,0.7,0.5,0.2,0.7,7.02,0.0,13.0,1.7,2.0,0.7,2130,24,Midfielder,0.6585365853658538,0.2592592592592592,0.063953488372093,0.5,0.7558139534883721,0.1117647058823529,44.03955183585313,48.83365997386876,32.51814854811615,81.72770345039062,47.40651145725223,True,False
1012842,Gianluca Gaetano,8529,Cagliari,ITA-Serie A,2.8,37.0,2.0,0.0,1.2,1.0,0.09,0.1,1.5,3.0,0.17,0.7,0.7,0.0,0.1,6.77,0.0,19.0,1.7,1.0,0.8,1086,23,Midfielder,0.53125,0.4117647058823529,0.0756756756756756,0.5333333333333333,0.5135135135135135,0.0588235294117647,65.22547362877636,20.611934378583047,56.42930232248087,66.78104918273205,47.38726873819415,True,False
1033111,Kaishu Sano,9905,1. FSV Mainz 05,GER-Bundesliga,1.5,29.7,2.0,0.0,1.6,1.8,0.08,0.04,0.3,1.0,0.05,2.3,0.1,0.3,0.3,7.29,0.0,15.0,0.6,1.5,0.9,1979,22,Midfielder,0.926829268292683,0.6052631578947368,0.0505050505050505,3.0,0.5050505050505051,0.0666666666666666,65.51075913926884,64.59775717942564,41.66613337599659,23.04056508812628,47.303423670782514,True,False
207236,Granit Xhaka,8472,Sunderland,ENG-Premier League,4.6,43.6,7.0,0.0,3.0,2.2,0.1,0.03,0.7,5.0,0.05,0.9,0.2,0.7,0.3,7.39,0.0,25.0,0.5,1.6,0.3,1963,22,Midfielder,0.78125,0.36,0.1055045871559633,0.4285714285714286,0.573394495412844,0.06,55.71180555555556,49.826388888888886,63.3912037037037,24.00462962962963,47.28411609354748,True,False
1238154,Pablo Ibánez,9866,Alavés,ESP-La Liga,0.9,36.1,1.0,0.0,1.4,1.0,0.06,0.22,1.6,1.0,0.06,0.8,0.6,0.4,0.5,6.7,0.0,12.0,2.0,1.9,1.7,1449,24,Midfielder,0.6279069767441859,0.2962962962962963,0.0249307479224376,1.0625,0.3324099722991689,0.11,60.80124423379463,46.72867003973016,27.496016985307843,64.60760639148867,47.25456529056456,True,False
446266,Mario Pasalic,8524,Atalanta,ITA-Serie A,3.6,53.6,4.0,0.0,1.2,1.2,0.09,0.11,1.3,3.0,0.14,0.5,0.4,0.2,0.1,6.86,0.0,26.0,0.9,1.6,0.4,1242,20,Midfielder,0.6176470588235293,0.238095238095238,0.0671641791044776,0.3076923076923077,0.4850746268656716,0.1222222222222222,51.62177025837932,22.679635629149672,62.22083899954671,73.28317901234568,47.23280223137962,True,False
1276315,Dermane Karim,8689,Lorient,FRA-Ligue 1,1.3,30.6,1.0,0.0,0.3,0.7,0.07,0.09,1.6,2.0,0.1,0.8,0.2,0.2,0.7,6.66,0.0,10.0,1.2,1.7,1.4,914,20,Midfielder,0.6097560975609757,0.32,0.0424836601307189,0.8749999999999999,0.326797385620915,0.075,63.40277777777778,52.03703703703704,30.02314814814815,47.1412037037037,47.17966105063935,True,False
213516,Daniel Rodriguez,8661,Mallorca,ESP-La Liga,0.9,19.0,7.0,0.0,1.0,3.4,0.14,0.11,2.1,7.0,0.17,0.5,0.4,0.1,0.4,6.71,0.0,33.0,1.3,2.0,0.7,2175,37,Midfielder,0.5434782608695653,0.2,0.0473684210526315,0.3333333333333333,1.736842105263158,0.0846153846153846,36.6414686825054,36.93844492440605,66.3390928725702,61.0475161987041,47.16691761967168,False,False
859282,Daniel Munoz,9826,Crystal Palace,ENG-Premier League,0.9,23.9,5.0,0.0,3.5,3.3,0.19,0.11,1.2,2.0,0.17,1.1,0.5,0.1,0.3,7.26,0.0,18.0,1.0,2.3,0.1,1587,18,Midfielder,0.7391304347826088,0.3235294117647059,0.0376569037656903,0.0833333333333333,0.7531380753138076,0.11,21.00256146174973,66.91782157427406,63.76573207476736,70.03938851558542,47.128371656989295,True,False
244811,Davide Zappacosta,8524,Atalanta,ITA-Serie A,1.0,33.7,0.0,0.0,1.5,2.5,0.14,0.06,0.4,2.0,0.05,0.8,0.3,0.1,0.3,7.01,0.0,25.0,1.2,0.7,0.8,1657,22,Midfielder,0.7894736842105263,0.5333333333333333,0.029673590504451,2.0,0.7418397626112759,0.05,53.16915480094925,34.94453777031171,64.44621096978908,38.43872490200784,47.07560322482836,True,False
362120,Danilo Cataldi,8543,Lazio,ITA-Serie A,2.1,41.4,2.0,0.0,2.1,1.2,0.06,0.15,1.0,3.0,0.16,1.0,0.3,0.4,0.3,7.05,0.0,18.0,1.2,1.4,0.3,1683,22,Midfielder,0.7058823529411765,0.4166666666666667,0.0507246376811594,0.3,0.4347826086956521,0.125,42.20353205076928,48.09565234781218,41.58870623683439,62.47558528651041,46.99125174830103,True,False
562724,Lewis Cook,8678,Bournemouth,ENG-Premier League,1.9,34.1,6.0,0.0,2.0,3.8,0.11,0.03,1.5,3.0,0.03,1.2,0.1,0.3,0.3,7.09,0.0,48.0,0.4,2.4,0.4,2978,36,Midfielder,0.7058823529411764,0.3333333333333333,0.0557184750733137,0.2666666666666666,1.407624633431085,0.075,40.38876889848812,59.15226781857452,71.69546436285097,26.00971922246221,46.96464974973098,False,False
1359911,Miguel Román,9910,Celta de Vigo,ESP-La Liga,3.2,45.1,4.0,0.0,1.6,1.2,0.1,0.08,1.7,0.0,0.09,0.9,0.1,0.5,0.3,6.86,0.0,14.0,0.7,2.2,0.2,1040,16,Midfielder,0.6458333333333334,0.2903225806451613,0.0709534368070953,0.1176470588235294,0.3104212860310421,0.1142857142857143,43.35648148148148,47.91666666666666,46.60879629629629,51.99652777777778,46.94071486961019,True,False
1093285,Fabiano Parisi,8535,Fiorentina,ITA-Serie A,1.6,31.8,3.0,0.0,1.3,1.4,0.12,0.05,0.7,1.0,0.0,1.5,0.3,0.4,0.2,6.93,0.0,16.0,1.2,1.0,1.7,1034,16,Midfielder,0.78125,0.6,0.050314465408805,2.428571428571429,0.5031446540880503,0.0416666666666666,65.87127196490947,53.44793249873343,40.918076553875686,28.14361517745247,46.82160770072817,True,False
574645,Mikel Merino,9825,Arsenal,ENG-Premier League,0.6,24.2,4.0,0.0,1.7,1.5,0.13,0.27,1.9,3.0,0.36,0.9,0.7,0.2,0.7,6.97,0.0,12.0,1.9,2.3,0.5,999,21,Midfielder,0.6274509803921569,0.28125,0.024793388429752,0.2631578947368421,0.4958677685950413,0.1421052631578947,24.51278064421513,65.76950510625817,42.31491480681546,91.71588772898168,46.82051643161379,True,False
845994,Hans Nicolussi Caviglia,7881,Venezia,ITA-Serie A,2.6,34.6,4.0,0.0,1.7,2.3,0.07,0.08,1.6,2.0,0.13,0.9,0.6,0.4,0.4,6.87,0.0,29.0,1.7,1.5,0.5,2870,35,Midfielder,0.6,0.375,0.0751445086705202,0.3125,0.838150289017341,0.0470588235294117,48.488120950323975,40.67494600431966,54.082073434125256,44.19546436285097,46.81243437602699,False,False
1120224,Tyrick Mitchell,9826,Crystal Palace,ENG-Premier League,1.0,21.6,1.0,0.0,2.8,1.4,0.05,0.04,0.7,0.0,0.04,1.0,0.2,0.3,0.2,7.07,0.0,19.0,0.4,2.8,0.4,2309,26,Midfielder,0.8444444444444444,0.2631578947368421,0.0462962962962962,0.5714285714285715,0.8796296296296295,0.0999999999999999,39.88636742393942,61.23410960456497,52.19535770471696,37.06191004719622,46.79389826895829,True,False
184533,Koke,9906,Atlético de Madrid,ESP-La Liga,4.4,72.8,2.0,0.0,1.3,2.2,0.14,0.02,0.9,2.0,0.13,0.8,0.2,0.1,0.5,7.08,0.0,18.0,0.5,2.1,0.1,1427,22,Midfielder,0.7631578947368421,0.2758620689655172,0.0604395604395604,0.1111111111111111,0.2472527472527472,0.04,46.23472622190226,59.69944904407648,53.46335626483215,29.68927485801136,46.77534944576872,True,False
872396,Pathé Ciss,8370,Rayo Vallecano,ESP-La Liga,3.7,53.0,0.0,0.0,2.9,0.3,0.02,0.13,1.3,0.0,0.08,1.4,0.5,0.6,0.1,6.83,0.0,7.0,0.9,2.5,0.3,1130,16,Midfielder,0.75,0.358974358974359,0.0698113207547169,0.2307692307692307,0.1320754716981132,0.1444444444444444,51.18046389622163,55.61110944457776,26.66075047329547,66.23634275924593,46.74218573107903,True,False
708890,Carlos Soler,8560,Real Sociedad,ESP-La Liga,1.9,36.4,5.0,0.0,1.0,2.0,0.14,0.12,1.6,2.0,0.14,0.6,0.8,0.4,0.3,6.81,0.0,28.0,1.5,1.7,0.5,1294,20,Midfielder,0.5897435897435898,0.2608695652173913,0.0521978021978022,0.3125,0.7692307692307693,0.08,44.24660193851159,29.109921206303497,64.35650147988162,61.48587279684292,46.738784053928285,True,False
1288119,Ismael Kone,7943,Sassuolo,ITA-Serie A,1.9,29.5,1.0,0.0,1.1,1.3,0.07,0.14,0.9,0.0,0.2,0.5,0.4,0.2,0.3,6.91,0.0,18.0,0.8,0.9,1.0,1772,22,Midfielder,0.6086956521739131,0.3571428571428571,0.0644067796610169,1.1111111111111112,0.6101694915254238,0.175,67.59259259259258,20.02314814814815,45.46296296296297,79.84953703703705,46.68977017859307,True,False
816325,Boubacar Kamara,10252,Aston Villa,ENG-Premier League,2.0,45.8,0.0,0.0,1.3,0.9,0.05,0.03,1.1,3.0,0.06,1.1,0.3,0.5,0.3,7.25,0.0,15.0,0.4,2.3,0.9,1418,18,Midfielder,0.7555555555555555,0.3235294117647059,0.0436681222707423,0.8181818181818181,0.3275109170305677,0.075,59.76677699117405,57.81564974802016,35.967789243527186,33.099102071834245,46.3864334931657,True,False
1473580,Aleksandar Pavlovic,9823,Bayern München,GER-Bundesliga,4.7,96.7,2.0,0.0,1.1,1.9,0.15,0.12,1.2,1.0,0.16,0.8,0.3,0.5,0.2,7.23,0.0,16.0,0.6,1.9,0.2,1108,18,Midfielder,0.6923076923076923,0.2962962962962963,0.0486039296794208,0.1666666666666666,0.1654601861427094,0.2,43.104085006532806,39.32389575500627,50.21536610404502,57.2231721462283,46.317297062895605,True,False
1323510,Alberto Reina,8670,Real Oviedo,ESP-La Liga,2.1,30.3,2.0,0.0,0.7,1.1,0.08,0.11,1.5,0.0,0.15,0.7,0.4,0.1,0.3,6.5,0.0,12.0,0.9,1.7,0.7,1239,22,Midfielder,0.6153846153846154,0.2916666666666667,0.0693069306930693,0.4666666666666666,0.396039603960396,0.1222222222222222,54.60069444444444,34.38657407407408,36.68981481481482,69.04513888888889,46.15509813335795,True,False
616531,Javier Munoz,8306,Las Palmas,ESP-La Liga,2.0,29.8,4.0,0.0,1.1,2.3,0.08,0.04,1.0,3.0,0.03,1.1,0.2,0.1,0.4,6.81,0.0,29.0,0.9,1.6,0.7,2590,35,Midfielder,0.7297297297297297,0.4074074074074074,0.0671140939597315,0.7,0.9731543624161072,0.0444444444444444,56.511879049676025,55.17818574514038,55.52915766738661,21.484881209503232,46.0936013468937,False,False
784241,Manu Morlanes,8661,Mallorca,ESP-La Liga,2.2,42.8,1.0,0.0,1.2,0.9,0.08,0.06,1.2,0.0,0.09,1.0,0.1,0.2,0.3,6.75,0.0,11.0,0.4,3.2,0.4,953,18,Midfielder,0.7777777777777778,0.238095238095238,0.0514018691588785,0.3333333333333333,0.2570093457943925,0.15,43.40568587846305,71.99139902141162,34.23992747246887,41.67253286403754,46.04551437663784,True,False
780432,Ethan Ampadu,8463,Leeds United,ENG-Premier League,2.1,42.9,1.0,0.0,2.3,1.4,0.06,0.07,1.3,1.0,0.04,1.5,0.2,0.5,0.4,7.13,0.0,10.0,0.7,2.2,0.4,2043,23,Midfielder,0.74,0.4054054054054054,0.0489510489510489,0.3076923076923077,0.2331002331002331,0.1,46.09953703703704,68.45486111111111,31.67824074074074,44.24189814814815,45.95333727026347,True,False
1057433,Tanner Tessmann,9748,Lyon,FRA-Ligue 1,2.2,43.7,3.0,0.0,2.5,1.1,0.07,0.11,0.8,0.0,0.06,0.8,0.4,0.6,0.2,6.96,0.0,10.0,1.3,1.4,0.4,1495,20,Midfielder,0.7333333333333334,0.3636363636363636,0.0503432494279176,0.5,0.22883295194508,0.0846153846153846,57.82028271071648,45.75957256752793,32.22798842759246,50.607543063221605,45.88237640955027,True,False
299799,Bryan Cristante,8686,Roma,ITA-Serie A,4.3,51.9,1.0,0.0,1.8,1.9,0.08,0.06,1.8,0.0,0.04,0.7,0.3,0.1,0.5,7.12,0.0,18.0,1.2,2.0,0.4,2025,24,Midfielder,0.6000000000000001,0.2592592592592592,0.0828516377649325,0.2222222222222222,0.3468208092485549,0.05,50.80695211049783,46.69989734154601,46.53251073247474,37.15239447510866,45.7132825174184,True,False
523749,Jae-Sung Lee,9905,1. FSV Mainz 05,GER-Bundesliga,0.9,20.6,7.0,0.0,1.5,2.6,0.14,0.1,0.8,2.0,0.11,1.0,0.3,0.0,0.3,6.81,0.0,19.0,1.1,1.6,0.2,1649,20,Midfielder,0.7647058823529411,0.3846153846153846,0.0436893203883495,0.25,0.9223300970873786,0.0909090909090909,24.39684825213983,52.502916433352,63.66314028211076,64.79912440338106,45.65956990648897,True,False
660462,Pierre Lees-Melou,6379,Paris FC,FRA-Ligue 1,3.9,42.4,1.0,0.0,1.4,0.8,0.07,0.06,1.7,1.0,0.08,0.8,0.3,0.4,0.7,7.07,0.0,9.0,1.5,2.9,0.5,1078,14,Midfielder,0.6851851851851851,0.2162162162162162,0.0919811320754717,0.2941176470588235,0.2122641509433962,0.04,57.03703703703704,68.62268518518519,31.319444444444443,31.446759259259263,45.64915108715505,True,False
1272440,Valentin Barco,9848,Strasbourg,FRA-Ligue 1,2.7,53.8,11.0,0.0,0.6,5.4,0.31,0.08,1.0,4.0,0.06,0.6,0.3,0.0,0.6,7.33,0.0,27.0,1.0,2.2,1.1,1605,19,Midfielder,0.736842105263158,0.2142857142857142,0.0501858736059479,1.1,0.5018587360594796,0.08,53.60413666906648,41.52596125643282,54.4090472762179,32.212964629496305,45.589343136850665,True,False
978680,Han-Noah Massengo,8406,FC Augsburg,GER-Bundesliga,1.0,36.6,3.0,0.0,1.8,1.2,0.06,0.05,0.8,1.0,0.1,1.4,0.2,0.3,0.7,7.05,0.0,13.0,0.7,1.7,1.0,1798,22,Midfielder,0.7948717948717949,0.4516129032258065,0.0273224043715847,1.25,0.3551912568306011,0.0714285714285714,58.53825027331147,64.98467622590194,30.23849758685972,33.28047089566168,45.50012668323103,True,False
1109046,Ilaix Moriba,9910,Celta de Vigo,ESP-La Liga,1.2,31.3,3.0,0.0,1.1,1.3,0.07,0.06,1.2,1.0,0.0,0.8,0.2,0.2,0.5,6.69,0.0,13.0,0.9,3.1,0.5,1581,24,Midfielder,0.7647058823529411,0.2051282051282051,0.0383386581469648,0.4166666666666667,0.4153354632587859,0.0666666666666666,43.579946937578335,66.7542346612271,41.88668239874144,32.04561968375864,45.141755085113104,True,False
934156,Jurgen Ekkelenkamp,8600,Udinese,ITA-Serie A,0.3,20.5,3.0,0.0,1.4,1.5,0.09,0.19,0.9,1.0,0.18,0.6,0.7,0.2,0.3,6.88,0.0,21.0,1.4,1.9,0.6,1463,21,Midfielder,0.7352941176470589,0.24,0.0146341463414634,0.6666666666666666,1.024390243902439,0.1357142857142857,32.37332680052262,40.72490034130603,48.27948764098873,77.32833873290137,45.09512614778816,True,False
1336582,Maximo Perrone,10171,Como,ITA-Serie A,2.0,66.6,3.0,0.0,0.8,2.0,0.1,0.06,1.5,3.0,0.1,0.8,0.2,0.1,0.2,7.18,0.0,23.0,0.5,1.8,0.4,1845,23,Midfielder,0.6341463414634148,0.3076923076923077,0.03003003003003,0.2666666666666666,0.3453453453453454,0.12,40.38096118977148,40.82213422926166,58.16126376556542,43.79989600831934,45.08478436113585,True,False
771294,Ismaila Sarr,9826,Crystal Palace,ENG-Premier League,0.3,14.2,3.0,0.0,1.4,0.6,0.04,0.41,0.6,1.0,0.33,0.5,0.7,0.1,0.5,6.94,0.0,14.0,1.8,0.7,0.5,1370,16,Midfielder,0.6666666666666667,0.4166666666666667,0.0211267605633802,0.8333333333333334,0.9859154929577464,0.2277777777777777,34.38142448604112,30.00126656534144,51.32246086979709,95.23639775484628,45.03182183921943,True,False
1107280,Pape Sarr,8586,Tottenham Hotspur,ENG-Premier League,1.2,35.5,2.0,0.0,3.4,0.9,0.09,0.11,2.2,3.0,0.19,0.8,0.5,0.6,0.4,6.78,0.0,6.0,0.8,1.9,0.6,930,17,Midfielder,0.5510204081632653,0.2962962962962963,0.0338028169014084,0.2727272727272727,0.1690140845070422,0.1374999999999999,39.67597592192624,51.65745906994108,30.363920886329097,74.69469942404608,44.98720015723008,True,False
643448,Kristijan Jakic,8406,FC Augsburg,GER-Bundesliga,3.1,34.9,2.0,0.0,2.8,1.3,0.1,0.05,1.0,1.0,0.08,0.9,0.3,0.4,0.5,6.86,0.0,12.0,0.8,2.1,0.3,1172,17,Midfielder,0.75,0.3,0.0888252148997134,0.3,0.3438395415472779,0.0625,48.36801389222196,64.4803832360078,40.51307562061702,29.20338039623496,44.94794157081564,True,False
956659,Himad Abdelli,8592,Marseille,FRA-Ligue 1,0.0,50.4,0.0,0.0,0.0,0.7,0.07,0.19,1.6,0.0,0.0,0.0,0.5,0.0,0.6,7.05,0.0,9.0,1.3,0.0,0.0,993,15,Midfielder,0.0,0.0,0.0,0.0,0.1785714285714285,0.1461538461538461,40.74957336746393,33.52873436791724,45.799302722448864,73.28602878436392,44.93763000819205,True,False
1157236,Yehor Yarmoliuk,9937,Brentford,ENG-Premier League,2.2,35.8,1.0,0.0,1.1,1.1,0.05,0.06,1.5,2.0,0.05,0.9,0.2,0.4,0.4,6.81,0.0,11.0,0.7,2.4,0.5,1880,26,Midfielder,0.6875,0.2727272727272727,0.0614525139664804,0.3333333333333333,0.3072625698324022,0.0857142857142857,56.30257912700316,64.29238160947125,29.84947870837,34.02102831773458,44.903690969485154,True,False
637756,Carles Alena,9866,Alavés,ESP-La Liga,1.1,33.9,6.0,0.0,1.3,2.3,0.14,0.11,1.5,4.0,0.0,0.5,0.2,0.1,0.3,6.67,0.0,24.0,1.3,1.7,0.7,1466,24,Midfielder,0.5945945945945946,0.2272727272727272,0.0324483775811209,0.4666666666666666,0.7079646017699115,0.0846153846153846,47.78885189184865,31.41632002773112,60.8571980908194,43.44026644535104,44.848021801162034,True,False
1024672,Nicolas Seiwald,178475,RB Leipzig,GER-Bundesliga,2.2,45.2,2.0,0.0,2.4,1.3,0.06,0.05,0.6,2.0,0.0,2.1,0.1,0.3,0.4,7.2,0.0,10.0,0.5,1.9,0.3,1855,22,Midfielder,0.8695652173913044,0.525,0.0486725663716814,0.5,0.2212389380530973,0.1,46.0124273391462,74.27569961069781,39.64197864170867,26.696430952190493,44.81296741283455,True,False
940829,Carlos Augusto,8636,Internazionale,ITA-Serie A,0.6,44.9,0.0,0.0,2.5,1.3,0.11,0.1,1.6,1.0,0.09,0.5,0.4,0.3,0.4,6.93,0.0,10.0,1.2,2.1,0.5,986,22,Midfielder,0.6190476190476191,0.1923076923076923,0.0133630289532293,0.3125,0.22271714922049,0.0833333333333333,44.39609831213503,40.29403481054849,39.0502926432552,61.608696304295655,44.80723114888253,True,False
408943,Takumi Minamino,9829,Monaco,FRA-Ligue 1,0.7,21.4,3.0,0.0,0.5,2.0,0.19,0.3,0.9,2.0,0.28,0.4,0.7,0.2,1.3,6.65,0.0,9.0,2.0,0.3,0.4,949,15,Midfielder,0.4374999999999999,0.5714285714285715,0.0327102803738317,0.4444444444444445,0.4205607476635514,0.15,29.33987780977522,34.2494433778631,54.411647068234544,91.24493373863424,44.65453690378776,True,False
1622889,Louis Leroux,9830,Nantes,FRA-Ligue 1,1.4,23.9,0.0,0.0,2.6,0.7,0.06,0.11,0.8,1.0,0.09,0.3,0.3,0.2,0.1,6.65,0.0,12.0,0.7,2.1,0.7,1019,14,Midfielder,0.7499999999999999,0.125,0.0585774058577405,0.8749999999999999,0.502092050209205,0.1571428571428571,54.63541666666666,33.726851851851855,32.41898148148148,67.06597222222223,44.28294704542373,True,False
598355,Denis Zakaria,9829,Monaco,FRA-Ligue 1,1.3,42.5,1.0,0.0,2.5,0.6,0.06,0.06,1.1,1.0,0.09,1.6,0.1,0.5,0.1,6.96,0.0,4.0,0.8,1.5,0.4,954,12,Midfielder,0.7380952380952381,0.5161290322580645,0.0305882352941176,0.3636363636363636,0.0941176470588235,0.075,46.57502399808016,52.02366310695144,30.226631869450443,54.05384235927793,44.27503484920384,True,False
1473806,Marco Palestra,8529,Cagliari,ITA-Serie A,0.8,21.7,6.0,0.0,1.3,2.4,0.11,0.05,1.3,4.0,0.04,0.6,0.1,0.1,0.1,7.11,0.0,21.0,0.7,1.9,1.8,2061,24,Midfielder,0.6578947368421053,0.24,0.0368663594470046,1.3846153846153846,0.967741935483871,0.0714285714285714,61.7650462962963,30.95486111111111,58.4837962962963,29.583333333333336,44.2459329285876,True,False
1280132,Nico González,8456,Manchester City,ENG-Premier League,1.9,67.7,1.0,0.0,2.6,1.0,0.07,0.04,1.8,0.0,0.07,1.4,0.1,0.4,0.7,7.17,0.0,8.0,0.8,2.4,0.7,1375,21,Midfielder,0.6785714285714286,0.3684210526315789,0.0280649926144756,0.3888888888888888,0.1181683899556868,0.0499999999999999,54.849537037037024,75.04629629629629,33.0787037037037,23.21180555555556,44.016257229217466,True,False
1209228,Daniel Svensson,9789,Borussia Dortmund,GER-Bundesliga,0.4,28.1,3.0,0.0,2.9,3.9,0.21,0.05,1.2,1.0,0.05,0.6,0.1,0.3,0.4,7.07,0.0,22.0,0.3,1.4,0.6,1695,22,Midfielder,0.625,0.3,0.0142348754448398,0.5,0.7829181494661921,0.1666666666666666,35.5150462962963,33.64583333333333,69.82638888888889,46.8287037037037,43.84942075479706,True,False
846761,Zakaria Aboukhlal,9941,Toulouse,FRA-Ligue 1,0.1,10.0,2.0,0.0,0.4,2.0,0.09,0.48,1.7,2.0,0.33,0.3,1.4,0.0,0.8,6.81,0.0,12.0,3.0,1.0,0.8,1907,26,Midfielder,0.4333333333333333,0.2307692307692307,0.01,0.4705882352941177,1.2,0.16,31.03671706263499,34.30885529157668,44.244060475162,96.15010799136068,43.59814282373762,False,False
1130583,Samu,8661,Mallorca,ESP-La Liga,2.8,33.0,0.0,0.0,3.4,0.8,0.04,0.1,2.5,0.0,0.22,1.0,0.5,0.6,0.4,6.91,0.0,10.0,1.1,2.1,0.5,1607,21,Midfielder,0.5535714285714286,0.3225806451612903,0.0848484848484848,0.2,0.303030303030303,0.0909090909090909,46.40405434231928,51.23855924859345,29.018478521718265,53.90784570567688,43.58781111502236,True,False
924431,Gianluca Busio,7881,Venezia,ITA-Serie A,1.2,24.5,1.0,0.0,1.7,1.8,0.06,0.09,0.9,0.0,0.07,0.7,0.2,0.3,0.3,6.76,0.0,28.0,1.3,1.6,0.5,2524,33,Midfielder,0.71875,0.3043478260869565,0.0489795918367346,0.5555555555555556,1.1428571428571428,0.0692307692307692,41.144708423326136,41.54967602591793,49.97840172786177,42.45140388768898,43.57226231097948,False,False
623716,Josh Cullen,8191,Burnley,ENG-Premier League,2.5,43.1,4.0,0.0,2.1,1.4,0.08,0.05,0.9,2.0,0.12,1.3,0.4,0.7,0.2,6.89,0.0,13.0,0.7,1.8,0.1,1519,18,Midfielder,0.775,0.4193548387096774,0.0580046403712296,0.1111111111111111,0.3016241299303944,0.0714285714285714,37.29745370370371,55.09259259259259,41.01851851851852,44.13194444444444,43.54844607856613,True,False
577911,Rolando Mandragora,8535,Fiorentina,ITA-Serie A,1.5,31.1,2.0,0.0,1.3,2.1,0.1,0.2,1.3,1.0,0.3,0.5,0.6,0.3,0.4,6.99,0.0,25.0,2.5,1.7,0.1,1793,25,Midfielder,0.6285714285714287,0.2272727272727272,0.0482315112540192,0.0769230769230769,0.8038585209003215,0.08,29.74389548836093,32.526097912167025,62.52418139882142,70.30852531797456,43.500169237151006,True,False
535936,Joelinton,10261,Newcastle United,ENG-Premier League,0.6,31.9,3.0,0.0,2.2,1.0,0.06,0.12,1.7,0.0,0.13,1.2,0.6,0.2,0.5,6.99,0.0,12.0,1.4,2.0,0.4,1366,19,Midfielder,0.6530612244897959,0.3749999999999999,0.018808777429467,0.2352941176470588,0.3761755485893417,0.0857142857142857,27.627714782817375,59.43730334906542,39.294039810148526,65.33348165480095,43.40373409914403,True,False
1185609,Robin Fellhauer,8406,FC Augsburg,GER-Bundesliga,0.9,23.0,3.0,0.0,2.3,1.5,0.08,0.06,0.9,1.0,0.05,0.7,0.2,0.2,0.5,7.05,0.0,17.0,1.0,2.3,0.5,1815,22,Midfielder,0.7692307692307693,0.2333333333333333,0.0391304347826087,0.5555555555555556,0.7391304347826086,0.06,37.5462962962963,63.11342592592592,46.11111111111112,31.21527777777778,43.37359374149814,True,False
1251334,Jack Hinshelwood,10204,Brighton and Hove Albion,ENG-Premier League,1.7,39.1,3.0,0.0,1.8,1.5,0.07,0.13,0.9,2.0,0.24,0.8,0.5,0.1,0.4,6.89,0.0,17.0,0.9,1.3,0.1,1846,26,Midfielder,0.7000000000000001,0.3809523809523809,0.0434782608695652,0.1111111111111111,0.4347826086956521,0.1444444444444444,31.78185745140389,41.86285097192225,40.6695464362851,77.14362850971922,43.24026309574664,False,False
950545,Oihan Sancet,8315,Athletic Club,ESP-La Liga,0.9,24.9,0.0,0.0,0.5,0.7,0.05,0.33,1.3,0.0,0.16,0.2,0.6,0.2,0.6,6.48,0.0,16.0,2.3,0.8,0.5,1152,17,Midfielder,0.4347826086956522,0.2,0.036144578313253,0.3846153846153846,0.642570281124498,0.1434782608695652,43.729709956536816,24.309763552249155,41.20920326373891,90.74342385942457,43.05164491080781,True,False
369742,Jackson Irvine,8152,FC St. Pauli,GER-Bundesliga,1.0,23.4,8.0,0.0,2.2,2.5,0.09,0.11,1.3,6.0,0.0,1.2,0.4,0.2,0.3,7.09,0.0,33.0,1.4,1.9,0.3,2610,29,Midfielder,0.7045454545454546,0.3870967741935484,0.0427350427350427,0.2307692307692307,1.4102564102564104,0.0785714285714285,25.61015118790497,53.32613390928727,59.816414686825055,47.18142548596112,42.975206643596415,False,False
820024,Sean Longstaff,8463,Leeds United,ENG-Premier League,1.2,33.7,6.0,0.0,1.0,1.3,0.13,0.08,1.0,2.0,0.1,1.0,0.2,0.5,0.5,0.0,0.0,21.0,1.2,3.5,0.0,939,16,Midfielder,0.8181818181818182,0.2222222222222222,0.0356083086053412,0.0,0.6231454005934718,0.0666666666666666,19.31712962962963,77.97453703703704,61.48148148148148,43.13078703703704,42.945190846455226,True,False
914458,Aurélien Tchouaméni,8633,Real Madrid,ESP-La Liga,1.9,59.6,4.0,0.0,2.0,2.4,0.12,0.08,1.0,0.0,0.0,1.2,0.2,0.5,0.3,7.42,0.0,18.0,1.2,2.5,0.0,1735,21,Midfielder,0.7872340425531915,0.3243243243243243,0.0318791946308724,0.0,0.3020134228187919,0.0666666666666666,33.88422259552569,62.61706563474922,45.0360471162307,35.424857678052426,42.79806409473184,True,False
684983,Atakan Karazor,10269,VfB Stuttgart,GER-Bundesliga,0.8,42.3,3.0,0.0,2.7,1.4,0.1,0.04,0.9,0.0,0.0,0.8,0.1,0.3,0.4,7.04,0.0,9.0,0.3,1.7,0.3,1344,20,Midfielder,0.7352941176470589,0.32,0.0189125295508274,0.3333333333333333,0.2127659574468085,0.1333333333333333,37.42490600751941,54.23687771644935,38.384562568327866,44.50283144015145,42.77978160904723,True,False
975242,Simon Sohm,10167,Parma,ITA-Serie A,1.2,31.3,2.0,0.0,1.1,2.1,0.06,0.09,0.6,0.0,0.12,0.8,0.4,0.1,0.2,6.66,0.0,20.0,1.0,0.8,0.5,2999,37,Midfielder,0.7272727272727273,0.5,0.0383386581469648,0.8333333333333334,0.6389776357827476,0.09,45.92332613390929,32.96436285097192,40.85313174946004,56.1501079913607,42.73636993022044,False,False
593118,Denzel Dumfries,8636,Internazionale,ITA-Serie A,0.8,22.1,6.0,0.0,1.0,2.8,0.13,0.24,2.5,2.0,0.32,0.3,0.9,0.4,0.6,7.01,0.0,21.0,1.7,1.2,0.6,1951,29,Midfielder,0.375,0.1999999999999999,0.0361990950226244,0.24,0.9502262443438914,0.1411764705882353,28.795896328293736,29.80561555075594,54.15766738660907,89.90280777537798,42.711354366388775,False,False
941656,Samuele Ricci,8564,Milan,ITA-Serie A,2.4,40.2,4.0,0.0,1.9,1.4,0.13,0.12,0.6,3.0,0.09,0.6,0.6,0.4,0.4,6.81,0.0,14.0,1.3,0.9,0.3,981,21,Midfielder,0.7142857142857143,0.3999999999999999,0.0597014925373134,0.5,0.3482587064676616,0.0923076923076923,45.381711129776285,31.69121470282377,44.60326507212756,51.27462303015758,42.32735587437181,True,False
1255855,Yassine Kechta,9746,Le Havre,FRA-Ligue 1,0.7,21.8,3.0,0.0,1.3,1.5,0.13,0.12,2.4,1.0,0.09,1.2,0.5,0.3,0.7,6.47,0.0,9.0,1.4,2.0,0.4,1015,20,Midfielder,0.5714285714285715,0.3749999999999999,0.0321100917431192,0.1666666666666666,0.4128440366972477,0.0857142857142857,27.256402821107645,62.491159040610086,36.440518091885984,60.378219742420605,42.283156746217486,True,False
909907,Cameron Puertas,8697,SV Werder Bremen,GER-Bundesliga,1.1,30.8,1.0,0.0,1.2,1.1,0.1,0.1,1.7,0.0,0.0,0.8,0.4,0.3,0.5,6.61,0.0,9.0,2.0,3.4,0.6,939,17,Midfielder,0.711864406779661,0.1904761904761904,0.0357142857142857,0.3529411764705882,0.2922077922077922,0.05,39.2650462962963,65.60763888888889,32.58101851851852,37.3900462962963,42.192261198792174,True,False
298915,Maximilian Arnold,8721,VfL Wolfsburg,GER-Bundesliga,3.8,41.7,11.0,0.0,3.5,3.9,0.2,0.02,0.9,4.0,0.05,1.2,0.3,0.6,0.2,6.94,0.0,28.0,0.6,1.1,0.2,1800,20,Midfielder,0.71875,0.5217391304347826,0.0911270983213429,0.2222222222222222,0.671462829736211,0.0333333333333333,42.87676985841133,38.4980451563875,77.99549369383783,21.402687784977203,42.1829869424245,True,False
1180481,Johann Lepenant,9830,Nantes,FRA-Ligue 1,2.1,31.1,2.0,0.0,1.0,1.1,0.08,0.03,1.0,1.0,0.0,0.9,0.1,0.2,0.7,6.97,0.0,15.0,0.7,3.8,0.5,1202,16,Midfielder,0.8245614035087719,0.1914893617021276,0.067524115755627,0.5,0.4823151125401929,0.0428571428571428,47.852430138922216,71.82481234834546,36.72679518971815,21.07021438284937,42.0745397088328,True,False
951918,Philipp Sander,9788,Borussia Mönchengladbach,GER-Bundesliga,2.3,41.9,0.0,0.0,3.8,1.4,0.09,0.05,1.0,0.0,0.07,1.7,0.3,0.3,0.2,6.82,0.0,5.0,1.0,2.9,0.1,1378,18,Midfielder,0.8214285714285714,0.3695652173913044,0.0548926014319809,0.1,0.1193317422434367,0.05,40.38474422046236,67.52603125083327,31.143758499320057,35.9323754099672,42.04099138752448,True,False
664587,Lassana Coulibaly,9888,Lecce,ITA-Serie A,1.7,22.4,1.0,0.0,1.2,0.8,0.04,0.09,1.0,1.0,0.1,0.2,0.3,0.2,0.6,6.94,0.0,15.0,0.8,1.6,0.7,1736,21,Midfielder,0.6428571428571429,0.1111111111111111,0.0758928571428571,0.7,0.6696428571428572,0.1124999999999999,53.064654827613786,36.2674569367784,31.623736767725248,50.75552289150201,42.016593298016986,True,False
198559,Marten de Roon,8524,Atalanta,ITA-Serie A,3.3,52.4,0.0,0.0,2.5,1.0,0.05,0.04,1.3,1.0,0.05,0.6,0.2,0.2,0.3,7.12,0.0,14.0,0.6,2.7,0.1,1707,21,Midfielder,0.717391304347826,0.1818181818181818,0.0629770992366412,0.0769230769230769,0.2671755725190839,0.0666666666666666,42.59439244860412,52.68182712049704,43.004826280564224,30.05840366104045,41.99459695935237,True,False
1193815,Julian Niehues,94937,1. FC Heidenheim 1846,GER-Bundesliga,2.1,34.0,1.0,0.0,2.5,0.8,0.07,0.11,0.7,0.0,0.27,1.4,0.5,0.4,0.2,6.72,0.0,3.0,1.5,1.1,0.4,994,17,Midfielder,0.78125,0.5599999999999999,0.0617647058823529,0.5714285714285715,0.088235294117647,0.0733333333333333,51.11111111111112,47.1238425925926,21.319444444444443,62.482638888888886,41.89967114147393,True,False
1191093,Lorenzo Bernasconi,8524,Atalanta,ITA-Serie A,1.6,33.1,3.0,0.0,2.5,2.4,0.22,0.03,0.6,2.0,0.0,0.8,0.1,0.3,0.0,7.13,0.0,16.0,0.6,2.1,0.5,1005,15,Midfielder,0.8285714285714285,0.2758620689655172,0.0483383685800604,0.8333333333333334,0.4833836858006042,0.05,52.76620370370371,48.48958333333334,61.29629629629631,15.312500000000002,41.878068873638746,True,False
530197,Manolis Saliakas,8152,FC St. Pauli,GER-Bundesliga,2.7,29.1,4.0,0.0,2.0,2.9,0.11,0.06,0.7,1.0,0.08,0.8,0.2,0.3,0.2,6.91,0.0,26.0,1.1,1.8,0.1,2323,30,Midfielder,0.787878787878788,0.3076923076923077,0.0927835051546391,0.1428571428571428,0.8934707903780068,0.0545454545454545,33.4719222462203,47.953563714902806,57.48380129589632,33.207343412527,41.854543998302525,False,False
1226189,Martim Neto,10268,Elche,ESP-La Liga,0.7,35.5,3.0,0.0,0.9,1.5,0.13,0.07,1.2,4.0,0.17,0.2,0.3,0.1,0.3,6.78,0.0,20.0,1.0,1.1,1.5,1076,20,Midfielder,0.52,0.1538461538461538,0.0197183098591549,1.25,0.5633802816901409,0.07,65.15046296296296,15.017361111111112,61.2037037037037,48.177083333333336,41.83947098144555,True,False
1609213,Mateus Mane,8602,Wolverhampton Wanderers,ENG-Premier League,0.3,15.5,2.0,0.0,1.4,1.3,0.12,0.11,1.5,1.0,0.18,0.2,1.1,0.1,0.4,6.67,0.0,10.0,2.5,1.6,1.5,987,16,Midfielder,0.5454545454545455,0.1111111111111111,0.0193548387096774,1.0,0.6451612903225806,0.044,50.49189814814815,26.11689814814815,42.37268518518519,55.26041666666666,41.730273946439794,True,False
1002673,Jan Schöppner,94937,1. FC Heidenheim 1846,GER-Bundesliga,1.0,19.2,3.0,0.0,3.5,0.6,0.04,0.08,1.0,1.0,0.06,1.5,0.3,0.4,0.3,6.45,0.0,6.0,1.1,1.0,0.6,1426,20,Midfielder,0.7142857142857143,0.6,0.0520833333333333,0.6,0.3125,0.0727272727272727,43.94742587259686,52.04069507772712,27.042269951737197,50.17842739247527,41.694618075827,True,False
295067,Will Hughes,9826,Crystal Palace,ENG-Premier League,1.2,32.5,1.0,0.0,1.7,1.6,0.13,0.08,1.2,0.0,0.0,0.9,0.0,0.4,0.0,6.61,0.0,18.0,1.2,1.6,0.8,1159,23,Midfielder,0.6756756756756757,0.36,0.0369230769230769,0.6666666666666667,0.5538461538461539,0.0666666666666666,42.11422252886436,41.10282844039144,58.78209743220543,27.17174292723249,41.68034761625343,True,False
488415,Hassane Kamara,8600,Udinese,ITA-Serie A,1.3,27.3,3.0,0.0,3.1,0.9,0.07,0.03,0.8,1.0,0.0,1.2,0.3,0.3,0.2,6.92,0.0,13.0,1.0,2.0,1.0,1057,15,Midfielder,0.8,0.3749999999999999,0.0476190476190476,1.25,0.4761904761904761,0.03,59.00292976561875,54.371441951310565,42.19505772871504,17.464652827773776,41.67275123252494,True,False
620618,Rodrigo Bentancur,8586,Tottenham Hotspur,ENG-Premier League,1.0,39.8,1.0,0.0,2.5,0.7,0.04,0.03,1.0,1.0,0.06,1.4,0.1,0.4,0.3,7.02,0.0,9.0,0.6,2.4,0.8,1415,20,Midfielder,0.7916666666666666,0.3684210526315789,0.0251256281407035,0.8,0.2261306532663316,0.05,51.53896021651602,69.19331453483721,27.0381036183772,27.28616710663147,41.575673515282375,True,False
1000428,Isak Bergmann Johannesson,8722,1. FC Köln,GER-Bundesliga,2.6,35.9,1.0,0.0,0.9,2.6,0.2,0.05,0.6,1.0,0.08,0.2,0.1,0.4,0.1,6.66,0.0,20.0,0.4,1.4,0.2,1186,20,Midfielder,0.7272727272727273,0.125,0.0724233983286908,0.3333333333333333,0.5571030640668524,0.125,43.94675925925925,21.52199074074074,68.26388888888889,46.782407407407405,41.55879400058835,True,False
846000,Maxence Caqueret,10171,Como,ITA-Serie A,0.4,51.8,2.0,0.0,0.3,1.4,0.14,0.1,1.3,4.0,0.1,0.7,0.3,0.3,0.4,6.91,0.0,18.0,1.2,2.5,1.2,939,20,Midfielder,0.7111111111111111,0.2187499999999999,0.0077220077220077,0.923076923076923,0.3474903474903475,0.0833333333333333,45.67589592832574,37.60620817001306,43.484487907634055,37.93827327147161,41.41141887642062,True,False
792756,Michel Aebischer,6479,Pisa,ITA-Serie A,3.4,40.6,5.0,0.0,1.0,1.7,0.08,0.02,1.2,1.0,0.05,1.1,0.0,0.2,0.4,6.95,0.0,25.0,0.5,2.2,0.3,1984,24,Midfielder,0.7333333333333334,0.3333333333333333,0.083743842364532,0.25,0.6157635467980296,0.04,47.789351851851855,62.945601851851855,59.629629629629626,12.517361111111107,41.39127209373707,True,False
1080983,Ilia Gruev,8463,Leeds United,ENG-Premier League,1.5,37.6,2.0,0.0,1.0,0.8,0.07,0.03,0.7,3.0,0.0,1.1,0.1,0.4,0.4,6.82,0.0,10.0,0.4,1.8,0.5,1022,17,Midfielder,0.8055555555555556,0.3793103448275862,0.0398936170212765,0.7142857142857143,0.2659574468085106,0.075,52.80671296296296,63.177083333333336,32.91666666666667,22.53472222222222,41.38767572835202,True,False
1185748,Amadou Onana,10252,Aston Villa,ENG-Premier League,2.0,36.6,0.0,0.0,3.5,0.3,0.02,0.04,1.2,0.0,0.16,1.4,0.2,0.9,0.2,7.07,0.0,3.0,0.6,2.6,0.5,1146,17,Midfielder,0.7692307692307692,0.35,0.0546448087431694,0.4166666666666667,0.081967213114754,0.0666666666666666,50.3298736101112,62.52653954350318,19.16641668666507,47.98923586113112,41.34546196052958,True,False
1513317,Adama Camara,6379,Paris FC,FRA-Ligue 1,1.6,34.9,1.0,0.0,2.0,0.6,0.04,0.11,1.2,0.0,0.06,1.1,0.2,0.5,0.2,6.8,0.0,9.0,0.9,2.1,0.4,1470,19,Midfielder,0.7272727272727273,0.34375,0.0458452722063037,0.3333333333333333,0.2578796561604584,0.1222222222222222,41.26736111111112,52.106481481481495,24.814814814814817,58.08449074074074,41.24722572616175,True,False
801120,Jens-Lys Cajuste,9902,Ipswich Town,ENG-Premier League,1.1,28.6,0.0,0.0,1.5,0.7,0.03,0.03,1.1,1.0,0.05,1.3,0.0,0.5,0.5,6.59,0.0,13.0,0.5,2.0,1.3,1976,30,Midfielder,0.7499999999999999,0.393939393939394,0.0384615384615384,1.1818181818181817,0.4545454545454545,0.06,61.65226781857451,69.61663066954642,24.794816414686824,21.857451403887683,41.1313624558256,False,False
1598170,Samir El Mourabet,9848,Strasbourg,FRA-Ligue 1,1.4,52.9,2.0,0.0,1.0,1.4,0.09,0.02,1.1,0.0,0.0,1.0,0.0,0.6,0.8,6.71,0.0,16.0,0.6,3.3,0.7,1376,22,Midfielder,0.7962962962962962,0.2325581395348837,0.0264650283553875,0.6363636363636362,0.3024574669187145,0.0333333333333333,57.67361111111111,85.12731481481482,47.95138888888889,7.783564814814815,40.66739780633552,True,False
813055,Mousa Tamari,9851,Rennes,FRA-Ligue 1,0.5,21.0,4.0,0.0,0.3,2.9,0.19,0.19,0.9,3.0,0.2,0.5,1.0,0.1,1.0,6.93,0.0,21.0,2.3,1.2,1.3,1365,21,Midfielder,0.6538461538461539,0.2941176470588235,0.0238095238095238,1.4444444444444444,1.0,0.0826086956521739,37.19595765672079,31.039850145321708,46.09802882436072,55.53272404874278,40.640497118648334,True,False
902651,Raoul Bellanova,8524,Atalanta,ITA-Serie A,1.1,29.9,1.0,0.0,1.6,1.4,0.13,0.03,0.1,1.0,0.0,0.6,0.2,0.2,0.4,6.87,0.0,17.0,0.9,1.2,0.4,1001,15,Midfielder,0.9473684210526316,0.3333333333333333,0.0367892976588628,4.0,0.5685618729096991,0.0333333333333333,51.35950790603419,41.44141801989175,59.87274351385222,16.655317574594033,40.379671489527325,True,False
423812,Phillipp Mwene,9905,1. FSV Mainz 05,GER-Bundesliga,1.2,18.9,1.0,0.0,2.0,1.4,0.11,0.04,1.2,0.0,0.0,0.4,0.0,0.3,0.6,6.43,0.0,10.0,0.3,0.9,0.5,1113,17,Midfielder,0.52,0.3076923076923077,0.0634920634920634,0.4166666666666667,0.5291005291005292,0.1333333333333333,45.64598165480095,35.50716775991254,44.46394288456924,34.973818761165774,40.37851820632577,True,False
866516,Teun Koopmeiners,9885,Juventus,ITA-Serie A,2.0,55.2,0.0,0.0,2.1,1.1,0.07,0.07,1.7,0.0,0.0,1.2,0.3,0.4,0.3,6.83,0.0,16.0,1.4,1.5,0.1,1354,22,Midfielder,0.6136363636363636,0.4444444444444444,0.036231884057971,0.0588235294117647,0.2898550724637681,0.05,33.17989560835133,36.60499660027198,54.00841266032052,42.560170186385086,40.3704529181546,True,False
936164,Michel Ndary Adopo,8529,Cagliari,ITA-Serie A,0.6,25.6,1.0,0.0,1.4,0.4,0.02,0.07,1.1,1.0,0.05,0.9,0.4,0.2,0.4,6.73,0.0,18.0,0.9,1.7,0.5,2000,25,Midfielder,0.7027027027027027,0.3461538461538461,0.0234374999999999,0.4545454545454545,0.703125,0.0777777777777777,35.72619190464763,52.92809908540651,38.03060755139589,37.02992927232488,40.32380301707818,True,False
215151,Marcel Sabitzer,9789,Borussia Dortmund,GER-Bundesliga,1.5,33.3,2.0,0.0,2.2,1.0,0.1,0.08,1.0,1.0,0.1,1.2,0.3,0.1,0.6,6.93,0.0,8.0,1.2,1.2,0.1,939,15,Midfielder,0.7058823529411765,0.5,0.045045045045045,0.1,0.2402402402402402,0.0666666666666666,30.502334813214944,56.86014285523825,34.04855944857744,47.95012232354745,40.10370908434771,True,False
707970,Djibril Sow,8302,Sevilla,ESP-La Liga,1.4,33.8,1.0,0.0,0.5,0.9,0.06,0.07,1.7,0.0,0.21,1.0,0.3,0.1,0.1,6.61,0.0,13.0,0.9,1.7,0.3,1309,20,Midfielder,0.6136363636363636,0.3703703703703703,0.0414201183431952,0.1764705882352941,0.3846153846153846,0.0777777777777777,33.80814534837213,41.2917966562675,37.78696037650321,53.81117010639148,40.10350450396715,True,False
785511,Fran Beltrán,9910,Celta de Vigo,ESP-La Liga,2.9,48.6,4.0,0.0,1.2,1.8,0.07,0.04,1.3,1.0,0.07,1.0,0.1,0.2,0.3,6.73,0.0,15.0,0.9,1.9,0.4,2426,34,Midfielder,0.6904761904761905,0.3448275862068966,0.0596707818930041,0.3076923076923077,0.3086419753086419,0.0444444444444444,50.90712742980562,48.245140388768895,38.76889848812095,22.5,39.85238710490207,False,False
1352713,Carlos Baleba,10204,Brighton and Hove Albion,ENG-Premier League,1.6,33.7,0.0,0.0,1.6,0.3,0.02,0.03,1.9,0.0,0.0,1.7,0.0,0.2,0.4,6.55,0.0,4.0,0.9,2.0,0.7,1191,21,Midfielder,0.6607142857142858,0.4594594594594594,0.0474777448071216,0.3684210526315789,0.1186943620178041,0.0333333333333333,56.80845532357412,69.58030024264725,22.97727848438792,23.16282197424206,39.831660314220265,True,False
845998,Antonio Blanco,9866,Alavés,ESP-La Liga,3.3,51.3,1.0,0.0,1.2,0.9,0.04,0.03,2.0,1.0,0.05,1.8,0.4,0.3,0.1,7.04,0.0,12.0,1.1,3.0,0.7,1874,22,Midfielder,0.7058823529411765,0.375,0.0643274853801169,0.35,0.2339181286549707,0.0272727272727272,57.87800309308589,56.56710796469616,33.16478015092126,18.35649814681492,39.794431350733255,True,False
1289942,Samuele Angori,6479,Pisa,ITA-Serie A,1.9,16.5,3.0,0.0,2.7,2.7,0.16,0.03,0.5,1.0,0.0,0.8,0.1,0.3,0.1,6.66,0.0,21.0,0.4,1.7,0.2,1524,22,Midfielder,0.8333333333333334,0.32,0.1151515151515151,0.4,1.2727272727272727,0.075,34.80324074074074,44.17824074074075,66.29629629629629,22.53472222222222,39.78604491414756,True,False
1323827,Jon Gorrotxategi,8560,Real Sociedad,ESP-La Liga,1.4,44.1,2.0,0.0,1.7,0.4,0.02,0.04,1.2,3.0,0.05,1.7,0.1,0.5,0.4,6.89,0.0,12.0,0.6,2.0,0.4,1706,22,Midfielder,0.7551020408163265,0.4594594594594594,0.0317460317460317,0.3333333333333333,0.2721088435374149,0.0666666666666666,41.3599537037037,67.84722222222223,29.942129629629637,26.707175925925924,39.55972792992768,True,False
321140,Valentino Lazaro,9804,Torino,ITA-Serie A,1.5,26.4,3.0,0.0,2.0,2.6,0.13,0.02,1.5,2.0,0.0,0.9,0.1,0.4,0.5,6.73,0.0,22.0,0.3,1.9,0.5,1778,24,Midfielder,0.6511627906976744,0.3214285714285714,0.0568181818181818,0.3333333333333333,0.8333333333333334,0.0666666666666666,39.58123350131989,41.88910720475696,63.40426099245394,19.916090046129643,39.36792284165502,True,False
956659,Himad Abdelli,8121,Angers,FRA-Ligue 1,1.9,0.0,0.0,0.0,1.0,0.0,0.0,0.0,0.0,0.0,0.18,1.3,0.0,0.3,0.0,0.0,0.0,0.0,0.0,1.9,1.4,993,15,Midfielder,1.0,0.40625,0.0,0.0,0.0,0.0,44.3645425032664,55.99401214569502,24.163500253313064,38.8300102658454,39.33414019329055,True,False
836797,Alex Kral,8558,Espanyol,ESP-La Liga,1.2,19.7,3.0,0.0,1.5,1.6,0.05,0.05,1.0,1.0,0.0,0.9,0.1,0.5,0.2,6.73,0.0,12.0,0.7,1.8,1.0,2710,37,Midfielder,0.7297297297297297,0.3333333333333333,0.0609137055837563,1.0,0.6091370558375635,0.0714285714285714,59.35745140388769,45.99352051835853,27.775377969762417,26.79805615550756,39.28731871043136,False,False
603537,Angelino,8686,Roma,ITA-Serie A,2.6,37.5,7.0,0.0,2.5,4.0,0.11,0.03,0.9,1.0,0.06,0.8,0.1,0.3,0.1,7.1,0.0,50.0,0.7,1.3,0.3,3179,38,Midfielder,0.7000000000000001,0.3809523809523809,0.0693333333333333,0.3333333333333333,1.3333333333333333,0.0428571428571428,45.988120950323975,31.268898488120957,73.82289416846652,18.53671706263499,39.19459454496719,False,False
762028,Ylber Ramadani,9888,Lecce,ITA-Serie A,2.4,34.1,0.0,0.0,1.5,1.0,0.04,0.03,1.4,0.0,0.04,1.4,0.2,0.3,0.6,6.96,0.0,12.0,0.9,2.5,0.3,2076,24,Midfielder,0.7358490566037736,0.358974358974359,0.0703812316715542,0.2142857142857143,0.3519061583577712,0.0333333333333333,45.457530064261526,77.54738787563663,30.8575313974882,18.01734194597765,39.18789925210629,True,False
824623,Martin Frese,9876,Verona,ITA-Serie A,1.3,20.9,1.0,0.0,3.2,1.4,0.08,0.1,1.6,0.0,0.06,0.9,0.4,0.3,0.1,6.86,0.0,20.0,0.9,2.8,0.0,1477,19,Midfielder,0.6981132075471698,0.2432432432432432,0.062200956937799,0.0,0.9569377990430624,0.1111111111111111,19.40972222222222,48.82523148148148,52.56944444444444,58.67476851851851,39.12375202720201,True,False
795371,Ibrahim Sangaré,10203,Nottingham Forest,ENG-Premier League,1.6,36.3,1.0,0.0,2.3,1.3,0.09,0.07,1.7,2.0,0.14,1.0,0.3,0.8,0.2,6.91,0.0,6.0,0.9,2.6,0.3,1320,18,Midfielder,0.679245283018868,0.2777777777777778,0.0440771349862259,0.1764705882352941,0.1652892561983471,0.0777777777777777,34.14930555555556,51.35416666666666,29.34027777777778,48.48958333333333,39.05298460851938,True,False
506776,Stefano Moreo,6479,Pisa,ITA-Serie A,0.5,12.5,3.0,0.0,2.4,1.0,0.07,0.25,1.1,1.0,0.34,0.9,0.8,0.3,0.5,6.88,0.0,14.0,2.4,0.8,0.3,1319,24,Midfielder,0.6071428571428571,0.5294117647058824,0.04,0.2727272727272727,1.12,0.1041666666666666,20.94907407407408,38.11342592592592,45.37037037037037,84.23611111111111,38.98627031304402,True,False
1269497,Yannik Engelhardt,9788,Borussia Mönchengladbach,GER-Bundesliga,1.0,40.2,1.0,0.0,1.8,1.1,0.06,0.07,1.6,1.0,0.12,1.0,0.3,0.4,0.3,6.91,0.0,9.0,0.9,2.0,0.2,1561,20,Midfielder,0.6521739130434783,0.3333333333333333,0.0248756218905472,0.125,0.2238805970149253,0.0777777777777777,35.19851745193718,47.4175732608058,33.48223808761966,42.69779250993253,38.92484097742817,True,False
689987,Jakub Piotrowski,8600,Udinese,ITA-Serie A,1.0,22.2,1.0,0.0,2.1,0.4,0.03,0.14,1.6,1.0,0.08,1.0,0.4,0.3,0.3,6.66,0.0,10.0,1.9,2.5,0.5,1073,21,Midfielder,0.6862745098039216,0.2857142857142857,0.045045045045045,0.3125,0.4504504504504504,0.0736842105263158,33.5474537037037,55.50925925925926,23.95833333333333,56.86342592592592,38.87048698954719,True,False
540963,Sander Berge,9879,Fulham,ENG-Premier League,1.7,48.3,3.0,0.0,1.6,1.1,0.04,0.05,1.0,1.0,0.0,0.7,0.1,0.6,0.2,6.64,0.0,15.0,0.4,1.8,0.3,2166,26,Midfielder,0.7142857142857143,0.2799999999999999,0.0351966873706004,0.3,0.3105590062111801,0.125,42.49484207930033,39.51477215156121,37.22372210223182,35.065261445751005,38.848217986377634,True,False
729769,Tyler Adams,8678,Bournemouth,ENG-Premier League,1.5,45.1,0.0,0.0,1.9,0.3,0.02,0.04,1.6,1.0,0.15,1.6,0.4,0.4,0.3,6.95,0.0,2.0,0.6,2.6,0.3,1202,15,Midfielder,0.7241379310344827,0.3809523809523809,0.0332594235033259,0.1874999999999999,0.0443458980044345,0.0666666666666666,32.258819294456444,70.01510712476335,23.91457016771992,43.44904907607391,38.56152314158368,True,False
179410,Idrissa Gana Gueye,8668,Everton,ENG-Premier League,1.0,39.9,1.0,0.0,0.8,0.8,0.05,0.08,0.8,1.0,0.13,1.1,0.3,0.3,0.2,6.97,0.0,9.0,1.2,2.1,0.1,1405,17,Midfielder,0.8,0.34375,0.025062656641604,0.125,0.2255639097744361,0.0666666666666666,32.054252326480544,61.32706050182653,31.74529370983655,35.73689938138282,38.434562676167445,True,False
604982,Ruben Loftus-Cheek,8564,Milan,ITA-Serie A,0.3,26.6,3.0,0.0,1.3,0.9,0.08,0.28,1.8,1.0,0.27,0.4,0.5,0.1,0.4,6.7,0.0,9.0,2.6,1.0,0.8,1014,22,Midfielder,0.4374999999999999,0.2857142857142857,0.0112781954887218,0.4444444444444445,0.3383458646616541,0.1076923076923077,42.69800082660054,24.43562015038797,33.264305522224895,67.41683998613445,38.22754404627704,True,False
992060,Tom Krauss,8722,1. FC Köln,GER-Bundesliga,1.9,38.3,2.0,0.0,2.8,1.0,0.07,0.03,1.3,1.0,0.0,1.6,0.1,0.4,0.5,7.04,0.0,9.0,0.6,3.3,0.4,1209,18,Midfielder,0.7903225806451614,0.3265306122448979,0.0496083550913838,0.3076923076923077,0.2349869451697128,0.05,43.79050925925925,83.33912037037038,30.856481481481485,15.312500000000002,38.19196888120555,True,False
1210943,Jackson Tchatchoua,8602,Wolverhampton Wanderers,ENG-Premier League,0.8,20.0,2.0,0.0,3.0,1.1,0.07,0.02,0.4,0.0,0.0,0.7,0.0,0.5,0.2,6.38,0.0,14.0,0.1,1.5,0.2,1338,24,Midfielder,0.8461538461538461,0.3181818181818181,0.04,0.5,0.7,0.1999999999999999,30.921376289896813,40.511109111271104,47.20002399808016,37.3445207716716,38.18581912545227,True,False
1239595,Dario Essugo,8306,Las Palmas,ESP-La Liga,2.0,37.4,0.0,0.0,1.9,0.7,0.03,0.03,1.7,0.0,0.05,1.9,0.2,0.5,0.3,6.8,0.0,13.0,1.1,2.7,0.6,1952,27,Midfielder,0.7301587301587301,0.4130434782608695,0.053475935828877,0.3529411764705882,0.3475935828877005,0.0272727272727272,49.77321814254859,68.16414686825054,27.602591792656582,18.342332613390926,38.055382891189,False,False
413525,Laurent Abergel,8689,Lorient,FRA-Ligue 1,4.2,56.6,2.0,0.0,1.8,0.8,0.04,0.03,1.1,0.0,0.05,1.0,0.2,0.2,0.4,6.98,0.0,14.0,0.9,1.5,0.3,1826,21,Midfielder,0.6944444444444444,0.4,0.0742049469964664,0.2727272727272727,0.2473498233215547,0.0333333333333333,53.622685185185176,48.414351851851855,36.59722222222223,17.30324074074074,37.89096087425449,True,False
827315,Nicolás Dominguez,10203,Nottingham Forest,ENG-Premier League,1.0,37.1,2.0,0.0,2.4,1.6,0.07,0.07,1.5,1.0,0.0,1.3,0.4,0.5,0.4,6.79,0.0,13.0,1.0,3.9,0.1,1970,34,Midfielder,0.7761194029850746,0.25,0.0269541778975741,0.0666666666666666,0.3504043126684636,0.07,23.272138228941685,76.26349892008639,34.38444924406048,36.93844492440604,37.86311213780075,False,False
1422593,Joshua King,9879,Fulham,ENG-Premier League,0.2,18.4,0.0,0.0,1.1,0.4,0.04,0.13,0.8,1.0,0.0,0.2,0.7,0.2,0.3,6.45,0.0,8.0,1.8,2.0,1.1,919,21,Midfielder,0.7333333333333334,0.0909090909090909,0.0108695652173913,1.375,0.4347826086956522,0.0722222222222222,48.362268518518526,38.07291666666667,21.59722222222222,52.21643518518518,37.815248123357605,True,False
115067,Nemanja Matic,7943,Sassuolo,ITA-Serie A,4.1,49.7,1.0,0.0,1.7,1.0,0.04,0.01,0.9,1.0,0.04,0.8,0.2,0.4,0.5,7.06,0.0,19.0,0.4,1.6,0.3,2011,23,Midfielder,0.7272727272727273,0.3333333333333333,0.0824949698189134,0.3333333333333333,0.3822937625754526,0.0249999999999999,53.91782407407408,52.02546296296296,45.13888888888889,11.93287037037037,37.80597095095509,True,False
767013,Antoine Bernede,9876,Verona,ITA-Serie A,1.0,26.3,2.0,0.0,0.7,1.1,0.06,0.05,2.3,2.0,0.05,0.4,0.1,0.3,0.3,6.78,0.0,20.0,0.8,2.8,0.7,1810,24,Midfielder,0.5818181818181818,0.125,0.0380228136882129,0.3043478260869565,0.7604562737642585,0.0625,37.99768518518519,37.77777777777778,47.164351851851855,27.835648148148145,37.63223215673959,True,False
850295,Alessio Zerbin,7801,Cremonese,ITA-Serie A,0.8,18.8,4.0,0.0,1.7,1.7,0.14,0.12,1.5,2.0,0.0,0.2,0.6,0.2,0.1,6.52,0.0,11.0,1.4,2.5,0.5,1084,20,Midfielder,0.6428571428571429,0.074074074074074,0.0425531914893617,0.3333333333333333,0.5851063829787234,0.0857142857142857,30.86805555555556,29.06828703703704,45.833333333333336,54.36921296296296,37.590111341206914,True,False
586474,Kingsley Ehizibue,8600,Udinese,ITA-Serie A,0.9,19.7,3.0,0.0,2.1,1.8,0.07,0.04,1.2,1.0,0.0,0.8,0.1,0.5,0.4,6.75,0.0,22.0,0.5,2.0,0.4,2510,33,Midfielder,0.7,0.2857142857142857,0.0456852791878172,0.3333333333333333,1.116751269035533,0.08,29.61663066954644,51.44708423326134,46.58747300215984,27.510799136069117,37.52051718787811,False,False
1112702,Arkadiusz Pyrka,8152,FC St. Pauli,GER-Bundesliga,1.1,25.2,5.0,0.0,2.7,1.2,0.07,0.03,0.7,1.0,0.0,0.9,0.2,0.5,0.5,6.87,0.0,16.0,0.7,1.2,0.6,1502,19,Midfielder,0.7500000000000001,0.4285714285714285,0.0436507936507936,0.8571428571428572,0.6349206349206349,0.0428571428571428,47.97453703703704,51.62037037037037,42.083333333333336,15.069444444444446,37.51072845122017,True,False
1235086,Kristoffer Lund Hansen,8722,1. FC Köln,GER-Bundesliga,1.5,25.0,3.0,0.0,4.7,1.5,0.1,0.03,0.5,1.0,0.0,1.4,0.1,0.3,0.3,6.67,0.0,13.0,0.9,1.4,0.5,1347,21,Midfielder,0.8484848484848485,0.5,0.06,1.0,0.52,0.0333333333333333,52.24537037037037,57.89930555555556,42.30324074074074,11.354166666666666,37.4720234410457,True,False
262592,Moi Gomez,8371,Osasuna,ESP-La Liga,4.3,56.0,1.0,0.0,0.7,1.0,0.1,0.03,1.3,0.0,0.0,0.9,0.2,0.1,0.7,6.7,0.0,7.0,0.8,1.2,0.4,910,17,Midfielder,0.6176470588235293,0.4285714285714285,0.0767857142857142,0.3076923076923077,0.125,0.0375,57.9224537037037,48.263888888888886,37.37268518518519,14.20138888888889,37.4424624689022,True,False
524434,Joao Palhinha,8586,Tottenham Hotspur,ENG-Premier League,1.5,34.4,1.0,0.0,2.2,0.6,0.03,0.06,1.0,2.0,0.18,1.1,0.3,0.5,0.1,6.97,0.0,5.0,1.1,4.9,0.4,1517,23,Midfielder,0.8571428571428571,0.1833333333333333,0.0436046511627907,0.4,0.1453488372093023,0.0545454545454545,41.91550925925927,64.73958333333333,17.118055555555557,41.64351851851851,37.30594024739231,True,False
860260,Derrick Köhn,8149,1. FC Union Berlin,GER-Bundesliga,1.2,20.1,3.0,0.0,1.9,2.3,0.17,0.05,1.6,1.0,0.0,0.4,0.1,0.3,0.3,6.57,0.0,16.0,1.1,1.7,0.6,1258,20,Midfielder,0.5675675675675675,0.1904761904761904,0.0597014925373134,0.3749999999999999,0.7960199004975124,0.0454545454545454,46.30096258965949,26.571715929392315,54.87895968322534,24.85887795643015,37.13040430383517,True,False
556972,Sasa Lukic,9879,Fulham,ENG-Premier League,0.5,29.9,1.0,0.0,1.9,1.4,0.1,0.13,2.8,2.0,0.07,0.8,0.2,0.5,0.2,6.78,0.0,22.0,0.9,2.6,0.1,1212,19,Midfielder,0.5483870967741936,0.2352941176470588,0.0167224080267558,0.0357142857142857,0.7357859531772576,0.1444444444444444,19.65976888515585,43.14651494547103,54.027427805775545,49.82453903687704,37.10668724808672,True,False
156008,Jordan Henderson,9937,Brentford,ENG-Premier League,3.7,42.3,6.0,0.0,1.4,2.2,0.13,0.02,0.7,3.0,0.06,0.8,0.1,0.4,0.2,6.76,0.0,14.0,0.4,1.3,0.2,1497,24,Midfielder,0.7500000000000001,0.3809523809523809,0.0874704491725768,0.2857142857142857,0.3309692671394799,0.0499999999999999,47.57523148148148,36.539351851851855,50.833333333333336,17.557870370370367,37.09676148798118,True,False
921594,Domagoj Bradaric,9876,Verona,ITA-Serie A,0.7,18.8,4.0,0.0,1.9,1.9,0.11,0.03,0.4,0.0,0.0,0.4,0.3,0.1,0.3,6.57,0.0,17.0,0.5,1.4,0.2,1539,20,Midfielder,0.8181818181818182,0.2222222222222222,0.0372340425531914,0.5,0.904255319148936,0.06,32.22743847158894,37.48814261525745,53.85277511132443,28.328533717302616,37.08412689263205,True,False
678192,Jon Guridi,9866,Alavés,ESP-La Liga,0.8,23.1,2.0,0.0,0.6,1.1,0.05,0.18,1.5,1.0,0.13,0.6,0.5,0.0,0.5,6.55,0.0,17.0,1.0,1.7,0.3,2097,33,Midfielder,0.6052631578947368,0.2608695652173913,0.0346320346320346,0.1999999999999999,0.7359307359307359,0.18,20.83693304535637,42.88876889848812,34.81641468682505,78.93088552915766,37.0366280942712,False,False
1343053,Abdoul Ouattara,9848,Strasbourg,FRA-Ligue 1,0.2,33.3,4.0,0.0,1.4,0.8,0.07,0.14,0.6,0.0,0.16,0.7,0.3,0.0,0.2,6.72,0.0,4.0,1.2,1.4,0.4,1124,18,Midfielder,0.7777777777777777,0.3333333333333333,0.006006006006006,0.6666666666666667,0.1201201201201201,0.1166666666666666,36.84027777777778,37.82407407407408,21.62037037037037,70.39351851851852,36.94547565049047,True,False
839038,Elvis Rexhbecaj,8406,FC Augsburg,GER-Bundesliga,1.0,26.1,1.0,0.0,1.4,1.1,0.1,0.04,1.2,0.0,0.09,0.4,0.3,0.1,0.9,6.43,0.0,10.0,0.9,1.2,0.4,950,19,Midfielder,0.5714285714285715,0.25,0.0383141762452107,0.3333333333333333,0.3831417624521072,0.0444444444444444,34.49539870143722,45.84814048209477,38.04953937018372,29.9658277337813,36.90382556573378,True,False
822440,Michael Folorunsho,8529,Cagliari,ITA-Serie A,0.8,15.2,1.0,0.0,1.3,0.4,0.03,0.17,1.6,0.0,0.07,0.4,0.4,0.1,0.3,6.56,0.0,10.0,1.3,1.4,0.9,1313,16,Midfielder,0.5294117647058824,0.2222222222222222,0.0526315789473684,0.5625,0.6578947368421053,0.1307692307692307,48.70949074074074,20.78125,27.98611111111111,70.42824074074075,36.8966553892244,True,False
689680,Jens Odgaard,9857,Bologna,ITA-Serie A,0.3,14.6,1.0,0.0,0.9,1.0,0.08,0.18,2.0,1.0,0.34,0.3,0.8,0.0,0.9,6.73,0.0,10.0,2.2,1.2,0.5,1045,19,Midfielder,0.4285714285714285,0.1999999999999999,0.0205479452054794,0.25,0.684931506849315,0.0818181818181818,23.864649161400425,33.90969555768873,38.4494573767432,74.69413280270912,36.87969668658471,True,False
1054122,Boubacar Traore,8550,Metz,FRA-Ligue 1,2.0,34.7,0.0,0.0,1.0,0.3,0.02,0.07,1.5,0.0,0.08,0.6,0.2,0.1,0.2,6.5,0.0,4.0,1.3,2.7,1.2,1150,16,Midfielder,0.6875,0.1818181818181818,0.0576368876080691,0.7999999999999999,0.1152737752161383,0.0538461538461538,70.38773148148148,43.64004629629629,15.03472222222222,34.77430555555556,36.876180881070205,True,False
942193,Mikael Egill Ellertsson,10233,Genoa,ITA-Serie A,0.4,15.1,5.0,0.0,1.2,1.5,0.08,0.09,0.9,1.0,0.05,0.6,0.3,0.2,0.3,6.54,0.0,12.0,0.8,1.3,0.4,1745,24,Midfielder,0.6785714285714286,0.3157894736842105,0.0264900662251655,0.4444444444444445,0.794701986754967,0.1124999999999999,28.465031130842863,36.2976295229715,43.46222302215824,44.67710916460016,36.79663134237446,True,False
614207,Maxime Lopez,6379,Paris FC,FRA-Ligue 1,3.5,73.8,12.0,0.0,0.5,3.9,0.21,0.02,1.4,3.0,0.0,0.4,0.3,0.2,0.4,7.04,0.0,38.0,0.4,1.0,0.4,1686,20,Midfielder,0.5,0.2857142857142857,0.0474254742547425,0.2857142857142857,0.5149051490514905,0.0499999999999999,50.70601851851852,20.596064814814817,81.63194444444446,17.28009259259259,36.76530422918589,True,False
304354,Janik Haberer,8149,1. FC Union Berlin,GER-Bundesliga,1.8,25.2,3.0,0.0,2.0,2.0,0.17,0.05,1.4,1.0,0.0,0.5,0.1,0.1,0.5,6.64,0.0,17.0,0.8,1.8,0.4,1102,19,Midfielder,0.6216216216216216,0.2173913043478261,0.0714285714285714,0.2857142857142857,0.6746031746031746,0.0625,34.436770058395325,43.76561541743328,48.66732328080421,22.672602858437997,36.66904711252437,True,False
1664716,Dayann Methalie,9941,Toulouse,FRA-Ligue 1,0.5,16.5,1.0,0.0,1.6,1.1,0.08,0.04,2.6,0.0,0.0,0.8,0.4,0.2,0.4,6.55,0.0,6.0,0.7,2.7,1.5,1214,18,Midfielder,0.5737704918032788,0.2285714285714286,0.0303030303030303,0.5769230769230769,0.3636363636363636,0.0571428571428571,47.21643518518518,51.17476851851852,24.76851851851852,26.79976851851852,36.6094451251275,True,False
1321605,Mario Martin,8305,Getafe,ESP-La Liga,1.0,19.0,0.0,0.0,0.9,0.5,0.03,0.07,2.9,0.0,0.12,0.4,0.2,0.2,0.6,6.35,0.0,7.0,1.3,2.7,0.6,1457,22,Midfielder,0.5166666666666667,0.1290322580645161,0.0526315789473684,0.2068965517241379,0.3684210526315789,0.0538461538461538,41.30652881102845,49.81684798549449,21.63120283710637,39.6367873903421,36.52073659995746,True,False
1293912,Pablo Marin,8560,Real Sociedad,ESP-La Liga,0.6,20.5,0.0,0.0,0.8,0.6,0.06,0.11,1.5,0.0,0.0,0.5,0.4,0.1,0.3,6.28,0.0,6.0,1.1,1.1,1.0,956,21,Midfielder,0.5161290322580645,0.3125,0.0292682926829268,0.6666666666666666,0.2926829268292683,0.0999999999999999,50.36582073434126,29.77051835853132,22.822924166066716,51.50677112497667,36.39595007801368,True,False
574642,Ellyes Skhiri,9810,Eintracht Frankfurt,GER-Bundesliga,1.9,44.1,0.0,0.0,1.3,0.4,0.04,0.03,0.8,0.0,0.0,1.7,0.0,0.2,0.2,6.56,0.0,5.0,0.5,0.9,0.2,934,14,Midfielder,0.7647058823529411,0.6538461538461539,0.0430839002267573,0.25,0.1133786848072562,0.06,40.37619490440765,48.50110324507373,31.69186465082793,25.852156827453808,36.392494523011,True,False
790732,Tommaso Pobega,9857,Bologna,ITA-Serie A,1.3,23.8,2.0,0.0,1.6,0.6,0.05,0.13,2.1,1.0,0.17,1.3,0.7,0.6,0.5,6.63,0.0,6.0,1.7,2.2,0.3,1068,17,Midfielder,0.625,0.3714285714285714,0.0546218487394958,0.1428571428571428,0.2521008403361344,0.0764705882352941,26.266590339439517,58.84942537930299,20.344872410207184,66.75195151054582,36.32981638741407,True,False
1188890,Nicolai Remberg,9790,Hamburger SV,GER-Bundesliga,2.1,40.1,2.0,0.0,3.5,1.0,0.05,0.04,1.5,1.0,0.0,1.4,0.3,0.5,0.3,7.07,0.0,6.0,0.7,2.1,0.4,1800,20,Midfielder,0.7,0.3999999999999999,0.0523690773067331,0.2666666666666666,0.1496259351620947,0.0571428571428571,44.83796296296296,58.27546296296297,23.773148148148152,24.61226851851852,36.23407662322521,True,False
1347791,Yassin Belkhdim,8121,Angers,FRA-Ligue 1,1.0,26.9,4.0,0.0,1.1,1.2,0.06,0.08,1.1,2.0,0.1,1.4,0.5,0.3,0.4,7.07,0.0,14.0,1.3,2.7,0.3,1784,22,Midfielder,0.7884615384615385,0.3414634146341463,0.037174721189591,0.2727272727272727,0.5204460966542751,0.0615384615384615,22.246411953710368,70.3630876196571,28.56623136815721,44.20062228355065,36.22956576465383,True,False
1254218,Hugo Sotelo,9910,Celta de Vigo,ESP-La Liga,3.2,61.6,4.0,0.0,1.3,1.6,0.15,0.01,1.8,1.0,0.0,1.2,0.1,0.7,0.2,6.99,0.0,20.0,0.2,2.3,0.0,911,14,Midfielder,0.6603773584905661,0.3428571428571428,0.0519480519480519,0.0,0.3246753246753247,0.0499999999999999,46.446767591925976,43.8318017891902,59.76610204516973,9.94210463162947,35.82146788466934,True,False
916710,Alessandro Zanoli,8600,Udinese,ITA-Serie A,0.6,19.5,3.0,0.0,2.5,1.1,0.07,0.01,1.1,2.0,0.07,0.5,0.1,0.3,0.3,6.94,0.0,15.0,0.2,1.7,1.0,1290,19,Midfielder,0.6666666666666666,0.2272727272727272,0.0307692307692307,0.9090909090909092,0.7692307692307693,0.0499999999999999,48.81897781510812,37.33248006826121,42.68383529317655,17.14356184838546,35.80835625013068,True,False
466672,Jefferson Lerma,9826,Crystal Palace,ENG-Premier League,2.3,37.2,2.0,0.0,3.6,0.9,0.07,0.08,1.5,2.0,0.0,1.2,0.5,0.2,0.0,6.76,0.0,10.0,1.0,1.4,0.2,1158,23,Midfielder,0.6341463414634146,0.4615384615384615,0.0618279569892473,0.1333333333333333,0.2688172043010752,0.08,37.616482348078826,38.174021078313736,31.212669653094423,36.27288983547982,35.772936514776646,True,False
651435,Toma Basic,8543,Lazio,ITA-Serie A,1.0,36.7,4.0,0.0,1.1,1.5,0.12,0.09,1.1,2.0,0.08,0.7,0.7,0.5,0.5,6.83,0.0,14.0,2.0,1.2,0.1,1180,16,Midfielder,0.6333333333333333,0.3684210526315789,0.0272479564032697,0.0909090909090909,0.3814713896457765,0.045,22.297453703703702,38.39120370370371,48.94675925925927,44.80324074074074,35.7459945616784,True,False
1478148,Leon Avdullahu,8226,TSG 1899 Hoffenheim,GER-Bundesliga,2.9,53.3,1.0,0.0,1.7,1.2,0.06,0.02,0.8,1.0,0.0,1.1,0.0,0.2,0.8,7.09,0.0,14.0,0.5,1.3,0.3,1920,22,Midfielder,0.7500000000000001,0.4583333333333333,0.0544090056285178,0.3749999999999999,0.2626641651031895,0.04,50.86805555555556,64.84375,39.40972222222223,8.790509259259258,35.694739953705366,True,False
308517,Stanislav Lobotka,9875,Napoli,ITA-Serie A,1.5,64.2,0.0,0.0,1.2,0.9,0.05,0.02,0.5,1.0,0.06,0.5,0.2,0.1,0.3,7.18,0.0,13.0,0.3,1.1,0.2,1627,21,Midfielder,0.7619047619047619,0.3125,0.0233644859813084,0.4,0.2024922118380062,0.0666666666666666,43.52749280057595,40.90949390715409,36.996440284777215,20.68562848305469,35.46164283336338,True,False
201704,Remo Freuler,9857,Bologna,ITA-Serie A,2.7,47.4,0.0,0.0,1.3,0.7,0.05,0.01,0.9,1.0,0.0,0.5,0.0,0.2,0.4,6.68,0.0,11.0,0.3,2.7,0.1,1315,18,Midfielder,0.7804878048780487,0.15625,0.0569620253164557,0.1111111111111111,0.2320675105485232,0.0333333333333333,37.76773691438019,59.19682258752633,40.220149054742286,14.391423686105112,35.39505231087752,True,False
304348,Rani Khedira,8149,1. FC Union Berlin,GER-Bundesliga,0.8,13.9,3.0,0.0,2.2,1.1,0.05,0.07,1.4,0.0,0.19,1.3,0.4,0.2,0.3,6.98,0.0,12.0,0.8,2.5,0.1,1850,21,Midfielder,0.7307692307692308,0.3421052631578947,0.0575539568345323,0.0714285714285714,0.8633093525179856,0.0875,18.977781777457803,60.16087046369624,32.51766525344639,51.47289050209317,35.37103050504344,True,False
844943,Flynn Downes,8466,Southampton,ENG-Premier League,0.8,41.9,2.0,0.0,2.1,1.4,0.06,0.03,2.1,0.0,0.04,1.3,0.1,0.4,0.4,6.53,0.0,15.0,0.4,2.0,0.3,2154,27,Midfielder,0.611111111111111,0.393939393939394,0.0190930787589498,0.1428571428571428,0.3579952267303102,0.075,29.260259179265656,54.40064794816416,36.07991360691145,26.76565874730021,35.3684826339891,False,False
485634,Roberto Gagliardini,9876,Verona,ITA-Serie A,1.6,38.4,0.0,0.0,2.7,0.6,0.04,0.04,1.8,0.0,0.07,2.6,0.2,0.6,0.6,7.02,0.0,6.0,0.6,2.9,0.1,1257,18,Midfielder,0.7534246575342466,0.4727272727272727,0.0416666666666666,0.0555555555555555,0.15625,0.0666666666666666,27.945601851851848,83.85995370370371,21.78240740740741,31.33680555555556,35.36063932156247,True,False
1078729,Batista Mendy,8302,Sevilla,ESP-La Liga,2.0,32.2,0.0,0.0,1.3,0.3,0.02,0.07,2.0,0.0,0.06,0.9,0.3,0.3,0.3,6.68,0.0,9.0,0.9,1.8,0.5,1422,19,Midfielder,0.574468085106383,0.3333333333333333,0.062111801242236,0.25,0.2795031055900621,0.0777777777777777,44.039351851851855,39.86111111111112,20.497685185185187,42.72569444444444,35.26579319462676,True,False
1075815,Patrick Osterhage,8358,Sport-Club Freiburg,GER-Bundesliga,0.9,30.5,0.0,0.0,1.3,0.8,0.07,0.08,1.2,0.0,0.09,1.4,0.2,0.8,0.2,6.52,0.0,5.0,0.6,1.0,0.4,1017,17,Midfielder,0.6666666666666667,0.5833333333333334,0.0295081967213114,0.3333333333333333,0.1639344262295081,0.1333333333333333,31.498005159587237,39.571609271258296,27.038070287710315,49.38722402207824,35.11944866285449,True,False
1206287,Freddie Potts,8654,West Ham United,ENG-Premier League,2.0,33.8,2.0,0.0,2.4,1.1,0.09,0.02,1.1,1.0,0.0,1.2,0.1,0.2,0.0,6.69,0.0,7.0,0.2,2.2,0.2,1099,19,Midfielder,0.7555555555555556,0.3529411764705882,0.0591715976331361,0.1818181818181818,0.2071005917159763,0.0999999999999999,34.85532407407408,52.86458333333334,28.900462962962965,26.863425925925924,35.03728295499528,True,False
741049,Eljif Elmas,9875,Napoli,ITA-Serie A,0.6,32.2,1.0,0.0,1.0,1.4,0.1,0.15,0.8,2.0,0.0,0.4,0.4,0.1,0.5,6.84,0.0,18.0,1.2,1.4,0.9,1227,22,Midfielder,0.6923076923076923,0.2222222222222222,0.0186335403726708,1.125,0.5590062111801242,0.125,37.35799469375784,25.981979774951338,36.189354851611874,43.51311895048397,34.894130420288484,True,False
874621,Martin Payero,7801,Cremonese,ITA-Serie A,0.9,21.2,1.0,0.0,1.2,0.5,0.04,0.12,2.4,0.0,0.08,0.6,0.4,0.2,0.3,6.54,0.0,8.0,1.5,1.3,1.5,1146,17,Midfielder,0.4418604651162791,0.3157894736842105,0.0424528301886792,0.625,0.3773584905660377,0.08,54.56018518518518,23.310185185185187,20.694444444444443,56.57407407407407,34.86872887130091,True,False
1359649,Noah Sadiki,8472,Sunderland,ENG-Premier League,1.3,31.2,0.0,0.0,1.5,0.9,0.04,0.02,0.9,0.0,0.0,1.3,0.0,0.3,0.3,6.9,0.0,10.0,0.3,1.5,0.7,1845,21,Midfielder,0.7567567567567568,0.4642857142857143,0.0416666666666666,0.7777777777777777,0.3205128205128205,0.0666666666666666,52.47106481481481,53.00925925925927,25.04629629629629,16.776620370370374,34.80892979809057,True,False
1079548,Joris Chotard,8521,Brest,FRA-Ligue 1,2.5,30.1,0.0,0.0,2.8,0.7,0.04,0.06,1.0,0.0,0.1,1.5,0.4,0.4,0.2,6.89,0.0,4.0,1.1,2.3,0.2,1799,21,Midfielder,0.7916666666666666,0.3947368421052631,0.0830564784053156,0.2,0.1328903654485049,0.0545454545454545,40.01847352211823,60.109849545369705,16.060681812121697,37.02398808095352,34.717800232130465,True,False
214972,Geoffrey Kondogbia,8592,Marseille,FRA-Ligue 1,1.7,73.8,0.0,0.0,2.8,1.1,0.05,0.02,0.8,0.0,0.0,1.0,0.0,0.3,0.4,7.11,0.0,5.0,0.4,2.7,0.4,2021,25,Midfielder,0.8222222222222223,0.2702702702702702,0.0230352303523035,0.5,0.067750677506775,0.0499999999999999,47.402807775377966,70.14038876889849,27.88336933045356,11.673866090712744,34.59493480103177,False,False
1200631,Lesley Ugochukwu,8191,Burnley,ENG-Premier League,1.1,25.2,0.0,0.0,1.0,0.3,0.01,0.11,1.2,1.0,0.16,0.8,0.4,0.9,0.2,6.56,0.0,8.0,0.9,2.2,0.4,1723,25,Midfielder,0.7142857142857143,0.2666666666666666,0.0436507936507936,0.3333333333333333,0.3174603174603174,0.1222222222222222,31.79976851851852,45.97222222222222,16.01851851851852,69.73958333333334,34.37181918490272,True,False
775614,Ryan Yates,10203,Nottingham Forest,ENG-Premier League,0.5,29.2,0.0,0.0,2.8,0.5,0.02,0.11,2.5,1.0,0.09,1.2,0.4,0.5,0.2,6.76,0.0,18.0,1.6,2.0,0.4,1904,35,Midfielder,0.5614035087719298,0.3749999999999999,0.0171232876712328,0.16,0.6164383561643836,0.0687499999999999,22.18682505399568,42.58639308855292,32.580993520518355,51.447084233261336,34.014140116505715,False,False
575364,Alberto Grassi,7801,Cremonese,ITA-Serie A,1.5,34.9,0.0,0.0,3.1,0.4,0.04,0.04,0.7,0.0,0.0,1.9,0.3,0.5,0.3,6.55,0.0,2.0,0.4,1.1,0.3,1046,19,Midfielder,0.8108108108108107,0.6333333333333333,0.0429799426934097,0.4285714285714286,0.0573065902578796,0.0999999999999999,39.7800925925926,55.0925925925926,16.22685185185185,36.38310185185185,33.87751542442357,True,False
812415,Hugo Magnetti,8521,Brest,FRA-Ligue 1,1.8,33.0,1.0,0.0,1.9,0.9,0.05,0.02,1.4,0.0,0.05,1.6,0.2,0.0,0.3,6.87,0.0,11.0,0.9,2.1,0.5,1735,21,Midfielder,0.7254901960784315,0.4324324324324324,0.0545454545454545,0.3571428571428571,0.3333333333333333,0.0222222222222222,43.01599205396902,59.59869877076501,25.9034943871157,15.884079273658108,33.68450542765865,True,False
1239749,Mandela Keita,10167,Parma,ITA-Serie A,1.4,31.3,0.0,0.0,0.8,0.3,0.01,0.01,1.0,1.0,0.0,1.2,0.0,0.5,0.4,7.08,0.0,10.0,0.5,2.6,1.1,1947,24,Midfielder,0.7916666666666666,0.3157894736842105,0.0447284345047923,1.1,0.3194888178913738,0.02,60.66813821560942,67.56660300509293,24.36471748926753,8.393553515718743,33.404174153026865,True,False
793255,Florentino,8191,Burnley,ENG-Premier League,2.0,38.0,0.0,0.0,2.6,0.4,0.02,0.03,1.7,2.0,0.0,1.6,0.1,0.4,0.1,6.78,0.0,9.0,0.5,4.3,0.3,1587,22,Midfielder,0.7763157894736842,0.2711864406779661,0.0526315789473684,0.1764705882352941,0.2368421052631578,0.06,38.52430555555556,66.39467592592592,23.067129629629637,18.05555555555556,33.367549986146166,True,False
686460,Santiago Colombatto,8670,Real Oviedo,ESP-La Liga,1.8,34.9,3.0,0.0,1.7,1.4,0.09,0.03,2.0,1.0,0.0,0.7,0.1,0.2,0.5,6.74,0.0,19.0,0.7,1.7,0.3,1475,19,Midfielder,0.5454545454545454,0.2916666666666667,0.0515759312320916,0.15,0.5444126074498568,0.0428571428571428,35.49189814814815,41.52777777777778,53.29861111111112,12.847222222222223,33.34757524888669,True,False
561046,Ruben Aguilar,8588,Lens,FRA-Ligue 1,1.1,36.7,6.0,0.0,1.6,2.0,0.12,0.05,1.4,2.0,0.12,1.5,0.2,0.6,0.5,7.22,0.0,19.0,0.8,2.1,0.4,1501,20,Midfielder,0.72,0.4166666666666666,0.0299727520435967,0.2857142857142857,0.5177111716621253,0.0625,24.167408274004742,47.53676372556862,40.63573247473536,26.03626709863211,33.08028125948579,True,False
1323305,Archie Gray,8586,Tottenham Hotspur,ENG-Premier League,1.5,28.6,1.0,0.0,2.8,0.5,0.04,0.12,1.0,0.0,0.19,1.1,0.4,0.3,0.2,6.56,0.0,4.0,0.7,0.9,0.5,933,16,Midfielder,0.6666666666666666,0.55,0.0524475524475524,0.5,0.1398601398601398,0.1714285714285714,45.73486621070315,31.922721182305413,15.796736261099111,53.526067914566845,33.07151650354317,True,False
919742,Senne Lynen,8697,SV Werder Bremen,GER-Bundesliga,3.0,43.7,0.0,0.0,3.1,1.3,0.06,0.03,1.3,0.0,0.0,2.3,0.1,0.3,0.2,6.67,0.0,9.0,0.8,2.0,0.1,1857,21,Midfielder,0.7678571428571429,0.5348837209302325,0.068649885583524,0.0769230769230769,0.205949656750572,0.0375,38.60448664106872,67.09745720342373,26.977191824654028,13.808645308375327,32.99493292862065,True,False
1080917,Omar Traoré,94937,1. FC Heidenheim 1846,GER-Bundesliga,2.0,27.2,3.0,0.0,1.6,1.3,0.1,0.02,1.4,2.0,0.0,0.7,0.1,0.1,0.2,6.3,0.0,12.0,0.6,1.2,0.8,1199,20,Midfielder,0.5757575757575758,0.3684210526315789,0.0735294117647058,0.5714285714285715,0.4411764705882353,0.0333333333333333,60.4230161587073,31.512329013678908,43.31371823587447,9.932238754232994,32.92658140686549,True,False
1174296,Andre,8602,Wolverhampton Wanderers,ENG-Premier League,2.1,40.2,1.0,0.0,2.0,0.7,0.04,0.01,1.4,0.0,0.0,0.9,0.0,0.4,0.3,6.67,0.0,11.0,0.4,2.7,0.5,1777,24,Midfielder,0.72,0.25,0.0522388059701492,0.3571428571428571,0.2736318407960199,0.0249999999999999,52.01684698557449,63.47701350558622,31.60397168226542,7.5139738820894335,32.77982878088552,True,False
1072056,Tommaso Barbieri,7801,Cremonese,ITA-Serie A,1.8,19.6,1.0,0.0,2.0,0.6,0.04,0.04,2.0,1.0,0.0,0.8,0.1,0.5,0.1,6.65,0.0,8.0,0.7,2.6,0.9,1240,18,Midfielder,0.6296296296296297,0.2352941176470588,0.0918367346938775,0.45,0.4081632653061224,0.0571428571428571,54.43287037037037,40.72916666666667,21.435185185185183,19.751157407407405,32.744251847668565,True,False
275034,Silvan Widmer,9905,1. FSV Mainz 05,GER-Bundesliga,1.2,20.1,2.0,0.0,3.3,0.9,0.07,0.17,0.9,0.0,0.15,0.8,0.2,0.5,0.2,6.78,0.0,3.0,1.3,2.2,0.2,1170,17,Midfielder,0.7692307692307693,0.2666666666666666,0.0597014925373134,0.2222222222222222,0.1492537313432835,0.1307692307692307,25.810185185185187,50.81018518518518,14.421296296296298,70.74074074074073,32.3377668998709,True,False
1189223,Patrizio Masini,10233,Genoa,ITA-Serie A,1.3,27.2,0.0,0.0,3.1,0.3,0.02,0.11,2.4,0.0,0.0,1.7,0.3,0.5,0.5,6.77,0.0,7.0,1.0,4.7,0.2,1066,21,Midfielder,0.7272727272727273,0.265625,0.0477941176470588,0.0833333333333333,0.2573529411764706,0.11,27.426547542863243,71.11166106711464,14.851928512385676,40.49780184251927,32.27517094338504,True,False
303879,Lucas Torro,8371,Osasuna,ESP-La Liga,1.6,29.7,1.0,0.0,2.2,0.6,0.03,0.06,1.4,1.0,0.0,1.1,0.3,0.2,0.2,6.91,0.0,10.0,1.0,1.3,0.3,1575,22,Midfielder,0.6315789473684211,0.4583333333333333,0.0538720538720538,0.2142857142857143,0.3367003367003367,0.06,32.16220202383809,42.219847412207024,23.36179772284884,34.53772031570808,32.23800779797696,True,False
1469758,Simon Ebonog,9746,Le Havre,FRA-Ligue 1,0.4,19.2,1.0,0.0,1.4,0.3,0.02,0.09,1.1,0.0,0.0,1.0,0.2,0.3,0.5,6.67,0.0,4.0,1.1,2.4,1.0,1032,19,Midfielder,0.7555555555555555,0.2941176470588235,0.0208333333333333,0.9090909090909092,0.2083333333333333,0.0818181818181818,45.80439814814815,69.25347222222223,7.858796296296296,40.70601851851852,31.9266444411824,True,False
1388071,Reda Belahyane,9876,Verona,ITA-Serie A,1.2,32.6,1.0,0.0,1.2,0.7,0.03,0.01,1.7,2.0,0.0,0.5,0.1,0.5,0.3,6.71,0.0,16.0,0.3,2.1,1.8,1848,28,Midfielder,0.6046511627906977,0.1923076923076923,0.0368098159509202,1.0588235294117647,0.4907975460122699,0.0333333333333333,67.2462203023758,36.209503239740826,30.410367170626348,9.379049676025918,31.8561427330402,False,False
873827,Ander Guevara,9866,Alavés,ESP-La Liga,2.4,35.1,1.0,0.0,1.9,0.6,0.03,0.04,1.8,1.0,0.0,0.6,0.1,0.2,0.1,6.6,0.0,12.0,0.6,2.3,0.4,1945,33,Midfielder,0.6170212765957447,0.2068965517241379,0.0683760683760683,0.2222222222222222,0.3418803418803419,0.0666666666666666,43.47732181425486,35.50755939524838,25.161987041036717,23.10475161987041,31.767682614936422,False,False
424129,Leander Dendoncker,8670,Real Oviedo,ESP-La Liga,0.9,32.4,0.0,0.0,2.3,0.5,0.03,0.05,0.8,0.0,0.07,0.8,0.3,0.5,0.1,6.68,0.0,6.0,0.6,2.5,0.3,1318,18,Midfielder,0.8048780487804879,0.2424242424242424,0.0277777777777777,0.3749999999999999,0.1851851851851852,0.0833333333333333,29.56597222222222,52.37268518518519,16.62037037037037,41.77083333333333,31.6481743095954,True,False
518346,Robin Gosens,8535,Fiorentina,ITA-Serie A,0.7,26.2,0.0,0.0,2.8,1.0,0.08,0.2,1.2,0.0,0.16,0.9,0.5,0.5,0.2,6.67,0.0,9.0,1.0,1.6,0.0,1135,16,Midfielder,0.6756756756756757,0.36,0.0267175572519083,0.0,0.3435114503816794,0.2,13.818002893101886,39.07964029544304,35.84013278937685,71.60006366157374,31.600671218067276,True,False
39591,Axel Witsel,7732,Girona,ESP-La Liga,1.1,42.8,0.0,0.0,2.5,0.4,0.03,0.1,1.4,0.0,0.06,1.0,0.1,0.3,0.3,6.8,0.0,8.0,0.8,1.3,0.1,1389,18,Midfielder,0.6216216216216216,0.4347826086956522,0.0257009345794392,0.0714285714285714,0.1869158878504673,0.125,24.797453703703702,36.30787037037037,23.68055555555556,54.7511574074074,31.59358819666608,True,False
952057,Charles Vanhoutte,9831,Nice,FRA-Ligue 1,2.4,42.4,1.0,0.0,2.7,0.6,0.05,0.01,1.7,2.0,0.0,0.9,0.1,0.5,0.4,6.94,0.0,7.0,0.2,2.5,0.4,1281,17,Midfielder,0.6666666666666667,0.2647058823529412,0.0566037735849056,0.2352941176470588,0.1650943396226415,0.0499999999999999,46.12268518518518,57.08333333333333,25.60185185185185,11.041666666666666,31.54833747211163,True,False
1362622,Junior Mwanga,9848,Strasbourg,FRA-Ligue 1,0.0,35.8,0.0,0.0,1.3,1.2,0.07,0.0,0.0,0.0,0.0,0.0,0.0,0.4,0.2,6.91,0.0,16.0,0.0,0.0,0.9,1476,18,Midfielder,0.0,0.0,0.0,0.0,0.446927374301676,0.0,43.34522404874277,23.775364637495667,40.80046929578968,19.78740034130603,31.409296550618983,True,False
637756,Carles Alena,9866,Alavés,ESP-La Liga,1.1,33.9,6.0,0.0,1.3,2.3,0.14,0.11,1.5,4.0,0.0,0.5,0.2,0.1,0.3,6.67,0.0,24.0,1.3,1.7,0.7,1466,24,Midfielder,0.5945945945945946,0.2272727272727272,0.0324483775811209,0.4666666666666666,0.7079646017699115,0.0846153846153846,32.09950703943684,20.34540570087727,45.56562141695331,31.56481648134816,31.157749083145127,True,False
1203512,Tim Iroegbunam,8668,Everton,ENG-Premier League,0.7,24.8,3.0,0.0,0.5,0.6,0.06,0.04,1.6,2.0,0.0,1.5,0.0,0.7,0.4,6.77,0.0,5.0,0.7,4.1,0.7,939,19,Midfielder,0.7777777777777778,0.2678571428571428,0.0282258064516129,0.4374999999999999,0.2016129032258064,0.0571428571428571,36.37731481481482,78.125,15.65972222222222,18.20601851851852,31.058874130494846,True,False
882400,Jessy Deminguet,8550,Metz,FRA-Ligue 1,2.8,36.8,0.0,0.0,0.8,0.5,0.03,0.02,1.2,0.0,0.07,0.8,0.2,0.1,0.2,6.43,0.0,3.0,0.5,1.8,0.6,1297,21,Midfielder,0.6842105263157895,0.3076923076923077,0.0760869565217391,0.5,0.0815217391304347,0.04,61.09375,38.63425925925926,16.458333333333332,18.69212962962963,30.972082171055952,True,False
322003,Jesper Karlström,8600,Udinese,ITA-Serie A,1.6,31.3,1.0,0.0,1.9,0.8,0.03,0.02,1.0,0.0,0.04,0.9,0.1,0.3,0.4,6.85,0.0,12.0,0.5,1.7,0.3,2217,25,Midfielder,0.7222222222222222,0.3461538461538461,0.0511182108626198,0.3,0.3833865814696485,0.04,35.913718569181135,48.24360717809242,32.43873823427459,13.148064821480949,30.830204912114382,True,False
1403332,Aljoscha Kemlein,8149,1. FC Union Berlin,GER-Bundesliga,2.8,32.6,1.0,0.0,1.2,1.1,0.07,0.06,1.0,0.0,0.0,1.0,0.1,0.2,0.3,6.77,0.0,8.0,0.8,2.2,0.8,1297,20,Midfielder,0.7619047619047619,0.3125,0.0858895705521472,0.8,0.2453987730061349,0.075,45.65274778017759,40.08306002186492,19.30708876623204,21.49151401221236,30.65228779691352,True,False
956622,Oscar Valentin,8370,Rayo Vallecano,ESP-La Liga,0.9,33.7,1.0,0.0,2.8,0.9,0.06,0.07,1.2,0.0,0.07,1.2,0.2,0.5,0.1,6.81,0.0,3.0,0.8,3.1,0.0,1305,20,Midfielder,0.7818181818181817,0.2790697674418604,0.0267062314540059,0.0,0.0890207715133531,0.0875,20.59806882116097,56.68201543876489,22.140545423032822,38.60656980774871,30.629407410267294,True,False
921543,Morten Frendrup,10233,Genoa,ITA-Serie A,1.1,31.1,1.0,0.0,2.7,0.7,0.03,0.02,1.4,0.0,0.04,1.2,0.1,0.4,0.6,7.05,0.0,9.0,0.4,2.9,0.2,2022,24,Midfielder,0.7454545454545454,0.2926829268292683,0.0353697749196141,0.1428571428571428,0.2893890675241157,0.0499999999999999,23.12524164733488,79.68158380662881,22.333280004266328,20.84544903074421,30.591850765751165,True,False
640220,Marc Roca,8603,Real Betis,ESP-La Liga,2.2,39.3,2.0,0.0,2.0,0.8,0.05,0.07,2.0,1.0,0.0,0.8,0.3,0.3,0.7,6.8,0.0,10.0,0.7,2.0,0.5,1357,19,Midfielder,0.5833333333333334,0.2857142857142857,0.0559796437659033,0.25,0.2544529262086514,0.1,33.14888975548623,38.21577607124763,21.824454043676507,31.09413746900248,30.54730611432314,True,False
561869,Haris Belkebla,8121,Angers,FRA-Ligue 1,1.1,37.3,0.0,0.0,1.3,0.3,0.02,0.01,0.7,0.0,0.0,0.9,0.0,0.4,0.2,6.96,0.0,10.0,0.2,2.3,0.7,1843,21,Midfielder,0.8205128205128206,0.28125,0.0294906166219839,1.0,0.2680965147453083,0.0499999999999999,52.88041123376797,61.30426232568061,22.443721168973145,7.992285617150627,30.35072223770531,True,False
449283,Alessandro Deiola,8529,Cagliari,ITA-Serie A,2.1,34.4,0.0,0.0,3.3,0.3,0.03,0.03,1.6,2.0,0.0,1.2,0.3,0.7,0.0,6.87,0.0,5.0,0.6,2.4,0.2,961,12,Midfielder,0.6923076923076923,0.3333333333333333,0.0610465116279069,0.125,0.1453488372093023,0.05,32.75197984161267,46.31739460843133,16.19605431565475,34.17981561475082,30.207413959993943,True,False
524437,Tomas Soucek,8654,West Ham United,ENG-Premier League,1.0,28.4,1.0,0.0,3.9,0.4,0.03,0.24,1.8,0.0,0.23,0.8,0.7,0.5,0.2,6.76,0.0,7.0,1.1,1.6,0.1,1171,23,Midfielder,0.5714285714285715,0.3333333333333333,0.0352112676056338,0.0555555555555555,0.2464788732394366,0.2181818181818181,20.724850345305708,29.11198770765005,20.37003706370157,88.95564188198279,30.0640884251256,True,False
750031,Pol Lozano,8558,Espanyol,ESP-La Liga,1.7,34.2,0.0,0.0,0.9,1.4,0.08,0.02,2.6,0.0,0.06,1.0,0.2,0.2,0.3,6.46,0.0,17.0,0.6,1.5,0.1,1575,22,Midfielder,0.4901960784313726,0.4,0.0497076023391812,0.0384615384615384,0.4970760233918128,0.0333333333333333,29.442511265765404,39.30683878623044,42.53723035490494,14.123303469055807,29.95636025830033,True,False
178753,Nemanja Gudelj,8302,Sevilla,ESP-La Liga,2.2,37.6,0.0,0.0,4.9,0.3,0.02,0.04,1.8,0.0,0.06,0.8,0.3,0.7,0.1,6.64,0.0,2.0,1.0,1.7,0.3,1410,20,Midfielder,0.5813953488372093,0.32,0.0585106382978723,0.1666666666666666,0.0531914893617021,0.04,38.51946010985788,33.52223488787564,20.15790403434392,28.66784823880756,29.82824223316125,True,False
1199283,Eric Martel,8722,1. FC Köln,GER-Bundesliga,1.0,43.7,4.0,0.0,5.1,0.9,0.05,0.04,1.5,2.0,0.05,1.2,0.1,0.8,0.2,6.88,0.0,11.0,0.5,1.2,0.1,1718,21,Midfielder,0.6153846153846154,0.5,0.022883295194508,0.0666666666666666,0.251716247139588,0.08,24.60648148148148,33.42013888888889,32.24537037037037,30.561342592592588,29.68029725509468,True,False
880095,James Sands,8152,FC St. Pauli,GER-Bundesliga,1.0,31.8,2.0,0.0,1.5,0.7,0.04,0.05,1.2,0.0,0.05,2.0,0.2,0.3,0.2,6.88,0.0,9.0,0.8,2.0,0.1,1760,21,Midfielder,0.7692307692307692,0.5,0.0314465408805031,0.0833333333333333,0.2830188679245283,0.0625,18.50115740740741,60.46296296296297,22.84722222222222,30.05787037037037,28.895620094514925,True,False
839750,Kervin Arriaga,8581,Levante,ESP-La Liga,1.9,37.1,1.0,0.0,2.8,0.4,0.03,0.02,1.5,1.0,0.08,0.8,0.2,0.8,0.2,6.62,0.0,3.0,0.6,2.2,0.4,1108,17,Midfielder,0.6666666666666666,0.2666666666666666,0.0512129380053908,0.2666666666666666,0.0808625336927223,0.0333333333333333,42.58680555555556,42.52314814814815,16.574074074074076,18.564814814814813,28.479628177954307,True,False
1536998,Alpha Toure,8550,Metz,FRA-Ligue 1,0.6,36.7,0.0,0.0,1.6,0.3,0.02,0.04,1.5,1.0,0.0,0.6,0.1,0.3,0.1,6.54,0.0,6.0,0.9,2.5,0.7,1029,22,Midfielder,0.673913043478261,0.1935483870967742,0.0163487738419618,0.4666666666666666,0.1634877384196185,0.0444444444444444,45.30092592592592,38.25231481481482,18.229166666666668,16.001157407407405,28.08785260232469,True,False
1246009,Cher Ndour,8535,Fiorentina,ITA-Serie A,1.2,30.7,1.0,0.0,1.6,0.4,0.04,0.08,1.2,0.0,0.1,0.7,0.2,0.7,0.4,6.35,0.0,3.0,0.9,1.4,0.3,920,20,Midfielder,0.6363636363636362,0.3333333333333333,0.0390879478827361,0.25,0.0977198697068403,0.0888888888888888,28.327546296296298,36.469907407407405,13.425925925925927,49.90162037037037,28.038536655482307,True,False
359191,Omar Mascarell,8661,Mallorca,ESP-La Liga,3.3,32.8,1.0,0.0,3.0,0.2,0.01,0.0,1.4,1.0,0.08,1.6,0.1,0.6,0.2,6.64,0.0,5.0,0.1,2.1,0.2,1159,17,Midfielder,0.7254901960784315,0.4324324324324324,0.1006097560975609,0.1428571428571428,0.1524390243902439,0.0,42.52426472548863,54.45406034183932,14.389848812095032,14.23531950777271,27.719545975287417,True,False
935622,Marcus Holmgren Pedersen,9804,Torino,ITA-Serie A,0.9,19.3,2.0,0.0,1.1,1.6,0.1,0.05,1.3,0.0,0.0,0.4,0.1,0.1,0.2,6.43,0.0,10.0,0.6,1.0,0.5,1475,19,Midfielder,0.5185185185185185,0.2857142857142857,0.0466321243523316,0.3846153846153846,0.5181347150259067,0.0833333333333333,35.38428592379277,16.22836006452817,29.556185505159583,30.46477948430792,27.01677420559738,True,False
166733,Christopher Trimmel,8149,1. FC Union Berlin,GER-Bundesliga,2.4,19.6,6.0,0.0,3.9,3.9,0.28,0.0,1.4,2.0,0.0,0.4,0.0,0.6,0.1,6.92,0.0,37.0,0.2,1.6,0.1,1256,19,Midfielder,0.5882352941176471,0.2,0.1224489795918367,0.0714285714285714,1.887755102040816,0.0,26.244083806628804,29.363875889928806,76.28439724822015,6.383872623523452,26.563698486644665,True,False
439148,Morten Thorsby,7801,Cremonese,ITA-Serie A,0.4,17.5,0.0,0.0,2.2,0.4,0.04,0.2,1.7,0.0,0.3,0.0,0.7,0.6,0.5,6.87,0.0,9.0,1.7,1.2,0.3,911,15,Midfielder,0.4137931034482758,0.0,0.0228571428571428,0.1764705882352941,0.5142857142857142,0.1176470588235294,13.333333333333334,23.59375,25.092592592592595,83.48958333333334,25.995232547447497,True,False
1362622,Junior Mwanga,9830,Nantes,FRA-Ligue 1,2.1,0.0,2.0,0.0,0.0,0.0,0.0,0.07,1.2,1.0,0.06,0.7,0.2,0.0,0.0,0.0,0.0,0.0,0.6,2.1,0.0,1476,18,Midfielder,0.7,0.25,0.0,0.0,0.0,0.1166666666666666,19.91929812281684,45.14496340292777,12.05046929578967,50.29280157587393,25.94099868428472,True,False
1339372,Cesare Casadei,9804,Torino,ITA-Serie A,0.9,26.1,3.0,0.0,1.5,1.3,0.07,0.16,2.4,0.0,0.17,0.5,0.7,0.1,0.3,6.81,0.0,14.0,1.6,1.5,0.6,1570,23,Midfielder,0.4545454545454545,0.25,0.0344827586206896,0.25,0.5363984674329502,0.0999999999999999,22.23067987894302,16.572257552729116,27.28255072927499,50.94753253073088,25.664163648610295,True,False
1693531,Sascha Britschgi,10167,Parma,ITA-Serie A,0.7,20.1,3.0,0.0,1.8,1.2,0.07,0.02,0.8,2.0,0.0,0.4,0.2,0.2,0.3,6.63,0.0,14.0,0.7,1.7,0.3,1566,21,Midfielder,0.7241379310344827,0.1904761904761904,0.0348258706467661,0.3749999999999999,0.6965174129353233,0.0285714285714285,23.68055555555556,34.80902777777778,40.393518518518526,10.891203703703702,25.511361496565357,True,False
1419969,Rodrigo Mendoza,9906,Atlético de Madrid,ESP-La Liga,1.9,40.5,0.0,0.0,0.7,0.9,0.09,0.07,2.1,0.0,0.0,0.0,0.0,0.0,0.4,6.51,0.0,0.0,1.2,1.3,0.0,901,18,Midfielder,0.3823529411764705,0.0,0.0469135802469135,0.0,0.0,0.0583333333333333,28.84259259259259,20.109953703703702,27.060185185185187,25.312500000000004,25.27043719411809,True,False
1097009,Oliver Sørensen,10167,Parma,ITA-Serie A,0.9,21.8,0.0,0.0,1.6,0.3,0.02,0.1,0.7,0.0,0.06,1.0,0.2,0.1,0.1,6.46,0.0,7.0,0.9,1.0,0.1,1475,24,Midfielder,0.7407407407407407,0.5,0.0412844036697247,0.1428571428571428,0.3211009174311926,0.1111111111111111,16.689814814814817,34.44444444444445,15.381944444444445,53.848379629629626,24.774368262828705,True,False
1463266,Louis Oppie,8152,FC St. Pauli,GER-Bundesliga,1.2,28.4,2.0,0.0,2.4,1.0,0.06,0.05,0.8,0.0,0.06,0.5,0.2,0.1,0.3,6.65,0.0,6.0,0.9,1.2,0.2,1404,18,Midfielder,0.6799999999999999,0.2941176470588235,0.0422535211267605,0.25,0.2112676056338028,0.0555555555555555,25.05787037037037,27.41898148148148,18.80787037037037,29.21296296296296,24.59779084320049,True,False
883823,Elisha Owusu,8583,Auxerre,FRA-Ligue 1,1.2,28.2,0.0,0.0,1.8,0.4,0.03,0.0,1.7,0.0,0.0,1.3,0.0,0.4,0.6,6.76,0.0,6.0,0.2,2.6,0.4,1269,17,Midfielder,0.6964285714285714,0.3333333333333333,0.0425531914893617,0.2352941176470588,0.2127659574468085,0.0,29.94035477161827,71.02243487187691,18.232924699357387,6.959826547209556,24.5165716831333,True,False
523193,Josh Laurent,8191,Burnley,ENG-Premier League,0.9,26.5,0.0,0.0,2.6,0.3,0.02,0.04,1.4,0.0,0.07,1.5,0.2,0.5,0.1,6.33,0.0,6.0,0.8,2.4,0.2,1262,23,Midfielder,0.7358490566037736,0.3846153846153846,0.0339622641509433,0.1428571428571428,0.2264150943396226,0.0499999999999999,18.35648148148148,57.69675925925926,12.858796296296298,25.43402777777778,23.86754744575243,True,False
670928,Giuseppe Pezzella,7801,Cremonese,ITA-Serie A,0.6,16.4,0.0,0.0,3.6,1.5,0.09,0.01,1.5,1.0,0.0,0.4,0.0,0.6,0.2,6.69,0.0,18.0,0.2,1.5,0.4,1574,19,Midfielder,0.5588235294117647,0.2105263157894737,0.0365853658536585,0.2666666666666666,1.0975609756097562,0.0499999999999999,22.980324074074076,18.350694444444443,52.44212962962963,9.496527777777777,22.3744835231172,True,False
888921,Lewis Ferguson,9857,Bologna,ITA-Serie A,2.8,54.3,1.0,0.0,1.8,1.1,0.09,0.05,2.2,0.0,0.08,0.4,0.2,0.6,0.2,6.55,0.0,12.0,0.8,1.4,0.1,1123,18,Midfielder,0.4499999999999999,0.2222222222222222,0.0515653775322283,0.0454545454545454,0.2209944751381215,0.0625,26.31632802709117,11.105436565074797,30.18493520518359,23.89120537023705,21.530130914401983,True,False
612863,Andre-Frank Zambo Anguissa,9875,Napoli,ITA-Serie A,0.0,0.0,1.0,0.0,0.0,1.0,0.0,0.0,0.0,1.0,0.0,0.0,0.0,0.0,0.0,0.0,0.0,10.0,0.0,0.0,0.0,932,11,Midfielder,0.0,0.0,0.0,0.0,0.0,0.0,19.41353858357998,17.22763845559022,21.82975361971042,26.130092925899262,20.59103835495245,True,False
1392232,Marc Aguado,10268,Elche,ESP-La Liga,0.7,43.3,0.0,0.0,1.6,0.4,0.02,0.0,0.7,1.0,0.0,1.8,0.0,0.8,0.3,6.84,0.0,3.0,0.1,2.0,0.0,1589,23,Midfielder,0.8444444444444444,0.4736842105263158,0.0161662817551963,0.0,0.069284064665127,0.0,20.90856481481481,68.47800925925927,17.997685185185183,3.94675925925926,19.410527532179074,True,False
1396089,Matteo Prati,9804,Torino,ITA-Serie A,2.7,31.3,0.0,0.0,3.1,0.5,0.04,0.07,1.3,0.0,0.0,0.0,0.0,0.5,0.0,6.55,0.0,0.0,1.4,1.7,0.0,1347,22,Midfielder,0.5666666666666667,0.0,0.0862619808306709,0.0,0.0,0.05,29.629629629629623,14.45023148148148,12.118055555555555,23.61111111111111,18.922045728191595,True,False
1209987,Warren Bondo,7801,Cremonese,ITA-Serie A,1.4,32.2,0.0,0.0,0.4,0.3,0.02,0.01,2.1,0.0,0.0,0.5,0.0,0.2,0.1,6.48,0.0,3.0,0.3,1.6,0.8,1396,20,Midfielder,0.5,0.238095238095238,0.0434782608695652,0.3809523809523809,0.093167701863354,0.0333333333333333,49.04513888888889,17.673611111111114,11.93287037037037,6.406250000000001,17.763032954258836,True,False
812549,Marius Marin,6479,Pisa,ITA-Serie A,1.8,19.8,0.0,0.0,1.6,0.5,0.04,0.01,2.3,0.0,0.0,0.6,0.0,0.3,0.4,6.43,0.0,1.0,0.2,3.0,0.1,1031,19,Midfielder,0.6101694915254237,0.1666666666666666,0.0909090909090909,0.0434782608695652,0.0505050505050505,0.0499999999999999,24.675925925925927,49.01041666666667,6.898148148148148,9.496527777777777,17.597470018079747,True,False
1047671,Vini Souza,8721,VfL Wolfsburg,GER-Bundesliga,0.9,26.2,0.0,0.0,5.2,0.4,0.03,0.01,2.0,0.0,0.0,1.3,0.1,0.9,0.2,6.65,0.0,3.0,0.3,2.7,0.2,914,14,Midfielder,0.6666666666666666,0.325,0.0343511450381679,0.1,0.1145038167938931,0.0333333333333333,17.32060185185185,55.5150462962963,9.560185185185183,7.951388888888889,17.095300740890064,True,False
1419969,Rodrigo Mendoza,10268,Elche,ESP-La Liga,0.0,0.0,1.0,0.0,0.0,0.0,0.0,0.0,0.0,0.0,0.1,0.4,0.2,0.0,0.0,0.0,0.0,10.0,0.0,0.0,1.5,901,18,Midfielder,1.0,1.0,0.0,0.0,0.0,0.0,28.917824074074076,23.472222222222225,5.347222222222222,16.649305555555554,16.11756827015392,True,False
1187767,Urko González,8558,Espanyol,ESP-La Liga,0.7,27.9,0.0,0.0,2.2,0.4,0.02,0.03,1.1,1.0,0.0,1.2,0.1,0.4,0.3,6.61,0.0,7.0,0.7,2.1,0.2,1465,23,Midfielder,0.7499999999999999,0.3636363636363636,0.025089605734767,0.1818181818181818,0.2508960573476703,0.0428571428571428,12.44287123696771,40.62318347865504,11.753076420553024,10.226081913446924,15.85438550867336,True,False
1396089,Matteo Prati,8529,Cagliari,ITA-Serie A,0.0,0.0,4.0,0.0,0.0,0.0,0.0,0.0,0.0,0.0,0.07,1.0,0.1,0.0,0.2,0.0,0.0,8.0,0.0,0.0,0.1,1347,22,Midfielder,1.0,1.0,0.0,0.0,0.0,0.0,2.771990740740741,41.66087962962963,3.5416666666666665,11.626157407407408,7.729631716497636,True,False
439148,Morten Thorsby,10233,Genoa,ITA-Serie A,0.0,0.0,3.0,0.0,0.0,0.0,0.0,0.0,0.0,1.0,0.0,0.3,0.0,0.0,0.0,0.0,0.0,0.0,0.0,0.0,0.0,911,15,Midfielder,1.0,1.0,0.0,0.0,0.0,0.0,1.4178240740740735,22.083333333333336,0.8564814814814814,3.94675925925926,3.167750645903682,True,False
963964,Harvey Elliott,10252,Aston Villa,ENG-Premier League,0.0,0.0,0.0,0.0,0.0,0.1,0.0,0.0,0.0,0.0,0.0,0.0,0.0,0.0,0.0,0.0,0.0,1.0,0.0,0.0,0.0,110,5,Midfielder,0.0,0.0,0.0,0.0,0.0,0.0,6.090404757432321,7.0916941425299385,7.363720755978011,9.678952710381052,7.2781557872032066,True,True
